Strong's Number,Original Word,Testament,Has English,Has Telugu,Part of Speech,Gloss/Note
G1,"ἄν",Greek (NT),No,Yes,,""
G2,"Ἀαρών",Greek (NT),No,Yes,,""
G3,"Ἀβαδδών",Greek (NT),No,Yes,,""
G4,"ἀβαρής",Greek (NT),No,Yes,,""
G5,"Ἀββᾶ",Greek (NT),No,Yes,,""
G6,"Ἄβελ",Greek (NT),No,No,,""
G7,"Ἀβιά",Greek (NT),No,No,,""
G8,"Ἀβιαθάρ",Greek (NT),No,No,,""
G9,"Ἀβιληνή",Greek (NT),No,No,,""
G10,"Ἀβιούδ",Greek (NT),No,No,,""
G11,"Ἀβραάμ",Greek (NT),No,No,,""
G12,"ἄβυσσος",Greek (NT),No,No,,""
G13,"Ἄγαβος",Greek (NT),No,No,,""
G14,"ἀγαθοεργέω",Greek (NT),No,No,,""
G15,"ἀγαθοποιέω",Greek (NT),No,No,,""
G16,"ἀγαθοποιΐα",Greek (NT),No,No,,""
G17,"ἀγαθοποιός",Greek (NT),No,No,,""
G18,"ἀγαθός",Greek (NT),No,Yes,,""
G19,"ἀγαθωσύνη",Greek (NT),No,No,,""
G20,"ἀγαλλίασις",Greek (NT),No,No,,""
G21,"ἀγαλλιάω",Greek (NT),No,No,,""
G22,"ἄγαμος",Greek (NT),No,No,,""
G23,"ἀγανακτέω",Greek (NT),No,No,,""
G24,"ἀγανάκτησις",Greek (NT),No,No,,""
G25,"ἀγαπάω",Greek (NT),No,Yes,,""
G26,"ἀγάπη",Greek (NT),No,Yes,,""
G27,"ἀγαπητός",Greek (NT),No,No,,""
G28,"Ἄγαρ",Greek (NT),No,No,,""
G29,"ἀγγαρεύω",Greek (NT),No,No,,""
G30,"ἀγγεῖον",Greek (NT),No,No,,""
G31,"ἀγγελία",Greek (NT),No,No,,""
G32,"ἄγγελος",Greek (NT),No,Yes,,""
G33,"ἄγε",Greek (NT),No,No,,""
G34,"ἀγέλη",Greek (NT),No,No,,""
G35,"ἀγενεαλόγητος",Greek (NT),No,No,,""
G36,"ἀγενής",Greek (NT),No,No,,""
G37,"ἁγιάζω",Greek (NT),No,Yes,,""
G38,"ἁγιασμός",Greek (NT),No,No,,""
G39,"ἅγιον",Greek (NT),No,No,,""
G40,"ἅγιος",Greek (NT),No,Yes,,""
G41,"ἁγιότης",Greek (NT),No,No,,""
G42,"ἁγιωσύνη",Greek (NT),No,No,,""
G43,"ἀγκάλη",Greek (NT),No,No,,""
G44,"ἄγκιστρον",Greek (NT),No,No,,""
G45,"ἄγκυρα",Greek (NT),No,No,,""
G46,"ἄγναφος",Greek (NT),No,No,,""
G47,"ἁγνεία",Greek (NT),No,No,,""
G48,"ἁγνίζω",Greek (NT),No,No,,""
G49,"ἁγνισμός",Greek (NT),No,No,,""
G50,"ἀγνοέω",Greek (NT),No,No,,""
G51,"ἀγνόημα",Greek (NT),No,No,,""
G52,"ἄγνοια",Greek (NT),No,No,,""
G53,"ἁγνός",Greek (NT),No,Yes,,""
G54,"ἁγνότης",Greek (NT),No,No,,""
G55,"ἁγνῶς",Greek (NT),No,No,,""
G56,"ἀγνωσία",Greek (NT),No,No,,""
G57,"ἄγνωστος",Greek (NT),No,Yes,,""
G58,"ἀγορά",Greek (NT),No,No,,""
G59,"ἀγοράζω",Greek (NT),No,No,,""
G60,"ἀγοραῖος",Greek (NT),No,No,,""
G61,"ἄγρα",Greek (NT),No,No,,""
G62,"ἀγράμματος",Greek (NT),No,No,,""
G63,"ἀγραυλέω",Greek (NT),No,No,,""
G64,"ἀγρεύω",Greek (NT),No,No,,""
G65,"ἀγριέλαιος",Greek (NT),No,No,,""
G66,"ἄγριος",Greek (NT),No,No,,""
G67,"Ἀγρίππας",Greek (NT),No,No,,""
G68,"ἀγρός",Greek (NT),No,No,,""
G69,"ἀγρυπνέω",Greek (NT),No,No,,""
G70,"ἀγρυπνία",Greek (NT),No,No,,""
G71,"ἄγω",Greek (NT),No,No,,""
G72,"ἀγωγή",Greek (NT),No,No,,""
G73,"ἀγών",Greek (NT),No,No,,""
G74,"ἀγωνία",Greek (NT),No,No,,""
G75,"ἀγωνίζομαι",Greek (NT),No,No,,""
G76,"Ἀδάμ",Greek (NT),No,No,,""
G77,"ἀδάπανος",Greek (NT),No,No,,""
G78,"Ἀδδί",Greek (NT),No,No,,""
G79,"ἀδελφή",Greek (NT),No,No,,""
G80,"ἀδελφός",Greek (NT),No,Yes,,""
G81,"ἀδελφότης",Greek (NT),No,No,,""
G82,"ἄδηλος",Greek (NT),No,No,,""
G83,"ἀδηλότης",Greek (NT),No,No,,""
G84,"ἀδήλως",Greek (NT),No,No,,""
G85,"ἀδημονέω",Greek (NT),No,No,,""
G86,"ᾅδης",Greek (NT),No,No,,""
G87,"ἀδιάκριτος",Greek (NT),No,No,,""
G88,"ἀδιάλειπτος",Greek (NT),No,No,,""
G89,"ἀδιαλείπτως",Greek (NT),No,No,,""
G90,"ἀδιαφθορία",Greek (NT),No,No,,""
G91,"ἀδικέω",Greek (NT),No,Yes,,""
G92,"ἀδίκημα",Greek (NT),No,No,,""
G93,"ἀδικία",Greek (NT),No,Yes,,""
G94,"ἄδικος",Greek (NT),No,Yes,,""
G95,"ἀδίκως",Greek (NT),No,No,,""
G96,"ἀδόκιμος",Greek (NT),No,No,,""
G97,"ἄδολος",Greek (NT),No,No,,""
G98,"Ἀδραμυττηνός",Greek (NT),No,No,,""
G99,"Ἀδρίας",Greek (NT),No,No,,""
G100,"ἁδρότης",Greek (NT),No,No,,""
G101,"ἀδυνατέω",Greek (NT),No,No,,""
G102,"ἀδύνατος",Greek (NT),No,No,,""
G103,"ᾄδω",Greek (NT),No,No,,""
G104,"ἀεί",Greek (NT),No,No,,""
G105,"ἀετός",Greek (NT),No,No,,""
G106,"ἄζυμος",Greek (NT),No,No,,""
G107,"Ἀζώρ",Greek (NT),No,No,,""
G108,"Ἄζωτος",Greek (NT),No,No,,""
G109,"ἀήρ",Greek (NT),No,No,,""
G110,"ἀθανασία",Greek (NT),No,No,,""
G111,"ἀθέμιτος",Greek (NT),No,No,,""
G112,"ἄθεος",Greek (NT),No,No,,""
G113,"ἄθεσμος",Greek (NT),No,No,,""
G114,"ἀθετέω",Greek (NT),No,No,,""
G115,"ἀθέτησις",Greek (NT),No,No,,""
G116,"Ἀθῆναι",Greek (NT),No,No,,""
G117,"Ἀθηναῖος",Greek (NT),No,No,,""
G118,"ἀθλέω",Greek (NT),No,No,,""
G119,"ἄθλησις",Greek (NT),No,No,,""
G120,"ἀθυμέω",Greek (NT),No,No,,""
G121,"ἄθωος",Greek (NT),No,No,,""
G122,"αἴγειος",Greek (NT),No,No,,""
G123,"αἰγιαλός",Greek (NT),No,No,,""
G124,"Αἰγύπτιος",Greek (NT),No,No,,""
G125,"Αἴγυπτος",Greek (NT),No,No,,""
G126,"ἀΐδιος",Greek (NT),No,No,,""
G127,"αἰδώς",Greek (NT),No,No,,""
G128,"Αἰθίοψ",Greek (NT),No,No,,""
G129,"αἷμα",Greek (NT),No,Yes,,""
G130,"αἱματεκχυσία",Greek (NT),No,No,,""
G131,"αἱμοῤῥέω",Greek (NT),No,No,,""
G132,"Αἰνέας",Greek (NT),No,No,,""
G133,"αἴνεσις",Greek (NT),No,No,,""
G134,"αἰνέω",Greek (NT),No,No,,""
G135,"αἴνιγμα",Greek (NT),No,No,,""
G136,"αἶνος",Greek (NT),No,No,,""
G137,"Αἰνών",Greek (NT),No,No,,""
G138,"ἕλλομαι",Greek (NT),No,No,,""
G139,"αἵρεσις",Greek (NT),No,No,,""
G140,"αἱρετίζω",Greek (NT),No,No,,""
G141,"αἱρετικός",Greek (NT),No,No,,""
G142,"αἴρω",Greek (NT),No,No,,""
G143,"αἰσθάνομαι",Greek (NT),No,No,,""
G144,"αἴσθησις",Greek (NT),No,No,,""
G145,"αἰσθητήριον",Greek (NT),No,No,,""
G146,"αἰσχροκερδής",Greek (NT),No,No,,""
G147,"αἰσχροκερδῶς",Greek (NT),No,No,,""
G148,"αἰσχρολογία",Greek (NT),No,No,,""
G149,"αἰσχρόν",Greek (NT),No,No,,""
G150,"αἰσχρός",Greek (NT),No,No,,""
G151,"αἰσχρότης",Greek (NT),No,No,,""
G152,"αἰσχύνη",Greek (NT),No,No,,""
G153,"αἰσχύνομαι",Greek (NT),No,No,,""
G154,"αἰτέω",Greek (NT),No,No,,""
G155,"αἴτημα",Greek (NT),No,No,,""
G156,"αἰτία",Greek (NT),No,No,,""
G157,"αἰτίαμα",Greek (NT),No,No,,""
G158,"αἴτιον",Greek (NT),No,No,,""
G159,"αἴτιος",Greek (NT),No,No,,""
G160,"αἰφνίδιος",Greek (NT),No,No,,""
G161,"αἰχμαλωσία",Greek (NT),No,No,,""
G162,"αἰχμαλωτεύω",Greek (NT),No,No,,""
G163,"αἰχμαλωτίζω",Greek (NT),No,No,,""
G164,"αἰχμάλωτος",Greek (NT),No,No,,""
G165,"αἰών",Greek (NT),No,Yes,,""
G166,"αἰώνιος",Greek (NT),No,Yes,,""
G167,"ἀκαθαρσία",Greek (NT),No,No,,""
G168,"ἀκαθάρτης",Greek (NT),No,No,,""
G169,"ἀκάθαρτος",Greek (NT),No,No,,""
G170,"ἀκαιρέομαι",Greek (NT),No,No,,""
G171,"ἀκαίρως",Greek (NT),No,No,,""
G172,"ἄκακος",Greek (NT),No,No,,""
G173,"ἄκανθα",Greek (NT),No,No,,""
G174,"ἀκάνθινος",Greek (NT),No,No,,""
G175,"ἄκαρπος",Greek (NT),No,No,,""
G176,"ἀκατάγνωστος",Greek (NT),No,No,,""
G177,"ἀκατακάλυπτος",Greek (NT),No,No,,""
G178,"ἀκατάκριτος",Greek (NT),No,No,,""
G179,"ἀκατάλυτος",Greek (NT),No,No,,""
G180,"ἀκατάπαυστος",Greek (NT),No,No,,""
G181,"ἀκαταστασία",Greek (NT),No,No,,""
G182,"ἀκατάστατος",Greek (NT),No,No,,""
G183,"ἀκατάσχετος",Greek (NT),No,No,,""
G184,"Ἀκελδαμά",Greek (NT),No,No,,""
G185,"ἀκέραιος",Greek (NT),No,No,,""
G186,"ἀκλινής",Greek (NT),No,No,,""
G187,"ἀκμάζω",Greek (NT),No,No,,""
G188,"ἀκμήν",Greek (NT),No,No,,""
G189,"ἀκοή",Greek (NT),No,No,,""
G190,"ἀκολουθέω",Greek (NT),No,No,,""
G191,"ἀκούω",Greek (NT),No,Yes,,""
G192,"ἀκρασία",Greek (NT),No,No,,""
G193,"ἀκρατής",Greek (NT),No,No,,""
G194,"ἄκρατος",Greek (NT),No,No,,""
G195,"ἀκρίβεια",Greek (NT),No,No,,""
G196,"ἀκριβέστατος",Greek (NT),No,No,,""
G197,"ἀκριβέστερον",Greek (NT),No,No,,""
G198,"ἀκριβόω",Greek (NT),No,No,,""
G199,"ἀκριβῶς",Greek (NT),No,No,,""
G200,"ἀκρίς",Greek (NT),No,No,,""
G201,"ἀκροατήριον",Greek (NT),No,No,,""
G202,"ἀκροατής",Greek (NT),No,No,,""
G203,"ἀκροβυστία",Greek (NT),No,No,,""
G204,"ἀκρογωνιαῖος",Greek (NT),No,No,,""
G205,"ἀκροθίνιον",Greek (NT),No,No,,""
G206,"ἄκρον",Greek (NT),No,No,,""
G207,"Ἀκύλας",Greek (NT),No,No,,""
G208,"ἀκυρόω",Greek (NT),No,No,,""
G209,"ἀκωλύτως",Greek (NT),No,No,,""
G210,"ἄκων",Greek (NT),No,No,,""
G211,"ἀλάβαστρον",Greek (NT),No,No,,""
G212,"ἀλαζονεία",Greek (NT),No,No,,""
G213,"ἀλαζών",Greek (NT),No,No,,""
G214,"ἀλαλάζω",Greek (NT),No,No,,""
G215,"ἀλάλητος",Greek (NT),No,No,,""
G216,"ἄλαλος",Greek (NT),No,No,,""
G217,"ἅλας",Greek (NT),No,No,,""
G218,"ἀλείφω",Greek (NT),No,No,,""
G219,"ἀλεκτοροφωνία",Greek (NT),No,No,,""
G220,"ἀλέκτωρ",Greek (NT),No,No,,""
G221,"Ἀλεξανδρεύς",Greek (NT),No,No,,""
G222,"Ἀλεξανδρῖνος",Greek (NT),No,No,,""
G223,"Ἀλέξανδρος",Greek (NT),No,No,,""
G224,"ἄλευρον",Greek (NT),No,No,,""
G225,"ἀλήθεια",Greek (NT),No,Yes,,""
G226,"ἀληθεύω",Greek (NT),No,No,,""
G227,"ἀληθής",Greek (NT),No,Yes,,""
G228,"ἀληθινός",Greek (NT),No,No,,""
G229,"ἀλήθω",Greek (NT),No,No,,""
G230,"ἀληθῶς",Greek (NT),No,No,,""
G231,"ἁλιεύς",Greek (NT),No,No,,""
G232,"ἁλιεύω",Greek (NT),No,No,,""
G233,"ἁλίζω",Greek (NT),No,No,,""
G234,"ἀλίσγεμα",Greek (NT),No,No,,""
G235,"ἀλλά",Greek (NT),No,No,,""
G236,"ἀλλάσσω",Greek (NT),No,No,,""
G237,"ἀλλαχόθεν",Greek (NT),No,No,,""
G238,"ἀλληγορέω",Greek (NT),No,No,,""
G239,"ἀλληλουϊα",Greek (NT),No,No,,""
G240,"ἀλλήλων",Greek (NT),No,No,,""
G241,"ἀλλογενής",Greek (NT),No,No,,""
G242,"ἅλλομαι",Greek (NT),No,No,,""
G243,"ἄλλος",Greek (NT),No,Yes,,""
G244,"ἀλλοτριεπίσκοπος",Greek (NT),No,No,,""
G245,"ἀλλότριος",Greek (NT),No,No,,""
G246,"ἀλλόφυλος",Greek (NT),No,No,,""
G247,"ἄλλως",Greek (NT),No,No,,""
G248,"ἀλοάω",Greek (NT),No,No,,""
G249,"ἄλογος",Greek (NT),No,No,,""
G250,"ἀλόη",Greek (NT),No,No,,""
G251,"ἅλς",Greek (NT),No,No,,""
G252,"ἁλυκός",Greek (NT),No,No,,""
G253,"ἀλυπότερος",Greek (NT),No,No,,""
G254,"ἅλυσις",Greek (NT),No,No,,""
G255,"ἀλυσιτελής",Greek (NT),No,No,,""
G256,"Ἀλφαῖος",Greek (NT),No,No,,""
G257,"ἅλων",Greek (NT),No,No,,""
G258,"ἀλώπηξ",Greek (NT),No,No,,""
G259,"ἅλωσις",Greek (NT),No,No,,""
G260,"ἅμα",Greek (NT),No,No,,""
G261,"ἀμαθής",Greek (NT),No,No,,""
G262,"ἀμαράντινος",Greek (NT),No,No,,""
G263,"ἀμάραντος",Greek (NT),No,No,,""
G264,"ἁμαρτάνω",Greek (NT),No,Yes,,""
G265,"ἁμάρτημα",Greek (NT),No,No,,""
G266,"ἁμαρτία",Greek (NT),No,Yes,,""
G267,"ἀμάρτυρος",Greek (NT),No,No,,""
G268,"ἁμαρτωλός",Greek (NT),No,Yes,,""
G269,"ἄμαχος",Greek (NT),No,No,,""
G270,"ἀμάω",Greek (NT),No,No,,""
G271,"ἀμέθυστος",Greek (NT),No,No,,""
G272,"ἀμελέω",Greek (NT),No,No,,""
G273,"ἄμεμπτος",Greek (NT),No,No,,""
G274,"ἀμέμπτως",Greek (NT),No,No,,""
G275,"ἀμέριμνος",Greek (NT),No,No,,""
G276,"ἀμετάθετος",Greek (NT),No,No,,""
G277,"ἀμετακίνητος",Greek (NT),No,No,,""
G278,"ἀμεταμέλητος",Greek (NT),No,No,,""
G279,"ἀμετανόητος",Greek (NT),No,No,,""
G280,"ἄμετρος",Greek (NT),No,No,,""
G281,"ἀμήν",Greek (NT),No,Yes,,""
G282,"ἀμήτωρ",Greek (NT),No,No,,""
G283,"ἀμίαντος",Greek (NT),No,No,,""
G284,"Ἀμιναδάβ",Greek (NT),No,No,,""
G285,"ἄμμος",Greek (NT),No,No,,""
G286,"ἀμνός",Greek (NT),No,No,,""
G287,"ἀμοιβή",Greek (NT),No,No,,""
G288,"ἄμπελος",Greek (NT),No,No,,""
G289,"ἀμπελουργός",Greek (NT),No,No,,""
G290,"ἀμπελών",Greek (NT),No,No,,""
G291,"Ἀμπλίας",Greek (NT),No,No,,""
G292,"ἀμύνομαι",Greek (NT),No,No,,""
G293,"ἀμφίβληστρον",Greek (NT),No,No,,""
G294,"ἀμφιέννυμι",Greek (NT),No,No,,""
G295,"Ἀμφίπολις",Greek (NT),No,No,,""
G296,"ἄμφοδον",Greek (NT),No,No,,""
G297,"ἀμφότερος",Greek (NT),No,No,,""
G298,"ἀμώμητος",Greek (NT),No,No,,""
G299,"ἄμωμος",Greek (NT),No,No,,""
G300,"Ἀμών",Greek (NT),No,No,,""
G301,"Ἀμώς",Greek (NT),No,No,,""
G302,"ἄν",Greek (NT),No,Yes,,""
G303,"ἀνά",Greek (NT),No,No,,""
G304,"ἀναβαθμός",Greek (NT),No,No,,""
G305,"ἀναβαίνω",Greek (NT),No,No,,""
G306,"ἀναβάλλομαι",Greek (NT),No,No,,""
G307,"ἀναβιβάζω",Greek (NT),No,No,,""
G308,"ἀναβλέπω",Greek (NT),No,No,,""
G309,"ἀνάβλεψις",Greek (NT),No,No,,""
G310,"ἀναβοάω",Greek (NT),No,No,,""
G311,"ἀναβολή",Greek (NT),No,No,,""
G312,"ἀναγγέλλω",Greek (NT),No,No,,""
G313,"ἀναγεννάω",Greek (NT),No,No,,""
G314,"ἀναγινώσκω",Greek (NT),No,No,,""
G315,"ἀναγκάζω",Greek (NT),No,No,,""
G316,"ἀναγκαῖος",Greek (NT),No,Yes,,""
G317,"ἀναγκαστῶς",Greek (NT),No,No,,""
G318,"ἀνάγκη",Greek (NT),No,No,,""
G319,"ἀναγνωρίζομαι",Greek (NT),No,Yes,,""
G320,"ἀνάγνωσις",Greek (NT),No,No,,""
G321,"ἀνάγω",Greek (NT),No,No,,""
G322,"ἀναδείκνυμι",Greek (NT),No,No,,""
G323,"ἀνάδειξις",Greek (NT),No,No,,""
G324,"ἀναδέχομαι",Greek (NT),No,No,,""
G325,"ἀναδίδωμι",Greek (NT),No,No,,""
G326,"ἀναζάω",Greek (NT),No,No,,""
G327,"ἀναζητέω",Greek (NT),No,No,,""
G328,"ἀναζώννυμι",Greek (NT),No,No,,""
G329,"ἀναζωπυρέω",Greek (NT),No,No,,""
G330,"ἀναθάλλω",Greek (NT),No,No,,""
G331,"ἀνάθεμα",Greek (NT),No,No,,""
G332,"ἀναθεματίζω",Greek (NT),No,No,,""
G333,"ἀναθεωρέω",Greek (NT),No,No,,""
G334,"ἀνάθημα",Greek (NT),No,Yes,,""
G335,"ἀναίδεια",Greek (NT),No,No,,""
G336,"ἀναίρεσις",Greek (NT),No,No,,""
G337,"ἀναιρέω",Greek (NT),No,No,,""
G338,"ἀναίτιος",Greek (NT),No,No,,""
G339,"ἀνακαθίζω",Greek (NT),No,No,,""
G340,"ἀνακαινίζω",Greek (NT),No,No,,""
G341,"ἀνακαινόω",Greek (NT),No,No,,""
G342,"ἀνακαίνωσις",Greek (NT),No,No,,""
G343,"ἀνακαλύπτω",Greek (NT),No,No,,""
G344,"ἀνακάμπτω",Greek (NT),No,No,,""
G345,"ἀνακεῖμαι",Greek (NT),No,No,,""
G346,"ἀνακεφαλαίομαι",Greek (NT),No,No,,""
G347,"ἀνακλίνω",Greek (NT),No,No,,""
G348,"ἀνακόπτω",Greek (NT),No,No,,""
G349,"ἀνακράζω",Greek (NT),No,No,,""
G350,"ἀνακρίνω",Greek (NT),No,No,,""
G351,"ἀνάκρισις",Greek (NT),No,No,,""
G352,"ἀνακύπτω",Greek (NT),No,No,,""
G353,"ἀναλαμβάνω",Greek (NT),No,No,,""
G354,"ἀνάληψις",Greek (NT),No,No,,""
G355,"ἀναλίσκω",Greek (NT),No,No,,""
G356,"ἀναλογία",Greek (NT),No,No,,""
G357,"ἀναλογίζομαι",Greek (NT),No,No,,""
G358,"ἄναλος",Greek (NT),No,No,,""
G359,"ἀνάλυσις",Greek (NT),No,No,,""
G360,"ἀναλύω",Greek (NT),No,No,,""
G361,"ἀναμάρτητος",Greek (NT),No,No,,""
G362,"ἀναμένω",Greek (NT),No,No,,""
G363,"ἀναμιμνήσκω",Greek (NT),No,No,,""
G364,"ἀνάμνησις",Greek (NT),No,No,,""
G365,"ἀνανεόω",Greek (NT),No,No,,""
G366,"ἀνανήφω",Greek (NT),No,No,,""
G367,"Ἀνανίας",Greek (NT),No,No,,""
G368,"ἀναντίῤῥητος",Greek (NT),No,No,,""
G369,"ἀναντιῤῥήτως",Greek (NT),No,No,,""
G370,"ἀνάξιος",Greek (NT),No,No,,""
G371,"ἀναξίως",Greek (NT),No,No,,""
G372,"ἀνάπαυσις",Greek (NT),No,No,,""
G373,"ἀναπαύω",Greek (NT),No,No,,""
G374,"ἀναπείθω",Greek (NT),No,No,,""
G375,"ἀναπέμπω",Greek (NT),No,No,,""
G376,"ἀνάπηρος",Greek (NT),No,No,,""
G377,"ἀναπίπτω",Greek (NT),No,No,,""
G378,"ἀναπληρόω",Greek (NT),No,No,,""
G379,"ἀναπολόγητος",Greek (NT),No,No,,""
G380,"ἀναπτύσσω",Greek (NT),No,No,,""
G381,"ἀνάπτω",Greek (NT),No,No,,""
G382,"ἀναρίθμητος",Greek (NT),No,No,,""
G383,"ἀνασείω",Greek (NT),No,No,,""
G384,"ἀνασκευάζω",Greek (NT),No,No,,""
G385,"ἀνασπάω",Greek (NT),No,No,,""
G386,"ἀνάστασις",Greek (NT),No,Yes,,""
G387,"ἀναστατόω",Greek (NT),No,No,,""
G388,"ἀνασταυρόω",Greek (NT),No,No,,""
G389,"ἀναστενάζω",Greek (NT),No,No,,""
G390,"ἀναστρέφω",Greek (NT),No,No,,""
G391,"ἀναστροφή",Greek (NT),No,No,,""
G392,"ἀνατάσσομαι",Greek (NT),No,No,,""
G393,"ἀνατέλλω",Greek (NT),No,No,,""
G394,"ἀνατίθεμαι",Greek (NT),No,No,,""
G395,"ἀνατολή",Greek (NT),No,No,,""
G396,"ἀνατρέπω",Greek (NT),No,No,,""
G397,"ἀνατρέφω",Greek (NT),No,No,,""
G398,"ἀναφαίνω",Greek (NT),No,No,,""
G399,"ἀναφέρω",Greek (NT),No,No,,""
G400,"ἀναφωνέω",Greek (NT),No,No,,""
G401,"ἀνάχυσις",Greek (NT),No,No,,""
G402,"ἀναχωρέω",Greek (NT),No,No,,""
G403,"ἀνάψυξις",Greek (NT),No,No,,""
G404,"ἀναψύχω",Greek (NT),No,No,,""
G405,"ἀνδραποδιστής",Greek (NT),No,No,,""
G406,"Ἀνδρέας",Greek (NT),No,No,,""
G407,"ἀνδρίζομαι",Greek (NT),No,No,,""
G408,"Ἀνδρόνικος",Greek (NT),No,No,,""
G409,"ἀνδροφόνος",Greek (NT),No,No,,""
G410,"ἀνέγκλητος",Greek (NT),No,No,,""
G411,"ἀνεκδιήγητος",Greek (NT),No,No,,""
G412,"ἀνεκλάλητος",Greek (NT),No,No,,""
G413,"ἀνέκλειπτος",Greek (NT),No,No,,""
G414,"ἀνεκτότερος",Greek (NT),No,No,,""
G415,"ἀνελεήμων",Greek (NT),No,No,,""
G416,"ἀνεμίζω",Greek (NT),No,No,,""
G417,"ἄνεμος",Greek (NT),No,No,,""
G418,"ἀνένδεκτος",Greek (NT),No,No,,""
G419,"ἀνεξερεύνητος",Greek (NT),No,No,,""
G420,"ἀνεξίκακος",Greek (NT),No,No,,""
G421,"ἀνεξιχνίαστος",Greek (NT),No,No,,""
G422,"ἀνεπαίσχυντος",Greek (NT),No,No,,""
G423,"ἀνεπίληπτος",Greek (NT),No,No,,""
G424,"ἀνέρχομαι",Greek (NT),No,No,,""
G425,"ἄνεσις",Greek (NT),No,No,,""
G426,"ἀνετάζω",Greek (NT),No,No,,""
G427,"ἄνευ",Greek (NT),No,No,,""
G428,"ἀνεύθετος",Greek (NT),No,No,,""
G429,"ἀνευρίσκω",Greek (NT),No,No,,""
G430,"ἀνέχομαι",Greek (NT),No,No,,""
G431,"ἀνεψιός",Greek (NT),No,No,,""
G432,"ἄνηθον",Greek (NT),No,No,,""
G433,"ἀνήκω",Greek (NT),No,No,,""
G434,"ἀνήμερος",Greek (NT),No,No,,""
G435,"ἀνήρ",Greek (NT),No,Yes,,""
G436,"ἀνθίστημι",Greek (NT),No,No,,""
G437,"ἀνθομολογέομαι",Greek (NT),No,No,,""
G438,"ἄνθος",Greek (NT),No,No,,""
G439,"ἀνθρακιά",Greek (NT),No,No,,""
G440,"ἄνθραξ",Greek (NT),No,No,,""
G441,"ἀνθρωπάρεσκος",Greek (NT),No,No,,""
G442,"ἀνθρώπινος",Greek (NT),No,No,,""
G443,"ἀνθρωποκτόνος",Greek (NT),No,No,,""
G444,"ἄνθρωπος",Greek (NT),No,Yes,,""
G445,"ἀνθυπατεύω",Greek (NT),No,No,,""
G446,"ἀνθύπατος",Greek (NT),No,No,,""
G447,"ἀνίημι",Greek (NT),No,No,,""
G448,"ἀνίλεως",Greek (NT),No,No,,""
G449,"ἄνιπτος",Greek (NT),No,No,,""
G450,"ἀνίστημι",Greek (NT),No,Yes,,""
G451,"Ἄννα",Greek (NT),No,No,,""
G452,"Ἄννας",Greek (NT),No,No,,""
G453,"ἀνόητος",Greek (NT),No,No,,""
G454,"ἄνοια",Greek (NT),No,No,,""
G455,"ἀνοίγω",Greek (NT),No,Yes,,""
G456,"ἀνοικοδομέω",Greek (NT),No,No,,""
G457,"ἄνοιξις",Greek (NT),No,No,,""
G458,"ἀνομία",Greek (NT),No,No,,""
G459,"ἄνομος",Greek (NT),No,No,,""
G460,"ἀνόμως",Greek (NT),No,No,,""
G461,"ἀνορθόω",Greek (NT),No,No,,""
G462,"ἀνόσιος",Greek (NT),No,No,,""
G463,"ἀνοχή",Greek (NT),No,No,,""
G464,"ἀνταγωνίζομαι",Greek (NT),No,No,,""
G465,"ἀντάλλαγμα",Greek (NT),No,No,,""
G466,"ἀνταναπληρόω",Greek (NT),No,No,,""
G467,"ἀνταποδίδωμι",Greek (NT),No,No,,""
G468,"ἀνταπόδομα",Greek (NT),No,No,,""
G469,"ἀνταπόδοσις",Greek (NT),No,No,,""
G470,"ἀνταποκρίνομαι",Greek (NT),No,No,,""
G471,"ἀντέπω",Greek (NT),No,No,,""
G472,"ἀντέχομαι",Greek (NT),No,No,,""
G473,"ἀντί",Greek (NT),No,No,,""
G474,"ἀντιβάλλω",Greek (NT),No,No,,""
G475,"ἀντιδιατίθεμαι",Greek (NT),No,No,,""
G476,"ἀντίδικος",Greek (NT),No,No,,""
G477,"ἀντίθεσις",Greek (NT),No,No,,""
G478,"ἀντικαθίστημι",Greek (NT),No,No,,""
G479,"ἀντικαλέω",Greek (NT),No,No,,""
G480,"ἀντίκειμαι",Greek (NT),No,No,,""
G481,"ἀντικρύ",Greek (NT),No,No,,""
G482,"ἀντιλαμβάνομαι",Greek (NT),No,No,,""
G483,"ἀντιλέγω",Greek (NT),No,No,,""
G484,"ἀντίληψις",Greek (NT),No,No,,""
G485,"ἀντιλογία",Greek (NT),No,No,,""
G486,"ἀντιλοιδορέω",Greek (NT),No,No,,""
G487,"ἀντίλυτρον",Greek (NT),No,No,,""
G488,"ἀντιμετρέω",Greek (NT),No,No,,""
G489,"ἀντιμισθία",Greek (NT),No,No,,""
G490,"Ἀντιόχεια",Greek (NT),No,No,,""
G491,"Ἀντιοχεύς",Greek (NT),No,No,,""
G492,"ἀντιπαρέρχομαι",Greek (NT),No,No,,""
G493,"Ἀντίπας",Greek (NT),No,No,,""
G494,"Ἀντιπατρίς",Greek (NT),No,No,,""
G495,"ἀντιπέραν",Greek (NT),No,No,,""
G496,"ἀντιπίπτω",Greek (NT),No,No,,""
G497,"ἀντιστρατεύομαι",Greek (NT),No,No,,""
G498,"ἀντιτάσσομαι",Greek (NT),No,No,,""
G499,"ἀντίτυπον",Greek (NT),No,No,,""
G500,"ἀντίχριστος",Greek (NT),No,No,,""
G501,"ἀντλέω",Greek (NT),No,No,,""
G502,"ἄντλημα",Greek (NT),No,No,,""
G503,"ἀντοφθαλμέω",Greek (NT),No,No,,""
G504,"ἄνυδρος",Greek (NT),No,No,,""
G505,"ἀνυπόκριτος",Greek (NT),No,No,,""
G506,"ἀνυπότακτος",Greek (NT),No,No,,""
G507,"ἄνω",Greek (NT),No,No,,""
G508,"ἀνώγεον",Greek (NT),No,No,,""
G509,"ἄνωθεν",Greek (NT),No,No,,""
G510,"ἀνωτερικός",Greek (NT),No,No,,""
G511,"ἀνώτερος",Greek (NT),No,Yes,,""
G512,"ἀνωφελής",Greek (NT),No,No,,""
G513,"ἀξίνη",Greek (NT),No,No,,""
G514,"ἄξιος",Greek (NT),No,No,,""
G515,"ἀξιόω",Greek (NT),No,Yes,,""
G516,"ἀξίως",Greek (NT),No,Yes,,""
G517,"ἀόρατος",Greek (NT),No,No,,""
G518,"ἀπαγγέλλω",Greek (NT),No,Yes,,""
G519,"ἀπάγχομαι",Greek (NT),No,No,,""
G520,"ἀπάγω",Greek (NT),No,No,,""
G521,"ἀπαίδευτος",Greek (NT),No,No,,""
G522,"ἀπαίρω",Greek (NT),No,No,,""
G523,"ἀπαιτέω",Greek (NT),No,No,,""
G524,"ἀπαλγέω",Greek (NT),No,No,,""
G525,"ἀπαλλάσσω",Greek (NT),No,No,,""
G526,"ἀπαλλοτριόω",Greek (NT),No,No,,""
G527,"ἀπαλός",Greek (NT),No,No,,""
G528,"ἀπαντάω",Greek (NT),No,No,,""
G529,"ἀπάντησις",Greek (NT),No,No,,""
G530,"ἅπαξ",Greek (NT),No,No,,""
G531,"ἀπαράβατος",Greek (NT),No,No,,""
G532,"ἀπαρασκεύαστος",Greek (NT),No,No,,""
G533,"ἀπαρνέομαι",Greek (NT),No,No,,""
G534,"ἀπάρτι",Greek (NT),No,No,,""
G535,"ἀπαρτισμός",Greek (NT),No,No,,""
G536,"ἀπαρχή",Greek (NT),No,No,,""
G537,"ἅπας",Greek (NT),No,No,,""
G538,"ἀπατάω",Greek (NT),No,No,,""
G539,"ἀπάτη",Greek (NT),No,No,,""
G540,"ἀπάτωρ",Greek (NT),No,No,,""
G541,"ἀπαύγασμα",Greek (NT),No,No,,""
G542,"ἀπείδω",Greek (NT),No,No,,""
G543,"ἀπείθεια",Greek (NT),No,No,,""
G544,"ἀπειθέω",Greek (NT),No,No,,""
G545,"ἀπειθής",Greek (NT),No,No,,""
G546,"ἀπειλέω",Greek (NT),No,No,,""
G547,"ἀπειλή",Greek (NT),No,No,,""
G548,"ἄπειμι",Greek (NT),No,No,,""
G549,"ἄπειμι",Greek (NT),No,No,,""
G550,"ἀπειπόμην",Greek (NT),No,No,,""
G551,"ἀπείραστος",Greek (NT),No,No,,""
G552,"ἄπειρος",Greek (NT),No,No,,""
G553,"ἀπεκδέχομαι",Greek (NT),No,No,,""
G554,"ἀπεκδύομαι",Greek (NT),No,No,,""
G555,"ἀπέκδυσις",Greek (NT),No,No,,""
G556,"ἀπελαύνω",Greek (NT),No,No,,""
G557,"ἀπελεγμός",Greek (NT),No,No,,""
G558,"ἀπελεύθερος",Greek (NT),No,No,,""
G559,"Ἀπελλῆς",Greek (NT),No,No,,""
G560,"ἀπελπίζω",Greek (NT),No,No,,""
G561,"ἀπέναντι",Greek (NT),No,No,,""
G562,"ἀπέραντος",Greek (NT),No,No,,""
G563,"ἀπερισπάστως",Greek (NT),No,No,,""
G564,"ἀπερίτμητος",Greek (NT),No,No,,""
G565,"ἀπέρχομαι",Greek (NT),No,No,,""
G566,"ἀπέχει",Greek (NT),No,No,,""
G567,"ἀπέχομαι",Greek (NT),No,No,,""
G568,"ἀπέχω",Greek (NT),No,No,,""
G569,"ἀπιστέω",Greek (NT),No,No,,""
G570,"ἀπιστία",Greek (NT),No,No,,""
G571,"ἄπιστος",Greek (NT),No,No,,""
G572,"ἁπλότης",Greek (NT),No,No,,""
G573,"ἁπλοῦς",Greek (NT),No,No,,""
G574,"ἁπλῶς",Greek (NT),No,No,,""
G575,"ἀπό",Greek (NT),No,No,,""
G576,"ἀποβαίνω",Greek (NT),No,No,,""
G577,"ἀποβάλλω",Greek (NT),No,No,,""
G578,"ἀποβλέπω",Greek (NT),No,No,,""
G579,"ἀπόβλητος",Greek (NT),No,No,,""
G580,"ἀποβολή",Greek (NT),No,No,,""
G581,"ἀπογενόμενος",Greek (NT),No,No,,""
G582,"ἀπογραφή",Greek (NT),No,No,,""
G583,"ἀπογράφω",Greek (NT),No,No,,""
G584,"ἀποδείκνυμι",Greek (NT),No,No,,""
G585,"ἀπόδειξις",Greek (NT),No,No,,""
G586,"ἀποδεκατόω",Greek (NT),No,No,,""
G587,"ἀπόδεκτος",Greek (NT),No,No,,""
G588,"ἀποδέχομαι",Greek (NT),No,No,,""
G589,"ἀποδημέω",Greek (NT),No,No,,""
G590,"ἀπόδημος",Greek (NT),No,No,,""
G591,"ἀποδίδωμι",Greek (NT),No,Yes,,""
G592,"ἀποδιορίζω",Greek (NT),No,No,,""
G593,"ἀποδοκιμάζω",Greek (NT),No,No,,""
G594,"ἀποδοχή",Greek (NT),No,No,,""
G595,"ἀπόθεσις",Greek (NT),No,No,,""
G596,"ἀποθήκη",Greek (NT),No,No,,""
G597,"ἀποθησαυρίζω",Greek (NT),No,No,,""
G598,"ἀποθλίβω",Greek (NT),No,No,,""
G599,"ἀποθνήσκω",Greek (NT),No,No,,""
G600,"ἀποκαθίστημι",Greek (NT),No,No,,""
G601,"ἀποκαλύπτω",Greek (NT),No,No,,""
G602,"ἀποκάλυψις",Greek (NT),No,No,,""
G603,"ἀποκαραδοκία",Greek (NT),No,No,,""
G604,"ἀποκαταλλάσσω",Greek (NT),No,No,,""
G605,"ἀποκατάστασις",Greek (NT),No,No,,""
G606,"ἀπόκειμαι",Greek (NT),No,No,,""
G607,"ἀποκεφαλίζω",Greek (NT),No,No,,""
G608,"ἀποκλείω",Greek (NT),No,No,,""
G609,"ἀποκόπτω",Greek (NT),No,No,,""
G610,"ἀπόκριμα",Greek (NT),No,No,,""
G611,"ἀποκρίνομαι",Greek (NT),No,No,,""
G612,"ἀπόκρισις",Greek (NT),No,No,,""
G613,"ἀποκρύπτω",Greek (NT),No,No,,""
G614,"ἀπόκρυφος",Greek (NT),No,No,,""
G615,"ἀποκτείνω",Greek (NT),No,No,,""
G616,"ἀποκυέω",Greek (NT),No,No,,""
G617,"ἀποκυλίω",Greek (NT),No,No,,""
G618,"ἀπολαμβάνω",Greek (NT),No,No,,""
G619,"ἀπόλαυσις",Greek (NT),No,No,,""
G620,"ἀπολείπω",Greek (NT),No,No,,""
G621,"ἀπολείχω",Greek (NT),No,No,,""
G622,"ἀπόλλυμι",Greek (NT),No,Yes,,""
G623,"Ἀπολλύων",Greek (NT),No,No,,""
G624,"Ἀπολλωνία",Greek (NT),No,No,,""
G625,"Ἀπολλῶς",Greek (NT),No,No,,""
G626,"ἀπολογέομαι",Greek (NT),No,No,,""
G627,"ἀπολογία",Greek (NT),No,No,,""
G628,"ἀπολούω",Greek (NT),No,No,,""
G629,"ἀπολύτρωσις",Greek (NT),No,No,,""
G630,"ἀπολύω",Greek (NT),No,Yes,,""
G631,"ἀπομάσσομαι",Greek (NT),No,No,,""
G632,"ἀπονέμω",Greek (NT),No,No,,""
G633,"ἀπονίπτω",Greek (NT),No,No,,""
G634,"ἀποπίπτω",Greek (NT),No,No,,""
G635,"ἀποπλανάω",Greek (NT),No,No,,""
G636,"ἀποπλέω",Greek (NT),No,No,,""
G637,"ἀποπλύνω",Greek (NT),No,No,,""
G638,"ἀποπνίγω",Greek (NT),No,No,,""
G639,"ἀπορέω",Greek (NT),No,No,,""
G640,"ἀπορία",Greek (NT),No,No,,""
G641,"ἀποῤῥίπτω",Greek (NT),No,No,,""
G642,"ἀπορφανίζω",Greek (NT),No,No,,""
G643,"ἀποσκευάζω",Greek (NT),No,No,,""
G644,"ἀποσκίασμα",Greek (NT),No,No,,""
G645,"ἀποσπάω",Greek (NT),No,No,,""
G646,"ἀποστασία",Greek (NT),No,No,,""
G647,"ἀποστάσιον",Greek (NT),No,No,,""
G648,"ἀποστεγάζω",Greek (NT),No,No,,""
G649,"ἀποστέλλω",Greek (NT),No,Yes,,""
G650,"ἀποστερέω",Greek (NT),No,No,,""
G651,"ἀποστολή",Greek (NT),No,No,,""
G652,"ἀπόστολος",Greek (NT),No,Yes,,""
G653,"ἀποστοματίζω",Greek (NT),No,No,,""
G654,"ἀποστρέφω",Greek (NT),No,No,,""
G655,"ἀποστυγέω",Greek (NT),No,No,,""
G656,"ἀποσυνάγωγος",Greek (NT),No,No,,""
G657,"ἀποτάσσομαι",Greek (NT),No,No,,""
G658,"ἀποτελέω",Greek (NT),No,No,,""
G659,"ἀποτίθημι",Greek (NT),No,No,,""
G660,"ἀποτινάσσω",Greek (NT),No,No,,""
G661,"ἀποτίνω",Greek (NT),No,No,,""
G662,"ἀποτολμάω",Greek (NT),No,No,,""
G663,"ἀποτομία",Greek (NT),No,No,,""
G664,"ἀποτόμως",Greek (NT),No,No,,""
G665,"ἀποτρέπω",Greek (NT),No,No,,""
G666,"ἀπουσία",Greek (NT),No,No,,""
G667,"ἀποφέρω",Greek (NT),No,No,,""
G668,"ἀποφεύγω",Greek (NT),No,No,,""
G669,"ἀποφθέγγομαι",Greek (NT),No,No,,""
G670,"ἀποφορτίζομαι",Greek (NT),No,No,,""
G671,"ἀπόχρησις",Greek (NT),No,No,,""
G672,"ἀποχωρέω",Greek (NT),No,No,,""
G673,"ἀποχωρίζω",Greek (NT),No,No,,""
G674,"ἀποψύχω",Greek (NT),No,No,,""
G675,"Ἄππιος",Greek (NT),No,No,,""
G676,"ἀπρόσιτος",Greek (NT),No,No,,""
G677,"ἀπρόσκοπος",Greek (NT),No,No,,""
G678,"ἀπροσωπολήπτως",Greek (NT),No,No,,""
G679,"ἄπταιστος",Greek (NT),No,No,,""
G680,"ἅπτομαι",Greek (NT),No,Yes,,""
G681,"ἅπτω",Greek (NT),No,No,,""
G682,"Ἀπφία",Greek (NT),No,No,,""
G683,"ἀπώθομαι",Greek (NT),No,No,,""
G684,"ἀπώλεια",Greek (NT),No,No,,""
G685,"ἀρά",Greek (NT),No,No,,""
G686,"ἄρα",Greek (NT),No,No,,""
G687,"ἆρα",Greek (NT),No,No,,""
G688,"Ἀραβία",Greek (NT),No,No,,""
G689,"Ἀράμ",Greek (NT),No,No,,""
G690,"Ἄραψ",Greek (NT),No,No,,""
G691,"ἀργέω",Greek (NT),No,No,,""
G692,"ἀργός",Greek (NT),No,No,,""
G693,"ἀργύρεος",Greek (NT),No,No,,""
G694,"ἀργύριον",Greek (NT),No,No,,""
G695,"ἀργυροκόπος",Greek (NT),No,No,,""
G696,"ἄργυρος",Greek (NT),No,No,,""
G697,"Ἄρειος Πάγος",Greek (NT),No,No,,""
G698,"Ἀρεοπαγίτης",Greek (NT),No,No,,""
G699,"ἀρεσκεία",Greek (NT),No,No,,""
G700,"ἀρέσκω",Greek (NT),No,No,,""
G701,"ἀρεστός",Greek (NT),No,No,,""
G702,"Ἀρέτας",Greek (NT),No,No,,""
G703,"ἀρέτη",Greek (NT),No,No,,""
G704,"ἀρήν",Greek (NT),No,No,,""
G705,"ἀριθμέω",Greek (NT),No,No,,""
G706,"ἀριθμός",Greek (NT),No,Yes,,""
G707,"Ἀριμαθαία",Greek (NT),No,No,,""
G708,"Ἀρίσταρχος",Greek (NT),No,No,,""
G709,"ἀριστάω",Greek (NT),No,No,,""
G710,"ἀριστερός",Greek (NT),No,No,,""
G711,"Ἀριστόβουλος",Greek (NT),No,No,,""
G712,"ἄριστον",Greek (NT),No,No,,""
G713,"ἀρκετός",Greek (NT),No,No,,""
G714,"ἀρκέω",Greek (NT),No,No,,""
G715,"ἄρκτος",Greek (NT),No,No,,""
G716,"ἅρμα",Greek (NT),No,No,,""
G717,"Ἀρμαγεδδών",Greek (NT),No,No,,""
G718,"ἁρμόζω",Greek (NT),No,No,,""
G719,"ἁρμός",Greek (NT),No,No,,""
G720,"ἀρνέομαι",Greek (NT),No,No,,""
G721,"ἀρνίον",Greek (NT),No,No,,""
G722,"ἀροτριόω",Greek (NT),No,No,,""
G723,"ἄροτρον",Greek (NT),No,No,,""
G724,"ἁρπαγή",Greek (NT),No,No,,""
G725,"ἁρπαγμός",Greek (NT),No,No,,""
G726,"ἁρπάζω",Greek (NT),No,No,,""
G727,"ἅρπαξ",Greek (NT),No,No,,""
G728,"ἀῤῥαβών",Greek (NT),No,No,,""
G729,"ἄῤῥαφος",Greek (NT),No,No,,""
G730,"ἄρσην",Greek (NT),No,No,,""
G731,"ἄῤῥητος",Greek (NT),No,No,,""
G732,"ἄῤῥωστος",Greek (NT),No,No,,""
G733,"ἀρσενοκοίτης",Greek (NT),No,No,,""
G734,"Ἀρτεμάς",Greek (NT),No,No,,""
G735,"Ἄρτεμις",Greek (NT),No,No,,""
G736,"ἀρτέμων",Greek (NT),No,No,,""
G737,"ἄρτι",Greek (NT),No,No,,""
G738,"ἀρτιγέννητος",Greek (NT),No,No,,""
G739,"ἄρτιος",Greek (NT),No,No,,""
G740,"ἄρτος",Greek (NT),No,No,,""
G741,"ἀρτύω",Greek (NT),No,No,,""
G742,"Ἀρφαξάδ",Greek (NT),No,No,,""
G743,"ἀρχάγγελος",Greek (NT),No,No,,""
G744,"ἀρχαῖος",Greek (NT),No,No,,""
G745,"Ἀρχέλαος",Greek (NT),No,No,,""
G746,"ἀρχή",Greek (NT),No,Yes,,""
G747,"ἀρχηγός",Greek (NT),No,No,,""
G748,"ἀρχιερατικός",Greek (NT),No,No,,""
G749,"ἀρχιερεύς",Greek (NT),No,No,,""
G750,"ἀρχιποίμην",Greek (NT),No,No,,""
G751,"Ἄρχιππος",Greek (NT),No,No,,""
G752,"ἀρχισυνάγωγος",Greek (NT),No,No,,""
G753,"ἀρχιτέκτων",Greek (NT),No,No,,""
G754,"ἀρχιτελώνης",Greek (NT),No,No,,""
G755,"ἀρχιτρίκλινος",Greek (NT),No,No,,""
G756,"ἄρχομαι",Greek (NT),No,No,,""
G757,"ἄρχω",Greek (NT),No,No,,""
G758,"ἄρχων",Greek (NT),No,Yes,,""
G759,"ἄρωμα",Greek (NT),No,No,,""
G760,"Ἀσά",Greek (NT),No,No,,""
G761,"ἀσάλευτος",Greek (NT),No,No,,""
G762,"ἄσβεστος",Greek (NT),No,No,,""
G763,"ἀσέβεια",Greek (NT),No,No,,""
G764,"ἀσεβέω",Greek (NT),No,No,,""
G765,"ἀσεβής",Greek (NT),No,No,,""
G766,"ἀσέλγεια",Greek (NT),No,No,,""
G767,"ἄσημος",Greek (NT),No,No,,""
G768,"Ἀσήρ",Greek (NT),No,No,,""
G769,"ἀσθένεια",Greek (NT),No,No,,""
G770,"ἀσθενέω",Greek (NT),No,No,,""
G771,"ἀσθένημα",Greek (NT),No,No,,""
G772,"ἀσθενής",Greek (NT),No,No,,""
G773,"Ἀσία",Greek (NT),No,No,,""
G774,"Ἀσιανός",Greek (NT),No,No,,""
G775,"Ἀσιάρχης",Greek (NT),No,No,,""
G776,"ἀσιτία",Greek (NT),No,No,,""
G777,"ἄσιτος",Greek (NT),No,No,,""
G778,"ἀσκέω",Greek (NT),No,No,,""
G779,"ἀσκός",Greek (NT),No,No,,""
G780,"ἀσμένως",Greek (NT),No,No,,""
G781,"ἄσοφος",Greek (NT),No,No,,""
G782,"ἀσπάζομαι",Greek (NT),No,No,,""
G783,"ἀσπασμός",Greek (NT),No,No,,""
G784,"ἄσπιλος",Greek (NT),No,No,,""
G785,"ἀσπίς",Greek (NT),No,No,,""
G786,"ἄσπονδος",Greek (NT),No,No,,""
G787,"ἀσσάριον",Greek (NT),No,No,,""
G788,"ἆσσον",Greek (NT),No,No,,""
G789,"Ἄσσος",Greek (NT),No,No,,""
G790,"ἀστατέω",Greek (NT),No,No,,""
G791,"ἀστεῖος",Greek (NT),No,No,,""
G792,"ἀστήρ",Greek (NT),No,No,,""
G793,"ἀστήρικτος",Greek (NT),No,No,,""
G794,"ἄστοργος",Greek (NT),No,No,,""
G795,"ἀστοχέω",Greek (NT),No,No,,""
G796,"ἀστραπή",Greek (NT),No,No,,""
G797,"ἀστράπτω",Greek (NT),No,No,,""
G798,"ἄστρον",Greek (NT),No,No,,""
G799,"Ἀσύγκριτος",Greek (NT),No,No,,""
G800,"ἀσύμφωνος",Greek (NT),No,No,,""
G801,"ἀσύνετος",Greek (NT),No,No,,""
G802,"ἀσύνθετος",Greek (NT),No,No,,""
G803,"ἀσφάλεια",Greek (NT),No,No,,""
G804,"ἀσφαλής",Greek (NT),No,No,,""
G805,"ἀσφαλίζω",Greek (NT),No,No,,""
G806,"ἀσφαλῶς",Greek (NT),No,No,,""
G807,"ἀσχημονέω",Greek (NT),No,No,,""
G808,"ἀσχημοσύνη",Greek (NT),No,No,,""
G809,"ἀσχήμων",Greek (NT),No,No,,""
G810,"ἀσωτία",Greek (NT),No,No,,""
G811,"ἀσώτως",Greek (NT),No,No,,""
G812,"ἀτακτέω",Greek (NT),No,No,,""
G813,"ἄτακτος",Greek (NT),No,No,,""
G814,"ἀτάκτως",Greek (NT),No,No,,""
G815,"ἄτεκνος",Greek (NT),No,No,,""
G816,"ἀτενίζω",Greek (NT),No,No,,""
G817,"ἄτερ",Greek (NT),No,No,,""
G818,"ἀτιμάζω",Greek (NT),No,No,,""
G819,"ἀτιμία",Greek (NT),No,No,,""
G820,"ἄτιμος",Greek (NT),No,No,,""
G821,"ἀτιμόω",Greek (NT),No,No,,""
G822,"ἀτμίς",Greek (NT),No,No,,""
G823,"ἄτομος",Greek (NT),No,No,,""
G824,"ἄτοπος",Greek (NT),No,No,,""
G825,"Ἀττάλεια",Greek (NT),No,No,,""
G826,"αὐγάζω",Greek (NT),No,No,,""
G827,"αὐγή",Greek (NT),No,No,,""
G828,"Αὐγοῦστος",Greek (NT),No,No,,""
G829,"αὐθάδης",Greek (NT),No,No,,""
G830,"αὐθαίρετος",Greek (NT),No,No,,""
G831,"αὐθεντέω",Greek (NT),No,No,,""
G832,"αὐλέω",Greek (NT),No,No,,""
G833,"αὐλή",Greek (NT),No,No,,""
G834,"αὐλητής",Greek (NT),No,No,,""
G835,"αὐλίζομαι",Greek (NT),No,No,,""
G836,"αὐλός",Greek (NT),No,No,,""
G837,"αὐξάνω",Greek (NT),No,No,,""
G838,"αὔξησις",Greek (NT),No,No,,""
G839,"αὔριον",Greek (NT),No,No,,""
G840,"αὐστηρός",Greek (NT),No,No,,""
G841,"αὐτάρκεια",Greek (NT),No,No,,""
G842,"αὐτάρκης",Greek (NT),No,No,,""
G843,"αὐτοκατάκριτος",Greek (NT),No,No,,""
G844,"αὐτόματος",Greek (NT),No,No,,""
G845,"αὐτόπτης",Greek (NT),No,No,,""
G846,"αὐτός",Greek (NT),No,Yes,,""
G847,"αὐτοῦ",Greek (NT),No,No,,""
G848,"αὑτοῦ",Greek (NT),No,No,,""
G849,"αὐτόχειρ",Greek (NT),No,No,,""
G850,"αὐχμηρός",Greek (NT),No,No,,""
G851,"ἀφαιρέω",Greek (NT),No,No,,""
G852,"ἀφανής",Greek (NT),No,No,,""
G853,"ἀφανίζω",Greek (NT),No,No,,""
G854,"ἀφανισμός",Greek (NT),No,No,,""
G855,"ἄφαντος",Greek (NT),No,No,,""
G856,"ἀφεδρών",Greek (NT),No,No,,""
G857,"ἀφειδία",Greek (NT),No,No,,""
G858,"ἀφελότης",Greek (NT),No,No,,""
G859,"ἄφεσις",Greek (NT),No,No,,""
G860,"ἁφή",Greek (NT),No,No,,""
G861,"ἀφθαρσία",Greek (NT),No,No,,""
G862,"ἄφθαρτος",Greek (NT),No,No,,""
G863,"ἀφίημι",Greek (NT),No,No,,""
G864,"ἀφικνέομαι",Greek (NT),No,No,,""
G865,"ἀφιλάγαθος",Greek (NT),No,No,,""
G866,"ἀφιλάργυρος",Greek (NT),No,No,,""
G867,"ἄφιξις",Greek (NT),No,No,,""
G868,"ἀφίστημι",Greek (NT),No,No,,""
G869,"ἄφνω",Greek (NT),No,No,,""
G870,"ἀφόβως",Greek (NT),No,No,,""
G871,"ἀφομοιόω",Greek (NT),No,No,,""
G872,"ἀφοράω",Greek (NT),No,No,,""
G873,"ἀφορίζω",Greek (NT),No,No,,""
G874,"ἀφορμή",Greek (NT),No,No,,""
G875,"ἀφρίζω",Greek (NT),No,No,,""
G876,"ἀφρός",Greek (NT),No,No,,""
G877,"ἀφροσύνη",Greek (NT),No,No,,""
G878,"ἄφρων",Greek (NT),No,No,,""
G879,"ἀφυπνόω",Greek (NT),No,No,,""
G880,"ἄφωνος",Greek (NT),No,No,,""
G881,"Ἀχάζ",Greek (NT),No,No,,""
G882,"Ἀχαΐα",Greek (NT),No,No,,""
G883,"Ἀχαϊκός",Greek (NT),No,No,,""
G884,"ἀχάριστος",Greek (NT),No,No,,""
G885,"Ἀχείμ",Greek (NT),No,No,,""
G886,"ἀχειροποίητος",Greek (NT),No,No,,""
G887,"ἀχλύς",Greek (NT),No,No,,""
G888,"ἀχρεῖος",Greek (NT),No,No,,""
G889,"ἀχρειόω",Greek (NT),No,No,,""
G890,"ἄχρηστος",Greek (NT),No,No,,""
G891,"ἄχρις",Greek (NT),No,No,,""
G892,"ἄχυρον",Greek (NT),No,No,,""
G893,"ἀψευδής",Greek (NT),No,No,,""
G894,"ἄψινθος",Greek (NT),No,No,,""
G895,"ἄψυχος",Greek (NT),No,No,,""
G896,"Βάαλ",Greek (NT),No,No,,""
G897,"Βαβυλών",Greek (NT),No,No,,""
G898,"βαθμός",Greek (NT),No,No,,""
G899,"βάθος",Greek (NT),No,No,,""
G900,"βαθύνω",Greek (NT),No,No,,""
G901,"βαθύς",Greek (NT),No,No,,""
G902,"βαΐον",Greek (NT),No,No,,""
G903,"Βαλαάμ",Greek (NT),No,No,,""
G904,"Βαλάκ",Greek (NT),No,No,,""
G905,"βαλάντιον",Greek (NT),No,No,,""
G906,"βάλλω",Greek (NT),No,No,,""
G907,"βαπτίζω",Greek (NT),No,Yes,,""
G908,"βάπτισμα",Greek (NT),No,Yes,,""
G909,"βαπτισμός",Greek (NT),No,No,,""
G910,"Βαπτιστής",Greek (NT),No,No,,""
G911,"βάπτω",Greek (NT),No,No,,""
G912,"Βαραββᾶς",Greek (NT),No,No,,""
G913,"Βαράκ",Greek (NT),No,No,,""
G914,"Βαραχίας",Greek (NT),No,No,,""
G915,"βάρβαρος",Greek (NT),No,No,,""
G916,"βαρέω",Greek (NT),No,No,,""
G917,"βαρέως",Greek (NT),No,No,,""
G918,"Βαρθολομαῖος",Greek (NT),No,No,,""
G919,"Βαριησοῦς",Greek (NT),No,No,,""
G920,"Βαριωνᾶς",Greek (NT),No,No,,""
G921,"Βαρνάβας",Greek (NT),No,No,,""
G922,"βάρος",Greek (NT),No,No,,""
G923,"Βαρσαβᾶς",Greek (NT),No,No,,""
G924,"Βαρτιμαῖος",Greek (NT),No,No,,""
G925,"βαρύνω",Greek (NT),No,No,,""
G926,"βαρύς",Greek (NT),No,No,,""
G927,"βαρύτιμος",Greek (NT),No,No,,""
G928,"βασανίζω",Greek (NT),No,No,,""
G929,"βασανισμός",Greek (NT),No,No,,""
G930,"βασανιστής",Greek (NT),No,No,,""
G931,"βάσανος",Greek (NT),No,No,,""
G932,"βασιλεία",Greek (NT),No,Yes,,""
G933,"βασίλειον",Greek (NT),No,No,,""
G934,"βασίλειος",Greek (NT),No,No,,""
G935,"βασιλεύς",Greek (NT),No,Yes,,""
G936,"βασιλεύω",Greek (NT),No,No,,""
G937,"βασιλικός",Greek (NT),No,No,,""
G938,"βασίλισσα",Greek (NT),No,No,,""
G939,"βάσις",Greek (NT),No,No,,""
G940,"βασκαίνω",Greek (NT),No,No,,""
G941,"βαστάζω",Greek (NT),No,No,,""
G942,"βάτος",Greek (NT),No,No,,""
G943,"βάτος",Greek (NT),No,No,,""
G944,"βάτραχος",Greek (NT),No,No,,""
G945,"βαττολογέω",Greek (NT),No,No,,""
G946,"βδέλυγμα",Greek (NT),No,No,,""
G947,"βδελυκτός",Greek (NT),No,No,,""
G948,"βδελύσσω",Greek (NT),No,No,,""
G949,"βέβαιος",Greek (NT),No,No,,""
G950,"βεβαιόω",Greek (NT),No,No,,""
G951,"βεβαίωσις",Greek (NT),No,No,,""
G952,"βέβηλος",Greek (NT),No,No,,""
G953,"βεβηλόω",Greek (NT),No,No,,""
G954,"Βεελζεβούλ",Greek (NT),No,No,,""
G955,"Βελίαλ",Greek (NT),No,No,,""
G956,"βέλος",Greek (NT),No,No,,""
G957,"βελτίον",Greek (NT),No,No,,""
G958,"Βενιαμίν",Greek (NT),No,No,,""
G959,"Βερνίκη",Greek (NT),No,No,,""
G960,"Βέροια",Greek (NT),No,No,,""
G961,"Βεροιαῖος",Greek (NT),No,No,,""
G962,"Βηθαβαρά",Greek (NT),No,No,,""
G963,"Βηθανία",Greek (NT),No,No,,""
G964,"Βηθεσδά",Greek (NT),No,No,,""
G965,"Βηθλεέμ",Greek (NT),No,No,,""
G966,"Βηθσαϊδά",Greek (NT),No,No,,""
G967,"Βηθφαγή",Greek (NT),No,No,,""
G968,"βῆμα",Greek (NT),No,No,,""
G969,"βήρυλλος",Greek (NT),No,No,,""
G970,"βία",Greek (NT),No,No,,""
G971,"βιάζω",Greek (NT),No,No,,""
G972,"βίαιος",Greek (NT),No,No,,""
G973,"βιαστής",Greek (NT),No,No,,""
G974,"βιβλιαρίδιον",Greek (NT),No,No,,""
G975,"βιβλίον",Greek (NT),No,No,,""
G976,"βίβλος",Greek (NT),No,Yes,,""
G977,"βιβρώσκω",Greek (NT),No,No,,""
G978,"Βιθυνία",Greek (NT),No,No,,""
G979,"βίος",Greek (NT),No,Yes,,""
G980,"βιόω",Greek (NT),No,No,,""
G981,"βίωσις",Greek (NT),No,No,,""
G982,"βιωτικός",Greek (NT),No,No,,""
G983,"βλαβερός",Greek (NT),No,No,,""
G984,"βλάπτω",Greek (NT),No,No,,""
G985,"βλαστάνω",Greek (NT),No,No,,""
G986,"Βλάστος",Greek (NT),No,No,,""
G987,"βλασφημέω",Greek (NT),No,No,,""
G988,"βλασφημία",Greek (NT),No,No,,""
G989,"βλάσφημος",Greek (NT),No,No,,""
G990,"βλέμμα",Greek (NT),No,No,,""
G991,"βλέπω",Greek (NT),No,Yes,,""
G992,"βλητέος",Greek (NT),No,No,,""
G993,"Βοανεργές",Greek (NT),No,No,,""
G994,"βοάω",Greek (NT),No,No,,""
G995,"βοή",Greek (NT),No,No,,""
G996,"βοήθεια",Greek (NT),No,No,,""
G997,"βοηθέω",Greek (NT),No,No,,""
G998,"βοηθός",Greek (NT),No,No,,""
G999,"βόθυνος",Greek (NT),No,No,,""
G1000,"βολή",Greek (NT),No,No,,""
G1001,"βολίζω",Greek (NT),No,No,,""
G1002,"βολίς",Greek (NT),No,No,,""
G1003,"Βοόζ",Greek (NT),No,No,,""
G1004,"βόρβορος",Greek (NT),No,No,,""
G1005,"βοῤῥᾶς",Greek (NT),No,No,,""
G1006,"βόσκω",Greek (NT),No,No,,""
G1007,"Βοσόρ",Greek (NT),No,No,,""
G1008,"βοτάνη",Greek (NT),No,No,,""
G1009,"βότρυς",Greek (NT),No,No,,""
G1010,"βουλευτής",Greek (NT),No,No,,""
G1011,"βουλεύω",Greek (NT),No,No,,""
G1012,"βουλή",Greek (NT),No,No,,""
G1013,"βούλημα",Greek (NT),No,No,,""
G1014,"βούλομαι",Greek (NT),No,No,,""
G1015,"βουνός",Greek (NT),No,No,,""
G1016,"βοῦς",Greek (NT),No,No,,""
G1017,"βραβεῖον",Greek (NT),No,No,,""
G1018,"βραβεύω",Greek (NT),No,No,,""
G1019,"βραδύνω",Greek (NT),No,No,,""
G1020,"βραδυπλοέω",Greek (NT),No,No,,""
G1021,"βραδύς",Greek (NT),No,No,,""
G1022,"βραδύτης",Greek (NT),No,No,,""
G1023,"βραχίων",Greek (NT),No,No,,""
G1024,"βραχύς",Greek (NT),No,No,,""
G1025,"βρέφος",Greek (NT),No,No,,""
G1026,"βρέχω",Greek (NT),No,No,,""
G1027,"βροντή",Greek (NT),No,No,,""
G1028,"βροχή",Greek (NT),No,No,,""
G1029,"βρόχος",Greek (NT),No,No,,""
G1030,"βρυγμός",Greek (NT),No,No,,""
G1031,"βρύχω",Greek (NT),No,No,,""
G1032,"βρύω",Greek (NT),No,No,,""
G1033,"βρῶμα",Greek (NT),No,No,,""
G1034,"βρώσιμος",Greek (NT),No,No,,""
G1035,"βρῶσις",Greek (NT),No,No,,""
G1036,"βυθίζω",Greek (NT),No,No,,""
G1037,"βυθός",Greek (NT),No,No,,""
G1038,"βυρσεύς",Greek (NT),No,No,,""
G1039,"βύσσινος",Greek (NT),No,No,,""
G1040,"βύσσος",Greek (NT),No,No,,""
G1041,"βωμός",Greek (NT),No,No,,""
G1042,"γαββαθά",Greek (NT),No,No,,""
G1043,"Γαβριήλ",Greek (NT),No,No,,""
G1044,"γάγγραινα",Greek (NT),No,No,,""
G1045,"Γάδ",Greek (NT),No,No,,""
G1046,"Γαδαρηνός",Greek (NT),No,No,,""
G1047,"γάζα",Greek (NT),No,No,,""
G1048,"Γάζα",Greek (NT),No,No,,""
G1049,"γαζοφυλάκιον",Greek (NT),No,No,,""
G1050,"Γάϊος",Greek (NT),No,No,,""
G1051,"γάλα",Greek (NT),No,No,,""
G1052,"Γαλάτης",Greek (NT),No,No,,""
G1053,"Γαλατία",Greek (NT),No,No,,""
G1054,"Γαλατικός",Greek (NT),No,No,,""
G1055,"γαλήνη",Greek (NT),No,No,,""
G1056,"Γαλιλαία",Greek (NT),No,No,,""
G1057,"Γαλιλαῖος",Greek (NT),No,No,,""
G1058,"Γαλλίων",Greek (NT),No,No,,""
G1059,"Γαμαλιήλ",Greek (NT),No,No,,""
G1060,"γαμέω",Greek (NT),No,No,,""
G1061,"γαμίσκω",Greek (NT),No,No,,""
G1062,"γάμος",Greek (NT),No,No,,""
G1063,"γάρ",Greek (NT),No,Yes,,""
G1064,"γαστήρ",Greek (NT),No,No,,""
G1065,"γέ",Greek (NT),No,No,,""
G1066,"Γεδεών",Greek (NT),No,No,,""
G1067,"γέεννα",Greek (NT),No,No,,""
G1068,"Γεθσημανῆ",Greek (NT),No,No,,""
G1069,"γείτων",Greek (NT),No,No,,""
G1070,"γελάω",Greek (NT),No,No,,""
G1071,"γέλως",Greek (NT),No,No,,""
G1072,"γεμίζω",Greek (NT),No,No,,""
G1073,"γέμω",Greek (NT),No,No,,""
G1074,"γενεά",Greek (NT),No,No,,""
G1075,"γενεαλογέω",Greek (NT),No,No,,""
G1076,"γενεαλογία",Greek (NT),No,No,,""
G1077,"γενέσια",Greek (NT),No,No,,""
G1078,"γένεσις",Greek (NT),No,No,,""
G1079,"γενετή",Greek (NT),No,No,,""
G1080,"γεννάω",Greek (NT),No,No,,""
G1081,"γέννημα",Greek (NT),No,No,,""
G1082,"Γεννησαρέτ",Greek (NT),No,No,,""
G1083,"γέννησις",Greek (NT),No,No,,""
G1084,"γεννητός",Greek (NT),No,No,,""
G1085,"γένος",Greek (NT),No,No,,""
G1086,"Γεργεσηνός",Greek (NT),No,No,,""
G1087,"γερουσία",Greek (NT),No,No,,""
G1088,"γέρων",Greek (NT),No,No,,""
G1089,"γεύομαι",Greek (NT),No,No,,""
G1090,"γεωργέω",Greek (NT),No,No,,""
G1091,"γεώργιον",Greek (NT),No,No,,""
G1092,"γεωργός",Greek (NT),No,No,,""
G1093,"γῆ",Greek (NT),No,Yes,,""
G1094,"γῆρας",Greek (NT),No,No,,""
G1095,"γηράσκω",Greek (NT),No,No,,""
G1096,"γίνομαι",Greek (NT),No,Yes,,""
G1097,"γινώσκω",Greek (NT),No,Yes,,""
G1098,"γλεῦκος",Greek (NT),No,No,,""
G1099,"γλυκύς",Greek (NT),No,No,,""
G1100,"γλῶσσα",Greek (NT),No,No,,""
G1101,"γλωσσόκομον",Greek (NT),No,No,,""
G1102,"γναφεύς",Greek (NT),No,No,,""
G1103,"γνήσιος",Greek (NT),No,No,,""
G1104,"γνησίως",Greek (NT),No,No,,""
G1105,"γνόφος",Greek (NT),No,No,,""
G1106,"γνώμη",Greek (NT),No,No,,""
G1107,"γνωρίζω",Greek (NT),No,No,,""
G1108,"γνῶσις",Greek (NT),No,No,,""
G1109,"γνώστης",Greek (NT),No,No,,""
G1110,"γνωστός",Greek (NT),No,No,,""
G1111,"γογγύζω",Greek (NT),No,No,,""
G1112,"γογγυσμός",Greek (NT),No,No,,""
G1113,"γογγυστής",Greek (NT),No,No,,""
G1114,"γόης",Greek (NT),No,No,,""
G1115,"Γολγοθᾶ",Greek (NT),No,No,,""
G1116,"Γόμοῤῥα",Greek (NT),No,No,,""
G1117,"γόμος",Greek (NT),No,No,,""
G1118,"γονεύς",Greek (NT),No,No,,""
G1119,"γόνυ",Greek (NT),No,No,,""
G1120,"γονυπετέω",Greek (NT),No,No,,""
G1121,"γράμμα",Greek (NT),No,No,,""
G1122,"γραμματεύς",Greek (NT),No,No,,""
G1123,"γραπτός",Greek (NT),No,No,,""
G1124,"γραφή",Greek (NT),No,No,,""
G1125,"γράφω",Greek (NT),No,Yes,,""
G1126,"γραώδης",Greek (NT),No,No,,""
G1127,"γρηγορεύω",Greek (NT),No,No,,""
G1128,"γυμνάζω",Greek (NT),No,No,,""
G1129,"γυμνασία",Greek (NT),No,No,,""
G1130,"γυμνητεύω",Greek (NT),No,No,,""
G1131,"γυμνός",Greek (NT),No,No,,""
G1132,"γυμνότης",Greek (NT),No,No,,""
G1133,"γυναικάριον",Greek (NT),No,No,,""
G1134,"γυναικεῖος",Greek (NT),No,No,,""
G1135,"γυνή",Greek (NT),No,Yes,,""
G1136,"Γώγ",Greek (NT),No,No,,""
G1137,"γωνία",Greek (NT),No,No,,""
G1138,"Δαβίδ",Greek (NT),No,No,,""
G1139,"δαιμονίζομαι",Greek (NT),No,No,,""
G1140,"δαιμόνιον",Greek (NT),No,No,,""
G1141,"δαιμονιώδης",Greek (NT),No,No,,""
G1142,"δαίμων",Greek (NT),No,No,,""
G1143,"δάκνω",Greek (NT),No,No,,""
G1144,"δάκρυον",Greek (NT),No,No,,""
G1145,"δακρύω",Greek (NT),No,No,,""
G1146,"δακτύλιος",Greek (NT),No,No,,""
G1147,"δάκτυλος",Greek (NT),No,No,,""
G1148,"Δαλμανουθά",Greek (NT),No,No,,""
G1149,"Δαλματία",Greek (NT),No,No,,""
G1150,"δαμάζω",Greek (NT),No,No,,""
G1151,"δάμαλις",Greek (NT),No,No,,""
G1152,"Δάμαρις",Greek (NT),No,No,,""
G1153,"Δαμασκηνός",Greek (NT),No,No,,""
G1154,"Δαμασκός",Greek (NT),No,No,,""
G1155,"δανείζω",Greek (NT),No,No,,""
G1156,"δάνειον",Greek (NT),No,No,,""
G1157,"δανειστής",Greek (NT),No,No,,""
G1158,"Δανιήλ",Greek (NT),No,No,,""
G1159,"δαπανάω",Greek (NT),No,No,,""
G1160,"δαπάνη",Greek (NT),No,No,,""
G1161,"δέ",Greek (NT),No,Yes,,""
G1162,"δέησις",Greek (NT),No,No,,""
G1163,"δεῖ",Greek (NT),No,No,,""
G1164,"δεῖγμα",Greek (NT),No,No,,""
G1165,"δειγματίζω",Greek (NT),No,No,,""
G1166,"δεικνύω",Greek (NT),No,No,,""
G1167,"δειλία",Greek (NT),No,No,,""
G1168,"δειλιάω",Greek (NT),No,No,,""
G1169,"δειλός",Greek (NT),No,No,,""
G1170,"δεῖνα",Greek (NT),No,No,,""
G1171,"δεινῶς",Greek (NT),No,No,,""
G1172,"δειπνέω",Greek (NT),No,No,,""
G1173,"δεῖπνον",Greek (NT),No,No,,""
G1174,"δεισιδαιμονέστερος",Greek (NT),No,No,,""
G1175,"δεισιδαιμονία",Greek (NT),No,No,,""
G1176,"δέκα",Greek (NT),No,No,,""
G1177,"δεκαδύο",Greek (NT),No,No,,""
G1178,"δεκαπέντε",Greek (NT),No,No,,""
G1179,"Δεκάπολις",Greek (NT),No,No,,""
G1180,"δεκατέσσαρες",Greek (NT),No,No,,""
G1181,"δεκάτη",Greek (NT),No,No,,""
G1182,"δέκατος",Greek (NT),No,No,,""
G1183,"δεκατόω",Greek (NT),No,No,,""
G1184,"δεκτός",Greek (NT),No,No,,""
G1185,"δελεάζω",Greek (NT),No,No,,""
G1186,"δένδρον",Greek (NT),No,No,,""
G1187,"δεξιολάβος",Greek (NT),No,No,,""
G1188,"δεξιός",Greek (NT),No,No,,""
G1189,"δέομαι",Greek (NT),No,No,,""
G1190,"Δερβαῖος",Greek (NT),No,No,,""
G1191,"Δέρβη",Greek (NT),No,No,,""
G1192,"δέρμα",Greek (NT),No,No,,""
G1193,"δερμάτινος",Greek (NT),No,No,,""
G1194,"δέρω",Greek (NT),No,No,,""
G1195,"δεσμεύω",Greek (NT),No,No,,""
G1196,"δεσμέω",Greek (NT),No,No,,""
G1197,"δέσμη",Greek (NT),No,No,,""
G1198,"δέσμιος",Greek (NT),No,No,,""
G1199,"δεσμός",Greek (NT),No,No,,""
G1200,"δεσμοφύλαξ",Greek (NT),No,No,,""
G1201,"δεσμωτήριον",Greek (NT),No,No,,""
G1202,"δεσμώτης",Greek (NT),No,No,,""
G1203,"δεσπότης",Greek (NT),No,Yes,,""
G1204,"δεῦρο",Greek (NT),No,No,,""
G1205,"δεῦτε",Greek (NT),No,No,,""
G1206,"δευτεραῖος",Greek (NT),No,No,,""
G1207,"δευτερόπρωτος",Greek (NT),No,No,,""
G1208,"δεύτερος",Greek (NT),No,No,,""
G1209,"δέχομαι",Greek (NT),No,Yes,,""
G1210,"δέω",Greek (NT),No,No,,""
G1211,"δή",Greek (NT),No,No,,""
G1212,"δῆλος",Greek (NT),No,No,,""
G1213,"δηλόω",Greek (NT),No,No,,""
G1214,"Δημᾶς",Greek (NT),No,No,,""
G1215,"δημηγορέω",Greek (NT),No,No,,""
G1216,"Δημήτριος",Greek (NT),No,No,,""
G1217,"δημιουργός",Greek (NT),No,No,,""
G1218,"δῆμος",Greek (NT),No,No,,""
G1219,"δημόσιος",Greek (NT),No,No,,""
G1220,"δηνάριον",Greek (NT),No,No,,""
G1221,"δήποτε",Greek (NT),No,No,,""
G1222,"δήπου",Greek (NT),No,No,,""
G1223,"διά",Greek (NT),No,No,,""
G1224,"διαβαίνω",Greek (NT),No,No,,""
G1225,"διαβάλλω",Greek (NT),No,No,,""
G1226,"διαβεβαιόομαι",Greek (NT),No,No,,""
G1227,"διαβλέπω",Greek (NT),No,No,,""
G1228,"διάβολος",Greek (NT),No,No,,""
G1229,"διαγγέλλω",Greek (NT),No,No,,""
G1230,"διαγίνομαι",Greek (NT),No,No,,""
G1231,"διαγινώσκω",Greek (NT),No,No,,""
G1232,"διαγνωρίζω",Greek (NT),No,No,,""
G1233,"διάγνωσις",Greek (NT),No,No,,""
G1234,"διαγογγύζω",Greek (NT),No,No,,""
G1235,"διαγρηγορέω",Greek (NT),No,No,,""
G1236,"διάγω",Greek (NT),No,No,,""
G1237,"διαδέχομαι",Greek (NT),No,No,,""
G1238,"διάδημα",Greek (NT),No,No,,""
G1239,"διαδίδωμι",Greek (NT),No,No,,""
G1240,"διάδοχος",Greek (NT),No,No,,""
G1241,"διαζώννυμι",Greek (NT),No,No,,""
G1242,"διαθήκη",Greek (NT),No,Yes,,""
G1243,"διαίρεσις",Greek (NT),No,No,,""
G1244,"διαιρέω",Greek (NT),No,No,,""
G1245,"διακαθαρίζω",Greek (NT),No,No,,""
G1246,"διακατελέγχομαι",Greek (NT),No,No,,""
G1247,"διακονέω",Greek (NT),No,Yes,,""
G1248,"διακονία",Greek (NT),No,Yes,,""
G1249,"διάκονος",Greek (NT),No,Yes,,""
G1250,"διακόσιοι",Greek (NT),No,No,,""
G1251,"διακούομαι",Greek (NT),No,No,,""
G1252,"διακρίνω",Greek (NT),No,No,,""
G1253,"διάκρισις",Greek (NT),No,No,,""
G1254,"διακωλύω",Greek (NT),No,No,,""
G1255,"διαλαλέω",Greek (NT),No,No,,""
G1256,"διαλέγομαι",Greek (NT),No,No,,""
G1257,"διαλείπω",Greek (NT),No,No,,""
G1258,"διάλεκτος",Greek (NT),No,No,,""
G1259,"διαλλάσσω",Greek (NT),No,No,,""
G1260,"διαλογίζομαι",Greek (NT),No,No,,""
G1261,"διαλογισμός",Greek (NT),No,No,,""
G1262,"διαλύω",Greek (NT),No,No,,""
G1263,"διαμαρτύρομαι",Greek (NT),No,No,,""
G1264,"διαμάχομαι",Greek (NT),No,No,,""
G1265,"διαμένω",Greek (NT),No,No,,""
G1266,"διαμερίζω",Greek (NT),No,No,,""
G1267,"διαμερισμός",Greek (NT),No,No,,""
G1268,"διανέμω",Greek (NT),No,No,,""
G1269,"διανεύω",Greek (NT),No,No,,""
G1270,"διανόημα",Greek (NT),No,No,,""
G1271,"διάνοια",Greek (NT),No,No,,""
G1272,"διανοίγω",Greek (NT),No,No,,""
G1273,"διανυκτερεύω",Greek (NT),No,No,,""
G1274,"διανύω",Greek (NT),No,No,,""
G1275,"διαπαντός",Greek (NT),No,No,,""
G1276,"διαπεράω",Greek (NT),No,No,,""
G1277,"διαπλέω",Greek (NT),No,No,,""
G1278,"διαπονέω",Greek (NT),No,No,,""
G1279,"διαπορεύομαι",Greek (NT),No,No,,""
G1280,"διαπορέω",Greek (NT),No,No,,""
G1281,"διαπραγματεύομαι",Greek (NT),No,No,,""
G1282,"διαπρίω",Greek (NT),No,No,,""
G1283,"διαρπάζω",Greek (NT),No,No,,""
G1284,"διαῤῥήσσω",Greek (NT),No,No,,""
G1285,"διασαφέω",Greek (NT),No,No,,""
G1286,"διασείω",Greek (NT),No,No,,""
G1287,"διασκορπίζω",Greek (NT),No,No,,""
G1288,"διασπάω",Greek (NT),No,No,,""
G1289,"διασπείρω",Greek (NT),No,No,,""
G1290,"διασπορά",Greek (NT),No,No,,""
G1291,"διαστέλλομαι",Greek (NT),No,No,,""
G1292,"διάστημα",Greek (NT),No,No,,""
G1293,"διαστολή",Greek (NT),No,No,,""
G1294,"διαστρέφω",Greek (NT),No,No,,""
G1295,"διασώζω",Greek (NT),No,No,,""
G1296,"διαταγή",Greek (NT),No,No,,""
G1297,"διάταγμα",Greek (NT),No,No,,""
G1298,"διαταράσσω",Greek (NT),No,No,,""
G1299,"διατάσσω",Greek (NT),No,No,,""
G1300,"διατελέω",Greek (NT),No,No,,""
G1301,"διατηρέω",Greek (NT),No,No,,""
G1302,"διατί",Greek (NT),No,No,,""
G1303,"διατίθεμαι",Greek (NT),No,No,,""
G1304,"διατρίβω",Greek (NT),No,No,,""
G1305,"διατροφή",Greek (NT),No,No,,""
G1306,"διαυγάζω",Greek (NT),No,No,,""
G1307,"διαφανής",Greek (NT),No,No,,""
G1308,"διαφέρω",Greek (NT),No,No,,""
G1309,"διαφεύγω",Greek (NT),No,No,,""
G1310,"διαφημίζω",Greek (NT),No,No,,""
G1311,"διαφθείρω",Greek (NT),No,No,,""
G1312,"διαφθορά",Greek (NT),No,No,,""
G1313,"διάφορος",Greek (NT),No,No,,""
G1314,"διαφυλάσσω",Greek (NT),No,No,,""
G1315,"διαχειρίζομαι",Greek (NT),No,No,,""
G1316,"διαχωρίζομαι",Greek (NT),No,No,,""
G1317,"διδακτικός",Greek (NT),No,No,,""
G1318,"διδακτός",Greek (NT),No,No,,""
G1319,"διδασκαλία",Greek (NT),No,No,,""
G1320,"διδάσκαλος",Greek (NT),No,Yes,,""
G1321,"διδάσκω",Greek (NT),No,Yes,,""
G1322,"διδαχή",Greek (NT),No,No,,""
G1323,"δίδραχμον",Greek (NT),No,No,,""
G1324,"Δίδυμος",Greek (NT),No,No,,""
G1325,"δίδωμι",Greek (NT),No,Yes,,""
G1326,"διεγείρω",Greek (NT),No,No,,""
G1327,"διέξοδος",Greek (NT),No,No,,""
G1328,"διερμηνευτής",Greek (NT),No,No,,""
G1329,"διερμηνεύω",Greek (NT),No,No,,""
G1330,"διέρχομαι",Greek (NT),No,No,,""
G1331,"διερωτάω",Greek (NT),No,No,,""
G1332,"διετής",Greek (NT),No,No,,""
G1333,"διετία",Greek (NT),No,No,,""
G1334,"διηγέομαι",Greek (NT),No,No,,""
G1335,"διήγεσις",Greek (NT),No,No,,""
G1336,"διηνεκής",Greek (NT),No,No,,""
G1337,"διθάλασσος",Greek (NT),No,No,,""
G1338,"διϊκνέομαι",Greek (NT),No,No,,""
G1339,"διΐστημι",Greek (NT),No,No,,""
G1340,"διϊσχυρίζομαι",Greek (NT),No,No,,""
G1341,"δικαιοκρισία",Greek (NT),No,No,,""
G1342,"δίκαιος",Greek (NT),No,No,,""
G1343,"δικαιοσύνη",Greek (NT),No,Yes,,""
G1344,"δικαιόω",Greek (NT),No,Yes,,""
G1345,"δικαίωμα",Greek (NT),No,Yes,,""
G1346,"δικαίως",Greek (NT),No,No,,""
G1347,"δικαίωσις",Greek (NT),No,No,,""
G1348,"δικαστής",Greek (NT),No,No,,""
G1349,"δίκη",Greek (NT),No,No,,""
G1350,"δίκτυον",Greek (NT),No,No,,""
G1351,"δίλογος",Greek (NT),No,No,,""
G1352,"διό",Greek (NT),No,No,,""
G1353,"διοδεύω",Greek (NT),No,No,,""
G1354,"Διονύσιος",Greek (NT),No,No,,""
G1355,"διόπερ",Greek (NT),No,No,,""
G1356,"διοπετής",Greek (NT),No,No,,""
G1357,"διόρθωσις",Greek (NT),No,No,,""
G1358,"διορύσσω",Greek (NT),No,No,,""
G1359,"Διόσκουροι",Greek (NT),No,No,,""
G1360,"διότι",Greek (NT),No,No,,""
G1361,"Διοτρεφής",Greek (NT),No,No,,""
G1362,"διπλοῦς",Greek (NT),No,No,,""
G1363,"διπλόω",Greek (NT),No,No,,""
G1364,"δίς",Greek (NT),No,No,,""
G1365,"διστάζω",Greek (NT),No,No,,""
G1366,"δίστομος",Greek (NT),No,No,,""
G1367,"δισχίλιοι",Greek (NT),No,No,,""
G1368,"διϋλίζω",Greek (NT),No,No,,""
G1369,"διχάζω",Greek (NT),No,No,,""
G1370,"διχοστασία",Greek (NT),No,No,,""
G1371,"διχοτομέω",Greek (NT),No,No,,""
G1372,"διψάω",Greek (NT),No,No,,""
G1373,"δίψος",Greek (NT),No,No,,""
G1374,"δίψυχος",Greek (NT),No,No,,""
G1375,"διωγμός",Greek (NT),No,No,,""
G1376,"διώκτης",Greek (NT),No,No,,""
G1377,"διώκω",Greek (NT),No,No,,""
G1378,"δόγμα",Greek (NT),No,No,,""
G1379,"δογματίζω",Greek (NT),No,No,,""
G1380,"δοκέω",Greek (NT),No,No,,""
G1381,"δοκιμάζω",Greek (NT),No,No,,""
G1382,"δοκιμή",Greek (NT),No,No,,""
G1383,"δοκίμιον",Greek (NT),No,No,,""
G1384,"δόκιμος",Greek (NT),No,No,,""
G1385,"δοκός",Greek (NT),No,No,,""
G1386,"δόλιος",Greek (NT),No,No,,""
G1387,"δολιόω",Greek (NT),No,No,,""
G1388,"δόλος",Greek (NT),No,No,,""
G1389,"δολόω",Greek (NT),No,No,,""
G1390,"δόμα",Greek (NT),No,No,,""
G1391,"δόξα",Greek (NT),No,Yes,,""
G1392,"δοξάζω",Greek (NT),No,Yes,,""
G1393,"Δορκάς",Greek (NT),No,No,,""
G1394,"δόσις",Greek (NT),No,No,,""
G1395,"δότης",Greek (NT),No,No,,""
G1396,"δουλαγωγέω",Greek (NT),No,No,,""
G1397,"δουλεία",Greek (NT),No,No,,""
G1398,"δουλεύω",Greek (NT),No,No,,""
G1399,"δούλη",Greek (NT),No,No,,""
G1400,"δοῦλον",Greek (NT),No,No,,""
G1401,"δοῦλος",Greek (NT),No,Yes,,""
G1402,"δουλόω",Greek (NT),No,No,,""
G1403,"δοχή",Greek (NT),No,No,,""
G1404,"δράκων",Greek (NT),No,No,,""
G1405,"δράσσομαι",Greek (NT),No,No,,""
G1406,"δραχμή",Greek (NT),No,No,,""
G1407,"δρέπανον",Greek (NT),No,No,,""
G1408,"δρόμος",Greek (NT),No,No,,""
G1409,"Δρούσιλλα",Greek (NT),No,No,,""
G1410,"δύναμαι",Greek (NT),No,Yes,,""
G1411,"δύναμις",Greek (NT),No,Yes,,""
G1412,"δυναμόω",Greek (NT),No,No,,""
G1413,"δυνάστης",Greek (NT),No,No,,""
G1414,"δυνατέω",Greek (NT),No,No,,""
G1415,"δυνατός",Greek (NT),No,No,,""
G1416,"δῦμι",Greek (NT),No,No,,""
G1417,"δύο",Greek (NT),No,No,,""
G1418,"δυσ‐",Greek (NT),No,No,,""
G1419,"δυσβάστακτος",Greek (NT),No,No,,""
G1420,"δυσεντερία",Greek (NT),No,No,,""
G1421,"δυσερμήνευτος",Greek (NT),No,No,,""
G1422,"δύσκολος",Greek (NT),No,No,,""
G1423,"δυσκόλως",Greek (NT),No,No,,""
G1424,"δυσμή",Greek (NT),No,No,,""
G1425,"δυσνόητος",Greek (NT),No,No,,""
G1426,"δυσφημία",Greek (NT),No,No,,""
G1427,"δώδεκα",Greek (NT),No,No,,""
G1428,"δωδέκατος",Greek (NT),No,No,,""
G1429,"δωδεκάφυλον",Greek (NT),No,No,,""
G1430,"δῶμα",Greek (NT),No,No,,""
G1431,"δωρεά",Greek (NT),No,No,,""
G1432,"δωρεάν",Greek (NT),No,No,,""
G1433,"δωρέομαι",Greek (NT),No,No,,""
G1434,"δώρημα",Greek (NT),No,No,,""
G1435,"δῶρον",Greek (NT),No,Yes,,""
G1436,"ἔα",Greek (NT),No,No,,""
G1437,"ἐάν",Greek (NT),No,No,,""
G1438,"ἑαυτοῦ",Greek (NT),No,No,,""
G1439,"ἐάω",Greek (NT),No,No,,""
G1440,"ἑβδομήκοντα",Greek (NT),No,No,,""
G1441,"ἑβδομηκοντάκις",Greek (NT),No,No,,""
G1442,"ἕβδομος",Greek (NT),No,No,,""
G1443,"Ἐβέρ",Greek (NT),No,No,,""
G1444,"Ἑβραϊκός",Greek (NT),No,No,,""
G1445,"Ἑβραῖος",Greek (NT),No,No,,""
G1446,"Ἑβραΐς",Greek (NT),No,No,,""
G1447,"Ἑβραϊστί",Greek (NT),No,No,,""
G1448,"ἐγγίζω",Greek (NT),No,No,,""
G1449,"ἐγγράφω",Greek (NT),No,No,,""
G1450,"ἔγγυος",Greek (NT),No,No,,""
G1451,"ἐγγύς",Greek (NT),No,No,,""
G1452,"ἐγγύτερον",Greek (NT),No,No,,""
G1453,"ἐγείρω",Greek (NT),No,Yes,,""
G1454,"ἔγερσις",Greek (NT),No,No,,""
G1455,"ἐγκάθετος",Greek (NT),No,No,,""
G1456,"ἐγκαίνια",Greek (NT),No,No,,""
G1457,"ἐγκαινίζω",Greek (NT),No,No,,""
G1458,"ἐγκαλέω",Greek (NT),No,No,,""
G1459,"ἐγκαταλείπω",Greek (NT),No,No,,""
G1460,"ἐγκατοικέω",Greek (NT),No,No,,""
G1461,"ἐγκεντρίζω",Greek (NT),No,No,,""
G1462,"ἔγκλημα",Greek (NT),No,No,,""
G1463,"ἐγκομβόομαι",Greek (NT),No,No,,""
G1464,"ἐγκοπή",Greek (NT),No,No,,""
G1465,"ἐγκόπτω",Greek (NT),No,No,,""
G1466,"ἐγκράτεια",Greek (NT),No,No,,""
G1467,"ἐγκρατεύομαι",Greek (NT),No,No,,""
G1468,"ἐγκρατής",Greek (NT),No,No,,""
G1469,"ἐγκρίνω",Greek (NT),No,No,,""
G1470,"ἐγκρύπτω",Greek (NT),No,No,,""
G1471,"ἔγκυος",Greek (NT),No,No,,""
G1472,"ἐγχρίω",Greek (NT),No,No,,""
G1473,"ἐγώ",Greek (NT),No,No,,""
G1474,"ἐδαφίζω",Greek (NT),No,No,,""
G1475,"ἔδαφος",Greek (NT),No,No,,""
G1476,"ἑδραῖος",Greek (NT),No,No,,""
G1477,"ἑδραίωμα",Greek (NT),No,No,,""
G1478,"Ἐζεκίας",Greek (NT),No,No,,""
G1479,"ἐθελοθρησκεία",Greek (NT),No,No,,""
G1480,"ἐθίζω",Greek (NT),No,No,,""
G1481,"ἐθνάρχης",Greek (NT),No,No,,""
G1482,"ἐθνικός",Greek (NT),No,No,,""
G1483,"ἐθνικῶς",Greek (NT),No,No,,""
G1484,"ἔθνος",Greek (NT),No,Yes,,""
G1485,"ἔθος",Greek (NT),No,No,,""
G1486,"ἔθω",Greek (NT),No,No,,""
G1487,"εἰ",Greek (NT),No,No,,""
G1488,"εἶ",Greek (NT),No,No,,""
G1489,"εἴγε",Greek (NT),No,No,,""
G1490,"εἰ δὲ μή(γε)",Greek (NT),No,No,,""
G1491,"εἶδος",Greek (NT),No,No,,""
G1492,"εἴδω",Greek (NT),No,Yes,,""
G1493,"εἰδωλεῖον",Greek (NT),No,No,,""
G1494,"εἰδωλόθυτον",Greek (NT),No,No,,""
G1495,"εἰδωλολατρεία",Greek (NT),No,No,,""
G1496,"εἰδωλολάτρης",Greek (NT),No,No,,""
G1497,"εἴδωλον",Greek (NT),No,No,,""
G1498,"εἴην",Greek (NT),No,No,,""
G1499,"εἰ καί",Greek (NT),No,No,,""
G1500,"εἰκῆ",Greek (NT),No,No,,""
G1501,"εἴκοσι",Greek (NT),No,No,,""
G1502,"εἴκω",Greek (NT),No,No,,""
G1503,"εἴκω",Greek (NT),No,No,,""
G1504,"εἰκών",Greek (NT),No,No,,""
G1505,"εἰλικρίνεια",Greek (NT),No,No,,""
G1506,"εἰλικρινής",Greek (NT),No,No,,""
G1507,"εἱλίσσω",Greek (NT),No,No,,""
G1508,"εἰ μή",Greek (NT),No,No,,""
G1509,"εἰ μή τι",Greek (NT),No,No,,""
G1510,"εἰμί",Greek (NT),No,Yes,,""
G1511,"εἶναι",Greek (NT),No,No,,""
G1512,"εἴ περ",Greek (NT),No,No,,""
G1513,"εἴ πως",Greek (NT),No,No,,""
G1514,"εἰρηνεύω",Greek (NT),No,No,,""
G1515,"εἰρήνη",Greek (NT),No,Yes,,""
G1516,"εἰρηνικός",Greek (NT),No,No,,""
G1517,"εἰρηνοποιέω",Greek (NT),No,No,,""
G1518,"εἰρηνοποιός",Greek (NT),No,No,,""
G1519,"εἰς",Greek (NT),No,No,,""
G1520,"ἕν",Greek (NT),No,No,,""
G1521,"εἰσάγω",Greek (NT),No,No,,""
G1522,"εἰσακούω",Greek (NT),No,No,,""
G1523,"εἰσδέχομαι",Greek (NT),No,No,,""
G1524,"εἴσειμι",Greek (NT),No,No,,""
G1525,"εἰσέρχομαι",Greek (NT),No,No,,""
G1526,"εἰσί",Greek (NT),No,No,,""
G1527,"εἷς καθ’ εἷς",Greek (NT),No,No,,""
G1528,"εἰσκαλέω",Greek (NT),No,No,,""
G1529,"εἴσοδος",Greek (NT),No,No,,""
G1530,"εἰσπηδάω",Greek (NT),No,No,,""
G1531,"εἰσπορεύομαι",Greek (NT),No,No,,""
G1532,"εἰστρέχω",Greek (NT),No,No,,""
G1533,"εἰσφέρω",Greek (NT),No,No,,""
G1534,"εἶτα",Greek (NT),No,No,,""
G1535,"εἴτε",Greek (NT),No,No,,""
G1536,"εἴ τις",Greek (NT),No,No,,""
G1537,"ἐξ",Greek (NT),No,Yes,,""
G1538,"ἕκαστος",Greek (NT),No,No,,""
G1539,"ἑκάστοτε",Greek (NT),No,No,,""
G1540,"ἑκατόν",Greek (NT),No,No,,""
G1541,"ἑκατονταέτης",Greek (NT),No,No,,""
G1542,"ἑκατονταπλασίων",Greek (NT),No,No,,""
G1543,"ἑκατόνταρχος",Greek (NT),No,No,,""
G1544,"ἐκβάλλω",Greek (NT),No,No,,""
G1545,"ἔκβασις",Greek (NT),No,No,,""
G1546,"ἐκβολή",Greek (NT),No,No,,""
G1547,"ἐκγαμίζω",Greek (NT),No,No,,""
G1548,"ἐκγαμίσκω",Greek (NT),No,No,,""
G1549,"ἔκγονον",Greek (NT),No,No,,""
G1550,"ἐκδαπανάω",Greek (NT),No,No,,""
G1551,"ἐκδέχομαι",Greek (NT),No,No,,""
G1552,"ἔκδηλος",Greek (NT),No,No,,""
G1553,"ἐκδημέω",Greek (NT),No,No,,""
G1554,"ἐκδίδωμι",Greek (NT),No,No,,""
G1555,"ἐκδιηγέομαι",Greek (NT),No,No,,""
G1556,"ἐκδικέω",Greek (NT),No,No,,""
G1557,"ἐκδίκησις",Greek (NT),No,No,,""
G1558,"ἔκδικος",Greek (NT),No,No,,""
G1559,"ἐκδιώκω",Greek (NT),No,No,,""
G1560,"ἔκδοτος",Greek (NT),No,No,,""
G1561,"ἐκδοχή",Greek (NT),No,Yes,,""
G1562,"ἐκδύω",Greek (NT),No,No,,""
G1563,"ἐκεῖ",Greek (NT),No,No,,""
G1564,"ἐκεῖθεν",Greek (NT),No,No,,""
G1565,"ἐκεῖνος",Greek (NT),No,No,,""
G1566,"ἐκεῖσε",Greek (NT),No,No,,""
G1567,"ἐκζητέω",Greek (NT),No,No,,""
G1568,"ἐκθαμβέω",Greek (NT),No,No,,""
G1569,"ἔκθαμβος",Greek (NT),No,No,,""
G1570,"ἔκθετος",Greek (NT),No,No,,""
G1571,"ἐκκαθαίρω",Greek (NT),No,No,,""
G1572,"ἐκκαίω",Greek (NT),No,No,,""
G1573,"ἐκκακέω",Greek (NT),No,No,,""
G1574,"ἐκκεντέω",Greek (NT),No,No,,""
G1575,"ἐκκλάω",Greek (NT),No,No,,""
G1576,"ἐκκλείω",Greek (NT),No,No,,""
G1577,"ἐκκλησία",Greek (NT),No,Yes,,""
G1578,"ἐκκλίνω",Greek (NT),No,No,,""
G1579,"ἐκκολυμβάω",Greek (NT),No,No,,""
G1580,"ἐκκομίζω",Greek (NT),No,No,,""
G1581,"ἐκκόπτω",Greek (NT),No,No,,""
G1582,"ἐκκρέμαμαι",Greek (NT),No,No,,""
G1583,"ἐκλαλέω",Greek (NT),No,No,,""
G1584,"ἐκλάμπω",Greek (NT),No,No,,""
G1585,"ἐκλανθάνομαι",Greek (NT),No,No,,""
G1586,"ἐκλέγομαι",Greek (NT),No,No,,""
G1587,"ἐκλείπω",Greek (NT),No,No,,""
G1588,"ἐκλεκτός",Greek (NT),No,No,,""
G1589,"ἐκλογή",Greek (NT),No,No,,""
G1590,"ἐκλύω",Greek (NT),No,No,,""
G1591,"ἐκμάσσω",Greek (NT),No,No,,""
G1592,"ἐκμυκτηρίζω",Greek (NT),No,No,,""
G1593,"ἐκνεύω",Greek (NT),No,No,,""
G1594,"ἐκνήφω",Greek (NT),No,No,,""
G1595,"ἑκούσιον",Greek (NT),No,No,,""
G1596,"ἑκουσίως",Greek (NT),No,No,,""
G1597,"ἔκπαλαι",Greek (NT),No,No,,""
G1598,"ἐκπειράζω",Greek (NT),No,No,,""
G1599,"ἐκπέμπω",Greek (NT),No,No,,""
G1600,"ἐκπετάννυμι",Greek (NT),No,No,,""
G1601,"ἐκπίπτω",Greek (NT),No,No,,""
G1602,"ἐκπλέω",Greek (NT),No,No,,""
G1603,"ἐκπληρόω",Greek (NT),No,No,,""
G1604,"ἐκπλήρωσις",Greek (NT),No,No,,""
G1605,"ἐκπλήσσω",Greek (NT),No,No,,""
G1606,"ἐκπνέω",Greek (NT),No,No,,""
G1607,"ἐκπορεύομαι",Greek (NT),No,No,,""
G1608,"ἐκπορνεύω",Greek (NT),No,No,,""
G1609,"ἐκπτύω",Greek (NT),No,No,,""
G1610,"ἐκριζόω",Greek (NT),No,No,,""
G1611,"ἔκστασις",Greek (NT),No,No,,""
G1612,"ἐκστρέφω",Greek (NT),No,No,,""
G1613,"ἐκταράσσω",Greek (NT),No,No,,""
G1614,"ἐκτείνω",Greek (NT),No,No,,""
G1615,"ἐκτελέω",Greek (NT),No,No,,""
G1616,"ἐκτένεια",Greek (NT),No,No,,""
G1617,"ἐκτενέστερον",Greek (NT),No,No,,""
G1618,"ἐκτενής",Greek (NT),No,No,,""
G1619,"ἐκτενῶς",Greek (NT),No,No,,""
G1620,"ἐκτίθημι",Greek (NT),No,No,,""
G1621,"ἐκτινάσσω",Greek (NT),No,No,,""
G1622,"ἐκτός",Greek (NT),No,No,,""
G1623,"ἕκτος",Greek (NT),No,No,,""
G1624,"ἐκτρέπω",Greek (NT),No,No,,""
G1625,"ἐκτρέφω",Greek (NT),No,No,,""
G1626,"ἔκτρωμα",Greek (NT),No,No,,""
G1627,"ἐκφέρω",Greek (NT),No,No,,""
G1628,"ἐκφεύγω",Greek (NT),No,No,,""
G1629,"ἐκφοβέω",Greek (NT),No,No,,""
G1630,"ἔκφοβος",Greek (NT),No,No,,""
G1631,"ἐκφύω",Greek (NT),No,No,,""
G1632,"ἐκχύνω",Greek (NT),No,No,,""
G1633,"ἐκχωρέω",Greek (NT),No,No,,""
G1634,"ἐκψύχω",Greek (NT),No,No,,""
G1635,"ἑκών",Greek (NT),No,No,,""
G1636,"ἐλαία",Greek (NT),No,No,,""
G1637,"ἔλαιον",Greek (NT),No,No,,""
G1638,"ἐλαιών",Greek (NT),No,No,,""
G1639,"Ἐλαμίτης",Greek (NT),No,No,,""
G1640,"ἐλάττων",Greek (NT),No,No,,""
G1641,"ἐλαττονέω",Greek (NT),No,No,,""
G1642,"ἐλαττόω",Greek (NT),No,No,,""
G1643,"ἐλαύνω",Greek (NT),No,No,,""
G1644,"ἐλαφρία",Greek (NT),No,No,,""
G1645,"ἐλαφρός",Greek (NT),No,No,,""
G1646,"ἐλάχιστος",Greek (NT),No,No,,""
G1647,"ἐλαχιστότερος",Greek (NT),No,No,,""
G1648,"Ἐλεάζαρ",Greek (NT),No,No,,""
G1649,"ἔλεγξις",Greek (NT),No,No,,""
G1650,"ἔλεγχος",Greek (NT),No,Yes,,""
G1651,"ἐλέγχω",Greek (NT),No,No,,""
G1652,"ἐλεεινός",Greek (NT),No,No,,""
G1653,"ἐλεέω",Greek (NT),No,No,,""
G1654,"ἐλεημοσύνη",Greek (NT),No,Yes,,""
G1655,"ἐλεήμων",Greek (NT),No,No,,""
G1656,"ἔλεος",Greek (NT),No,Yes,,""
G1657,"ἐλευθερία",Greek (NT),No,No,,""
G1658,"ἐλεύθερος",Greek (NT),No,No,,""
G1659,"ἐλευθερόω",Greek (NT),No,No,,""
G1660,"ἔλευσις",Greek (NT),No,No,,""
G1661,"ἐλεφάντινος",Greek (NT),No,No,,""
G1662,"Ἐλιακείμ",Greek (NT),No,No,,""
G1663,"Ἐλιέζερ",Greek (NT),No,No,,""
G1664,"Ἐλιούδ",Greek (NT),No,No,,""
G1665,"Ἐλισάβετ",Greek (NT),No,No,,""
G1666,"Ἐλισσαῖος",Greek (NT),No,No,,""
G1667,"ἑλίσσω",Greek (NT),No,No,,""
G1668,"ἕλκος",Greek (NT),No,No,,""
G1669,"ἑλκόω",Greek (NT),No,No,,""
G1670,"ἕλκω",Greek (NT),No,No,,""
G1671,"Ἑλλάς",Greek (NT),No,No,,""
G1672,"Ἕλλην",Greek (NT),No,No,,""
G1673,"Ἑλληνικός",Greek (NT),No,No,,""
G1674,"Ἑλληνίς",Greek (NT),No,No,,""
G1675,"Ἑλληνιστής",Greek (NT),No,No,,""
G1676,"Ἑλληνιστί",Greek (NT),No,No,,""
G1677,"ἐλλογέω",Greek (NT),No,No,,""
G1678,"Ἐλμωδάμ",Greek (NT),No,No,,""
G1679,"ἐλπίζω",Greek (NT),No,No,,""
G1680,"ἐλπίς",Greek (NT),No,Yes,,""
G1681,"Ἐλύμας",Greek (NT),No,No,,""
G1682,"ἐλοΐ",Greek (NT),No,No,,""
G1683,"ἐμαυτοῦ",Greek (NT),No,No,,""
G1684,"ἐμβαίνω",Greek (NT),No,No,,""
G1685,"ἐμβάλλω",Greek (NT),No,No,,""
G1686,"ἐμβάπτω",Greek (NT),No,No,,""
G1687,"ἐμβατεύω",Greek (NT),No,No,,""
G1688,"ἐμβιβάζω",Greek (NT),No,No,,""
G1689,"ἐμβλέπω",Greek (NT),No,No,,""
G1690,"ἐμβριμάομαι",Greek (NT),No,No,,""
G1691,"ἐμέ",Greek (NT),No,No,,""
G1692,"ἐμέω",Greek (NT),No,No,,""
G1693,"ἐμμαίνομαι",Greek (NT),No,No,,""
G1694,"Ἐμμανουήλ",Greek (NT),No,No,,""
G1695,"Ἐμμαούς",Greek (NT),No,No,,""
G1696,"ἐμμένω",Greek (NT),No,No,,""
G1697,"Ἐμμόρ",Greek (NT),No,No,,""
G1698,"ἐμοί",Greek (NT),No,No,,""
G1699,"ἐμός",Greek (NT),No,No,,""
G1700,"ἐμοῦ",Greek (NT),No,Yes,,""
G1701,"ἐμπαιγμός",Greek (NT),No,No,,""
G1702,"ἐμπαίζω",Greek (NT),No,No,,""
G1703,"ἐμπαίκτης",Greek (NT),No,No,,""
G1704,"ἐμπεριπατέω",Greek (NT),No,No,,""
G1705,"ἐμπλήθω",Greek (NT),No,No,,""
G1706,"ἐμπίπτω",Greek (NT),No,No,,""
G1707,"ἐμπλέκω",Greek (NT),No,No,,""
G1708,"ἐμπλοκή",Greek (NT),No,No,,""
G1709,"ἐμπνέω",Greek (NT),No,No,,""
G1710,"ἐμπορεύομαι",Greek (NT),No,No,,""
G1711,"ἐμπορία",Greek (NT),No,No,,""
G1712,"ἐμπόριον",Greek (NT),No,No,,""
G1713,"ἔμπορος",Greek (NT),No,No,,""
G1714,"ἐμπρήθω",Greek (NT),No,No,,""
G1715,"ἔμπροσθεν",Greek (NT),No,No,,""
G1716,"ἐμπτύω",Greek (NT),No,No,,""
G1717,"ἐμφανής",Greek (NT),No,No,,""
G1718,"ἐμφανίζω",Greek (NT),No,No,,""
G1719,"ἔμφοβος",Greek (NT),No,No,,""
G1720,"ἐμφυσάω",Greek (NT),No,No,,""
G1721,"ἔμφυτος",Greek (NT),No,No,,""
G1722,"ἐν",Greek (NT),No,Yes,,""
G1723,"ἐναγκαλίζομαι",Greek (NT),No,No,,""
G1724,"ἐνάλιος",Greek (NT),No,No,,""
G1725,"ἔναντι",Greek (NT),No,No,,""
G1726,"ἐναντίον",Greek (NT),No,No,,""
G1727,"ἐναντίος",Greek (NT),No,No,,""
G1728,"ἐνάρχομαι",Greek (NT),No,No,,""
G1729,"ἐνδεής",Greek (NT),No,No,,""
G1730,"ἔνδειγμα",Greek (NT),No,No,,""
G1731,"ἐνδείκνυμι",Greek (NT),No,No,,""
G1732,"ἔνδειξις",Greek (NT),No,No,,""
G1733,"ἕνδεκα",Greek (NT),No,No,,""
G1734,"ἑνδέκατος",Greek (NT),No,No,,""
G1735,"ἐνδέχεται",Greek (NT),No,No,,""
G1736,"ἐνδημέω",Greek (NT),No,No,,""
G1737,"ἐνδιδύσκω",Greek (NT),No,No,,""
G1738,"ἔνδικος",Greek (NT),No,No,,""
G1739,"ἐνδόμησις",Greek (NT),No,No,,""
G1740,"ἐνδοξάζω",Greek (NT),No,No,,""
G1741,"ἔνδοξος",Greek (NT),No,No,,""
G1742,"ἔνδυμα",Greek (NT),No,No,,""
G1743,"ἐνδυναμόω",Greek (NT),No,No,,""
G1744,"ἐνδύνω",Greek (NT),No,No,,""
G1745,"ἔνδυσις",Greek (NT),No,No,,""
G1746,"ἐνδύω",Greek (NT),No,No,,""
G1747,"ἐνέδρα",Greek (NT),No,No,,""
G1748,"ἐνεδρεύω",Greek (NT),No,No,,""
G1749,"ἔνεδρον",Greek (NT),No,No,,""
G1750,"ἐνειλέω",Greek (NT),No,No,,""
G1751,"ἔνειμι",Greek (NT),No,No,,""
G1752,"εἵνεκεν",Greek (NT),No,No,,""
G1753,"ἐνέργεια",Greek (NT),No,No,,""
G1754,"ἐνεργέω",Greek (NT),No,Yes,,""
G1755,"ἐνέργημα",Greek (NT),No,No,,""
G1756,"ἐνεργής",Greek (NT),No,No,,""
G1757,"ἐνευλογέω",Greek (NT),No,No,,""
G1758,"ἐνέχω",Greek (NT),No,No,,""
G1759,"ἐνθάδε",Greek (NT),No,No,,""
G1760,"ἐνθυμέομαι",Greek (NT),No,No,,""
G1761,"ἐνθύμησις",Greek (NT),No,No,,""
G1762,"ἔνι",Greek (NT),No,No,,""
G1763,"ἐνιαυτός",Greek (NT),No,No,,""
G1764,"ἐνίστημι",Greek (NT),No,No,,""
G1765,"ἐνισχύω",Greek (NT),No,No,,""
G1766,"ἔννατος",Greek (NT),No,No,,""
G1767,"ἐννέα",Greek (NT),No,No,,""
G1768,"ἐννενηκονταεννέα",Greek (NT),No,No,,""
G1769,"ἐννεός",Greek (NT),No,No,,""
G1770,"ἐννεύω",Greek (NT),No,No,,""
G1771,"ἔννοια",Greek (NT),No,No,,""
G1772,"ἔννομος",Greek (NT),No,No,,""
G1773,"ἔννυχον",Greek (NT),No,No,,""
G1774,"ἐνοικέω",Greek (NT),No,No,,""
G1775,"ἑνότης",Greek (NT),No,No,,""
G1776,"ἐνοχλέω",Greek (NT),No,No,,""
G1777,"ἔνοχος",Greek (NT),No,No,,""
G1778,"ἔνταλμα",Greek (NT),No,No,,""
G1779,"ἐνταφιάζω",Greek (NT),No,No,,""
G1780,"ἐνταφιασμός",Greek (NT),No,No,,""
G1781,"ἐντέλλομαι",Greek (NT),No,No,,""
G1782,"ἐντεῦθεν",Greek (NT),No,No,,""
G1783,"ἔντευξις",Greek (NT),No,No,,""
G1784,"ἔντιμος",Greek (NT),No,No,,""
G1785,"ἐντολή",Greek (NT),No,Yes,,""
G1786,"ἐντόπιος",Greek (NT),No,No,,""
G1787,"ἐντός",Greek (NT),No,No,,""
G1788,"ἐντρέπω",Greek (NT),No,No,,""
G1789,"ἐντρέφω",Greek (NT),No,No,,""
G1790,"ἔντρομος",Greek (NT),No,No,,""
G1791,"ἐντροπή",Greek (NT),No,No,,""
G1792,"ἐντρυφάω",Greek (NT),No,No,,""
G1793,"ἐντυγχάνω",Greek (NT),No,No,,""
G1794,"ἐντυλίσσω",Greek (NT),No,No,,""
G1795,"ἐντυπόω",Greek (NT),No,No,,""
G1796,"ἐνυβρίζω",Greek (NT),No,No,,""
G1797,"ἐνυπνιάζομαι",Greek (NT),No,No,,""
G1798,"ἐνύπνιον",Greek (NT),No,No,,""
G1799,"ἐνώπιον",Greek (NT),No,No,,""
G1800,"Ἐνώς",Greek (NT),No,No,,""
G1801,"ἐνωτίζομαι",Greek (NT),No,No,,""
G1802,"Ἐνώχ",Greek (NT),No,No,,""
G1803,"ἕξ",Greek (NT),No,No,,""
G1804,"ἐξαγγέλλω",Greek (NT),No,No,,""
G1805,"ἐξαγοράζω",Greek (NT),No,No,,""
G1806,"ἐξάγω",Greek (NT),No,No,,""
G1807,"ἐξαιρέω",Greek (NT),No,No,,""
G1808,"ἐξαίρω",Greek (NT),No,No,,""
G1809,"ἐξαιτέομαι",Greek (NT),No,No,,""
G1810,"ἐξαίφνης",Greek (NT),No,No,,""
G1811,"ἐξακολουθέω",Greek (NT),No,No,,""
G1812,"ἑξακόσιοι",Greek (NT),No,No,,""
G1813,"ἐξαλείφω",Greek (NT),No,No,,""
G1814,"ἐξάλλομαι",Greek (NT),No,No,,""
G1815,"ἐξανάστασις",Greek (NT),No,No,,""
G1816,"ἐξανατέλλω",Greek (NT),No,No,,""
G1817,"ἐξανίστημι",Greek (NT),No,No,,""
G1818,"ἐξαπατάω",Greek (NT),No,No,,""
G1819,"ἐξάπινα",Greek (NT),No,No,,""
G1820,"ἐξαπορέομαι",Greek (NT),No,No,,""
G1821,"ἐξαποστέλλω",Greek (NT),No,No,,""
G1822,"ἐξαρτίζω",Greek (NT),No,No,,""
G1823,"ἐξαστράπτω",Greek (NT),No,No,,""
G1824,"ἐξαυτῆς",Greek (NT),No,No,,""
G1825,"ἐξεγείρω",Greek (NT),No,No,,""
G1826,"ἔξειμι",Greek (NT),No,No,,""
G1827,"ἐξελέγχω",Greek (NT),No,No,,""
G1828,"ἐξέλκω",Greek (NT),No,No,,""
G1829,"ἐξέραμα",Greek (NT),No,No,,""
G1830,"ἐξερευνάω",Greek (NT),No,No,,""
G1831,"ἐξέρχομαι",Greek (NT),No,No,,""
G1832,"ἔξεστι",Greek (NT),No,No,,""
G1833,"ἐξετάζω",Greek (NT),No,No,,""
G1834,"ἐξηγέομαι",Greek (NT),No,No,,""
G1835,"ἑξήκοντα",Greek (NT),No,No,,""
G1836,"ἑξῆς",Greek (NT),No,No,,""
G1837,"ἐξηχέομαι",Greek (NT),No,No,,""
G1838,"ἕξις",Greek (NT),No,No,,""
G1839,"ἐξίστημι",Greek (NT),No,No,,""
G1840,"ἐξισχύω",Greek (NT),No,No,,""
G1841,"ἔξοδος",Greek (NT),No,No,,""
G1842,"ἐξολοθρεύω",Greek (NT),No,No,,""
G1843,"ἐξομολογέω",Greek (NT),No,No,,""
G1844,"ἐξορκίζω",Greek (NT),No,No,,""
G1845,"ἐξορκιστής",Greek (NT),No,No,,""
G1846,"ἐξορύσσω",Greek (NT),No,No,,""
G1847,"ἐξουδενόω",Greek (NT),No,No,,""
G1848,"ἐξουθενέω",Greek (NT),No,No,,""
G1849,"ἐξουσία",Greek (NT),No,Yes,,""
G1850,"ἐξουσιάζω",Greek (NT),No,No,,""
G1851,"ἐξοχή",Greek (NT),No,No,,""
G1852,"ἐξυπνίζω",Greek (NT),No,No,,""
G1853,"ἔξυπνος",Greek (NT),No,No,,""
G1854,"ἔξω",Greek (NT),No,No,,""
G1855,"ἔξωθεν",Greek (NT),No,No,,""
G1856,"ἐξώθω",Greek (NT),No,No,,""
G1857,"ἐξώτερος",Greek (NT),No,No,,""
G1858,"ἑορτάζω",Greek (NT),No,No,,""
G1859,"ἑορτή",Greek (NT),No,No,,""
G1860,"ἐπαγγελία",Greek (NT),No,No,,""
G1861,"ἐπαγγέλλω",Greek (NT),No,No,,""
G1862,"ἐπάγγελμα",Greek (NT),No,No,,""
G1863,"ἐπάγω",Greek (NT),No,No,,""
G1864,"ἐπαγωνίζομαι",Greek (NT),No,No,,""
G1865,"ἐπαθροίζω",Greek (NT),No,No,,""
G1866,"Ἐπαίνετος",Greek (NT),No,No,,""
G1867,"ἐπαινέω",Greek (NT),No,No,,""
G1868,"ἔπαινος",Greek (NT),No,No,,""
G1869,"ἐπαίρω",Greek (NT),No,No,,""
G1870,"ἐπαισχύνομαι",Greek (NT),No,No,,""
G1871,"ἐπαιτέω",Greek (NT),No,No,,""
G1872,"ἐπακολουθέω",Greek (NT),No,No,,""
G1873,"ἐπακούω",Greek (NT),No,No,,""
G1874,"ἐπακροάομαι",Greek (NT),No,No,,""
G1875,"ἐπάν",Greek (NT),No,No,,""
G1876,"ἐπάναγκες",Greek (NT),No,No,,""
G1877,"ἐπανάγω",Greek (NT),No,No,,""
G1878,"ἐπαναμιμνήσκω",Greek (NT),No,No,,""
G1879,"ἐπαναπαύομαι",Greek (NT),No,No,,""
G1880,"ἐπανέρχομαι",Greek (NT),No,No,,""
G1881,"ἐπανίσταμαι",Greek (NT),No,No,,""
G1882,"ἐπανόρθωσις",Greek (NT),No,No,,""
G1883,"ἐπάνω",Greek (NT),No,No,,""
G1884,"ἐπαρκέω",Greek (NT),No,No,,""
G1885,"ἐπαρχία",Greek (NT),No,No,,""
G1886,"ἔπαυλις",Greek (NT),No,No,,""
G1887,"ἐπαύριον",Greek (NT),No,No,,""
G1888,"ἐπαυτοφώρῳ",Greek (NT),No,No,,""
G1889,"Ἐπαφρᾶς",Greek (NT),No,No,,""
G1890,"ἐπαφρίζω",Greek (NT),No,No,,""
G1891,"Ἐπαφρόδιτος",Greek (NT),No,No,,""
G1892,"ἐπεγείρω",Greek (NT),No,No,,""
G1893,"ἐπεί",Greek (NT),No,No,,""
G1894,"ἐπειδή",Greek (NT),No,No,,""
G1895,"ἐπειδήπερ",Greek (NT),No,No,,""
G1896,"ἐπεῖδον",Greek (NT),No,No,,""
G1897,"ἐπείπερ",Greek (NT),No,No,,""
G1898,"ἐπεισαγωγή",Greek (NT),No,No,,""
G1899,"ἔπειτα",Greek (NT),No,No,,""
G1900,"ἐπέκεινα",Greek (NT),No,No,,""
G1901,"ἐπεκτείνομαι",Greek (NT),No,No,,""
G1902,"ἐπενδύομαι",Greek (NT),No,No,,""
G1903,"ἐπενδύτης",Greek (NT),No,No,,""
G1904,"ἐπέρχομαι",Greek (NT),No,No,,""
G1905,"ἐπερωτάω",Greek (NT),No,No,,""
G1906,"ἐπερώτημα",Greek (NT),No,No,,""
G1907,"ἐπέχω",Greek (NT),No,No,,""
G1908,"ἐπηρεάζω",Greek (NT),No,No,,""
G1909,"ἐπί",Greek (NT),No,No,,""
G1910,"ἐπιβαίνω",Greek (NT),No,No,,""
G1911,"ἐπιβάλλω",Greek (NT),No,No,,""
G1912,"ἐπιβαρέω",Greek (NT),No,No,,""
G1913,"ἐπιβιβάζω",Greek (NT),No,No,,""
G1914,"ἐπιβλέπω",Greek (NT),No,No,,""
G1915,"ἐπίβλημα",Greek (NT),No,No,,""
G1916,"ἐπιβοάω",Greek (NT),No,No,,""
G1917,"ἐπιβουλή",Greek (NT),No,No,,""
G1918,"ἐπιγαμβρεύω",Greek (NT),No,No,,""
G1919,"ἐπίγειος",Greek (NT),No,No,,""
G1920,"ἐπιγίνομαι",Greek (NT),No,No,,""
G1921,"ἐπιγινώσκω",Greek (NT),No,No,,""
G1922,"ἐπίγνωσις",Greek (NT),No,No,,""
G1923,"ἐπιγραφή",Greek (NT),No,No,,""
G1924,"ἐπιγράφω",Greek (NT),No,No,,""
G1925,"ἐπιδείκνυμι",Greek (NT),No,No,,""
G1926,"ἐπιδέχομαι",Greek (NT),No,No,,""
G1927,"ἐπιδημέω",Greek (NT),No,No,,""
G1928,"ἐπιδιατάσσομαι",Greek (NT),No,No,,""
G1929,"ἐπιδίδωμι",Greek (NT),No,No,,""
G1930,"ἐπιδιορθόω",Greek (NT),No,No,,""
G1931,"ἐπιδύω",Greek (NT),No,No,,""
G1932,"ἐπιείκεια",Greek (NT),No,No,,""
G1933,"ἐπιεικής",Greek (NT),No,No,,""
G1934,"ἐπιζητέω",Greek (NT),No,No,,""
G1935,"ἐπιθανάτιος",Greek (NT),No,No,,""
G1936,"ἐπίθεσις",Greek (NT),No,No,,""
G1937,"ἐπιθυμέω",Greek (NT),No,No,,""
G1938,"ἐπιθυμητής",Greek (NT),No,No,,""
G1939,"ἐπιθυμία",Greek (NT),No,Yes,,""
G1940,"ἐπικαθίζω",Greek (NT),No,No,,""
G1941,"ἐπικαλέομαι",Greek (NT),No,No,,""
G1942,"ἐπικάλυμα",Greek (NT),No,No,,""
G1943,"ἐπικαλύπτω",Greek (NT),No,No,,""
G1944,"ἐπικατάρατος",Greek (NT),No,No,,""
G1945,"ἐπίκειμαι",Greek (NT),No,No,,""
G1946,"Ἐπικούρειος",Greek (NT),No,No,,""
G1947,"ἐπικουρία",Greek (NT),No,No,,""
G1948,"ἐπικρίνω",Greek (NT),No,No,,""
G1949,"ἐπιλαμβάνομαι",Greek (NT),No,No,,""
G1950,"ἐπιλανθάνομαι",Greek (NT),No,No,,""
G1951,"ἐπιλέγομαι",Greek (NT),No,No,,""
G1952,"ἐπιλείπω",Greek (NT),No,No,,""
G1953,"ἐπιλησμονή",Greek (NT),No,No,,""
G1954,"ἐπίλοιπος",Greek (NT),No,No,,""
G1955,"ἐπίλυσις",Greek (NT),No,No,,""
G1956,"ἐπιλύω",Greek (NT),No,No,,""
G1957,"ἐπιμαρτυρέω",Greek (NT),No,No,,""
G1958,"ἐπιμέλεια",Greek (NT),No,No,,""
G1959,"ἐπιμελέομαι",Greek (NT),No,No,,""
G1960,"ἐπιμελῶς",Greek (NT),No,No,,""
G1961,"ἐπιμένω",Greek (NT),No,No,,""
G1962,"ἐπινεύω",Greek (NT),No,No,,""
G1963,"ἐπίνοια",Greek (NT),No,No,,""
G1964,"ἐπιορκέω",Greek (NT),No,No,,""
G1965,"ἐπίορκος",Greek (NT),No,No,,""
G1966,"ἐπιοῦσα",Greek (NT),No,No,,""
G1967,"ἐπιούσιος",Greek (NT),No,No,,""
G1968,"ἐπιπίπτω",Greek (NT),No,No,,""
G1969,"ἐπιπλήσσω",Greek (NT),No,No,,""
G1970,"ἐπιπνίγω",Greek (NT),No,No,,""
G1971,"ἐπιποθέω",Greek (NT),No,No,,""
G1972,"ἐπιπόθησις",Greek (NT),No,No,,""
G1973,"ἐπιπόθητος",Greek (NT),No,No,,""
G1974,"ἐπιποθία",Greek (NT),No,No,,""
G1975,"ἐπιπορεύομαι",Greek (NT),No,No,,""
G1976,"ἐπιῤῥάπτω",Greek (NT),No,No,,""
G1977,"ἐπιῤῥίπτω",Greek (NT),No,No,,""
G1978,"ἐπίσημος",Greek (NT),No,No,,""
G1979,"ἐπισιτισμός",Greek (NT),No,No,,""
G1980,"ἐπισκέπτομαι",Greek (NT),No,No,,""
G1981,"ἐπισκηνόω",Greek (NT),No,No,,""
G1982,"ἐπισκιάζω",Greek (NT),No,No,,""
G1983,"ἐπισκοπέω",Greek (NT),No,No,,""
G1984,"ἐπισκοπή",Greek (NT),No,No,,""
G1985,"ἐπίσκοπος",Greek (NT),No,No,,""
G1986,"ἐπισπάομαι",Greek (NT),No,No,,""
G1987,"ἐπίσταμαι",Greek (NT),No,No,,""
G1988,"ἐπιστάτης",Greek (NT),No,No,,""
G1989,"ἐπιστέλλω",Greek (NT),No,No,,""
G1990,"ἐπιστήμων",Greek (NT),No,No,,""
G1991,"ἐπιστηρίζω",Greek (NT),No,No,,""
G1992,"ἐπιστολή",Greek (NT),No,No,,""
G1993,"ἐπιστομίζω",Greek (NT),No,No,,""
G1994,"ἐπιστρέφω",Greek (NT),No,No,,""
G1995,"ἐπιστροφή",Greek (NT),No,No,,""
G1996,"ἐπισυνάγω",Greek (NT),No,No,,""
G1997,"ἐπισυναγωγή",Greek (NT),No,No,,""
G1998,"ἐπισυντρέχω",Greek (NT),No,No,,""
G1999,"ἐπισύστασις",Greek (NT),No,No,,""
G2000,"ἐπισφαλής",Greek (NT),No,No,,""
G2001,"ἐπισχύω",Greek (NT),No,No,,""
G2002,"ἐπισωρεύω",Greek (NT),No,No,,""
G2003,"ἐπιταγή",Greek (NT),No,No,,""
G2004,"ἐπιτάσσω",Greek (NT),No,No,,""
G2005,"ἐπιτελέω",Greek (NT),No,No,,""
G2006,"ἐπιτήδειος",Greek (NT),No,No,,""
G2007,"ἐπιτίθημι",Greek (NT),No,No,,""
G2008,"ἐπιτιμάω",Greek (NT),No,No,,""
G2009,"ἐπιτιμία",Greek (NT),No,No,,""
G2010,"ἐπιτρέπω",Greek (NT),No,No,,""
G2011,"ἐπιτροπή",Greek (NT),No,No,,""
G2012,"ἐπίτροπος",Greek (NT),No,No,,""
G2013,"ἐπιτυγχάνω",Greek (NT),No,No,,""
G2014,"ἐπιφαίνω",Greek (NT),No,No,,""
G2015,"ἐπιφάνεια",Greek (NT),No,No,,""
G2016,"ἐπιφανής",Greek (NT),No,No,,""
G2017,"ἐπιφαύω",Greek (NT),No,No,,""
G2018,"ἐπιφέρω",Greek (NT),No,No,,""
G2019,"ἐπιφωνέω",Greek (NT),No,No,,""
G2020,"ἐπιφώσκω",Greek (NT),No,No,,""
G2021,"ἐπιχειρέω",Greek (NT),No,No,,""
G2022,"ἐπιχέω",Greek (NT),No,No,,""
G2023,"ἐπιχορηγέω",Greek (NT),No,No,,""
G2024,"ἐπιχορηγία",Greek (NT),No,No,,""
G2025,"ἐπιχρίω",Greek (NT),No,No,,""
G2026,"ἐποικοδομέω",Greek (NT),No,No,,""
G2027,"ἐποκέλλω",Greek (NT),No,No,,""
G2028,"ἐπονομάζω",Greek (NT),No,No,,""
G2029,"ἐποπτεύω",Greek (NT),No,No,,""
G2030,"ἐπόπτης",Greek (NT),No,No,,""
G2031,"ἔπος",Greek (NT),No,No,,""
G2032,"ἐπουράνιος",Greek (NT),No,No,,""
G2033,"ἑπτά",Greek (NT),No,No,,""
G2034,"ἑπτάκις",Greek (NT),No,No,,""
G2035,"ἑπτακισχίλιοι",Greek (NT),No,No,,""
G2036,"ἔπω",Greek (NT),No,No,,""
G2037,"Ἔραστος",Greek (NT),No,No,,""
G2038,"ἐργάζομαι",Greek (NT),No,No,,""
G2039,"ἐργασία",Greek (NT),No,No,,""
G2040,"ἐργάτης",Greek (NT),No,No,,""
G2041,"ἔργον",Greek (NT),No,Yes,,""
G2042,"ἐρεθίζω",Greek (NT),No,No,,""
G2043,"ἐρείδω",Greek (NT),No,No,,""
G2044,"ἐρεύγομαι",Greek (NT),No,No,,""
G2045,"ἐρευνάω",Greek (NT),No,No,,""
G2046,"ἐρέω",Greek (NT),No,Yes,,""
G2047,"ἐρημία",Greek (NT),No,No,,""
G2048,"ἔρημος",Greek (NT),No,No,,""
G2049,"ἐρημόω",Greek (NT),No,No,,""
G2050,"ἐρήμωσις",Greek (NT),No,No,,""
G2051,"ἐρίζω",Greek (NT),No,No,,""
G2052,"ἐριθεία",Greek (NT),No,No,,""
G2053,"ἔριον",Greek (NT),No,No,,""
G2054,"ἔρις",Greek (NT),No,No,,""
G2055,"ἐρίφιον",Greek (NT),No,No,,""
G2056,"ἔριφος",Greek (NT),No,No,,""
G2057,"Ἑρμᾶς",Greek (NT),No,No,,""
G2058,"ἑρμηνεία",Greek (NT),No,No,,""
G2059,"ἑρμηνεύω",Greek (NT),No,No,,""
G2060,"Ἑρμῆς",Greek (NT),No,No,,""
G2061,"Ἑρμογένης",Greek (NT),No,No,,""
G2062,"ἑρπετόν",Greek (NT),No,No,,""
G2063,"ἐρυθρός",Greek (NT),No,No,,""
G2064,"ἔρχομαι",Greek (NT),No,Yes,,""
G2065,"ἐρωτάω",Greek (NT),No,No,,""
G2066,"ἐσθής",Greek (NT),No,No,,""
G2067,"ἔσθησις",Greek (NT),No,No,,""
G2068,"ἐσθίω",Greek (NT),No,No,,""
G2069,"Ἐσλί",Greek (NT),No,No,,""
G2070,"ἐσμέν",Greek (NT),No,No,,""
G2071,"ἔσομαι",Greek (NT),No,No,,""
G2072,"ἔσοπτρον",Greek (NT),No,No,,""
G2073,"ἑσπέρα",Greek (NT),No,No,,""
G2074,"Ἐσρώμ",Greek (NT),No,No,,""
G2075,"ἐστέ",Greek (NT),No,No,,""
G2076,"ἐστί",Greek (NT),No,No,,""
G2077,"ἔστω",Greek (NT),No,No,,""
G2078,"ἔσχατος",Greek (NT),No,No,,""
G2079,"ἐσχάτως",Greek (NT),No,No,,""
G2080,"ἔσω",Greek (NT),No,No,,""
G2081,"ἔσωθεν",Greek (NT),No,No,,""
G2082,"ἐσώτερος",Greek (NT),No,No,,""
G2083,"ἑταῖρος",Greek (NT),No,No,,""
G2084,"ἑτερόγλωσσος",Greek (NT),No,No,,""
G2085,"ἑτεροδιδασκαλέω",Greek (NT),No,No,,""
G2086,"ἑτεροζυγέω",Greek (NT),No,No,,""
G2087,"ἕτερος",Greek (NT),No,Yes,,""
G2088,"ἑτέρως",Greek (NT),No,No,,""
G2089,"ἔτι",Greek (NT),No,Yes,,""
G2090,"ἑτοιμάζω",Greek (NT),No,No,,""
G2091,"ἑτοιμασία",Greek (NT),No,No,,""
G2092,"ἕτοιμος",Greek (NT),No,No,,""
G2093,"ἑτοίμως",Greek (NT),No,No,,""
G2094,"ἔτος",Greek (NT),No,No,,""
G2095,"εὖ",Greek (NT),No,No,,""
G2096,"Εὖα",Greek (NT),No,No,,""
G2097,"εὐαγγελίζω",Greek (NT),No,No,,""
G2098,"εὐαγγέλιον",Greek (NT),No,Yes,,""
G2099,"εὐαγγελιστής",Greek (NT),No,No,,""
G2100,"εὐαρεστέω",Greek (NT),No,No,,""
G2101,"εὐάρεστος",Greek (NT),No,No,,""
G2102,"εὐαρέστως",Greek (NT),No,No,,""
G2103,"Εὔβουλος",Greek (NT),No,No,,""
G2104,"εὐγενής",Greek (NT),No,No,,""
G2105,"εὐδία",Greek (NT),No,No,,""
G2106,"εὐδοκέω",Greek (NT),No,No,,""
G2107,"εὐδοκία",Greek (NT),No,No,,""
G2108,"εὐεργεσία",Greek (NT),No,No,,""
G2109,"εὐεργετέω",Greek (NT),No,No,,""
G2110,"εὐεργέτης",Greek (NT),No,No,,""
G2111,"εὔθετος",Greek (NT),No,No,,""
G2112,"εὐθέως",Greek (NT),No,No,,""
G2113,"εὐθυδρομέω",Greek (NT),No,No,,""
G2114,"εὐθυμέω",Greek (NT),No,No,,""
G2115,"εὔθυμος",Greek (NT),No,No,,""
G2116,"εὐθύνω",Greek (NT),No,No,,""
G2117,"εὐθύς",Greek (NT),No,Yes,,""
G2118,"εὐθύτης",Greek (NT),No,No,,""
G2119,"εὐκαιρέω",Greek (NT),No,No,,""
G2120,"εὐκαιρία",Greek (NT),No,No,,""
G2121,"εὔκαιρος",Greek (NT),No,No,,""
G2122,"εὐκαίρως",Greek (NT),No,No,,""
G2123,"εὐκοπώτερος",Greek (NT),No,No,,""
G2124,"εὐλάβεια",Greek (NT),No,No,,""
G2125,"εὐλαβέομαι",Greek (NT),No,No,,""
G2126,"εὐλαβής",Greek (NT),No,No,,""
G2127,"εὐλογέω",Greek (NT),No,No,,""
G2128,"εὐλογητός",Greek (NT),No,No,,""
G2129,"εὐλογία",Greek (NT),No,No,,""
G2130,"εὐμετάδοτος",Greek (NT),No,No,,""
G2131,"Εὐνίκη",Greek (NT),No,No,,""
G2132,"εὐνοέω",Greek (NT),No,No,,""
G2133,"εὔνοια",Greek (NT),No,No,,""
G2134,"εὐνουχίζω",Greek (NT),No,No,,""
G2135,"εὐνοῦχος",Greek (NT),No,No,,""
G2136,"Εὐοδία",Greek (NT),No,No,,""
G2137,"εὐοδόω",Greek (NT),No,No,,""
G2138,"εὐπειθής",Greek (NT),No,No,,""
G2139,"εὐπερίστατος",Greek (NT),No,No,,""
G2140,"εὐποιΐα",Greek (NT),No,No,,""
G2141,"εὐπορέω",Greek (NT),No,No,,""
G2142,"εὐπορία",Greek (NT),No,No,,""
G2143,"εὐπρέπεια",Greek (NT),No,No,,""
G2144,"εὐπρόσδεκτος",Greek (NT),No,No,,""
G2145,"εὐπρόσεδρος",Greek (NT),No,No,,""
G2146,"εὐπροσωπέω",Greek (NT),No,No,,""
G2147,"εὑρίσκω",Greek (NT),No,Yes,,""
G2148,"Εὐροκλύδων",Greek (NT),No,No,,""
G2149,"εὐρύχωρος",Greek (NT),No,No,,""
G2150,"εὐσέβεια",Greek (NT),No,No,,""
G2151,"εὐσεβέω",Greek (NT),No,No,,""
G2152,"εὐσεβής",Greek (NT),No,No,,""
G2153,"εὐσεβῶς",Greek (NT),No,No,,""
G2154,"εὔσημος",Greek (NT),No,No,,""
G2155,"εὔσπλαγχνος",Greek (NT),No,No,,""
G2156,"εὐσχημόνως",Greek (NT),No,No,,""
G2157,"εὐσχημοσύνη",Greek (NT),No,No,,""
G2158,"εὐσχήμων",Greek (NT),No,No,,""
G2159,"εὐτόνως",Greek (NT),No,No,,""
G2160,"εὐτραπελία",Greek (NT),No,No,,""
G2161,"Εὔτυχος",Greek (NT),No,No,,""
G2162,"εὐφημία",Greek (NT),No,No,,""
G2163,"εὔφημος",Greek (NT),No,No,,""
G2164,"εὐφορέω",Greek (NT),No,No,,""
G2165,"εὐφραίνω",Greek (NT),No,No,,""
G2166,"Εὐφράτης",Greek (NT),No,No,,""
G2167,"εὐφροσύνη",Greek (NT),No,No,,""
G2168,"εὐχαριστέω",Greek (NT),No,No,,""
G2169,"εὐχαριστία",Greek (NT),No,No,,""
G2170,"εὐχάριστος",Greek (NT),No,No,,""
G2171,"εὐχή",Greek (NT),No,No,,""
G2172,"εὔχομαι",Greek (NT),No,No,,""
G2173,"εὔχρηστος",Greek (NT),No,No,,""
G2174,"εὐψυχέω",Greek (NT),No,No,,""
G2175,"εὐωδία",Greek (NT),No,No,,""
G2176,"εὐώνυμος",Greek (NT),No,No,,""
G2177,"ἐφάλλομαι",Greek (NT),No,No,,""
G2178,"ἐφάπαξ",Greek (NT),No,No,,""
G2179,"Ἐφεσῖνος",Greek (NT),No,No,,""
G2180,"Ἐφέσιος",Greek (NT),No,No,,""
G2181,"Ἔφεσος",Greek (NT),No,No,,""
G2182,"ἐφευρετής",Greek (NT),No,No,,""
G2183,"ἐφημερία",Greek (NT),No,No,,""
G2184,"ἐφήμερος",Greek (NT),No,No,,""
G2185,"ἐφικνέομαι",Greek (NT),No,No,,""
G2186,"ἐφίστημι",Greek (NT),No,No,,""
G2187,"Ἐφραίμ",Greek (NT),No,No,,""
G2188,"ἐφφαθά",Greek (NT),No,No,,""
G2189,"ἔχθρα",Greek (NT),No,No,,""
G2190,"ἐχθρός",Greek (NT),No,No,,""
G2191,"ἔχιδνα",Greek (NT),No,No,,""
G2192,"σχέω",Greek (NT),No,Yes,,""
G2193,"ἕως",Greek (NT),No,No,,""
G2194,"Ζαβουλών",Greek (NT),No,No,,""
G2195,"Ζακχαῖος",Greek (NT),No,No,,""
G2196,"Ζαρά",Greek (NT),No,Yes,,""
G2197,"Ζαχαρίας",Greek (NT),No,No,,""
G2198,"ζάω",Greek (NT),No,Yes,,""
G2199,"Ζεβεδαῖος",Greek (NT),No,No,,""
G2200,"ζεστός",Greek (NT),No,No,,""
G2201,"ζεῦγος",Greek (NT),No,No,,""
G2202,"ζευκτηρία",Greek (NT),No,No,,""
G2203,"Ζεύς",Greek (NT),No,No,,""
G2204,"ζέω",Greek (NT),No,No,,""
G2205,"ζῆλος",Greek (NT),No,No,,""
G2206,"ζηλόω",Greek (NT),No,No,,""
G2207,"ζηλωτής",Greek (NT),No,No,,""
G2208,"Ζηλωτής",Greek (NT),No,No,,""
G2209,"ζημία",Greek (NT),No,No,,""
G2210,"ζημιόω",Greek (NT),No,No,,""
G2211,"Ζηνᾶς",Greek (NT),No,No,,""
G2212,"ζητέω",Greek (NT),No,Yes,,""
G2213,"ζήτημα",Greek (NT),No,No,,""
G2214,"ζήτησις",Greek (NT),No,No,,""
G2215,"ζιζάνιον",Greek (NT),No,No,,""
G2216,"Ζοροβάβελ",Greek (NT),No,No,,""
G2217,"ζόφος",Greek (NT),No,No,,""
G2218,"ζυγός",Greek (NT),No,No,,""
G2219,"ζύμη",Greek (NT),No,No,,""
G2220,"ζυμόω",Greek (NT),No,No,,""
G2221,"ζωγρέω",Greek (NT),No,No,,""
G2222,"ζωή",Greek (NT),No,Yes,,""
G2223,"ζώνη",Greek (NT),No,No,,""
G2224,"ζώννυμι",Greek (NT),No,No,,""
G2225,"ζωογονέω",Greek (NT),No,No,,""
G2226,"ζῶον",Greek (NT),No,No,,""
G2227,"ζωοποιέω",Greek (NT),No,No,,""
G2228,"ἤ",Greek (NT),No,No,,""
G2229,"ἦ",Greek (NT),No,No,,""
G2230,"ἡγεμονεύω",Greek (NT),No,No,,""
G2231,"ἡγεμονία",Greek (NT),No,No,,""
G2232,"ἡγεμών",Greek (NT),No,No,,""
G2233,"ἡγέομαι",Greek (NT),No,No,,""
G2234,"ἡδέως",Greek (NT),No,No,,""
G2235,"ἤδη",Greek (NT),No,No,,""
G2236,"ἥδιστα",Greek (NT),No,No,,""
G2237,"ἡδονή",Greek (NT),No,No,,""
G2238,"ἡδύοσμον",Greek (NT),No,No,,""
G2239,"ἦθος",Greek (NT),No,No,,""
G2240,"ἥκω",Greek (NT),No,No,,""
G2241,"ἠλί",Greek (NT),No,No,,""
G2242,"Ἡλί",Greek (NT),No,No,,""
G2243,"Ἡλίας",Greek (NT),No,No,,""
G2244,"ἡλικία",Greek (NT),No,No,,""
G2245,"ἡλίκος",Greek (NT),No,No,,""
G2246,"ἥλιος",Greek (NT),No,No,,""
G2247,"ἧλος",Greek (NT),No,No,,""
G2248,"ἡμᾶς",Greek (NT),No,No,,""
G2249,"ἡμεῖς",Greek (NT),No,No,,""
G2250,"ἡμέρα",Greek (NT),No,Yes,,""
G2251,"ἡμέτερος",Greek (NT),No,No,,""
G2252,"ἤμην",Greek (NT),No,No,,""
G2253,"ἡμιθανής",Greek (NT),No,No,,""
G2254,"ἡμῖν",Greek (NT),No,No,,""
G2255,"ἥμισυ",Greek (NT),No,No,,""
G2256,"ἡμιώριον",Greek (NT),No,No,,""
G2257,"ἡμῶν",Greek (NT),No,No,,""
G2258,"ἦν",Greek (NT),No,No,,""
G2259,"ἡνίκα",Greek (NT),No,No,,""
G2260,"ἤπερ",Greek (NT),No,No,,""
G2261,"ἤπιος",Greek (NT),No,No,,""
G2262,"Ἤρ",Greek (NT),No,No,,""
G2263,"ἤρεμος",Greek (NT),No,No,,""
G2264,"Ἡρώδης",Greek (NT),No,No,,""
G2265,"Ἡρωδιανοί",Greek (NT),No,No,,""
G2266,"Ἡρωδιάς",Greek (NT),No,No,,""
G2267,"Ἡρωδίων",Greek (NT),No,No,,""
G2268,"Ἡσαΐας",Greek (NT),No,No,,""
G2269,"Ἠσαῦ",Greek (NT),No,No,,""
G2270,"ἡσυχάζω",Greek (NT),No,No,,""
G2271,"ἡσυχία",Greek (NT),No,No,,""
G2272,"ἡσύχιος",Greek (NT),No,No,,""
G2273,"ἤτοι",Greek (NT),No,No,,""
G2274,"ἡττάω",Greek (NT),No,No,,""
G2275,"ἥττημα",Greek (NT),No,No,,""
G2276,"ἥττον",Greek (NT),No,No,,""
G2277,"ἤτω",Greek (NT),No,No,,""
G2278,"ἠχέω",Greek (NT),No,No,,""
G2279,"ἦχος",Greek (NT),No,No,,""
G2280,"Θαδδαῖος",Greek (NT),No,No,,""
G2281,"θάλασσα",Greek (NT),No,Yes,,""
G2282,"θάλπω",Greek (NT),No,No,,""
G2283,"Θάμαρ",Greek (NT),No,No,,""
G2284,"θαμβέω",Greek (NT),No,No,,""
G2285,"θάμβος",Greek (NT),No,No,,""
G2286,"θανάσιμος",Greek (NT),No,No,,""
G2287,"θανατήφορος",Greek (NT),No,No,,""
G2288,"θάνατος",Greek (NT),No,Yes,,""
G2289,"θανατόω",Greek (NT),No,No,,""
G2290,"θάπτω",Greek (NT),No,No,,""
G2291,"Θάρα",Greek (NT),No,No,,""
G2292,"θαῤῥέω",Greek (NT),No,No,,""
G2293,"θαρσέω",Greek (NT),No,Yes,,""
G2294,"θάρσος",Greek (NT),No,No,,""
G2295,"θαῦμα",Greek (NT),No,No,,""
G2296,"θαυμάζω",Greek (NT),No,Yes,,""
G2297,"θαυμάσιος",Greek (NT),No,No,,""
G2298,"θαυμαστός",Greek (NT),No,No,,""
G2299,"θεά",Greek (NT),No,No,,""
G2300,"θεάομαι",Greek (NT),No,No,,""
G2301,"θεατρίζω",Greek (NT),No,No,,""
G2302,"θέατρον",Greek (NT),No,No,,""
G2303,"θεῖον",Greek (NT),No,No,,""
G2304,"θεῖος",Greek (NT),No,No,,""
G2305,"θειότης",Greek (NT),No,No,,""
G2306,"θειώδης",Greek (NT),No,No,,""
G2307,"θέλημα",Greek (NT),No,Yes,,""
G2308,"θέλησις",Greek (NT),No,No,,""
G2309,"ἐθελέω",Greek (NT),No,Yes,,""
G2310,"θεμέλιος",Greek (NT),No,No,,""
G2311,"θεμελιόω",Greek (NT),No,No,,""
G2312,"θεοδίδακτος",Greek (NT),No,No,,""
G2313,"θεομαχέω",Greek (NT),No,No,,""
G2314,"θεομάχος",Greek (NT),No,No,,""
G2315,"θεόπνευστος",Greek (NT),No,No,,""
G2316,"θεός",Greek (NT),No,Yes,,""
G2317,"θεοσέβεια",Greek (NT),No,No,,""
G2318,"θεοσεβής",Greek (NT),No,No,,""
G2319,"θεοστυγής",Greek (NT),No,No,,""
G2320,"θεότης",Greek (NT),No,No,,""
G2321,"Θεόφιλος",Greek (NT),No,No,,""
G2322,"θεραπεία",Greek (NT),No,No,,""
G2323,"θεραπεύω",Greek (NT),No,Yes,,""
G2324,"θεράπων",Greek (NT),No,No,,""
G2325,"θερίζω",Greek (NT),No,No,,""
G2326,"θερισμός",Greek (NT),No,No,,""
G2327,"θεριστής",Greek (NT),No,No,,""
G2328,"θερμαίνω",Greek (NT),No,No,,""
G2329,"θέρμη",Greek (NT),No,No,,""
G2330,"θέρος",Greek (NT),No,No,,""
G2331,"Θεσσαλονικεύς",Greek (NT),No,No,,""
G2332,"Θεσσαλονίκη",Greek (NT),No,No,,""
G2333,"Θευδᾶς",Greek (NT),No,No,,""
G2334,"θεωρέω",Greek (NT),No,No,,""
G2335,"θεωρία",Greek (NT),No,No,,""
G2336,"θήκη",Greek (NT),No,No,,""
G2337,"θηλάζω",Greek (NT),No,No,,""
G2338,"θῆλυς",Greek (NT),No,No,,""
G2339,"θήρα",Greek (NT),No,No,,""
G2340,"θηρεύω",Greek (NT),No,No,,""
G2341,"θηριομαχέω",Greek (NT),No,No,,""
G2342,"θηρίον",Greek (NT),No,No,,""
G2343,"θησαυρίζω",Greek (NT),No,No,,""
G2344,"θησαυρός",Greek (NT),No,No,,""
G2345,"θιγγάνω",Greek (NT),No,No,,""
G2346,"θλίβω",Greek (NT),No,No,,""
G2347,"θλῖψις",Greek (NT),No,Yes,,""
G2348,"θνήσκω",Greek (NT),No,No,,""
G2349,"θνητός",Greek (NT),No,No,,""
G2350,"θορυβέω",Greek (NT),No,No,,""
G2351,"θόρυβος",Greek (NT),No,No,,""
G2352,"θραύω",Greek (NT),No,No,,""
G2353,"θρέμμα",Greek (NT),No,No,,""
G2354,"θρηνέω",Greek (NT),No,No,,""
G2355,"θρῆνος",Greek (NT),No,No,,""
G2356,"θρησκεία",Greek (NT),No,No,,""
G2357,"θρησκός",Greek (NT),No,No,,""
G2358,"θριαμβεύω",Greek (NT),No,No,,""
G2359,"θρίξ",Greek (NT),No,No,,""
G2360,"θροέω",Greek (NT),No,No,,""
G2361,"θρόμβος",Greek (NT),No,No,,""
G2362,"θρόνος",Greek (NT),No,No,,""
G2363,"Θυάτειρα",Greek (NT),No,No,,""
G2364,"θυγάτηρ",Greek (NT),No,No,,""
G2365,"θυγάτριον",Greek (NT),No,No,,""
G2366,"θύελλα",Greek (NT),No,No,,""
G2367,"θύϊνος",Greek (NT),No,No,,""
G2368,"θυμίαμα",Greek (NT),No,No,,""
G2369,"θυμιαστήριον",Greek (NT),No,No,,""
G2370,"θυμιάω",Greek (NT),No,No,,""
G2371,"θυμομαχέω",Greek (NT),No,No,,""
G2372,"θυμός",Greek (NT),No,Yes,,""
G2373,"θυμόω",Greek (NT),No,No,,""
G2374,"θύρα",Greek (NT),No,Yes,,""
G2375,"θυρεός",Greek (NT),No,No,,""
G2376,"θυρίς",Greek (NT),No,No,,""
G2377,"θυρωρός",Greek (NT),No,No,,""
G2378,"θυσία",Greek (NT),No,No,,""
G2379,"θυσιαστήριον",Greek (NT),No,No,,""
G2380,"θύω",Greek (NT),No,Yes,,""
G2381,"Θωμᾶς",Greek (NT),No,No,,""
G2382,"θώραξ",Greek (NT),No,No,,""
G2383,"Ἰάειρος",Greek (NT),No,No,,""
G2384,"Ἰακώβ",Greek (NT),No,No,,""
G2385,"Ἰάκωβος",Greek (NT),No,No,,""
G2386,"ἴαμα",Greek (NT),No,No,,""
G2387,"Ἰαμβρῆς",Greek (NT),No,No,,""
G2388,"Ἰαννά",Greek (NT),No,No,,""
G2389,"Ἰαννῆς",Greek (NT),No,No,,""
G2390,"ἰάομαι",Greek (NT),No,No,,""
G2391,"Ἰάρεδ",Greek (NT),No,No,,""
G2392,"ἴασις",Greek (NT),No,No,,""
G2393,"ἴασπις",Greek (NT),No,No,,""
G2394,"Ἰάσων",Greek (NT),No,No,,""
G2395,"ἰατρός",Greek (NT),No,No,,""
G2396,"ἴδε",Greek (NT),No,No,,""
G2397,"ἰδέα",Greek (NT),No,No,,""
G2398,"ἴδιος",Greek (NT),No,Yes,,""
G2399,"ἰδιώτης",Greek (NT),No,No,,""
G2400,"ἰδού",Greek (NT),No,No,,""
G2401,"Ἰδουμαία",Greek (NT),No,No,,""
G2402,"ἱδρώς",Greek (NT),No,No,,""
G2403,"Ἰεζαβήλ",Greek (NT),No,No,,""
G2404,"Ἱεράπολις",Greek (NT),No,No,,""
G2405,"ἱερατεία",Greek (NT),No,No,,""
G2406,"ἱεράτευμα",Greek (NT),No,No,,""
G2407,"ἱερατεύω",Greek (NT),No,No,,""
G2408,"Ἱερεμίας",Greek (NT),No,No,,""
G2409,"ἱερεύς",Greek (NT),No,Yes,,""
G2410,"Ἱεριχώ",Greek (NT),No,No,,""
G2411,"ἱερόν",Greek (NT),No,Yes,,""
G2412,"ἱεροπρεπής",Greek (NT),No,No,,""
G2413,"ἱερός",Greek (NT),No,No,,""
G2414,"Ἱεροσόλυμα",Greek (NT),No,No,,""
G2415,"Ἱεροσολυμίτης",Greek (NT),No,No,,""
G2416,"ἱεροσυλέω",Greek (NT),No,No,,""
G2417,"ἱερόσυλος",Greek (NT),No,No,,""
G2418,"ἱερουργέω",Greek (NT),No,No,,""
G2419,"Ἱερουσαλήμ",Greek (NT),No,No,,""
G2420,"ἱερωσύνη",Greek (NT),No,No,,""
G2421,"Ἰεσσαί",Greek (NT),No,No,,""
G2422,"Ἰεφθάε",Greek (NT),No,No,,""
G2423,"Ἰεχονίας",Greek (NT),No,No,,""
G2424,"Ἰησοῦς",Greek (NT),No,Yes,,""
G2425,"ἱκανός",Greek (NT),No,No,,""
G2426,"ἱκανότης",Greek (NT),No,No,,""
G2427,"ἱκανόω",Greek (NT),No,No,,""
G2428,"ἱκετηρία",Greek (NT),No,No,,""
G2429,"ἱκμάς",Greek (NT),No,No,,""
G2430,"Ἰκόνιον",Greek (NT),No,No,,""
G2431,"ἱλαρός",Greek (NT),No,No,,""
G2432,"ἱλαρότης",Greek (NT),No,No,,""
G2433,"ἱλάσκομαι",Greek (NT),No,No,,""
G2434,"ἱλασμός",Greek (NT),No,No,,""
G2435,"ἱλαστήριον",Greek (NT),No,Yes,,""
G2436,"ἵλεως",Greek (NT),No,No,,""
G2437,"Ἰλλυρικόν",Greek (NT),No,No,,""
G2438,"ἱμάς",Greek (NT),No,No,,""
G2439,"ἱματίζω",Greek (NT),No,No,,""
G2440,"ἱμάτιον",Greek (NT),No,No,,""
G2441,"ἱματισμός",Greek (NT),No,No,,""
G2442,"ἱμείρομαι",Greek (NT),No,No,,""
G2443,"ἵνα",Greek (NT),No,No,,""
G2444,"ἱνατί",Greek (NT),No,No,,""
G2445,"Ἰόππη",Greek (NT),No,No,,""
G2446,"Ἰορδάνης",Greek (NT),No,No,,""
G2447,"ἰός",Greek (NT),No,No,,""
G2448,"Ἰουδά",Greek (NT),No,No,,""
G2449,"Ἰουδαία",Greek (NT),No,No,,""
G2450,"Ἰουδαΐζω",Greek (NT),No,No,,""
G2451,"Ἰουδαϊκός",Greek (NT),No,No,,""
G2452,"Ἰουδαϊκῶς",Greek (NT),No,No,,""
G2453,"Ἰουδαῖος",Greek (NT),No,No,,""
G2454,"Ἰουδαϊσμός",Greek (NT),No,No,,""
G2455,"Ἰούδας",Greek (NT),No,No,,""
G2456,"Ἰουλία",Greek (NT),No,No,,""
G2457,"Ἰούλιος",Greek (NT),No,No,,""
G2458,"Ἰουνιᾶς",Greek (NT),No,No,,""
G2459,"Ἰοῦστος",Greek (NT),No,No,,""
G2460,"ἱππεύς",Greek (NT),No,No,,""
G2461,"ἱππικόν",Greek (NT),No,No,,""
G2462,"ἵππος",Greek (NT),No,No,,""
G2463,"ἶρις",Greek (NT),No,No,,""
G2464,"Ἰσαάκ",Greek (NT),No,No,,""
G2465,"ἰσάγγελος",Greek (NT),No,No,,""
G2466,"Ἰσαχάρ",Greek (NT),No,No,,""
G2467,"ἴσημι",Greek (NT),No,No,,""
G2468,"ἴσθι",Greek (NT),No,No,,""
G2469,"Ἰσκαριώτης",Greek (NT),No,No,,""
G2470,"ἴσος",Greek (NT),No,No,,""
G2471,"ἰσότης",Greek (NT),No,No,,""
G2472,"ἰσότιμος",Greek (NT),No,No,,""
G2473,"ἰσόψυχος",Greek (NT),No,No,,""
G2474,"Ἰσραήλ",Greek (NT),No,Yes,,""
G2475,"Ἰσραηλίτης",Greek (NT),No,No,,""
G2476,"ἵστημι",Greek (NT),No,Yes,,""
G2477,"ἱστορέω",Greek (NT),No,No,,""
G2478,"ἰσχυρός",Greek (NT),No,No,,""
G2479,"ἰσχύς",Greek (NT),No,Yes,,""
G2480,"ἰσχύω",Greek (NT),No,No,,""
G2481,"ἴσως",Greek (NT),No,No,,""
G2482,"Ἰταλία",Greek (NT),No,No,,""
G2483,"Ἰταλικός",Greek (NT),No,No,,""
G2484,"Ἰτουραΐα",Greek (NT),No,No,,""
G2485,"ἰχθύδιον",Greek (NT),No,No,,""
G2486,"ἰχθύς",Greek (NT),No,No,,""
G2487,"ἴχνος",Greek (NT),No,No,,""
G2488,"Ἰωάθαμ",Greek (NT),No,No,,""
G2489,"Ἰωάννα",Greek (NT),No,No,,""
G2490,"Ἰωαννᾶς",Greek (NT),No,No,,""
G2491,"Ἰωάννης",Greek (NT),No,No,,""
G2492,"Ἰώβ",Greek (NT),No,No,,""
G2493,"Ἰωήλ",Greek (NT),No,No,,""
G2494,"Ἰωνάν",Greek (NT),No,No,,""
G2495,"Ἰωνᾶς",Greek (NT),No,No,,""
G2496,"Ἰωράμ",Greek (NT),No,No,,""
G2497,"Ἰωρείμ",Greek (NT),No,No,,""
G2498,"Ἰωσαφάτ",Greek (NT),No,No,,""
G2499,"Ἰωσή",Greek (NT),No,No,,""
G2500,"Ἰωσῆς",Greek (NT),No,No,,""
G2501,"Ἰωσήφ",Greek (NT),No,No,,""
G2502,"Ἰωσίας",Greek (NT),No,No,,""
G2503,"ἰῶτα",Greek (NT),No,No,,""
G2504,"κἀγώ",Greek (NT),No,No,,""
G2505,"καθά",Greek (NT),No,No,,""
G2506,"καθαίρεσις",Greek (NT),No,No,,""
G2507,"καθαιρέω",Greek (NT),No,No,,""
G2508,"καθαίρω",Greek (NT),No,No,,""
G2509,"καθάπερ",Greek (NT),No,No,,""
G2510,"καθάπτω",Greek (NT),No,No,,""
G2511,"καθαρίζω",Greek (NT),No,No,,""
G2512,"καθαρισμός",Greek (NT),No,No,,""
G2513,"καθαρός",Greek (NT),No,No,,""
G2514,"καθαρότης",Greek (NT),No,No,,""
G2515,"καθέδρα",Greek (NT),No,No,,""
G2516,"καθέζομαι",Greek (NT),No,No,,""
G2517,"καθεξῆς",Greek (NT),No,No,,""
G2518,"καθεύδω",Greek (NT),No,No,,""
G2519,"καθηγητής",Greek (NT),No,No,,""
G2520,"καθήκω",Greek (NT),No,No,,""
G2521,"κάθημαι",Greek (NT),No,No,,""
G2522,"καθημερινός",Greek (NT),No,No,,""
G2523,"καθίζω",Greek (NT),No,No,,""
G2524,"καθίημι",Greek (NT),No,No,,""
G2525,"καθίστημι",Greek (NT),No,No,,""
G2526,"καθό",Greek (NT),No,No,,""
G2527,"καθόλου",Greek (NT),No,No,,""
G2528,"καθοπλίζω",Greek (NT),No,No,,""
G2529,"καθοράω",Greek (NT),No,No,,""
G2530,"καθότι",Greek (NT),No,No,,""
G2531,"καθώς",Greek (NT),No,No,,""
G2532,"καί",Greek (NT),No,No,,""
G2533,"Καϊάφας",Greek (NT),No,No,,""
G2534,"καίγε",Greek (NT),No,No,,""
G2535,"Κάϊν",Greek (NT),No,No,,""
G2536,"Καϊνάν",Greek (NT),No,No,,""
G2537,"καινός",Greek (NT),No,No,,""
G2538,"καινότης",Greek (NT),No,No,,""
G2539,"καίπερ",Greek (NT),No,No,,""
G2540,"καιρός",Greek (NT),No,Yes,,""
G2541,"Καῖσαρ",Greek (NT),No,No,,""
G2542,"Καισάρεια",Greek (NT),No,No,,""
G2543,"καίτοι",Greek (NT),No,No,,""
G2544,"καίτοιγε",Greek (NT),No,No,,""
G2545,"καίω",Greek (NT),No,No,,""
G2546,"κἀκεῖ",Greek (NT),No,No,,""
G2547,"κἀκεῖθεν",Greek (NT),No,No,,""
G2548,"κἀκεῖνος",Greek (NT),No,No,,""
G2549,"κακία",Greek (NT),No,No,,""
G2550,"κακοήθεια",Greek (NT),No,No,,""
G2551,"κακολογέω",Greek (NT),No,No,,""
G2552,"κακοπάθεια",Greek (NT),No,No,,""
G2553,"κακοπαθέω",Greek (NT),No,No,,""
G2554,"κακοποιέω",Greek (NT),No,No,,""
G2555,"κακοποιός",Greek (NT),No,No,,""
G2556,"κακός",Greek (NT),No,Yes,,""
G2557,"κακοῦργος",Greek (NT),No,No,,""
G2558,"κακουχέω",Greek (NT),No,No,,""
G2559,"κακόω",Greek (NT),No,No,,""
G2560,"κακῶς",Greek (NT),No,No,,""
G2561,"κάκωσις",Greek (NT),No,No,,""
G2562,"καλάμη",Greek (NT),No,No,,""
G2563,"κάλαμος",Greek (NT),No,No,,""
G2564,"καλέω",Greek (NT),No,Yes,,""
G2565,"καλλιέλαιος",Greek (NT),No,No,,""
G2566,"καλλίον",Greek (NT),No,No,,""
G2567,"καλοδιδάσκαλος",Greek (NT),No,No,,""
G2568,"Καλοὶ Λιμένες",Greek (NT),No,No,,""
G2569,"καλοποιέω",Greek (NT),No,No,,""
G2570,"καλός",Greek (NT),No,No,,""
G2571,"κάλυμα",Greek (NT),No,No,,""
G2572,"καλύπτω",Greek (NT),No,No,,""
G2573,"καλῶς",Greek (NT),No,No,,""
G2574,"κάμηλος",Greek (NT),No,No,,""
G2575,"κάμινος",Greek (NT),No,No,,""
G2576,"καμμύω",Greek (NT),No,No,,""
G2577,"κάμνω",Greek (NT),No,No,,""
G2578,"κάμπτω",Greek (NT),No,No,,""
G2579,"κἄν",Greek (NT),No,No,,""
G2580,"Κανᾶ",Greek (NT),No,No,,""
G2581,"Κανανίτης",Greek (NT),No,No,,""
G2582,"Κανδάκη",Greek (NT),No,No,,""
G2583,"κανών",Greek (NT),No,No,,""
G2584,"Καπερναούμ",Greek (NT),No,No,,""
G2585,"καπηλεύω",Greek (NT),No,No,,""
G2586,"καπνός",Greek (NT),No,No,,""
G2587,"Καππαδοκία",Greek (NT),No,No,,""
G2588,"καρδία",Greek (NT),No,Yes,,""
G2589,"καρδιογνώστης",Greek (NT),No,No,,""
G2590,"καρπός",Greek (NT),No,No,,""
G2591,"Κάρπος",Greek (NT),No,No,,""
G2592,"καρποφορέω",Greek (NT),No,No,,""
G2593,"καρποφόρος",Greek (NT),No,No,,""
G2594,"καρτερέω",Greek (NT),No,No,,""
G2595,"κάρφος",Greek (NT),No,No,,""
G2596,"κατά",Greek (NT),No,Yes,,""
G2597,"καταβαίνω",Greek (NT),No,No,,""
G2598,"καταβάλλω",Greek (NT),No,No,,""
G2599,"καταβαρέω",Greek (NT),No,No,,""
G2600,"κατάβασις",Greek (NT),No,No,,""
G2601,"καταβιβάζω",Greek (NT),No,No,,""
G2602,"καταβολή",Greek (NT),No,No,,""
G2603,"καταβραβεύω",Greek (NT),No,No,,""
G2604,"καταγγελεύς",Greek (NT),No,No,,""
G2605,"καταγγέλλω",Greek (NT),No,No,,""
G2606,"καταγελάω",Greek (NT),No,No,,""
G2607,"καταγινώσκω",Greek (NT),No,No,,""
G2608,"κατάγνυμι",Greek (NT),No,No,,""
G2609,"κατάγω",Greek (NT),No,No,,""
G2610,"καταγωνίζομαι",Greek (NT),No,No,,""
G2611,"καταδέω",Greek (NT),No,No,,""
G2612,"κατάδηλος",Greek (NT),No,No,,""
G2613,"καταδικάζω",Greek (NT),No,No,,""
G2614,"καταδιώκω",Greek (NT),No,No,,""
G2615,"καταδουλόω",Greek (NT),No,No,,""
G2616,"καταδυναστεύω",Greek (NT),No,No,,""
G2617,"καταισχύνω",Greek (NT),No,No,,""
G2618,"κατακαίω",Greek (NT),No,No,,""
G2619,"κατακαλύπτω",Greek (NT),No,No,,""
G2620,"κατακαυχάομαι",Greek (NT),No,No,,""
G2621,"κατάκειμαι",Greek (NT),No,No,,""
G2622,"κατακλάω",Greek (NT),No,No,,""
G2623,"κατακλείω",Greek (NT),No,No,,""
G2624,"κατακληροδοτέω",Greek (NT),No,No,,""
G2625,"κατακλίνω",Greek (NT),No,No,,""
G2626,"κατακλύζω",Greek (NT),No,No,,""
G2627,"κατακλυσμός",Greek (NT),No,No,,""
G2628,"κατακολουθέω",Greek (NT),No,No,,""
G2629,"κατακόπτω",Greek (NT),No,No,,""
G2630,"κατακρημνίζω",Greek (NT),No,No,,""
G2631,"κατάκριμα",Greek (NT),No,No,,""
G2632,"κατακρίνω",Greek (NT),No,Yes,,""
G2633,"κατάκρισις",Greek (NT),No,No,,""
G2634,"κατακυριεύω",Greek (NT),No,No,,""
G2635,"καταλαλέω",Greek (NT),No,No,,""
G2636,"καταλαλία",Greek (NT),No,No,,""
G2637,"κατάλαλος",Greek (NT),No,No,,""
G2638,"καταλαμβάνω",Greek (NT),No,No,,""
G2639,"καταλέγω",Greek (NT),No,No,,""
G2640,"κατάλειμμα",Greek (NT),No,No,,""
G2641,"καταλείπω",Greek (NT),No,No,,""
G2642,"καταλιθάζω",Greek (NT),No,No,,""
G2643,"καταλλαγή",Greek (NT),No,No,,""
G2644,"καταλλάσσω",Greek (NT),No,No,,""
G2645,"κατάλοιπος",Greek (NT),No,No,,""
G2646,"κατάλυμα",Greek (NT),No,No,,""
G2647,"καταλύω",Greek (NT),No,No,,""
G2648,"καταμανθάνω",Greek (NT),No,No,,""
G2649,"καταμαρτυρέω",Greek (NT),No,No,,""
G2650,"καταμένω",Greek (NT),No,No,,""
G2651,"καταμόνας",Greek (NT),No,No,,""
G2652,"κατανάθεμα",Greek (NT),No,No,,""
G2653,"καταναθεματίζω",Greek (NT),No,No,,""
G2654,"καταναλίσκω",Greek (NT),No,No,,""
G2655,"καταναρκάω",Greek (NT),No,No,,""
G2656,"κατανεύω",Greek (NT),No,No,,""
G2657,"κατανοέω",Greek (NT),No,No,,""
G2658,"καταντάω",Greek (NT),No,No,,""
G2659,"κατάνυξις",Greek (NT),No,No,,""
G2660,"κατανύσσω",Greek (NT),No,No,,""
G2661,"καταξιόω",Greek (NT),No,No,,""
G2662,"καταπατέω",Greek (NT),No,No,,""
G2663,"κατάπαυσις",Greek (NT),No,No,,""
G2664,"καταπαύω",Greek (NT),No,No,,""
G2665,"καταπέτασμα",Greek (NT),No,No,,""
G2666,"καταπίνω",Greek (NT),No,No,,""
G2667,"καταπίπτω",Greek (NT),No,No,,""
G2668,"καταπλέω",Greek (NT),No,No,,""
G2669,"καταπονέω",Greek (NT),No,No,,""
G2670,"καταποντίζω",Greek (NT),No,No,,""
G2671,"κατάρα",Greek (NT),No,No,,""
G2672,"καταράομαι",Greek (NT),No,No,,""
G2673,"καταργέω",Greek (NT),No,No,,""
G2674,"καταριθμέω",Greek (NT),No,No,,""
G2675,"καταρτίζω",Greek (NT),No,No,,""
G2676,"κατάρτισις",Greek (NT),No,No,,""
G2677,"καταρτισμός",Greek (NT),No,No,,""
G2678,"κατασείω",Greek (NT),No,No,,""
G2679,"κατασκάπτω",Greek (NT),No,No,,""
G2680,"κατασκευάζω",Greek (NT),No,No,,""
G2681,"κατασκηνόω",Greek (NT),No,No,,""
G2682,"κατασκήνωσις",Greek (NT),No,No,,""
G2683,"κατασκιάζω",Greek (NT),No,No,,""
G2684,"κατασκοπέω",Greek (NT),No,No,,""
G2685,"κατάσκοπος",Greek (NT),No,No,,""
G2686,"κατασοφίζομαι",Greek (NT),No,No,,""
G2687,"καταστέλλω",Greek (NT),No,No,,""
G2688,"κατάστημα",Greek (NT),No,No,,""
G2689,"καταστολή",Greek (NT),No,No,,""
G2690,"καταστρέφω",Greek (NT),No,No,,""
G2691,"καταστρηνιάω",Greek (NT),No,No,,""
G2692,"καταστροφή",Greek (NT),No,No,,""
G2693,"καταστρώννυμι",Greek (NT),No,No,,""
G2694,"κατασύρω",Greek (NT),No,No,,""
G2695,"κατασφάττω",Greek (NT),No,No,,""
G2696,"κατασφραγίζω",Greek (NT),No,No,,""
G2697,"κατάσχεσις",Greek (NT),No,No,,""
G2698,"κατατίθημι",Greek (NT),No,No,,""
G2699,"κατατομή",Greek (NT),No,No,,""
G2700,"κατατοξεύω",Greek (NT),No,No,,""
G2701,"κατατρέχω",Greek (NT),No,No,,""
G2702,"καταφέρω",Greek (NT),No,No,,""
G2703,"καταφεύγω",Greek (NT),No,No,,""
G2704,"καταφθείρω",Greek (NT),No,No,,""
G2705,"καταφιλέω",Greek (NT),No,No,,""
G2706,"καταφρονέω",Greek (NT),No,No,,""
G2707,"καταφροντής",Greek (NT),No,No,,""
G2708,"καταχέω",Greek (NT),No,No,,""
G2709,"καταχθόνιος",Greek (NT),No,No,,""
G2710,"καταχράομαι",Greek (NT),No,No,,""
G2711,"καταψύχω",Greek (NT),No,No,,""
G2712,"κατείδωλος",Greek (NT),No,No,,""
G2713,"κατέναντι",Greek (NT),No,No,,""
G2714,"κατενώπιον",Greek (NT),No,No,,""
G2715,"κατεξουσιάζω",Greek (NT),No,No,,""
G2716,"κατεργάζομαι",Greek (NT),No,No,,""
G2718,"κατέρχομαι",Greek (NT),No,No,,""
G2719,"κατεσθίω",Greek (NT),No,No,,""
G2720,"κατευθύνω",Greek (NT),No,No,,""
G2721,"κατεφίστημι",Greek (NT),No,No,,""
G2722,"κατέχω",Greek (NT),No,No,,""
G2723,"κατηγορέω",Greek (NT),No,No,,""
G2724,"κατηγορία",Greek (NT),No,No,,""
G2725,"κατήγορος",Greek (NT),No,No,,""
G2726,"κατήφεια",Greek (NT),No,No,,""
G2727,"κατηχέω",Greek (NT),No,No,,""
G2728,"κατιόω",Greek (NT),No,No,,""
G2729,"κατισχύω",Greek (NT),No,No,,""
G2730,"κατοικέω",Greek (NT),No,No,,""
G2731,"κατοίκησις",Greek (NT),No,No,,""
G2732,"κατοικητήριον",Greek (NT),No,No,,""
G2733,"κατοικία",Greek (NT),No,No,,""
G2734,"κατοπτρίζομαι",Greek (NT),No,No,,""
G2735,"κατόρθωμα",Greek (NT),No,No,,""
G2736,"κατωτέρω",Greek (NT),No,No,,""
G2737,"κατώτερος",Greek (NT),No,No,,""
G2738,"καῦμα",Greek (NT),No,No,,""
G2739,"καυματίζω",Greek (NT),No,No,,""
G2740,"καῦσις",Greek (NT),No,No,,""
G2741,"καυσόω",Greek (NT),No,No,,""
G2742,"καύσων",Greek (NT),No,No,,""
G2743,"καυτηριάζω",Greek (NT),No,No,,""
G2744,"καυχάομαι",Greek (NT),No,No,,""
G2745,"καύχημα",Greek (NT),No,No,,""
G2746,"καύχησις",Greek (NT),No,Yes,,""
G2747,"Κεγχρεαί",Greek (NT),No,No,,""
G2748,"Κεδρών",Greek (NT),No,No,,""
G2749,"κεῖμαι",Greek (NT),No,Yes,,""
G2750,"κειρία",Greek (NT),No,No,,""
G2751,"κείρω",Greek (NT),No,No,,""
G2752,"κέλευμα",Greek (NT),No,No,,""
G2753,"κελεύω",Greek (NT),No,No,,""
G2754,"κενοδοξία",Greek (NT),No,No,,""
G2755,"κενόδοξος",Greek (NT),No,No,,""
G2756,"κενός",Greek (NT),No,No,,""
G2757,"κενοφωνία",Greek (NT),No,No,,""
G2758,"κενόω",Greek (NT),No,No,,""
G2759,"κέντρον",Greek (NT),No,No,,""
G2760,"κεντυρίων",Greek (NT),No,No,,""
G2761,"κενῶς",Greek (NT),No,No,,""
G2762,"κεραία",Greek (NT),No,No,,""
G2763,"κεραμεύς",Greek (NT),No,No,,""
G2764,"κεραμικός",Greek (NT),No,No,,""
G2765,"κεράμιον",Greek (NT),No,No,,""
G2766,"κέραμος",Greek (NT),No,No,,""
G2767,"κεράννυμι",Greek (NT),No,No,,""
G2768,"κέρας",Greek (NT),No,No,,""
G2769,"κεράτιον",Greek (NT),No,No,,""
G2770,"κερδαίνω",Greek (NT),No,No,,""
G2771,"κέρδος",Greek (NT),No,No,,""
G2772,"κέρμα",Greek (NT),No,No,,""
G2773,"κερματιστής",Greek (NT),No,No,,""
G2774,"κεφάλαιον",Greek (NT),No,No,,""
G2775,"κεφαλαιόω",Greek (NT),No,No,,""
G2776,"κεφαλή",Greek (NT),No,No,,""
G2777,"κεφαλίς",Greek (NT),No,No,,""
G2778,"κῆνσος",Greek (NT),No,No,,""
G2779,"κῆπος",Greek (NT),No,No,,""
G2780,"κηπουρός",Greek (NT),No,Yes,,""
G2781,"κηρίον",Greek (NT),No,No,,""
G2782,"κήρυγμα",Greek (NT),No,No,,""
G2783,"κῆρυξ",Greek (NT),No,No,,""
G2784,"κηρύσσω",Greek (NT),No,Yes,,""
G2785,"κῆτος",Greek (NT),No,No,,""
G2786,"Κηφᾶς",Greek (NT),No,No,,""
G2787,"κιβωτός",Greek (NT),No,No,,""
G2788,"κιθάρα",Greek (NT),No,No,,""
G2789,"κιθαρίζω",Greek (NT),No,No,,""
G2790,"κιθαρῳδός",Greek (NT),No,No,,""
G2791,"Κιλικία",Greek (NT),No,No,,""
G2792,"κινάμωμον",Greek (NT),No,No,,""
G2793,"κινδυνεύω",Greek (NT),No,No,,""
G2794,"κίνδυνος",Greek (NT),No,No,,""
G2795,"κινέω",Greek (NT),No,No,,""
G2796,"κίνησις",Greek (NT),No,No,,""
G2797,"Κίς",Greek (NT),No,No,,""
G2798,"κλάδος",Greek (NT),No,No,,""
G2799,"κλαίω",Greek (NT),No,No,,""
G2800,"κλάσις",Greek (NT),No,No,,""
G2801,"κλάσμα",Greek (NT),No,No,,""
G2802,"Κλαύδη",Greek (NT),No,No,,""
G2803,"Κλαυδία",Greek (NT),No,No,,""
G2804,"Κλαύδιος",Greek (NT),No,No,,""
G2805,"κλαυθμός",Greek (NT),No,No,,""
G2806,"κλάω",Greek (NT),No,No,,""
G2807,"κλείς",Greek (NT),No,No,,""
G2808,"κλείω",Greek (NT),No,No,,""
G2809,"κλέμμα",Greek (NT),No,No,,""
G2810,"Κλεόπας",Greek (NT),No,No,,""
G2811,"κλέος",Greek (NT),No,No,,""
G2812,"κλέπτης",Greek (NT),No,No,,""
G2813,"κλέπτω",Greek (NT),No,No,,""
G2814,"κλῆμα",Greek (NT),No,No,,""
G2815,"Κλήμης",Greek (NT),No,No,,""
G2816,"κληρονομέω",Greek (NT),No,No,,""
G2817,"κληρονομία",Greek (NT),No,No,,""
G2818,"κληρονόμος",Greek (NT),No,No,,""
G2819,"κλῆρος",Greek (NT),No,Yes,,""
G2820,"κληρόω",Greek (NT),No,No,,""
G2821,"κλῆσις",Greek (NT),No,No,,""
G2822,"κλητός",Greek (NT),No,No,,""
G2823,"κλίβανος",Greek (NT),No,No,,""
G2824,"κλίμα",Greek (NT),No,No,,""
G2825,"κλίνη",Greek (NT),No,No,,""
G2826,"κλινίδιον",Greek (NT),No,No,,""
G2827,"κλίνω",Greek (NT),No,No,,""
G2828,"κλισία",Greek (NT),No,No,,""
G2829,"κλοπή",Greek (NT),No,No,,""
G2830,"κλύδων",Greek (NT),No,No,,""
G2831,"κλυδωνίζομαι",Greek (NT),No,No,,""
G2832,"Κλωπᾶς",Greek (NT),No,No,,""
G2833,"κνήθω",Greek (NT),No,No,,""
G2834,"Κνίδος",Greek (NT),No,No,,""
G2835,"κοδράντης",Greek (NT),No,No,,""
G2836,"κοιλία",Greek (NT),No,No,,""
G2837,"κοιμάω",Greek (NT),No,No,,""
G2838,"κοίμησις",Greek (NT),No,No,,""
G2839,"κοινός",Greek (NT),No,No,,""
G2840,"κοινόω",Greek (NT),No,No,,""
G2841,"κοινωνέω",Greek (NT),No,No,,""
G2842,"κοινωνία",Greek (NT),No,Yes,,""
G2843,"κοινωνικός",Greek (NT),No,No,,""
G2844,"κοινωνός",Greek (NT),No,No,,""
G2845,"κοίτη",Greek (NT),No,No,,""
G2846,"κοιτών",Greek (NT),No,No,,""
G2847,"κόκκινος",Greek (NT),No,No,,""
G2848,"κόκκος",Greek (NT),No,No,,""
G2849,"κολάζω",Greek (NT),No,No,,""
G2850,"κολακεία",Greek (NT),No,No,,""
G2851,"κόλασις",Greek (NT),No,No,,""
G2852,"κολαφίζω",Greek (NT),No,No,,""
G2853,"κολλάω",Greek (NT),No,No,,""
G2854,"κολλούριον",Greek (NT),No,No,,""
G2855,"κολλυβιστής",Greek (NT),No,No,,""
G2856,"κολοβόω",Greek (NT),No,No,,""
G2857,"Κολοσσαί",Greek (NT),No,No,,""
G2858,"Κολοσσαεύς",Greek (NT),No,No,,""
G2859,"κόλπος",Greek (NT),No,No,,""
G2860,"κολυμβάω",Greek (NT),No,No,,""
G2861,"κολυμβήθρα",Greek (NT),No,No,,""
G2862,"κολωνία",Greek (NT),No,No,,""
G2863,"κομάω",Greek (NT),No,No,,""
G2864,"κόμη",Greek (NT),No,No,,""
G2865,"κομίζω",Greek (NT),No,No,,""
G2866,"κομψότερον",Greek (NT),No,No,,""
G2867,"κονιάω",Greek (NT),No,No,,""
G2868,"κονιορτός",Greek (NT),No,No,,""
G2869,"κοπάζω",Greek (NT),No,No,,""
G2870,"κοπετός",Greek (NT),No,No,,""
G2871,"κοπή",Greek (NT),No,No,,""
G2872,"κοπιάω",Greek (NT),No,No,,""
G2873,"κόπος",Greek (NT),No,No,,""
G2874,"κοπρία",Greek (NT),No,No,,""
G2875,"κόπτω",Greek (NT),No,No,,""
G2876,"κόραξ",Greek (NT),No,No,,""
G2877,"κοράσιον",Greek (NT),No,No,,""
G2878,"κορβανᾶς",Greek (NT),No,No,,""
G2879,"Κορέ",Greek (NT),No,No,,""
G2880,"κορέννυμι",Greek (NT),No,No,,""
G2881,"Κορίνθιος",Greek (NT),No,No,,""
G2882,"Κόρινθος",Greek (NT),No,No,,""
G2883,"Κορνήλιος",Greek (NT),No,No,,""
G2884,"κόρος",Greek (NT),No,No,,""
G2885,"κοσμέω",Greek (NT),No,No,,""
G2886,"κοσμικός",Greek (NT),No,No,,""
G2887,"κόσμιος",Greek (NT),No,No,,""
G2888,"κοσμοκράτωρ",Greek (NT),No,No,,""
G2889,"κόσμος",Greek (NT),No,Yes,,""
G2890,"Κούαρτος",Greek (NT),No,No,,""
G2891,"κοῦμι",Greek (NT),No,No,,""
G2892,"κουστωδία",Greek (NT),No,No,,""
G2893,"κουφίζω",Greek (NT),No,No,,""
G2894,"κόφινος",Greek (NT),No,No,,""
G2895,"κράββατος",Greek (NT),No,No,,""
G2896,"κράζω",Greek (NT),No,No,,""
G2897,"κραιπάλη",Greek (NT),No,No,,""
G2898,"κρανίον",Greek (NT),No,No,,""
G2899,"κράσπεδον",Greek (NT),No,No,,""
G2900,"κραταιός",Greek (NT),No,No,,""
G2901,"κραταιόω",Greek (NT),No,No,,""
G2902,"κρατέω",Greek (NT),No,No,,""
G2903,"κράτιστος",Greek (NT),No,No,,""
G2904,"κράτος",Greek (NT),No,No,,""
G2905,"κραυγάζω",Greek (NT),No,No,,""
G2906,"κραυγή",Greek (NT),No,No,,""
G2907,"κρέας",Greek (NT),No,No,,""
G2908,"κρεῖσσον",Greek (NT),No,No,,""
G2909,"κρείττων",Greek (NT),No,No,,""
G2910,"κρεμάννυμι",Greek (NT),No,No,,""
G2911,"κρημνός",Greek (NT),No,No,,""
G2912,"Κρής",Greek (NT),No,No,,""
G2913,"Κρήσκης",Greek (NT),No,No,,""
G2914,"Κρήτη",Greek (NT),No,No,,""
G2915,"κριθή",Greek (NT),No,No,,""
G2916,"κρίθινος",Greek (NT),No,No,,""
G2917,"κρίμα",Greek (NT),No,No,,""
G2918,"κρίνον",Greek (NT),No,No,,""
G2919,"κρίνω",Greek (NT),No,Yes,,""
G2920,"κρίσις",Greek (NT),No,No,,""
G2921,"Κρίσπος",Greek (NT),No,No,,""
G2922,"κριτήριον",Greek (NT),No,No,,""
G2923,"κριτής",Greek (NT),No,No,,""
G2924,"κριτικός",Greek (NT),No,No,,""
G2925,"κρούω",Greek (NT),No,No,,""
G2926,"κρύπτη",Greek (NT),No,No,,""
G2927,"κρυπτός",Greek (NT),No,No,,""
G2928,"κρύπτω",Greek (NT),No,No,,""
G2929,"κρυσταλλίζω",Greek (NT),No,No,,""
G2930,"κρύσταλλος",Greek (NT),No,No,,""
G2931,"κρυφῆ",Greek (NT),No,No,,""
G2932,"κτάομαι",Greek (NT),No,No,,""
G2933,"κτῆμα",Greek (NT),No,No,,""
G2934,"κτῆνος",Greek (NT),No,No,,""
G2935,"κτήτωρ",Greek (NT),No,Yes,,""
G2936,"κτίζω",Greek (NT),No,No,,""
G2937,"κτίσις",Greek (NT),No,No,,""
G2938,"κτίσμα",Greek (NT),No,No,,""
G2939,"κτίστης",Greek (NT),No,No,,""
G2940,"κυβεία",Greek (NT),No,No,,""
G2941,"κυβέρνησις",Greek (NT),No,No,,""
G2942,"κυβερνήτης",Greek (NT),No,No,,""
G2943,"κυκλόθεν",Greek (NT),No,No,,""
G2944,"κυκλόω",Greek (NT),No,No,,""
G2945,"κύκλῳ",Greek (NT),No,No,,""
G2946,"κύλισμα",Greek (NT),No,No,,""
G2947,"κυλιόω",Greek (NT),No,No,,""
G2948,"κυλλός",Greek (NT),No,No,,""
G2949,"κῦμα",Greek (NT),No,No,,""
G2950,"κύμβαλον",Greek (NT),No,No,,""
G2951,"κύμινον",Greek (NT),No,No,,""
G2952,"κυνάριον",Greek (NT),No,No,,""
G2953,"Κύπριος",Greek (NT),No,No,,""
G2954,"Κύπρος",Greek (NT),No,No,,""
G2955,"κύπτω",Greek (NT),No,No,,""
G2956,"Κυρηναῖος",Greek (NT),No,No,,""
G2957,"Κυρήνη",Greek (NT),No,No,,""
G2958,"Κυρήνιος",Greek (NT),No,No,,""
G2959,"Κυρία",Greek (NT),No,No,,""
G2960,"κυριακός",Greek (NT),No,No,,""
G2961,"κυριεύω",Greek (NT),No,No,,""
G2962,"κύριος",Greek (NT),No,Yes,,""
G2963,"κυριότης",Greek (NT),No,No,,""
G2964,"κυρόω",Greek (NT),No,No,,""
G2965,"κύων",Greek (NT),No,No,,""
G2966,"κῶλον",Greek (NT),No,No,,""
G2967,"κωλύω",Greek (NT),No,No,,""
G2968,"κώμη",Greek (NT),No,No,,""
G2969,"κωμόπολις",Greek (NT),No,No,,""
G2970,"κῶμος",Greek (NT),No,No,,""
G2971,"κώνωψ",Greek (NT),No,No,,""
G2972,"Κώς",Greek (NT),No,No,,""
G2973,"Κωσάμ",Greek (NT),No,No,,""
G2974,"κωφός",Greek (NT),No,No,,""
G2975,"λαγχάνω",Greek (NT),No,No,,""
G2976,"Λάζαρος",Greek (NT),No,No,,""
G2977,"λάθρα",Greek (NT),No,No,,""
G2978,"λαῖλαψ",Greek (NT),No,No,,""
G2979,"λακτίζω",Greek (NT),No,No,,""
G2980,"λαλέω",Greek (NT),No,Yes,,""
G2981,"λαλιά",Greek (NT),No,No,,""
G2982,"λαμμᾶ",Greek (NT),No,No,,""
G2983,"λαμβάνω",Greek (NT),No,Yes,,""
G2984,"Λάμεχ",Greek (NT),No,No,,""
G2985,"λαμπάς",Greek (NT),No,No,,""
G2986,"λαμπρός",Greek (NT),No,No,,""
G2987,"λαμπρότης",Greek (NT),No,No,,""
G2988,"λαμπρῶς",Greek (NT),No,No,,""
G2989,"λάμπω",Greek (NT),No,No,,""
G2990,"λανθάνω",Greek (NT),No,No,,""
G2991,"λαξευτός",Greek (NT),No,No,,""
G2992,"λαός",Greek (NT),No,No,,""
G2993,"Λαοδίκεια",Greek (NT),No,No,,""
G2994,"Λαοδικεύς",Greek (NT),No,No,,""
G2995,"λάρυγξ",Greek (NT),No,No,,""
G2996,"Λασαία",Greek (NT),No,No,,""
G2997,"λάσχω",Greek (NT),No,No,,""
G2998,"λατομέω",Greek (NT),No,No,,""
G2999,"λατρεία",Greek (NT),No,No,,""
G3000,"λατρεύω",Greek (NT),No,No,,""
G3001,"λάχανον",Greek (NT),No,No,,""
G3002,"Λεββαῖος",Greek (NT),No,No,,""
G3003,"λεγεών",Greek (NT),No,No,,""
G3004,"λέγω",Greek (NT),No,Yes,,""
G3005,"λεῖμμα",Greek (NT),No,No,,""
G3006,"λεῖος",Greek (NT),No,No,,""
G3007,"λείπω",Greek (NT),No,No,,""
G3008,"λειτουργέω",Greek (NT),No,No,,""
G3009,"λειτουργία",Greek (NT),No,No,,""
G3010,"λειτουργικός",Greek (NT),No,No,,""
G3011,"λειτουργός",Greek (NT),No,No,,""
G3012,"λέντιον",Greek (NT),No,No,,""
G3013,"λεπίς",Greek (NT),No,No,,""
G3014,"λέπρα",Greek (NT),No,No,,""
G3015,"λεπρός",Greek (NT),No,No,,""
G3016,"λεπτόν",Greek (NT),No,No,,""
G3017,"Λευΐ",Greek (NT),No,No,,""
G3018,"Λευΐς",Greek (NT),No,No,,""
G3019,"Λευΐτης",Greek (NT),No,No,,""
G3020,"Λευϊτικός",Greek (NT),No,No,,""
G3021,"λευκαίνω",Greek (NT),No,No,,""
G3022,"λευκός",Greek (NT),No,No,,""
G3023,"λέων",Greek (NT),No,No,,""
G3024,"λήθη",Greek (NT),No,No,,""
G3025,"ληνός",Greek (NT),No,No,,""
G3026,"λῆρος",Greek (NT),No,No,,""
G3027,"λῃστής",Greek (NT),No,No,,""
G3028,"λῆμψις",Greek (NT),No,No,,""
G3029,"λίαν",Greek (NT),No,No,,""
G3030,"λίβανος",Greek (NT),No,No,,""
G3031,"λιβανωτός",Greek (NT),No,No,,""
G3032,"Λιβερτῖνος",Greek (NT),No,No,,""
G3033,"Λιβύη",Greek (NT),No,No,,""
G3034,"λιθάζω",Greek (NT),No,No,,""
G3035,"λίθινος",Greek (NT),No,No,,""
G3036,"λιθοβολέω",Greek (NT),No,No,,""
G3037,"λίθος",Greek (NT),No,No,,""
G3038,"λιθόστρωτος",Greek (NT),No,No,,""
G3039,"λικμάω",Greek (NT),No,Yes,,""
G3040,"λιμήν",Greek (NT),No,No,,""
G3041,"λίμνη",Greek (NT),No,No,,""
G3042,"λιμός",Greek (NT),No,No,,""
G3043,"λίνον",Greek (NT),No,No,,""
G3044,"Λίνος",Greek (NT),No,No,,""
G3045,"λιπαρός",Greek (NT),No,No,,""
G3046,"λίτρα",Greek (NT),No,No,,""
G3047,"λίψ",Greek (NT),No,No,,""
G3048,"λογία",Greek (NT),No,No,,""
G3049,"λογίζομαι",Greek (NT),No,No,,""
G3050,"λογικός",Greek (NT),No,No,,""
G3051,"λόγιον",Greek (NT),No,No,,""
G3052,"λόγιος",Greek (NT),No,No,,""
G3053,"λογισμός",Greek (NT),No,No,,""
G3054,"λογομαχέω",Greek (NT),No,No,,""
G3055,"λογομαχία",Greek (NT),No,No,,""
G3056,"λόγος",Greek (NT),No,Yes,,""
G3057,"λόγχη",Greek (NT),No,No,,""
G3058,"λοιδορέω",Greek (NT),No,No,,""
G3059,"λοιδορία",Greek (NT),No,No,,""
G3060,"λοίδορος",Greek (NT),No,No,,""
G3061,"λοιμός",Greek (NT),No,No,,""
G3062,"λοιποί",Greek (NT),No,No,,""
G3063,"λοιπόν",Greek (NT),No,No,,""
G3064,"λοιποῦ",Greek (NT),No,No,,""
G3065,"Λουκᾶς",Greek (NT),No,No,,""
G3066,"Λούκιος",Greek (NT),No,No,,""
G3067,"λουτρόν",Greek (NT),No,No,,""
G3068,"λούω",Greek (NT),No,No,,""
G3069,"Λύδδα",Greek (NT),No,No,,""
G3070,"Λυδία",Greek (NT),No,No,,""
G3071,"Λυκαονία",Greek (NT),No,No,,""
G3072,"Λυκαονιστί",Greek (NT),No,No,,""
G3073,"Λυκία",Greek (NT),No,No,,""
G3074,"λύκος",Greek (NT),No,No,,""
G3075,"λυμαίνομαι",Greek (NT),No,No,,""
G3076,"λυπέω",Greek (NT),No,No,,""
G3077,"λύπη",Greek (NT),No,No,,""
G3078,"Λυσανίας",Greek (NT),No,No,,""
G3079,"Λυσίας",Greek (NT),No,No,,""
G3080,"λύσις",Greek (NT),No,No,,""
G3081,"λυσιτελεῖ",Greek (NT),No,No,,""
G3082,"Λύστρα",Greek (NT),No,No,,""
G3083,"λύτρον",Greek (NT),No,No,,""
G3084,"λυτρόω",Greek (NT),No,No,,""
G3085,"λύτρωσις",Greek (NT),No,No,,""
G3086,"λυτρωτής",Greek (NT),No,No,,""
G3087,"λυχνία",Greek (NT),No,No,,""
G3088,"λύχνος",Greek (NT),No,No,,""
G3089,"λύω",Greek (NT),No,Yes,,""
G3090,"Λωΐς",Greek (NT),No,No,,""
G3091,"Λώτ",Greek (NT),No,No,,""
G3092,"Μαάθ",Greek (NT),No,No,,""
G3093,"Μαγδαλά",Greek (NT),No,No,,""
G3094,"Μαγδαληνή",Greek (NT),No,No,,""
G3095,"μαγεία",Greek (NT),No,No,,""
G3096,"μαγεύω",Greek (NT),No,No,,""
G3097,"μάγος",Greek (NT),No,No,,""
G3098,"Μαγώγ",Greek (NT),No,No,,""
G3099,"Μαδιάν",Greek (NT),No,No,,""
G3100,"μαθητεύω",Greek (NT),No,No,,""
G3101,"μαθητής",Greek (NT),No,No,,""
G3102,"μαθήτρια",Greek (NT),No,No,,""
G3103,"Μαθουσάλα",Greek (NT),No,No,,""
G3104,"Μαϊνάν",Greek (NT),No,No,,""
G3105,"μαίνομαι",Greek (NT),No,No,,""
G3106,"μακαρίζω",Greek (NT),No,No,,""
G3107,"μακάριος",Greek (NT),No,Yes,,""
G3108,"μακαρισμός",Greek (NT),No,No,,""
G3109,"Μακεδονία",Greek (NT),No,No,,""
G3110,"Μακεδών",Greek (NT),No,No,,""
G3111,"μάκελλον",Greek (NT),No,No,,""
G3112,"μακράν",Greek (NT),No,No,,""
G3113,"μακρόθεν",Greek (NT),No,No,,""
G3114,"μακροθυμέω",Greek (NT),No,No,,""
G3115,"μακροθυμία",Greek (NT),No,No,,""
G3116,"μακροθυμώς",Greek (NT),No,No,,""
G3117,"μακρός",Greek (NT),No,No,,""
G3118,"μακροχρόνιος",Greek (NT),No,No,,""
G3119,"μαλακία",Greek (NT),No,No,,""
G3120,"μαλακός",Greek (NT),No,No,,""
G3121,"Μαλελεήλ",Greek (NT),No,No,,""
G3122,"μάλιστα",Greek (NT),No,No,,""
G3123,"μᾶλλον",Greek (NT),No,No,,""
G3124,"Μάλχος",Greek (NT),No,No,,""
G3125,"μάμμη",Greek (NT),No,No,,""
G3126,"μαμμωνᾶς",Greek (NT),No,No,,""
G3127,"Μαναήν",Greek (NT),No,No,,""
G3128,"Μανασσῆς",Greek (NT),No,No,,""
G3129,"μανθάνω",Greek (NT),No,No,,""
G3130,"μανία",Greek (NT),No,No,,""
G3131,"μάννα",Greek (NT),No,No,,""
G3132,"μαντεύομαι",Greek (NT),No,No,,""
G3133,"μαραίνω",Greek (NT),No,No,,""
G3134,"μαρὰν ἀθά",Greek (NT),No,No,,""
G3135,"μαργαρίτης",Greek (NT),No,No,,""
G3136,"Μάρθα",Greek (NT),No,No,,""
G3137,"Μαριάμ",Greek (NT),No,No,,""
G3138,"Μάρκος",Greek (NT),No,No,,""
G3139,"μάρμαρος",Greek (NT),No,No,,""
G3140,"μαρτυρέω",Greek (NT),No,Yes,,""
G3141,"μαρτυρία",Greek (NT),No,No,,""
G3142,"μαρτύριον",Greek (NT),No,No,,""
G3143,"μαρτύρομαι",Greek (NT),No,No,,""
G3144,"μάρτυς",Greek (NT),No,Yes,,""
G3145,"μασσάομαι",Greek (NT),No,No,,""
G3146,"μαστιγόω",Greek (NT),No,No,,""
G3147,"μαστίζω",Greek (NT),No,No,,""
G3148,"μάστιξ",Greek (NT),No,No,,""
G3149,"μαστός",Greek (NT),No,No,,""
G3150,"ματαιολογία",Greek (NT),No,No,,""
G3151,"ματαιολόγος",Greek (NT),No,No,,""
G3152,"μάταιος",Greek (NT),No,No,,""
G3153,"ματαιότης",Greek (NT),No,No,,""
G3154,"ματαιόω",Greek (NT),No,No,,""
G3155,"μάτην",Greek (NT),No,No,,""
G3156,"Ματθαῖος",Greek (NT),No,No,,""
G3157,"Ματθάν",Greek (NT),No,No,,""
G3158,"Ματθάτ",Greek (NT),No,No,,""
G3159,"Ματθίας",Greek (NT),No,No,,""
G3160,"Ματταθά",Greek (NT),No,No,,""
G3161,"Ματταθίας",Greek (NT),No,No,,""
G3162,"μάχαιρα",Greek (NT),No,No,,""
G3163,"μάχη",Greek (NT),No,No,,""
G3164,"μάχομαι",Greek (NT),No,No,,""
G3165,"μέ",Greek (NT),No,No,,""
G3166,"μεγαλαυχέω",Greek (NT),No,No,,""
G3167,"μεγαλεῖος",Greek (NT),No,No,,""
G3168,"μεγαλειότης",Greek (NT),No,No,,""
G3169,"μεγαλοπρεπής",Greek (NT),No,No,,""
G3170,"μεγαλύνω",Greek (NT),No,No,,""
G3171,"μεγάλως",Greek (NT),No,No,,""
G3172,"μεγαλωσύνη",Greek (NT),No,No,,""
G3173,"μέγας",Greek (NT),No,Yes,,""
G3174,"μέγεθος",Greek (NT),No,No,,""
G3175,"μεγιστᾶνες",Greek (NT),No,No,,""
G3176,"μέγιστος",Greek (NT),No,No,,""
G3177,"μεθερμηνεύω",Greek (NT),No,No,,""
G3178,"μέθη",Greek (NT),No,No,,""
G3179,"μεθιστάνω",Greek (NT),No,No,,""
G3180,"μεθοδεία",Greek (NT),No,No,,""
G3181,"μεθόριος",Greek (NT),No,No,,""
G3182,"μεθύσκω",Greek (NT),No,No,,""
G3183,"μέθυσος",Greek (NT),No,No,,""
G3184,"μεθύω",Greek (NT),No,No,,""
G3185,"μεῖζον",Greek (NT),No,No,,""
G3186,"μειζότερος",Greek (NT),No,No,,""
G3187,"μείζων",Greek (NT),No,No,,""
G3188,"μέλαν",Greek (NT),No,No,,""
G3189,"μέλας",Greek (NT),No,No,,""
G3190,"Μελεᾶς",Greek (NT),No,No,,""
G3191,"μελετάω",Greek (NT),No,No,,""
G3192,"μέλι",Greek (NT),No,No,,""
G3193,"μελίσσιος",Greek (NT),No,No,,""
G3194,"Μελίτη",Greek (NT),No,No,,""
G3195,"μέλλω",Greek (NT),No,No,,""
G3196,"μέλος",Greek (NT),No,No,,""
G3197,"Μελχί",Greek (NT),No,No,,""
G3198,"Μελχισεδέκ",Greek (NT),No,No,,""
G3199,"μέλω",Greek (NT),No,No,,""
G3200,"μεμβράνα",Greek (NT),No,No,,""
G3201,"μέμφομαι",Greek (NT),No,No,,""
G3202,"μεμψίμοιρος",Greek (NT),No,No,,""
G3303,"μέν",Greek (NT),No,No,,""
G3304,"μενοῦνγε",Greek (NT),No,No,,""
G3305,"μέντοι",Greek (NT),No,No,,""
G3306,"μένω",Greek (NT),No,Yes,,""
G3307,"μερίζω",Greek (NT),No,No,,""
G3308,"μέριμνα",Greek (NT),No,No,,""
G3309,"μεριμνάω",Greek (NT),No,No,,""
G3310,"μερίς",Greek (NT),No,No,,""
G3311,"μερισμός",Greek (NT),No,No,,""
G3312,"μεριστής",Greek (NT),No,No,,""
G3313,"μέρος",Greek (NT),No,No,,""
G3314,"μεσημβρία",Greek (NT),No,No,,""
G3315,"μεσιτεύω",Greek (NT),No,No,,""
G3316,"μεσίτης",Greek (NT),No,No,,""
G3317,"μεσονύκτιον",Greek (NT),No,No,,""
G3318,"Μεσοποταμία",Greek (NT),No,No,,""
G3319,"μέσος",Greek (NT),No,No,,""
G3320,"μεσότοιχον",Greek (NT),No,No,,""
G3321,"μεσουράνημα",Greek (NT),No,No,,""
G3322,"μεσόω",Greek (NT),No,No,,""
G3323,"Μεσσίας",Greek (NT),No,No,,""
G3324,"μεστός",Greek (NT),No,No,,""
G3325,"μεστόω",Greek (NT),No,No,,""
G3326,"μετά",Greek (NT),No,No,,""
G3327,"μεταβαίνω",Greek (NT),No,No,,""
G3328,"μεταβάλλω",Greek (NT),No,No,,""
G3329,"μετάγω",Greek (NT),No,No,,""
G3330,"μεταδίδωμι",Greek (NT),No,No,,""
G3331,"μετάθεσις",Greek (NT),No,No,,""
G3332,"μεταίρω",Greek (NT),No,No,,""
G3333,"μετακαλέω",Greek (NT),No,No,,""
G3334,"μετακινέω",Greek (NT),No,No,,""
G3335,"μεταλαμβάνω",Greek (NT),No,No,,""
G3336,"μετάλημψις",Greek (NT),No,No,,""
G3337,"μεταλλάσσω",Greek (NT),No,No,,""
G3338,"μεταμέλλομαι",Greek (NT),No,No,,""
G3339,"μεταμορφόω",Greek (NT),No,No,,""
G3340,"μετανοέω",Greek (NT),No,No,,""
G3341,"μετάνοια",Greek (NT),No,Yes,,""
G3342,"μεταξύ",Greek (NT),No,No,,""
G3343,"μεταπέμπω",Greek (NT),No,No,,""
G3344,"μεταστρέφω",Greek (NT),No,No,,""
G3345,"μετασχηματίζω",Greek (NT),No,No,,""
G3346,"μετατίθημι",Greek (NT),No,No,,""
G3347,"μετέπειτα",Greek (NT),No,No,,""
G3348,"μετέχω",Greek (NT),No,No,,""
G3349,"μετεωρίζω",Greek (NT),No,No,,""
G3350,"μετοικεσία",Greek (NT),No,No,,""
G3351,"μετοικίζω",Greek (NT),No,No,,""
G3352,"μετοχή",Greek (NT),No,No,,""
G3353,"μέτοχος",Greek (NT),No,No,,""
G3354,"μετρέω",Greek (NT),No,No,,""
G3355,"μετρητής",Greek (NT),No,No,,""
G3356,"μετριοπαθέω",Greek (NT),No,No,,""
G3357,"μετρίως",Greek (NT),No,No,,""
G3358,"μέτρον",Greek (NT),No,No,,""
G3359,"μέτωπον",Greek (NT),No,No,,""
G3360,"μεχρίς",Greek (NT),No,No,,""
G3361,"μή",Greek (NT),No,Yes,,""
G3362,"ἐὰν μή",Greek (NT),No,No,,""
G3363,"ἵνα μή",Greek (NT),No,No,,""
G3364,"οὐ μή",Greek (NT),No,No,,""
G3365,"μηδαμῶς",Greek (NT),No,No,,""
G3366,"μηδέ",Greek (NT),No,No,,""
G3367,"μηδέν",Greek (NT),No,No,,""
G3368,"μηδέποτε",Greek (NT),No,No,,""
G3369,"μηδέπω",Greek (NT),No,No,,""
G3370,"Μῆδος",Greek (NT),No,No,,""
G3371,"μηκέτι",Greek (NT),No,No,,""
G3372,"μῆκος",Greek (NT),No,No,,""
G3373,"μηκύνω",Greek (NT),No,No,,""
G3374,"μηλωτή",Greek (NT),No,No,,""
G3375,"μήν",Greek (NT),No,No,,""
G3376,"μήν",Greek (NT),No,No,,""
G3377,"μηνύω",Greek (NT),No,No,,""
G3378,"μὴ οὐκ",Greek (NT),No,No,,""
G3379,"μή ποτε",Greek (NT),No,No,,""
G3380,"μήπω",Greek (NT),No,No,,""
G3381,"μή πως",Greek (NT),No,No,,""
G3382,"μηρός",Greek (NT),No,No,,""
G3383,"μήτε",Greek (NT),No,No,,""
G3384,"μήτηρ",Greek (NT),No,Yes,,""
G3385,"μήτι",Greek (NT),No,No,,""
G3386,"μήτιγε",Greek (NT),No,No,,""
G3387,"μή τις",Greek (NT),No,No,,""
G3388,"μήτρα",Greek (NT),No,No,,""
G3389,"μητραλῴας",Greek (NT),No,No,,""
G3390,"μητρόπολις",Greek (NT),No,No,,""
G3391,"μία",Greek (NT),No,No,,""
G3392,"μιαίνω",Greek (NT),No,No,,""
G3393,"μίασμα",Greek (NT),No,No,,""
G3394,"μιασμός",Greek (NT),No,No,,""
G3395,"μίγμα",Greek (NT),No,No,,""
G3396,"μίγνυμι",Greek (NT),No,No,,""
G3397,"μικρόν",Greek (NT),No,No,,""
G3398,"μικρότερος",Greek (NT),No,No,,""
G3399,"Μίλητος",Greek (NT),No,No,,""
G3400,"μίλιον",Greek (NT),No,No,,""
G3401,"μιμέομαι",Greek (NT),No,No,,""
G3402,"μιμητής",Greek (NT),No,No,,""
G3403,"μιμνήσκω",Greek (NT),No,No,,""
G3404,"μισέω",Greek (NT),No,No,,""
G3405,"μισθαποδοσία",Greek (NT),No,No,,""
G3406,"μισθαποδότης",Greek (NT),No,No,,""
G3407,"μίσθιος",Greek (NT),No,No,,""
G3408,"μισθός",Greek (NT),No,No,,""
G3409,"μισθόω",Greek (NT),No,No,,""
G3410,"μίσθωμα",Greek (NT),No,No,,""
G3411,"μισθωτός",Greek (NT),No,No,,""
G3412,"Μιτυλήνη",Greek (NT),No,No,,""
G3413,"Μιχαήλ",Greek (NT),No,No,,""
G3414,"μνᾶ",Greek (NT),No,No,,""
G3415,"μνάομαι",Greek (NT),No,No,,""
G3416,"Μνάσων",Greek (NT),No,No,,""
G3417,"μνεία",Greek (NT),No,No,,""
G3418,"μνῆμα",Greek (NT),No,No,,""
G3419,"μνημεῖον",Greek (NT),No,No,,""
G3420,"μνήμη",Greek (NT),No,No,,""
G3421,"μνημονεύω",Greek (NT),No,No,,""
G3422,"μνημόσυνον",Greek (NT),No,No,,""
G3423,"μνηστεύω",Greek (NT),No,No,,""
G3424,"μογιλάλος",Greek (NT),No,No,,""
G3425,"μόγις",Greek (NT),No,No,,""
G3426,"μόδιος",Greek (NT),No,No,,""
G3427,"μοί",Greek (NT),No,No,,""
G3428,"μοιχαλίς",Greek (NT),No,No,,""
G3429,"μοιχάω",Greek (NT),No,No,,""
G3430,"μοιχεία",Greek (NT),No,No,,""
G3431,"μοιχεύω",Greek (NT),No,No,,""
G3432,"μοιχός",Greek (NT),No,No,,""
G3433,"μόλις",Greek (NT),No,No,,""
G3434,"Μολόχ",Greek (NT),No,No,,""
G3435,"μολύνω",Greek (NT),No,No,,""
G3436,"μολυσμός",Greek (NT),No,No,,""
G3437,"μομφή",Greek (NT),No,No,,""
G3438,"μονή",Greek (NT),No,No,,""
G3439,"μονογενής",Greek (NT),No,No,,""
G3440,"μόνον",Greek (NT),No,No,,""
G3441,"μόνος",Greek (NT),No,Yes,,""
G3442,"μονόφθαλμος",Greek (NT),No,No,,""
G3443,"μονόω",Greek (NT),No,No,,""
G3444,"μορφή",Greek (NT),No,No,,""
G3445,"μορφόω",Greek (NT),No,No,,""
G3446,"μόρφωσις",Greek (NT),No,No,,""
G3447,"μοσχοποιέω",Greek (NT),No,No,,""
G3448,"μόσχος",Greek (NT),No,No,,""
G3449,"μόχθος",Greek (NT),No,No,,""
G3450,"μοῦ",Greek (NT),No,No,,""
G3451,"μουσικός",Greek (NT),No,No,,""
G3452,"μυελός",Greek (NT),No,No,,""
G3453,"μυέω",Greek (NT),No,No,,""
G3454,"μῦθος",Greek (NT),No,No,,""
G3455,"μυκάομαι",Greek (NT),No,No,,""
G3456,"μυκτηρίζω",Greek (NT),No,No,,""
G3457,"μυλικός",Greek (NT),No,No,,""
G3458,"μύλος",Greek (NT),No,No,,""
G3459,"μύλων",Greek (NT),No,No,,""
G3460,"Μύρα",Greek (NT),No,No,,""
G3461,"μυριάς",Greek (NT),No,No,,""
G3462,"μυρίζω",Greek (NT),No,No,,""
G3463,"μύριοι",Greek (NT),No,No,,""
G3464,"μύρον",Greek (NT),No,No,,""
G3465,"Μυσία",Greek (NT),No,No,,""
G3466,"μυστήριον",Greek (NT),No,Yes,,""
G3467,"μυωπάζω",Greek (NT),No,No,,""
G3468,"μώλωψ",Greek (NT),No,No,,""
G3469,"μωμάομαι",Greek (NT),No,No,,""
G3470,"μῶμος",Greek (NT),No,No,,""
G3471,"μωραίνω",Greek (NT),No,No,,""
G3472,"μωρία",Greek (NT),No,No,,""
G3473,"μωρολογία",Greek (NT),No,No,,""
G3474,"μωρός",Greek (NT),No,No,,""
G3475,"Μωϋσῆς",Greek (NT),No,No,,""
G3476,"Ναασσών",Greek (NT),No,No,,""
G3477,"Ναγγαί",Greek (NT),No,No,,""
G3478,"Ναζαρέτ",Greek (NT),No,No,,""
G3479,"Ναζαρηνός",Greek (NT),No,No,,""
G3480,"Ναζωραῖος",Greek (NT),No,No,,""
G3481,"Ναθάν",Greek (NT),No,No,,""
G3482,"Ναθαναήλ",Greek (NT),No,No,,""
G3483,"ναί",Greek (NT),No,No,,""
G3484,"Ναΐν",Greek (NT),No,No,,""
G3485,"ναός",Greek (NT),No,Yes,,""
G3486,"Ναούμ",Greek (NT),No,No,,""
G3487,"νάρδος",Greek (NT),No,No,,""
G3488,"Νάρκισσος",Greek (NT),No,No,,""
G3489,"ναυαγέω",Greek (NT),No,No,,""
G3490,"ναύκληρος",Greek (NT),No,No,,""
G3491,"ναῦς",Greek (NT),No,No,,""
G3492,"ναύτης",Greek (NT),No,No,,""
G3493,"Ναχώρ",Greek (NT),No,No,,""
G3494,"νεανίας",Greek (NT),No,No,,""
G3495,"νεανίσκος",Greek (NT),No,No,,""
G3496,"Νεάπολις",Greek (NT),No,No,,""
G3497,"Νεεμάν",Greek (NT),No,No,,""
G3498,"νεκρός",Greek (NT),No,Yes,,""
G3499,"νεκρόω",Greek (NT),No,No,,""
G3500,"νέκρωσις",Greek (NT),No,No,,""
G3501,"νέος",Greek (NT),No,No,,""
G3502,"νεοσσός",Greek (NT),No,No,,""
G3503,"νεότης",Greek (NT),No,No,,""
G3504,"νεόφυτος",Greek (NT),No,No,,""
G3505,"Νέρων",Greek (NT),No,No,,""
G3506,"νεύω",Greek (NT),No,No,,""
G3507,"νεφέλη",Greek (NT),No,No,,""
G3508,"Νεφθαλείμ",Greek (NT),No,No,,""
G3509,"νέφος",Greek (NT),No,No,,""
G3510,"νεφρός",Greek (NT),No,No,,""
G3511,"νεωκόρος",Greek (NT),No,No,,""
G3512,"νεωτερικός",Greek (NT),No,No,,""
G3513,"νή",Greek (NT),No,No,,""
G3514,"νήθω",Greek (NT),No,No,,""
G3515,"νηπιάζω",Greek (NT),No,No,,""
G3516,"νήπιος",Greek (NT),No,No,,""
G3517,"Νηρεύς",Greek (NT),No,No,,""
G3518,"Νηρί",Greek (NT),No,No,,""
G3519,"νησίον",Greek (NT),No,No,,""
G3520,"νῆσος",Greek (NT),No,No,,""
G3521,"νηστεία",Greek (NT),No,No,,""
G3522,"νηστεύω",Greek (NT),No,No,,""
G3523,"νῆστις",Greek (NT),No,No,,""
G3524,"νηφάλιος",Greek (NT),No,No,,""
G3525,"νήφω",Greek (NT),No,No,,""
G3526,"Νίγερ",Greek (NT),No,No,,""
G3527,"Νικάνωρ",Greek (NT),No,No,,""
G3528,"νικάω",Greek (NT),No,No,,""
G3529,"νίκη",Greek (NT),No,No,,""
G3530,"Νικόδημος",Greek (NT),No,No,,""
G3531,"Νικολαΐτης",Greek (NT),No,No,,""
G3532,"Νικόλαος",Greek (NT),No,No,,""
G3533,"Νικόπολις",Greek (NT),No,No,,""
G3534,"νῖκος",Greek (NT),No,No,,""
G3535,"Νινευΐ",Greek (NT),No,No,,""
G3536,"Νινευΐτης",Greek (NT),No,No,,""
G3537,"νιπτήρ",Greek (NT),No,No,,""
G3538,"νίπτω",Greek (NT),No,No,,""
G3539,"νοιέω",Greek (NT),No,No,,""
G3540,"νόημα",Greek (NT),No,No,,""
G3541,"νόθος",Greek (NT),No,No,,""
G3542,"νομή",Greek (NT),No,No,,""
G3543,"νομίζω",Greek (NT),No,No,,""
G3544,"νομικός",Greek (NT),No,No,,""
G3545,"νομίμως",Greek (NT),No,No,,""
G3546,"νόμισμα",Greek (NT),No,No,,""
G3547,"νομοδιδάσκαλος",Greek (NT),No,No,,""
G3548,"νομοθεσία",Greek (NT),No,No,,""
G3549,"νομοθετέω",Greek (NT),No,No,,""
G3550,"νομοθέτης",Greek (NT),No,No,,""
G3551,"νόμος",Greek (NT),No,Yes,,""
G3552,"νοσέω",Greek (NT),No,No,,""
G3553,"νόσημα",Greek (NT),No,No,,""
G3554,"νόσος",Greek (NT),No,No,,""
G3555,"νοσσιά",Greek (NT),No,No,,""
G3556,"νοσσίον",Greek (NT),No,No,,""
G3557,"νοσφίζομαι",Greek (NT),No,No,,""
G3558,"νότος",Greek (NT),No,No,,""
G3559,"νουθεσία",Greek (NT),No,No,,""
G3560,"νουθετέω",Greek (NT),No,No,,""
G3561,"νουμηνία",Greek (NT),No,No,,""
G3562,"νουνεχῶς",Greek (NT),No,No,,""
G3563,"νοῦς",Greek (NT),No,No,,""
G3564,"Νυμφᾶς",Greek (NT),No,No,,""
G3565,"νύμφη",Greek (NT),No,No,,""
G3566,"νυμφίος",Greek (NT),No,No,,""
G3567,"νυμφών",Greek (NT),No,No,,""
G3568,"νῦν",Greek (NT),No,Yes,,""
G3569,"τὰ νῦν",Greek (NT),No,No,,""
G3570,"νυνί",Greek (NT),No,No,,""
G3571,"νύξ",Greek (NT),No,Yes,,""
G3572,"νύσσω",Greek (NT),No,No,,""
G3573,"νυστάζω",Greek (NT),No,No,,""
G3574,"νυχθήμερον",Greek (NT),No,No,,""
G3575,"Νῶε",Greek (NT),No,No,,""
G3576,"νωθρός",Greek (NT),No,No,,""
G3577,"νῶτος",Greek (NT),No,No,,""
G3578,"ξενία",Greek (NT),No,No,,""
G3579,"ξενίζω",Greek (NT),No,No,,""
G3580,"ξενοδοχέω",Greek (NT),No,No,,""
G3581,"ξένος",Greek (NT),No,No,,""
G3582,"ξέστης",Greek (NT),No,No,,""
G3583,"ξηραίνω",Greek (NT),No,No,,""
G3584,"ξηρός",Greek (NT),No,No,,""
G3585,"ξύλινος",Greek (NT),No,No,,""
G3586,"ξύλον",Greek (NT),No,No,,""
G3587,"ξυράω",Greek (NT),No,No,,""
G3588,"τό",Greek (NT),No,No,,""
G3589,"ὀγδοήκοντα",Greek (NT),No,No,,""
G3590,"ὄγδοος",Greek (NT),No,No,,""
G3591,"ὄγκος",Greek (NT),No,No,,""
G3592,"τόδε",Greek (NT),No,No,,""
G3593,"ὁδεύω",Greek (NT),No,No,,""
G3594,"ὁδηγέω",Greek (NT),No,No,,""
G3595,"ὁδηγός",Greek (NT),No,No,,""
G3596,"ὁδοιπορέω",Greek (NT),No,No,,""
G3597,"ὁδοιπορία",Greek (NT),No,No,,""
G3598,"ὁδός",Greek (NT),No,Yes,,""
G3599,"ὀδούς",Greek (NT),No,No,,""
G3600,"ὀδυνάω",Greek (NT),No,No,,""
G3601,"ὀδύνη",Greek (NT),No,No,,""
G3602,"ὀδυρμός",Greek (NT),No,No,,""
G3603,"ὅ ἐστι",Greek (NT),No,No,,""
G3604,"Ὀζίας",Greek (NT),No,No,,""
G3605,"ὄζω",Greek (NT),No,No,,""
G3606,"ὅθεν",Greek (NT),No,No,,""
G3607,"ὀθόνη",Greek (NT),No,No,,""
G3608,"ὀθόνιον",Greek (NT),No,No,,""
G3609,"οἰκεῖος",Greek (NT),No,No,,""
G3610,"οἰκέτης",Greek (NT),No,No,,""
G3611,"οἰκέω",Greek (NT),No,No,,""
G3612,"οἴκημα",Greek (NT),No,No,,""
G3613,"οἰκητήριον",Greek (NT),No,No,,""
G3614,"οἰκία",Greek (NT),No,Yes,,""
G3615,"οἰκιακός",Greek (NT),No,No,,""
G3616,"οἰκοδεσποτέω",Greek (NT),No,No,,""
G3617,"οἰκοδεσπότης",Greek (NT),No,No,,""
G3618,"οἰκοδομέω",Greek (NT),No,No,,""
G3619,"οἰκοδομή",Greek (NT),No,No,,""
G3620,"οἰκοδομία",Greek (NT),No,No,,""
G3621,"οἰκονομέω",Greek (NT),No,No,,""
G3622,"οἰκονομία",Greek (NT),No,No,,""
G3623,"οἰκονόμος",Greek (NT),No,No,,""
G3624,"οἶκος",Greek (NT),No,Yes,,""
G3625,"οἰκουμένη",Greek (NT),No,No,,""
G3626,"οἰκουρός",Greek (NT),No,No,,""
G3627,"οἰκτερέω",Greek (NT),No,No,,""
G3628,"οἰκτιρμός",Greek (NT),No,No,,""
G3629,"οἰκτίρμων",Greek (NT),No,No,,""
G3630,"οἰνοπότης",Greek (NT),No,No,,""
G3631,"οἶνος",Greek (NT),No,No,,""
G3632,"οἰνοφλυγία",Greek (NT),No,No,,""
G3633,"οἶμαι",Greek (NT),No,No,,""
G3634,"οἷος",Greek (NT),No,No,,""
G3635,"ὀκνέω",Greek (NT),No,No,,""
G3636,"ὀκνηρός",Greek (NT),No,No,,""
G3637,"ὀκταήμερος",Greek (NT),No,No,,""
G3638,"ὀκτώ",Greek (NT),No,No,,""
G3639,"ὄλεθρος",Greek (NT),No,No,,""
G3640,"ὀλιγόπιστος",Greek (NT),No,No,,""
G3641,"ὀλίγος",Greek (NT),No,No,,""
G3642,"ὀλιγόψυχος",Greek (NT),No,No,,""
G3643,"ὀλιγωρέω",Greek (NT),No,No,,""
G3644,"ὀλοθρευτής",Greek (NT),No,No,,""
G3645,"ὀλοθρεύω",Greek (NT),No,No,,""
G3646,"ὁλοκαύτωμα",Greek (NT),No,No,,""
G3647,"ὁλοκληρία",Greek (NT),No,No,,""
G3648,"ὁλόκληρος",Greek (NT),No,No,,""
G3649,"ὀλολύζω",Greek (NT),No,No,,""
G3650,"ὅλος",Greek (NT),No,No,,""
G3651,"ὁλοτελής",Greek (NT),No,No,,""
G3652,"Ὀλυμπᾶς",Greek (NT),No,No,,""
G3653,"ὄλυνθος",Greek (NT),No,No,,""
G3654,"ὅλως",Greek (NT),No,No,,""
G3655,"ὄμβρος",Greek (NT),No,No,,""
G3656,"ὁμιλέω",Greek (NT),No,No,,""
G3657,"ὁμιλία",Greek (NT),No,No,,""
G3658,"ὅμιλος",Greek (NT),No,No,,""
G3659,"ὄμμα",Greek (NT),No,No,,""
G3660,"ὀμνύω",Greek (NT),No,No,,""
G3661,"ὁμοθυμαδόν",Greek (NT),No,No,,""
G3662,"ὁμοιάζω",Greek (NT),No,No,,""
G3663,"ὁμοιοπαθής",Greek (NT),No,No,,""
G3664,"ὅμοιος",Greek (NT),No,No,,""
G3665,"ὁμοιότης",Greek (NT),No,No,,""
G3666,"ὁμοιόω",Greek (NT),No,No,,""
G3667,"ὁμοίωμα",Greek (NT),No,No,,""
G3668,"ὁμοίως",Greek (NT),No,No,,""
G3669,"ὁμοίωσις",Greek (NT),No,No,,""
G3670,"ὁμολογέω",Greek (NT),No,No,,""
G3671,"ὁμολογία",Greek (NT),No,No,,""
G3672,"ὁμολογουμένως",Greek (NT),No,No,,""
G3673,"ὁμότεχνος",Greek (NT),No,No,,""
G3674,"ὁμοῦ",Greek (NT),No,No,,""
G3675,"ὁμόφρων",Greek (NT),No,No,,""
G3676,"ὅμως",Greek (NT),No,No,,""
G3677,"ὄναρ",Greek (NT),No,No,,""
G3678,"ὀνάριον",Greek (NT),No,No,,""
G3679,"ὀνειδίζω",Greek (NT),No,No,,""
G3680,"ὀνειδισμός",Greek (NT),No,No,,""
G3681,"ὄνειδος",Greek (NT),No,No,,""
G3682,"Ὀνήσιμος",Greek (NT),No,No,,""
G3683,"Ὀνησίφορος",Greek (NT),No,No,,""
G3684,"ὀνικός",Greek (NT),No,No,,""
G3685,"ὀνίνημι",Greek (NT),No,No,,""
G3686,"ὄνομα",Greek (NT),No,Yes,,""
G3687,"ὀνομάζω",Greek (NT),No,No,,""
G3688,"ὄνος",Greek (NT),No,No,,""
G3689,"ὄντως",Greek (NT),No,No,,""
G3690,"ὄξος",Greek (NT),No,No,,""
G3691,"ὀξύς",Greek (NT),No,No,,""
G3692,"ὀπή",Greek (NT),No,No,,""
G3693,"ὄπισθεν",Greek (NT),No,No,,""
G3694,"ὀπίσω",Greek (NT),No,No,,""
G3695,"ὁπλίζω",Greek (NT),No,No,,""
G3696,"ὅπλον",Greek (NT),No,No,,""
G3697,"ὁποῖος",Greek (NT),No,No,,""
G3698,"ὁπότε",Greek (NT),No,No,,""
G3699,"ὅπου",Greek (NT),No,No,,""
G3700,"ὀπτάνομαι",Greek (NT),No,No,,""
G3701,"ὀπτασία",Greek (NT),No,No,,""
G3702,"ὀπτός",Greek (NT),No,No,,""
G3703,"ὀπώρα",Greek (NT),No,No,,""
G3704,"ὅπως",Greek (NT),No,No,,""
G3705,"ὅραμα",Greek (NT),No,No,,""
G3706,"ὅρασις",Greek (NT),No,No,,""
G3707,"ὁρατός",Greek (NT),No,No,,""
G3708,"ὁράω",Greek (NT),No,Yes,,""
G3709,"ὀργή",Greek (NT),No,No,,""
G3710,"ὀργίζω",Greek (NT),No,No,,""
G3711,"ὀργίλος",Greek (NT),No,No,,""
G3712,"ὀργυιά",Greek (NT),No,No,,""
G3713,"ὀρέγομαι",Greek (NT),No,No,,""
G3714,"ὀρεινός",Greek (NT),No,No,,""
G3715,"ὄρεξις",Greek (NT),No,No,,""
G3716,"ὀρθοποδέω",Greek (NT),No,No,,""
G3717,"ὀρθός",Greek (NT),No,No,,""
G3718,"ὀρθοτομέω",Greek (NT),No,No,,""
G3719,"ὀρθρίζω",Greek (NT),No,No,,""
G3720,"ὀρθρινός",Greek (NT),No,No,,""
G3721,"ὄρθριος",Greek (NT),No,No,,""
G3722,"ὄρθρος",Greek (NT),No,No,,""
G3723,"ὀρθῶς",Greek (NT),No,No,,""
G3724,"ὁρίζω",Greek (NT),No,No,,""
G3725,"ὅριον",Greek (NT),No,No,,""
G3726,"ὁρκίζω",Greek (NT),No,No,,""
G3727,"ὅρκος",Greek (NT),No,No,,""
G3728,"ὁρκωμοσία",Greek (NT),No,No,,""
G3729,"ὁρμάω",Greek (NT),No,No,,""
G3730,"ὁρμή",Greek (NT),No,No,,""
G3731,"ὅρμημα",Greek (NT),No,No,,""
G3732,"ὄρνεον",Greek (NT),No,No,,""
G3733,"ὄρνις",Greek (NT),No,No,,""
G3734,"ὁροθεσία",Greek (NT),No,No,,""
G3735,"ὄρος",Greek (NT),No,No,,""
G3736,"ὀρύσσω",Greek (NT),No,No,,""
G3737,"ὀρφανός",Greek (NT),No,No,,""
G3738,"ὀρχέομαι",Greek (NT),No,No,,""
G3739,"ὅ",Greek (NT),No,No,,""
G3740,"ὁσάκις",Greek (NT),No,No,,""
G3741,"ὅσιος",Greek (NT),No,Yes,,""
G3742,"ὁσιότης",Greek (NT),No,No,,""
G3743,"ὁσίως",Greek (NT),No,No,,""
G3744,"ὀσμή",Greek (NT),No,No,,""
G3745,"ὅσος",Greek (NT),No,No,,""
G3746,"ὅσπερ",Greek (NT),No,No,,""
G3747,"ὀστοῦν",Greek (NT),No,No,,""
G3748,"ὅτι",Greek (NT),No,No,,""
G3749,"ὀστράκινος",Greek (NT),No,No,,""
G3750,"ὄσφρησις",Greek (NT),No,No,,""
G3751,"ὀσφῦς",Greek (NT),No,No,,""
G3752,"ὅταν",Greek (NT),No,No,,""
G3753,"ὅτε",Greek (NT),No,No,,""
G3754,"ὅτι",Greek (NT),No,Yes,,""
G3755,"ὅτου",Greek (NT),No,No,,""
G3756,"οὐχ",Greek (NT),No,Yes,,""
G3757,"οὗ",Greek (NT),No,No,,""
G3758,"οὐά",Greek (NT),No,No,,""
G3759,"οὐαί",Greek (NT),No,No,,""
G3760,"οὐδαμῶς",Greek (NT),No,No,,""
G3761,"οὐδέ",Greek (NT),No,Yes,,""
G3762,"οὐδέν",Greek (NT),No,No,,""
G3763,"οὐδέποτε",Greek (NT),No,No,,""
G3764,"οὐδέπω",Greek (NT),No,No,,""
G3765,"οὐκ ἔτι",Greek (NT),No,No,,""
G3766,"οὐκοῦν",Greek (NT),No,No,,""
G3767,"οὖν",Greek (NT),No,No,,""
G3768,"οὔπω",Greek (NT),No,No,,""
G3769,"οὐρά",Greek (NT),No,No,,""
G3770,"οὐράνιος",Greek (NT),No,No,,""
G3771,"οὐρανόθεν",Greek (NT),No,No,,""
G3772,"οὐρανός",Greek (NT),No,Yes,,""
G3773,"Οὐρβανός",Greek (NT),No,No,,""
G3774,"Οὐρίας",Greek (NT),No,No,,""
G3775,"οὖς",Greek (NT),No,No,,""
G3776,"οὐσία",Greek (NT),No,No,,""
G3777,"οὔτε",Greek (NT),No,No,,""
G3778,"αὕται",Greek (NT),No,No,,""
G3779,"οὕτως",Greek (NT),No,No,,""
G3780,"οὐχί",Greek (NT),No,No,,""
G3781,"ὀφειλέτης",Greek (NT),No,No,,""
G3782,"ὀφειλή",Greek (NT),No,No,,""
G3783,"ὀφείλημα",Greek (NT),No,No,,""
G3784,"ὀφειλέω",Greek (NT),No,No,,""
G3785,"ὄφελον",Greek (NT),No,No,,""
G3786,"ὄφελος",Greek (NT),No,No,,""
G3787,"ὀφθαλμοδουλεία",Greek (NT),No,No,,""
G3788,"ὀφθαλμός",Greek (NT),No,Yes,,""
G3789,"ὄφις",Greek (NT),No,No,,""
G3790,"ὀφρῦς",Greek (NT),No,No,,""
G3791,"ὀχλέω",Greek (NT),No,No,,""
G3792,"ὀχλοποιέω",Greek (NT),No,No,,""
G3793,"ὄχλος",Greek (NT),No,No,,""
G3794,"ὀχύρωμα",Greek (NT),No,No,,""
G3795,"ὀψάριον",Greek (NT),No,No,,""
G3796,"ὀψέ",Greek (NT),No,No,,""
G3797,"ὄψιμος",Greek (NT),No,No,,""
G3798,"ὄψιος",Greek (NT),No,No,,""
G3799,"ὄψις",Greek (NT),No,No,,""
G3800,"ὀψώνιον",Greek (NT),No,No,,""
G3801,"ὁ ὢν καί ὁ ἦν καί ὁ ἐρχόμενος",Greek (NT),No,No,,""
G3802,"παγιδεύω",Greek (NT),No,No,,""
G3803,"παγίς",Greek (NT),No,No,,""
G3804,"πάθημα",Greek (NT),No,No,,""
G3805,"παθητός",Greek (NT),No,No,,""
G3806,"πάθος",Greek (NT),No,No,,""
G3807,"παιδαγωγός",Greek (NT),No,No,,""
G3808,"παιδάριον",Greek (NT),No,No,,""
G3809,"παιδεία",Greek (NT),No,No,,""
G3810,"παιδευτής",Greek (NT),No,No,,""
G3811,"παιδεύω",Greek (NT),No,No,,""
G3812,"παιδιόθεν",Greek (NT),No,No,,""
G3813,"παιδίον",Greek (NT),No,No,,""
G3814,"παιδίσκη",Greek (NT),No,No,,""
G3815,"παίζω",Greek (NT),No,No,,""
G3816,"παῖς",Greek (NT),No,Yes,,""
G3817,"παίω",Greek (NT),No,No,,""
G3818,"Πακατιανή",Greek (NT),No,No,,""
G3819,"πάλαι",Greek (NT),No,No,,""
G3820,"παλαιός",Greek (NT),No,No,,""
G3821,"παλαιότης",Greek (NT),No,No,,""
G3822,"παλαιόω",Greek (NT),No,No,,""
G3823,"πάλη",Greek (NT),No,No,,""
G3824,"παλιγγενεσία",Greek (NT),No,No,,""
G3825,"πάλιν",Greek (NT),No,No,,""
G3826,"παμπληθεί",Greek (NT),No,No,,""
G3827,"πάμπολυς",Greek (NT),No,No,,""
G3828,"Παμφυλία",Greek (NT),No,No,,""
G3829,"πανδοχεῖον",Greek (NT),No,No,,""
G3830,"πανδοχεύς",Greek (NT),No,No,,""
G3831,"πανήγυρις",Greek (NT),No,No,,""
G3832,"πανοικί",Greek (NT),No,No,,""
G3833,"πανοπλία",Greek (NT),No,No,,""
G3834,"πανουργία",Greek (NT),No,No,,""
G3835,"πανοῦργος",Greek (NT),No,No,,""
G3836,"πανταχόθεν",Greek (NT),No,No,,""
G3837,"πανταχοῦ",Greek (NT),No,No,,""
G3838,"παντελής",Greek (NT),No,No,,""
G3839,"πάντη",Greek (NT),No,No,,""
G3840,"πάντοθεν",Greek (NT),No,No,,""
G3841,"παντοκράτωρ",Greek (NT),No,No,,""
G3842,"πάντοτε",Greek (NT),No,No,,""
G3843,"πάντως",Greek (NT),No,No,,""
G3844,"παρά",Greek (NT),No,No,,""
G3845,"παραβαίνω",Greek (NT),No,No,,""
G3846,"παραβάλλω",Greek (NT),No,No,,""
G3847,"παράβασις",Greek (NT),No,No,,""
G3848,"παραβάτης",Greek (NT),No,No,,""
G3849,"παραβιάζομαι",Greek (NT),No,No,,""
G3850,"παραβολή",Greek (NT),No,No,,""
G3851,"παραβουλεύομαι",Greek (NT),No,No,,""
G3852,"παραγγελία",Greek (NT),No,No,,""
G3853,"παραγγέλλω",Greek (NT),No,No,,""
G3854,"παραγίνομαι",Greek (NT),No,Yes,,""
G3855,"παράγω",Greek (NT),No,No,,""
G3856,"παραδειγματίζω",Greek (NT),No,No,,""
G3857,"παράδεισος",Greek (NT),No,No,,""
G3858,"παραδέχομαι",Greek (NT),No,No,,""
G3859,"παραδιατριβή",Greek (NT),No,No,,""
G3860,"παραδίδωμι",Greek (NT),No,Yes,,""
G3861,"παράδοξος",Greek (NT),No,No,,""
G3862,"παράδοσις",Greek (NT),No,Yes,,""
G3863,"παραζηλόω",Greek (NT),No,No,,""
G3864,"παραθαλάσσιος",Greek (NT),No,No,,""
G3865,"παραθεωρέω",Greek (NT),No,No,,""
G3866,"παραθήκη",Greek (NT),No,No,,""
G3867,"παραινέω",Greek (NT),No,No,,""
G3868,"παραιτέομαι",Greek (NT),No,No,,""
G3869,"παρακαθίζω",Greek (NT),No,No,,""
G3870,"παρακαλέω",Greek (NT),No,No,,""
G3871,"παρακαλύπτω",Greek (NT),No,No,,""
G3872,"παρακαταθήκη",Greek (NT),No,No,,""
G3873,"παράκειμαι",Greek (NT),No,No,,""
G3874,"παράκλησις",Greek (NT),No,No,,""
G3875,"παράκλητος",Greek (NT),No,No,,""
G3876,"παρακοή",Greek (NT),No,No,,""
G3877,"παρακολουθέω",Greek (NT),No,No,,""
G3878,"παρακούω",Greek (NT),No,No,,""
G3879,"παρακύπτω",Greek (NT),No,No,,""
G3880,"παραλαμβάνω",Greek (NT),No,Yes,,""
G3881,"παραλέγομαι",Greek (NT),No,No,,""
G3882,"παράλιος",Greek (NT),No,No,,""
G3883,"παραλλαγή",Greek (NT),No,No,,""
G3884,"παραλογίζομαι",Greek (NT),No,No,,""
G3885,"παραλυτικός",Greek (NT),No,No,,""
G3886,"παραλύω",Greek (NT),No,No,,""
G3887,"παραμένω",Greek (NT),No,No,,""
G3888,"παραμυθέομαι",Greek (NT),No,No,,""
G3889,"παραμυθία",Greek (NT),No,No,,""
G3890,"παραμύθιον",Greek (NT),No,No,,""
G3891,"παρανομέω",Greek (NT),No,No,,""
G3892,"παρανομία",Greek (NT),No,No,,""
G3893,"παραπικραίνω",Greek (NT),No,No,,""
G3894,"παραπικρασμός",Greek (NT),No,No,,""
G3895,"παραπίπτω",Greek (NT),No,No,,""
G3896,"παραπλέω",Greek (NT),No,No,,""
G3897,"παραπλήσιον",Greek (NT),No,No,,""
G3898,"παραπλησίως",Greek (NT),No,No,,""
G3899,"παραπορεύομαι",Greek (NT),No,No,,""
G3900,"παράπτωμα",Greek (NT),No,No,,""
G3901,"παραῤῥυέω",Greek (NT),No,No,,""
G3902,"παράσημος",Greek (NT),No,No,,""
G3903,"παρασκευάζω",Greek (NT),No,No,,""
G3904,"παρασκευή",Greek (NT),No,No,,""
G3905,"παρατείνω",Greek (NT),No,No,,""
G3906,"παρατηρέω",Greek (NT),No,No,,""
G3907,"παρατήρησις",Greek (NT),No,No,,""
G3908,"παρατίθημι",Greek (NT),No,No,,""
G3909,"παρατυγχάνω",Greek (NT),No,No,,""
G3910,"παραυτίκα",Greek (NT),No,No,,""
G3911,"παραφέρω",Greek (NT),No,No,,""
G3912,"παραφρονέω",Greek (NT),No,No,,""
G3913,"παραφρονία",Greek (NT),No,No,,""
G3914,"παραχειμάζω",Greek (NT),No,No,,""
G3915,"παραχειμασία",Greek (NT),No,No,,""
G3916,"παραχρῆμα",Greek (NT),No,No,,""
G3917,"πάρδαλις",Greek (NT),No,No,,""
G3918,"πάρειμι",Greek (NT),No,No,,""
G3919,"παρεισάγω",Greek (NT),No,No,,""
G3920,"παρείσακτος",Greek (NT),No,No,,""
G3921,"παρεισδύνω",Greek (NT),No,No,,""
G3922,"παρεισέρχομαι",Greek (NT),No,No,,""
G3923,"παρεισφέρω",Greek (NT),No,No,,""
G3924,"παρεκτός",Greek (NT),No,No,,""
G3925,"παρεμβολή",Greek (NT),No,No,,""
G3926,"παρενοχλέω",Greek (NT),No,No,,""
G3927,"παρεπίδημος",Greek (NT),No,No,,""
G3928,"παρέρχομαι",Greek (NT),No,No,,""
G3929,"πάρεσις",Greek (NT),No,No,,""
G3930,"παρέχω",Greek (NT),No,No,,""
G3931,"παρηγορία",Greek (NT),No,No,,""
G3932,"παρθενία",Greek (NT),No,No,,""
G3933,"παρθένος",Greek (NT),No,No,,""
G3934,"Πάρθος",Greek (NT),No,No,,""
G3935,"παρίημι",Greek (NT),No,No,,""
G3936,"παριστάνω",Greek (NT),No,No,,""
G3937,"Παρμενᾶς",Greek (NT),No,No,,""
G3938,"πάροδος",Greek (NT),No,No,,""
G3939,"παροικέω",Greek (NT),No,No,,""
G3940,"παροικία",Greek (NT),No,No,,""
G3941,"πάροικος",Greek (NT),No,No,,""
G3942,"παροιμία",Greek (NT),No,No,,""
G3943,"πάροινος",Greek (NT),No,No,,""
G3944,"παροίχομαι",Greek (NT),No,No,,""
G3945,"παρομοιάζω",Greek (NT),No,No,,""
G3946,"παρόμοιος",Greek (NT),No,No,,""
G3947,"παροξύνω",Greek (NT),No,No,,""
G3948,"παροξυσμός",Greek (NT),No,No,,""
G3949,"παροργίζω",Greek (NT),No,No,,""
G3950,"παροργισμός",Greek (NT),No,No,,""
G3951,"παροτρύνω",Greek (NT),No,No,,""
G3952,"παρουσία",Greek (NT),No,Yes,,""
G3953,"παροψίς",Greek (NT),No,No,,""
G3954,"παῤῥησία",Greek (NT),No,No,,""
G3955,"παῤῥησιάζομαι",Greek (NT),No,No,,""
G3956,"πᾶς",Greek (NT),No,Yes,,""
G3957,"πάσχα",Greek (NT),No,No,,""
G3958,"πένθω",Greek (NT),No,No,,""
G3959,"Πάταρα",Greek (NT),No,No,,""
G3960,"πατάσσω",Greek (NT),No,No,,""
G3961,"πατέω",Greek (NT),No,No,,""
G3962,"πατήρ",Greek (NT),No,Yes,,""
G3963,"Πάτμος",Greek (NT),No,No,,""
G3964,"πατραλῴας",Greek (NT),No,No,,""
G3965,"πατριά",Greek (NT),No,No,,""
G3966,"πατριάρχης",Greek (NT),No,No,,""
G3967,"πατρικός",Greek (NT),No,No,,""
G3968,"πατρίς",Greek (NT),No,No,,""
G3969,"Πατροβᾶς",Greek (NT),No,No,,""
G3970,"πατροπαράδοτος",Greek (NT),No,No,,""
G3971,"πατρῷος",Greek (NT),No,No,,""
G3972,"Παῦλος",Greek (NT),No,No,,""
G3973,"παύω",Greek (NT),No,No,,""
G3974,"Πάφος",Greek (NT),No,No,,""
G3975,"παχύνω",Greek (NT),No,No,,""
G3976,"πέδη",Greek (NT),No,No,,""
G3977,"πεδινός",Greek (NT),No,No,,""
G3978,"πεζεύω",Greek (NT),No,No,,""
G3979,"πεζῇ",Greek (NT),No,No,,""
G3980,"πειθαρχέω",Greek (NT),No,No,,""
G3981,"πειθός",Greek (NT),No,No,,""
G3982,"πείθω",Greek (NT),No,Yes,,""
G3983,"πεινάω",Greek (NT),No,No,,""
G3984,"πεῖρα",Greek (NT),No,No,,""
G3985,"πειράζω",Greek (NT),No,No,,""
G3986,"πειρασμός",Greek (NT),No,No,,""
G3987,"πειράω",Greek (NT),No,No,,""
G3988,"πεισμονή",Greek (NT),No,No,,""
G3989,"πέλαγος",Greek (NT),No,No,,""
G3990,"πελεκίζω",Greek (NT),No,No,,""
G3991,"πέμπτος",Greek (NT),No,No,,""
G3992,"πέμπω",Greek (NT),No,No,,""
G3993,"πένης",Greek (NT),No,No,,""
G3994,"πενθερά",Greek (NT),No,No,,""
G3995,"πενθερός",Greek (NT),No,No,,""
G3996,"πενθέω",Greek (NT),No,No,,""
G3997,"πένθος",Greek (NT),No,No,,""
G3998,"πενιχρός",Greek (NT),No,No,,""
G3999,"πεντάκις",Greek (NT),No,No,,""
G4000,"πεντακισχίλιοι",Greek (NT),No,No,,""
G4001,"πεντακόσιοι",Greek (NT),No,No,,""
G4002,"πέντε",Greek (NT),No,No,,""
G4003,"πεντεκαιδέκατος",Greek (NT),No,No,,""
G4004,"πεντήκοντα",Greek (NT),No,No,,""
G4005,"πεντηκοστή",Greek (NT),No,No,,""
G4006,"πεποίθησις",Greek (NT),No,No,,""
G4007,"περ",Greek (NT),No,No,,""
G4008,"πέραν",Greek (NT),No,No,,""
G4009,"πέρας",Greek (NT),No,No,,""
G4010,"Πέργαμος",Greek (NT),No,No,,""
G4011,"Πέργη",Greek (NT),No,No,,""
G4012,"περί",Greek (NT),No,No,,""
G4013,"περιάγω",Greek (NT),No,No,,""
G4014,"περιαιρέω",Greek (NT),No,No,,""
G4015,"περιαστράπτω",Greek (NT),No,No,,""
G4016,"περιβάλλω",Greek (NT),No,No,,""
G4017,"περιβλέπω",Greek (NT),No,No,,""
G4018,"περιβόλαιον",Greek (NT),No,No,,""
G4019,"περιδέω",Greek (NT),No,No,,""
G4020,"περιεργάζομαι",Greek (NT),No,No,,""
G4021,"περίεργος",Greek (NT),No,No,,""
G4022,"περιέρχομαι",Greek (NT),No,No,,""
G4023,"περιέχω",Greek (NT),No,No,,""
G4024,"περιζώννυμι",Greek (NT),No,No,,""
G4025,"περίθεσις",Greek (NT),No,No,,""
G4026,"περιΐστημι",Greek (NT),No,No,,""
G4027,"περικάθαρμα",Greek (NT),No,No,,""
G4028,"περικαλύπτω",Greek (NT),No,No,,""
G4029,"περίκειμαι",Greek (NT),No,No,,""
G4030,"περικεφαλαία",Greek (NT),No,No,,""
G4031,"περικρατής",Greek (NT),No,No,,""
G4032,"περικρύπτω",Greek (NT),No,No,,""
G4033,"περικυκλόω",Greek (NT),No,No,,""
G4034,"περιλάμπω",Greek (NT),No,No,,""
G4035,"περιλείπω",Greek (NT),No,No,,""
G4036,"περίλυπος",Greek (NT),No,No,,""
G4037,"περιμένω",Greek (NT),No,No,,""
G4038,"πέριξ",Greek (NT),No,No,,""
G4039,"περιοικέω",Greek (NT),No,No,,""
G4040,"περίοικος",Greek (NT),No,No,,""
G4041,"περιούσιος",Greek (NT),No,No,,""
G4042,"περιοχή",Greek (NT),No,No,,""
G4043,"περιπατέω",Greek (NT),No,Yes,,""
G4044,"περιπείρω",Greek (NT),No,No,,""
G4045,"περιπίπτω",Greek (NT),No,No,,""
G4046,"περιποιέομαι",Greek (NT),No,No,,""
G4047,"περιποίησις",Greek (NT),No,No,,""
G4048,"περιῤῥήγνυμι",Greek (NT),No,No,,""
G4049,"περισπάω",Greek (NT),No,No,,""
G4050,"περισσεία",Greek (NT),No,No,,""
G4051,"περίσσευμα",Greek (NT),No,No,,""
G4052,"περισσεύω",Greek (NT),No,No,,""
G4053,"περισσός",Greek (NT),No,No,,""
G4054,"περισσότερον",Greek (NT),No,No,,""
G4055,"περισσότερος",Greek (NT),No,No,,""
G4056,"περισσοτέρως",Greek (NT),No,No,,""
G4057,"περισσῶς",Greek (NT),No,No,,""
G4058,"περιστερά",Greek (NT),No,No,,""
G4059,"περιτέμνω",Greek (NT),No,No,,""
G4060,"περιτίθημι",Greek (NT),No,No,,""
G4061,"περιτομή",Greek (NT),No,No,,""
G4062,"περιτρέπω",Greek (NT),No,No,,""
G4063,"περιτρέχω",Greek (NT),No,No,,""
G4064,"περιφέρω",Greek (NT),No,No,,""
G4065,"περιφρονέω",Greek (NT),No,No,,""
G4066,"περίχωρος",Greek (NT),No,No,,""
G4067,"περίψωμα",Greek (NT),No,No,,""
G4068,"περπερεύομαι",Greek (NT),No,No,,""
G4069,"Περσίς",Greek (NT),No,No,,""
G4070,"πέρυσι",Greek (NT),No,No,,""
G4071,"πετεινόν",Greek (NT),No,No,,""
G4072,"πτάομαι",Greek (NT),No,No,,""
G4073,"πέτρα",Greek (NT),No,No,,""
G4074,"Πέτρος",Greek (NT),No,No,,""
G4075,"πετρώδης",Greek (NT),No,No,,""
G4076,"πήγανον",Greek (NT),No,No,,""
G4077,"πηγή",Greek (NT),No,No,,""
G4078,"πήγνυμι",Greek (NT),No,No,,""
G4079,"πηδάλιον",Greek (NT),No,No,,""
G4080,"πηλίκος",Greek (NT),No,No,,""
G4081,"πηλός",Greek (NT),No,No,,""
G4082,"πήρα",Greek (NT),No,No,,""
G4083,"πῆχυς",Greek (NT),No,No,,""
G4084,"πιάζω",Greek (NT),No,No,,""
G4085,"πιέζω",Greek (NT),No,No,,""
G4086,"πιθανολογία",Greek (NT),No,No,,""
G4087,"πικραίνω",Greek (NT),No,No,,""
G4088,"πικρία",Greek (NT),No,No,,""
G4089,"πικρός",Greek (NT),No,No,,""
G4090,"πικρῶς",Greek (NT),No,No,,""
G4091,"Πιλᾶτος",Greek (NT),No,No,,""
G4092,"πίμπρημι",Greek (NT),No,No,,""
G4093,"πινακίδιον",Greek (NT),No,No,,""
G4094,"πίναξ",Greek (NT),No,No,,""
G4095,"πίνω",Greek (NT),No,No,,""
G4096,"πιότης",Greek (NT),No,No,,""
G4097,"πράω",Greek (NT),No,No,,""
G4098,"πέτω",Greek (NT),No,No,,""
G4099,"Πισιδία",Greek (NT),No,No,,""
G4100,"πιστεύω",Greek (NT),No,Yes,,""
G4101,"πιστικός",Greek (NT),No,No,,""
G4102,"πίστις",Greek (NT),No,Yes,,""
G4103,"πιστός",Greek (NT),No,Yes,,""
G4104,"πιστόω",Greek (NT),No,No,,""
G4105,"πλανάω",Greek (NT),No,No,,""
G4106,"πλάνη",Greek (NT),No,No,,""
G4107,"πλανήτης",Greek (NT),No,No,,""
G4108,"πλάνος",Greek (NT),No,No,,""
G4109,"πλάξ",Greek (NT),No,No,,""
G4110,"πλάσμα",Greek (NT),No,No,,""
G4111,"πλάσσω",Greek (NT),No,No,,""
G4112,"πλαστός",Greek (NT),No,No,,""
G4113,"πλατεῖα",Greek (NT),No,No,,""
G4114,"πλάτος",Greek (NT),No,No,,""
G4115,"πλατύνω",Greek (NT),No,No,,""
G4116,"πλατύς",Greek (NT),No,No,,""
G4117,"πλέγμα",Greek (NT),No,No,,""
G4118,"πλεῖστος",Greek (NT),No,No,,""
G4119,"πλέον",Greek (NT),No,No,,""
G4120,"πλέκω",Greek (NT),No,No,,""
G4121,"πλεονάζω",Greek (NT),No,No,,""
G4122,"πλεονεκτέω",Greek (NT),No,No,,""
G4123,"πλεονέκτης",Greek (NT),No,No,,""
G4124,"πλεονεξία",Greek (NT),No,No,,""
G4125,"πλευρά",Greek (NT),No,No,,""
G4126,"πλεύω",Greek (NT),No,No,,""
G4127,"πληγή",Greek (NT),No,No,,""
G4128,"πλῆθος",Greek (NT),No,No,,""
G4129,"πληθύνω",Greek (NT),No,No,,""
G4130,"πλήθω",Greek (NT),No,No,,""
G4131,"πλήκτης",Greek (NT),No,No,,""
G4132,"πλήμμυρα",Greek (NT),No,No,,""
G4133,"πλήν",Greek (NT),No,No,,""
G4134,"πλήρης",Greek (NT),No,No,,""
G4135,"πληροφορέω",Greek (NT),No,No,,""
G4136,"πληροφορία",Greek (NT),No,No,,""
G4137,"πληρόω",Greek (NT),No,Yes,,""
G4138,"πλήρωμα",Greek (NT),No,No,,""
G4139,"πλησίον",Greek (NT),No,No,,""
G4140,"πλησμονή",Greek (NT),No,No,,""
G4141,"πλήσσω",Greek (NT),No,No,,""
G4142,"πλοιάριον",Greek (NT),No,No,,""
G4143,"πλοῖον",Greek (NT),No,No,,""
G4144,"πλόος",Greek (NT),No,No,,""
G4145,"πλούσιος",Greek (NT),No,No,,""
G4146,"πλουσίως",Greek (NT),No,No,,""
G4147,"πλουτέω",Greek (NT),No,No,,""
G4148,"πλουτίζω",Greek (NT),No,No,,""
G4149,"πλοῦτος",Greek (NT),No,No,,""
G4150,"πλύνω",Greek (NT),No,No,,""
G4151,"πνεῦμα",Greek (NT),No,Yes,,""
G4152,"πνευματικός",Greek (NT),No,No,,""
G4153,"πνευματικῶς",Greek (NT),No,No,,""
G4154,"πνέω",Greek (NT),No,No,,""
G4155,"πνίγω",Greek (NT),No,No,,""
G4156,"πνικτός",Greek (NT),No,No,,""
G4157,"πνοή",Greek (NT),No,No,,""
G4158,"ποδήρης",Greek (NT),No,No,,""
G4159,"πόθεν",Greek (NT),No,No,,""
G4160,"ποιέω",Greek (NT),No,Yes,,""
G4161,"ποίημα",Greek (NT),No,No,,""
G4162,"ποίησις",Greek (NT),No,No,,""
G4163,"ποιητής",Greek (NT),No,No,,""
G4164,"ποικίλος",Greek (NT),No,No,,""
G4165,"ποιμαίνω",Greek (NT),No,No,,""
G4166,"ποιμήν",Greek (NT),No,No,,""
G4167,"ποίμνη",Greek (NT),No,No,,""
G4168,"ποίμνιον",Greek (NT),No,No,,""
G4169,"ποῖος",Greek (NT),No,No,,""
G4170,"πολεμέω",Greek (NT),No,No,,""
G4171,"πόλεμος",Greek (NT),No,No,,""
G4172,"πόλις",Greek (NT),No,Yes,,""
G4173,"πολιτάρχης",Greek (NT),No,No,,""
G4174,"πολιτεία",Greek (NT),No,No,,""
G4175,"πολίτευμα",Greek (NT),No,No,,""
G4176,"πολιτεύομαι",Greek (NT),No,No,,""
G4177,"πολίτης",Greek (NT),No,No,,""
G4178,"πολλάκις",Greek (NT),No,No,,""
G4179,"πολλαπλασίων",Greek (NT),No,No,,""
G4180,"πολυλογία",Greek (NT),No,No,,""
G4181,"πολυμερῶς",Greek (NT),No,No,,""
G4182,"πολυποίκιλος",Greek (NT),No,No,,""
G4183,"πολύς",Greek (NT),No,Yes,,""
G4184,"πολύσπλαγχνος",Greek (NT),No,No,,""
G4185,"πολυτελής",Greek (NT),No,No,,""
G4186,"πολύτιμος",Greek (NT),No,No,,""
G4187,"πολυτρόπως",Greek (NT),No,No,,""
G4188,"πόμα",Greek (NT),No,No,,""
G4189,"πονηρία",Greek (NT),No,No,,""
G4190,"πονηρός",Greek (NT),No,Yes,,""
G4191,"πονηρότερος",Greek (NT),No,No,,""
G4192,"πόνος",Greek (NT),No,No,,""
G4193,"Ποντικός",Greek (NT),No,No,,""
G4194,"Πόντιος",Greek (NT),No,No,,""
G4195,"Πόντος",Greek (NT),No,No,,""
G4196,"Πόπλιος",Greek (NT),No,No,,""
G4197,"πορεία",Greek (NT),No,No,,""
G4198,"πορεύομαι",Greek (NT),No,No,,""
G4199,"πορθέω",Greek (NT),No,No,,""
G4200,"πορισμός",Greek (NT),No,No,,""
G4201,"Πόρκιος",Greek (NT),No,No,,""
G4202,"πορνεία",Greek (NT),No,No,,""
G4203,"πορνεύω",Greek (NT),No,No,,""
G4204,"πόρνη",Greek (NT),No,No,,""
G4205,"πόρνος",Greek (NT),No,No,,""
G4206,"πόῤῥω",Greek (NT),No,No,,""
G4207,"πόῤῥωθεν",Greek (NT),No,No,,""
G4208,"ποῤῥωτέρω",Greek (NT),No,No,,""
G4209,"πορφύρα",Greek (NT),No,No,,""
G4210,"πορφυροῦς",Greek (NT),No,No,,""
G4211,"πορφυρόπωλις",Greek (NT),No,No,,""
G4212,"ποσάκις",Greek (NT),No,No,,""
G4213,"πόσις",Greek (NT),No,No,,""
G4214,"πόσος",Greek (NT),No,No,,""
G4215,"ποταμός",Greek (NT),No,No,,""
G4216,"ποταμοφόρητος",Greek (NT),No,No,,""
G4217,"ποταπός",Greek (NT),No,No,,""
G4218,"ποτέ",Greek (NT),No,No,,""
G4219,"πότε",Greek (NT),No,No,,""
G4220,"πότερον",Greek (NT),No,No,,""
G4221,"ποτήριον",Greek (NT),No,No,,""
G4222,"ποτίζω",Greek (NT),No,No,,""
G4223,"Ποτίολοι",Greek (NT),No,No,,""
G4224,"πότος",Greek (NT),No,No,,""
G4225,"πού",Greek (NT),No,No,,""
G4226,"ποῦ",Greek (NT),No,No,,""
G4227,"Πούδης",Greek (NT),No,No,,""
G4228,"πούς",Greek (NT),No,Yes,,""
G4229,"πρᾶγμα",Greek (NT),No,No,,""
G4230,"πραγματεία",Greek (NT),No,No,,""
G4231,"πραγματεύομαι",Greek (NT),No,No,,""
G4232,"πραιτώριον",Greek (NT),No,No,,""
G4233,"πράκτωρ",Greek (NT),No,No,,""
G4234,"πρᾶξις",Greek (NT),No,No,,""
G4235,"πρᾷος",Greek (NT),No,No,,""
G4236,"πρᾳότης",Greek (NT),No,No,,""
G4237,"πρασιά",Greek (NT),No,No,,""
G4238,"πράσσω",Greek (NT),No,No,,""
G4239,"πραΰς",Greek (NT),No,No,,""
G4240,"πραΰτης",Greek (NT),No,No,,""
G4241,"πρέπω",Greek (NT),No,No,,""
G4242,"πρεσβεία",Greek (NT),No,No,,""
G4243,"πρεσβεύω",Greek (NT),No,No,,""
G4244,"πρεσβυτέριον",Greek (NT),No,No,,""
G4245,"πρεσβύτερος",Greek (NT),No,No,,""
G4246,"πρεσβύτης",Greek (NT),No,No,,""
G4247,"πρεσβῦτις",Greek (NT),No,No,,""
G4248,"πρηνής",Greek (NT),No,No,,""
G4249,"πρίζω",Greek (NT),No,No,,""
G4250,"πρίν",Greek (NT),No,No,,""
G4251,"Πρίσκα",Greek (NT),No,No,,""
G4252,"Πρίσκιλλα",Greek (NT),No,No,,""
G4253,"πρό",Greek (NT),No,No,,""
G4254,"προάγω",Greek (NT),No,No,,""
G4255,"προαιρέομαι",Greek (NT),No,No,,""
G4256,"προαιτιάομαι",Greek (NT),No,No,,""
G4257,"προακούω",Greek (NT),No,No,,""
G4258,"προαμαρτάνω",Greek (NT),No,No,,""
G4259,"προαύλιον",Greek (NT),No,No,,""
G4260,"προβαίνω",Greek (NT),No,No,,""
G4261,"προβάλλω",Greek (NT),No,No,,""
G4262,"προβατικός",Greek (NT),No,No,,""
G4263,"πρόβατον",Greek (NT),No,No,,""
G4264,"προβιβάζω",Greek (NT),No,No,,""
G4265,"προβλέπω",Greek (NT),No,No,,""
G4266,"προγίνομαι",Greek (NT),No,No,,""
G4267,"προγινώσκω",Greek (NT),No,No,,""
G4268,"πρόγνωσις",Greek (NT),No,No,,""
G4269,"πρόγονος",Greek (NT),No,No,,""
G4270,"προγράφω",Greek (NT),No,No,,""
G4271,"πρόδηλος",Greek (NT),No,No,,""
G4272,"προδίδωμι",Greek (NT),No,No,,""
G4273,"προδότης",Greek (NT),No,No,,""
G4274,"πρόδρομος",Greek (NT),No,No,,""
G4275,"προείδω",Greek (NT),No,No,,""
G4276,"προελπίζω",Greek (NT),No,No,,""
G4277,"προέπω",Greek (NT),No,No,,""
G4278,"προενάρχομαι",Greek (NT),No,No,,""
G4279,"προεπαγγέλλομαι",Greek (NT),No,No,,""
G4280,"προερέω",Greek (NT),No,No,,""
G4281,"προέρχομαι",Greek (NT),No,No,,""
G4282,"προετοιμάζω",Greek (NT),No,No,,""
G4283,"προευαγγελίζομαι",Greek (NT),No,No,,""
G4284,"προέχομαι",Greek (NT),No,No,,""
G4285,"προηγέομαι",Greek (NT),No,No,,""
G4286,"πρόθεσις",Greek (NT),No,No,,""
G4287,"προθέσμιος",Greek (NT),No,No,,""
G4288,"προθυμία",Greek (NT),No,No,,""
G4289,"πρόθυμος",Greek (NT),No,No,,""
G4290,"προθύμως",Greek (NT),No,No,,""
G4291,"προΐστημι",Greek (NT),No,No,,""
G4292,"προκαλέομαι",Greek (NT),No,No,,""
G4293,"προκαταγγέλλω",Greek (NT),No,No,,""
G4294,"προκαταρτίζω",Greek (NT),No,No,,""
G4295,"πρόκειμαι",Greek (NT),No,No,,""
G4296,"προκηρύσσω",Greek (NT),No,No,,""
G4297,"προκοπή",Greek (NT),No,No,,""
G4298,"προκόπτω",Greek (NT),No,No,,""
G4299,"πρόκριμα",Greek (NT),No,No,,""
G4300,"προκυρόω",Greek (NT),No,No,,""
G4301,"προλαμβάνω",Greek (NT),No,No,,""
G4302,"προλέγω",Greek (NT),No,No,,""
G4303,"προμαρτύρομαι",Greek (NT),No,No,,""
G4304,"προμελετάω",Greek (NT),No,No,,""
G4305,"προμεριμνάω",Greek (NT),No,No,,""
G4306,"προνοέω",Greek (NT),No,No,,""
G4307,"πρόνοια",Greek (NT),No,No,,""
G4308,"προοράω",Greek (NT),No,No,,""
G4309,"προορίζω",Greek (NT),No,No,,""
G4310,"προπάσχω",Greek (NT),No,No,,""
G4311,"προπέμπω",Greek (NT),No,No,,""
G4312,"προπετής",Greek (NT),No,No,,""
G4313,"προπορεύομαι",Greek (NT),No,No,,""
G4314,"πρός",Greek (NT),No,No,,""
G4315,"προσάββατον",Greek (NT),No,No,,""
G4316,"προσαγορεύω",Greek (NT),No,No,,""
G4317,"προσάγω",Greek (NT),No,No,,""
G4318,"προσαγωγή",Greek (NT),No,No,,""
G4319,"προσαιτέω",Greek (NT),No,No,,""
G4320,"προσαναβαίνω",Greek (NT),No,No,,""
G4321,"προσαναλίσκω",Greek (NT),No,No,,""
G4322,"προσαναπληρόω",Greek (NT),No,No,,""
G4323,"προσανατίθημι",Greek (NT),No,No,,""
G4324,"προσαπειλέω",Greek (NT),No,No,,""
G4325,"προσδαπανάω",Greek (NT),No,No,,""
G4326,"προσδέομαι",Greek (NT),No,No,,""
G4327,"προσδέχομαι",Greek (NT),No,No,,""
G4328,"προσδοκάω",Greek (NT),No,No,,""
G4329,"προσδοκία",Greek (NT),No,No,,""
G4330,"προσεάω",Greek (NT),No,No,,""
G4331,"προσεγγίζω",Greek (NT),No,No,,""
G4332,"προσεδρεύω",Greek (NT),No,No,,""
G4333,"προσεργάζομαι",Greek (NT),No,No,,""
G4334,"προσέρχομαι",Greek (NT),No,No,,""
G4335,"προσευχή",Greek (NT),No,Yes,,""
G4336,"προσεύχομαι",Greek (NT),No,Yes,,""
G4337,"προσέχω",Greek (NT),No,No,,""
G4338,"προσηλόω",Greek (NT),No,No,,""
G4339,"προσήλυτος",Greek (NT),No,No,,""
G4340,"πρόσκαιρος",Greek (NT),No,No,,""
G4341,"προσκαλέομαι",Greek (NT),No,No,,""
G4342,"προσκαρτερέω",Greek (NT),No,No,,""
G4343,"προσκαρτέρησις",Greek (NT),No,No,,""
G4344,"προσκεφάλαιον",Greek (NT),No,No,,""
G4345,"προσκληρόω",Greek (NT),No,No,,""
G4346,"πρόσκλισις",Greek (NT),No,No,,""
G4347,"προσκολλάω",Greek (NT),No,No,,""
G4348,"πρόσκομμα",Greek (NT),No,No,,""
G4349,"προσκοπή",Greek (NT),No,No,,""
G4350,"προσκόπτω",Greek (NT),No,No,,""
G4351,"προσκυλίω",Greek (NT),No,No,,""
G4352,"προσκυνέω",Greek (NT),No,No,,""
G4353,"προσκυνητής",Greek (NT),No,No,,""
G4354,"προσλαλέω",Greek (NT),No,No,,""
G4355,"προσλαμβάνω",Greek (NT),No,No,,""
G4356,"πρόσληψις",Greek (NT),No,No,,""
G4357,"προσμένω",Greek (NT),No,No,,""
G4358,"προσορμίζω",Greek (NT),No,No,,""
G4359,"προσοφείλω",Greek (NT),No,No,,""
G4360,"προσοχθίζω",Greek (NT),No,No,,""
G4361,"πρόσπεινος",Greek (NT),No,No,,""
G4362,"προσπήγνυμι",Greek (NT),No,No,,""
G4363,"προσπίπτω",Greek (NT),No,No,,""
G4364,"προσποιέομαι",Greek (NT),No,No,,""
G4365,"προσπορεύομαι",Greek (NT),No,No,,""
G4366,"προσρήγνυμι",Greek (NT),No,No,,""
G4367,"προστάσσω",Greek (NT),No,No,,""
G4368,"προστάτις",Greek (NT),No,No,,""
G4369,"προστίθημι",Greek (NT),No,No,,""
G4370,"προστρέχω",Greek (NT),No,No,,""
G4371,"προσφάγιον",Greek (NT),No,No,,""
G4372,"πρόσφατος",Greek (NT),No,No,,""
G4373,"προσφάτως",Greek (NT),No,No,,""
G4374,"προσφέρω",Greek (NT),No,No,,""
G4375,"προσφιλής",Greek (NT),No,No,,""
G4376,"προσφορά",Greek (NT),No,No,,""
G4377,"προσφωνέω",Greek (NT),No,No,,""
G4378,"πρόσχυσις",Greek (NT),No,No,,""
G4379,"προσψαύω",Greek (NT),No,No,,""
G4380,"προσωποληπτέω",Greek (NT),No,No,,""
G4381,"προσωπολήπτης",Greek (NT),No,No,,""
G4382,"προσωποληψία",Greek (NT),No,No,,""
G4383,"πρόσωπον",Greek (NT),No,Yes,,""
G4384,"προτάσσω",Greek (NT),No,No,,""
G4385,"προτείνω",Greek (NT),No,No,,""
G4386,"πρότερον",Greek (NT),No,No,,""
G4387,"πρότερος",Greek (NT),No,No,,""
G4388,"προτίθεμαι",Greek (NT),No,No,,""
G4389,"προτρέπομαι",Greek (NT),No,No,,""
G4390,"προτρέχω",Greek (NT),No,No,,""
G4391,"προϋπάρχω",Greek (NT),No,No,,""
G4392,"πρόφασις",Greek (NT),No,No,,""
G4393,"προφέρω",Greek (NT),No,No,,""
G4394,"προφητεία",Greek (NT),No,No,,""
G4395,"προφητεύω",Greek (NT),No,No,,""
G4396,"προφήτης",Greek (NT),No,Yes,,""
G4397,"προφητικός",Greek (NT),No,No,,""
G4398,"προφῆτις",Greek (NT),No,No,,""
G4399,"προφθάνω",Greek (NT),No,No,,""
G4400,"προχειρίζομαι",Greek (NT),No,No,,""
G4401,"προχειροτονέω",Greek (NT),No,No,,""
G4402,"Πρόχορος",Greek (NT),No,No,,""
G4403,"πρύμνα",Greek (NT),No,No,,""
G4404,"πρωΐ",Greek (NT),No,Yes,,""
G4405,"πρωΐα",Greek (NT),No,No,,""
G4406,"πρώϊμος",Greek (NT),No,No,,""
G4407,"πρωϊνός",Greek (NT),No,No,,""
G4408,"πρῶρα",Greek (NT),No,No,,""
G4409,"πρωτεύω",Greek (NT),No,No,,""
G4410,"πρωτοκαθεδρία",Greek (NT),No,No,,""
G4411,"πρωτοκλισία",Greek (NT),No,No,,""
G4412,"πρῶτον",Greek (NT),No,No,,""
G4413,"πρῶτος",Greek (NT),No,No,,""
G4414,"πρωτοστάτης",Greek (NT),No,No,,""
G4415,"πρωτοτόκια",Greek (NT),No,No,,""
G4416,"πρωτότοκος",Greek (NT),No,No,,""
G4417,"πταίω",Greek (NT),No,No,,""
G4418,"πτέρνα",Greek (NT),No,No,,""
G4419,"πτερύγιον",Greek (NT),No,No,,""
G4420,"πτέρυξ",Greek (NT),No,No,,""
G4421,"πτηνόν",Greek (NT),No,No,,""
G4422,"πτοέω",Greek (NT),No,No,,""
G4423,"πτόησις",Greek (NT),No,No,,""
G4424,"Πτολεμαΐς",Greek (NT),No,No,,""
G4425,"πτύον",Greek (NT),No,No,,""
G4426,"πτύρω",Greek (NT),No,No,,""
G4427,"πτύσμα",Greek (NT),No,No,,""
G4428,"πτύσσω",Greek (NT),No,No,,""
G4429,"πτύω",Greek (NT),No,No,,""
G4430,"πτῶμα",Greek (NT),No,No,,""
G4431,"πτῶσις",Greek (NT),No,No,,""
G4432,"πτωχεία",Greek (NT),No,No,,""
G4433,"πτωχεύω",Greek (NT),No,No,,""
G4434,"πτωχός",Greek (NT),No,No,,""
G4435,"πυγμή",Greek (NT),No,No,,""
G4436,"Πύθων",Greek (NT),No,No,,""
G4437,"πυκνός",Greek (NT),No,No,,""
G4438,"πυκτέω",Greek (NT),No,No,,""
G4439,"πύλη",Greek (NT),No,No,,""
G4440,"πυλών",Greek (NT),No,No,,""
G4441,"πυνθάνομαι",Greek (NT),No,No,,""
G4442,"πῦρ",Greek (NT),No,Yes,,""
G4443,"πυρά",Greek (NT),No,No,,""
G4444,"πύργος",Greek (NT),No,No,,""
G4445,"πυρέσσω",Greek (NT),No,No,,""
G4446,"πυρετός",Greek (NT),No,No,,""
G4447,"πύρινος",Greek (NT),No,No,,""
G4448,"πυρόω",Greek (NT),No,No,,""
G4449,"πυῤῥάζω",Greek (NT),No,No,,""
G4450,"πυῤῥός",Greek (NT),No,No,,""
G4451,"πύρωσις",Greek (NT),No,No,,""
G4452,"‐πω",Greek (NT),No,No,,""
G4453,"πωλέω",Greek (NT),No,No,,""
G4454,"πῶλος",Greek (NT),No,No,,""
G4455,"πώποτε",Greek (NT),No,No,,""
G4456,"πωρόω",Greek (NT),No,No,,""
G4457,"πώρωσις",Greek (NT),No,No,,""
G4458,"‐πώς",Greek (NT),No,No,,""
G4459,"πῶς",Greek (NT),No,Yes,,""
G4460,"Ῥαάβ",Greek (NT),No,No,,""
G4461,"ῥαββί",Greek (NT),No,No,,""
G4462,"ῥαββουνί",Greek (NT),No,No,,""
G4463,"ῥαβδίζω",Greek (NT),No,No,,""
G4464,"ῥάβδος",Greek (NT),No,No,,""
G4465,"ῥαβδοῦχος",Greek (NT),No,No,,""
G4466,"Ῥαγαῦ",Greek (NT),No,No,,""
G4467,"ῥᾳδιούργημα",Greek (NT),No,No,,""
G4468,"ῥᾳδιουργία",Greek (NT),No,No,,""
G4469,"ῥακά",Greek (NT),No,No,,""
G4470,"ῥάκος",Greek (NT),No,No,,""
G4471,"Ῥαμᾶ",Greek (NT),No,No,,""
G4472,"ῥαντίζω",Greek (NT),No,No,,""
G4473,"ῥαντισμός",Greek (NT),No,No,,""
G4474,"ῥαπίζω",Greek (NT),No,No,,""
G4475,"ῥάπισμα",Greek (NT),No,No,,""
G4476,"ῥαφίς",Greek (NT),No,No,,""
G4477,"Ῥαχάβ",Greek (NT),No,No,,""
G4478,"Ῥαχήλ",Greek (NT),No,No,,""
G4479,"Ῥεβέκκα",Greek (NT),No,No,,""
G4480,"ῥέδα",Greek (NT),No,No,,""
G4481,"Ῥεμφάν",Greek (NT),No,No,,""
G4482,"ῥέω",Greek (NT),No,No,,""
G4483,"ἐρέω",Greek (NT),No,No,,""
G4484,"Ῥήγιον",Greek (NT),No,No,,""
G4485,"ῥῆγμα",Greek (NT),No,No,,""
G4486,"ῥήσσω",Greek (NT),No,No,,""
G4487,"ῥῆμα",Greek (NT),No,Yes,,""
G4488,"Ῥησά",Greek (NT),No,No,,""
G4489,"ῥήτωρ",Greek (NT),No,No,,""
G4490,"ῥητῶς",Greek (NT),No,No,,""
G4491,"ῥίζα",Greek (NT),No,No,,""
G4492,"ῥιζόω",Greek (NT),No,No,,""
G4493,"ῥιπή",Greek (NT),No,No,,""
G4494,"ῥιπίζω",Greek (NT),No,No,,""
G4495,"ῥιπτέω",Greek (NT),No,No,,""
G4496,"ῥίπτω",Greek (NT),No,No,,""
G4497,"Ῥοβοάμ",Greek (NT),No,No,,""
G4498,"Ῥόδη",Greek (NT),No,No,,""
G4499,"Ῥόδος",Greek (NT),No,No,,""
G4500,"ῥοιζηδόν",Greek (NT),No,No,,""
G4501,"ῥομφαία",Greek (NT),No,No,,""
G4502,"Ῥουβήν",Greek (NT),No,No,,""
G4503,"Ῥούθ",Greek (NT),No,No,,""
G4504,"Ῥοῦφος",Greek (NT),No,No,,""
G4505,"ῥύμη",Greek (NT),No,No,,""
G4506,"ῥύομαι",Greek (NT),No,No,,""
G4507,"ῥυπαρία",Greek (NT),No,No,,""
G4508,"ῥυπαρός",Greek (NT),No,No,,""
G4509,"ῥύπος",Greek (NT),No,No,,""
G4510,"ῥυπόω",Greek (NT),No,No,,""
G4511,"ῥύσις",Greek (NT),No,No,,""
G4512,"ῥυτίς",Greek (NT),No,No,,""
G4513,"Ῥωμαϊκός",Greek (NT),No,No,,""
G4514,"Ῥωμαῖος",Greek (NT),No,No,,""
G4515,"Ῥωμαϊστί",Greek (NT),No,No,,""
G4516,"Ῥώμη",Greek (NT),No,No,,""
G4517,"ῥώννυμι",Greek (NT),No,No,,""
G4518,"σαβαχθάνι",Greek (NT),No,No,,""
G4519,"σαβαώθ",Greek (NT),No,No,,""
G4520,"σαββατισμός",Greek (NT),No,No,,""
G4521,"σάββατον",Greek (NT),No,No,,""
G4522,"σαγήνη",Greek (NT),No,No,,""
G4523,"Σαδδουκαῖος",Greek (NT),No,No,,""
G4524,"Σαδώκ",Greek (NT),No,No,,""
G4525,"σαίνω",Greek (NT),No,No,,""
G4526,"σάκκος",Greek (NT),No,No,,""
G4527,"Σαλά",Greek (NT),No,No,,""
G4528,"Σαλαθιήλ",Greek (NT),No,No,,""
G4529,"Σαλαμίς",Greek (NT),No,No,,""
G4530,"Σαλείμ",Greek (NT),No,No,,""
G4531,"σαλεύω",Greek (NT),No,No,,""
G4532,"Σαλήμ",Greek (NT),No,No,,""
G4533,"Σαλμών",Greek (NT),No,No,,""
G4534,"Σαλμώνη",Greek (NT),No,No,,""
G4535,"σάλος",Greek (NT),No,No,,""
G4536,"σάλπιγξ",Greek (NT),No,No,,""
G4537,"σαλπίζω",Greek (NT),No,No,,""
G4538,"σαλπιστής",Greek (NT),No,No,,""
G4539,"Σαλώμη",Greek (NT),No,No,,""
G4540,"Σαμάρεια",Greek (NT),No,No,,""
G4541,"Σαμαρείτης",Greek (NT),No,No,,""
G4542,"Σαμαρεῖτις",Greek (NT),No,No,,""
G4543,"Σαμοθρᾴκη",Greek (NT),No,No,,""
G4544,"Σάμος",Greek (NT),No,No,,""
G4545,"Σαμουήλ",Greek (NT),No,No,,""
G4546,"Σαμψών",Greek (NT),No,No,,""
G4547,"σανδάλιον",Greek (NT),No,No,,""
G4548,"σανίς",Greek (NT),No,No,,""
G4549,"Σαούλ",Greek (NT),No,No,,""
G4550,"σαπρός",Greek (NT),No,No,,""
G4551,"Σαπφείρη",Greek (NT),No,No,,""
G4552,"σάπφειρος",Greek (NT),No,No,,""
G4553,"σαργάνη",Greek (NT),No,No,,""
G4554,"Σάρδεις",Greek (NT),No,No,,""
G4555,"σάρδινος",Greek (NT),No,No,,""
G4556,"σάρδιος",Greek (NT),No,No,,""
G4557,"σαρδόνυξ",Greek (NT),No,No,,""
G4558,"Σάρεπτα",Greek (NT),No,No,,""
G4559,"σαρκικός",Greek (NT),No,No,,""
G4560,"σάρκινος",Greek (NT),No,No,,""
G4561,"σάρξ",Greek (NT),No,Yes,,""
G4562,"Σαρούχ",Greek (NT),No,No,,""
G4563,"σαρόω",Greek (NT),No,No,,""
G4564,"Σάῤῥα",Greek (NT),No,No,,""
G4565,"Σάρων",Greek (NT),No,No,,""
G4566,"Σατᾶν",Greek (NT),No,No,,""
G4567,"Σατανᾶς",Greek (NT),No,No,,""
G4568,"σάτον",Greek (NT),No,No,,""
G4569,"Σαῦλος",Greek (NT),No,No,,""
G4570,"σβέννυμι",Greek (NT),No,No,,""
G4571,"σέ",Greek (NT),No,No,,""
G4572,"σεαυτοῦ",Greek (NT),No,No,,""
G4573,"σεβάζομαι",Greek (NT),No,No,,""
G4574,"σέβασμα",Greek (NT),No,No,,""
G4575,"σεβαστός",Greek (NT),No,No,,""
G4576,"σέβομαι",Greek (NT),No,No,,""
G4577,"σειρά",Greek (NT),No,No,,""
G4578,"σεισμός",Greek (NT),No,No,,""
G4579,"σείω",Greek (NT),No,No,,""
G4580,"Σεκοῦνδος",Greek (NT),No,No,,""
G4581,"Σελεύκεια",Greek (NT),No,No,,""
G4582,"σελήνη",Greek (NT),No,No,,""
G4583,"σεληνιάζομαι",Greek (NT),No,No,,""
G4584,"Σεμεΐ",Greek (NT),No,No,,""
G4585,"σεμίδαλις",Greek (NT),No,No,,""
G4586,"σεμνός",Greek (NT),No,No,,""
G4587,"σεμνότης",Greek (NT),No,No,,""
G4588,"Σέργιος",Greek (NT),No,No,,""
G4589,"Σήθ",Greek (NT),No,No,,""
G4590,"Σήμ",Greek (NT),No,No,,""
G4591,"σημαίνω",Greek (NT),No,No,,""
G4592,"σημεῖον",Greek (NT),No,Yes,,""
G4593,"σημειόω",Greek (NT),No,No,,""
G4594,"σήμερον",Greek (NT),No,No,,""
G4595,"σήπω",Greek (NT),No,No,,""
G4596,"σηρικός",Greek (NT),No,No,,""
G4597,"σής",Greek (NT),No,No,,""
G4598,"σητόβρωτος",Greek (NT),No,No,,""
G4599,"σθενόω",Greek (NT),No,No,,""
G4600,"σιαγών",Greek (NT),No,No,,""
G4601,"σιγάω",Greek (NT),No,No,,""
G4602,"σιγή",Greek (NT),No,No,,""
G4603,"σιδήρεος",Greek (NT),No,No,,""
G4604,"σίδηρος",Greek (NT),No,No,,""
G4605,"Σιδών",Greek (NT),No,No,,""
G4606,"Σιδώνιος",Greek (NT),No,No,,""
G4607,"σικάριος",Greek (NT),No,No,,""
G4608,"σίκερα",Greek (NT),No,No,,""
G4609,"Σίλας",Greek (NT),No,No,,""
G4610,"Σιλουανός",Greek (NT),No,No,,""
G4611,"Σιλωάμ",Greek (NT),No,No,,""
G4612,"σιμικίνθιον",Greek (NT),No,No,,""
G4613,"Σίμων",Greek (NT),No,No,,""
G4614,"Σινᾶ",Greek (NT),No,No,,""
G4615,"σίναπι",Greek (NT),No,No,,""
G4616,"σινδών",Greek (NT),No,No,,""
G4617,"σινιάζω",Greek (NT),No,No,,""
G4618,"σιτευτός",Greek (NT),No,No,,""
G4619,"σιτιστός",Greek (NT),No,No,,""
G4620,"σιτόμετρον",Greek (NT),No,No,,""
G4621,"σῖτα",Greek (NT),No,No,,""
G4622,"Σιών",Greek (NT),No,No,,""
G4623,"σιωπάω",Greek (NT),No,No,,""
G4624,"σκανδαλίζω",Greek (NT),No,No,,""
G4625,"σκάνδαλον",Greek (NT),No,No,,""
G4626,"σκάπτω",Greek (NT),No,No,,""
G4627,"σκάφη",Greek (NT),No,No,,""
G4628,"σκέλος",Greek (NT),No,No,,""
G4629,"σκέπασμα",Greek (NT),No,No,,""
G4630,"Σκευᾶς",Greek (NT),No,No,,""
G4631,"σκευή",Greek (NT),No,No,,""
G4632,"σκεῦος",Greek (NT),No,No,,""
G4633,"σκηνή",Greek (NT),No,No,,""
G4634,"σκηνοπηγία",Greek (NT),No,No,,""
G4635,"σκηνοποιός",Greek (NT),No,No,,""
G4636,"σκῆνος",Greek (NT),No,No,,""
G4637,"σκηνόω",Greek (NT),No,Yes,,""
G4638,"σκήνωμα",Greek (NT),No,No,,""
G4639,"σκιά",Greek (NT),No,No,,""
G4640,"σκιρτάω",Greek (NT),No,No,,""
G4641,"σκληροκαρδία",Greek (NT),No,No,,""
G4642,"σκληρός",Greek (NT),No,No,,""
G4643,"σκληρότης",Greek (NT),No,No,,""
G4644,"σκληροτράχηλος",Greek (NT),No,No,,""
G4645,"σκληρύνω",Greek (NT),No,No,,""
G4646,"σκολιός",Greek (NT),No,No,,""
G4647,"σκόλοψ",Greek (NT),No,No,,""
G4648,"σκοπέω",Greek (NT),No,No,,""
G4649,"σκοπός",Greek (NT),No,No,,""
G4650,"σκορπίζω",Greek (NT),No,No,,""
G4651,"σκορπίος",Greek (NT),No,No,,""
G4652,"σκοτεινός",Greek (NT),No,No,,""
G4653,"σκοτία",Greek (NT),No,No,,""
G4654,"σκοτίζω",Greek (NT),No,No,,""
G4655,"σκότος",Greek (NT),No,No,,""
G4656,"σκοτόω",Greek (NT),No,No,,""
G4657,"σκύβαλον",Greek (NT),No,No,,""
G4658,"Σκύθης",Greek (NT),No,No,,""
G4659,"σκυθρωπός",Greek (NT),No,No,,""
G4660,"σκύλλω",Greek (NT),No,No,,""
G4661,"σκῦλον",Greek (NT),No,No,,""
G4662,"σκωληκόβρωτος",Greek (NT),No,No,,""
G4663,"σκώληξ",Greek (NT),No,No,,""
G4664,"σμαράγδινος",Greek (NT),No,No,,""
G4665,"σμάραγδος",Greek (NT),No,No,,""
G4666,"σμύρνα",Greek (NT),No,No,,""
G4667,"Σμύρνα",Greek (NT),No,No,,""
G4668,"Σμυρναῖος",Greek (NT),No,No,,""
G4669,"σμυρνίζω",Greek (NT),No,No,,""
G4670,"Σόδομα",Greek (NT),No,No,,""
G4671,"σοί",Greek (NT),No,No,,""
G4672,"Σολομών",Greek (NT),No,No,,""
G4673,"σορός",Greek (NT),No,No,,""
G4674,"σός",Greek (NT),No,No,,""
G4675,"σοῦ",Greek (NT),No,No,,""
G4676,"σουδάριον",Greek (NT),No,No,,""
G4677,"Σουσάννα",Greek (NT),No,No,,""
G4678,"σοφία",Greek (NT),No,Yes,,""
G4679,"σοφίζω",Greek (NT),No,No,,""
G4680,"σοφός",Greek (NT),No,No,,""
G4681,"Σπανία",Greek (NT),No,No,,""
G4682,"σπαράσσω",Greek (NT),No,No,,""
G4683,"σπαργανόω",Greek (NT),No,No,,""
G4684,"σπαταλάω",Greek (NT),No,No,,""
G4685,"σπάω",Greek (NT),No,No,,""
G4686,"σπεῖρα",Greek (NT),No,No,,""
G4687,"σπείρω",Greek (NT),No,No,,""
G4688,"σπεκουλάτωρ",Greek (NT),No,No,,""
G4689,"σπένδω",Greek (NT),No,No,,""
G4690,"σπέρμα",Greek (NT),No,Yes,,""
G4691,"σπερμολόγος",Greek (NT),No,No,,""
G4692,"σπεύδω",Greek (NT),No,No,,""
G4693,"σπήλαιον",Greek (NT),No,No,,""
G4694,"σπιλάς",Greek (NT),No,No,,""
G4695,"σπιλόω",Greek (NT),No,No,,""
G4696,"σπίλος",Greek (NT),No,No,,""
G4697,"σπλαγχνίζομαι",Greek (NT),No,No,,""
G4698,"σπλάγχνον",Greek (NT),No,No,,""
G4699,"σπόγγος",Greek (NT),No,No,,""
G4700,"σποδός",Greek (NT),No,No,,""
G4701,"σπορά",Greek (NT),No,No,,""
G4702,"σπόριμος",Greek (NT),No,No,,""
G4703,"σπόρος",Greek (NT),No,No,,""
G4704,"σπουδάζω",Greek (NT),No,No,,""
G4705,"σπουδαῖος",Greek (NT),No,No,,""
G4706,"σπουδαιότερον",Greek (NT),No,No,,""
G4707,"σπουδαιότερος",Greek (NT),No,No,,""
G4708,"σπουδαιοτέρως",Greek (NT),No,No,,""
G4709,"σπουδαίως",Greek (NT),No,No,,""
G4710,"σπουδή",Greek (NT),No,No,,""
G4711,"σπυρίς",Greek (NT),No,No,,""
G4712,"στάδιος",Greek (NT),No,No,,""
G4713,"στάμνος",Greek (NT),No,No,,""
G4714,"στάσις",Greek (NT),No,No,,""
G4715,"στατήρ",Greek (NT),No,No,,""
G4716,"σταυρός",Greek (NT),No,Yes,,""
G4717,"σταυρόω",Greek (NT),No,No,,""
G4718,"σταφυλή",Greek (NT),No,No,,""
G4719,"στάχυς",Greek (NT),No,No,,""
G4720,"Στάχυς",Greek (NT),No,No,,""
G4721,"στέγη",Greek (NT),No,No,,""
G4722,"στέγω",Greek (NT),No,No,,""
G4723,"στείρος",Greek (NT),No,No,,""
G4724,"στέλλω",Greek (NT),No,No,,""
G4725,"στέμμα",Greek (NT),No,No,,""
G4726,"στεναγμός",Greek (NT),No,No,,""
G4727,"στενάζω",Greek (NT),No,No,,""
G4728,"στενός",Greek (NT),No,No,,""
G4729,"στενοχωρέω",Greek (NT),No,No,,""
G4730,"στενοχωρία",Greek (NT),No,No,,""
G4731,"στερεός",Greek (NT),No,No,,""
G4732,"στερεόω",Greek (NT),No,No,,""
G4733,"στερέωμα",Greek (NT),No,No,,""
G4734,"Στεφανᾶς",Greek (NT),No,No,,""
G4735,"στέφανος",Greek (NT),No,Yes,,""
G4736,"Στέφανος",Greek (NT),No,No,,""
G4737,"στεφανόω",Greek (NT),No,No,,""
G4738,"στῆθος",Greek (NT),No,No,,""
G4739,"στήκω",Greek (NT),No,No,,""
G4740,"στηριγμός",Greek (NT),No,No,,""
G4741,"στηρίζω",Greek (NT),No,No,,""
G4742,"στίγμα",Greek (NT),No,No,,""
G4743,"στιγμή",Greek (NT),No,No,,""
G4744,"στίλβω",Greek (NT),No,No,,""
G4745,"στοά",Greek (NT),No,No,,""
G4746,"στοιβάς",Greek (NT),No,No,,""
G4747,"στοιχεῖον",Greek (NT),No,No,,""
G4748,"στοιχέω",Greek (NT),No,No,,""
G4749,"στολή",Greek (NT),No,No,,""
G4750,"στόμα",Greek (NT),No,Yes,,""
G4751,"στόμαχος",Greek (NT),No,No,,""
G4752,"στρατεία",Greek (NT),No,No,,""
G4753,"στράτευμα",Greek (NT),No,No,,""
G4754,"στρατεύομαι",Greek (NT),No,No,,""
G4755,"στρατηγός",Greek (NT),No,No,,""
G4756,"στρατιά",Greek (NT),No,No,,""
G4757,"στρατιώτης",Greek (NT),No,No,,""
G4758,"στρατολογέω",Greek (NT),No,No,,""
G4759,"στρατοπεδάρχης",Greek (NT),No,No,,""
G4760,"στρατόπεδον",Greek (NT),No,No,,""
G4761,"στρεβλόω",Greek (NT),No,No,,""
G4762,"στρέφω",Greek (NT),No,No,,""
G4763,"στρηνιάω",Greek (NT),No,No,,""
G4764,"στρῆνος",Greek (NT),No,No,,""
G4765,"στρουθίον",Greek (NT),No,No,,""
G4766,"στρωννύω",Greek (NT),No,No,,""
G4767,"στυγνητός",Greek (NT),No,No,,""
G4768,"στυγνάζω",Greek (NT),No,No,,""
G4769,"στῦλος",Greek (NT),No,No,,""
G4770,"Στωϊκός",Greek (NT),No,No,,""
G4771,"σύ",Greek (NT),No,No,,""
G4772,"συγγένεια",Greek (NT),No,No,,""
G4773,"συγγενής",Greek (NT),No,No,,""
G4774,"συγγνώμη",Greek (NT),No,No,,""
G4775,"συγκάθημαι",Greek (NT),No,No,,""
G4776,"συγκαθίζω",Greek (NT),No,No,,""
G4777,"συγκακοπαθέω",Greek (NT),No,No,,""
G4778,"συγκακουχέω",Greek (NT),No,No,,""
G4779,"συγκαλέω",Greek (NT),No,No,,""
G4780,"συγκαλύπτω",Greek (NT),No,No,,""
G4781,"συγκάμπτω",Greek (NT),No,No,,""
G4782,"συγκαταβαίνω",Greek (NT),No,No,,""
G4783,"συγκατάθεσις",Greek (NT),No,No,,""
G4784,"συγκατατίθεμαι",Greek (NT),No,No,,""
G4785,"συγκαταψηφίζω",Greek (NT),No,No,,""
G4786,"συγκεράννυμι",Greek (NT),No,No,,""
G4787,"συγκινέω",Greek (NT),No,No,,""
G4788,"συγκλείω",Greek (NT),No,No,,""
G4789,"συγκληρονόμος",Greek (NT),No,No,,""
G4790,"συγκοινωνέω",Greek (NT),No,No,,""
G4791,"συγκοινωνός",Greek (NT),No,No,,""
G4792,"συγκομίζω",Greek (NT),No,No,,""
G4793,"συγκρίνω",Greek (NT),No,No,,""
G4794,"συγκύπτω",Greek (NT),No,No,,""
G4795,"συγκυρία",Greek (NT),No,No,,""
G4796,"συγχαίρω",Greek (NT),No,No,,""
G4797,"συγχύνω",Greek (NT),No,No,,""
G4798,"συγχράομαι",Greek (NT),No,No,,""
G4799,"σύγχυσις",Greek (NT),No,No,,""
G4800,"συζάω",Greek (NT),No,No,,""
G4801,"συζεύγνυμι",Greek (NT),No,No,,""
G4802,"συζητέω",Greek (NT),No,No,,""
G4803,"συζήτησις",Greek (NT),No,No,,""
G4804,"συζητητής",Greek (NT),No,No,,""
G4805,"σύζυγος",Greek (NT),No,No,,""
G4806,"συζωοποιέω",Greek (NT),No,No,,""
G4807,"συκάμινος",Greek (NT),No,No,,""
G4808,"συκῆ",Greek (NT),No,No,,""
G4809,"συκομωραία",Greek (NT),No,No,,""
G4810,"σῦκον",Greek (NT),No,No,,""
G4811,"συκοφαντέω",Greek (NT),No,No,,""
G4812,"συλαγωγέω",Greek (NT),No,No,,""
G4813,"συλάω",Greek (NT),No,No,,""
G4814,"συλλαλέω",Greek (NT),No,No,,""
G4815,"συλλαμβάνω",Greek (NT),No,No,,""
G4816,"συλλέγω",Greek (NT),No,No,,""
G4817,"συλλογίζομαι",Greek (NT),No,No,,""
G4818,"συλλυπέω",Greek (NT),No,No,,""
G4819,"συμβαίνω",Greek (NT),No,No,,""
G4820,"συμβάλλω",Greek (NT),No,No,,""
G4821,"συμβασιλεύω",Greek (NT),No,No,,""
G4822,"συμβιβάζω",Greek (NT),No,No,,""
G4823,"συμβουλεύω",Greek (NT),No,No,,""
G4824,"συμβούλιον",Greek (NT),No,No,,""
G4825,"σύμβουλος",Greek (NT),No,No,,""
G4826,"Συμεών",Greek (NT),No,No,,""
G4827,"συμμαθητής",Greek (NT),No,No,,""
G4828,"συμμαρτυρέω",Greek (NT),No,No,,""
G4829,"συμμερίζομαι",Greek (NT),No,No,,""
G4830,"συμμέτοχος",Greek (NT),No,No,,""
G4831,"συμμιμητής",Greek (NT),No,No,,""
G4832,"σύμμορφος",Greek (NT),No,No,,""
G4833,"συμμορφόω",Greek (NT),No,No,,""
G4834,"συμπαθέω",Greek (NT),No,No,,""
G4835,"συμπαθής",Greek (NT),No,No,,""
G4836,"συμπαραγίνομαι",Greek (NT),No,No,,""
G4837,"συμπαρακαλέω",Greek (NT),No,No,,""
G4838,"συμπαραλαμβάνω",Greek (NT),No,No,,""
G4839,"συμπαραμένω",Greek (NT),No,No,,""
G4840,"συμπάρειμι",Greek (NT),No,No,,""
G4841,"συμπάσχω",Greek (NT),No,No,,""
G4842,"συμπέμπω",Greek (NT),No,No,,""
G4843,"συμπεριλαμβάνω",Greek (NT),No,No,,""
G4844,"συμπίνω",Greek (NT),No,No,,""
G4845,"συμπληρόω",Greek (NT),No,No,,""
G4846,"συμπνίγω",Greek (NT),No,No,,""
G4847,"συμπολίτης",Greek (NT),No,No,,""
G4848,"συμπορεύομαι",Greek (NT),No,No,,""
G4849,"συμπόσιον",Greek (NT),No,No,,""
G4850,"συμπρεσβύτερος",Greek (NT),No,No,,""
G4851,"συμφέρω",Greek (NT),No,No,,""
G4852,"σύμφημι",Greek (NT),No,No,,""
G4853,"συμφυλέτης",Greek (NT),No,No,,""
G4854,"σύμφυτος",Greek (NT),No,No,,""
G4855,"συμφύω",Greek (NT),No,No,,""
G4856,"συμφωνέω",Greek (NT),No,No,,""
G4857,"συμφώνησις",Greek (NT),No,No,,""
G4858,"συμφωνία",Greek (NT),No,No,,""
G4859,"σύμφωνος",Greek (NT),No,No,,""
G4860,"συμψηφίζω",Greek (NT),No,No,,""
G4861,"σύμψυχος",Greek (NT),No,No,,""
G4862,"σύν",Greek (NT),No,No,,""
G4863,"συνάγω",Greek (NT),No,No,,""
G4864,"συναγωγή",Greek (NT),No,No,,""
G4865,"συναγωνίζομαι",Greek (NT),No,No,,""
G4866,"συναθλέω",Greek (NT),No,No,,""
G4867,"συναθροίζω",Greek (NT),No,No,,""
G4868,"συναίρω",Greek (NT),No,No,,""
G4869,"συναιχμάλωτος",Greek (NT),No,No,,""
G4870,"συνακολουθέω",Greek (NT),No,No,,""
G4871,"συναλίζω",Greek (NT),No,No,,""
G4872,"συναναβαίνω",Greek (NT),No,No,,""
G4873,"συνανάκειμαι",Greek (NT),No,No,,""
G4874,"συναναμίγνυμι",Greek (NT),No,No,,""
G4875,"συναναπαύομαι",Greek (NT),No,No,,""
G4876,"συναντάω",Greek (NT),No,No,,""
G4877,"συνάντησις",Greek (NT),No,No,,""
G4878,"συναντιλαμβάνομαι",Greek (NT),No,No,,""
G4879,"συναπάγω",Greek (NT),No,No,,""
G4880,"συναποθνήσκω",Greek (NT),No,No,,""
G4881,"συναπόλλυμι",Greek (NT),No,No,,""
G4882,"συναποστέλλω",Greek (NT),No,No,,""
G4883,"συναρμολογέω",Greek (NT),No,No,,""
G4884,"συναρπάζω",Greek (NT),No,No,,""
G4885,"συναυξάνω",Greek (NT),No,No,,""
G4886,"σύνδεσμος",Greek (NT),No,No,,""
G4887,"συνδέω",Greek (NT),No,No,,""
G4888,"συνδοξάζω",Greek (NT),No,No,,""
G4889,"σύνδουλος",Greek (NT),No,No,,""
G4890,"συνδρομή",Greek (NT),No,No,,""
G4891,"συνεγείρω",Greek (NT),No,No,,""
G4892,"συνέδριον",Greek (NT),No,No,,""
G4893,"συνείδησις",Greek (NT),No,No,,""
G4894,"συνείδω",Greek (NT),No,No,,""
G4895,"σύνειμι",Greek (NT),No,No,,""
G4896,"σύνειμι",Greek (NT),No,No,,""
G4897,"συνεισέρχομαι",Greek (NT),No,No,,""
G4898,"συνέκδημος",Greek (NT),No,No,,""
G4899,"συνεκλεκτός",Greek (NT),No,No,,""
G4900,"συνελαύνω",Greek (NT),No,No,,""
G4901,"συνεπιμαρτυρέω",Greek (NT),No,No,,""
G4902,"συνέπομαι",Greek (NT),No,No,,""
G4903,"συνεργέω",Greek (NT),No,No,,""
G4904,"συνεργός",Greek (NT),No,No,,""
G4905,"συνέρχομαι",Greek (NT),No,No,,""
G4906,"συνεσθίω",Greek (NT),No,No,,""
G4907,"σύνεσις",Greek (NT),No,No,,""
G4908,"συνετός",Greek (NT),No,No,,""
G4909,"συνευδοκέω",Greek (NT),No,No,,""
G4910,"συνευωχέω",Greek (NT),No,No,,""
G4911,"συνεφίστημι",Greek (NT),No,No,,""
G4912,"συνέχω",Greek (NT),No,No,,""
G4913,"συνήδομαι",Greek (NT),No,No,,""
G4914,"συνήθεια",Greek (NT),No,No,,""
G4915,"συνηλικιώτης",Greek (NT),No,No,,""
G4916,"συνθάπτω",Greek (NT),No,No,,""
G4917,"συνθλάω",Greek (NT),No,No,,""
G4918,"συνθλίβω",Greek (NT),No,No,,""
G4919,"συνθρύπτω",Greek (NT),No,No,,""
G4920,"συνίημι",Greek (NT),No,No,,""
G4921,"συνίστημι",Greek (NT),No,No,,""
G4922,"συνοδεύω",Greek (NT),No,No,,""
G4923,"συνοδία",Greek (NT),No,No,,""
G4924,"συνοικέω",Greek (NT),No,No,,""
G4925,"συνοικοδομέω",Greek (NT),No,No,,""
G4926,"συνομιλέω",Greek (NT),No,No,,""
G4927,"συνομορέω",Greek (NT),No,No,,""
G4928,"συνοχή",Greek (NT),No,No,,""
G4929,"συντάσσω",Greek (NT),No,No,,""
G4930,"συντέλεια",Greek (NT),No,No,,""
G4931,"συντελέω",Greek (NT),No,No,,""
G4932,"συντέμνω",Greek (NT),No,No,,""
G4933,"συντηρέω",Greek (NT),No,No,,""
G4934,"συντίθεμαι",Greek (NT),No,No,,""
G4935,"συντόμως",Greek (NT),No,No,,""
G4936,"συντρέχω",Greek (NT),No,No,,""
G4937,"συντρίβω",Greek (NT),No,No,,""
G4938,"σύντριμμα",Greek (NT),No,No,,""
G4939,"σύντροφος",Greek (NT),No,No,,""
G4940,"συντυγχάνω",Greek (NT),No,No,,""
G4941,"Συντύχη",Greek (NT),No,No,,""
G4942,"συνυποκρίνομαι",Greek (NT),No,No,,""
G4943,"συνυπουργέω",Greek (NT),No,No,,""
G4944,"συνωδίνω",Greek (NT),No,No,,""
G4945,"συνωμοσία",Greek (NT),No,No,,""
G4946,"Συράκουσαι",Greek (NT),No,No,,""
G4947,"Συρία",Greek (NT),No,No,,""
G4948,"Σύρος",Greek (NT),No,No,,""
G4949,"Συροφοίνισσα",Greek (NT),No,No,,""
G4950,"σύρτις",Greek (NT),No,No,,""
G4951,"σύρω",Greek (NT),No,No,,""
G4952,"συσπαράσσω",Greek (NT),No,No,,""
G4953,"σύσσημον",Greek (NT),No,No,,""
G4954,"σύσσωμος",Greek (NT),No,No,,""
G4955,"συστασιαστής",Greek (NT),No,No,,""
G4956,"συστατικός",Greek (NT),No,No,,""
G4957,"συσταυρόω",Greek (NT),No,No,,""
G4958,"συστέλλω",Greek (NT),No,No,,""
G4959,"συστενάζω",Greek (NT),No,No,,""
G4960,"συστοιχέω",Greek (NT),No,No,,""
G4961,"συστρατιώτης",Greek (NT),No,No,,""
G4962,"συστρέφω",Greek (NT),No,No,,""
G4963,"συστροφή",Greek (NT),No,No,,""
G4964,"συσχηματίζω",Greek (NT),No,No,,""
G4965,"Συχάρ",Greek (NT),No,No,,""
G4966,"Συχέμ",Greek (NT),No,No,,""
G4967,"σφαγή",Greek (NT),No,No,,""
G4968,"σφάγιον",Greek (NT),No,No,,""
G4969,"σφάζω",Greek (NT),No,No,,""
G4970,"σφόδρα",Greek (NT),No,No,,""
G4971,"σφοδρῶς",Greek (NT),No,No,,""
G4972,"σφραγίζω",Greek (NT),No,No,,""
G4973,"σφραγίς",Greek (NT),No,No,,""
G4974,"σφυρόν",Greek (NT),No,No,,""
G4975,"σχεδόν",Greek (NT),No,No,,""
G4976,"σχῆμα",Greek (NT),No,No,,""
G4977,"σχίζω",Greek (NT),No,No,,""
G4978,"σχίσμα",Greek (NT),No,No,,""
G4979,"σχοινίον",Greek (NT),No,No,,""
G4980,"σχολάζω",Greek (NT),No,No,,""
G4981,"σχολή",Greek (NT),No,No,,""
G4982,"σώζω",Greek (NT),No,Yes,,""
G4983,"σῶμα",Greek (NT),No,Yes,,""
G4984,"σωματικός",Greek (NT),No,No,,""
G4985,"σωματικῶς",Greek (NT),No,No,,""
G4986,"Σώπατρος",Greek (NT),No,No,,""
G4987,"σωρεύω",Greek (NT),No,No,,""
G4988,"Σωσθένης",Greek (NT),No,No,,""
G4989,"Σωσίπατρος",Greek (NT),No,No,,""
G4990,"σωτήρ",Greek (NT),No,No,,""
G4991,"σωτηρία",Greek (NT),No,Yes,,""
G4992,"σωτήριον",Greek (NT),No,No,,""
G4993,"σωφρονέω",Greek (NT),No,No,,""
G4994,"σωφρονίζω",Greek (NT),No,No,,""
G4995,"σωφρονισμός",Greek (NT),No,No,,""
G4996,"σωφρόνως",Greek (NT),No,No,,""
G4997,"σωφροσύνη",Greek (NT),No,No,,""
G4998,"σώφρων",Greek (NT),No,No,,""
G4999,"Ταβέρναι",Greek (NT),No,No,,""
G5000,"Ταβιθά",Greek (NT),No,No,,""
G5001,"τάγμα",Greek (NT),No,No,,""
G5002,"τακτός",Greek (NT),No,No,,""
G5003,"ταλαιπωρέω",Greek (NT),No,No,,""
G5004,"ταλαιπωρία",Greek (NT),No,No,,""
G5005,"ταλαίπωρος",Greek (NT),No,No,,""
G5006,"ταλαντιαῖος",Greek (NT),No,No,,""
G5007,"τάλαντον",Greek (NT),No,No,,""
G5008,"ταλιθά",Greek (NT),No,No,,""
G5009,"ταμεῖον",Greek (NT),No,No,,""
G5010,"τάξις",Greek (NT),No,No,,""
G5011,"ταπεινός",Greek (NT),No,No,,""
G5012,"ταπεινοφροσύνη",Greek (NT),No,No,,""
G5013,"ταπεινόω",Greek (NT),No,No,,""
G5014,"ταπείνωσις",Greek (NT),No,No,,""
G5015,"ταράσσω",Greek (NT),No,No,,""
G5016,"ταραχή",Greek (NT),No,No,,""
G5017,"τάραχος",Greek (NT),No,No,,""
G5018,"Ταρσεύς",Greek (NT),No,No,,""
G5019,"Ταρσός",Greek (NT),No,No,,""
G5020,"ταρταρόω",Greek (NT),No,No,,""
G5021,"τάσσω",Greek (NT),No,No,,""
G5022,"ταῦρος",Greek (NT),No,No,,""
G5023,"ταῦτα",Greek (NT),No,No,,""
G5024,"ταὐτά",Greek (NT),No,No,,""
G5025,"ταύτας",Greek (NT),No,No,,""
G5026,"ταύτης",Greek (NT),No,No,,""
G5027,"ταφή",Greek (NT),No,No,,""
G5028,"τάφος",Greek (NT),No,No,,""
G5029,"τάχα",Greek (NT),No,No,,""
G5030,"ταχέως",Greek (NT),No,No,,""
G5031,"ταχινός",Greek (NT),No,No,,""
G5032,"τάχιον",Greek (NT),No,No,,""
G5033,"τάχιστα",Greek (NT),No,No,,""
G5034,"τάχος",Greek (NT),No,No,,""
G5035,"ταχύ",Greek (NT),No,No,,""
G5036,"ταχύς",Greek (NT),No,No,,""
G5037,"τέ",Greek (NT),No,No,,""
G5038,"τεῖχος",Greek (NT),No,No,,""
G5039,"τεκμήριον",Greek (NT),No,No,,""
G5040,"τεκνίον",Greek (NT),No,No,,""
G5041,"τεκνογονέω",Greek (NT),No,No,,""
G5042,"τεκνογονία",Greek (NT),No,No,,""
G5043,"τέκνον",Greek (NT),No,Yes,,""
G5044,"τεκνοτροφέω",Greek (NT),No,No,,""
G5045,"τέκτων",Greek (NT),No,No,,""
G5046,"τέλειος",Greek (NT),No,Yes,,""
G5047,"τελειότης",Greek (NT),No,No,,""
G5048,"τελειόω",Greek (NT),No,Yes,,""
G5049,"τελείως",Greek (NT),No,No,,""
G5050,"τελείωσις",Greek (NT),No,No,,""
G5051,"τελειωτής",Greek (NT),No,No,,""
G5052,"τελεσφορέω",Greek (NT),No,No,,""
G5053,"τελευτάω",Greek (NT),No,No,,""
G5054,"τελευτή",Greek (NT),No,No,,""
G5055,"τελέω",Greek (NT),No,No,,""
G5056,"τέλος",Greek (NT),No,No,,""
G5057,"τελώνης",Greek (NT),No,No,,""
G5058,"τελώνιον",Greek (NT),No,No,,""
G5059,"τέρας",Greek (NT),No,No,,""
G5060,"Τέρτιος",Greek (NT),No,No,,""
G5061,"Τέρτυλλος",Greek (NT),No,No,,""
G5062,"τεσσαράκοντα",Greek (NT),No,No,,""
G5063,"τεσσαρακονταετής",Greek (NT),No,No,,""
G5064,"τέσσαρα",Greek (NT),No,No,,""
G5065,"τεσσαρεσκαιδέκατος",Greek (NT),No,No,,""
G5066,"τεταρταῖος",Greek (NT),No,No,,""
G5067,"τέταρτος",Greek (NT),No,No,,""
G5068,"τετράγωνος",Greek (NT),No,No,,""
G5069,"τετράδιον",Greek (NT),No,No,,""
G5070,"τετρακισχίλιοι",Greek (NT),No,No,,""
G5071,"τετρακόσια",Greek (NT),No,No,,""
G5072,"τετράμηνον",Greek (NT),No,No,,""
G5073,"τετραπλόος",Greek (NT),No,No,,""
G5074,"τετράπους",Greek (NT),No,No,,""
G5075,"τετραρχέω",Greek (NT),No,No,,""
G5076,"τετράρχης",Greek (NT),No,No,,""
G5077,"τεφρόω",Greek (NT),No,No,,""
G5078,"τέχνη",Greek (NT),No,No,,""
G5079,"τεχνίτης",Greek (NT),No,No,,""
G5080,"τήκω",Greek (NT),No,No,,""
G5081,"τηλαυγῶς",Greek (NT),No,No,,""
G5082,"τηλικαύτη",Greek (NT),No,No,,""
G5083,"τηρέω",Greek (NT),No,Yes,,""
G5084,"τήρησις",Greek (NT),No,No,,""
G5085,"Τιβεριάς",Greek (NT),No,No,,""
G5086,"Τιβέριος",Greek (NT),No,No,,""
G5087,"τίθημι",Greek (NT),No,Yes,,""
G5088,"τίκτω",Greek (NT),No,No,,""
G5089,"τίλλω",Greek (NT),No,No,,""
G5090,"Τιμαῖος",Greek (NT),No,No,,""
G5091,"τιμάω",Greek (NT),No,No,,""
G5092,"τιμή",Greek (NT),No,No,,""
G5093,"τιμιώτατος",Greek (NT),No,No,,""
G5094,"τιμιότης",Greek (NT),No,No,,""
G5095,"Τιμόθεος",Greek (NT),No,No,,""
G5096,"Τίμων",Greek (NT),No,No,,""
G5097,"τιμωρέω",Greek (NT),No,No,,""
G5098,"τιμωρία",Greek (NT),No,No,,""
G5099,"τίνω",Greek (NT),No,No,,""
G5100,"τὶς",Greek (NT),No,No,,""
G5101,"τίς",Greek (NT),No,No,,""
G5102,"τίτλος",Greek (NT),No,No,,""
G5103,"Τίτος",Greek (NT),No,No,,""
G5104,"τοί",Greek (NT),No,No,,""
G5105,"τοιγαροῦν",Greek (NT),No,No,,""
G5106,"τοίνυν",Greek (NT),No,No,,""
G5107,"τοιόσδε",Greek (NT),No,No,,""
G5108,"τοιοῦτος",Greek (NT),No,No,,""
G5109,"τοῖχος",Greek (NT),No,No,,""
G5110,"τόκος",Greek (NT),No,No,,""
G5111,"τολμάω",Greek (NT),No,No,,""
G5112,"τολμηρότερον",Greek (NT),No,No,,""
G5113,"τολμητής",Greek (NT),No,No,,""
G5114,"τομώτερος",Greek (NT),No,No,,""
G5115,"τόξον",Greek (NT),No,No,,""
G5116,"τοπάζιον",Greek (NT),No,No,,""
G5117,"τόπος",Greek (NT),No,Yes,,""
G5118,"τοσοῦτος",Greek (NT),No,No,,""
G5119,"τότε",Greek (NT),No,No,,""
G5120,"τοῦ",Greek (NT),No,No,,""
G5121,"τοὐναντίον",Greek (NT),No,No,,""
G5122,"τοὔνομα",Greek (NT),No,No,,""
G5123,"τουτέστι",Greek (NT),No,No,,""
G5124,"τοῦτο",Greek (NT),No,No,,""
G5125,"τούτοις",Greek (NT),No,No,,""
G5126,"τοῦτον",Greek (NT),No,No,,""
G5127,"τούτου",Greek (NT),No,No,,""
G5128,"τούτους",Greek (NT),No,No,,""
G5129,"τούτῳ",Greek (NT),No,No,,""
G5130,"τούτων",Greek (NT),No,No,,""
G5131,"τράγος",Greek (NT),No,No,,""
G5132,"τράπεζα",Greek (NT),No,No,,""
G5133,"τραπεζίτης",Greek (NT),No,No,,""
G5134,"τραῦμα",Greek (NT),No,No,,""
G5135,"τραυματίζω",Greek (NT),No,No,,""
G5136,"τραχηλίζω",Greek (NT),No,No,,""
G5137,"τράχηλος",Greek (NT),No,No,,""
G5138,"τραχύς",Greek (NT),No,No,,""
G5139,"Τραχωνῖτις",Greek (NT),No,No,,""
G5140,"τρία",Greek (NT),No,No,,""
G5141,"τρέμω",Greek (NT),No,No,,""
G5142,"τρέφω",Greek (NT),No,No,,""
G5143,"τρέχω",Greek (NT),No,No,,""
G5144,"τριάκοντα",Greek (NT),No,No,,""
G5145,"τριακόσιοι",Greek (NT),No,No,,""
G5146,"τρίβολος",Greek (NT),No,No,,""
G5147,"τρίβος",Greek (NT),No,No,,""
G5148,"τριετία",Greek (NT),No,No,,""
G5149,"τρίζω",Greek (NT),No,No,,""
G5150,"τρίμηνον",Greek (NT),No,No,,""
G5151,"τρίς",Greek (NT),No,No,,""
G5152,"τρίστεγον",Greek (NT),No,No,,""
G5153,"τρισχίλιοι",Greek (NT),No,No,,""
G5154,"τρίτος",Greek (NT),No,No,,""
G5155,"τρίχινος",Greek (NT),No,No,,""
G5156,"τρόμος",Greek (NT),No,No,,""
G5157,"τροπή",Greek (NT),No,No,,""
G5158,"τρόπος",Greek (NT),No,No,,""
G5159,"τροποφορέω",Greek (NT),No,No,,""
G5160,"τροφή",Greek (NT),No,No,,""
G5161,"Τρόφιμος",Greek (NT),No,No,,""
G5162,"τροφός",Greek (NT),No,No,,""
G5163,"τροχιά",Greek (NT),No,No,,""
G5164,"τροχός",Greek (NT),No,No,,""
G5165,"τρύβλιον",Greek (NT),No,No,,""
G5166,"τρυγάω",Greek (NT),No,No,,""
G5167,"τρυγών",Greek (NT),No,No,,""
G5168,"τρυμαλιά",Greek (NT),No,No,,""
G5169,"τρύπημα",Greek (NT),No,No,,""
G5170,"Τρύφαινα",Greek (NT),No,No,,""
G5171,"τρυφάω",Greek (NT),No,No,,""
G5172,"τρυφή",Greek (NT),No,No,,""
G5173,"Τρυφῶσα",Greek (NT),No,No,,""
G5174,"Τρωάς",Greek (NT),No,No,,""
G5175,"Τρωγύλλιον",Greek (NT),No,No,,""
G5176,"τρώγω",Greek (NT),No,No,,""
G5177,"τυγχάνω",Greek (NT),No,No,,""
G5178,"τυμπανίζω",Greek (NT),No,No,,""
G5179,"τύπος",Greek (NT),No,No,,""
G5180,"τύπτω",Greek (NT),No,No,,""
G5181,"Τύραννος",Greek (NT),No,No,,""
G5182,"τυρβάζω",Greek (NT),No,No,,""
G5183,"Τύριος",Greek (NT),No,No,,""
G5184,"Τύρος",Greek (NT),No,No,,""
G5185,"τυφλός",Greek (NT),No,No,,""
G5186,"τυφλόω",Greek (NT),No,No,,""
G5187,"τυφόω",Greek (NT),No,No,,""
G5188,"τύφω",Greek (NT),No,No,,""
G5189,"τυφωνικός",Greek (NT),No,No,,""
G5190,"Τυχικός",Greek (NT),No,No,,""
G5191,"ὑακίνθινος",Greek (NT),No,No,,""
G5192,"ὑάκινθος",Greek (NT),No,No,,""
G5193,"ὑάλινος",Greek (NT),No,No,,""
G5194,"ὕαλος",Greek (NT),No,No,,""
G5195,"ὑβρίζω",Greek (NT),No,No,,""
G5196,"ὕβρις",Greek (NT),No,No,,""
G5197,"ὑβριστής",Greek (NT),No,No,,""
G5198,"ὑγιαίνω",Greek (NT),No,No,,""
G5199,"ὑγιής",Greek (NT),No,No,,""
G5200,"ὑγρός",Greek (NT),No,No,,""
G5201,"ὑδρία",Greek (NT),No,No,,""
G5202,"ὑδροποτέω",Greek (NT),No,No,,""
G5203,"ὑδρωπικός",Greek (NT),No,No,,""
G5204,"ὕδατος",Greek (NT),No,No,,""
G5205,"ὑετός",Greek (NT),No,No,,""
G5206,"υἱοθεσία",Greek (NT),No,No,,""
G5207,"υἱός",Greek (NT),No,Yes,,""
G5208,"ὕλη",Greek (NT),No,No,,""
G5209,"ὑμᾶς",Greek (NT),No,No,,""
G5210,"ὑμεῖς",Greek (NT),No,No,,""
G5211,"Ὑμεναῖος",Greek (NT),No,No,,""
G5212,"ὑμέτερος",Greek (NT),No,No,,""
G5213,"ὑμῖν",Greek (NT),No,No,,""
G5214,"ὑμνέω",Greek (NT),No,No,,""
G5215,"ὕμνος",Greek (NT),No,No,,""
G5216,"ὑμῶν",Greek (NT),No,No,,""
G5217,"ὑπάγω",Greek (NT),No,No,,""
G5218,"ὑπακοή",Greek (NT),No,No,,""
G5219,"ὑπακούω",Greek (NT),No,No,,""
G5220,"ὕπανδρος",Greek (NT),No,No,,""
G5221,"ὑπαντάω",Greek (NT),No,No,,""
G5222,"ὑπάντησις",Greek (NT),No,No,,""
G5223,"ὕπαρξις",Greek (NT),No,No,,""
G5224,"ὑπάρχοντα",Greek (NT),No,No,,""
G5225,"ὑπάρχω",Greek (NT),No,No,,""
G5226,"ὑπείκω",Greek (NT),No,No,,""
G5227,"ὑπεναντίος",Greek (NT),No,No,,""
G5228,"ὑπέρ",Greek (NT),No,No,,""
G5229,"ὑπεραίρομαι",Greek (NT),No,No,,""
G5230,"ὑπέρακμος",Greek (NT),No,No,,""
G5231,"ὑπεράνω",Greek (NT),No,No,,""
G5232,"ὑπεραυξάνω",Greek (NT),No,No,,""
G5233,"ὑπερβαίνω",Greek (NT),No,No,,""
G5234,"ὑπερβαλλόντως",Greek (NT),No,No,,""
G5235,"ὑπερβάλλω",Greek (NT),No,No,,""
G5236,"ὑπερβολή",Greek (NT),No,No,,""
G5237,"ὑπερείδω",Greek (NT),No,No,,""
G5238,"ὑπερέκεινα",Greek (NT),No,No,,""
G5239,"ὑπερεκτείνω",Greek (NT),No,No,,""
G5240,"ὑπερεκχύνω",Greek (NT),No,No,,""
G5241,"ὑπερεντυγχάνω",Greek (NT),No,No,,""
G5242,"ὑπερέχω",Greek (NT),No,No,,""
G5243,"ὑπερηφανία",Greek (NT),No,No,,""
G5244,"ὑπερήφανος",Greek (NT),No,No,,""
G5245,"ὑπερνικάω",Greek (NT),No,No,,""
G5246,"ὑπέρογκος",Greek (NT),No,No,,""
G5247,"ὑπεροχή",Greek (NT),No,No,,""
G5248,"ὑπερπερισσεύω",Greek (NT),No,No,,""
G5249,"ὑπερπερισσῶς",Greek (NT),No,No,,""
G5250,"ὑπερπλεονάζω",Greek (NT),No,No,,""
G5251,"ὑπερυψόω",Greek (NT),No,No,,""
G5252,"ὑπερφρονέω",Greek (NT),No,No,,""
G5253,"ὑπερῷον",Greek (NT),No,No,,""
G5254,"ὑπέχω",Greek (NT),No,No,,""
G5255,"ὑπήκοος",Greek (NT),No,No,,""
G5256,"ὑπηρετέω",Greek (NT),No,No,,""
G5257,"ὑπηρέτης",Greek (NT),No,No,,""
G5258,"ὕπνος",Greek (NT),No,No,,""
G5259,"ὑπό",Greek (NT),No,No,,""
G5260,"ὑποβάλλω",Greek (NT),No,No,,""
G5261,"ὑπογραμμός",Greek (NT),No,No,,""
G5262,"ὑπόδειγμα",Greek (NT),No,No,,""
G5263,"ὑποδείκνυμι",Greek (NT),No,No,,""
G5264,"ὑποδέχομαι",Greek (NT),No,No,,""
G5265,"ὑποδέω",Greek (NT),No,No,,""
G5266,"ὑπόδημα",Greek (NT),No,No,,""
G5267,"ὑπόδικος",Greek (NT),No,No,,""
G5268,"ὑποζύγιον",Greek (NT),No,No,,""
G5269,"ὑποζώννυμι",Greek (NT),No,No,,""
G5270,"ὑποκάτω",Greek (NT),No,No,,""
G5271,"ὑποκρίνομαι",Greek (NT),No,No,,""
G5272,"ὑπόκρισις",Greek (NT),No,No,,""
G5273,"ὑποκριτής",Greek (NT),No,No,,""
G5274,"ὑπολαμβάνω",Greek (NT),No,No,,""
G5275,"ὑπολείπω",Greek (NT),No,No,,""
G5276,"ὑπολήνιον",Greek (NT),No,No,,""
G5277,"ὑπολιμπάνω",Greek (NT),No,No,,""
G5278,"ὑπομένω",Greek (NT),No,No,,""
G5279,"ὑπομιμνήσκω",Greek (NT),No,No,,""
G5280,"ὑπόμνησις",Greek (NT),No,No,,""
G5281,"ὑπομονή",Greek (NT),No,Yes,,""
G5282,"ὑπονοέω",Greek (NT),No,No,,""
G5283,"ὑπόνοια",Greek (NT),No,No,,""
G5284,"ὑποπλέω",Greek (NT),No,No,,""
G5285,"ὑποπνέω",Greek (NT),No,No,,""
G5286,"ὑποπόδιον",Greek (NT),No,No,,""
G5287,"ὑπόστασις",Greek (NT),No,No,,""
G5288,"ὑποστέλλω",Greek (NT),No,No,,""
G5289,"ὑποστολή",Greek (NT),No,No,,""
G5290,"ὑποστρέφω",Greek (NT),No,No,,""
G5291,"ὑποστρώννυμι",Greek (NT),No,No,,""
G5292,"ὑποταγή",Greek (NT),No,No,,""
G5293,"ὑποτάσσω",Greek (NT),No,No,,""
G5294,"ὑποτίθημι",Greek (NT),No,No,,""
G5295,"ὑποτρέχω",Greek (NT),No,No,,""
G5296,"ὑποτύπωσις",Greek (NT),No,No,,""
G5297,"ὑποφέρω",Greek (NT),No,No,,""
G5298,"ὑποχωρέω",Greek (NT),No,No,,""
G5299,"ὑπωπιάζω",Greek (NT),No,No,,""
G5300,"ὗς",Greek (NT),No,No,,""
G5301,"ὕσσωπος",Greek (NT),No,No,,""
G5302,"ὑστερέω",Greek (NT),No,No,,""
G5303,"ὑστέρημα",Greek (NT),No,No,,""
G5304,"ὑστέρησις",Greek (NT),No,No,,""
G5305,"ὕστερον",Greek (NT),No,No,,""
G5306,"ὕστερος",Greek (NT),No,No,,""
G5307,"ὑφαντός",Greek (NT),No,No,,""
G5308,"ὑψηλός",Greek (NT),No,No,,""
G5309,"ὑψηλοφρονέω",Greek (NT),No,No,,""
G5310,"ὕψιστος",Greek (NT),No,No,,""
G5311,"ὕψος",Greek (NT),No,No,,""
G5312,"ὑψόω",Greek (NT),No,No,,""
G5313,"ὕψωμα",Greek (NT),No,No,,""
G5314,"φάγος",Greek (NT),No,No,,""
G5315,"φάγω",Greek (NT),No,No,,""
G5316,"φαίνω",Greek (NT),No,No,,""
G5317,"Φάλεκ",Greek (NT),No,No,,""
G5318,"φανερός",Greek (NT),No,No,,""
G5319,"φανερόω",Greek (NT),No,No,,""
G5320,"φανερῶς",Greek (NT),No,No,,""
G5321,"φανέρωσις",Greek (NT),No,No,,""
G5322,"φανός",Greek (NT),No,No,,""
G5323,"Φανουήλ",Greek (NT),No,No,,""
G5324,"φαντάζω",Greek (NT),No,No,,""
G5325,"φαντασία",Greek (NT),No,No,,""
G5326,"φάντασμα",Greek (NT),No,No,,""
G5327,"φάραγξ",Greek (NT),No,No,,""
G5328,"Φαραώ",Greek (NT),No,No,,""
G5329,"Φάρες",Greek (NT),No,No,,""
G5330,"Φαρισαῖος",Greek (NT),No,No,,""
G5331,"φαρμακεία",Greek (NT),No,No,,""
G5332,"φαρμακεύς",Greek (NT),No,No,,""
G5333,"φάρμακος",Greek (NT),No,No,,""
G5334,"φάσις",Greek (NT),No,No,,""
G5335,"φάσκω",Greek (NT),No,No,,""
G5336,"φάτνη",Greek (NT),No,No,,""
G5337,"φαῦλος",Greek (NT),No,No,,""
G5338,"φέγγος",Greek (NT),No,No,,""
G5339,"φείδομαι",Greek (NT),No,No,,""
G5340,"φειδομένως",Greek (NT),No,No,,""
G5341,"φελόνης",Greek (NT),No,No,,""
G5342,"φέρω",Greek (NT),No,Yes,,""
G5343,"φεύγω",Greek (NT),No,No,,""
G5344,"Φῆλιξ",Greek (NT),No,No,,""
G5345,"φήμη",Greek (NT),No,No,,""
G5346,"φημί",Greek (NT),No,No,,""
G5347,"Φῆστος",Greek (NT),No,No,,""
G5348,"φθάνω",Greek (NT),No,No,,""
G5349,"φθαρτός",Greek (NT),No,No,,""
G5350,"φθέγγομαι",Greek (NT),No,No,,""
G5351,"φθείρω",Greek (NT),No,No,,""
G5352,"φθινοπωρινός",Greek (NT),No,No,,""
G5353,"φθόγγος",Greek (NT),No,No,,""
G5354,"φθονέω",Greek (NT),No,No,,""
G5355,"φθόνος",Greek (NT),No,No,,""
G5356,"φθορά",Greek (NT),No,No,,""
G5357,"φιάλη",Greek (NT),No,No,,""
G5358,"φιλάγαθος",Greek (NT),No,No,,""
G5359,"Φιλαδέλφεια",Greek (NT),No,No,,""
G5360,"φιλαδελφία",Greek (NT),No,No,,""
G5361,"φιλάδελφος",Greek (NT),No,No,,""
G5362,"φίλανδρος",Greek (NT),No,No,,""
G5363,"φιλανθρωπία",Greek (NT),No,No,,""
G5364,"φιλανθρώπως",Greek (NT),No,No,,""
G5365,"φιλαργυρία",Greek (NT),No,No,,""
G5366,"φιλάργυρος",Greek (NT),No,No,,""
G5367,"φίλαυτος",Greek (NT),No,No,,""
G5368,"φιλέω",Greek (NT),No,No,,""
G5369,"φιλήδονος",Greek (NT),No,No,,""
G5370,"φίλημα",Greek (NT),No,No,,""
G5371,"Φιλήμων",Greek (NT),No,No,,""
G5372,"Φίλητος",Greek (NT),No,No,,""
G5373,"φιλία",Greek (NT),No,No,,""
G5374,"Φιλιππήσιος",Greek (NT),No,No,,""
G5375,"Φίλιπποι",Greek (NT),No,No,,""
G5376,"Φίλιππος",Greek (NT),No,No,,""
G5377,"φιλόθεος",Greek (NT),No,No,,""
G5378,"Φιλόλογος",Greek (NT),No,No,,""
G5379,"φιλονεικία",Greek (NT),No,No,,""
G5380,"φιλόνεικος",Greek (NT),No,No,,""
G5381,"φιλονεξία",Greek (NT),No,No,,""
G5382,"φιλόξενος",Greek (NT),No,No,,""
G5383,"φιλοπρωτεύω",Greek (NT),No,No,,""
G5384,"φίλος",Greek (NT),No,No,,""
G5385,"φιλοσοφία",Greek (NT),No,No,,""
G5386,"φιλόσοφος",Greek (NT),No,No,,""
G5387,"φιλόστοργος",Greek (NT),No,No,,""
G5388,"φιλότεκνος",Greek (NT),No,No,,""
G5389,"φιλοτιμέομαι",Greek (NT),No,No,,""
G5390,"φιλοφρόνως",Greek (NT),No,No,,""
G5391,"φιλόφρων",Greek (NT),No,No,,""
G5392,"φιμόω",Greek (NT),No,No,,""
G5393,"Φλέγων",Greek (NT),No,No,,""
G5394,"φλογίζω",Greek (NT),No,No,,""
G5395,"φλόξ",Greek (NT),No,No,,""
G5396,"φλυαρέω",Greek (NT),No,No,,""
G5397,"φλύαρος",Greek (NT),No,No,,""
G5398,"φοβερός",Greek (NT),No,No,,""
G5399,"φοβέω",Greek (NT),No,No,,""
G5400,"φόβητρον",Greek (NT),No,No,,""
G5401,"φόβος",Greek (NT),No,No,,""
G5402,"Φοίβη",Greek (NT),No,No,,""
G5403,"Φοινίκη",Greek (NT),No,No,,""
G5404,"φοῖνιξ",Greek (NT),No,No,,""
G5405,"Φοῖνιξ",Greek (NT),No,No,,""
G5406,"φονεύς",Greek (NT),No,No,,""
G5407,"φονεύω",Greek (NT),No,No,,""
G5408,"φόνος",Greek (NT),No,No,,""
G5409,"φορέω",Greek (NT),No,No,,""
G5410,"Φόρον",Greek (NT),No,No,,""
G5411,"φόρος",Greek (NT),No,No,,""
G5412,"φορτίζω",Greek (NT),No,No,,""
G5413,"φορτίον",Greek (NT),No,No,,""
G5414,"φόρτος",Greek (NT),No,No,,""
G5415,"Φορτουνᾶτος",Greek (NT),No,No,,""
G5416,"φραγέλλιον",Greek (NT),No,No,,""
G5417,"φραγελλόω",Greek (NT),No,No,,""
G5418,"φραγμός",Greek (NT),No,No,,""
G5419,"φράζω",Greek (NT),No,No,,""
G5420,"φράσσω",Greek (NT),No,No,,""
G5421,"φρέαρ",Greek (NT),No,No,,""
G5422,"φρεναπατάω",Greek (NT),No,No,,""
G5423,"φρεναπάτης",Greek (NT),No,No,,""
G5424,"φρήν",Greek (NT),No,No,,""
G5425,"φρίσσω",Greek (NT),No,No,,""
G5426,"φρονέω",Greek (NT),No,No,,""
G5427,"φρόνημα",Greek (NT),No,No,,""
G5428,"φρόνησις",Greek (NT),No,No,,""
G5429,"φρόνιμος",Greek (NT),No,No,,""
G5430,"φρονίμως",Greek (NT),No,No,,""
G5431,"φροντίζω",Greek (NT),No,No,,""
G5432,"φρουρέω",Greek (NT),No,No,,""
G5433,"φρυάσσω",Greek (NT),No,No,,""
G5434,"φρύγανον",Greek (NT),No,No,,""
G5435,"Φρυγία",Greek (NT),No,No,,""
G5436,"Φύγελλος",Greek (NT),No,No,,""
G5437,"φυγή",Greek (NT),No,No,,""
G5438,"φυλακή",Greek (NT),No,No,,""
G5439,"φυλακίζω",Greek (NT),No,No,,""
G5440,"φυλακτήριον",Greek (NT),No,No,,""
G5441,"φύλαξ",Greek (NT),No,No,,""
G5442,"φυλάσσω",Greek (NT),No,No,,""
G5443,"φυλή",Greek (NT),No,No,,""
G5444,"φύλλον",Greek (NT),No,No,,""
G5445,"φύραμα",Greek (NT),No,No,,""
G5446,"φυσικός",Greek (NT),No,No,,""
G5447,"φυσικῶς",Greek (NT),No,No,,""
G5448,"φυσιόω",Greek (NT),No,No,,""
G5449,"φύσις",Greek (NT),No,No,,""
G5450,"φυσίωσις",Greek (NT),No,No,,""
G5451,"φυτεία",Greek (NT),No,No,,""
G5452,"φυτεύω",Greek (NT),No,No,,""
G5453,"φύω",Greek (NT),No,No,,""
G5454,"φωλεός",Greek (NT),No,No,,""
G5455,"φωνέω",Greek (NT),No,No,,""
G5456,"φωνή",Greek (NT),No,Yes,,""
G5457,"φῶς",Greek (NT),No,Yes,,""
G5458,"φωστήρ",Greek (NT),No,No,,""
G5459,"φωσφόρος",Greek (NT),No,No,,""
G5460,"φωτεινός",Greek (NT),No,No,,""
G5461,"φωτίζω",Greek (NT),No,No,,""
G5462,"φωτισμός",Greek (NT),No,No,,""
G5463,"χαίρω",Greek (NT),No,Yes,,""
G5464,"χάλαζα",Greek (NT),No,No,,""
G5465,"χαλάω",Greek (NT),No,No,,""
G5466,"Χαλδαῖος",Greek (NT),No,No,,""
G5467,"χαλεπός",Greek (NT),No,No,,""
G5468,"χαλιναγωγέω",Greek (NT),No,No,,""
G5469,"χαλινός",Greek (NT),No,No,,""
G5470,"χάλκεος",Greek (NT),No,No,,""
G5471,"χαλκεύς",Greek (NT),No,No,,""
G5472,"χαλκηδών",Greek (NT),No,No,,""
G5473,"χαλκίον",Greek (NT),No,No,,""
G5474,"χαλκολίβανον",Greek (NT),No,No,,""
G5475,"χαλκός",Greek (NT),No,No,,""
G5476,"χαμαί",Greek (NT),No,No,,""
G5477,"Χαναάν",Greek (NT),No,No,,""
G5478,"Χανααναῖος",Greek (NT),No,No,,""
G5479,"χαρά",Greek (NT),No,Yes,,""
G5480,"χάραγμα",Greek (NT),No,No,,""
G5481,"χαρακτήρ",Greek (NT),No,No,,""
G5482,"χάραξ",Greek (NT),No,No,,""
G5483,"χαρίζομαι",Greek (NT),No,No,,""
G5484,"χάριν",Greek (NT),No,No,,""
G5485,"χάρις",Greek (NT),No,Yes,,""
G5486,"χάρισμα",Greek (NT),No,No,,""
G5487,"χαριτόω",Greek (NT),No,No,,""
G5488,"Χαῤῥάν",Greek (NT),No,No,,""
G5489,"χάρτης",Greek (NT),No,No,,""
G5490,"χάσμα",Greek (NT),No,No,,""
G5491,"χεῖλος",Greek (NT),No,No,,""
G5492,"χειμάζω",Greek (NT),No,No,,""
G5493,"χείμαῤῥος",Greek (NT),No,No,,""
G5494,"χειμών",Greek (NT),No,No,,""
G5495,"χείρ",Greek (NT),No,Yes,,""
G5496,"χειραγωγέω",Greek (NT),No,No,,""
G5497,"χειραγωγός",Greek (NT),No,No,,""
G5498,"χειρόγραφον",Greek (NT),No,No,,""
G5499,"χειροποίητος",Greek (NT),No,No,,""
G5500,"χειροτονέω",Greek (NT),No,No,,""
G5501,"χείρων",Greek (NT),No,No,,""
G5502,"χερουβίμ",Greek (NT),No,No,,""
G5503,"χήρα",Greek (NT),No,No,,""
G5504,"χθές",Greek (NT),No,No,,""
G5505,"χιλιάς",Greek (NT),No,No,,""
G5506,"χιλίαρχος",Greek (NT),No,No,,""
G5507,"χίλιοι",Greek (NT),No,No,,""
G5508,"Χίος",Greek (NT),No,No,,""
G5509,"χιτών",Greek (NT),No,No,,""
G5510,"χιών",Greek (NT),No,No,,""
G5511,"χλαμύς",Greek (NT),No,No,,""
G5512,"χλευάζω",Greek (NT),No,No,,""
G5513,"χλιαρός",Greek (NT),No,No,,""
G5514,"Χλόη",Greek (NT),No,No,,""
G5515,"χλωρός",Greek (NT),No,No,,""
G5516,"χξϛ",Greek (NT),No,No,,""
G5517,"χοϊκός",Greek (NT),No,No,,""
G5518,"χοῖνιξ",Greek (NT),No,No,,""
G5519,"χοῖρος",Greek (NT),No,No,,""
G5520,"χολάω",Greek (NT),No,No,,""
G5521,"χολή",Greek (NT),No,No,,""
G5522,"χόος",Greek (NT),No,No,,""
G5523,"Χοραζίν",Greek (NT),No,No,,""
G5524,"χορηγέω",Greek (NT),No,No,,""
G5525,"χορός",Greek (NT),No,No,,""
G5526,"χορτάζω",Greek (NT),No,No,,""
G5527,"χόρτασμα",Greek (NT),No,No,,""
G5528,"χόρτος",Greek (NT),No,No,,""
G5529,"Χουζᾶς",Greek (NT),No,No,,""
G5530,"χράομαι",Greek (NT),No,No,,""
G5531,"χράω",Greek (NT),No,No,,""
G5532,"χρεία",Greek (NT),No,No,,""
G5533,"χρεωφειλέτης",Greek (NT),No,No,,""
G5534,"χρή",Greek (NT),No,No,,""
G5535,"χρῄζω",Greek (NT),No,No,,""
G5536,"χρῆμα",Greek (NT),No,No,,""
G5537,"χρηματίζω",Greek (NT),No,No,,""
G5538,"χρηματισμός",Greek (NT),No,No,,""
G5539,"χρήσιμος",Greek (NT),No,No,,""
G5540,"χρῆσις",Greek (NT),No,No,,""
G5541,"χρηστεύομαι",Greek (NT),No,No,,""
G5542,"χρηστολογία",Greek (NT),No,No,,""
G5543,"χρηστός",Greek (NT),No,No,,""
G5544,"χρηστότης",Greek (NT),No,No,,""
G5545,"χρῖσμα",Greek (NT),No,No,,""
G5546,"Χριστιανός",Greek (NT),No,No,,""
G5547,"Χριστός",Greek (NT),No,Yes,,""
G5548,"χρίω",Greek (NT),No,No,,""
G5549,"χρονίζω",Greek (NT),No,No,,""
G5550,"χρόνος",Greek (NT),No,Yes,,""
G5551,"χρονοτριβέω",Greek (NT),No,No,,""
G5552,"χρύσεος",Greek (NT),No,No,,""
G5553,"χρυσίον",Greek (NT),No,No,,""
G5554,"χρυσοδακτύλιος",Greek (NT),No,No,,""
G5555,"χρυσόλιθος",Greek (NT),No,No,,""
G5556,"χρυσόπρασος",Greek (NT),No,No,,""
G5557,"χρυσός",Greek (NT),No,No,,""
G5558,"χρυσόω",Greek (NT),No,No,,""
G5559,"χρώς",Greek (NT),No,No,,""
G5560,"χωλός",Greek (NT),No,No,,""
G5561,"χώρα",Greek (NT),No,No,,""
G5562,"χωρέω",Greek (NT),No,No,,""
G5563,"χωρίζω",Greek (NT),No,No,,""
G5564,"χωρίον",Greek (NT),No,No,,""
G5565,"χωρίς",Greek (NT),No,No,,""
G5566,"χῶρος",Greek (NT),No,No,,""
G5567,"ψάλλω",Greek (NT),No,No,,""
G5568,"ψαλμός",Greek (NT),No,No,,""
G5569,"ψευδάδελφος",Greek (NT),No,No,,""
G5570,"ψευδαπόστολος",Greek (NT),No,No,,""
G5571,"ψευδής",Greek (NT),No,No,,""
G5572,"ψευδοδιδάσκαλος",Greek (NT),No,No,,""
G5573,"ψευδολόγος",Greek (NT),No,No,,""
G5574,"ψεύδομαι",Greek (NT),No,No,,""
G5575,"ψευδομάρτυρ",Greek (NT),No,No,,""
G5576,"ψευδομαρτυρέω",Greek (NT),No,No,,""
G5577,"ψευδομαρτυρία",Greek (NT),No,No,,""
G5578,"ψευδοπροφήτης",Greek (NT),No,No,,""
G5579,"ψεῦδος",Greek (NT),No,No,,""
G5580,"ψευδόχριστος",Greek (NT),No,No,,""
G5581,"ψευδώνυμος",Greek (NT),No,No,,""
G5582,"ψεῦσμα",Greek (NT),No,No,,""
G5583,"ψεύστης",Greek (NT),No,No,,""
G5584,"ψηλαφάω",Greek (NT),No,No,,""
G5585,"ψηφίζω",Greek (NT),No,No,,""
G5586,"ψῆφος",Greek (NT),No,No,,""
G5587,"ψιθυρισμός",Greek (NT),No,No,,""
G5588,"ψιθυριστής",Greek (NT),No,No,,""
G5589,"ψιχίον",Greek (NT),No,No,,""
G5590,"ψυχή",Greek (NT),No,Yes,,""
G5591,"ψυχικός",Greek (NT),No,No,,""
G5592,"ψύχος",Greek (NT),No,No,,""
G5593,"ψυχρός",Greek (NT),No,No,,""
G5594,"ψύχω",Greek (NT),No,No,,""
G5595,"ψωμίζω",Greek (NT),No,No,,""
G5596,"ψωμίον",Greek (NT),No,No,,""
G5597,"ψώχω",Greek (NT),No,No,,""
G5598,"Ω",Greek (NT),No,No,,""
G5599,"ὦ",Greek (NT),No,No,,""
G5600,"ἦ",Greek (NT),No,No,,""
G5601,"Ὠβήδ",Greek (NT),No,No,,""
G5602,"ὧδε",Greek (NT),No,No,,""
G5603,"ᾠδή",Greek (NT),No,No,,""
G5604,"ὠδίν",Greek (NT),No,No,,""
G5605,"ὠδίνω",Greek (NT),No,No,,""
G5606,"ὦμος",Greek (NT),No,No,,""
G5607,"ὄν",Greek (NT),No,Yes,,""
G5608,"ὠνέομαι",Greek (NT),No,No,,""
G5609,"ὠόν",Greek (NT),No,No,,""
G5610,"ὥρα",Greek (NT),No,Yes,,""
G5611,"ὡραῖος",Greek (NT),No,No,,""
G5612,"ὠρύομαι",Greek (NT),No,No,,""
G5613,"ὡς",Greek (NT),No,No,,""
G5614,"ὡσαννά",Greek (NT),No,No,,""
G5615,"ὡσαύτως",Greek (NT),No,No,,""
G5616,"ὡσεί",Greek (NT),No,No,,""
G5617,"Ὡσηέ",Greek (NT),No,No,,""
G5618,"ὥσπερ",Greek (NT),No,No,,""
G5619,"ὡσπερεί",Greek (NT),No,No,,""
G5620,"ὥστε",Greek (NT),No,No,,""
G5621,"ὠτίον",Greek (NT),No,No,,""
G5622,"ὠφέλεια",Greek (NT),No,No,,""
G5623,"ὠφελέω",Greek (NT),No,No,,""
G5624,"ὠφέλιμος",Greek (NT),No,No,,""
H1523,"גִּיל גּוּל",Hebrew (OT),Yes,No,verb,""
H1705,"דָּבְרַת",Hebrew (OT),Yes,No,noun location,""
H1760,"דָּחָה דָּחַח",Hebrew (OT),Yes,No,verb,""
H2033,"הֲרוֹרִי",Hebrew (OT),Yes,No,noun location,""
H2341,"חֲוִילָה",Hebrew (OT),Yes,No,noun location,""
H2463,"חֶלבּוֹן",Hebrew (OT),Yes,No,noun location,""
H2599,"חֲנוֹכִי",Hebrew (OT),Yes,No,noun,""
H2613,"חֲנוּפָה",Hebrew (OT),Yes,No,noun,""
H2619,"חֲסַדיָה",Hebrew (OT),Yes,No,noun proper,""
H2649,"חִפָּזוֹן",Hebrew (OT),Yes,No,noun,""
H2657,"חֶפצִּי בָּהּ",Hebrew (OT),Yes,No,noun proper,""
H2681,"חָצִיר",Hebrew (OT),Yes,No,noun,""
H2687,"חָצָץ",Hebrew (OT),Yes,No,noun,""
H2709,"חֲקוּפָא",Hebrew (OT),Yes,No,noun proper,""
H2736,"חַרהֲיָה",Hebrew (OT),Yes,No,noun proper,""
H2744,"חַרחוּר",Hebrew (OT),Yes,No,noun proper,""
H2759,"חֲרִישִׁי",Hebrew (OT),Yes,No,adjective,""
H2764,"חֵרֶם חֶרֶם",Hebrew (OT),Yes,No,noun,""
H2855,"חֶתלוֹן",Hebrew (OT),Yes,No,noun location,""
H3012,"יִגדַּליָהוּ",Hebrew (OT),Yes,No,noun proper,""
H3073,"יְהוֹוָה שָׁלוֹם",Hebrew (OT),Yes,No,noun location,""
H3108,"יוֹזָכָר",Hebrew (OT),Yes,No,noun proper,""
H3127,"יוֹנֶקֶת",Hebrew (OT),Yes,No,noun,""
H3131,"יוֹסִפיָה",Hebrew (OT),Yes,No,noun proper,""
H3257,"יָע",Hebrew (OT),Yes,No,noun,""
H3258,"יַעבֵּץ",Hebrew (OT),Yes,No,noun location,""
H3259,"יָעַד",Hebrew (OT),Yes,No,verb,""
H3260,"יֶעדִּי",Hebrew (OT),Yes,No,noun proper,""
H3261,"יָעָה",Hebrew (OT),Yes,No,verb,""
H3380,"יְרוּבֶּשֶׁת",Hebrew (OT),Yes,No,noun proper,""
H3385,"יְרוּאֵל",Hebrew (OT),Yes,No,noun location,""
H3386,"יָרוַֹח",Hebrew (OT),Yes,No,noun proper,""
H3540,"כְּדָרלָעוֹמֶר",Hebrew (OT),Yes,No,noun proper,""
H3694,"כְּסוּלּוֹת",Hebrew (OT),Yes,No,noun location,""
H3761,"כַּרמְלִי",Hebrew (OT),Yes,No,adjective,""
H3793,"כְּתוֹבֶת",Hebrew (OT),Yes,No,noun,""
H3798,"כִּתלִישׁ",Hebrew (OT),Yes,No,noun location,""
H4037,"מַגזֵרָה",Hebrew (OT),Yes,No,noun,""
H4046,"מַגֵּפָה",Hebrew (OT),Yes,No,noun,""
H4103,"מְהוּמָה",Hebrew (OT),Yes,No,noun,""
H4251,"מַחלוּי",Hebrew (OT),Yes,No,noun,""
H4258,"מַחֲלַת",Hebrew (OT),Yes,No,noun proper,""
H4412,"מְלוּנָה",Hebrew (OT),Yes,No,noun,""
H4425,"מְלִילָה",Hebrew (OT),Yes,No,noun,""
H4502,"מִנְּזָר",Hebrew (OT),Yes,No,noun,""
H4722,"מַקהֵלוֹת",Hebrew (OT),Yes,No,noun proper,""
H4723,"מִקוֶה מִקוֵה מִקוֵא",Hebrew (OT),Yes,No,noun,""
H4790,"מְרוַֹח",Hebrew (OT),Yes,No,noun,""
H4791,"מָרוֹם",Hebrew (OT),Yes,No,noun,""
H4792,"מֵרוֹם",Hebrew (OT),Yes,No,noun location,""
H4793,"מֵרוֹץ",Hebrew (OT),Yes,No,noun,""
H4794,"מְרוּצָה מְרוּצָה",Hebrew (OT),Yes,No,noun,""
H4795,"מָרוּק",Hebrew (OT),Yes,No,noun,""
H4796,"מָרוֹת",Hebrew (OT),Yes,No,noun proper,""
H4797,"מִרזַח",Hebrew (OT),Yes,No,noun,""
H4798,"מַרזֵַח",Hebrew (OT),Yes,No,noun,""
H4799,"מָרַח",Hebrew (OT),Yes,No,verb,""
H4800,"מֶרחָב",Hebrew (OT),Yes,No,noun,""
H4801,"מֶרחָק",Hebrew (OT),Yes,No,noun,""
H4808,"מְרִיבָּה",Hebrew (OT),Yes,No,noun,""
H4822,"מְרֵמוֹת",Hebrew (OT),Yes,No,noun proper,""
H4972,"מַתּתְּלָאָה",Hebrew (OT),Yes,No,noun,""
H6416,"פְּלִילִי",Hebrew (OT),Yes,No,adjective,""
H6515,"פָּרוַּח",Hebrew (OT),Yes,No,noun proper,""
H6618,"פְּתַלתּוֹל",Hebrew (OT),Yes,No,adjective,""
H6637,"צּוֹבֵבָה",Hebrew (OT),Yes,No,noun proper,""
H6867,"צָּרֶבֶת",Hebrew (OT),Yes,No,adjective,""
H6989,"קְטוּרָה",Hebrew (OT),Yes,No,noun proper,""
H7075,"קִניָן",Hebrew (OT),Yes,No,noun,""
H7076,"קִנָּמוֹן",Hebrew (OT),Yes,No,noun,""
H7077,"קָנַן",Hebrew (OT),Yes,No,verb,""
H7078,"קֶנֶץ",Hebrew (OT),Yes,No,noun,""
H7079,"קְנָת",Hebrew (OT),Yes,No,noun location,""
H7080,"קָסַם",Hebrew (OT),Yes,No,verb,""
H7081,"קֶסֶם",Hebrew (OT),Yes,No,noun,""
H7082,"קָסַס",Hebrew (OT),Yes,No,verb,""
H7083,"קֶסֶת",Hebrew (OT),Yes,No,noun,""
H7084,"קְעִילָה",Hebrew (OT),Yes,No,noun location,""
H7085,"קַעֲקַע",Hebrew (OT),Yes,No,noun,""
H7086,"קְעָרָה",Hebrew (OT),Yes,No,noun,""
H7087,"קָפָא",Hebrew (OT),Yes,No,noun,""
H7483,"רַעמָה",Hebrew (OT),Yes,No,noun,""