strongs,word,occurrences,english_meaning,telugu_meaning
H853,אֵת,11061,(properly) self; (generally) used to point out the object of a verb (or preposition) more definitely; (hence) even or namely,వస్తు గుర్తు (వ్యాకరణం)
H3068,יְהוֹוָה,6207,Jewish national name of God,ప్రభువు (దేవుని నామం)
H5921,עַל,5779,"over, upon, or against (yet always in this last relation with a downward aspect) in a great variety of applications (as follow)",
H412,אֵל,5515,el (ale) prt-d. 1. these [(Aramaic) corresponding to H411]  Root(s): H411,
H834,אֲשֶׁר,5503,"(as adverb) when, where, how; (as conjunction) because, in order that, etc",
H3605,כּוֹל כּוֹל,5415,"any or every (in the singular only, but often in a plural sense)",
H559,אָמַר,5319,"appoint, avouch, bid, boast self, call, certify, challenge, charge, + (at the, give) command(-ment), commune, consider, declare, demand, X desire, determine, X expressly, X indeed, X intend, name, X plainly, promise, publish, report, require, say, speak (against, of), X still, X suppose, talk, tell, term, X that is, X think, use (speech), utter, X verily, X yet.",చెప్పు - పలుకు
H3808,לוֹא לוֹה,5188,"+ or else, ere, + except, ig(-norant), much, less, nay, neither, never, no((-ne), -r, (-thing)), (X as though...,(can-), for) not (out of), of nought, otherwise, out of, + surely, + as truly as, + of a truth, + verily, for want, + whether, without.",
H1121,בֵּן,4926,"in the widest sense (of literal and figurative relationship, including grandson, subject, nation, quality or condition, etc., (like H0001 H0251, etc.))","ఒక కొడుకు (కుటుంబ పేరు యొక్క బిల్డర్‌గా), విశాలమైన అర్థంలో (మనవడు, విషయం, దేశం, నాణ్యత లేదా స్థితి మొదలైన వాటితో సహా సాహిత్య మరియు అలంకారిక సంబంధం, (H0001 H0251, మొదలైనవి వంటివి))"
H3588,כִּי,4487,antecedent or consequent],
H1961,הָיָה,3575,"i.e. to happen, to occur (always emphatic, and not a mere copula or auxiliary)",ఉండు - జరుగు
H6213,עָשָׂה,2640,in the broadest sense and widest application (as follows),విస్తృతమైన అర్థంలో మరియు విస్తృతమైన అప్లికేషన్ (క్రింది విధంగా)
H430,אֱלוֹהִים,2602,occasionally applied by way of deference to magistrates,దేవుడు (బహువచనం)
H935,בּוֹא,2593,"apply, attain, X be, befall, + besiege, bring (forth, in, into, to pass), call, carry, X certainly, (cause, let, thing for) to come (against, in, out, upon, to pass), depart, X doubtless again, + eat, + employ, (cause to) enter (in, into, -tering, -trance, -try), be fallen, fetch, + follow, get, give, go (down, in, to war), grant, + have, X indeed, (in-)vade, lead, lift (up), mention, pull in, put, resort, run (down), send, set, X (well) stricken (in age), X surely, take (in), way.",వెళ్ళడానికి లేదా రావడానికి (అనేక రకాల అప్లికేషన్లలో)
H4428,מֶלֶך,2530,royal.,ఒక రాజు
H3478,יִשׂרָאֵל,2507,(typically) of his posterity,దేవునితో పోరాడినవాడు
H776,אֶרֶץ,2505,or partitively a land),భూమి - దేశము
H3117,יוֹם,2305,"whether literal (from sunrise to sunset, or from one sunset to the next), or figurative (a space of time defined by an associated term), (often used adverb)","ఒక రోజు (వెచ్చని గంటలుగా), అక్షరార్థం (సూర్యోదయం నుండి సూర్యాస్తమయం వరకు, లేదా ఒక సూర్యాస్తమయం నుండి తదుపరి వరకు), లేదా అలంకారిక (అనుబంధ పదం ద్వారా నిర్వచించబడిన సమయం), (తరచుగా ఉపయోగించే క్రియా విశేషణం)"
H6440,פָּנִים,2128,"as a preposition) before, etc.","ముఖం (తిరుగుతున్న భాగం వలె); (ప్రిపోజిషనల్ ప్రిఫిక్స్‌తో, ప్రిపోజిషన్‌గా) ముందు, మొదలైనవి."
H1004,בַּיִת,2056,"especially family, etc.)",
H5414,נָתַן,2015,"used with greatest latitude of application (put, make, etc.)","ఇవ్వడానికి, అప్లికేషన్ యొక్క గొప్ప అక్షాంశంతో ఉపయోగించబడుతుంది (పుట్, తయారు, మొదలైనవి)"
H1931,הוּא הִיא,1889,"huw' (hoo) (of which the feminine (beyond the Pentateuch) is hiyw {he}) p/d. 1. (the third person pronoun singular) he, she, or it (only expressed when emphatic or without a verb) 2. (intensively) self 3. (especially with the article) the same 4. (sometimes, as demonstrative) this or that 5. (occasionally, instead of copula) as or are [a primitive word] KJV: he, as for her, him(-self), it, the same, she (herself), such, that (...it), these, they, this, those, which (is), who.",
H5971,עַם,1868,hence (collectively) troops or attendants,"ఒక ప్రజలు (సమావేశ యూనిట్‌గా); ప్రత్యేకంగా, ఒక తెగ (ఇజ్రాయెల్‌గా)"
H376,אִישׁ,1662,"another, any (man), a certain, + champion, consent, each, every (one), fellow, (foot-, husband-)man, (good-, great, mighty) man, he, high (degree), him (that is), husband, man(-kind), + none, one, people, person, + steward, what (man) soever, whoso(-ever), worthy.",ఒక వ్యక్తి లేదా మగ వ్యక్తిగా ఒక వ్యక్తి; తరచుగా మరింత ఖచ్చితమైన పదానికి అనుబంధంగా ఉపయోగించబడుతుంది (మరియు అలాంటి సందర్భాలలో తరచుగా అనువాదంలో వ్యక్తీకరించబడదు)
H3027,יָד,1627,"used (as noun, adverb, etc.) in a great variety of applications, both literally and figuratively, both proximate and remote (as follows)","ఒక చేతి (ఓపెన్ ఒకటి (శక్తి, సాధనాలు, దిశ, మొదలైనవి సూచిస్తుంది), H3709 నుండి భిన్నంగా, మూసివేయబడినది); అనేక రకాల అప్లికేషన్లలో (నామవాచకం, క్రియా విశేషణం మొదలైనవి) ఉపయోగించబడింది, అక్షరాలా మరియు అలంకారికంగా, సమీప మరియు రిమోట్ (క్రింది విధంగా)"
H1980,הָלַך,1556,literally and figuratively),"ఒక ఆదిమ మూలం; నడవడానికి (అనేక రకాల అప్లికేషన్లలో, అక్షరాలా మరియు అలంకారికంగా)"
H1697,דָּבָר,1454,"advice, affair, answer, X any such (thing), because of, book, business, care, case, cause, certain rate, + chronicles, commandment, X commune(-ication), + concern(-ing), + confer, counsel, + dearth, decree, deed, X disease, due, duty, effect, + eloquent, errand, (evil favoured-)ness, + glory, + harm, hurt, + iniquity, + judgment, language, + lying, manner, matter, message, (no) thing, oracle, X ought, X parts, + pertaining, + please, portion, + power, promise, provision, purpose, question, rate, reason, report, request, X (as hast) said, sake, saying, sentence, + sign, + so, some (uncleanness), somewhat to say, + song, speech, X spoken, talk, task, + that, X there done, thing (concerning), thought, + thus, tidings, what(-soever), + wherewith, which, word, work.",ఒక పదం; (సూచన ద్వారా) ఒక విషయం (చెప్పినట్లు) లేదా విషయం
H7200,רָאָה,1315,"literally or figuratively (in numerous applications, direct and implied, transitive, intransitive and causative)","చూడటానికి, అక్షరాలా లేదా అలంకారికంగా (అనేక అనువర్తనాల్లో, ప్రత్యక్ష మరియు పరోక్ష, ట్రాన్సిటివ్, ఇంట్రాన్సిటివ్ మరియు కాసేటివ్)"
H5704,עַד,1260,"adverb or conjunction especially with a preposition) as far (or long, or much) as, whether of space (even unto) or time (during, while, until) or degree (equally with)",
H4480,מִן מִנִּי מִנֵּי,1229,prepositionally) from or out of (in many senses),
H1,אָב,1210,or figurative and remote application},తండ్రి (పితృ సంబంధం)
H2088,זֶה,1178,this or that,
H8085,שָׁמַע,1167,"causatively, to tell, etc.)","తెలివిగా వినడానికి (తరచుగా శ్రద్ధ, విధేయత మొదలైన వాటితో; కారణం, చెప్పడం మొదలైనవి)"
H1696,דָּבַר,1145,"but used figuratively (of words), to speak; rarely (in a destructive sense) to subdue",మాట్లాడు
H859,אַתּתָּה אַתּתָּ אַת אַתּתִּי אַתּתֶּם אַתּתֶּן אַתּתֵּנָה אַתּתֵּנָּה,1103,or (plural) ye and you,
H3427,יָשַׁב,1098,"(by implication) to dwell, to remain; (causatively) to settle, to marry",
H5892,עִיר עָר עָיַר,1095,"city, court (from margin), town.",
H3318,יָצָא,1077,"literally and figuratively, direct and proxim}",బయటకు వెళ్ళడానికి; (కారణంగా) బయటకు తీసుకురావడానికి
H1732,דָּוִד דָּוִידּ,1075,the youngest son of Jesse,
H7725,שׁוּב,1072,(generally) to retreat; (often adverbially) again,
H518,אִם,1070,"if, although",
H5973,עִם,1049,"specifically, equally with; often with prepositional prefix (and then usually unrepresented in English)",
H3212,יָלַך,1046,"away, bear, bring, carry (away), come (away), depart, flow, + follow(-ing), get (away, hence, him), (cause to, made) go (away, -ing, -ne, one's way, out), grow, lead (forth), let down, march, prosper, + pursue, cause to run, spread, take away ((-journey)), vanish, (cause to) walk(-ing), wax, X be weak.",(వాచ్యంగా లేదా అలంకారికంగా) నడవడానికి; (కారణంగా) మోయడానికి (వివిధ భావాలలో)
H259,אֶחָד,976,(as an ordinal) first,"(సరిగ్గా) ఐక్యంగా, అంటే ఒకటి; (ఆర్డినల్‌గా) మొదట"
H3947,לָקַח,967,"bring, buy, carry away, drawn, fetch, get, infold, X many, mingle, place, receive(-ing), reserve, seize, send for, take (away, -ing, up), use, win.",తీసుకోవడానికి (వివిధ రకాల అప్లికేషన్లలో)
H3045,יָדַע,951,"literally, euphemistically and inferentially (including observation, care, recognition",తెలుసుకోవడానికి; (సరిగ్గా) చూడటం ద్వారా నిర్ధారించడానికి
H5869,עַיִן,899,a fountain (as the eye of the landscape),"ఒక కన్ను (అక్షరాలా లేదా అలంకారికంగా); సారూప్యత ద్వారా, ఒక ఫౌంటెన్ (ల్యాండ్‌స్కేప్ యొక్క కన్ను వలె)"
H5927,עָלָה,894,"used in a great variety of senses, primary and secondary, literal and figurative (as follow)",
H8141,שָׁנֶה שָׁנָה,879,"X long, + old, year(X -ly).",ఒక సంవత్సరం (సమయం యొక్క విప్లవం వలె)
H589,אֲנִי,874,"(as for) me, mine, myself, we, X which, X who.",
H8034,שֵׁם,864,"(by implication) honor, authority, character",
H7971,שָׁלַח,847,"for, or out (in a great variety of applications)",
H2009,הִנֵּה,843,"lo, see.",
H4191,מוּת,841,"X crying, (be) dead (body, man, one), (put to, worthy of) death, destroy(-er), (cause to, be like to, must) die, kill, necro(-mancer), X must needs, slay, X surely, X very suddenly, X in (no) wise.",
H8033,שָׁם,834,or thence,
H1992,הֵם הֵמָּה,826,"like, X (how, so) many (soever, more as) they (be), (the) same, X so, X such, their, them, these, they, those, which, who, whom, withal, ye.",
H3063,יְהוּדָה,818,"also of the tribe descended from the first, and of its territory",
H397,אָכִישׁ,813,a Philistine king,
H854,אֵת,808,"generally) with, by, at, among, etc",
H5650,עֶבֶד,803,"bondman, (bond-)servant, (man-)servant.",
H369,אַיִן,791,"except, fail, (father-)less, be gone, in(-curable), neither, never, no (where), none, nor, (any, thing), not, nothing, to nought, past, un(-searchable), well-nigh, without.",
H802,אִשָּׁה נָשִׁים,781,a woman (used in the same wide sense as H0582),"క్రమరహిత బహువచనం, nashiym; ఒక స్త్రీ (H0582 వలె విస్తృత అర్థంలో ఉపయోగించబడుతుంది)"
H8147,שְׁנַיִם שְׁתּתַּיִם,770,"couple, double, second, twain, + twelfth, + twelve, + twenty (sixscore) thousand, twice, two.",రెండు; (ఆర్డినల్ గా) రెండు రెట్లు
H1571,גַּם,769,often repeated as correl. both...and,
H4872,מוֹשֶׁה,766,"Mosheh, the Israelite lawgiver",
H5315,נֶפֶשׁ,757,"used very widely in a literal, accommodated or figurative sense (bodily or mental)",ప్రాణము - ఆత్మ
H3548,כּוֹהֵן,750,"(also, by courtesy) an acting priest (although a layman)","(అక్షరాలా) ఒక అధికారి, ఒక పూజారి; (అలాగే, మర్యాదతో) ఒక నటన పూజారి (ఒక సామాన్యుడు అయినప్పటికీ)"
H4100,מָה מַה מָ מַ מֶה,750,"(also, exclamation) what! (including how!); (indefinitely) what (including whatever, and even relatively, that which)",
H428,אֵלֶּה,746,"so, some, such, them, these (same), they, this, those, thus, which, who(-m).",
H7121,קָרָא,736,"address by name, but used in a wide variety of applications)","కాల్ చేయడానికి (అంటే సరిగ్గా, పేరు ద్వారా చిరునామా, కానీ అనేక రకాల అప్లికేషన్లలో ఉపయోగించబడుతుంది)"
H407,אַכשָׁף,727,a place in Israel,
H310,אַחַר,718,as adverb or conjunction) after (in various senses),
H1870,דֶּרֶך,712,often adverb,
H7451,רַע רָעָה,670,"affliction, bad, calamity, + displease(-ure), distress, evil((- favouredness), man, thing), + exceedingly, X great, grief(-vous), harm, heavy, hurt(-ful), ill (favoured), + mark, mischief(-vous), misery, naught(-ty), noisome, + not please, sad(-ly), sore, sorrow, trouble, vex, wicked(-ly, -ness, one), worse(-st), wretchedness, wrong. (Incl. feminine raaah; as adjective or noun.).",
H5375,נָשָׂא נָסָה,658,"in a great variety of applications, literal and figurative, absol. and rel. (as follows)",
H3389,יְרוּשָׁלִַם יְרוּשָׁלַיִם,643,the capital city of Israel,
H251,אָח,630,"brother(-ly); kindred, like, other.",ఒక సోదరుడు (అక్షర సంబంధం మరియు రూపక అనుబంధం లేదా సారూప్యత (H0001 వంటివి) యొక్క విస్తృత అర్థంలో ఉపయోగించబడుతుంది)
H6965,קוּם,626,"literal, figurative, intensive and causative)",
H3069,יְהוֹוִה,615,"and pronounced by Jews as H430, in order to prevent the repetition of the same sound, since they elsewhere pronounce H3068 as H136)]",దేవుడు
H4714,מִצרַיִם,614,i.e. Upper and Lower Egypt,
H3651,כֵּן,612,time and relation,
H2063,זוֹאתּ,605,"-with), it, likewise, the one (other, same), she, so (much), such (deed), that, therefore, these, this (thing), thus.",
H7218,רוֹאשׁ,600,"whether literal or figurative (in many applications, of place, time, rank, itc.)","తల (అత్యంత తేలికగా కదిలినట్లు), అక్షరార్థం లేదా అలంకారికమైనది (అనేక అనువర్తనాల్లో, స్థలం, సమయం, ర్యాంక్, మొదలైనవి)"
H3820,לֵב,595,likewise for the centre of anything,"గుండె; భావాలు, సంకల్పం మరియు తెలివికి కూడా చాలా విస్తృతంగా (అలంకారికంగా) ఉపయోగించబడింది"
H1323,בַּת,588,literally and figuratively),"ఒక కుమార్తె (సంబంధం యొక్క ఇతర పదాల మాదిరిగానే విస్తృత అర్థంలో ఉపయోగించబడుతుంది, అక్షరాలా మరియు అలంకారికంగా)"
H7760,שׂוּם שִׂים,585,"literal, figurative, inferentially, and elliptically)",
H3967,מֵאָה מֵאיָה,583,"-th), + sixscore.",
H4325,מַיִם,582,semen,నీళ్ళు
H3541,כּוֹה,577,"(also, of place) here (or hither)",
H582,אֱנוֹשׁ,566,"X (blood-)thirsty, certain, chap(-man); divers, fellow, X in the flower of their age, husband, (certain, mortal) man, people, person, servant, some ( X of them), + stranger, those, + their trade. It is often unexpressed in the English versions, especially when used in apposition with another word .",
H1471,גּוֹי גּוֹי,564,or a flight of locusts,
H5674,עָבַר,562,(specifically) to cover (in the act of copulation),
H2896,טּוֹב,561,"the good, goods or good things, good men or women), also as an adverb (well)",
H120,אָדָם,552,"mankind, etc.)",మానవుడు - మనుష్యుడు
H2022,הַר,547,"mount(-ain), X promotion.",పర్వతం లేదా కొండల శ్రేణి (కొన్నిసార్లు అలంకారికంగా ఉపయోగిస్తారు)
H1419,גָּדוֹל גָּדוֹל,529,"elder(-est), + exceeding(-ly), + far, (man of) great (man, matter, thing,-er,-ness), high, long, loud, mighty, more, much, noble, proud thing, X sore, (X ) very.",
H5975,עָמַד,529,"in various relations (literal and figurative, intransitive and transitive)","నిలబడటానికి, వివిధ సంబంధాలలో (అక్షర మరియు అలంకారిక, ఇంట్రాన్సిటివ్ మరియు ట్రాన్సిటివ్)"
H8478,תַּחַת,511,"below (often with prepositional prefix underneath), in lieu of, etc",
H505,אֶלֶף,508,this was eventually used as a numeral},
H2416,חַי,508,"water, year), strong",సజీవంగా; (అందుకే) పచ్చి (మాంసం)
H6963,קוֹל,507,"bleating, crackling, cry (+ out), fame, lightness, lowing, noise, + hold peace, (pro-)claim, proclamation, + sing, sound, + spark, thunder(-ing), voice, + yell.",
H5221,נָכָה,501,literally or figuratively),
H3205,יָלַד,499,"beget, birth((-day)), born, (make to) bring forth (children, young), bring up, calve, child, come, be delivered (of a child), time of delivery, gender, hatch, labour, (do the office of a) midwife, declare pedigrees, be the son of, (woman in, woman that) travail(-eth, -ing woman).",
H6310,פֶּה,498,"specifically edge, portion or side; adverbially (with preposition) according to","నోరు (బ్లోయింగ్ సాధనంగా), సాహిత్యపరమైన లేదా అలంకారిక (ముఖ్యంగా ప్రసంగం); ప్రత్యేకంగా అంచు, భాగం లేదా వైపు"
H6680,צָּוָה,496,enjoin,
H5750,עוֹד עוֹד,491,"again, repeatedly, still, more",
H6635,צָּבָא צֶּבָאָה,487,literally or figuratively) a campaign,వ్యక్తుల సమూహం; (అలంకారికంగా) వస్తువుల ద్రవ్యరాశి
H8104,שָׁמַר,469,"(generally) to protect, attend to, etc",
H6944,קוֹדֶשׁ,465,rarely) sanctity,
H7227,רַב,462,"size, age, number, rank, quality)",
H4672,מָצָא,457,"transitively, to attain, i.e. find or acquire; (figuratively) to occur, meet or be present",
H136,אֲדוֹנָי,438,the Lord (used as a proper name of God only),ప్రభువు (దేవుని పేరు)
H5769,עוֹלָם עוֹלָם,438,(generally) time out of mind (past or future); (practically) eternity,నిత్యము - శాశ్వతము
H5307,נָפַל,435,"in a great variety of applications (intransitive or causative, literal or figurative)",
H6258,עַתּתָּה,434,"whether adverb, conjunction or expletive",
H7969,שָׁלוֹשׁ שָׁלוֹשׁ שְׁלוֹשָׁה שְׁלוֹשָׁה,431,or (multipl.) thrice,"మూడు; అప్పుడప్పుడు (ఆర్డినల్) మూడవ, లేదా (మల్టిపుల్.) మూడుసార్లు"
H4310,מִי,424,(indefinitely) whoever,
H4941,מִשׁפָּט,424,"abstractly, justice, including a participant's right or privilege (statutory or customary), or even a style","(సరిగ్గా) న్యాయపరంగా ఉచ్ఛరించే తీర్పు (అనుకూలమైనది లేదా అననుకూలమైనది), ప్రత్యేకించి ఒక వాక్యం లేదా అధికారిక డిక్రీ (మానవ లేదా (పాల్గొనేవారి) దైవిక చట్టం, వ్యక్తి లేదా సామూహిక), చట్టం, స్థలం, దావా, నేరం మరియు పెనాల్టీతో సహా; వియుక్తంగా, న్యాయం, పాల్గొనేవారి హక్కు లేదా ప్రత్యేక హక్కు (చట్టబద్ధమైన లేదా ఆచారం) లేదా ఒక శైలితో సహా"
H8064,שָׁמַיִם שָׁמֶה,421,as well as to the higher ether where the celestial bodies revolve),ఆకాశము
H8269,שַׂר,421,"chief (captain), general, governor, keeper, lord, ((-task- ))master, prince(-ipal), ruler, steward.",
H8432,תָּוֶך,420,"X between, half, X (there- ,where-), in(-to), middle, mid(-night), midst (among), X out (of), X through, X with(-in).",
H2719,חֶרֶב,412,"as a knife, sword, or other sharp implement",
H996,בֵּין,410,(also as a conjunction) either...or,
H7586,שָׁאוּל,406,the name of an Edomite and two Israelites,
H4994,נָא,405,"or to interjections, occasionally to an adverb or conjunction",
H3701,כֶּסֶף,403,"price, silver(-ling).",
H4196,מִזבֵַּח,403,an altar,ఒక బలిపీఠం
H4725,מָקוֹם מָקוֹם מְקוֹמָה מְקוֹמָה,401,but used widely of a locality (general or specific); (figuratively) of a condition (of body or mind),"(సరిగ్గా) నిలబడి, అనగా ఒక ప్రదేశం; కానీ ఒక ప్రాంతంలో విస్తృతంగా ఉపయోగించబడుతుంది (సాధారణ లేదా నిర్దిష్ట)"
H3220,יָם,395,"sometimes a large river, or an artifical basin","సముద్రం (ధ్వనించే సర్ఫ్‌లో బద్దలు కొట్టినట్లు) లేదా పెద్ద నీటి భాగం; ప్రత్యేకంగా (వ్యాసంతో), మధ్యధరా సముద్రం"
H7651,שֶׁבַע שִׁבעָה,395,adverbially) seven times,ఒక ఆదిమ కార్డినల్ సంఖ్య; ఏడు (పవిత్రమైన పూర్తి ఒకటిగా)
H2091,זָהָב,389,"something gold-colored (i.e. yellow) such as oil or a clear, sunny sky",
H3381,יָרַד,380,"as the shore, a boundary, the enemy, etc",
H784,אֵשׁ,378,"fiery, fire, flaming, hot.",అగ్ని (అక్షరాలా లేదా అలంకారికంగా)
H7307,רוַּח,378,"(figuratively) life, anger, unsubstantiality",ఆత్మ - గాలి
H1129,בָּנָה,377,"obtain children, make, repair, set (up), X surely.",
H5002,נְאוּם,376,saith.,
H8179,שַׁעַר,375,i.e. door or gate,
H5046,נָגַד,371,"(by implication) (causatively), to manifest; (figuratively) to announce (always by word of mouth to one present)",
H1818,דָּם,361,figuratively (especially in the plural) bloodshed (i.e. drops of blood),
H595,אָנוֹכִי,359,"me, X which.",
H4427,מָלַך,351,by implication) to take counsel,
H168,אוֹהֶל,349,"(dwelling)(place), home, tabernacle, tent.",
H3290,יַעֲקוֹב,349,the Israelitish patriarch,
H175,אַהֲרוֹן,347,the brother of Moses,
H1768,דִּי,346,"diy (dee) conj. 1. (relative conjunction) that 2. (especially, with a preposition) used in adverbial phrases 3. (also) as preposition of [(Aramaic) apparently for H1668] KJV: X as, but, for(-asmuch +), + now, of, seeing, than, that, therefore, until, + what (-soever), when, which, whom, whose.  Root(s): H1668",
H2568,חָמֵשׁ חֲמִשָּׁה,345,"fifth, five (X apiece).",ఐదు
H6240,עָשָׂר,338,(ordinal) -teenth,
H5439,סָבִיבּ סֶבִיבָּה,337,"but chiefly (as adverb, with or without preposition) around",
H113,אָדוֹן אָדוֹן,336,i.e. controller (human or divine),ప్రభువు - యజమాని
H7704,שָׂדֶה שָׂדַי,334,"field, ground, land, soil, X wild.",
H6030,עָנָה,331,(by implication) to respond,
H6086,עֵץ,331,"gallows, helve, + pine, plank, staff, stalk, stick, stock, timber, tree, wood.",ఒక చెట్టు (దాని దృఢత్వం నుండి); (అందుకే) చెక్క (బహువచన కర్రలు)
H1288,בָּרַך,330,"(implication, God toward man) to bless man as a benefit",
H3372,יָרֵא,328,caus. to frighten,"భయపడుటకు; నైతికంగా, గౌరవించటానికి"
H3627,כְּלִי,325,"i.e. any apparatus (as an implement, utensil, dress, vessel or weapon)",
H176,אוֹ אַו,321,also if,
H702,אַרבַּע אַרבָּעָה,320,four,నాలుగు
H2005,הֵן,320,"if, lo, though.",
H4421,מִלחָמָה,319,"fight(-ing), war((-rior)).",
H5030,נָבִיא,317,"that prophesy, prophet.",ఒక ప్రవక్త; (సాధారణంగా) ప్రేరణ పొందిన వ్యక్తి
H6242,עֶשׂרִים,315,twenty(-ieth).,
H4940,מִשׁפָּחָה,304,"(figuratively) a class (of persons), a species (of animals) or sort (of things); by extens. a tribe or people",
H6485,פָּקַד,303,"muster, charge, care for, miss, deposit, etc",
H2403,חַטָּאָה חַטָּאתּ,301,(concretely) an offender,"ఒక నేరం (కొన్నిసార్లు అలవాటైన పాపం), మరియు దాని శిక్ష, సందర్భం, త్యాగం లేదా ప్రాయశ్చిత్తం; (కాంక్రీట్‌గా) ఒక అపరాధి"
H5493,סוּר שׂוּר,301,"bring, call back, decline, depart, eschew, get (you), go (aside), X grievous, lay away (by), leave undone, be past, pluck away, put (away, down), rebel, remove (to and fro), revolt, X be sour, take (away, off), turn (aside, away, in), withdraw, be without.",
H3966,מְאוֹד,300,"speedily, etc.",
H3899,לֶחֶם,299,"especially bread, or grain (for making it)",
H6256,עֵת,297,"especially (adverb with preposition) now, when, etc",
H3881,לֵוִיִי לֵוִי,293,a Levite or descendant of Levi,
H8010,שְׁלוֹמוֹה,293,David's successor,
H2388,חָזַק,290,"to bind, restrain, conquer",
H5930,עוֹלָה עוֹלָה,290,usually a holocaust (as going up in smoke),
H6430,פְּלִשׁתִּי,290,a Pelishtite or inhabitant of Pelesheth,
H3772,כָּרַת,289,"(by implication) to destroy or consume; specifically, to covenant (i.e. make an alliance or bargain, originally by cutting flesh and passing between the pieces)",
H5647,עָבַד,289,"(causatively) to enslave, etc",
H341,אוֹיֵב אוֹיֵב,284,foe.,
H1285,בְּרִיתּ,284,"(con-)feder(-ate), covenant, league.",ఒక కాంపాక్ట్ (ఎందుకంటే మాంసం ముక్కల మధ్య వెళ్ళడం ద్వారా తయారు చేయబడింది)
H7126,קָרַב,284,bring near) for whatever purpose,
H2320,חוֹדֶשׁ,283,new moon.,అమావాస్య; (సూచన ద్వారా) ఒక నెల
H639,אַף,276,"(also, from the rapid breathing in passion) ire",(సరిగ్గా) ముక్కు లేదా నాసికా రంధ్రం; (అందుకే) ముఖం మరియు అప్పుడప్పుడు ఒక వ్యక్తి
H6629,צּוֹאן צְּאוֹן,274,"flock (+ -s), lamb (+ -s), sheep((-cote, -fold, -shearer, -herds)).",
H68,אֶבֶן,273,"+ mason, + plummet, (chalk-, hail-, head-, sling-)stone(-ny), (divers) weight(-s).",రాయి
H4616,מַעַן,272,"used only adverbially, on account of (as a motive or an aim), teleologically, in order that",
H4057,מִדבָּר,271,(by implication) a desert; (also) speech (including its organs),
H1320,בָּשָׂר,270,(by euphemism) the external genitles of a man,
H6547,פַּרעוֹה,268,a general title of Egyptian kings,
H2421,חָיָה,263,"causatively, to revive",
H7563,רָשָׁע,263,"guilty, ungodly, wicked (man), that did wrong.",
H894,בָּבֶל,262,including Babylonia and the Babylonian empire,
H4390,מָלֵא מָלָא,253,in a wide application (literally and figuratively),
H3824,לֵבָב,252,"breast, comfortably, courage, ((faint), (tender-)heart((-ed)), midst, mind, X unawares, understanding.",
H4294,מַטֶּה מַטָּה,252,"whether for chastising (figuratively, correction), ruling (a sceptre), throwing (a lance), or walking (a staff",
H2617,חֵסֵד,251,"(by opposition, rarely) reproof",కృప - దయ
H7272,רֶגֶל,251,"X according as, X after, X coming, X follow, ((broken-))foot((-ed, -stool)), X great toe, X haunt, X journey, leg, + piss, + possession, time.",ఒక అడుగు (నడకలో ఉపయోగించినట్లు); (సూచన ద్వారా) ఒక అడుగు
H520,אַמָּה,249,"+ hundred (by exchange for H3967), measure, post.",
H409,אַל,244,al (al) adv. 1. not [(Aramaic) corresponding to H408]  Root(s): H408,
H1366,גְּבוּל גֶּבוּל,241,"bound, coast, X great, landmark, limit, quarter, space.",
H2398,חָטָא,240,"(by inference) to forfeit, lack, expiate, repent",
H5288,נַעַר,240,"(by implication) a servant; (also, by interchange of sex), a girl (of similar range in age)",
H7965,שָׁלוֹם שָׁלוֹם,236,"(abstractly) welfare, i.e. health, prosperity, peace",శాంతి - సమాధానము
H2142,זָכַר,235,"(by implication) to mention; (also, as denominative from H2145) to be male",
H3915,לַיִל לֵיל לַיְלָה,235,(figuratively) adversity,"(సరిగ్గా) ఒక ట్విస్ట్ (కాంతి దూరంగా), అనగా రాత్రి; (అలంకారికంగా) ప్రతికూలత"
H4639,מַעֲשֶׂה,235,generally) property,
H7235,רָבָה,234,"+ archer (by mistake for H7232), be in authority, bring up, X continue, enlarge, excel, exceeding(-ly), be full of, (be, make) great(-er, -ly, X -ness), grow up, heap, increase, be long, (be, give, have, make, use) many (a time), (any, be, give, give the, have) more (in number), (ask, be, be so, gather, over, take, yield) much (greater, more), (make to) multiply, nourish, plenty(-eous), X process (of time), sore, store, thoroughly, very.",
H3423,יָרַשׁ יָרֵשׁ,232,"(by implication) to seize, to rob, to inherit; (also) to expel, to impoverish, to ruin",
H5771,עָווֹן עָווֹן,232,i.e. (moral) evil,
H2233,זֶרַע,229,"plant, sowing-time, posterity","విత్తనం; (అలంకారికంగా) పండు, మొక్క, విత్తే సమయం, సంతానం"
H3789,כָּתַב,227,"(by implication) to write (describe, inscribe, prescribe, subscribe)",
H7130,קֶרֶב,227,"i.e. the center, whether literal, figurative or adverbial (especially with preposition)",
H2428,חַיִל,226,"an army, wealth, virtue, valor, strength",
H127,אֲדָמָה,225,"earth, ground, husband(-man) (-ry), land.",
H1245,בָּקַשׁ,225,(by implication) to strive after,
H4150,מוֹעֵד מוֹעֵד מוֹעָדָה,223,(specifically) a festival; (conventionally) a year,
H5159,נַחֲלָה,223,patrimony or portion,
H8451,תּוֹרָה תּוֹרָה,222,especially the Decalogue or Pentateuch,"ఒక సూత్రం లేదా శాసనం, ముఖ్యంగా డికాలాగ్ లేదా పెంటాట్యూచ్"
H517,אֵם,220,"mother, X parting.",ఒక తల్లి (కుటుంబం యొక్క బంధంగా); విస్తృత అర్థంలో (వాచ్యంగా మరియు అలంకారికంగా (H0001 లాగా
H3559,כּוּן,220,"in a great variety of applications, whether literal (establish, fix, prepare, apply), or figurative (appoint, render sure, proper or prosperous)",
H899,בֶּגֶד,218,"cloth(-es, ing), garment, lap, rag, raiment, robe, X very (treacherously), vesture, wardrobe.",
H3091,יְהוֹשׁוַּע יְהוֹשׁוַּע,218,the Jewish leader,
H8354,שָׁתָה,217,"banquet, X certainly, drink(-er, -ing), drunk (X -ard), surely. (Prop. intensive of H8248.)",
H4264,מַחֲנֶה,216,or even the sacred courts),
H5186,נָטָה,216,"apply, bow (down, - ing), carry aside, decline, deliver, extend, go down, be gone, incline, intend, lay, let down, offer, outstretched, overthrown, pervert, pitch, prolong, put away, shew, spread (out), stretch (forth, out), take (aside), turn (aside, away), wrest, cause to yield.",
H5800,עָזַב,215,"i.e. relinquish, permit, etc",
H8337,שֵׁשׁ שִׁשָּׁה,215,"-teenth)), sixth.",ఆరు (ఓవర్‌ప్లస్‌గా (H7797 చూడండి) ఐదు దాటి లేదా చేతి వేళ్లు); (ఆర్డినల్‌గా) ఆరవది
H1242,בּוֹקֶר,214,"early, morning, morrow.",(సరిగ్గా) డాన్ (రోజు విరామంగా); (సాధారణంగా) ఉదయం
H4397,מַלאָך,214,"of God, i.e. an angel (also a prophet, priest or teacher)","ఒక దూత; ప్రత్యేకంగా, దేవుని, అనగా ఒక దేవదూత (ప్రవక్త, పూజారి లేదా గురువు కూడా)"
H3130,יוֹסֵף,213,the name of seven Israelites,
H5337,נָצַל,213,whether in a good or a bad sense,
H3254,יָסַף,212,to continue to do a thing),
H7901,שָׁכַב,212,"sexual connection, decease or any other purpose)",
H4503,מִנחָה,211,specifically a sacrificial offering (usually bloodless and voluntary),
H157,אָהַב אָהֵב,210,"-ly, -r), like, friend.",ప్రేమించు
H3467,יָשַׁע,206,"(by implication) to be safe; causatively, to free or succor",
H3615,כָּלָה,206,"whether intransitive (to cease, be finished, perish) or transitived (to complete, prepare, consume)",
H6662,צַּדִּיק,206,"lawful, righteous (man).",
H8199,שָׁפַט,204,(by implication) to vindicate or punish; (by extenssion) to govern,
H622,אָסַף,202,"(thus) to remove (destroy, leave behind, put up, restore, etc.)",
H727,אָרוֹן אָרוֹן,202,"chest, coffin.",
H905,בַּד,200,(figuratively) chief of a city,
H3519,כָּבוֹד כָּבוֹד,200,"but only figuratively in a good sense, splendor or copiousness",
H3201,יָכוֹל יָכוֹל,196,"(morally) may, might",
H352,אַיִל,195,politically) a chief,
H3709,כַּף,195,(figuratively) power,
H7311,רוּם,194,"to rise or raise (in various applications, literally or figuratively)",
H8081,שֶׁמֶן,193,(figuratively) richness,
H929,בְּהֵמָה,190,cattle.,
H2691,חָצֵר,190,"tower, village.",
H7626,שֵׁבֶט,190,"i.e. (literally) a stick (for punishing, writing, fighting, ruling, walking, etc.) or (figuratively) a clan",
H7453,רֵַע רֵיַע,189,"companion, fellow, friend, husband, lover, neighbour, X (an-)other.",
H241,אוֹזֶן,188,"audience, + displease, ear, hearing, + show.",విశాలత; (కాంక్రీట్) చెవి (మనిషిలో దాని రూపం నుండి)
H5612,סֵפֶר סִפרָה,188,"book, evidence, X learn(-ed) (-ing), letter, register, scroll.",
H7650,שָׁבַע,187,"to seven oneself, i.e. swear (as if by repeating a declaration seven times)",
H6,אָבַד,185,(by implication) to perish; (causative) to destroy,నశించు - నాశనం చేయు
H1540,גָּלָה,185,"appear, bewray, bring, (carry, lead, go) captive (into captivity), depart, disclose, discover, exile, be gone, open, X plainly, publish, remove, reveal, X shamelessly, shew, X surely, tell, uncover.",
H4687,מִצוָה,184,"whether human or divine (collectively, the Law)",
H1241,בָּקָר,183,a herd,
H3383,יַרדֵּן,183,the principal river of Israel,
H7223,רִאשׁוֹן רִאשׁוֹן,182,"in place, time or rank (as adjective or noun)",
H669,אֶפרַיִם,180,"(also) the tribe descended from him, and its territory",
H4124,מוֹאָב,180,also his territory and descendants,
H4430,מֶלֶך,180,"melek (meh'-lek) n-m. 1. a king [(Aramaic) corresponding to H4428] KJV: king, royal.  Root(s): H4428",
H2205,זָקֵן,179,"ancient (man), elder(-est), old (man, men and...women), senator.",
H8193,שָׂפָה שֶׂפֶת,178,"water, cloth, etc.)",
H3898,לָחַם,177,"eat, X ever, fight(-ing), overcome, prevail, (make) war(-ring).",
H6235,עֶשֶׂר עֲשָׂרָה,177,"(fif-, seven-)teen.",పది (అంకెల మేరకు చేరడం)
H85,אַברָהָם,175,the later name of Abram,సమూహమునకు తండ్రి
H6942,קָדַשׁ,175,"make, pronounce or observe as) clean (ceremonially or morally)",శుభ్రంగా (ఆచారపరంగా లేదా నైతికంగా)
H7592,שָׁאַל שָׁאֵל,175,"on), beg, borrow, lay to charge, consult, demand, desire, X earnestly, enquire, + greet, obtain leave, lend, pray, request, require, + salute, X straitly, X surely, wish.",
H7812,שָׁחָה,175,"i.e. prostrate (especially reflexive, in homage to royalty or God)",
H7970,שְׁלוֹשִׁים שְׁלוֹשִׁים,174,thirtieth.,
H995,בִּין,171,"consider, be cunning, diligently, direct, discern, eloquent, feel, inform, instruct, have intelligence, know, look well to, mark, perceive, be prudent, regard, (can) skill(-full), teach, think, (cause, make to, get, give, have) understand(-ing), view, (deal) wise(-ly, man).",
H1755,דּוֹר דּוֹר,168,also a dwelling,
H1144,בִּניָמִין,167,"also the tribe descended from him, and its territory",
H2026,הָרַג,167,"out of hand, kill, murder(-er), put to (death), make (slaughter), slay(-er), X surely.",
H4399,מְלָאכָּה,167,(generally) employment (never servile); (abstractly or concretely) work,
H312,אַחֵר,166,"other, etc",
H1875,דָּרַשׁ,165,"X at all, care for, X diligently, inquire, make inquisition, (necro-)mancer, question, require, search, seek (for, out), X surely.",
H1984,הָלַל,165,"to shine; (hence) to make a show, to boast",
H2351,חוּץ חוּץ,164,"i.e. outside, outdoors",
H6607,פֶּתַח,164,i.e. door (gate) or entrance way,
H7462,רָעָה,164,(generally) to rule,
H2572,חֲמִשִּׁים,163,fifty,
H2077,זֶבַח,162,(by implication) a sacrifice (the victim or the act),"(సరిగ్గా) ఒక వధ, అంటే జంతువు యొక్క మాంసం; (సూచన ద్వారా) ఒక త్యాగం (బాధితుడు లేదా చర్య)"
H388,אֵיתָּנִים,161,the name of a month,
H2930,טָּמֵא,161,especially in a ceremial or moral sense (contaminated),
H5127,נוּס,161,"causatively, chase, impel, deliver)",
H5608,סָפַר,161,"intensively, to recount, i.e. celebrate",
H1368,גִּבּוֹר גִּבּוֹר,160,tyrant,
H6666,צְּדָקָה,159,"subjectively (rectitude), objectively (justice), morally (virtue) or figuratively (prosperity)","సరైనది (నైరూప్యమైనది), ఆత్మాశ్రయమైనది (నిజాయితీ), నిష్పాక్షికంగా (న్యాయం), నైతికంగా (ధర్మం) లేదా అలంకారికంగా (శ్రేయస్సు)"
H5437,סָבַב,158,"used in various applications, literally and figuratively (as follows)",
H4194,מָוֶת,156,"(figuratively) pestilence, ruin",
H8145,שֵׁנִי,156,other (being distinct from something prior),
H6726,צִּיוֹן,154,a mountain of Jerusalem,
H3680,כָּסָה,153,(by implication) to cover (for clothing or secrecy),
H6828,צָּפוֹן צָּפוֹן,153,used only of the north as a quarter (gloomy and unknown),
H977,בָּחַר,152,"appoint, choose (choice), excellent, join, be rather, require.",
H803,אֲשׁוּיָה,151,foundation,
H5048,נֶגֶד,151,"specifically a counterpart, or mate; usually (adverbial, especially with preposition) over against or before",
H8055,שָׂמַח,151,"i.e. (figuratively) be (causatively, make) blithe or gleesome","బహుశా ప్రకాశవంతంగా, అంటే (అలంకారికంగా) ఉబ్బెత్తుగా లేదా ఉల్లాసంగా (కారణంగా, చేయండి)"
H5060,נָגַע,150,"(euphemism) to lie with a woman); (by implication, to reach (figuratively, to arrive, acquire)",
H2451,חָכמָה,149,"wisdom, wisely, wit.",
H5712,עֵדָה,149,"company, congregation, multitude, people, swarm.",
H7230,רוֹב,149,"all, X common (sort), excellent, great(-ly, -ness, number), huge, be increased, long, many, more in number, most, much, multitude, plenty(-ifully), X very (age).",
H7665,שָׁבַר,149,"off, in pieces, up), broken((-hearted)), bring to the birth, crush, destroy, hurt, quench, X quite, tear, view (by mistake for H7663).",
H8130,שָׂנֵא,149,"foe, (be) hate(-ful, -r), odious, X utterly.",ద్వేషించడం (వ్యక్తిగతంగా)
H3414,יִרמְיָה יִרמְיָהוּ,147,the name of eight or nine Israelites,
H7843,שָׁחַת,147,i.e. (causatively) ruin (literally or figuratively),
H4519,מְנַשֶּׁה,146,"a grandson of Jacob, also the tribe descended from him, and its territory",
H5265,נָסַע,146,"especially the tent-pins, i.e. start on a journey",
H6605,פָּתַח,146,"to loosen, begin, plough, carve",
H3097,יוֹאָב,145,the name of three Israelites,
H5656,עֲבוֹדָה עֲבוֹדָה,145,"bondage, + bondservant, effect, labour, ministering(-try), office, service(-ile, -itude), tillage, use, work, X wrought.",
H7291,רָדַף,144,"put to flight, follow (after, on), hunt, (be under) persecute(-ion, -or), pursue(-r).",
H2490,חָלַל,143,"(figuratively) to profane (a person, place or thing), to break (one's word), to begin (as if by an ""opening wedge"")",
H2583,חָנָה,143,"camp, dwell, encamp, grow to an end, lie, pitch (tent), rest in tent.",
H3162,יַחַד,142,i.e. (adverb) unitedly,
H3644,כְּמוֹ כָּמוֹ,142,"thus, so",
H227,אָז,141,"for, from, hitherto, now, of old, once, since, then, at which time, yet.",
H3196,יַיִן,141,"wine, wine(-bibber).",
H5158,נַחַל נַחלָה נַחֲלָה,141,(by implication) a (narrow) valley (in which a brook runs); (also) a shaft (of a mine),
H5483,סוּס סוּס,141,for joy)],
H3225,יָמִין,140,"locally, the south",
H4605,מַעַל,140,"used only adverbially with prefix upward, above, overhead, from the top, etc",
H5178,נְחוֹשֶׁת,140,(figuratively) base (as compared with gold or silver),
H8050,שְׁמוּאֵל,140,the name of three Israelites,
H4908,מִשׁכָּן,139,"also the Temple); specifically, the Tabernacle (properly, its wooden walls)",
H3426,יֵשׁ,138,as may suit the connection),
H2450,חָכָם,137,"(i.e. intelligent, skilful or artful)",
H705,אַרבָּעִים,135,forty,
H3678,כִּסֵּא כִּסֵּה,135,i.e. a throne (as canopied),
H6437,פָּנָה,135,"i.e. appear, look, etc",
H637,אַף,134,"+ although, and (furthermore, yet), but, even, + how much less (more, rather than), moreover, with, yea.",
H2076,זָבַח,134,"offer, (do) sacrifice, slay.",
H4557,מִספָּר,134,large) innumerable,
H5387,נָשִׂיא נָשִׂא,134,also a rising mist,
H6153,עֶרֶב,134,"even(-ing, tide), night.",సంధ్య
H8121,שֶׁמֶשׁ,134,"sun ((rising)), + west(-ward), window. See also H1053.",
H758,אֲרָם,133,"(also) the name of the son of Shem, a grandson of Nahor, and of an Israelite",
H2346,חוֹמָה,133,walled.,
H6435,פֵּן,133,lest,
H6499,פַּר פָּר,133,or perhaps as dividing the hoof),
H7604,שָׁאַר,133,"i.e. be (causatively, make) redundant",
H6912,קָבַר,132,bury(-ier).,
H2396,חִזקִיָה חִזקִיָהוּ יְחִזקִיָה יְחִזקִיָהוּ,130,"a king of Judah, also the name of two other Israelites",
H7931,שָׁכַן,129,"continue, (cause to, make to) dwell(-er), have habitation, inhabit, lay, place, (cause to) remain, rest, set (up).",
H571,אֶמֶת,127,"truth, trustworthiness","స్థిరత్వం; (అలంకారికంగా) ఖచ్చితత్వం, సత్యం, విశ్వసనీయత"
H2706,חוֹק,127,"space, quantity, labor or usage)",
H3581,כּוַֹח כּוַֹח,127,(from its hardiness) a large lizard,
H6908,קָבַץ,127,i.e. collect,
H6106,עֶצֶם,126,"(figuratively) the substance, i.e. (as pron.) selfsame",
H2677,חֵצִי,125,"middle, mid(-night), midst, part, two parts.",
H5066,נָגַשׁ,125,"euphemistically, to lie with a woman; as an enemy, to attack",
H7993,שָׁלַך,125,down or away (literally or figuratively),
H2534,חֵמָה חֵמָא,124,poison (from its fever),
H2803,חָשַׁב,124,"(figuratively) to plot or contrive (usually in a malicious sense); hence (from the mental effort) to think, regard, value, compute",
H216,אוֹר,123,"including lightning, happiness, etc.)",
H6951,קָהָל,123,"company, congregation, multitude.",
H3920,לָכַד,121,(generally) to capture or occupy; (also) to choose (by lot),
H587,אֲנַחנוּ,120,"us, we.",
H982,בָּטַח,120,be confident or sure,
H7393,רֶכֶב,120,specially) the upper millstone,
H269,אָחוֹת,119,literally and figuratively),"ఒక సోదరి (చాలా విస్తృతంగా ఉపయోగించబడుతుంది (H0250 వంటివి), అక్షరాలా మరియు అలంకారికంగా)"
H3477,יָשָׁר,119,"equity, Jasher, just, meet(-est), + pleased well right(-eous), straight, (most) upright(-ly, -ness).",
H5104,נָהָר,119,(figuratively) prosperity,"ఒక ప్రవాహం (సముద్రంతో సహా; అంచనా. నైలు, యూఫ్రేట్స్, మొదలైనవి)"
H6529,פְּרִי,119,"((first-)) fruit((-ful)), reward.",
H6918,קָדוֹשׁ קָדוֹשׁ,119,"a saint, a sanctuary",
H1060,בְּכוֹר,118,firstborn(-ling).,
H1431,גָּדַל,118,(causatively) to make large (in various senses),
H6471,פַּעַם פַּעֲמָה,118,"literally or figuratively (in various applications, as follow)",
H8441,תּוֹעֵבַה תּוֹעֵבַה,118,(especially) idolatry,
H3956,לָשׁוֹן לָשׁוֹן לְשׁוֹנָה,117,"used literally (as the instrument of licking, eating, or speech), and figuratively (speech, an ingot, a fork of flame, a cove of water)",
H4467,מַמלָכָה,117,"king's, reign, royal.",
H6664,צֶּדֶק,117,(abstractly) equity; (figuratively) prosperity,"హక్కు (సహజ, నైతిక లేదా చట్టపరమైన); (వియుక్తంగా) ఈక్విటీ"
H6999,קָטַר,117,i.e. turn into fragrance by fire (especially as an act of worship),
H8210,שָׁפַך,117,"(of a solid) to mound up; (figuratively) to expend (life, soul, complaint, money, etc.)",
H8313,שָׂרַף,117,set) on fire,
H1058,בָּכָה,116,"bewail, complain, make lamentation, X more, mourn, X sore, X with tears, weep.",ఏడవడానికి; (సాధారణంగా) విలపించుట
H3513,כָּבַד כָּבֵד,116,"causatively, to make weighty (in the same two senses)",
H4481,מִן,116,"min (min) prep. 1. according, after, + because, + before, by, for, from, X him, X more than, (out) of, part, since, X these, to, upon, + when [(Aramaic) corresponding to H4480]  Root(s): H4480",
H7999,שָׁלַם,116,(figuratively) to be completed; (causatively) to make completed,
H4054,מִגרָשׁ מִגרָשָׁה,115,or the margin of the sea,
H5012,נָבָא,115,i.e. speak (or sing) by inspiration (in prediction or simple discourse),
H3034,יָדָה,114,(especially) to revere or worship (with extended hands),
H5922,עַל,114,"`al (al) prep. 1. about, against, concerning, for, (there-)fore, from, in, X more, of, (there-, up-)on, (in-)to, + why with [(Aramaic) corresponding to H5921]  Root(s): H5921",
H954,בּוּשׁ,113,by implication) to be disappointed or delayed,
H8267,שֶׁקֶר,113,"often adverbial) a fraud or deceit (i.e. fraudulently, deceitfully)",
H1115,בִּלתִּי,112,"usually with a prepositional prefix) not, except, without, unless, besides, because not, until, etc",
H3190,יָטַב,112,"literally (sound, beautiful) or figuratively (happy, successful, right)",
H5982,עַמּוּד עַמּוּד,112,i.e. platform,
H53,אֲבִישָׁלוֹם אַבשָׁלוֹם,111,"(also, the fuller form) a later Israelite",
H3671,כָּנָף,111,"(of a garment or bed-clothing) a flap, (of the earth) a quarter, (of a building) a pinnacle",
H3847,לָבַשׁ לָבֵשׁ,111,"or another), literally or figuratively",
H6862,צַּר צָּר,111,also a pebble (as in H6864),
H7676,שַׁבָּת,111,i.e (specifically) the Sabbath,
H5045,נֶגֶב,110,"the Negeb or southern district of Judah, occasionally, Egypt (as south to Israel)",
H6083,עָפָר,110,"earth, mud",
H7535,רַק,109,"only adverbial, merely, or conjunctional, although",
H8083,שְׁמוֹנֶה שְׁמוֹנֶה שְׁמוֹנָה שְׁמוֹנָה,109,(as ordinal) eighth,"ఒక కార్డినల్ సంఖ్య, ఎనిమిది (""పరిపూర్ణ"" ఏడు కంటే మిగులు ఉన్నట్లు); (ఆర్డినల్‌గా) ఎనిమిదవది"
H8111,שׁוֹמְרוֹן,109,a place in Israel,
H539,אָמַן,108,"to trust or believe, to be permanent or quiet",(సరిగ్గా) నిర్మించడానికి లేదా మద్దతు; తల్లిదండ్రులుగా లేదా నర్సుగా ప్రోత్సహించడానికి
H3327,יִצחָק,108,son of Abraham,
H5162,נָחַם,108,"(by implication) to be sorry; (hence, in a favorable sense) to pity, console",
H3498,יָתַר,107,"cause to abound, preserve",
H3532,כֶּבֶשׂ,107,sheep.,
H5983,עַמּוֹן,106,"Ammon, a son of Lot; also his posterity and their country",
H7992,שְׁלִישִׁי,106,"a third (day, year or time)",
H1116,בָּמָה,105,"high place, wave.",
H1157,בְּעַד,105,"beside, among, behind, for, etc",
H1350,גָּאַל,105,kinsman redeemer,"రీడీమ్ చేయడానికి (బంధుత్వం యొక్క ఓరియంటల్ చట్టం ప్రకారం); సమీప బంధువుగా ఉండాలి (మరియు బంధువుల ఆస్తిని తిరిగి కొనుగోలు చేయడం, అతని వితంతువును వివాహం చేసుకోవడం మొదలైనవి)"
H2708,חוּקָּה,105,"custom, manner, ordinance, site, statute",
H3606,כּוֹל,105,"kol (kole) n-m. 1. all, any, + (forasmuch) as, + be-(for this) cause, every, + no (manner, -ne), + there (where)-fore, + though, what (where, who)-soever, (the) whole [(Aramaic) corresponding to H3605]  Root(s): H3605",
H3379,יָרָבעָם,104,the name of two Israelite kings,
H4758,מַראֶה,104,"often plural the looks), or (mental) a vision",
H7323,רוּץ,104,especially to rush),
H8548,תָּמִידּ,104,ellipt. the regular (daily) sacrifice,
H7911,שָׁכַח שָׁכֵַח,103,"i.e. to be oblivious of, from want of memory or attention",
H1568,גִּלעָד,102,also the name of three Israelites,
H3499,יֶתֶר,102,also a small rope (as hanging free),
H3722,כָּפַר,102,to placate or cancel,"కవర్ చేయడానికి (ప్రత్యేకంగా తారుతో); (అలంకారికంగా) ప్రాయశ్చిత్తం చేయడం లేదా క్షమించడం, శాంతింపజేయడం లేదా రద్దు చేయడం"
H4592,מְעַט מְעָט,102,"very) few(-er, -est), lightly, little (while), (very) small (matter, thing), some, soon, X very.",
H6996,קָטָן קָטוֹן,101,"i.e. diminutive, literally (in quantity, size or number) or figuratively (in age or importance)",
H7341,רוֹחַב,101,"broad, largeness, thickness, wideness.",
H7458,רָעָב,101,"famine, + famished, hunger.",
H123,אֱדוֹם אֱדוֹם,100,hence the region (Idumaea) occupied by him,
H7125,קִראָה,100,"accidental, friendly or hostile (also adverbially, opposite)",
H3282,יַעַן,99,(as preposition) on account of; (adverbially) because of (used to indicate the reason or cause),
H5785,עוֹר,99,leather,
H7646,שָׂבַע שָׂבֵַע,99,i.e. fill to satisfaction (literally or figuratively),
H1481,גּוּר,98,fear (as in a strange place),
H2543,חֲמוֹר חֲמוֹר,98,a male donkey (from its dun red),
H8334,שָׁרַת,98,"(do) serve(- ant, -ice, -itor), wait on.",
H4713,מִצרִי,97,or inhabitant of Mitsrajim,
H6215,עֵשָׂו,97,"a son of Isaac, including his posterity",
H7489,רָעַע,97,socially or morally) to be bad,
H7637,שְׁבִיעִי שֶׁבִעִי,97,seventh,
H426,אֱלָהּ,96,"elahh (el-aw') n-m. 1. God [(Aramaic) corresponding to H433] KJV: God, god.  Root(s): H433",
H2891,טָּהֵר,96,(Levitically) uncontaminated,
H7097,קָצֶה קֵצֶה,96,"border, brim, brink, edge, end, (in-)finite, frontier, outmost coast, quarter, shore, (out-)side, X some, ut(-ter-)most (part).",
H753,אוֹרֶך,95,"length, long.",
H1197,בָּעַר,95,as denominative from H1198) to be(-come) brutish,
H1847,דַּעַת,95,"(ig-)norantly, know(-ledge), (un-)awares (wittingly).",
H4422,מָלַט,95,to release or rescue,
H2015,הָפַך,94,"overturn, return, pervert",
H2181,זָנָה,94,(figuratively) to commit idolatry (the Jewish people being regarded as the spouse of Jehovah),
H3667,כְּנַעַן,94,also the country inhabited by him,
H256,אַחאָב אֶחָב,93,the name of a king of Israel and of a prophet at Babylon,
H2491,חָלָל,93,"profane, slain (man), X slew, (deadly) wounded.",
H2889,טָּהוֹר טָּהוֹר,93,"chemical, ceremonial or moral sense)",
H5676,עֵבֶר,93,"beyond, by, X from, over, passage, quarter, (other, this) side, straight.",
H6588,פֶּשַׁע,93,moral or religious),
H8057,שִׂמחָה,93,(religious or festival),
H1616,גֵּר גֵּיר,92,"sojourner, stranger.",
H2459,חֶלֶב חֵלֶב,92,(hence) the richest or choice part,
H3754,כֶּרֶם,92,"(increase of the) vineyard(-s), vintage. See also H1021.",
H5797,עוֹז עוֹז,92,"security, majesty, praise)",
H2220,זְרוַֹע זְרוַֹע זְרוֹעָה זְרוֹעָה,91,(figuratively) force,
H3742,כְּרוּב,91,(plural) cherubims.,
H5462,סָגַר,91,"deliver (up), give over (up), inclose, X pure, repair, shut (in, self, out, up, up together), stop, X straitly.",
H7657,שִׁבעִים,91,threescore and ten (+ -teen).,
H7892,שִׁיר שִׁירָה,91,singing,
H8549,תָּמִים,91,"(also, as noun) integrity, truth",
H2734,חָרָה,90,"of anger, zeal, jealousy",
H3206,יֶלֶד,90,i.e. a lad or offspring,
H4438,מַלכּוּת מַלכּוּת מַלכּוּיָה,90,"kingdom, realm, reign, royal.",
H6098,עֵצָה,90,"advisement, counsel(l-(or)), purpose.",
H8045,שָׁמַד,90,"bring to nought, overthrow, perish, pluck down, X utterly.",
H1817,דֶּלֶת,89,i.e. the valve of a door,
H2931,טָּמֵא,88,"+ infamous, polluted(-tion), unclean.",
H8255,שֶׁקֶל,88,probably a weight; used as a commercial standard,
H567,אֱמוֹרִי,87,"an Emorite, one of the Canaanitish tribes",
H3885,לוּן לִין,87,in a bad sense) to be obstinate,
H3925,לָמַד,87,"X diligently, expert, instruct, learn, skilful, teach(-er, - ing).",
H6051,עָנָן,87,i.e. the nimbus or thunder-cloud,
H6924,קֶדֶם קֵדמָה,87,"often used adverbially (before, anciently, eastward)",
H7891,שִׁיר שׁוּר,87,"sing(-er, -ing man, - ing woman).",పాడటానికి
H8002,שֶׁלֶם,87,i.e. a (voluntary) sacrifice in thanks,
H8074,שָׁמֵם,87,"grow numb), i.e. devastate or (figuratively) stupefy (both usually in a passive sense)",
H6285,פֵּאָה,86,"i.e. direction, region, extremity",
H7069,קָנָה,86,"by extension, to procure, especially by purchase (causatively, sell); (by implication) to own",
H7896,שִׁיתּ,86,"appoint, array, bring, consider, lay (up), let alone, X look, make, mark, put (on), + regard, set, shew, be stayed, X take.",
H1995,הָמוֹן הָמוֹן,85,"also disquietude, wealth",
H3384,יָרָה יָרָא,85,"cast, direct, inform, instruct, lay, shew, shoot, teach(-er,-ing), through.",
H1167,בַּעַל,84,or (figuratively) owner (often used with another noun in modifications of this latter sense),
H3092,יְהוֹשָׁפָט,84,also of a valley near Jerusalem,
H6419,פָּלַל,84,"to intercede, pray",
H7350,רָחוֹק רָחוֹק,84,"specifically, precious; often used adverbially (with preposition)",
H6031,עָנָה,83,"transitive or intransitive (in various applications, as follows)",
H349,אֵיכּ אֵיכָּה אֵיכָּכָה,82,what.,
H2145,זָכָר,82,"i.e. a male (of man or animals, as being the most noteworthy sex)",
H3064,יְהוּדִי,82,or descendant of Jehudah (i.e. Judah),
H3778,כַּשׂדִּי כַּשׂדִּימָה,82,"a Kasdite, or descendant of Kesed; (by implication) a Chaldaean (as if so descended)",
H3809,לָא לָה,82,"la' (law) ((Aramaic) or lah (Aramaic) (Dan. 4) adv. 1. (the simple or absolute negation) not 2. (by implication) no [corresponding to H3808] KJV: or even, neither, no(-ne, -r), ((can-))not, as nothing, without.  See also: H3808",
H4910,מָשַׁל,82,"make to have) dominion, governor, X indeed, reign, (bear, cause to, have) rule(-ing, -r), have power.",
H5641,סָתַר,82,literally or figuratively,
H5826,עָזַר,82,i.e. protect or aid,
H6311,פּוֹה פּוֹא פּוֹ,82,i.e. here or hence,
H7043,קָלַל,82,"make) light, literally (swift, small, sharp, etc.) or figuratively (easy, trifling, vile, etc.)",
H7133,קָרבָּן קוּרבָּן,82,i.e. a sacrificial present,
H738,אֲרִי אַריֵה,81,+ pierce (from the margin).,
H7819,שָׁחַט,81,"offer, shoot out, slay, slaughter.",
H1168,בַּעַל,80,a Phoenician deity,
H1964,הֵיכָּל,80,such as a palace or temple,
H2822,חוֹשֶׁך,80,"destruction, death, ignorance, sorrow, wickedness",
H3083,יְהוֹנָתָן,80,the name of four Israelites,
H4376,מָכַר,80,"literally (as merchandise, a daughter in marriage, into slavery), or figuratively (to surrender)",
H5782,עוּר,80,"up), lift up (self), X master, raise (up), stir up (self).",
H205,אָוֶן,79,(specifically) an idol,
H214,אוֹצָר,79,"cellar, garner, store(-house), treasure(-house) (-y).",
H226,אוֹת,79,"as a flag, beacon, monument, omen, prodigy, evidence, etc",
H2603,חָנַן,79,causatively to implore (i.e. move to favor by petition),
H3289,יָעַץ,79,"take advise, advise (well), consult, (give, take) counsel(-lor), determine, devise, guide, purpose.",
H6041,עָנִי,79,"in mind or circumstances (practically the same as H6035, although the margin constantly disputes this, making H6035 subjective and H6041 objective)",
H7794,שׁוֹר,79,"cow, ox, wall (by mistake for H7791).",
H4931,מִשׁמֶרֶת,78,"(concretely) the sentry, the post; (objectively) preservation, or (concretely) safe",
H5061,נֶגַע,78,sore,
H6697,צּוּר צּוּר,78,(generally) a rock or boulder; (figuratively) a refuge,
H7392,רָכַב,78,"carry, get (oneself) up, on (horse-)back, put, (cause to, make to) ride (in a chariot, on, -r), set.",
H1486,גּוֹרָל גּוֹרָל,77,(figuratively) a portion or destiny (as if determined by lot),
H2114,זוּר,77,specifically (active participle) to commit adultery,
H3444,יְשׁוּעָה,77,"(hence) aid, victory, prosperity",
H7138,קָרוֹב קָרוֹב,77,kindred or time),
H7198,קֶשֶׁת,77,"+ arrow, bow((-man, -shot))",
H8605,תְּפִלָּה,77,(by implication) a hymn,
H1270,בַּרזֶל,76,an iron implement,
H2470,חָלָה,76,"or (causatively) to grieve, make sick",
H4735,מִקנֶה,76,"abstractly, acquisition",
H7161,קֶרֶן,76,(figuratively) power,
H8641,תְּרוּמָה תְּרוּמָה,76,especially in sacrifice or as tribute,
H2654,חָפֵץ,75,desire,(సరిగ్గా) వొంపు; (అర్థం ద్వారా) (వాచ్యంగా కానీ అరుదుగా) వంగడానికి
H3001,יָבֵשׁ,75,(as failing) to dry up (as water) or wither (as herbage),
H3240,יָנַח,75,"cast down, lay (down, up), leave (off), let alone (remain), pacify, place, put, set (down), suffer, withdraw, withhold. (The Hiphil forms with the dagesh are here referred to, in accordance with the older grammarians; but if any distinction of the kind is to be made, these should rather be referred to H5117, and the others here.)",
H3988,מָאַס,75,"cast away (off), contemn, despise, disdain, (become) loathe(some), melt away, refuse, reject, reprobate, X utterly, vile person.",
H5324,נָצַב,75,in various applications (literally or figuratively),
H6186,עָרַך,75,"i.e. arrange, put in order (in a very wide variety of applications)",
H2790,חָרַשׁ,74,"(hence, from the use of tools) to fabricate (of any material)",
H4217,מִזרָח,74,i.e. the east,
H4720,מִקדָּשׁ מִקְּדָשׁ,74,"especially, a palace, sanctuary (whether of Jehovah or of idols) or asylum",
H5542,סֶלָה,74,i.e. pause,
H5795,עֵז,74,but masculine in plural (which also is used ellipt. for goat's hair),
H7023,קִיר קִר קִירָה,74,"side, town, X very, wall.",
H7998,שָׁלָל,74,spoil.,
H8248,שָׁקָה,74,i.e. (causatively) to irrigate or furnish a potion to,
H1410,גָּד,73,also a prophet,
H1892,הֶבֶל הֲבֵל,73,"vain, vanity.",
H2199,זָעַק,73,(as a herald) to announce or convene publicly,
H2781,חֶרפָּה,73,"disgrace, the pudenda",
H3669,כְּנַעַנִי,73,who conducted mercantile caravans),
H6869,צָּרָה,73,"transitively, a female rival",
H499,אֶלעָזָר,72,the name of seven Israelites,
H631,אָסַר,72,"to fasten in any sense, to join battle",
H990,בֶּטֶן,72,also the bosom or body of anything,
H1008,בֵּיתּ ־ אֵל,72,a place in Israel,
H4069,מַדּוַּע מַדּוַּע,72,adverbially) why?,
H7364,רָחַץ,72,wash (self).,
H7782,שׁוֹפָר שׁוֹפָר,72,trumpet.,
H452,אֵלִיָה אֵלִיָהוּ,71,the name of the famous prophet and of two other Israelites,
H560,אֲמַר,71,"amar (am-ar') v. 1. command, declare, say, speak, tell [(Aramaic) corresponding to H559]  Root(s): H559",
H1389,גִּבעָה,71,little hill.,
H1934,הָוָא הָוָה,71,"hava' (hav-aw') ((Aramaic) orhavah (Aramaic) {hav-aw'}) v. 1. to exist 2. used in a great variety of applications (especially in connection with other words) [corresponding to H1933] KJV: be, become, + behold, + came (to pass), + cease, + cleave, + consider, + do, + give, + have, + judge, + keep, + labour, + mingle (self), + put, + see, + seek, + set, + slay, + take heed, tremble, + walk, + would.  Root(s): H1933",
H2275,חֶברוֹן,71,"a place in Israel, also the name of two Israelites",
H3844,לְבָנוֹן,71,a mountain range in Israel,
H5775,עוֹף,71,"or rather as covering with wings), often collectively",
H6381,פָּלָא,71,"(by implication) to be great, difficult, wonderful; (causatively) to make great, difficult, wonderful",
H7673,שָׁבַת,71,"used in many implied relations (causative, figurative or specific)",
H7979,שׁוּלחָן,71,a table (as spread out); (by implication) a meal,
H730,אֶרֶז,70,a cedar tree (from the tenacity of its roots),
H953,בּוֹר,70,"dungeon, fountain, pit, well.",
H1835,דָּן,70,"also the tribe descended from him, and its territory",
H3684,כְּסִיל,70,i.e. (figuratively) stupid or silly,
H5027,נָבַט,70,"(by implication) to regard with pleasure, favor or care",
H7205,רְאוּבֵן,70,a son of Jacob,
H7378,רִיבּ רוּב,70,"(mostly figuratively) to wrangle, i.e. hold a controversy; (by implication) to defend",
H8628,תָּקַע,70,"(by analogy) to drive (a nail or tent-pin, a dart, etc.); (by implication) to become bondsman by handclasping",
H441,אַלוּף אַלּוּף,69,(hence) a bullock (as being tame,
H1077,בַּל,69,adverb) not at all,
H1293,בְּרָכָה,69,"liberal, pool, present.",
H2580,חֵן,69,"i.e. subjective (kindness, favor) or objective (beauty)",
H4886,מָשַׁח,69,(by implication) to consecrate; (also) to paint,
H5707,עֵד,69,"abstractly, testimony; specifically, a recorder, i.e. prince",
H6010,עֵמֶק,69,"vale, valley (often used as a part of proper names). See also H1025.",
H6921,קָדִים קָדִם,69,"eastward, for brevity the east wind)",
H7495,רָפָא רָפָה,69,i.e. (figuratively) to cure,
H270,אָחַז,68,"bar, (catch, lay, take) hold (back), come upon, fasten, handle, portion, (get, have or take) possess(-ion).",
H3603,כִּכָר,68,also a (round) loaf,
H6327,פּוּץ,68,literally or figuratively (especially to disperse),
H6913,קֶבֶר קִברָה,68,a sepulchre,
H7093,קֵץ,68,"(utmost) border, end, (in-)finite, X process.",
H40,אֲבִימֶלֶך,67,the name of two Philistine kings and of two Israelites,
H2506,חֵלֶק,67,"inheritance, part, X partake, portion.",
H3802,כָּתֵף,67,as being the spot where the garments hang); (figuratively) side-piece or lateral projection of anything,
H6566,פָּרַשׂ,67,"disperse, etc",
H272,אֲחוּזָּה,66,i.e. a possession (especially of land),
H4853,מַשָּׂא,66,"(figuratively) an utterance, chiefly a doom, especially singing",
H5117,נוַּח,66,"used in a great variety of applications, literal and figurative, intransitive, transitive and causative (to dwell, stay, let fall, place, let alone, withdraw, give comfort, etc.)",
H7611,שְׁאֵרִיתּ,66,final) portion,
H801,אִשָּׁה,65,but used in a liturgical sense],
H1272,בָּרַח,65,"fain, flee (away), put to flight, make haste, reach, run away, shoot.",
H1397,גֶּבֶר,65,"man, X mighty.",
H2472,חֲלוֹם חֲלוֹם,65,a dream,
H2505,חָלַק,65,"distribute, divide, flatter, give, (have, im-)part(-ner), take away a portion, receive, separate self, (be) smooth(-er).",
H3782,כָּשַׁל,65,"(by implication) to falter, stumble, faint or fall",
H4116,מָהַר,65,promptly,
H6743,צָּלַח צָּלֵַח,65,"in various senses (literal or figurative, transitive or intransitive)",
H7585,שְׁאוֹל שְׁאוֹל,65,including its accessories and inmates,
H7925,שָׁכַם,65,"properly, to incline (the shoulder to a burden); but used only as denominative from H7926]",
H8610,תָּפַשׂ,65,"chiefly to capture, wield, specifically, to overlay; (figuratively) to use unwarrantably",
H970,בָּחוּר בָּחוּר,64,"chosen, X hole.",
H1516,גַּיא גַּי,64,but not a gully or winter-torrent),
H2975,יְאוֹר,64,"specifically the Nile, as the one river of Egypt, including its collateral trenches; also the Tigris, as the main river of Assyria",
H3335,יָצַר,64,"fashion, form, frame, make(-r), potter, purpose.",
H5262,נֶסֶך נֵסֶך,64,"drink offering, molten image.",
H5329,נָצַח,64,(as denominative from H5331) to be permanent,
H7919,שָׂכַל,64,"make or act) circumspect and hence, intelligent",
H74,אַבנֵר אֲבִינֵר,63,an Israelite,
H779,אָרַר,63,to execrate,
H1869,דָּרַך,63,"bend, come, draw, go (over), guide, lead (forth), thresh, tread (down), walk.",
H4043,מָגֵן מְגִנָּה,63,"buckler, defence, ruler, + scale, shield.",
H5291,נַעֲרָה,63,"maid(-en), young (woman).",
H5341,נָצַר,63,"in a good sense (to protect, maintain, obey, etc.) or a bad one (to conceal, etc.)",
H6667,צִּדקִיָה צִּדקִיָהוּ,63,the name of six Israelites,
H7167,קָרַע,63,"literally or figuratively (revile, paint the eyes, as if enlarging them)",
H8198,שִׁפחָה,63,"hand-)maid(-en, -servant), wench, bondwoman, womanservant.",
H8552,תָּמַם,63,"in a good or a bad sense, literal, or figurative, transitive or intransitive (as follows)",
H1369,גְּבוּרָה,62,victory,
H2282,חַג חָג,62,or a victim therefor,
H2342,חוּל חִיל,62,"(figuratively) to wait, to pervert",
H7070,קָנֶה,62,"shaft, tube, stem, the radius (of the arm), beam (of a steelyard)",
H34,אֶביוֹן,61,in the sense of want (especially in feeling)],
H87,אַברָם,61,the original name of Abraham,
H319,אַחֲרִיתּ,61,"latter) end (time), hinder (utter) -most, length, posterity, remnant, residue, reward.",
H681,אֵצֶל,61,"(hard) by, (from) (beside), near (unto), toward, with. See also H1018.",
H1109,בִּלעָם,61,a Mesopotamian prophet,
H1730,דּוֹד דּוֹד,61,(specifically) an uncle,
H6160,עֲרָבָה,61,with the article prefix) the (generally) sterile valley of the Jordan and its continuation to the Red Sea,
H7379,רִיבּ רִב,61,"cause, chiding, contend(-tion), controversy, multitude (from the margin), pleading, strife, strive(-ing), suit.",
H734,אוֹרַח,60,"path, race, rank, traveller, troop, (by-, high-)way.",
H1316,בָּשָׁן,60,a region East of the Jordan,
H2256,חֶבֶל חֵבֶל,60,"(by implication, as measured) a district or inheritance; (by implication, as of cords) a noose",
H2555,חָמָס,60,"damage, false, injustice, X oppressor, unrighteous, violence (against, done), violent (dealing), wrong.",
H4782,מָרדְּכַי,60,an Israelite,
H5088,נֶדֶר נֵדֶר,60,a promise (to God); (concretely) a thing promised,
H7004,קְטוֹרֶת,60,perfume.,
H2308,חָדַל,59,"end, fall, forbear, forsake, leave (off), let alone, rest, be unoccupied, want.",
H3198,יָכַח,59,"causatively, to decide, justify or convict",
H4080,מִדיָן,59,also his country and (collectively) his descendants,
H5019,נְבוּכַדנֶאצַּר נֶבוּכַדרֶאצַּר נֶבוּכַדרֶאצּוֹר,59,"or -retstsor), king of Babylon",
H5193,נָטַע,59,"specifically, to plant (literally or figuratively)",
H5553,סֶלַע,59,literally or figuratively (a fortress),
H5715,עֵדוּת,59,witness.,
H6299,פָּדָה,59,"gener. to release, preserve",
H8163,שָׂעִיר שָׂעִר,59,"by analogy, a faun",
H8346,שִׁשִּׁים,59,three score.,
H347,אִיוֹב,58,the patriarch famous for his patience,
H433,אֱלוַֹהּ אֱלוַֹהּ,58,god. See H0430.,
H477,אֱלִישָׁע,58,the famous prophet,
H609,אָסָא,58,the name of a king and of a Levite,
H1097,בְּלִי,58,"with preposition) without, not yet, because not, as long as, etc",
H1836,דֵּן,58,"den (dane) adv. 1. this [(Aramaic) an orthographical variation of H1791] KJV: (afore-)time, + after this manner, here (-after), one...another, such, there(-fore), these, this (matter), + thus, where(-fore), which.  Root(s): H1791",
H3058,יֵהוּא,58,the name of five Israelites,
H5157,נָחַל,58,instate,
H7368,רָחַק,58,"i.e. (intransitively) recede or (transitively) remove (literally or figuratively, of place or relation)",
H7381,רֵיַח,58,"scent, smell.",
H7703,שָׁדַד,58,"destroy(-er), oppress, robber, spoil(-er), X utterly, (lay) waste.",
H8077,שְׁמָמָה שִׁמָמָה,58,"X most) desolate(- ion), waste.",
H8416,תְּהִלָּה,58,concretely) a hymn,
H8672,תֵּשַׁע תִּשׁעָה,58,"+ -teenth, -th).",తొమ్మిది లేదా (ఆర్డి.) తొమ్మిదవ
H116,אֱדַיִן,57,"edayin (ed-ah'-yin) adv. 1. then (of time) [(Aramaic) of uncertain derivation] KJV: now, that time, then.",
H134,אֶדֶן,57,"a column, etc.)",
H3293,יַעַר,57,"forest, wood.",
H3405,יְרִיחוֹ יְרֵחוֹ יְרִיחוֹה,57,a place in Israel,
H3878,לֵוִי,57,a son of Jacob,
H4210,מִזמוֹר,57,(properly) instrumental music; (by implication) a poem set to notes,
H4437,מַלכּוּ,57,"malkuw (mal-koo') n-f. 1. dominion {abstractly or concretely} [(Aramaic) corresponding to H4438] KJV: kingdom, kingly, realm, reign.  Root(s): H4438",
H6571,פָּרָשׁ,57,(by implication) a driver (in a chariot); (collectively) cavalry,
H7521,רָצָה,57,to satisfy a debt,"సంతోషించుటకు; ప్రత్యేకంగా, రుణాన్ని తీర్చడానికి"
H490,אַלמָנָה,56,widow.,
H519,אָמָה,56,maid(-servant).,
H2232,זָרַע,56,"plant, fructify",
H2389,חָזָק,56,"hard, bold, violent)",
H2962,טֶּרֶם,56,not yet or before,
H4284,מַחֲשָׁבָה מַחֲשֶׁבֶת,56,"(abstractly) intention, plan",
H6466,פָּעַל,56,especially to practise,
H7522,רָצוֹן רָצוֹן,56,"-ed), delight, desire, favour, (good) pleasure, (own, self, voluntary) will, as...(what) would.",
H635,אֶסתֵּר,55,the Jewish heroine,
H1612,גֶּפֶן,55,especially the grape,
H3373,יָרֵא,55,reverent,
H3837,לָבָן,55,also a place in the Desert,
H4060,מִדָּה,55,also a measure (including its standard); hence a portion (as measured) or a vestment,
H4392,מָלֵא,55,"fill(-ed, -ed with), full(-ly), multitude, as is worth.",
H5999,עָמָל,55,"(hence) worry, wheth. of body or mind",
H6817,צָּעַק,55,"call together, cry (out), gather (selves) (together).",
H7243,רְבִיעִי רֶבִעִי,55,fourth (part).,
H8127,שֵׁן,55,"X forefront, ivory, X sharp, tooth.",
H14,אָבָה,54,"rest content will, be willing.",అంగీకరించు - సమ్మతించు
H1254,בָּרָא,54,"select, feed (as formative processes)",సృష్టించు (శూన్యం నుండి)
H1581,גָּמָל,54,a camel,
H1692,דָּבַק,54,(figuratively) to catch by pursuit,
H1706,דְּבַשׁ,54,syrup,
H2001,הָמָן,54,a Persian vizier,
H3407,יְרִיעָה,54,a hanging (as tremulous),
H3707,כַּעַס,54,"rage, be indignant",
H4791,מָרוֹם,54,"dignity, haughty, height, (most, on) high (one, place), loftily, upward.",
H5766,עֶוֶל עָוֶל עַולָה עוֹלָה עוֹלָה,54,"perverseness, unjust(-ly), unrighteousness(-ly); wicked(-ness).",
H6172,עֶרוָה,54,"literally (especially the pudenda) or figuratively (disgrace, blemish)",
H7105,קָצִיר,54,"also a limb (of a tree, or simply foliage)",
H7442,רָנַן,54,i.e. to shout (usually for joy),
H7723,שָׁוא שַׁו,54,"figuratively idolatry (as false, subjective), uselessness (as deceptive, objective; also adverbially, in vain)",
H8040,שְׂמוֹאל שְׂמאוֹל,54,"hence (by orientation), the left hand",
H2319,חָדָשׁ,53,new thing.,
H2977,יוֹאשִׁיָה יוֹאשִׁיָהוּ,53,the name of two Israelites,
H4082,מְדִינָה,53,(by implication) a district (as ruled by a judge); (generally) a region,
H4682,מַצָּה,53,"cake), without leaven.",
H5560,סוֹלֶת,53,meal.,
H5945,עֶליוֹן,53,"as title, the Supreme",
H6659,צָּדוֹק,53,the name of eight or nine Israelites,
H1841,דָּנִיֵאל,52,"Daniye'l (daw-nee-yale') n/p. 1. Danijel, the Heb. prophet [(Aramaic) corresponding to H1840] KJV: Daniel.  Root(s): H1840",
H2763,חָרַם,52,to be blunt as to the nose,
H2865,חָתַת,52,"either (literally) by violence, or (figuratively) by confusion and fear",
H4058,מָדַד,52,"mete, stretch self.",
H4279,מָחָר,52,"usually (adverbially) tomorrow; indefinitely, hereafter",
H5080,נָדַח,52,"literally and figuratively (to expel, mislead, strike, inflict, etc.)",
H6887,צָּרַר,52,"literally or figuratively, transitive or intransitive (as follows)",
H314,אַחֲריוֹן אַחֲרוֹן,51,"to come, following, hind(-er, -ermost, -most), last, latter, rereward, ut(ter)most.",
H1234,בָּקַע,51,"break, rip or open",
H1945,הוֹי,51,"alas, ho, O, woe.",
H2008,הֵנָּה,51,"hither(-to), now, on this (that) side, + since, this (that) way, thitherward, + thus far, to...fro, + yet.",
H3077,יְהוֹיָדָע,51,the name of three Israelites,
H3119,יוֹמָם,51,"(by, in the) day(-time).",
H3332,יָצַק,51,to stiffen or grow hard,
H3526,כָּבַס,51,"by stamping with the feet), whether literal (including the fulling process) or figurative",
H5321,נַפתָּלִי,51,"a son of Jacob, with the tribe descended from him, and its territory",
H5703,עַד,51,"in the sense of advance or perpetuity (substantially as a noun, either with or without a preposition)",
H7114,קָצַר,51,קצר,
H7175,קֶרֶשׁ,51,board.,
H7225,רֵאשִׁיתּ,51,"in place, time, order or rank (specifically, a firstfruit)",ఆరంభము - మొదటిది
H8582,תָּעָה,51,also causative of both,
H8597,תִּפאָרָה תִּפאֶרֶת,51,literally or figuratively},
H1104,בָּלַע,50,(generally) to destroy,
H1330,בְּתוּלָה,50,virgin.,
H2372,חָזָה,50,"specifically, to have a vision of",
H2885,טַּבַּעַת,50,"(hence, generally) a ring of any kind",
H4148,מוּסָר,50,also restraint,
H4609,מַעֲלָה,50,"(figuratively, the act) a thought arising",
H5234,נָכַר,50,"hence (with recognition implied), to acknowledge, be acquainted with, care for, respect, revere, or (with suspicion implied), to disregard, ignore, be strange toward, reject, resign, dissimulate (as if ignorant or disowning)",
H5381,נָשַׂג,50,"be able, attain (unto), (be able to, can) get, lay at, put, reach, remove, wax rich, X surely, (over-)take (hold of, on, upon).",
H6555,פָּרַץ,50,"direct and indirect, literal and figurative)",
H6565,פָּרַר,50,"i.e. to violate, frustrate",
H7346,רְחַבעָם,50,an Israelite king,
H530,אֱמוּנָה,49,"-ly, -ness, (man)), set office, stability, steady, truly, truth, verily.",
H646,אֵפוֹד אֵפוֹד,49,a girdle; (specifically) the ephod or high-priest's shoulder-piece; (generally) an image,
H1347,גָּאוֹן,49,"excellency(-lent), majesty, pomp, pride, proud, swelling.",
H1698,דֶּבֶר,49,"pestilence, plague.",
H4026,מִגדָּל מִגדָּלָה,49,(figuratively) a (pyramidal) bed of flowers,
H4948,מִשׁקָל,49,weight (numerically estimated); (hence) weighing (the act),
H5062,נָגַף,49,"gore, defeat, stub (the toe), inflict (a disease)",
H5668,עָבוּר עָבוּר,49,"that, in order that",
H6343,פַּחַד,49,"fear, (thing) great (fear, -ly feared), terror.",
H6453,פֶּסַח,49,used only techically of the Jewish Passover (the festival or the victim),
H6738,צֵּל,49,whether literal or figurative,
H6960,קָוָה,49,(figuratively) to expect,
H8504,תְּכֵלֶת,49,i.e. the color (violet) obtained therefrom or stuff dyed therewith,
H561,אֵמֶר,48,"X appointed unto him, saying, speech, word.",
H898,בָּגַד,48,to pillage,
H1544,גִּלּוּל גִּלּוּל,48,(properly) a log (as round); (by implication) an idol,
H2595,חֲנִיתּ,48,like pitching a tent),
H2850,חִתּתִּי,48,or descendant of Cheth,
H3050,יָהּ,48,the sacred name,"జా, పవిత్రమైన పేరు"
H3320,יָצַב,48,"to station, offer, continue",
H3458,יִשׁמָעֵאל,48,"the name of Abraham's oldest son, and of five Israelites",
H3957,לִשׁכָּה,48,"eating, or lodging)",
H4347,מַכָּה מַכֶּה,48,also pestilence,
H5038,נְבֵלָה,48,(figuratively) an idol,
H5216,נִיר נִר נֵיר נֵר נֵרָה,48,a lamp (i.e. the burner) or light (literally or figuratively),
H5564,סָמַך,48,to lean upon or take hold of (in a favorable or unfavorable sense),
H5838,עֲזַריָה עֲזַריָהוּ,48,the name of nineteen Israelites,
H6823,צָּפָה,48,transferring to action)],
H7617,שָׁבָה,48,"carry, carry away, lead, lead away, take) captive(-s), drive (take) away.",
H7706,שַׁדַּי,48,the Almighty,సర్వశక్తిమంతుడు
H8242,שַׂק,48,"(hence) a bag (for grain, etc.)",
H1644,גָּרַשׁ,47,"divorced (woman), drive away (forth, out), expel, X surely put away, trouble, thrust out.",
H1800,דַּל,47,"needy, poor (man), weaker.",
H2007,הֵנָּה,47,also in indirect relation),
H3046,יְדַע,47,"yda` (yed-ah') v. 1. certify, know, make known, teach [(Aramaic) corresponding to H3045]  Root(s): H3045",
H3101,יוֹאָשׁ יוֹאָשׁ,47,the name of six Israelites,
H4975,מוֹתֶן,47,"loins, side.",
H5271,נָעוּר נָעוּר נְעוּרָה,47,the state (juvenility) or the persons (young people),
H5545,סָלַח,47,"pardon, spare.",క్షమించటానికి
H7354,רָחֵל,47,a wife of Jacob,
H7523,רָצַח,47,"i.e. kill (a human being), especially to murder",
H7716,שֶׂה שֵׂי,47,i.e. a sheep or goat,
H7927,שְׁכֶם,47,a place in Israel,
H346,אַיֵה,46,where?,
H623,אָסָף,46,"the name of three Israelites, and of the family of the first",
H817,אָשָׁם,46,"(offering for) sin, trespass (offering).",
H1523,גִּיל גּוּל,46,"i.e. usually rejoice, or (as cringing) fear",
H4904,מִשׁכָּב,46,"abstractly, sleep; by euphemism, carnal intercourse",
H4960,מִשׁתֶּה,46,"drank, drink, feast((-ed), -ing).",
H5146,נוַֹח,46,the patriarch of the flood,
H5237,נָכרִי,46,"in a variety of degrees and applications (foreign, non-relative, adulterous, different, wonderful)",
H6113,עָצַר,46,"also to maintain, rule, assemble",
H6293,פָּגַע,46,"by accident or violence, or (figuratively) by importunity",
H6925,קֳדָם קְדָם,46,"qodam (kod-awm') ((Aramaic) or qdam (Aramaic) (Daniel 7) prep. 1. before [corresponding to H6924] KJV: before, X from, X I (thought), X me, + of, X it pleased, presence.  Root(s): H6924",
H6967,קוֹמָה,46,"height, high, stature, tall.",
H7181,קָשַׁב,46,i.e. hearken,
H7355,רָחַם,46,"upon), love, (find, have, obtain, shew) mercy(-iful, on, upon), (have) pity, Ruhamah, X surely.",
H7503,רָפָה,46,literal or figurative),
H7628,שְׁבִי,46,"prisoners, X take away, that was taken.",
H194,אוּלַי אוּלַי,45,"may be, peradventure, unless.",
H835,אֶשֶׁר,45,how happy!,
H2074,זְבוּלוּן זֶבוּלוּן זֶבוּלוּן,45,also his territory and tribe,
H2167,זָמַר,45,"to make music, accompanied by the voice; hence to celebrate in song and music",
H2549,חֲמִישִׁי חֲמִשִּׁי,45,fifth; also a fifth,
H2671,חֵץ,45,"(by implication) a wound; (figuratively, of God) thunder-bolt",
H7321,רוַּע,45,"cry (alarm, aloud, out), destroy, make a joyful noise, smart, shout (for joy), sound an alarm, triumph.",
H7356,רַחַם,45,"compassion, damsel, tender love, (great, tender) mercy, pity, womb.",
H399,אֲכַל,44,"akal (ak-al') v. 1. + accuse, devour, eat [(Aramaic) corresponding to H398]  Root(s): H398",
H657,אֶפֶס,44,adverbially) no further,
H959,בָּזָה,44,"disdain, contemn(-ptible), + think to scorn, vile person.",
H1005,בַּיִת,44,bayith (bah-yith) n-m. 1. house [(Aramaic) corresponding to H1004]  Root(s): H1004,
H1101,בָּלַל,44,denominatively from H1098) to fodder,
H1473,גּוֹלָה גּוֹלָה,44,collectively) exiles,
H2296,חָגַר,44,"armor, etc.)",
H2461,חָלָב,44,"milk, sucking.",
H2502,חָלַץ,44,(reflexively) to depart,
H3129,יוֹנָתָן,44,the name of ten Israelites,
H4186,מוֹשָׁב מוֹשָׁב,44,"dwell in, dwelling(-place), wherein (that) dwelt (in), inhabited place, seat, sitting, situation, sojourning.",
H4784,מָרָה,44,"(figuratively) to rebel (or resist; causatively, to provoke)",
H4818,מֶרכָּבָה,44,a chariot,
H5057,נָגִידּ נָגִד,44,"(generally, abstractly and plural), honorable themes",
H5331,נֶצַח נֵצַח,44,"hence (figuratively), splendor, or (subjectively) truthfulness, or (objectively) confidence; but usually (adverbially), continually (i.e. to the most distant point of view)",
H5352,נָקָה,44,i.e. extirpated,
H5749,עוּד,44,"(intensively) to encompass, restore (as a sort of reduplication)",
H5978,עִמָּד,44,"by, from, + me, + mine, of, + that I take, unto, upon, with(-in.)",
H7068,קִנאָה,44,"jealousy, X sake, zeal.",
H7194,קָשַׁר,44,"(make a) conspire(-acy, -ator), join together, knit, stronger, work (treason)",
H7667,שֶׁבֶר שֵׁבֶר,44,"specifically, a solution (of a dream)",
H8095,שִׁמעוֹן,44,"one of Jacob's sons, also the tribe descended from him",
H8096,שִׁמעִי,44,the name of twenty Israelites,
H836,אָשֵׁר,43,also a place in Israel,
H962,בָּזַז,43,"gather, (take) for a prey, rob(-ber), spoil, take (away, spoil), X utterly.",
H1111,בָּלָק,43,a Moabitish king,
H1390,גִּבעָה,43,the hill.,
H2029,הָרָה,43,conceive (literally or figuratively),
H2040,הָרַס,43,"break, &Š destroy",
H2148,זְכַריָה זְכַריָהוּ,43,the name of twenty-nine Israelites,
H3245,יָסַד,43,"reflexively, to sit down together, i.e. settle, consult",
H3256,יָסַר,43,(hence) to instruct,
H3303,יָפֶה,43,"beauty, comely, fair(-est, one), + goodly, pleasant, well.",
H3485,יִשָּׂשׂכָּר,43,a son of Jacob,
H3871,לוַּח לוַּח,43,"of stone, wood or metal",
H4611,מַעֲלָל,43,"endeavour, invention, work.",
H4970,מָתַי,43,when (either relative or interrogative),
H5207,נִיחוַֹח נִיחוַֹח,43,"abstractly, delight",
H5355,נָקִי נָקִיא,43,"clean, clear, exempted, free, guiltless, innocent, quit.",
H6584,פָּשַׁט,43,"to strip (i.e. unclothe, plunder, flay, etc.)",
H7339,רְחוֹב רְחוֹב,43,street. See also H1050.,
H8393,תְּבוּאָה,43,i.e. produce (literally or figuratively),
H8394,תָּבוּן תֶּבוּנָה תּוֹבוּנָה,43,"a sudden, impulsive change of mind",
H8438,תּוֹלָע תּוֹלֵעָה תּוֹלַעַת תּוֹלַעַת,43,"but used only (in this connection) of the color from it, and cloths dyed therewith",
H238,אָזַן,42,probably to expand; but used only as a denominative from H241],
H575,אָן אָנָה,42,(also) hither and thither,
H914,בָּדַל,42,"separate, distinguish, differ, select, etc.)",
H983,בֶּטַח,42,"(often, adverb with or without preposition) safely",
H1141,בְּנָיָה בְּנָיָהוּ,42,the name of twelve Israelites,
H1280,בְּרִיַח,42,fugitive.,
H2100,זוּב,42,(figuratively) to waste away; also to overflow,
H2723,חָרבָּה,42,"desolate (place, -tion), destruction, (laid) waste (place).",
H2945,טַּף,42,families.,
H3176,יָחַל,42,hope,
H3448,יִשַׁי אִישַׁי,42,David's father,
H3490,יָתוֹם,42,orphan.,
H3658,כִּנּוֹר,42,a harp,
H4256,מַחֲלוֹקֶת,42,people or soldiers),
H4501,מְנוֹרָה מְנוֹרָה,42,H5216,
H5128,נוַּע,42,"in a great variety of applications, literally and figuratively (as subjoined)",
H5416,נָתָן,42,the name of five Israelites,
H5422,נָתַץ,42,"break down (out), cast down, destroy, overthrow, pull down, throw down.",
H5631,סָרִיס סָרִס,42,"eunuch, officer.",
H6865,צּוֹר צּוֹר,42,a place in Israel,
H7622,שְׁבוּת שְׁבִיתּ,42,exile; (concretely) prisoners; (figuratively) a former state of prosperity,
H8144,שָׁנִי,42,"properly, the insect or its color, also stuff dyed with it",
H8252,שָׁקַט,42,"idleness, (at, be at, be in, give) quiet(-ness), (be at, be in, give, have, take) rest, settle, be still.",
H8336,שֵׁשׁ שְׁשִׁי,42,i.e. white linen or (by analogy) marble,
H215,אוֹר,41,make) luminous (literally and metaphorically),
H268,אָחוֹר אָחוֹר,41,"(also, as facing north) the West",
H271,אָחָז,41,the name of a Jewish king and of an Israelite,
H553,אָמַץ,41,physically (on foot) or mentally (in courage),
H693,אָרַב,41,lay (lie in) wait.,
H1035,בֵּיתּ לֶחֶם,41,a place in Israel,
H1588,גַּן,41,a garden (as fenced),
H1834,דַּמֶּשֶׂק דּוּמֶשֶׂק דַּרמֶשֶׂק,41,a city of Syria,
H2550,חָמַל,41,"(have) pity, spare.",
H2717,חָרַב חָרֵב,41,") to desolate, destroy, kill",
H2740,חָרוֹן חָרוֹן,41,"fierce(-ness), fury, (fierce) wrath(-ful).",
H2778,חָרַף,41,to betroth (as if a surrender),
H2983,יְבוּסִי,41,a Jebusite or inhabitant of Jebus,
H3374,יִראָה,41,reverence,
H3985,מָאֵן,41,X utterly.,
H4751,מַר מָרָה,41,"bitter(-ly, -ness), chafed, discontented, X great, heavy.",
H6586,פָּשַׁע,41,"i.e. trespass, apostatize, quarrel",
H6663,צָּדַק,41,make) right (in a moral or forensic sense),నీతిమంతుడు
H6677,צַּוָּאר צַּוָּר צַּוָּרוֹן צַּוָּארָה,41,the back of the neck (as that on which burdens are bound),
H6763,צֵּלָע צַּלעָה,41,"(hence) a side, literally (of a person) or figuratively (of an object or the sky, i.e. quarter); architecturally, a (especially floor or ceiling) timber or plank (single or collective, i.e. a flooring)",
H7264,רָגַז,41,especially anger or fear),
H8098,שְׁמַעיָה שְׁמַעיָהוּ,41,the name of twenty-five Israelites,
H160,אַהֲבָה,40,love,
H374,אֵיפָה אֵפָה,40,(divers) measure(-s).,
H558,אֲמַציָה אֲמַציָהוּ,40,the name of four Israelites,
H842,אֲשֵׁרָה אֲשֵׁירָה,40,happy; Asherah (or Astarte) a Phoenician goddess; also an image of the same,
H1537,גִּלגָּל,40,the name of three places in Israel,
H1589,גָּנַב,40,"X indeed, secretly bring, steal (away), get by stealth.",
H1715,דָּגָן,40,i.e. grain,
H4631,מְעָרָה,40,"den, hole.",
H5203,נָטַשׁ,40,"(by implication) (as if beating out, and thus expanding) to disperse; also, to thrust off, down, out or upon (inclusively, reject, let alone, permit, remit, etc.)",
H5857,עַי עַיָא עַיָת,40,"Aja or Ajath, a place in Israel",
H5923,עוֹל עוֹל,40,literally or figuratively,
H6833,צִּפּוֹר צִּפּוֹר,40,"fowl, sparrow.",
H56,אָבַל,39,mourn.,
H223,אוּרִיָה אוּרִיָהוּ,39,the name of one Hittite and five Israelites,
H926,בָּהַל,39,"amazed, dismayed, rash), (be, get, make) haste(-n, -y, -ily), (give) speedy(-ily), thrust out, trouble, vex.",
H1439,גִּדעוֹן,39,an Israelite,
H1767,דַּי,39,used chiefly with preposition in phrases,
H2219,זָרָה,39,winnow,
H2436,חֵיק חֵק חוֹק,39,apparently meaning to inclose],
H2656,חֵפֶץ,39,(concretely) a valuable thing,
H2729,חָרַד,39,"be careful, discomfit, fray (away), quake, tremble.",
H3470,יְשַׁעיָה יְשַׁעיָהוּ,39,the name of seven Israelites,
H3515,כָּבֵד,39,"difficult, stupid)",
H3816,לְאוֹם לְאוֹם,39,people.,
H4131,מוֹט,39,"to slip, shake, fall",
H4820,מִרמָה,39,"deceit(-ful, -fully), false, feigned, guile, subtilly, treachery.",
H4847,מְרָרִי,39,an Israelite,
H4899,מָשִׁיַח,39,"(specifically) the Messiah, the Anointed One",
H5148,נָחָה,39,or as colonists),
H5467,סְדוֹם,39,a place near the Dead Sea,
H6002,עֲמָלֵק,39,also his posterity and their country,
H6950,קָהַל,39,gather (selves) (together).,
H8047,שַׁמָּה,39,"desolate(-ion), waste, wonderful thing.",
H8165,שֵׂעִיר,39,"a mountain of Idumaea and its aboriginal occupants, also one in Israel",
H8384,תְּאֵן תְּאֵנָה,39,the fig (tree or fruit),
H8435,תּוֹלְדָה תּוֹלְדָה,39,(figuratively) history,
H335,אַי,38,"what, whence, where, whether, which (way).",
H713,אַרגָּמָן,38,purple (the color or the dyed stuff),
H998,בִּינָה,38,"meaning, X perfectly, understanding, wisdom.",
H1219,בָּצַר,38,"(de-)fenced, fortify, (grape) gather(-er), mighty things, restrain, strong, wall (up), withhold.",
H2132,זַיִת,38,"the tree, the branch or the berry",
H2315,חֶדֶר,38,"innermost(-ward) part, parlour, + south, X within.",
H2764,חֵרֶם חֶרֶם,38,"-d thing), dedicated thing, things which should have been utterly destroyed, (appointed to) utter destruction, devoted (thing), net.",
H2809,חֶשׁבּוֹן,38,a place East of the Jordan,
H3637,כָּלַם,38,"blush, be confounded, be put to confusion, hurt, reproach, (do, put to) shame.",
H4306,מָטָר,38,rain,
H4393,מְלוֹא מְלוֹא מְלוֹ,38,"X all that is (there-)in, fill, (X that whereof...was) full, fullness, (hand- )full, multitude.",
H4405,מִלָּה מִלֶּה,38,(figuratively) a topic,
H4912,מָשָׁל,38,"(hence) a simile (as an adage, poem, discourse)",
H5035,נֶבֶל נֵבֶל,38,"pitcher, psaltery, vessel, viol.",
H5739,עֵדֶר,38,i.e. muster (of animals),
H6467,פּוֹעַל,38,"deed, do, getting, maker, work.",
H6822,צָּפָה,38,"(by implication) to observe, await",
H7098,קָצָה,38,"corner, (selv-)edge, lowest, (uttermost) participle",
H8065,שָׁמַיִן,38,shamayin (shaw-mah'-yin) n-m. 1. heaven [(Aramaic) corresponding to H8064]  Root(s): H8064,
H8084,שְׁמוֹנִים שְׁמוֹנִים,38,also eightieth,
H8123,שִׁמשׁוֹן,38,an Israelite,
H8283,שָׂרָה,38,Abraham's wife,
H8492,תִּירוֹשׁ תִּירוֹשׁ,38,sweet) wine.,
H274,אֲחַזיָה אֲחַזיָהוּ,37,the name of a Jewish and an Israelite king,
H565,אִמרָה אֶמרָה,37,"speech, word.",
H875,בְּאֵר,37,well.,
H1364,גָּבוֹהַּ גָּבוֹהַּ,37,"powerful, arrogant",
H1391,גִּבעוֹן,37,a place in Israel,
H1580,גָּמַל,37,"(by implication) (of toil), to ripen, i.e. (specifically) to wean",
H1637,גּוֹרֶן,37,any open area,
H2620,חָסָה,37,"make refuge, (put) trust.",
H3079,יְהוֹיָקִים,37,a Jewish king,
H3556,כּוֹכָב,37,H3554,
H3557,כּוּל,37,"can) abide, bear, comprehend, contain, feed, forbearing, guide, hold(-ing in), nourish(-er), be present, make provision, receive, sustain, provide sustenance (victuals).",
H3602,כָּכָה,37,referring to the previous or following context,
H3950,לָקַט,37,glean.,
H4013,מִבצָּר מִבצָּרָה,37,(figuratively) a defender,
H4581,מָעוֹז מָעוּז מָעוֹז מָעוּז,37,a fortified place; (figuratively) a defence,
H5130,נוּף,37,"used in a great variety of applications (including sprinkling, beckoning, rubbing, bastinadoing, sawing, waving, etc.)",
H5511,סִיחוֹן סִיחוֹן,37,an Amoritish king,
H6239,עוֹשֶׁר,37,riches.,
H6370,פִּילֶגֶשׁ פִּלֶגֶשׁ,37,gigolo,
H7122,קָרָא,37,"(by) chance, (cause to) come (upon), fall out, happen, meet",
H7141,קוֹרַח,37,the name of two Edomites and three Israelites,
H7778,שׁוֹעֵר שׁוֹעֵר,37,porter.,
H423,אָלָה,36,"(usually, in a bad sense) a curse",
H2574,חֲמָת,36,a place in Syria,
H2796,חָרָשׁ,36,"(+) carpenter, craftsman, engraver, maker, + mason, skilful, (+) smith, worker, workman, such as wrought.",
H2932,טּוּמאָה,36,unclean(-ness).,
H3157,יִזרְעֵאל,36,the name of two places in Israel and of two Israelites,
H3368,יָקָר,36,"clear, costly, excellent, fat, honourable women, precious, reputation.",
H3468,יֶשַׁע יֵשַׁע,36,"deliverance, prosperity",
H3665,כָּנַע,36,vanquish,
H3766,כָּרַע,36,to prostrate,
H4135,מוּל,36,(by implication) to blunt; (figuratively) to destroy,
H4136,מוּל מוֹל מוֹאל מוּל,36,"(by implication) the front; (used only adverbially, with prepositional prefix) opposite",
H4159,מוֹפֵת מוֹפֵת,36,"sign, wonder(-ed at).",
H4229,מָחָה,36,i.e. grease or make fat,
H4603,מָעַל,36,"to act covertly, i.e. treacherously",
H4709,מִצפָּה,36,the name of two places in Israel,
H4900,מָשַׁך,36,"used in a great variety of applications (including to sow, to sound, to prolong, to develop, to march, to remove, to delay, to be tall, etc.)",
H5116,נָוֶה נָוָה,36,"of God (temple), men (residence), flocks (pasture), or wild animals (den)",
H5236,נֵכָר,36,"or (concretely) a foreigner, or (abstractly) heathendom",
H5254,נָסָה,36,"assay, prove, tempt, try.",
H5643,סֵתֶר סִתרָה,36,a literal or a figurative sense),
H6040,עֳנִי,36,i.e. misery,
H6524,פָּרַח,36,(generally) to spread; (specifically) to fly (as extending the wings),
H6696,צּוּר,36,"i.e. confine (in many applications, literally and figuratively, formative or hostile)",
H6966,קוּם,36,"quwm (koom) v. 1. appoint, establish, make, raise up self, (a-)rise (up), (make to) stand, set (up) [(Aramaic) corresponding to H6965]  Root(s): H6965",
H7151,קִריָה,36,i.e. building],
H7186,קָשֶׁה,36,"cruel, grievous, hard((-hearted), thing), heavy, + impudent, obstinate, prevailed, rough(-ly), sore, sorrowful, stiff((necked)), stubborn, + in trouble.",
H7414,רָמָה,36,the name of four places in Israel,
H7561,רָשַׁע,36,violate,
H7832,שָׂחַק,36,"have in derision, laugh, make merry, mock(-er), play, rejoice, (laugh to) scorn, be in (make) sport.",
H8398,תֵּבֵל,36,"a participle) land, as Israel, Egypt, Babylon",
H8415,תְּהוֹם תְּהוֹם,36,especially the deep (the main sea or the subterranean water-supply),
H8643,תְּרוּעָה,36,"especially clangor of trumpets, as an alarum",
H212,אוֹפָן אוֹפָן,35,a wheel,
H339,אִי,35,"a coast, an island",
H816,אָשַׁם אָשֵׁם,35,"be(-come, made) desolate, destroy, X greatly, be(-come, found, hold) guilty, offend (acknowledge offence), trespass.",
H1653,גֶּשֶׁם,35,shower.,
H2236,זָרַק,35,"scatter, sprinkle, strew.",
H2377,חָזוֹן,35,"i.e. a dream, revelation, or oracle",
H3612,כָּלֵב,35,the name of three Israelites,
H4436,מַלכָּה,35,a queen,
H4932,מִשׁנֶה,35,"(by implication) a second (in order, rank, age, quality or location)",
H5358,נָקַם,35,i.e. avenge or punish,
H5401,נָשַׁק,35,through the idea of fastening up)],
H5514,סִינַי,35,mountain of Arabia,
H5695,עֵגֶל,35,especially one nearly grown (i.e. a steer),
H5705,עַד,35,"`ad (ad) prep. 1. (properly) a (peremptory) terminus 2. corresponding to H5704 3.  [(Aramaic)] KJV: X and, at, for, (hither-)to, on till, (un-)to, until, within.  See also: H5704",
H6189,עָרֵל,35,"used only technically, uncircumcised (i.e. still having the prepuce uncurtailed)",
H6231,עָשַׁק,35,"i.e. oppress, defraud, violate, overflow",
H6883,צָּרַעַת,35,leprosy,
H197,אוּלָם אוּלָם,34,a vestibule (as bound to the building),
H748,אָרַך,34,make) long (literally or figuratively),
H860,אָתוֹן,34,a female donkey (from its docility),
H884,בְּאֵר שֶׁבַע,34,a place in Israel,
H1361,גָּבַהּ,34,"be haughty, be (make) high(-er), lift up, mount up, be proud, raise up great height, upward.",
H1530,גַּל,34,"i.e. a heap of stone or dung (plural ruins), by analogy, a spring of water (plural waves)",
H1993,הָמָה,34,"to rage, war, moan, clamor",
H2399,חֵטא,34,"X grievously, offence, (punishment of) sin.",
H2518,חִלקִיָה חִלקִיָהוּ,34,the name of eight Israelites,
H2623,חָסִידּ,34,i.e. (religiously) pious (a saint),
H3051,יָהַב,34,reflexively) come,
H3409,יָרֵך,34,"flank, side",
H3563,כּוֹס,34,"(also) some unclean bird, probably an owl (perhaps from the cup-like cavity of its eye)",
H3618,כַּלָּה,34,"daughter-in-law, spouse.",
H3812,לֵאָה,34,a wife of Jacob,
H4318,מִיכָּה,34,the name of seven Israelites,
H5518,סִיר סִירָה סִרָה,34,"fishhook, pan, ((wash-))pot, thorn.",
H5678,עֶברָה,34,"rage, wrath.",
H5680,עִברִי,34,woman).,
H6845,צָּפַן,34,positively) to protect,
H6884,צָּרַף,34,i.e. refine (literally or figuratively),
H7107,קָצַף,34,i.e. (figuratively) burst out in rage,
H8184,שְׂעוֹרָה שְׂעוֹרָה שְׂעוֹר שְׂעוֹר,34,barley (as villose),
H8227,שָׁפָן,34,i.e. probably the hyrax,
H8615,תִּקוָה,34,"hope, live, thing that I long for.",
H8668,תְּשׁוּעָה תְּשׁוּעָה,34,"pers., national or spir.)",
H1416,גְּדוּד,33,"band (of men), company, troop (of robbers).",
H1661,גַּת,33,a Philistine city,
H2244,חָבָא,33,"hide (self), do secretly.",
H2280,חָבַשׁ,33,"(figuratively) to stop, to rule",
H2859,חָתַן,33,generally) to contract relationship (affinity) by marriage,
H3233,יְמָנִי,33,right (i.e. at the right hand),
H3830,לְבוּשׁ לְבוּשׁ,33,"clothed with, clothing, garment, raiment, vestment, vesture.",
H3876,לוֹט,33,Abraham's nephew,
H5020,נְבוּכַּדנֶצַּר,33,Nbuwkadnetstsar (neb-oo-kad-nets-tsar') n/p. 1. Nebuchadnezzar [(Aramaic) corresponding to H5019]  Root(s): H5019,
H5941,עֵלִי,33,an Israelite high-priest,
H6187,עֵרֶך,33,"equipment, estimate",
H6203,עוֹרֶף,33,literally or figuratively) the back in general,
H6212,עֶשֶׂב,33,herb.,
H6241,עִשָּׂרוֹן עִשָּׂרוֹן,33,(fractional) a tenth part,
H6654,צַּד,33,a side; (figuratively) an adversary,
H6779,צָּמַח,33,literal or figurative),
H7045,קְלָלָה,33,- ing).,
H7440,רִנָּה,33,i.e. shout (of joy or grief),
H8328,שֶׁרֶשׁ,33,"deep, heel, root.",
H325,אֲחַשׁוֵרוֹשׁ אַחַשׁרוֹשׁ,32,"but in this case Xerxes), the title (rather than name) of a Persian king",
H591,אָנִיָה,32,a ship,
H759,אַרמוֹן,32,palace.,
H1436,גְּדַליָה גֶּדַליָהוּ,32,the name of five Israelites,
H1840,דָּנִיֵאל דָּנִאֵל,32,the name of two Israelites,
H2474,חַלּוֹן,32,window,
H2600,חִנָּם,32,"i.e. devoid of cost, reason or advantage",
H2876,טַּבָּח,32,guard.,
H2898,טּוּב,32,(especially) goodness; (superlative concretely) the best,
H3243,יָנַק,32,to give milk,
H3582,כָּחַד,32,hence (intensively) to destroy,
H3611,כֶּלֶב,32,or else to attack],
H3715,כְּפִיר,32,village.,
H3972,מְאוּמָה,32,nothing,
H4219,מִזרָק,32,bowl.,
H4283,מָחֳרָת מָחֳרָתָם,32,next day.,
H4643,מַעֲשֵׂר מַעֲשַׂר מַעַשׂרָה,32,tithe(-ing).,
H4676,מַצֵּבָה,32,"by analogy, an idol",
H5592,סַף,32,in its original sense of containing],
H5594,סָפַד,32,to wail,
H5645,עָב,32,"specifically, a (scud) cloud; also a copse",
H5774,עוּף,32,עוף,
H5980,עוּמָּה,32,"mostly adverb or preposition (with prepositional prefix), near, beside, along with",
H6442,פְּנִימִי,32,- ward).,
H6486,פְּקוּדָּה,32,chiefly official),
H6591,פְּשַׁר,32,pshar (pesh-ar') n-m. 1. an interpretation [(Aramaic) from H6590] KJV: interpretation.  Root(s): H6590,
H6643,צְּבִי,32,"glorious (-ry), goodly, pleasant, roe(-buck).",
H6955,קְהָת,32,an Israelite,
H7065,קָנָא,32,"make) zealous, i.e. (in a bad sense) jealous or envious",
H7262,רַבשָׁקֵה,32,a Bab. official,
H7416,רִמּוֹן רִמּוֹן,32,the tree (from its upright growth) or the fruit (also an artificial ornament),
H7887,שִׁילוֹה שִׁלוֹה שִׁילוֹ שִׁלוֹ,32,a place in Israel,
H8426,תּוֹדָה,32,"specifically, a choir of worshippers","(సరిగ్గా) చేతి యొక్క పొడిగింపు; (సూచన ద్వారా) అవోవల్, లేదా (సాధారణంగా) ఆరాధన"
H676,אֶצבַּע,31,toe.,
H1406,גָּג,31,the top of an altar,
H1497,גָּזַל,31,strip or rob,
H2370,חֲזָא חֲזָה,31,"chaza' (khaz-aw') ((Aramaic) or chazah (Aramaic) {khaz-aw'}) v. 1. to gaze upon 2. mentally to dream, be usual (i.e. seem) [corresponding to H2372] KJV: behold, have (a dream), see, be wont.  Root(s): H2372",
H2563,חוֹמֶר,31,"of earth, mire or clay (cement); also a heap",
H2919,טַּל,31,dew (as covering vegetation),
H2934,טָּמַן,31,"lay privily, in secret.",
H3123,יוֹנָה,31,pigeon.,
H3213,יָלַל,31,be howling.,
H3341,יָצַת,31,"be desolate, set (on) fire ((fire)), kindle.",
H3629,כִּליָה,31,reins.,
H4327,מִין,31,i.e. species,
H5003,נָאַף,31,"commit(-ing) adultery, woman that breaketh wedlock.",
H5087,נָדַר,31,to do or give something to God),
H5090,נָהַג,31,(reflexively) to proceed (i.e. to impel or guide oneself); (from the panting induced by effort) to sigh,
H5175,נָחָשׁ,31,a snake (from its hiss),
H5521,סוּכָּה,31,"cottage, covert, pavilion, tabernacle, tent.",
H6099,עָצוּם עָצוּם,31,"great, mighty, must, strong.",
H7857,שָׁטַף,31,"(by analogy) to gallop, conquer",
H8071,שִׂמלָה,31,especially a mantle,
H54,אֶביָתָר,30,an Israelite,
H543,אָמֵן,30,truly,
H1314,בֶּשֶׂם בּוֹשֶׂם,30,"spice, sweet (odour).",
H1322,בּוֹשֶׁת,30,"(by implication, specifically) an idol",
H1819,דָּמָה,30,"liken, consider",
H1826,דָּמַם,30,(also) to perish,
H1926,הָדָר,30,i.e. ornament or splendor,
H2406,חִטָּה,30,whether the grain or the plant,
H3316,יִפתָּח,30,also a place in Israel,
H3411,יְרֵכָה,30,"i.e. ""ends of the earth""",
H3568,כּוּשׁ,30,also of an Israelite,
H3639,כְּלִמָּה,30,"dishonour, reproach, shame.",
H3978,מַאֲכָל,30,flesh and fruit),
H5126,נוּן נוֹן,30,"Nun or Non, the father of Joshua",
H5867,עֵילָם עוֹלָם,30,"Elam, a son of Shem and his descendants, with their country; also of six Israelites",
H6032,עֲנָה,30,"`anah (an-aw') v. 1. answer, speak [(Aramaic) corresponding to H6030]  Root(s): H6030",
H6459,פֶּסֶל,30,an idol,
H7257,רָבַץ,30,"be implication, to recline, repose, brood, lurk, imbed",
H7259,רִבקָה,30,the wife of Isaac,
H7493,רָעַשׁ,30,"also a field of grain), partic. through fear; specifically, to spring (as a locust)",
H7562,רֶשַׁע,30,wicked(-ness).,
H7621,שְׁבוּעָה,30,i.e. an oath,
H8573,תְּנוּפָה,30,the official undulation of sacrificial offerings,
H607,אַנתָּה,29,"antah (an-taw') p/p. 1. thou [(Aramaic) corresponding to H859] KJV: as for thee, thou.  Root(s): H859",
H974,בָּחַן,29,"prove, tempt, try (trial).",
H1259,בָּרָד,29,hail,
H2154,זִמָּה זַמָּה,29,especially a bad one,
H2254,חָבַל,29,"specifically, by a pledge; (figuratively) to pervert, destroy",
H2266,חָבַר,29,"be compact, couple (together), have fellowship with, heap up, join (self, together), league.",
H2492,חָלַם,29,חלם,
H2513,חֶלקָה,29,"flattering(-ry), ground, parcel, part, piece of land (ground), plat, portion, slippery place, smooth (thing).",
H2608,חֲנַניָה חֲנַניָהוּ,29,the name of thirteen Israelites,
H2689,חֲצוֹצְרָה,29,a trumpet (from its sundered or quavering note),
H3088,יְהוֹרָם,29,the name of a Syrian and of three Israelites,
H3259,יָעַד,29,betroth,
H3442,יֵשׁוַּע,29,"the name of ten Israelites, also of a place in Israel",
H3577,כָּזָב,29,"false, leasing, + liar, lie, lying.",
H3801,כְּתוֹנֶת כּוּתּתּוֹנֶת,29,"garment, robe.",
H3836,לָבָן לָבֵן,29,white,
H4296,מִטָּה,29,"a sofa, litter or bier",
H4513,מָנַע,29,"keep (back), refrain, restrain, withhold.",
H4604,מַעַל,29,i.e. sin,
H5079,נִדָּה,29,"incest, adultery, etc.)",
H6224,עֲשִׂירִי,29,tenth month or (feminine) part,
H6260,עַתּתּוּד עַתּתּוּד,29,"spoken only (in plural) of he-goats, or (figuratively) leaders of the people",
H6438,פִּנָּה,29,"chief, corner, stay, tower.",
H6509,פָּרָה,29,"bring forth (fruit), (be, cause to be, make) fruitful, grow, increase.",
H6903,קְבֵל קֳבֵל,29,"qbel (keb-ale') ((Aramaic) or qobel (Aramaic) {kob-ale'}) prep. 1. (adverbially) in front of 2. usually (with other particles) on account of, so as, since, hence [corresponding to H6905] KJV: + according to, + as, + because, before, + for this cause, + forasmuch as, + by this means, over against, by reason of, + that, + therefore, + though, + wherefore.  Root(s): H6905",
H7110,קֶצֶף,29,"indignation, X sore, wrath.",
H8213,שָׁפֵל,29,"to humiliate, intransitive or transitive)",
H8300,שָׂרִידּ,29,"left, remain(- ing), remnant, rest.",
H183,אָוָה,28,"(greatly) desire, be desirous, long, lust (after).",
H550,אַמנוֹן אֲמִינוֹן,28,a son of David,
H1065,בְּכִי,28,a dripping,
H1201,בַּעשָׁא,28,a king of Israel,
H1310,בָּשַׁל,28,"boil, bring forth, roast, seethe, sod (be sodden).",
H2426,חֵיל חֵל,28,"bulwark, host, + poor, rampart, trench, wall.",
H2449,חָכַם,28,"teach wisdom, be (make self, shew self) wise, deal (never so) wisely, make wiser",
H2498,חָלַף,28,"pass on, spring up, pierce or change",
H2895,טּוֹב,28,"cheer, be (do, seem) good, (make) goodly, X please, (be, do, go, play) well",
H3052,יְהַב,28,"yhab (yeh-hab') v. 1. (literal or figurative) to give [(Aramaic) corresponding to H3051] KJV: deliver, give, lay, + prolong, pay, yield.  Root(s): H3051",
H3474,יָשַׁר,28,"to make) right, pleasant, prosperous",
H4487,מָנָה,28,"count, number, prepare, set, tell.",
H4541,מַסֵּכָה,28,"(by implication) a libation, i.e. league; (concretely) a coverlet (as if poured out)",
H4598,מְעִיל,28,"coat, mantle, robe.",
H5074,נָדַד,28,"flee, or (causatively) to drive away",
H5081,נָדִיבּ,28,"(hence) magnanimous; as noun, a grandee (sometimes a tyrant)",
H5488,סוּף,28,especially the papyrus,
H5648,עֲבַד,28,"`abad (ab-bad') v. 1. to do, make, prepare, keep, etc [(Aramaic) corresponding to H5647] KJV: X cut, do, execute, go on, make, move, work.  Root(s): H5647",
H5956,עָלַם,28,i.e. conceal (literally or figuratively),
H6346,פֶּחָה,28,"deputy, governor.",
H6413,פְּלֵיטָּה פְּלֵטָה,28,"(that is) escape(-d), remnant.",
H6539,פָּרַס,28,"an Eastern country, including its inhabitants",
H6601,פָּתָה,28,"usually figuratively (in a mental or moral sense) to be (causatively, make) simple or (in a sinister way) delude",
H7185,קָשָׁה,28,i.e. tough or severe (in various applications),
H7399,רְכוּשׁ רְכוּשׁ,28,"riches, substance.",
H7848,שִׁטָּה שִׁטִּים,28,meaning the sticks of wood) from the same as H7850],
H7939,שָׂכָר,28,"(by implication) compensation, benefit",
H8003,שָׁלֵם,28,"just, made ready, peaceable, perfect(-ed), quiet, Shalem (by mistake for a name), whole.",
H8066,שְׁמִינִי,28,eight,
H8181,שֵׂעָר שַׂעַר,28,X rough.,
H8251,שִׁקּוּץ שִׁקּוּץ,28,(especially) idolatrous; (concretely) an idol,
H8345,שִׁשִּׁי,28,ord. or (feminine) fractional,
H8392,תֵּבָה,28,a box,
H8433,תּוֹכֵחָה תּוֹכַחַת,28,"refutation, proof (even in defence)",
H8518,תָּלָה,28,to suspend (especially to gibbet),
H8577,תַּנִּין תַּנִּים,28,i.e. sea-serpent or jackal,
H8659,תַּרשִׁישׁ,28,(hence) the ephithet of a merchant vessel (as if for or from that port); (also) the name of a Persian and of an Israelite,
H117,אַדִּיר,27,"famous, gallant, glorious, goodly, lordly, mighty(- ier one), noble, principal, worthy.",
H361,אֵילָם אֵלָם אֵלַמָּה,27,i.e. a pale (or portico),
H606,אֱנָשׁ אֱנַשׁ,27,"enash (en-awsh') ((Aramaic) or renash (Aramaic) {en-ash'}) n-m. 1. a man [corresponding to H582] KJV: man, + whosoever.  Root(s): H582",
H1100,בְּלִיַעַל,27,"by extension, destruction, wickedness (often in connection with H0376, H0802, H1121, etc.)",
H2204,זָקֵן,27,be (wax) old (man).,
H2713,חָקַר,27,"(make) search (out), seek (out), sound, try.",
H2820,חָשַׂך,27,"spare, preserve",
H2856,חָתַם,27,"mark, seal (up), stop.",
H3104,יוֹבֵל יוֹבֵל,27,(hence) the instrument itself and the festival thus introduced,
H3727,כַּפּוֹרֶת,27,a lid (used only of the cover of the sacred Ark),
H3887,לוּץ,27,"(hence, from the effort to pronounce a foreign language) to interpret; (generally) intercede",
H4161,מוֹצָא מוֹצָא,27,"(hence) a source or product; specifically, dawn, the rising of the sun (the East), exportation, utterance, a gate, a fountain, a mine, a meadow (as producing grass)",
H4170,מוֹקֵשׁ מוֹקֵשׁ,27,"gin, (is) snare(-d), trap.",
H4546,מְסִלָּה,27,"specifically a viaduct, a staircase",
H5360,נְקָמָה,27,whether the act of the passion,
H5423,נָתַק,27,"burst, draw (away), lift up, pluck (away, off), pull (out), root out.",
H5818,עוּזִּיָה עוּזִּיָהוּ,27,the name of five Israelites,
H6341,פַּח,27,"(thin) plate, snare.",
H7136,קָרָה,27,"specifically, to impose timbers (for roof or floor)",
H7287,רָדָה,27,"specifically, to crumble off",
H7797,שׂוּשׂ שִׂישׂ,27,i.e. cheerful,
H7854,שָׂטָן,27,the arch-enemy of good,
H7967,שַׁלּוּם שַׁלּוּם,27,the name of fourteen Israelites,
H8052,שְׁמוּעָה,27,i.e. an announcement,
H8056,שָׂמֵַח,27,"joyful, (making) merry((-hearted), -ily), rejoice(-ing).",
H138,אֲדוֹנִיָה אֲדוֹנִיָהוּ,26,the name of three Israelites,
H191,אֱוִיל,26,(figuratively) silly,
H1263,בָּרוּך,26,the name of three Israelites,
H1290,בֶּרֶך,26,a knee,
H1952,הוֹן,26,"+ for nought, riches, substance, wealth.",
H2905,טּוּר,26,a row; (hence) a wall,
H3021,יָגַע,26,"to tire, to toil",
H3390,יְרוּשָׁלֵם,26,"Yruwshalem (yer-oo-shaw-lame') n/l. 1. founded peaceful 2. Jerushalem, the capital city of Israel [(Chald) Corresponding to H3389] KJV: Jerusalem.  Root(s): H3389",
H3394,יָרֵַח,26,the moon,
H3569,כּוּשִׁי,26,or descendant of Cush,
H3708,כַּעַס כַּעַשׂ,26,"angry, grief, indignation, provocation, provoking, X sore, sorrow, spite, wrath.",
H3867,לָוָה,26,also to borrow (as a form of obligation) or (caus.) to lend,
H4046,מַגֵּפָה,26,defeat,
H4692,מָצוֹר מָצוּר,26,"bulwark, defence, fenced, fortress, siege, strong (hold), tower.",
H4888,מִשׁחָה מָשׁחָה,26,ointment.,
H5071,נְדָבָה,26,(adjectively) spontaneous; (concretely) a spontaneous,
H5404,נֶשֶׁר,26,the eagle (or other large bird of prey),
H5410,נָתִיבּ נְתִיבָּה נְתִבָה,26,"X travel(-ler), way.",
H5591,סַעַר סְעָרָה,26,"tempest, whirlwind.",
H5713,עֵדָה,26,witness.,
H5787,עִוֵּר,26,people).,
H5833,עֶזרָה עֶזרָת,26,-er).,
H6035,עָנָו עָנָיו,26,"in mind (gentle) or circumstances (needy, especially saintly)",
H6504,פָּרַד,26,i.e. spread or separate (oneself),
H6510,פָּרָה,26,"heifer, kine.",
H6685,צּוֹם צּוֹם,26,a fast,
H6870,צְּרוּיָה,26,an Israelitess,
H6923,קָדַם,26,"(hence) to anticipate, hasten, meet (usually for help)",
H7270,רָגַל,26,(as denominative from H7272) to lead about,
H7358,רֶחֶם,26,womb.,
H7605,שְׁאָר,26,"remnant, residue, rest.",
H7761,שׂוּם,26,"suwm (soom) v. 1. + command, give, lay, make, + name, + regard, set [(Aramaic) corresponding to H7760]  Root(s): H7760",
H29,אֲבִיָה אֲבִיָהוּ,25,the name of several Israelite men and two Israelitesses,
H52,אֲבִישַׁי אַבשַׁי,25,an Israelite,
H200,אִוֶּלֶת,25,foolishly(-ness).,
H644,אָפָה,25,especially to bake,
H769,אַרנוֹן אַרנוֹן,25,"a river east of the Jordan, also its territory",
H895,בָּבֶל,25,Babel (baw-bel') n/l. 1. Babylon [(Aramaic) corresponding to H894]  Root(s): H894,
H957,בַּז,25,"prey, spoil(-ed).",
H1130,בֶּן ־ הֲדַד,25,the name of several Syrian kings,
H1396,גָּבַר,25,act insolently,
H1823,דְּמוּת,25,(adverbially) like,
H1897,הָגָה,25,"meditate, mourn, mutter, roar, X sore, speak, study, talk, utter.",
H2340,חִוִּי,25,one of the aboriginal tribes of Israel,
H2435,חִיצּוֹן,25,"outward, utter, without.",
H2438,חִירָם חִירוֹם,25,the name of two Tyrians,
H2532,חֶמדָּה,25,"goodly, pleasant, precious.",
H2672,חָצַב חָצֵב,25,"(by implication) to hew, split, square, quarry, engrave",
H2833,חוֹשֶׁן,25,"or rich (as containing gems), used only of the gorget of the highpriest",
H2963,טָּרַף,25,"X without doubt, feed, ravin, rend in pieces, X surely, tear (in pieces).",
H3996,מָבוֹא,25,(adverb with preposition) towards,
H4539,מָסָך,25,i.e. veil,
H4775,מָרַד,25,to rebel,
H4918,מְשׁוּלָּם,25,the name of seventeen Israelites,
H5006,נָאַץ,25,"(give occasion to) blaspheme, contemn, despise, flourish, X great, provoke.",
H5028,נְבָט,25,the father of Jeroboam I,
H5034,נָבֵל,25,(figuratively) to be foolish or (morally) wicked,
H5110,נוּד,25,"(figuratively) to wander, flee, disappear; (from shaking the head in sympathy) to console, deplore",
H5145,נֶזֶר נֵזֶר,25,concretely) unshorn locks,
H5258,נָסַך,25,"by analogy, to anoint a king",
H5344,נָקַב,25,"literally (to perforate, with more or less violence) or figuratively (to specify, designate, libel)",
H5699,עֲגָלָה,25,i.e. a wheeled vehicle,
H6227,עָשָׁן,25,"literally or figuratively (vapor, dust, anger)",
H6342,פָּחַד,25,"stand in awe, (be in) fear, make to shake.",
H6372,פִּינְחָס,25,the name of three Israelites,
H6403,פָּלַט,25,"causatively, to deliver",
H6532,פּוֹרֶכֶת,25,i.e. (the sacred) screen,
H6597,פִּתאוֹם פִּתאוֹם,25,sudden(-ly).,
H7337,רָחַב,25,literal or figurative),
H7497,רָפָא רָפָה,25,"Rapha, Rephaim(-s). See also H1051.",
H7701,שׁוֹד שׁוֹד,25,ravage,
H7837,שַׁחַר,25,figurative or adverbial),
H7860,שׁוֹטֵר,25,i.e. (by analogy or implication) an official superintendent or magistrate,
H8025,שָׁלַף,25,up or off,
H8032,שִׁלשׁוֹם שִׁלשׁוֹם,25,i.e. (in time) day before yesterday,
H8444,תּוֹצָאָה תּוֹצָאָה,25,"i.e. (geographical) boundary, or (figuratively) deliverance, (actively) source",
H8467,תְּחִנָּה,25,entreaty,
H8559,תָּמָר,25,the name of three women and a place,
H60,אֵבֶל,24,lamentation,
H188,אוֹי,24,woe.,
H281,אֲחִיָה אֲחִיָהוּ,24,the name of nine Israelites,
H343,אֵידּ,24,ruin,
H697,אַרבֶּה,24,locust.,
H1162,בּוֹעַז,24,also the name of a pillar in front of the temple,
H1319,בָּשַׂר,24,"preach, publish, shew forth, (bear, bring, carry, preach, good, tell good) tidings.",
H1478,גָּוַע,24,"be dead, give up the ghost, perish.",
H1777,דִּין דּוּן,24,i.e. sail direct,
H1935,הוֹד,24,"comeliness, excellency, glorious, glory, goodly, honour, majesty.",
H2146,זִכרוֹן,24,day or writing),
H2347,חוּס,24,i.e. (figuratively) to compassionate,
H2483,חֳלִי,24,"anxiety, calamity",
H2942,טְּעֵם,24,"t`em (teh-ame') n-m. 1. (properly) flavor 2. (figuratively) judgment (both subjective and objective) 3. (hence) account (both subj. and obj.) [(Aramaic) from H2939, and equivalent to H2941] KJV: + chancellor, + command, commandment, decree, + regard, taste, wisdom.  Root(s): H2939, H2941",
H3003,יָבֵשׁ יָבֵישׁ,24,the name of an Israelite and of a place in Israel,
H3110,יוֹחָנָן,24,the name of nine Israelites,
H3147,יוֹתָם,24,the name of three Israelites,
H3462,יָשֵׁן,24,stale or inveterate,
H3489,יָתֵד,24,"paddle, pin, stake.",
H3518,כָּבָה,24,"light, anger)",
H3760,כַּרמֶל,24,the name of a hill and of a town in Israel,
H3805,כּוֹתֶרֶת,24,the capital of a column,
H3863,לוּא לוּא לוּ,24,"peradventure, I pray thee, though, I would, would God (that).",
H3923,לָכִישׁ,24,a place in Israel,
H4350,מְכוֹנָה מְכוֹנָה,24,also a spot,
H4406,מִלָּה,24,"millah (mil-law') n-f. 1. a word, command, discourse, or subject [(Aramaic) corresponding to H4405] KJV: commandment, matter, thing. word.  Root(s): H4405",
H4410,מְלוּכָה,24,i.e. a realm,
H5137,נָזָה,24,i.e. besprinkle (especially in expiation),
H5397,נְשָׁמָה,24,"i.e. wind, angry or vital breath, divine inspiration, intellect. or (concretely) an animal",
H5526,סָכַך שָׂכַך,24,(figuratively) to protect,
H5688,עֲבוֹת עֲבוֹת עֲבוֹתָה,24,"i.e. a string, wreath or foliage",
H5794,עַז,24,"vehement, harsh",
H5949,עֲלִילָה עֲלִלָה,24,(by implication) an opportunity,
H6412,פָּלִיטּ פָּלֵיטּ פָּלֵט,24,"-th), fugitive.",
H6456,פְּסִיל,24,quarry.,
H6490,פִּקּוּד פִּקּוּד,24,"plural only, collectively, for the Law)",
H6672,צּוֹהַר,24,"noon(-day, -tide), window.",
H6810,צָּעִיר צָּעוֹר,24,(in value) ignoble,
H7326,רוּשׁ,24,"needy, (make self) poor (man).",
H7699,שַׁד שׁוֹד,24,"pap, teat.",
H7921,שָׁכוֹל,24,"by analogy, to bereave (literally or figuratively)",
H8537,תּוֹם,24,"integrity, perfect(-ion), simplicity, upright(-ly, -ness), at a venture. See H8550.",
H906,בַּד,23,flaxen thread or yarn; (hence) a linen garment,
H1548,גָּלַח,23,figuratively to lay waste,
H1722,דְּהַב,23,dhab (deh-hab') n-m. 1. gold [(Aramaic) corresponding to H2091] KJV: gold(- en).  Root(s): H2091,
H1832,דִּמעָה,23,weeping,
H2094,זָהַר,23,"shine, teach, (give) warn(-ing).",
H2143,זֵכֶר זֶכֶר,23,(by implication) commemoration,
H2344,חוֹל,23,sand (as round or whirling particles),
H2371,חֲזָאֵל חֲזָהאֵל,23,a king of Syria,
H2664,חָפַשׂ,23,"to conceal oneself (i.e. let be sought), or mask",
H2964,טֶּרֶף,23,"i.e. a fragment, e.g. a fresh leaf, prey, food",
H3276,יַעַל,23,"set forward, can do good, (be, have) profit, (able).",
H3323,יִצהָר,23,oil (as producing light); (figuratively) anointing,
H3547,כָּהַן,23,"apparently meaning to mediate in religious services, but used only as denominative from H3548]",
H3595,כִּיוֹר כִּיוֹר,23,hence (from similarity of form) a washbowl; (for the same reason) a pulpit or platform,
H4334,מִישׁוֹר מִישׁוֹר,23,"(figuratively) concord; also straightness, i.e. (figuratively) justice (sometimes adverbially, justly)",
H4417,מֶלַח,23,i.e. (specifically) salt (as easily pulverized and dissolved,
H4522,מַס מִס,23,i.e. a tax in the form of forced labor,
H4599,מַעיָן מַעיְנוֹ מַעיָנָה,23,"figuratively, a source (of satisfaction)",
H4641,מַעֲשֵׂיָה מַעֲשֵׂיָהוּ,23,the name of sixteen Israelites,
H4686,מָצוּד מְצוּדָה מְצוּדָה,23,also a fastness,
H4744,מִקרָא,23,also a rehearsal,
H4805,מְרִי,23,"(most) rebel(-lion, -lious).",
H5065,נָגַשׂ,23,"(by implication) to tax, harass, tyrannize",
H5227,נוֹכַח,23,"opposite, in front of, forward, in behalf of",
H5850,עֲטָרָה,23,a crown,
H6148,עָרַב,23,"technically, to traffic (as if by barter); also or give to be security (as a kind of exchange)",
H6223,עָשִׁיר,23,whether literal or figurative (noble),
H6522,פְּרִזִּי,23,one of the Canaanitish tribes,
H6974,קוּץ,23,"(be) (a-)wake, watch.",
H7281,רֶגַע,23,"moment, space, suddenly",
H7614,שְׁבָא,23,the name of three early progenitors of tribes and of an Ethiopian district,
H7810,שַׁחַד,23,"gift, present, reward.",
H7845,שַׁחַת,23,"destruction, ditch, grave, pit.",
H7941,שֵׁכָר,23,i.e. intensely alcoholic liquor,
H8142,שֵׁנָה שֵׁנָא,23,sleep,
H8254,שָׁקַל,23,"receive(-r), spend, X throughly, weigh.",
H8446,תּוּר,23,"guide) about, especially for trade or reconnoitring",
H8462,תְּחִלָּה,23,-ly),
H8486,תֵּימָן תֵּמָן,23,"-ward, wind).",
H8543,תְּמוֹל תְּמוֹל,23,"especially yesterday, or (with H8032) day before yesterday",
H348,אִיזֶבֶל,22,the wife of king Ahab,
H665,אֵפֶר,22,ashes,
H1124,בְּנָא בְּנָה,22,"bna' (ben-aw') ((Aramaic) or bnah (Aramaic) {ben-aw'}) v. 1. to build [corresponding to H1129] KJV: build, make.  Root(s): H1129",
H1145,בֶּן ־ יְמִינִי בֶּן ־ הַ ־ יְמִנִי בֶּן ־ אִישׁ יְמִינִי,22,or descendent of Benjamin,
H1215,בֶּצַע,22,gain (usually unjust),
H1438,גָּדַע,22,"in sunder, down, off), hew down.",
H1639,גָּרַע,22,"remove, lessen, withhold",
H1881,דָּת,22,"commission, decree, law, manner",
H1932,הוּא הִיא,22,"huw (hoo) ((Aramaic) or (feminine) hiyo (Aramaic) {he}) p/p. 1. (the third person pronoun singular) he, she, or it 2. (sometimes, as demonstrative) this or that 3. (occasionally, instead of copula) as or are [corresponding to H1931] KJV: X are, it, this.  See also: H1931",
H1969,הִין,22,a hin or liquid measure,
H2195,זַעַם,22,i.e. (figuratively) fury (especially of God's displeasure with sin),
H2374,חוֹזֶה,22,"prophet, see that, seer, (star-)gazer.",
H2493,חֵלֶם,22,chelem (khay'-lem) n-m. 1. a dream [(Aramaic) from a root corresponding to H2492] KJV: dream.  Root(s): H2492,
H2658,חָפַר,22,to explore,
H3584,כָּחַשׁ,22,"in word (to lie, feign, disown) or deed (to disappoint, fail, cringe)",
H3971,מאוּם מוּם,22,"blot, spot.",
H4138,מוֹלֶדֶת,22,native country,
H4289,מַחתָּה,22,"firepan, snuffdish.",
H4353,מָכִיר,22,an Israelite,
H4496,מְנוּחָה מְנוּחָה,22,concretely) an abode,
H4601,מַעֲכָה מַעֲכָת,22,"the name of a place in Syria, also of a Mesopotamian, of three Israelites, and of four Israelitesses and one Syrian woman",
H4929,מִשׁמָר,22,"(figuratively) a deposit; (as observed, abstractly) a usage",
H4962,מַת,22,"X friends, men, persons, X small.",
H5022,נָבוֹת,22,an Israelite,
H5037,נָבָל,22,an Israelite,
H5275,נַעַל נַעֲלָה,22,"a refusal to marry, or of something valueless)",
H5310,נָפַץ,22,or scatter,
H5347,נְקֵבָה,22,female (from the sexual form),
H5619,סָקַל,22,"gather out, throw) stone(-s), X surely.",
H5633,סֶרֶן,22,plate.,
H5747,עוֹג,22,a king of Bashan,
H5828,עֵזֶר,22,aid,
H5830,עֶזרָא,22,an Israelite,
H5974,עִם,22,"`im (eem) prep. 1. by, from, like, to(-ward), with [(Aramaic) corresponding to H5973]  Root(s): H5973",
H6138,עֶקרוֹן,22,a place in Israel,
H6297,פֶּגֶר,22,(figuratively) an idolatrous image,
H6581,פָּשָׂה,22,to spread,
H6721,צִּידּוֹן צִּידּוֹן,22,"the name of a son of Canaan, and of a place in Israel",
H6793,צִּנָּה,22,"cold, hook, shield, target.",
H7050,קֶלַע,22,or the valve (of the door) itself,
H7080,קָסַם,22,(by implication) to divine,
H7433,רָמוֹת גִּלעָד רָמוֹת גִּלעָד,22,a place East of the Jordan,
H7568,רֶשֶׁת,22,a net (as catching animals),
H7926,שְׁכֶם,22,"X consent, portion, shoulder.",
H8133,שְׁנָא,22,"shna' (shen-aw') v. 1. alter, change, (be) diverse [(Aramaic) corresponding to H8132]  Root(s): H8132",
H8138,שָׁנָה,22,"transitive or intransitive) to transmute, transform, alter",
H8172,שָׁעַן,22,"lie, rely, rest (on, self), stay.",
H8259,שָׁקַף,22,be a spectacle),
H8342,שָׂשׂוֹן שָׂשׂוֹן,22,welcome,
H8457,תַּזנוּת תַּזנוּת,22,i.e. (figuratively) idolatry,
H8581,תָּעַב,22,i.e. (morally) detest,
H384,אִיתִּיאֵל,21,"the name of an Israelite, also of a symbolical person",
H396,אֲכִילָה,21,i.e. food,
H446,אֱלִיאָב,21,the name of six Israelites,
H457,אֱלִיל,21,specifically an idol,
H511,אֶלקָנָה,21,the name of several Israelites,
H772,אֲרַע,21,"ara` (ar-ah') n-m. 1. the earth 2. (by implication) (figuratively) low [(Aramaic) corresponding to H776] KJV: earth, interior.  Root(s): H776",
H857,אָתָה אָתָא,21,"things to) come (upon), bring.",
H1053,בֵּיתּ שֶׁמֶשׁ,21,a place in Israel,
H1300,בָּרָק,21,"glitter(-ing sword), lightning.",
H1400,גְּבַר,21,"gbar (gheb-ar') n-m. 1. certain, man [(Aramaic) corresponding to H1399]  Root(s): H1399",
H1779,דִּין דּוּן,21,(by implication) also strife,
H1909,הֲדַדעֶזֶר,21,a Syrian king,
H2216,זְרוּבָּבֶל,21,"Zerubbabel, an Israelite",
H2226,זֶרַח,21,"the name of three Israelites, also of an Idumaean and an Ethiopian prince",
H2363,חוּשׁ,21,ready.,
H2486,חָלִילָה חָלִלָה,21,(X God) forbid.,
H2530,חָמַד,21,"greatly beloved, covet, delectable thing, (X great) delight, desire, goodly, lust, (be) pleasant (thing), precious (thing).",
H2637,חָסֵר,21,"want, lessen",
H2682,חָצִיר,21,from the greenness of a courtyard],
H3617,כָּלָה,21,also destruction,
H3828,לְבוֹנָה לֶבוֹנָה,21,frankincense (from its whiteness or perhaps that of its smoke),
H3895,לְחִי,21,jaw (bone).,
H4039,מְגִלָּה,21,volume.,
H4185,מוּשׁ,21,whether intransitive or transitive),
H4549,מָסַס,21,"to faint (with fatigue, fear or grief)",
H4591,מָעַט,21,"intransitively, to be (or causatively, to make) small or few (or figuratively, ineffective)",
H5281,נָעֳמִי,21,an Israelitess,
H5413,נָתַך,21,"gather (together), melt, pour (forth, out).",
H5428,נָתַשׁ,21,"forsake, pluck (out, up, by the roots), pull up, root out (up), X utterly.",
H5475,סוֹד,21,"(by implication) intimacy, consultation, a secret",
H5503,סָחַר,21,to palpitate,
H5516,סִיסְרָא,21,the name of a Canaanitish king and of one of the Nethinim,
H5768,עוֹלֵל עוֹלָל,21,"(young) child, infant, little one.",
H5804,עַזָּה,21,a place in Israel,
H6491,פָּקַח,21,(figuratively) to be observant,
H6541,פַּרסָה,21,"(cloven-)footed, hoof.",
H6684,צּוּם,21,i.e. to fast,
H6818,צַּעֲקָה,21,a shriek,
H6957,קַו קָו,21,"(figuratively) a rule; (also) a rim, a musical string or accord",
H7027,קִישׁ,21,the name of five Israelites,
H7342,רָחָב,21,"in any (or every) direction, literally or figuratively",
H7580,שָׁאַג,21,roar.,
H7666,שָׁבַר,21,sell.,
H7686,שָׁגָה,21,"by extension (through the idea of intoxication) to reel, (figuratively) be enraptured",
H7737,שָׁוָה,21,"(figuratively) to resemble; (by implication) to adjust (i.e. counterbalance, be suitable, compose, place, yield, etc.)",
H7768,שָׁוַע,21,"to halloo (for help, i.e. freedom from some trouble)",
H7800,שׁוּשַׁן,21,a place in Persia,
H7806,שָׁזַר,21,to twist (a thread of straw),
H7817,שָׁחַח,21,"bow (down), bring (cast) down, couch, humble self, be (bring) low, stoop.",
H7834,שַׁחַק,21,the firmament,
H7878,שִׂיַח,21,"and hence, aloud) or (transitively) utter",
H7934,שָׁכֵן,21,a fellow-citizen,
H7936,שָׂכַר סָכַר,21,"hire (out self), reward, X surely.",
H8378,תַּאֲוָה,21,"desire, X exceedingly, X greedily, lust(ing), pleasant. See also H6914.",
H8551,תָּמַך,21,"(figuratively) to help, follow close",
H296,אֲחִיקָם,20,an Israelite,
H302,אֲחִיתּוֹפֶל,20,an Israelite,
H1237,בִּקעָה,20,valley.,
H1265,בְּרוֹשׁ,20,a cypress (?) tree; (hence) a lance or a musical instrument (as made of that wood),
H2186,זָנַח,20,remove far away (off),
H2423,חֵיוָא,20,cheyva' (khay-vaw') n-f. 1. an animal [(Aramaic) from H2418] KJV: beast.  Root(s): H2418,
H2860,חָתָן,20,"husband, son in law.",
H3038,יְדוּתוּן יֶדוּתוּן יֶדִיתּוּן,20,an Israelite,
H3059,יְהוֹאָחָז,20,the name of three Israelites,
H3141,יוֹרָם,20,the name of three Israelites and one Syrian,
H3247,יְסוֹד,20,"foundation, repairing",
H4120,מְהֵרָה,20,"quickly, shortly, soon, make (with) speed(-ily), swiftly.",
H4268,מַחֲסֶה מַחסֶה,20,"(place of) refuge, shelter, trust.",
H4634,מַעֲרָכָה,20,"fight, be set in order, ordered place, rank, row.",
H4733,מִקלָט,20,an asylum (as a receptacle),
H5070,נָדָב,20,the name of four Israelites,
H5251,נֵס,20,"pole, sail, (en-)sign, standard.",
H5418,נְתַניָה נְתַניָהוּ,20,the name of four Israelites,
H5595,סָפָה,20,figuratively) to scrape together (i.e. to accumulate or increase),
H5654,עוֹבֵד אֱדוֹם,20,the name of five Israelites,
H5662,עוֹבַדיָה עוֹבַדיָהוּ,20,the name of thirteen Israelites,
H5943,עִלַּי,20,`illay (il-lah'-ee) adj. 1. supreme (i.e. God) [(Aramaic) corresponding to H5942] KJV: (most) high.  Root(s): H5942,
H5957,עָלַם,20,"`alam (aw-lam') n-m. 1. remote time, i.e. the future or past indefinitely 2. often adverb, forever [(Aramaic) corresponding to H5769] KJV: for ((n-))ever (lasting), old.  Root(s): H5769",
H6105,עָצַם,20,"intransitively, to be (causatively, make) powerful or numerous; denominatively (from H6106) to crunch the bones",
H6184,עָרִיצּ,20,i.e. powerful or tyrannical,
H6279,עָתַר,20,"i.e. intercede (reciprocally, listen to prayer)",
H6523,פַּרזֶל,20,parzel (par-zel') n-m. 1. iron [(Aramaic) corresponding to H1270] KJV: iron.  Root(s): H1270,
H6879,צָּרַע,20,i.e. (intransitive and figurative) to be stricken with leprosy,
H7019,קַיִץ,20,whether the product (grain or fruit) or the (dry) season,
H7488,רַעֲנַן,20,ra`anan (rah-aw-nan') adj. 1. green 2. (figuratively) prosperous [(Aramaic) corresponding to H7488] KJV: flourishing.  Root(s): H7488,
H7620,שָׁבוַּע שָׁבוַּע שֶׁבוּעָה,20,"sevened, i.e. a week (specifically, of years)",
H7682,שָׂגַב,20,"(causatively) to make lofty; (by implication), safe, strong",
H7950,שֶׁלֶג,20,snow (probably from its whiteness),
H7991,שָׁלִישׁ שָׁלוֹשׁ שָׁלוֹשׁ,20,"(as an indefinite, great quantity) a three-fold measure (perhaps a treble ephah)",
H8219,שְׁפֵלָה,20,i.e. (with the article) the maritime slope of Israel,
H8304,שְׂרָיָה שְׂרָיָהוּ,20,the name of nine Israelites,
H8403,תַּבנִיתּ,20,resemblance,
H8414,תּוֹהוּ,20,"(figuratively) a worthless thing; adverbially, in vain",
H8561,תִּמּוֹר תִּמּוֹרָה,20,(arch.) a palm-like pilaster (i.e. umbellate),
H8673,תִּשׁעִים,20,ninety,
H26,אֲבִיגַּיִל אֲבִיגַּל,19,the name of two Israelitesses,
H199,אוּלָם,19,"but, howbeit, in very deed, surely, truly, wherefore.",
H382,אִישׁ ־ טּוֹב,19,a place in Israel,
H650,אָפִיק,19,"channel, mighty, river, + scale, stream, strong piece.",
H819,אַשׁמָה,19,"a fault, the presentation of a sin-offering",
H1346,גַּאֲוָה,19,concretely) ornament,
H1576,גְּמוּל,19,(by implication) service or requital,
H1709,דָּג דָּאגּ,19,i.e. moving by the vibratory action of the tail),
H2201,זַעַק זְעָקָה,19,a shriek or outcry,
H2206,זָקָן,19,the beard (as indicating age),
H2638,חָסֵר,19,"fail, lack, have need, void, want.",
H2710,חָקַק,19,(by implication) to enact (laws being cut in stone or metal tablets in primitive times); (generally) to prescribe,
H2974,יָאַל,19,hence (pos.) to undertake as an act of volition,
H3100,יוֹאֵל,19,the name of twelve Israelites,
H3124,יוֹנָה,19,an Israelite,
H3238,יָנָה,19,to maltreat,
H3308,יֳפִי,19,beauty,
H3811,לָאָה,19,"grieve, lothe, (be, make) weary (selves).",
H3852,לֶהָבָה לַהֶבֶת,19,head (of a spear).,
H3905,לָחַץ,19,i.e. (figuratively) to distress,
H3932,לָעַג,19,"laugh (to scorn), mock (on), stammering.",
H3974,מָאוֹר מָאוֹר מְאוֹרָה מְאוֹרָה,19,i.e.cheerfulness,
H4201,מְזוּזָה מְזוּזָה,19,side) post.,
H4209,מְזִמָּה,19,"usually evil (machination), sometimes good (sagacity)",
H4295,מַטָּה,19,often adverbially with or without prefixes,
H4339,מֵישָׁר,19,"also straightness, i.e. (figuratively) rectitude (only in plural with singular sense; often adverbially)",
H5051,נוֹגַהּ,19,"light, (clear) shining.",
H5362,נָקַף,19,"(by implication) (of attack) to knock together, i.e. surround or circulate",
H5944,עֲלִיָה,19,also a second-story room (or even one on the roof); (figuratively) the sky,
H5953,עָלַל,19,"(by implication) (in a bad sense) to overdo, i.e. maltreat, be saucy to, pain, impose (also literal)",
H6017,עֲמוֹרָה,19,a place in Israel,
H6025,עֵנָב,19,wine.,
H6249,עַשׁתֵּי,19,"H6240, H259",
H6556,פֶּרֶץ,19,"breaking forth (in), X forth, gap.",
H6578,פְּרָת,19,a river of the East,
H6612,פְּתִי פֶּתִי פְּתָאִי,19,"simple(-icity, one).",
H7324,רוּק,19,i.e. empty,
H7429,רָמַס,19,in walking or abusively),
H7455,רוַֹע,19,physically or morally,
H7533,רָצַץ,19,literally or figuratively,
H7579,שָׁאַב,19,water).,
H7641,שִׁבּוֹל שִׁבּוֹלֶת,19,a branch,
H7684,שְׁגָגָה,19,"ignorance, at unawares; unwittingly.",
H7785,שׁוֹק,19,"leg, shoulder, thigh.",
H7872,שֵׂיבָּה,19,"-y) hairs (head,-ed), old age.",
H7937,שָׁכַר,19,to satiate with a stimulating drink or (figuratively) influence,
H8217,שָׁפָל,19,literally or figuratively,
H8482,תַּחתִּי,19,"a pit, the womb)",
H309,אָחַר,18,"defer, delay, hinder, be late (slack), stay (there), tarry (longer).",
H401,אוּכָל אוּכָּל,18,a fancy name,
H402,אוֹכלָה,18,"devour, eat, food, meat.",
H1061,בִּכּוּר,18,hasty fruit.,
H1305,בָּרַר,18,"examine, select",
H1387,גֶּבַע,18,a place in Israel,
H1513,גֶּחֶל גַּחֶלֶת,18,an ember,
H1556,גָּלַל,18,"remove, roll (away, down, together), run down, seek occasion, trust, wallow.",
H1792,דָּכָא,18,to bruise (literally or figuratively),
H2006,הֵן,18,"hen (hane) inj. 1. (that) if, or, whether [(Aramaic) corresponding to H2005]  Root(s): H2005",
H2224,זָרַח,18,"specifically, to appear (as a symptom of leprosy)",
H2400,חַטָּא,18,or one accounted guilty,
H2441,חֵך,18,taste and kissing),
H2674,חָצוֹר,18,the name (thus simply) of two places in Israel and of one in Arabia,
H2696,חֶצרוֹן,18,also of two Israelites,
H2742,חָרוּץ חָרוּץ,18,(figuratively) determination,
H2821,חָשַׁך,18,to darken,
H2900,טּוֹבִיָה טּוֹבִיָהוּ,18,the name of three Israelites and of one Samaritan,
H2986,יָבַל,18,to bring (especially with pomp),
H3187,יָחַשׂ,18,to sprout; used only as denominative from H3188],
H3537,כַּד,18,pitcher.,
H3576,כָּזַב,18,literally or figuratively,
H3607,כָּלָא,18,by act (hold back or in) or word (prohibit),
H3730,כַּפתּוֹר כַּפתּוֹר,18,"i.e. the capital of a column, or a wreath-like button or disk on the candelabrum",
H3841,לִבנָה,18,a place in the Desert and one in Israel,
H4118,מַהֵר,18,"hastily, at once, quickly, soon, speedily, suddenly.",
H4321,מִיכָּיְהוּ מִכָיְהוּ,18,the name of three Israelites,
H4324,מִיכָּל,18,Saul's daughter,
H4495,מָנוַֹח,18,an Israelite,
H4526,מִסגֶּרֶת,18,(concretely) a stronghold,
H4608,מַעֲלֶה,18,the relation or state) a rise,
H4726,מָקוֹר מָקוֹר,18,"also of tears, blood (by euphemism, of the female pudenda); (figuratively) of happiness, wisdom, progeny)",
H4731,מַקֵּל מַקְּלָה,18,"i.e. stick (with leaves on, or for walking, striking, guiding, divining)",
H5036,נָבָל,18,"-ish man, -ish woman), vile person.",
H5152,נָחוֹר,18,the name of the grandfather and a brother of Abraham,
H5197,נָטַף,18,(by implication) to fall in drops; (figuratively) to speak by inspiration,
H5411,נָתִין נָתוּן,18,"i.e. (in the plural only) the Nethinim, or Temple-servants (as given to that duty)",
H5496,סוּת,18,"move, persuade, provoke, remove, set on, stir up, take away.",
H5523,סוּכּוֹת סוּכּוֹת,18,the name of a place in Egypt and of three in Israel,
H5929,עָלֶה,18,foliage,
H5984,עַמּוֹנִי,18,an Ammonite or (the adjective) Ammonitish,
H6018,עָמרִי,18,an Israelite,
H6091,עָצָב,18,image.,
H6214,עֲשָׂהאֵל,18,the name of four Israelites,
H6679,צּוּד,18,victual,
H6718,צַּיִד,18,"food, X hunter, (that which he took in) hunting, venison, victuals.",
H6757,צַּלמָוֶת,18,"i.e. the grave (figuratively, calamity)",
H6946,קָדֵשׁ,18,a place in the Desert,
H7014,קַיִן,18,"the name of the first child, also of a place in Israel, and of an Oriental tribe",
H7015,קִינָה,18,a dirge (as accompanied by beating the breasts or on instruments),
H7084,קְעִילָה,18,a place in Israel,
H7206,רְאוּבֵנִי,18,Reubenites.,
H7233,רְבָבָה,18,i.e. (specifically) a myriad (whether definite or indefinite),
H7588,שָׁאוֹן,18,"noise, pomp, rushing, tumult (X -uous).",
H7912,שְׁכַח,18,shkach (shek-akh') v. 1. to discover (literally or figuratively) [(Aramaic) corresponding to H7911 through the idea of disclosure of a covered or forgotten thing] KJV: find.  Root(s): H7911,
H8469,תַּחֲנוּן תַּחֲנוּנָה,18,supplication.,
H8505,תָּכַן,18,"(figuratively) to arrange, equalize, through the idea of levelling; (mentally) to estimate, test",
H8656,תִּרצָּה,18,also an Israelitess,
H8671,תְּשִׁיעִי,18,ninth,
H47,אַבִּיר,17,"bull, chiefest, mighty (one), stout(-hearted), strong (one), valiant.",
H178,אוֹב,17,"a necromancer (ventriloquist, as from a jar)",
H249,אֶזרָח,17,"(home-)born (in the land), of the (one's own) country (nation).",
H288,אֲחִימֶלֶך,17,the name of an Israelite and of a Hittite,
H367,אֵימָה אֵמָה,17,"fear, horror, idol, terrible, terror.",
H475,אֶליָשִׁיבּ,17,the name of six Israelites,
H476,אֱלִישָׁמָע,17,the name of seven Israelites,
H526,אָמוֹן,17,the name of three Israelites,
H783,אַרתַּחשַׁשׁתָּא אַרתַּחשַׁשׁתּא,17,a title (rather than name) of several Persian kings,
H795,אַשׁדּוֹד,17,a place in Israel,
H833,אָשַׁר אָשֵׁר,17,"(figuratively) to go forward, be honest, proper",
H887,בָּאַשׁ,17,"loathsome, odious), (cause a, make to) stink(-ing savour), X utterly.",
H1086,בָּלָה,17,"decay (causatively, consume, spend)",
H1107,בִּלעֲדֵי בַּלעֲדֵי,17,"without, besides",
H1137,בָּנִי,17,the name of five Israelites,
H1214,בָּצַע,17,"to finish, or (intransitively) stop",
H1295,בְּרֵכָה,17,a reservoir (at which camels kneel as a resting-place),
H1363,גּוֹבַהּ,17,"grandeur, arrogance",
H1590,גַּנָּב,17,a stealer,
H1648,גֵּרְשׁוֹן גֵּרְשׁוֹם,17,an Israelite,
H1864,דָּרוֹם,17,the south; poet. the south wind,
H1968,הֵימָן,17,the name of at least two Israelites,
H2420,חִידָּה,17,"conundrum, riddle, or obscure saying",
H2425,חָיַי,17,save life.,
H2659,חָפֵר,17,"(causatively) to shame, reproach",
H2670,חָפשִׁי,17,tax or care),
H2721,חוֹרֶב,17,"drought, dry, heat, X utterly, waste.",
H2722,חוֹרֵב,17,a (generic) name for the Sinaitic mountains,
H2789,חֶרֶשׂ,17,"(pot-)sherd, + stone.",
H3028,יַד,17,"yad (yad) n-f. 1. hand, power [(Aramaic) corresponding to H3027]  Root(s): H3027",
H3060,יְהוֹאָשׁ,17,the name of two Israelite kings,
H3322,יָצַג,17,"leave, make, present, put, set, stay.",
H3366,יְקָר,17,dignity,
H3724,כּוֹפֶר,17,"(specifically) bitumen (as used for coating), and the henna plant (as used for dyeing); (figuratively) a redemption-price",
H3738,כָּרָה,17,"X make (a banquet), open.",
H3807,כָּתַת,17,"to pieces), break in pieces, crushed, destroy, discomfit, smite, stamp.",
H4066,מָדוֹן,17,"contention(-ous), discord, strife.",
H4127,מוּג,17,"i.e. literally (to soften, flow down, disappear), or figuratively (to fear, faint)",
H4305,מָטַר,17,to rain,
H4349,מָכוֹן,17,(generally) a place; (especially) an abode,
H4583,מָעוֹן מָעִין,17,(hence) a retreat (asylum),
H4801,מֶרחָק,17,often) from afar,
H4869,מִשׂגָּב,17,(figuratively) a refuge,
H4885,מָשׂוֹשׂ,17,"mirth, rejoice.",
H4911,מָשַׁל,17,"intransitively, to resemble",
H4979,מַתּתָּנָה,17,"a sacrificial offering, (in a bad sense) a bribe",
H5068,נָדַב,17,to present spontaneously,
H5135,נוּר,17,"nuwr (noor) n-e. 1. fire [(Aramaic) from an unused root (corresponding to that of H5216) meaning to shine] KJV: fiery, fire.  Root(s): H5216",
H5141,נֶזֶם,17,jewel.,
H5210,נִינְוֵה,17,the capital of Assyria,
H5290,נוֹעַר,17,youth.,
H5359,נָקָם,17,"quarrel, vengeance.",
H5461,סָגָן,17,ruler.,
H5637,סָרַר,17,i.e. (morally) be refractory,
H5753,עָוָה,17,literally or figuratively (as follows),
H5844,עָטָה,17,"i.e. cover, veil, cloth, or roll",
H5889,עָיֵף,17,"thirsty, weary.",
H5937,עָלַז,17,i.e. exult,
H5954,עֲלַל,17,"`alal (al-al') v. 1. causatively, to introduce [(Aramaic) corresponding to H5953 (in the sense of thrusting oneself in), to enter] KJV: bring in, come in, go in.  Root(s): H5953",
H6013,עָמוֹק,17,deep (literally or figuratively),
H6087,עָצַב,17,"hence (in a bad sense) to worry, pain or anger",
H6238,עָשַׁר,17,make) rich,
H6271,עֲתַליָה עֲתַליָהוּ,17,the name of an Israelitess and two Israelites,
H6525,פֶּרַח,17,"bud, flower.",
H6754,צֶּלֶם,17,"(hence) a representative figure, especially an idol",
H6755,צֶּלֶם צְּלֶם,17,"tselem (tseh'-lem) ((Aramaic) or tslem (Aramaic) {tsel-em'}) n-m. 1. an idolatrous figure [corresponding to H6754] KJV: form, image.  Root(s): H6754",
H6772,צָּמָא,17,thirst (literally or figuratively),
H6937,קָדַר,17,(by implication) to mourn (in sackcloth or sordid garments),
H7036,קָלוֹן,17,"dishonour, ignominy, reproach, shame.",
H7086,קְעָרָה,17,dish.,
H7402,רָכַל,17,to travel for trading,
H7430,רָמַשׂ,17,by analogy to swarm,
H7431,רֶמֶשׂ,17,creeping (moving) thing.,
H7456,רָעֵב,17,"(be, have, suffer, suffer to) hunger(-ry).",
H7494,רַעַשׁ,17,"bounding, uproar",
H7549,רָקִיַע,17,i.e. the firmament or (apparently) visible arch of the sky,
H7916,שָׂכִיר,17,"servant), hireling.",
H8035,שֵׁם,17,a son of Noah (often includ. his posterity),
H8088,שֵׁמַע,17,"abstractly, audience",
H8297,שָׂרַי,17,the wife of Abraham,
H8372,תָּא תָּאָה,17,a room (as circumscribed),
H8401,תֶּבֶן,17,i.e. (specifically) refuse haum or stalks of grain (as chopped in threshing and used for fodder),
H8596,תּוֹף,17,timbrel.,
H247,אָזַר,16,"gird (up, with).",
H370,אַיִן,16,where.,
H568,אֲמַריָה אֲמַריָהוּ,16,the name of nine Israelites,
H576,אֲנָא אֲנָה,16,"ana' (an-aw') ((Aramaic) or .anah (Aramaic) {an-aw'}) p/p. 1. I [corresponding to H589] KJV: I, as for me.  Root(s): H589",
H858,אָתָה אָתָא,16,"athah (aw-thaw') ((Aramaic) or wathaw (Aramaic) {aw-thaw'}) v. 1. to arrive [corresponding to H857] KJV: (be-)come, bring.  See also: H857",
H931,בּוֹהֶן,16,great toe.,
H1002,בִּירָה,16,a castle or palace,
H1204,בָּעַת,16,"be (make) afraid, terrify, trouble.",
H1423,גְּדִי,16,a young goat (from browsing),
H1687,דְּבִיר דֶּבִר,16,the shrine or innermost part of the sanctuary,
H1942,הַוָּה,16,by implication of falling)],
H1954,הוֹשֵַׁע,16,the name of five Israelites,
H1973,הָלְאָה,16,(of time) thus far,
H2000,הָמַם,16,"drive, destroy",
H2030,הָרֶה הָרִי,16,"woman) with child, conceive, X great.",
H2108,זוּלָה,16,"used adverbially, except",
H2287,חָגַג,16,(by implication) to be giddy,
H2526,חָם,16,(as a patronymic) his descendants or their country,
H2585,חֲנוֹך,16,an antediluvian patriach,
H2881,טָּבַל,16,to immerse,
H3018,יְגִיַע,16,"produce, property (as the result of labor)",
H3118,יוֹם,16,"yowm (yome) n-m. 1. a day [(Aramaic) corresponding to H3117] KJV: day (by day), time.  Root(s): H3117",
H3312,יְפוּנֶּה,16,the name of two Israelites,
H3342,יֶקֶב,16,"or the upper, in which the grapes are crushed)",
H3653,כֵּן,16,i.e. pedestal or station,
H3733,כַּר,16,(hence) a meadow (as for sheep); also a pad or camel's saddle (as puffed out),
H3759,כַּרמֶל,16,(by implication) garden produce,
H4074,מָדַי,16,a country of central Asia,
H4125,מוֹאָבִי מוֹאָבִיָה מוֹאָבִיתּ,16,i.e. a descendant from Moab,
H4276,מַחֲצִיתּ,16,mid(-day).,
H4307,מַטָּרָא מַטָּרָה,16,prison.,
H4341,מַכאוֹב מַכאוֹב מַכאוֹבָה,16,"pain, sorrow.",
H4372,מִכסֶה,16,i.e. weather-boarding,
H4441,מַלכִּיָה מַלכִּיָהוּ,16,the name of ten Israelites,
H4570,מַעגָּל מַעגָּלָה,16,"path, trench, way((-side)).",
H4832,מַרפֵּא,16,(abstractly) a cure,
H4864,מַשׂאֵת,16,"(figuratively) an utterance; (concretely, as something raised) a beacon",
H4983,מַתּתַּניָה מַתּתַּניָהוּ,16,the name of ten Israelites,
H5139,נָזִיר נָזִר,16,hence (figuratively from the latter) an unpruned vine (like an unshorn Nazirite),
H5140,נָזַל,16,or shed by trickling,
H5283,נַעֲמָן,16,the name of an Israelite and of a Damascene,
H5369,נֵר,16,an Israelite,
H5377,נָשָׁא,16,"i.e. (mentally) to delude, or (morally) to seduce",
H5391,נָשַׁך,16,lend upon usury.,
H5492,סוּפָה,16,"storm, tempest, whirlwind, Red sea.",
H5561,סַם,16,an aroma,
H5731,עֵדֶן,16,the region of Adam's home,
H5816,עוּזִּיאֵל,16,the name of six Israelites,
H5848,עָטַף,16,hence (from the idea of darkness) to languish,
H6021,עֲמָשָׂא,16,the name of two Israelites,
H6174,עָרוֹם עָרוֹם,16,either partially or totally,
H6177,עֲרוֹעֵר עֲרוֹעֵר עַרעוֹר,16,the name of three places in or near Israel,
H6190,עָרלָה,16,+ uncircumcised.,
H6218,עָשׂוֹר עָשׂוֹר,16,and so a decachord,
H6544,פָּרַע,16,"(figuratively) absolve, begin",
H6593,פִּשׁתֶּה,16,as carded),
H6717,צִּיבָּא,16,an Israelite,
H6722,צִּידּוֹנִי צִּדוֹנִי,16,"of Sidon, Zidonian.",
H6723,צִּיָה,16,"drought, dry (land, place), solitary place, wilderness.",
H6785,צֶּמֶר,16,wool,
H7179,קַשׁ,16,straw (as dry),
H7195,קֶשֶׁר,16,"conspiracy, treason.",
H7275,רָגַם,16,i.e. to lapidate,
H7387,רֵיקָם,16,(subjective) undeservedly,
H7390,רַך,16,"soft, tender ((-hearted), one), weak.",
H7417,רִמּוֹן רִמּוֹן רִמּוֹנוֹ,16,"the name of a Syrian deity, also of five places in Israel",
H7457,רָעֵב,16,hungry.,
H7607,שְׁאֵר,16,(generally) food of any kind; (figuratively) kindred by blood,
H7639,שְׂבָכָה,16,also a reticulated ornament to a pillar,
H7789,שׁוּר,16,"lay wait, look, observe, perceive, regard, see.",
H7997,שָׁלַל,16,"make self a prey, X of purpose, (make a, (take)) spoil.",
H8008,שַׂלמָה,16,"garment, raiment.",
H8135,שִׂנאָה,16,"hate(-ful, - red).",
H8201,שֶׁפֶט,16,i.e. infliction,
H162,אֲהָהּ,15,alas.,
H285,אֲחִיטּוּב,15,the name of several priests,
H290,אֲחִימַעַץ,15,the name of three Israelites,
H464,אֱלִיפַז,15,"the name of one of Job's friends, and of a son of Esau",
H572,אַמתַּחַת,15,(properly) something expansive; a bag,
H645,אֵפוֹ אֵפוֹא,15,"but used of time, now or then",
H750,אָרֵך,15,"-winged), patient, slow (to anger).",
H1166,בָּעַל,15,"be husband, marry(-ried, X wife).",
H1425,גָּדִי,15,children of Gad.,
H1494,גָּזַז,15,"poll, shave, (sheep-) shear(-er).",
H1507,גֶּזֶר,15,a place in Israel,
H1543,גּוּלָּה,15,bowl or globe (all as round),
H1546,גָּלוּת,15,concretely) exiles,
H1606,גְּעָרָה,15,reproof.,
H1624,גָּרָה,15,i.e. (figuratively) to anger,
H1657,גּוֹשֶׁן,15,also a place in Israel,
H1710,דָּגָה,15,and meaning the same],
H1820,דָּמָה,15,"be cut down (off), destroy, be brought to silence, be undone, X utterly.",
H1868,דָּרְיָוֵשׁ,15,Daryavesh (daw-reh-yaw-vaysh') n/p. 1. Darius [(Aramaic) corresponding to H1867]  Root(s): H1867,
H1877,דֶּשֶׁא,15,grass,
H1880,דֶּשֶׁן,15,specifically the (fatty) ashes of sacrifices,
H2098,זוּ,15,"this, X wherein, which, whom.",
H2174,זִמרִי,15,"the name of five Israelites, and of an Arabian tribe",
H2270,חָבֵר,15,"fellow, knit together.",
H2354,חוּר,15,the name of four Israelites and one Midianite,
H2527,חוֹם,15,to be hot (warm).,
H2673,חָצָה,15,"X live out half, reach to the midst, participle",
H2811,חֲשַׁביָה חֲשַׁביָהוּ,15,the name of nine Israelites,
H2814,חָשָׁה,15,"keep silence, be silent, (be) still.",
H2893,טָּהֳרָה,15,"cleansing, purification(-fying).",
H3171,יְחִיאֵל יְחַואֵל,15,the name of eight Israelites,
H3533,כָּבַשׁ,15,"positively, to conquer, subjugate, violate",
H3566,כּוֹרֶשׁ כּוֹרֶשׁ,15,the Persian king,
H3632,כָּלִיל,15,"as adverb, fully",
H3791,כָּתָב,15,"i.e. a writing, record or book",
H3976,מוֹאזֵן,15,(only in the dual) a pair of scales,
H4009,מִבטָּח,15,"i.e. (objective) security, or (subjective) assurance",
H4171,מוּר,15,to dispose of,
H4242,מְחִיר,15,"payment, wages",
H4394,מִלּוּא,15,be set.,
H4648,מְפִיבּוֹשֶׁת מֶפִבוֹשֶׁת,15,the name of two Israelites,
H4736,מִקנָה,15,(concretely) a piece of property (land or living); (also) the sum paid,
H4813,מִריָם,15,the name of two Israelitesses,
H5018,נְבוּזַראֲדָן,15,a Babylonian general,
H5059,נָגַן,15,"(especially) to play on a stringed instrument; (hence, generally) to make music",
H5103,נְהַר,15,"nhar (neh-har') n-m. 1. a river, especially the Euphrates [(Aramaic) from a root corresponding to H5102] KJV: river, stream.  Root(s): H5102",
H5536,סַל,15,but only as woven into a basket,
H5677,עֵבֶר,15,the name of two patriarchs and four Israelites,
H5972,עַם,15,`am (am) n-m. 1. people [(Aramaic) corresponding to H5971]  Root(s): H5971,
H6068,עֲנָתוֹת,15,also of a place in Israel,
H6085,עֶפרוֹן,15,the name of a Canaanite and of two places in Israel,
H6118,עֵקֶב,15,"also result, i.e. compensation; and so (adverb with preposition or relatively) on account of",
H6154,עֵרֶב עֶרֶב,15,(or mongrel race),
H6168,עָרָה,15,"(hence) to empty, pour out, demolish",
H6205,עֲרָפֶל,15,"thick) dark (cloud, -ness).",
H6206,עָרַץ,15,"dread, feared, terrified), break, dread, fear, oppress, prevail, shake terribly.",
H6233,עוֹשֶׁק,15,"fraud, (subjectively) distress, (concretely) unjust gain",
H6475,פָּצָה,15,i.e. open (especially the mouth),
H6557,פֶּרֶץ,15,the name of two Israelites,
H6595,פַּת,15,"morsel, piece.",
H6731,צִּיצּ צִּץ,15,also a flower (as bright-colored); a wing (as gleaming in the air),
H6776,צֶּמֶד,15,an acre (i.e. day's task for a yoke of cattle to plough),
H6789,צָּמַת,15,"cut off, destroy, vanish.",
H6860,צִּקלַג צִּיקְלַג,15,a place in Israel,
H6915,קָדַד,15,i.e. contract or bend the body (or neck) in deference,
H6956,קֳהָתִי,15,a Kohathite (collectively) or descendants of Kehath,
H7229,רַב,15,"rab (rab) adj. 1. captain, chief, great, lord, master, stout [(Aramaic) corresponding to H7227]  Root(s): H7227",
H7237,רַבָּה,15,"the name of two places in Israel, East and West",
H7420,רוֹמַח,15,"javelin, lancet, spear.",
H7423,רְמִיָה,15,treachery,
H7564,רִשׁעָה,15,wickedly(-ness).,
H7799,שׁוּשַׁן שׁוֹשָׁן שׁוֹשָׁן שׁוֹשַׁנָּה,15,also a (straight) trumpet (from the tubular shape),
H7814,שְׂחוֹק שְׂחוֹק,15,"laughter(-ed to scorn, -ing), mocked, sport.",
H7922,שֶׂכֶל שֵׂכֶל,15,"knowledge, policy, prudence, sense, understanding, wisdom, wise.",
H7928,שֶׁכֶם,15,the name of a Hivite and two Israelites,
H8159,שָׁעָה,15,"consider, compassionate, be nonplussed (as looking around in amazement) or bewildered",
H8318,שֶׁרֶץ,15,i.e. active mass of minute animals,
H8389,תּוֹאַר,15,i.e. figure or appearance,
H8574,תַּנּוּר,15,oven.,
H8655,תְּרָפִים,15,"images, teraphim.",
H232,אֵזוֹר,14,also a band,
H461,אֱלִיעֶזֶר,14,the name of a Damascene and of ten Israelites,
H479,אִלֵּך,14,"illek (il-lake') p/d. 1. these [(Aramaic) prolonged from H412] KJV: these, those.  Root(s): H412",
H599,אָנַף,14,to breathe hard; be enraged,
H1032,בֵּיתּ חוֹרוֹן,14,the name of two adjoining places in Israel,
H1062,בְּכוֹרָה בְּכוֹרָה,14,firstborn(-ling).,
H1106,בֶּלַע,14,"the name of a place, also of an Edomite and of two Israelites",
H1250,בָּר בַּר,14,wheat.,
H1277,בָּרִיא,14,"-ter), fed, firm, plenteous, rank.",
H1353,גְּאוּלָּה,14,"redeem, redemption, right.",
H1375,גְּבִיַע,14,the calyx of a flower,
H1605,גָּעַר,14,"rebuke, reprove.",
H1647,גֵּרְשׁוֹם,14,the name of four Israelites,
H1688,דְּבִיר דְּבִר,14,the name of an Amoritish king and of two places in Israel,
H1714,דֶּגֶל,14,standard.,
H1758,דּוּשׁ דּוֹשׁ דִּישׁ,14,"tear, thresh, tread out (down), at grass (Jer. 50",
H1851,דַּק,14,"lean(-fleshed), very little thing, small, thin.",
H1882,דָּת,14,"dath (dawth) n-f. 1. commandment, commission, decree, law, manner [(Aramaic) corresponding to H1881] KJV: decree, law.  Root(s): H1881",
H2298,חַד,14,"chad (khad) adj. 1. as card. one 2. as article single 3. as an ordinal, first 4. adverbially, at once [(Aramaic) corresponding to H2297] KJV: a, first, one, together.  Root(s): H2297",
H2324,חֲוָא,14,chava' (khav-aw') v. 1. to show [(Aramaic) corresponding to H2331] KJV: shew.  Root(s): H2331,
H2365,חוּשַׁי,14,an Israelite,
H2368,חוֹתָם חוֹתָם,14,signet.,
H2442,חָכָה,14,"tarry, wait.",
H2445,חַכִּים,14,"chakkiym (khak-keem') adj. 1. wise, i.e. a Magian [(Aramaic) from a root corresponding to H2449] KJV: wise.  Root(s): H2449",
H2471,חַלָּה,14,a cake (as usually punctured),
H2678,חִצִּי חֵצִי,14,an arrow,
H2845,חֵת,14,an aboriginal Canaanite,
H2904,טּוּל,14,"(utterly) cast (down, forth, out), send out.",
H3004,יַבָּשָׂה,14,land).,
H3015,יָגוֹן,14,sorrow.,
H3202,יְכֵל יְכִיל,14,"ykel (yek-ale') ((Aramaic) or ykiyl (Aramaic) {yek-eel'}) v. 1. to be able 2. (literally) can, could 3. (morally) may, might [Corresponding to H3201] KJV: be able, can, couldest, prevail.  See also: H3201",
H3378,יְרוּבַּעַל,14,a symbol. name of Gideon,
H3406,יְרִימוֹת יְרֵימוֹת יְרֵמוֹת,14,the name of twelve Israelites,
H3425,יְרוּשָּׁה,14,"inheritance, possession.",
H3476,יוֹשֶׁר,14,"meet, right, upright(-ness).",
H3516,כָּבֵד,14,the liver (as the heaviest of the viscera),
H3550,כְּהוּנָּה,14,priest's office.,
H3833,לָבִיא לְבִיָא לְבָאִים לְבָאוֹת,14,a lioness as the fiercer (although not a roarer),
H3884,לוּלֵא לוּלֵי,14,"had not, if (...not), unless, were it not that.",
H3940,לַפִּידּ לַפִּד,14,lamp or flame,
H4272,מָחַץ,14,(figuratively) to subdue or destroy,
H4336,מֵישַׁך,14,"Meyshak (may-shak') n/p. 1. Meshak, the Babylonian name of H4333 [(Aramaic) of foreign origin and doubtful significance] KJV: Meshak.  See also: H4333",
H4383,מִכשׁוֹל מִכשׁוֹל,14,"literally or figuratively (obstacle, enticement (specifically an idol), scruple)",
H4475,מֶמשָׁלָה,14,in plural) a realm or a ruler,
H4478,מָן,14,i.e. manna (so called from the question about it),
H4490,מָנָה,14,of food) a ration,
H4553,מִספֵּד,14,"one mourneth, mourning, wailing.",
H4628,מַעֲרָב מַעֲרָבָה,14,in the sense of shading],
H4843,מָרַר,14,make) bitter (literally or figuratively),
H5058,נְגִינָה נְגִינַת,14,"musick, Neginoth (plural), song.",
H5417,נְתַנאֵל,14,the name of ten Israelites,
H5424,נֶתֶק,14,scurf,
H5472,סוּג,14,literally (to retreat) or figuratively (to apostatize),
H5640,סָתַם שָׂתַם,14,"hidden, secret, shut out (up), stop.",
H5665,עֲבֵד נֶגוֹא,14,"`Abed Ngow' (ab-ade' neg-o') n/p. 1. Abed-Nego, the name of Azariah [(Aramaic) of foreign origin] KJV: Abed-nego.",
H5675,עֲבַר,14,"`abar (ab-ar') n-m. 1. beyond, this side [(Aramaic) corresponding to H5676]  Root(s): H5676",
H5697,עֶגלָה,14,especially one nearly grown (i.e. a heifer),
H5716,עֲדִי,14,"mouth, ornament.",
H5798,עוּזָּא עוּזָּה,14,the name of five Israelites,
H5916,עָכַר,14,stir.,
H6016,עוֹמֶר,14,"also an omer, as a dry measure",
H6019,עַמרָם,14,the name of two Israelites,
H6102,עָצֵל,14,sluggard.,
H6286,פָּאַר,14,(figuratively) to boast; also to explain (i.e. make clear) oneself,
H6298,פָּגַשׁ,14,(figuratively) to concur,
H6315,פּוַּח,14,"(hence) to fan (as a breeze), to utter, to kindle (a fire), to scoff",
H6468,פְּעוּלָּה,14,"reward, wages, work.",
H6505,פֶּרֶד,14,a mule (perhaps from his lonely habits),
H6536,פָּרַס,14,"i.e. (usually without violence) to split, distribute",
H6583,פַּשׁחוּר,14,the name of four Israelites,
H6633,צָּבָא,14,"fight, perform, muster, wait upon, war.",
H6806,צַּעַד,14,step.,
H6900,קְבוּרָה קֶבוּרָה,14,"burying place, grave, sepulchre.",
H6901,קָבַל,14,i.e. take (literally or figuratively),
H7058,קֶמַח,14,meal.,
H7112,קָצַץ,14,"in pieces, in sunder, off), X utmost.",
H7143,קָרֵַח,14,an Israelite,
H7162,קֶרֶן,14,"qeren (keh'-ren) n-f. 1. a horn (literally or for sound) [(Aramaic) corresponding to H7161] KJV: horn, cornet.  Root(s): H7161",
H7217,רֵאשׁ,14,"re'sh (raysh) n-m. 1. the head 2. (figuratively) the sum [(Aramaic) corresponding to H7218] KJV: chief, head, sum.  Root(s): H7218",
H7301,רָוָה,14,"make drunk, (take the) fill, satiate, (abundantly) satisfy, soak, water (abundantly).",
H7386,רֵיק רֵק,14,"vain (fellow, man).",
H7596,שְׁאֵלָה שֵׁלָה,14,"petition, request.",
H7602,שָׁאַף,14,"devour, haste, pant, snuff up, swallow up.",
H7613,שְׂאֵת,14,"dignity, excellency, highness, raise up self, rising.",
H7715,שַׁדרַך,14,Shadrak (shad-rak') n/p. 1. Shadrach [(Aramaic) the same as H7714]  Root(s): H7714,
H7972,שְׁלַח,14,"shlach (shel-akh') v. 1. put, send [(Aramaic) corresponding to H7971]  Root(s): H7971",
H7985,שָׁלטָּן,14,sholtan (shol-tawn') n-m. 1. empire {abstractly or concretely} [(Aramaic) from H7981] KJV: dominion.  Root(s): H7981,
H8317,שָׁרַץ,14,"increase) abundantly (in abundance), creep, move.",
H8449,תּוֹר תּוֹר,14,often (figuratively) as a term of endearment,
H8453,תּוֹשָׁב תּוֹשָׁב,14,"inhabitant, sojourner, stranger.",
H8476,תַּחַשׁ,14,probably a species of antelope,
H211,אוֹפִיר אוֹפִיר אוֹפִר,13,"the name of a son of Joktan, and of a gold region in the East",
H385,אִיתָּמָר,13,a son of Aaron,
H424,אֵלָה,13,"oak, teil-tree.",
H425,אֵלָה,13,"the name of an Edomite, of four Israelites, and also of a place in Israel",
H531,אָמוֹץ,13,an Israelite,
H535,אָמַל,13,to mourn,
H577,אָנאָ אָנָּה,13,O.,
H615,אָסִיר,13,prisoner.,
H707,אָרַג,13,to plait or weave,
H910,בָּדָד,13,separately,
H972,בָּחִיר,13,"chosen one, elect.",
H1301,בָּרָק,13,an Israelite,
H1324,בַּת,13,a bath or Hebrew measure (as a means of division) of liquids,
H1354,גַּב,13,"the top or rim, a boss, a vault, arch of eye, bulwarks, etc",
H1420,גְּדוּלָה גְּדוּלָּה גְּדוּלָּה,13,"great things(-ness), majesty.",
H1433,גּוֹדֶל,13,stout(-ness).,
H1459,גַּו,13,"gav (gav) n-m. 1. the middle [(Aramaic) corresponding to H1460] KJV: midst, same, there- (where-) in.  Root(s): H1460",
H1472,גְּוִיָה,13,whether alive or dead,
H1504,גָּזַר,13,"divide, exclude, or decide",
H1649,גֵּרְשׁוּנִּי,13,sons of Gershon.,
H1712,דָּגוֹן,13,a Philistine deity,
H1791,דֵּך דָּך,13,"dek (dake) ((Aramaic) or dak (Aramaic) {dawk}) p/d. 1. this [prolonged from H1668] KJV: the same, this.  Root(s): H1668",
H1854,דָּקַק,13,"bruise, make dust, (into) X powder, (be, very) small, stamp (small).",
H1908,הֲדַד,13,"the name of an idol, and of several kings of Edom",
H1965,הֵיכַּל,13,"heykal (hay-kal') n-m. 1. palace, temple [(Aramaic) corresponding to H1964]  Root(s): H1964",
H2011,הִנּוֹם,13,apparently a Jebusite,
H2053,וָו,13,hook,
H2086,זֵד,13,proud.,
H2101,זוֹב,13,a seminal or menstrual flux,
H2161,זָמַם,13,usually in a bad sense,
H2263,חָבַק,13,fold.,
H2361,חוּרָם,13,"Churam, the name of an Israelite and two Syrians",
H2373,חָזֶה,13,the breast (as most seen in front),
H2544,חֲמוֹר,13,a Canaanite,
H2552,חָמַם,13,"get (have) heat, be (wax) hot, (be, wax) warm (self, at).",
H2557,חָמֵץ,13,(figuratively) extortion,
H2584,חַנָּה,13,an Israelitess,
H2587,חַנּוּן,13,gracious,
H2611,חָנֵף,13,impious,
H2715,חוֹר חוֹר,13,(properly) white or pure (from the cleansing or shining power of fire; hence (figuratively) noble (in rank),
H2768,חֶרמוֹן,13,a mount of Israel,
H2916,טִּיטּ,13,through the idea of dirt to be swept away)],
H2940,טַּעַם,13,(by implication) intelligence; (transitively) a mandate,
H2981,יְבוּל,13,i.e. a crop or (figuratively) wealth,
H3211,יָלִידּ,13,"child, son.",
H3270,יַעֲזֵיר יַעזֵר,13,a place East of the Jordan,
H3273,יְעִיאֵל,13,the name of six Israelites,
H3391,יֶרַח,13,i.e. month,
H3452,יְשִׁימוֹן,13,"Jeshimon, solitary, wilderness.",
H3689,כֶּסֶל,13,"(generally) the bowels, gut, intestines",
H3702,כְּסַף,13,"kcaph (kes-af') n-m. 1. money, silver [(Aramaic) corresponding to H3701]  Root(s): H3701",
H3705,כְּעַן,13,k`an (keh-an') adv. 1. now [(Aramaic) probably from H3652] KJV: now.  Root(s): H3652,
H3775,כֶּשֶׂב,13,a young sheep,
H3924,לוּלָאָה,13,a loop,
H3999,מַבּוּל,13,a deluge,
H4005,מִבחָר,13,i.e. best,
H4101,מָה,13,"mah (maw) p/i. 1. corresponding to H4100 [(Aramaic)] KJV: how great (mighty), that which, what(-soever), why.  Root(s): H4100",
H4266,מַחֲנַיִם,13,a place in Israel,
H4270,מַחסוֹר מַחסוֹר,13,"need, penury, poor, poverty, want.",
H4317,מִיכָּאֵל,13,the name of an archangel and of nine Israelites,
H4696,מֵצַח,13,i.e. conspicuous],
H4700,מְצֵלֶת,13,i.e. cymbals,
H4829,מִרעֶה,13,pasture.,
H4878,מְשׁוּבָה מֶשׁוּבָה,13,turning away.,
H4905,מַשׂכִּיל,13,i.e. a didactic poem,
H5015,נְבוֹ,13,"the name of a Babylonian deity, also of a mountain in Moab, and of a place in Israel",
H5039,נְבָלָה,13,"concretely, a crime; by extension, punishment",
H5273,נָעִים,13,literal or figurative),
H5409,נֵתַח,13,piece.,
H5576,סַנחֵרִיבּ,13,an Assyrian king,
H5700,עֶגלוֹן,13,the name of a place in Israel and of a Moabitish king,
H5732,עִדָּן,13,"`iddan (id-dawn') n-m. 1. a set time 2. technically, a year [(Aramaic) from a root corresponding to that of H5708] KJV: time.  Root(s): H5708",
H5992,עַמִּינָדָב,13,the name of four Israelites,
H6119,עָקֵב עִקְּבָה,13,"(horse-)hoof, last, lier in wait (by mistake for H6120), (foot- )step.",
H6382,פֶּלֶא,13,"wonder(-ful, -fully).",
H6441,פְּנִימָה,13,i.e. indoors,
H6455,פִּסֵַּח,13,lame,
H6496,פָּקִידּ,13,military or religious),
H6711,צָּחַק,13,"mock, play, make sport.",
H6854,צְּפַרדֵַּע,13,i.e. frog,
H6922,קַדִּישׁ,13,"qaddiysh (kad-deesh') adj. 1. sacred (ceremonially or morally) 2. (as noun) God 3. (by eminence) an angel, a saint, a sanctuary [(Aramaic) corresponding to H6918] KJV: holy (One), saint.  Root(s): H6918",
H7017,קֵינִי קִינִי,13,a Kenite or member of the tribe of Kajin,
H7031,קַל,13,swift(-ly).,
H7064,קֵן,13,(figuratively) a chamber or dwelling,
H7157,קִריַת יְעָרִים קִריַת עָרִים,13,"Kirjath-Jearim or Kirjath-Arim, a place in Israel",
H7231,רָבַב,13,(as denominative from H7233) to multiply by the myriad,
H7349,רַחוּם,13,merciful.,
H7394,רֵכָב,13,the name of two Arabs and of two Israelites,
H7425,רְמַליָהוּ,13,an Israelite,
H7481,רָעַם,13,"specifically, to crash (of thunder); (figuratively) to irritate (with anger)",
H7690,שַׂגִּיא,13,"saggiy' (sag-ghee') adj. 1. large (in size, quantity or number, also adverbial) [(Aramaic) corresponding to H7689] KJV: exceeding, great(-ly); many, much, sore, very.  Root(s): H7689",
H7722,שׁוֹא שׁוֹאָה שׁוֹאָה,13,"destroy, destruction, storm, wasteness.",
H7751,שׁוּט,13,(by implication) to travel,
H7822,שְׁחִין,13,i.e. an ulcer,
H7879,שִׂיַח,13,"communication, complaint, meditation, prayer, talk.",
H7910,שִׁכּוֹר שִׁכּוֹר,13,as a state or a habit,
H8203,שְׁפַטיָה שְׁפַטיָהוּ,13,the name of ten Israelites,
H8316,שְׂרֵפָה,13,cremation,
H8481,תַּחתּוֹן תַּחתּוֹן,13,nether(-most).,
H8535,תָּם,13,"gentle, dear",
H8593,תַּעַר,13,"razor, scabbard, shave, sheath.",
H8646,תֶּרַח,13,also a place in the Desert,
H30,אֲבִיהוּא,12,a son of Aaron,
H41,אֲבִינָדָב,12,the name of four Israelites,
H130,אֱדוֹמִי,12,or descendants from (or inhabitants of) Edom,
H155,אַדֶּרֶת,12,(also) the same as H0145,
H202,אוֹן,12,"power, (figuratively) wealth",
H471,אֶליָקִים,12,the name of four Israelites,
H584,אָנַח,12,"mourn, sigh.",
H771,אָרנָן,12,a Jebusite,
H831,אַשׁקְלוֹן,12,a place in Israel,
H934,בּוֹהֶרֶת,12,a whitish spot on the skin,
H937,בּוּז,12,"despised, shamed.",
H947,בּוּס,12,"tread (down, under (foot)), be polluted.",
H994,בִּי,12,"(used only adverbially, always with ""my Lord""); O, Oh that!, with leave, or if it pleases (my lord)",
H1156,בְּעָא בְּעָה,12,"b`a' (beh-aw') ((Aramaic) or b ah (Aramaic) {beh-aw'}) v. 1. to seek or ask [corresponding to H1158] KJV: ask, desire, make (petition), pray, request, seek.  Root(s): H1158",
H1271,בַּרזִלַּי,12,the name of three Israelites,
H1522,גֵּיחֲזִי גֵּחֲזִי,12,the servant of Elisha,
H1538,גּוּלגּוֹלֶת,12,"every man, poll, skull.",
H1593,גַּנָּה,12,a garden,
H1677,דּוֹב דּוֹב,12,the bear (as slow),
H1889,הֶאָח,12,"aha, ha.",
H1904,הָגָר,12,the mother of Ishmael,
H1928,הֲדַרעֶזֶר,12,"Hadarezer (i.e. Hadadezer, H1909), a Syrian king",
H1994,הִמּוֹ הִמּוֹן,12,"himmow (him-mo') ((Aramaic) or (prolonged) himmown (Aramaic) {him- mone'}) p/p. 1. they [corresponding to H1992] KJV: X are, them, those.  Root(s): H1992",
H2004,הֵן,12,"such like, (with) them, thereby, therein, (more than) they, wherein, in which, whom, withal.",
H2023,הוֹר,12,the name of a peak in Idumaea and of one in Syria,
H2042,הָרָר,12,mount(-ain).,
H2078,זֶבַח,12,a Midianitish prince,
H2090,זוֹה,12,"it, this, that, thus and thus.",
H2147,זִכרִי,12,the name of twelve Israelites,
H2194,זָעַם,12,i.e. to be enraged,
H2336,חוַֹח,12,a ring for the nose,
H2376,חֵזֶו,12,"chezev (khay'-zev) n-m. 1. a sight [(Aramaic) from H2370] KJV: look, vision.  Root(s): H2370",
H2487,חֲלִיפָה,12,course.,
H2605,חָנָן,12,the name of seven Israelites,
H2645,חָפָה,12,"to encase, protect",
H2690,חָצַר חֲצוֹצֵר חֲצוֹרֵר,12,i.e. blow on that instrument,
H2714,חֵקֶר,12,"enumeration, deliberation",
H2771,חָרָן,12,the name of a man and also of a place,
H2782,חָרַץ,12,"(figuratively) to be alert, to decide",
H2874,טֶּבַח,12,(abstractly) butchery,
H2902,טּוַּח,12,especially with lime,
H3173,יָחִידּ,12,(by implication) beloved; (also) lonely,
H3713,כְּפוֹר,12,hoar(-y) frost.,
H3792,כְּתָב,12,"kthab (keth-awb') n-m. 1. prescribing, writing(-ten) [(Aramaic) corresponding to H3791]  Root(s): H3791",
H3851,לַהַב,12,"bright, flame, glittering.",
H3906,לַחַץ,12,oppression.,
H4023,מְגִדּוֹן מֶגִדּוֹ,12,a place in Israel,
H4103,מְהוּמָה,12,"discomfiture, trouble, tumult, vexation, vexed.",
H4133,מוֹטָה,12,"heavy, staves, yoke.",
H4146,מוֹסָדָה מוֹסָדָה,12,a foundation,
H4172,מוֹרָא מוֹרָא מוֹרָה,12,"(that ought to be) fear(-ed), terribleness, terror.",
H4249,מַחלִי,12,the name of two Israelites,
H4261,מַחמָד,12,i.e. object of affection or desire,
H4550,מַסַּע,12,(by implication) a station (or point of departure),
H4701,מִצנֶפֶת,12,i.e. official turban (of a king or high priest),
H4723,מִקוֶה מִקוֵה מִקוֵא,12,"also a collection, i.e. (of water) a pond, or (of men and horses) a caravan or drove",
H4740,מַקצּוַֹע מַקצּוַֹע מַקצּוֹעָה,12,turning.,
H4753,מוֹר מוֹר,12,and also as bitter),
H4803,מָרַט,12,(also) to sharpen,
H4938,מִשׁעֵנָה מִשׁעֶנֶת,12,i.e. (figuratively) sustenance or (concretely) a walking-stick,
H4966,מָתוֹק מָתוּק,12,-ness).,
H4999,נָאָה,12,"house, pasture, pleasant place.",
H5121,נָוִיתּ,12,a place in Israel,
H5301,נָפַח,12,(figuratively) to disesteem,
H5308,נְפַל,12,nphal (nef-al') v. 1. fall (down) 2. have occasion [(Aramaic) corresponding to H5307]  Root(s): H5307,
H5312,נְפַק,12,"nphaq (nef-ak') v. 1. to issue 2. causatively, to bring out [(Aramaic) a primitive root] KJV: come (go, take) forth (out).",
H5333,נְצִיבּ נְצִב,12,"i.e. a prefect, a military post, a statue",
H5383,נָשָׁה,12,in the sense of H5378)],
H5392,נֶשֶׁך,12,interest on a debt,
H5399,נֶשֶׁף,12,"dawning of the day (morning), night, twilight.",
H5457,סְגִד,12,cgid (seg-eed') v. 1. worship [(Aramaic) corresponding to H5456]  Root(s): H5456,
H5532,סָכַן,12,"be serviceable to, be customary",
H5549,סָלַל,12,"reflexively, to oppose (as by a dam)",
H5582,סָעַד,12,"establish, hold up, refresh self, strengthen, be upholden.",
H5810,עָזַז,12,"impudent, prevail, strengthen (self), be strong.",
H5997,עָמִיתּ,12,"fellow, neighbour.",
H6003,עֲמָלֵקִי,12,descendants of Amalek,
H6034,עֲנָה,12,the name of two Edomites and one Edomitess,
H6135,עָקָר,12,sterile (as if extirpated in the generative organs),
H6211,עָשׁ עֲסַב,12,a moth,
H6252,עַשׁתָּרוֹת עַשׁתָּרוֹת,12,"the name of a Sidonian deity, and of a place East of the Jordan",
H6363,פֶּטֶר פִּטרָה,12,"openeth, such as open.",
H6735,צִּיר,12,"hinge, messenger, pain, pang, sorrow.",
H6759,צַּלמוּנָּע,12,a Midianite,
H6780,צֶּמַח,12,"bud, that which (where) grew (upon), spring(-ing).",
H6938,קֵדָר,12,(collectively) Bedouin (as his descendants or representatives),
H6943,קֶדֶשׁ,12,the name of four places in Israel,
H6975,קוֹץ קוֹץ,12,a thorn,
H7101,קָצִין,12,"guide, prince, ruler.",
H7219,רוֹאשׁ רוֹשׁ,12,(generally) poison (even of serpents),
H7251,רָבַע,12,to be four (sided); used only as denominative of H7253],
H7273,רַגלִי,12,a footman (soldier),
H7280,רָגַע,12,"figuratively (in a favorable manner) to settle, i.e. quiet; specifically, to wink (from the motion of the eye-lids)",
H7327,רוּת,12,a Moabitess,
H7385,רִיק,12,in vain,
H7411,רָמָה,12,(figuratively) to delude or betray (as if causing to fall),
H7412,רְמָה,12,"rmah (rem-aw') v. 1. to throw, set, (figuratively) assess [(Aramaic) corresponding to H7411] KJV: cast (down), impose.  Root(s): H7411",
H7553,רִקמָה,12,embroidery,
H7606,שְׁאָר,12,"sh'ar (sheh-awr') n-m. 1. X whatsoever more, residue, rest [(Aramaic) corresponding to H7605]  Root(s): H7605",
H7633,שִׁביָה,12,exile (abstractly or concretely and collectively),
H7836,שָׁחַר,12,"by extension, to search for (with painstaking)",
H8036,שׁוּם,12,shum (shoom) n-m. 1. name [(Aramaic) corresponding to H8034]  Root(s): H8034,
H8245,שָׁקַד,12,hence to be on the lookout (whether for good or ill),
H8319,שָׁרַק,12,i.e. to whistle or hiss (as a call or in scorn),
H8454,תּוּשִׁיָה תּוּשִׁיָה,12,"that which (thing as it) is, substance, (sound) wisdom, working.",
H8553,תִּמנָה,12,the name of two places in Israel,
H48,אֲבִירָם,11,the name of two Israelites,
H61,אֲבָל,11,i.e. truly or yet,
H121,אָדָם,11,also of a place in Israel,
H182,אוֹדוֹת אוֹדוֹת,11,"concerning, sake.",
H354,אַיָל,11,a stag or male deer,
H378,אִישׁ ־ בּוֹשֶׁת,11,a son of King Saul,
H453,אֱלִיהוּ אֱלִיהוּא,11,"the name of one of Job's friends, and of three Israelites",
H585,אֲנָחָה,11,"mourn, sigh.",
H632,אֱסָר אִסָּר,11,bond.,
H728,אֲרַונָה אוֹרנָה אַנִיָה,11,a Jebusite,
H761,אֲרַמִּי,11,Aramitess.,
H781,אָרַשׂ,11,espouse.,
H868,אֶתנַן,11,reward.,
H927,בְּהַל,11,"bhal (be-hal') v. 1. to terrify, hasten [(Aramaic) corresponding to H926] KJV: in haste, trouble.  Root(s): H926",
H936,בּוּז,11,"despise, X utterly.",
H1090,בִּלהָה,11,also of a place in Israel,
H1123,בֵּן,11,"ben (bane) n-m. 1. child, son, young [(Aramaic) corresponding to H1121]  Root(s): H1121",
H1283,בְּרִיעָה,11,the name of four Israelites,
H1296,בֶּרֶכיָה בֶּרֶכיָהוּ,11,the name of six Israelites,
H1339,בַּת ־ שֶׁבַע,11,the mother of Solomon,
H1351,גָּאַל,11,"(rather identified with H1350, through the idea of freeing, i.e. repudiating)]",
H1447,גָּדֵר,11,(by implication) an inclosure,
H1496,גָּזִיתּ,11,i.e. dressed stone,
H1534,גַּלגַּל,11,also dust (as whirled),
H1569,גִּלעָדִי,11,a Giladite or descendant of Gilad,
H1625,גֵּרָה,11,the cud (as scraping the throat),
H1719,דְּדָן דֶּדָנֶה,11,the name of two Cushites and of their territory,
H1760,דָּחָה דָּחַח,11,"drive away (on), overthrow, outcast, X sore, thrust, totter.",
H1769,דִּיבּוֹן דִּיבּוֹן,11,the name of three places in Israel,
H1856,דָּקַר,11,(figuratively) to revile,
H1878,דָּשֵׁן,11,specifically to anoint,
H1920,הָדַף,11,"drive, expel, thrust (away).",
H1988,הֲלוֹם,11,"hither(-(to)), thither.",
H2087,זָדוֹן,11,"pride, proud (man).",
H2134,זַך,11,pure.,
H2166,זְמָן,11,"zman (zem-awn') n-m. 1. the same as H2165 [(Aramaic) from H2165] KJV: season, time.  Root(s): H2165, H2165",
H2180,זָנָב,11,the tail (literally or figuratively),
H2183,זָנוּן,11,adultery; (figuratively) idolatry,
H2268,חֶבֶר,11,the name of a Kenite and of three Israelites,
H2292,חַגַּי,11,"Chaggay (khag-gah'-ee) n/p. 1. festive 2. Chaggai, a Heb. prophet [from H2282] KJV: Haggai.  Root(s): H2282",
H2504,חָלָץ,11,reins.,
H2545,חֲמוֹת חֲמוֹת,11,a mother-in-law,
H2586,חָנוּן,11,the name of an Ammonite and of two Israelites,
H2607,חֲנָנִי,11,the name of six Israelites,
H2610,חָנֵף,11,especially in a moral sense,
H2655,חָפֵץ,11,"desire, favour, please, have pleasure, whosoever would, willing, wish.",
H2748,חַרטּוֹם,11,a horoscopist (as drawing magical lines or circles),
H2766,חָרִם,11,an Israelite,
H2787,חָרַר,11,"i.e. literally (to melt, burn, dry up) or figuratively (to show or incite passion",
H2834,חָשַׂף,11,"clean, discover, draw out, take, uncover.",
H2836,חָשַׁק,11,elliptically (or by interchangeable for H2820) to deliver,
H2873,טָּבַח,11,"(make) slaughter, slay.",
H2938,טָּעַם,11,"perceive, taste.",
H3048,יְדַעיָה,11,the name of two Israelites,
H3049,יִדְּעוֹנִי,11,(by impl) a ghost,
H3098,יוֹאָח,11,the name of four Israelites,
H3107,יוֹזָבָד,11,the name of ten Israelites,
H3120,יָוָן,11,also of a place in Arabia,
H3266,יְעוּשׁ,11,the name of an Edomite and of four Israelites,
H3315,יֶפֶת,11,also his posterity,
H3326,יָצוַּע,11,"(architecture) an extension, i.e. wing or lean-to (a single story or collectively)",
H3365,יָקַר,11,"causatively, to make rare (figuratively, to inhibit)",
H3508,יוֹתֶרֶת,11,the lobe or flap of the liver (as if redundant or outhanging),
H3664,כָּנַס,11,"heap up, wrap self.",
H3843,לְבֵנָה,11,tile.,
H3857,לָהַט,11,"set on fire, flaming, kindle.",
H3929,לֶמֶך,11,the name of two antediluvian patriarchs,
H4033,מָגוּר מָגוּר,11,a permanent residence,
H4055,מַד מֵד,11,(also) a measure; (by implication) a vesture (as measured),
H4083,מְדִינָה,11,mdiynah (med-ee-naw') n-f. 1. province [(Aramaic) corresponding to H4082]  Root(s): H4082,
H4147,מוֹסֵר מוֹסֵרָה מוֹסְרָה,11,bond.,
H4288,מְחִתּתָּה,11,"dismaying, ruin, terror.",
H4363,מִכמָס מִכמָשׁ מִכמַשׁ,11,a place in Israel,
H4435,מִלכָּה,11,the name of a Hebrewess and of an Israelite,
H4569,מַעֲבָר מַעֲבָרָה,11,"of a mountain, a pass); abstractly, a transit, i.e. (figuratively) overwhelming",
H4688,מְצוֹלָה מְצוֹלָה מְצוּלָה מְצוּלָה,11,"deep, depth.",
H4759,מַראָה,11,vision.,
H4763,מְרַאֲשָׁה,11,i.e. (plural for adverbial) at (or as) the head-rest (or pillow),
H4889,מַשׁחִיתּ,11,"i.e. (as noun) destruction, literally (specifically a snare) or figuratively (corruption)",
H5042,נָבַע,11,to emit (a foul odor),
H5055,נָגַח,11,"push (down, -ing).",
H5172,נָחַשׁ,11,(generally) to prognosticate,
H5200,נְטוֹפָתִי,11,or inhabitant of Netophah,
H5287,נָעַר,11,"through the idea of the rustling of mane, which usually accompanies the lion's roar)]",
H5327,נָצָה,11,consequently) to desolate,
H5550,סוֹלְלָה סוֹלְלָה,11,i.e. rampart of besiegers,
H5601,סַפִּיר,11,probably the sapphire,
H5714,עִדּוֹ עִדּוֹא עִדִּיא,11,the name of five Israelites,
H5737,עָדַר,11,(hence) to muster and so to miss (or find wanting),
H5791,עָוַת,11,"(make) crooked., falsifying, overthrow, deal perversely, pervert, subvert, turn upside down.",
H5813,עוּזִּי,11,the name of six Israelites,
H5998,עָמַל,11,i.e. work severely and with irksomeness,
H6049,עָנַן,11,"(figuratively) to act covertly, i.e. practise magic",
H6116,עֲצָרָה עֲצֶרֶת,11,especially on a festival or holiday,
H6175,עָרוּם,11,"prudent, subtil.",
H6194,עָרֵם עֲרֵמָה,11,a sheaf,
H6290,פָּארָן,11,a desert of Arabia,
H6307,פַּדָּן פַּדַּן אֲרָם,11,a region of Syria,
H6492,פֶּקַח,11,an Israelite king,
H6616,פָּתִיל,11,"bracelet, lace, line, ribband, thread, wire.",
H6631,צֶּאֱצָא,11,"i.e. produce, children",
H6693,צּוּק,11,"i.e. (figuratively) oppress, distress",
H6720,צֵּידָּה צֵּדָה,11,"provision, venison, victuals.",
H6765,צְּלָפחָד,11,an Israelite,
H6936,קָדקוֹד,11,"pate, scalp, top of the head.",
H6939,קִדרוֹן,11,a brook near Jerusalem,
H7073,קְנַז,11,the name of an Edomite and of two Israelites,
H7081,קֶסֶם,11,"divine sentence, witchcraft.",
H7123,קְרָא,11,"qra' (ker-aw') v. 1. call, cry, read [(Aramaic) corresponding to H7121]  Root(s): H7121",
H7144,קָרחָה קָרחָא,11,X utterly.,
H7239,רִבּוֹ רִבּוֹא,11,"i.e. indefinitely, large number",
H7247,רִבלָה,11,a place in Syria,
H7306,רוַּח,11,"(literally, only) to smell; (by implication) perceive",
H7308,רוַּח,11,"ruwach (roo'-akh) n-f. 1. mind, spirit, wind [(Aramaic) corresponding to H7307]  Root(s): H7307",
H7467,רְעוּאֵל,11,"the name of Moses' father-in-law, also of an Edomite and an Israelite",
H7473,רוֹעִי,11,a shepherd,
H7526,רְצִין,11,the name of a Syrian and of an Israelite,
H7554,רָקַע,11,"make broad, spread abroad (forth, over, out, into plates), stamp, stretch.",
H7623,שָׁבַח,11,(figuratively) to pacify (as if by words),
H7677,שַׁבָּתוֹן,11,sabbath.,
H7718,שׁוֹהַם,11,probably the beryl (from its pale green color),
H7752,שׁוֹט,11,whip.,
H7757,שׁוּל,11,"skirt, train.",
H7775,שַׁועָה,11,a hallooing,
H8068,שָׁמִיר,11,probably the diamond,
H8154,שָׁסָה שָׁשָׂה,11,"rob, spoil(-er).",
H8263,שֶׁקֶץ,11,i.e. (figuratively and specifically) an idolatrous object,
H8484,תִּיכּוֹן תִּיכּוֹן,11,midst.,
H8487,תֵּימָן תֵּמָן,11,"the name of two Edomites, and of the region and descendant of one of them",
H8532,תְּלָת תְּלָתָה תְּלָתָא,11,"tlath (tel-awth') ((Aramaic) masculine tlathah (Aramaic) {tel-aw-thaw'} or tlatha (Aramaic) {tel-aw-thaw'};) n-e. 1. three or third [corresponding to H7969] KJV: third, three.  Root(s): H7969",
H8585,תְּעָלָה,11,"cured, healing, little river, trench, watercourse.",
H107,אִגֶּרֶת,10,an epistle,
H119,אָדַם,10,made) red (ruddy),ఎర్రగా చేయు
H231,אֵזוֹב,10,hyssop,
H357,אַיָלוֹן,10,the name of five places in Israel,
H375,אֵיפוֹה,10,where.,
H447,אֱלִיאֵל,10,the name of nine Israelites,
H564,אִמֵּר,10,the name of five Israelites,
H653,אֲפֵלָה,10,(concretely) concealment,
H672,אֶפרָת אֶפרָתָה,10,once (Psa. 132,
H744,אַריֵה,10,aryeh (ar-yay') n-m. 1. lion [(Aramaic) corresponding to H738]  Root(s): H738,
H861,אַתּתּוּן,10,attuwn (at-toon') n-m. 1. probably a fire-place 2. furnace [(Aramaic) probably from the corresponding to H784] KJV: furnace.  Root(s): H784,
H919,בֶּדֶק,10,+ calker.,
H961,בִּזָּה,10,spoil.,
H1091,בַּלָּהָה,10,trouble.,
H1119,בְּמוֹ,10,"with, by, etc",
H1160,בְּעוֹר,10,also of that of Balaam,
H1328,בְּתוּאֵל,10,"the name of a nephew of Abraham, and of a place in Israel",
H1331,בְּתוּלִים,10,concretely) the tokens of it,
H1358,גּוֹב,10,gob (gobe) n-m. 1. a pit (for wild animals) (as cut out) [(Aramaic) from a root corresponding to H1461] KJV: den.  Root(s): H1461,
H1367,גְּבוּלָה גֶּבוּלָה,10,region,
H1443,גָּדַר,10,"fence up, hedge, inclose, make up (a wall), mason, repairer.",
H1448,גְּדֵרָה,10,wall.,
H1463,גּוֹג,10,"the name of an Israelite, also of some nothern nation",
H1524,גִּיל,10,also joy,
H1558,גָּלָל,10,on account of,
H1602,גָּעַל,10,"fail, lothe, vilely cast away.",
H1642,גְּרָר,10,a Philistine city,
H1663,גִּתּתִּי,10,a Gittite or inhabitant of Gath,
H1683,דְּבוֹרָה דֶּבוֹרָה,10,the name of two Hebrewesses,
H1753,דּוּר,10,duwr (dure) v. 1. to reside [(Aramaic) corresponding to H1752] KJV: dwell.  Root(s): H1752,
H1855,דְּקַק,10,dqaq (dek-ak') v. 1. to crumble or (trans.) crush [(Aramaic) corresponding to H1854] KJV: break to pieces.  Root(s): H1854,
H1867,דָּרְיָוֵשׁ,10,a title (rather than name) of several Persian kings,
H1885,דָּתָן,10,an Israelite,
H2048,הָתַל,10,"deceive, mock.",
H2060,וַשׁתִּי,10,the queen of Xerxes,
H2102,זוּד זִידּ,10,"deal proudly, &Š presume, (come) presumptuously, sod.",
H2128,זִיף,10,also of an Israelite,
H2139,זַכּוּר,10,the name of seven Israelites,
H2213,זֵר,10,i.e. (specifically) a border moulding,
H2318,חָדַשׁ,10,to rebuild,
H2529,חֶמאָה חֵמָה,10,curdled milk or cheese,
H2648,חָפַז,10,to fear,
H2883,טָּבַע,10,"fasten, settle, sink.",
H3062,יְהוּדָאִי,10,"Yhuwda'iy (yeh-hoo-daw-ee') n/g. 1. a Jehudaite (or Judaite), i.e. Jew [(Aramaic) patrial from H3061] KJV: Jew.  Root(s): H3061",
H3078,יְהוֹיָכִין,10,a Jewish king,
H3179,יָחַם,10,"be hot, conceive, be warm.",
H3286,יָעַף,10,"cause to fly, (be) weary (self).",
H3334,יָצַר,10,(figuratively) be in distress,
H3364,יָקַץ,10,to awake (intransitive),
H3395,יְרוֹחָם,10,the name of seven or eight Israelites,
H3503,יִתרוֹ,10,Moses' father-in-law,
H3504,יִתרוֹן,10,gain,
H3524,כַּבִּיר,10,"of time, aged), or in number, many",
H3608,כֶּלֶא,10,H3628,
H3794,כִּתּתִּי כִּתּתִּיִי,10,i.e. the Greeks or Romans on the shores opposite Israel,
H4465,מִמכָּר,10,a selling,
H4471,מַמרֵא,10,an Amorite,
H4479,מָן,10,"man (mawn) p/i. 1. who or what (properly, interrogatively, hence, also indefinitely and relatively) [(Aramaic) from H4101] KJV: what, who(-msoever, + -so).  Root(s): H4101",
H4565,מִסתָּר,10,i.e. a covert,
H4585,מְעוֹנָה מְעוֹנָה,10,"habitation, (dwelling) place, refuge.",
H4673,מַצָּב,10,a military post,
H4679,מְצַד מֶצָד מֶצָדָה,10,"fort, (strong) hold, munition.",
H4708,מִצפֶּה,10,the name of five places in Israel,
H4743,מָקַק,10,"dwindle, vanish",
H4745,מִקרֶה,10,i.e. an accident or fortune,
H4749,מִקשָׁה,10,i.e. moulded by hammering (repousse),
H4830,מִרעִיתּ,10,pasture.,
H4916,מִשׁלוַֹח מִשׁלוַֹח מִשׁלָח,10,"(abstractly, unfavorable) seizure",
H5064,נָגַר,10,to pour out or down,
H5095,נָהַל,10,"hence (transitively), to conduct, and (by inference) to protect, sustain",
H5144,נָזַר,10,"specifically, to set apart (to sacred purposes), i.e. devote",
H5154,נְחוּשָׁה נְחוּשָׁה,10,steel.,
H5177,נַחשׁוֹן,10,an Israelite,
H5374,נֵרִיָה נֵרִיָהוּ,10,an Israelite,
H5402,נֶשֶׁק נֵשֶׁק,10,"i.e. (collectively) arms (offensive or defensive), or (concretely) an arsenal",
H5571,סַנבַּלַּט,10,a Persian satrap of Samaria,
H5606,סָפַק שָׂפַק,10,"(by implication) of satisfaction, to be enough; (by implication) of excess, to vomit",
H5710,עָדָה,10,(causatively) to remove; (specifically) to bedeck (i.e. bring an ornament upon),
H5744,עוֹבֵד,10,the name of five Israelites,
H5895,עַיִר,10,"foal, young ass.",
H5903,עֵירוֹם עֵרוֹם,10,nudity,
H5989,עַמִּיהוּד,10,the name of three Israelites,
H6026,עָנַג,10,i.e. (figuratively) effeminate or luxurious,
H6079,עַפעַף,10,eye-lid.,
H6147,עֵר,10,the name of two Israelites,
H6158,עוֹרֵב עוֹרֵב,10,a raven (from its dusky hue),
H6163,עֲרָבִי עַרבִּי,10,an Arabian or inhabitant of Arab (i.e. Arabia),
H6210,עֶרֶשׂ,10,with a canopy),
H6340,פָּזַר,10,whether in enmity or bounty,
H6347,פֶּחָה,10,"pechah (peh-khaw') n-m. 1. captain, governor [(Aramaic) corresponding to H6346]  Root(s): H6346",
H6354,פַּחַת,10,especially for catching animals,
H6388,פֶּלֶג,10,as in irrigation),
H6399,פְּלַח,10,"plach (pel-akh') v. 1. to serve or worship [(Aramaic) corresponding to H6398] KJV: minister, serve.  Root(s): H6398",
H6418,פֶּלֶך,10,participle,
H6439,פְּנוּאֵל פְּנִיאֵל,10,"face of God; Penuel or Peniel, a place East of Jordan; (as Penuel) the name of two Israelites",
H6501,פֶּרֶא פֶּרֶה,10,the onager,
H6549,פַּרעוֹה נְכוֹה פַּרעוֹה נְכוֹ,10,an Egyptian king,
H6561,פָּרַק,10,"deliver, redeem, rend (in pieces), tear in pieces.",
H6603,פִּתּתּוַּח פִּתּתּוַּח,10,"en-)grave(-ing, -n).",
H6634,צְּבָא,10,"tsba' (tseb-aw') v. 1. to please [(Aramaic) corresponding to H6623 in the figurative sense of summoning one's wishes] KJV: will, would.  Root(s): H6623",
H6670,צָּהַל,10,by transf. to sound clear (of various animal or human expressions),
H6678,צּוֹבָא צּוֹבָה צּוֹבָה,10,a region of Syria,
H6770,צָּמֵא,10,suffer) thirst(-y).,
H6790,צִּן,10,a part of the Desert,
H6820,צּוֹעַר,10,a place East of the Jordan,
H6846,צְּפַניָה צְּפַניָהוּ,10,the name of four Israelites,
H6872,צְּרוֹר צְּרוֹר,10,"X bendeth, bundle, least grain, small stone.",
H6881,צָּרעָה,10,a place in Israel,
H6931,קַדמוֹנִי קַדמוֹנִי,10,"they that went before, east, (thing of) old.",
H6947,קָדֵשׁ בַּרנֵַע,10,a place in the Desert,
H7054,קָמָה,10,i.e. a stalk of grain,
H7075,קִניָן,10,"purchase, wealth",
H7165,קֶרֶס,10,a knob or belaying-pin (from its swelling form),
H7244,רְבִיעַי,10,rbiy`ay (reb-ee-ah'-ee) adj. 1. fourth [(Aramaic) corresponding to H7243] KJV: fourth.  Root(s): H7243,
H7340,רְחוֹב רְחוֹב,10,"the name of a place in Syria, also of a Syrian and an Israelite",
H7474,רַעיָה,10,love.,
H7600,שַׁאֲנָן,10,haughty,
H7652,שֶׁבַע,10,"the name of a place in Israel, and of two Israelites",
H7902,שְׁכָבָה,10,or for the sexual act),
H7935,שְׁכַניָה שְׁכַניָהוּ,10,the name of nine Israelites,
H7990,שַׁלִּיטּ,10,"shalliyt (shal-leet') adj. 1. mighty 2. (abstractly) permission 3. (concretely) a premier [(Aramaic) corresponding to H7989] KJV: captain, be lawful, rule(- r).  Root(s): H7989",
H8018,שֶׁלֶמיָה שֶׁלֶמיָהוּ,10,the name of nine Israelites,
H8027,שָׁלַשׁ,10,"to be (causatively, make) triplicate (by restoration, in portions, strands, days or years)",
H8058,שָׁמַט,10,"desist, remit",
H8082,שָׁמֵן,10,(figuratively) rich,
H8205,שְׁפִי,10,stick out.,
H8307,שְׁרִירוּת,10,i.e. firm],
H8362,שָׁתַל,10,to transplant,
H8396,תָּבוֹר,10,"a mountain in Israel, also a city adjacent",
H8419,תַּהפּוּכָה,10,"thing), perverse thing.",
H8544,תְּמוּנָה תְּמוּנָה,10,"as a shape, i.e. (indefinitely) phantom, or (specifically) embodiment, or (figuratively) manifestation (of favor)",
H2,אַב,9,ab (ab) n-m. 1. father [(Aramaic) corresponding to H1]  Root(s): H1,
H73,אַבנֵט,9,a belt,
H98,אֲגַם,9,"pool, standing (water).",
H122,אָדוֹם,9,ruddy.,
H164,אֵהוּד,9,the name of two or three Israelites,
H324,אֲחַשׁדַּרפַּן,9,achashdarpan (akh-ash-dar-pan') n-m. 1. prince [(Aramaic) corresponding to H323]  Root(s): H323,
H410,אֵל,9,"X goodly, X great, idol, might(-y one), power, strong.",బలం; (విశేషణంగా) శక్తివంతమైన
H436,אֵלוֹן,9,an oak or other strong tree,
H454,אֶליְהוֹעֵינַי אֶליוֹעֵינַי,9,the name of seven Israelites,
H467,אֱלִיפֶלֶט אֱלפֶּלֶט,9,the name of six Israelites,
H481,אָלַם,9,"be dumb, put to silence.",
H551,אָמנָם,9,"no doubt, surely, (it is, of a) true(-ly, -th).",
H605,אָנַשׁ,9,"feeble, or (figuratively) melancholy",
H652,אוֹפֶל,9,"obscurity, privily.",
H663,אֲפֵק אֲפִיק,9,the name of three places in Israel,
H699,אֲרֻבָּה,9,"dove-cot (because of the pigeon-holes), chimney (with its apertures for smoke), sluice (with openings for water)",
H775,אַרפַּכשַׁד,9,also the region settled by him,
H811,אֶשׁכּוֹל אֶשׁכּוֹל,9,a bunch of grapes or other fruit,
H838,אָשׁוּר אַשּׁוּר,9,step.,
H863,אִתּתַּי אִיתַּי,9,the name of a Gittite and of an Israelite,
H1052,בֵּיתּ שְׁאָן בֵּיתּ שָׁן,9,a place in Israel,
H1196,בַּעֲנָה,9,the name of four Israelites,
H1212,בְּצַלאֵל,9,the name of two Israelites,
H1238,בָּקַק,9,(by analogy) to spread out (as a fruitful vine),
H1404,גְּבֶרֶת,9,mistress.,
H1541,גְּלָה גְּלָא,9,"glah (ghel-aw') ((Aramaic) or glat (Aramaic) {ghel-aw'}) v. 1. to denude (especially in a disgraceful sense) 2. (by implication) to exile (captives being usually stripped) 3. (figuratively) to reveal [corresponding to H1540] KJV: bring over, carry away, reveal.  See also: H1540",
H1603,גַּעַל,9,an Israelite,
H1617,גֵּרָא,9,the name of six Israelites,
H1650,גְּשׁוּר,9,a district of Syria,
H1673,דּוֹאֵג דּוֹאֵג,9,an Edomite,
H1681,דִּבָּה,9,"evil report, infamy, slander.",
H1731,דּוּד,9,"caldron, kettle, (seething) pot.",
H1809,דָּלַל,9,"dry up, be emptied, be not equal, fail, be impoverished, be made thin.",
H1814,דָּלַק,9,"chase, inflame, kindle, persecute(-or), pursue hotly.",
H1846,דָּעַך,9,"consumed, put out, quenched.",
H1986,הָלַם,9,"stamp, conquer, disband",
H2069,זְבַדיָה זֶבַדיָהוּ,9,the name of nine Israelites,
H2184,זְנוּת,9,"i.e. (figuratively) infidelity, idolatry",
H2230,זֶרֶם,9,"overflowing, shower, storm, tempest.",
H2384,חִזָּיוֹן,9,expectation by dream,
H2404,חָטַב,9,"hew(-er), polish.",
H2635,חֲסַף,9,chacaph (khas-af') n-m. 1. a clod [(Aramaic) from a root corresponding to that of H2636] KJV: clay.  Root(s): H2636,
H2660,חֵפֶר,9,also the name of three Israelites,
H2720,חָרֵב,9,"dry, waste.",
H2731,חֲרָדָה,9,anxiety,
H2767,חָרמָה,9,a place in Israel,
H2795,חֵרֵשׁ,9,deaf (whether literally or spir.),
H2851,חִתּתִּיתּ,9,fear,
H2966,טְּרֵפָה,9,i.e. flocks devoured by animals,
H3002,יָבֵשׁ,9,dry.,
H3039,יְדִידּ,9,"(well-)beloved, loves.",
H3076,יְהוֹחָנָן,9,the name of eight Israelites,
H3096,יַהַץ יַהצָּה יַהצָּה,9,a place East of the Jordan,
H3103,יוֹבָב,9,the name of two Israelites and of three foreigners,
H3218,יֶלֶק,9,the young locust,
H3257,יָע,9,a shovel,
H3324,יִצהָר,9,an Israelite,
H3336,יֵצֶר,9,"thing framed, imagination, mind, work.",
H3344,יָקַד,9,"X from the hearth, kindle.",
H3528,כְּבָר,9,"(hence) long ago, formerly, hitherto",
H3544,כֵּהֶה,9,obscure,
H3564,כּוּר,9,to dig through],
H3591,כִּידּוֹן,9,i.e. a dart (perhaps smaller that H2595),
H3645,כְּמוֹשׁ כְּמִישׁ,9,the god of the Moabites,
H3682,כְּסוּת,9,"raiment, vesture.",
H3734,כּוֹר,9,i.e. (specifically) a cor or measure for things dry,
H3767,כָּרָע,9,the leg (from the knee to the ankle) of men or locusts (only in the dual),
H3774,כְּרֵתִי,9,Cherethites.,
H3800,כֶּתֶם,9,(hence) gold (pure as originally mined),
H3948,לֶקַח,9,"(in an active and sinister sense) enticement, ensnarement",
H4079,מִדיָן,9,contention(-ous),
H4102,מָהַהּ,9,"linger, stay selves, tarry.",
H4181,מוֹרָשָׁה,9,"inheritance, possession.",
H4340,מֵיתָּר,9,string.,
H4385,מִכתָּב,9,"the characters, or a document (letter, copy, edict, poem)",
H4468,מַמלָכוּת,9,reign,
H4627,מַעֲרָב,9,in the sense of trading],
H4635,מַעֲרֶכֶת,9,shewbread.,
H4719,מַקֵּדָה,9,a place in Israel,
H4865,מִשׁבְּצָה,9,a (reticulated) setting of a gem,
H4902,מֶשֶׁך,9,"a son of Japheth, and the people descended from him",
H4959,מָשַׁשׁ,9,"grope, search.",
H5000,נָאוֶה,9,or beautiful,
H5086,נָדַף,9,i.e. disperse,
H5106,נוּא,9,"forbid, dissuade, or neutralize",
H5174,נְחָשׁ,9,nchash (nekh-awsh') n-m. 1. copper [(Aramaic) corresponding to H5154] KJV: brass.  Root(s): H5154,
H5176,נָחָשׁ,9,the name of two persons apparently non-Israelite,
H5181,נָחַת,9,"causatively, to press or lead down",
H5201,נָטַר,9,"keep(-er), reserve.",
H5253,נָסַג,9,"remove, take (hold), turn away.",
H5348,נָקוֹד,9,spotted,
H5408,נָתַח,9,"divide, hew in pieces.",
H5429,סְאָה,9,or certain measure (as determinative) for grain,
H5445,סָבַל,9,"specifically, to be gravid",
H5480,סוּך,9,i.e. anoint,
H5509,סִיגּ סוּג,9,scoria,
H5649,עֲבַד,9,`abad (ab-bad') n-m. 1. a servant [(Aramaic) from H5648] KJV: servant.  Root(s): H5648,
H5709,עֲדָא עֲדָה,9,"`ada' (ad-aw') ((Aramaic) or adah (Aramaic) {ad-aw'}) v. 1. to advance, i.e. pass on or continue 2. (causatively) to remove 3. (specifically) to bedeck (i.e. bring an ornament upon) [corresponding to H5710] KJV: alter, depart, pass (away), remove, take (away).  See also: H5710",
H5718,עֲדָיָה עֲדָיָהוּ,9,the name of eight Israelites,
H5736,עָדַף,9,have) redundant,
H5777,עוֹפֶרֶת עוֹפֶרֶת,9,lead (from its dusty color),
H5835,עֲזָרָה,9,settle.,
H6001,עָמֵל,9,"that is a misery, had taken (labour), wicked, workman.",
H6006,עָמַס עָמַשׂ,9,"i.e. impose a burden (or figuratively, infliction)",
H6009,עָמַק,9,make) deep (literally or figuratively),
H6061,עָנָק,9,a Canaanite,
H6062,עֲנָקִי,9,an Anakite or descendant of Anak,
H6064,עָנַשׁ,9,"condemn, punish, X surely.",
H6076,עוֹפֶל,9,i.e. fortress,
H6157,עָרוֹב,9,swarm.,
H6237,עָשַׂר,9,i.e. to take or give a tenth,
H6275,עָתַק,9,"specifically, to transcribe",
H6337,פָּז,9,pure (gold); (hence) gold itself (as refined),
H6362,פָּטַר,9,"i.e. (causatively) to emit, whether literal or figurative (gape)",
H6476,פָּצַח,9,"forth into joy), make a loud noise.",
H6622,פָּתַר,9,i.e. (figuratively) interpret (a dream),
H6673,צַּו צָּו,9,precept.,
H6692,צּוּץ,9,"by analogy, to blossom (figuratively, flourish)",
H6771,צָּמֵא,9,-y).,
H6973,קוּץ,9,make) disgusted or anxious,
H7127,קְרֵב,9,"qreb (ker-abe') v. 1. approach, come (near, nigh), draw near [(Aramaic) corresponding to H7126]  Root(s): H7126",
H7128,קְרָב,9,war.,
H7149,קִריָא קִריָה,9,qirya' (keer-yaw') ((Aramaic) or qiryah (Aramaic) {keer-yaw'}) n-f. 1. a city [corresponding to H7151] KJV: city.  See also: H7151,
H7153,קִריַת אַרבַּע קִריַת הָאַרבַּע,9,"Kirjath-Arba or Kirjath-ha-Arba, a place in Israel",
H7214,רְאֵם רְאֵים רֵים רֵם,9,a wild bull (from its conspicuousness),
H7261,רַברְבָן,9,"rabrban (rab-reb-awn') n-m. 1. a magnate [(Aramaic) from H7260] KJV: lord, prince.  Root(s): H7260",
H7328,רָז,9,"raz (rawz) n-m. 1. a mystery [(Aramaic) from an unused root probably meaning to attenuate, i.e. (figuratively) hide] KJV: secret.",
H7540,רָקַד,9,i.e. to spring about (wildly or for joy),
H7551,רָקַם,9,(by implication) to fabricate,
H7597,שְׁאַלתִּיאֵל שַׁלתִּיאֵל,9,an Israelite,
H7644,שֶׁבנָא שֶׁבנָה,9,an Israelite,
H7668,שֶׁבֶר,9,victuals.,
H7732,שׁוֹבָל,9,the name of an Edomite and two Israelites,
H7804,שְׁזַב,9,"shzab (shez-ab') v. 1. to leave, i.e. (causatively) free [(Aramaic) corresponding to H5800] KJV: deliver.  Root(s): H5800",
H7974,שֶׁלַח,9,a postdiluvian patriarch,
H8042,שְׂמָאלִי,9,situated on the left side,
H8086,שְׁמַע,9,"shma` (shem-ah') v. 1. hear, obey [(Aramaic) corresponding to H8085]  Root(s): H8085",
H8150,שָׁנַן,9,(figuratively) to inculcate,
H8156,שָׁסַע,9,"(be) cloven ((footed)), rend, stay.",
H8173,שָׁעַע,9,"(in a bad one) to look about (in dismay), i.e. stare",
H8191,שַׁעשׁוַּע,9,pleasure.,
H8302,שִׁריוֹן שִׁריָן שִׁריָה שִׁריוֹנָה,9,"coat of mail, habergeon, harness. See H5630.",
H8359,שְׁתִי,9,i.e. the warp in weaving,
H8519,תְּלוּנָה תְּלוּנָּה,9,a grumbling,
H8539,תָּמַהּ,9,"be astonished, marvel(-lously), wonder.",
H8612,תּוֹפֶת,9,a place near Jerusalem,
H24,אָבִיבּ,8,(hence) the name of the month Abib or Nisan,
H57,אָבֵל,8,-ing).,
H69,אֶבֶן,8,eben (eh'-ben) n-f. 1. stone [(Aramaic) corresponding to H68]  Root(s): H68,
H90,אֲגַג,8,a title of Amalekitish kings,
H143,אֲדָר,8,the 12th Hebrew month,
H154,אֶדרֶעִי,8,the name of two places in Israel,
H173,אָהֳלִיבָּמָה,8,a wife of Esau,
H209,אוֹנָן,8,a son of Judah,
H221,אוּרִי,8,the name of three Israelites,
H331,אָטַם,8,"shut, stop.",
H355,אַיָלָה,8,a doe or female deer,
H359,אֵילוֹת אֵילַת,8,a place on the Red Sea,
H386,אֵיתָּן,8,(specifically) a chieftain,
H393,אַכזָר,8,in a good sense) brave,
H437,אַלּוֹן,8,oak,
H516,אַל תַּשׁחֵת,8,H7843,
H524,אוּמָּה,8,ummah (oom-maw') n-f. 1. nation [(Aramaic) corresponding to H523]  Root(s): H523,
H703,אַרבַּע,8,arba` (ar-bah') adj. 1. four [(Aramaic) corresponding to H702]  Root(s): H702,
H865,אֶתמוֹל אִתמוֹל אֶתמוּל,8,"+ heretofore, of late (old), + times past, yester(day).",
H870,אֲתַר,8,"athar (ath-ar') n-m. 1. a place 2. (adverb) after [(Aramaic) from a root corresponding to that of H871] KJV: after, place.  Root(s): H871",
H948,בּוּץ,8,probably cotton (of some sort),
H1075,בִּכרִי,8,an Israelite,
H1096,בֵּלטְּשַׁאצַּר,8,Beltsha'tstsar (bale-tesh-ats-tsar') n/p. 1. Belteshazzar [(Aramaic) corresponding to H1095]  Root(s): H1095,
H1210,בָּצִיר,8,clipped; the grape crop,
H1224,בָּצרָה,8,a place in Edom,
H1246,בַּקָּשָׁה,8,a petition,
H1247,בַּר,8,"bar (bar) n-m. 1. a son, grandson, etc [(Aramaic) corresponding to H1121] KJV: X old, son.  Root(s): H1121",
H1251,בַּר,8,bar (bar) n-m. 1. a field [(Aramaic) corresponding to H1250] KJV: field.  Root(s): H1250,
H1343,גְּאֶה,8,lofty; (figuratively) arrogant,
H1348,גֵּאוּת,8,"lifting up, majesty, pride, proudly, raging.",
H1393,גִּבעוֹנִי,8,or inhabitant of Gibon,
H1413,גָּדַד,8,"gather (selves together, self in troops), cut selves.",
H1508,גִּזרָה,8,separate place.,
H1533,גִּלבּוַֹע,8,a mountain of Israel,
H1598,גָּנַן,8,to hedge about; (generally) protect,
H1607,גָּעַשׁ,8,"shake, toss, trouble",
H1627,גָּרוֹן גָּרוֹן,8,"mouth, neck, throat.",
H1783,דִּינָה,8,the daughter of Jacob,
H1803,דַּלָּה,8,(figuratively) indigent,
H1808,דָּלִיָה,8,i.e. a bough,
H1865,דְּרוֹר,8,and so clear,
H1893,הֶבֶל,8,the son of Adam,
H2013,הָסָה,8,"(keep) silence, be silent, still.",
H2066,זָבָד,8,the name of seven Israelites,
H2135,זָכָה,8,"cleanse, be clear, count pure.",
H2151,זָלַל,8,"(figuratively) to be loose morally, worthless or prodigal",
H2334,חַוּוֹת יָעִיר,8,a region of Israel,
H2356,חוֹר חוֹר,8,"socket, den",
H2397,חָח חָחִי,8,"chain, hook.",
H2401,חֲטָאָה,8,or a sacrifice for it,
H2452,חָכמָה,8,chokmah (khok-maw') n-f. 1. wisdom [(Aramaic) corresponding to H2451] KJV: wisdom.  Root(s): H2451,
H2553,חַמָּן,8,image.,
H2554,חָמַס,8,"shake off, violate, do violence, take away violently, wrong, imagine wrongfully.",
H2598,חֲנוּכָּה,8,i.e. consecration,
H2724,חָרָבָה,8,land).,
H2805,חֵשֶׁב,8,a belt or strap (as being interlaced),
H2838,חָשׁוּק חָשׁוּק,8,i.e. a fence-rail or rod connecting the posts or pillars,
H2864,חָתַר,8,(figuratively) with oars,
H2912,טָּחַן,8,to grind meal; (hence) to be a concubine (that being their employment),
H2914,טְּחוֹר,8,especially a tumor in the anus or pudenda (the piles),
H2921,טָּלָא,8,"with divers colours, spotted.",
H2971,יָאִיר,8,the name of four Israelites,
H2985,יָבִין,8,the name of two Canaanitish kings,
H3013,יָגָה,8,"cause grief, grieve, sorrowful, vex.",
H3082,יְהוֹנָדָב,8,the name of an Israelite and of an Arab,
H3087,יְהוֹצָדָק,8,an Israelite,
H3148,יוֹתֵר,8,"as adjective, noun, adverb or conjunction (as follows)",
H3158,יִזרְעֵאלִי,8,a Jizreelite or native of Jizreel,
H3189,יַחַת,8,the name of four Israelites,
H3199,יָכִין,8,the name of three Israelites and of a temple pillar,
H3204,יְכָניָה יְכָניָהוּ יְכוֹנְיָה,8,a Jewish king,
H3284,יַעֲנָה,8,"(literally) ""daughter of the owl (or ostrich)""",
H3313,יָפַע,8,"shew self, (cause to) shine (forth).",
H3345,יְקַד,8,yqad (yek-ad') v. 1. burning [(Aramaic) corresponding to H3344]  Root(s): H3344,
H3363,יָקַע,8,"depart, hang (up), be out of joint.",
H3369,יָקוֹשׁ,8,to ensnare (literally or figuratively),
H3396,יְרַחמְאֵל,8,the name of three Israelites,
H3459,יִשׁמָעֵאלִי,8,a Jishmaelite or descendant of Jishmael,
H3479,יִשׂרָאֵל,8,Yisra'el (yis-raw-ale') n/p. 1. Israel [(Aramaic) corresponding to H3478]  Root(s): H3478,
H3493,יַתּתִּיר,8,"yattiyr (yat-teer') adj. 1. preeminent 2. as an adverb, very [(Aramaic) corresponding to H3492] KJV: exceeding(-ly), excellent.  Root(s): H3492",
H3500,יֶתֶר,8,the name of five or six Israelites and of one Midianite,
H3510,כָּאַב,8,"mar, have pain, make sad (sore), (be) sorrowful.",
H3529,כְּבָר,8,a river of Mesopotamia,
H3535,כִּבשָׂה כַּבשָׂה,8,a ewe,
H3543,כָּהָה,8,"i.e. (figuratively) to despond (causatively, rebuke), or (of light, the eye) to grow dull",
H3549,כָּהֵן,8,kahen (kaw-hane') n-m. 1. priest [(Aramaic) corresponding to H3548]  Root(s): H3548,
H3567,כּוֹרֶשׁ,8,Kowresh (ko'-resh) n/p. 1. Cyrus [(Aramaic) corresponding to H3566]  Root(s): H3566,
H3635,כְּלַל,8,"klal (kel-al') v. 1. to complete [(Aramaic) corresponding to H3634] KJV: finish, make (set) up.  Root(s): H3634",
H3652,כֵּן,8,ken (kane) adv. 1. so [(Aramaic) corresponding to H3651] KJV: thus.  Root(s): H3651,
H3725,כִּפּוּר,8,expiation (only in plural),
H3756,כַּרמִי,8,the name of three Israelites,
H3779,כַּשׂדַּי,8,Kasday (kas-dah'-ee) n-m. 1. a Chaldaean or inhabitant of Chaldaea 2. (by implication) a Magian or professional astrologer [(Aramaic) corresponding to H3778] KJV: Chaldean.  Root(s): H3778,
H3790,כְּתַב,8,kthab (keth-ab') v. 1. write(-ten) [(Aramaic) corresponding to H3789]  Root(s): H3789,
H3826,לִבָּה,8,the heart,
H3835,לָבַן,8,"be (made, make) white(-r).",
H3861,לָהֵן,8,"lawhen (law-hane') conj. 1. therefore 2. also except [(Aramaic) corresponding to H3860] KJV: but, except, save, therefore, wherefore.  Root(s): H3860",
H3870,לוּז,8,the name of two places in Israel,
H3939,לַעֲנָה,8,and therefore accursed),
H3969,מְאָה,8,ma'ah (meh-aw') n-f. 1. hundred [(Aramaic) corresponding to H3967]  Root(s): H3967,
H4022,מֶגֶד,8,as a product or fruit,
H4032,מָגוֹר מָגוּר,8,terror.,
H4084,מִדיָנִי,8,a Midjanite or descend. (native) of Midjan,
H4187,מוּשִׁי מוּשִּׁי,8,a Levite,
H4225,מַחבֶּרֶת,8,i.e. seam or sewed piece,
H4241,מִחיָה,8,i.e. the quick,
H4246,מְחוֹלָה,8,dances(-cing).,
H4291,מְטָא מְטָה,8,"mta' (met-aw') ((Aramaic) or mtah (Aramaic) {met-aw'}) v. 1. to arrive, extend or happen [apparently corresponding to H4672 in the intransitive sense of being found present] KJV: come, reach.  See also: H4672",
H4303,מַטעַם מַטעַמָּה,8,savoury meat.,
H4395,מְלֵאָה,8,i.e. abundance (of produce),
H4403,מַלבּוּשׁ מַלבּוּשׁ,8,or (collectively) clothing,
H4409,מַלּוּך מַלוּכִי,8,the name of five Israelites,
H4411,מָלוֹן,8,i.e. caravanserai or encampment,
H4432,מוֹלֶך,8,the chief deity of the Ammonites,
H4455,מַלקוַֹח,8,spoil (and captives) (as taken),
H4456,מַלקוֹשׁ,8,the spring rain; (figuratively) eloquence,
H4498,מָנוֹס,8,a fleeing,
H4505,מְנַחֵם,8,an Israelite,
H4584,מָעוֹן,8,the name of an Israelite and of a place in Israel,
H4602,מַעֲכָתִי,8,or inhabitant of Maakah,
H4617,מַעֲנֶה,8,X himself.,
H4658,מַפֶּלֶת,8,(concretely) a ruin; (specifically) a carcass,
H4670,מִפתָּן,8,i.e. a sill,
H4671,מוֹץ מוֹץ,8,i.e. winnowed or (rather) threshed loose),
H4694,מְצוּרָה מְצוּרָה,8,"fort, munition, strong hold.",
H4762,מַראֵשָׁה מַרֵשָׁה,8,the name of two Israelites and of a place in Israel,
H4806,מְרִיא,8,through the idea of domineering],
H4993,מַתּתִּתיָה מַתּתִּתיָהוּ,8,the name of four Israelites,
H5029,נְבִיא,8,nbiy' (neb-ee') n-m. 1. a prophet [(Aramaic) corresponding to H5030] KJV: prophet.  Root(s): H5030,
H5166,נְחֶמיָה,8,the name of three Israelites,
H5183,נַחַת,8,(unfavorably) punishment; (favorably) food,
H5274,נָעַל,8,"hence (denominative from H5275), to sandal, i.e. furnish with slippers",
H5276,נָעֵם,8,"be delight, be pleasant, be sweet.",
H5425,נָתַר,8,"causatively, to terrify, shake off, untie",
H5459,סְגוּלָּה,8,"peculiar (treasure), proper good, special.",
H5470,סוֹהַר,8,a dungeon (as surrounded by walls),
H5528,סָכַל,8,"play the, turn into) fool(-ish, -ishly, -ishness).",
H5530,סָכָל,8,sottish.,
H5627,סָרָה,8,(figuratively) remission,
H5658,עַבדּוֹן,8,the name of a place in Israel and of four Israelites,
H5689,עָגַב,8,i.e. to love (sensually),
H5711,עָדָה,8,the name of two women,
H5725,עֲדוּלָּם,8,a place in Israel,
H5780,עוּץ,8,"a son of Aram, also a Seirite, and the regions settled by them",
H5820,עַזמָוֶת,8,the name of three Israelites and of a place in Israel,
H5858,עֵיבָּל,8,a mountain of Israel,
H5861,עַיִט,8,"fowl, ravenous (bird).",
H5970,עָלַץ,8,i.e. exult,
H6045,עִניָן,8,travail.,
H6084,עָפרָה,8,the name of an Israelite and of two places in Israel,
H6126,עַקּוּב,8,the name of five Israelites,
H6149,עָרֵב,8,"take pleasure in, be sweet.",
H6222,עֲשָׂיָה,8,the name of three or four Israelites,
H6288,פְּאוֹרָה פּוֹרָאה פּוּארָה,8,i.e. (plural) foliage (including the limbs) as bright green,
H6305,פְּדָיָה פְּדָיָהוּ,8,the name of six Israelites,
H6332,פּוּר פּוּרִים פּוּרִים,8,Purim.,
H6429,פְּלֶשֶׁת,8,"Pelesheth, a region of Syria",
H6449,פִּסגָּה,8,a mt. East of Jordan,
H6452,פָּסַח,8,"(by implication) to hesitate; (also, literally) to limp, to dance",
H6482,פֶּצַע,8,a wound,
H6636,צְּבוֹאִים צֶּבִיִים צֶּבִיִם,8,a place in Israel,
H6649,צִּבעוֹן,8,an Idumaean,
H6805,צָּעַד,8,(upward) to mount; (along) to march,
H6895,קָבַב,8,i.e. (figuratively) to malign or execrate (i.e. stab with words),
H6934,קַדמִיאֵל,8,the name of three Israelites,
H6958,קוֹא קָיָה,8,"vomit (out, up, up again).",
H6962,קוּט,8,i.e. (figuratively) detest,
H6969,קוּן,8,i.e. chant or wail (at a funeral),
H7131,קָרֵב,8,"come (near, nigh), draw near.",
H7145,קָרחִי,8,"Korathite, sons of Kore, Korhite.",
H7172,קַרקַע,8,of a building or the sea,
H7193,קַשׂקֶשֶׂת,8,scale.,
H7197,קָשַׁשׁ,8,(figuratively) to assemble,
H7253,רֶבַע,8,"side, square.",
H7260,רַברַב,8,rabrab (rab-rab') adj. 1. huge (in size) 2. domineering (in character) [(Aramaic) from H7229] KJV: (very) great (things).  Root(s): H7229,
H7271,רְגַל,8,rgal (reg-al') n-f. 1. foot [(Aramaic) corresponding to H7272]  Root(s): H7272,
H7348,רְחוּם,8,the name of a Persian and of three Israelites,
H7401,רָכַך,8,used figuratively,
H7496,רָפָה,8,in plural only),
H7531,רִצפָּה,8,pavement.,
H7543,רָקַח,8,"compound, make (ointment), prepare, spice.",
H7550,רָקִיק,8,H7556 in its original sense],
H7647,שָׂבָע,8,"plenteous(- ness, -ly).",
H7648,שׂוֹבַע,8,"full(-ness), satisfying, be satisfied.",
H7649,שָׂבֵַע,8,satisfied (with).,
H7663,שָׂבַר שָׁבַר,8,of watching) to expect (with hope and patience),
H7755,שׂוֹכוֹה שׂוֹכוֹה שׂוֹכוֹ,8,the name of two places in Israel,
H7767,שׁוּנַמִּיתּ,8,or female inhabitant of Shunem,
H7895,שִׁישַׁק שׁוּשַׁק,8,an Egyptian king,
H7956,שֵׁלָה,8,the name of a postdiluvian patriarch and of an Israelite,
H7961,שָׁלֵו שָׁלֵיו שְׁלֵוָה,8,security,
H7962,שַׁלוָה,8,"peace(-ably), prosperity, quietness.",
H7973,שֶׁלַח,8,"(figuratively) a shoot of growth, i.e. branch",
H7980,שָׁלַט,8,(by implication) to permit,
H8019,שְׁלוֹמִיתּ שְׁלוֹמִיתּ,8,the name of five Israelites and three Israelitesses,
H8020,שַׁלמַן,8,a king apparently of Assyria,
H8152,שִׁנעָר,8,a plain in Babylonia,
H8175,שָׂעַר,8,i.e. fear,
H8202,שָׁפָט,8,the name of four Israelites,
H8274,שֵׁרֵביָה,8,the name of two Israelites,
H8327,שָׁרַשׁ,8,(by implication) to pluck from it,
H8352,שֵׁת,8,"Sheth, third son of Adam",
H8388,תָּאַר,8,"mark out, (Rimmon-)methoar (by union with H7417).",
H8421,תּוּב,8,"tuwb (toob) v. 1. specifically (transitive and ellip.) to reply [(Aramaic) corresponding to H7725, to come back] KJV: answer, restore, return (an answer).  Root(s): H7725",
H8422,תּוּבַל תּוּבַל,8,a postdiluvian patriarch and his posterity,
H8489,תֵּימָנִי,8,Temanite.,
H8558,תָּמָר,8,a palm tree,
H8571,תְּנוּך,8,i.e. extremity,
H8666,תְּשׁוּבָה תֶּשׁוּבָה,8,"be expired, return.",
H7,אֲבַד,7,"abad (ab-ad') v. 1. destroy, perish [(Aramaic) corresponding to H6]  Root(s): H6",
H44,אֲבִיעֶזֶר,7,the name of two Israelites,
H102,אַגָּף,7,or crowds of troops,
H185,אַוָּה,7,"lust after, pleasure.",
H224,אוּרִים,7,the oracular brilliancy of the figures in the high-priest's breastplate,
H234,אַזכָּרָה,7,a reminder; specifically remembrance- offering,
H236,אֲזַל,7,azal (az-al') v. 1. to depart [(Aramaic) the same as H235] KJV: go (up).  Root(s): H235,
H293,אֲחִינוֹעַם,7,the name of two Israelitesses,
H322,אֲחוֹרַנִּיתּ,7,again).,
H356,אֵילוֹן אֵלוֹן אֵילוֹן,7,"the name of a place in Israel, and also of one Hittite, two Israelites",
H398,אָכַל,7,"burn up, consume, devour(-er, up), dine, eat(-er, up), feed (with), food, X freely, X in...wise(-deed, plenty), (lay) meat, X quite.",
H405,אֶכֶף,7,a load; (by implication) a stroke; (other) dignity,
H494,אֶלנָתָן,7,the name of four Israelites,
H504,אֶלֶף,7,from the sense of yoking or taming) an ox or cow,
H583,אֱנוֹשׁ,7,a son of Seth,
H590,אָנִי,7,navy (of ships).,
H629,אָספַּרנָא,7,"ocparna' (os-par-naw') adv. 1. diligently [(Aramaic) of Persian derivation] KJV: fast, forthwith, speed(-ily).",
H633,אֱסָר,7,ecar (es-sawr') n-m. 1. an interdict [(Aramaic) corresponding to H632 in a legal sense] KJV: decree.  Root(s): H632,
H662,אָפַק,7,restrain.,
H682,אַצֵל,7,"the name of an Israelite, and of a place in Israel",
H746,אֲריוֹך,7,the name of two Babylonians,
H821,אַשׁמוּרָה אַשׁמוּרָה אַשׁמוֹרֶת,7,a night watch,
H830,אַשׁפּוֹת אַשׁפּוֹת שְׁפוֹת,7,from H8192 (in the sense of scraping)],
H847,אֶשׁתָּאוֹל אֶשׁתָּאוֹל,7,a place in Israel,
H1007,בֵּיתּ אָוֶן,7,a place in Israel,
H1113,בֵּלשַׁאצַּר,7,Belsha'tstsar (bale-shats-tsar') n/p. 1. Belshazzar [(Aramaic) corresponding to H1112]  Root(s): H1112,
H1146,בִּניָן,7,an edifice,
H1165,בְּעִיר,7,cattle,
H1239,בָּקַר,7,"admire, care for, consider",
H1249,בַּר,7,empty,
H1262,בָּרָה,7,"(cause to) eat, manifest, (give) meat.",
H1315,בָּשׂמַת,7,"the name of a wife of Esau, and of a daughter of Solomon",
H1342,גָּאָה,7,"to rise, (figuratively) be majestic",
H1442,גָּדַף,7,reproach.,
H1446,גְּדוֹר גְּדוֹר,7,also the name of three Israelites,
H1460,גֵּו,7,the middle,
H1482,גּוּר גּוּר,7,young one.,
H1492,גָּזַּה,7,a fleece,
H1517,גִּידּ,7,a tendon,
H1614,גָּפרִיתּ,7,sulphur (as equally inflammable),
H1622,גִּרגָּשִׁי,7,one of the native tribes of Canaan,
H1672,דָּאַג,7,"sorry), sorrow, take thought.",
H1736,דּוּדַי,7,mandrake.,
H1756,דּוֹר דּוֹאר,7,a place in Israel,
H1787,דִּישׁוֹן דִּישׁוֹן דִּשׁוֹן דִּשׁוֹן,7,"Dishon, the name of two Edomites",
H1806,דְּלָיָה דְּלָיָהוּ,7,the name of five Israelites,
H1921,הָדַר,7,"(by implication) to favor or honour, be high or proud",
H1959,הֵידָּד,7,acclamation,
H1975,הַלָּז,7,"that, this.",
H1979,הֲלִיכָּה,7,a caravan,
H2039,הָרָן,7,the name of two men,
H2061,זְאֵב,7,a wolf,
H2083,זְבוּל,7,an Israelite,
H2131,זִיקָה זִק זֵק,7,(from the original sense of the root) a bond,
H2153,זִלפָּה,7,Leah's maid,
H2158,זָמִיר זָמִר זְמִרָה,7,"singing, song.",
H2189,זַעֲוָה,7,maltreatment,
H2212,זָקַק,7,"(figuratively) extract, clarify",
H2239,זֶרֶת,7,i.e. a span,
H2250,חַבּוּרָה חַבּוּרָה חֲבוּרָה,7,i.e. a weal (or black-and-blue mark itself),
H2267,חֶבֶר,7,"company, enchantment, X wide.",
H2290,חֲגוֹר חֲגוֹר חֲגוֹרָה חֲגוֹרָה,7,"armour, gird(-le).",
H2339,חוּט,7,"fillet, line, thread.",
H2341,חֲוִילָה,7,also perhaps of two men,
H2348,חוֹף,7,"haven, shore, (sea-)side.",
H2386,חֲזִיר,7,swine.,
H2417,חַי,7,"chay (khah'-ee) adj. 1. alive 2. (as noun in plural) life [(Aramaic) from H2418] KJV: life, that liveth, living.  Root(s): H2418",
H2427,חִיל חִילָה,7,"pang, sorrow.",
H2429,חַיִל,7,"chayil (khah'-yil) n-m. 1. an army, or strength [(Aramaic) corresponding to H2428] KJV: aloud, army, X most (mighty), power.  Root(s): H2428",
H2455,חוֹל,7,"profane (place), unholy.",
H2560,חָמַר,7,"befoul, be red, trouble.",
H2779,חוֹרֶף,7,"winter (-house), youth.",
H2793,חוֹרֶשׁ,7,"forest, shroud, wood.",
H2918,טִּירָה,7,"habitation, palace, row.",
H2999,יַבּוֹק,7,a river east of the Jordan,
H3061,יְהוּד,7,"Yhuwd (yeh-hood') n/l. 1. (properly) Judah 2. (hence) Judaea [(Aramaic) contracted from a form corresponding to H3063] KJV: Jewry, Judah, Judea.  Root(s): H3063",
H3122,יוֹנָדָב,7,the name of an Israelite and of a Rechabite,
H3302,יָפָה,7,"be (make self) fair(-r), deck.",
H3367,יְקָר,7,"yqar (yek-awr') n-m. 1. glory, honour [(Aramaic) corresponding to H3366]  Root(s): H3366",
H3382,יֶרֶד,7,"the name of an antediluvian, and of an Israelite",
H3412,יַרמוּת,7,the name of two places in Israel,
H3449,יִשִּׁיָה יִשִּׁיָהוּ,7,the name of five Israelites,
H3654,כֵּן,7,X manner.,
H3672,כִּנְּרוֹת כִּנֶּרֶת,7,a place in Israel,
H3675,כְּנָת,7,knath (ken-awth') n-m. 1. companion [(Aramaic) corresponding to H3674]  Root(s): H3674,
H3825,לְבַב,7,lbab (leb-ab') n-m. 1. heart [(Aramaic) corresponding to H3824]  Root(s): H3824,
H3877,לוֹטָן,7,an Idumaean,
H3909,לָט,7,covertly,
H3919,לַיִשׁ,7,the name of two places in Israel,
H3936,לַעדָּן,7,the name of two Israelites,
H3952,לָקַק,7,lick.,
H3961,לִשָּׁן,7,"lishshan (lish-shawn') n-m. 1. speech, i.e. a nation [(Aramaic) corresponding to H3956] KJV: language.  Root(s): H3956",
H3984,מָאן,7,ma'n (mawn) n-m. 1. a utensil [(Aramaic) probably from a root corresponding to H579 in the sense of an inclosure by sides] KJV: vessel.  Root(s): H579,
H4024,מִגדּוֹל מִגדּוֹל,7,a place in Egypt,
H4111,מַהֲלַלאֵל,7,the name of an antediluvian patriarch and of an Israelite,
H4156,מוֹעֵצָה,7,device.,
H4207,מַזלֵג מִזלָגָה,7,a fork,
H4285,מַחשָׁך,7,place).,
H4302,מַטָּע,7,"(by implication) the act, planting",
H4332,מִישָׁאֵל,7,the name of three Israelites,
H4407,מִלּוֹא מִלּוֹא,7,i.e. the citadel,
H4521,מְנָת,7,law or providence),
H4525,מַסגֵּר,7,"i.e. (of a person) a smith, (of a thing) a prison",
H4543,מִסכְּנָה,7,treasure.,
H4680,מָצָה,7,to squeeze out,
H4691,מְצוּקָה מְצוּקָה,7,i.e. (figuratively) trouble,
H4808,מְרִיבָּה,7,strife.,
H4812,מְרָיוֹת,7,the name of two Israelites,
H4823,מִרמָס,7,(to be) trodden (down) under foot.,
H4828,מֵרֵַע,7,friend.,
H4923,מְשַׁמָּה,7,desolate.,
H4924,מַשׁמָן,7,"figuratively and concretely) a rich dish, a fertile field, a robust man",
H4945,מַשׁקֶה,7,"(by implication) (intransitively), drink (itself); (figuratively) a well-watered region",
H5063,נֶגֶף,7,stumbling.,
H5092,נְהִי,7,wailing.,
H5278,נוֹעַם,7,"i.e. delight, suitableness, splendor or grace",
H5297,נוֹף,7,the capital of Upper Egypt,
H5394,נָשַׁל,7,"i.e. divest, eject or drop",
H5415,נְתַן,7,"nthan (neth-an') v. 1. give [(Aramaic) corresponding to H5414] KJV: bestow, give pay.  Root(s): H5414",
H5433,סָבָא,7,i.e. become tipsy,
H5531,סִכלוּת שִׂכלוּת,7,foolishness.,
H5557,סָלַף,7,i.e. (figuratively) to subvert,
H5590,סָעַר,7,literal or figurative},
H5617,סְפַרוַיִם סְפָרִים,7,a place in Assyria,
H5628,סָרַח,7,"hand, spread, stretch self, banish.",
H5692,עוּגָּה,7,an ash-cake (as round),
H5801,עִזָּבוֹן,7,i.e. the place (mart) or the payment (revenue),
H5825,עֲזֵקָה,7,a place in Israel,
H5849,עָטַר,7,crown.,
H5907,עַכבּוֹר,7,the name of an Idumaean and of two Israelites,
H5947,עַלִּיז,7,(that) rejoice(-ing),
H5959,עַלמָה,7,"maid, virgin.",
H5986,עָמוֹס,7,an Israelite prophet,
H6057,עָנָף,7,branch.,
H6089,עֶצֶב,7,"idol, labor, sorrow.",
H6100,עֶציוֹן גֶּבֶר עֶציוֹן גֶּבֶר,7,a place on the Red Sea,
H6124,עָקוֹד,7,striped (with bands),
H6131,עָקַר,7,(figuratively) to exterminate,
H6159,עוֹרֵב עוֹרֵב,7,the name of a Midianite and of the cliff near the Jordan,
H6274,עָתנִיאֵל,7,an Israelite,
H6287,פְּאֵר,7,i.e. fancy head-dress,
H6316,פּוּט,7,"a son of Ham, also the name of his descendants or their region, and of a Persian tribe",
H6329,פּוּק,7,"causatively, to secure; (figuratively) to succeed",
H6389,פֶּלֶג,7,a son of Shem,
H6395,פָּלָה,7,"show marvellous, separate, set apart, sever, make wonderfully.",
H6432,פְּלֵתִי,7,a courier (collectively) or official messenger,
H6443,פָּנִין פָּנִי,7,probably a pearl (as round),
H6472,פַּעֲמוֹן,7,a bell (as struck),
H6484,פָּצַר,7,i.e. (figuratively) stun or dull,
H6569,פֶּרֶשׁ,7,excrement (as eliminated),
H6621,פֶּתַע,7,"i.e. moment (used only (with or without preposition) adverbially, quickly or unexpectedly)",
H6651,צָּבַר,7,"heap (up), lay up.",
H6781,צָּמִידּ צָּמִד,7,covering.,
H6814,צּוֹעַן,7,a place in Egypt,
H6834,צִּפּוֹר,7,a Moabite,
H6835,צַּפַּחַת,7,a saucer (as flat),
H6953,קוֹהֶלֶת,7,a (female) assembler (i.e. lecturer),
H6992,קְטַל,7,qtal (ket-al') v. 1. to kill [(Aramaic) corresponding to H6991] KJV: slay.  Root(s): H6991,
H7032,קָל,7,"qal (kawl) n-m. 1. sound, voice [(Aramaic) corresponding to H6963]  Root(s): H6963",
H7049,קָלַע,7,sling (out),
H7092,קָפַץ,7,(by implication) to leap (by contracting the limbs); (specifically) to die (from gathering up the feet),
H7140,קֶרַח קוֹרַח,7,"(hence) hail; by resemblance, rock crystal",
H7147,קְרִי,7,hostile encounter,
H7156,קִריָתַיִם,7,the name of two placed in Israel,
H7267,רוֹגֶז,7,"restlessness (of a horse), crash (of thunder), disquiet, anger",
H7290,רָדַם,7,i.e. stupefy (with sleep or death),
H7389,רֵישׁ רֵאשׁ רִישׁ,7,poverty,
H7410,רָם,7,the name of an Arabian and of an Israelite,
H7415,רִמָּה,7,literally or figuratively,
H7426,רָמַם,7,"get (oneself) up, lift up (self), mount up.",
H7469,רְעוּת,7,i.e. grasping after,
H7560,רְשַׁם,7,"rsham (resh-am') v. 1. sign, write [(Aramaic) corresponding to H7559]  Root(s): H7559",
H7565,רֶשֶׁף,7,(as flashing through the air),
H7581,שְׁאָגָה,7,a rumbling or moan,
H7645,שְׁבַניָה שֶׁבַניָהוּ,7,the name of three or four Israelites,
H7696,שָׁגַע,7,play the) mad (man).,
H7776,שׁוּעָל שׁוּעָל,7,a jackal (as a burrower),
H7826,שַׁחַל,7,a lion (from his characteristic roar),
H7898,שַׁיִת,7,i.e. wild growth of weeds or briers (as if put on the field),
H7981,שְׁלֵט,7,"shlet (shel-ate') v. 1. have the mastery, have power, bear rule, be (make) ruler [(Aramaic) corresponding to H7980]  Root(s): H7980",
H7982,שֶׁלֶט,7,i.e. protecting the person),
H8048,שַׁמָּה,7,the name of an Edomite and four Israelites,
H8140,שְׁנָה,7,shnah (shen-aw') n-f. 1. year [(Aramaic) corresponding to H8141]  Root(s): H8141,
H8185,שַׂעֲרָה,7,hairiness,
H8256,שָׁקָם שִׁקמָה,7,tree).,
H8262,שָׁקַץ,7,"i.e. (intensively) to loathe, pollute",
H8289,שָׁרוֹן,7,"Sharon, the name of a place in Israel",
H8314,שָׂרָף,7,"specifically, a saraph or symbolical creature (from their copper color)",
H8322,שְׁרֵקָה,7,a derision,
H8333,שַׁרשְׁרָה,7,a chain; (arch.) probably a garland,
H8450,תּוֹר,7,"towr (tore) n-m. 1. a bull [(Aramaic) corresponding (by permutation) to H7794] KJV: bullock, ox.  Root(s): H7794",
H8471,תַּחפַּנחֵס תְּחַפנְחֵס תַּחפְּנֵס,7,"Techaphneches or Tachpenes, a place in Egypt",
H8590,תַּעֲנָך תַּענָך,7,a place in Israel,
H8602,תָּפֵל,7,"unsavoury, untempered.",
H8620,תְּקוַֹע,7,a place in Israel,
H8621,תְּקוֹעִי תְּקוֹעִי,7,a Tekoite or inhabitant of Tekoah,
H8639,תַּרדֵּמָה,7,a lethargy; (by implication) trance,
H8649,תָּרמָה תַּרמוּת תַּרמִיתּ,7,privily.,
H8658,תַּרשִׁישׁ,7,perhaps the topaz,
H11,אֲבַדּוֹן,6,(abstractly) a perishing; (concretely) Hades,
H32,אֲבִיהַיִל אֲבִיחַיִל,6,the name of three Israelites and two Israelitesses,
H46,אָבִיר,6,mighty (spoken of God),
H80,אָבָק,6,powder.,
H125,אֲדַמדָּם,6,reddish,
H172,אָהֳלִיבָּה אָהֳלִיבָּהּ,6,a symbolic name for Judah,
H217,אוּר,6,light. See also H0224.,
H235,אָזַל,6,"gad about, go to and fro (but in Ezek. 27",
H283,אַחיוֹ,6,the name of three Israelites,
H295,אֲחִיעֶזֶר,6,the name of two Israelites,
H317,אָחֳרִי,6,ochoriy (okh-or-ee') adj. 1. other [(Aramaic) from H311] KJV: (an-)other.  Root(s): H311,
H328,אַט,6,(as an adverb) gently,
H345,אַיָה,6,the name of two Israelites,
H362,אֵילִם,6,a place in the Desert,
H363,אִילָן,6,iylan (ee-lawn') n-m. 1. a tree [(Aramaic) corresponding to H356] KJV: tree.  Root(s): H356,
H380,אִישׁוֹן,6,"black, obscure.",
H422,אָלָה,6,in a bad sense) to invoke a curse,
H458,אֱלִימֶלֶך,6,an Israelite,
H460,אֶליָסָף,6,the name of two Israelites,
H469,אֱלִיצָּפָן אֶלצָּפָן,6,an Israelite,
H483,אִלֵּם,6,speechless,
H501,אֶלעָשָׂה,6,the name of four Israelites,
H533,אַמִּיצּ אַמִּץ,6,"mighty, strong (one).",
H562,אוֹמֶר,6,"speech, thing, word",
H724,אֲרוּכָה אֲרוּכָה,6,"made up, perfected.",
H737,אֲרוּחָה,6,"diet, dinner, victuals.",
H740,אֲרִיאֵל,6,"a symbolical name for Jerusalem, also the name of an Israelite",
H757,אַרכִּי,6,Archite.,
H774,אַרפָּד,6,a place in Syria,
H794,אֲשֵׁדָה,6,a ravine,
H796,אַשׁדּוֹדִי,6,of Ashdod.,
H812,אֶשׁכּוֹל,6,"the name of an Amorite, also of a valley in Israel",
H826,אַשָּׁף,6,ashshaph (ash-shawf') n-m. 1. astrologer [(Aramaic) corresponding to H825]  Root(s): H825,
H827,אַשׁפָּה,6,a quiver or arrow-case,
H851,אֶשׁתְּמוַֹע אֶשׁתְּמוַֹע אֶשׁתְּמוֹה,6,a place in Israel,
H862,אַתּתּוּק אַתּתִּיק,6,a ledge or offset in a building,
H893,בֵּבַי,6,an Israelite,
H902,בִּגוַי,6,an Israelite,
H907,בַּד,6,lie.,
H913,בְּדִיל,6,tin,
H989,בְּטֵל,6,"btel (bet-ale') v. 1. to stop [(Aramaic) corresponding to H988] KJV: (cause, make to), cease, hinder.  Root(s): H988",
H1000,בֵּיצָּה,6,an egg (from its whiteness),
H1067,בְּכִירָה,6,the eldest daughter,
H1131,בִּנּוּי,6,an Israelite,
H1187,בַּעַל פְּעוֹר,6,a Moabitish deity,
H1252,בּוֹר,6,pureness.,
H1309,בְּשׂוֹרָה בְּשׂוֹרָה,6,glad tidings; (by implication) reward for good news,
H1377,גְּבִירָה,6,a mistress,
H1405,גִּבְּתוֹן,6,a place in Israel,
H1474,גּוֹלָן,6,a place east of the Jordan,
H1505,גְּזַר,6,"gzar (ghez-ar') v. 1. to quarry 2. determine [(Aramaic) corresponding to H1504] KJV: cut out, soothsayer.  Root(s): H1504",
H1518,גִּיַח גּוַֹח,6,"labor to bring forth, come forth, draw up, take out.",
H1521,גִּיחוֹן גִּחוֹן,6,also a valley (or pool) near Jerusalem,
H1551,גָּלִיל גָּלִילָה,6,a circle (with the article); Galil (as a special circuit) in the North of Israel,
H1555,גָּליַת,6,a Philistine,
H1586,גּוֹמֶר,6,also of a Hebrewess,
H1651,גְּשׁוּרִי,6,Geshurites.,
H1655,גֶּשֶׁם,6,"geshem (gheh'-shem) n-m. 1. the body {used in a peculiar sense, probably for the figurative idea of a hard rain.} [(Aramaic) apparently the same as H1653] KJV: body.  Root(s): H1653",
H1668,דָּא,6,"da' (daw) p/d. 1. this [(Aramaic) corresponding to H2088] KJV: one..another, this.  Root(s): H2088",
H1674,דְּאָגָה,6,"fear, heaviness, sorrow.",
H1734,דּוֹדוֹ,6,the name of three Israelites,
H1763,דְּחַל,6,"dchal (deh-khal') v. 1. to slink 2. (by implication) to fear, or (causatively) be formidable [(Aramaic) corresponding to H2119] KJV: make afraid, dreadful, fear, terrible.  Root(s): H2119",
H1785,דָּיֵק,6,a battering-tower,
H1807,דְּלִילָה,6,a Philistine woman,
H1828,דּוֹמֶן,6,manure,
H1844,דֵּעָה,6,knowledge,
H1905,הַגרִי הַגרִיא,6,"Hagarite, Haggeri.",
H1916,הֲדוֹם,6,a foot stool,
H1918,הֲדַס,6,the myrtle,
H1933,הָוָא הָוָה,6,"hava' (haw-vaw') (or havah {haw-vaw'}) v. 1. supposed to mean properly, to breathe 2. to be (in the sense of existence) [a primitive root] KJV: be, X have.  Compare: H183, H1961",
H2002,הַמנִיכּ הֲמוּנֵך,6,hamniyk (ham-neek') ((Aramaic) but the text is hamuwnek {ham-oo-nayk'}) n-m. 1. a necklace [of foreign origin] KJV: chain.,
H2067,זַבדִּי,6,the name of four &Š Israelites,
H2113,זְוָעָה,6,fear,
H2122,זִיו,6,"ziyv (zeev) n-m. 1. (figuratively) cheerfulness [(Aramaic) corresponding to H2099] KJV: brightness, countenance.  Root(s): H2099",
H2197,זַעַף,6,"rage(-ing), wrath.",
H2209,זִקנָה,6,old age,
H2227,זַרחִי,6,a Zarchite or descendant of Zerach,
H2247,חָבָה,6,to secrete,
H2255,חֲבַל,6,"chabal (khab-al') v. 1. to ruin [(Aramaic) corresponding to H2254] KJV: destroy, hurt.  Root(s): H2254",
H2276,חֶברוֹנִי חֶברוֹנִי,6,an inhabitant of Chebron,
H2300,חָדַד,6,make) sharp or (figuratively) severe,
H2331,חָוָה,6,H2421,
H2394,חָזקָה,6,"mightily, repair, sharply.",
H2418,חֲיָא חֲיָה,6,"chaya' (khah-yaw') ((Aramaic) or chayah (Aramaic) {khah-yaw'}) v. 1. to live [corresponding to H2421] KJV: live, keep alive.  Root(s): H2421",
H2485,חָלִיל,6,a flute (as perforated),
H2531,חֶמֶד,6,pleasant.,
H2535,חַמָּה,6,sun.,
H2556,חָמֵץ,6,"dyed, be grieved, leavened.",
H2558,חוֹמֶץ,6,vinegar,
H2562,חֲמַר,6,chamar (kham-ar') n-m. 1. wine [(Aramaic) corresponding to H2561] KJV: wine.  Root(s): H2561,
H2624,חֲסִידָּה,6,i.e. a stork,
H2625,חָסִיל,6,i.e. a locust,
H2651,חוֹפֶן,6,"(both) hands, hand(-ful).",
H2698,חֲצֵרוֹת,6,a place in Israel,
H2730,חָרֵד,6,trembling.,
H2750,חֳרִי,6,"X great, heat.",
H2752,חוֹרִי,6,Horites.,
H2976,יָאַשׁ,6,i.e. (figuratively) to despond,
H3043,יְדִיעֲאֵל,6,the name of three Israelites,
H3066,יְהוּדִיתּ,6,the Jewish (used adverbially) language,
H3127,יוֹנֶקֶת,6,young twig.,
H3166,יַחֲזִיאֵל,6,the name of five Israelites,
H3226,יָמִין,6,the name of three Israelites,
H3278,יָעֵל,6,a Canaanite,
H3355,יָקטָּן,6,an Arabian patriarch,
H3418,יֶרֶק,6,i.e. grass or vegetation,
H3420,יֵרָקוֹן,6,"whether of persons (from fright), or of plants (from drought)",
H3465,יָשָׁן,6,old,
H3511,כְּאֵב,6,adversity,
H3553,כּוֹבַע,6,a helmet (as arched),
H3585,כַּחַשׁ,6,(figuratively) hypocrisy,
H3599,כִּיס,6,"cup, purse.",
H3663,כְּנַניָה כְּנַניָהוּ,6,an Israelite,
H3700,כָּסַף,6,"be greedy, long, sore.",
H3784,כָּשַׁף,6,i.e. to inchant or practise magic,
H3785,כֶּשֶׁף,6,witchcraft.,
H3798,כִּתלִישׁ,6,a place in Israel,
H3803,כָּתַר,6,also to wait (as restraining oneself),
H3868,לוּז,6,"i.e. (literally) to depart, (figuratively) be perverse",
H3882,לִויָתָן,6,(figuratively) the constellation of the dragon; also as a symbol of Babylon,
H3888,לוּשׁ,6,to knead,
H3892,לַח,6,i.e. unused or undried,
H3897,לָחַך,6,to lick,
H3928,לִמּוּד לִמּוּד,6,"disciple, learned, taught, used.",
H3933,לַעַג,6,scoffing,
H4093,מַדָּע מַדַּע,6,"science, thought.",
H4099,מְדָתָא,6,the father of Haman,
H4114,מַהפֵּכָה,6,overthrow(-n).,
H4132,מוֹט,6,(by implication) a pole (as shaking); (hence) a yoke (as essentially a bent pole),
H4234,מָחוֹל,6,a (round) dance,
H4245,מַחֲלֶה מַחֲלָה,6,"infirmity, sickness.",
H4315,מֵיטָּב,6,the best part,
H4345,מַכבֵּר,6,a grate,
H4371,מֶכֶס,6,an assessment (as based upon a census),
H4375,מַכפֵּלָה,6,a place in Israel,
H4387,מִכתָּם,6,i.e. (techn.) a poem,
H4457,מֶלקָח מַלקָח,6,tongs.,
H4474,מִמשָׁל,6,that ruled.,
H4494,מָנוַֹח,6,quiet; (concretely) a settled spot; (figuratively) a home,
H4514,מַנעוּל מַנעוּל,6,a bolt,
H4571,מָעַד,6,"slide, slip.",
H4610,מַעֲלֵה עַקרַבִּים,6,a place in the Desert,
H4678,מַצֶּבֶת,6,also the stock of a tree,
H4685,מָצוֹד מְצוֹדָה מְצוֹדָה,6,"hold, munition, net, snare.",
H4689,מָצוֹק,6,i.e. (abstractly and figuratively) confinement or disability,
H4756,מָרֵא,6,"mare' (maw-ray') n-m. 1. a master [(Aramaic) from a root corresponding to H4754 in the sense of domineering] KJV: lord, Lord.  Root(s): H4754",
H4772,מַרגְּלָה,6,"i.e. (adverbially) at the foot, or (direct.) the foot itself",
H4800,מֶרחָב,6,"either literally (an open space, usually in a good sense), or figuratively (liberty)",
H4809,מְרִיבָּה,6,the name of two places in the Desert,
H4822,מְרֵמוֹת,6,the name of two Israelites,
H4903,מִשׁכַּב,6,mishkab (mish-kab') n-m. 1. a bed [(Aramaic) corresponding to H4904] KJV: bed.  Root(s): H4904,
H4906,מַשׂכִּיתּ,6,(figuratively) imagination,
H4933,מְשִׁסָּה,6,spoil.,
H4968,מְתוּשֶׁלַח,6,an antediluvian patriarch,
H4991,מַתּתָּת,6,a present,
H4997,נוֹאדּ נוֹאדּ נוֹאדָּה,6,a (skin or leather) bag (for fluids),
H5011,נוֹב,6,a place in Israel,
H5031,נְבִיאָה,6,a prophetess; (generally) inspired woman; (by implication) a poetess,
H5050,נָגַהּ,6,to illuminate,
H5067,נֵד,6,i.e. wave,
H5102,נָהַר,6,"hence (from the sheen of a running stream) to flow, i.e. (figuratively) assemble",
H5123,נוּם,6,slumber.,
H5138,נָזִידּ,6,i.e. soup,
H5168,נַחנוּ,6,we,
H5182,נְחַת,6,"nchath (nekh-ath') v. 1. to descend 2. causatively, to bring away, deposit, depose [(Aramaic) corresponding to H5181] KJV: carry, come down, depose, lay up, place.  Root(s): H5181",
H5246,נָמֵר,6,"to filtrate, i.e. be limpid (comp H5247 and H5249)]",
H5257,נְסִיכּ,6,(also) a molten image; (by implication) a prince (as anointed),
H5365,נָקַר,6,quarry),
H5382,נָשָׁה,6,"to remit, remove",
H5450,סְבָלָה,6,porterage,
H5512,סִין,6,Sin the name of an Egyptian town and (probably) desert adjoining,
H5543,סַלוּ סַלוּא סָלוּא סַלַּי,6,the name of two Israelites,
H5572,סְנֶה,6,a bramble,
H5585,סָעִיף,6,"clift, top.",
H5596,סָפַח שָׂפַח,6,but in certain peculiar senses (of removal or association),
H5603,סָפַן,6,(figuratively) to reserve,
H5613,סָפֵר,6,capher (saw-fare') n-m. 1. a scribe (secular or sacred) [(Aramaic) from the same as H5609] KJV: scribe.  Root(s): H5609,
H5651,עֶבֶד,6,the name of two Israelites,
H5663,עֶבֶד מֶלֶך,6,a eunuch of Zedekeah,
H5670,עָבַט,6,(figuratively) to entangle,
H5673,עֲבִידָּה,6,"`abiydah (ab-ee-daw') n-f. 1. labor or business [(Aramaic) from H5648] KJV: affairs, service, work.  Root(s): H5648",
H5696,עָגוֹל עָגוֹל,6,],
H5832,עֲזַראֵל,6,the name of five Israelites,
H5840,עַזרִיקָם,6,the name of four Israelites,
H5872,עֵין גֶּדִי,6,a place in Israel,
H5896,עִירָא,6,the name of three Israelites,
H5909,עַכבָּר,6,a mouse (as nibbling),
H5912,עָכָן,6,an Israelite,
H5920,עַל,6,to Jehovah,
H5955,עוֹלֵלָה,6,grapegleanings.,
H5988,עַמִּיאֵל,6,the name of three or four Israelites,
H6137,עַקרָב,6,a scorpion; (figuratively) a scourge or knotted whip,
H6144,עָר,6,a place in Moab,
H6152,עֲרָב עֲרַב,6,a country East of Israel,
H6181,עֶריָה,6,"naked, X quite.",
H6202,עָרַף,6,hence (figuratively) to destroy,
H6225,עָשַׁן,6,whether literal or figurative,
H6236,עֲשַׂר עֲשׂרָה,6,"`asar , (as-ar') ((Aramaic) masculine aasrah (Aramaic). {as-raw'}) n-e. 1. ten [corresponding to H6235] KJV: ten, + twelve.  Root(s): H6235",
H6264,עָתִידּ,6,"ready, treasures.",
H6355,פַּחַת מוֹאָב,6,an Israelite,
H6400,פֶּלַח,6,a slice,
H6424,פָּלַס,6,"also to revolve, i.e. weigh (mentally)",
H6433,פּוּם,6,pum (poom) n-m. 1. the mouth (literally or figuratively) [(Aramaic) probably for H6310] KJV: mouth.  Root(s): H6310,
H6458,פָּסַל,6,whether wood or stone,
H6530,פְּרִיצּ,6,i.e. a tyrant,
H6531,פֶּרֶך,6,i.e. severity,
H6540,פָּרַס,6,"Parac (paw-ras') n/g. 1. Persia, Persians [(Aramaic) corresponding to H6539]  Root(s): H6539",
H6551,פַּרעוֹשׁ,6,the name of our Israelite,
H6598,פַּתבַּג,6,a dainty,
H6600,פִּתגָּם,6,"pithgam (pith-gawm') n-m. 1. a word, answer, letter or decree [(Aramaic) corresponding to H6599] KJV: answer, letter, matter, word.  Root(s): H6599",
H6620,פֶּתֶן,6,an asp (from its contortions),
H6728,צִּיִי,6,i.e. nomad or wild beast,
H6767,צְּלָצַל,6,"locust, shadowing, spear.",
H6797,צָּנִיף צָּנוֹף צָּנִיפָה,6,"hood, mitre.",
H6842,צָּפִיר,6,a male goat (as prancing),
H6875,צְּרִי צֳּרִי,6,i.e. balsam,
H6906,קָבַע,6,i.e. (figuratively) defraud,
H6927,קַדמָה,6,"antiquity, former (old) estate.",
H6945,קָדֵשׁ,6,i.e. (technically) a (male) devotee (by prostitution) to licentious idolatry,
H6976,קוֹץ,6,the name of two Israelites,
H6979,קוּר,6,denominative from H7023) to wall up,
H7018,קֵינָן,6,an antediluvian,
H7028,קִישׁוֹן,6,a river of Israel,
H7034,קָלָה,6,"but figuratively, only (be (causatively, hold) in contempt)",
H7039,קָלִי קָלִיא,6,roasted ears of grain,
H7067,קַנָּא,6,jealous,
H7077,קָנַן,6,i.e. build or occupy as a nest,
H7139,קָרַח,6,to depilate,
H7203,רוֹאֶה,6,a seer (as often rendered); but also (abstractly) a vision,
H7236,רְבָה,6,"rbah (reb-aw') v. 1. make a great man, grow [(Aramaic) corresponding to H7235]  Root(s): H7235",
H7241,רָבִיבּ,6,a rain (as an accumulation of drops),
H7249,רַב ־ סָרִיס,6,a Babylonian official,
H7336,רָזַן,6,i.e. (figuratively) honorable,
H7376,רָטַשׁ,6,to dash down,
H7400,רָכִיל,6,"carry tales, talebearer",
H7461,רַעַד רֶעָדָה,6,a shudder,
H7468,רְעוּת,6,"mate, neighbour.",
H7476,רַעיוֹן,6,"ra`yown (rah-yone') n-m. 1. a grasp. i.e. (figuratively) mental conception [(Aramaic) corresponding to H7475] KJV: cogitation, thought.  Root(s): H7475",
H7482,רַעַם,6,a peal of thunder,
H7552,רֶקֶם,6,"the name of a place in Israel, also of a Midianite and an Israelite",
H7582,שָׁאָה,6,"(make a) rush(-ing), (lay) waste.",
H7593,שְׁאֵל,6,"sh'el (sheh-ale') v. 1. ask, demand, require [(Aramaic) corresponding to H7592]  Root(s): H7592",
H7619,שְׁבוּאֵל שׁוּבָאֵל,6,the name of two Israelites,
H7643,שְׂבָם שִׂבמָה,6,a place in Moab,
H7655,שִׁבעָה,6,shib`ah (shib-aw') n-f. 1. seven (times) [(Aramaic) corresponding to H7651]  Root(s): H7651,
H7659,שִׁבעָתַיִם,6,times).,
H7709,שְׁדֵמָה,6,field.,
H7711,שְׁדֵפָה שִׁדָּפוֹן,6,blight,
H7793,שׁוּר,6,a region of the Desert,
H7820,שָׁחַט,6,to hammer out,
H7838,שָׁחוֹר שָׁחוֹר,6,but also (absol.) jetty,
H7847,שָׂטָה,6,"go aside, turn.",
H7849,שָׁטַח,6,"enlarge, spread, stretch out.",
H7852,שָׂטַם,6,i.e. persecute,
H7853,שָׂטַן,6,(figuratively) accuse,
H7858,שֶׁטֶף שֵׁטֶף,6,"outrageous, overflowing.",
H7888,שִׁילוֹנִי שִׁילוֹנִי שִׁלוֹנִי,6,a Shilonite or inhabitant of Shiloh,
H7909,שַׁכּוּל שַׁכּוּל,6,bereaved (robbed) of children (whelps).,
H8060,שַׁמַּי,6,the name of three Israelites,
H8076,שָׁמֵם,6,ruined,
H8229,שִׁפעָה,6,"company, multitude.",
H8246,שָׁקַד,6,make) almond-shaped,
H8257,שָׁקַע,6,"(causatively) to abate, subdue",
H8264,שָׁקַק,6,"justle one against another, long, range, run (to and fro).",
H8266,שָׁקַר,6,i.e. be untrue (usually in words),
H8271,שְׁרֵא,6,"shre' (sher-ay') v. 1. to free, separate 2. (figuratively) to unravel, commence 3. (by implication) (of unloading beasts) to reside [(Aramaic) a root corresponding to that of H8293] KJV: begin, dissolve, dwell, loose.  Root(s): H8293",
H8323,שָׂרַר,6,"reflexively, get) dominion",
H8366,שָׁתַן,6,i.e. urinate,
H8382,תָּאַם,6,"to be (causatively, make) twinned, i.e. (figuratively) duplicate or (arch.) jointed",
H8407,תִּגלַת פִּלאֶסֶר תִּלגַּת פִּלנֶאֶסֶר,6,an Assyr. king,
H8431,תּוֹחֶלֶת,6,expectation,
H8439,תּוֹלָע,6,the name of two Israelites,
H8458,תַּחבּוּלָה תַּחבּוּלָה,6,(figuratively) guidance; (by implication) a plan,
H8480,תַּחַת,6,"the name of a place in the Desert, also of three Israelites",
H8526,תַּלמַי,6,the name of a Canaanite and a Syrian,
H8545,תְּמוּרָה,6,compensation,
H8555,תִּמנָע,6,the name of two Edomites,
H8598,תַּפּוַּח,6,"i.e. the fruit or the tree (probably includ. others of the pome order, as the quince, the orange, etc.)",
H8599,תַּפּוַּח,6,"the name of two places in Israel, also of an Israelite",
H8664,תִּשׁבִּי,6,a Tishbite or inhabitant of Tishbeh (in Gilead),
H27,אֲבִידָּן,5,an Israelite,
H38,אֲבִיָם,5,a king of Judah,
H49,אֲבִישַׁג,5,a concubine of David,
H50,אֲבִישׁוַּע,5,the name of two Israelites,
H91,אֲגָגִי,5,an Agagite or descendent (subject) of Agag,
H100,אַגמוֹן,5,(by implication) a rush (as growing there); (collectively) a rope of rushes,
H126,אַדמָה,5,a place near the Dead Sea,
H170,אָהֳלָה אָהֳלָהּ,5,"her tent (i.e. idolatrous sanctuary); Oholah, a symbol. name for Samaria",
H171,אָהֳלִיאָב,5,an Israelite,
H207,אוֹנוֹ אוֹנוֹ,5,a place in Israel,
H218,אוּר,5,(also) an Israelite,
H219,אוֹרָה,5,light.,
H266,אֲחוֹחִי,5,an Achochite or descendant of Achoach,
H286,אֲחִילוּד,5,an Israelite,
H299,אֲחִירַע,5,an Israelite,
H321,אָחֳרָן,5,"ochoran (okh-or-awn') adj. 1. other [(Aramaic) from H311, the same as H317] KJV: (an-)other.  Root(s): H311, H317",
H333,אָטֵר,5,the name of three Israelites,
H342,אֵיבָּה,5,hatred.,
H431,אֲלוּ,5,aluw (al-oo') inj. 1. lo! [(Aramaic) probably prolonged from H412] KJV: behold.  Root(s): H412,
H451,אַליָה,5,i.e. the fat tail of the Oriental sheep,
H459,אִלֵּין אִלֵּן,5,"illeyn (il-lane') ((Aramaic) or shorter oillen {il-lane'}) p/d. 1. these [prolonged from H412] KJV: the, these.  Root(s): H412",
H468,אֱלִיצּוּר,5,an Israelite,
H485,אֲלוּמָּה אָלוּם,5,something bound; a sheaf,
H500,אֶלעָלֵא אֶלעָלֵה,5,a place east of the Jordan,
H506,אֲלַף אֶלֶף,5,"alaph (al-af') ((Aramaic) or meleph (Aramaic) {eh'-lef}) n-m. 1. a thousand [properly, the same as H504] KJV: thousand.  See also: H505",
H529,אֵמוּן,5,truth.,
H552,אוּמנָם,5,in (very) deed; of a surety,
H570,אֶמֶשׁ,5,yesterday(-night),
H611,אָסוֹן,5,hurt,
H617,אַסִּיר,5,the name of two Israelites,
H636,אָע,5,"a` (aw) n-m. 1. a tree or wood [(Aramaic) corresponding to H6086] KJV: timber, wood.  Root(s): H6086",
H656,אָפֵס,5,"brought to nought), fail.",
H661,אָפַף,5,to surround,
H667,אֶפרוַֹח,5,the brood of a bird,
H673,אֶפרָתִי,5,Ephrathite.,
H680,אָצַל,5,"refuse, contract",
H686,אָצַר,5,+ (make) treasure(-r).,
H687,אֶצֶר,5,an Idumaean,
H709,אַרגּוֹב,5,a district of Israel,
H718,אֲרוּ,5,"aruw (ar-oo') inj. 1. lo! [(Aramaic) probably akin to H431] KJV: behold,lo.  Root(s): H431",
H732,אָרַח,5,wayfaring (man).,
H762,אֲרָמִיתּ,5,in Syriac.,
H763,אֲרַם נַהֲרַיִם,5,Mesopotamia.,
H855,אֵת,5,plowshare.,
H881,בְּאֵרוֹת,5,a place in Israel,
H886,בְּאֵרוֹתִי,5,a Beerothite or inhabitant of Beeroth,
H980,בַּחוּרִים בַּחוּרִים,5,a place in Israel,
H1071,בֶּכֶר,5,the name of two Israelites,
H1085,בִּלדַּד,5,one of Job's friends,
H1087,בָּלֶה,5,worn out,
H1158,בָּעָה,5,"inquire, seek up, swell out.",
H1173,בַּעֲלָה,5,the name of three places in Israel,
H1177,בַּעַל חָנָן,5,"the name of an Edomite, also of an Israelite",
H1217,בָּצֵק,5,flour.,
H1221,בֶּצֶר,5,also an Israelite,
H1231,בּוּקִּי,5,the name of two Israelites,
H1240,בְּקַר,5,"bqar (bek-ar') v. 1. inquire, make search [(Aramaic) corresponding to H1239]  Root(s): H1239",
H1289,בְּרַך,5,"brak (ber-ak') v. 1. bless, kneel [(Aramaic) corresponding to H1288]  Root(s): H1288",
H1297,בְּרַם,5,"bram (ber-am') adv. 1. (properly) highly, i.e. surely 2. (used adversatively) however [(Aramaic) perhaps from H7313 with a prepositional prefix] KJV: but, nevertheless, yet.  Root(s): H7313",
H1379,גָּבַל,5,set (bounds about).,
H1441,גִּדעוֹנִי,5,an Israelite,
H1470,גּוֹזָן,5,a province of Assyria,
H1500,גְּזֵלָה,5,"spoil, violence.",
H1552,גְּלִילָה,5,"coast, country.",
H1583,גַּמלִיאֵל,5,an Israelite,
H1584,גָּמַר,5,"come to an end, fail, perfect, perform.",
H1587,גְּמַריָה גְּמַריָהוּ,5,the name of two Israelites,
H1626,גֵּרָה,5,i.e. a gerah or small weight (and coin),
H1634,גֶּרֶם,5,i.e. (figuratively) very,
H1641,גָּרַר,5,"chew, X continuing, destroy, saw.",
H1660,גַּת,5,a wine-press (or vat for holding the grapes in pressing them),
H1690,דְּבֵלָה,5,a cake of pressed figs,
H1700,דִּברָה,5,suit or style,
H1739,דָּוֶה,5,"menstruous cloth, she that is sick, having sickness.",
H1740,דּוַּח,5,"purge, wash.",
H1780,דִּין,5,diyn (deen) n-m. 1. judgement [(Aramaic) corresponding to H1779]  Root(s): H1779,
H1789,דִּישָׁן,5,an Edomite],
H1794,דָּכָה,5,"contrite, crouch.",
H1801,דָּלַג,5,to spring,
H1802,דָּלָה,5,(figuratively) to deliver,
H1839,דָּנִי,5,of Dan.,
H1843,דֵַּע,5,opinion.,
H1891,הָבַל,5,specifically to lead astray,
H1927,הֲדָרָה,5,honour.,
H1949,הוּם,5,or agitate greatly,
H2027,הֶרֶג,5,slaughter.,
H2028,הֲרֵגָה,5,slaughter,
H2043,הֲרָרִי הָרָרִי הָארָרִי,5,a mountaineer,
H2062,זְאֵב,5,a Midianitish prince,
H2073,זְבוּל זֶבוּל,5,"dwelling, habitation.",
H2156,זְמוֹרָה זְמוֹרָה זְמוֹר,5,"branch, slip.",
H2182,זָנוַֹח,5,the name of two places in Israel,
H2191,זְעֵיר,5,meaning to dwindle],
H2196,זָעַף,5,i.e. (figuratively) to be peevish or angry,
H2228,זְרַחיָה,5,H3050,
H2251,חָבַט,5,"out), thresh.",
H2259,חוֹבֵל,5,shipmaster.,
H2284,חָגָב,5,a locust,
H2294,חַגִּיתּ,5,a wife of David,
H2380,חָזוּת,5,(by implication) a formal agreement,
H2392,חוֹזֶק,5,power,
H2407,חַטּוּשׁ,5,the name of four or five Israelites,
H2454,חָכמוֹת חַכמוֹת,5,every wise (woman).,
H2457,חֶלאָה,5,(properly) disease; (hence) rust,
H2465,חֶלֶד,5,"short time, world.",
H2496,חַלָּמִישׁ,5,rock.,
H2497,חֵלוֹן,5,an Israelite,
H2503,חֶלֶץ חֵלֶץ,5,"Chelets, the name of two Israelites",
H2537,חֲמוּטַל חֲמִיטַּל,5,an Israelitess,
H2590,חָנַט,5,put forth.,
H2596,חָנַך,5,train up.,
H2621,חוֹסָה,5,also a place in Israel,
H2633,חוֹסֶן,5,"strength, treasure.",
H2652,חָפנִי,5,an Israelite,
H2749,חַרטּוֹם,5,chartom (khar-tome') n-m. 1. magician [(Aramaic) the same as H2748]  Root(s): H2748,
H2786,חָרַק,5,to grate the teeth,
H2815,חַשּׁוּב,5,the name of two or three Israelites,
H2825,חֲשֵׁכָה חֲשֵׁיכָּה,5,darkness; (figuratively) misery,
H2828,חָשׁוּם,5,the name of two or three Israelites,
H2843,חוּשָׁתִי,5,a Chushathite or descendant of Chushah,
H2844,חַת,5,"dismayed, dread, fear.",
H2920,טַּל,5,tal (tal) n-m. 1. dew [(Aramaic) the same as H2919]  Root(s): H2919,
H2929,טַּלמוֹן,5,a temple doorkeeper,
H2941,טַּעַם,5,"ta`am (tah'-am) n-m. 1. (properly) a taste, i.e. (as in H2940) a judicial sentence [(Aramaic) from H2939] KJV: account, X to be commanded, commandment, matter.  Root(s): H2939  See also: H2940",
H2948,טּוֹפַח,5,H2947,
H2994,יְבֵמֶת,5,sister in law.,
H3025,יָגוֹר,5,fear.,
H3111,יוֹיָדָע,5,the name of two Israelites,
H3114,יוֹיָרִיבּ,5,the name of four Israelites,
H3136,יוֹצָדָק,5,an Israelite,
H3159,יִזרְעֵאלִיתּ,5,a Jezreelitess,
H3182,יָחֵף,5,being unshod.,
H3209,יִלּוֹד,5,born,
H3215,יְלָלָה,5,a howl,
H3232,יִמנָה,5,(with the article) of the posterity of one of them,
H3262,יְעוּאֵל,5,the name of four Israelites,
H3309,יָפִיַע,5,"the name of a Canaanite, an Israelite, and a place in Israel",
H3330,יַצִּיבּ,5,"yatstsiyb (yats-tseeb') adj. 1. fixed, sure 2. (concretely) certainty [(Aramaic) from H3321] KJV: certain(-ty), true, truth.  Root(s): H3321",
H3415,יָרַע,5,(properly) to be broken up (with any violent action) i.e. (figuratively) to fear,
H3419,יָרָק,5,herbs.,
H3463,יָשֵׁן,5,"(one out of) sleep(-eth, -ing), slept.",
H3469,יִשׁעִי,5,the name of four Israelites,
H3488,יְתִב,5,"ythiyb (yeth-eeb') v. 1. to sit or dwell [(Aramaic) corresponding to H3427] KJV: dwell, (be) set, sit.  Root(s): H3427",
H3505,יִתרִי,5,a Jithrite or descendant of Jether,
H3540,כְּדָרלָעוֹמֶר,5,an early Persian king,
H3660,כְּנֵמָא,5,"knema' (ken-ay-maw') adv. 1. so or thus [(Aramaic) corresponding to H3644] KJV: so, (in) this manner (sort), thus.  Root(s): H3644",
H3668,כְּנַעֲנָה,5,the name of two Israelites,
H3717,כָּפַל,5,to fold together; (figuratively) to repeat,
H3721,כָּפַף,5,to curve,
H3761,כַּרמְלִי,5,a Karmelite or inhabitant of Karmel (the town),
H3795,כָּתִיתּ,5,i.e. pure (oil),
H3823,לָבַב,5,(as denominative from H3834) to make cakes,
H3845,לִבנִי,5,an Israelite,
H3849,לוֹג,5,a log or measure for liquids,
H3865,לוּד,5,the name of two nations,
H3908,לַחַשׁ,5,"earring, enchantment, orator, prayer.",
H3913,לָטַשׁ,5,i.e. to sharpen,
H3916,לֵילְיָא,5,leylya' (lay-leh-yaw') n-m. 1. night [(Aramaic) corresponding to H3815]  Root(s): H3815,
H3993,מַאֲרָב,5,"ambushment, lurking place, lying in wait.",
H3994,מְאֵרָה,5,an execration,
H4076,מָדַי,5,Maday (maw-dah'-ee) n/l. 1. Mede(-s) [(Aramaic) corresponding to H4074]  Root(s): H4074,
H4134,מוּך,5,i.e. (figuratively) be impoverished,
H4158,מוֹפַעַת מֵיפַעַת מֵפַעַת,5,a place in Israel,
H4162,מוֹצָא,5,the name of two Israelites,
H4212,מְזַמְּרָה,5,a tweezer (only in the plural),
H4227,מַחֲבַת,5,a pan for baking in,
H4244,מַחלָה,5,the name apparently of two Israelitesses,
H4301,מַטמוֹן מַטמוֹן מַטמוּן,5,(hid) treasure(-s).,
H4311,מֵידֶּבָא,5,a place in Israel,
H4348,מִכוָה,5,burning.,
H4370,מִכנָס,5,(only in dual) drawers (from concealing the private parts),
H4414,מָלַח,5,"salt, season, temper together, vanish away.",
H4444,מַלכִּישׁוַּע,5,an Israelite,
H4446,מְלֶכֶת,5,a queen,
H4448,מָלַל,5,"speak, utter.",
H4449,מְלַל,5,"mlal (mel-al') v. 1. to speak [(Aramaic) corresponding to H4448] KJV: say, speak(-ing).  Root(s): H4448",
H4483,מְנָא מְנָה,5,"mna' (men-aw') ((Aramaic) or mnah (Aramaic) {men-aw'}) v. 1. to count, appoint [corresponding to H4487] KJV: number, ordain, set.  Root(s): H4487",
H4488,מָנֶה,5,i.e. (techn.) a maneh or mina,
H4524,מֵסַב מֶסִבִּים מֶסִבּוֹת,5,"(place) round about, at table.",
H4531,מַסָּה,5,of men (judicial) or of God (querulous),
H4537,מָסַך,5,especially wine (with spices),
H4554,מִספּוֹא,5,fodder,
H4612,מַעֲמָד,5,"office, place, state.",
H4615,מַעֲמָק,5,depth.,
H4705,מִצעָר,5,a short (time),
H4768,מַרבִּיתּ,5,"greatness, increase, multitude.",
H4785,מָרָה,5,a place in the Desert,
H4794,מְרוּצָה מְרוּצָה,5,whether the manner or the progress,
H4867,מִשׁבָּר,5,wave.,
H4937,מִשׁעֵן מִשׁעָן,5,i.e. (figuratively) a protector or sustenance,
H4971,מַתכּוֹנֶת מַתכּוּנֶת,5,number or ingredients),
H4976,מַתּתָּן,5,"to give, reward.",
H4985,מָתַק,5,X take) sweet.,
H4996,נוֹא,5,the capital of Upper Egypt,
H5007,נְאָצָה נֶאָצָה,5,scorn,
H5032,נְבָיוֹת נֶבָיוֹת,5,"a son of Ismael, and the country settled by him",
H5098,נָהַם,5,roar(-ing).,
H5184,נַחַת,5,the name of an Edomite and of two Israelites,
H5218,נָכֵא נָכָא,5,i.e. (figuratively) afflicted,
H5233,נֶכֶס,5,wealth.,
H5243,נָמַל,5,circumcise.,
H5250,נִמשִׁי,5,the (grand-)father of Jehu,
H5279,נַעֲמָה,5,"the name of an antediluvian woman, of an Ammonitess, and of a place in Israel",
H5317,נוֹפֶת,5,a dripping i.e. of honey (from the comb),
H5356,נִקָּיוֹן נִקָּיוֹן,5,innocency.,
H5367,נָקַשׁ,5,literally or figuratively,
H5449,סַבָּל,5,bearer of) burden(-s).,
H5456,סָגַד,5,to prostrate oneself (in homage),
H5460,סְגַן,5,cgan (seg-an') n-m. 1. governor [(Aramaic) corresponding to H5461]  Root(s): H5461,
H5486,סוּף,5,i.e. terminate,
H5490,סוֹף,5,"end, hinder participle",
H5491,סוֹף,5,cowph (sofe) n-m. 1. end [(Aramaic) corresponding to H5490]  Root(s): H5490,
H5498,סָחַב,5,tear.,
H5559,סְלִק,5,cliq (sel-eek') v. 1. to ascend [(Aramaic) a primitive root] KJV: come (up).,
H5566,סֶמֶל סֵמֶל,5,"idol, image.",
H5579,סְנַפִּיר,5,a fin (collectively),
H5599,סָפִיַח,5,(figuratively) a freshet,
H5609,סְפַר,5,"cphar (sef-ar') n-m. 1. a book [(Aramaic) from a root corresponding to H5608] KJV: book, roll.  Root(s): H5608",
H5632,סָרֵך,5,carek (saw-rake') n-m. 1. an emir [(Aramaic) of foreign origin] KJV: president.,
H5763,עוּל,5,i.e. give milk,
H5767,עַוָּל,5,"unrighteous, wicked.",
H5786,עָוַר,5,put out. See also H5895.,
H5862,עֵיטָּם,5,a place in Israel,
H5870,עַיִן,5,`ayin (ah'-yin) n-f. 1. an eye [(Aramaic) corresponding to H5869] KJV: eye.  Root(s): H5869,
H5871,עַיִן,5,the name (thus simply) of two places in Israel,
H5881,עֵינָן,5,an Israelite,
H5891,עֵיפָה,5,also of an Israelite and of an Israelitess,
H5911,עָכוֹר,5,the name of a place in Israel,
H5915,עַכסָה,5,an Israelitess,
H5918,עָכרָן,5,an Israelite,
H5934,עָלוּם,5,H5958,
H5968,עָלַף,5,"overlaid, wrap self.",
H5996,עַמִּישַׁדַּי,5,an Israelite,
H6022,עֲמָשַׂי,5,the name of three Israelites,
H6069,עַנתּוֹתִי עַנְּתוֹתִי,5,"Anethothite, Anetothite, Antothite.",
H6071,עָסִיס,5,new (sweet) wine.,
H6077,עוֹפֶל,5,a ridge in Jerusalem,
H6082,עוֹפֶר,5,a fawn (from the dusty color),
H6094,עַצֶּבֶת,5,a pain or wound,
H6117,עָקַב,5,(figuratively) to circumvent (as if tripping up the heels),
H6140,עָקַשׁ,5,"(prove, that is) perverse(-rt).",
H6141,עִקֵּשׁ,5,"froward, perverse.",
H6155,עָרָב,5,a willow (from the use of osiers as wattles),
H6166,עֲרָד,5,"the name of a place near Israel, also of a Canaanite and an Israelite",
H6195,עָרמָה,5,"prudence, subtilty, wilily, wisdom.",
H6217,עָשׁוּק עָשׁוּק,5,tyranny,
H6295,פַּגעִיאֵל,5,an Israelite,
H6301,פְּדָהצּוּר,5,an Israelite,
H6335,פּוּשׁ,5,"be grown fat, spread selves, be scattered.",
H6396,פַּלּוּא,5,an Israelite,
H6398,פָּלַח,5,i.e. break open or pierce,
H6410,פְּלַטיָה פְּלַטיָהוּ,5,the name of four Israelites,
H6428,פָּלַשׁ,5,to roll (in dust),
H6446,פַּס,5,i.e. of many breadths),
H6465,פְּעוֹר,5,(for H1187) a deity worshipped there,
H6470,פָּעַם,5,"(hence, generally) to impel or agitate",
H6553,פִּרעָתוֹנִי פִּרעָתוֹנִי,5,a Pirathonite or inhabitant of Pirathon,
H6567,פָּרָשׁ,5,"declare, distinctly, shew, sting.",
H6617,פָּתַל,5,i.e. (literally) to struggle or (figuratively) be (morally) tortuous,
H6623,פִּתרוֹן פִּתרוֹן,5,interpretation (of a dream),
H6624,פַּתרוֹס,5,a part of Egypt,
H6647,צְּבַע,5,tsba` (tseb-ah') v. 1. to dip [(Aramaic) a root corresponding to that of H6648] KJV: wet.  Root(s): H6648,
H6686,צּוּעָר,5,an Israelite,
H6689,צּוּף צּוֹפַי צִּיף,5,the name of an Israelite and of a place in Israel,
H6698,צּוּר,5,the name of a Midianite and of an Israelite,
H6699,צּוּרָה,5,rock.,
H6701,צּוּרִישַׁדַּי,5,an Israelite,
H6706,צְּחִיַח,5,i.e. exposed to the bright sun,
H6714,צּוֹחַר,5,the name of a Hittite and of an Israelite,
H6775,צָּמַד,5,"(figuratively) to serve, (mentally) contrive",
H6788,צַּמֶּרֶת,5,i.e. foliage,
H6808,צָּעָה,5,"travelling, (cause to) wander(-er).",
H6826,צִּפּוּי,5,overlaying.,
H6848,צֶּפַע צִּפעוֹנִי,5,i.e. hissing),
H6876,צּוֹרִי,5,a Tsorite or inhabitant of Tsor (i.e. Syrian),
H6893,קָאַת,5,probably the pelican (from vomiting),
H6914,קִברוֹת הַתּתַּאֲוָה,5,a place in the Desert,
H6919,קָדַח,5,kindle,
H6948,קְדֵשָׁה,5,whore.,
H6982,קוֹרָה קוֹרָה,5,roof.,
H6998,קָטַף,5,"cut down (up), pluck.",
H7021,קִיקָיוֹן,5,the gourd (as nauseous),
H7024,קִיר,5,also one in Moab,
H7025,קִיר חֶרֶשׂ קִיר חֲרֶשֶׂת,5,a place in Moab,
H7087,קָפָא,5,"i.e. thicken (as unracked wine, curdled milk, clouded sky, frozen water)",
H7096,קָצָה,5,"cut short, scrape (off).",
H7099,קֶצֶו קִצוָה,5,but with less variety),
H7116,קָצֵר,5,"number, life, strength or temper)",
H7117,קְצָת,5,with prepositional prefix) after,
H7134,קַרדּוֹם,5,an axe,
H7135,קָרָה,5,coolness,
H7158,קִריַת סַנָּה קִריַת סֵפֶר,5,"Kirjath-Sannah or Kirjath-Sepher, a place in Israel",
H7169,קָרַץ,5,"i.e. (partially) to bite the lips, blink the eyes (as a gesture of malice), or (fully) to squeeze off (a piece of clay in order to mould a vessel from it)",
H7176,קֶרֶת,5,a city,
H7183,קַשָּׁב קַשּׁוּב,5,hearkening,
H7210,רֳאִי,5,"look to, (that) see(-th).",
H7238,רְבוּ,5,"rbuw (reb-oo') n-f. 1. increase (of dignity) [(Aramaic) from a root corresponding to H7235] KJV: greatness, majesty.  Root(s): H7235",
H7312,רוּם רוּם,5,"height, X high.",
H7314,רוּם,5,ruwm (room) n-m. 1. (literally) altitude [(Aramaic) from H7313] KJV: height.  Root(s): H7313,
H7343,רָחָב,5,a Canaanitess,
H7345,רְחַביָה רֶחַביָהוּ,5,an Israelite,
H7347,רֵחֶה,5,a mill-stone,
H7397,רֵכָה,5,a place in Israel,
H7408,רָכַשׁ,5,i.e. collect,
H7466,רְעוּ,5,a postdiluvian patriarch,
H7484,רַעמָה,5,"the name of a grandson of Ham, and of a place (perhaps founded by him)",
H7486,רַעמְסֵס רַעַמסֵס,5,a place in Egypt,
H7491,רָעַף,5,drop (down).,
H7508,רְפִידִּים,5,a place in the Desert,
H7509,רְפָיָה,5,the name of five Israelites,
H7538,רָקָב,5,decay (by caries),
H7541,רַקָּה,5,i.e. the side of the head,
H7599,שָׁאַן,5,i.e. be peaceful,
H7603,שְׂאוֹר,5,barm or yeast-cake (as swelling by fermentation),
H7624,שְׁבַח,5,"shbach (sheb-akh') v. 1. to adulate, i.e. adore [(Aramaic) corresponding to H7623] KJV: praise.  Root(s): H7623",
H7654,שָׂבעָה,5,"X till...be full, (un-)satiable, satisfy, X sufficiently.",
H7662,שְׁבַק,5,"shbaq (sheb-ak') v. 1. to quit, i.e. allow to remain [(Aramaic) corresponding to the root of H7733] KJV: leave, let alone.  Root(s): H7733",
H7698,שֶׁגֶר,5,increase.,
H7707,שְׁדֵיאוּר,5,an Israelite,
H7745,שׁוּחָה,5,pit.,
H7747,שׁוּחִי,5,a Shuchite or descendant of Shuach,
H7851,שִׁטִּים,5,a place East of the Jordan,
H7868,שִׂיבּ,5,siyb (seeb) v. 1. elder [(Aramaic) corresponding to H7867]  Root(s): H7867,
H7918,שָׁכַך,5,abate a flood),
H7951,שָׁלָה שָׁלַו,5,i.e. secure or successful,
H8013,שְׁלוֹמוֹת,5,the name of two Israelites,
H8017,שְׁלוּמִיאֵל,5,an Israelite,
H8029,שִׁלֵּשׁ,5,i.e. great grandchild,
H8041,שָׂמַאל,5,"turn) (on the, to the) left.",
H8051,שַׁמּוַּע,5,the name of four Israelites,
H8059,שְׁמִטָּה,5,remission (of debt) or suspension of labor),
H8070,שְׁמִירָמוֹת שְׁמָרִימוֹת,5,the name of two Israelites,
H8080,שָׁמַן,5,"i.e. (by analogy) be (causatively, make) oily or gross",
H8087,שֶׁמַע,5,the name of a place in Israel and of four Israelites,
H8092,שִׁמעָא,5,the name of four Israelites,
H8105,שֶׁמֶר,5,i.e. the settlings (plural only) of wine,
H8106,שֶׁמֶר,5,the name of three Israelites,
H8110,שִׁמרוֹן,5,the name of an Israelite and of a place in Israel,
H8155,שָׁסַס,5,spoil.,
H8160,שָׁעָה,5,"sha`ah (shaw-aw') n-f. 1. (properly) a look, i.e. a moment [(Aramaic) from a root corresponding to H8159] KJV: hour.  Root(s): H8159",
H8186,שַׁעֲרוּרָה שַׁעֲרִירִיָה שַׁעֲרוּרִת,5,H8175,
H8222,שָׂפָם,5,(upper) lip.,
H8239,שָׁפַת,5,reduce,
H8282,שָׂרָה,5,i.e. female noble,
H8286,שְׂרוּג,5,a postdiluvian patriarch,
H8324,שָׁרַר,5,to be hostile (only active participle an opponent),
H8348,שֵׁשָׁן,5,an Israelite,
H8355,שְׁתָה,5,shthah (sheth-aw') v. 1. drink [(Aramaic) corresponding to H8354]  Root(s): H8354,
H8463,תַּחֲלוּא תַּחֲלוּא,5,"X grievous, (that are) sick(-ness).",
H8485,תֵּימָא תֵּמָא,5,"a son of Ishmael, and the region settled by him",
H8503,תַּכלִיתּ,5,perfect(-ion).,
H8510,תֵּל,5,X strength.,
H8525,תֶּלֶם,5,ridge.,
H8538,תּוּמָּה,5,innocence,
H8550,תּוּמִּים,5,i.e. (techn.) one of the epithets of the objects in the high-priest's breastplate as an emblem of complete Truth,
H8562,תַּמרוּק תַּמרוּק תַּמרִיק,5,(figuratively) a detergent,
H8570,תְּנוּבָה,5,increase.,
H8572,תְּנוּמָה,5,i.e. sleep,
H8575,תַּנחוּם תַּנחוּם תַּנחוּמָה,5,solace,
H8583,תּוֹעוּ תּוֹעִי,5,"Tou or Toi, a Syrian king",
H8588,תַּעֲנוּג תַּעֲנוּג תַּעֲנוּגָה,5,"delight, pleasant.",
H8624,תַּקִּיף,5,"taqqiyph (tak-keef') adj. 1. mighty, strong [(Aramaic) corresponding to H8623]  Root(s): H8623",
H8631,תְּקֵף,5,"tqeph (tek-afe') v. 1. to become (causatively, make) mighty or (figuratively) obstinate [(Aramaic) corresponding to H8630] KJV: make firm, harden, be(-come) strong.  Root(s): H8630",
H8636,תַּרבִּיתּ,5,i.e. percentage or bonus in addition to principal,
H8660,תִּרשָׁתָא,5,the title of a Persian deputy or governor,
H9,אֲבֵדָה,4,i.e. Hades,
H42,אֲבִינוֹעַם,4,an Israelite,
H59,אָבֵל,4,the name of two places in Israel,
H84,אֶברָה,4,wing,
H88,אוֹבוֹת,4,a place in the Desert,
H92,אֲגֻדָּה,4,"bundle, knot, or arch",
H174,אֲהָלִים אֲהָלוֹת,4,aloe wood (i.e. sticks),
H198,אוּלָם,4,the name of two Israelites,
H208,אוֹנָם,4,the name of an Edomite and of an Israelite,
H222,אוּרִיאֵל,4,the name of two Israelites,
H225,אוּת,4,(properly) to come; (implied) to assent,
H289,אֲחִימַן אֲחִימָן,4,the name of an Anakite and of an Israelite,
H323,אֲחַשׁדַּרפַּן,4,a satrap or governor of a main province (of Persia),
H329,אָטָד,4,"bramble, thorn.",
H344,אַיָה,4,i.e. a hawk,
H381,אִישׁ ־ חַיִל אִישׁ ־ חַי,4,an Israelite,
H391,אַכזָב,4,lie.,
H392,אַכזִיבּ,4,the name of two places in Israel,
H408,אַל,4,"neither, + never, no ,nor, not, nothing (worth), rather than.",
H445,אֶלחָנָן,4,an Israelite,
H450,אֶליָדָע,4,the name of two Israelites and of an Aramaean leader,
H491,אַלמָנוּת,4,widowhood.,
H502,אָלַף,4,to learn (and causatively to teach),
H521,אַמָּה,4,ammah (am-maw') n-f. 1. cubit [(Aramaic) corresponding to H520]  Root(s): H520,
H536,אוּמלַל,4,sick,
H579,אָנָה,4,"deliver, happen, seek a quarrel.",
H581,אִנּוּן אִנִּין,4,"innuwn (in-noon') ((Aramaic) or (feminine) inniyn (Aramaic) {in- neen'}) p/d. 1. they [corresponding to H1992] KJV: X are, them, these.  Root(s): H1992",
H586,אֲנַחנָא אֲנַחנָה,4,anachna' (an-akh'-naw) ((Aramaic) or ganachnah (Aramaic) {an-akh- naw'}) p/p. 1. we [corresponding to H587] KJV: we.  Root(s): H587,
H594,אֲנָך,4,and to others a hook,
H602,אָנַק,4,groan.,
H603,אֲנָקָה,4,"groaning, sighing.",
H612,אֵסוּר,4,+ prison.,
H616,אַסִּיר,4,prisoner,
H638,אַף,4,aph (af) conj. 1. also [(Aramaic) corresponding to H637]  Root(s): H637,
H729,אָרַז,4,to be firm; used only in the passive participle as a denominative from H730],
H733,אָרַח,4,the name of three Israelites,
H739,אֲרִיאֵל אֲרִאֵל,4,H410,
H780,אֲרָרַט,4,Armenia.,
H809,אֲשִׁישָׁה,4,something closely pressed together; a cake of raisins or other comfits,
H864,אֵתָם,4,a place in the Desert,
H928,בֶּהָלָה,4,destruction,
H955,בּוּשָׁה,4,shame,
H981,בָּטָא בָּטָה,4,speak (unadvisedly).,
H1020,בֵּיתּ הַיְשִׁימוֹת,4,a town East of the Jordan,
H1022,בֵּיתּ הַלַּחמִי,4,or native of Bethlechem,
H1037,בֵּיתּ מִלּוֹא בֵּיתּ מִלּוֹא,4,the name of two citadels,
H1047,בֵּיתּ פְּעוֹר,4,a place East of the Jordan,
H1049,בֵּיתּ צּוּר,4,a place in Israel,
H1057,בָּכָא,4,perhaps the balsam),
H1069,בָּכַר,4,as denominative from H1061) to give the birthright,
H1082,בָּלַג,4,(recover) strength(-en).,
H1092,בִּלהָן,4,"Bilhan (bil-hawn') n/p. 1. timid 2. Bilhan, the name of an Edomite and of an Israelite [from H1089] KJV: Bilhan.  Root(s): H1089",
H1120,בָּמוֹת בָּמוֹת בַּעַל,4,a place East of the Jordan,
H1155,בּוֹסֶר,4,sour grape,
H1172,בַּעֲלָה,4,mistress.,
H1176,בַּעַל זְבוּב,4,a special deity of the Ekronites,
H1188,בַּעַל פְּרָצִים,4,a place in Israel,
H1198,בַּעַר,4,foolish.,
H1207,בִּצָּה,4,mire(-ry place).,
H1248,בַּר,4,the heir (apparent to the throne),
H1261,בָּרוֹד,4,spotted (as if with hail),
H1335,בֶּתֶר,4,piece.,
H1356,גֵּב,4,"ditch, pit.",
H1362,גָּבָהּ,4,proud.,
H1372,גַּבַּחַת,4,a bare spot on the right side of cloth,
H1388,גִּבעָא,4,a place in Israel,
H1415,גָּדָה,4,a border of a river (as cut into by the stream),
H1430,גָּדִישׁ,4,a tomb,
H1435,גִּדֵּל,4,"the name of one of the Nethinim, also of one of ""Solomon's servants""",
H1476,גּוּנִי,4,the name of two Israelites,
H1488,גֵּז,4,"mowing, mown grass.",
H1498,גָּזֵל,4,thing taken away by violence.,
H1547,גָּלוּת,4,galuwth (gaw-looth') n-f. 1. captivity [(Aramaic) corresponding to H1546]  Root(s): H1546,
H1550,גָּלִיל,4,ring.,
H1561,גֵּלֶל,4,dung (plural balls of dung),
H1565,גַּלמוּד,4,solitary.,
H1573,גּוֹמֶא,4,specifically the papyrus,
H1594,גִּנָּה,4,garden,
H1608,גַּעַשׁ,4,a hill in Israel,
H1610,גַּף,4,himself.,
H1621,גַּרגְּרוֹת,4,the throat (as used in rumination),
H1630,גְּרִזִים,4,a mountain of Israel,
H1631,גַּרזֶן,4,an axe,
H1654,גֶּשֶׁם גַּשׁמוּ,4,an Arabian,
H1667,גַּת ־ רִמּוֹן,4,a place in Israel,
H1675,דָּאָה,4,i.e. fly rapidly,
H1682,דְּבוֹרָה דֶּבוֹרָה,4,the bee (from its systematic instincts),
H1713,דָּגַל,4,(figuratively) to be conspicuous,
H1717,דַּד,4,or from its shape),
H1746,דּוּמָה,4,a tribe and region of Arabia,
H1747,דּוּמִיָה,4,"abstractly quiet, trust",
H1749,דּוֹנַג,4,wax,
H1765,דָּחַף,4,i.e. hasten,
H1790,דַּך,4,oppressed.,
H1824,דְּמִי דֳּמִי,4,"rest, silence.",
H1845,דְּעוּאֵל,4,an Israelite,
H1859,דָּר,4,dar (dawr) n-m. 1. an age [(Aramaic) corresponding to H1755] KJV: generation.  Root(s): H1755,
H1871,דַּרכְּמוֹן,4,""" or coin",
H1896,הֵגֵא הֵגַי,4,a eunuch of Xerxes,
H1902,הִגָּיוֹן,4,(by implication) a machination,
H1907,הַדָּבָר,4,haddabar (had-daw-bawr') n-m. 1. a vizier [(Aramaic) probably of foreign origin] KJV: counsellor.,
H1913,הֲדוֹרָם הֲדוֹרָם,4,"a son of Joktan, and the tribe descended from him",
H1938,הוֹדַויָה,4,the name of three Israelites,
H1940,הוֹדִיָה,4,a Jewess,
H1946,הוּך,4,"huwk (hook) v. 1. to go 2. causatively, to bring [(Aramaic) corresponding to H1981] KJV: bring again, come, go (up).  Root(s): H1981",
H1947,הוֹלֵלָה,4,folly,
H2047,הֲתָך,4,a Persian eunuch,
H2138,זָכוּר,4,but used for H2145],
H2141,זָכַך,4,be pure(-r).,
H2165,זְמָן,4,time.,
H2170,זְמָר,4,zmar (zem-awr') n-m. 1. instrumental music [(Aramaic) from a root corresponding to H2167] KJV: musick.  Root(s): H2167,
H2172,זִמרָה,4,psalm.,
H2178,זַן,4,zan (zan) n-m. 1. sort [(Aramaic) corresponding to H2177] KJV: kind.  Root(s): H2177,
H2208,זָקוּן,4,old age,
H2218,זֶרֶד,4,a brook East of the Dead Sea,
H2238,זֶרֶשׁ,4,Haman's wife,
H2240,זַתּתּוּא,4,an Israelite,
H2258,חֲבוֹל חֲבוֹלָה,4,a pawn (as security for debt),
H2279,חוֹבֶרֶת,4,coupling.,
H2295,חָגלָה,4,an Israelitess,
H2299,חַד,4,sharp,
H2330,חוּד,4,i.e. (figuratively) to propound a riddle,
H2345,חוּם,4,brown or blackish,
H2366,חוּשִׁים חוּשִׁים חוּשִׁם,4,the name of three Israelites,
H2367,חוּשָׁם חוּשָׁם,4,an Idumaean,
H2393,חֶזקָה,4,(was) strong.,
H2479,חַלחָלָה,4,much) pain.,
H2499,חֲלַף,4,chalaph (khal-af') v. 1. to pass on (of time) [(Aramaic) corresponding to H2498] KJV: pass.  Root(s): H2498,
H2509,חָלָק,4,smooth.,
H2519,חֲלַקלַקָּה,4,slippery.,
H2524,חָם,4,a father-in-law (as in affinity),
H2570,חוֹמֶשׁ,4,to be stout],
H2571,חָמוּשׁ,4,i.e. able-bodied soldiers,
H2573,חֵמֶת,4,a skin bottle (as tied up),
H2582,חֵנָדָד,4,an Israelite,
H2597,חֲנוּכָּא,4,chanukka' (chan-ook-kaw') n-f. 1. consecration [(Aramaic) corresponding to H2598] KJV: dedication.  Root(s): H2598,
H2601,חֲנַמאֵל,4,an Israelite,
H2606,חֲנַנאֵל,4,"probably an Israelite, from whom a tower of Jerusalem was named",
H2705,חֲצַר שׁוּעָל,4,a place in Israel,
H2707,חָקָה,4,"portrayed, set a print.",
H2753,חוֹרִי חוֹרִי,4,the name of two men,
H2773,חוֹרוֹנַיִם,4,a place in Moab,
H2775,חֶרֶס חַרסָה,4,sun.,
H2799,חֲרוֹשֶׁת,4,cutting.,
H2837,חֵשֶׁק,4,pleasure.,
H2846,חָתָה,4,take (away).,
H2935,טֶּנֶא,4,a basket (of interlaced osiers),
H2939,טְּעַם,4,"t`am (teh-am') v. 1. to taste 2. causatively to feed [(Aramaic) corresponding to H2938] KJV: make to eat, feed.  Root(s): H2938",
H2947,טֵּפַח,4,"architecturally, a corbel (as a supporting palm)",
H2957,טְּרַד,4,trad (ter-ad') v. 1. to expel [(Aramaic) corresponding to H2956] KJV: drive.  Root(s): H2956,
H2970,יַאֲזַניָה יַאֲזַניָהוּ,4,the name of four Israelites,
H2973,יָאַל,4,i.e. (figuratively) to be foolish,
H2982,יְבוּס,4,"Jebus, the aboriginal name of Jerusalem",
H3065,יְהוּדִי,4,an Israelite,
H3072,יְהוֹוָה צִּדקֵנוּ,4,a symbolical epithet of the Messiah and of Jerusalem,
H3075,יְהוֹזָבָד,4,the name of three Israelites,
H3099,יוֹאָחָז,4,the name of two Israelites,
H3113,יוֹיָקִים,4,an Israelite,
H3138,יוֹרֶה,4,former (rain).,
H3229,יִמלָא יִמלָה,4,an Israelite,
H3231,יָמַן,4,to be right-handed or take the right-hand side,
H3258,יַעבֵּץ,4,also of a place in Israel,
H3281,יַעלָם,4,an Edomite,
H3305,יָפוֹ יָפוֹא,4,a place in Israel,
H3325,יִצהָרִי,4,Izharites.,
H3331,יַצַע,4,"X lie, spread.",
H3370,יָקשָׁן,4,an Arabian patriarch,
H3437,יָשׁוּב יָשִׁיבּ,4,the name of two Israelites,
H3440,יִשׁוִי,4,the name of two Israelites,
H3446,יִשׂחָק,4,the heir of Abraham,
H3453,יָשִׁישׁ,4,"ancient, very old.",
H3456,יָשַׁם,4,to lie waste,
H3484,יְשׁוּרוּן,4,a symbol. name for Israel,
H3492,יַתּתִּיר,4,a place in Israel,
H3514,כּוֹבֶד,4,"multitude, vehemence",
H3536,כִּבשָׁן,4,a smelting furnace (as reducing metals),
H3546,כְּהַל,4,"khal (keh-hal') v. 1. to be able [(Aramaic) a root corresponding to H3201 and H3557] KJV: be able, could.  Root(s): H3201, H3557",
H3573,כּוּשַׁן רִשׁעָתַיִם,4,a Mesopotamian king,
H3610,כִּלאַיִם,4,mingled (seed).,
H3643,כִּמהָם,4,an Israelite,
H3648,כָּמַר,4,"be kindled, yearn.",
H3655,כָּנָה,4,surname (himself).,
H3685,כְּסִיל,4,Orion.,
H3706,כְּעֶנֶת כְּעֶת,4,"k`eneth (keh-eh'-neth) adv. 1. thus (only in the formula ""and so forth"") [feminine of H3705] KJV: at such a time.  Root(s): H3705",
H3716,כְּפִירָה,4,a place in Israel,
H3729,כְּפַת,4,kphath (kef-ath') v. 1. to fetter [(Aramaic) a root of uncertain correspondence] KJV: bind.,
H3746,כָּרִי,4,Cherethites (from the margin).,
H3748,כְּרִיתּוּת,4,i.e. divorce,
H3819,לוֹא רוּחָמָה,4,the symbol. name of a son of Hosea,
H3850,לוֹד,4,a place in Israel,
H3864,לוּבִי לוּבִּי,4,i.e. a dry region],
H3866,לוּדִי לוּדִיִי,4,a Ludite or inhabitants of Lud (only in plural),
H3879,לֵוִי,4,Leviy (lay-vee') n-m. 1. Levite [(Aramaic) corresponding to H3880]  Root(s): H3880,
H3926,לְמוֹ,4,"for, to, upon.",
H3979,מַאֲכֶלֶת,4,- i.e. a knife,
H3986,מָאֵן,4,unwilling,
H3992,מָאַר,4,i.e. be painful,
H4021,מִגבָּעָה,4,a cap (as hemispherical),
H4030,מִגדָּנָה,4,i.e. a gem,
H4031,מָגוֹג,4,also a barbarous northern region,
H4050,מְגֵרָה,4,saw.,
H4061,מִדָּה מִנדָּה,4,"middah (mid-daw') ((Aramaic) or mindah (Aramaic) {min-daw'}) n-f. 1. tribute in money [corresponding to H4060] KJV: toll, tribute.  Root(s): H4060",
H4070,מְדוֹר מְדוֹר מְדָר,4,mdowr (med-ore') ((Aramaic) or mdor (Aramaic) {med-ore'} or mdar (Aramaic) {med-awr'};) n-m. 1. a dwelling [from H1753] KJV: dwelling.  Root(s): H1753,
H4106,מָהִיר מָהִר,4,"hasty, ready.",
H4109,מַהֲלָך,4,i.e. a passage or a distance,
H4115,מַהפֶּכֶת,4,i.e. the stocks,
H4137,מוֹלָדָה,4,a place in Israel,
H4142,מוּסַבָּה מוּסַבָּה,4,"i.e. the backside (of a gem), fold (of a double-leaved door), transmutation (of a name)",
H4211,מַזמֵרָה,4,a pruning-knife,
H4213,מִזעָר,4,X very.,
H4223,מְחָא,4,"mcha' (mekh-aw') v. 1. to strike in pieces 2. also to arrest 3. specifically to impale [(Aramaic) corresponding to H4222] KJV: hang, smite, stay.  Root(s): H4222",
H4236,מַחֲזֶה,4,a vision,
H4237,מֶחֱזָה,4,a window,
H4248,מַחלוֹן,4,an Israelite,
H4316,מִיכָּא,4,the name of two Israelites,
H4320,מִיכָּיָה,4,the name of two Israelites,
H4326,מִיָמִן,4,the name of three Israelites,
H4374,מְכַסֶּה,4,"specifically, a coverlet (for a bed), an awning (from the sun); also the omentum (as covering the intestines)",
H4404,מַלבֵּן,4,a brick-kiln,
H4419,מַלָּח,4,"a sailor (as following ""the salt"")",
H4445,מַלכָּם מִלכּוֹם,4,the national idol of the Ammonites,
H4462,מְמוּכָן מוֹמוּכָן,4,a Persian satrap,
H4486,מַנדַּע,4,"manda` (man-dah') n-m. 1. wisdom or intelligence [(Aramaic) corresponding to H4093] KJV: knowledge, reason, understanding.  Root(s): H4093",
H4500,מָנוֹר,4,"for plowing), i.e. the frame of a loom",
H4518,מְנַקִּיתּ,4,a sacrificial basin (for holding blood),
H4520,מְנַשִּׁי,4,Manassites.,
H4529,מָסָה,4,"(make to) melt, water.",
H4532,מַסָּה,4,a place in the Desert,
H4542,מִסכֵּן,4,indigent,
H4548,מַסמֵר מִסמֵר מַסמְרָה מִסמְרָה,4,a peg (as bristling from the surface),
H4574,מַעֲדָן מַעֲדַנָּה,4,cheerfully),
H4586,מְעוּנִי מְעִינִי,4,or inhabitant of Maon (only in plural),
H4656,מִפלֶצֶת,4,i.e. an idol,
H4662,מִפקָד,4,(concretely) a designated spot; (specifically) a census,
H4693,מָצוֹר,4,"defense, fortified.",
H4732,מִקלוֹת,4,a place in the Desert,
H4734,מִקלַעַת,4,"carving, graving.",
H4770,מַרבֵּק,4,stall.,
H4834,מָרַץ,4,to irritate,
H4846,מְרוֹרָה מְרוֹרָה,4,gall.,
H4863,מִשׁאֶרֶת,4,store.,
H4884,מְשׂוּרָה,4,a measure (for liquids),
H4909,מַשׂכּוֹרֶת,4,wages.,
H4920,מְשֶׁלֶמיָה מְשֶׁלֶמיָהוּ,4,an Israelite,
H4927,מִשׁמָע,4,"the name of a son of Ishmael, and of an Israelite",
H4953,מַשׁרוֹקִי,4,mashrowqiy (mash-ro-kee') n-f. 1. a (musical) pipe (from its whistling sound) [(Aramaic) from a root corresponding to H8319] KJV: flute.  Root(s): H8319,
H4964,מֶתֶג,4,bridle.,
H4974,מְתוֹם,4,soundness.,
H5009,נְאָקָה,4,a groan,
H5014,נָבַב,4,or (figuratively) foolish,
H5069,נְדַב,4,"ndab (ned-ab') v. 1. be (or give) liberal(-ly) [(Aramaic) corresponding to H5068] KJV: (be minded of...own) freewill (offering), offer freely (willingly).  Root(s): H5068",
H5107,נוּב,4,"make cheerful, increase.",
H5133,נוֹצָה נוֹצָה,4,ostrich.,
H5142,נְזַק,4,"nzaq (nez-ak') v. 1. to suffer (causatively, inflict) loss [(Aramaic) corresponding to the root of H5143] KJV: have (en-)damage, hurt(-ful).  Root(s): H5143",
H5190,נָטַל,4,"offer, take up.",
H5194,נֶטַע,4,"abstractly, a planting",
H5215,נִיר נִר,4,i.e. (concretely) freshly plowed land,
H5228,נָכוַֹח,4,"i.e. (figuratively), equitable, correct, or (abstractly), integrity",
H5229,נְכוֹחָה,4,"i.e. (figuratively) integrity, or (concretely) a truth",
H5230,נָכַל,4,i.e. act treacherously,
H5248,נִמרוֹד נִמרוֹד,4,a son of Cush,
H5255,נָסַח,4,"pluck, root.",
H5270,נוֹעָה,4,an Israelitess,
H5284,נַעֲמָתִי,4,or inhabitant of Naamah,
H5292,נַעֲרָה,4,"the name of an Israelitess, and of a place in Israel",
H5298,נֶפֶג,4,the name of two Israelites,
H5299,נָפָה,4,"coast, region, sieve.",
H5300,נְפוּשׁסִים,4,a Temple- servant,
H5306,נוֹפֶך,4,probably the garnet,
H5322,נֵץ,4,hawk.,
H5342,נֵצֶר,4,a shoot; (figuratively) a descendant,
H5353,נְקוֹדָא,4,a Temple-servant,
H5372,נִרגָּן,4,whisperer.,
H5378,נָשָׁא,4,through the idea of imposition)],
H5434,סְבָא,4,"a son of Cush, and the country settled by him",
H5442,סְבָך,4,a copse],
H5443,סַבְּכָא שַׂבְּכָא,4,cabbka' (sab-bek-aw') ((Aramaic) or sabbka) n-f. 1. a lyre [from a root corresponding to H5440] KJV: sackbut.  Root(s): H5440,
H5444,סִבְּכַי,4,an Israelite,
H5466,סָדִין,4,i.e. shirt,
H5481,סוּמפּוֹנְיָה סוּמפּוֹנְיָה סִיפוֹנְיָא,4,"cuwmpownyah (soom-po-neh-yaw') ((Aramaic) or cuwmponyah (Aramaic) {soom-po-neh-yaw'} or ciyphonya) n-f. 1. a wind instrument (with a double pipe), a bagpipe, panpipes [of Greek origin] KJV: dulcimer.",
H5504,סַחַר,4,profit (from trade),
H5520,סוֹך,4,"den, pavilion, tabernacle.",
H5541,סָלָה,4,"i.e. weigh, or (figuratively) contemn",
H5548,סַלכָּה,4,a place East of the Jordan,
H5667,עֲבוֹט עֲבוֹט,4,a pawn,
H5672,עֲבִי עֳבִי,4,i.e. depth or width,
H5682,עֲבָרִים,4,a place in Israel,
H5687,עָבוֹת עָבוֹת,4,i.e. dense,
H5720,עָדִין,4,the name of two Israelites,
H5730,עֵדֶן עֶדנָה,4,"delight, pleasure. See also H1040.",
H5742,עָדָשׁ,4,a lentil,
H5748,עוּגָב עוּגָּב,4,a reed-instrument of music,
H5755,עִוָּה עַוָּא,4,a region of Assyria,
H5756,עוּז,4,"to stregthen, i.e. (figuratively) to save (by flight)",
H5799,עֲזָאזֵל,4,H235,
H5803,עַזגָּד,4,an Israelite,
H5806,עֲזוּבָה,4,the name of two Israelitesses,
H5829,עֵזֶר,4,the name of four Israelites,
H5842,עֵט,4,i.e. side-long stroke],
H5852,עֲטָרוֹת עֲטָרוֹת,4,the name (thus simply) of two places in Israel,
H5856,עִי,4,a ruin (as if overturned),
H5883,עֵין רוֹגֵל,4,a place near Jerusalem,
H5899,עִיר הַתּתְּמָרִים,4,a place in Israel,
H5939,עֲלָטָה,4,twilight.,
H5946,עֶליוֹן,4,`elyown (el-yone') adj. 1. the Supreme [(Aramaic) corresponding to H5945] KJV: Most high.  Root(s): H5945,
H5964,עָלֶמֶת,4,the name of a place in Israel and of two Israelites,
H5977,עוֹמֶד,4,"(+ where) stood, upright.",
H5985,עַמּוֹנִיתּ,4,an Ammonitess,
H5995,עָמִיר,4,sheaf.,
H6012,עָמֵק,4,"depth, strange.",
H6038,עֲנָוָה,4,"human and subjective (modesty), or divine and objective (clemency)",
H6042,עוּנִּי,4,the name of two Israelites,
H6056,עֲנַף עֶנֶף,4,"`anaph (an-af') ((Aramaic) or deneph (Aramaic) {eh'-nef}) n-m. 1. a twig (as covering the limbs) [corresponding to H6057] KJV: bough, branch.  See also: H6057",
H6081,עֵפֶר,4,the name of an Arabian and of two Israelites,
H6151,עֲרַב,4,"`arab (ar-ab') v. 1. to commingle [(Aramaic) corresponding to H6148] KJV: mingle (self), mix.  Root(s): H6148",
H6170,עֲרוּגָה עֲרוּגָה,4,i.e. a paterre,
H6182,עֲרִיסָה,4,meal,
H6185,עֲרִירִי,4,i.e. destitute (of children),
H6191,עָרַם,4,"beware, take crafty (counsel), be prudent, deal subtilly.",
H6209,עָרַר,4,"break, raise up (perhaps by clerical error for raze), X utterly.",
H6228,עָשָׁן,4,a place in Israel,
H6251,עַשׁתְּרָה,4,increase,
H6262,עַתּתַּי,4,the name of three Israelites,
H6277,עָתָק,4,"grievous (hard) things, stiff.",
H6292,פִּגּוּל פִּגּוּל,4,i.e. (figuratively) unclean (ceremonially),
H6302,פָּדוּי,4,H6299,
H6304,פְּדוּת פְּדוּת,4,"redeem, redemption.",
H6312,פּוּאָה פּוּוָּה,4,the name of two Israelites,
H6313,פּוּג,4,"be feeble, faint, be slacked.",
H6320,פּוּך,4,stibium for the eyes),
H6322,פּוּל,4,the name of an Assyrian king and of an Ethiopian tribe,
H6357,פִּטדָּה,4,probably the topaz,
H6367,פִּי הַחִרוֹת,4,a place in Egypt,
H6385,פָּלַג,4,to split (literally or figuratively),
H6427,פַּלָּצוּת,4,"horror, trembling.",
H6454,פָּסֵַח,4,the name of two Israelites,
H6460,פְּסַנטֵּרִין פְּסַנתֵּרִין,4,pcanteriyn (pes-an-tay-reen') ((Aramaic) or pcanteriyn {pes-an-tay-reen'}) n-m. 1. a lyre [a transliteration of the Greek psalterion] KJV: psaltery.,
H6473,פָּעַר,4,i.e. open wide (literally or figuratively),
H6487,פִּקָּדוֹן,4,store.,
H6521,פְּרָזִי פְּרוֹזִי,4,a rustic,
H6572,פַּרשֶׁגֶן פַּתשֶׁגֶן,4,a transcript,
H6594,פִּשׁתָּה,4,tow.,
H6611,פְּתַחיָה,4,the name of four Israelites,
H6627,צָּאָה,4,i.e. (human) excrement,
H6676,צַּוַּאר,4,tsavva'r (tsav-var') n-m. 1. neck [(Aramaic) corresponding to H6677]  Root(s): H6677,
H6682,צְּוָחָה,4,a screech (of anguish),
H6691,צּוֹפַר,4,a friend of Job,
H6695,צּוֹק צּוּקָה,4,i.e. (figuratively) distress,
H6703,צַּח,4,"i.e. sunny, bright, (figuratively) evident",
H6716,צִּי,4,a ship (as a fixture),
H6734,צִּיצִּת,4,"i.e. a forelock of hair, a tassel",
H6744,צְּלַח,4,"tslach (tsel-akh') v. 1. to advance (transitive or intransitive) [(Aramaic) corresponding to H6743] KJV: promote, prosper.  Root(s): H6743",
H6750,צָּלַל,4,"i.e. rattle together (as the ears in reddening with shame, or the teeth in chattering with fear)",
H6752,צֵּלֶל,4,shade,
H6760,צָּלַע,4,to limp (as if one-sided),
H6777,צַּמָּה,4,a veil,
H6778,צַּמּוּק,4,a cake of dried grapes,
H6850,צָּפַף,4,"peep, whisper.",
H6853,צְּפַר,4,tsphar (tsef-ar') n-m. 1. a bird [(Aramaic) corresponding to H6833] KJV: bird.  Root(s): H6833,
H6877,צְּרִיַח,4,hold.,
H6892,קֵא קִיא,4,vomit,
H6926,קִדמָה,4,on the east or in front),
H6932,קְדֵמוֹת,4,a place in eastern Israel,
H6949,קָהָה,4,be blunt.,
H6978,קַו ־ קַו,4,stalwart,
H6989,קְטוּרָה,4,a wife of Abraham,
H6994,קָטוֹן,4,"i.e. be (causatively, make) diminutive or (figuratively) of no account",
H7008,קִיטּוֹר קִיטּוֹר,4,i.e. cloud,
H7020,קִיצּוֹן,4,terminal,
H7030,קִיתָּרוֹס,4,qiytharoc (kee-thaw-roce') n-m. 1. a lyre [(Aramaic) of Greek origin] KJV: harp.,
H7033,קָלָה,4,i.e. scorch partially or slowly,
H7046,קָלַס,4,i.e. ridicule,
H7062,קוֹמֶץ,4,i.e. handful,
H7074,קְנִזִּי,4,Kenizzites,
H7146,קָרַחַת,4,bare within.,
H7152,קְרִיוֹת,4,the name of two places in Israel,
H7160,קָרַן,4,(figuratively) rays,
H7168,קֶרַע,4,rag.,
H7182,קֶשֶׁב,4,"hearing, much heed, that regarded.",
H7184,קָשָׂה קַשׂוָה,4,cup.,
H7211,רְאָיָה,4,the name of three Israelites,
H7216,רָאמוֹת רָאמוֹת,4,the name of two places in Israel,
H7248,רַב ־ מָג,4,a Bab. official,
H7256,רִבֵַּע,4,i.e. great great grandchild,
H7258,רֵבֶץ,4,"lie down in, resting place.",
H7286,רָדַד,4,"i.e. (figuratively) to conquer, or (specifically) to overlay",
H7292,רָהַב,4,"i.e. (figuratively) importune, embolden, capture, act insolently",
H7298,רַהַט,4,"gutter, trough.",
H7300,רוּד,4,i.e. ramble (free or disconsolate),
H7313,רוּם,4,"ruwm (room) v. 1. (figuratively only) [(Aramaic) corresponding to H7311] KJV: extol, lift up (self), set up.  Root(s): H7311",
H7344,רְחוֹבוֹת רֶחוֹבוֹת,4,a place in Assyria and one in Israel,
H7353,רָחֵל,4,sheep.,
H7404,רְכוּלָּה,4,traffic.,
H7409,רֶכֶשׁ,4,"mule, swift beast.",
H7413,רָמָה,4,a height (as a seat of idolatry),
H7445,רְנָנָה,4,"singing, triumphing.",
H7448,רֶסֶן,4,a halter (as restraining); (by implication) the jaw,
H7504,רָפֶה,4,"Raphah. See H7497, H7498. riphah. See H7383.",
H7532,רִצפָּה,4,an Israelitess,
H7574,רֶתֶם רוֹתֶם,4,the Spanish broom (from its pole-like stems),
H7675,שֶׁבֶת,4,seat.,
H7683,שָׁגַג,4,i.e. (figuratively) sin (with more or less apology),
H7687,שְׂגוּב,4,the name of two Israelites,
H7693,שָׁגַל,4,ravish.,
H7713,שְׂדֵרָה,4,"i.e. rank (of soldiers), story (of rooms)",
H7726,שׁוֹבָב,4,i.e. idolatrous,
H7727,שׁוֹבָב,4,the name of two Israelites,
H7743,שׁוַּח,4,literally or figuratively,
H7758,שׁוֹלָל שֵׁילָל,4,stripped.,
H7779,שׁוּף,4,(figuratively) to overwhelm,
H7784,שׁוּק,4,a street (as run over),
H7791,שׁוּר,4,a wall (as going about),
H7802,שׁוּשַׁן עֵדוּת שׁוֹשַׁנִּים עֵדוּת,4,the title of a popular song,
H7803,שׁוּתֶלַח,4,the name of two Israelites,
H7833,שָׁחַק,4,wear.,
H7874,שִׂידּ,4,to plaster,
H7880,שִׂיַח,4,"plant, shrub.",
H7883,שִׁיחוֹר שִׁחוֹר שִׁחוֹר,4,"Shichor, a stream of Egypt",
H7903,שֶׁכוֹבֶת,4,a (sexual) lying with,
H7958,שְׂלָו שְׂלָיו,4,the quail collectively (as slow in flight from its weight),
H7960,שָׁלוּ שָׁלוּת,4,"shaluw (shaw-loo') ((Aramaic) or shaluwth (Aramaic) {shaw-looth'}) n-f. 1. a fault [from the same as H7955] KJV: error, X fail, thing amiss.  Root(s): H7955",
H7989,שַׁלִּיטּ,4,"mighty, that hath power, ruler.",
H8001,שְׁלָם,4,shlam (shel-awm') n-m. 1. prosperity [(Aramaic) corresponding to H7965] KJV: peace.  Root(s): H7965,
H8007,שַׂלמָא,4,the name of two Israelites,
H8069,שָׁמִיר,4,the name of two places in Israel,
H8072,שַׂמלָה,4,an Edomite,
H8089,שׁוֹמַע,4,a report,
H8099,שִׁמעוֹנִי,4,Simeonites.,
H8113,שִׁמרִי,4,the name of four Israelites,
H8114,שְׁמַריָה שְׁמַריָהוּ,4,the name of four Israelites,
H8124,שִׁמשַׁי,4,"Shimshay (shim-shah'-ee) n/p. 1. sunny 2. Shimshai, a Samaritan [(Aramaic) from H8122] KJV: Shimshai.  Root(s): H8122",
H8148,שְׁנִינָה,4,i.e. a gibe,
H8149,שְׁנִיר שְׂנִיר,4,a summit of Lebanon,
H8157,שֶׁסַע,4,clovenfooted.,
H8178,שַׂעַר,4,"X horribly, X sore, storm. See H8181.",
H8214,שְׁפַל,4,"shphal (shef-al') v. 1. abase, humble, put down, subdue [(Aramaic) corresponding to H8213]  Root(s): H8213",
H8247,שָׁקֵד,4,the almond (tree or nut; as being the earliest in bloom),
H8275,שַׁרבִּיטּ,4,a rod of empire,
H8278,שְׂרָד,4,stitching (as pierced with a needle),
H8361,שִׁתּתִּין,4,shittiyn (shit-teen') num. 1. sixty [(Aramaic) corresponding to H8346] KJV: threescore.  Root(s): H8346  Compare: H8353,
H8367,שָׁתַק,4,"cease, be quiet.",
H8370,שְׁתַר בּוֹזְנַי,4,a Persian officer,
H8380,תָּאוֹם תָּאוֹם,4,literally or figuratively,
H8424,תּוּגָה,4,sorrow.,
H8425,תּוֹגַרמָה תּוֹגַרמָה,4,a son of Gomer and his posterity,
H8443,תּוֹעָפָה,4,strength.,
H8447,תּוֹר תּוֹר,4,i.e. a string or (abstractly) order,
H8460,תְּחוֹת תְּחוֹת,4,tchowth (tekh-oth') ((Aramaic) or tchoth (Aramaic) {tekh-oth'}) prep. 1. beneath [corresponding to H8478] KJV: under.  Root(s): H8478,
H8495,תַּיִשׁ,4,a buck or he-goat (as given to butting),
H8513,תְּלָאָה,4,"travel, trouble.",
H8536,תָּם,4,"tam (tawm) adv. 1. there [(Aramaic) corresponding to H8033] KJV: X thence, there, X where.  Root(s): H8033",
H8609,תָּפַר,4,to sew,
H8622,תְּקוּפָה תְּקוּפָה,4,"i.e. (of the sun) course, (of time) lapse",
H8630,תָּקַף,4,to overpower,
H8648,תְּרֵין תַּרתֵּין,4,"treyn (ter-ane') ((Aramaic) feminine tarteyn {tar-tane'}) n-e. 1. two [corresponding to H8147] KJV: second, + twelve, two.  Root(s): H8147",
H8663,תְּשׁוּאָה,4,"noise, shouting, stir.",
H8674,תַּתּתְּנַי,4,a Persian,
H4,אֵב,3,eb (abe) n-m. 1. fruit [(Aramaic) corresponding to H3]  Root(s): H3,
H18,אֵבוּס,3,a manger or stall,
H22,אֲבִיאֵל,3,the name of two Israelites,
H33,אֲבִי הָעֶזרִי,3,father of the Ezrite; an Abiezrite or descendant of Abiezer,
H43,אֶביָסָף,3,an Israelite,
H65,אָבֵל מְחוֹלָה,3,a place in Israel,
H72,אֶבֶן הָעֵזֶר,3,a place in Israel,
H83,אֵבֶר,3,a pinion,
H101,אַגָּן,3,"cup, goblet.",
H103,אָגַר,3,to harvest,
H104,אִגְּרָא,3,iggra' (ig-er-aw') n-f. 1. an epistle (as carried by a state courier or postman) [(Aramaic) of Persian origin] KJV: letter.,
H124,אוֹדֶם,3,"i.e. the ruby, garnet, or some other red gem",
H132,אַדמוֹנִי אַדמוֹנִי,3,ruddy.,
H137,אֲדוֹנִי ־ בֶּזֶק,3,H966,
H140,אֲדוֹנִיקָם,3,the name of one or two Israelites,
H142,אָדַר,3,(figuratively) magnificent,
H152,אַדרַמֶּלֶך,3,"the name of an Assyrian idol, also of a son of Sennacherib",
H163,אַהֲוָא,3,a river of Babylonia,
H165,אֱהִי,3,where,
H167,אָהַל,3,to tent,
H180,אוּבָל אוּבָל,3,H2988,
H181,אוּד,3,a poker (for turning or gathering embers),
H201,אוֹמָר,3,a grandson of Esau,
H204,אוֹן אוֹן,3,a city of Egypt,
H228,אֲזָא אֲזָה,3,"aza' (az-zaw') ((Aramaic) or iazah (Aramaic) {az-aw'}) v. 1. to kindle 2. (by implication) to heat [a primary root] KJV: heat, hot.",
H233,אֲזַי,3,at that time,
H250,אֶזרָחִי,3,an Ezrachite or descendant of Zerach,
H254,אָח,3,a fire-pot or chafing dish,
H260,אָחוּ,3,meadow.,
H294,אֲחִיסָמָך,3,an Israelite,
H311,אַחַר,3,achar (akh-ar') adv. 1. after [(Aramaic) corresponding to H310] KJV: (here-)after.  Root(s): H310,
H338,אִי,3,(properly) a howler; any solitary wild creature,
H365,אַיֱלֱת,3,Aijeleth.,
H366,אָיוֹם,3,frightful,
H368,אֵימִים,3,an early Canaanitish (or Maobitish) tribe,
H383,אִיתַּי,3,"iythay (ee-thah'ee) subv. 1. (properly) entity 2. used only as a particle of affirmation, there is [(Aramaic) corresponding to H3426] KJV: art thou, can, do ye, have, it be, there is (are), X we will not.  Root(s): H3426",
H406,אִכָּר,3,ploughman.,
H414,אֵלָא,3,an Israelite,
H417,אֶלגָּבִישׁ,3,H1378,
H418,אַלגּוּמִּים,3,sticks of algum wood,
H444,אָלַח,3,to muddle; (figuratively and intransitive) to turn; (morally) corrupt,
H473,אֱלִישָׁה,3,a son of Javan,
H484,אַלמֻגִּים,3,almug (i.e. probably sandle-wood) sticks,
H492,אַלמוֹנִי,3,without giving the name of the person or place),
H508,אֶלפַּעַל,3,an Israelite,
H523,אוּמַּה,3,i.e. community of persons,
H527,אָמוֹן,3,a throng of people,
H540,אֲמַן,3,"aman (am-an') v. 1. believe, faithful, sure [(Aramaic) corresponding to H539]  Root(s): H539",
H563,אִמַּר,3,immar (im-mar') n-m. 1. a lamb [(Aramaic) perhaps from H560 (in the sense of bringing forth)] KJV: lamb.  Root(s): H560,
H613,אֱסוּר,3,"ecuwr (es-oor') n-m. 1. band, imprisonment [(Aramaic) corresponding to H612]  Root(s): H612",
H621,אָסנַת,3,the wife of Joseph,
H624,אָסוּף,3,Asuppim.,
H625,אוֹסֶף,3,a collection (of fruits),
H634,אֵסַר ־ חַדּוֹן,3,an Assyrian king,
H642,אֵפוּדָּה,3,generally) a plating (of metal),
H660,אֶפעֶה,3,an asp or other venomous serpent,
H671,אֲפַרסְכַי אֲפַרסַתכַּי,3,"Apharckay (af-ar-sek-ah'ee) ((Aramaic) or fApharcathkay (Aramaic) {af-ar-sath-kah'ee}) n/p. 1. an Apharsekite or Apharsathkite, an unknown Assyrian tribe [of foreign origin (only in the plural)] KJV: Apharsachites, Apharasthchites.",
H677,אֶצבַּע,3,"etsba` (ets-bah') n-f. 1. finger, toe [(Aramaic) corresponding to H676]  Root(s): H676",
H679,אַצִּיל,3,according to some) a party-wall (Ezek. 41,
H692,אַראֵלִי,3,"collectively), an Israelite and his descendants",
H711,אַרגְּוָן,3,argvan (arg-ev-awn') n-m. 1. purple [(Aramaic) corresponding to H710]  Root(s): H710,
H712,אַרגָּז,3,a box (as a pannier)],
H723,אוּרוָה אֲרָיָה,3,a herding-place for an animal,
H741,אֲרִאֵיל,3,"more probably, an orthographical variation for H2025]",
H752,אָרוֹך,3,long,
H787,אוֹשׁ,3,osh (ohsh) n-m. 1. a foundation [(Aramaic) corresponding (by transposition and abbreviation) to H803] KJV: foundation.  Root(s): H803,
H788,אַשׁבֵּל,3,an Israelite,
H798,אַשׁדּוֹת הַפִּסגָּה,3,a place east of the Jordan,
H813,אַשׁכְּנַז,3,"a Japhethite, also his descendants",
H815,אֵשֶׁל,3,a grove of any kind,
H818,אָשֵׁם,3,guilty.,
H852,אָת,3,ath (awth) n-f. 1. a portent [(Aramaic) corresponding to H226] KJV: sign.  Root(s): H226,
H874,בָּאַר,3,(figuratively) to explain,
H883,בְּאֵר לַחַי רוֹאִי,3,a place in the Desert,
H889,בְּאוֹשׁ,3,a stench,
H901,בָּגוֹד,3,treacherous,
H909,בָּדַד,3,to divide; (reflexively) be solitary,
H922,בּוֹהוּ,3,void.,
H938,בּוּז,3,"the name of a son of Nahor, and of an Israelite",
H943,בּוּך,3,(perplexed).,
H966,בֶּזֶק,3,a place in Israel,
H979,בְּחוּרוֹת בְּחוּרוֹת בְּחוּרִים,3,youth.,
H986,בִּטָּחוֹן,3,hope.,
H997,בֵּין,3,"beyn (bane) prep. 1. among, between [(Aramaic) corresponding to H996]  Root(s): H996",
H1026,בֵּיתּ הָעֲרָבָה,3,a place in Israel,
H1031,בֵּיתּ חָגלָה,3,a place in Israel,
H1043,בֵּיתּ עֲנָת,3,a place in Israel,
H1055,בִּיתָּן,3,a palace (i.e. large house),
H1078,בֵּל,3,the Baal of the Babylonians,
H1083,בִּלגָּה,3,the name of two Israelites,
H1093,בְּלוֹ,3,blow (bel-o') n-m. 1. excise (on articles consumed) [(Aramaic) from a root corresponding to H1086] KJV: tribute.  Root(s): H1086,
H1094,בְּלוֹא בְּלוֹי,3,(only in plural construction) rags,
H1098,בְּלִיל,3,"fodder, provender.",
H1138,בּוּנִּי בּוּנִי,3,an Israelite,
H1169,בְּעֵל,3,b`el (beh-ale') n-m. 1. + chancellor [(Aramaic) corresponding to H1167]  Root(s): H1167,
H1171,בַּעַל גָּד,3,a place in Syria,
H1186,בַּעַל מְעוֹן,3,a place East of the Jordan,
H1189,בַּעַל צְּפוֹן,3,a place in Eqypt,
H1191,בַּעֲלָת,3,a place in Israel,
H1195,בַּעֲנָא,3,the name of four Israelite,
H1209,בֵּצַי,3,the name of two Israelites,
H1228,בַּקבּוּק,3,cruse.,
H1229,בַּקבּוּקיָה,3,an Israelite,
H1279,בִּריָה,3,food,
H1281,בָּרִיַח בָּרִַח,3,"noble, piercing.",
H1294,בְּרָכָה,3,"the name of an Israelite, and also of a valley in Israel",
H1304,בָּרְקַת בָּרְקַת,3,perhaps the emerald,
H1308,בְּשׂוֹר,3,a stream of Israel,
H1321,בְּשַׂר,3,bsar (bes-ar') n-f. 1. flesh [(Aramaic) corresponding to H1320]  Root(s): H1320,
H1421,גִּדּוּף גִּדּוּף גִּדּוּפָה גִּדּוּפָה,3,reviling.,
H1432,גָּדֵל,3,grew.,
H1457,גָּהַר,3,stretch self.,
H1458,גַּו,3,the back,
H1462,גּוֹב,3,X great.,
H1464,גּוּד,3,overcome.,
H1466,גֵּוָה,3,pride.,
H1501,גָּזָם,3,a kind of locust,
H1503,גֶּזַע,3,stock.,
H1559,גָּלָל,3,the name of two Israelites,
H1566,גָּלַע,3,to be obstinate,
H1578,גְּמוּלָה,3,"recompense, such a reward.",
H1595,גֶּנֶז,3,treasury.,
H1596,גְּנַז,3,gnaz (ghen-az') n-m. 1. treasure [(Aramaic) corresponding to H1595] KJV: treasure.  Root(s): H1595,
H1599,גִּנְּתוֹן גִּנְּתוֹ,3,an Israelite,
H1609,גַּעתָּם,3,an Edomite,
H1611,גַּף,3,gaph (gaf) n-f. 1. a wing [(Aramaic) corresponding to H1610] KJV: wing.  Root(s): H1610,
H1618,גָּרָב,3,scurvy.,
H1619,גָּרֵב,3,"the name of an Israelite, also of a hill near Jerusalem",
H1633,גָּרַם,3,"i.e. denude (by extensive, craunch) the bones",
H1665,גִּתּתִּיתּ,3,a Gittite harp,
H1669,דָּאַב,3,sorrow(-ful).,
H1694,דֶּבֶק,3,solder.,
H1695,דָּבֵק,3,"joining, stick closer.",
H1705,דָּבְרַת,3,a place in Israel,
H1733,דּוֹדָה,3,"father's sister, uncle's wife.",
H1742,דַּוָּי,3,sick; (figuratively) troubled,
H1748,דּוּמָם,3,silently,
H1754,דּוּר,3,ball or pile,
H1793,דַּכָּא,3,destruction.,
H1797,דִּכֵּן,3,"dikken (dik-kane') p/d. 1. this [(Aramaic) prolonged from H1791] KJV: same, that, this.  Root(s): H1791",
H1798,דְּכַר,3,"dkar (dek-ar') n-m. 1. (properly) a male, i.e. of sheep [(Aramaic) corresponding to H2145] KJV: ram.  Root(s): H2145",
H1799,דִּכרוֹן דָּכרָן,3,dikrown (dik-rone') ((Aramaic) or dokran {dok-rawn'} (Aramaic)) n-m. 1. a register [corresponding to H2146] KJV: record.  Root(s): H2146,
H1804,דָּלַח,3,to roil water,
H1811,דָּלַף,3,"melt, pour out.",
H1827,דְּמָמָה,3,"silence, still.",
H1849,דָּפַק,3,to press severely,
H1879,דָּשֵׁן,3,fertile,
H1886,דּוֹתָן דּוֹתַיִן,3,a place in Israel,
H1898,הָגָה,3,stay away.,
H1899,הֶגֶה,3,"thought, or as thunder)",
H1922,הֲדַר,3,"hadar (had-ar') v. 1. to magnify (figuratively) [(Aramaic) corresponding to H1921] KJV: glorify, honour.  Root(s): H1921",
H1923,הֲדַר,3,"hadar (had-ar') n-m. 1. magnificence [(Aramaic) from H1922] KJV: honour, majesty.  Root(s): H1922",
H1943,הוֹוָה,3,ruin,
H1955,הוֹשַׁעיָה,3,the name of two Israelites,
H1981,הֲלַך,3,halak (hal-ak') v. 1. to walk [(Aramaic) corresponding to H1980] KJV: walk.  Root(s): H1980  Compare: H1946,
H1983,הֲלָך,3,halak (hal-awk') n-m. 1. (properly) a journey 2. (by implication) toll on goods at a road [(Aramaic) from H1981] KJV: custom.  Root(s): H1981,
H2012,הֵנַע,3,a place apparently in Mesopotamia,
H2032,הֵרוֹן הֵרָיוֹן,3,pregnancy,
H2075,זְבוּלוֹנִי,3,a Zebulonite or descendant of Zebulun,
H2111,זוַּע,3,i.e. (figuratively) to agitate (as with fear),
H2115,זוּר,3,&Š tighten,
H2119,זָחַל,3,"serpent, worm.",
H2123,זִיז,3,wild beast.,
H2130,זִיפִי,3,Ziphite.,
H2140,זַכַּי,3,an Israelite,
H2152,זַלעָפָה זִלעָפָה,3,"horror, terrible.",
H2155,זִמָּה,3,the name of two Israelites,
H2163,זָמַן,3,to fix (a time),
H2168,זָמַר,3,"H5568, H6785",
H2176,זִמרָת,3,instrumental music; (by implication) praise,
H2177,זַן,3,i.e. a form or sort,
H2203,זֶפֶת,3,asphalt (from its tendency to soften in the sun),
H2249,חָבוֹר,3,a river of Assyria,
H2257,חֲבַל,3,"chabal (khab-al') n-m. 1. harm (personal or pecuniary) [(Aramaic) from H2255] KJV: damage, hurt.  Root(s): H2255",
H2269,חֲבַר,3,"chabar (khab-ar') n-m. 1. an associate [(Aramaic) from a root corresponding to H2266] KJV: companion, fellow.  Root(s): H2266",
H2288,חֲגָו,3,a rift in rocks,
H2291,חַגִּי,3,"(patronymically) a Chaggite, or descendant of the same",
H2302,חָדָה,3,"be joined, rejoice.",
H2307,חָדִידּ,3,a place in Israel,
H2310,חָדֵל,3,i.e. ceasing or destitute,
H2329,חוּג,3,"circuit, compass.",
H2333,חַוָּה,3,i.e. living-place)],
H2385,חֲזִיז,3,lightning.,
H2414,חָטַף,3,to clutch; (hence) to seize as a prisoner,
H2443,חַכָּה,3,hook.,
H2444,חֲכִילָה,3,a hill in Israel,
H2473,חוֹלוֹן חוֹלוֹן,3,the name of two places in Israel,
H2477,חֲלַח,3,a region of Assyria,
H2489,חֵלְכָא חֵלְכָה,3,i.e. unfortunate,
H2508,חֲלָק,3,chalaq (khal-awk') n-m. 1. a part [(Aramaic) from a root corresponding to H2505] KJV: portion.  Root(s): H2505,
H2522,חָלַשׁ,3,decay,
H2538,חָמוּל,3,an Israelite,
H2564,חֵמָר,3,bitumen (as rising to the surface),
H2616,חָסַד,3,"(by euphemism, but rarely) to reprove",
H2640,חוֹסֶר,3,poverty,
H2646,חוּפָּה,3,"closet, defence.",
H2649,חִפָּזוֹן,3,hasty flight,
H2650,חוּפִּים,3,an Israelite,
H2669,חָפשׁוּת חָפשִׁיתּ,3,a hospital),
H2676,חָצוֹת,3,the middle (of the night),
H2686,חָצַץ,3,"(hence) to curtail, to distribute (into ranks); as denom. from H2671, to shoot an arrow",
H2687,חָצָץ,3,gravel (stone).,
H2695,חֶצרוֹ,3,an Israelite,
H2704,חֲצַר עֵינָן,3,a place in Israel,
H2738,חָרוּל חָרוּל,3,i.e. a bramble or other thorny weed,
H2757,חָרִיצּ חָרִץ,3,harrow.,
H2758,חָרִישׁ,3,ground.,
H2772,חוֹרוֹנִי,3,a Choronite or inhabitant of Choronaim,
H2800,חֲרוֹשֶׁת,3,a place in Israel,
H2808,חֶשׁבּוֹן,3,"device, reason.",
H2818,חֲשַׁח,3,"chashach (khash-akh') v. 1. to be necessary (from the idea of convenience) 2. (transitively) to need [(Aramaic) a collateral root to one corresponding to H2363 in the sense of readiness] KJV: careful, have need of.  Root(s): H2363",
H2830,חַשׁמַל,3,probably bronze or polished spectrum metal,
H2878,טִּבחָה,3,slaughter,
H2903,טּוֹפָפָה,3,a fillet for the forehead,
H2950,טָּפַל,3,sew up.,
H2984,יִבחַר,3,an Israelite,
H2987,יְבַל,3,"ybal (yeb-al') v. 1. to bring [(Aramaic) corresponding to H2986] KJV: bring, carry.  Root(s): H2986",
H2991,יִבלְעָם,3,a place in Israel,
H2992,יָבַם,3,marry.,
H3008,יִגאָל,3,the name of three Israelites,
H3023,יָגֵַע,3,weary.,
H3032,יָדַד,3,"i.e. to throw, e.g. lots",
H3035,יִדּוֹ,3,an Israelite,
H3037,יַדּוַּע,3,the name of two Israelites,
H3086,יְהוֹעַדִּין יְהוֹעַדָּן,3,an Israelitess,
H3095,יַהֲלוֹם,3,probably onyx,
H3128,יוֹנַת אֵלֶם רְחוֹקִים,3,"H482, H7350",
H3156,יִזרַחיָה,3,the name of two Israelites,
H3161,יָחַד,3,unite.,
H3168,יְחֶזקֵאל,3,the name of two Israelites,
H3188,יַחַשׂ,3,a pedigree or family list (as growing spontaneously),
H3193,יָטבָּתָה,3,a place in the Desert,
H3195,יְטוּר,3,a son of Ishmael,
H3203,יְכָליָה יְכָליָהוּ יְכִילְיָה,3,an Israelitess,
H3207,יַלדָּה,3,girl.,
H3208,יַלדּוּת,3,youth.,
H3239,יָנוַֹח יָנוֹחָה,3,a place in Israel,
H3244,יַנשׁוּף יַנשׁוֹף,3,or because the night-heron is meant ),
H3272,יְעַט,3,"y`at , (yeh-at') v. 1. to counsel 2. reflexively, to consult [(Aramaic) corresponding to H3289] KJV: counsellor, consult together.  Root(s): H3289",
H3277,יָעֵל,3,an ibex (as climbing),
H3287,יָעֵף,3,weary.,
H3310,יַפלֵט,3,an Israelite,
H3337,יֵצֶר,3,an Israelite,
H3351,יְקוּם,3,(properly) standing (extant); (by implication) a living thing,
H3353,יָקוּשׁ,3,or (transitive) a snarer,
H3359,יְקַמיָה,3,the name of two Israelites,
H3362,יָקנְעָם,3,a place in Israel,
H3401,יָרִיבּ,3,(as noun) an adversary,
H3402,יָרִיבּ,3,the name of three Israelites,
H3404,יְרִיָה יְרִיָהוּ,3,an Israelite,
H3417,יָרַק,3,spit.,
H3422,יְרַקרַק,3,yellow.,
H3434,יָשָׁבעָם,3,the name of two or three Israelites,
H3447,יָשַׁט,3,to extend,
H3455,יָשַׂם,3,to be placed,
H3471,יָשׁפֵה,3,a gem supposed to be jasper (from the resemblance in name),
H3482,יִשׂרְאֵלִיתּ,3,a Jisreelitess or female descendant of Jisrael,
H3506,יִתרָן,3,the name of an Edomite and of an Israelite,
H3520,כְּבוּדָּה,3,"i.e. magnificence, wealth",
H3530,כִּברָה,3,i.e. a measure (of uncertain dimension),
H3562,כּוֹנַניָהוּ,3,the name of two Israelites,
H3598,כִּימָה,3,i.e. the Pleiades,
H3619,כְּלוּב,3,cage.,
H3630,כִּליוֹן,3,an Israelite,
H3641,כַּלנֶה כַּלנֵה כַּלנוֹ,3,a place in the Assyrian empire,
H3646,כַּמּוֹן,3,"""cummin"" (from its use as a condiment)",
H3649,כָּמָר,3,i.e. an idolatrous priest (only in plural),
H3659,כָּניָהוּ,3,an Israelite king,
H3673,כָּנַשׁ,3,kanash (kaw-nash') v. 1. to assemble [(Aramaic) corresponding to H3664] KJV: gather together.  Root(s): H3664,
H3698,כּוּסֶּמֶת,3,rie.,
H3712,כִּפָּה,3,a leaf of a palm-tree,
H3718,כֶּפֶל,3,a duplicate,
H3731,כַּפתּוֹר כַּפתּוֹר,3,the original seat of the Philistines,
H3732,כַּפתּוֹרִי,3,Caphtorim(-s).,
H3739,כָּרָה,3,but probably only a special application of H3738 (through the common idea of planning implied in a bargain)],
H3751,כַּרכְּמִישׁ,3,a place in Syria,
H3758,כַּרמִיל,3,a deep red,
H3764,כָּרסֵא,3,korce' (kor-say') n-m. 1. a throne [(Aramaic) corresponding to H3678] KJV: throne.  Root(s): H3678,
H3773,כָּרוּתָה,3,i.e. a hewn timber,
H3787,כָּשֵׁר,3,to be straight or right],
H3788,כִּשׁרוֹן,3,advantage,
H3804,כֶּתֶר,3,i.e. a diadem,
H3810,לוֹא דְּבַר לוֹ דְּבַר לִדבִּר לוֹדְבַר,3,a place in Israel,
H3832,לָבַט,3,to fall,
H3834,לָבִיבָּה לְבִבָה,3,a cake (either as fried or turned),
H3842,לְבָנָה,3,i.e. the moon,
H3848,לְבַשׁ,3,lbash (leb-ash') v. 1. clothe [(Aramaic) corresponding to H3847]  Root(s): H3847,
H3872,לוּחִיתּ לוּחוֹת,3,a place East of the Jordan,
H3874,לוּט,3,wrap.,
H3896,לֶחִי,3,a place in Israel,
H3904,לְחֵנָה,3,lchenah (lekh-ay-naw') n-f. 1. a concubine [(Aramaic) from an unused root of uncertain meaning] KJV: concubine.,
H3907,לָחַשׁ,3,whisper (together).,
H3914,לוֹיָה,3,a wreath,
H3918,לַיִשׁ,3,a lion (from his destructive blows),
H3943,לָפַת,3,turn aside (self).,
H3944,לָצוֹן,3,derision,
H3960,לָשַׁן,3,i.e. to calumniate,
H3982,מַאֲמַר,3,i.e. an edict,
H4001,מְבוּסָה,3,a trampling,
H4002,מַבּוַּע,3,spring.,
H4007,מַבָּט מֶבָּט,3,i.e. (abstractly) expectation,
H4017,מִבשָׂם,3,the name of an Ishmaelite and of an Israelite,
H4035,מְגוּרָה,3,fear.,
H4042,מָגַן,3,to hand safely over (i.e. surrender),
H4090,מְדָן,3,strife,
H4105,מְהֵיטַּבאֵל,3,the name of an Edomitish man and woman,
H4119,מוֹהַר,3,a price (for a wife),
H4121,מַהֲרַי,3,an Israelite,
H4149,מוֹסֵרָה מוֹסְרוֹת,3,a place in the Desert,
H4164,מוּצַק מוּצָק,3,"is straitened, straitness.",
H4165,מוּצָק,3,hardness.,
H4173,מוֹרַג מוֹרַג,3,a threshing sledge,
H4174,מוֹרָד,3,"an ornamental appendage, perhaps a festoon",
H4175,מוֹרֶה,3,an archer; also teacher or teaching; also the early rain (see H3138),
H4176,מוֹרֶה מוֹרֶה,3,also a hill (perhaps named from him),
H4177,מוֹרָה,3,a razor,
H4180,מוֹרָשׁ,3,thought.,
H4184,מוּשׁ,3,handle.,
H4192,מוּת מוּת לַבֵּן,3,probably the title of a popular song,
H4195,מוֹתָר,3,"preeminence, profit.",
H4199,מִזָּה,3,an Edomite,
H4205,מָזוֹר מָזוֹר,3,(hence) a sore (as needing a compress),
H4206,מָזִיַח מֵזַח,3,strength.,
H4222,מָחָא,3,to rub or strike the hands together (in exultation),
H4262,מַחמוּד מַחמוּד,3,desired; (hence) a valuable,
H4274,מַחצֵּב,3,(properly) a hewing; (concretely) a quarry,
H4287,מַחַת,3,the name of two Israelites,
H4319,מִיכָּהוּ,3,an Israelite prophet,
H4330,מִיצּ,3,"forcing, wringing.",
H4351,מְכוּרָה מְכוֹרָה,3,"habitation, nativity.",
H4355,מָכַך,3,decay.,
H4356,מִכלָאָה מִכלָה,3,a pen (for flocks),
H4365,מִכמֶרֶת מִכמוֹרֶת,3,net.,
H4377,מֶכֶּר,3,"price, ware.",
H4396,מִלּוּאָה,3,i.e. setting (of gems),
H4416,מְלַח,3,"mlach (mel-akh') n-m. 1. salt [(Aramaic) from H4415] KJV: + maintenance, salt.  Root(s): H4415",
H4420,מְלֵחָה,3,i.e. a desert,
H4439,מַלכִּיאֵל,3,an Israelite,
H4463,מָמוֹת,3,a mortal disease; (concretely) a corpse,
H4484,מְנֵא,3,mene' (men-ay') n-m. 1. numbered [(Aramaic) passive participle of H4483] KJV: Mene.  Root(s): H4483,
H4506,מָנַחַת,3,the name of an Edomite and of a place in Moab,
H4509,מִניָמִין,3,the name of two Israelites,
H4533,מַסוֶה,3,a veil,
H4556,מִספַּחַת,3,scruf (as spreading over the surface),
H4600,מָעַך,3,"i.e. to pierce, emasculate, handle",
H4618,מַעֲנָה,3,in the sense of depression or tilling],
H4654,מַפָּלָה מַפֵּלָה,3,i.e. a ruin,
H4659,מִפעָל מִפעָלָה,3,a performance,
H4683,מַצָּה,3,"debate, strife.",
H4703,מִצעָד,3,step.,
H4712,מֵצַר,3,i.e. (figuratively) trouble,
H4717,מַקָּבָה,3,i.e. a hammer (as piercing),
H4764,מֵרָב,3,a daughter of Saul,
H4766,מַרבֶּה,3,"greatness, or (adverbially) greatly",
H4788,מָרוּד,3,misery.,
H4807,מְרִיבּ בַּעַל,3,"Merib-Baal, an epithet of Gideon",
H4817,מֶרכָּב,3,"covering, saddle.",
H4838,מָרַק,3,"furbish, scour.",
H4839,מָרָק,3,soup (as if a rinsing),
H4842,מִרקַחַת,3,"compound, ointment.",
H4844,מְרוֹר מְרוֹר,3,a bitter herb,
H4866,מִשׁבֵּר,3,breaking forth.,
H4871,מָשָׁה,3,to pull out (literally or figuratively),
H4875,מְשׁוֹאָה מְשׁוֹאָה,3,waste.,
H4894,מִשׁטּוַֹח מִשׁטַּח,3,"-ing, upon).",
H4898,מְשֵׁיזַבאֵל,3,an Israelite,
H4915,מוֹשֶׁל,3,empire; (2) from H4911],
H4928,מִשׁמַעַת,3,(by implication) obedience; (concretely) a subject,
H4947,מַשׁקוֹף,3,a lintel,
H4973,מְתַלְּעָה,3,i.e. a tooth,
H4977,מַתּתָּן,3,"the name of a priest of Baal, and of an Israelite",
H4978,מַתּתְּנָא,3,mattna' (mat-ten-aw') n-f. 1. gift [(Aramaic) corresponding to H4979]  Root(s): H4979,
H4982,מַתּתְּנַי,3,the name of three Israelites,
H4998,נָאָה,3,i.e. beautiful,
H5016,נְבוּאָה,3,a prediction (spoken or written),
H5025,נוֹבַח,3,"the name of an Israelite, and of a place East of the Jordan",
H5077,נָדָה נָדָא,3,"i.e. banish, postpone, prohibit",
H5091,נָהָה,3,"hence (through the idea of crying aloud), to assemble (as if on proclamation)",
H5094,נְהִיר נְהִירוּ,3,"nhiyr (neh-heere') ((Aramaic) or nehiyruw (Aramaic) {neh-hee-roo'}) n-m. 1. illumination, i.e. (figuratively) wisdom [from the same as H5105] KJV: light.  Root(s): H5105",
H5096,נַהֲלָל נַהֲלוֹל,3,a place in Israel,
H5108,נוֹב נֵיבּ,3,literally or figuratively,
H5122,נְוָלוּ נְוָלִי,3,nvaluw (nev-aw-loo') ((Aramaic) or nvaliy (Aramaic) {nev-aw-lee'}) n-f. 1. a sink [from an unused root probably meaning to be foul] KJV: dunghill.,
H5132,נוּץ,3,to fly away (from the quickness of motion),
H5150,נִחוּם נִחוּם,3,solace,
H5161,נֶחֱלָמִי,3,or descendant of Nechlam,
H5189,נְטִישָׁה,3,"branch, plant.",
H5209,נִין,3,progeny,
H5220,נֶכֶד,3,son's son.,
H5223,נָכֶה,3,lame,
H5224,נְכוֹ,3,an Egyptian king,
H5238,נְכוֹת,3,spicery; (generally) valuables,
H5241,נְמוּאֵל,3,the name of two Israelites,
H5267,נְסַק,3,ncaq (nes-ak') v. 1. take up [(Aramaic) corresponding to H5266]  Root(s): H5266,
H5294,נְעַריָה,3,the name of two Israelites,
H5303,נְפִיל נְפִל,3,i.e. a bully or tyrant,
H5305,נָפִישׁ,3,"a son of Ishmael, and his posterity",
H5309,נֶפֶל נֵפֶל,3,i.e. an abortion,
H5314,נָפַשׁ,3,"to be breathed upon, i.e. (figuratively) refreshed (as if by a current of air)",
H5338,נְצַל,3,"ntsal (nets-al') v. 1. to extricate [(Aramaic) corresponding to H5337] KJV: deliver, rescue.  Root(s): H5337",
H5350,נִקּוּד,3,mouldy.,
H5357,נָקִיק,3,a cleft,
H5361,נָקַע,3,to feel aversion,
H5371,נֵרגַּל שַׁראֶצֶר,3,the name of two Babylonians,
H5373,נֵרדּ,3,an aromatic,
H5376,נְשָׂא,3,"nsa' (nes-aw') v. 1. carry away, make insurrection, take [(Aramaic) corresponding to H5375]  Root(s): H5375",
H5380,נָשַׁב,3,drive away.,
H5393,נִשׁכָּה,3,a cell,
H5400,נָשַׂק,3,kindle.,
H5405,נָשַׁת,3,i.e. (intransitively) to dry up,
H5407,נִשׁתְּוָן,3,nishtvan (nish-tev-awn') n-m. 1. letter [(Aramaic) corresponding to H5406]  Root(s): H5406,
H5435,סוֹבֶא,3,"concretely (wine), or abstractly (carousal)",
H5447,סֵבֶל,3,charge.,
H5448,סוֹבֶל סוּבָּל,3,a load (figuratively),
H5499,סְחָבָה,3,a rag,
H5505,סָחַר,3,profit (from trade),
H5534,סָכַר,3,"give over. See also H5462, H7936.",
H5547,סְלִיחָה,3,pardon.,
H5554,סֶלַע,3,the rock-city of Idumaea,
H5563,סְמָדַר,3,abloom,
H5570,סְנָאָה,3,a place in Israel,
H5575,סַנוֵר,3,(in plural) blindness,
H5587,סָעִף שָׂעִף,3,i.e. (abstractly) a sentiment,
H5620,סַר,3,sad.,
H5646,עָב עוֹב,3,an architrave (as shading the pillars),
H5659,עַבדּוּת,3,servitude,
H5660,עַבדִּי,3,the name of two Israelites,
H5666,עָבָה,3,to be dense,
H5706,עַד,3,booty,
H5717,עֲדִיאֵל,3,the name of three Israelites,
H5726,עֲדוּלָּמִי,3,an Adullamite or native of Adullam,
H5729,עֶדֶן,3,a place in Mesopotamia,
H5740,עֵדֶר,3,the name of an Israelite and of two places in Israel,
H5752,עוֹדֵד עוֹדֵד,3,the name of two Israelites,
H5754,עַוָּה,3,overthrow,
H5757,עַוִּי,3,Avites.,
H5762,עֲוִיתּ עַיּוֹת עַיוּת,3,"ruin; Avvith (or Avvoth), a place in Israel",
H5788,עִוָּרוֹן עַוֶּרֶת,3,blindness,
H5807,עֱזוּז,3,strength.,
H5809,עַזּוּר עַזּוּר,3,the name of three Israelites,
H5812,עֲזַזיָהוּ,3,the name of three Israelites,
H5831,עֶזרָא,3,"`Ezra' (ez-raw') n/p. 1. Ezra, an Israelite [(Aramaic) corresponding to H5830] KJV: Ezra.  Root(s): H5830",
H5837,עַזרִיאֵל,3,the name of three Israelites,
H5847,עֲטַלֵּף,3,a bat,
H5859,עִיוֹן,3,a place in Israel,
H5860,עִיטּ,3,rail.,
H5873,עֵין גַּנִּים,3,a place in Israel,
H5874,עֵין ־ דּאוֹר עֵין דּוֹר עֵין ־ דּוֹר,3,"fountain of dwelling; En-Dor, a place in Israel",
H5894,עִיר,3,"`iyr (eer) n-m. 1. a watcher, i.e. an angel (as guardian) [(Aramaic) from a root corresponding to H5782] KJV: watcher.  Root(s): H5782",
H5931,עִלָּה,3,`illah (il-law') n-f. 1. a pretext (as arising artificially) [(Aramaic) feminine from a root corresponding to H5927] KJV: occasion.  Root(s): H5927,
H5933,עַלוָה עַליָה,3,an Idumaean,
H5965,עָלַס,3,"i.e. exult, wave joyously",
H6004,עָמַם,3,hide.,
H6014,עָמַר,3,make merchandise of.,
H6028,עָנוֹג,3,luxurious,
H6054,עֲנָנִי,3,an Israelite,
H6059,עָנַק,3,(figuratively) to fit out with supplies,
H6060,עָנָק,3,a necklace (as if strangling),
H6063,עָנֵר,3,"a Amorite, also a place in Israel",
H6074,עֳפִי,3,"`ophiy , (of-ee') n-m. 1. a twig 2. bough, i.e. (collectively) foliage [(Aramaic) corresponding to H6073] KJV: leaves.  Root(s): H6073",
H6090,עוֹצֶב,3,"sorrow, X wicked.",
H6093,עִצָּבוֹן,3,i.e. labor or pain,
H6107,עֶצֶם,3,a place in Israel,
H6108,עוֹצֶם,3,"strong, substance.",
H6109,עָצמָה,3,numerousness,
H6111,עַצמוֹן עַצמוֹן,3,a place near Israel,
H6115,עוֹצֶר,3,"oppression, X prison.",
H6121,עָקוֹב,3,in the denominative sense (transitive) fraudulent or (intransitive) tracked,
H6136,עִקַּר,3,`iqqar (ik-kar') n-m. 1. a stock [(Aramaic) from H6132] KJV: stump.  Root(s): H6132,
H6142,עִקֵּשׁ,3,an Israelite,
H6150,עָרַב,3,(toward) evening.,
H6162,עֲרָבוֹן,3,a pawn (given as security),
H6165,עָרַג,3,pant.,
H6196,עַרמוֹן,3,the plane tree (from its smooth and shed bark),
H6244,עָשֵׁשׁ,3,i.e. fail,
H6253,עַשׁתּוֹרֶת,3,the Phoenician goddess of love (and increase),
H6268,עַתּתִּיק,3,`attiyq (at-teek') adj. 1. venerable [(Aramaic) corresponding to H6267] KJV: ancient.  Root(s): H6267,
H6306,פִּדיוֹם פִּדיוֹם פִּדיוֹן פִּדיוֹן,3,"that were redeemed, redemption.",
H6309,פֶּדֶר,3,suet,
H6319,פּוֹטִי פֶרַע,3,an Egyptian,
H6331,פּוּר,3,"bring to nought, X utterly take.",
H6352,פֶּחָם,3,whether charred or live,
H6360,פַּטִּישׁ,3,a hammer,
H6365,פִּידּ,3,ruin.,
H6369,פִּיכּוֹל,3,a Philistine,
H6378,פַּך,3,vial.,
H6383,פִּלאִי פָּלִיא,3,wonderful.,
H6391,פְּלוּגָּה,3,a section,
H6397,פְּלוֹנִי,3,a Pelonite or inhabitant of an unknown Palon,
H6411,פְּלָיָה פְּלָאיָה,3,the name of three Israelites,
H6414,פָּלִיל,3,a magistrate,
H6423,פְּלוֹנִי,3,i.e. a specified person,
H6444,פְּנִנָּה,3,an Israelitess,
H6481,פָּצַע,3,i.e. wound,
H6494,פְּקַחיָה,3,an Israelite king,
H6497,פֶּקַע,3,a semi-globe,
H6503,פַּרבָּר פַּרוָר,3,a quarter of Jerusalem,
H6506,פִּרדָּה,3,a she-mule,
H6508,פַּרדֵּס,3,orchard.,
H6517,פָּרוּר,3,pot.,
H6519,פְּרָזָה,3,unwalled village.,
H6533,פָּרַם,3,to tear,
H6537,פְּרַס,3,"prac (per-as') n-m. 1. to split up [(Aramaic) corresponding to H6536] KJV: divide, (U-)pharsin.  Root(s): H6536",
H6573,פַּרשֶׁגֶן,3,parshegen (par-sheh'-ghen) n-m. 1. copy [(Aramaic) corresponding to H6572]  Root(s): H6572,
H6579,פַּרתַּם,3,prince.,
H6632,צָּב,3,"litter, tortoise.",
H6638,צָּבָה,3,"specifically, to array an army against",
H6639,צָּבֶה,3,turgid,
H6648,צֶּבַע,3,colours.,
H6658,צָּדָה,3,"hunt, lie in wait.",
H6669,צָּהוֹב,3,golden in color,
H6675,צּוֹאָה צּוֹאָה,3,filth(-iness). Marg. for H2716.,
H6687,צּוּף,3,swim.,
H6694,צּוּק,3,"i.e. (figuratively) smelt, utter",
H6725,צִּיוּן,3,"title, waymark.",
H6727,צִּיחָא צִּחָא,3,the name of two Nethinim,
H6740,צָּלָה,3,to roast,
H6741,צִּלָּה,3,an antediluvian woman,
H6748,צָּלִי,3,roasted,
H6756,צַּלמוֹן,3,the name of a place in Israel and of an Israelite,
H6761,צֶּלַע,3,halt(-ing).,
H6774,צִּמָּאוֹן,3,i.e. desert,
H6795,צָּנַח,3,i.e. drive down,
H6801,צָּנַף,3,i.e. roll or dress,
H6807,צְּעָדָה,3,ornament of the legs.,
H6809,צָּעִיף,3,a veil,
H6815,צַּעֲנַנִּים צַּעֲנַיִם,3,a place in Israel,
H6819,צָּעַר,3,i.e. (figuratively) ignoble,
H6825,צְּפוֹ צְּפִי,3,an Idumaean,
H6843,צְּפִירָה,3,morning.,
H6855,צִּפּוֹרָה,3,Moses' wife,
H6867,צָּרֶבֶת,3,inflammation.,
H6880,צִּרעָה,3,a wasp (as stinging),
H6882,צָּרעִי צָּרעָתִי,3,i.e. inhabitants of Tsorah,
H6886,צָּרְפַת,3,a place in Israel,
H6891,צָּרְתָן,3,a place in Israel,
H6902,קְבַל,3,"qbal (keb-al') v. 1. to acquire [(Aramaic) corresponding to H6901] KJV: receive, take.  Root(s): H6901",
H6909,קַבצְּאֵל,3,a place in Israel,
H6933,קַדמַי,3,qadmay (kad-mah'-ee) adj. 1. first [(Aramaic) from a root corresponding to H6923] KJV: first.  Root(s): H6923,
H6961,קָוֶה,3,a (measuring) cord (as if for binding),
H6981,קוֹרֵא קוֹרֵא,3,the name of two Israelites,
H6986,קֶטֶב,3,destruction.,
H6991,קָטַל,3,i.e. (figuratively) put to death,
H7001,קְטַר,3,"qtar (ket-ar') n-m. 1. a knot (as tied up), i.e. (figuratively) a riddle 2. also a vertebra (as if a knot) [(Aramaic) from a root corresponding to H7000] KJV: doubt, joint.  Root(s): H7000",
H7042,קְלִיטָּא,3,the name of three Israelites,
H7047,קֶלֶס,3,a laughing-stock,
H7055,קְמוּאֵל,3,"the name of a relative of Abraham, and of two Israelites",
H7061,קָמַץ,3,to grasp with the hand,
H7071,קָנָה,3,the name of a stream and of a place in Israel,
H7076,קִנָּמוֹן,3,cinnamon bark (as in upright rolls),
H7083,קֶסֶת,3,i.e. an ink-stand,
H7090,קִפּוֹד קִפּוֹד,3,perhaps the bittern (from its contracted form),
H7095,קֶצֶב,3,size.,
H7100,קֶצַח,3,fennelflower (from its pungency),
H7118,קְצָת,3,"qtsath (kets-awth') n-f. 1. end, partly [(Aramaic) corresponding to H7117]  Root(s): H7117",
H7119,קַר,3,excellent (from the margin).,
H7142,קֵרֵַח,3,bald (on the back of the head),
H7148,קָרִיא,3,i.e. select,
H7192,קְשִׂיטָּה,3,an ingot (as definitely estimated and stamped for a coin),
H7232,רָבַב,3,to shoot an arrow,
H7246,רָבַך,3,(that which is) fried.,
H7250,רָבַע,3,i.e. (specifically) in copulation,
H7279,רָגַן,3,i.e. rebel,
H7284,רְגַשׁ,3,rgash (reg-ash') v. 1. to gather tumultuously [(Aramaic) corresponding to H7283] KJV: assemble (together).  Root(s): H7283,
H7293,רַהַב,3,strength,
H7294,רַהַב,3,an epithet of Egypt,
H7302,רָוֶה,3,watered.,
H7304,רָוַח,3,(by implication) to have ample room,
H7332,רָזוֹן,3,X scant.,
H7363,רָחַף,3,"move, shake.",
H7395,רַכָּב,3,"driver of a chariot, horseman.",
H7452,רֵַע,3,"noise, shouted.",
H7459,רְעָבוֹן,3,famine,
H7460,רָעַד,3,tremble,
H7463,רֵעֶה,3,a (male) companion,
H7475,רַעיוֹן,3,H7469,
H7499,רְפוּאָה,3,medicine.,
H7502,רָפַד,3,"make (a bed), spread.",
H7515,רָפַשׂ,3,i.e. roil water,
H7534,רַק,3,thin.,
H7536,רוֹק,3,-tle).,
H7570,רָתַח,3,to boil,
H7589,שְׁאָט,3,contempt,
H7590,שָׁאטּ,3,one contemning,
H7674,שֶׁבֶת,3,"interruption, cessation",
H7678,שַׁבְּתַי,3,the name of three Israelites,
H7680,שְׂגָא,3,"sga' (seg-aw') v. 1. to increase [(Aramaic) corresponding to H7679] KJV: grow, be multiplied.  Root(s): H7679",
H7685,שָׂגָה,3,also figuratively),
H7688,שָׁגַח,3,i.e. glance sharply at,
H7695,שֵׁגָל,3,shegal (shay-gawl') n-f. 1. a (legitimate) queen [(Aramaic) corresponding to H7694] KJV: wife.  Root(s): H7694,
H7697,שִׁגָּעוֹן,3,madness.,
H7702,שָׂדַד,3,i.e. harrow a field,
H7708,שִׂדִּים,3,a valley in Israel,
H7710,שָׁדַף,3,to scorch,
H7720,שַׂהֲרוֹן,3,round tire like the moon.,
H7721,שׂוֹא,3,H7722,
H7728,שׁוֹבֵב,3,i.e. heathenish or (actually) heathen,
H7739,שְׁוָה,3,shvah (shev-aw') v. 1. to resemble [(Aramaic)] KJV: make like.  Root(s): H7737,
H7766,שׁוּנֵם,3,a place in Israel,
H7771,שׁוַֹע,3,"(as noun in the derived sense) a hallo, a call out",
H7783,שׁוּק,3,i.e. overflow,
H7786,שׂוּר,3,"have power, reign. See H5493.",
H7792,שׁוּר,3,shuwr (shoor) n-m. 1. wall [(Aramaic) corresponding to H7791]  Root(s): H7791,
H7805,שָׁזַף,3,see.,
H7811,שָׂחָה,3,to inundate,
H7844,שְׁחַת,3,"shchath (shekh-ath') v. 1. corrupt, fault [(Aramaic) corresponding to H7843]  Root(s): H7843",
H7862,שַׁי,3,a gift (as available),
H7881,שִׂיחָה,3,devotion,
H7882,שִׁיחָה,3,a pit-fall,
H7908,שְׁכוֹל,3,spoiling.,
H7924,שָׂכלְתָנוּ,3,soklthanuw (sok-leth-aw-noo') n-f. 1. intelligence [(Aramaic) from H7920] KJV: understanding.  Root(s): H7920,
H7943,שִׁכָּרוֹן,3,intoxication,
H7945,שֶׁל,3,"on account of, whatsoever, whichsoever",
H7948,שָׁלָב,3,i.e. the stile in a frame or panel,
H7957,שַׁלהֶבֶת,3,a flare of fire,
H7964,שִׁלּוַּח שִׁלּוַּח,3,have sent back.,
H7966,שִׁלּוּם שִׁלּוּם,3,"i.e. (secure) retribution, (venal) a fee",
H8000,שְׁלַם,3,"shlam (shel-am') v. 1. to complete, to restore [(Aramaic) corresponding to H7999] KJV: deliver, finish.  Root(s): H7999",
H8061,שְׁמִידָּע,3,an Israelite,
H8067,שְׁמִינִיתּ,3,probably an eight-stringed lyre,
H8093,שִׁמעָה,3,an Israelite,
H8128,שֵׁן,3,shen (shane) n-e. 1. a tooth [(Aramaic) corresponding to H8127] KJV: tooth.  Root(s): H8127,
H8132,שָׁנָא,3,to alter,
H8168,שׁוֹעַל,3,a handful,
H8169,שַׁעַלבִּים שַׁעֲלַבִּין,3,a place in Israel,
H8177,שְׂעַר,3,s`ar (seh-ar') n-m. 1. hair [(Aramaic) corresponding to H8181] KJV: hair.  Root(s): H8181,
H8189,שַׁעֲרַיִם,3,a place in Israel,
H8206,שׁוּפִּים,3,an Israelite,
H8232,שְׁפַר,3,"shphar (shef-ar') v. 1. to be beautiful [(Aramaic) corresponding to H8231] KJV: be acceptable, please, + think good.  Root(s): H8231",
H8272,שַׁראֶצֶר,3,the name of an Assyrian and an Israelite,
H8292,שְׁרוּקָה שְׁרִיקָה,3,a piping,
H8294,שֶׂרַח,3,an Israelitess,
H8295,שָׂרַט,3,make (cuttings) pieces.,
H8299,שָׂרִיגּ,3,a tendril (as entwining),
H8311,שָׂרַע,3,i.e. (reflex) be deformed by excess of members,
H8321,שׂוֹרֵק שׂוֹרֵק שׂוֹרֵקָה,3,"one yielding purple grapes, the richest variety)",
H8330,שׁוֹרֶשׁ,3,shoresh (sho'-resh) n-m. 1. root [(Aramaic) corresponding to H8328]  Root(s): H8328,
H8344,שֵׁשַׁי,3,a Canaanite,
H8402,תִּבנִי,3,an Israelite,
H8405,תֵּבֵץ,3,a place in Israel,
H8420,תָּו,3,mark.,
H8472,תַּחפְּנֵיס,3,an Egyptian woman,
H8496,תּוֹך תּוֹך,3,fraud.,
H8511,תָּלָא,3,hang (in doubt).,
H8540,תְּמַהּ,3,tmahh (tem-ah') n-m. 1. a miracle [(Aramaic) from a root corresponding to H8539] KJV: wonder.  Root(s): H8539,
H8556,תִּמנַת חֶרֶס תִּמנַת סֶרַח,3,a place in Israel,
H8563,תַּמרוּר,3,bitterness (plural as collective),
H8580,תַּנשֶׁמֶת,3,"i.e. the name of two unclean creatures, a lizard and a bird (both perhaps from changing color through their irascibility), probably the tree-toad and the water-hen",
H8584,תְּעוּדָה,3,"i.e. a precept, usage",
H8587,תַּעֲלוּמָּה,3,secret.,
H8604,תִּפלָה,3,foolishly.,
H8625,תְּקַל,3,"tqal (tek-al') n-m. 1. to balance [(Aramaic) corresponding to H8254] KJV: Tekel, be weighed.  Root(s): H8254",
H8626,תָּקַן,3,(figuratively) to compose,
H8633,תּוֹקֶף,3,"power, strength.",
H8650,תּוֹרֶן,3,mast.,
H8653,תַּרעֵלָה,3,trembling.,
H8669,תְּשׁוּקָה,3,a longing,
H3,אֵב,2,fruit.,పచ్చని మొక్క
H8,אוֹבֵד,2,(concretely) wretched; (abstractly) destruction,
H25,אֲבִי גִּבעוֹן,2,perhaps an Israelite,
H28,אֲבִידָּע,2,a son of Abraham by Keturah,
H37,אֲבִיטַּל,2,a wife of King David,
H39,אֲבִימָאֵל,2,a son of Joktan,
H51,אֲבִישׁוּר,2,an Israelite,
H62,אָבֵל בֵּיתּ מֲעַכָה,2,a place in Israel,
H70,אוֹבֶן,2,stool.,
H75,אָבַס,2,stalled.,
H76,אֲבַעבּוּעָה,2,an inflammatory pustule (as eruption),
H78,אִבצָּן,2,an Israelite,
H79,אָבַק,2,i.e. grapple,
H105,אֲגַרטָּל,2,a basin,
H106,אֶגרוֹף,2,the clenched hand,
H108,אֵד,2,vapor.,
H110,אַדבְּאֵל,2,a son of Ishmael,
H131,אֲדוּמִּים,2,a pass in Israel,
H139,אֲדוֹנִי ־ צֶּדֶק,2,a Canaanitish king,
H141,אֲדוֹנִירָם,2,an Israelite,
H145,אֶדֶר,2,robe.,
H146,אַדָּר,2,(also) an Israelite,
H148,אֲדַרגָּזֵר,2,"adargazer (ad-ar''-gaw-zare') n-m. 1. a chief diviner, or astrologer [(Aramaic) from the same as H147, and H1505] KJV: judge.  Root(s): H147, H1505",
H150,אֲדַרכּוֹן,2,a daric or Persian coin,
H151,אֲדוֹרָם,2,an Israelite,
H158,אַהַב,2,affection (in a good or a bad sense),
H161,אוֹהַד,2,an Israelite,
H187,אוּזָל,2,a son of Joktan,
H189,אֱוִי,2,a Midianitish chief,
H192,אֱוִיל מְרוֹדַך,2,a Babylonian king,
H195,אוּלַי,2,a river of Persia,
H196,אֱוִלִי,2,hence (morally) impious,
H210,אוּפָז,2,a famous gold region,
H230,אֲזָד,2,azad (az-zawd') v. 1. firm [(Aramaic) of uncertain derivation] KJV: be gone.,
H244,אָזנִי,2,(also) an Oznite,
H246,אֲזִקִּים,2,manacles,
H248,אֶזרוַֹע,2,the arm,
H252,אַח,2,ach (akh) n-m. 1. brother [(Aramaic) corresponding to H251]  Root(s): H251,
H253,אָח,2,alas.,
H277,אֲחִי,2,the name of two Israelites,
H279,אֲחִיאָם,2,an Israelite,
H304,אַחלַי,2,the name of an Israelitess and of an Israelite,
H305,אַחֲלַי אַחֲלֵי,2,would God.,
H306,אַחלָמָה,2,probably the amethyst,
H327,אֲחַשׁתָּרָן,2,a mule,
H332,אָטַר,2,to close up,
H334,אִטֵּר,2,i.e. impeded (as to the use of the right hand),
H336,אִי,2,not,
H337,אִי,2,alas!,
H350,אִי ־ כָּבוֹד,2,"Ikabod, a son of Phineas",
H390,אַכַּד,2,a place in Babylon,
H411,אֵל,2,those,
H419,אֶלדָּד,2,an Israelite,
H420,אֶלדָּעָה,2,a son of Midian,
H432,אִלּוּ,2,yea though.,
H438,אַלּוֹן,2,"an Israelite, also a place in Israel",
H439,אַלּוֹן בָּכוּת,2,a monumental tree,
H442,אָלוּשׁ,2,a place in the Desert,
H443,אֶלזָבָד,2,the name of two Israelites,
H448,אֱלִיאָתָה אֱלִיָתָה,2,an Israelite,
H455,אֶליַחבָּא,2,an Israelite,
H463,אֱלִיעָם,2,an Israelite,
H466,אֱלִיפְלֵהוּ,2,an Israelite,
H474,אֱלִישׁוַּע,2,the son of King David,
H480,אַלְלַי,2,alas!,
H486,אַלמוֹדָד,2,a son of Joktan,
H495,אֶלָּסָר,2,an early country of Asia,
H513,אֶלתּוֹלַד,2,a place in Israel,
H514,אֶלתְּקֵא אֶלתְּקֵה,2,a place in Israel,
H528,אָמוֹן,2,a deity of Egypt (used only as an adjunct of H4996),
H534,אָמִיר,2,branch.,
H546,אָמנָה,2,surely,
H548,אֲמָנָה,2,an allowance,
H549,אֲמָנָה,2,a mountain near Damascus,
H554,אָמוֹץ,2,i.e. red (others fleet),
H557,אַמצִּי,2,an Israelite,
H566,אִמרִי,2,the name of two Israelites,
H569,אַמרָפֶל,2,a king of Shinar,
H573,אֲמִתּתַּי,2,an Israelite,
H578,אָנָה,2,mourn.,
H580,אֲנוּ,2,we,
H592,אֲנִיָה,2,sorrow.,
H596,אָנַן,2,to mourn; complain,
H600,אֲנַף,2,"anaph (an-af') n-m. 1. the face [(Aramaic) corresponding to H639 (only in the plural as a singular)] KJV: face, visage.  Root(s): H639",
H601,אֲנָפָה,2,perhaps the parrot (from its irascibility),
H614,אָסִיף אָסִף,2,gathered; (abstractly) a gathering in of crops,
H618,אָסָם,2,storehouse.,
H640,אָפַד,2,gird.,
H649,אַפַּיִם,2,an Israelite,
H654,אֶפלָל,2,an Israelite,
H666,אֲפֵר,2,a turban,
H675,אֶצבּוֹן אֶצבּוֹן,2,the name of two Israelites,
H678,אָצִיל,2,noble.,
H683,אֲצַליָהוּ,2,an Israelite,
H684,אוֹצֶם,2,the name of two Israelites,
H685,אֶצעָדָה,2,a bracelet,
H695,אֶרֶב,2,lie in wait.,
H704,אַרבַּע,2,one of the Anakim,
H708,אֶרֶג,2,weaver's shuttle.,
H714,אַרדּ,2,the name of two Israelites,
H717,אָרָה,2,pluck.,
H719,אַרוַד,2,an island-city of Israel,
H721,אַרוָדִי,2,an Arvadite or citizen of Arvad,
H722,אֲרוֹדִי,2,Arodites.,
H735,אוֹרַח,2,orach (o'-rakh) n-m. 1. a road [(Aramaic) corresponding to H734] KJV: way.  Root(s): H734,
H736,אוֹרחָה,2,a caravan,
H754,אַרכָּא אַרכָּה,2,"arka' (ar-kaw') ((Aramaic) or narkah (Aramaic) {ar-kaw'}) n-f. 1. length [from H749] KJV: lengthening, prolonged.  Root(s): H749",
H756,אַרכְּוַי,2,Arkvay (ar-kev-ah'ee) n/g. 1. an Arkevite (collectively) or native of Erek [(Aramaic) patrial from H751] KJV: Archevite.  Root(s): H751,
H765,אֲרָן,2,an Edomite,
H768,אַרנֶבֶת,2,the hare,
H786,אִשׁ,2,"used only adverbially, there is or are",
H790,אֶשׁבָּן,2,an Idumaean,
H792,אֶשׁבַּעַל,2,a son of Saul,
H804,אַשּׁוּר אַשּׁוּר,2,"also his descendants and the country occupied by them (i.e. Assyria), its region and its empire",
H805,אֲשׁוּרִי אַשּׁוּרִי,2,a district in Israel,
H806,אַשׁחוּר,2,an Israelite,
H814,אֶשׁכָּר,2,present.,
H822,אֶשׁנָב,2,lattice.,
H823,אַשׁנָה,2,the name of two places in Israel,
H825,אַשָּׁף,2,i.e. practice enchantment)],
H829,אֶשׁפָּר,2,a measured portion,
H846,אוּשַּׁרנָא,2,ushsharna' (oosh-ar-naw') n-m. 1. a wall (from its uprightness) [(Aramaic) from a root corresponding to H833] KJV: wall.  Root(s): H833,
H849,אֶשׁתַּדּוּר,2,eshtadduwr (esh-tad-dure') n-m. 1. rebellion [(Aramaic) from H7712 (in a bad sense)] KJV: sedition.  Root(s): H7712,
H850,אֶשׁתּוֹן,2,an Israelite,
H876,בְּאֵר,2,"a place in the Desert, also one in Israel",
H877,בּוֹאר,2,a cistern,
H882,בְּאֵרִי,2,the name of a Hittite and of an Israelite,
H891,בְּאוּשִׁים,2,poison-berries,
H904,בִּגתָּן בִּגתָּנָא,2,a eunuch of Xerxes,
H908,בָּדָא,2,feign.,
H911,בְּדַד,2,an Edomite,
H916,בְּדוֹלַח,2,others a pearl,
H917,בְּדָן,2,the name of two Israelites,
H932,בּוֹהַן,2,"Bohan, an Israelite",
H940,בּוּזִי,2,a Buzite or descendant of Buz,
H944,בּוּל,2,etc.),
H958,בָּזָא,2,probably to cleave,
H967,בָּזַר,2,to disperse,
H973,בָּחַל,2,get hastily (from the margin for H0926).,
H1003,בִּירָנִיתּ,2,a fortress,
H1010,בֵּיתּ בַּעַל מְעוֹן בֵּיתּ מְעוֹן,2,a place in Israel,
H1012,בֵּיתּ בָּרָה,2,a place in Israel,
H1016,בֵּיתּ ־ דָּגוֹן,2,the name of two places in Israel,
H1021,בֵּיתּ הַך ־ כֶּרֶם,2,a place in Israel,
H1023,בֵּיתּ הַמֶּרחָק,2,a place in Israel,
H1024,בֵּיתּ הַמַּרכָּבוֹת בֵּיתּ מַרכָּבוֹת,2,a place in Israel,
H1030,בֵּיתּ הַשִּׁמשִׁי,2,or inhabitant of Bethshemesh,
H1039,בֵּיתּ נִמרָה,2,a place east of the Jordan,
H1044,בֵּיתּ עֵקֶד,2,a place in Israel,
H1046,בֵּיתּ פֶּלֶט,2,a place in Israel,
H1063,בִּכּוּרָה,2,the early fig,
H1066,בּוֹכִּים,2,a place in Israel,
H1074,בּוֹכְרוּ,2,an Israelite,
H1081,בַּלאֲדָן,2,the name of a Babylonian prince,
H1095,בֵּלטְּשַׁאצַּר,2,the Babylonian name of Daniel,
H1105,בֶּלַע,2,that which he hath swallowed up.,
H1110,בָּלַק,2,to annihilate,
H1114,בִּלשָׁן,2,an Israelite,
H1125,בֶּן ־ אֲבִינָדָב,2,an Israelite,
H1127,בֶּן ־ גֶּבֶר,2,an Israelite,
H1128,בֶּן ־ דֶּקֶר,2,an Israelite,
H1133,בֶּן ־ חוּר,2,an Israelite,
H1136,בֶּן ־ חֶסֶד,2,an Israelite,
H1142,בְּנֵי יַעֲקָן,2,a place in the Desert,
H1143,בֵּנַיִם,2,a double interval; the space between two armies,
H1150,בִּנעָא בִּנעָה,2,an Israelite,
H1153,בְּסַי,2,one of the Nethinim,
H1159,בָּעוּ,2,ba`uw (baw-oo') n-f. 1. a request [(Aramaic) from H1156] KJV: petition.  Root(s): H1156,
H1161,בִּעוּתִים,2,alarms,
H1163,בָּעַט,2,to trample down; (figuratively) despise,
H1170,בַּעַל בְּרִיתּ,2,a special deity of the Shechemites,
H1175,בְּעָלוֹת,2,a place in Israel,
H1179,בַּעַל חֶרמוֹן,2,a place in Israel,
H1205,בְּעָתָה,2,fear,
H1213,בַּצלוּת בַּצלִיתּ,2,an Israelite,
H1216,בָּצֵק,2,perhaps to swell up; blister,
H1218,בָּצקַת,2,a place in Israel,
H1220,בֶּצֶר,2,(strictly) a clipping; gold (as dug out),
H1226,בַּצּוֹרֶת,2,drought.,
H1227,בַּקבּוּק,2,one of the Nethinim,
H1232,בּוּקִּיָה,2,an Israelite,
H1233,בְּקִיַע,2,cleft.,
H1235,בֶּקַע,2,half a shekel.,
H1260,בֶּרֶד,2,"the name of a place south of Israel, also of an Israelite",
H1268,בֵּרוֹתָה בֵּרוֹתַי,2,a place north of Israel,
H1287,בּוֹרִיתּ,2,vegetable alkali,
H1292,בָּרַכאֵל,2,the father of one of Job's friends,
H1302,בַּרקוֹס,2,one of the Nethimim,
H1303,בַּרקָן,2,a thorn (perhaps as burning brightly),
H1311,בָּשֵׁל,2,sodden.,
H1325,בַּת,2,bath (bath) n-m. 1. bath [(Aramaic) corresponding to H1324]  Root(s): H1324,
H1334,בָּתַר,2,to chop up],
H1340,בַּת ־ שׁוַּע,2,the same as H1339,
H1355,גַּב,2,gab (gab) n-m. 1. back [(Aramaic) corresponding to H1354]  Root(s): H1354,
H1359,גּוֹב גּוֹב,2,a place in Israel,
H1360,גֶּבֶא,2,a marsh,
H1365,גַּבהוּת,2,lofty.,
H1370,גְּבוּרָה,2,gbuwrah (gheb-oo-raw') n-f. 1. power [(Aramaic) corresponding to H1369] KJV: might.  Root(s): H1369,
H1376,גְּבִיר,2,a master,
H1382,גִּבלִי,2,or inhabitant of Gebal,
H1383,גַּבלוּת,2,a twisted chain or lace,
H1386,גַּבנוֹן,2,a hump or peak of hills,
H1403,גַּברִיאֵל,2,an archangel,
H1407,גַּד,2,coriander seed (from its furrows),
H1411,גְּדָבָר,2,gdabar (ghed-aw-bawr') n-m. 1. a treasurer [(Aramaic) corresponding to H1489] KJV: treasurer.  Root(s): H1489,
H1412,גּוּדגּוֹדָה,2,a place in the Desert,
H1414,גְּדַד,2,gdad (ghed-ad') v. 1. to cut down [(Aramaic) corresponding to H1413] KJV: hew down.  Root(s): H1413,
H1417,גְּדוּד גֶּדוּדָה,2,a furrow (as cut),
H1424,גָּדִי,2,an Israelite,
H1434,גְּדִל,2,wreath.,
H1437,גִּדַּלתִּי,2,an Israelite,
H1444,גֶּדֶר,2,a circumvallation,
H1449,גְּדֵרָה,2,a place in Israel,
H1450,גְּדֵרוֹת,2,a place in Israel,
H1468,גּוּז,2,cut off.,
H1469,גּוֹזָל גּוֹזָל,2,a nestling (as being comparatively nude of feathers),
H1480,גּוּפָה,2,a corpse (as closed to sense),
H1484,גּוֹר גּוֹרָה,2,meaning the same as H1482,
H1495,גָּזֵז,2,the name of two Israelites,
H1499,גֵּזֶל,2,i.e. violence,
H1502,גַּזָּם,2,one of the Nethinim,
H1506,גֶּזֶר,2,piece.,
H1510,גְּזֵרָה,2,"gzerah (ghez-ay-raw') n-f. 1. a decree [(Aramaic) from H1505 (as H1504)] KJV: decree.  Root(s): H1505, H1504",
H1512,גָּחוֹן,2,belly (as the source of the faetus),
H1515,גַּחַר,2,one of the Nethinim,
H1525,גִּילָה גִּילַת,2,rejoicing.,
H1526,גִּילוֹנִי,2,a Gilonite or inhabitant of Giloh,
H1527,גִּינַת,2,an Israelite,
H1542,גִּלוֹה גִּילוֹה,2,a place in Israel,
H1549,גִּלָּיוֹן גִּליוֹן,2,a mirror (as a plate),
H1554,גַּלִּים,2,a place in Israel,
H1560,גְּלָל,2,glal (ghel-awl') adj. 1. weight or size (as if rolled) [(Aramaic) from a root corresponding to H1556] KJV: great.  Root(s): H1556,
H1567,גַּליֵד,2,a memorial cairn East of the Jordan,
H1570,גָּלַשׁ,2,probably to caper (as a goat),
H1572,גָּמָא,2,drink,
H1591,גְּנֵבָה,2,stealing; (concretely) something stolen,
H1592,גְּנוּבַת,2,an Edomitish prince,
H1600,גָּעָה,2,to bellow (as cattle),
H1638,גָּרַס,2,to crush; (intransitively and figuratively) to dissolve,
H1643,גֶּרֶשׂ,2,i.e. grain,
H1659,גָּשַׁשׁ,2,apparently to feel about,
H1662,גַּת ־ הַחֵפֶר גִּתּתָּה ־ חֵפֶר,2,a place in Israel,
H1664,גִּתּתַּיִם,2,a place in Israel,
H1666,גֶּתֶר,2,"a son of Aram, and the region settled by him",
H1699,דּוֹבֶר דִּבֵּר,2,manner.,
H1701,דִּברָה,2,"dibrah (dib-raw') n-f. 1. intent, sake [(Aramaic) corresponding to H1700]  Root(s): H1700",
H1716,דָּגַר,2,sit,
H1718,דָּדָה,2,with).,
H1721,דּוֹדָנִים רוֹדָנִים,2,or descendants of a son of Javan,
H1726,דַּהֲהַר,2,a gallop,
H1728,דַּוָּג,2,H1771,
H1741,דְּוַי,2,sorrowful.,
H1744,דּוּכִיפַת,2,the hoopoe or else the grouse,
H1745,דּוּמָה,2,silence; (figuratively) death,
H1762,דְּחִי,2,a push; (by implication) a fall,
H1766,דָּחַק,2,i.e. oppress,
H1771,דַּיָג,2,a fisherman,
H1772,דַּיָה,2,a falcon (from its rapid flight),
H1775,דִּימוֹן,2,a place in Israel,
H1781,דַּיָן,2,a judge or advocate,
H1805,דְּלִי דֳּלִי,2,a pail or jar (for drawing water),
H1812,דֶּלֶף,2,a dripping,
H1821,דְּמָה,2,dmah (dem-aw') v. 1. to resemble [(Aramaic) corresponding to H1819] KJV: be like.  Root(s): H1819,
H1830,דָּמַע,2,weep.,
H1838,דִּנהָבָה,2,an Edomitish town,
H1850,דָּפקָה,2,a place in the Desert,
H1853,דִּקלָה,2,a region of Arabia,
H1860,דְּרָאוֹן דֵּרָאוֹן,2,contempt.,
H1861,דָּרבּוֹן,2,a goad,
H1863,דַּרדַּר,2,a thorn,
H1866,דְּרוֹר,2,a kind of swallow,
H1874,דַּרקוֹן,2,"one of ""Solomon's servants""",
H1876,דָּשָׁא,2,spring.,
H1883,דֶּתֶא,2,dethe' (deh'-thay) n-m. 1. tender grass [(Aramaic) corresponding to H1877]  Root(s): H1877,
H1884,דְּתָבָר,2,dthabar (deth-aw-bawr') n-m. 1. meaning one skilled in law 2. a judge [(Aramaic) of Pers. origin] KJV: counsellor.,
H1887,הֵא,2,lo.,
H1888,הֵא הָא,2,"he' (hay) ((Aramaic) or har (Aramaic) {haw}) prt-d. 1. lo! [corresponding to H1887] KJV: even, lo.  See also: H1887",
H1901,הָגִיגּ,2,i.e. complaint,
H1912,הוֹדוּ,2,Hodu (i.e. Hindu-stan),
H1917,הַדָּם,2,"haddam (had-dawm') n-m. 1. something stamped to pieces, i.e. a bit [(Aramaic) from a root corresponding to that of H1916] KJV: piece.  Root(s): H1916",
H1930,הוֹ,2,oh!,
H1937,הוֹדְוָה,2,an Israelite,
H1941,הוֹדִיָה,2,the name of three Israelites,
H1956,הוֹתִיר,2,an Israelite,
H1963,הֵיכּ,2,how?,
H1974,הִלּוּל,2,praise.,
H1976,הַלָּזֶה,2,H2088,
H1982,הֵלֶך,2,traveller.,
H1985,הִלֵּל,2,an Israelite,
H1996,הֲמוֹן גּוֹג,2,H1463,
H1999,הֲמוּלָה הֲמוּלָּה,2,tumult.,
H2016,הֶפֶך הֵפֶך,2,i.e. the reverse,
H2068,זַבדִּיאֵל,2,H410,
H2070,זְבוּב,2,a fly (especially one of a stinging nature),
H2079,זַבַּי,2,an Israelite,
H2096,זוֹהַר,2,brilliancy,
H2099,זִו,2,Ziv (corresponding to Ijar or May),
H2106,זָוִיתּ,2,an angle (as projecting); (by implication) a corner-column (or anta),
H2107,זוּל,2,despise.,
H2112,זוַּע,2,zuwa` (zoo'-ah) v. 1. to shake (with fear) [(Aramaic) corresponding to H2111] KJV: tremble.  Root(s): H2111,
H2118,זָחַח,2,to shove or displace,
H2124,זִיזָא,2,the name of two Israelites,
H2175,זִמרָן,2,a son of Abraham by Keturah,
H2179,זָנַב,2,i.e. cut off the rear,
H2185,זוֹנוֹת,2,"and applied to military equipments, but evidently the feminine plural active participle of H2181]",
H2190,זַעֲוָן,2,an Idumaean,
H2198,זָעֵף,2,angry,
H2210,זָקַף,2,i.e. (figuratively) comfort,
H2221,זֵרוַּע,2,i.e. a plant,
H2229,זָרַם,2,pour out.,
H2231,זִרמָה,2,a gushing of fluid (semen),
H2235,זֵרוַֹע זֵרָעוֹן,2,i.e. a vegetable (as food),
H2241,זֵתָם,2,an &Š Israelite,
H2246,חוֹבָב,2,father-in-law of Moses,
H2252,חֲבַיָּה חֲבָיָה,2,an Israelite,
H2261,חֲבַצֶּלֶת,2,probably meadow-saffron,
H2264,חִבּוּק,2,a clasping of the hands (in idleness),
H2265,חֲבַקּוּק,2,the prophet,
H2286,חֲגָבָא חֲגָבָה,2,one of the Nethinim,
H2289,חֲגוֹר,2,belted,
H2301,חֲדַד,2,an Ishmaelite,
H2304,חֶדוָה,2,joy.,
H2312,חֵדֶק,2,thorn.,
H2313,חִדֶּקֶל,2,the Chiddekel (or Tigris) river,
H2332,חַוָּה,2,the first woman,
H2343,חוּל,2,also the region settled by him,
H2353,חוּר,2,white linen,
H2362,חַורָן,2,a region East of the Jordan,
H2369,חוֹתָם,2,the name of two Israelites,
H2379,חֲזוֹת,2,chazowth (khaz-oth') n-f. 1. a view [(Aramaic) from H2370] KJV: sight.  Root(s): H2370,
H2387,חֵזִיר,2,the name of two Israelites,
H2390,חָזֵק,2,stronger.,
H2410,חֲטִיטָּא,2,a temple porter,
H2411,חַטִּיל,2,"one of ""Solomon's servants""",
H2412,חֲטִיפָא,2,one of the Nethinim,
H2415,חוֹטֵר,2,a twig,
H2431,חֵילָם חֵלאָם,2,a place East of Israel,
H2437,חִירָה,2,an Adullamite,
H2446,חֲכַליָה,2,an Israelite,
H2453,חַכמוֹנִי,2,an Israelite,
H2458,חֶלאָה,2,an Israelitess,
H2468,חוּלדָּה,2,an Israelitess,
H2469,חֶלדַּי,2,the name of two Israelites,
H2481,חֲלִי,2,ornament.,
H2488,חֲלִיצָּה,2,spoil,
H2500,חֵלֶף,2,(properly) exchange; hence (as preposition) instead of,
H2507,חֵלֶק,2,an Israelite,
H2510,חָלָק,2,a mountain of Idumaea,
H2520,חֶלקַת,2,a place in Israel,
H2525,חָם,2,warm.,
H2528,חֱמָא חֲמָה,2,chema' (khem-aw') ((Aramaic) or chamah (Aramaic) {kham-aw'}) n-f. 1. anger [corresponding to H2534] KJV: fury.  Root(s): H2534,
H2540,חַמּוֹן,2,the name of two places in Israel,
H2551,חֶמלָה,2,pity.,
H2559,חָמַק,2,withdraw self.,
H2575,חַמַּת,2,a place in Israel,
H2577,חֲמָתִי,2,a Chamathite or native of Chamath,
H2591,חִנטָּא,2,chinta' (khint-taw') n-m. 1. wheat [(Aramaic) corresponding to H2406] KJV: wheat.  Root(s): H2406,
H2592,חַנִּיאֵל,2,the name of two Israelites,
H2604,חֲנַן,2,"chanan (khan-an') v. 1. to favor or (causatively) to entreat [(Aramaic) corresponding to H2603] KJV: shew mercy, make supplication.  Root(s): H2603",
H2614,חָנַק,2,(reflexively) to choke oneself to death (by a rope),
H2629,חָסַם,2,to stop the nose,
H2631,חֲסַן,2,chacan (khas-an') v. 1. to hold in occupancy [(Aramaic) corresponding to H2630] KJV: possess.  Root(s): H2630,
H2632,חֵסֶן,2,checen (khay'-sen) n-m. 1. strength [(Aramaic) from H2631] KJV: power.  Root(s): H2631,
H2634,חָסוֹן,2,powerful,
H2639,חֶסֶר,2,want.,
H2657,חֶפצִּי בָּהּ,2,a fanciful name for Israel,
H2684,חוֹצֶן,2,lap,
H2685,חֲצַף,2,"chatsaph (khats-af') v. 1. (properly) to shear or cut close 2. (figuratively) to be severe [(Aramaic) a primitive root] KJV: hasty, be urgent.",
H2688,חַצּוֹן תָּמָר חַצֲצוֹן תָּמָר,2,a place in Israel,
H2697,חֶצרוֹנִי,2,a Chetsronite or (collectively) descendants of Chetsron,
H2700,חֲצַרמָוֶת,2,a place in Arabia,
H2709,חֲקוּפָא,2,one of the Nethinim,
H2711,חֵקֶק,2,a resolution,
H2712,חוּקּוֹק חוּקוֹק,2,a place in Israel,
H2726,חַרבּוֹנָא חַרבּוֹנָה,2,a eunuch of Xerxes,
H2732,חֲרָדָה,2,a place in the Desert,
H2733,חֲרוֹדִי,2,or inhabitant of Charod,
H2735,חוֹר הַגִּדגָּד,2,with the article interposed],
H2741,חֲרוּפִי,2,a Charuphite or inhabitant of Charuph (or Chariph),
H2744,חַרחוּר,2,one of the Nethinim,
H2747,חֶרֶט,2,pen.,
H2754,חָרִיטּ חָרִט,2,crisping pin.,
H2755,חֲרֵי ־ יוֹנִים חֲרָאיוֹן,2,probably a kind of vegetable,
H2756,חָרִיף,2,the name of two Israelites,
H2770,חֶרמֵשׁ,2,a sickle (as cutting),
H2784,חַרצּוּבָּה,2,a fetter; (figuratively) a pain,
H2797,חַרשָׁא,2,one of the Nethinim,
H2810,חִשָּׁבוֹן,2,i.e. actual (a warlike machine) or mental (a machination),
H2813,חֲשַׁבנְיָה,2,the name of two Israelites,
H2817,חֲשׂוּפָא חֲשׂוּפָא,2,one of the Nethinim,
H2832,חַשׁמוֹנָה,2,a place in the Desert,
H2842,חָשַׁשׁ,2,dry grass,
H2853,חָתַל,2,swaddle.,
H2855,חֶתלוֹן,2,a place in Israel,
H2869,טָּב,2,"tab , (tawb) n-m. 1. good [(Aramaic) from H2868; the same as H2896] KJV: fine, good.  Root(s): H2868, H2896",
H2870,טָּבאֵל,2,the name of a Syrian and of a Persian,
H2872,טַּבּוּר,2,midst.,
H2884,טַּבָּעוֹת,2,one of the Nethinim,
H2892,טּוֹהַר,2,"glory, purifying.",
H2897,טּוֹב,2,a region apparently East of the Jordan,
H2901,טָּוָה,2,to spin,
H2906,טּוּר,2,tuwr (toor) n-m. 1. a rock or hill [(Aramaic) corresponding to H6697] KJV: mountain.  Root(s): H6697,
H2910,טּוּחָה,2,H2902,
H2917,טִּין,2,"tiyn (teen) n-m. 1. clay [(Aramaic) perhaps, by interchange, for a word corresponding to H2916] KJV: miry.  Root(s): H2916",
H2924,טָּלֶה,2,a lamb,
H2928,טֶּלֶם,2,"the name of a place in Idumaea, also of a temple doorkeeper",
H2933,טָּמָה,2,be reputed vile.,
H2946,טָּפַח,2,from dandling on the palms,
H2951,טִּפסַר,2,a military governor,
H2953,טְּפַר,2,"tphar (tef-ar') n-m. 1. a finger-nail 2. also a hoof or claw [(Aramaic) from a root corresponding to H6852, and meaning the same as H6856] KJV: nail.  Root(s): H6852, H6856",
H2956,טָּרַד,2,to drive on; (figuratively) to follow close,
H2960,טּוֹרַח,2,trouble.,
H2961,טָּרִי,2,putrefying.,
H2978,יְאִתוֹן,2,an entry,
H2988,יָבָל,2,stream.,
H2993,יָבָם,2,a brother-in-law,
H2995,יַבנְאֵל,2,the name of two places in Israel,
H3006,יַבֶּשֶׁת,2,dry ground,
H3011,יָגבְּהָה,2,a place East of the Jordan,
H3016,יָגוֹר,2,fearest.,
H3029,יְדָא,2,yda' (yed-aw') v. 1. to praise [(Aramaic) corresponding to H3034] KJV: (give) thank(-s).  Root(s): H3034,
H3042,יְדָיָה,2,the name of two Israelites,
H3047,יָדָע,2,an Israelite,
H3070,יְהוֹוָה יִראֶה,2,a symbolical name for Mount Moriah,
H3071,יְהוֹוָה נִסִּי,2,a symbolical name of an altar in the Desert,
H3073,יְהוֹוָה שָׁלוֹם,2,a symbolical name of an altar in Israel,
H3074,יְהוֹוָה שָׁמָּה,2,a symbolic title of Jerusalem,
H3080,יְהוֹיָרִיבּ,2,the name of two Israelites,
H3085,יְהוֹעַדָּה,2,an Israelite,
H3090,יְהוֹשַׁבעַת,2,an Israelitess,
H3093,יָהִיר,2,proud.,
H3094,יְהַלֶּלאֵל,2,the name of two Israelites,
H3109,יוֹחָא,2,the name of two Israelites,
H3115,יוֹכֶבֶד,2,the mother of Moses,
H3121,יָוֵן,2,miry.,
H3135,יוֹעָשׁ,2,the name of two Israelites,
H3146,יוֹשָׁפָט,2,an Israelite,
H3153,יְזַניָה יְזַניָהוּ,2,an Israelite,
H3165,יֶחדִּיָהוּ,2,the name of two Israelites,
H3172,יְחִיאֵלִי,2,a Jechielite or descendant of Jechiel,
H3177,יַחלְאֵל,2,an Israelite,
H3180,יַחמוּר,2,a kind of deer (from the color,
H3183,יַחצְּאֵל,2,an Israelite,
H3194,יוּטָּה יוּטָה,2,a place in Israel,
H3217,יַלֶּפֶת,2,scurf or tetter,
H3221,יָם,2,yam (yawm) n-m. 1. sea [(Aramaic) corresponding to H3220]  Root(s): H3220,
H3223,יְמוּאֵל,2,an Israelite,
H3227,יְמִינִי,2,right,
H3228,יְמִינִי,2,a Jeminite (collectively) or descendants of Jamin,
H3269,יַעֲזִיָהוּ,2,an Israelite,
H3279,יַעֲלָא יַעֲלָה,2,one of the Nethinim,
H3294,יַערָה,2,an Israelite,
H3295,יַעֲרָה,2,forest,
H3296,יַעֲרֵי אוֹרְגִים,2,an Israelite,
H3300,יַעֲשִׂיאֵל,2,an Israelite,
H3314,יִפעָה,2,splendor; (figuratively) beauty,
H3317,יִפתַּח ־ אֵל,2,a place in Israel,
H3333,יְצוּקָה,2,i.e. run into a mould,
H3339,יִצרִי,2,an Israelite,
H3349,יִקָּהָה,2,to obey.,
H3350,יְקוֹד,2,a burning,
H3356,יָקִים,2,the name of two Israelites,
H3358,יַקִּיר,2,"yaqqiyr (yak-keer') adj. 1. noble, rare [(Aramaic) corresponding to H3357]  Root(s): H3357",
H3360,יְקַמעָם,2,an Israelite,
H3361,יָקמְעָם,2,a place in Israel,
H3371,יָקתְּאֵל,2,"the name of a place in Israel, and of one in Idumaea",
H3376,יִראִיָיה,2,an Israelite,
H3377,יָרֵב,2,a symbolical name for Assyria,
H3388,יְרוּשָׁא יְרוּשָׁה,2,as Israelitess,
H3392,יֶרַח,2,an Arabian patriarch,
H3393,יְרַח,2,yrach (yeh-rakh') n-m. 1. a month [(Aramaic) corresponding to H3391] KJV: month.  Root(s): H3391,
H3397,יְרַחמְאֵלִי,2,a Jerachmeelite or descendant of Jerachmeel,
H3398,יַרחָע,2,an Egyptian,
H3399,יָרַט,2,turn over.,
H3424,יְרֵשָׁה,2,occupancy,
H3435,יִשׁבָּק,2,a son of Abraham,
H3436,יָשׁבְּקָשָׁה,2,an Israelite,
H3438,יִשׁוָה,2,an Israelite,
H3460,יִשׁמַעיָה יִשׁמַעיָהוּ,2,the name of two Israelites,
H3461,יִשׁמְרַי,2,an Israelite,
H3481,יִשׂרְאֵלִי,2,Israelite.,
H3502,יִתרָה,2,riches.,
H3507,יִתרְעָם,2,a son of David,
H3509,יְתֵת,2,an Edomite,
H3512,כָּאָה,2,"be grieved, make sad.",
H3521,כָּבוּל,2,the name of two places in Israel,
H3523,כְּבִיר,2,a matrass (of intertwined materials),
H3525,כֶּבֶל,2,a fetter,
H3539,כַּדכּוֹד,2,probably the ruby,
H3554,כָּוָה,2,(properly) to prick or penetrate; (hence) to blister (as smarting or eating into),
H3555,כְּוִיָה,2,a branding,
H3558,כּוּמָז,2,a jewel (probably gold beads),
H3561,כַּוָּן,2,i.e. a sacrificial wafer,
H3575,כּוּת כּוּתָה,2,a province of Assyria,
H3579,כָּזבִּי,2,a Midianitess,
H3596,כִּילַי כֵּלַי,2,niggardly,
H3620,כְּלוּב,2,the name of two Israelites,
H3624,כֶּלַח,2,maturity,
H3625,כֶּלַח,2,a place in Assyria,
H3626,כָּל ־ חוֹזֶה,2,an Israelite,
H3628,כְּלִיא כְּלוּא,2,a prison,
H3631,כִּלָּיוֹן,2,destruction,
H3633,כַּלכּוֹל,2,an Israelite,
H3634,כָּלַל,2,to complete,
H3677,כֶּסֶא כֶּסֶה,2,i.e. its festival,
H3681,כָּסוּי,2,i.e. (as noun) a covering,
H3683,כָּסַח,2,to cut off,
H3690,כִּסלָה,2,"in a bad one, silliness",
H3691,כִּסלֵו,2,the 9th Heb. month,
H3695,כַּסלוּחִים,2,a people cognate to the Egyptians,
H3697,כָּסַם,2,poll.,
H3703,כָּסִפיָא,2,a place in Babylon,
H3704,כֶּסֶת,2,a cushion or pillow (as covering a seat or bed),
H3710,כֵּף,2,a hollow rock,
H3720,כָּפָן,2,hunger (as making to stoop with emptiness and pain),
H3723,כָּפָר,2,a village (as protected by walls),
H3743,כְּרוּב,2,a place in Babylon,
H3747,כְּרִיתּ,2,a brook of Israel,
H3749,כַּרכּוֹב,2,a rim or top margin,
H3755,כּוֹרֵם,2,a vinedresser,
H3762,כַּרמְלִיתּ,2,a Karmelitess or female inhabitant of Karmel,
H3763,כְּרָן,2,an aboriginal Idumaean,
H3769,כָּרַר,2,to dance (i.e. whirl),
H3797,כְּתַל,2,kthal (keth-al') n-m. 1. wall [(Aramaic) corresponding to H3796]  Root(s): H3796,
H3818,לוֹא עַמִּי,2,the symbolic name of a son of Hosea,
H3831,לְבוּשׁ,2,lbuwsh (leb-oosh') n-m. 1. garment [(Aramaic) corresponding to H3830]  Root(s): H3830,
H3838,לְבָנָא לֶבָנָה,2,one of the Nethinim,
H3839,לִבנֶה,2,perhaps the storax,
H3846,לִבנִי,2,a Libnite or descendants of Libni (collectively),
H3853,לְהָבִים,2,"a son of Mizrain, and his descendants",
H3856,לָהַהּ,2,from the exhaustion of frenzy) to languish,
H3858,לַהַט,2,enchantment.,
H3859,לָהַם,2,i.e. (figuratively) to rankle,
H3860,לָהֵן,2,popularly for if; (hence) therefore,
H3873,לוֹחֵשׁ,2,an Israelite,
H3880,לִויָה,2,i.e. a wreath,
H3886,לוַּע,2,to gulp; (figuratively) to be rash,
H3894,לָחוּם לָחוּם,2,"also flesh, i.e. body",
H3910,לוֹט,2,probably ladanum,
H3927,לְמוּאֵל לְמוֹאֵל,2,a symbolic name of Solomon,
H3934,לָעֵג,2,stammering.,
H3951,לֶקֶט,2,the gleaning,
H3955,לְשַׁד,2,also a sweet or fat cake,
H3958,לֶשֶׁם,2,perhaps the jacinth,
H3959,לֶשֶׁם,2,a place in Israel,
H3968,מֵאָה,2,a tower in Jerusalem,
H3973,מָאוֹס,2,refuse,
H3980,מַאֲכוֹלֶת,2,i.e. fuel,
H3983,מֵאמַר,2,"me'mar (may-mar') n-m. 1. appointment, word [(Aramaic) corresponding to H3982]  Root(s): H3982",
H3998,מְבוּכָה,2,perplexity,
H4008,מִבטָּא,2,a rash utterance (hasty vow),
H4014,מִבצָּר,2,an Idumaean,
H4025,מַגדִּיאֵל,2,an Idumaean,
H4036,מָגוֹר מִסָּבִיבּ,2,a symbolic name of Pashur,
H4038,מַגָּל,2,a sickle,
H4048,מָגַר,2,to precipitate,
H4051,מִגרוֹן,2,a place in Israel,
H4063,מֶדֶו,2,(by implication) a dress (as measured),
H4064,מַדוֶה,2,sickness,
H4067,מָדוֹן,2,i.e. height,
H4068,מָדוֹן,2,a place in Israel,
H4071,מְדוּרָה מֶדוּרָה,2,a pile of fuel,
H4089,מַדמַנָּה,2,a place in Israel,
H4091,מְדָן,2,a son of Abraham,
H4095,מַדרֵגָה,2,steep place.,
H4097,מִדרָשׁ,2,(properly) an investigation; (by implication) a treatise or elaborate compilation,
H4112,מַהֲלוּמָּה,2,stroke.,
H4117,מָהַר,2,i.e. to wed,
H4129,מוֹדַע מוֹדָע,2,an acquaintance,
H4143,מוּסָד,2,a foundation,
H4144,מוֹסָד,2,a foundation,
H4163,מוֹצָאָה,2,a family descent; also a sewer,
H4166,מוּצָקָה מוּצָקָה,2,(by implication) a tube (as cast),
H4168,מוֹקֵד,2,a conflagration,
H4178,מוֹרָט,2,i.e. independent,
H4179,מוֹרִיָה מוֹרִיָה,2,a hill in Israel,
H4183,מוֹרַשׁתִּי,2,a Morashtite or inhabitant of Moresheth-Gath,
H4188,מוּשִׁי,2,a Mushite; (collectively) the descendants of Mushi,
H4202,מָזוֹן,2,victual.,
H4203,מָזוֹן,2,mazown (maw-zone') n-m. 1. meat [(Aramaic) corresponding to H4202]  Root(s): H4202,
H4214,מִזרֶה,2,a winnowing shovel (as scattering the chaff),
H4220,מֵַח,2,fat; (figuratively) rich,
H4224,מַחֲבֵא מַחֲבוֹא,2,a refuge,
H4226,מְחַבְּרָה,2,i.e. brace or cramp,
H4232,מְחוּיָאֵל מְחִיָּאֵל,2,an anxediluvian patriarch,
H4238,מַחֲזִיאוֹת,2,an Israelite,
H4240,מְחִידָּא,2,one of the Nethinim,
H4250,מַחלִי,2,a Machlite or (collectively) descendants of Machli,
H4253,מַחלָפָה,2,a ringlet of hair (as gliding over each other),
H4254,מַחֲלָצָה,2,change of raiment.,
H4257,מַחֲלַת,2,probably the title (initial word) of a popular song,
H4258,מַחֲלַת,2,the name of an Ishmaelitess and of an Israelitess,
H4259,מְחוֹלָתִי,2,a Mecholathite or inhabitant of Abel-Mecholah,
H4271,מַחסֵיָה,2,an Israelite,
H4275,מֶחֱצָה,2,a halving,
H4281,מַחֲרֵשָׁה,2,probably a pick-axe,
H4290,מַחתֶּרֶת,2,secret search.,
H4304,מִטפַּחַת,2,wimple.,
H4308,מַטרֵד,2,an Edomitess,
H4312,מֵידָּד,2,an Israelite,
H4314,מֵי זָהָב,2,an Edomite,
H4322,מִיכָּיָהוּ,2,the name of an Israelite and an Israelitess,
H4329,מֵיסָך,2,a portico (as covered),
H4358,מִכלוֹל,2,all sorts.,
H4364,מַכמָר מִכמוֹר,2,a (hunter's) net (as dark from concealment),
H4366,מִכמְתָת,2,a place in Israel,
H4373,מִכסָה,2,worth.,
H4378,מַכָּר,2,an acquaintance,
H4384,מַכשֵׁלָה,2,"but only figuratively (fall, enticement (idol))",
H4388,מַכתֵּשׁ,2,a socket (of a tooth),
H4391,מְלָא,2,"mla' (mel-aw') v. 1. to fill [(Aramaic) corresponding to H4390] KJV: fill, be full.  Root(s): H4390",
H4398,מַלאַך,2,mal'ak (mal-ak') n-m. 1. an angel [(Aramaic) corresponding to H4397] KJV: angel.  Root(s): H4397,
H4412,מְלוּנָה,2,a hammock,
H4413,מַלּוֹתִי,2,an Israelite,
H4418,מָלָח,2,a rag or old garment,
H4426,מְלִיצָּה,2,taunting.,
H4429,מֶלֶך,2,the name of two Israelites,
H4433,מַלכָּא,2,malka' (mal-kaw') n-f. 1. a queen [(Aramaic) corresponding to H4436] KJV: queen.  Root(s): H4436,
H4442,מַלכִּי ־ צֶּדֶק,2,an early king in Israel,
H4453,מֶלצָּר,2,the butler or other officer in the Babylonian court,
H4454,מָלַק,2,to crack a joint; (by implication) to wring the neck of a fowl (without separating it),
H4464,מַמזֵר,2,i.e. born of a Jewish father and a heathen mother,
H4469,מַמסָך,2,i.e. (specifically) wine mixed (with water or spices),
H4477,מַמתַּק,2,something sweet (literally or figuratively),
H4482,מֵן,2,a part; (hence) a musical chord (as parted into strings),
H4489,מוֹנֶה,2,"i.e. (figuratively) a portion of time, i.e. an instance",
H4499,מְנוּסָה מְנוּסָה,2,flight.,
H4504,מִנחָה,2,"minchah (min-khaw') n-f. 1. a sacrificial offering [(Aramaic) corresponding to H4503] KJV: oblation, meat offering.  Root(s): H4503",
H4511,מִנִּיתּ,2,a place East of the Jordan,
H4545,מַסֶּכֶת,2,i.e. the warp in a loom (as stretched out to receive the woof),
H4551,מַסָּע,2,"as it were, ejected)",
H4555,מִספָּחָה,2,a veil (as spread out),
H4560,מָסַר,2,"i.e. (transitively) set apart, or (reflex.) apostatize",
H4580,מָעוֹג,2,i.e. parasite),
H4590,מַעַזיָה מַעַזיָהוּ,2,the name of two Israelites,
H4621,מַעֲצָד,2,tongs.,
H4626,מַעַר,2,"i.e. (literally) the pudenda, or (figuratively) a vacant space",
H4642,מַעֲשַׁקָּה,2,X oppressor.,
H4651,מַפָּל,2,"also something pendulous, i.e. a flap",
H4666,מִפרָשׂ,2,spreading.,
H4668,מַפתֵַּח,2,i.e. a key,
H4669,מִפתָּח,2,i.e. (figuratively) utterance,
H4675,מַצָּבָה מִצָּבָה,2,garrison.,
H4684,מַצהָלָה,2,a whinnying (through impatience for battle or lust),
H4690,מָצוּק מָצוּק,2,i.e. a column or hilltop,
H4707,מִצפֶּה,2,especially for military purposes,
H4715,מִצרֵף,2,a crucible,
H4716,מַק,2,i.e. putridity,
H4718,מַקֶּבֶת,2,"(intransitively) a perforation, i.e. a quarry",
H4721,מַקהֵל מַקהֵלָה,2,an assembly,
H4722,מַקהֵלוֹת,2,a place in the Desert,
H4730,מִקטֶּרֶת,2,i.e. a coal-pan,
H4737,מִקנֵיָהוּ,2,an Israelite,
H4738,מִקסָם,2,an augury,
H4742,מְקוּצעָה,2,an angle,
H4747,מְקֵרָה,2,a cooling off,
H4754,מָרָא,2,"i.e. lash (self with wings, as the ostrich in running)",
H4765,מַרבַּד,2,a coverlet,
H4769,מַרבֵּץ,2,i.e. fold (for flocks),
H4778,מֶרֶד,2,an Israelite,
H4779,מָרָד,2,marad (maw-rawd') adj. 1. rebellious [(Aramaic) from the same as H4776] KJV: rebellious.  Root(s): H4776,
H4792,מֵרוֹם,2,a lake in Israel,
H4802,מַרחֶשֶׁת,2,a stew-pan,
H4824,מֵרוֹנוֹתִי,2,or inhabitant of some (otherwise unknown) Meronoth,
H4836,מַרצֵַּע,2,an awl,
H4841,מֶרקָחָה,2,X well.,
H4854,מַשָּׂא,2,a son of Ishmael,
H4855,מַשָּׁא,2,usury.,
H4859,מַשָּׁאָה,2,debt.,
H4861,מִשׁאָל,2,a place in Israel,
H4862,מִשׁאָלָה,2,petition.,
H4876,מַשּׁוּאָה מַשּׁוּאָה,2,destruction.,
H4880,מָשׁוֹט מִשּׁוֹט,2,an oar,
H4881,מְשׂוּכָה מְשׂוּכָה,2,a hedge,
H4887,מְשַׁח,2,mshach (mesh-akh') n-m. 1. oil [(Aramaic) from a root corresponding to H4886] KJV: oil.  Root(s): H4886,
H4893,מִשׁחָת מָשׁחָת,2,marred.,
H4895,מַשׂטֵּמָה,2,enmity,
H4897,מֶשִׁי,2,silk (as drawn from the cocoon),
H4901,מֶשֶׁך,2,price.,
H4917,מִשׁלַחַת,2,"(concretely, unfavorable) an army",
H4919,מְשִׁלֵּמוֹת,2,an Israelite,
H4942,מִשׁפָּת,2,sheepfold.,
H4949,מִשׁקֶלֶת מִשׁקוֹלֶת,2,i.e. a plummet (with line attached),
H4951,מִשׂרָה,2,empire,
H4955,מִשׂרָפָה,2,"i.e. cremation (of a corpse), or calcination (of lime)",
H4956,מִשׂרְפוֹת מַיִם,2,a place in Israel,
H4957,מַשׂרֵקָה,2,a place in Idumaea,
H4965,מֶתֶג הָאַמָּה,2,an epithet of Gath,
H4967,מְתוּשָׁאֵל,2,an antediluvian patriarch,
H4980,מַתּתָּנָה,2,a place in the Desert,
H4984,מִתנַשֵּׂא,2,(used as abstractly) supreme exaltation,
H4986,מֶתֶק,2,pleasantness (of discourse),
H4989,מִתקָה,2,a place in the Desert,
H4990,מִתרְדָת,2,the name of two Persians,
H5004,נִאוּף,2,adultery,
H5008,נָאַק,2,to groan,
H5010,נָאַר,2,make void.,
H5023,נְבִזבָּה,2,nbizbah (neb-iz-baw') n-f. 1. a largess [(Aramaic) of uncertain derivation] KJV: reward.,
H5052,נוֹגַהּ,2,a son of David,
H5056,נַגָּח,2,i.e. vicious,
H5073,נִדבָּך,2,nidbak (nid-bawk') n-m. 1. a layer (of building materials) [(Aramaic) from a root meaning to stick] KJV: row.,
H5099,נַהַם,2,a snarl,
H5100,נְהָמָה,2,roaring.,
H5101,נָהַק,2,scream (from hunger,
H5109,נוֹבַי,2,an Israelite,
H5115,נָוָה,2,to celebrate (with praises),
H5118,נוַּח נוַֹח,2,-ing place).,
H5125,נוּן,2,(figuratively) to be perpetual,
H5129,נוֹעַדיָה,2,"the name of an Israelite, and a false prophetess",
H5160,נַחֲלִיאֵל,2,a place in the Desert,
H5165,נֶחָמָה,2,consolation,
H5170,נַחַר נַחֲרָה,2,snorting.,
H5171,נַחֲרַי נַחרַי,2,an Israelite,
H5173,נַחַשׁ,2,an incantation or augury,
H5188,נְטִיפָה,2,collar.,
H5191,נְטַל,2,ntal (net-al') v. 1. to raise [(Aramaic) corresponding to H5190] KJV: take up.  Root(s): H5190,
H5198,נָטָף,2,an aromatic gum (probably stacte),
H5199,נְטוֹפָה,2,a place in Israel,
H5208,נִיחוַֹח נִיחוַֹח,2,niychowach (nee-kho'-akh) ((Aramaic) or (shorter) niychoach (Aramaic) {nee-kho'-akh}) n-m. 1. pleasure [corresponding to H5207] KJV: sweet odour (savour).  Root(s): H5207,
H5212,נִיסָן,2,the first month of the Jewish sacred year,
H5214,נִיר,2,through the idea of the gleam of a fresh furrow],
H5219,נְכאוֹת,2,i.e. (concretely) an aromatic gum (perhaps styrax) (as powdered),
H5226,נֵכַח,2,opposite,
H5232,נְכַס,2,nkac (nek-as') n-m. 1. goods [(Aramaic) corresponding to H5233]  Root(s): H5233,
H5235,נֶכֶר נוֹכֶר,2,i.e. unexpected calamity,
H5244,נְמָלָה,2,an ant (probably from its almost bisected form),
H5249,נִמרִים,2,a place East of the Jordan,
H5268,נִסרוֹך,2,a Babylonian idol,
H5285,נַעֲצוּץ,2,probably a brier; (by implication) a thicket of thorny bushes,
H5296,נְעוֹרֶת,2,i.e. tow (as the refuse of flax),
H5304,נְפִיסִים,2,a Temple-servant,
H5313,נִפקָא,2,"niphqa' (nif-kaw') n-f. 1. an outgo, i.e. expense [(Aramaic) from H5312] KJV: expense.  Root(s): H5312",
H5318,נֶפתּוַֹח,2,"Nephtoach, a place in Israel",
H5320,נַפתּוּחִים,2,"Naphtuchim, an Egyptian tribe]",
H5328,נִצָּה,2,a blossom,
H5332,נֵצַח,2,through the idea of brilliancy of color],
H5335,נְצִיַח,2,a Temple- servant,
H5349,נוֹקֵד,2,i.e. the owner or tender (who thus marks them),
H5363,נוֹקֶף,2,a threshing (of olives),
H5366,נְקָרָה,2,clift,
H5384,נָשֶׁה,2,in the sense of failure],
H5386,נְשִׁי,2,a debt,
H5390,נְשִׁיקָה,2,a kiss,
H5398,נָשַׁף,2,i.e. blow up fresh (as the wind),
H5403,נְשַׁר,2,nshar (nesh-ar') n-m. 1. an eagle [(Aramaic) corresponding to H5404] KJV: eagle.  Root(s): H5404,
H5406,נִשׁתְּוָן,2,an epistle,
H5427,נֶתֶר,2,mineral potash (so called from effervescing with acid),
H5440,סָבַך,2,wrap.,
H5454,סַבתָּא סַבתָּה,2,"the name of a son of Cush, and the country occupied by his posterity",
H5455,סַבתְּכָא,2,"the name of a son of Cush, and the region settled by him",
H5458,סְגוֹר,2,(also) gold (as generally shut up safely),
H5465,סַד,2,the stocks,
H5479,סוֹטַי,2,one of the Nethinim,
H5482,סְוֵנֵה סְוֵנָה סְוֵן,2,a place in Upper Egypt,
H5487,סוּף,2,"cuwph (soof) v. 1. to come to an end [(Aramaic) corresponding to H5486] KJV: consume, fulfill.  Root(s): H5486",
H5502,סָחַף,2,to scrape off,
H5513,סִינִי,2,or descendant of one of the sons of Canaan,
H5517,סִיעָא סִיעֲהָא,2,one of the Nethinim,
H5533,סָכַן,2,"also to grow (causatively, make) poor",
H5540,סֶלֶד,2,an Israelite,
H5544,סִלּוֹן סַלּוֹן,2,thorn.,
H5558,סֶלֶף,2,i.e. (figuratively) viciousness,
H5568,סָמַר,2,i.e. bristle as hair,
H5574,סְנוּאָה סְנוּאָה,2,the name of two Israelites,
H5581,סִסמַי,2,an Israelite,
H5589,סְעַפָּה,2,branch.,
H5597,סַפַּחַת,2,the mange (as making the hair fall off),
H5602,סֵפֶל,2,dish.,
H5607,סֵפֶק שֶׂפֶק,2,sufficiency.,
H5618,סוֹפֶרֶת,2,"Sophereth, a temple servant",
H5622,סַרבַּל,2,carbal (sar-bal') n-m. 1. a cloak [(Aramaic) of uncertain derivation] KJV: coat.,
H5624,סֶרֶד,2,an Israelite,
H5630,סִריוֹן,2,a coat of mail,
H5642,סְתַר,2,"cthar (seth-ar') v. 1. to conceal 2. (figuratively) to demolish [(Aramaic) corresponding to H5641] KJV: destroy, secret thing.  Root(s): H5641",
H5653,עַבדָּא,2,the name of two Israelites,
H5657,עֲבוּדָּה,2,i.e. (concretely) service,
H5669,עָבוּר,2,used only of stored grain,
H5679,עֲבָרָה,2,plain (from the margin).,
H5684,עֶברוֹנָה,2,place in the Desert,
H5690,עֶגֶב,2,i.e. amative words,
H5693,עָגוּר,2,swallow,
H5694,עָגִיל,2,i.e. a ring (for the ears),
H5698,עֶגלָה,2,a wife of David,
H5728,עֲדֶן עֲדֶנָּה,2,H2004,
H5733,עַדנָא,2,the name of two Israelites,
H5734,עַדנָה,2,the name of two Israelites,
H5741,עַדרִיאֵל,2,an Israelite,
H5759,עֲוִיל,2,little one.,
H5764,עוּל,2,infant.,
H5765,עָוַל,2,unrighteous.,
H5770,עָוַן,2,to watch (with jealosy),
H5776,עוֹף,2,`owph (ofe) n-m. 1. fowl [(Aramaic) corresponding to H5775]  Root(s): H5775,
H5778,עוֹפַי,2,an Israelite,
H5779,עוּץ,2,to consult,
H5781,עוּק,2,to pack,
H5793,עוּתַי,2,the name of two Israelites,
H5808,עִזּוּז,2,an army,
H5817,עָזִּיאֵלִי,2,an Uzzielite (collectively) or descendants of Uzziel,
H5822,עָזנִיָה,2,probably the sea-eagle (from its strength),
H5824,עִזקָא,2,`izqa' (iz-kaw') n-f. 1. a signet-ring (as engraved) [(Aramaic) from a root corresponding to H5823] KJV: signet.  Root(s): H5823,
H5841,עַזָּתִי,2,Gazite.,
H5853,עַטרוֹת אַדָּר,2,a place in Israel,
H5863,עִיֵי הָעֲבָרִים,2,a place near Israel,
H5864,עִיִים,2,a place in the Desert,
H5885,עֵין שֶׁמֶשׁ,2,a place in Israel,
H5890,עֵיפָה,2,obscurity (as if from covering),
H5897,עִירָד,2,an antediluvian,
H5902,עִירָם,2,an Idumaean,
H5904,עִיר נָחָשׁ,2,a place in Israel,
H5906,עַיִשׁ עָשׁ,2,the constellation of the Great Bear (perhaps from its migration through the heavens),
H5908,עַכָּבִישׁ,2,a spider (as weaving a network),
H5914,עֶכֶס,2,tinkling ornament.,
H5935,עַלוָן עַליָן,2,an Idumaean,
H5942,עִלִּי,2,high; i.e. comparative,
H5958,עֶלֶם,2,i.e. a lad,
H5961,עֲלָמוֹת,2,"i.e. the soprano or female voice, perhaps falsetto",
H5963,עַלמוֹן דִּבלָתָימָה,2,a place in Moab,
H5987,עָמוֹק,2,an Israelite,
H5993,עַמִּי נָדִיבּ,2,probably an Israelite,
H6005,עִמָּנוּאֵל,2,a type name of Isaiah's son,
H6020,עַמרָמִי,2,an Amramite or descendant of Amram,
H6024,עֲנָב,2,a place in Israel,
H6027,עוֹנֶג,2,pleasant.,
H6029,עָנַד,2,tie.,
H6037,עַנוָה,2,meekness.,
H6043,עֲנָיָה,2,the name of two Israelites,
H6047,עֲנָמִים,2,"a son of Mizraim and his descendants, with their country",
H6055,עֲנַניָה,2,the name of an Israelite and of a place in Israel,
H6066,עוֹנֶשׁ,2,tribute.,
H6067,עֲנָת,2,an Israelite,
H6075,עָפַל,2,presume.,
H6103,עַצלָה,2,(as abstractly) indolence,
H6128,עֲקַלקַל,2,crooked way.,
H6132,עֲקַר,2,`aqar (ak-ar') v. 1. pluck up by the roots [(Aramaic) corresponding to H6131]  Root(s): H6131,
H6139,עֶקרוֹנִי עֶקרוֹנִי,2,an Ekronite or inhabitant of Ekron,
H6143,עִקְּשׁוּת,2,perversity,
H6145,עָר,2,a foe (as watchful for mischief),
H6161,עֲרוּבָּה,2,i.e. (literally) a token (of safety) or (metaphorically) a bondsman,
H6164,עַרבָּתִי,2,an Arbathite or inhabitant of (Beth-)Arabah,
H6176,עֲרוֹעֵר עַרעָר,2,a juniper (from its nudity of situation),
H6179,עֵרִי,2,an Israelite,
H6188,עָרֵל,2,whether literal (to go naked) or figurative (to refrain from using),
H6201,עָרַף,2,to droop; (hence) to drip,
H6204,עָרפָּה,2,a Moabites,
H6207,עָרַק,2,(participle) a pain,
H6208,עַרקִי,2,an Arkite or inhabitant of Erek,
H6226,עָשֵׁן,2,smoky,
H6245,עָשַׁת,2,hence (through the idea of polishing) to excogitate (as if forming in the mind),
H6257,עָתַד,2,be ready to become.,
H6259,עָתוּד,2,prepared,
H6267,עַתּתִּיק,2,also antique,
H6280,עָתַר,2,make) abundant,
H6281,עֶתֶר,2,a place in Israel,
H6282,עָתָר,2,thick.,
H6289,פָּארוּר,2,"as noun, a flush (of anxiety)",
H6294,פֶּגַע,2,occurent.,
H6296,פָּגַר,2,i.e. become exhausted,
H6303,פָּדוֹן,2,one of the Nethinim,
H6318,פּוֹטִיפַר,2,Potiphar,
H6321,פּוֹל,2,a bean (as plump),
H6325,פּוּנוֹן,2,a place in the Desert,
H6328,פּוּק,2,move.,
H6333,פּוּרָה,2,a wine-press (as crushing the grapes),
H6339,פָּזַז,2,be made strong.,
H6344,פַּחַד,2,a testicle (as a cause of shame akin to fear),
H6348,פָּחַז,2,i.e. (figuratively) to be unimportant,
H6349,פַּחַז,2,"i.e. froth (figuratively, lust)",
H6358,פָּטוּר,2,i.e. (as noun) a bud,
H6368,פִּיַח,2,i.e. ashes or dust,
H6373,פִּינוֹן,2,an Idumaean,
H6374,פִּיפִיָה,2,X two-edged.,
H6377,פִּיתּוֹן,2,an Israelite,
H6380,פּוֹכֶרֶת צְּבָיִים,2,"one of the ""servants of Solomon""",
H6404,פֶּלֶט,2,the name of two Israelites,
H6405,פַּלֵּט,2,escape.,
H6406,פַּלטִּי,2,the name of two Israelites,
H6409,פַּלטִּיאֵל,2,the name of two Israelites,
H6425,פֶּלֶס,2,weight.,
H6431,פֶּלֶת,2,the name of two Israelites,
H6447,פַּס,2,"pac (pas) n-m. 1. the palm (of the hand, as being spread out) [(Aramaic) from a root corresponding to H6461] KJV: participle  Root(s): H6461",
H6464,פָּעוּ פָּעִי,2,a place in Edom,
H6478,פָּצַל,2,to peel,
H6489,פְּקוֹד,2,a symbolic name for Babylonia,
H6493,פִּקֵַּח,2,wise.,
H6513,פּוּרָה,2,an Israelite,
H6514,פְּרוּדָא פְּרִידָּא,2,"one of ""Solomon's servants""",
H6518,פָּרָז,2,i.e. decide],
H6520,פְּרָזוֹן,2,(concretely) chieftains,
H6538,פֶּרֶס,2,ossifrage.,
H6545,פֶּרַע,2,the hair (as dishevelled),
H6546,פַּרעָה,2,concretely) leaders,
H6548,פַּרעוֹה חָפרַע,2,an Egyptian king,
H6550,פַּרעוֹשׁ,2,H6211,
H6560,פֶּרֶץ עוּזָּא,2,a place in Israel,
H6563,פֶּרֶק,2,robbery.,
H6575,פָּרָשָׁה,2,sum.,
H6589,פָּשַׂק,2,i.e. become licentious,
H6590,פְּשַׁר,2,"pshar (pesh-ar') v. 1. to interpret [(Aramaic) corresponding to H6622] KJV: make (interpretations), interpreting.  Root(s): H6622",
H6596,פּוֹת פּוֹתָה,2,i.e. hinge or the female pudenda,
H6599,פִּתגָּם,2,sentence.,
H6604,פְּתוֹר,2,a place in Mesopotamia,
H6606,פְּתַח,2,pthach (peth-akh') v. 1. to open [(Aramaic) corresponding to H6605] KJV: open.  Root(s): H6605,
H6610,פִּתחוֹן,2,opening (the act),
H6613,פְּתַי,2,"pthay (peth-ah'-ee) n-m. 1. open, i.e. (as noun) width [(Aramaic) from a root corresponding to H6601] KJV: breadth.  Root(s): H6601",
H6625,פַּתרוּסִי,2,or inhabitant of Pathros,
H6628,צֶּאֶל,2,the lotus tree,
H6645,צִּביָה,2,an Israelitess,
H6646,צְּבִיָה,2,a female gazelle,
H6655,צַּד,2,"tsad (tsad) n-m. 1. used adverbially (with preposition) at or upon the side of [(Aramaic) corresponding to H6654] KJV: against, concerning.  Root(s): H6654",
H6657,צְּדָד,2,a place near Israel,
H6660,צְּדִיָה,2,design,
H6674,צּוֹא צּוֹא,2,soiled (as if excrementitious),
H6688,צּוּף,2,comb of honey (from dripping),
H6690,צּוֹפַח,2,an Israelite,
H6712,צְּחוֹק,2,laughter (in pleasure or derision),
H6724,צִּיוֹן,2,a desert,
H6736,צִּיר,2,(hence) an (idolatrous) image,
H6739,צְּלָא,2,tsla' (tsel-aw') v. 1. pray [(Aramaic) probably corresponding to H6760 in the sense of bowing] KJV: pray.  Root(s): H6760,
H6751,צָּלַל,2,as twilight or an opaque object,
H6758,צַּלמוֹנָה,2,a place in the Desert,
H6762,צֶּלַע,2,a place in Israel,
H6768,צֶּלֶק,2,an Israelite,
H6769,צִּלְּתַי,2,the name of two Israelites,
H6782,צַּמִּים,2,a noose (as fastening); (figuratively) destruction,
H6783,צְּמִיתּוּת צְּמִתוּת,2,"used only (adverbially) with prepositional prefix to extinction, i.e. perpetually",
H6786,צְּמָרִי,2,a Tsemarite or branch of the Canaanites,
H6787,צְּמָרַיִם,2,a place in Israel,
H6791,צֵּן,2,a thorn; (hence) a cactus-hedge,
H6792,צּוֹנֵא צּוֹנֶה,2,a flock,
H6794,צִּנּוּר,2,water-spout.,
H6796,צָּנִין צָּנִן,2,a thorn,
H6800,צָּנַע,2,lowly.,
H6832,צְּפוַּע,2,excrement (as protruded),
H6856,צִּפּוֹרֶן,2,"also the point of a style (or pen, tipped with adamant)",
H6864,צּוֹר,2,of use) a knife,
H6868,צְּרֵדָה צְּרֵדָתָה,2,a place in Israel,
H6873,צָּרַח,2,"i.e. shrill), i.e. to whoop",
H6904,קוֹבֶל,2,a battering-ram,
H6907,קוּבַּעַת,2,a goblet (as deep like a cover),
H6916,קִדָּה,2,cassia bark (as in shrivelled rolls),
H6920,קַדַּחַת,2,i.e. febrile disease,
H6928,קַדמָה,2,"qadmah (kad-maw') n-f. 1. former time [(Aramaic) corresponding to H6927] KJV: afore(-time), ago.  Root(s): H6927",
H6929,קֵדְמָה,2,a son of Ishmael,
H6952,קְהִלָּה,2,congregation.,
H6954,קְהֵלָתָה,2,a place in the Desert,
H6959,קוֹבַע,2,a helmet,
H6964,קוֹלָיָה,2,the name of two Israelites,
H6971,קוֹף קוֹף,2,a monkey,
H6977,קְווּצָּה,2,a forelock (as shorn),
H6980,קוּר,2,i.e. a web (as if so formed),
H6995,קוֹטֶן,2,i.e. the little finger,
H7010,קְיָם,2,"qyam (keh-yawm') n-m. 1. an edict (as arising in law) [(Aramaic) from H6966] KJV: decree, statute.  Root(s): H6966",
H7011,קַיָם,2,"qayam (kah-yawm') adj. 1. permanent (as rising firmly) [(Aramaic) from H6966] KJV: stedfast, sure.  Root(s): H6966",
H7026,קֵירוֹס קֵרוֹס,2,one of the Nethinim,
H7037,קַלַּחַת,2,a kettle,
H7044,קָלָל,2,polished.,
H7057,קִמּוֹשׁ קִימוֹשׁ,2,a prickly plant,
H7059,קָמַט,2,i.e. destroy,
H7060,קָמַל,2,wither.,
H7072,קַנּוֹא,2,jealous or angry,
H7079,קְנָת,2,a place East of the Jordan,
H7094,קָצַב,2,shorn.,
H7106,קָצַע,2,(by implication) to segregate (as an angle),
H7124,קוֹרֵא,2,i.e. partridge (from its cry),
H7132,קְרָבָה,2,draw near.,
H7154,קִריַת בַּעַל,2,a place in Israel,
H7159,קָרַם,2,to cover,
H7164,קָרַס,2,"to hunch, i.e. be hump-backed",
H7166,קַרסוֹל,2,an ankle (as a protuberance or joint),
H7170,קְרַץ,2,"qrats (ker-ats') n-m. 1. + accuse [(Aramaic) corresponding to H7171 in the sense of a bit (to ""eat the morsels of"" any one, i.e. chew him up (figuratively) by slander)]  Root(s): H7171",
H7187,קְשׁוֹט קְשׁוֹט,2,qshowt (kesh-ote') ((Aramaic) or qshot (Aramaic) {kesh-ote'}) n-m. 1. fidelity [corresponding to H7189] KJV: truth.  Root(s): H7189,
H7188,קָשַׁח,2,make) unfeeling,
H7189,קָשֶׁט קָשׁטּ,2,i.e. reality,
H7191,קִשׁיוֹן,2,a place in Israel,
H7196,קִשּׁוּר,2,headband.,
H7215,רָאמָה,2,i.e. perhaps coral,
H7228,רַב,2,an archer (or perhaps the same as H7227),
H7240,רִבּוֹ,2,ribbow (rib-bo') n-f. 1. X ten thousand times ten thousand [(Aramaic) corresponding to H7239]  Root(s): H7239,
H7242,רָבִידּ,2,a collar (as spread around the neck),
H7254,רֶבַע,2,a Midianite,
H7255,רוֹבַע,2,a quarter,
H7263,רֶגֶב,2,a lump of clay,
H7274,רוֹגְלִים,2,a place East of the Jordan,
H7285,רֶגֶשׁ רִגשָׁה,2,insurrection.,
H7289,רָדִידּ,2,veil.,
H7299,רֵו,2,rev (rave) n-m. 1. aspect [(Aramaic) from a root corresponding to H7200] KJV: form.  Root(s): H7200,
H7305,רֶוַח,2,literally (an interval) or figuratively (deliverance),
H7309,רְוָחָה,2,respite.,
H7310,רְוָיָה,2,wealthy.,
H7320,רוֹמַמתִּי עֶזֶר רוֹמַמתִּי עֶזֶר,2,an Israelite,
H7329,רָזָה,2,i.e. make (become) thin (literally or figuratively),
H7330,רָזֶה,2,thin,
H7334,רָזִי,2,thinness,
H7338,רַחַב,2,broad place.,
H7360,רָחָם רָחָמָה,2,a kind of vulture (supposed to be tender towards its young),
H7366,רַחַץ,2,a bath,
H7367,רַחצָּה,2,a bathing place,
H7380,רִיבַּי,2,an Israelite,
H7383,רִיפָה רִפָה,2,grits (as pounded),
H7384,רִיפַת,2,a grandson of Japheth and his descendants,
H7388,רִיר,2,broth,
H7405,רָכַס,2,to tie,
H7418,רָמוֹת ־ נֶגֶב רָמַת נֶגֶב,2,a place in Israel,
H7428,רִמּוֹן פֶּרֶץ,2,a place in the Desert,
H7434,רָמַת הַמִּצפֶּה,2,a place in Israel,
H7436,רָמָתַיִם צּוֹפִים,2,a place in Israel,
H7444,רַנֵּן,2,shouting (for joy),
H7446,רִסָּה,2,a place in the Desert,
H7447,רָסִיס,2,also a dew-drop,
H7454,רֵַע,2,a thought (as association of ideas),
H7464,רֵעָה,2,fellow.,
H7470,רְעוּת,2,"ruwth (reh-ooth') n-f. 1. desire [(Aramaic) corresponding to H7469] KJV: pleasure, will.  Root(s): H7469",
H7490,רְעַע,2,"r`a` (reh-ah') v. 1. break, bruise [(Aramaic) corresponding to H7489]  Root(s): H7489",
H7492,רָעַץ,2,vex.,
H7498,רָפָא רָפָה,2,the name of two Israelites,
H7511,רָפַס,2,i.e. prostrate,
H7512,רְפַס,2,rphac (ref-as') v. 1. stamp [(Aramaic) corresponding to H7511]  Root(s): H7511,
H7524,רֶצַח,2,a murder-cry,
H7530,רֶצֶף,2,a place in Assyrian,
H7537,רָקַב,2,to decay (as by worm-eating),
H7545,רוֹקַח,2,ointment.,
H7567,רָשַׁשׁ,2,to demolish,
H7572,רַתּתִּיקָה,2,a chain,
H7575,רִתמָה,2,a place in the Desert,
H7576,רָתַק,2,to fasten,
H7618,שְׁבוּ,2,probably the agate,
H7630,שׁוֹבַי,2,an Israelite,
H7631,שְׂבִיבּ,2,sbiyb (seb-eeb') n-m. 1. flame [(Aramaic) corresponding to H7632]  Root(s): H7632,
H7635,שָׁבִיל,2,a track or passage-way (as if flowing along),
H7660,שָׁבַץ,2,set.,
H7664,שֵׂבֶר,2,expectation,
H7670,שִׁברוֹן,2,(figuratively) ruin,
H7679,שָׂגָא,2,"i.e. (causatively) to enlarge, (figuratively) laud",
H7689,שַׂגִּיא,2,great.,
H7692,שִׁגָּיוֹן שִׁגָּיוֹנָה,2,i.e. (technically) a dithyramb or rambling poem,
H7694,שֵׁגָל,2,a queen (from cohabitation),
H7700,שֵׁד,2,a doemon (as malignant),
H7705,שִׁדָּה,2,musical instrument.,
H7724,שְׁוָא,2,an Israelite,
H7731,שׁוֹבָך,2,a Syrian,
H7744,שׁוַּח,2,a son of Abraham,
H7749,שׁוּחָמִי,2,a Shuchamite (collectively),
H7750,שׂוּט סוּט,2,"namely, idolatry)",
H7753,שׂוּך,2,"i.e. shut in (for formation, protection or restraint)",
H7754,שׂוֹך שׂוֹכָה,2,a branch (as interleaved),
H7759,שׁוּלַמִּיתּ,2,"the Shulammith, an epithet of Solomon's queen",
H7763,שׁוֹמֵר שׁוֹמֵר,2,the name of two Israelites,
H7764,שׁוּנִי,2,an Israelite,
H7769,שׁוַּע,2,riches.,
H7770,שׁוַּע,2,a Canaanite,
H7777,שׁוּעָל,2,the name of an Israelite and of a place in Israel,
H7780,שׁוֹפָך,2,a Syrian,
H7788,שׁוּר,2,i.e. travel about (as a harlot or a merchant),
H7809,שָׁחַד,2,i.e. bribe,
H7823,שָׁחִיס סָחִישׁ,2,after-growth,
H7828,שַׁחַף,2,i.e. emaciate],
H7829,שַׁחֶפֶת,2,emaciation,
H7830,שַׁחַץ,2,pride.,
H7861,שִׁטרַי,2,an Israelite,
H7867,שִׂיבּ,2,(properly) to become aged; (by implication) to grow gray,
H7875,שִׂידּ,2,plaister.,
H7885,שַׁיִט,2,scourge.,
H7886,שִׁילוֹה,2,an epithet of the Messiah,
H7890,שַׁיִן,2,urine,
H7897,שִׁיתּ,2,a dress (as put on),
H7932,שְׁכַן,2,"shkan (shek-an') v. 1. cause to dwell, have habitation [(Aramaic) corresponding to H7931]  Root(s): H7931",
H7938,שֶׂכֶר,2,sluices.,
H7940,שָׂכָר,2,the name of two Israelites,
H7947,שָׁלַב,2,set in order.,
H7952,שָׁלָה,2,be negligent.,
H7975,שִׁלּוַֹח שֶׁלַח,2,a fountain of Jerusalem,
H7977,שִׁלחִי,2,"Shilchi, an Israelite",
H7983,שִׁלטּוֹן,2,shiltown (shil-tone') n-m. 1. a potentate [(Aramaic) from H7980] KJV: power.  Root(s): H7980,
H7984,שִׁלטּוֹן שִׁלטּוֹן,2,shiltown (shil-tone') ((Aramaic) or shilton {shil-tone'}) n-m. 1. a potentate [corresponding to H7983] KJV: ruler.  See also: H7983,
H7994,שָׁלָך,2,usually thought to be the pelican (from casting itself into the sea),
H8004,שָׁלֵם,2,an early name of Jerusalem,
H8006,שִׁלֵּם,2,an Israelite,
H8014,שַׂלמַי,2,an Israelite,
H8022,שַׁלמַנאֶסֶר,2,an Assyrian king,
H8026,שֶׁלֶף,2,a son of Jokthan,
H8037,שַׁמָּא,2,an Israelite,
H8044,שַׁמגַּר,2,an Israelite judge,
H8078,שִׁמָּמוֹן,2,stupefaction,
H8097,שִׁמעִי,2,Shimites.,
H8100,שִׁמעָת,2,an Ammonitess,
H8102,שֶׁמֶץ,2,an inkling,
H8107,שִׁמּוּר,2,an observance,
H8115,שָׁמרַיִן,2,"Shomrayin (shom-rah'-yin) n/l. 1. Shomrain, a place in Israel [(Aramaic) corresponding to H8111] KJV: Samaria.  Root(s): H8111",
H8131,שְׂנֵא,2,sne' (sen-ay') v. 1. hate [(Aramaic) corresponding to H8130]  Root(s): H8130,
H8143,שֶׁנהַבִּים,2,"tooth of elephants, i.e. ivory tusk",
H8162,שַׁעַטנֵז,2,i.e. cloth of linen and wool carded and spun together,
H8166,שְׂעִירָה,2,a she-goat,
H8170,שַׁעַלבּוֹנִי,2,a Shaalbonite or inhabitant of Shaalbin,
H8174,שַׁעַף,2,the name of two Israelites,
H8183,שְׂעָרָה,2,tempest.,
H8187,שְׁעַריָה,2,an Israelite,
H8192,שָׁפָה,2,i.e. bare,
H8195,שְׁפוֹ שְׁפִי,2,an Idumaean,
H8196,שְׁפוֹט שְׁפוּט,2,i.e. punishment,
H8197,שְׁפוּפָם שְׁפוּפָן,2,an Israelite,
H8209,שַׁפִּיר,2,sappiyr (shap-peer') adj. 1. beautiful [(Aramaic) intensive of a form corresponding to H8208] KJV: fair.  Root(s): H8208,
H8211,שֶׁפֶך,2,e.g. an ash-heap,
H8216,שֵׁפֶל,2,an humble rank,
H8221,שְׁפָם,2,a place in or near Israel,
H8234,שֶׁפֶר,2,a place in the Desert,
H8237,שַׁפרוּר,2,i.e. a tapestry or canopy,
H8240,שָׁפָת,2,pot.,
H8250,שִׁקּוּי,2,i.e. (figuratively) refreshment,
H8261,שָׁקוּף,2,window.,
H8268,שׁוֹקֶת,2,a trough (for watering),
H8270,שׁוֹר,2,"i.e. (specifically) the umbilical cord (also figuratively, as the centre of strength)",
H8273,שָׁרָב,2,expec. the mirage,
H8276,שָׂרַג,2,wreath.,
H8280,שָׂרָה,2,to prevail,
H8288,שְׂרוֹך,2,a thong (as laced or tied),
H8296,שֶׂרֶט שָׂרֶטֶת,2,an incision,
H8301,שָׂרִידּ,2,a place in Israel,
H8303,שִׁריוֹן שִׂריוֹן,2,a peak of the Lebanon mountains,
H8312,שַׂרעַף,2,cogitation,
H8335,שָׁרֵת,2,service (in the Temple),
H8339,שֵׁשׁבַּצַּר,2,Zerubbabel's Persian name,
H8340,שֵׁשׁבַּצַּר,2,Sheshbatstsar (shaysh-bats-tsar') n/p. 1. Sheshbazzar [(Aramaic) corresponding to H8339]  Root(s): H8339,
H8347,שֵׁשַׁך,2,a symbol. name of Babylon,
H8349,שָׁשַׁק,2,an Israelite,
H8350,שָׁשַׁר,2,H8320,
H8353,שֵׁת שִׁת,2,sheth (shayth) ((Aramaic) or shith (Aramaic) {sheeth}) adj. 1. six 2. (as ordinal) sixth [corresponding to H8337] KJV: six(-th).  See also: H8337,
H8356,שָׁתָה,2,i.e. (figuratively) political or moral support,
H8357,שֵׁתָה,2,the seat (of the person),
H8365,שָׁתַם,2,to unveil (figuratively),
H8371,שָׁתַת,2,reflex. to lie,
H8373,תָּאַב,2,to desire,
H8376,תָּאָה,2,i.e. (intensively) designate,
H8377,תְּאוֹ תּוֹא,2,a species of antelope (probably from the white stripe on the cheek),
H8385,תַּאֲנָה תּוֹאֲנָה,2,an opportunity or (subjectively) purpose,
H8386,תַּאֲנִיָה,2,mourning.,
H8391,תְּאַשּׁוּר,2,a species of cedar (from its erectness),
H8397,תֶּבֶל,2,i.e. unnatural bestiality,
H8404,תַּבעֵרָה,2,a place in the Desert,
H8410,תִּדהָר,2,enduring; a species of hard-wood or lasting tree (perhaps oak),
H8411,תְּדִירָא,2,"tdiyra' (ted-ee-raw') n-f. 1. permanence, i.e. (adverb) constantly [(Aramaic) from H1753 in the original sense of enduring] KJV: continually.  Root(s): H1753",
H8412,תַּדמוֹר תַּמּוֹר,2,a place near Israel,
H8413,תִּדעָל,2,a Canaanite,
H8423,תּוּבַל קַיִן,2,an antidiluvian patriarch,
H8427,תָּוָה,2,i.e. (primitive) scratch or (definite) imprint,
H8442,תּוֹעָה,2,"i.e. (morally) impiety, or (political) injury",
H8464,תַּחמָס,2,perhaps an owl,
H8465,תַּחַן,2,the name of two Israelites,
H8473,תַּחֲרָא,2,"H2352, H2353",
H8474,תַּחָרָה,2,contend.,
H8490,תִּימָרָה תִּמָרָה,2,i.e. cloud,
H8494,תִּירָס,2,a son of Japheth,
H8498,תְּכוּנָה,2,as of china,
H8500,תּוּכִּי תּוּכִּי,2,probably a peacock,
H8506,תּוֹכֶן,2,tale.,
H8508,תָּכנִיתּ,2,i.e. consummation,
H8515,תְּלַאשַּׂר תְּלַשַּׂר,2,a region of Assyria,
H8521,תֵּל חַרשָׁא,2,a place in Babylonia,
H8523,תְּלִיתַּי תַּלתִּי,2,tliythay (tel-ee-thah'-ee) ((Aramaic) or taltiy (Aramaic) {tal-tee'}) adj. 1. third [ordinal from H8532] KJV: third.  Root(s): H8532,
H8528,תֵּל מֶלַח,2,a place in Babylonia,
H8531,תְּלַת,2,tlath (tel-ath') n-m. 1. a tertiary rank [(Aramaic) from H8532] KJV: third.  Root(s): H8532,
H8533,תְּלָתִין,2,tlathiyn (tel-aw-theen') num. 1. ten times three [(Aramaic) mult. of H8532] KJV: thirty.  Root(s): H8532,
H8541,תִּמָּהוֹן,2,consternation,
H8546,תְּמוּתָה,2,die.,
H8547,תֶּמַח,2,one of the Nethinim,
H8560,תּוֹמֶר,2,a palm trunk,
H8566,תָּנָה,2,i.e. bargain with (a harlot),
H8567,תָּנָה,2,"i.e. celebrate, commemorate",
H8569,תְּנוּאָה,2,occasion.,
H8576,תַּנחוּמֶת,2,an Israelite,
H8586,תַּעֲלוּל,2,(concretely) a tyrant,
H8591,תָּעַע,2,to maltreat,
H8594,תַּעֲרוּבָה,2,suretyship; (concretely) a pledge,
H8595,תַּעתּוַּע,2,a fraud,
H8607,תִּפסַח,2,a place in Mesopotamia,
H8608,תָּפַף,2,i.e. play (as) on the tambourine,
H8614,תִּפתַּי,2,"tiphtay (tif-tah'-ee) n-m. 1. judicial, i.e. a lawyer [(Aramaic) perhaps from H8199] KJV: sheriff.  Root(s): H8199",
H8616,תִּקוָה,2,the name of two Israelites,
H8632,תְּקוֹף,2,"tqoph (tek-ofe') n-m. 1. power [(Aramaic) corresponding to H8633] KJV: might, strength.  Root(s): H8633",
H8635,תַּרבּוּת,2,i.e. progeny,
H8637,תִּרגַּל,2,to cause to walk,
H8640,תִּרהָקָה,2,a king of Kush,
H8651,תְּרַע,2,tra` (ter-ah') n-m. 1. a door 2. (by implication) a palace [(Aramaic) corresponding to H8179] KJV: gate mouth.  Root(s): H8179,
H8657,תֶּרֶשׁ,2,a eunuch of Xerxes,
H8661,תַּרתָּן,2,an Assyrian,
H5,אֲבַגתָּא,1,a eunuch of Xerxes,
H10,אֲבַדּוֹה,1,miswritten for H11],
H12,אַבדָּן,1,a perishing,
H13,אָבדָּן,1,a perishing,
H15,אָבֶה,1,longing,
H16,אֵבֶה,1,the papyrus,
H17,אֲבוֹי,1,want,
H19,אִבחָה,1,brandishing of a sword,
H20,אֲבַטִּיַח,1,a melon (only plural),
H21,אֲבִי,1,Hezekiah's mother,
H23,אֲבִיאָסָף,1,an Israelite,
H31,אֲבִיהוּד,1,the name of two Israelites,
H35,אֲבִיוֹנָה,1,provocative of desire; the caper berry (from its stimulative taste),
H36,אֲבִיטּוּב,1,an Israelite,
H45,אֲבִי ־ עַלבּוֹן,1,"Abialbon, an Israelite",
H55,אָבַך,1,probably to coil upward,
H58,אָבֵל,1,"the, proper, names, beginning, with, Abel-",
H63,אָבֵל הַשִּׁטִּים,1,a place in Israel,
H64,אָבֵל כְּרָמִים,1,a place in Israel,
H66,אַבֵל מַיִם,1,a place in Israel,
H67,אָבֵל מִצרַיִם,1,a place in Israel,
H71,אֲבָנָה,1,a river near Damascus,
H77,אֶבֶץ,1,a place in Israel,
H81,אֲבָקָה,1,powder,
H82,אָבַר,1,to soar,
H86,אַברֵך,1,bow the knee,
H89,אָגֵא,1,an Israelite,
H93,אֱגוֹז,1,a nut,
H94,אָגוּר,1,a fanciful name for Solomon,
H95,אֲגוֹרָה,1,used only of a small (silver) coin,
H96,אֶגֶל,1,a reservoir,
H97,אֶגלַיִם,1,a place in Moab,
H99,אָגֵם,1,sad,
H109,אָדַב,1,to languish,
H111,אֲדַד,1,an Edomite,
H112,אִדּוֹ,1,an Israelite,
H114,אַדּוֹן,1,apparently an Israelite,
H115,אֲדוֹרַיִם,1,a place in Israel,
H118,אֲדַליָא,1,a son of Haman,
H128,אֲדָמָה,1,a place in Israel,
H129,אֲדָמִי,1,a place in Israel,
H133,אַדמָתָא,1,Admatha,
H135,אַדָּן,1,an Israelite,
H144,אֲדָר,1,Adar (ad-awr') n/t. 1. Adar [(Aramaic) corresponding to H143]  Root(s): H143,
H147,אִדַּר,1,"iddar (id-dar') n-f. 1. ample, i.e. a threshing-floor [(Aramaic) intensive, from a root corresponding to H142] KJV: threshingfloor.  Root(s): H142",
H149,אַדרַזדָּא,1,adrazda' (ad-raz-daw') adv. 1. quickly or carefully [(Aramaic) probably of Persian origin] KJV: diligently.,
H153,אֶדרָע,1,edra` (ed-raw') n-f. 1. an arm 2. (figuratively) power [(Aramaic) an orthographical variation for H1872] KJV: force.  Root(s): H1872,
H156,אָדַשׁ,1,to tread out (grain),
H159,אוֹהַב,1,meaning the same as H0158,
H166,אָהַל,1,to be clear,
H169,אוֹהֶל,1,an Israelite,
H177,אוּאֵל,1,and Israelite,
H179,אוֹבִיל,1,an Ishmaelite,
H184,אָוָה,1,to extend or mark out,
H186,אוּזַי,1,an Israelite,
H190,אוֹיָה,1,woe,
H193,אוּל,1,"by implication, to be strong]",
H203,אוֹן,1,an Israelite,
H206,אָוֶן,1,"the contemptuous synonym of three places, one in Coele-Syria, one in Egypt (On), and one in Israel (Bethel)",
H213,אוּץ,1,"hurry, withdraw",
H220,אֲוֵרָה,1,a stall,
H229,אֶזבַּי,1,an Israelite,
H237,אֶזֶל,1,a memorial stone in Israel,
H239,אָזַן,1,to weigh; (figuratively) ponder,
H240,אָזֵן,1,a spade or paddle (as having a broad end),
H242,אוּזֵּן שֶׁאֱרָה,1,a place in Israel,
H243,אַזנוֹת תָּבוֹר,1,a place in Israel,
H245,אֲזַניָה,1,an Israelite,
H255,אוַֹח,1,a howler or lonesome wild animal,
H257,אַחבָּן,1,an Israelite,
H258,אָחַד,1,to unify; (figuratively) collect (one's thoughts),
H261,אֵחוּד,1,the name of three Israelites,
H262,אַחוָה,1,H2324,
H263,אַחֲוָה,1,achavah (akh-av-aw') n-f. 1. solution (of riddles) [(Aramaic) corresponding to H262] KJV: showing.  Root(s): H262,
H264,אַחֲוָה,1,fraternity,
H265,אֲחוַֹח,1,an Israelite,
H267,אֲחוּמַי,1,an Israelite,
H273,אַחזַי,1,an Israelite,
H275,אֲחוּזָּם,1,an Israelite,
H276,אֲחוּזַּת,1,a Philistine,
H278,אֵחִי,1,an Israelite,
H280,אֲחִידָּה,1,"achiydah (akh-ee-daw') n-f. 1. hard sentence [(Aramaic) corresponding to H2420, an enigma]  Root(s): H2420",
H282,אֲחִיהוּד,1,an Israelite,
H284,אֲחִיחוּד,1,an Israelite,
H287,אֲחִימוֹת,1,an Israelite,
H291,אַחיָן,1,an Israelite,
H292,אֲחִינָדָב,1,an Israelite,
H297,אֲחִירָם,1,an Israelite,
H298,אֲחִירָמִי,1,an Achiramite or descendant (collectively) of Achiram,
H300,אֲחִישַׁחַר,1,an Israelite,
H301,אֲחִישָׁר,1,an Israelite,
H303,אַחלָב,1,a place in Israel,
H307,אַחמְתָא,1,the summer capital of Persia,
H308,אֲחַסבַּי,1,an Israelite,
H313,אַחֵר,1,an Israelite,
H315,אַחרַח,1,H251,
H316,אֲחַרחֵל,1,an Israelite,
H318,אָחֳרֵין אָחֳרֵן,1,ochoreyn (okh-or-ane') ((Aramaic) or (shortened)) adv. 1. last [from H317] KJV: at last.  Root(s): H317,
H320,אַחֲרִיתּ,1,"achariyth (akh-ar-eeth') n-f. 1. later [(Aramaic) from H311, the same as H319] KJV: latter.  Root(s): H311, H319",
H326,אֲחַשׁתָּרִי,1,an achastarite (i.e. courier); the designation (rather than name) of an Israelite,
H330,אֵטוּן,1,i.e. tapestry,
H340,אָיַב,1,to hate (as one of an opposite tribe or party); hence to be hostile,
H351,אֵיכּוֹה,1,but not as an interogative],
H353,אֱיָל,1,strength,
H358,אֵילוֹן בֵּיתּ חָנָן,1,a place in Israel,
H360,אֱיָלוּת,1,power; (by implication) protection,
H364,אֵיל פָּארָן,1,a portion of the district of Paran,
H371,אִין,1,but (like H0370) an interrogative,
H372,אִיעֶזֵר,1,an Israelite,
H373,אִיעֶזרִי,1,an Iezrite or descendant of Iezer,
H377,אִישׁ,1,i.e. act in a manly way,
H379,אִישׁהוֹד,1,an Israelite,
H387,אֵיתָּן,1,the name of four Israelites,
H389,אַך,1,hence (by limitation) only,
H394,אַכזָרִי,1,terrible,
H395,אַכזְרִיוּת,1,fierceness,
H400,אוֹכֶל,1,"food, meal(-time), meat, prey, victuals.",
H403,אָכֵן,1,advers.) but,
H404,אָכַף,1,apparently meaning to curve (as with a burden); to urge,
H413,אֵל אֶל,1,"(often, generally) to",
H415,אֵל אֱלוֹהֵי יִשׂרָאֵל,1,the title given to a consecrated spot by Jacob,
H416,אֵל בֵּיתּ ־ אֵל,1,the title given to a consecrated spot by Jacob,
H421,אָלָה,1,to bewail,
H427,אַלָּה,1,oak,
H429,אֵלֶּה,1,elleh (ale'-leh) p/d. 1. these [(Aramaic) corresponding to H428]  Root(s): H428,
H434,אֱלוּל,1,good for nothing,
H435,אֱלוּל,1,the sixth Jewish month,
H440,אֵלוֹנִי אֵלוֹנִי,1,an Elonite or descendant (collectively) of Elon,
H449,אֱלִידָּד,1,an Israelite,
H456,אֱלִיחוֹרֶף,1,an Israelite,
H462,אֱלִיעֵינַי,1,an Israelite,
H465,אֱלִיפָל,1,an Israelite,
H470,אֱלִיקָא,1,an Israelite,
H472,אֱלִישֶׁבַע,1,the wife of Aaron,
H478,אֱלִישָׁפָט,1,an Israelite,
H482,אֵלֶם,1,silence (i.e. mute justice),
H487,אַלַּמֶּלֶך,1,a place in Israel,
H488,אַלמָן,1,discarded (as a divorced person),
H489,אַלמוֹן,1,H488,
H493,אֶלנַעַם,1,an Israelite,
H496,אֶלעָד,1,an Israelite,
H497,אֶלעָדָה,1,an Israelite,
H498,אֶלעוּזַי,1,an Israelite,
H503,אָלַף,1,to make a thousandfold,
H507,אֶלֶף,1,a place in Israel,
H509,אָלַץ,1,to press,
H510,אַלקוּם,1,H6965,
H512,אֶלקוֹשִׁי,1,an Elkoshite or native of Elkosh,
H515,אֶלתְּקוֹן,1,a place in Israel,
H522,אַמָּה,1,a hill in Israel,
H525,אָמוֹן,1,i.e. an architect (like H0542),
H532,אָמִי,1,an Israelite,
H537,אֲמֵלָל,1,languid,
H538,אֲמָם,1,a place in Israel,
H541,אָמַן,1,to take the right hand road,
H542,אָמָן,1,an expert,
H544,אוֹמֶן,1,verity,
H545,אָמנָה,1,tutelage,
H547,אוֹמְנָה,1,a column,
H555,אוֹמֶץ,1,strength,
H556,אַמצָּה,1,force,
H574,אֵמתָּנִי,1,emtaniy (em-taw-nee') adj. 1. well-loined (i.e. burly) or mighty [(Aramaic) from a root corresponding to that of H4975] KJV: terrible.  Root(s): H4975,
H588,אֲנָחֲרָת,1,a place in Israel,
H593,אֲנִיעָם,1,an Israelite,
H597,אָנַס,1,compel,
H598,אֲנַס,1,"anac (an-as') v. 1. figuratively, to distress [(Aramaic) corresponding to H597] KJV: trouble.  Root(s): H597",
H604,אֲנָקָה,1,probably the gecko (from its wail),
H608,אַנתּוּן,1,antuwn (an-toon') p/p. 1. ye [(Aramaic) plural of H607] KJV: ye.  Root(s): H607,
H610,אָסוּך,1,anointed; an oil-flask,
H619,אַסנָה,1,one of the Nethinim,
H620,אוֹסנַפַּר,1,"Ocnappar (os-nap-par') n/p. 1. Osnappar, an Assyrian king [of foreign derivation] KJV: Asnapper.",
H626,אֲסֵפָה,1,a collection of people (only adverbial),
H627,אֲסוּפָּה,1,a collection of (learned) men (only in the plural),
H628,אַספְּסוּף,1,gathered up together; a promiscuous assemblage (of people),
H630,אַספָּתָא,1,a son of Haman,
H641,אֵפוֹד,1,an Israelite,
H643,אַפֶּדֶן,1,a pavilion or palace-tent,
H647,אֲפִיַח,1,an Israelite,
H648,אָפִיל,1,unripe,
H651,אַפֵל,1,dusky,
H655,אוֹפֶן,1,a turn; a season,
H658,אֶפֶס דַּמִּים,1,a place in Israel,
H659,אֵפַע,1,(properly) a breath; nothing,
H664,אֲפֵקָה,1,a place in Israel,
H668,אַפִּריוֹן,1,a palanquin,
H670,אֲפָרְסַי,1,Apharcay (af-aw-re-sah'ee) n/p. 1. an Apherasite or inhabitant of an unknown region of Assyria [(Aramaic) of foreign origin (only in the plural)] KJV: Apharsite.,
H674,אַפְּתוֹם,1,revenue; others at the last,
H688,אֶקדָּח,1,"garnet, or other fiery gem",
H689,אַקּוֹ,1,slender; the ibex,
H690,אֲרָא,1,an Israelite,
H691,אֶראֵל,1,a hero (collectively),
H694,אֲרָב,1,a place in Israel,
H696,אוֹרֶב,1,wait,
H698,אָרֳבָה,1,ambuscades,
H700,אֲרֻבּוֹת,1,a place in Israel,
H701,אַרבִּי,1,an Arbite or native of Arab,
H706,אַרבַּעתַּיִם,1,fourfold,
H710,אַרגְּוָן,1,purple,
H715,אַרדּוֹן,1,an Israelite,
H716,אַרדִּי,1,an Ardite (collectively) or descendant of Ard,
H720,אֲרוֹד,1,an Israelite,
H725,אֲרוּמָה,1,a place in Israel,
H726,אֲרוֹמִי,1,an Edomite (as in the margin},
H731,אַרזָה,1,cedar wainscoating,
H742,אֲרִידַּי,1,a son of Haman,
H743,אֲרִידָּתָא,1,a son of Haman,
H745,אַריֵה,1,an Israelite,
H747,אֲרִיסַי,1,a son of Haman,
H749,אֲרַך,1,"arak (ar-ak') v. 1. to suit [(Aramaic) properly, corresponding to H748, but used only in the sense of reaching to a given point] KJV: be meet.  Root(s): H748",
H751,אֶרֶך,1,a place in Babylon,
H755,אַרכּוּבָה,1,arkubah (ar-koo-baw') n-f. 1. the knee [(Aramaic) from an unused root corresponding to H7392 (in the sense of bending the knee)] KJV: knee.  Root(s): H7392,
H760,אֲרַם צּוֹבָה,1,H6678,
H764,אַרמוֹנִי,1,an Israelite,
H766,אוֹרֶן,1,the ash tree (from its toughness),
H767,אוֹרֶן,1,an Israelite,
H770,אַרנָן,1,an Israelite,
H773,אַרעִיתּ,1,ar`iyth (arh-eeth') n-f. 1. the bottom [(Aramaic) feminine of H772] KJV: bottom.  Root(s): H772,
H777,אַרצָּא,1,an Israelite,
H778,אֲרַק,1,araq (ar-ak') n-f. 1. the earth [(Aramaic) by transmutation for H772] KJV: earth.  Root(s): H772,
H782,אֲרֶשֶׁת,1,a longing for,
H785,אֵשׁ,1,esh (aysh) n-f. 1. flame [(Aramaic) corresponding to H784]  Root(s): H784,
H789,אַשׁבֵּלִי,1,an Ashbelite (collectively) or descendant of Ashbel,
H791,אַשׁבֵַּע,1,an Israelite,
H793,אֶשֶׁד,1,an outpouring,
H797,אַשׁדּוֹדִיתּ,1,(only adverb) in the language of Ashdod,
H799,אֶשׁדָּת,1,H1881,
H800,אֶשָּׁה,1,fire,
H807,אֲשִׁימָא,1,a deity of Hamath,
H808,אָשִׁישׁ,1,a (ruined) foundation,
H810,אֶשֶׁך,1,a testicle (as a lump),
H820,אַשׁמָן,1,a fat-field,
H824,אֶשׁעָן,1,a place in Israel,
H828,אַשׁפְּנַז,1,a Babylonian eunuch,
H832,אֶשׁקְלוֹנִי,1,Ashkelonite (collectively) or inhabitant of Ashkelon,
H837,אוֹשֶׁר,1,happiness,
H839,אֲשׁוּר,1,the cedar tree or some other light elastic wood,
H840,אֲשַׂראֵל,1,an Israelite,
H841,אֲשַׂראֵלָה,1,an Israelite,
H843,אָשֵׁרִי,1,an Asherite (collectively) or descendant of Asher,
H844,אַשׂרִיאֵל,1,the name of two Israelites,
H845,אַשׂרִאֵלִי,1,an Asrielite (collectively) or descendant of Asriel,
H848,אֶשׁתָּאוּלִי,1,an Eshtaolite (collectively) or inhabitant of Eshtaol,
H856,אֶתבַּעַל,1,a Phoenician king,
H866,אֶתנָה,1,a present (as the price of harlotry),
H867,אֶתנִי,1,an Israelite,
H869,אֶתנַן,1,an Israelite,
H871,אֲתָרִים,1,a place near Israel,
H872,בְּאָה,1,an entrance to a building,
H873,בִּאוּשׁ,1,bi'uwsh (be-oosh') n-f. 1. wicked [(Aramaic) from H888] KJV: bad.  Root(s): H888,
H878,בְּאֵרָא,1,an Israelite,
H879,בְּאֵר אֵלִים,1,a place in the Desert,
H880,בְּאֵרָה,1,an Israelite,
H885,בְּאֵרוֹת בְּנֵי ־ יַעֲקַן,1,a place in the Desert,
H888,בְּאֵשׁ,1,b'esh (be-aysh') v. 1. displease [(Aramaic) corresponding to H887]  Root(s): H887,
H890,בָּאשָׁה,1,stink-weed or any other noxious or useless plant,
H892,בָּבָה,1,something hollowed (as a gate); pupil of the eye,
H896,בַּבלִי,1,Babliy (bab-lee') adj. 1. a Babylonian [(Aramaic) patrial from H895] KJV: Babylonia.  Root(s): H895,
H897,בַּג,1,food,
H900,בּוֹגְדוֹת,1,treacheries,
H903,בִּגתָּא,1,a eunuch of Xerxes,
H912,בֵּדְיָה,1,an Israelite,
H915,בָּדָל,1,a part,
H918,בָּדַק,1,to gap open; used only as a denominative from H919],
H920,בִּדקַר,1,an Israelite,
H921,בְּדַר,1,bdar (bed-ar') v. 1. to scatter [(Aramaic) corresponding (by transposition) to H6504] KJV: scatter.  Root(s): H6504,
H923,בַּהַט,1,white marble or perhaps alabaster,
H924,בְּהִילוּ,1,"bhiyluw (be-hee-loo') adv. 1. a hurry 2. only adverb, hastily [(Aramaic) from H927] KJV: in haste.  Root(s): H927",
H925,בָּהִיר,1,shining,
H930,בְּהֵמוֹת,1,but really a singular of Egyptian derivation],
H933,בּוֹהַק,1,white scurf,
H939,בּוּזָה,1,something scorned; an object of contempt,
H941,בּוּזִי,1,an Israelite,
H942,בַּוַּי,1,an Israelite,
H945,בּוּל,1,the eighth Hebrew month,
H946,בּוּנָה,1,an Israelite,
H949,בּוֹצֵץ,1,a rock near Michmash,
H950,בּוּקָה,1,emptiness (as adjective),
H951,בּוֹקֵר,1,H1241,
H952,בּוּר,1,to bore; (figuratively) examine,
H956,בּוּת,1,buwth (booth) v. 1. to lodge over night [(Aramaic) apparent denominative from H1005] KJV: pass the night.  Root(s): H1005,
H960,בָּזוֹה,1,scorned,
H963,בִּזָּיוֹן,1,disesteem,
H964,בִּזיוֹתיָה,1,a place in Israel,
H965,בָּזָק,1,a flash of lightning,
H968,בִּזתָּא,1,a eunuch of Xerxes,
H969,בָּחוֹן,1,an assayer or metals,
H971,בַּחִין,1,a watch-tower of besiegers,
H975,בַּחַן,1,a watch-tower,
H976,בּוֹחַן,1,trial,
H978,בַּחֲרוּמִי,1,a Bacharumite or inhabitant of Bachurim,
H984,בֶּטַח,1,a place in Syria,
H985,בִּטחָה,1,trust,
H987,בַּטּוּחוֹת,1,security,
H988,בָּטֵל,1,to desist from labor,
H991,בֶּטֶן,1,Beten. a place in Israel,
H992,בּוֹטֶן,1,(only in plural) a pistachio-nut (from its form),
H993,בְּטוֹנִים,1,hollows,
H999,בִּינָה,1,biynah (bee-naw') n-f. 1. knowledge [(Aramaic) corresponding to H998]  Root(s): H998,
H1001,בִּירָא,1,biyra' (bee-raw') n-f. 1. a palace [(Aramaic) corresponding to H1002] KJV: palace.  Root(s): H1002,
H1006,בַּיִת,1,a place in Israel,
H1009,בֵּיתּ אַרבֵּאל,1,a place in Israel,
H1011,בֵּיתּ בִּראִי,1,a place in Israel,
H1013,בֵּיתּ ־ גָּדֵר,1,a place in Israel,
H1014,בֵּיתּ גָּמוּל,1,a place East of the Jordan,
H1015,בֵּיתּ דִּבלָתַיִם,1,a place East of the Jordan,
H1017,בֵּיתּ הָאֱלִי,1,or inhabitant of Bethel,
H1018,בֵּיתּ הָאֵצֶל,1,a place in Israel,
H1019,בֵּיתּ הַגִּלגָּל,1,a place in Israel,
H1025,בֵּיתּ הָעֵמֶק,1,a place in Israel,
H1027,בֵּיתּ הָרָם,1,a place East of the Jordan,
H1028,בֵּיתּ הָרָן,1,a place East of the Jordan,
H1029,בֵּיתּ הַשִּׁטָּה,1,a place in Israel,
H1033,בֵּיתּ כַּר,1,a place in Israel,
H1034,בֵּיתּ לְבָאוֹת,1,a place in Israel,
H1036,בֵּיתּ לְעַפרָה,1,a place in Israel,
H1038,בֵּיתּ מַעֲכָה,1,a place in Israel,
H1040,בֵּיתּ עֵדֶן,1,a place in Syria,
H1041,בֵּיתּ עַזמָוֶת,1,a place in Israel,
H1042,בֵּיתּ עֲנוֹת,1,a place in Israel,
H1045,בֵּיתּ עַשׁתָּרוֹת,1,a place in Israel,
H1048,בֵּיתּ פַּצֵּץ,1,a place in Israel,
H1050,בֵּיתּ רְחוֹב,1,a place in Israel,
H1051,בֵּיתּ רָפָא,1,an Israelite,
H1054,בַּיתּ תַּפּוַּח,1,a place in Israel,
H1056,בָּכָא,1,a valley in Israel,
H1059,בֶּכֶה,1,a weeping,
H1064,בְּכוֹרַת,1,an Israelite,
H1068,בְּכִיתּ,1,a weeping,
H1070,בֶּכֶר,1,a young camel,
H1072,בִּכרָה,1,a young she-camel,
H1073,בַּכּוּרָה,1,a first- ripe fig,
H1076,בַּכרִי,1,a Bakrite (collectively) or descendants of Beker,
H1079,בָּל,1,bal (bawl) n-m. 1. (properly) anxiety 2. (by implication) the heart (as its seat) [(Aramaic) from H1080] KJV: heart.  Root(s): H1080,
H1080,בְּלָא,1,bla' (bel-aw') v. 1. to afflict [(Aramaic) corresponding to H1086 (but used only in a mental sense)] KJV: wear out.  Root(s): H1086,
H1084,בִּלגַּי,1,an Israelite,
H1088,בָּלָה,1,a place in Israel,
H1089,בָּלַה,1,to palpitate; (hence) (causatively) to terrify,
H1099,בְּלִימָה,1,H4100,
H1102,בָּלַם,1,to muzzle,
H1103,בָּלַס,1,to pinch sycamore figs (a process necessary to ripen them),
H1108,בַּלעִי,1,Belaites,
H1112,בֵּלשַׁאצַּר בֵּלאשַׁצַר,1,a Babylonian king,
H1117,בָּמָה,1,a place in Israel,
H1118,בִּמהָל,1,an Israelite,
H1122,בֵּן,1,an Israelite,
H1126,בֶּן ־ אוֹנִי,1,the original name of Benjamin,
H1132,בֶּן ־ זוֹחֵת,1,an Israelite,
H1134,בֶּן ־ חַיִל,1,an Israelite,
H1135,בֶּן ־ חָנָן,1,an Israelite,
H1139,בְּנֵי ־ בְּרַק,1,"Bene-berak, a place in Israel",
H1140,בִּניָה,1,a structure,
H1147,בִּניָן,1,binyan (bin-yawn') n-m. 1. building [(Aramaic) corresponding to H1146]  Root(s): H1146,
H1148,בְּנִינוּ,1,an Israelite,
H1149,בְּנַס,1,bnac (ben-as') v. 1. to be enraged [(Aramaic) of uncertain affinity] KJV: be angry.,
H1151,בֶּן ־ עַמִּי,1,a son of Lot,
H1152,בְּסוֹדְיָה,1,an Israelite,
H1154,בֶּסֶר,1,an immature grape,
H1164,בְּעִי,1,a prayer,
H1174,בַּעַל הָמוֹן,1,a place in Israel,
H1178,בַּעַל חָצוֹר,1,a place in Israel,
H1180,בַּעֲלִי,1,a symbolical name for Jehovah,
H1181,בַּעֲלֵי בָּמוֹת,1,a place East of the Jordan,
H1182,בְּעֶליָדָע,1,an Israelite,
H1183,בְּעַליָה,1,an Israelite,
H1184,בַּעֲלֵי יְהוּדָה,1,a place in Israel,
H1185,בַּעֲלִיס,1,an Ammonitish king,
H1190,בַּעַל שָׁלִשָׁה,1,"Baal-Shalishah, a place in Israel",
H1192,בַּעֲלַת בְּאֵר,1,a place in Israel,
H1193,בַּעַל תָּמָר,1,a place in Israel,
H1194,בְּעוֹן,1,a place East of the Jordan,
H1199,בָּעֲרָא,1,brutish,
H1200,בְּעֵרָה,1,a burning,
H1202,בַּעֲשֵׂיָה,1,an Israelite,
H1203,בְּעֶשׁתְּרָה,1,a place East of the Jordan,
H1206,בּוֹץ,1,mud (as whitish clay),
H1208,בָּצוֹר,1,inaccessible; lofty,
H1211,בֶּצֶל,1,an onion,
H1222,בְּצַר,1,gold,
H1223,בָּצרָה,1,an enclosure; sheep fold,
H1225,בִּצָּרוֹן,1,a fortress,
H1230,בַּקבַּקַּר,1,an Israelite,
H1236,בִּקעָא,1,biq`a' (bik-aw') n-f. 1. plain [(Aramaic) corresponding to H1237]  Root(s): H1237,
H1243,בַּקָּרָה,1,a looking after,
H1244,בִּקּוֹרֶת,1,(properly) examination; (by implication) punishment,
H1253,בּוֹר,1,or a flux for metals,
H1255,בְּרוֹאדַּך בַּלאֲדָן,1,a Babylonian king,
H1256,בְּרָאיָה,1,an Israelite,
H1257,בַּרבּוּר,1,a fowl (as fattened on grain),
H1258,בָּרַד,1,to hail],
H1264,בְּרוֹם,1,damask (stuff of variegated thread),
H1266,בְּרוֹת,1,the cypress (or some elastic tree),
H1267,בָּרוּת,1,food,
H1269,בִּרזוֹת,1,an Israelite,
H1273,בַּרחוּמִי,1,or native of Bachurim,
H1274,בְּרִי,1,fat,
H1275,בֵּרִי,1,an Israelite,
H1276,בֵּרִי,1,a place in Israel,
H1278,בְּרִיאָה,1,a creation; a novelty,
H1282,בָּרִיַח,1,an Israelite,
H1284,בְּרִיעִי,1,a Beriite (collectively) or descendants of Beriah,
H1286,בְּרִיתּ,1,a Shechemitish deity,
H1291,בֶּרֶך,1,berek (beh'-rek) n-f. 1. knee [(Aramaic) corresponding to H1290]  Root(s): H1290,
H1298,בֶּרַע,1,a Sodomitish king,
H1299,בָּרַק,1,to lighten (lightning),
H1306,בִּרשַׁע,1,a king of Gomorrah,
H1307,בֵּרוֹתִי,1,or inhabitant of Berothai,
H1312,בִּשׁלָם,1,a Persian,
H1313,בָּשָׂם,1,the balsam plant,
H1317,בָּשׁנָה,1,shamefulness,
H1318,בָּשַׁס,1,to trample down,
H1326,בָּתָה,1,desolation,
H1327,בַּתּתָּה,1,desolation,
H1329,בְּתוּל,1,a place in Israel,
H1332,בִּתיָה,1,an Egyptian woman,
H1333,בָּתַק,1,to cut in pieces,
H1336,בֶּתֶר,1,a (craggy) place in Israel,
H1337,בַּת רַבִּים,1,H7227,
H1338,בִּתרוֹן,1,a place East of the Jordan,
H1341,גֵּא,1,haughty,
H1344,גֵּאָה,1,arrogance,
H1345,גְּאוּאֵל,1,an Israelite,
H1349,גַּאֲיוֹן,1,haughty,
H1352,גּוֹאֶל,1,profanation,
H1357,גֵּב,1,a locust (from its cutting),
H1371,גִּבֵַּח,1,bald in the forehead,
H1373,גַּבַּי,1,an Israelite,
H1374,גֵּבִים,1,a place in Israel,
H1378,גָּבִישׁ,1,crystal (from its resemblance to ice),
H1380,גְּבַל,1,a place in Phoenicia,
H1381,גְּבָל,1,a region in Idumaea,
H1384,גִּבֵּן,1,hunch-backed,
H1385,גְּבִנָה,1,curdled milk,
H1392,גִּבעוֹל,1,the calyx of a flower,
H1394,גִּבעַת,1,hilliness; Gibath,
H1395,גִּבעָתִי,1,or inhabitant of Gibath,
H1398,גֶּבֶר,1,the name of two Israelites,
H1399,גְּבַר,1,the same as H1397],
H1401,גִּבָּר,1,"gibbar (ghib-bawr') n-m. 1. valiant, or warrior [(Aramaic) intensive of H1400] KJV: mighty.  Root(s): H1400",
H1402,גִּבָּר,1,an Israelite,
H1408,גַּד,1,a Babylonian deity,
H1409,גָּד,1,fortune,
H1418,גְּדוּדָה,1,an incision,
H1422,גְּדוּפָה,1,a revilement,
H1426,גַּדִּי,1,an Israelite,
H1427,גַּדִּיאֵל,1,an Israelite,
H1428,גִּדיָה גַּדיָה,1,a river brink,
H1429,גְּדִיָה,1,a young female goat,
H1440,גִּדעוֹם,1,a place in Israel,
H1445,גֶּדֶר,1,a place in Israel,
H1451,גְּדֵרִי,1,or inhabitant of Geder,
H1452,גְּדֵרָתִי,1,or inhabitant of Gederah,
H1453,גְּדֵרוֹתַיִם,1,a place in Israel,
H1454,גֵּה,1,this,
H1455,גָּהָה,1,to remove (a bandage from a wound); to cure,
H1456,גֵּהָה,1,a cure,
H1461,גּוּב,1,to dig,
H1465,גֵּוָה,1,the back; (by extensive) the person,
H1467,גֵּוָה,1,gevah (gay-vaw') n-f. 1. pride [(Aramaic) corresponding to H1466]  Root(s): H1466,
H1475,גּוּמָּץ,1,a pit,
H1477,גּוּנִי,1,a Gunite (collectively with article prefix) or descendants of Guni,
H1479,גּוּף,1,(properly) to hollow or arch; (figuratively) close; to shut,
H1483,גּוּר,1,a place in Israel,
H1485,גּוּר ־ בַּעַל,1,a place in Arabia,
H1487,גּוּשׁ גִּישׁ,1,a mass of earth,
H1489,גִּזבָּר,1,treasurer,
H1490,גִּזבָּר,1,gizbar (ghiz-bawr') n-m. 1. treasurer [(Aramaic) corresponding to H1489]  Root(s): H1489,
H1491,גָּזָה,1,i.e. portion out,
H1493,גִּזוֹנִי,1,a Gizonite or inhabitant of Gizoh,
H1509,גְּזֵרָה,1,a desert (as separated),
H1511,גִּזרִי גִּרזִי,1,a Grizite (collectively) or member of a native tribe in Israel,
H1514,גַּחַם,1,a son of Nahor,
H1519,גִּיַח גּוַּח,1,giyach (ghee'-akh) ((Aramaic) or (shortened) guwach (Aramaic) {goo'- akh}) v. 1. to rush forth [corresponding to H1518] KJV: strive.  Root(s): H1518,
H1520,גִּיַח,1,a place in Israel,
H1528,גִּיר,1,giyr (gheer) n-m. 1. lime [(Aramaic) corresponding to H1615] KJV: plaster.  Root(s): H1615,
H1529,גֵּישָׁן,1,an Israelite,
H1531,גּוֹל,1,a cup for oil (as round),
H1532,גַּלָּב,1,a barber,
H1535,גַּלגַּל,1,galgal (gal-gal') n-m. 1. a wheel [(Aramaic) corresponding to H1534] KJV: wheel.  Root(s): H1534,
H1536,גִּלגָּל,1,wheel,
H1539,גֶּלֶר,1,the (human) skin (as smooth),
H1545,גְּלוֹם,1,clothing (as wrapped),
H1553,גְּלִילוֹת,1,a place in Israel,
H1557,גָּלָל,1,dung (as in balls),
H1562,גִּלֲלַי,1,an Israelite,
H1563,גָּלַם,1,to fold,
H1564,גּוֹלֶם,1,i.e. as the embryo),
H1574,גּוֹמֶד,1,(properly) a span,
H1575,גַּמָּד,1,a warrior (as grasping weapons),
H1577,גָּמוּל,1,an Israelite,
H1579,גִּמזוֹ,1,a place in Israel,
H1582,גְּמַלִּי,1,an Israelite,
H1585,גְּמַר,1,gmar (ghem-ar') v. 1. perfect [(Aramaic) corresponding to H1584]  Root(s): H1584,
H1597,גִּנזַך,1,a treasury,
H1601,גּוֹעָה,1,a place near Jerusalem,
H1604,גּוֹעַל,1,abhorrence,
H1613,גּוֹפֶר,1,apparently the cypress,
H1615,גִּר,1,lime (from being burned in a kiln),
H1620,גַּרגַּר,1,a berry (as if a pellet of rumination),
H1623,גָּרַד,1,to abrade,
H1628,גֵּרוּת,1,a (temporary) residence,
H1629,גָּרַז,1,to cut off,
H1632,גָּרוֹל,1,harsh,
H1635,גֶּרֶם,1,gerem (gheh'-rem) n-m. 1. a bone [(Aramaic) corresponding to H1634] KJV: bone.  Root(s): H1634,
H1636,גַּרמִי,1,i.e. strong,
H1640,גָּרַף,1,to bear off violently,
H1645,גֶּרֶשׁ,1,produce (as if expelled),
H1646,גְּרוּשָׁה,1,(abstractly) dispossession,
H1652,גָּשַׁם,1,to shower violently,
H1656,גּוֹשֶׁם,1,equivalent to H1653,
H1658,גִּשׁפָּא,1,an Israelite,
H1670,דְּאָבָה,1,fear,
H1671,דְּאָבוֹן,1,pining,
H1676,דָּאָה,1,the kite (from its rapid flight),
H1678,דּוֹב,1,dob (dobe) n-m. 1. bear [(Aramaic) corresponding to H1677]  Root(s): H1677,
H1679,דּוֹבֶא,1,i.e. restful)],
H1680,דָּבַב,1,i.e. glide,
H1684,דְּבַח,1,dbach (deb-akh') v. 1. to sacrifice (an animal) [(Aramaic) corresponding to H2076] KJV: offer (sacrifice).  Root(s): H2076,
H1685,דְּבַח,1,dbach (deb-akh') n-m. 1. a sacrifice [(Aramaic) from H1684] KJV: sacrifice.  Root(s): H1684,
H1686,דִּביוֹן חֶריוֹן,1,"probably some cheap vegetable, perhaps a bulbous root",
H1689,דִּבלָה,1,a place in Syria,
H1691,דִּבלַיִם,1,a symbolic name,
H1693,דְּבַק,1,dbaq (deb-ak') v. 1. to stick to [(Aramaic) corresponding to H1692] KJV: cleave.  Root(s): H1692,
H1702,דּוֹבְרָה,1,a raft,
H1703,דַּבָּרָה,1,a word,
H1704,דִּברִי,1,an Israelite,
H1707,דַּבֶּשֶׁת,1,i.e. the hump of a camel,
H1708,דַּבֶּשֶׁת,1,a place in Israel,
H1711,דָּגָה,1,i.e. become numerous,
H1720,דְּדָנִים,1,the descendants or inhabitants of Dedan,
H1723,דַּהֲוָא,1,"Dahava` (dah-hav-aw') n/g. 1. Dahava, a people colonized in Samaria [(Aramaic) of uncertain derivation] KJV: Dehavites.",
H1724,דָּהַם,1,i.e. (figuratively) dumbfounded,
H1725,דָּהַר,1,to curvet or move irregularly,
H1727,דּוּב,1,i.e. (figuratively) pine,
H1729,דּוּגָה,1,i.e. a hook for fishing,
H1735,דּוֹדָוָהוּ,1,an Israelite,
H1737,דּוֹדַי,1,an Israelite,
H1738,דָּוָה,1,to be sick (as if in menstruation),
H1743,דּוּך,1,to bruise in a mortar,
H1750,דּוּץ,1,to leap,
H1751,דּוּק,1,duwq (dook) v. 1. to crumble [(Aramaic) corresponding to H1854] KJV: be broken to pieces.  Root(s): H1854,
H1752,דּוּר,1,i.e. to remain,
H1757,דּוּרָא,1,"Duwra' (doo-raw') n/l. 1. circle or dwelling 2. Dura, a place in Babylonia [(Aramaic) probably from H1753] KJV: Dura.  Root(s): H1753",
H1759,דּוּשׁ,1,duwsh (doosh) v. 1. to trample [(Aramaic) corresponding to H1758] KJV: tread down.  Root(s): H1758,
H1761,דַּחֲוָה,1,dachavah (dakh-av-aw') n-f. 1. probably a musical instrument (as being struck) [(Aramaic) from the equivalent of H1760] KJV: instrument of music.  Root(s): H1760,
H1764,דּוֹחַן,1,millet,
H1770,דִּיגּ,1,to fish,
H1773,דְּיוֹ,1,ink,
H1774,דִּי זָהָב,1,a place in the Desert,
H1776,דִּימוֹנָה,1,a place in Israel,
H1778,דִּין,1,diyn (deen) v. 1. to judge [(Aramaic) corresp. to H1777] KJV: judge.  Root(s): H1777,
H1782,דַּיָן,1,"dayan , (dah-yawn') n-m. 1. judge [(Aramaic) corresp. to H1781]  Root(s): H1781",
H1784,דִּינַי,1,Diynay (dee-nah'-ee) n/p. 1. a Dinaite or inhabitant of some unknown Assyria province [(Aramaic) partial from uncertain primitive] KJV: Dinaite.,
H1786,דַּיִשׁ,1,threshing-time,
H1788,דִּישׁוֹן,1,i.e. an antelope,
H1795,דַּכָּה,1,H1793,
H1796,דֳּכִי,1,a dashing of surf,
H1810,דִּלעָן,1,a place in Israel,
H1813,דַּלפוֹן,1,a son of Haman,
H1815,דְּלַק,1,dlaq (del-ak') v. 1. burn [(Aramaic) corresponding to H1814]  Root(s): H1814,
H1816,דַּלֶּקֶת,1,a burning fever,
H1822,דּוּמָּה,1,desolation; (concretely) desolate,
H1825,דִּמיוֹן,1,resemblance,
H1829,דִּמנָה,1,a place in Israel,
H1831,דֶּמַע,1,a tear; (figuratively) juice,
H1833,דְּמֶשֶׁק,1,damask (as a fabric of Damascus),
H1837,דַּנָּה,1,a place in Israel,
H1842,דָּן יַעַן,1,a place in Israel,
H1848,דָּפִי,1,a stumbling-block,
H1852,דּוֹק,1,i.e. fine (as a thin cloth),
H1857,דֶּקֶר,1,an Israelite,
H1858,דַּר,1,"pearl-stone, i.e. mother-of-pearl or alabaster",
H1862,דַּרדַּע,1,an Israelite,
H1872,דְּרַע,1,dra` (der-aw') n-f. 1. an arm [(Aramaic) corresponding to H2220] KJV: arm.  Root(s): H2220,
H1873,דָּרַע,1,an Israelite,
H1890,הַבהָב,1,i.e. holocaust,
H1894,הוֹבֶן,1,from an unused root meaning to be hard],
H1895,הָבַר,1,to be a horoscopist,
H1900,הָגוּת,1,musing,
H1903,הָגִין,1,perhaps suitable or turning,
H1906,הֵד,1,a shout,
H1910,הֲדַדרִמּוֹן,1,a place in Israel,
H1911,הָדָה,1,to stretch forth the hand,
H1914,הִדַּי,1,an Israelite,
H1915,הָדַך,1,to crush with the foot,
H1919,הֲדַסָּה,1,Hadassah (or Esther),
H1924,הֲדַר,1,an Edomite,
H1925,הֶדֶר,1,honour; used (figuratively) for the capital city (Jerusalem),
H1929,הָהּ,1,ah! expressing grief,
H1936,הוֹד,1,an Israelite,
H1939,הוֹדַיְוָהוּ,1,an Israelite,
H1944,הוֹהָם,1,a Canaanitish king,
H1948,הוֹלֵלוּת,1,folly,
H1950,הוֹמָם,1,an Edomitish chieftain,
H1951,הוּן,1,"i.e. (figuratively) to be (causatively, act) light",
H1953,הוֹשָׁמָע,1,an Israelite,
H1957,הָזָה,1,to dream,
H1958,הִי,1,H1932.),
H1960,הוּיְדָה,1,i.e. a choir of singers,
H1962,הַיָה,1,ruin,
H1966,הֵילֵל,1,the morning-star,
H1967,הֵימָם,1,an Idumaean,
H1970,הָכַר,1,apparently to injure,
H1971,הַכָּרָה,1,i.e. partiality,
H1972,הָלָא,1,to remove or be remote,
H1977,הַלֵּזוּ,1,that,
H1978,הָלִיכּ,1,a walk; (by implication) a step,
H1987,הֶלֶם,1,the name of two Israelites,
H1989,הַלמוּת,1,a hammer (or mallet),
H1990,הָם,1,a region of Israel,
H1991,הֵם,1,i.e. wealth,
H1997,הֲמוֹנָה,1,the same as H1996,
H1998,הֶמיָה,1,sound,
H2003,הָמָס,1,a dry twig or brushwood,
H2010,הֲנָחָה,1,i.e. quiet,
H2014,הֲפוּגָה,1,relaxation,
H2017,הוֹפֶך,1,i.e. (abstract) perversity,
H2018,הֲפֵכָה,1,destruction,
H2019,הֲפַכפַּך,1,very perverse,
H2020,הַצָּלָה,1,rescue,
H2021,הוֹצֶן,1,a weapon of war,
H2024,הָרָא,1,a region of Media,
H2025,הַראֵל,1,H410,
H2031,הַרהוֹר,1,harhor (har-hor') n-m. 1. a mental conception [(Aramaic) from a root corresponding to H2029] KJV: thought.  Root(s): H2029,
H2033,הֲרוֹרִי,1,a Harorite or mountaineer,
H2034,הֲרִיסָה,1,something demolished,
H2035,הֲרִיסוּת,1,demolition,
H2036,הוֹרָם,1,a Canaanitish king,
H2037,הָרוּם,1,an Israelite,
H2038,הַרמוֹן,1,a castle (from its height),
H2041,הֶרֶס,1,demolition,
H2044,הָשֵׁם,1,an Israelite,
H2045,הַשׁמָעוּת,1,announcement,
H2046,הִתּתּוּך,1,a melting,
H2049,הָתוֹל,1,a derision,
H2050,הָתַת,1,i.e. to assail,
H2051,וְדָן,1,a place in Arabia,
H2052,וָהֵב,1,a place in Moab,
H2054,וָזָר,1,crime,
H2055,וַיְזָתָא,1,a son of Haman,
H2056,וָלָד,1,a boy,
H2057,וַניָה,1,an Israelite,
H2058,וָפסִי,1,an &Š Israelite,
H2059,וַשׁנִי,1,an Israelite,
H2064,זָבַד,1,to confer,
H2065,זֶבֶד,1,a gift,
H2071,זָבוּד,1,"Zabud, an Israelite",
H2072,זַבּוּד,1,"Zabbuwd (zab-bood') n/p. 1. given 2. Zabbud, an Israelite [a form of H2071] KJV: Zabbud.  Root(s): H2071",
H2080,זְבִידָּה,1,an Israelitess,
H2081,זְבִינָא,1,an Israelite,
H2082,זָבַל,1,"to inclose, i.e. to reside",
H2084,זְבַן,1,zban (zeb-an') v. 1. to acquire by purchase [(Aramaic) corresponding to the root of H2081] KJV: gain.  Root(s): H2081,
H2085,זָג,1,the skin of a grape,
H2089,זֶה,1,a sheep,
H2092,זָהַם,1,i.e. (transitively) to loathe,
H2093,זַהַם,1,an Israelite,
H2095,זְהַר,1,zhar (zeh-har') v. 1. (passively) be admonished [(Aramaic) corresponding to H2094] KJV: take heed.  Root(s): H2094,
H2097,זוֹ,1,this.,
H2103,זוּד,1,zuwd (zood) v. 1. to be proud [(Aramaic) corresponding to H2102] KJV: in pride.  Root(s): H2102,
H2104,זוּזִים,1,an aboriginal tribe of Israel,
H2105,זוֹחֵת,1,an Israelite,
H2109,זוּן,1,"to be plump, i.e. (transitively) to nourish",
H2110,זוּן,1,zuwn (zoon) v. 1. feed [(Aramaic) corresponding to H2109]  Root(s): H2109,
H2116,זוּרֶה,1,trodden on,
H2117,זָזָא,1,an Israelite,
H2120,זוֹחֶלֶת,1,a boundary stone in. Israel,
H2121,זֵידּוֹן,1,i.e. wave,
H2125,זִיזָה,1,an Israelite,
H2126,זִינָא,1,an Israelite,
H2127,זִיַע,1,an Israelite,
H2129,זִיפָה,1,an Israelite,
H2133,זֵיתָּן,1,an Israelite,
H2136,זָכוּ,1,zakuw (zaw-koo') n-f. 1. purity [(Aramaic) from a root corresponding to H2135] KJV: innocency.  Root(s): H2135,
H2137,זְכוּכִיתּ,1,i.e. glass,
H2144,זֶכֶר,1,an Israelite,
H2149,זוּלּוּת,1,i.e. perhaps a tempest,
H2150,זַלזַל,1,i.e. a twig,
H2157,זַמזוֹם,1,or native tribe of Israel,
H2159,זָמִיר,1,a twig (as pruned),
H2160,זְמִירָה,1,an Israelite,
H2162,זָמָם,1,a plot,
H2164,זְמַן,1,zman (zem-an') v. 1. to agree (on a time and place) [(Aramaic) corresponding to H2163] KJV: prepare.  Root(s): H2163,
H2169,זֶמֶר,1,H2168,
H2171,זַמָּר,1,zammar (zam-mawr') n-m. 1. an instrumental musician [(Aramaic) from the same as H2170] KJV: singer.  Root(s): H2170,
H2173,זִמרָה,1,pruned (i.e. choice) fruit,
H2187,זָנַק,1,i.e. to spring forward,
H2188,זֵעָה,1,H3154,
H2192,זְעֵיר,1,z`eyr (zeh-ayr') adj. 1. little [(Aramaic) corresponding to H2191]  Root(s): H2191,
H2193,זָעַך,1,to extinguish,
H2200,זְעִק,1,z`iq (zek'-eek) v. 1. to make an outcry [(Aramaic) corresponding to H2199] KJV: cry.  Root(s): H2199,
H2202,זִפרוֹן,1,a place in Israel,
H2207,זוֹקֶן,1,old age,
H2211,זְקַף,1,"zqaph (zek-af') v. 1. to hang, i.e. impale [(Aramaic) corresponding to H2210] KJV: set up.  Root(s): H2210",
H2214,זָרָא,1,disgust,
H2215,זָרַב,1,to flow away,
H2217,זְרוּבָּבֶל,1,Zrubbabel (zer-oob-baw-bel') n/p. 1. Zerubbabel [(Aramaic) corresponding to H2216]  Root(s): H2216,
H2222,זַרזִיף,1,a pouring rain,
H2223,זַרזִיר,1,"i.e. probably a racer, or some fleet animal (as being slender in the waist)",
H2225,זֶרַח,1,a rising of light,
H2234,זְרַע,1,zra` (zer-ah') n-m. 1. posterity [(Aramaic) corresponding to H2233] KJV: seed.  Root(s): H2233,
H2237,זָרַר,1,i.e. (specifically) to sneeze,
H2242,זֵתַר,1,a eunuch of Xerxes,
H2243,חוֹב,1,i.e. the bosom,
H2245,חָבַב,1,i.e. to cherish (with affection),
H2248,חֲבוּלָה,1,"chabuwlah (khab-oo-law') n-m. 1. (properly) overthrown, i.e. (morally) crime [(Aramaic) from H2255] KJV: hurt.  Root(s): H2255",
H2253,חֶביוֹן,1,a concealment,
H2260,חִבֵּל,1,a mast,
H2262,חֲבַצַּניָה,1,a Rechabite,
H2271,חַבָּר,1,a partner,
H2272,חֲבַרבּוּרָה,1,as on the tiger,
H2273,חַברָה,1,chabrah (khab-raw') n-f. 1. an associate [(Aramaic) feminine of H2269] KJV: other.  Root(s): H2269,
H2274,חֶברָה,1,association,
H2277,חֶברִי,1,a Chebrite (collectively) or descendants of Cheber,
H2278,חֲבֶרֶת,1,a consort,
H2281,חָבֵת,1,probably a griddle-cake,
H2283,חָגָא,1,i.e. (figuratively) fear,
H2285,חָגָב,1,one of the Nethinim,
H2293,חַגִּיָה,1,an Israelite,
H2297,חַד,1,one,
H2303,חַדּוּד,1,a point,
H2305,חֶדוָה,1,chedvah (khed-vaw') n-f. 1. joy [(Aramaic) corresponding to H2304]  Root(s): H2304,
H2306,חֲדִי,1,chadiy (khad-ee') n-m. 1. a breast [(Aramaic) corresponding to H2373] KJV: breast.  Root(s): H2373,
H2309,חֶדֶל,1,i.e. the state of the dead,
H2311,חַדלַי,1,an Israelite,
H2314,חָדַר,1,"i.e. (by analogy,) to beset (as in a siege)",
H2316,חֲדַר,1,an Ishmaelite,
H2317,חַדרָך,1,a Syrian deity,
H2321,חוֹדֶשׁ,1,an Israelitess,
H2322,חֲדָשָׁה,1,a place in Israel,
H2323,חֲדָת,1,chadath (khad-ath') adj. 1. new [(Aramaic) corresponding to H2319] KJV: new.  Root(s): H2319,
H2325,חוּב חָיַב,1,(by implication) to forfeit,
H2326,חוֹב,1,debt,
H2327,חוֹבָה,1,a place in Syria,
H2328,חוּג,1,to describe a circle,
H2335,חוֹזַי,1,an Israelite,
H2337,חָוָח,1,a dell or crevice (as if pierced in the earth),
H2338,חוּט,1,"chuwt (khoot) v. 1. to string together, i.e. (figuratively) to repair [(Aramaic) corresponding to the root of H2339, perhaps as a denominative] KJV: join.  Root(s): H2339",
H2349,חוּפָם,1,protection,
H2350,חוּפָמִי,1,a Chuphamite or descendant of Chupham,
H2352,חוּר חוּר,1,the crevice of a serpent; the cell of a prison,
H2355,חוֹר,1,white linen,
H2357,חָרַר,1,to blanch (as with shame),
H2358,חִוָּר,1,chivvar (khiv-vawr') adj. 1. white [(Aramaic) from a root corresponding to H2357] KJV: white.  Root(s): H2357,
H2359,חוּרִי,1,an Israelite,
H2360,חוּרַי,1,an Israelite,
H2364,חוּשָׁה,1,an Israelite,
H2375,חֲזוֹ,1,a nephew of Abraham,
H2378,חָזוֹת,1,a revelation,
H2381,חֲזִיאֵל,1,a Levite,
H2382,חֲזָיָה,1,an Israelite,
H2383,חֶזיוֹן,1,a Syrian,
H2391,חֵזֶק,1,help,
H2395,חִזקִי,1,an Israelite,
H2402,חַטָּאָה,1,"chatta'ah (khat-taw-aw') n-f. 1. an offence, and the penalty or sacrifice for it [(Aramaic) corresponding to H2401] KJV: sin (offering).  Root(s): H2401",
H2405,חֲטוּבָה,1,(properly) a carving; (hence) a tapestry (as figured),
H2408,חֲטִי,1,chatiy (khat-ee') n-m. 1. an offence [(Aramaic) from a root corresponding to H2398] KJV: sin.  Root(s): H2398,
H2409,חַטָּיָא,1,chattaya' (khat-taw-yaw') n-f. 1. an expiation [(Aramaic) from the same as H2408] KJV: sin offering.  Root(s): H2408,
H2413,חָטַם,1,to stop,
H2419,חִיאֵל,1,an Israelite,
H2422,חָיֶה,1,vigorous,
H2424,חַיוּת,1,life,
H2430,חֵילָה,1,an intrenchment,
H2432,חִילֵן,1,a place in Israel,
H2433,חִין,1,beauty,
H2434,חַיִץ,1,a wall,
H2439,חִישׁ,1,to hurry,
H2440,חִישׁ,1,(properly) a hurry; hence (adverb) quickly,
H2447,חַכלִיל,1,brilliant (as stimulated by wine),
H2448,חַכלִלוּת,1,blearedness,
H2456,חָלָא,1,to be sick,
H2460,חֵלֶב,1,an Israelite,
H2462,חֶלבָּה,1,fertility,
H2463,חֶלבּוֹן,1,a place in Syria,
H2464,חֶלבְּנָה,1,an odorous gum (as if fatty),
H2466,חֵלֶד,1,an Israelite,
H2467,חוֹלֶד,1,a weasel (from its gliding motion),
H2475,חֲלוֹף,1,(properly) surviving; (by implication) (collectively) orphans,
H2476,חֲלוּשָׁה,1,defeat,
H2478,חַלחוּל,1,a place in Israel,
H2480,חָלַט,1,to snatch at,
H2482,חֲלִי,1,a place in Israel,
H2484,חֶליָה,1,a trinket,
H2494,חֵלֶם,1,an Israelite,
H2495,חַלָּמוּת,1,probably purslain,
H2501,חֶלֶף,1,a place in Israel,
H2511,חַלָּק,1,smooth,
H2512,חַלּוּק,1,smooth,
H2514,חֲלַקָּה,1,flattery,
H2515,חֲלוּקָּה,1,a distribution,
H2516,חֶלקִי,1,a Chelkite or descendant of Chelek,
H2517,חֶלקַי,1,an Israelite,
H2521,חֶלקַת הַצּוּרִים,1,a place in Israel,
H2523,חַלָּשׁ,1,frail,
H2533,חֶמדָּן,1,an Idumaean,
H2536,חַמּוּאֵל,1,an Israelite,
H2539,חָמוּלִי,1,Hamulites,
H2541,חָמוֹץ,1,(properly) violent; (by implication) a robber,
H2542,חַמּוּק,1,i.e. drawers,
H2546,חוֹמֶט,1,to lie low],
H2547,חוּמטָּה,1,a place in Israel,
H2548,חָמִיצּ,1,i.e. salt provender,
H2561,חֶמֶר,1,red wine.,
H2565,חֲמוֹרָה,1,a heap,
H2566,חַמרָן,1,an Idumaean,
H2567,חָמַשׁ,1,to tax a fifth,
H2569,חוֹמֶשׁ,1,a fifth tax,
H2576,חַמּוֹת דּוֹאר,1,a place in Israel,
H2578,חֲמַת צּוֹבָה,1,"H6678, H2574",
H2579,חֲמַת רַבָּה,1,H7237,
H2581,חֵן,1,a figurative name for an Israelite,
H2588,חָנוּת,1,(properly) a vault or cell (with an arch); (by implication) a prison,
H2589,חַנּוֹת,1,intreated.,
H2593,חָנִיכּ,1,initiated; i.e. practiced,
H2594,חֲנִינָה,1,graciousness,
H2599,חֲנוֹכִי,1,a Chanokite (collectively) or descendants of Chanok,
H2602,חֲנָמָל,1,perhaps the aphis or plantlouse,
H2609,חָנֵס,1,a place in Egypt,
H2612,חוֹנֶף,1,i.e. wickedness,
H2613,חֲנוּפָה,1,impiety,
H2615,חַנָּתוֹן,1,a place in Israel,
H2618,חֶסֶד,1,an Israelite,
H2619,חֲסַדיָה,1,H3050,
H2622,חָסוּת,1,confidence,
H2626,חֲסִין,1,(properly) firm; (by implication) mighty,
H2627,חַסִּיר,1,chacciyr (khas-seer') adj. 1. deficient [(Aramaic) from a root corresponding to H2637] KJV: wanting.  Root(s): H2637,
H2628,חָסַל,1,to eat off,
H2630,חָסַן,1,(properly) to (be) compact; (by implication) to hoard,
H2636,חַספַּס,1,a shred or scale,
H2641,חַסרָה,1,an Israelite,
H2642,חֶסרוֹן,1,deficiency,
H2643,חַף,1,pure,
H2644,חָפָא,1,i.e. (in a sinister sense) to act covertly,
H2647,חוּפָּה,1,an Israelite,
H2653,חָפַף,1,H3182,
H2661,חֲפוֹר חַפַרפֵּרָה,1,i.e. probably a rat,
H2662,חֶפרִי,1,a Chephrite (collectively) or descendants of Chepher,
H2663,חֲפָרַיִם,1,a place in Israel,
H2665,חֵפֶשׂ,1,i.e. a trick,
H2666,חָפַשׁ,1,to spread loose; (figuratively) to manumit,
H2667,חוֹפֶשׁ,1,i.e. a carpet,
H2668,חוּפשָׁה,1,liberty (from slavery),
H2675,חָצוֹר חֲדַתּתָּה,1,a place in Israel,
H2679,חֲצִי הַמנוּחוֹת,1,an Israelite,
H2680,חֲצִי הַמְּנַחתִּי,1,a Chatsi-ham-Menachtite or descendant of Chatsi-ham-Menuchoth,
H2681,חָצִיר,1,a court or abode,
H2683,חֵצֶן,1,the bosom (as comprised between the arms),
H2692,חֲצַר אַדָּר,1,a place in Israel,
H2693,חֲצַר גַּדָּה,1,a place in Israel,
H2694,חֲצַר הַתּתִּיכּוֹן,1,a place in Israel,
H2699,חֲצֵרִים,1,a place in Israel,
H2701,חֲצַר סוּסָה,1,a place in Israel,
H2702,חֲצַר סוּסִים,1,a place in Israel,
H2703,חֲצַר עֵינוֹן,1,a place in Israel,
H2716,חֶרֶא חֲרִי,1,excrement; -dung,
H2718,חֲרַב,1,charab (khar-ab') v. 1. to demolish [(Aramaic) a root corresponding to H2717] KJV: destroy.  Root(s): H2717,
H2725,חֲרָבוֹן,1,parching heat,
H2727,חָרַג,1,(properly) to leap suddenly; (by implication) to be dismayed,
H2728,חָרגּוֹל,1,i.e. a locust,
H2736,חַרהֲיָה,1,an Israelite,
H2737,חָרוּז,1,"i.e. a bead of pearl, gems or jewels (as strung)",
H2739,חֲרוּמַף,1,an Israelite,
H2743,חָרוּץ,1,an Israelite,
H2745,חַרחַס,1,an Israelite,
H2746,חַרחוּר,1,fever (as hot),
H2751,חוֹרִי,1,white bread,
H2759,חֲרִישִׁי,1,"i.e. sultry (as feminine noun, the sirocco or hot east wind)",
H2760,חָרַך,1,to braid (i.e. to entangle or snare) or catch (game) in a net,
H2761,חֲרַך,1,charak (khar-ak') v. 1. to scorch [(Aramaic) a root probably allied to the equivalent of H2787] KJV: singe.  Root(s): H2787,
H2762,חֶרֶך,1,i.e. (by analogy) lattice,
H2765,חֳרֵם,1,a place in Israel,
H2769,חֶרמוֹנִים,1,i.e. its peaks,
H2774,חַרנֶפֶר,1,an Israelite,
H2776,חֶרֶס,1,a mountain in Israel,
H2777,חַרסוּת,1,a potsherd; (by implication) a pottery; the name of a gate at Jerusalem,
H2780,חָרֵף,1,an Israelite,
H2783,חֲרַץ,1,charats (khar-ats') n-f. 1. the loin (as the seat of strength) [(Aramaic) from a root corresponding to H2782 in the sense of vigor] KJV: loin.  Root(s): H2782,
H2785,חַרצַּן,1,a sour grape (as sharp in taste),
H2788,חָרֵר,1,arid,
H2791,חֶרֶשׁ,1,secretly.,
H2792,חֶרֶשׁ,1,a Levite,
H2794,חוֹרֵשׁ,1,a fabricator or mechanic,
H2798,חֲרָשִׁים,1,the name of a valley in Jerusalem,
H2801,חָרַת,1,to engrave,
H2802,חֶרֶת,1,a thicket in Israel,
H2804,חֲשַׁב,1,chashab (khash-ab') v. 1. to regard [(Aramaic) corresponding to H2803] KJV: repute.  Root(s): H2803,
H2806,חַשׁבַּדָּנָה,1,an Israelite,
H2807,חֲשׁוּבָה,1,an Israelite,
H2812,חֲשַׁבנָה,1,an Israelite,
H2816,חֲשׁוֹך,1,chashowk (khash-oke') n-m. 1. the dark [(Aramaic) from a root corresponding to H2821] KJV: darkness.  Root(s): H2821,
H2819,חַשׁחוּת,1,necessity,
H2823,חָשׁוֹך,1,i.e. obscure),
H2824,חֶשׁכָּה,1,darkness,
H2826,חָשַׁל,1,i.e. weak,
H2827,חֲשַׁל,1,"chashal (khash-al') v. 1. to weaken, i.e. crush [(Aramaic) a root corresponding to H2826] KJV: subdue.  Root(s): H2826",
H2829,חֶשׁמוֹן,1,a place in Israel,
H2831,חַשׁמַן,1,apparently wealthy,
H2835,חָשִׂף,1,(hence) a small company (as divided from the rest),
H2839,חִשּׁוּק,1,i.e. a wheel-spoke or rod connecting the hub with the rim,
H2840,חִשּׁוּר,1,i.e. the nave or hub of a wheel (as holding the spokes together),
H2841,חַשׁרָה,1,i.e. of watery clouds,
H2847,חִתּתָּה,1,fear,
H2848,חִתּתּוּל,1,i.e. a bandage,
H2849,חַתחַת,1,terror,
H2852,חָתַך,1,i.e. (figuratively) to decree,
H2854,חֲתוּלָּה,1,a swathing cloth (figuratively),
H2857,חֲתַם,1,chatham (khath-am') v. 1. to seal [(Aramaic) a root corresponding to H2856] KJV: seal.  Root(s): H2856,
H2858,חוֹתֶמֶת,1,a seal,
H2861,חֲתוּנָּה,1,a wedding,
H2862,חָתַף,1,to clutch,
H2863,חֶתֶף,1,(properly) rapine; (figuratively) robbery,
H2866,חֲתַת,1,dismay,
H2867,חֲתַת,1,an Israelite,
H2868,טְּאֵב,1,t'eb (teh-abe') v. 1. to rejoice [(Aramaic) a primitive root] KJV: be glad.,
H2871,טָּבוּל,1,i.e. a turban (probably as of colored stuff),
H2875,טֶּבַח,1,the name of a Mesopotamian and of an Israelite,
H2877,טַּבָּח,1,tabbach (tab-bawkh') n-m. 1. a lifeguardsman [(Aramaic) the same as H2876] KJV: guard.  Root(s): H2876,
H2879,טַּבָּחָה,1,a female cook,
H2880,טִּבחַת,1,a place in Syria,
H2882,טְּבַליָהוּ,1,an Israelite,
H2886,טַּברִמּוֹן,1,a Syrian,
H2887,טֵּבֶת,1,the tenth Heb. month,
H2888,טַּבַּת,1,a place East of the Jordan,
H2890,טְּהוֹר,1,purity,
H2894,טּוּא,1,to sweep away,
H2899,טּוֹב אֲדוֹנִיָהוּ,1,an Israelite,
H2907,טּוּשׂ,1,to pounce as a bird of prey,
H2908,טְּוָת,1,tvath (tev-awth') adv. 1. hunger (as twisting) [(Aramaic) from a root corresponding to H2901] KJV: fasting.  Root(s): H2901,
H2909,טָּחָה,1,as an archer,
H2911,טְּחוֹן,1,a hand mill; (hence) a millstone,
H2913,טַּחֲנָה,1,a hand mill; hence (figuratively) chewing,
H2915,טִּיַח,1,mortar or plaster,
H2922,טְּלָא,1,a lamb,
H2923,טְּלָאִים,1,a place in Israel,
H2925,טַּלטֵּלָה,1,overthrow or rejection,
H2926,טָּלַל,1,(properly) to strew over; (by implication) to cover in or plate (with beams),
H2927,טְּלַל,1,tlal (tel-al') v. 1. to cover with shade [(Aramaic) corresponding to H2926] KJV: have a shadow.  Root(s): H2926,
H2936,טָּנַף,1,to soil,
H2937,טָּעָה,1,causatively to lead astray,
H2943,טָּעַן,1,to load a beast,
H2944,טָּעַן,1,to stab,
H2949,טִּפּוּח,1,nursing,
H2952,טָּפַף,1,apparently to trip (with short steps) coquettishly,
H2954,טָּפַשׁ,1,(properly) apparently to be thick; (figuratively) to be stupid,
H2955,טָּפַת,1,an Israelitess,
H2958,טְּרוֹם,1,not yet,
H2959,טָּרַח,1,to overburden,
H2965,טָּרָף,1,i.e. fresh,
H2967,טַּרפְּלַי,1,"Tarplay (tar-pel-ah'-ee) n-m. 1. a Tarpelite (collectively) or inhabitants of Tarpel, a place in Assyria [(Aramaic) from a name of foreign derivation] KJV: Tarpelites.",
H2968,יָאַב,1,to desire,
H2969,יָאָה,1,to be suitable,
H2972,יָאִרִי,1,a Jairite or descendant of Jair,
H2979,יְאָתְרַי,1,an Israelite,
H2980,יָבַב,1,to bawl,
H2989,יָבָל,1,an antediluvian,
H2990,יַבֵּל,1,having running sores,
H2996,יַבנֶה,1,a place in Israel,
H2997,יִבנְיָה,1,an Israelite,
H2998,יִבנִיָה,1,an Israelite,
H3000,יְבֶרֶכיָהוּ,1,an Israelite,
H3005,יִבשָׂם,1,an Israelite,
H3007,יַבֶּשֶׁת,1,yabbesheth (yab-beh'-sheth) n-f. 1. dry land [(Aramaic) corresponding to H3006] KJV: earth.  Root(s): H3006,
H3009,יָגַב,1,to dig or plow,
H3010,יָגֵב,1,a plowed field,
H3012,יִגדַּליָהוּ,1,an Israelite,
H3014,יָגָה,1,to push away,
H3017,יָגוּר,1,a place in Israel,
H3019,יָגִיַע,1,tired,
H3020,יָגלִי,1,an Israelite,
H3022,יָגָע,1,earnings (as the product of toil),
H3024,יְגִעָה,1,fatigue,
H3026,יְגַר שַׂהֲדוּתָא,1,"Ygar Sahaduwtha' (yegar' sah-had-oo-thaw') n/l. 1. heap of the testimony 2. Jegar-Sahadutha, a cairn East of the Jordan [(Aramaic) from a word derived from an unused root (meaning to gather) and a derivation of a root corresponding to H7717] KJV: Jegar-Sahadutha.  Root(s): H7717",
H3030,יִדאֲלָה,1,a place in Israel,
H3031,יִדבָּשׁ,1,an Israelite,
H3033,יְדִדוּת,1,(properly) affection; (concretely) a darling object,
H3036,יָדוֹן,1,an Israelite,
H3040,יְדִידָּה,1,an Israelitess,
H3041,יְדִידְּיָה,1,a name of Solomon,
H3044,יִדלָף,1,a Mesopotamian,
H3053,יְהָב,1,i.e. a lot,
H3054,יָהַד,1,i.e. become Jewish,
H3055,יְהוּד,1,a place in Israel,
H3056,יֶהדַּי,1,an Israelite,
H3057,יְהוּדִיָה,1,a Jewess,
H3067,יְהוּדִיתּ,1,a Canaanitess,
H3081,יְהוּכַל,1,an Israelite,
H3084,יְהוֹסֵף,1,a son of Jacob,
H3089,יְהוֹשֶׁבַע,1,an Israelitess,
H3102,יוֹב,1,an Israelite,
H3105,יוּבַל,1,a stream,
H3106,יוּבָל,1,an antediluvian,
H3108,יוֹזָכָר,1,an Israelite,
H3112,יוֹיָכִין,1,an Israelite king,
H3116,יוּכַל,1,an Israelite,
H3125,יְוָנִי,1,or descendant of Javan,
H3126,יוֹנֵק,1,a sucker; (hence) a twig (of a tree felled and sprouting),
H3131,יוֹסִפיָה,1,an Israelite,
H3132,יוֹעֵאלָה,1,an Israelite,
H3133,יוֹעֵד,1,an Israelite,
H3134,יוֹעֶזֶר,1,an Israelite,
H3137,יוֹקִים,1,an Israelite,
H3139,יוֹרָה,1,an Israelite,
H3140,יוֹרַי,1,an Israelite,
H3142,יוּשַׁב חֶסֶד,1,an Israelite,
H3143,יוֹשִׁביָה,1,an Israelite,
H3144,יוֹשָׁה,1,an Israelite,
H3145,יוֹשַׁויָה,1,an Israelite,
H3149,יְזַואֵל,1,an Israelite,
H3150,יִזִּיָה,1,an Israelite,
H3151,יָזִיז,1,an Israelite,
H3152,יִזלִיאָה,1,an Israelite,
H3154,יֶזַע,1,sweat; (by implication) a sweating dress,
H3155,יִזרָח,1,a Jizrach (i.e. Ezrachite or Zarchite) or descendant of Zerach,
H3160,יְחוּבָּה,1,an Israelite,
H3163,יַחדּוֹ,1,"Jachdo, an Israelite",
H3164,יַחדִּיאֵל,1,an Israelite,
H3167,יַחזְיָה,1,an Israelite,
H3169,יְחִזקִיָה יְחִזקִיָהוּ,1,the name of five Israelites,
H3170,יַחזֵרָה,1,an Israelite,
H3174,יְחִיָה,1,an Israelite,
H3175,יָחִיל,1,expectant,
H3178,יַחלְאֵלִי,1,a Jachleelite or descendant of Jachleel,
H3181,יַחמַי,1,an Israelite,
H3184,יַחצְּאֵלִי,1,a Jachtseelite (collectively) or descendants of Jachtseel,
H3185,יַחצִּיאֵל,1,an Israelite,
H3186,יָחַר,1,to delay,
H3191,יְטַב,1,ytab (yet-ab') v. 1. seem good [(Aramaic) corresponding to H3190]  Root(s): H3190,
H3192,יָטבָּה,1,a place in Israel,
H3197,יַך,1,a hand or side,
H3200,יָכִינִי,1,a Jakinite (collectively) or descendants of Jakin,
H3210,יָלוֹן,1,an Israelite,
H3214,יְלֵל,1,a howl,
H3216,יָלַע,1,to blurt or utter inconsiderately,
H3219,יַלקוּט,1,a travelling pouch (as if for gleanings),
H3222,יֵם,1,a warm spring,
H3224,יְמִימָה,1,"(hence) dove; Jemimah, one of Job's daughters",
H3230,יַמלֵך,1,an Israelite,
H3234,יִמנָע,1,an Israelite,
H3235,יָמַר,1,change.,
H3236,יִמרָה,1,an Israelite,
H3237,יָמַשׁ,1,to touch,
H3241,יָנִים,1,a place in Israel,
H3242,יְנִיקָה,1,a sucker or sapling,
H3246,יְסוּד,1,a foundation; (figuratively) beginning,
H3248,יְסוּדָה,1,a foundation,
H3249,יָסוּר,1,departing,
H3250,יִסּוֹר,1,a reprover,
H3251,יָסַך,1,to pour (intransitive),
H3252,יִסכָּה,1,sister of Lot,
H3253,יִסמַכיָהוּ,1,"Jah will sustain; Jismakjah, an Israelite",
H3255,יְסַף,1,ycaph (yes-af') v. 1. add [(Aramaic) corresponding to H3254]  Root(s): H3254,
H3260,יֶעדִּי,1,an Israelite,
H3261,יָעָה,1,apparently to brush aside,
H3263,יְעוּץ,1,an Israelite,
H3264,יָעוֹר,1,a forest,
H3265,יָעוּר,1,an Israelite,
H3267,יָעַז,1,to be bold or obstinate,
H3268,יַעֲזִיאֵל,1,an Israelite,
H3271,יָעַט,1,to clothe,
H3274,יְעִישׁ,1,the name of an Edomite and of a an Israelite,
H3275,יַעכָּן,1,an Israelite,
H3280,יַעֲלָה,1,roe,
H3283,יָעֵן,1,a ceremonially unclean animal (probably named from its answering cry),
H3285,יַעֲנַי,1,an Israelite,
H3288,יְעָף,1,fatigue; (adverb) utterly exhausted,
H3291,יַעֲקוֹבָה,1,an Israelite,
H3292,יַעֲקָן,1,an Idumaean,
H3297,יְעָרִים,1,a place in Israel,
H3298,יַעֲרֶשׁיָה,1,an Israelite,
H3299,יַעֲשׂוּ,1,an Israelite,
H3301,יִפדְּיָה,1,an Israelite,
H3304,יְפֵה ־ פִיָה,1,very beautiful,
H3306,יָפַח,1,(properly) to breathe hard; (by implication) to sigh,
H3307,יָפֵַח,1,i.e. (figuratively) meditating,
H3311,יַפלֵטִי,1,a Japhletite or descendant of Japhlet,
H3319,יְצָא,1,ytsa' (yets-aw') v. 1. finish [(Aramaic) corresponding to H3318]  Root(s): H3318,
H3321,יְצֵב,1,ytseb (yets-abe') v. 1. to be firm 2. (hence) to speak surely [(Aramaic) corresponding to H3320] KJV: truth.  Root(s): H3320,
H3328,יִצחַר,1,an Israelite,
H3329,יָצִיא,1,i.e. offspring,
H3338,יָצוּר,1,i.e. limb or part,
H3340,יִצרִי,1,a Jitsrite (collectively) or descendants of Jetser,
H3343,יְקַבצְּאֵל,1,a place in Israel,
H3346,יְקֵדָא,1,yqeda' (yek-ay-daw') n-f. 1. a conflagration [(Aramaic) from H3345] KJV: burning.  Root(s): H3345,
H3347,יָקדְּעָם,1,a place in Israel,
H3348,יָקֶה,1,a symbolical name (for Solomon),
H3352,יָקוֹשׁ,1,(properly) entangling; (hence) a snarer,
H3354,יְקוּתִיאֵל,1,an Israelite,
H3357,יַקִּיר,1,precious,
H3375,יִראוֹן,1,a place in Israel,
H3380,יְרוּבֶּשֶׁת,1,a symbolic name for Gideon,
H3385,יְרוּאֵל,1,a place in Israel,
H3386,יָרוַֹח,1,an Israelite,
H3387,יָרוֹק,1,i.e. an herb,
H3400,יְרִיאֵל,1,an Israelite,
H3403,יְרִיבַּי,1,an Israelite,
H3408,יְרִיעוֹת,1,an Israelitess,
H3410,יַרכָּא,1,yarka' (yar-kaw') n-f. 1. a thigh [(Aramaic) corresponding to H3411] KJV: thigh.  Root(s): H3411,
H3413,יְרֵמַי,1,an Israelite,
H3416,יִרפְּאֵל,1,a place in Israel,
H3421,יָרקְעָם,1,a place in Israel,
H3428,יֶשֶׁבאָב,1,an Israelite,
H3429,יוֹשֵׁב בַּשֶּׁבֶת,1,an Israelite,
H3430,יִשׁבּוֹ בְּנוֹב,1,a Philistine,
H3431,יִשׁבַּח,1,an Israelite,
H3432,יָשׁוּבִי,1,or descendant of Jashub,
H3433,יָשׁוּבִי לֶחֶם יוֹשֶׁבֵי לֶחֶם,1,an Israelite,
H3439,יְשׁוֹחָיָה,1,an Israelite,
H3441,יִשׁוִי,1,a Jishvite (collectively) or descendants of Jishvi,
H3443,יֵשׁוַּע,1,Yeshuwa` (yay-shoo'-ah) n/p. 1. Jeshua [(Aramaic) corresponding to H3442]  Root(s): H3442,
H3445,יֶשַׁח,1,hunger,
H3450,יְשִׂימִאֵל,1,an Israelite,
H3451,יְשִׁימָה,1,desolation,
H3454,יְשִׁישָׁי,1,an Israelite,
H3457,יִשׁמָא,1,an Israelite,
H3464,יָשֵׁן,1,an Israelite,
H3466,יְשָׁנָה,1,a place in Israel,
H3472,יִשׁפָּה,1,an Israelite,
H3473,יִשׁפָּן,1,an Israelite,
H3475,יֵשֶׁר,1,an Israelite,
H3480,יְשַׂראֵלָה,1,an Israelite,
H3483,יִשׁרָה,1,rectitude,
H3486,יָשֵׁשׁ,1,i.e. an aged man,
H3487,יַת,1,yath (yath) prt. 1. self (but as a sign of the object of a verb) [(Aramaic) corresponding to H853] KJV: + whom.  Root(s): H853,
H3491,יָתוּר,1,(properly) what is left; (by implication) a gleaning,
H3494,יִתלָה,1,"Jithlah, a place in Israel",
H3495,יִתמָה,1,an Israelite,
H3496,יַתנִיאֵל,1,an Israelite,
H3497,יִתנָן,1,a place in Israel,
H3501,יִתרָא,1,an Israelite (or Ishmaelite),
H3517,כְּבֵדוּת,1,difficulty,
H3522,כַּבּוֹן,1,a place in Israel,
H3527,כָּבַר,1,"i.e. (figuratively) to augment (especially in number or quantity, to accumulate)",
H3531,כְּבָרָה,1,a sieve (as netted),
H3534,כֶּבֶשׁ,1,a footstool (as trodden upon),
H3538,כְּדַב,1,kdab (ked-ab') adj. 1. false [(Aramaic) from a root corresponding to H3576] KJV: lying.  Root(s): H3576,
H3542,כָּה,1,kah (kaw) p/d. 1. hitherto [(Aramaic) corresponding to H3541]  Root(s): H3541,
H3545,כֵּהָה,1,i.e. cure,
H3551,כַּו,1,kav (kav) n-f. 1. a window (as a perforation) [(Aramaic) from a root corresponding to H3854 in the sense of piercing] KJV: window.  Root(s): H3854,
H3552,כּוּב,1,a country near Egypt,
H3560,כּוּן,1,a place in Syria,
H3565,כּוֹר עָשָׁן,1,a place in Israel,
H3570,כּוּשִׁי,1,the name of two Israelites,
H3571,כּוּשִׁיתּ,1,a Cushite woman,
H3572,כּוּשָׁן,1,a region of Arabia,
H3574,כּוֹשָׁרָה,1,prosperity; (in plural) freedom,
H3578,כּוֹזְבָא,1,a place in Israel,
H3580,כְּזִיבּ,1,a place in Israel,
H3583,כָּחַל,1,a silvery white metalic element),
H3586,כֶּחָשׁ,1,faithless,
H3587,כִּי,1,a brand or scar,
H3589,כִּידּ,1,(figuratively) calamity,
H3590,כִּידּוֹד,1,i.e. a spark (as struck),
H3592,כִּידּוֹן,1,a place in Israel,
H3593,כִּידּוֹר,1,perhaps tumult,
H3594,כִּיוּן,1,but used (by euphemism) for some heathen deity (perhaps corresponding to Priapus or Baal-peor),
H3597,כֵּילַף,1,a club or sledge-hammer,
H3600,כִּיר,1,across which the boiler is set),
H3601,כִּישׁוֹר,1,a spindle,
H3604,כִּכֵר,1,kikker (kik-kare') n-f. 1. a talent [(Aramaic) corresponding to H3603] KJV: talent.  Root(s): H3603,
H3609,כִּלאָב,1,an Israelite,
H3613,כָּלֵב אֶפרָתָה,1,a place in Egypt (if the text is correct),
H3614,כָּלִבּוֹ כָּלֵבִי,1,a Calebite or descendant of Caleb,
H3616,כָּלֶה,1,pining,
H3621,כְּלוּבַי,1,an Israelite,
H3622,כְּלוּהַי,1,an Israelite,
H3623,כְּלוּלָה,1,bridehood (only in the plural),
H3636,כְּלָל,1,an Israelite,
H3638,כִּלמָד,1,a place apparently in the Assyrian empire,
H3640,כְּלִמּוּת,1,disgrace,
H3642,כָּמַהּ,1,to pine after,
H3647,כָּמַס,1,i.e. (figuratively) in the memory,
H3650,כִּמרִיר,1,i.e. an eclipse (only in plural),
H3656,כַּנֶּה,1,a place in Assyria,
H3657,כַּנָּה,1,a plant (as set),
H3661,כָּנַן,1,i.e. plant,
H3662,כְּנָנִי,1,an Israelite,
H3666,כִּנעָה,1,a package,
H3670,כָּנַף,1,i.e. probably (reflexive) to withdraw,
H3674,כְּנָת,1,a colleague (as having the same title),
H3676,כֵּס,1,but probably by erroneous transcription for H5251],
H3679,כַּסדַּי,1,Kacday (kas-dah'-ee) adj. 1. Chaldean [for H3778]  Root(s): H3778,
H3686,כְּסִיל,1,a place in Israel,
H3687,כְּסִילוּת,1,silliness,
H3688,כָּסַל,1,i.e. (figuratively) silly,
H3692,כִּסלוֹן,1,an Israelite,
H3693,כְּסָלוֹן,1,a place in Israel,
H3694,כְּסוּלּוֹת,1,a place in Israel,
H3696,כִּסוֹלתּ תָּבוֹר,1,a place in Israel,
H3699,כָּסַס,1,to estimate,
H3711,כָּפָה,1,i.e. (figuratively) to tame or subdue,
H3714,כָּפִיס,1,a girder,
H3719,כָּפַן,1,to bend,
H3726,כְּפַר הָעַמּוֹנִי,1,a place in Israel,
H3728,כָּפַשׁ,1,to tread down; (figuratively) to humiliate,
H3735,כָּרָא,1,Kara' (kaw-raw') v. 1. to grieve [(Aramaic) probably corresponding to H3738 in the sense of piercing (figuratively)] KJV: be grieved.  Root(s): H3738,
H3736,כַּרבֵּל,1,to gird or clothe,
H3737,כַּרבְּלָא,1,karbla` (kar-bel-aw') n-m. 1. a mantle [(Aramaic) from a verb corresponding to that of H3736] KJV: hat.  Root(s): H3736,
H3740,כֵּרָה,1,a purchase,
H3741,כָּרָה,1,a meadow,
H3744,כָּרוֹז,1,karowz (kaw-roze') n-m. 1. a herald [(Aramaic) from H3745] KJV: herald.  Root(s): H3745,
H3745,כְּרַז,1,kraz (ker-az') v. 1. to proclaim [(Aramaic) probably of Greek origin] KJV: make a proclamation.,
H3750,כַּרכּוֹם,1,the crocus,
H3752,כַּרכַּס,1,a eunuch of Xerxes,
H3753,כַּרכָּרָה,1,a dromedary (from its rapid motion as if dancing),
H3757,כַּרמִי,1,a Karmite or descendant of Karmi,
H3765,כִּרסֵם,1,to lay waste,
H3768,כַּרפַּס,1,Egyptian],
H3770,כְּרֵשׂ,1,the paunch or belly (as swelling out),
H3771,כַּרשְׁנָא,1,a courtier of Xerxes,
H3776,כִּשׂבָּה,1,a young ewe,
H3777,כֶּשֶׂד,1,a relative of Abraham,
H3780,כָּשָׂה,1,to grow fat (i.e. be covered with flesh),
H3781,כַּשִּׁיל,1,(properly) a feller (something that fells trees); (concretely) an axe,
H3783,כִּשָּׁלוֹן,1,i.e. ruin,
H3786,כַּשָּׁף,1,a magician,
H3793,כְּתוֹבֶת,1,a letter or other mark branded on the skin,
H3796,כּוֹתֶל,1,a wall (as gathering inmates),
H3799,כָּתַם,1,(properly) to carve or engrave; (by implication) to inscribe indelibly,
H3806,כָּתַשׁ,1,to butt or pound,
H3813,לָאַט,1,to muffle,
H3814,לָאטּ,1,i.e. silently,
H3815,לָאֵל,1,(belonging) to God; Lael an Israelite,
H3817,לְאוּמִּים,1,an Arabian,
H3821,לֵב,1,leb (labe) n-m. 1. heart [(Aramaic) corresponding to H3820]  Root(s): H3820,
H3822,לְבָאוֹת,1,a place in Israel,
H3827,לַבָּה,1,flame,
H3829,לְבוֹנָה,1,a place in Israel,
H3840,לִבנָה,1,(properly) whiteness; (by implication) transparency,
H3854,לַהַג,1,intense mental application,
H3855,לַהַד,1,an Israelite,
H3862,לַהֲקָה,1,an assembly,
H3869,לוּז,1,perhaps the almond,
H3875,לוֹט,1,a veil,
H3883,לוּל,1,a spiral step,
H3889,לוּשׁ,1,a place in Israel,
H3890,לְוָת,1,"lvath (lev-awth') prep. 1. (properly) adhesion, i.e. (as preposition) with [(Aramaic) from a root corresponding to H3867] KJV: X thee.  Root(s): H3867",
H3891,לְזוּת,1,perverseness,
H3893,לֵַח,1,i.e. vigor,
H3900,לְחֶם,1,lchem (lekh-em') n-m. 1. feast [(Aramaic) corresponding to H3899]  Root(s): H3899,
H3901,לָחֶם,1,battle],
H3902,לַחמִי,1,or rather probably a brief form (or perhaps erroneous transcription) for H1022,
H3903,לַחמָס לַחמָם,1,a place in Israel,
H3911,לְטָאָה,1,a kind of lizard (from its covert habits),
H3912,לְטוּשִׁם,1,an Arabian tribe,
H3917,לִילִיתּ,1,a night spectre,
H3921,לֶכֶד,1,i.e. a noose,
H3922,לֵכָה,1,a place in Israel,
H3930,לוַֹע,1,the gullet,
H3931,לָעַב,1,to deride,
H3935,לַעדָּה,1,an Israelite,
H3937,לָעַז,1,to speak in a foreign tongue,
H3938,לָעַט,1,to feed,
H3941,לַפִּידּוֹת,1,the husband of Deborah,
H3942,לִפנַי,1,anterior,
H3945,לָצַץ,1,to deride,
H3946,לַקוּם,1,a place in Israel,
H3949,לִקחִי,1,an Israelite,
H3953,לָקַשׁ,1,to gather the after crop,
H3954,לֶקֶשׁ,1,the after crop,
H3962,לֶשַׁע,1,a place probably East of the Jordan,
H3963,לֶתֶך,1,a measure for things dry,
H3964,מָא,1,ma' (maw) p/i. 1. (as indef.) that [(Aramaic) corresponding to H4100] KJV: + what.  Root(s): H4100,
H3965,מַאֲבוּס,1,a granary,
H3970,מַאֲוַי,1,a desire,
H3975,מְאוּרָה,1,(by implication) a crevice or hole (of a serpent),
H3977,מוֹאזֵן,1,mo'zen (mo-zane') n-m. 1. balances [(Aramaic) corresponding to H3976]  Root(s): H3976,
H3981,מַאֲמָץ,1,i.e. (plural) resources,
H3987,מֵאֵן,1,refractory,
H3989,מַאֲפֶה,1,i.e. a batch,
H3990,מַאֲפֵל,1,something opaque,
H3991,מַאֲפֵלְיָה,1,opaqueness,
H3995,מִבדָּלָה,1,a separation; (concretely) a separate place,
H3997,מְבוֹאָה,1,a haven,
H4000,מָבוֹן,1,instructing,
H4003,מְבוּקָה,1,emptiness,
H4004,מִבחוֹר,1,i.e. well fortified,
H4006,מִבחָר,1,an Israelite,
H4010,מַבלִיגִּיתּ,1,desistance (or rather desolation),
H4011,מִבנֶה,1,a building,
H4012,מְבוּנַּי,1,an Israelite,
H4015,מִברָח,1,a refugee,
H4016,מָבוּשׁ,1,(plural) the (male) pudenda,
H4018,מְבַשְׁלָה,1,a cooking hearth,
H4019,מַגבִּישׁ,1,"an Israelite, or a place in Israel",
H4020,מִגבָּלָה,1,a border,
H4027,מִגדַּל ־ אֵל,1,a place in Israel,
H4028,מִגדַּל ־ גָּד,1,a place in Israel,
H4029,מִגדַּל ־ עֵדֶר,1,a place in Israel,
H4034,מְגוֹרָה,1,affright,
H4037,מַגזֵרָה,1,i.e. a blade,
H4040,מְגִלָּה,1,mgillah (meg-il-law') n-f. 1. roll [(Aramaic) corresponding to H4039]  Root(s): H4039,
H4041,מְגַמָּה,1,i.e. impulse or direction,
H4044,מְגִנָּה,1,i.e. blindness or obduracy,
H4045,מִגעֶרֶת,1,reproof (i.e. curse),
H4047,מַגפִּיעָשׁ,1,an Israelite,
H4049,מְגַר,1,mgar (meg-ar') v. 1. to overthrow [(Aramaic) corresponding to H4048] KJV: destroy.  Root(s): H4048,
H4052,מִגרָעָה,1,a ledge or offset,
H4053,מִגרָפָה,1,i.e. a clod,
H4056,מַדבַּח,1,madbach (mad-bakh') n-m. 1. a sacrificial altar [(Aramaic) from H1684] KJV: altar.  Root(s): H1684,
H4059,מִדַּד,1,flight,
H4062,מַדהֵבָה,1,i.e. exactness,
H4065,מַדּוַּח,1,seduction,
H4072,מִדחֶה,1,overthrow,
H4073,מְדַחפָה,1,i.e. ruin,
H4075,מָדַי,1,a Madian or native of Madai,
H4077,מָדַי,1,Maday (maw-dah'-ee) n/p. 1. Median [(Aramaic) corresponding to H4075]  Root(s): H4075,
H4078,מַדַּי,1,i.e. sufficiently,
H4081,מִדִּין,1,Middin,
H4085,מְדוֹכָה,1,a mortar,
H4086,מַדמֵן,1,a place in Israel,
H4087,מַדמֵנָה,1,a dunghill,
H4088,מַדמֵנָה,1,a place in Israel,
H4092,מְדָנִי,1,Midianite,
H4094,מַדקָרָה,1,a wound,
H4096,מִדרָך,1,i.e. a place for stepping on,
H4098,מְדוּשָּׁה,1,a threshing; (concretely and figuratively) down-trodden people,
H4104,מְהוּמָן,1,a eunuch of Xerxes,
H4107,מָהַל,1,(properly) to cut down or reduce; (by implication) to adulterate,
H4108,מַהלֵך,1,i.e. access,
H4110,מַהֲלָל,1,fame,
H4113,מַהֲמוֹרָה,1,perhaps an abyss,
H4122,מַהֵר שָׁלָל חָשׁ בַּז,1,Maher-Shalal-Chash-Baz; the symbolical name of the son of Isaiah,
H4123,מַהֲתַלָּה,1,a delusion,
H4126,מוֹבָא,1,an entrance,
H4128,מוּד,1,to shake,
H4130,מוֹדַעַת,1,acquaintance,
H4139,מוּלָה,1,circumcision,
H4140,מוֹלִידּ,1,an Israelite,
H4141,מוּסָב,1,i.e. circuit (of a building),
H4145,מוּסָדָה,1,grounded.,
H4151,מוֹעָד,1,(properly) an assembly (as in H4150); (figuratively) a troop,
H4152,מוּעָדָה,1,i.e. asylum,
H4153,מוֹעַדיָה,1,an Israelite,
H4154,מוּעֶדֶת,1,i.e. dislocated,
H4155,מוּעָף,1,"abstractly, obscurity, i.e. distress",
H4157,מוּעָקָה,1,i.e. (figuratively) distress,
H4160,מוּץ,1,i.e. (figuratively) to oppress,
H4167,מוּק,1,i.e. (intens.) blaspheme,
H4169,מוֹקְדָה,1,fuel,
H4182,מוֹרֶשֶׁת גַּת,1,a place in Israel,
H4189,מוֹשְׁכָה,1,something drawing; (figuratively) a cord,
H4190,מוֹשָׁעָה,1,deliverance,
H4193,מוֹת,1,mowth (mohth) n-m. 1. death [(Aramaic) corresponding to H4194] KJV: death.  Root(s): H4194,
H4197,מֶזֶג,1,a diluted table wine used in the midday meal,
H4198,מָזֶה,1,exhausted,
H4200,מֶזֶו,1,a granary,
H4204,מָזוֹר,1,i.e. a plot,
H4208,מַזָּלָה,1,i.e. Zodiacal sign (perhaps as affecting the weather),
H4215,מְזָרֶה,1,only in plural),
H4216,מַזָּרָה,1,"perhaps collectively, the zodiac",
H4218,מִזרָע,1,a planted field,
H4221,מוַֹח,1,i.e. marrow,
H4228,מַחֲגוֹרֶת,1,a girdle,
H4230,מְחוּגָה,1,i.e. compasses,
H4231,מָחוֹז,1,a harbor (as shut in by the shore),
H4233,מַחֲוִים,1,but from an unknown place (in the plural only for a singular)],
H4235,מָחוֹל,1,an Israelite,
H4239,מְחִי,1,i.e. battering-ram,
H4243,מְחִיר,1,an Israelite,
H4247,מְחִלָּה,1,a cavern (as if excavated),
H4251,מַחלוּי,1,a disease,
H4252,מַחֲלָף,1,a (sacrificial) knife (as gliding through the flesh),
H4255,מַחלְקָה,1,machlqah (makh-lek-aw') n-f. 1. a section (of the Levites) [(Aramaic) corresponding to H4256] KJV: course.  Root(s): H4256,
H4260,מַחֲמָאָה,1,as (figuratively) flattery,
H4263,מַחמָל,1,(properly) sympathy; (by paronomasia with H4261) delight,
H4265,מַחֲנֵה ־ דָּן,1,a place in Israel,
H4267,מַחֲנַק,1,strangling,
H4269,מַחסוֹם,1,a muzzle,
H4273,מַחַץ,1,a contusion,
H4277,מָחַק,1,to crush,
H4278,מֶחקָר,1,(properly) scrutinized; (by implication) a recess,
H4280,מַחֲרָאָה,1,a sink,
H4282,מַחֲרֶשֶׁת,1,probably a hoe,
H4286,מַחשׂוֹף,1,a peeling,
H4292,מַטאֲטֵא,1,i.e. remove dust)),
H4293,מַטבֵַּח,1,slaughter,
H4297,מוּטֶּה,1,"i.e. distortion (figuratively, iniquity)",
H4298,מוּטָּה,1,expansion,
H4299,מַטוֶה,1,something spun,
H4300,מְטִיל,1,an iron bar (as forged),
H4309,מַטרִי,1,an Israelite,
H4313,מֵי הַיַּרקוֹן,1,a place in Israel,
H4323,מִיכָּל,1,i.e. a streamlet,
H4328,מְיוּסָּדָה,1,i.e. a foundation,
H4331,מֵישָׁא,1,also an Israelite,
H4333,מִישָׁאֵל,1,"Miysha'el (mee-shaw-ale') n/p. 1. Mishael, an Israelite [(Aramaic) corresponding to H4332] KJV: Mishael.  Root(s): H4332",
H4335,מֵישַׁך,1,an Israelite,
H4337,מֵישָׁע,1,an Israelite,
H4338,מֵישַׁע,1,a Moabite,
H4342,מַכבִּיר,1,plenty,
H4343,מַכבֵּנָא,1,a place in Israel settled by him,
H4344,מַכבַּנַּי,1,a Macbannite or native of Macbena,
H4346,מַכבָּר,1,a cloth (as netted),
H4352,מָכִי,1,an Israelite,
H4354,מָכִירִי,1,a Makirite or descend. of Makir,
H4357,מִכלָה,1,adverbial) wholly,
H4359,מִכלָל,1,perfection (of beauty),
H4360,מִכלוּל,1,i.e. a splendid garment,
H4361,מַכּוֹלֶת,1,nourishment,
H4362,מִכמַן,1,treasure (as hidden),
H4367,מַכנַדבַּי,1,an Israelite,
H4368,מְכוֹנָה,1,a place in Israel,
H4369,מְכוּנָה,1,a spot,
H4379,מִכרֶה,1,a pit (for salt),
H4380,מְכֵרָה,1,a sword,
H4381,מִכרִי,1,an Israelite,
H4382,מְכֵרָתִי,1,Mecherathite,
H4386,מְכִתּתָּה,1,a fracture,
H4389,מַכתֵּשׁ,1,a place in Jerusalem,
H4400,מַלאֲכוּת,1,a message,
H4401,מַלאָכִי,1,a prophet,
H4402,מִלֵּאתּ,1,fulness; (concretely) a plump socket (of the eye),
H4408,מַלּוַּח,1,sea-purslain (from its saltness),
H4415,מְלַח,1,mlach (mel-akh') v. 1. to eat salt 2. (generally) to subsist [(Aramaic) corresponding to H4414] KJV: + have maintenance.  Root(s): H4414,
H4423,מֶלֶט,1,cement (from its plastic smoothness)],
H4424,מְלַטיָה,1,a Gibeonite,
H4425,מְלִילָה,1,a head of grain (as cut off),
H4431,מְלַך,1,mlak (mel-ak') n-m. 1. counsel [(Aramaic) from a root corresponding to H4427 in the sense of consultation]  Root(s): H4427,
H4434,מַלכּוֹדֶת,1,a snare,
H4440,מַלכִּיאֵלִי,1,a Malkielite or descendant of Malkiel,
H4443,מַלכִּירָם,1,an Israelite,
H4447,מוֹלֶכֶת,1,an Israelitess,
H4450,מִלֲלַי,1,an Israelite,
H4451,מַלמָד,1,a goad for oxen,
H4452,מָלַץ,1,i.e. (figuratively) pleasant,
H4458,מֶלתָּחָה,1,a wardrobe (i.e. room where clothing is spread),
H4459,מַלתָּעָה,1,i.e. back tooth,
H4460,מַמְּגוּרָה,1,a granary,
H4461,מֵמַד,1,a measure,
H4466,מִמכֶּרֶת,1,a sale,
H4470,מֶמֶר,1,sorrow,
H4472,מַמרוֹר,1,i.e. (figuratively) calamity,
H4473,מִמשַׁח,1,in the sense of expansion],
H4476,מִמשָׁק,1,a possession,
H4485,מַנגִּינָה,1,a satire,
H4491,מִנהָג,1,the driving (of a chariot),
H4492,מִנהָרָה,1,(properly) a channel or fissure; (by implication) a cavern,
H4493,מָנוֹד,1,shaking,
H4497,מָנוֹן,1,i.e. heir,
H4502,מִנְּזָר,1,a prince,
H4507,מְנִי,1,i.e. Fate (as an idol),
H4508,מִנִּי,1,an Armenian province,
H4510,מִניָן,1,minyan (min-yawn') n-m. 1. enumeration [(Aramaic) from H4483] KJV: number.  Root(s): H4483,
H4512,מִנלֶה,1,i.e. (in produce) wealth,
H4515,מַנעָל,1,a bolt,
H4516,מַנעַם,1,a delicacy,
H4517,מְנַענַע,1,a sistrum (so called from its rattling sound),
H4523,מָס,1,i.e. (figuratively) disconsolate,
H4527,מַסַּד,1,a foundation,
H4528,מִסדְּרוֹן,1,a colonnade or internal portico (from its rows of pillars),
H4530,מִסָּה,1,abundance; (adverbially) liberally,
H4534,מְסוּכָה,1,a hedge,
H4535,מַסָּח,1,(adverbially) or (as a) military barrier,
H4536,מִסחָר,1,trade,
H4538,מֶסֶך,1,i.e. of wine with spices,
H4540,מְסוּכָּה,1,i.e. garniture,
H4544,מִסכֵּנוּת,1,indigence,
H4547,מַסלוּל,1,a thoroughfare (as turnpiked),
H4552,מִסעָד,1,a balustrade (for stairs),
H4558,מִספָּר,1,an Israelite,
H4559,מִספֶּרֶת,1,an Israelite,
H4561,מוֹסָר,1,admonition,
H4562,מָסוֹרֶת,1,a band,
H4563,מִסתּוֹר,1,a refuge,
H4564,מַסתֵּר,1,"i.e. (abstractly) a hiding, i.e. aversion",
H4566,מַעבָּד,1,an act,
H4567,מַעבָּד,1,ma`bad (mah-bawd') n-m. 1. an act [(Aramaic) corresponding to H4566] KJV: work.  Root(s): H4566,
H4568,מַעֲבֶה,1,i.e. loam,
H4572,מַעֲדַי,1,an Israelite,
H4573,מַעַדיָה,1,an Israelite,
H4575,מַעֲדַנָּה,1,i.e. group,
H4576,מַעדֵּר,1,a (weeding) hoe,
H4577,מְעָה מְעָא,1,m`ah (meh-aw') ((Aramaic) or m(ae (Aramaic) {meh-aw'}) n-m. 1. only in plural the bowels [corresponding to H4578] KJV: belly.  Root(s): H4578,
H4578,מֵעֶה,1,"(by implication) a vest; (by extension) the stomach, the uterus (or of men, the seat of generation), the heart (figuratively)",
H4579,מֵעָה,1,i.e. (figuratively) interior,
H4582,מָעוֹך,1,a Philistine,
H4587,מְעוֹנוֹתַי,1,an Israelite,
H4588,מָעוּף,1,darkness,
H4589,מָעוֹר,1,i.e. (in plural) the pudenda,
H4593,מָעוֹט,1,i.e. sharp,
H4594,מַעֲטֶה,1,a vestment,
H4595,מַעֲטָפָה,1,a cloak,
H4596,מְעִי,1,i.e. a ruin,
H4597,מָעַי,1,an Israelite,
H4606,מֵעָל,1,me`al (may-awl') n-m. 1. (only in plural as singular) the setting (of the sun) [(Aramaic) from H5954] KJV: going down.  Root(s): H5954,
H4607,מוֹעַל,1,a raising (of the hands),
H4613,מָעֳמָד,1,(literally) a foothold,
H4614,מַעֲמָסָה,1,burdensomeness,
H4619,מַעַץ,1,an Israelite,
H4620,מַעֲצֵבָה,1,anguish,
H4622,מַעצּוֹר,1,a hindrance,
H4623,מַעצָּר,1,control,
H4624,מַעֲקֶה,1,a parapet,
H4625,מַעֲקָשׁ,1,a crook (in a road),
H4629,מַעֲרֶה,1,i.e. a common,
H4630,מַעֲרָה,1,an open spot,
H4632,מְעָרָה,1,a place in Israel,
H4633,מַעֲרָך,1,i.e. (figuratively) mental disposition,
H4636,מַעֲרוֹם,1,in the sense of stripping],
H4637,מַעֲרָצָה,1,violence,
H4638,מַעֲרָת,1,a place in Israel,
H4640,מַעֲשַׂי,1,an Israelite,
H4644,מוֹף,1,Memphis,
H4645,מִפגָּע,1,an object of attack,
H4646,מַפָּח,1,i.e. expiring,
H4647,מַפּוַּח,1,the bellows (i.e. blower) of a forge,
H4649,מוּפִּים,1,an Israelite,
H4650,מֵפִיצּ,1,i.e. mallet,
H4652,מִפלָאָה,1,a miracle,
H4653,מִפלַגָּה,1,a classification,
H4655,מִפלָט,1,an escape,
H4657,מִפלָשׂ,1,a poising,
H4660,מַפָּץ,1,a smiting to pieces,
H4661,מַפֵּץ,1,i.e. a war club,
H4663,מִפקָד,1,the name of a gate in Jerusalem,
H4664,מִפרָץ,1,i.e. a haven,
H4665,מִפרֶקֶת,1,i.e. joint (vertebrae) of the neck,
H4667,מִפשָׂעָה,1,i.e. (by euphemism) the crotch,
H4674,מוּצָּב,1,i.e. military post,
H4677,מְצוֹבָיָה,1,a place in Israel,
H4681,מוֹצָה,1,a place in Israel,
H4695,מַצּוּת,1,a quarrel,
H4697,מִצחָה,1,only plural,
H4698,מְצִלָּה,1,i.e. a bell,
H4699,מְצוּלָּה,1,shade,
H4702,מַצָּע,1,a couch,
H4704,מִצְּעִירָה,1,(properly) littleness; (concretely) diminutive,
H4706,מִצעָר,1,a peak of Lebanon,
H4710,מִצפּוּן,1,"perhaps, treasure)",
H4711,מָצַץ,1,to suck,
H4724,מִקוָה,1,i.e. (of water) a reservoir,
H4727,מִקָּח,1,reception,
H4728,מַקָּחָה,1,i.e. merchandise (purchased),
H4729,מִקטָּר,1,something to fume (incense) on i.e. a hearth place,
H4739,מָקַץ,1,a place in Israel,
H4741,מַקצּוּעָה,1,i.e. a carving chisel,
H4746,מְקָרֶה,1,i.e. a frame (of timbers),
H4748,מִקשֶׁה,1,i.e. a curl (of tresses),
H4750,מִקשָׁה,1,i.e. a cucumber patch,
H4752,מַר,1,a drop,
H4755,מָרָא,1,a symbolic name of Naomi,
H4757,מְראוֹדַך בַּלאָדָן,1,a Babylonian king,
H4760,מוּראָה,1,i.e. the craw of a bird (from its prominence),
H4761,מַראָשָׁה,1,i.e. (plural for collective) dominion,
H4767,מִרבָּה,1,i.e. a great quantity,
H4771,מַרגּוַֹע,1,a resting place,
H4773,מַרגֵּמָה,1,a stone-heap,
H4774,מַרגֵּעָה,1,rest,
H4776,מְרַד,1,mrad (mer-ad') n-m. 1. rebellion [(Aramaic) from a root corresponding to H4775] KJV: rebellion.  Root(s): H4775,
H4777,מֶרֶד,1,rebellion,
H4780,מַרדּוּת,1,rebelliousness,
H4781,מְרוֹדָך,1,a Babylonian idol,
H4783,מוּרדָּף,1,persecuted,
H4786,מוֹרָה,1,i.e. (figuratively) trouble,
H4787,מָררָה,1,trouble,
H4789,מֵרוֹז,1,a place in Israel,
H4790,מְרוַֹח,1,i.e. emasculated,
H4793,מֵרוֹץ,1,a run (the trial of speed),
H4795,מָרוּק,1,a rubbing (with perfumery),
H4796,מָרוֹת,1,a place in Israel,
H4797,מִרזַח,1,"i.e. (of job), a revel",
H4798,מַרזֵַח,1,i.e. (of grief) a lamentation,
H4799,מָרַח,1,(properly) to soften by rubbing or pressure; hence (medicinally) to apply as an emollient,
H4804,מְרַט,1,mrat (mer-at') v. 1. to pull off [(Aramaic) corresponding to H4803] KJV: be plucked.  Root(s): H4803,
H4810,מְרִי בַּעַל,1,an epithet of Gideon,
H4811,מְרָיָה,1,an Israelite,
H4814,מְרִירוּת,1,i.e. (figuratively) grief,
H4815,מְרִירִי,1,i.e. poisonous,
H4816,מוֹרֶך,1,i.e. (figuratively) fear,
H4819,מַרכּוֹלֶת,1,a mart,
H4821,מִרמָה,1,an Israelite,
H4825,מֶרֶס,1,a Persian,
H4826,מַרסְנָא,1,a Persian,
H4827,מֵרַע,1,wickedness,
H4831,מַרעֲלָה,1,"Maralah, a place in Israel",
H4833,מִרפָּשׂ,1,muddled water,
H4835,מְרוּצָה,1,oppression,
H4837,מַרצֶּפֶת,1,a pavement,
H4840,מֶרקָח,1,a spicy herb,
H4845,מְרֵרָה,1,bile (from its bitterness),
H4848,מְרָרִי,1,or decendants of Merari,
H4849,מִרשַׁעַת,1,a female wicked doer,
H4850,מְרָתַיִם,1,an epithet of Babylon,
H4851,מַשׁ,1,"a son of Aram, and the people descended from him",
H4852,מֵשָׁא,1,a place in Arabia,
H4856,מַשּׂוֹא,1,partiality (as a lifting up),
H4857,מַשׁאָב,1,a trough for cattle to drink from,
H4858,מַשָּׂאָה,1,a conflagration (from the rising of smoke),
H4860,מַשָּׁאוֹן,1,dissimulation,
H4868,מִשׁבָּת,1,i.e. destruction,
H4870,מִשׁגֶּה,1,an error,
H4873,מוֹשֶׁה,1,Mosheh (mo-sheh') n/p. 1. Moses [(Aramaic) corresponding to H4872]  Root(s): H4872,
H4874,מַשֶּׁה,1,a debt,
H4877,מְשׁוֹבָב,1,an Israelite,
H4879,מְשׁוּגָה,1,mistake,
H4882,מְשׁוּסָה,1,spoilation,
H4883,מַשּׂוֹר,1,a saw,
H4890,מִשׂחָק,1,a laughing-stock,
H4891,מִשׁחָר,1,dawn,
H4892,מַשׁחֵת,1,destruction,
H4896,מִשׁטָּר,1,jurisdiction,
H4907,מִשׁכַּן,1,mishkan (mish-kan') n-m. 1. residence [(Aramaic) corresponding to H4908] KJV: habitation.  Root(s): H4908,
H4913,מָשָׁל,1,a place in Israel,
H4914,מְשׁוֹל,1,a satire,
H4921,מְשִׁלֵּמִיתּ,1,an Israelite,
H4922,מְשׁוּלֶּמֶת,1,an Israelitess,
H4925,מִשׁמַנָּה,1,an Israelite,
H4926,מִשׁמָע,1,a report,
H4930,מַשׂמְרָה,1,a peg,
H4934,מִשׁעוֹל,1,i.e. a narrow passage,
H4935,מִשׁעִי,1,inspection,
H4936,מִשׁעָם,1,an Israelite,
H4939,מִשׂפָּח,1,slaughter,
H4943,מֶשֶׁק,1,possession,
H4944,מַשָּׁק,1,i.e. rapid motion,
H4946,מִשׁקוֹל,1,weight,
H4950,מִשׁקָע,1,i.e. a pond,
H4952,מִשׁרָה,1,i.e. steeped juice,
H4954,מִשׁרָעִי,1,or inhabitant (collectively) of Mishra,
H4958,מַשׂרֵת,1,i.e. hollow out],
H4961,מִשׁתֶּה,1,mishteh (mish-teh') n-m. 1. a banquet [(Aramaic) corresponding to H4960] KJV: banquet.  Root(s): H4960,
H4963,מַתבֵּן,1,straw in the heap,
H4969,מָתַח,1,to stretch out,
H4972,מַתּתְּלָאָה,1,H8513,
H4981,מִתנִי,1,or inhabitant of Methen,
H4987,מוֹתֶק,1,sweetness,
H4988,מָתָק,1,(generally) food,
H4992,מַתּתַּתּתָּה,1,an Israelite,
H4995,נָא,1,i.e. uncooked (flesh),
H5001,נָאַם,1,(properly) to whisper; (by implication) to utter as a oracle,
H5005,נַאֲפוּף,1,adultery,
H5013,נְבָא,1,nba' (neb-aw') v. 1. prophesy [(Aramaic) corresponding to H5012]  Root(s): H5012,
H5017,נְבוּאָה,1,nbuw'ah (neb-oo-aw) n-f. 1. inspired teaching [(Aramaic) corresponding to H5016] KJV: prophesying.  Root(s): H5016,
H5021,נְבוּשַׁזבָּן,1,Nebuchadnezzar's chief eunuch,
H5024,נָבַח,1,to bark (as a dog),
H5026,נִבחַז,1,a deity of the Avites,
H5033,נֵבֶך,1,a fountain,
H5040,נַבלוּת,1,i.e. the (female) pudenda,
H5041,נְבַלָּט,1,a place in Israel,
H5043,נֶברְשָׁא,1,nebrsha' (neb-reh-shaw') n-f. 1. a light 2. plural (collectively) a chandelier [(Aramaic) from an unused root meaning to shine] KJV: candlestick.,
H5044,נִבשָׁן,1,a place in Israel,
H5047,נְגַד,1,ngad (neg-ad') v. 1. to flow (through the idea of clearing the way) [(Aramaic) corresponding to H5046] KJV: issue.  Root(s): H5046,
H5049,נֶגֶד,1,neged (neh'-ghed) prep. 1. opposite [(Aramaic) corresponding to H5048] KJV: toward.  Root(s): H5048,
H5053,נוֹגַהּ,1,nogahh (no'-gah) n-f. 1. dawn [(Aramaic) corresponding to H5051] KJV: morning.  Root(s): H5051,
H5054,נְגוֹהָה,1,splendor,
H5072,נְדַביָה,1,an Israelite,
H5075,נְדַד,1,ndad (ned-ad') v. 1. to depart [(Aramaic) corresponding to H5074] KJV: go from.  Root(s): H5074,
H5076,נָדוּד,1,a rolling (on the bed),
H5078,נֵדֶה,1,a bounty (for prostitution),
H5082,נְדִיבָּה,1,i.e. reputation,
H5083,נָדָן,1,a present (for prostitution),
H5084,נָדָן,1,a sheath (of a sword),
H5085,נִדנֶה,1,nidneh (nid-neh') n-m. 1. a sheath 2. (figuratively) the body (as the receptacle of the soul) [(Aramaic) from the same as H5084] KJV: body.  Root(s): H5084,
H5089,נוַֹהּ,1,lamentation,
H5093,נִהיָה,1,lamentation,
H5097,נַחֲלוֹל,1,pasture,
H5105,נְהָרָה,1,daylight,
H5111,נוּד,1,nuwd (nood) v. 1. to flee [(Aramaic) corresponding to H5116] KJV: get away.  Root(s): H5116,
H5112,נוֹד נוֹד,1,exile,
H5113,נוֹד,1,the land of Cain,
H5114,נוֹדָב,1,an Arab tribe,
H5119,נוֹחָה,1,an Israelite,
H5120,נוּט,1,be moved,
H5124,נוּמָה,1,sleepiness,
H5131,נוֹף,1,elevation,
H5134,נוּק,1,to suckle,
H5136,נוּשׁ,1,i.e. (figuratively) distressed,
H5143,נֵזֶק,1,loss,
H5147,נַחבִּי,1,an Israelite,
H5149,נְחוּם,1,an Israelite,
H5151,נַחוּם,1,an Israelite prophet,
H5153,נָחוּשׁ,1,"coppery, i.e. (figuratively) hard",
H5155,נְחִילָה,1,a flute,
H5156,נְחִיר,1,a nostril,
H5163,נַחַם,1,an Israelite,
H5164,נוֹחַם,1,i.e. desistance,
H5167,נַחֲמָנִי,1,an Israelite,
H5169,נָחַץ,1,to be urgent,
H5179,נְחוּשׁתָּא,1,an Israelitess,
H5180,נְחוּשׁתָּן,1,i.e. the copper serpent of the Desert,
H5185,נָחֵת,1,descending,
H5187,נְטִיל,1,laden,
H5192,נֵטֶל,1,a burden,
H5195,נָטִיַע,1,a plant,
H5196,נְטָעִים,1,a place in Israel,
H5202,נְטַר,1,ntar (net-ar') v. 1. to retain [(Aramaic) corresponding to H5201] KJV: keep.  Root(s): H5201,
H5204,נִי,1,apparently from H5091],
H5205,נִידּ,1,motion (of the lips in speech),
H5206,נִידָּה,1,i.e. exile,
H5211,נִיס,1,fugitive,
H5213,נִיצּוֹץ,1,a spark,
H5217,נָכָא,1,i.e. drive away,
H5222,נֵכֶה,1,i.e. (figuratively) traducer,
H5225,נָכוֹן,1,probably an Israelite,
H5231,נֵכֶל,1,deceit,
H5239,נָלָה,1,to complete,
H5240,נְמִבזֶה,1,despised],
H5242,נְמוּאֵלִי,1,or descendant of Nemuel,
H5245,נְמַר,1,nmar (nem-ar') n-m. 1. leopard [(Aramaic) corresponding to H5246]  Root(s): H5246,
H5247,נִמרָה,1,a place East of the Jordan,
H5252,נְסִבָּה,1,i.e. circumstance or turn of affairs,
H5256,נְסַח,1,ncach (nes-akh') v. 1. pull down [(Aramaic) corresponding to H5255]  Root(s): H5255,
H5259,נָסַך,1,i.e. (figuratively) to overspread,
H5260,נְסַך,1,ncak (nes-ak') v. 1. to pour out a libation [(Aramaic) corresponding to H5258] KJV: offer.  Root(s): H5258,
H5261,נְסַך,1,ncak (nes-ak') n-m. 1. a libation [(Aramaic) corresponding to H5262] KJV: drink offering.  Root(s): H5262,
H5263,נָסַס,1,i.e. be sick,
H5264,נָסַס,1,"or rather perhaps a denominative from H5251 (and identical with H5263, through the idea of a flag as fluttering in the wind); to raise a beacon",
H5266,נָסַק,1,to go up,
H5269,נֵעָה,1,a place in Israel,
H5272,נְעִיאֵל,1,a place in Israel,
H5277,נַעַם,1,an Israelite,
H5280,נַעֲמִי,1,or descendant of Naaman (collectively),
H5282,נַעֲמָן,1,pleasantness (plural as concrete),
H5286,נָעַר,1,to growl,
H5289,נַעַר,1,a wanderer,
H5293,נַעֲרַי,1,an Israelite,
H5295,נַעֲרָן,1,a place in Israel,
H5302,נוֹפַח,1,a place in Moab,
H5311,נֶפֶץ,1,a storm (as dispersing),
H5316,נֶפֶת,1,a height,
H5319,נַפתּוּל,1,a struggle,
H5323,נָצָא,1,to go away,
H5325,נִצָּב,1,i.e. a handle,
H5326,נִצבָּה,1,"nitsbah (nits-baw') n-f. 1. fixedness, i.e. firmness [(Aramaic) from a root corresponding to H5324] KJV: strength.  Root(s): H5324",
H5330,נְצַח,1,ntsach (nets-akh') v. 1. to become chief [(Aramaic) corresponding to H5329] KJV: be preferred.  Root(s): H5329,
H5334,נְצִיבּ,1,a place in Israel,
H5336,נָצִיר,1,delivered,
H5339,נִצָּן,1,a blossom,
H5340,נָצַץ,1,i.e. be bright- colored,
H5343,נְקֵא,1,nqe' (nek-ay') adj. 1. clean [(Aramaic) from a root corresponding to H5352] KJV: pure.  Root(s): H5352,
H5345,נֶקֶב,1,pipe,
H5346,נֶקֶב,1,a place in Israel,
H5351,נְקוּדָּה,1,a boss,
H5354,נָקַט,1,to loathe,
H5364,נִקפָּה,1,probably a rope (as encircling),
H5368,נְקַשׁ,1,"nqash (nek-ash') v. 1. to knock [(Aramaic) corresponding to H5367, but used in the sense of H5362] KJV: smote.  Root(s): H5367, H5362",
H5370,נֵרגַּל,1,a Cuthite deity,
H5379,נִשֵּׂאתּ,1,i.e. a present,
H5385,נְשׂוּאָה נְשׂוּאָה,1,"something borne, i.e. a load",
H5388,נְשִׁיָה,1,oblivion,
H5389,נָשִׁין,1,nashiyn (naw-sheen') n-f. 1. women [(Aramaic) irregular plural feminine of H606]  Root(s): H606,
H5395,נָשַׁם,1,i.e. destroy,
H5396,נִשׁמָא,1,nishma' (nish-maw') n-f. 1. vital breath [(Aramaic) corresponding to H5397] KJV: breath.  Root(s): H5397,
H5412,נְתִין,1,Nthiyn (netheen') n-m. 1. Nethinims [(Aramaic) corresponding to H5411]  Root(s): H5411,
H5419,נְתַן ־ מֶלֶך,1,an Israelite,
H5420,נָתַס,1,to tear up,
H5421,נָתַע,1,to tear out,
H5426,נְתַר,1,nther (neth-ar') v. 1. shake off [(Aramaic) corresponding to H5425]  Root(s): H5425,
H5430,סְאוֹן,1,perhaps a military boot (as a protection from mud,
H5431,סָאַן,1,i.e. (active participle) a soldier shod,
H5432,סַאסְאָה,1,i.e. moderation,
H5436,סְבָאִי,1,or inhabitant of Seba,
H5438,סִבָּה,1,a (providential) turn (of affairs),
H5441,סוֹבֶך,1,a copse,
H5446,סְבַל,1,cbal (seb-al') v. 1. to erect [(Aramaic) corresponding to H5445] KJV: strongly laid.  Root(s): H5445,
H5451,סִבּוֹלֶת,1,an ear of grain,
H5452,סְבַר,1,"cbar (seb-ar') v. 1. to bear in mind, i.e. hope [(Aramaic) a primitive root] KJV: think.",
H5453,סִברַיִם,1,a place in Syria,
H5463,סְגַר,1,cgar (seg-ar') v. 1. shut up [(Aramaic) corresponding to H5462]  Root(s): H5462,
H5464,סַגרִידּ,1,a pouring rain,
H5468,סֶדֶר,1,order,
H5469,סַהַר,1,roundness,
H5471,סוֹא,1,an Egyptian king,
H5473,סוּג,1,i.e. bind,
H5474,סוּגַר,1,i.e. cage (for an animal),
H5476,סוֹדִי,1,an Israelite,
H5477,סוַּח,1,an Israelite,
H5478,סוּחָה,1,i.e. filth,
H5484,סוּסָה,1,a mare,
H5485,סוּסִי,1,an Israelite,
H5489,סוּף,1,H3220,
H5494,סוּר,1,i.e. deteriorated,
H5495,סוּר,1,a gate of the temple,
H5497,סוּת,1,i.e. clothing,
H5500,סָחָה,1,to sweep away,
H5501,סְחִי,1,refuse (as swept off),
H5506,סְחוֹרָה,1,merchandise,
H5507,סוֹחֵרָה,1,i.e. a shield,
H5508,סוֹחֶרֶת,1,probably a (black) tile (or tessara) for laying borders with,
H5510,סִיוָן,1,the third Heb. month,
H5515,סִינִים,1,a distant Oriental region,
H5519,סָך,1,i.e. a crowd,
H5522,סִכּוּת,1,an (idolatrous) booth,
H5524,סוּכּוֹת בְּנוֹת,1,i.e. idoalatrous tents for impure purpose,
H5525,סוּכִּי,1,or inhabitant of some place near Egypt (i.e. hut-dwellers),
H5527,סְכָכָה,1,a place in Israel,
H5529,סֶכֶל,1,dolts,
H5535,סָכַת,1,to be silent; (by implication) to observe quietly,
H5537,סָלָא,1,i.e. weigh,
H5538,סִלָּא,1,a place in Jerusalem,
H5539,סָלַד,1,i.e. exult,
H5546,סַלָּח,1,forgiving,
H5551,סוּלָּם,1,a stair-case,
H5552,סַלסִלָּה,1,a twig (as pendulous),
H5555,סֶלַע הַמַּחלְקוֹת,1,a place in Israel,
H5556,סָלעָם,1,i.e. consuming],
H5562,סַמגַּר נְבוֹ,1,a Babylonian general,
H5565,סְמַכיָהוּ,1,an Israelite,
H5567,סָמַן,1,to designate,
H5569,סָמָר,1,i.e. shaggy,
H5573,סֶנֶה,1,a crag in Israel,
H5577,סַנסִן,1,a twig (as tapering),
H5578,סַנסַנָּה,1,a place in Israel,
H5580,סָס,1,a moth (from the agility of the fly),
H5583,סְעַד,1,c`ad (seh-ad') v. 1. to aid [(Aramaic) corresponding to H5582] KJV: helping.  Root(s): H5582,
H5584,סָעָה,1,to rush,
H5586,סָעַף,1,to disbranch (a tree),
H5588,סֵעֵף,1,i.e. (concretely) a skeptic,
H5593,סַף,1,a Philistine,
H5598,סִפַּי,1,a Philistine,
H5600,סְפִינָה,1,a (sea-going) vessel (as ceiled with a deck),
H5604,סִפּוּן,1,a wainscot,
H5605,סָפַף,1,"but used only as denominative from H5592 (in the sense of a vestibule), to wait at the threshold",
H5610,סְפָר,1,a census,
H5611,סְפָר,1,a place in Arabia,
H5614,סְפָרָד,1,a region of Assyria,
H5615,סְפוֹרָה,1,a numeration,
H5616,סְפַרוִי,1,a Sepharvite or inhabitant of Sepharvain,
H5621,סָרָב,1,a thistle,
H5623,סַרגּוֹן,1,an Assyrian king,
H5625,סַרדִּי,1,a Seredite (collectively) or descendants of Sered,
H5626,סִרָה,1,a cistern so-called,
H5629,סֶרַח,1,a redundancy,
H5634,סַרעַפָּה,1,a twig,
H5635,סָרַף,1,i.e. to be (near) of kin (such being privileged to kindle the pyre),
H5636,סַרפָּד,1,a nettle (as stinging like a burn),
H5638,סְתָו,1,winter (as the dark season),
H5639,סְתוּר,1,an Israelite,
H5644,סִתרִי,1,an Israelite,
H5652,עֲבָד,1,a deed,
H5655,עַבדֶּאֵל,1,an Israelite,
H5661,עַבדִּיאֵל,1,an Israelite,
H5664,עֲבֵד נֶגוֹ,1,the Babylonian name of one of Daniel's companions,
H5671,עַבטִּיטּ,1,i.e. (collectively) pawned goods,
H5681,עִברִי,1,an Israelite,
H5683,עֶברוֹן,1,a place in Israel,
H5685,עָבַשׁ,1,to dry up,
H5686,עָבַת,1,i.e. (figuratively) to pervert,
H5691,עֲגָבָה,1,i.e. amorousness,
H5701,עָגַם,1,to be sad,
H5702,עָגַן,1,i.e. from marriage,
H5708,עֵד,1,H5749,
H5719,עָדִין,1,voluptuous,
H5721,עֲדִינָא,1,an Israelite,
H5722,עֲדִינוֹ,1,his spear,
H5723,עֲדִיתַּיִם,1,a place in Israel,
H5724,עַדלַי,1,an Israelite,
H5727,עָדַן,1,to live voluptuously,
H5735,עֲדעָדָה,1,a place in Israel,
H5738,עֶדֶר,1,an Israelite,
H5743,עוּב,1,i.e. to becloud,
H5745,עוֹבָל,1,a son of Joktan,
H5746,עוּג,1,to bake (round cakes on the hearth),
H5751,עוֹד,1,`owd (ode) adv. 1. while [(Aramaic) corresponding to H5750]  Root(s): H5750,
H5758,עִויָא,1,`ivya' (iv-yaw') n-f. 1. perverseness [(Aramaic) from a root corresponding to H5753] KJV: iniquity.  Root(s): H5753,
H5760,עֲוִיל,1,perverse (morally),
H5761,עַוִּים,1,a place in Israel (with the article prefix),
H5772,עוֹנָה,1,sexual (cohabitation),
H5773,עַועֶה,1,perversity,
H5783,עוּר,1,to (be) bare,
H5784,עוּר,1,`uwr (oor) n-m. 1. chaff [(Aramaic) chaff (as the naked husk)],
H5789,עוּשׁ,1,to hasten,
H5790,עוּת,1,i.e. succor,
H5792,עַוָּתָה,1,oppression,
H5796,עֵז,1,`ez (aze) n-f. 1. goat [(Aramaic) corresponding to H5795]  Root(s): H5795,
H5802,עַזבּוּק,1,an Israelite,
H5805,עֲזוּבָה,1,desertion (of inhabitants),
H5811,עָזָז,1,an Israelite,
H5814,עוּזִּיָא,1,an Israelite,
H5815,עֲזִיאֵל,1,an Israelite,
H5819,עֲזִיזָא,1,an Israelite,
H5821,עַזָּן,1,an Israelite,
H5823,עָזַק,1,to grub over,
H5827,עֶזֶר,1,the name of two Israelites,
H5834,עֶזרָה,1,an Israelite,
H5836,עֶזרִי,1,an Israelite,
H5839,עֲזַריָה,1,"`Azaryah (az-ar-yaw') n/p. 1. Azarjah, one of Daniel's companions [(Aramaic) corresponding to H5838] KJV: Azariah.  Root(s): H5838",
H5843,עֵטָא,1,`eta' (ay-taw') n-f. 1. prudence [(Aramaic) from H3272] KJV: counsel.  Root(s): H3272,
H5845,עֲטִין,1,(figuratively) breast),
H5846,עֲטִישָׁה,1,sneezing,
H5851,עֲטָרָה,1,an Israelitess,
H5854,עַטרוֹת בֵּיתּ יוֹאָב,1,a place in Israel,
H5855,עַטרוֹת שׁוֹפָן,1,a place in Israel,
H5865,עֵילוֹם,1,ever,
H5866,עִילַי,1,an Israelite,
H5868,עֲיָם,1,probably meaning strength,
H5875,עֵין הַקּוֹרֵא,1,a place near Israel,
H5876,עֵין חַדָּה,1,a place in Israel,
H5877,עֵין חָצוֹר,1,a place in Israel,
H5878,עֵין חֲרוֹד,1,a place in Israel,
H5879,עֵינַיִם עֵינָם,1,a place in Israel,
H5880,עֵין מִשׁפָּט,1,a place near Israel,
H5882,עֵין עֶגלַיִם,1,a place in Israel,
H5884,עֵין רִמּוֹן,1,a place in Israel,
H5886,עֵין תַּנִּים,1,a pool near Jerusalem,
H5887,עֵין תַּפּוַּח,1,a place in Israel,
H5888,עָיֵף,1,to languish,
H5893,עִיר,1,an Israelite,
H5898,עִיר הַמֶּלַח,1,a place near Israel,
H5900,עִירוּ,1,an Israelite,
H5901,עִירִי,1,an Israelite,
H5905,עִיר שֶׁמֶשׁ,1,a place in Israel,
H5910,עַכּוֹ,1,Akko (from its situation on a bay),
H5913,עָכַס,1,"properly, to tie, specifically, with fetters; but used only as denominative from H5914]",
H5917,עָכָר,1,an Israelite,
H5919,עַכשׁוּב,1,an asp (from lurking coiled up),
H5924,עֵלָּא,1,`ella' (ale-law') adv. 1. above [(Aramaic) from H5922] KJV: over.  Root(s): H5922,
H5925,עוּלָּא,1,an Israelite,
H5926,עִלֵּג,1,stuttering,
H5928,עֲלָה,1,`alah (al-law') n-f. 1. a holocaust [(Aramaic) corresponding to H5930] KJV: burnt offering.  Root(s): H5930,
H5932,עַלוָה,1,moral perverseness,
H5936,עֲלוּקָה,1,the leech,
H5938,עָלֵז,1,exultant,
H5940,עֱלִי,1,a pestle (as lifted),
H5948,עֲלִיל,1,probably a crucible (as working over the metal),
H5950,עֲלִילִיָה,1,(miraculous) execution,
H5951,עֲלִיצּוּת,1,exultation,
H5952,עַלִּיתּ,1,a second-story room,
H5960,עַלמוֹן,1,a place in Israel,
H5962,עַלמִי,1,`Almiy (al-mee') n/g. 1. an Elamite or inhabitant of Elam [(Aramaic) patrial from a name corresponding to H5867 contracted] KJV: Elamite.,
H5966,עָלַע,1,to sip up,
H5967,עֲלַע,1,`ala` ; (al-ah') n-f. 1. a rib [(Aramaic) corresponding to H6763] KJV: rib.  Root(s): H6763,
H5969,עוּלפֶּה,1,i.e. (figuratively) mourning,
H5976,עָמַד,1,to shake,
H5979,עֶמדָּה,1,i.e. domicile,
H5981,עוּמָּה,1,a place in Israel,
H5990,עַמִּיזָבָד,1,an Israelite,
H5991,עַמִּיחוּר,1,a Syrian prince,
H5994,עֲמִיק,1,"`amiyq (am-eek') adj. 1. profound, i.e. unsearchable, deep [(Aramaic) corresponding to H6012]  Root(s): H6012",
H6000,עָמָל,1,an Israelite,
H6007,עֲמַסיָה,1,an Israelite,
H6008,עַמעָד,1,a place in Israel,
H6011,עוֹמֶק,1,depth,
H6015,עֲמַר,1,`amar (am-ar') n-m. 1. wool [(Aramaic) corresponding to H6785] KJV: wool.  Root(s): H6785,
H6023,עֲמַשׁסַי,1,an Israelite,
H6033,עֲנָה,1,`anah (an-aw') adj. 1. poor [(Aramaic) corresponding to H6031]  Root(s): H6031,
H6036,עָנוּב,1,an Israelite,
H6039,עֱנוּת,1,affliction,
H6044,עָנִים,1,a place in Israel,
H6046,עָנֵם,1,a place in Israel,
H6048,עֲנַמֶּלֶך,1,an Assyrian deity,
H6050,עֲנַן,1,`anan (an-an') n-m. 1. cloud [(Aramaic) corresponding to H6051]  Root(s): H6051,
H6052,עָנָן,1,an Israelite,
H6053,עֲנָנָה,1,cloudiness,
H6058,עָנֵף,1,branching,
H6065,עֲנַשׁ,1,`anash (an-ash') v. 1. a mulct [(Aramaic) corresponding to H6066] KJV: confiscation.  Root(s): H6066,
H6070,עַנתּוֹתִיָה,1,an Israelite,
H6072,עָסַס,1,to squeeze out juice; (figuratively) to trample,
H6073,עֳפֶא,1,a bough (as covering the tree),
H6078,עָפנִי,1,an Ophnite (collectively) or inhabitants of Ophen,
H6080,עָפַר,1,to be dust,
H6088,עֲצַב,1,"`atsab , (ats-ab') v. 1. to afflict [(Aramaic) corresponding to H6087] KJV: lamentable.  Root(s): H6087",
H6092,עָצֵב,1,a (hired) workman,
H6095,עָצָה,1,i.e. to close (the eyes),
H6096,עָצֶה,1,the spine (as giving firmness to the body),
H6097,עֵצָה,1,timber,
H6101,עָצַל,1,i.e. to be indolent or slack,
H6104,עַצלוּת,1,indolence,
H6110,עַצּוּמָה,1,i.e. (figuratively) argument,
H6112,עֵצֶן,1,a spear,
H6114,עֶצֶר,1,restraint,
H6120,עָקֵב,1,a lier in wait,
H6122,עָקבָּה,1,trickery,
H6123,עָקַד,1,to tie with thongs,
H6125,עָקָה,1,constraint,
H6127,עָקַל,1,to wrest,
H6129,עֲקַלָּתוֹן,1,tortuous,
H6130,עָקָן,1,an Idummaean,
H6133,עֵקֶר,1,"a transplanted person, i.e. naturalized citizen]",
H6134,עֵקֶר,1,an Israelite,
H6146,עָר,1,`ar (awr) n-m. 1. enemy [(Aramaic) corresponding to H6145]  Root(s): H6145,
H6156,עָרֵב,1,pleasant,
H6167,עֲרָד,1,`arad (ar-awd') n-m. 1. an onager [(Aramaic) corresponding to H6171] KJV: wild ass.  Root(s): H6171,
H6169,עָרָה,1,a naked (i.e. level) plot,
H6171,עָרוֹד,1,an onager (from his lonesome habits),
H6173,עַרוָה,1,"`arvah (ar-vaw') n-f. 1. nakedness, i.e. (figuratively) impoverishment [(Aramaic) corresponding to H6172] KJV: dishonor.  Root(s): H6172",
H6178,עָרוּץ,1,i.e. (concretely) a horrible place or chasm,
H6180,עֵרִי,1,a Erite (collectively) or descendants of Eri,
H6183,עָרִיף,1,the sky (as dropping at the horizon),
H6192,עָרַם,1,to pile up,
H6193,עוֹרֶם,1,a stratagem,
H6197,עֵרָן,1,an Israelite,
H6198,עֵרָנִי,1,an Eranite or descendant (collectively) of Eran,
H6199,עַרעָר,1,i.e. (figuratively) poor,
H6200,עֲרוֹעֵרִי,1,an Aroerite or inhabitant of Aroer,
H6216,עָשׁוֹק,1,a tyrant),
H6219,עָשׁוֹת,1,i.e. polished,
H6220,עַשׁוָת,1,an Israelite,
H6221,עֲשִׂיאֵל,1,"made of God; Asiel, an Israelite",
H6229,עָשַׂק,1,i.e. quarrel,
H6230,עֵשֶׂק,1,strife; a well that Isaac named,
H6232,עֵשֶׁק,1,an Israelite,
H6234,עָשׁקָה,1,anguish,
H6243,עֶשׂרִין,1,`esriyn (es-reen') n-e. 1. twenty [(Aramaic) corresponding to H6242]  Root(s): H6242,
H6246,עֲשִׁת,1,`ashith (ash-eeth') v. 1. to purpose [(Aramaic) corresponding to H6245] KJV: think.  Root(s): H6245,
H6247,עֶשֶׁת,1,a fabric,
H6248,עַשׁתּוּת,1,cogitation,
H6250,עֶשׁתּוֹנָה,1,thinking,
H6254,עַשׁתְּרָתִי,1,an Ashterathite or inhabitant of Ashtaroth,
H6255,עַשׁתְּרוֹת קַרנַיִם,1,a place East of the Jordan,
H6261,עִתּתִּי,1,timely,
H6263,עֲתִידּ,1,`athiyd (ath-eed') adj. 1. prepared [(Aramaic) corresponding to H6264] KJV: ready.  Root(s): H6264,
H6265,עֲתָיָה,1,an Israelite,
H6266,עָתִיק,1,i.e. venerable or splendid,
H6269,עֲתָך,1,a place in Israel,
H6270,עַתלַי,1,an Israelite,
H6272,עָתַם,1,i.e. (figuratively) be desolated,
H6273,עָתנִי,1,an Israelite,
H6276,עָתֵק,1,i.e. valued,
H6278,עֵת קָצִין,1,a place in Israel,
H6283,עֲתֶרֶת,1,copiousness,
H6284,פָּאָה,1,i.e. blow away,
H6291,פַּג,1,i.e. crude],
H6300,פְּדַהאֵל,1,an Israelite,
H6308,פָּדַע,1,to retrieve,
H6314,פּוּגָה,1,intermission,
H6317,פּוּטִיאֵל,1,an Israelite,
H6323,פּוּן,1,i.e. be perplexed],
H6324,פּוּנִי,1,a Punite (collectively) or descendants of an unknown Pun,
H6326,פּוּעָה,1,an Israelitess,
H6330,פּוּקָה,1,a stumbling-block,
H6334,פּוֹרָתָא,1,a son of Haman,
H6336,פּוּתִי,1,a Puthite (collectively) or descendants of an unknown Puth,
H6338,פָּזַז,1,to refine (gold),
H6345,פַּחדָּה,1,alarm (i.e. awe),
H6350,פַּחֲזוּת,1,frivolity,
H6351,פָּחַח,1,to spread a net,
H6353,פֶּחָר,1,pechar (peh-khawr') n-m. 1. a potter [(Aramaic) from an unused root probably meaning to fashion] KJV: potter.,
H6356,פְּחֶתֶת,1,a hole (by mildew in a garment),
H6359,פָּטִיר,1,i.e. unoccupied,
H6361,פַּטִּישׁ,1,pattiysh (pat-teesh') n-m. 1. a gown (as if hammered out wide) [(Aramaic) from a root corresponding to that of H6360] KJV: hose.  Root(s): H6360,
H6364,פִּי ־ בֶּסֶת,1,a place in Egypt,
H6366,פֵּיָה פִּיָה,1,an edge,
H6371,פִּימָה,1,obesity,
H6375,פִּיק,1,a tottering,
H6376,פִּישׁוֹן,1,a river of Eden,
H6379,פָּכָה,1,to pour,
H6384,פַּלּוּאִי,1,a Palluite (collectively) or descendants of Pallu,
H6386,פְּלַג,1,plag (pel-ag') v. 1. divided [(Aramaic) corresponding to H6385]  Root(s): H6385,
H6387,פְּלַג,1,plag (pel-ag') n-m. 1. a half [(Aramaic) from H6386] KJV: dividing.  Root(s): H6386,
H6390,פְּלַגָּה,1,i.e. gully,
H6392,פְּלוּגָּה,1,pluggah (pel-oog-gaw') n-f. 1. division [(Aramaic) corresponding to H6391]  Root(s): H6391,
H6393,פְּלָדָה,1,i.e. iron armature (of a chariot),
H6394,פִּלדָּשׁ,1,a relative of Abraham,
H6401,פִּלחָא,1,an Israelite,
H6402,פָּלחָן,1,polchan (pol-khawn') n-m. 1. worship [(Aramaic) from H6399] KJV: service.  Root(s): H6399,
H6407,פַּלטִּי,1,a Paltite or descendant of Palti,
H6408,פִּלטַּי,1,an Israelite,
H6415,פְּלִילָה,1,justice,
H6416,פְּלִילִי,1,judicial,
H6417,פְּלִילִיָה,1,judicature,
H6420,פָּלָל,1,an Israelite,
H6421,פְּלַליָה,1,an Israelite,
H6422,פַּלמוֹנִי,1,i.e. so-and-so,
H6426,פָּלַץ,1,(properly) perhaps to rend; (by implication) to quiver,
H6434,פֵּן,1,an angle (of a street or wall),
H6436,פַּנַּג,1,probably pastry,
H6445,פָּנַק,1,to enervate,
H6448,פָּסַג,1,i.e. (figuratively) contemplate,
H6450,פַּס דַּמִּים,1,a place in Israel,
H6451,פִּסָּה,1,i.e. abundance,
H6457,פָּסַך,1,an Israelite,
H6461,פָּסַס,1,i.e. (intransitive) disappear,
H6462,פִּספָּה,1,an Israelite,
H6463,פָּעָה,1,to scream,
H6469,פְּעוּלְּתַי,1,an Israelite,
H6474,פַּעֲרַי,1,an Israelite,
H6477,פְּצִירָה,1,bluntness,
H6479,פְּצָלָה,1,a peeling,
H6480,פָּצַם,1,to rend (by earthquake),
H6483,פִּצֵּץ,1,a priest,
H6488,פְּקִדוּת,1,supervision,
H6495,פְּקַח ־ קוַֹח,1,"i.e. jail-delivery (figuratively, salvation for sin)",
H6498,פַּקּוּעָה,1,the wild cucumber (from splitting open to shed its seeds),
H6500,פָּרָא,1,to bear fruit,
H6502,פִּראָם,1,a Canaanite,
H6507,פְּרוּדָה,1,i.e. a kernel,
H6511,פָּרָה,1,a place in Israel,
H6512,פֵּרָה,1,i.e. dug),
H6515,פָּרוַּח,1,an Israelite,
H6516,פַּרוַיִם,1,an Oriental region,
H6526,פִּרחַח,1,i.e. a brood,
H6527,פָּרַט,1,i.e. prate (or hum),
H6528,פֶּרֶט,1,a stray or single berry,
H6534,פַּרמַשׁתָּא,1,a son of Haman,
H6535,פַּרנַך,1,an Israelite,
H6542,פַּרסִי,1,or inhabitant of Peres,
H6543,פַּרסִי,1,Parciy (par-see') adj. 1. Persian [(Aramaic) corresponding to H6542]  Root(s): H6542,
H6552,פִּרעָתוֹן,1,a place in Israel,
H6554,פַּרפַּר,1,a river of Syria,
H6558,פַּרצִּי,1,a Partsite (collectively) or descendants of Perets,
H6559,פְּרָצִים,1,a mountain in Israel,
H6562,פְּרַק,1,praq (per-ak') v. 1. to discontinue [(Aramaic) corresponding to H6561] KJV: break off.  Root(s): H6561,
H6564,פָּרָק,1,soup (as full of crumbed meat),
H6568,פְּרַשׁ,1,prash (per-ash') v. 1. to specify [(Aramaic) corresponding to H6567] KJV: distinctly.  Root(s): H6567,
H6570,פֶּרֶשׁ,1,an Israelite,
H6574,פַּרשְׁדוֹן,1,H6504,
H6576,פַּרשֵׁז,1,to expand,
H6577,פַּרשַׁנדָּתָא,1,a son of Haman,
H6580,פַּשׁ,1,stupidity (as a result of grossness or of degeneracy),
H6582,פָּשַׁח,1,to tear in pieces,
H6585,פָּשַׂע,1,i.e. rush upon,
H6587,פֶּשַׂע,1,a stride,
H6592,פֵּשֶׁר,1,interpretation,
H6602,פְּתוּאֵל,1,an Israelite,
H6608,פֵּתַח,1,opening (figuratively) i.e. disclosure,
H6609,פְּתִחָה,1,i.e. a drawn sword,
H6614,פְּתִיגִּיל,1,probably a figured mantle for holidays,
H6615,פְּתַיוּת,1,silliness (i.e. seducibility),
H6618,פְּתַלתּוֹל,1,tortuous (i.e. crafty),
H6619,פִּתוֹם,1,a place in Egypt,
H6626,פָּתַת,1,i.e. break,
H6630,צַּאֲנָן,1,a place in Israel,
H6637,צּוֹבֵבָה,1,an Israelitess,
H6640,צְּבוּ,1,tsbuw (tseb-oo') n-m. 1. (properly) will 2. (concretely) an affair (as a matter of determination) [(Aramaic) from H6634] KJV: purpose.  Root(s): H6634,
H6641,צָּבוַּע,1,i.e. the hyena,
H6642,צָּבַט,1,i.e. hand out,
H6644,צִּביָא,1,an Israelite,
H6650,צְּבוֹעִים,1,a place in Israel,
H6652,צִּבּוּר,1,a pile,
H6653,צֶּבֶת,1,a lock of stalks,
H6656,צְּדָא,1,tsda' (tsed-aw') adj. 1. a (sinister) design [(Aramaic) from an unused root corresponding to H6658 in the sense of intentness] KJV: true.  Root(s): H6658,
H6661,צִּדִּים,1,a place in Israel,
H6665,צִּדקָה,1,tsidqah (tsid-kaw') n-f. 1. beneficence [(Aramaic) corresponding to H6666] KJV: righteousness.  Root(s): H6666,
H6668,צָּהַב,1,i.e. be golden in color,
H6671,צָּהַר,1,to press out oil,
H6681,צָּוַח,1,to screech (exultingly),
H6683,צּוּלָה,1,deep,
H6700,צּוּרִיאֵל,1,an Israelite,
H6702,צּוּת,1,to blaze,
H6704,צִּחֶה,1,parched,
H6705,צָּחַח,1,i.e. be dazzling white,
H6707,צְּחִיחָה,1,i.e. the desert,
H6708,צְּחִיחִי,1,i.e. in the glaring sun,
H6709,צַּחֲנָה,1,stench,
H6710,צַּחצָּחָה,1,i.e. desert,
H6713,צַּחַר,1,i.e. whiteness,
H6715,צָּחוֹר,1,white,
H6719,צַּיָד,1,a huntsman,
H6729,צִּינוֹק,1,the pillory,
H6730,צִּיעוֹר,1,a place in Israel,
H6732,צִּיצּ,1,a place in Israel,
H6733,צִּיצָּה,1,a flower,
H6737,צָּיַר,1,i.e. betake oneself,
H6742,צְּלוּל,1,a (round or flattened) cake,
H6745,צֵּלָחָה,1,i.e. a platter,
H6746,צְּלוֹחִיתּ,1,i.e. a vial or salt-cellar,
H6747,צַּלַּחַת,1,(figuratively) the bosom,
H6749,צָּלַל,1,i.e. settle by a waving motion,
H6753,צְּלֶלפּוֹנִי,1,an Israelitess,
H6764,צָּלָף,1,an Israelite,
H6766,צֶּלצַּח,1,a place in Israel,
H6773,צִּמאָה,1,of libidinousnes),
H6784,צָּמַק,1,to dry up,
H6798,צָּנַם,1,to blast or shrink,
H6799,צְּנָן,1,a place near Israel,
H6802,צְּנֵפָה,1,a ball,
H6803,צִּנצֶּנֶת,1,a vase (probably a vial tapering at the top),
H6804,צַּנתָּרָה,1,a tube,
H6811,צָּעִיר,1,a place in Idumaea,
H6812,צְּעִירָה,1,i.e. juvenility,
H6813,צָּעַן,1,i.e. to migrate,
H6816,צַּעצּוַּע,1,sculpture,
H6821,צָּפַד,1,to adhere,
H6824,צָּפָה,1,an inundation (as covering),
H6827,צְּפוֹן,1,an Israelite,
H6829,צָּפוֹן,1,a place in Israel,
H6830,צְּפוֹנִי,1,northern,
H6831,צְּפוֹנִי,1,or (collectively) descendants of Tsephon,
H6836,צְּפִיָה,1,watchfulness,
H6837,צִּפיוֹן,1,an Israelite,
H6838,צַּפִּיחִת,1,a flat thin cake,
H6839,צּוֹפִים,1,a place East of the Jordan,
H6840,צָּפִין,1,a treasure (as hidden),
H6841,צְּפִיר,1,tsphiyr (tsef-eer') n-m. 1. a he-goat [(Aramaic) corresponding to H6842] KJV: he (goat).  Root(s): H6842,
H6844,צָּפִיתּ,1,a sentry,
H6847,צָּפנַת פַּענֵַח,1,Joseph's Egyptian name,
H6849,צְּפִעָה,1,an outcast thing,
H6851,צַּפצָּפָה,1,a willow (as growing in overflowed places),
H6852,צָּפַר,1,i.e. return,
H6857,צְּפַת,1,a place in Israel,
H6858,צֶּפֶת,1,a capital of a column,
H6859,צְּפָתָה,1,a place in Israel,
H6861,צִּקלוֹן,1,a sack (as tied at the mouth),
H6863,צֵּר,1,a place in Israel,
H6866,צָּרַב,1,to burn,
H6871,צְּרוּעָה,1,an Israelitess,
H6874,צְּרִי,1,an Israelite,
H6878,צּוֹרֶך,1,need,
H6885,צּוֹרְפִי,1,an Israelite,
H6888,צְּרֵרָה,1,Tsererah for Tseredah,
H6889,צֶּרֶת,1,an Israelite,
H6890,צֶּרֶת הַשַּׁחַר,1,a place in Israel,
H6894,קַב,1,i.e. vessel used as a (dry) measure,
H6896,קֵבָה,1,the paunch (as a cavity) or first stomach of ruminants,
H6897,קוֹבָה,1,the abdomen (as a cavity),
H6898,קוּבָּה,1,a pavilion (as a domed cavity),
H6899,קִבּוּץ,1,a throng,
H6905,קָבָל,1,i.e. (adverbially) in front of,
H6910,קְבוּצָה,1,a hoard,
H6911,קִבצַּיִם,1,a place in Israel,
H6917,קָדוּם,1,a pristine hero,
H6930,קַדמוֹן,1,eastern,
H6935,קַדמוֹנִי,1,"Kadmonite (collectively), the name of a tribe in Israel",
H6940,קַדרוּת,1,duskiness,
H6941,קְדוֹרַנִּיתּ,1,in mourning weeds,
H6968,קוֹמְמִיוּת,1,elevation; (adverbially) standing uprightly; (figuratively) upright,
H6970,קוַֹע,1,a region of Babylon,
H6972,קוּץ,1,to clip off; used only as denominative from H7019],
H6983,קוֹשׁ,1,to set a trap,
H6984,קוּשָׁיָהוּ,1,an Israelite,
H6985,קַט,1,i.e. (adverbially) merely,
H6987,קוֹטֶב,1,extermination,
H6988,קְטוֹרָה,1,perfume,
H6990,קָטַט,1,i.e. (figuratively) destroy,
H6993,קֶטֶל,1,a violent death,
H6997,קָטָן,1,an Israelite,
H7000,קָטַר,1,to inclose,
H7002,קִטֵּר,1,perfume,
H7003,קִטרוֹן,1,a place in Israel,
H7005,קַטָּת,1,a place in Israel,
H7006,קָיָה,1,to vomit,
H7007,קַיִט,1,qayit (kah'-yit) n-m. 1. harvest [(Aramaic) corresponding to H7019] KJV: summer.  Root(s): H7019,
H7009,קִים,1,i.e. (collectively) enemies,
H7012,קִימָה,1,an arising,
H7013,קַיִן,1,a lance (as striking fast),
H7016,קִינָה,1,a place in Israel,
H7022,קִיקָלוֹן,1,intense disgrace,
H7029,קִישִׁי,1,an Israelite,
H7035,קָלַהּ,1,to assemble,
H7038,קָלַט,1,to maim,
H7040,קַלַּי,1,an Israelite,
H7041,קֵלָיָה,1,an Israelite,
H7048,קַלָּסָה,1,ridicule,
H7051,קַלָּע,1,a slinger,
H7052,קְלוֹקֵל,1,insubstantial,
H7053,קִלְּשׁוֹן,1,i.e. hay-fork,
H7056,קָמוֹן,1,a place East of the Jordan,
H7063,קִמָּשׁוֹן,1,a prickly plant,
H7066,קְנָא,1,qna' (ken-aw') v. 1. to purchase [(Aramaic) corresponding to H7069] KJV: buy.  Root(s): H7069,
H7078,קֶנֶץ,1,perversion,
H7082,קָסַס,1,to lop off,
H7085,קַעֲקַע,1,an incision or gash,
H7088,קָפַד,1,i.e. roll together,
H7089,קְפָדָה,1,"i.e., terror",
H7091,קִפּוֹז,1,i.e. spring forward],
H7102,קְצִיעָה,1,cassia (as peeled; plural the bark),
H7103,קְצִיעָה,1,a daughter of Job,
H7104,קְצִיצּ,1,a valley in Israel,
H7108,קְצַף,1,qtsaph (kets-af') v. 1. to become enraged [(Aramaic) corresponding to H7107] KJV: be furious.  Root(s): H7107,
H7109,קְצַף,1,qtsaph (kets-af') n-m. 1. rage [(Aramaic) from H7108] KJV: wrath.  Root(s): H7108,
H7111,קְצָפָה,1,a fragment,
H7113,קְצַץ,1,qtsats (kets-ats') v. 1. cut off [(Aramaic) corresponding to H7112]  Root(s): H7112,
H7115,קוֹצֶר,1,i.e. impatience,
H7120,קוֹר,1,cold,
H7129,קְרָב,1,qrab (ker-awb') n-m. 1. war [(Aramaic) corresponding to H7128]  Root(s): H7128,
H7137,קָרֶה,1,i.e. some accidental (ceremonial) disqualification,
H7150,קְרִיאָה,1,a proclamation,
H7155,קִריַת חוּצוֹת,1,a place in Moab,
H7163,קֶרֶן הַפּוּך,1,one of Job's daughters,
H7171,קֶרֶץ,1,extirpation (as if by constriction),
H7173,קַרקַע,1,a place in Israel,
H7174,קַרקוֹר,1,a place East of the Jordan,
H7177,קַרתָּה,1,a place in Israel,
H7178,קַרתָּן,1,a place in Israel,
H7180,קִשּׁוּא,1,a cucumber (from the difficulty of digestion),
H7190,קְשִׁי,1,obstinacy,
H7199,קַשָּׁת,1,a bowman,
H7201,רָאָה,1,from its sharp sight),
H7202,רָאֶה,1,i.e. experiencing,
H7204,רוֹאֵה,1,an Israelite,
H7207,רַאֲוָה,1,i.e. satisfaction,
H7208,רְאוּמָה,1,a Syrian woman,
H7209,רְאִי,1,a mirror (as seen),
H7212,רְאִיתּ,1,sight,
H7213,רָאַם,1,to rise,
H7220,רוֹאשׁ,1,the name of an Israelite and of a foreign nation,
H7221,רִאשָׁה,1,a beginning,
H7222,רוֹאשָׁה,1,the head,
H7224,רִאשׁוֹנִי,1,first,
H7226,רַאֲשׁוֹת,1,a pillow (being for the head),
H7234,רָבַד,1,to spread,
H7245,רַבִּיתּ,1,a place in Israel,
H7252,רֶבַע,1,prostration (for sleep),
H7265,רְגַז,1,rgaz (reg-az') v. 1. provoke unto wrath [(Aramaic) corresponding to H7264]  Root(s): H7264,
H7266,רְגַז,1,rgaz (reg-az') n-m. 1. violent anger [(Aramaic) from H7265] KJV: rage.  Root(s): H7265,
H7268,רַגָּז,1,timid,
H7269,רָגזָה,1,trepidation,
H7276,רֶגֶם,1,an Israelite,
H7277,רִגמָה,1,i.e. (figuratively) a throng,
H7278,רֶגֶם מֶלֶך,1,an Israelite,
H7282,רָגֵַע,1,i.e. peaceable,
H7283,רָגַשׁ,1,to be tumultuous,
H7288,רַדַּי,1,an Israelite,
H7295,רָהָב,1,insolent,
H7296,רוֹהָב,1,pride,
H7297,רָהָה,1,to fear,
H7303,רוֹהֲגָה,1,an Israelite,
H7315,רוֹם,1,i.e. (adverbially) aloft,
H7316,רוּמָה,1,a place in Israel,
H7317,רוֹמָה,1,i.e. (adverbially) proudly,
H7318,רוֹמָם,1,i.e. (figuratively and specifically) praise,
H7319,רוֹמְמָה,1,i.e. praise,
H7322,רוּף,1,i.e. (figuratively) to agitate (by concussion),
H7325,רוּר,1,i.e. (by analogy) to emit a fluid (ulcerous or natural),
H7331,רְזוֹן,1,a Syrian,
H7333,רָזוֹן,1,a dignitary,
H7335,רָזַם,1,to twinkle the eye (in mockery),
H7351,רְחִיטּ,1,a panel (as resembling a trough),
H7352,רַחִיק,1,rachiyq (rakh-eek') adj. 1. far [(Aramaic) corresponding to H7350]  Root(s): H7350,
H7357,רַחַם,1,an Israelite,
H7359,רְחֵם,1,rchem (rekh-ame') n-m. 1. (plural) pity [(Aramaic) corresponding to H7356] KJV: mercy.  Root(s): H7356,
H7361,רַחֲמָה,1,a maiden,
H7362,רַחמָנִי,1,compassionate,
H7365,רְחַץ,1,rchats (rekh-ats') v. 1. to attend upon [(Aramaic) corresponding to H7364 (probably through the accessory idea of ministering as a servant at the bath)] KJV: trust.  Root(s): H7364,
H7369,רָחֵק,1,remote,
H7370,רָחַשׁ,1,to gush,
H7371,רַחַת,1,a winnowing-fork (as blowing the chaff away),
H7372,רָטַב,1,to be moist,
H7373,רָטוֹב,1,moist (with sap),
H7374,רֶטֶט,1,terror,
H7375,רוּטֲפַשׁ,1,H2954,
H7377,רִי,1,i.e. a shower,
H7382,רֵיַח,1,reyach (ray'-akh) n-f. 1. smell [(Aramaic) corresponding to H7381]  Root(s): H7381,
H7391,רוֹך,1,softness (figuratively),
H7396,רִכבָּה,1,a chariot (collectively),
H7398,רְכוּב,1,a vehicle (as ridden on),
H7403,רָכָל,1,a place in Israel,
H7406,רֶכֶס,1,a mountain ridge (as of tied summits),
H7407,רוֹכֶס,1,a snare (as of tied meshes),
H7419,רָמוּת,1,a heap (of carcasses),
H7421,רַמִּי,1,i.e. Aramaean,
H7422,רַמיָה,1,an Israelite,
H7424,רַמָּך,1,a brood mare,
H7427,רוֹמֵמוּת,1,exaltation,
H7432,רֶמֶת,1,a place in Israel,
H7435,רָמָתִי,1,a Ramathite or inhabitant of Ramah,
H7437,רָמַת לֶחִי,1,a place in Israel,
H7438,רוֹן,1,a shout (of deliverance),
H7439,רָנָה,1,to whiz,
H7441,רִנָּה,1,an Israelite,
H7443,רֶנֶן,1,an ostrich (from its wail),
H7449,רֶסֶן,1,a place in Assyrian,
H7450,רָסַס,1,to moisten (with drops),
H7465,רוֹעָה,1,utterly.,
H7471,רְעִי,1,pasture,
H7472,רֵעִי,1,an Israelite,
H7477,רָעַל,1,i.e. (figuratively) to brandish,
H7478,רַעַל,1,a reeling (from intoxication),
H7479,רַעֲלָה,1,a long veil (as fluttering),
H7480,רְעֵלָיָה,1,an Israelite,
H7483,רַעמָה,1,the mane of a horse (as quivering in the wind),
H7485,רַעַמיָה,1,an Israelite,
H7487,רַעמְסֵס רַעַמסֵס,1,a place in Egypt,
H7500,רִפאוּת,1,a cure,
H7501,רְפָאֵל,1,an Israelite,
H7505,רָפוּא,1,an Israelite,
H7506,רֶפַח,1,an Israelite,
H7507,רְפִידָּה,1,a railing (as spread along),
H7510,רִפיוֹן,1,slackness,
H7513,רַפסוֹדָה,1,a raft (as flat on the water),
H7514,רָפַק,1,to recline,
H7516,רֶפֶשׁ,1,mud (as roiled),
H7517,רֶפֶת,1,a stall for cattle (from their resting there),
H7518,רַץ,1,a fragment,
H7519,רָצָא,1,run.,
H7520,רָצַד,1,i.e. (figuratively) be jealous,
H7525,רִציָא,1,an Israelite,
H7527,רָצַע,1,to pierce,
H7528,רָצַף,1,i.e. embroider (as if with bright stones),
H7529,רֶצֶף,1,a red-hot stone (for baking),
H7539,רִקָּבוֹן,1,decay (by caries),
H7542,רַקּוֹן,1,a place in Israel,
H7544,רֶקַח,1,(properly) perfumery; (by implication) spicery (for flavor),
H7546,רַקָּח,1,a male perfumer,
H7547,רַקּוַּח,1,a scented substance,
H7548,רַקָּחָה,1,a female perfumer,
H7555,רִקּוַּע,1,i.e. a (metallic) plate,
H7556,רָקַק,1,to spit,
H7557,רַקַּת,1,a place in Israel,
H7558,רִשׁיוֹן,1,a permit,
H7559,רָשַׁם,1,to record,
H7566,רֶשֶׁף,1,an Israelite,
H7569,רַתּתּוֹק,1,a chain,
H7571,רֶתַח,1,a boiling,
H7573,רָתַם,1,to yoke up (to the pole of a vehicle),
H7577,רְתוּקָה,1,i.e. a chain,
H7578,רְתֵת,1,terror,
H7583,שָׁאָה,1,i.e. (intransitively) be astonished,
H7584,שַׁאֲוָה,1,a tempest (as rushing),
H7587,שָׁאוּלִי,1,a Shaulite or descendant of Shaul,
H7591,שְׁאִיָה,1,desolation,
H7594,שְׁאָל,1,an Israelite,
H7595,שְׁאֵלָא,1,"sh'ela' (sheh-ay-law') n-f. 1. (properly) a question (at law), i.e. judicial decision or mandate [(Aramaic) from H7593] KJV: demand.  Root(s): H7593",
H7598,שְׁאַלתִּיאֵל,1,Sh'altiy'el (sheh-al-tee-ale') n/p. 1. Shealtiel [(Aramaic) corresponding to H7597]  Root(s): H7597,
H7601,שָׁאַס,1,to plunder,
H7608,שַׁאֲרָה,1,female kindred by blood,
H7609,שֶׁאֱרָה,1,an Israelitess,
H7610,שְׁאָר יָשׁוּב,1,the symbolic name of one of Isaiah's sons,
H7612,שֵׁאתּ,1,devastation,
H7615,שְׁבָאִי,1,a Shebaite or descendant of Sheba,
H7616,שָׁבָב,1,i.e. ruin,
H7625,שְׁבַט,1,shebat (sheb-at') n-m. 1. a clan [(Aramaic) corresponding to H7626] KJV: tribe.  Root(s): H7626,
H7627,שְׁבָט,1,a Jewish month,
H7629,שׁוֹבִי,1,an Ammonite,
H7632,שָׁבִיבּ,1,flame (as split into tongues),
H7634,שָׁביָה,1,an Israelite,
H7636,שָׁבִיס,1,a netting for the hair,
H7638,שָׂבָך,1,a netting (ornament to the capital of a column),
H7640,שׁוֹבֶל,1,a lady's train (as trailing after her),
H7642,שַׁבלוּל,1,a snail (as if floating in its own slime),
H7653,שִׂבעָה,1,satiety,
H7656,שִׁבעָה,1,a well in Israel,
H7658,שִׁבעָנָה,1,seven,
H7661,שָׁבָץ,1,i.e. (figuratively) perplexity,
H7669,שֶׁבֶר,1,an Israelite,
H7671,שְׁבָרִים,1,a place in Israel,
H7672,שְׁבַשׁ,1,"shbash (sheb-ash') v. 1. to entangle, i.e. perplex [(Aramaic) corresponding to H7660] KJV: be astonished.  Root(s): H7660",
H7681,שָׁגֵא,1,an Israelite,
H7691,שְׁגִיאָה,1,a moral mistake,
H7712,שְׁדַר,1,shdar (shed-ar') v. 1. to endeavor [(Aramaic) a primitive root] KJV: labour.,
H7714,שַׁדרַך,1,the Bab. name of one of Daniel's companions,
H7717,שָׂהֵד,1,a witness,
H7719,שׁוֹהַם,1,an Israelite,
H7729,שׁוּבָה,1,a return,
H7730,שׂוֹבֶך,1,i.e. interlaced branches,
H7733,שׁוֹבֵק,1,an Israelite,
H7734,שׂוּג,1,to retreat,
H7735,שׂוּג,1,to hedge in,
H7736,שׁוּד,1,by implication of insolence) to devastate,
H7738,שָׁוָה,1,to destroy,
H7740,שָׁוֵה,1,a place in Israel,
H7741,שָׁוֵה קִריָתַיִם,1,a place East of the Jordan,
H7742,שׂוַּח,1,to muse pensively,
H7746,שׁוּחָה,1,an Israelite,
H7748,שׁוּחָם,1,an Israelite,
H7756,שׂוּכָתִי,1,a Sukathite or descendant of an unknown Israelite named Sukah,
H7762,שׁוּם,1,garlic (from its rank odor),
H7765,שׁוּנִי,1,a Shunite (collectively) or descendants of Shuni,
H7772,שׁוַֹע,1,an Oriental people,
H7773,שֶׁוַע,1,a halloo,
H7774,שׁוּעָא,1,an Israelitess,
H7781,שׁוּפָמִי,1,a Shuphamite (collectively) or descendants of Shephupham,
H7787,שׂוּר,1,to saw,
H7790,שׁוּר,1,a foe (as lying in wait),
H7795,שׂוֹרָה,1,i.e. (by analogy) a row (adverbially),
H7796,שׂוֹרֵק,1,a valley in Israel,
H7798,שַׁושָׁא,1,an Israelite,
H7801,שׁוּשַׁנכִּי,1,Shuwshankiy (shoo-shan-kee') n/l. 1. a Shushankite (collectively) or inhabitants of some unknown place in Assyrian [(Aramaic) of foreign origin] KJV: Susanchites.,
H7807,שַׁח,1,i.e. downcast,
H7808,שֵַׂח,1,i.e. (reflexively) meditation,
H7813,שָׂחוּ,1,a pond (for swimming),
H7815,שְׁחוֹר,1,i.e. perhaps soot,
H7816,שְׁחוּת,1,pit,
H7818,שָׂחַט,1,i.e. squeeze (grapes),
H7821,שְׁחִיטָּה,1,slaughter,
H7824,שָׁחִיף,1,a board (as chipped thin),
H7825,שְׁחִיתּ,1,pit.,
H7827,שְׁחֵלֶת,1,i.e. the aromatic mussel,
H7831,שַׁחֲצוֹם,1,a place in Israel,
H7835,שָׁחַר,1,to be dim or dark (in color),
H7839,שַׁחֲרוּת,1,i.e. (figuratively) juvenescence,
H7840,שְׁחַרחוֹרֶת,1,swarthy,
H7841,שְׁחַריָה,1,an Israelite,
H7842,שַׁחֲרַיִם,1,an Israelite,
H7846,שֵׂט סֵט,1,i.e. sin,
H7850,שׁוֹטֵט,1,to pierce],
H7855,שִׂטנָה,1,opposition (by letter),
H7856,שִׂטנָה,1,the name of a well in Israel,
H7859,שְׁטַר,1,shtar (shet-ar') n-m. 1. a side [(Aramaic) of uncertain derivation] KJV: side.,
H7863,שִׂיא,1,elevation,
H7864,שְׁיָא,1,an Israelite,
H7865,שִׂיאוֹן,1,the summit of Mt. Hermon,
H7866,שִׁיאוֹן,1,a place in Israel,
H7869,שֵׂיבּ,1,old age,
H7870,שִׁיבָּה,1,a return (of property),
H7871,שִׁיבָּה,1,residence,
H7873,שִׂיגּ,1,a withdrawal (into a private place),
H7876,שָׁיָה,1,to keep in memory,
H7877,שִׁיזָא,1,an Israelite,
H7884,שִׁיחוֹר לִבֶנָת,1,a stream of Israel,
H7889,שִׁימוֹן,1,an Israelite,
H7893,שַׁיִשׁ,1,i.e. marble,
H7894,שִׁישָׁא,1,an Israelite,
H7899,שֵׂך,1,H7753,
H7900,שׂוֹך,1,H7753,
H7904,שָׁכָה,1,to roam (through lust),
H7905,שׂוּכָּה,1,H7899,
H7906,שֵׂכוּ,1,a place in Israel,
H7907,שֶׂכוִי,1,observant; (concretely) the mind,
H7913,שָׁכֵַח,1,oblivious,
H7914,שְׂכִיָה,1,a conspicuous object,
H7915,שַׂכִּין,1,H7753,
H7917,שְׂכִירָה,1,a hiring,
H7920,שְׂכַל,1,skal (sek-al') v. 1. consider [(Aramaic) corresponding to H7919]  Root(s): H7919,
H7923,שִׁכּוּלִים,1,childlessness (by continued bereavements),
H7929,שִׁכמָה,1,the shoulder-bone,
H7930,שִׁכמִי,1,or descendants of Shekem,
H7933,שֶׁכֶן,1,a residence,
H7942,שִׁכְּרוֹן,1,"Shikkeron, a place in Israel",
H7944,שַׁל,1,a fault,
H7946,שַׁלאֲנָן,1,tranquil,
H7949,שָׁלַג,1,"properly, meaning to be white; used only as denominative from H7950]",
H7953,שָׁלָה,1,i.e. remove (the soul by death),
H7954,שְׁלָה,1,shlah (shel-aw') v. 1. to be secure [(Aramaic) corresponding to H7951] KJV: at rest.  Root(s): H7951,
H7955,שָׁלָה,1,shalah (shaw-law') n-f. 1. a wrong [(Aramaic) from a root corresponding to H7952] KJV: thing amiss.  Root(s): H7952,
H7959,שֶׁלֶו,1,security,
H7963,שְׁלֵוָה,1,shlevah (shel-ay-vaw') n-f. 1. safety [(Aramaic) corresponding to H7962] KJV: tranquillity. See also H7961.  Root(s): H7962  See also: H7961,
H7968,שַׁלוּן,1,an Israelite,
H7976,שִׁלּוּחָה,1,a shoot,
H7978,שִׁלחִים,1,a place in Israel,
H7986,שַׁלֶּטֶת,1,a vixen,
H7987,שְׁלִי,1,privacy,
H7988,שִׁליָה,1,a fetus or babe (as extruded in birth),
H7995,שַׁלֶּכֶת,1,a felling (of trees),
H7996,שַׁלֶּכֶת,1,a gate in Jerusalem,
H8005,שִׁלֵּם,1,requital,
H8009,שַׂלמָה,1,an Israelite,
H8011,שִׁלּוּמָה,1,retribution,
H8012,שַׂלמוֹן,1,an Israelite,
H8015,שְׁלוֹמִי,1,an Israelite,
H8016,שִׁלֵּמִי,1,a Shilemite (collectively) or descendants of Shillem,
H8021,שַׁלמוֹן,1,a bribe,
H8023,שִׁלוֹנִי,1,an Israelite,
H8024,שֵׁלָנִי,1,or descendants of Shelah,
H8028,שֶׁלֶשׁ,1,an Israelite,
H8030,שִׁלשָׁה,1,an Israelite,
H8031,שָׁלִשָׁה,1,a place in Israel,
H8038,שֶׁמאֵבֶר,1,"Shemeber, a king of Zeboim",
H8039,שִׁמאָה,1,an Israelite,
H8043,שִׁמאָם,1,an Israelite,
H8046,שְׁמַד,1,shmad (shem-ad') v. 1. consume [(Aramaic) corresponding to H8045]  Root(s): H8045,
H8049,שַׁמהוּת,1,an Israelite,
H8053,שָׁמוּר,1,an Israelite,
H8054,שַׁמּוֹת,1,an Israelite,
H8062,שְׁמִידָּעִי,1,a Shemidaite (collectively) or descendants of Shemida,
H8063,שְׂמִיכָּה,1,a run (as sustaining the Oriental sitter),
H8073,שַׁמלַי,1,one of the Nethinim,
H8075,שְׁמַם,1,shmam (shem-am') v. 1. be astonished [(Aramaic) corresponding to H8074]  Root(s): H8074,
H8079,שְׂמָמִיתּ,1,a lizard (from the superstition of its noxiousness),
H8090,שְׁמָע,1,a place in Israel,
H8091,שָׁמָע,1,an Israelite,
H8094,שְׁמָעָה,1,an Israelite,
H8101,שִׁמעָתִי,1,a Shimathite (collectively) or descendants of Shimah,
H8103,שִׁמצָּה,1,scornful whispering (of hostile spectators),
H8108,שָׁמרָה,1,watchfulness,
H8109,שְׁמוּרָה,1,i.e. an eye-lid,
H8112,שִׁמרוֹן מְראוֹן,1,a place in Israel,
H8116,שִׁמרִיתּ,1,a Moabitess,
H8117,שִׁמרוֹנִי,1,a Shimronite (collectively) or descendants of Shimron,
H8118,שׁוֹמְרוֹנִי,1,a Shomeronite (collectively) or inhabitants of Shomeron,
H8119,שִׁמרָת,1,an Israelite,
H8120,שְׁמַשׁ,1,shmash (shem-ash') v. 1. to serve [(Aramaic) corresponding to the root of H8121 through the idea of activity implied in day-light] KJV: minister.  Root(s): H8121,
H8122,שֶׁמֶשׁ,1,shemesh (sheh'-mesh) n-m. 1. the sun [(Aramaic) corresponding to H8121] KJV: sun.  Root(s): H8121,
H8125,שַׁמשְׁרַי,1,an Israelite,
H8126,שׁוּמָתִי,1,a Shumathite (collectively) or descendants of Shumah,
H8129,שֵׁן,1,a place in Israel,
H8134,שִׁנאָב,1,a Canaanite,
H8136,שִׁנאָן,1,i.e. repetition,
H8137,שֶׁנאַצַּר,1,an Israelite,
H8139,שְׁנָה,1,shnah (shen-aw') n-f. 1. sleep [(Aramaic) corresponding to H8142]  Root(s): H8142,
H8146,שָׂנִיא,1,hated,
H8151,שָׁנַס,1,to compress (with a belt),
H8153,שְׁנָת,1,sleep,
H8158,שָׁסַף,1,i.e. slaughter,
H8161,שַׁעֲטָה,1,a clatter (of hoofs),
H8164,שָׂעִיר,1,a shower (as tempestuous),
H8167,שְׂעִירָה,1,a place in Israel,
H8171,שַׁעֲלִים,1,a place in Israel,
H8176,שָׁעַר,1,(figuratively) to estimate,
H8180,שַׁעַר,1,a measure (as a section),
H8182,שׁוֹעָר,1,i.e. offensive,
H8188,שְׂעוֹרִים,1,an Israelite,
H8190,שַׁעַשׁגַּז,1,a eunuch of Xerxes,
H8194,שָׁפָה,1,a cheese (as strained from the whey),
H8200,שְׁפַט,1,shphat (shef-at') v. 1. to judge [(Aramaic) corresponding to H8199] KJV: magistrate.  Root(s): H8199,
H8204,שִׁפטָּן,1,an Israelite,
H8207,שְׁפִיפוֹן,1,probably the cerastes or horned adder,
H8208,שָׁפִיר,1,a place in Israel,
H8212,שָׁפכָּה,1,"e.g. wine), i.e. the penis",
H8215,שְׁפַל,1,shphal (shef-al') adj. 1. low [(Aramaic) from H8214] KJV: basest.  Root(s): H8214,
H8218,שִׁפלָה,1,depression,
H8220,שִׁפלוּת,1,remissness,
H8223,שָׁפָם,1,an Israelite,
H8224,שִׂפמוֹת,1,a place in Israel,
H8225,שִׁפמִי,1,a Shiphmite or inhabitant of Shepham,
H8226,שָׂפַן,1,to conceal (as a valuable),
H8228,שֶׁפַע,1,resources,
H8230,שִׁפעִי,1,an Israelite,
H8231,שָׁפַר,1,"i.e. (figuratively) be (causatively, make) fair",
H8233,שֶׁפֶר,1,beauty,
H8235,שִׁפרָה,1,brightness,
H8236,שִׁפרָה,1,an Israelitess,
H8238,שְׁפַרפַר,1,shpharphar (shef-ar-far') n-m. 1. the dawn (as brilliant with aurora) [(Aramaic) from H8231] KJV: X very early in the morning.  Root(s): H8231,
H8241,שֶׁצֶף,1,H7110,
H8243,שָׁק,1,shaq (shawk) n-m. 1. the leg [(Aramaic) corresponding to H7785] KJV: leg.  Root(s): H7785,
H8244,שָׂקַד,1,to fasten,
H8249,שִׁקּוּו,1,(plural collective) a draught,
H8253,שֶׁקֶט,1,tranquillity,
H8258,שְׁקַערוּרָה,1,a depression,
H8260,שֶׁקֶף,1,to admit light and air,
H8265,שָׂקַר,1,i.e. blink coquettishly,
H8277,שָׂרַד,1,i.e. (figuratively through the idea of slipping out) to escape or survive,
H8279,שֶׂרֶד,1,a (carpenter's) scribing-awl (for pricking or scratching measurements),
H8281,שָׁרָה,1,to free,
H8284,שָׁרָה,1,wall.,
H8285,שֵׁרָה,1,a wrist-band (as compact or clasping),
H8287,שָׁרוּחֶן,1,a place in Israel,
H8290,שָׁרוֹנִי,1,a Sharonite or inhabitant of Sharon,
H8291,שָׂרוּק,1,H8321.,
H8293,שֵׁרוּת,1,freedom,
H8298,שָׁרַי,1,an Israelite,
H8305,שְׂרִיקָה,1,(by extension) linen cloth,
H8306,שָׁרִיר,1,i.e. (by analogy) sinew,
H8308,שָׂרַך,1,to interlace,
H8309,שְׁרֵמָה,1,a common,
H8310,שַׂרסְכִים,1,a Babylonian general,
H8315,שָׂרָף,1,an Israelite,
H8320,שָׂרוּק,1,i.e. bay,
H8325,שָׁרָר,1,an Israelite,
H8326,שׁוֹרֶר,1,i.e. (by extension) a bodice,
H8329,שֶׁרֶשׁ,1,an Israelite,
H8331,שַׁרשָׁה,1,i.e. linked),
H8332,שְׁרוֹשׁוּ,1,"shroshuw (sher-o-shoo') n-f. 1. eradication, i.e. (figuratively) exile [(Aramaic) from a root corresponding to H8327] KJV: banishment.  Root(s): H8327",
H8338,שָׁשָׁא,1,to annihilate,
H8341,שָׁשָׁה,1,to sixth or divide into sixths,
H8343,שָׁשַׁי,1,an Israelite,
H8351,שֵׁת,1,tumult,
H8358,שְׁתִי,1,intoxicaion,
H8360,שְׁתִיָה,1,potation,
H8363,שְׁתִיל,1,i.e. sucker,
H8364,שׁוּתַלחִי,1,a Shuthalchite (collectively) or descendants of Shuthelach,
H8368,שָׂתַר,1,to break out (as an eruption),
H8369,שֵׁתָר,1,a Persian satrap,
H8374,תָּאַב,1,to loathe (morally),
H8375,תַּאֲבָה,1,desire,
H8379,תַּאֲוָה,1,i.e. full extent,
H8381,תַּאֲלָה,1,an imprecation,
H8383,תְּאוּן,1,i.e. toil,
H8387,תַּאֲנַת שִׁלוֹה,1,a place in Israel,
H8390,תַּאֲרֵַע,1,an Israelite,
H8395,תְּבוּסָה,1,i.e. ruin,
H8399,תַּבלִיתּ,1,consumption,
H8400,תְּבַלּוּל,1,blemish,
H8406,תְּבַר,1,tbar (teb-ar') v. 1. to be fragile (figuratively) [(Aramaic) corresponding to H7665] KJV: broken.  Root(s): H7665,
H8408,תַּגמוּל,1,a bestowment,
H8409,תִּגרָה,1,i.e. infliction,
H8417,תָּהֳלָה,1,braggadocio; (by implication) fatuity,
H8418,תַּהֲלוּכָה,1,a procession,
H8428,תָּוָה,1,H8427,
H8429,תְּוַהּ,1,"tvahh (tev-ah') v. 1. to amaze 2. (reflexively, by implication) to take alarm [(Aramaic) corresponding to H8539 or perhaps to H7582 through the idea of sweeping to ruin] KJV: be astonied.  Root(s): H8539, H7582  Compare: H8428",
H8430,תּוַֹח,1,an Israelite,
H8434,תּוֹלָד,1,a place in Israel,
H8436,תּוּלוֹן,1,an Israelite,
H8437,תּוֹלָל,1,i.e. an oppressor,
H8440,תּוֹלָעִי,1,a Tolaite (collectively) or descendants of Tola,
H8445,תּוֹקַהַת,1,an Israelite,
H8448,תּוֹר,1,a manner (as a sort of turn),
H8452,תּוֹרָה,1,a custom,
H8455,תּוֹתָח,1,a club,
H8456,תָּזַז,1,to lop off,
H8459,תּוֹחוּ,1,an Israelite,
H8461,תַּחכְּמוֹנִי,1,an Israelite,
H8466,תַּחֲנָה,1,(only plural collectively) an encampment,
H8468,תְּחִנָּה,1,an Israelite,
H8470,תַּחֲנִי,1,a Tachanite (collectively) or descendants of Tachan,
H8475,תַּחרֵַע,1,an Israelite,
H8477,תַּחַשׁ,1,a relative of Abraham,
H8479,תַּחַת,1,tachath (takh'-ath) prep. 1. under [(Aramaic) corresponding to H8478]  Root(s): H8478,
H8483,תַּחתִּים חָדשִׁי,1,a place in Israel,
H8488,תֵּימְנִי,1,an Israelite,
H8491,תִּיצִּי,1,a Titsite or descendant or inhabitant of an unknown Tits,
H8493,תִּירְיָא,1,"Tirja, an Israelite",
H8497,תָּכָה,1,i.e. encamp,
H8499,תְּכוּנָה,1,i.e. a place,
H8501,תָּכָך,1,i.e. crush],
H8502,תִּכלָה,1,completeness,
H8507,תּוֹכֶן,1,a place in Israel,
H8509,תַּכרִיכּ,1,a wrapper or robe,
H8512,תֵּל אָבִיבּ,1,a place in Chaldaea,
H8514,תַּלאוּבָה,1,desiccation,
H8516,תַּלבּוֹשֶׁת,1,a garment,
H8517,תְּלַג,1,tlag (tel-ag') n-m. 1. snow [(Aramaic) corresponding to H7950] KJV: snow.  Root(s): H7950,
H8520,תֶּלַח,1,an Israelite,
H8522,תְּלִי,1,a quiver (as slung),
H8524,תָּלַל,1,i.e. elevate,
H8527,תַּלמִידּ,1,a pupil,
H8529,תָּלַע,1,i.e. dye that color,
H8530,תַּלפִּיָה,1,i.e. (plural collective) slenderness,
H8534,תַּלתַּל,1,from H8524 through the idea of vibration],
H8542,תַּמּוּז,1,a Phoenician deity,
H8554,תִּמנִי,1,a Timnite or inhabitant of Timnah,
H8557,תֶּמֶס,1,i.e. disappearance,
H8564,תַּמרוּר,1,i.e. pillar (probably for a guide-board),
H8565,תַּן,1,also a jackal (or other hideous land animal),
H8568,תַּנָּה,1,a female jackal,
H8578,תִּניָן,1,tinyan (tin-yawn') adj. 1. second [(Aramaic) corresponding to H8147] KJV: second.  Root(s): H8147,
H8579,תִּניָנוּת,1,tinyanuwth (tin-yaw-nooth') adv. 1. a second time [(Aramaic) from H8578] KJV: again.  Root(s): H8578,
H8589,תַּעֲנִיתּ,1,i.e. fasting,
H8592,תַּעֲצוּמָה,1,might (plural collective),
H8600,תְּפוֹצָה,1,a dispersal,
H8601,תּוּפִין,1,cookery; (concretely) a cake,
H8603,תּוֹפֶל,1,a place near the Desert,
H8606,תִּפלֶצֶת,1,fearfulness,
H8611,תּוֹפֶת,1,i.e. (figuratively) contempt,
H8613,תָּפתֶּה,1,a place of cremation,
H8617,תְּקוּמָה,1,resistfulness,
H8618,תְּקוֹמֵם,1,an opponent,
H8619,תָּקוַֹע,1,a trumpet,
H8623,תַּקִּיף,1,powerful,
H8627,תְּקַן,1,"tqan (tek-an') v. 1. to straighten up, i.e. confirm [(Aramaic) corresponding to H8626] KJV: establish.  Root(s): H8626",
H8629,תֵּקַע,1,a blast of a trumpet,
H8634,תַּראֲלָה,1,a place in Israel,
H8638,תִּרגַּם,1,i.e. translate,
H8642,תְּרוּמִיָה,1,a sacrificial offering,
H8644,תְּרוּפָה,1,H7495,
H8645,תִּרזָה,1,perhaps the cypress,
H8647,תִּרחֲנָה,1,an Israelite,
H8652,תָּרָע,1,tara` (taw-raw') n-m. 1. a doorkeeper [(Aramaic) from H8651] KJV: porter.  Root(s): H8651,
H8654,תִּרעָתִי,1,a Tirathite or inhabitant of an unknown Tirah,
H8662,תַּרתָּק,1,a deity of the Avvites,
H8665,תַּשׁבֵּץ,1,checkered stuff (as reticulated),
H8667,תְּשׂוּמֶת,1,i.e. pledging,
H8670,תְּשׁוּרָה,1,a gift,
