strongs_number,original_word,testament,language,part_of_speech,english_meaning,telugu_meaning,occurrences
H1,אָב,Old Testament,Hebrew,noun,or figurative and remote application},తండ్రి (పితృ సంబంధం),1210
A2,אַב,Old Testament,Aramaic,noun,father,,9
H3,אֵב,Old Testament,Hebrew,noun,fruit.,పచ్చని మొక్క,2
A4,אֵב,Old Testament,Aramaic,noun,fruit,,3
H5,אֲבַגתָּא,Old Testament,Hebrew,noun proper,a eunuch of Xerxes,,1
H6,אָבַד,Old Testament,Hebrew,verb,(by implication) to perish; (causative) to destroy,నశించు - నాశనం చేయు,185
A7,אֲבַד,Old Testament,Aramaic,verb,perish,,7
H8,אוֹבֵד,Old Testament,Hebrew,noun,(concretely) wretched; (abstractly) destruction,,2
H9,אֲבֵדָה,Old Testament,Hebrew,noun,i.e. Hades,,4
H10,אֲבַדּוֹה,Old Testament,Hebrew,noun,miswritten for H11],,1
H11,אֲבַדּוֹן,Old Testament,Hebrew,noun location,(abstractly) a perishing; (concretely) Hades,,6
H12,אַבדָּן,Old Testament,Hebrew,noun,a perishing,,1
H13,אָבדָּן,Old Testament,Hebrew,noun,a perishing,,1
H14,אָבָה,Old Testament,Hebrew,verb,"rest content will, be willing.",అంగీకరించు - సమ్మతించు,54
H15,אָבֶה,Old Testament,Hebrew,noun,longing,,1
H16,אֵבֶה,Old Testament,Hebrew,noun,the papyrus,,1
H17,אֲבוֹי,Old Testament,Hebrew,injunction,want,,1
H18,אֵבוּס,Old Testament,Hebrew,noun,a manger or stall,,3
H19,אִבחָה,Old Testament,Hebrew,noun,brandishing of a sword,,1
H20,אֲבַטִּיַח,Old Testament,Hebrew,noun,a melon (only plural),,1
H21,אֲבִי,Old Testament,Hebrew,noun proper,Hezekiah's mother,,1
H22,אֲבִיאֵל,Old Testament,Hebrew,noun proper,the name of two Israelites,,3
H23,אֲבִיאָסָף,Old Testament,Hebrew,noun proper,an Israelite,,1
H24,אָבִיבּ,Old Testament,Hebrew,noun,(hence) the name of the month Abib or Nisan,,8
H25,אֲבִי גִּבעוֹן,Old Testament,Hebrew,noun proper,perhaps an Israelite,,2
H26,אֲבִיגַּיִל אֲבִיגַּל,Old Testament,Hebrew,noun proper,the name of two Israelitesses,,19
H27,אֲבִידָּן,Old Testament,Hebrew,noun proper,an Israelite,,5
H28,אֲבִידָּע,Old Testament,Hebrew,noun proper,a son of Abraham by Keturah,,2
H29,אֲבִיָה אֲבִיָהוּ,Old Testament,Hebrew,noun proper,the name of several Israelite men and two Israelitesses,,25
H30,אֲבִיהוּא,Old Testament,Hebrew,noun proper,a son of Aaron,,12
H31,אֲבִיהוּד,Old Testament,Hebrew,noun proper,the name of two Israelites,,1
H32,אֲבִיהַיִל אֲבִיחַיִל,Old Testament,Hebrew,noun proper,the name of three Israelites and two Israelitesses,,6
H33,אֲבִי הָעֶזרִי,Old Testament,Hebrew,noun proper,father of the Ezrite; an Abiezrite or descendant of Abiezer,,3
H34,אֶביוֹן,Old Testament,Hebrew,adjective,in the sense of want (especially in feeling)],,61
H35,אֲבִיוֹנָה,Old Testament,Hebrew,noun,provocative of desire; the caper berry (from its stimulative taste),,1
H36,אֲבִיטּוּב,Old Testament,Hebrew,noun proper,an Israelite,,1
H37,אֲבִיטַּל,Old Testament,Hebrew,noun proper,a wife of King David,,2
H38,אֲבִיָם,Old Testament,Hebrew,noun proper,a king of Judah,,5
H39,אֲבִימָאֵל,Old Testament,Hebrew,noun proper,a son of Joktan,,2
H40,אֲבִימֶלֶך,Old Testament,Hebrew,noun proper,the name of two Philistine kings and of two Israelites,,67
H41,אֲבִינָדָב,Old Testament,Hebrew,noun proper,the name of four Israelites,,12
H42,אֲבִינוֹעַם,Old Testament,Hebrew,noun proper,an Israelite,,4
H43,אֶביָסָף,Old Testament,Hebrew,noun proper,an Israelite,,3
H44,אֲבִיעֶזֶר,Old Testament,Hebrew,noun proper,the name of two Israelites,,7
H45,אֲבִי ־ עַלבּוֹן,Old Testament,Hebrew,noun proper,"Abialbon, an Israelite",,1
H46,אָבִיר,Old Testament,Hebrew,adjective,mighty (spoken of God),,6
H47,אַבִּיר,Old Testament,Hebrew,adjective,"bull, chiefest, mighty (one), stout(-hearted), strong (one), valiant.",,17
H48,אֲבִירָם,Old Testament,Hebrew,noun proper,the name of two Israelites,,11
H49,אֲבִישַׁג,Old Testament,Hebrew,noun proper,a concubine of David,,5
H50,אֲבִישׁוַּע,Old Testament,Hebrew,noun proper,the name of two Israelites,,5
H51,אֲבִישׁוּר,Old Testament,Hebrew,noun proper,an Israelite,,2
H52,אֲבִישַׁי אַבשַׁי,Old Testament,Hebrew,noun proper,an Israelite,,25
H53,אֲבִישָׁלוֹם אַבשָׁלוֹם,Old Testament,Hebrew,noun proper,"(also, the fuller form) a later Israelite",,111
H54,אֶביָתָר,Old Testament,Hebrew,noun proper,an Israelite,,30
H55,אָבַך,Old Testament,Hebrew,verb,probably to coil upward,,1
H56,אָבַל,Old Testament,Hebrew,verb,mourn.,,39
H57,אָבֵל,Old Testament,Hebrew,adjective,-ing).,,8
H58,אָבֵל,Old Testament,Hebrew,noun,"the, proper, names, beginning, with, Abel-",,1
H59,אָבֵל,Old Testament,Hebrew,noun location,the name of two places in Israel,,4
H60,אֵבֶל,Old Testament,Hebrew,noun,lamentation,,24
H61,אֲבָל,Old Testament,Hebrew,verb,i.e. truly or yet,,11
H62,אָבֵל בֵּיתּ מֲעַכָה,Old Testament,Hebrew,noun location,a place in Israel,,2
H63,אָבֵל הַשִּׁטִּים,Old Testament,Hebrew,noun location,a place in Israel,,1
H64,אָבֵל כְּרָמִים,Old Testament,Hebrew,noun location,a place in Israel,,1
H65,אָבֵל מְחוֹלָה,Old Testament,Hebrew,noun location,a place in Israel,,3
H66,אַבֵל מַיִם,Old Testament,Hebrew,noun location,a place in Israel,,1
H67,אָבֵל מִצרַיִם,Old Testament,Hebrew,noun location,a place in Israel,,1
H68,אֶבֶן,Old Testament,Hebrew,noun,"+ mason, + plummet, (chalk-, hail-, head-, sling-)stone(-ny), (divers) weight(-s).",రాయి,273
A69,אֶבֶן,Old Testament,Aramaic,noun,stone,,8
H70,אוֹבֶן,Old Testament,Hebrew,noun,stool.,,2
H71,אֲבָנָה,Old Testament,Hebrew,noun location,a river near Damascus,,1
H72,אֶבֶן הָעֵזֶר,Old Testament,Hebrew,noun location,a place in Israel,,3
H73,אַבנֵט,Old Testament,Hebrew,noun,a belt,,9
H74,אַבנֵר אֲבִינֵר,Old Testament,Hebrew,noun proper,an Israelite,,63
H75,אָבַס,Old Testament,Hebrew,verb,stalled.,,2
H76,אֲבַעבּוּעָה,Old Testament,Hebrew,noun,an inflammatory pustule (as eruption),,2
H77,אֶבֶץ,Old Testament,Hebrew,noun location,a place in Israel,,1
H78,אִבצָּן,Old Testament,Hebrew,noun proper,an Israelite,,2
H79,אָבַק,Old Testament,Hebrew,verb,i.e. grapple,,2
H80,אָבָק,Old Testament,Hebrew,noun,powder.,,6
H81,אֲבָקָה,Old Testament,Hebrew,noun,powder,,1
H82,אָבַר,Old Testament,Hebrew,verb,to soar,,1
H83,אֵבֶר,Old Testament,Hebrew,noun,a pinion,,3
H84,אֶברָה,Old Testament,Hebrew,noun,wing,,4
H85,אַברָהָם,Old Testament,Hebrew,noun proper,the later name of Abram,సమూహమునకు తండ్రి,175
H86,אַברֵך,Old Testament,Hebrew,injunction,bow the knee,,1
H87,אַברָם,Old Testament,Hebrew,noun proper,the original name of Abraham,,61
H88,אוֹבוֹת,Old Testament,Hebrew,noun location,a place in the Desert,,4
H89,אָגֵא,Old Testament,Hebrew,noun proper,an Israelite,,1
H90,אֲגַג,Old Testament,Hebrew,noun proper,a title of Amalekitish kings,,8
H91,אֲגָגִי,Old Testament,Hebrew,adjective,an Agagite or descendent (subject) of Agag,,5
H92,אֲגֻדָּה,Old Testament,Hebrew,noun,"bundle, knot, or arch",,4
H93,אֱגוֹז,Old Testament,Hebrew,noun,a nut,,1
H94,אָגוּר,Old Testament,Hebrew,noun proper,a fanciful name for Solomon,,1
H95,אֲגוֹרָה,Old Testament,Hebrew,noun,used only of a small (silver) coin,,1
H96,אֶגֶל,Old Testament,Hebrew,noun,a reservoir,,1
H97,אֶגלַיִם,Old Testament,Hebrew,noun location,a place in Moab,,1
H98,אֲגַם,Old Testament,Hebrew,noun,"pool, standing (water).",,9
H99,אָגֵם,Old Testament,Hebrew,adjective,sad,,1
H100,אַגמוֹן,Old Testament,Hebrew,noun,(by implication) a rush (as growing there); (collectively) a rope of rushes,,5
H101,אַגָּן,Old Testament,Hebrew,noun,"cup, goblet.",,3
H102,אַגָּף,Old Testament,Hebrew,noun,or crowds of troops,,7
H103,אָגַר,Old Testament,Hebrew,verb,to harvest,,3
A104,אִגְּרָא,Old Testament,Aramaic,noun,an epistle (as carried by a state courier or postman),,3
H105,אֲגַרטָּל,Old Testament,Hebrew,noun,a basin,,2
H106,אֶגרוֹף,Old Testament,Hebrew,noun,the clenched hand,,2
H107,אִגֶּרֶת,Old Testament,Hebrew,noun,an epistle,,10
H108,אֵד,Old Testament,Hebrew,noun,vapor.,,2
H109,אָדַב,Old Testament,Hebrew,verb,to languish,,1
H110,אַדבְּאֵל,Old Testament,Hebrew,noun proper,a son of Ishmael,,2
H111,אֲדַד,Old Testament,Hebrew,noun proper,an Edomite,,1
H112,אִדּוֹ,Old Testament,Hebrew,noun proper,an Israelite,,1
H113,אָדוֹן אָדוֹן,Old Testament,Hebrew,noun,i.e. controller (human or divine),ప్రభువు - యజమాని,336
H114,אַדּוֹן,Old Testament,Hebrew,adjective,apparently an Israelite,,1
H115,אֲדוֹרַיִם,Old Testament,Hebrew,noun location,a place in Israel,,1
A116,אֱדַיִן,Old Testament,Aramaic,verb,"that time, then.",,57
H117,אַדִּיר,Old Testament,Hebrew,adjective,"famous, gallant, glorious, goodly, lordly, mighty(- ier one), noble, principal, worthy.",,27
H118,אֲדַליָא,Old Testament,Hebrew,noun proper,a son of Haman,,1
H119,אָדַם,Old Testament,Hebrew,verb,made) red (ruddy),ఎర్రగా చేయు,10
H120,אָדָם,Old Testament,Hebrew,noun,"mankind, etc.)",మానవుడు - మనుష్యుడు,552
H121,אָדָם,Old Testament,Hebrew,noun proper,also of a place in Israel,,11
H122,אָדוֹם,Old Testament,Hebrew,adjective,ruddy.,,9
H123,אֱדוֹם אֱדוֹם,Old Testament,Hebrew,noun proper,hence the region (Idumaea) occupied by him,,100
H124,אוֹדֶם,Old Testament,Hebrew,noun,"i.e. the ruby, garnet, or some other red gem",,3
H125,אֲדַמדָּם,Old Testament,Hebrew,adjective,reddish,,6
H126,אַדמָה,Old Testament,Hebrew,noun location,a place near the Dead Sea,,5
H127,אֲדָמָה,Old Testament,Hebrew,noun,"earth, ground, husband(-man) (-ry), land.",,225
H128,אֲדָמָה,Old Testament,Hebrew,noun location,a place in Israel,,1
H129,אֲדָמִי,Old Testament,Hebrew,noun location,a place in Israel,,1
H130,אֱדוֹמִי,Old Testament,Hebrew,adjective,or descendants from (or inhabitants of) Edom,,12
H131,אֲדוּמִּים,Old Testament,Hebrew,noun location,a pass in Israel,,2
H132,אַדמוֹנִי אַדמוֹנִי,Old Testament,Hebrew,adjective,ruddy.,,3
H133,אַדמָתָא,Old Testament,Hebrew,noun proper,Admatha,,1
H134,אֶדֶן,Old Testament,Hebrew,noun,"a column, etc.)",,57
H135,אַדָּן,Old Testament,Hebrew,noun location,an Israelite,,1
H136,אֲדוֹנָי,Old Testament,Hebrew,noun,the Lord (used as a proper name of God only),ప్రభువు (దేవుని పేరు),438
H137,אֲדוֹנִי ־ בֶּזֶק,Old Testament,Hebrew,noun proper,H966,,3
H138,אֲדוֹנִיָה אֲדוֹנִיָהוּ,Old Testament,Hebrew,noun proper,the name of three Israelites,,26
H139,אֲדוֹנִי ־ צֶּדֶק,Old Testament,Hebrew,noun proper,a Canaanitish king,,2
H140,אֲדוֹנִיקָם,Old Testament,Hebrew,noun proper,the name of one or two Israelites,,3
H141,אֲדוֹנִירָם,Old Testament,Hebrew,noun proper,an Israelite,,2
H142,אָדַר,Old Testament,Hebrew,verb,(figuratively) magnificent,,3
H143,אֲדָר,Old Testament,Hebrew,noun proper time,the 12th Hebrew month,,8
A144,אֲדָר,Old Testament,Aramaic,noun proper time,Adar,,1
H145,אֶדֶר,Old Testament,Hebrew,noun,robe.,,2
H146,אַדָּר,Old Testament,Hebrew,noun proper,(also) an Israelite,,2
A147,אִדַּר,Old Testament,Aramaic,noun,i.e. a threshing-floor,,1
A148,אֲדַרגָּזֵר,Old Testament,Aramaic,noun,or astrologer,,2
A149,אַדרַזדָּא,Old Testament,Aramaic,verb,quickly or carefully,,1
H150,אֲדַרכּוֹן,Old Testament,Hebrew,noun,a daric or Persian coin,,2
H151,אֲדוֹרָם,Old Testament,Hebrew,noun proper,an Israelite,,2
H152,אַדרַמֶּלֶך,Old Testament,Hebrew,noun proper,"the name of an Assyrian idol, also of a son of Sennacherib",,3
A153,אֶדרָע,Old Testament,Aramaic,noun,an arm; (figuratively) power,,1
H154,אֶדרֶעִי,Old Testament,Hebrew,noun location,the name of two places in Israel,,8
H155,אַדֶּרֶת,Old Testament,Hebrew,noun,(also) the same as H0145,,12
H156,אָדַשׁ,Old Testament,Hebrew,verb,to tread out (grain),,1
H157,אָהַב אָהֵב,Old Testament,Hebrew,verb,"-ly, -r), like, friend.",ప్రేమించు,210
H158,אַהַב,Old Testament,Hebrew,noun,affection (in a good or a bad sense),,2
H159,אוֹהַב,Old Testament,Hebrew,noun,meaning the same as H0158,,1
H160,אַהֲבָה,Old Testament,Hebrew,noun,love,,40
H161,אוֹהַד,Old Testament,Hebrew,noun proper,an Israelite,,2
H162,אֲהָהּ,Old Testament,Hebrew,injunction,alas.,,15
H163,אַהֲוָא,Old Testament,Hebrew,noun location,a river of Babylonia,,3
H164,אֵהוּד,Old Testament,Hebrew,noun proper,the name of two or three Israelites,,9
H165,אֱהִי,Old Testament,Hebrew,verb,where,,3
H166,אָהַל,Old Testament,Hebrew,verb,to be clear,,1
H167,אָהַל,Old Testament,Hebrew,verb,to tent,,3
H168,אוֹהֶל,Old Testament,Hebrew,noun,"(dwelling)(place), home, tabernacle, tent.",,349
H169,אוֹהֶל,Old Testament,Hebrew,noun proper,an Israelite,,1
H170,אָהֳלָה אָהֳלָהּ,Old Testament,Hebrew,noun proper,"her tent (i.e. idolatrous sanctuary); Oholah, a symbol. name for Samaria",,5
H171,אָהֳלִיאָב,Old Testament,Hebrew,noun proper,an Israelite,,5
H172,אָהֳלִיבָּה אָהֳלִיבָּהּ,Old Testament,Hebrew,noun proper,a symbolic name for Judah,,6
H173,אָהֳלִיבָּמָה,Old Testament,Hebrew,noun proper,a wife of Esau,,8
H174,אֲהָלִים אֲהָלוֹת,Old Testament,Hebrew,noun,aloe wood (i.e. sticks),,4
H175,אַהֲרוֹן,Old Testament,Hebrew,noun proper,the brother of Moses,,347
H176,אוֹ אַו,Old Testament,Hebrew,conjunction,also if,,321
H177,אוּאֵל,Old Testament,Hebrew,noun proper,and Israelite,,1
H178,אוֹב,Old Testament,Hebrew,noun,"a necromancer (ventriloquist, as from a jar)",,17
H179,אוֹבִיל,Old Testament,Hebrew,noun proper,an Ishmaelite,,1
H180,אוּבָל אוּבָל,Old Testament,Hebrew,noun,H2988,,3
H181,אוּד,Old Testament,Hebrew,noun,a poker (for turning or gathering embers),,3
H182,אוֹדוֹת אוֹדוֹת,Old Testament,Hebrew,noun,"concerning, sake.",,11
H183,אָוָה,Old Testament,Hebrew,verb,"(greatly) desire, be desirous, long, lust (after).",,28
H184,אָוָה,Old Testament,Hebrew,verb,to extend or mark out,,1
H185,אַוָּה,Old Testament,Hebrew,noun,"lust after, pleasure.",,7
H186,אוּזַי,Old Testament,Hebrew,noun proper,an Israelite,,1
H187,אוּזָל,Old Testament,Hebrew,noun proper,a son of Joktan,,2
H188,אוֹי,Old Testament,Hebrew,injunction,woe.,,24
H189,אֱוִי,Old Testament,Hebrew,noun proper,a Midianitish chief,,2
H190,אוֹיָה,Old Testament,Hebrew,injunction,woe,,1
H191,אֱוִיל,Old Testament,Hebrew,adjective,(figuratively) silly,,26
H192,אֱוִיל מְרוֹדַך,Old Testament,Hebrew,noun proper,a Babylonian king,,2
H193,אוּל,Old Testament,Hebrew,noun,"by implication, to be strong]",,1
H194,אוּלַי אוּלַי,Old Testament,Hebrew,verb,"may be, peradventure, unless.",,45
H195,אוּלַי,Old Testament,Hebrew,noun location,a river of Persia,,2
H196,אֱוִלִי,Old Testament,Hebrew,adjective,hence (morally) impious,,2
H197,אוּלָם אוּלָם,Old Testament,Hebrew,noun,a vestibule (as bound to the building),,34
H198,אוּלָם,Old Testament,Hebrew,noun proper,the name of two Israelites,,4
H199,אוּלָם,Old Testament,Hebrew,verb,"but, howbeit, in very deed, surely, truly, wherefore.",,19
H200,אִוֶּלֶת,Old Testament,Hebrew,noun,foolishly(-ness).,,25
H201,אוֹמָר,Old Testament,Hebrew,noun proper,a grandson of Esau,,3
H202,אוֹן,Old Testament,Hebrew,noun,"power, (figuratively) wealth",,12
H203,אוֹן,Old Testament,Hebrew,noun proper,an Israelite,,1
H204,אוֹן אוֹן,Old Testament,Hebrew,noun location,a city of Egypt,,3
H205,אָוֶן,Old Testament,Hebrew,noun,(specifically) an idol,,79
H206,אָוֶן,Old Testament,Hebrew,noun location,"the contemptuous synonym of three places, one in Coele-Syria, one in Egypt (On), and one in Israel (Bethel)",,1
H207,אוֹנוֹ אוֹנוֹ,Old Testament,Hebrew,noun location,a place in Israel,,5
H208,אוֹנָם,Old Testament,Hebrew,noun proper,the name of an Edomite and of an Israelite,,4
H209,אוֹנָן,Old Testament,Hebrew,noun proper,a son of Judah,,8
H210,אוּפָז,Old Testament,Hebrew,noun location,a famous gold region,,2
H211,אוֹפִיר אוֹפִיר אוֹפִר,Old Testament,Hebrew,noun proper,"the name of a son of Joktan, and of a gold region in the East",,13
H212,אוֹפָן אוֹפָן,Old Testament,Hebrew,noun,a wheel,,35
H213,אוּץ,Old Testament,Hebrew,verb,"hurry, withdraw",,1
H214,אוֹצָר,Old Testament,Hebrew,noun,"cellar, garner, store(-house), treasure(-house) (-y).",,79
H215,אוֹר,Old Testament,Hebrew,verb,make) luminous (literally and metaphorically),,41
H216,אוֹר,Old Testament,Hebrew,noun,"including lightning, happiness, etc.)",,123
H217,אוּר,Old Testament,Hebrew,noun,light. See also H0224.,,6
H218,אוּר,Old Testament,Hebrew,noun location,(also) an Israelite,,5
H219,אוֹרָה,Old Testament,Hebrew,noun,light.,,5
H220,אֲוֵרָה,Old Testament,Hebrew,noun,a stall,,1
H221,אוּרִי,Old Testament,Hebrew,noun proper,the name of three Israelites,,8
H222,אוּרִיאֵל,Old Testament,Hebrew,noun proper,the name of two Israelites,,4
H223,אוּרִיָה אוּרִיָהוּ,Old Testament,Hebrew,noun proper,the name of one Hittite and five Israelites,,39
H224,אוּרִים,Old Testament,Hebrew,noun,the oracular brilliancy of the figures in the high-priest's breastplate,,7
H225,אוּת,Old Testament,Hebrew,verb,(properly) to come; (implied) to assent,,4
H226,אוֹת,Old Testament,Hebrew,noun,"as a flag, beacon, monument, omen, prodigy, evidence, etc",,79
H227,אָז,Old Testament,Hebrew,verb,"for, from, hitherto, now, of old, once, since, then, at which time, yet.",,141
A228,אֲזָא אֲזָה,Old Testament,Aramaic,verb,hot.,,3
H229,אֶזבַּי,Old Testament,Hebrew,noun proper,an Israelite,,1
A230,אֲזָד,Old Testament,Aramaic,verb,firm,,2
H231,אֵזוֹב,Old Testament,Hebrew,noun,hyssop,,10
H232,אֵזוֹר,Old Testament,Hebrew,noun,also a band,,14
H233,אֲזַי,Old Testament,Hebrew,verb,at that time,,3
H234,אַזכָּרָה,Old Testament,Hebrew,noun,a reminder; specifically remembrance- offering,,7
H235,אָזַל,Old Testament,Hebrew,verb,"gad about, go to and fro (but in Ezek. 27",,6
A236,אֲזַל,Old Testament,Aramaic,verb,to depart,,7
H237,אֶזֶל,Old Testament,Hebrew,noun location,a memorial stone in Israel,,1
H238,אָזַן,Old Testament,Hebrew,verb,probably to expand; but used only as a denominative from H241],,42
H239,אָזַן,Old Testament,Hebrew,verb,to weigh; (figuratively) ponder,,1
H240,אָזֵן,Old Testament,Hebrew,noun,a spade or paddle (as having a broad end),,1
H241,אוֹזֶן,Old Testament,Hebrew,noun,"audience, + displease, ear, hearing, + show.",విశాలత; (కాంక్రీట్) చెవి (మనిషిలో దాని రూపం నుండి),188
H242,אוּזֵּן שֶׁאֱרָה,Old Testament,Hebrew,noun location,a place in Israel,,1
H243,אַזנוֹת תָּבוֹר,Old Testament,Hebrew,noun location,a place in Israel,,1
H244,אָזנִי,Old Testament,Hebrew,noun proper,(also) an Oznite,,2
H245,אֲזַניָה,Old Testament,Hebrew,noun proper,an Israelite,,1
H246,אֲזִקִּים,Old Testament,Hebrew,noun,manacles,,2
H247,אָזַר,Old Testament,Hebrew,verb,"gird (up, with).",,16
H248,אֶזרוַֹע,Old Testament,Hebrew,noun,the arm,,2
H249,אֶזרָח,Old Testament,Hebrew,noun,"(home-)born (in the land), of the (one's own) country (nation).",,17
H250,אֶזרָחִי,Old Testament,Hebrew,adjective,an Ezrachite or descendant of Zerach,,3
H251,אָח,Old Testament,Hebrew,noun,"brother(-ly); kindred, like, other.",ఒక సోదరుడు (అక్షర సంబంధం మరియు రూపక అనుబంధం లేదా సారూప్యత (H0001 వంటివి) యొక్క విస్తృత అర్థంలో ఉపయోగించబడుతుంది),630
A252,אַח,Old Testament,Aramaic,noun,brother,,2
H253,אָח,Old Testament,Hebrew,injunction,alas.,,2
H254,אָח,Old Testament,Hebrew,noun,a fire-pot or chafing dish,,3
H255,אוַֹח,Old Testament,Hebrew,noun,a howler or lonesome wild animal,,1
H256,אַחאָב אֶחָב,Old Testament,Hebrew,noun proper,the name of a king of Israel and of a prophet at Babylon,,93
H257,אַחבָּן,Old Testament,Hebrew,noun proper,an Israelite,,1
H258,אָחַד,Old Testament,Hebrew,verb,to unify; (figuratively) collect (one's thoughts),,1
H259,אֶחָד,Old Testament,Hebrew,adjective,(as an ordinal) first,"(సరిగ్గా) ఐక్యంగా, అంటే ఒకటి; (ఆర్డినల్‌గా) మొదట",976
H260,אָחוּ,Old Testament,Hebrew,noun,meadow.,,3
H261,אֵחוּד,Old Testament,Hebrew,noun proper,the name of three Israelites,,1
H262,אַחוָה,Old Testament,Hebrew,noun,H2324,,1
A263,אַחֲוָה,Old Testament,Aramaic,noun,solution (of riddles),,1
H264,אַחֲוָה,Old Testament,Hebrew,noun,fraternity,,1
H265,אֲחוַֹח,Old Testament,Hebrew,noun proper,an Israelite,,1
H266,אֲחוֹחִי,Old Testament,Hebrew,adjective,an Achochite or descendant of Achoach,,5
H267,אֲחוּמַי,Old Testament,Hebrew,noun proper,an Israelite,,1
H268,אָחוֹר אָחוֹר,Old Testament,Hebrew,substantive,"(also, as facing north) the West",,41
H269,אָחוֹת,Old Testament,Hebrew,noun,literally and figuratively),"ఒక సోదరి (చాలా విస్తృతంగా ఉపయోగించబడుతుంది (H0250 వంటివి), అక్షరాలా మరియు అలంకారికంగా)",119
H270,אָחַז,Old Testament,Hebrew,verb,"bar, (catch, lay, take) hold (back), come upon, fasten, handle, portion, (get, have or take) possess(-ion).",,68
H271,אָחָז,Old Testament,Hebrew,noun proper,the name of a Jewish king and of an Israelite,,41
H272,אֲחוּזָּה,Old Testament,Hebrew,noun,i.e. a possession (especially of land),,66
H273,אַחזַי,Old Testament,Hebrew,noun proper,an Israelite,,1
H274,אֲחַזיָה אֲחַזיָהוּ,Old Testament,Hebrew,noun proper,the name of a Jewish and an Israelite king,,37
H275,אֲחוּזָּם,Old Testament,Hebrew,noun proper,an Israelite,,1
H276,אֲחוּזַּת,Old Testament,Hebrew,noun proper,a Philistine,,1
H277,אֲחִי,Old Testament,Hebrew,noun proper,the name of two Israelites,,2
H278,אֵחִי,Old Testament,Hebrew,noun proper,an Israelite,,1
H279,אֲחִיאָם,Old Testament,Hebrew,noun proper,an Israelite,,2
A280,אֲחִידָּה,Old Testament,Aramaic,noun,an enigma],,1
H281,אֲחִיָה אֲחִיָהוּ,Old Testament,Hebrew,noun proper,the name of nine Israelites,,24
H282,אֲחִיהוּד,Old Testament,Hebrew,noun proper,an Israelite,,1
H283,אַחיוֹ,Old Testament,Hebrew,noun proper,the name of three Israelites,,6
H284,אֲחִיחוּד,Old Testament,Hebrew,noun proper,an Israelite,,1
H285,אֲחִיטּוּב,Old Testament,Hebrew,noun proper,the name of several priests,,15
H286,אֲחִילוּד,Old Testament,Hebrew,noun proper,an Israelite,,5
H287,אֲחִימוֹת,Old Testament,Hebrew,noun proper,an Israelite,,1
H288,אֲחִימֶלֶך,Old Testament,Hebrew,noun proper,the name of an Israelite and of a Hittite,,17
H289,אֲחִימַן אֲחִימָן,Old Testament,Hebrew,noun proper,the name of an Anakite and of an Israelite,,4
H290,אֲחִימַעַץ,Old Testament,Hebrew,noun location,the name of three Israelites,,15
H291,אַחיָן,Old Testament,Hebrew,noun proper,an Israelite,,1
H292,אֲחִינָדָב,Old Testament,Hebrew,noun proper,an Israelite,,1
H293,אֲחִינוֹעַם,Old Testament,Hebrew,noun proper,the name of two Israelitesses,,7
H294,אֲחִיסָמָך,Old Testament,Hebrew,noun proper,an Israelite,,3
H295,אֲחִיעֶזֶר,Old Testament,Hebrew,noun proper,the name of two Israelites,,6
H296,אֲחִיקָם,Old Testament,Hebrew,noun proper,an Israelite,,20
H297,אֲחִירָם,Old Testament,Hebrew,noun proper,an Israelite,,1
H298,אֲחִירָמִי,Old Testament,Hebrew,adjective,an Achiramite or descendant (collectively) of Achiram,,1
H299,אֲחִירַע,Old Testament,Hebrew,noun proper,an Israelite,,5
H300,אֲחִישַׁחַר,Old Testament,Hebrew,noun proper,an Israelite,,1
H301,אֲחִישָׁר,Old Testament,Hebrew,noun proper,an Israelite,,1
H302,אֲחִיתּוֹפֶל,Old Testament,Hebrew,noun proper,an Israelite,,20
H303,אַחלָב,Old Testament,Hebrew,noun location,a place in Israel,,1
H304,אַחלַי,Old Testament,Hebrew,noun proper,the name of an Israelitess and of an Israelite,,2
H305,אַחֲלַי אַחֲלֵי,Old Testament,Hebrew,injunction,would God.,,2
H306,אַחלָמָה,Old Testament,Hebrew,noun,probably the amethyst,,2
H307,אַחמְתָא,Old Testament,Hebrew,noun location,the summer capital of Persia,,1
H308,אֲחַסבַּי,Old Testament,Hebrew,noun proper,an Israelite,,1
H309,אָחַר,Old Testament,Hebrew,verb,"defer, delay, hinder, be late (slack), stay (there), tarry (longer).",,18
H310,אַחַר,Old Testament,Hebrew,verb,as adverb or conjunction) after (in various senses),,718
A311,אַחַר,Old Testament,Aramaic,verb,after,,3
H312,אַחֵר,Old Testament,Hebrew,adjective,"other, etc",,166
H313,אַחֵר,Old Testament,Hebrew,noun proper,an Israelite,,1
H314,אַחֲריוֹן אַחֲרוֹן,Old Testament,Hebrew,adjective,"to come, following, hind(-er, -ermost, -most), last, latter, rereward, ut(ter)most.",,51
H315,אַחרַח,Old Testament,Hebrew,noun proper,H251,,1
H316,אֲחַרחֵל,Old Testament,Hebrew,noun proper,an Israelite,,1
A317,אָחֳרִי,Old Testament,Aramaic,adjective,other,,6
A318,אָחֳרֵין אָחֳרֵן,Old Testament,Aramaic,verb,last,,1
H319,אַחֲרִיתּ,Old Testament,Hebrew,noun,"latter) end (time), hinder (utter) -most, length, posterity, remnant, residue, reward.",,61
A320,אַחֲרִיתּ,Old Testament,Aramaic,noun,the same as H319],,1
A321,אָחֳרָן,Old Testament,Aramaic,adjective,the same as H317],,5
H322,אֲחוֹרַנִּיתּ,Old Testament,Hebrew,verb,again).,,7
H323,אֲחַשׁדַּרפַּן,Old Testament,Hebrew,noun,a satrap or governor of a main province (of Persia),,4
A324,אֲחַשׁדַּרפַּן,Old Testament,Aramaic,noun,prince,,9
H325,אֲחַשׁוֵרוֹשׁ אַחַשׁרוֹשׁ,Old Testament,Hebrew,noun proper,"but in this case Xerxes), the title (rather than name) of a Persian king",,32
H326,אֲחַשׁתָּרִי,Old Testament,Hebrew,noun proper,an achastarite (i.e. courier); the designation (rather than name) of an Israelite,,1
H327,אֲחַשׁתָּרָן,Old Testament,Hebrew,adjective,a mule,,2
H328,אַט,Old Testament,Hebrew,verb,(as an adverb) gently,,6
H329,אָטָד,Old Testament,Hebrew,noun,"bramble, thorn.",,4
H330,אֵטוּן,Old Testament,Hebrew,noun,i.e. tapestry,,1
H331,אָטַם,Old Testament,Hebrew,verb,"shut, stop.",,8
H332,אָטַר,Old Testament,Hebrew,verb,to close up,,2
H333,אָטֵר,Old Testament,Hebrew,noun proper,the name of three Israelites,,5
H334,אִטֵּר,Old Testament,Hebrew,adjective,i.e. impeded (as to the use of the right hand),,2
H335,אַי,Old Testament,Hebrew,verb,"what, whence, where, whether, which (way).",,38
H336,אִי,Old Testament,Hebrew,verb,not,,2
H337,אִי,Old Testament,Hebrew,injunction,alas!,,2
H338,אִי,Old Testament,Hebrew,noun,(properly) a howler; any solitary wild creature,,3
H339,אִי,Old Testament,Hebrew,noun,"a coast, an island",,35
H340,אָיַב,Old Testament,Hebrew,verb,to hate (as one of an opposite tribe or party); hence to be hostile,,1
H341,אוֹיֵב אוֹיֵב,Old Testament,Hebrew,substantive,foe.,,284
H342,אֵיבָּה,Old Testament,Hebrew,noun,hatred.,,5
H343,אֵידּ,Old Testament,Hebrew,noun,ruin,,24
H344,אַיָה,Old Testament,Hebrew,noun,i.e. a hawk,,4
H345,אַיָה,Old Testament,Hebrew,noun proper,the name of two Israelites,,6
H346,אַיֵה,Old Testament,Hebrew,verb,where?,,46
H347,אִיוֹב,Old Testament,Hebrew,noun proper,the patriarch famous for his patience,,58
H348,אִיזֶבֶל,Old Testament,Hebrew,noun proper,the wife of king Ahab,,22
H349,אֵיכּ אֵיכָּה אֵיכָּכָה,Old Testament,Hebrew,injunction,what.,,82
H350,אִי ־ כָּבוֹד,Old Testament,Hebrew,noun proper,"Ikabod, a son of Phineas",,2
H351,אֵיכּוֹה,Old Testament,Hebrew,injunction,but not as an interogative],,1
H352,אַיִל,Old Testament,Hebrew,noun,politically) a chief,,195
H353,אֱיָל,Old Testament,Hebrew,noun,strength,,1
H354,אַיָל,Old Testament,Hebrew,noun,a stag or male deer,,11
H355,אַיָלָה,Old Testament,Hebrew,noun,a doe or female deer,,8
H356,אֵילוֹן אֵלוֹן אֵילוֹן,Old Testament,Hebrew,noun proper,"the name of a place in Israel, and also of one Hittite, two Israelites",,7
H357,אַיָלוֹן,Old Testament,Hebrew,noun location,the name of five places in Israel,,10
H358,אֵילוֹן בֵּיתּ חָנָן,Old Testament,Hebrew,noun location,a place in Israel,,1
H359,אֵילוֹת אֵילַת,Old Testament,Hebrew,noun location,a place on the Red Sea,,8
H360,אֱיָלוּת,Old Testament,Hebrew,noun,power; (by implication) protection,,1
H361,אֵילָם אֵלָם אֵלַמָּה,Old Testament,Hebrew,noun,i.e. a pale (or portico),,27
H362,אֵילִם,Old Testament,Hebrew,noun location,a place in the Desert,,6
A363,אִילָן,Old Testament,Aramaic,noun,a tree,,6
H364,אֵיל פָּארָן,Old Testament,Hebrew,noun location,a portion of the district of Paran,,1
H365,אַיֱלֱת,Old Testament,Hebrew,noun,Aijeleth.,,3
H366,אָיוֹם,Old Testament,Hebrew,adjective,frightful,,3
H367,אֵימָה אֵמָה,Old Testament,Hebrew,noun,"fear, horror, idol, terrible, terror.",,17
H368,אֵימִים,Old Testament,Hebrew,noun proper,an early Canaanitish (or Maobitish) tribe,,3
H369,אַיִן,Old Testament,Hebrew,particle negative,"except, fail, (father-)less, be gone, in(-curable), neither, never, no (where), none, nor, (any, thing), not, nothing, to nought, past, un(-searchable), well-nigh, without.",,791
H370,אַיִן,Old Testament,Hebrew,verb,where.,,16
H371,אִין,Old Testament,Hebrew,verb,but (like H0370) an interrogative,,1
H372,אִיעֶזֵר,Old Testament,Hebrew,noun proper,an Israelite,,1
H373,אִיעֶזרִי,Old Testament,Hebrew,adjective,an Iezrite or descendant of Iezer,,1
H374,אֵיפָה אֵפָה,Old Testament,Hebrew,noun,(divers) measure(-s).,,40
H375,אֵיפוֹה,Old Testament,Hebrew,verb,where.,,10
H376,אִישׁ,Old Testament,Hebrew,noun,"another, any (man), a certain, + champion, consent, each, every (one), fellow, (foot-, husband-)man, (good-, great, mighty) man, he, high (degree), him (that is), husband, man(-kind), + none, one, people, person, + steward, what (man) soever, whoso(-ever), worthy.",ఒక వ్యక్తి లేదా మగ వ్యక్తిగా ఒక వ్యక్తి; తరచుగా మరింత ఖచ్చితమైన పదానికి అనుబంధంగా ఉపయోగించబడుతుంది (మరియు అలాంటి సందర్భాలలో తరచుగా అనువాదంలో వ్యక్తీకరించబడదు),1662
H377,אִישׁ,Old Testament,Hebrew,verb,i.e. act in a manly way,,1
H378,אִישׁ ־ בּוֹשֶׁת,Old Testament,Hebrew,noun proper,a son of King Saul,,11
H379,אִישׁהוֹד,Old Testament,Hebrew,noun proper,an Israelite,,1
H380,אִישׁוֹן,Old Testament,Hebrew,noun,"black, obscure.",,6
H381,אִישׁ ־ חַיִל אִישׁ ־ חַי,Old Testament,Hebrew,noun,an Israelite,,4
H382,אִישׁ ־ טּוֹב,Old Testament,Hebrew,noun location,a place in Israel,,19
A383,אִיתַּי,Old Testament,Aramaic,substantive,there is,,3
H384,אִיתִּיאֵל,Old Testament,Hebrew,noun proper,"the name of an Israelite, also of a symbolical person",,21
H385,אִיתָּמָר,Old Testament,Hebrew,noun proper,a son of Aaron,,13
H386,אֵיתָּן,Old Testament,Hebrew,adjective,(specifically) a chieftain,,8
H387,אֵיתָּן,Old Testament,Hebrew,noun proper,the name of four Israelites,,1
H388,אֵיתָּנִים,Old Testament,Hebrew,noun proper,the name of a month,,161
H389,אַך,Old Testament,Hebrew,verb,hence (by limitation) only,,1
H390,אַכַּד,Old Testament,Hebrew,noun location,a place in Babylon,,2
H391,אַכזָב,Old Testament,Hebrew,adjective,lie.,,4
H392,אַכזִיבּ,Old Testament,Hebrew,noun location,the name of two places in Israel,,4
H393,אַכזָר,Old Testament,Hebrew,adjective,in a good sense) brave,,8
H394,אַכזָרִי,Old Testament,Hebrew,adjective,terrible,,1
H395,אַכזְרִיוּת,Old Testament,Hebrew,noun,fierceness,,1
H396,אֲכִילָה,Old Testament,Hebrew,noun,i.e. food,,21
H397,אָכִישׁ,Old Testament,Hebrew,noun proper,a Philistine king,,813
H398,אָכַל,Old Testament,Hebrew,verb,"burn up, consume, devour(-er, up), dine, eat(-er, up), feed (with), food, X freely, X in...wise(-deed, plenty), (lay) meat, X quite.",,7
A399,אֲכַל,Old Testament,Aramaic,verb,"devour, eat",,44
H400,אוֹכֶל,Old Testament,Hebrew,noun,"food, meal(-time), meat, prey, victuals.",,1
H401,אוּכָל אוּכָּל,Old Testament,Hebrew,noun proper,a fancy name,,18
H402,אוֹכלָה,Old Testament,Hebrew,noun,"devour, eat, food, meat.",,18
H403,אָכֵן,Old Testament,Hebrew,verb,advers.) but,,1
H404,אָכַף,Old Testament,Hebrew,verb,apparently meaning to curve (as with a burden); to urge,,1
H405,אֶכֶף,Old Testament,Hebrew,noun,a load; (by implication) a stroke; (other) dignity,,7
H406,אִכָּר,Old Testament,Hebrew,noun,ploughman.,,3
H407,אַכשָׁף,Old Testament,Hebrew,noun location,a place in Israel,,727
H408,אַל,Old Testament,Hebrew,verb,"neither, + never, no ,nor, not, nothing (worth), rather than.",,4
A409,אַל,Old Testament,Aramaic,verb,not,,244
H410,אֵל,Old Testament,Hebrew,noun,"X goodly, X great, idol, might(-y one), power, strong.",బలం; (విశేషణంగా) శక్తివంతమైన,9
H411,אֵל,Old Testament,Hebrew,particle demonstrative,those,,2
A412,אֵל,Old Testament,Aramaic,particle demonstrative,these,,5515
H413,אֵל אֶל,Old Testament,Hebrew,preposition,"(often, generally) to",,1
H414,אֵלָא,Old Testament,Hebrew,noun proper,an Israelite,,3
H415,אֵל אֱלוֹהֵי יִשׂרָאֵל,Old Testament,Hebrew,noun location,the title given to a consecrated spot by Jacob,,1
H416,אֵל בֵּיתּ ־ אֵל,Old Testament,Hebrew,noun location,the title given to a consecrated spot by Jacob,,1
H417,אֶלגָּבִישׁ,Old Testament,Hebrew,noun,H1378,,3
H418,אַלגּוּמִּים,Old Testament,Hebrew,noun,sticks of algum wood,,3
H419,אֶלדָּד,Old Testament,Hebrew,noun proper,an Israelite,,2
H420,אֶלדָּעָה,Old Testament,Hebrew,noun proper,a son of Midian,,2
H421,אָלָה,Old Testament,Hebrew,verb,to bewail,,1
H422,אָלָה,Old Testament,Hebrew,verb,in a bad sense) to invoke a curse,,6
H423,אָלָה,Old Testament,Hebrew,noun,"(usually, in a bad sense) a curse",,36
H424,אֵלָה,Old Testament,Hebrew,noun,"oak, teil-tree.",,13
H425,אֵלָה,Old Testament,Hebrew,noun proper,"the name of an Edomite, of four Israelites, and also of a place in Israel",,13
A426,אֱלָהּ,Old Testament,Aramaic,noun,god.,,96
H427,אַלָּה,Old Testament,Hebrew,noun,oak,,1
H428,אֵלֶּה,Old Testament,Hebrew,pronoun demonstrative,"so, some, such, them, these (same), they, this, those, thus, which, who(-m).",,746
A429,אֵלֶּה,Old Testament,Aramaic,pronoun demonstrative,these,,1
H430,אֱלוֹהִים,Old Testament,Hebrew,noun,occasionally applied by way of deference to magistrates,దేవుడు (బహువచనం),2602
A431,אֲלוּ,Old Testament,Aramaic,injunction,lo!,,5
H432,אִלּוּ,Old Testament,Hebrew,conjunction,yea though.,,2
H433,אֱלוַֹהּ אֱלוַֹהּ,Old Testament,Hebrew,noun,god. See H0430.,,58
H434,אֱלוּל,Old Testament,Hebrew,adjective,good for nothing,,1
H435,אֱלוּל,Old Testament,Hebrew,noun proper time,the sixth Jewish month,,1
H436,אֵלוֹן,Old Testament,Hebrew,noun,an oak or other strong tree,,9
H437,אַלּוֹן,Old Testament,Hebrew,noun,oak,,8
H438,אַלּוֹן,Old Testament,Hebrew,noun proper,"an Israelite, also a place in Israel",,2
H439,אַלּוֹן בָּכוּת,Old Testament,Hebrew,noun location,a monumental tree,,2
H440,אֵלוֹנִי אֵלוֹנִי,Old Testament,Hebrew,adjective,an Elonite or descendant (collectively) of Elon,,1
H441,אַלוּף אַלּוּף,Old Testament,Hebrew,adjective,(hence) a bullock (as being tame,,69
H442,אָלוּשׁ,Old Testament,Hebrew,noun location,a place in the Desert,,2
H443,אֶלזָבָד,Old Testament,Hebrew,noun proper,the name of two Israelites,,2
H444,אָלַח,Old Testament,Hebrew,verb,to muddle; (figuratively and intransitive) to turn; (morally) corrupt,,3
H445,אֶלחָנָן,Old Testament,Hebrew,noun proper,an Israelite,,4
H446,אֱלִיאָב,Old Testament,Hebrew,noun proper,the name of six Israelites,,21
H447,אֱלִיאֵל,Old Testament,Hebrew,noun proper,the name of nine Israelites,,10
H448,אֱלִיאָתָה אֱלִיָתָה,Old Testament,Hebrew,noun proper,an Israelite,,2
H449,אֱלִידָּד,Old Testament,Hebrew,noun proper,an Israelite,,1
H450,אֶליָדָע,Old Testament,Hebrew,noun proper,the name of two Israelites and of an Aramaean leader,,4
H451,אַליָה,Old Testament,Hebrew,noun,i.e. the fat tail of the Oriental sheep,,5
H452,אֵלִיָה אֵלִיָהוּ,Old Testament,Hebrew,noun proper,the name of the famous prophet and of two other Israelites,,71
H453,אֱלִיהוּ אֱלִיהוּא,Old Testament,Hebrew,noun proper,"the name of one of Job's friends, and of three Israelites",,11
H454,אֶליְהוֹעֵינַי אֶליוֹעֵינַי,Old Testament,Hebrew,noun proper,the name of seven Israelites,,9
H455,אֶליַחבָּא,Old Testament,Hebrew,noun proper,an Israelite,,2
H456,אֱלִיחוֹרֶף,Old Testament,Hebrew,noun proper,an Israelite,,1
H457,אֱלִיל,Old Testament,Hebrew,adjective,specifically an idol,,21
H458,אֱלִימֶלֶך,Old Testament,Hebrew,noun proper,an Israelite,,6
A459,אִלֵּין אִלֵּן,Old Testament,Aramaic,pronoun demonstrative,these.,,5
H460,אֶליָסָף,Old Testament,Hebrew,noun proper,the name of two Israelites,,6
H461,אֱלִיעֶזֶר,Old Testament,Hebrew,noun proper,the name of a Damascene and of ten Israelites,,14
H462,אֱלִיעֵינַי,Old Testament,Hebrew,noun proper,an Israelite,,1
H463,אֱלִיעָם,Old Testament,Hebrew,noun proper,an Israelite,,2
H464,אֱלִיפַז,Old Testament,Hebrew,noun proper,"the name of one of Job's friends, and of a son of Esau",,15
H465,אֱלִיפָל,Old Testament,Hebrew,noun proper,an Israelite,,1
H466,אֱלִיפְלֵהוּ,Old Testament,Hebrew,noun proper,an Israelite,,2
H467,אֱלִיפֶלֶט אֱלפֶּלֶט,Old Testament,Hebrew,noun proper,the name of six Israelites,,9
H468,אֱלִיצּוּר,Old Testament,Hebrew,noun proper,an Israelite,,5
H469,אֱלִיצָּפָן אֶלצָּפָן,Old Testament,Hebrew,noun proper,an Israelite,,6
H470,אֱלִיקָא,Old Testament,Hebrew,noun proper,an Israelite,,1
H471,אֶליָקִים,Old Testament,Hebrew,noun proper,the name of four Israelites,,12
H472,אֱלִישֶׁבַע,Old Testament,Hebrew,noun proper,the wife of Aaron,,1
H473,אֱלִישָׁה,Old Testament,Hebrew,noun proper,a son of Javan,,3
H474,אֱלִישׁוַּע,Old Testament,Hebrew,noun proper,the son of King David,,2
H475,אֶליָשִׁיבּ,Old Testament,Hebrew,noun proper,the name of six Israelites,,17
H476,אֱלִישָׁמָע,Old Testament,Hebrew,noun proper,the name of seven Israelites,,17
H477,אֱלִישָׁע,Old Testament,Hebrew,noun proper,the famous prophet,,58
H478,אֱלִישָׁפָט,Old Testament,Hebrew,noun proper,an Israelite,,1
A479,אִלֵּך,Old Testament,Aramaic,pronoun demonstrative,those.,,14
H480,אַלְלַי,Old Testament,Hebrew,injunction,alas!,,2
H481,אָלַם,Old Testament,Hebrew,verb,"be dumb, put to silence.",,9
H482,אֵלֶם,Old Testament,Hebrew,adjective,silence (i.e. mute justice),,1
H483,אִלֵּם,Old Testament,Hebrew,adjective,speechless,,6
H484,אַלמֻגִּים,Old Testament,Hebrew,noun,almug (i.e. probably sandle-wood) sticks,,3
H485,אֲלוּמָּה אָלוּם,Old Testament,Hebrew,noun,something bound; a sheaf,,5
H486,אַלמוֹדָד,Old Testament,Hebrew,noun proper,a son of Joktan,,2
H487,אַלַּמֶּלֶך,Old Testament,Hebrew,noun location,a place in Israel,,1
H488,אַלמָן,Old Testament,Hebrew,adjective,discarded (as a divorced person),,1
H489,אַלמוֹן,Old Testament,Hebrew,noun,H488,,1
H490,אַלמָנָה,Old Testament,Hebrew,noun,widow.,,56
H491,אַלמָנוּת,Old Testament,Hebrew,noun,widowhood.,,4
H492,אַלמוֹנִי,Old Testament,Hebrew,adjective,without giving the name of the person or place),,3
H493,אֶלנַעַם,Old Testament,Hebrew,noun proper,an Israelite,,1
H494,אֶלנָתָן,Old Testament,Hebrew,noun proper,the name of four Israelites,,7
H495,אֶלָּסָר,Old Testament,Hebrew,noun location,an early country of Asia,,2
H496,אֶלעָד,Old Testament,Hebrew,noun proper,an Israelite,,1
H497,אֶלעָדָה,Old Testament,Hebrew,noun proper,an Israelite,,1
H498,אֶלעוּזַי,Old Testament,Hebrew,noun proper,an Israelite,,1
H499,אֶלעָזָר,Old Testament,Hebrew,noun proper,the name of seven Israelites,,72
H500,אֶלעָלֵא אֶלעָלֵה,Old Testament,Hebrew,noun location,a place east of the Jordan,,5
H501,אֶלעָשָׂה,Old Testament,Hebrew,noun proper,the name of four Israelites,,6
H502,אָלַף,Old Testament,Hebrew,verb,to learn (and causatively to teach),,4
H503,אָלַף,Old Testament,Hebrew,noun,to make a thousandfold,,1
H504,אֶלֶף,Old Testament,Hebrew,noun,from the sense of yoking or taming) an ox or cow,,7
H505,אֶלֶף,Old Testament,Hebrew,noun,this was eventually used as a numeral},,508
A506,אֲלַף אֶלֶף,Old Testament,Aramaic,noun,the same as H504],,5
H507,אֶלֶף,Old Testament,Hebrew,noun location,a place in Israel,,1
H508,אֶלפַּעַל,Old Testament,Hebrew,noun proper,an Israelite,,3
H509,אָלַץ,Old Testament,Hebrew,verb,to press,,1
H510,אַלקוּם,Old Testament,Hebrew,verb,H6965,,1
H511,אֶלקָנָה,Old Testament,Hebrew,noun proper,the name of several Israelites,,21
H512,אֶלקוֹשִׁי,Old Testament,Hebrew,adjective,an Elkoshite or native of Elkosh,,1
H513,אֶלתּוֹלַד,Old Testament,Hebrew,noun location,a place in Israel,,2
H514,אֶלתְּקֵא אֶלתְּקֵה,Old Testament,Hebrew,noun location,a place in Israel,,2
H515,אֶלתְּקוֹן,Old Testament,Hebrew,noun location,a place in Israel,,1
H516,אַל תַּשׁחֵת,Old Testament,Hebrew,noun,H7843,,8
H517,אֵם,Old Testament,Hebrew,noun,"mother, X parting.",ఒక తల్లి (కుటుంబం యొక్క బంధంగా); విస్తృత అర్థంలో (వాచ్యంగా మరియు అలంకారికంగా (H0001 లాగా,220
H518,אִם,Old Testament,Hebrew,particle,"if, although",,1070
H519,אָמָה,Old Testament,Hebrew,noun,maid(-servant).,,56
H520,אַמָּה,Old Testament,Hebrew,noun,"+ hundred (by exchange for H3967), measure, post.",,249
A521,אַמָּה,Old Testament,Aramaic,noun,cubit,,4
H522,אַמָּה,Old Testament,Hebrew,noun location,a hill in Israel,,1
H523,אוּמַּה,Old Testament,Hebrew,noun,i.e. community of persons,,3
A524,אוּמָּה,Old Testament,Aramaic,noun,nation,,8
H525,אָמוֹן,Old Testament,Hebrew,noun,i.e. an architect (like H0542),,1
H526,אָמוֹן,Old Testament,Hebrew,noun proper,the name of three Israelites,,17
H527,אָמוֹן,Old Testament,Hebrew,noun,a throng of people,,3
H528,אָמוֹן,Old Testament,Hebrew,noun proper,a deity of Egypt (used only as an adjunct of H4996),,2
H529,אֵמוּן,Old Testament,Hebrew,noun,truth.,,5
H530,אֱמוּנָה,Old Testament,Hebrew,noun,"-ly, -ness, (man)), set office, stability, steady, truly, truth, verily.",,49
H531,אָמוֹץ,Old Testament,Hebrew,noun proper,an Israelite,,13
H532,אָמִי,Old Testament,Hebrew,noun proper,an Israelite,,1
H533,אַמִּיצּ אַמִּץ,Old Testament,Hebrew,adjective,"mighty, strong (one).",,6
H534,אָמִיר,Old Testament,Hebrew,noun,branch.,,2
H535,אָמַל,Old Testament,Hebrew,verb,to mourn,,13
H536,אוּמלַל,Old Testament,Hebrew,adjective,sick,,4
H537,אֲמֵלָל,Old Testament,Hebrew,adjective,languid,,1
H538,אֲמָם,Old Testament,Hebrew,noun location,a place in Israel,,1
H539,אָמַן,Old Testament,Hebrew,verb,"to trust or believe, to be permanent or quiet",(సరిగ్గా) నిర్మించడానికి లేదా మద్దతు; తల్లిదండ్రులుగా లేదా నర్సుగా ప్రోత్సహించడానికి,108
A540,אֲמַן,Old Testament,Aramaic,verb,"faithful, sure",,3
H541,אָמַן,Old Testament,Hebrew,verb,to take the right hand road,,1
H542,אָמָן,Old Testament,Hebrew,noun,an expert,,1
H543,אָמֵן,Old Testament,Hebrew,verb,truly,,30
H544,אוֹמֶן,Old Testament,Hebrew,noun,verity,,1
H545,אָמנָה,Old Testament,Hebrew,noun,tutelage,,1
H546,אָמנָה,Old Testament,Hebrew,verb,surely,,2
H547,אוֹמְנָה,Old Testament,Hebrew,noun,a column,,1
H548,אֲמָנָה,Old Testament,Hebrew,noun,an allowance,,2
H549,אֲמָנָה,Old Testament,Hebrew,noun location,a mountain near Damascus,,2
H550,אַמנוֹן אֲמִינוֹן,Old Testament,Hebrew,noun,a son of David,,28
H551,אָמנָם,Old Testament,Hebrew,verb,"no doubt, surely, (it is, of a) true(-ly, -th).",,9
H552,אוּמנָם,Old Testament,Hebrew,verb,in (very) deed; of a surety,,5
H553,אָמַץ,Old Testament,Hebrew,verb,physically (on foot) or mentally (in courage),,41
H554,אָמוֹץ,Old Testament,Hebrew,adjective,i.e. red (others fleet),,2
H555,אוֹמֶץ,Old Testament,Hebrew,noun,strength,,1
H556,אַמצָּה,Old Testament,Hebrew,noun,force,,1
H557,אַמצִּי,Old Testament,Hebrew,noun proper,an Israelite,,2
H558,אֲמַציָה אֲמַציָהוּ,Old Testament,Hebrew,noun proper,the name of four Israelites,,40
H559,אָמַר,Old Testament,Hebrew,verb,"appoint, avouch, bid, boast self, call, certify, challenge, charge, + (at the, give) command(-ment), commune, consider, declare, demand, X desire, determine, X expressly, X indeed, X intend, name, X plainly, promise, publish, report, require, say, speak (against, of), X still, X suppose, talk, tell, term, X that is, X think, use (speech), utter, X verily, X yet.",చెప్పు - పలుకు,5319
A560,אֲמַר,Old Testament,Aramaic,verb,"declare, say, speak, tell",,71
H561,אֵמֶר,Old Testament,Hebrew,noun,"X appointed unto him, saying, speech, word.",,48
H562,אוֹמֶר,Old Testament,Hebrew,noun,"speech, thing, word",,6
A563,אִמַּר,Old Testament,Aramaic,noun,a lamb,,3
H564,אִמֵּר,Old Testament,Hebrew,noun proper,the name of five Israelites,,10
H565,אִמרָה אֶמרָה,Old Testament,Hebrew,noun,"speech, word.",,37
H566,אִמרִי,Old Testament,Hebrew,noun proper,the name of two Israelites,,2
H567,אֱמוֹרִי,Old Testament,Hebrew,noun,"an Emorite, one of the Canaanitish tribes",,87
H568,אֲמַריָה אֲמַריָהוּ,Old Testament,Hebrew,noun proper,the name of nine Israelites,,16
H569,אַמרָפֶל,Old Testament,Hebrew,noun proper,a king of Shinar,,2
H570,אֶמֶשׁ,Old Testament,Hebrew,verb,yesterday(-night),,5
H571,אֶמֶת,Old Testament,Hebrew,verb,"truth, trustworthiness","స్థిరత్వం; (అలంకారికంగా) ఖచ్చితత్వం, సత్యం, విశ్వసనీయత",127
H572,אַמתַּחַת,Old Testament,Hebrew,noun,(properly) something expansive; a bag,,15
H573,אֲמִתּתַּי,Old Testament,Hebrew,noun proper,an Israelite,,2
A574,אֵמתָּנִי,Old Testament,Aramaic,adjective,well-loined (i.e. burly) or mighty,,1
H575,אָן אָנָה,Old Testament,Hebrew,verb,(also) hither and thither,,42
A576,אֲנָא אֲנָה,Old Testament,Aramaic,personal pronoun,as for me.,,16
H577,אָנאָ אָנָּה,Old Testament,Hebrew,injunction,O.,,13
H578,אָנָה,Old Testament,Hebrew,verb,mourn.,,2
H579,אָנָה,Old Testament,Hebrew,verb,"deliver, happen, seek a quarrel.",,4
H580,אֲנוּ,Old Testament,Hebrew,personal pronoun,we,,2
A581,אִנּוּן אִנִּין,Old Testament,Aramaic,pronoun demonstrative,"them, these.",,4
H582,אֱנוֹשׁ,Old Testament,Hebrew,noun,"X (blood-)thirsty, certain, chap(-man); divers, fellow, X in the flower of their age, husband, (certain, mortal) man, people, person, servant, some ( X of them), + stranger, those, + their trade. It is often unexpressed in the English versions, especially when used in apposition with another word .",,566
H583,אֱנוֹשׁ,Old Testament,Hebrew,noun proper,a son of Seth,,7
H584,אָנַח,Old Testament,Hebrew,verb,"mourn, sigh.",,12
H585,אֲנָחָה,Old Testament,Hebrew,noun,"mourn, sigh.",,11
A586,אֲנַחנָא אֲנַחנָה,Old Testament,Aramaic,personal pronoun,we,,4
H587,אֲנַחנוּ,Old Testament,Hebrew,personal pronoun,"us, we.",,120
H588,אֲנָחֲרָת,Old Testament,Hebrew,noun location,a place in Israel,,1
H589,אֲנִי,Old Testament,Hebrew,personal pronoun,"(as for) me, mine, myself, we, X which, X who.",,874
H590,אָנִי,Old Testament,Hebrew,noun,navy (of ships).,,7
H591,אָנִיָה,Old Testament,Hebrew,noun,a ship,,32
H592,אֲנִיָה,Old Testament,Hebrew,noun,sorrow.,,2
H593,אֲנִיעָם,Old Testament,Hebrew,noun proper,an Israelite,,1
H594,אֲנָך,Old Testament,Hebrew,noun,and to others a hook,,4
H595,אָנוֹכִי,Old Testament,Hebrew,personal pronoun,"me, X which.",,359
H596,אָנַן,Old Testament,Hebrew,verb,to mourn; complain,,2
H597,אָנַס,Old Testament,Hebrew,verb,compel,,1
A598,אֲנַס,Old Testament,Aramaic,verb,to distress,,1
H599,אָנַף,Old Testament,Hebrew,verb,to breathe hard; be enraged,,14
A600,אֲנַף,Old Testament,Aramaic,noun,visage.,,2
H601,אֲנָפָה,Old Testament,Hebrew,noun,perhaps the parrot (from its irascibility),,2
H602,אָנַק,Old Testament,Hebrew,verb,groan.,,4
H603,אֲנָקָה,Old Testament,Hebrew,noun,"groaning, sighing.",,4
H604,אֲנָקָה,Old Testament,Hebrew,noun,probably the gecko (from its wail),,1
H605,אָנַשׁ,Old Testament,Hebrew,verb,"feeble, or (figuratively) melancholy",,9
A606,אֱנָשׁ אֱנַשׁ,Old Testament,Aramaic,noun,+ whosoever.,,27
A607,אַנתָּה,Old Testament,Aramaic,personal pronoun,thou.,,29
A608,אַנתּוּן,Old Testament,Aramaic,personal pronoun,ye,,1
H609,אָסָא,Old Testament,Hebrew,noun proper,the name of a king and of a Levite,,58
H610,אָסוּך,Old Testament,Hebrew,noun,anointed; an oil-flask,,1
H611,אָסוֹן,Old Testament,Hebrew,noun,hurt,,5
H612,אֵסוּר,Old Testament,Hebrew,noun,+ prison.,,4
A613,אֱסוּר,Old Testament,Aramaic,noun,imprisonment,,3
H614,אָסִיף אָסִף,Old Testament,Hebrew,noun,gathered; (abstractly) a gathering in of crops,,2
H615,אָסִיר,Old Testament,Hebrew,noun,prisoner.,,13
H616,אַסִּיר,Old Testament,Hebrew,noun,prisoner,,4
H617,אַסִּיר,Old Testament,Hebrew,noun proper,the name of two Israelites,,5
H618,אָסָם,Old Testament,Hebrew,noun,storehouse.,,2
H619,אַסנָה,Old Testament,Hebrew,noun proper,one of the Nethinim,,1
A620,אוֹסנַפַּר,Old Testament,Aramaic,noun proper,an Assyrian king,,1
H621,אָסנַת,Old Testament,Hebrew,noun proper,the wife of Joseph,,3
H622,אָסַף,Old Testament,Hebrew,verb,"(thus) to remove (destroy, leave behind, put up, restore, etc.)",,202
H623,אָסָף,Old Testament,Hebrew,noun proper,"the name of three Israelites, and of the family of the first",,46
H624,אָסוּף,Old Testament,Hebrew,noun,Asuppim.,,3
H625,אוֹסֶף,Old Testament,Hebrew,noun,a collection (of fruits),,3
H626,אֲסֵפָה,Old Testament,Hebrew,noun,a collection of people (only adverbial),,1
H627,אֲסוּפָּה,Old Testament,Hebrew,noun,a collection of (learned) men (only in the plural),,1
H628,אַספְּסוּף,Old Testament,Hebrew,noun,gathered up together; a promiscuous assemblage (of people),,1
A629,אָספַּרנָא,Old Testament,Aramaic,verb,"forthwith, speed(-ily).",,7
H630,אַספָּתָא,Old Testament,Hebrew,noun proper,a son of Haman,,1
H631,אָסַר,Old Testament,Hebrew,verb,"to fasten in any sense, to join battle",,72
H632,אֱסָר אִסָּר,Old Testament,Hebrew,noun,bond.,,11
A633,אֱסָר,Old Testament,Aramaic,noun,an interdict,,7
H634,אֵסַר ־ חַדּוֹן,Old Testament,Hebrew,noun proper,an Assyrian king,,3
H635,אֶסתֵּר,Old Testament,Hebrew,noun proper,the Jewish heroine,,55
A636,אָע,Old Testament,Aramaic,noun,wood.,,5
H637,אַף,Old Testament,Hebrew,particle,"+ although, and (furthermore, yet), but, even, + how much less (more, rather than), moreover, with, yea.",,134
A638,אַף,Old Testament,Aramaic,conjunction,also,,4
H639,אַף,Old Testament,Hebrew,noun,"(also, from the rapid breathing in passion) ire",(సరిగ్గా) ముక్కు లేదా నాసికా రంధ్రం; (అందుకే) ముఖం మరియు అప్పుడప్పుడు ఒక వ్యక్తి,276
H640,אָפַד,Old Testament,Hebrew,verb,gird.,,2
H641,אֵפוֹד,Old Testament,Hebrew,noun proper,an Israelite,,1
H642,אֵפוּדָּה,Old Testament,Hebrew,noun,generally) a plating (of metal),,3
H643,אַפֶּדֶן,Old Testament,Hebrew,noun,a pavilion or palace-tent,,1
H644,אָפָה,Old Testament,Hebrew,verb,especially to bake,,25
H645,אֵפוֹ אֵפוֹא,Old Testament,Hebrew,particle demonstrative,"but used of time, now or then",,15
H646,אֵפוֹד אֵפוֹד,Old Testament,Hebrew,noun,a girdle; (specifically) the ephod or high-priest's shoulder-piece; (generally) an image,,49
H647,אֲפִיַח,Old Testament,Hebrew,noun proper,an Israelite,,1
H648,אָפִיל,Old Testament,Hebrew,adjective,unripe,,1
H649,אַפַּיִם,Old Testament,Hebrew,noun proper,an Israelite,,2
H650,אָפִיק,Old Testament,Hebrew,noun,"channel, mighty, river, + scale, stream, strong piece.",,19
H651,אַפֵל,Old Testament,Hebrew,adjective,dusky,,1
H652,אוֹפֶל,Old Testament,Hebrew,noun,"obscurity, privily.",,9
H653,אֲפֵלָה,Old Testament,Hebrew,noun,(concretely) concealment,,10
H654,אֶפלָל,Old Testament,Hebrew,noun proper,an Israelite,,2
H655,אוֹפֶן,Old Testament,Hebrew,noun,a turn; a season,,1
H656,אָפֵס,Old Testament,Hebrew,verb,"brought to nought), fail.",,5
H657,אֶפֶס,Old Testament,Hebrew,noun,adverbially) no further,,44
H658,אֶפֶס דַּמִּים,Old Testament,Hebrew,noun location,a place in Israel,,1
H659,אֵפַע,Old Testament,Hebrew,adjective,(properly) a breath; nothing,,1
H660,אֶפעֶה,Old Testament,Hebrew,noun,an asp or other venomous serpent,,3
H661,אָפַף,Old Testament,Hebrew,verb,to surround,,5
H662,אָפַק,Old Testament,Hebrew,verb,restrain.,,7
H663,אֲפֵק אֲפִיק,Old Testament,Hebrew,noun location,the name of three places in Israel,,9
H664,אֲפֵקָה,Old Testament,Hebrew,noun location,a place in Israel,,1
H665,אֵפֶר,Old Testament,Hebrew,noun,ashes,,22
H666,אֲפֵר,Old Testament,Hebrew,noun,a turban,,2
H667,אֶפרוַֹח,Old Testament,Hebrew,noun,the brood of a bird,,5
H668,אַפִּריוֹן,Old Testament,Hebrew,noun,a palanquin,,1
H669,אֶפרַיִם,Old Testament,Hebrew,noun proper,"(also) the tribe descended from him, and its territory",,180
A670,אֲפָרְסַי,Old Testament,Aramaic,noun proper,an Apherasite or inhabitant of an unknown region of Assyria,,1
A671,אֲפַרסְכַי אֲפַרסַתכַּי,Old Testament,Aramaic,noun proper,an unknown Assyrian tribe,,3
H672,אֶפרָת אֶפרָתָה,Old Testament,Hebrew,noun proper,once (Psa. 132,,10
H673,אֶפרָתִי,Old Testament,Hebrew,adjective,Ephrathite.,,5
H674,אַפְּתוֹם,Old Testament,Hebrew,noun,revenue; others at the last,,1
H675,אֶצבּוֹן אֶצבּוֹן,Old Testament,Hebrew,noun proper,the name of two Israelites,,2
H676,אֶצבַּע,Old Testament,Hebrew,noun,toe.,,31
A677,אֶצבַּע,Old Testament,Aramaic,noun,toe,,3
H678,אָצִיל,Old Testament,Hebrew,noun,noble.,,2
H679,אַצִּיל,Old Testament,Hebrew,noun,according to some) a party-wall (Ezek. 41,,3
H680,אָצַל,Old Testament,Hebrew,verb,"refuse, contract",,5
H681,אֵצֶל,Old Testament,Hebrew,noun,"(hard) by, (from) (beside), near (unto), toward, with. See also H1018.",,61
H682,אַצֵל,Old Testament,Hebrew,noun location,"the name of an Israelite, and of a place in Israel",,7
H683,אֲצַליָהוּ,Old Testament,Hebrew,noun proper,an Israelite,,2
H684,אוֹצֶם,Old Testament,Hebrew,noun proper,the name of two Israelites,,2
H685,אֶצעָדָה,Old Testament,Hebrew,noun,a bracelet,,2
H686,אָצַר,Old Testament,Hebrew,verb,+ (make) treasure(-r).,,5
H687,אֶצֶר,Old Testament,Hebrew,noun proper,an Idumaean,,5
H688,אֶקדָּח,Old Testament,Hebrew,noun,"garnet, or other fiery gem",,1
H689,אַקּוֹ,Old Testament,Hebrew,noun,slender; the ibex,,1
H690,אֲרָא,Old Testament,Hebrew,noun proper,an Israelite,,1
H691,אֶראֵל,Old Testament,Hebrew,noun,a hero (collectively),,1
H692,אַראֵלִי,Old Testament,Hebrew,noun proper,"collectively), an Israelite and his descendants",,3
H693,אָרַב,Old Testament,Hebrew,verb,lay (lie in) wait.,,41
H694,אֲרָב,Old Testament,Hebrew,noun location,a place in Israel,,1
H695,אֶרֶב,Old Testament,Hebrew,noun,lie in wait.,,2
H696,אוֹרֶב,Old Testament,Hebrew,noun,wait,,1
H697,אַרבֶּה,Old Testament,Hebrew,noun,locust.,,24
H698,אָרֳבָה,Old Testament,Hebrew,noun,ambuscades,,1
H699,אֲרֻבָּה,Old Testament,Hebrew,noun,"dove-cot (because of the pigeon-holes), chimney (with its apertures for smoke), sluice (with openings for water)",,9
H700,אֲרֻבּוֹת,Old Testament,Hebrew,noun location,a place in Israel,,1
H701,אַרבִּי,Old Testament,Hebrew,adjective,an Arbite or native of Arab,,1
H702,אַרבַּע אַרבָּעָה,Old Testament,Hebrew,adjective,four,నాలుగు,320
A703,אַרבַּע,Old Testament,Aramaic,adjective,four,,8
H704,אַרבַּע,Old Testament,Hebrew,noun proper,one of the Anakim,,2
H705,אַרבָּעִים,Old Testament,Hebrew,adjective,forty,,135
H706,אַרבַּעתַּיִם,Old Testament,Hebrew,verb,fourfold,,1
H707,אָרַג,Old Testament,Hebrew,verb,to plait or weave,,13
H708,אֶרֶג,Old Testament,Hebrew,noun,weaver's shuttle.,,2
H709,אַרגּוֹב,Old Testament,Hebrew,noun location,a district of Israel,,5
H710,אַרגְּוָן,Old Testament,Hebrew,noun,purple,,1
A711,אַרגְּוָן,Old Testament,Aramaic,noun,purple,,3
H712,אַרגָּז,Old Testament,Hebrew,noun,a box (as a pannier)],,3
H713,אַרגָּמָן,Old Testament,Hebrew,noun,purple (the color or the dyed stuff),,38
H714,אַרדּ,Old Testament,Hebrew,noun proper,the name of two Israelites,,2
H715,אַרדּוֹן,Old Testament,Hebrew,noun proper,an Israelite,,1
H716,אַרדִּי,Old Testament,Hebrew,adjective,an Ardite (collectively) or descendant of Ard,,1
H717,אָרָה,Old Testament,Hebrew,verb,pluck.,,2
A718,אֲרוּ,Old Testament,Aramaic,injunction,lo.,,5
H719,אַרוַד,Old Testament,Hebrew,noun location,an island-city of Israel,,2
H720,אֲרוֹד,Old Testament,Hebrew,noun proper,an Israelite,,1
H721,אַרוָדִי,Old Testament,Hebrew,adjective,an Arvadite or citizen of Arvad,,2
H722,אֲרוֹדִי,Old Testament,Hebrew,adjective,Arodites.,,2
H723,אוּרוָה אֲרָיָה,Old Testament,Hebrew,noun,a herding-place for an animal,,3
H724,אֲרוּכָה אֲרוּכָה,Old Testament,Hebrew,noun,"made up, perfected.",,6
H725,אֲרוּמָה,Old Testament,Hebrew,noun location,a place in Israel,,1
H726,אֲרוֹמִי,Old Testament,Hebrew,adjective,an Edomite (as in the margin},,1
H727,אָרוֹן אָרוֹן,Old Testament,Hebrew,noun,"chest, coffin.",,202
H728,אֲרַונָה אוֹרנָה אַנִיָה,Old Testament,Hebrew,noun proper,a Jebusite,,11
H729,אָרַז,Old Testament,Hebrew,adjective,to be firm; used only in the passive participle as a denominative from H730],,4
H730,אֶרֶז,Old Testament,Hebrew,noun,a cedar tree (from the tenacity of its roots),,70
H731,אַרזָה,Old Testament,Hebrew,noun,cedar wainscoating,,1
H732,אָרַח,Old Testament,Hebrew,verb,wayfaring (man).,,5
H733,אָרַח,Old Testament,Hebrew,noun proper,the name of three Israelites,,4
H734,אוֹרַח,Old Testament,Hebrew,noun,"path, race, rank, traveller, troop, (by-, high-)way.",,60
A735,אוֹרַח,Old Testament,Aramaic,noun,a road,,2
H736,אוֹרחָה,Old Testament,Hebrew,noun,a caravan,,2
H737,אֲרוּחָה,Old Testament,Hebrew,noun,"diet, dinner, victuals.",,6
H738,אֲרִי אַריֵה,Old Testament,Hebrew,noun,+ pierce (from the margin).,,81
H739,אֲרִיאֵל אֲרִאֵל,Old Testament,Hebrew,noun,H410,,4
H740,אֲרִיאֵל,Old Testament,Hebrew,noun location,"a symbolical name for Jerusalem, also the name of an Israelite",,6
H741,אֲרִאֵיל,Old Testament,Hebrew,noun,"more probably, an orthographical variation for H2025]",,3
H742,אֲרִידַּי,Old Testament,Hebrew,noun proper,a son of Haman,,1
H743,אֲרִידָּתָא,Old Testament,Hebrew,noun proper,a son of Haman,,1
A744,אַריֵה,Old Testament,Aramaic,noun,lion,,10
H745,אַריֵה,Old Testament,Hebrew,noun proper,an Israelite,,1
H746,אֲריוֹך,Old Testament,Hebrew,noun proper,the name of two Babylonians,,7
H747,אֲרִיסַי,Old Testament,Hebrew,noun proper,a son of Haman,,1
H748,אָרַך,Old Testament,Hebrew,verb,make) long (literally or figuratively),,34
A749,אֲרַך,Old Testament,Aramaic,verb,"corresponding to H748, but used only in the sense of reaching to a given point]",,1
H750,אָרֵך,Old Testament,Hebrew,adjective,"-winged), patient, slow (to anger).",,15
H751,אֶרֶך,Old Testament,Hebrew,noun location,a place in Babylon,,1
H752,אָרוֹך,Old Testament,Hebrew,adjective,long,,3
H753,אוֹרֶך,Old Testament,Hebrew,noun,"length, long.",,95
A754,אַרכָּא אַרכָּה,Old Testament,Aramaic,noun,prolonged.,,2
A755,אַרכּוּבָה,Old Testament,Aramaic,noun,the knee,,1
A756,אַרכְּוַי,Old Testament,Aramaic,noun,an Arkevite (collectively) or native of Erek,,2
H757,אַרכִּי,Old Testament,Hebrew,adjective,Archite.,,6
H758,אֲרָם,Old Testament,Hebrew,noun,"(also) the name of the son of Shem, a grandson of Nahor, and of an Israelite",,133
H759,אַרמוֹן,Old Testament,Hebrew,noun,palace.,,32
H760,אֲרַם צּוֹבָה,Old Testament,Hebrew,noun location,H6678,,1
H761,אֲרַמִּי,Old Testament,Hebrew,adjective,Aramitess.,,11
H762,אֲרָמִיתּ,Old Testament,Hebrew,verb,in Syriac.,,5
H763,אֲרַם נַהֲרַיִם,Old Testament,Hebrew,noun location,Mesopotamia.,,5
H764,אַרמוֹנִי,Old Testament,Hebrew,noun proper,an Israelite,,1
H765,אֲרָן,Old Testament,Hebrew,noun proper,an Edomite,,2
H766,אוֹרֶן,Old Testament,Hebrew,noun,the ash tree (from its toughness),,1
H767,אוֹרֶן,Old Testament,Hebrew,noun proper,an Israelite,,1
H768,אַרנֶבֶת,Old Testament,Hebrew,noun,the hare,,2
H769,אַרנוֹן אַרנוֹן,Old Testament,Hebrew,noun location,"a river east of the Jordan, also its territory",,25
H770,אַרנָן,Old Testament,Hebrew,noun proper,an Israelite,,1
H771,אָרנָן,Old Testament,Hebrew,noun proper,a Jebusite,,12
A772,אֲרַע,Old Testament,Aramaic,noun,interior.,,21
A773,אַרעִיתּ,Old Testament,Aramaic,noun,the bottom,,1
H774,אַרפָּד,Old Testament,Hebrew,noun location,a place in Syria,,6
H775,אַרפַּכשַׁד,Old Testament,Hebrew,noun proper,also the region settled by him,,9
H776,אֶרֶץ,Old Testament,Hebrew,noun,or partitively a land),భూమి - దేశము,2505
H777,אַרצָּא,Old Testament,Hebrew,noun proper,an Israelite,,1
A778,אֲרַק,Old Testament,Aramaic,noun,the earth,,1
H779,אָרַר,Old Testament,Hebrew,verb,to execrate,,63
H780,אֲרָרַט,Old Testament,Hebrew,noun location,Armenia.,,4
H781,אָרַשׂ,Old Testament,Hebrew,verb,espouse.,,11
H782,אֲרֶשֶׁת,Old Testament,Hebrew,noun,a longing for,,1
H783,אַרתַּחשַׁשׁתָּא אַרתַּחשַׁשׁתּא,Old Testament,Hebrew,noun proper,a title (rather than name) of several Persian kings,,17
H784,אֵשׁ,Old Testament,Hebrew,noun,"fiery, fire, flaming, hot.",అగ్ని (అక్షరాలా లేదా అలంకారికంగా),378
A785,אֵשׁ,Old Testament,Aramaic,noun,flame,,1
H786,אִשׁ,Old Testament,Hebrew,verb,"used only adverbially, there is or are",,2
A787,אוֹשׁ,Old Testament,Aramaic,noun,a foundation,,3
H788,אַשׁבֵּל,Old Testament,Hebrew,noun proper,an Israelite,,3
H789,אַשׁבֵּלִי,Old Testament,Hebrew,adjective,an Ashbelite (collectively) or descendant of Ashbel,,1
H790,אֶשׁבָּן,Old Testament,Hebrew,noun proper,an Idumaean,,2
H791,אַשׁבֵַּע,Old Testament,Hebrew,noun proper,an Israelite,,1
H792,אֶשׁבַּעַל,Old Testament,Hebrew,noun proper,a son of Saul,,2
H793,אֶשֶׁד,Old Testament,Hebrew,noun,an outpouring,,1
H794,אֲשֵׁדָה,Old Testament,Hebrew,noun,a ravine,,6
H795,אַשׁדּוֹד,Old Testament,Hebrew,noun location,a place in Israel,,17
H796,אַשׁדּוֹדִי,Old Testament,Hebrew,adjective,of Ashdod.,,6
H797,אַשׁדּוֹדִיתּ,Old Testament,Hebrew,verb,(only adverb) in the language of Ashdod,,1
H798,אַשׁדּוֹת הַפִּסגָּה,Old Testament,Hebrew,noun location,a place east of the Jordan,,3
H799,אֶשׁדָּת,Old Testament,Hebrew,noun,H1881,,1
H800,אֶשָּׁה,Old Testament,Hebrew,noun,fire,,1
H801,אִשָּׁה,Old Testament,Hebrew,noun,but used in a liturgical sense],,65
H802,אִשָּׁה נָשִׁים,Old Testament,Hebrew,noun,a woman (used in the same wide sense as H0582),"క్రమరహిత బహువచనం, nashiym; ఒక స్త్రీ (H0582 వలె విస్తృత అర్థంలో ఉపయోగించబడుతుంది)",781
H803,אֲשׁוּיָה,Old Testament,Hebrew,noun,foundation,,151
H804,אַשּׁוּר אַשּׁוּר,Old Testament,Hebrew,noun location,"also his descendants and the country occupied by them (i.e. Assyria), its region and its empire",,2
H805,אֲשׁוּרִי אַשּׁוּרִי,Old Testament,Hebrew,adjective,a district in Israel,,2
H806,אַשׁחוּר,Old Testament,Hebrew,noun proper,an Israelite,,2
H807,אֲשִׁימָא,Old Testament,Hebrew,noun proper,a deity of Hamath,,1
H808,אָשִׁישׁ,Old Testament,Hebrew,noun,a (ruined) foundation,,1
H809,אֲשִׁישָׁה,Old Testament,Hebrew,noun,something closely pressed together; a cake of raisins or other comfits,,4
H810,אֶשֶׁך,Old Testament,Hebrew,noun,a testicle (as a lump),,1
H811,אֶשׁכּוֹל אֶשׁכּוֹל,Old Testament,Hebrew,noun,a bunch of grapes or other fruit,,9
H812,אֶשׁכּוֹל,Old Testament,Hebrew,noun proper,"the name of an Amorite, also of a valley in Israel",,6
H813,אַשׁכְּנַז,Old Testament,Hebrew,noun proper,"a Japhethite, also his descendants",,3
H814,אֶשׁכָּר,Old Testament,Hebrew,noun,present.,,2
H815,אֵשֶׁל,Old Testament,Hebrew,noun,a grove of any kind,,3
H816,אָשַׁם אָשֵׁם,Old Testament,Hebrew,verb,"be(-come, made) desolate, destroy, X greatly, be(-come, found, hold) guilty, offend (acknowledge offence), trespass.",,35
H817,אָשָׁם,Old Testament,Hebrew,noun,"(offering for) sin, trespass (offering).",,46
H818,אָשֵׁם,Old Testament,Hebrew,adjective,guilty.,,3
H819,אַשׁמָה,Old Testament,Hebrew,noun,"a fault, the presentation of a sin-offering",,19
H820,אַשׁמָן,Old Testament,Hebrew,noun,a fat-field,,1
H821,אַשׁמוּרָה אַשׁמוּרָה אַשׁמוֹרֶת,Old Testament,Hebrew,noun,a night watch,,7
H822,אֶשׁנָב,Old Testament,Hebrew,noun,lattice.,,2
H823,אַשׁנָה,Old Testament,Hebrew,noun location,the name of two places in Israel,,2
H824,אֶשׁעָן,Old Testament,Hebrew,noun location,a place in Israel,,1
H825,אַשָּׁף,Old Testament,Hebrew,noun,i.e. practice enchantment)],,2
A826,אַשָּׁף,Old Testament,Aramaic,noun,astrologer,,6
H827,אַשׁפָּה,Old Testament,Hebrew,noun,a quiver or arrow-case,,6
H828,אַשׁפְּנַז,Old Testament,Hebrew,noun proper,a Babylonian eunuch,,1
H829,אֶשׁפָּר,Old Testament,Hebrew,noun,a measured portion,,2
H830,אַשׁפּוֹת אַשׁפּוֹת שְׁפוֹת,Old Testament,Hebrew,noun,from H8192 (in the sense of scraping)],,7
H831,אַשׁקְלוֹן,Old Testament,Hebrew,noun location,a place in Israel,,12
H832,אֶשׁקְלוֹנִי,Old Testament,Hebrew,adjective,Ashkelonite (collectively) or inhabitant of Ashkelon,,1
H833,אָשַׁר אָשֵׁר,Old Testament,Hebrew,verb,"(figuratively) to go forward, be honest, proper",,17
H834,אֲשֶׁר,Old Testament,Hebrew,pronoun reflexive,"(as adverb) when, where, how; (as conjunction) because, in order that, etc",,5503
H835,אֶשֶׁר,Old Testament,Hebrew,noun,how happy!,,45
H836,אָשֵׁר,Old Testament,Hebrew,noun proper,also a place in Israel,,43
H837,אוֹשֶׁר,Old Testament,Hebrew,noun,happiness,,1
H838,אָשׁוּר אַשּׁוּר,Old Testament,Hebrew,noun,step.,,9
H839,אֲשׁוּר,Old Testament,Hebrew,noun,the cedar tree or some other light elastic wood,,1
H840,אֲשַׂראֵל,Old Testament,Hebrew,noun proper,an Israelite,,1
H841,אֲשַׂראֵלָה,Old Testament,Hebrew,noun proper,an Israelite,,1
H842,אֲשֵׁרָה אֲשֵׁירָה,Old Testament,Hebrew,noun proper,happy; Asherah (or Astarte) a Phoenician goddess; also an image of the same,,40
H843,אָשֵׁרִי,Old Testament,Hebrew,adjective,an Asherite (collectively) or descendant of Asher,,1
H844,אַשׂרִיאֵל,Old Testament,Hebrew,noun proper,the name of two Israelites,,1
H845,אַשׂרִאֵלִי,Old Testament,Hebrew,adjective,an Asrielite (collectively) or descendant of Asriel,,1
A846,אוּשַּׁרנָא,Old Testament,Aramaic,noun,a wall (from its uprightness),,2
H847,אֶשׁתָּאוֹל אֶשׁתָּאוֹל,Old Testament,Hebrew,noun location,a place in Israel,,7
H848,אֶשׁתָּאוּלִי,Old Testament,Hebrew,adjective,an Eshtaolite (collectively) or inhabitant of Eshtaol,,1
A849,אֶשׁתַּדּוּר,Old Testament,Aramaic,noun,rebellion,,2
H850,אֶשׁתּוֹן,Old Testament,Hebrew,noun proper,an Israelite,,2
H851,אֶשׁתְּמוַֹע אֶשׁתְּמוַֹע אֶשׁתְּמוֹה,Old Testament,Hebrew,noun location,a place in Israel,,6
A852,אָת,Old Testament,Aramaic,noun,a portent,,3
H853,אֵת,Old Testament,Hebrew,particle unrepresented in English,(properly) self; (generally) used to point out the object of a verb (or preposition) more definitely; (hence) even or namely,వస్తు గుర్తు (వ్యాకరణం),11061
H854,אֵת,Old Testament,Hebrew,preposition,"generally) with, by, at, among, etc",,808
H855,אֵת,Old Testament,Hebrew,noun,plowshare.,,5
H856,אֶתבַּעַל,Old Testament,Hebrew,noun proper,a Phoenician king,,1
H857,אָתָה אָתָא,Old Testament,Hebrew,verb,"things to) come (upon), bring.",,21
A858,אָתָה אָתָא,Old Testament,Aramaic,verb,bring.,,16
H859,אַתּתָּה אַתּתָּ אַת אַתּתִּי אַתּתֶּם אַתּתֶּן אַתּתֵּנָה אַתּתֵּנָּה,Old Testament,Hebrew,personal pronoun,or (plural) ye and you,,1103
H860,אָתוֹן,Old Testament,Hebrew,noun,a female donkey (from its docility),,34
A861,אַתּתּוּן,Old Testament,Aramaic,noun,probably a fire-place; furnace,,10
H862,אַתּתּוּק אַתּתִּיק,Old Testament,Hebrew,noun,a ledge or offset in a building,,6
H863,אִתּתַּי אִיתַּי,Old Testament,Hebrew,noun proper,the name of a Gittite and of an Israelite,,9
H864,אֵתָם,Old Testament,Hebrew,noun location,a place in the Desert,,4
H865,אֶתמוֹל אִתמוֹל אֶתמוּל,Old Testament,Hebrew,verb,"+ heretofore, of late (old), + times past, yester(day).",,8
H866,אֶתנָה,Old Testament,Hebrew,noun,a present (as the price of harlotry),,1
H867,אֶתנִי,Old Testament,Hebrew,noun proper,an Israelite,,1
H868,אֶתנַן,Old Testament,Hebrew,noun,reward.,,11
H869,אֶתנַן,Old Testament,Hebrew,noun proper,an Israelite,,1
A870,אֲתַר,Old Testament,Aramaic,noun,place.,,8
H871,אֲתָרִים,Old Testament,Hebrew,noun location,a place near Israel,,1
H872,בְּאָה,Old Testament,Hebrew,noun,an entrance to a building,,1
A873,בִּאוּשׁ,Old Testament,Aramaic,noun,wicked,,1
H874,בָּאַר,Old Testament,Hebrew,verb,(figuratively) to explain,,3
H875,בְּאֵר,Old Testament,Hebrew,noun,well.,,37
H876,בְּאֵר,Old Testament,Hebrew,noun location,"a place in the Desert, also one in Israel",,2
H877,בּוֹאר,Old Testament,Hebrew,noun,a cistern,,2
H878,בְּאֵרָא,Old Testament,Hebrew,noun proper,an Israelite,,1
H879,בְּאֵר אֵלִים,Old Testament,Hebrew,noun location,a place in the Desert,,1
H880,בְּאֵרָה,Old Testament,Hebrew,noun proper,an Israelite,,1
H881,בְּאֵרוֹת,Old Testament,Hebrew,noun location,a place in Israel,,5
H882,בְּאֵרִי,Old Testament,Hebrew,noun proper,the name of a Hittite and of an Israelite,,2
H883,בְּאֵר לַחַי רוֹאִי,Old Testament,Hebrew,noun location,a place in the Desert,,3
H884,בְּאֵר שֶׁבַע,Old Testament,Hebrew,noun location,a place in Israel,,34
H885,בְּאֵרוֹת בְּנֵי ־ יַעֲקַן,Old Testament,Hebrew,noun location,a place in the Desert,,1
H886,בְּאֵרוֹתִי,Old Testament,Hebrew,adjective,a Beerothite or inhabitant of Beeroth,,5
H887,בָּאַשׁ,Old Testament,Hebrew,verb,"loathsome, odious), (cause a, make to) stink(-ing savour), X utterly.",,17
A888,בְּאֵשׁ,Old Testament,Aramaic,verb,displease,,1
H889,בְּאוֹשׁ,Old Testament,Hebrew,noun,a stench,,3
H890,בָּאשָׁה,Old Testament,Hebrew,noun,stink-weed or any other noxious or useless plant,,1
H891,בְּאוּשִׁים,Old Testament,Hebrew,noun,poison-berries,,2
H892,בָּבָה,Old Testament,Hebrew,noun,something hollowed (as a gate); pupil of the eye,,1
H893,בֵּבַי,Old Testament,Hebrew,noun proper,an Israelite,,6
H894,בָּבֶל,Old Testament,Hebrew,noun location,including Babylonia and the Babylonian empire,,262
A895,בָּבֶל,Old Testament,Aramaic,noun location,Babylon,,25
A896,בַּבלִי,Old Testament,Aramaic,adjective,a Babylonian,,1
H897,בַּג,Old Testament,Hebrew,noun,food,,1
H898,בָּגַד,Old Testament,Hebrew,verb,to pillage,,48
H899,בֶּגֶד,Old Testament,Hebrew,noun,"cloth(-es, ing), garment, lap, rag, raiment, robe, X very (treacherously), vesture, wardrobe.",,218
H900,בּוֹגְדוֹת,Old Testament,Hebrew,noun,treacheries,,1
H901,בָּגוֹד,Old Testament,Hebrew,adjective,treacherous,,3
H902,בִּגוַי,Old Testament,Hebrew,noun proper,an Israelite,,6
H903,בִּגתָּא,Old Testament,Hebrew,noun proper,a eunuch of Xerxes,,1
H904,בִּגתָּן בִּגתָּנָא,Old Testament,Hebrew,noun proper,a eunuch of Xerxes,,2
H905,בַּד,Old Testament,Hebrew,noun,(figuratively) chief of a city,,200
H906,בַּד,Old Testament,Hebrew,noun,flaxen thread or yarn; (hence) a linen garment,,23
H907,בַּד,Old Testament,Hebrew,noun,lie.,,6
H908,בָּדָא,Old Testament,Hebrew,verb,feign.,,2
H909,בָּדַד,Old Testament,Hebrew,verb,to divide; (reflexively) be solitary,,3
H910,בָּדָד,Old Testament,Hebrew,verb,separately,,13
H911,בְּדַד,Old Testament,Hebrew,noun proper,an Edomite,,2
H912,בֵּדְיָה,Old Testament,Hebrew,noun proper,an Israelite,,1
H913,בְּדִיל,Old Testament,Hebrew,noun,tin,,6
H914,בָּדַל,Old Testament,Hebrew,verb,"separate, distinguish, differ, select, etc.)",,42
H915,בָּדָל,Old Testament,Hebrew,noun,a part,,1
H916,בְּדוֹלַח,Old Testament,Hebrew,noun,others a pearl,,2
H917,בְּדָן,Old Testament,Hebrew,noun proper,the name of two Israelites,,2
H918,בָּדַק,Old Testament,Hebrew,verb,to gap open; used only as a denominative from H919],,1
H919,בֶּדֶק,Old Testament,Hebrew,noun,+ calker.,,10
H920,בִּדקַר,Old Testament,Hebrew,noun proper,an Israelite,,1
A921,בְּדַר,Old Testament,Aramaic,verb,to scatter,,1
H922,בּוֹהוּ,Old Testament,Hebrew,noun,void.,,3
H923,בַּהַט,Old Testament,Hebrew,noun,white marble or perhaps alabaster,,1
A924,בְּהִילוּ,Old Testament,Aramaic,verb,hastily,,1
H925,בָּהִיר,Old Testament,Hebrew,adjective,shining,,1
H926,בָּהַל,Old Testament,Hebrew,verb,"amazed, dismayed, rash), (be, get, make) haste(-n, -y, -ily), (give) speedy(-ily), thrust out, trouble, vex.",,39
A927,בְּהַל,Old Testament,Aramaic,verb,hasten,,11
H928,בֶּהָלָה,Old Testament,Hebrew,noun,destruction,,4
H929,בְּהֵמָה,Old Testament,Hebrew,noun,cattle.,,190
H930,בְּהֵמוֹת,Old Testament,Hebrew,noun,but really a singular of Egyptian derivation],,1
H931,בּוֹהֶן,Old Testament,Hebrew,noun,great toe.,,16
H932,בּוֹהַן,Old Testament,Hebrew,noun proper,"Bohan, an Israelite",,2
H933,בּוֹהַק,Old Testament,Hebrew,noun,white scurf,,1
H934,בּוֹהֶרֶת,Old Testament,Hebrew,noun,a whitish spot on the skin,,12
H935,בּוֹא,Old Testament,Hebrew,verb,"apply, attain, X be, befall, + besiege, bring (forth, in, into, to pass), call, carry, X certainly, (cause, let, thing for) to come (against, in, out, upon, to pass), depart, X doubtless again, + eat, + employ, (cause to) enter (in, into, -tering, -trance, -try), be fallen, fetch, + follow, get, give, go (down, in, to war), grant, + have, X indeed, (in-)vade, lead, lift (up), mention, pull in, put, resort, run (down), send, set, X (well) stricken (in age), X surely, take (in), way.",వెళ్ళడానికి లేదా రావడానికి (అనేక రకాల అప్లికేషన్లలో),2593
H936,בּוּז,Old Testament,Hebrew,verb,"despise, X utterly.",,11
H937,בּוּז,Old Testament,Hebrew,noun,"despised, shamed.",,12
H938,בּוּז,Old Testament,Hebrew,noun proper,"the name of a son of Nahor, and of an Israelite",,3
H939,בּוּזָה,Old Testament,Hebrew,noun,something scorned; an object of contempt,,1
H940,בּוּזִי,Old Testament,Hebrew,adjective,a Buzite or descendant of Buz,,2
H941,בּוּזִי,Old Testament,Hebrew,noun proper,an Israelite,,1
H942,בַּוַּי,Old Testament,Hebrew,noun proper,an Israelite,,1
H943,בּוּך,Old Testament,Hebrew,verb,(perplexed).,,3
H944,בּוּל,Old Testament,Hebrew,noun,etc.),,2
H945,בּוּל,Old Testament,Hebrew,noun,the eighth Hebrew month,,1
H946,בּוּנָה,Old Testament,Hebrew,noun proper,an Israelite,,1
H947,בּוּס,Old Testament,Hebrew,verb,"tread (down, under (foot)), be polluted.",,12
H948,בּוּץ,Old Testament,Hebrew,noun,probably cotton (of some sort),,8
H949,בּוֹצֵץ,Old Testament,Hebrew,noun location,a rock near Michmash,,1
H950,בּוּקָה,Old Testament,Hebrew,noun,emptiness (as adjective),,1
H951,בּוֹקֵר,Old Testament,Hebrew,noun,H1241,,1
H952,בּוּר,Old Testament,Hebrew,verb,to bore; (figuratively) examine,,1
H953,בּוֹר,Old Testament,Hebrew,noun,"dungeon, fountain, pit, well.",,70
H954,בּוּשׁ,Old Testament,Hebrew,verb,by implication) to be disappointed or delayed,,113
H955,בּוּשָׁה,Old Testament,Hebrew,noun,shame,,4
A956,בּוּת,Old Testament,Aramaic,verb,to lodge over night,,1
H957,בַּז,Old Testament,Hebrew,noun,"prey, spoil(-ed).",,25
H958,בָּזָא,Old Testament,Hebrew,verb,probably to cleave,,2
H959,בָּזָה,Old Testament,Hebrew,verb,"disdain, contemn(-ptible), + think to scorn, vile person.",,44
H960,בָּזוֹה,Old Testament,Hebrew,adjective,scorned,,1
H961,בִּזָּה,Old Testament,Hebrew,noun,spoil.,,10
H962,בָּזַז,Old Testament,Hebrew,verb,"gather, (take) for a prey, rob(-ber), spoil, take (away, spoil), X utterly.",,43
H963,בִּזָּיוֹן,Old Testament,Hebrew,noun,disesteem,,1
H964,בִּזיוֹתיָה,Old Testament,Hebrew,noun location,a place in Israel,,1
H965,בָּזָק,Old Testament,Hebrew,noun,a flash of lightning,,1
H966,בֶּזֶק,Old Testament,Hebrew,noun location,a place in Israel,,3
H967,בָּזַר,Old Testament,Hebrew,verb,to disperse,,2
H968,בִּזתָּא,Old Testament,Hebrew,noun proper,a eunuch of Xerxes,,1
H969,בָּחוֹן,Old Testament,Hebrew,noun,an assayer or metals,,1
H970,בָּחוּר בָּחוּר,Old Testament,Hebrew,noun,"chosen, X hole.",,64
H971,בַּחִין,Old Testament,Hebrew,noun,a watch-tower of besiegers,,1
H972,בָּחִיר,Old Testament,Hebrew,noun,"chosen one, elect.",,13
H973,בָּחַל,Old Testament,Hebrew,verb,get hastily (from the margin for H0926).,,2
H974,בָּחַן,Old Testament,Hebrew,verb,"prove, tempt, try (trial).",,29
H975,בַּחַן,Old Testament,Hebrew,noun,a watch-tower,,1
H976,בּוֹחַן,Old Testament,Hebrew,noun,trial,,1
H977,בָּחַר,Old Testament,Hebrew,verb,"appoint, choose (choice), excellent, join, be rather, require.",,152
H978,בַּחֲרוּמִי,Old Testament,Hebrew,adjective,a Bacharumite or inhabitant of Bachurim,,1
H979,בְּחוּרוֹת בְּחוּרוֹת בְּחוּרִים,Old Testament,Hebrew,noun,youth.,,3
H980,בַּחוּרִים בַּחוּרִים,Old Testament,Hebrew,noun location,a place in Israel,,5
H981,בָּטָא בָּטָה,Old Testament,Hebrew,verb,speak (unadvisedly).,,4
H982,בָּטַח,Old Testament,Hebrew,verb,be confident or sure,,120
H983,בֶּטַח,Old Testament,Hebrew,noun,"(often, adverb with or without preposition) safely",,42
H984,בֶּטַח,Old Testament,Hebrew,noun location,a place in Syria,,1
H985,בִּטחָה,Old Testament,Hebrew,noun,trust,,1
H986,בִּטָּחוֹן,Old Testament,Hebrew,noun,hope.,,3
H987,בַּטּוּחוֹת,Old Testament,Hebrew,noun,security,,1
H988,בָּטֵל,Old Testament,Hebrew,verb,to desist from labor,,1
A989,בְּטֵל,Old Testament,Aramaic,verb,"make to), cease, hinder.",,6
H990,בֶּטֶן,Old Testament,Hebrew,noun,also the bosom or body of anything,,72
H991,בֶּטֶן,Old Testament,Hebrew,noun location,Beten. a place in Israel,,1
H992,בּוֹטֶן,Old Testament,Hebrew,noun,(only in plural) a pistachio-nut (from its form),,1
H993,בְּטוֹנִים,Old Testament,Hebrew,noun location,hollows,,1
H994,בִּי,Old Testament,Hebrew,verb,"(used only adverbially, always with ""my Lord""); O, Oh that!, with leave, or if it pleases (my lord)",,12
H995,בִּין,Old Testament,Hebrew,verb,"consider, be cunning, diligently, direct, discern, eloquent, feel, inform, instruct, have intelligence, know, look well to, mark, perceive, be prudent, regard, (can) skill(-full), teach, think, (cause, make to, get, give, have) understand(-ing), view, (deal) wise(-ly, man).",,171
H996,בֵּין,Old Testament,Hebrew,preposition,(also as a conjunction) either...or,,410
A997,בֵּין,Old Testament,Aramaic,preposition,between,,3
H998,בִּינָה,Old Testament,Hebrew,noun,"meaning, X perfectly, understanding, wisdom.",,38
A999,בִּינָה,Old Testament,Aramaic,noun,knowledge,,1
H1000,בֵּיצָּה,Old Testament,Hebrew,noun,an egg (from its whiteness),,6
A1001,בִּירָא,Old Testament,Aramaic,noun,a palace,,1
H1002,בִּירָה,Old Testament,Hebrew,noun,a castle or palace,,16
H1003,בִּירָנִיתּ,Old Testament,Hebrew,noun,a fortress,,2
H1004,בַּיִת,Old Testament,Hebrew,noun,"especially family, etc.)",,2056
A1005,בַּיִת,Old Testament,Aramaic,noun,house,,44
H1006,בַּיִת,Old Testament,Hebrew,noun location,a place in Israel,,1
H1007,בֵּיתּ אָוֶן,Old Testament,Hebrew,noun location,a place in Israel,,7
H1008,בֵּיתּ ־ אֵל,Old Testament,Hebrew,noun location,a place in Israel,,72
H1009,בֵּיתּ אַרבֵּאל,Old Testament,Hebrew,noun location,a place in Israel,,1
H1010,בֵּיתּ בַּעַל מְעוֹן בֵּיתּ מְעוֹן,Old Testament,Hebrew,noun location,a place in Israel,,2
H1011,בֵּיתּ בִּראִי,Old Testament,Hebrew,noun location,a place in Israel,,1
H1012,בֵּיתּ בָּרָה,Old Testament,Hebrew,noun location,a place in Israel,,2
H1013,בֵּיתּ ־ גָּדֵר,Old Testament,Hebrew,noun location,a place in Israel,,1
H1014,בֵּיתּ גָּמוּל,Old Testament,Hebrew,noun location,a place East of the Jordan,,1
H1015,בֵּיתּ דִּבלָתַיִם,Old Testament,Hebrew,noun location,a place East of the Jordan,,1
H1016,בֵּיתּ ־ דָּגוֹן,Old Testament,Hebrew,noun location,the name of two places in Israel,,2
H1017,בֵּיתּ הָאֱלִי,Old Testament,Hebrew,adjective,or inhabitant of Bethel,,1
H1018,בֵּיתּ הָאֵצֶל,Old Testament,Hebrew,noun location,a place in Israel,,1
H1019,בֵּיתּ הַגִּלגָּל,Old Testament,Hebrew,noun location,a place in Israel,,1
H1020,בֵּיתּ הַיְשִׁימוֹת,Old Testament,Hebrew,noun location,a town East of the Jordan,,4
H1021,בֵּיתּ הַך ־ כֶּרֶם,Old Testament,Hebrew,noun location,a place in Israel,,2
H1022,בֵּיתּ הַלַּחמִי,Old Testament,Hebrew,adjective,or native of Bethlechem,,4
H1023,בֵּיתּ הַמֶּרחָק,Old Testament,Hebrew,noun location,a place in Israel,,2
H1024,בֵּיתּ הַמַּרכָּבוֹת בֵּיתּ מַרכָּבוֹת,Old Testament,Hebrew,noun location,a place in Israel,,2
H1025,בֵּיתּ הָעֵמֶק,Old Testament,Hebrew,noun location,a place in Israel,,1
H1026,בֵּיתּ הָעֲרָבָה,Old Testament,Hebrew,noun location,a place in Israel,,3
H1027,בֵּיתּ הָרָם,Old Testament,Hebrew,noun location,a place East of the Jordan,,1
H1028,בֵּיתּ הָרָן,Old Testament,Hebrew,noun location,a place East of the Jordan,,1
H1029,בֵּיתּ הַשִּׁטָּה,Old Testament,Hebrew,noun location,a place in Israel,,1
H1030,בֵּיתּ הַשִּׁמשִׁי,Old Testament,Hebrew,adjective,or inhabitant of Bethshemesh,,2
H1031,בֵּיתּ חָגלָה,Old Testament,Hebrew,noun location,a place in Israel,,3
H1032,בֵּיתּ חוֹרוֹן,Old Testament,Hebrew,noun location,the name of two adjoining places in Israel,,14
H1033,בֵּיתּ כַּר,Old Testament,Hebrew,noun location,a place in Israel,,1
H1034,בֵּיתּ לְבָאוֹת,Old Testament,Hebrew,noun location,a place in Israel,,1
H1035,בֵּיתּ לֶחֶם,Old Testament,Hebrew,noun location,a place in Israel,,41
H1036,בֵּיתּ לְעַפרָה,Old Testament,Hebrew,noun location,a place in Israel,,1
H1037,בֵּיתּ מִלּוֹא בֵּיתּ מִלּוֹא,Old Testament,Hebrew,noun location,the name of two citadels,,4
H1038,בֵּיתּ מַעֲכָה,Old Testament,Hebrew,noun location,a place in Israel,,1
H1039,בֵּיתּ נִמרָה,Old Testament,Hebrew,noun location,a place east of the Jordan,,2
H1040,בֵּיתּ עֵדֶן,Old Testament,Hebrew,noun location,a place in Syria,,1
H1041,בֵּיתּ עַזמָוֶת,Old Testament,Hebrew,noun location,a place in Israel,,1
H1042,בֵּיתּ עֲנוֹת,Old Testament,Hebrew,noun location,a place in Israel,,1
H1043,בֵּיתּ עֲנָת,Old Testament,Hebrew,noun location,a place in Israel,,3
H1044,בֵּיתּ עֵקֶד,Old Testament,Hebrew,noun location,a place in Israel,,2
H1045,בֵּיתּ עַשׁתָּרוֹת,Old Testament,Hebrew,noun location,a place in Israel,,1
H1046,בֵּיתּ פֶּלֶט,Old Testament,Hebrew,noun location,a place in Israel,,2
H1047,בֵּיתּ פְּעוֹר,Old Testament,Hebrew,noun location,a place East of the Jordan,,4
H1048,בֵּיתּ פַּצֵּץ,Old Testament,Hebrew,noun location,a place in Israel,,1
H1049,בֵּיתּ צּוּר,Old Testament,Hebrew,noun location,a place in Israel,,4
H1050,בֵּיתּ רְחוֹב,Old Testament,Hebrew,noun location,a place in Israel,,1
H1051,בֵּיתּ רָפָא,Old Testament,Hebrew,noun proper,an Israelite,,1
H1052,בֵּיתּ שְׁאָן בֵּיתּ שָׁן,Old Testament,Hebrew,noun location,a place in Israel,,9
H1053,בֵּיתּ שֶׁמֶשׁ,Old Testament,Hebrew,noun location,a place in Israel,,21
H1054,בַּיתּ תַּפּוַּח,Old Testament,Hebrew,noun location,a place in Israel,,1
H1055,בִּיתָּן,Old Testament,Hebrew,noun,a palace (i.e. large house),,3
H1056,בָּכָא,Old Testament,Hebrew,noun location,a valley in Israel,,1
H1057,בָּכָא,Old Testament,Hebrew,noun,perhaps the balsam),,4
H1058,בָּכָה,Old Testament,Hebrew,verb,"bewail, complain, make lamentation, X more, mourn, X sore, X with tears, weep.",ఏడవడానికి; (సాధారణంగా) విలపించుట,116
H1059,בֶּכֶה,Old Testament,Hebrew,noun,a weeping,,1
H1060,בְּכוֹר,Old Testament,Hebrew,noun,firstborn(-ling).,,118
H1061,בִּכּוּר,Old Testament,Hebrew,noun,hasty fruit.,,18
H1062,בְּכוֹרָה בְּכוֹרָה,Old Testament,Hebrew,noun,firstborn(-ling).,,14
H1063,בִּכּוּרָה,Old Testament,Hebrew,noun,the early fig,,2
H1064,בְּכוֹרַת,Old Testament,Hebrew,noun proper,an Israelite,,1
H1065,בְּכִי,Old Testament,Hebrew,noun,a dripping,,28
H1066,בּוֹכִּים,Old Testament,Hebrew,noun location,a place in Israel,,2
H1067,בְּכִירָה,Old Testament,Hebrew,noun,the eldest daughter,,6
H1068,בְּכִיתּ,Old Testament,Hebrew,noun,a weeping,,1
H1069,בָּכַר,Old Testament,Hebrew,verb,as denominative from H1061) to give the birthright,,4
H1070,בֶּכֶר,Old Testament,Hebrew,noun,a young camel,,1
H1071,בֶּכֶר,Old Testament,Hebrew,noun proper,the name of two Israelites,,5
H1072,בִּכרָה,Old Testament,Hebrew,noun,a young she-camel,,1
H1073,בַּכּוּרָה,Old Testament,Hebrew,noun,a first- ripe fig,,1
H1074,בּוֹכְרוּ,Old Testament,Hebrew,noun proper,an Israelite,,2
H1075,בִּכרִי,Old Testament,Hebrew,noun proper,an Israelite,,8
H1076,בַּכרִי,Old Testament,Hebrew,adjective,a Bakrite (collectively) or descendants of Beker,,1
H1077,בַּל,Old Testament,Hebrew,verb,adverb) not at all,,69
H1078,בֵּל,Old Testament,Hebrew,noun proper,the Baal of the Babylonians,,3
A1079,בָּל,Old Testament,Aramaic,noun,(properly) anxiety; (by implication) the heart (as its seat),,1
A1080,בְּלָא,Old Testament,Aramaic,verb,to afflict,,1
H1081,בַּלאֲדָן,Old Testament,Hebrew,noun proper,the name of a Babylonian prince,,2
H1082,בָּלַג,Old Testament,Hebrew,verb,(recover) strength(-en).,,4
H1083,בִּלגָּה,Old Testament,Hebrew,noun proper,the name of two Israelites,,3
H1084,בִּלגַּי,Old Testament,Hebrew,noun proper,an Israelite,,1
H1085,בִּלדַּד,Old Testament,Hebrew,noun proper,one of Job's friends,,5
H1086,בָּלָה,Old Testament,Hebrew,verb,"decay (causatively, consume, spend)",,17
H1087,בָּלֶה,Old Testament,Hebrew,adjective,worn out,,5
H1088,בָּלָה,Old Testament,Hebrew,noun location,a place in Israel,,1
H1089,בָּלַה,Old Testament,Hebrew,verb,to palpitate; (hence) (causatively) to terrify,,1
H1090,בִּלהָה,Old Testament,Hebrew,noun proper,also of a place in Israel,,11
H1091,בַּלָּהָה,Old Testament,Hebrew,noun,trouble.,,10
A1092,בִּלהָן,Old Testament,Aramaic,noun proper,the name of an Edomite and of an Israelite,,4
A1093,בְּלוֹ,Old Testament,Aramaic,noun,excise (on articles consumed),,3
H1094,בְּלוֹא בְּלוֹי,Old Testament,Hebrew,noun,(only in plural construction) rags,,3
H1095,בֵּלטְּשַׁאצַּר,Old Testament,Hebrew,noun proper,the Babylonian name of Daniel,,2
A1096,בֵּלטְּשַׁאצַּר,Old Testament,Aramaic,noun proper,Belteshazzar,,8
H1097,בְּלִי,Old Testament,Hebrew,verb,"with preposition) without, not yet, because not, as long as, etc",,58
H1098,בְּלִיל,Old Testament,Hebrew,noun,"fodder, provender.",,3
H1099,בְּלִימָה,Old Testament,Hebrew,noun,H4100,,1
H1100,בְּלִיַעַל,Old Testament,Hebrew,noun,"by extension, destruction, wickedness (often in connection with H0376, H0802, H1121, etc.)",,27
H1101,בָּלַל,Old Testament,Hebrew,verb,denominatively from H1098) to fodder,,44
H1102,בָּלַם,Old Testament,Hebrew,verb,to muzzle,,1
H1103,בָּלַס,Old Testament,Hebrew,verb,to pinch sycamore figs (a process necessary to ripen them),,1
H1104,בָּלַע,Old Testament,Hebrew,verb,(generally) to destroy,,50
H1105,בֶּלַע,Old Testament,Hebrew,noun,that which he hath swallowed up.,,2
H1106,בֶּלַע,Old Testament,Hebrew,noun location,"the name of a place, also of an Edomite and of two Israelites",,14
H1107,בִּלעֲדֵי בַּלעֲדֵי,Old Testament,Hebrew,particle,"without, besides",,17
H1108,בַּלעִי,Old Testament,Hebrew,adjective,Belaites,,1
H1109,בִּלעָם,Old Testament,Hebrew,noun location,a Mesopotamian prophet,,61
H1110,בָּלַק,Old Testament,Hebrew,verb,to annihilate,,2
H1111,בָּלָק,Old Testament,Hebrew,noun proper,a Moabitish king,,43
H1112,בֵּלשַׁאצַּר בֵּלאשַׁצַר,Old Testament,Hebrew,noun proper,a Babylonian king,,1
A1113,בֵּלשַׁאצַּר,Old Testament,Aramaic,noun proper,Belshazzar,,7
H1114,בִּלשָׁן,Old Testament,Hebrew,noun proper,an Israelite,,2
H1115,בִּלתִּי,Old Testament,Hebrew,adjective,"usually with a prepositional prefix) not, except, without, unless, besides, because not, until, etc",,112
H1116,בָּמָה,Old Testament,Hebrew,noun,"high place, wave.",,105
H1117,בָּמָה,Old Testament,Hebrew,noun location,a place in Israel,,1
H1118,בִּמהָל,Old Testament,Hebrew,noun proper,an Israelite,,1
H1119,בְּמוֹ,Old Testament,Hebrew,preposition,"with, by, etc",,10
H1120,בָּמוֹת בָּמוֹת בַּעַל,Old Testament,Hebrew,noun location,a place East of the Jordan,,4
H1121,בֵּן,Old Testament,Hebrew,noun,"in the widest sense (of literal and figurative relationship, including grandson, subject, nation, quality or condition, etc., (like H0001 H0251, etc.))","ఒక కొడుకు (కుటుంబ పేరు యొక్క బిల్డర్‌గా), విశాలమైన అర్థంలో (మనవడు, విషయం, దేశం, నాణ్యత లేదా స్థితి మొదలైన వాటితో సహా సాహిత్య మరియు అలంకారిక సంబంధం, (H0001 H0251, మొదలైనవి వంటివి))",4926
H1122,בֵּן,Old Testament,Hebrew,noun proper,an Israelite,,1
A1123,בֵּן,Old Testament,Aramaic,noun,"son, young",,11
A1124,בְּנָא בְּנָה,Old Testament,Aramaic,verb,make.,,22
H1125,בֶּן ־ אֲבִינָדָב,Old Testament,Hebrew,noun proper,an Israelite,,2
H1126,בֶּן ־ אוֹנִי,Old Testament,Hebrew,noun proper,the original name of Benjamin,,1
H1127,בֶּן ־ גֶּבֶר,Old Testament,Hebrew,noun proper,an Israelite,,2
H1128,בֶּן ־ דֶּקֶר,Old Testament,Hebrew,noun proper,an Israelite,,2
H1129,בָּנָה,Old Testament,Hebrew,verb,"obtain children, make, repair, set (up), X surely.",,377
H1130,בֶּן ־ הֲדַד,Old Testament,Hebrew,noun proper,the name of several Syrian kings,,25
H1131,בִּנּוּי,Old Testament,Hebrew,noun proper,an Israelite,,6
H1132,בֶּן ־ זוֹחֵת,Old Testament,Hebrew,noun proper,an Israelite,,1
H1133,בֶּן ־ חוּר,Old Testament,Hebrew,noun proper,an Israelite,,2
H1134,בֶּן ־ חַיִל,Old Testament,Hebrew,noun proper,an Israelite,,1
H1135,בֶּן ־ חָנָן,Old Testament,Hebrew,noun proper,an Israelite,,1
H1136,בֶּן ־ חֶסֶד,Old Testament,Hebrew,noun proper,an Israelite,,2
H1137,בָּנִי,Old Testament,Hebrew,noun proper,the name of five Israelites,,17
H1138,בּוּנִּי בּוּנִי,Old Testament,Hebrew,noun proper,an Israelite,,3
H1139,בְּנֵי ־ בְּרַק,Old Testament,Hebrew,noun location,"Bene-berak, a place in Israel",,1
H1140,בִּניָה,Old Testament,Hebrew,noun,a structure,,1
H1141,בְּנָיָה בְּנָיָהוּ,Old Testament,Hebrew,noun proper,the name of twelve Israelites,,42
H1142,בְּנֵי יַעֲקָן,Old Testament,Hebrew,noun location,a place in the Desert,,2
H1143,בֵּנַיִם,Old Testament,Hebrew,substantive,a double interval; the space between two armies,,2
H1144,בִּניָמִין,Old Testament,Hebrew,noun proper,"also the tribe descended from him, and its territory",,167
H1145,בֶּן ־ יְמִינִי בֶּן ־ הַ ־ יְמִנִי בֶּן ־ אִישׁ יְמִינִי,Old Testament,Hebrew,adjective,or descendent of Benjamin,,22
H1146,בִּניָן,Old Testament,Hebrew,noun,an edifice,,7
A1147,בִּניָן,Old Testament,Aramaic,noun,building,,1
H1148,בְּנִינוּ,Old Testament,Hebrew,noun proper,an Israelite,,1
A1149,בְּנַס,Old Testament,Aramaic,verb,to be enraged,,1
H1150,בִּנעָא בִּנעָה,Old Testament,Hebrew,noun proper,an Israelite,,2
H1151,בֶּן ־ עַמִּי,Old Testament,Hebrew,noun proper,a son of Lot,,1
H1152,בְּסוֹדְיָה,Old Testament,Hebrew,noun proper,an Israelite,,1
H1153,בְּסַי,Old Testament,Hebrew,noun proper,one of the Nethinim,,2
H1154,בֶּסֶר,Old Testament,Hebrew,noun,an immature grape,,1
H1155,בּוֹסֶר,Old Testament,Hebrew,noun,sour grape,,4
A1156,בְּעָא בְּעָה,Old Testament,Aramaic,verb,"desire, make (petition), pray, request, seek.",,12
H1157,בְּעַד,Old Testament,Hebrew,preposition,"beside, among, behind, for, etc",,105
H1158,בָּעָה,Old Testament,Hebrew,verb,"inquire, seek up, swell out.",,5
A1159,בָּעוּ,Old Testament,Aramaic,noun,a request,,2
H1160,בְּעוֹר,Old Testament,Hebrew,noun proper,also of that of Balaam,,10
H1161,בִּעוּתִים,Old Testament,Hebrew,noun,alarms,,2
H1162,בּוֹעַז,Old Testament,Hebrew,noun proper,also the name of a pillar in front of the temple,,24
H1163,בָּעַט,Old Testament,Hebrew,verb,to trample down; (figuratively) despise,,2
H1164,בְּעִי,Old Testament,Hebrew,noun,a prayer,,1
H1165,בְּעִיר,Old Testament,Hebrew,noun,cattle,,7
H1166,בָּעַל,Old Testament,Hebrew,verb,"be husband, marry(-ried, X wife).",,15
H1167,בַּעַל,Old Testament,Hebrew,noun,or (figuratively) owner (often used with another noun in modifications of this latter sense),,84
H1168,בַּעַל,Old Testament,Hebrew,noun location,a Phoenician deity,,80
A1169,בְּעֵל,Old Testament,Aramaic,noun,+ chancellor,,3
H1170,בַּעַל בְּרִיתּ,Old Testament,Hebrew,noun proper,a special deity of the Shechemites,,2
H1171,בַּעַל גָּד,Old Testament,Hebrew,noun location,a place in Syria,,3
H1172,בַּעֲלָה,Old Testament,Hebrew,noun,mistress.,,4
H1173,בַּעֲלָה,Old Testament,Hebrew,noun location,the name of three places in Israel,,5
H1174,בַּעַל הָמוֹן,Old Testament,Hebrew,noun location,a place in Israel,,1
H1175,בְּעָלוֹת,Old Testament,Hebrew,noun location,a place in Israel,,2
H1176,בַּעַל זְבוּב,Old Testament,Hebrew,noun proper,a special deity of the Ekronites,,4
H1177,בַּעַל חָנָן,Old Testament,Hebrew,noun proper,"the name of an Edomite, also of an Israelite",,5
H1178,בַּעַל חָצוֹר,Old Testament,Hebrew,noun location,a place in Israel,,1
H1179,בַּעַל חֶרמוֹן,Old Testament,Hebrew,noun location,a place in Israel,,2
H1180,בַּעֲלִי,Old Testament,Hebrew,noun,a symbolical name for Jehovah,,1
H1181,בַּעֲלֵי בָּמוֹת,Old Testament,Hebrew,noun,a place East of the Jordan,,1
H1182,בְּעֶליָדָע,Old Testament,Hebrew,noun proper,an Israelite,,1
H1183,בְּעַליָה,Old Testament,Hebrew,noun proper,an Israelite,,1
H1184,בַּעֲלֵי יְהוּדָה,Old Testament,Hebrew,noun location,a place in Israel,,1
H1185,בַּעֲלִיס,Old Testament,Hebrew,noun proper,an Ammonitish king,,1
H1186,בַּעַל מְעוֹן,Old Testament,Hebrew,noun location,a place East of the Jordan,,3
H1187,בַּעַל פְּעוֹר,Old Testament,Hebrew,noun proper,a Moabitish deity,,6
H1188,בַּעַל פְּרָצִים,Old Testament,Hebrew,noun location,a place in Israel,,4
H1189,בַּעַל צְּפוֹן,Old Testament,Hebrew,noun location,a place in Eqypt,,3
H1190,בַּעַל שָׁלִשָׁה,Old Testament,Hebrew,noun location,"Baal-Shalishah, a place in Israel",,1
H1191,בַּעֲלָת,Old Testament,Hebrew,noun location,a place in Israel,,3
H1192,בַּעֲלַת בְּאֵר,Old Testament,Hebrew,noun location,a place in Israel,,1
H1193,בַּעַל תָּמָר,Old Testament,Hebrew,noun location,a place in Israel,,1
H1194,בְּעוֹן,Old Testament,Hebrew,noun location,a place East of the Jordan,,1
H1195,בַּעֲנָא,Old Testament,Hebrew,noun proper,the name of four Israelite,,3
H1196,בַּעֲנָה,Old Testament,Hebrew,noun proper,the name of four Israelites,,9
H1197,בָּעַר,Old Testament,Hebrew,verb,as denominative from H1198) to be(-come) brutish,,95
H1198,בַּעַר,Old Testament,Hebrew,noun,foolish.,,4
H1199,בָּעֲרָא,Old Testament,Hebrew,noun proper,brutish,,1
H1200,בְּעֵרָה,Old Testament,Hebrew,noun,a burning,,1
H1201,בַּעשָׁא,Old Testament,Hebrew,noun proper,a king of Israel,,28
H1202,בַּעֲשֵׂיָה,Old Testament,Hebrew,noun proper,an Israelite,,1
H1203,בְּעֶשׁתְּרָה,Old Testament,Hebrew,noun location,a place East of the Jordan,,1
H1204,בָּעַת,Old Testament,Hebrew,verb,"be (make) afraid, terrify, trouble.",,16
H1205,בְּעָתָה,Old Testament,Hebrew,noun,fear,,2
H1206,בּוֹץ,Old Testament,Hebrew,noun,mud (as whitish clay),,1
H1207,בִּצָּה,Old Testament,Hebrew,noun,mire(-ry place).,,4
H1208,בָּצוֹר,Old Testament,Hebrew,noun,inaccessible; lofty,,1
H1209,בֵּצַי,Old Testament,Hebrew,noun proper,the name of two Israelites,,3
H1210,בָּצִיר,Old Testament,Hebrew,noun,clipped; the grape crop,,8
H1211,בֶּצֶל,Old Testament,Hebrew,noun,an onion,,1
H1212,בְּצַלאֵל,Old Testament,Hebrew,noun proper,the name of two Israelites,,9
H1213,בַּצלוּת בַּצלִיתּ,Old Testament,Hebrew,noun proper,an Israelite,,2
H1214,בָּצַע,Old Testament,Hebrew,verb,"to finish, or (intransitively) stop",,17
H1215,בֶּצַע,Old Testament,Hebrew,noun,gain (usually unjust),,22
H1216,בָּצֵק,Old Testament,Hebrew,verb,perhaps to swell up; blister,,2
H1217,בָּצֵק,Old Testament,Hebrew,noun,flour.,,5
H1218,בָּצקַת,Old Testament,Hebrew,noun location,a place in Israel,,2
H1219,בָּצַר,Old Testament,Hebrew,verb,"(de-)fenced, fortify, (grape) gather(-er), mighty things, restrain, strong, wall (up), withhold.",,38
H1220,בֶּצֶר,Old Testament,Hebrew,noun,(strictly) a clipping; gold (as dug out),,2
H1221,בֶּצֶר,Old Testament,Hebrew,noun location,also an Israelite,,5
H1222,בְּצַר,Old Testament,Hebrew,noun,gold,,1
H1223,בָּצרָה,Old Testament,Hebrew,noun,an enclosure; sheep fold,,1
H1224,בָּצרָה,Old Testament,Hebrew,noun location,a place in Edom,,8
H1225,בִּצָּרוֹן,Old Testament,Hebrew,noun,a fortress,,1
H1226,בַּצּוֹרֶת,Old Testament,Hebrew,noun,drought.,,2
H1227,בַּקבּוּק,Old Testament,Hebrew,noun proper,one of the Nethinim,,2
H1228,בַּקבּוּק,Old Testament,Hebrew,noun,cruse.,,3
H1229,בַּקבּוּקיָה,Old Testament,Hebrew,noun proper,an Israelite,,3
H1230,בַּקבַּקַּר,Old Testament,Hebrew,noun proper,an Israelite,,1
H1231,בּוּקִּי,Old Testament,Hebrew,noun proper,the name of two Israelites,,5
H1232,בּוּקִּיָה,Old Testament,Hebrew,noun proper,an Israelite,,2
H1233,בְּקִיַע,Old Testament,Hebrew,noun,cleft.,,2
H1234,בָּקַע,Old Testament,Hebrew,verb,"break, rip or open",,51
H1235,בֶּקַע,Old Testament,Hebrew,noun,half a shekel.,,2
A1236,בִּקעָא,Old Testament,Aramaic,noun,plain,,1
H1237,בִּקעָה,Old Testament,Hebrew,noun,valley.,,20
H1238,בָּקַק,Old Testament,Hebrew,verb,(by analogy) to spread out (as a fruitful vine),,9
H1239,בָּקַר,Old Testament,Hebrew,verb,"admire, care for, consider",,7
A1240,בְּקַר,Old Testament,Aramaic,verb,make search,,5
H1241,בָּקָר,Old Testament,Hebrew,noun,a herd,,183
H1242,בּוֹקֶר,Old Testament,Hebrew,noun,"early, morning, morrow.",(సరిగ్గా) డాన్ (రోజు విరామంగా); (సాధారణంగా) ఉదయం,214
H1243,בַּקָּרָה,Old Testament,Hebrew,noun,a looking after,,1
H1244,בִּקּוֹרֶת,Old Testament,Hebrew,noun,(properly) examination; (by implication) punishment,,1
H1245,בָּקַשׁ,Old Testament,Hebrew,verb,(by implication) to strive after,,225
H1246,בַּקָּשָׁה,Old Testament,Hebrew,noun,a petition,,8
A1247,בַּר,Old Testament,Aramaic,noun,"grandson, etc",,8
H1248,בַּר,Old Testament,Hebrew,noun,the heir (apparent to the throne),,4
H1249,בַּר,Old Testament,Hebrew,adjective,empty,,7
H1250,בָּר בַּר,Old Testament,Hebrew,noun,wheat.,,14
A1251,בַּר,Old Testament,Aramaic,noun,a field,,8
H1252,בּוֹר,Old Testament,Hebrew,noun,pureness.,,6
H1253,בּוֹר,Old Testament,Hebrew,noun,or a flux for metals,,1
H1254,בָּרָא,Old Testament,Hebrew,verb,"select, feed (as formative processes)",సృష్టించు (శూన్యం నుండి),54
H1255,בְּרוֹאדַּך בַּלאֲדָן,Old Testament,Hebrew,noun proper,a Babylonian king,,1
H1256,בְּרָאיָה,Old Testament,Hebrew,noun proper,an Israelite,,1
H1257,בַּרבּוּר,Old Testament,Hebrew,noun,a fowl (as fattened on grain),,1
H1258,בָּרַד,Old Testament,Hebrew,verb,to hail],,1
H1259,בָּרָד,Old Testament,Hebrew,noun,hail,,29
H1260,בֶּרֶד,Old Testament,Hebrew,noun location,"the name of a place south of Israel, also of an Israelite",,2
H1261,בָּרוֹד,Old Testament,Hebrew,adjective,spotted (as if with hail),,4
H1262,בָּרָה,Old Testament,Hebrew,verb,"(cause to) eat, manifest, (give) meat.",,7
H1263,בָּרוּך,Old Testament,Hebrew,noun proper,the name of three Israelites,,26
H1264,בְּרוֹם,Old Testament,Hebrew,noun,damask (stuff of variegated thread),,1
H1265,בְּרוֹשׁ,Old Testament,Hebrew,noun,a cypress (?) tree; (hence) a lance or a musical instrument (as made of that wood),,20
H1266,בְּרוֹת,Old Testament,Hebrew,noun,the cypress (or some elastic tree),,1
H1267,בָּרוּת,Old Testament,Hebrew,noun,food,,1
H1268,בֵּרוֹתָה בֵּרוֹתַי,Old Testament,Hebrew,noun location,a place north of Israel,,2
H1269,בִּרזוֹת,Old Testament,Hebrew,noun proper,an Israelite,,1
H1270,בַּרזֶל,Old Testament,Hebrew,noun,an iron implement,,76
H1271,בַּרזִלַּי,Old Testament,Hebrew,noun proper,the name of three Israelites,,12
H1272,בָּרַח,Old Testament,Hebrew,verb,"fain, flee (away), put to flight, make haste, reach, run away, shoot.",,65
H1273,בַּרחוּמִי,Old Testament,Hebrew,adjective,or native of Bachurim,,1
H1274,בְּרִי,Old Testament,Hebrew,adjective,fat,,1
H1275,בֵּרִי,Old Testament,Hebrew,noun proper,an Israelite,,1
H1276,בֵּרִי,Old Testament,Hebrew,adjective,a place in Israel,,1
H1277,בָּרִיא,Old Testament,Hebrew,adjective,"-ter), fed, firm, plenteous, rank.",,14
H1278,בְּרִיאָה,Old Testament,Hebrew,noun,a creation; a novelty,,1
H1279,בִּריָה,Old Testament,Hebrew,noun,food,,3
H1280,בְּרִיַח,Old Testament,Hebrew,noun,fugitive.,,42
H1281,בָּרִיַח בָּרִַח,Old Testament,Hebrew,adjective,"noble, piercing.",,3
H1282,בָּרִיַח,Old Testament,Hebrew,noun proper,an Israelite,,1
H1283,בְּרִיעָה,Old Testament,Hebrew,noun proper,the name of four Israelites,,11
H1284,בְּרִיעִי,Old Testament,Hebrew,adjective,a Beriite (collectively) or descendants of Beriah,,1
H1285,בְּרִיתּ,Old Testament,Hebrew,noun,"(con-)feder(-ate), covenant, league.",ఒక కాంపాక్ట్ (ఎందుకంటే మాంసం ముక్కల మధ్య వెళ్ళడం ద్వారా తయారు చేయబడింది),284
H1286,בְּרִיתּ,Old Testament,Hebrew,noun proper,a Shechemitish deity,,1
H1287,בּוֹרִיתּ,Old Testament,Hebrew,noun,vegetable alkali,,2
H1288,בָּרַך,Old Testament,Hebrew,verb,"(implication, God toward man) to bless man as a benefit",,330
A1289,בְּרַך,Old Testament,Aramaic,verb,kneel,,5
H1290,בֶּרֶך,Old Testament,Hebrew,noun,a knee,,26
A1291,בֶּרֶך,Old Testament,Aramaic,noun,knee,,1
H1292,בָּרַכאֵל,Old Testament,Hebrew,noun proper,the father of one of Job's friends,,2
H1293,בְּרָכָה,Old Testament,Hebrew,noun,"liberal, pool, present.",,69
H1294,בְּרָכָה,Old Testament,Hebrew,noun location,"the name of an Israelite, and also of a valley in Israel",,3
H1295,בְּרֵכָה,Old Testament,Hebrew,noun,a reservoir (at which camels kneel as a resting-place),,17
H1296,בֶּרֶכיָה בֶּרֶכיָהוּ,Old Testament,Hebrew,noun proper,the name of six Israelites,,11
A1297,בְּרַם,Old Testament,Aramaic,verb,(used adversatively) however,,5
H1298,בֶּרַע,Old Testament,Hebrew,noun proper,a Sodomitish king,,1
H1299,בָּרַק,Old Testament,Hebrew,verb,to lighten (lightning),,1
H1300,בָּרָק,Old Testament,Hebrew,noun,"glitter(-ing sword), lightning.",,21
H1301,בָּרָק,Old Testament,Hebrew,noun proper,an Israelite,,13
H1302,בַּרקוֹס,Old Testament,Hebrew,noun proper,one of the Nethimim,,2
H1303,בַּרקָן,Old Testament,Hebrew,noun,a thorn (perhaps as burning brightly),,2
H1304,בָּרְקַת בָּרְקַת,Old Testament,Hebrew,noun,perhaps the emerald,,3
H1305,בָּרַר,Old Testament,Hebrew,verb,"examine, select",,18
H1306,בִּרשַׁע,Old Testament,Hebrew,noun proper,a king of Gomorrah,,1
H1307,בֵּרוֹתִי,Old Testament,Hebrew,adjective,or inhabitant of Berothai,,1
H1308,בְּשׂוֹר,Old Testament,Hebrew,noun location,a stream of Israel,,3
H1309,בְּשׂוֹרָה בְּשׂוֹרָה,Old Testament,Hebrew,noun,glad tidings; (by implication) reward for good news,,6
H1310,בָּשַׁל,Old Testament,Hebrew,verb,"boil, bring forth, roast, seethe, sod (be sodden).",,28
H1311,בָּשֵׁל,Old Testament,Hebrew,adjective,sodden.,,2
H1312,בִּשׁלָם,Old Testament,Hebrew,noun proper,a Persian,,1
H1313,בָּשָׂם,Old Testament,Hebrew,noun,the balsam plant,,1
H1314,בֶּשֶׂם בּוֹשֶׂם,Old Testament,Hebrew,noun,"spice, sweet (odour).",,30
H1315,בָּשׂמַת,Old Testament,Hebrew,noun proper,"the name of a wife of Esau, and of a daughter of Solomon",,7
H1316,בָּשָׁן,Old Testament,Hebrew,noun location,a region East of the Jordan,,60
H1317,בָּשׁנָה,Old Testament,Hebrew,noun,shamefulness,,1
H1318,בָּשַׁס,Old Testament,Hebrew,verb,to trample down,,1
H1319,בָּשַׂר,Old Testament,Hebrew,verb,"preach, publish, shew forth, (bear, bring, carry, preach, good, tell good) tidings.",,24
H1320,בָּשָׂר,Old Testament,Hebrew,noun,(by euphemism) the external genitles of a man,,270
A1321,בְּשַׂר,Old Testament,Aramaic,noun,flesh,,3
H1322,בּוֹשֶׁת,Old Testament,Hebrew,noun,"(by implication, specifically) an idol",,30
H1323,בַּת,Old Testament,Hebrew,noun,literally and figuratively),"ఒక కుమార్తె (సంబంధం యొక్క ఇతర పదాల మాదిరిగానే విస్తృత అర్థంలో ఉపయోగించబడుతుంది, అక్షరాలా మరియు అలంకారికంగా)",588
H1324,בַּת,Old Testament,Hebrew,noun,a bath or Hebrew measure (as a means of division) of liquids,,13
A1325,בַּת,Old Testament,Aramaic,noun,bath,,2
H1326,בָּתָה,Old Testament,Hebrew,noun,desolation,,1
H1327,בַּתּתָּה,Old Testament,Hebrew,noun,desolation,,1
H1328,בְּתוּאֵל,Old Testament,Hebrew,noun location,"the name of a nephew of Abraham, and of a place in Israel",,10
H1329,בְּתוּל,Old Testament,Hebrew,noun location,a place in Israel,,1
H1330,בְּתוּלָה,Old Testament,Hebrew,noun,virgin.,,50
H1331,בְּתוּלִים,Old Testament,Hebrew,noun,concretely) the tokens of it,,10
H1332,בִּתיָה,Old Testament,Hebrew,noun proper,an Egyptian woman,,1
H1333,בָּתַק,Old Testament,Hebrew,verb,to cut in pieces,,1
H1334,בָּתַר,Old Testament,Hebrew,verb,to chop up],,2
H1335,בֶּתֶר,Old Testament,Hebrew,noun,piece.,,4
H1336,בֶּתֶר,Old Testament,Hebrew,noun proper,a (craggy) place in Israel,,1
H1337,בַּת רַבִּים,Old Testament,Hebrew,noun location,H7227,,1
H1338,בִּתרוֹן,Old Testament,Hebrew,noun location,a place East of the Jordan,,1
H1339,בַּת ־ שֶׁבַע,Old Testament,Hebrew,noun proper,the mother of Solomon,,11
H1340,בַּת ־ שׁוַּע,Old Testament,Hebrew,noun proper,the same as H1339,,2
H1341,גֵּא,Old Testament,Hebrew,adjective,haughty,,1
H1342,גָּאָה,Old Testament,Hebrew,verb,"to rise, (figuratively) be majestic",,7
H1343,גְּאֶה,Old Testament,Hebrew,adjective,lofty; (figuratively) arrogant,,8
H1344,גֵּאָה,Old Testament,Hebrew,noun,arrogance,,1
H1345,גְּאוּאֵל,Old Testament,Hebrew,noun proper,an Israelite,,1
H1346,גַּאֲוָה,Old Testament,Hebrew,noun,concretely) ornament,,19
H1347,גָּאוֹן,Old Testament,Hebrew,noun,"excellency(-lent), majesty, pomp, pride, proud, swelling.",,49
H1348,גֵּאוּת,Old Testament,Hebrew,noun,"lifting up, majesty, pride, proudly, raging.",,8
H1349,גַּאֲיוֹן,Old Testament,Hebrew,adjective,haughty,,1
H1350,גָּאַל,Old Testament,Hebrew,verb,kinsman redeemer,"రీడీమ్ చేయడానికి (బంధుత్వం యొక్క ఓరియంటల్ చట్టం ప్రకారం); సమీప బంధువుగా ఉండాలి (మరియు బంధువుల ఆస్తిని తిరిగి కొనుగోలు చేయడం, అతని వితంతువును వివాహం చేసుకోవడం మొదలైనవి)",105
H1351,גָּאַל,Old Testament,Hebrew,verb,"(rather identified with H1350, through the idea of freeing, i.e. repudiating)]",,11
H1352,גּוֹאֶל,Old Testament,Hebrew,noun,profanation,,1
H1353,גְּאוּלָּה,Old Testament,Hebrew,noun,"redeem, redemption, right.",,14
H1354,גַּב,Old Testament,Hebrew,noun,"the top or rim, a boss, a vault, arch of eye, bulwarks, etc",,13
A1355,גַּב,Old Testament,Aramaic,noun,back,,2
H1356,גֵּב,Old Testament,Hebrew,noun,"ditch, pit.",,4
H1357,גֵּב,Old Testament,Hebrew,noun,a locust (from its cutting),,1
A1358,גּוֹב,Old Testament,Aramaic,noun,a pit (for wild animals) (as cut out),,10
H1359,גּוֹב גּוֹב,Old Testament,Hebrew,noun location,a place in Israel,,2
H1360,גֶּבֶא,Old Testament,Hebrew,noun,a marsh,,2
H1361,גָּבַהּ,Old Testament,Hebrew,verb,"be haughty, be (make) high(-er), lift up, mount up, be proud, raise up great height, upward.",,34
H1362,גָּבָהּ,Old Testament,Hebrew,adjective,proud.,,4
H1363,גּוֹבַהּ,Old Testament,Hebrew,noun,"grandeur, arrogance",,17
H1364,גָּבוֹהַּ גָּבוֹהַּ,Old Testament,Hebrew,adjective,"powerful, arrogant",,37
H1365,גַּבהוּת,Old Testament,Hebrew,noun,lofty.,,2
H1366,גְּבוּל גֶּבוּל,Old Testament,Hebrew,noun,"bound, coast, X great, landmark, limit, quarter, space.",,241
H1367,גְּבוּלָה גֶּבוּלָה,Old Testament,Hebrew,noun,region,,10
H1368,גִּבּוֹר גִּבּוֹר,Old Testament,Hebrew,adjective,tyrant,,160
H1369,גְּבוּרָה,Old Testament,Hebrew,noun,victory,,62
A1370,גְּבוּרָה,Old Testament,Aramaic,noun,power,,2
H1371,גִּבֵַּח,Old Testament,Hebrew,adjective,bald in the forehead,,1
H1372,גַּבַּחַת,Old Testament,Hebrew,noun,a bare spot on the right side of cloth,,4
H1373,גַּבַּי,Old Testament,Hebrew,noun proper,an Israelite,,1
H1374,גֵּבִים,Old Testament,Hebrew,noun location,a place in Israel,,1
H1375,גְּבִיַע,Old Testament,Hebrew,noun,the calyx of a flower,,14
H1376,גְּבִיר,Old Testament,Hebrew,noun,a master,,2
H1377,גְּבִירָה,Old Testament,Hebrew,noun,a mistress,,6
H1378,גָּבִישׁ,Old Testament,Hebrew,noun,crystal (from its resemblance to ice),,1
H1379,גָּבַל,Old Testament,Hebrew,verb,set (bounds about).,,5
H1380,גְּבַל,Old Testament,Hebrew,noun location,a place in Phoenicia,,1
H1381,גְּבָל,Old Testament,Hebrew,noun location,a region in Idumaea,,1
H1382,גִּבלִי,Old Testament,Hebrew,adjective,or inhabitant of Gebal,,2
H1383,גַּבלוּת,Old Testament,Hebrew,noun,a twisted chain or lace,,2
H1384,גִּבֵּן,Old Testament,Hebrew,adjective,hunch-backed,,1
H1385,גְּבִנָה,Old Testament,Hebrew,noun,curdled milk,,1
H1386,גַּבנוֹן,Old Testament,Hebrew,noun,a hump or peak of hills,,2
H1387,גֶּבַע,Old Testament,Hebrew,noun location,a place in Israel,,18
H1388,גִּבעָא,Old Testament,Hebrew,noun proper,a place in Israel,,4
H1389,גִּבעָה,Old Testament,Hebrew,noun,little hill.,,71
H1390,גִּבעָה,Old Testament,Hebrew,noun location,the hill.,,43
H1391,גִּבעוֹן,Old Testament,Hebrew,noun location,a place in Israel,,37
H1392,גִּבעוֹל,Old Testament,Hebrew,noun,the calyx of a flower,,1
H1393,גִּבעוֹנִי,Old Testament,Hebrew,adjective,or inhabitant of Gibon,,8
H1394,גִּבעַת,Old Testament,Hebrew,noun location,hilliness; Gibath,,1
H1395,גִּבעָתִי,Old Testament,Hebrew,adjective,or inhabitant of Gibath,,1
H1396,גָּבַר,Old Testament,Hebrew,verb,act insolently,,25
H1397,גֶּבֶר,Old Testament,Hebrew,noun,"man, X mighty.",,65
H1398,גֶּבֶר,Old Testament,Hebrew,noun proper,the name of two Israelites,,1
H1399,גְּבַר,Old Testament,Hebrew,noun,the same as H1397],,1
A1400,גְּבַר,Old Testament,Aramaic,noun,man,,21
A1401,גִּבָּר,Old Testament,Aramaic,noun,or warrior,,1
H1402,גִּבָּר,Old Testament,Hebrew,noun proper,an Israelite,,1
H1403,גַּברִיאֵל,Old Testament,Hebrew,noun proper,an archangel,,2
H1404,גְּבֶרֶת,Old Testament,Hebrew,noun,mistress.,,9
H1405,גִּבְּתוֹן,Old Testament,Hebrew,noun location,a place in Israel,,6
H1406,גָּג,Old Testament,Hebrew,noun,the top of an altar,,31
H1407,גַּד,Old Testament,Hebrew,noun,coriander seed (from its furrows),,2
H1408,גַּד,Old Testament,Hebrew,noun proper,a Babylonian deity,,1
H1409,גָּד,Old Testament,Hebrew,noun,fortune,,1
H1410,גָּד,Old Testament,Hebrew,noun proper,also a prophet,,73
A1411,גְּדָבָר,Old Testament,Aramaic,noun,a treasurer,,2
H1412,גּוּדגּוֹדָה,Old Testament,Hebrew,noun location,a place in the Desert,,2
H1413,גָּדַד,Old Testament,Hebrew,verb,"gather (selves together, self in troops), cut selves.",,8
A1414,גְּדַד,Old Testament,Aramaic,verb,to cut down,,2
H1415,גָּדָה,Old Testament,Hebrew,noun,a border of a river (as cut into by the stream),,4
H1416,גְּדוּד,Old Testament,Hebrew,noun,"band (of men), company, troop (of robbers).",,33
H1417,גְּדוּד גֶּדוּדָה,Old Testament,Hebrew,noun,a furrow (as cut),,2
H1418,גְּדוּדָה,Old Testament,Hebrew,noun,an incision,,1
H1419,גָּדוֹל גָּדוֹל,Old Testament,Hebrew,adjective,"elder(-est), + exceeding(-ly), + far, (man of) great (man, matter, thing,-er,-ness), high, long, loud, mighty, more, much, noble, proud thing, X sore, (X ) very.",,529
H1420,גְּדוּלָה גְּדוּלָּה גְּדוּלָּה,Old Testament,Hebrew,noun,"great things(-ness), majesty.",,13
H1421,גִּדּוּף גִּדּוּף גִּדּוּפָה גִּדּוּפָה,Old Testament,Hebrew,noun,reviling.,,3
H1422,גְּדוּפָה,Old Testament,Hebrew,noun,a revilement,,1
H1423,גְּדִי,Old Testament,Hebrew,noun,a young goat (from browsing),,16
H1424,גָּדִי,Old Testament,Hebrew,noun proper,an Israelite,,2
H1425,גָּדִי,Old Testament,Hebrew,adjective,children of Gad.,,15
H1426,גַּדִּי,Old Testament,Hebrew,noun proper,an Israelite,,1
H1427,גַּדִּיאֵל,Old Testament,Hebrew,noun proper,an Israelite,,1
H1428,גִּדיָה גַּדיָה,Old Testament,Hebrew,noun,a river brink,,1
H1429,גְּדִיָה,Old Testament,Hebrew,noun,a young female goat,,1
H1430,גָּדִישׁ,Old Testament,Hebrew,noun,a tomb,,4
H1431,גָּדַל,Old Testament,Hebrew,verb,(causatively) to make large (in various senses),,118
H1432,גָּדֵל,Old Testament,Hebrew,adjective,grew.,,3
H1433,גּוֹדֶל,Old Testament,Hebrew,noun,stout(-ness).,,13
H1434,גְּדִל,Old Testament,Hebrew,noun,wreath.,,2
H1435,גִּדֵּל,Old Testament,Hebrew,noun proper,"the name of one of the Nethinim, also of one of ""Solomon's servants""",,4
H1436,גְּדַליָה גֶּדַליָהוּ,Old Testament,Hebrew,noun proper,the name of five Israelites,,32
H1437,גִּדַּלתִּי,Old Testament,Hebrew,noun proper,an Israelite,,2
H1438,גָּדַע,Old Testament,Hebrew,verb,"in sunder, down, off), hew down.",,22
H1439,גִּדעוֹן,Old Testament,Hebrew,noun proper,an Israelite,,39
H1440,גִּדעוֹם,Old Testament,Hebrew,noun location,a place in Israel,,1
H1441,גִּדעוֹנִי,Old Testament,Hebrew,noun proper,an Israelite,,5
H1442,גָּדַף,Old Testament,Hebrew,verb,reproach.,,7
H1443,גָּדַר,Old Testament,Hebrew,verb,"fence up, hedge, inclose, make up (a wall), mason, repairer.",,10
H1444,גֶּדֶר,Old Testament,Hebrew,noun,a circumvallation,,2
H1445,גֶּדֶר,Old Testament,Hebrew,noun location,a place in Israel,,1
H1446,גְּדוֹר גְּדוֹר,Old Testament,Hebrew,noun location,also the name of three Israelites,,7
H1447,גָּדֵר,Old Testament,Hebrew,noun,(by implication) an inclosure,,11
H1448,גְּדֵרָה,Old Testament,Hebrew,noun,wall.,,10
H1449,גְּדֵרָה,Old Testament,Hebrew,noun location,a place in Israel,,2
H1450,גְּדֵרוֹת,Old Testament,Hebrew,noun location,a place in Israel,,2
H1451,גְּדֵרִי,Old Testament,Hebrew,adjective,or inhabitant of Geder,,1
H1452,גְּדֵרָתִי,Old Testament,Hebrew,adjective,or inhabitant of Gederah,,1
H1453,גְּדֵרוֹתַיִם,Old Testament,Hebrew,noun location,a place in Israel,,1
H1454,גֵּה,Old Testament,Hebrew,pronoun,this,,1
H1455,גָּהָה,Old Testament,Hebrew,verb,to remove (a bandage from a wound); to cure,,1
H1456,גֵּהָה,Old Testament,Hebrew,noun,a cure,,1
H1457,גָּהַר,Old Testament,Hebrew,verb,stretch self.,,3
H1458,גַּו,Old Testament,Hebrew,noun,the back,,3
A1459,גַּו,Old Testament,Aramaic,noun,"same, there- (where-) in.",,13
H1460,גֵּו,Old Testament,Hebrew,noun,the middle,,7
H1461,גּוּב,Old Testament,Hebrew,verb,to dig,,1
H1462,גּוֹב,Old Testament,Hebrew,noun,X great.,,3
H1463,גּוֹג,Old Testament,Hebrew,noun proper,"the name of an Israelite, also of some nothern nation",,10
H1464,גּוּד,Old Testament,Hebrew,verb,overcome.,,3
H1465,גֵּוָה,Old Testament,Hebrew,verb,the back; (by extensive) the person,,1
H1466,גֵּוָה,Old Testament,Hebrew,noun,pride.,,3
A1467,גֵּוָה,Old Testament,Aramaic,noun,pride,,1
H1468,גּוּז,Old Testament,Hebrew,verb,cut off.,,2
H1469,גּוֹזָל גּוֹזָל,Old Testament,Hebrew,noun,a nestling (as being comparatively nude of feathers),,2
H1470,גּוֹזָן,Old Testament,Hebrew,noun location,a province of Assyria,,5
H1471,גּוֹי גּוֹי,Old Testament,Hebrew,noun,or a flight of locusts,,564
H1472,גְּוִיָה,Old Testament,Hebrew,noun,whether alive or dead,,13
H1473,גּוֹלָה גּוֹלָה,Old Testament,Hebrew,noun,collectively) exiles,,44
H1474,גּוֹלָן,Old Testament,Hebrew,noun location,a place east of the Jordan,,6
H1475,גּוּמָּץ,Old Testament,Hebrew,noun,a pit,,1
H1476,גּוּנִי,Old Testament,Hebrew,noun proper,the name of two Israelites,,4
H1477,גּוּנִי,Old Testament,Hebrew,adjective,a Gunite (collectively with article prefix) or descendants of Guni,,1
H1478,גָּוַע,Old Testament,Hebrew,verb,"be dead, give up the ghost, perish.",,24
H1479,גּוּף,Old Testament,Hebrew,verb,(properly) to hollow or arch; (figuratively) close; to shut,,1
H1480,גּוּפָה,Old Testament,Hebrew,noun,a corpse (as closed to sense),,2
H1481,גּוּר,Old Testament,Hebrew,verb,fear (as in a strange place),,98
H1482,גּוּר גּוּר,Old Testament,Hebrew,noun,young one.,,7
H1483,גּוּר,Old Testament,Hebrew,noun location,a place in Israel,,1
H1484,גּוֹר גּוֹרָה,Old Testament,Hebrew,noun,meaning the same as H1482,,2
H1485,גּוּר ־ בַּעַל,Old Testament,Hebrew,noun location,a place in Arabia,,1
H1486,גּוֹרָל גּוֹרָל,Old Testament,Hebrew,noun,(figuratively) a portion or destiny (as if determined by lot),,77
H1487,גּוּשׁ גִּישׁ,Old Testament,Hebrew,noun,a mass of earth,,1
H1488,גֵּז,Old Testament,Hebrew,noun,"mowing, mown grass.",,4
H1489,גִּזבָּר,Old Testament,Hebrew,noun,treasurer,,1
A1490,גִּזבָּר,Old Testament,Aramaic,noun,treasurer,,1
H1491,גָּזָה,Old Testament,Hebrew,verb,i.e. portion out,,1
H1492,גָּזַּה,Old Testament,Hebrew,noun,a fleece,,7
H1493,גִּזוֹנִי,Old Testament,Hebrew,adjective,a Gizonite or inhabitant of Gizoh,,1
H1494,גָּזַז,Old Testament,Hebrew,verb,"poll, shave, (sheep-) shear(-er).",,15
H1495,גָּזֵז,Old Testament,Hebrew,noun proper,the name of two Israelites,,2
H1496,גָּזִיתּ,Old Testament,Hebrew,noun,i.e. dressed stone,,11
H1497,גָּזַל,Old Testament,Hebrew,verb,strip or rob,,31
H1498,גָּזֵל,Old Testament,Hebrew,noun,thing taken away by violence.,,4
H1499,גֵּזֶל,Old Testament,Hebrew,noun,i.e. violence,,2
H1500,גְּזֵלָה,Old Testament,Hebrew,noun,"spoil, violence.",,5
H1501,גָּזָם,Old Testament,Hebrew,noun,a kind of locust,,3
H1502,גַּזָּם,Old Testament,Hebrew,noun proper,one of the Nethinim,,2
H1503,גֶּזַע,Old Testament,Hebrew,noun,stock.,,3
H1504,גָּזַר,Old Testament,Hebrew,verb,"divide, exclude, or decide",,13
A1505,גְּזַר,Old Testament,Aramaic,verb,soothsayer.,,6
H1506,גֶּזֶר,Old Testament,Hebrew,noun,piece.,,2
H1507,גֶּזֶר,Old Testament,Hebrew,noun location,a place in Israel,,15
H1508,גִּזרָה,Old Testament,Hebrew,noun,separate place.,,8
H1509,גְּזֵרָה,Old Testament,Hebrew,noun,a desert (as separated),,1
A1510,גְּזֵרָה,Old Testament,Aramaic,noun,H1504,,2
H1511,גִּזרִי גִּרזִי,Old Testament,Hebrew,adjective,a Grizite (collectively) or member of a native tribe in Israel,,1
H1512,גָּחוֹן,Old Testament,Hebrew,noun,belly (as the source of the faetus),,2
H1513,גֶּחֶל גַּחֶלֶת,Old Testament,Hebrew,noun,an ember,,18
H1514,גַּחַם,Old Testament,Hebrew,noun proper,a son of Nahor,,1
H1515,גַּחַר,Old Testament,Hebrew,noun proper,one of the Nethinim,,2
H1516,גַּיא גַּי,Old Testament,Hebrew,noun,but not a gully or winter-torrent),,64
H1517,גִּידּ,Old Testament,Hebrew,noun,a tendon,,7
H1518,גִּיַח גּוַֹח,Old Testament,Hebrew,verb,"labor to bring forth, come forth, draw up, take out.",,6
A1519,גִּיַח גּוַּח,Old Testament,Aramaic,verb,to rush forth,,1
H1520,גִּיַח,Old Testament,Hebrew,noun location,a place in Israel,,1
H1521,גִּיחוֹן גִּחוֹן,Old Testament,Hebrew,noun proper,also a valley (or pool) near Jerusalem,,6
H1522,גֵּיחֲזִי גֵּחֲזִי,Old Testament,Hebrew,noun proper,the servant of Elisha,,12
H1523,גִּיל גּוּל,Old Testament,Hebrew,verb,"i.e. usually rejoice, or (as cringing) fear",,46
H1524,גִּיל,Old Testament,Hebrew,noun,also joy,,10
H1525,גִּילָה גִּילַת,Old Testament,Hebrew,noun,rejoicing.,,2
H1526,גִּילוֹנִי,Old Testament,Hebrew,adjective,a Gilonite or inhabitant of Giloh,,2
H1527,גִּינַת,Old Testament,Hebrew,noun proper,an Israelite,,2
A1528,גִּיר,Old Testament,Aramaic,noun,lime,,1
H1529,גֵּישָׁן,Old Testament,Hebrew,noun proper,an Israelite,,1
H1530,גַּל,Old Testament,Hebrew,noun,"i.e. a heap of stone or dung (plural ruins), by analogy, a spring of water (plural waves)",,34
H1531,גּוֹל,Old Testament,Hebrew,noun,a cup for oil (as round),,1
H1532,גַּלָּב,Old Testament,Hebrew,noun,a barber,,1
H1533,גִּלבּוַֹע,Old Testament,Hebrew,noun location,a mountain of Israel,,8
H1534,גַּלגַּל,Old Testament,Hebrew,noun,also dust (as whirled),,11
A1535,גַּלגַּל,Old Testament,Aramaic,noun,a wheel,,1
H1536,גִּלגָּל,Old Testament,Hebrew,noun,wheel,,1
H1537,גִּלגָּל,Old Testament,Hebrew,noun location,the name of three places in Israel,,40
H1538,גּוּלגּוֹלֶת,Old Testament,Hebrew,noun,"every man, poll, skull.",,12
H1539,גֶּלֶר,Old Testament,Hebrew,noun,the (human) skin (as smooth),,1
H1540,גָּלָה,Old Testament,Hebrew,verb,"appear, bewray, bring, (carry, lead, go) captive (into captivity), depart, disclose, discover, exile, be gone, open, X plainly, publish, remove, reveal, X shamelessly, shew, X surely, tell, uncover.",,185
A1541,גְּלָה גְּלָא,Old Testament,Aramaic,verb,"carry away, reveal.",,9
H1542,גִּלוֹה גִּילוֹה,Old Testament,Hebrew,noun location,a place in Israel,,2
H1543,גּוּלָּה,Old Testament,Hebrew,noun,bowl or globe (all as round),,15
H1544,גִּלּוּל גִּלּוּל,Old Testament,Hebrew,noun,(properly) a log (as round); (by implication) an idol,,48
H1545,גְּלוֹם,Old Testament,Hebrew,noun,clothing (as wrapped),,1
H1546,גָּלוּת,Old Testament,Hebrew,noun,concretely) exiles,,15
A1547,גָּלוּת,Old Testament,Aramaic,noun,captivity,,4
H1548,גָּלַח,Old Testament,Hebrew,verb,figuratively to lay waste,,23
H1549,גִּלָּיוֹן גִּליוֹן,Old Testament,Hebrew,noun,a mirror (as a plate),,2
H1550,גָּלִיל,Old Testament,Hebrew,adjective,ring.,,4
H1551,גָּלִיל גָּלִילָה,Old Testament,Hebrew,noun location,a circle (with the article); Galil (as a special circuit) in the North of Israel,,6
H1552,גְּלִילָה,Old Testament,Hebrew,noun,"coast, country.",,5
H1553,גְּלִילוֹת,Old Testament,Hebrew,noun location,a place in Israel,,1
H1554,גַּלִּים,Old Testament,Hebrew,noun location,a place in Israel,,2
H1555,גָּליַת,Old Testament,Hebrew,noun proper,a Philistine,,6
H1556,גָּלַל,Old Testament,Hebrew,verb,"remove, roll (away, down, together), run down, seek occasion, trust, wallow.",,18
H1557,גָּלָל,Old Testament,Hebrew,noun,dung (as in balls),,1
H1558,גָּלָל,Old Testament,Hebrew,noun,on account of,,10
H1559,גָּלָל,Old Testament,Hebrew,noun proper,the name of two Israelites,,3
A1560,גְּלָל,Old Testament,Aramaic,adjective,weight or size (as if rolled),,2
H1561,גֵּלֶל,Old Testament,Hebrew,noun,dung (plural balls of dung),,4
H1562,גִּלֲלַי,Old Testament,Hebrew,noun proper,an Israelite,,1
H1563,גָּלַם,Old Testament,Hebrew,verb,to fold,,1
H1564,גּוֹלֶם,Old Testament,Hebrew,noun,i.e. as the embryo),,1
H1565,גַּלמוּד,Old Testament,Hebrew,adjective,solitary.,,4
H1566,גָּלַע,Old Testament,Hebrew,verb,to be obstinate,,3
H1567,גַּליֵד,Old Testament,Hebrew,noun location,a memorial cairn East of the Jordan,,2
H1568,גִּלעָד,Old Testament,Hebrew,noun location,also the name of three Israelites,,102
H1569,גִּלעָדִי,Old Testament,Hebrew,adjective,a Giladite or descendant of Gilad,,11
H1570,גָּלַשׁ,Old Testament,Hebrew,verb,probably to caper (as a goat),,2
H1571,גַּם,Old Testament,Hebrew,verb,often repeated as correl. both...and,,769
H1572,גָּמָא,Old Testament,Hebrew,verb,drink,,2
H1573,גּוֹמֶא,Old Testament,Hebrew,noun,specifically the papyrus,,4
H1574,גּוֹמֶד,Old Testament,Hebrew,noun,(properly) a span,,1
H1575,גַּמָּד,Old Testament,Hebrew,noun,a warrior (as grasping weapons),,1
H1576,גְּמוּל,Old Testament,Hebrew,noun,(by implication) service or requital,,19
H1577,גָּמוּל,Old Testament,Hebrew,noun proper,an Israelite,,1
H1578,גְּמוּלָה,Old Testament,Hebrew,noun,"recompense, such a reward.",,3
H1579,גִּמזוֹ,Old Testament,Hebrew,noun location,a place in Israel,,1
H1580,גָּמַל,Old Testament,Hebrew,verb,"(by implication) (of toil), to ripen, i.e. (specifically) to wean",,37
H1581,גָּמָל,Old Testament,Hebrew,noun,a camel,,54
H1582,גְּמַלִּי,Old Testament,Hebrew,noun proper,an Israelite,,1
H1583,גַּמלִיאֵל,Old Testament,Hebrew,noun proper,an Israelite,,5
H1584,גָּמַר,Old Testament,Hebrew,verb,"come to an end, fail, perfect, perform.",,5
A1585,גְּמַר,Old Testament,Aramaic,verb,perfect,,1
H1586,גּוֹמֶר,Old Testament,Hebrew,noun proper,also of a Hebrewess,,6
H1587,גְּמַריָה גְּמַריָהוּ,Old Testament,Hebrew,noun proper,the name of two Israelites,,5
H1588,גַּן,Old Testament,Hebrew,noun,a garden (as fenced),,41
H1589,גָּנַב,Old Testament,Hebrew,verb,"X indeed, secretly bring, steal (away), get by stealth.",,40
H1590,גַּנָּב,Old Testament,Hebrew,noun,a stealer,,17
H1591,גְּנֵבָה,Old Testament,Hebrew,noun,stealing; (concretely) something stolen,,2
H1592,גְּנוּבַת,Old Testament,Hebrew,noun proper,an Edomitish prince,,2
H1593,גַּנָּה,Old Testament,Hebrew,noun,a garden,,12
H1594,גִּנָּה,Old Testament,Hebrew,noun,garden,,4
H1595,גֶּנֶז,Old Testament,Hebrew,noun,treasury.,,3
A1596,גְּנַז,Old Testament,Aramaic,noun,treasure,,3
H1597,גִּנזַך,Old Testament,Hebrew,noun,a treasury,,1
H1598,גָּנַן,Old Testament,Hebrew,verb,to hedge about; (generally) protect,,8
H1599,גִּנְּתוֹן גִּנְּתוֹ,Old Testament,Hebrew,noun proper,an Israelite,,3
H1600,גָּעָה,Old Testament,Hebrew,verb,to bellow (as cattle),,2
H1601,גּוֹעָה,Old Testament,Hebrew,noun location,a place near Jerusalem,,1
H1602,גָּעַל,Old Testament,Hebrew,verb,"fail, lothe, vilely cast away.",,10
H1603,גַּעַל,Old Testament,Hebrew,noun proper,an Israelite,,9
H1604,גּוֹעַל,Old Testament,Hebrew,noun,abhorrence,,1
H1605,גָּעַר,Old Testament,Hebrew,verb,"rebuke, reprove.",,14
H1606,גְּעָרָה,Old Testament,Hebrew,noun,reproof.,,15
H1607,גָּעַשׁ,Old Testament,Hebrew,verb,"shake, toss, trouble",,8
H1608,גַּעַשׁ,Old Testament,Hebrew,noun location,a hill in Israel,,4
H1609,גַּעתָּם,Old Testament,Hebrew,noun proper,an Edomite,,3
H1610,גַּף,Old Testament,Hebrew,noun,himself.,,4
A1611,גַּף,Old Testament,Aramaic,noun,a wing,,3
H1612,גֶּפֶן,Old Testament,Hebrew,noun,especially the grape,,55
H1613,גּוֹפֶר,Old Testament,Hebrew,noun,apparently the cypress,,1
H1614,גָּפרִיתּ,Old Testament,Hebrew,noun,sulphur (as equally inflammable),,7
H1615,גִּר,Old Testament,Hebrew,noun,lime (from being burned in a kiln),,1
H1616,גֵּר גֵּיר,Old Testament,Hebrew,noun,"sojourner, stranger.",,92
H1617,גֵּרָא,Old Testament,Hebrew,noun proper,the name of six Israelites,,9
H1618,גָּרָב,Old Testament,Hebrew,noun,scurvy.,,3
H1619,גָּרֵב,Old Testament,Hebrew,noun location,"the name of an Israelite, also of a hill near Jerusalem",,3
H1620,גַּרגַּר,Old Testament,Hebrew,noun,a berry (as if a pellet of rumination),,1
H1621,גַּרגְּרוֹת,Old Testament,Hebrew,noun,the throat (as used in rumination),,4
H1622,גִּרגָּשִׁי,Old Testament,Hebrew,adjective,one of the native tribes of Canaan,,7
H1623,גָּרַד,Old Testament,Hebrew,verb,to abrade,,1
H1624,גָּרָה,Old Testament,Hebrew,verb,i.e. (figuratively) to anger,,15
H1625,גֵּרָה,Old Testament,Hebrew,noun,the cud (as scraping the throat),,11
H1626,גֵּרָה,Old Testament,Hebrew,noun,i.e. a gerah or small weight (and coin),,5
H1627,גָּרוֹן גָּרוֹן,Old Testament,Hebrew,noun,"mouth, neck, throat.",,8
H1628,גֵּרוּת,Old Testament,Hebrew,noun,a (temporary) residence,,1
H1629,גָּרַז,Old Testament,Hebrew,verb,to cut off,,1
H1630,גְּרִזִים,Old Testament,Hebrew,noun location,a mountain of Israel,,4
H1631,גַּרזֶן,Old Testament,Hebrew,noun,an axe,,4
H1632,גָּרוֹל,Old Testament,Hebrew,adjective,harsh,,1
H1633,גָּרַם,Old Testament,Hebrew,verb,"i.e. denude (by extensive, craunch) the bones",,3
H1634,גֶּרֶם,Old Testament,Hebrew,noun,i.e. (figuratively) very,,5
A1635,גֶּרֶם,Old Testament,Aramaic,noun,a bone,,1
H1636,גַּרמִי,Old Testament,Hebrew,adjective,i.e. strong,,1
H1637,גּוֹרֶן,Old Testament,Hebrew,noun,any open area,,37
H1638,גָּרַס,Old Testament,Hebrew,verb,to crush; (intransitively and figuratively) to dissolve,,2
H1639,גָּרַע,Old Testament,Hebrew,verb,"remove, lessen, withhold",,22
H1640,גָּרַף,Old Testament,Hebrew,verb,to bear off violently,,1
H1641,גָּרַר,Old Testament,Hebrew,verb,"chew, X continuing, destroy, saw.",,5
H1642,גְּרָר,Old Testament,Hebrew,noun location,a Philistine city,,10
H1643,גֶּרֶשׂ,Old Testament,Hebrew,noun,i.e. grain,,2
H1644,גָּרַשׁ,Old Testament,Hebrew,verb,"divorced (woman), drive away (forth, out), expel, X surely put away, trouble, thrust out.",,47
H1645,גֶּרֶשׁ,Old Testament,Hebrew,noun,produce (as if expelled),,1
H1646,גְּרוּשָׁה,Old Testament,Hebrew,noun,(abstractly) dispossession,,1
H1647,גֵּרְשׁוֹם,Old Testament,Hebrew,noun proper,the name of four Israelites,,14
H1648,גֵּרְשׁוֹן גֵּרְשׁוֹם,Old Testament,Hebrew,noun proper,an Israelite,,17
H1649,גֵּרְשׁוּנִּי,Old Testament,Hebrew,adjective,sons of Gershon.,,13
H1650,גְּשׁוּר,Old Testament,Hebrew,noun proper,a district of Syria,,9
H1651,גְּשׁוּרִי,Old Testament,Hebrew,adjective,Geshurites.,,6
H1652,גָּשַׁם,Old Testament,Hebrew,verb,to shower violently,,1
H1653,גֶּשֶׁם,Old Testament,Hebrew,noun,shower.,,35
H1654,גֶּשֶׁם גַּשׁמוּ,Old Testament,Hebrew,noun proper,an Arabian,,4
A1655,גֶּשֶׁם,Old Testament,Aramaic,noun,probably for the figurative idea of a hard rain.},,6
H1656,גּוֹשֶׁם,Old Testament,Hebrew,noun,equivalent to H1653,,1
H1657,גּוֹשֶׁן,Old Testament,Hebrew,noun location,also a place in Israel,,15
H1658,גִּשׁפָּא,Old Testament,Hebrew,noun proper,an Israelite,,1
H1659,גָּשַׁשׁ,Old Testament,Hebrew,verb,apparently to feel about,,2
H1660,גַּת,Old Testament,Hebrew,noun,a wine-press (or vat for holding the grapes in pressing them),,5
H1661,גַּת,Old Testament,Hebrew,noun location,a Philistine city,,33
H1662,גַּת ־ הַחֵפֶר גִּתּתָּה ־ חֵפֶר,Old Testament,Hebrew,noun location,a place in Israel,,2
H1663,גִּתּתִּי,Old Testament,Hebrew,adjective,a Gittite or inhabitant of Gath,,10
H1664,גִּתּתַּיִם,Old Testament,Hebrew,noun location,a place in Israel,,2
H1665,גִּתּתִּיתּ,Old Testament,Hebrew,noun,a Gittite harp,,3
H1666,גֶּתֶר,Old Testament,Hebrew,noun proper,"a son of Aram, and the region settled by him",,2
H1667,גַּת ־ רִמּוֹן,Old Testament,Hebrew,noun location,a place in Israel,,4
A1668,דָּא,Old Testament,Aramaic,pronoun,this.,,6
H1669,דָּאַב,Old Testament,Hebrew,verb,sorrow(-ful).,,3
H1670,דְּאָבָה,Old Testament,Hebrew,noun,fear,,1
H1671,דְּאָבוֹן,Old Testament,Hebrew,noun,pining,,1
H1672,דָּאַג,Old Testament,Hebrew,verb,"sorry), sorrow, take thought.",,7
H1673,דּוֹאֵג דּוֹאֵג,Old Testament,Hebrew,noun proper,an Edomite,,9
H1674,דְּאָגָה,Old Testament,Hebrew,noun,"fear, heaviness, sorrow.",,6
H1675,דָּאָה,Old Testament,Hebrew,verb,i.e. fly rapidly,,4
H1676,דָּאָה,Old Testament,Hebrew,noun,the kite (from its rapid flight),,1
H1677,דּוֹב דּוֹב,Old Testament,Hebrew,noun,the bear (as slow),,12
A1678,דּוֹב,Old Testament,Aramaic,noun,bear,,1
H1679,דּוֹבֶא,Old Testament,Hebrew,noun,i.e. restful)],,1
H1680,דָּבַב,Old Testament,Hebrew,verb,i.e. glide,,1
H1681,דִּבָּה,Old Testament,Hebrew,noun,"evil report, infamy, slander.",,9
H1682,דְּבוֹרָה דֶּבוֹרָה,Old Testament,Hebrew,noun,the bee (from its systematic instincts),,4
H1683,דְּבוֹרָה דֶּבוֹרָה,Old Testament,Hebrew,noun proper,the name of two Hebrewesses,,10
A1684,דְּבַח,Old Testament,Aramaic,verb,to sacrifice (an animal),,1
A1685,דְּבַח,Old Testament,Aramaic,noun,a sacrifice,,1
H1686,דִּביוֹן חֶריוֹן,Old Testament,Hebrew,noun,"probably some cheap vegetable, perhaps a bulbous root",,1
H1687,דְּבִיר דֶּבִר,Old Testament,Hebrew,noun,the shrine or innermost part of the sanctuary,,16
H1688,דְּבִיר דְּבִר,Old Testament,Hebrew,noun location,the name of an Amoritish king and of two places in Israel,,14
H1689,דִּבלָה,Old Testament,Hebrew,noun location,a place in Syria,,1
H1690,דְּבֵלָה,Old Testament,Hebrew,noun,a cake of pressed figs,,5
H1691,דִּבלַיִם,Old Testament,Hebrew,noun proper,a symbolic name,,1
H1692,דָּבַק,Old Testament,Hebrew,verb,(figuratively) to catch by pursuit,,54
A1693,דְּבַק,Old Testament,Aramaic,verb,to stick to,,1
H1694,דֶּבֶק,Old Testament,Hebrew,noun,solder.,,3
H1695,דָּבֵק,Old Testament,Hebrew,adjective,"joining, stick closer.",,3
H1696,דָּבַר,Old Testament,Hebrew,verb,"but used figuratively (of words), to speak; rarely (in a destructive sense) to subdue",మాట్లాడు,1145
H1697,דָּבָר,Old Testament,Hebrew,noun,"advice, affair, answer, X any such (thing), because of, book, business, care, case, cause, certain rate, + chronicles, commandment, X commune(-ication), + concern(-ing), + confer, counsel, + dearth, decree, deed, X disease, due, duty, effect, + eloquent, errand, (evil favoured-)ness, + glory, + harm, hurt, + iniquity, + judgment, language, + lying, manner, matter, message, (no) thing, oracle, X ought, X parts, + pertaining, + please, portion, + power, promise, provision, purpose, question, rate, reason, report, request, X (as hast) said, sake, saying, sentence, + sign, + so, some (uncleanness), somewhat to say, + song, speech, X spoken, talk, task, + that, X there done, thing (concerning), thought, + thus, tidings, what(-soever), + wherewith, which, word, work.",ఒక పదం; (సూచన ద్వారా) ఒక విషయం (చెప్పినట్లు) లేదా విషయం,1454
H1698,דֶּבֶר,Old Testament,Hebrew,noun,"pestilence, plague.",,49
H1699,דּוֹבֶר דִּבֵּר,Old Testament,Hebrew,noun,manner.,,2
H1700,דִּברָה,Old Testament,Hebrew,noun,suit or style,,5
A1701,דִּברָה,Old Testament,Aramaic,noun,sake,,2
H1702,דּוֹבְרָה,Old Testament,Hebrew,noun,a raft,,1
H1703,דַּבָּרָה,Old Testament,Hebrew,noun,a word,,1
H1704,דִּברִי,Old Testament,Hebrew,noun proper,an Israelite,,1
H1705,דָּבְרַת,Old Testament,Hebrew,noun location,a place in Israel,,3
H1706,דְּבַשׁ,Old Testament,Hebrew,noun,syrup,,54
H1707,דַּבֶּשֶׁת,Old Testament,Hebrew,noun,i.e. the hump of a camel,,1
H1708,דַּבֶּשֶׁת,Old Testament,Hebrew,noun location,a place in Israel,,1
H1709,דָּג דָּאגּ,Old Testament,Hebrew,noun,i.e. moving by the vibratory action of the tail),,19
H1710,דָּגָה,Old Testament,Hebrew,noun,and meaning the same],,15
H1711,דָּגָה,Old Testament,Hebrew,verb,i.e. become numerous,,1
H1712,דָּגוֹן,Old Testament,Hebrew,noun proper,a Philistine deity,,13
H1713,דָּגַל,Old Testament,Hebrew,verb,(figuratively) to be conspicuous,,4
H1714,דֶּגֶל,Old Testament,Hebrew,noun,standard.,,14
H1715,דָּגָן,Old Testament,Hebrew,noun,i.e. grain,,40
H1716,דָּגַר,Old Testament,Hebrew,verb,sit,,2
H1717,דַּד,Old Testament,Hebrew,noun,or from its shape),,4
H1718,דָּדָה,Old Testament,Hebrew,verb,with).,,2
H1719,דְּדָן דֶּדָנֶה,Old Testament,Hebrew,noun location,the name of two Cushites and of their territory,,11
H1720,דְּדָנִים,Old Testament,Hebrew,adjective,the descendants or inhabitants of Dedan,,1
H1721,דּוֹדָנִים רוֹדָנִים,Old Testament,Hebrew,noun proper,or descendants of a son of Javan,,2
A1722,דְּהַב,Old Testament,Aramaic,noun,gold,,23
A1723,דַּהֲוָא,Old Testament,Aramaic,noun,a people colonized in Samaria,,1
H1724,דָּהַם,Old Testament,Hebrew,verb,i.e. (figuratively) dumbfounded,,1
H1725,דָּהַר,Old Testament,Hebrew,verb,to curvet or move irregularly,,1
H1726,דַּהֲהַר,Old Testament,Hebrew,noun,a gallop,,2
H1727,דּוּב,Old Testament,Hebrew,verb,i.e. (figuratively) pine,,1
H1728,דַּוָּג,Old Testament,Hebrew,noun,H1771,,2
H1729,דּוּגָה,Old Testament,Hebrew,noun,i.e. a hook for fishing,,1
H1730,דּוֹד דּוֹד,Old Testament,Hebrew,noun,(specifically) an uncle,,61
H1731,דּוּד,Old Testament,Hebrew,noun,"caldron, kettle, (seething) pot.",,9
H1732,דָּוִד דָּוִידּ,Old Testament,Hebrew,noun proper,the youngest son of Jesse,,1075
H1733,דּוֹדָה,Old Testament,Hebrew,noun,"father's sister, uncle's wife.",,3
H1734,דּוֹדוֹ,Old Testament,Hebrew,noun proper,the name of three Israelites,,6
H1735,דּוֹדָוָהוּ,Old Testament,Hebrew,noun proper,an Israelite,,1
H1736,דּוּדַי,Old Testament,Hebrew,noun,mandrake.,,7
H1737,דּוֹדַי,Old Testament,Hebrew,noun proper,an Israelite,,1
H1738,דָּוָה,Old Testament,Hebrew,verb,to be sick (as if in menstruation),,1
H1739,דָּוֶה,Old Testament,Hebrew,adjective,"menstruous cloth, she that is sick, having sickness.",,5
H1740,דּוַּח,Old Testament,Hebrew,verb,"purge, wash.",,5
H1741,דְּוַי,Old Testament,Hebrew,noun,sorrowful.,,2
H1742,דַּוָּי,Old Testament,Hebrew,adjective,sick; (figuratively) troubled,,3
H1743,דּוּך,Old Testament,Hebrew,verb,to bruise in a mortar,,1
H1744,דּוּכִיפַת,Old Testament,Hebrew,noun,the hoopoe or else the grouse,,2
H1745,דּוּמָה,Old Testament,Hebrew,noun,silence; (figuratively) death,,2
H1746,דּוּמָה,Old Testament,Hebrew,noun location,a tribe and region of Arabia,,4
H1747,דּוּמִיָה,Old Testament,Hebrew,noun,"abstractly quiet, trust",,4
H1748,דּוּמָם,Old Testament,Hebrew,verb,silently,,3
H1749,דּוֹנַג,Old Testament,Hebrew,noun,wax,,4
H1750,דּוּץ,Old Testament,Hebrew,verb,to leap,,1
A1751,דּוּק,Old Testament,Aramaic,verb,to crumble,,1
H1752,דּוּר,Old Testament,Hebrew,verb,i.e. to remain,,1
A1753,דּוּר,Old Testament,Aramaic,verb,to reside,,10
H1754,דּוּר,Old Testament,Hebrew,noun,ball or pile,,3
H1755,דּוֹר דּוֹר,Old Testament,Hebrew,noun,also a dwelling,,168
H1756,דּוֹר דּוֹאר,Old Testament,Hebrew,noun location,a place in Israel,,7
A1757,דּוּרָא,Old Testament,Aramaic,noun location,a place in Babylonia,,1
H1758,דּוּשׁ דּוֹשׁ דִּישׁ,Old Testament,Hebrew,verb,"tear, thresh, tread out (down), at grass (Jer. 50",,14
A1759,דּוּשׁ,Old Testament,Aramaic,verb,to trample,,1
H1760,דָּחָה דָּחַח,Old Testament,Hebrew,verb,"drive away (on), overthrow, outcast, X sore, thrust, totter.",,11
A1761,דַּחֲוָה,Old Testament,Aramaic,noun,probably a musical instrument (as being struck),,1
H1762,דְּחִי,Old Testament,Hebrew,noun,a push; (by implication) a fall,,2
A1763,דְּחַל,Old Testament,Aramaic,verb,or (causatively) be formidable,,6
H1764,דּוֹחַן,Old Testament,Hebrew,noun,millet,,1
H1765,דָּחַף,Old Testament,Hebrew,verb,i.e. hasten,,4
H1766,דָּחַק,Old Testament,Hebrew,verb,i.e. oppress,,2
H1767,דַּי,Old Testament,Hebrew,preposition,used chiefly with preposition in phrases,,39
A1768,דִּי,Old Testament,Aramaic,conjunction,(also) as preposition of,,346
H1769,דִּיבּוֹן דִּיבּוֹן,Old Testament,Hebrew,noun location,the name of three places in Israel,,11
H1770,דִּיגּ,Old Testament,Hebrew,verb,to fish,,1
H1771,דַּיָג,Old Testament,Hebrew,noun,a fisherman,,2
H1772,דַּיָה,Old Testament,Hebrew,noun,a falcon (from its rapid flight),,2
H1773,דְּיוֹ,Old Testament,Hebrew,noun,ink,,1
H1774,דִּי זָהָב,Old Testament,Hebrew,noun location,a place in the Desert,,1
H1775,דִּימוֹן,Old Testament,Hebrew,noun location,a place in Israel,,2
H1776,דִּימוֹנָה,Old Testament,Hebrew,noun location,a place in Israel,,1
H1777,דִּין דּוּן,Old Testament,Hebrew,verb,i.e. sail direct,,24
A1778,דִּין,Old Testament,Aramaic,verb,to judge,,1
H1779,דִּין דּוּן,Old Testament,Hebrew,noun,(by implication) also strife,,21
A1780,דִּין,Old Testament,Aramaic,noun,judgement,,5
H1781,דַּיָן,Old Testament,Hebrew,noun,a judge or advocate,,2
A1782,דַּיָן,Old Testament,Aramaic,noun,judge,,1
H1783,דִּינָה,Old Testament,Hebrew,noun proper,the daughter of Jacob,,8
A1784,דִּינַי,Old Testament,Aramaic,noun proper,a Dinaite or inhabitant of some unknown Assyria province,,1
H1785,דָּיֵק,Old Testament,Hebrew,noun,a battering-tower,,6
H1786,דַּיִשׁ,Old Testament,Hebrew,noun,threshing-time,,1
H1787,דִּישׁוֹן דִּישׁוֹן דִּשׁוֹן דִּשׁוֹן,Old Testament,Hebrew,noun proper,"Dishon, the name of two Edomites",,7
H1788,דִּישׁוֹן,Old Testament,Hebrew,noun,i.e. an antelope,,1
H1789,דִּישָׁן,Old Testament,Hebrew,noun proper,an Edomite],,5
H1790,דַּך,Old Testament,Hebrew,adjective,oppressed.,,4
A1791,דֵּך דָּך,Old Testament,Aramaic,pronoun,this.,,13
H1792,דָּכָא,Old Testament,Hebrew,verb,to bruise (literally or figuratively),,18
H1793,דַּכָּא,Old Testament,Hebrew,adjective,destruction.,,3
H1794,דָּכָה,Old Testament,Hebrew,verb,"contrite, crouch.",,5
H1795,דַּכָּה,Old Testament,Hebrew,noun,H1793,,1
H1796,דֳּכִי,Old Testament,Hebrew,noun,a dashing of surf,,1
A1797,דִּכֵּן,Old Testament,Aramaic,pronoun,"that, this.",,3
A1798,דְּכַר,Old Testament,Aramaic,noun,i.e. of sheep,,3
A1799,דִּכרוֹן דָּכרָן,Old Testament,Aramaic,noun,a register,,3
H1800,דַּל,Old Testament,Hebrew,adjective,"needy, poor (man), weaker.",,47
H1801,דָּלַג,Old Testament,Hebrew,verb,to spring,,5
H1802,דָּלָה,Old Testament,Hebrew,verb,(figuratively) to deliver,,5
H1803,דַּלָּה,Old Testament,Hebrew,noun,(figuratively) indigent,,8
H1804,דָּלַח,Old Testament,Hebrew,verb,to roil water,,3
H1805,דְּלִי דֳּלִי,Old Testament,Hebrew,noun,a pail or jar (for drawing water),,2
H1806,דְּלָיָה דְּלָיָהוּ,Old Testament,Hebrew,noun proper,the name of five Israelites,,7
H1807,דְּלִילָה,Old Testament,Hebrew,noun proper,a Philistine woman,,6
H1808,דָּלִיָה,Old Testament,Hebrew,noun,i.e. a bough,,8
H1809,דָּלַל,Old Testament,Hebrew,verb,"dry up, be emptied, be not equal, fail, be impoverished, be made thin.",,9
H1810,דִּלעָן,Old Testament,Hebrew,noun location,a place in Israel,,1
H1811,דָּלַף,Old Testament,Hebrew,verb,"melt, pour out.",,3
H1812,דֶּלֶף,Old Testament,Hebrew,noun,a dripping,,2
H1813,דַּלפוֹן,Old Testament,Hebrew,noun proper,a son of Haman,,1
H1814,דָּלַק,Old Testament,Hebrew,verb,"chase, inflame, kindle, persecute(-or), pursue hotly.",,9
A1815,דְּלַק,Old Testament,Aramaic,verb,burn,,1
H1816,דַּלֶּקֶת,Old Testament,Hebrew,noun,a burning fever,,1
H1817,דֶּלֶת,Old Testament,Hebrew,noun,i.e. the valve of a door,,89
H1818,דָּם,Old Testament,Hebrew,noun,figuratively (especially in the plural) bloodshed (i.e. drops of blood),,361
H1819,דָּמָה,Old Testament,Hebrew,verb,"liken, consider",,30
H1820,דָּמָה,Old Testament,Hebrew,verb,"be cut down (off), destroy, be brought to silence, be undone, X utterly.",,15
A1821,דְּמָה,Old Testament,Aramaic,verb,to resemble,,2
H1822,דּוּמָּה,Old Testament,Hebrew,noun,desolation; (concretely) desolate,,1
H1823,דְּמוּת,Old Testament,Hebrew,noun,(adverbially) like,,25
H1824,דְּמִי דֳּמִי,Old Testament,Hebrew,noun,"rest, silence.",,4
H1825,דִּמיוֹן,Old Testament,Hebrew,noun,resemblance,,1
H1826,דָּמַם,Old Testament,Hebrew,verb,(also) to perish,,30
H1827,דְּמָמָה,Old Testament,Hebrew,noun,"silence, still.",,3
H1828,דּוֹמֶן,Old Testament,Hebrew,noun,manure,,6
H1829,דִּמנָה,Old Testament,Hebrew,noun location,a place in Israel,,1
H1830,דָּמַע,Old Testament,Hebrew,verb,weep.,,2
H1831,דֶּמַע,Old Testament,Hebrew,noun,a tear; (figuratively) juice,,1
H1832,דִּמעָה,Old Testament,Hebrew,noun,weeping,,23
H1833,דְּמֶשֶׁק,Old Testament,Hebrew,noun,damask (as a fabric of Damascus),,1
H1834,דַּמֶּשֶׂק דּוּמֶשֶׂק דַּרמֶשֶׂק,Old Testament,Hebrew,noun location,a city of Syria,,41
H1835,דָּן,Old Testament,Hebrew,noun proper,"also the tribe descended from him, and its territory",,70
A1836,דֵּן,Old Testament,Aramaic,verb,"+ after this manner, here (-after), one...another, such, there(-fore), these, this (matter), + thus, where(-fore), which.",,58
H1837,דַּנָּה,Old Testament,Hebrew,noun location,a place in Israel,,1
H1838,דִּנהָבָה,Old Testament,Hebrew,noun location,an Edomitish town,,2
H1839,דָּנִי,Old Testament,Hebrew,adjective,of Dan.,,5
H1840,דָּנִיֵאל דָּנִאֵל,Old Testament,Hebrew,noun proper,the name of two Israelites,,32
A1841,דָּנִיֵאל,Old Testament,Aramaic,noun proper,the Heb. prophet,,52
H1842,דָּן יַעַן,Old Testament,Hebrew,noun location,a place in Israel,,1
H1843,דֵַּע,Old Testament,Hebrew,noun,opinion.,,5
H1844,דֵּעָה,Old Testament,Hebrew,noun,knowledge,,6
H1845,דְּעוּאֵל,Old Testament,Hebrew,noun proper,an Israelite,,4
H1846,דָּעַך,Old Testament,Hebrew,verb,"consumed, put out, quenched.",,9
H1847,דַּעַת,Old Testament,Hebrew,noun,"(ig-)norantly, know(-ledge), (un-)awares (wittingly).",,95
H1848,דָּפִי,Old Testament,Hebrew,noun,a stumbling-block,,1
H1849,דָּפַק,Old Testament,Hebrew,verb,to press severely,,3
H1850,דָּפקָה,Old Testament,Hebrew,noun location,a place in the Desert,,2
H1851,דַּק,Old Testament,Hebrew,adjective,"lean(-fleshed), very little thing, small, thin.",,14
H1852,דּוֹק,Old Testament,Hebrew,noun,i.e. fine (as a thin cloth),,1
H1853,דִּקלָה,Old Testament,Hebrew,noun location,a region of Arabia,,2
H1854,דָּקַק,Old Testament,Hebrew,verb,"bruise, make dust, (into) X powder, (be, very) small, stamp (small).",,13
A1855,דְּקַק,Old Testament,Aramaic,verb,to crumble or (trans.) crush,,10
H1856,דָּקַר,Old Testament,Hebrew,verb,(figuratively) to revile,,11
H1857,דֶּקֶר,Old Testament,Hebrew,noun proper,an Israelite,,1
H1858,דַּר,Old Testament,Hebrew,noun,"pearl-stone, i.e. mother-of-pearl or alabaster",,1
A1859,דָּר,Old Testament,Aramaic,noun,an age,,4
H1860,דְּרָאוֹן דֵּרָאוֹן,Old Testament,Hebrew,noun,contempt.,,2
H1861,דָּרבּוֹן,Old Testament,Hebrew,noun,a goad,,2
H1862,דַּרדַּע,Old Testament,Hebrew,noun proper,an Israelite,,1
H1863,דַּרדַּר,Old Testament,Hebrew,noun,a thorn,,2
H1864,דָּרוֹם,Old Testament,Hebrew,noun,the south; poet. the south wind,,17
H1865,דְּרוֹר,Old Testament,Hebrew,noun,and so clear,,8
H1866,דְּרוֹר,Old Testament,Hebrew,noun,a kind of swallow,,2
H1867,דָּרְיָוֵשׁ,Old Testament,Hebrew,noun proper,a title (rather than name) of several Persian kings,,10
A1868,דָּרְיָוֵשׁ,Old Testament,Aramaic,noun proper,Darius,,15
H1869,דָּרַך,Old Testament,Hebrew,verb,"bend, come, draw, go (over), guide, lead (forth), thresh, tread (down), walk.",,63
H1870,דֶּרֶך,Old Testament,Hebrew,noun,often adverb,,712
H1871,דַּרכְּמוֹן,Old Testament,Hebrew,noun,""" or coin",,4
A1872,דְּרַע,Old Testament,Aramaic,noun,an arm,,1
H1873,דָּרַע,Old Testament,Hebrew,noun proper,an Israelite,,1
H1874,דַּרקוֹן,Old Testament,Hebrew,noun proper,"one of ""Solomon's servants""",,2
H1875,דָּרַשׁ,Old Testament,Hebrew,verb,"X at all, care for, X diligently, inquire, make inquisition, (necro-)mancer, question, require, search, seek (for, out), X surely.",,165
H1876,דָּשָׁא,Old Testament,Hebrew,verb,spring.,,2
H1877,דֶּשֶׁא,Old Testament,Hebrew,noun,grass,,15
H1878,דָּשֵׁן,Old Testament,Hebrew,verb,specifically to anoint,,11
H1879,דָּשֵׁן,Old Testament,Hebrew,adjective,fertile,,3
H1880,דֶּשֶׁן,Old Testament,Hebrew,noun,specifically the (fatty) ashes of sacrifices,,15
H1881,דָּת,Old Testament,Hebrew,noun,"commission, decree, law, manner",,22
A1882,דָּת,Old Testament,Aramaic,noun,"commission, decree, law, manner",,14
A1883,דֶּתֶא,Old Testament,Aramaic,noun,tender grass,,2
A1884,דְּתָבָר,Old Testament,Aramaic,noun,meaning one skilled in law; a judge,,2
H1885,דָּתָן,Old Testament,Hebrew,noun proper,an Israelite,,10
H1886,דּוֹתָן דּוֹתַיִן,Old Testament,Hebrew,noun location,a place in Israel,,3
H1887,הֵא,Old Testament,Hebrew,injunction,lo.,,2
A1888,הֵא הָא,Old Testament,Aramaic,particle demonstrative,lo.,,2
H1889,הֶאָח,Old Testament,Hebrew,injunction,"aha, ha.",,12
H1890,הַבהָב,Old Testament,Hebrew,noun,i.e. holocaust,,1
H1891,הָבַל,Old Testament,Hebrew,verb,specifically to lead astray,,5
H1892,הֶבֶל הֲבֵל,Old Testament,Hebrew,noun,"vain, vanity.",,73
H1893,הֶבֶל,Old Testament,Hebrew,noun proper,the son of Adam,,8
H1894,הוֹבֶן,Old Testament,Hebrew,noun,from an unused root meaning to be hard],,1
H1895,הָבַר,Old Testament,Hebrew,verb,to be a horoscopist,,1
H1896,הֵגֵא הֵגַי,Old Testament,Hebrew,noun proper,a eunuch of Xerxes,,4
H1897,הָגָה,Old Testament,Hebrew,verb,"meditate, mourn, mutter, roar, X sore, speak, study, talk, utter.",,25
H1898,הָגָה,Old Testament,Hebrew,verb,stay away.,,3
H1899,הֶגֶה,Old Testament,Hebrew,noun,"thought, or as thunder)",,3
H1900,הָגוּת,Old Testament,Hebrew,noun,musing,,1
H1901,הָגִיגּ,Old Testament,Hebrew,noun,i.e. complaint,,2
H1902,הִגָּיוֹן,Old Testament,Hebrew,noun,(by implication) a machination,,4
H1903,הָגִין,Old Testament,Hebrew,adjective,perhaps suitable or turning,,1
H1904,הָגָר,Old Testament,Hebrew,noun proper,the mother of Ishmael,,12
H1905,הַגרִי הַגרִיא,Old Testament,Hebrew,adjective,"Hagarite, Haggeri.",,6
H1906,הֵד,Old Testament,Hebrew,noun,a shout,,1
A1907,הַדָּבָר,Old Testament,Aramaic,noun,a vizier,,4
H1908,הֲדַד,Old Testament,Hebrew,noun proper,"the name of an idol, and of several kings of Edom",,13
H1909,הֲדַדעֶזֶר,Old Testament,Hebrew,noun proper,a Syrian king,,21
H1910,הֲדַדרִמּוֹן,Old Testament,Hebrew,noun location,a place in Israel,,1
H1911,הָדָה,Old Testament,Hebrew,verb,to stretch forth the hand,,1
H1912,הוֹדוּ,Old Testament,Hebrew,noun location,Hodu (i.e. Hindu-stan),,2
H1913,הֲדוֹרָם הֲדוֹרָם,Old Testament,Hebrew,noun proper,"a son of Joktan, and the tribe descended from him",,4
H1914,הִדַּי,Old Testament,Hebrew,noun proper,an Israelite,,1
H1915,הָדַך,Old Testament,Hebrew,verb,to crush with the foot,,1
H1916,הֲדוֹם,Old Testament,Hebrew,noun,a foot stool,,6
A1917,הַדָּם,Old Testament,Aramaic,noun,i.e. a bit,,2
H1918,הֲדַס,Old Testament,Hebrew,noun,the myrtle,,6
H1919,הֲדַסָּה,Old Testament,Hebrew,noun proper,Hadassah (or Esther),,1
H1920,הָדַף,Old Testament,Hebrew,verb,"drive, expel, thrust (away).",,11
H1921,הָדַר,Old Testament,Hebrew,verb,"(by implication) to favor or honour, be high or proud",,7
A1922,הֲדַר,Old Testament,Aramaic,verb,honour.,,3
A1923,הֲדַר,Old Testament,Aramaic,noun,majesty.,,3
H1924,הֲדַר,Old Testament,Hebrew,noun proper,an Edomite,,1
H1925,הֶדֶר,Old Testament,Hebrew,noun,honour; used (figuratively) for the capital city (Jerusalem),,1
H1926,הָדָר,Old Testament,Hebrew,noun,i.e. ornament or splendor,,30
H1927,הֲדָרָה,Old Testament,Hebrew,noun,honour.,,5
H1928,הֲדַרעֶזֶר,Old Testament,Hebrew,noun proper,"Hadarezer (i.e. Hadadezer, H1909), a Syrian king",,12
H1929,הָהּ,Old Testament,Hebrew,injunction,ah! expressing grief,,1
H1930,הוֹ,Old Testament,Hebrew,injunction,oh!,,2
A1931,הוּא הִיא,Old Testament,Aramaic,pronoun,(intensively) self; (especially with the article) the same,,1889
A1932,הוּא הִיא,Old Testament,Aramaic,personal pronoun,"(sometimes, as demonstrative) this or that; (occasionally, instead of copula) as or are",,22
A1933,הָוָא הָוָה,Old Testament,Aramaic,verb,to be (in the sense of existence),,6
A1934,הָוָא הָוָה,Old Testament,Aramaic,verb,"become, + behold, + came (to pass), + cease, + cleave, + consider, + do, + give, + have, + judge, + keep, + labour, + mingle (self), + put, + see, + seek, + set, + slay, + take heed, tremble, + walk, + would.",,71
H1935,הוֹד,Old Testament,Hebrew,noun,"comeliness, excellency, glorious, glory, goodly, honour, majesty.",,24
H1936,הוֹד,Old Testament,Hebrew,noun proper,an Israelite,,1
H1937,הוֹדְוָה,Old Testament,Hebrew,noun proper,an Israelite,,2
H1938,הוֹדַויָה,Old Testament,Hebrew,noun proper,the name of three Israelites,,4
H1939,הוֹדַיְוָהוּ,Old Testament,Hebrew,noun proper,an Israelite,,1
H1940,הוֹדִיָה,Old Testament,Hebrew,noun proper,a Jewess,,4
H1941,הוֹדִיָה,Old Testament,Hebrew,noun proper,the name of three Israelites,,2
H1942,הַוָּה,Old Testament,Hebrew,noun,by implication of falling)],,16
H1943,הוֹוָה,Old Testament,Hebrew,noun,ruin,,3
H1944,הוֹהָם,Old Testament,Hebrew,noun proper,a Canaanitish king,,1
H1945,הוֹי,Old Testament,Hebrew,injunction,"alas, ho, O, woe.",,51
A1946,הוּך,Old Testament,Aramaic,verb,to bring,,4
H1947,הוֹלֵלָה,Old Testament,Hebrew,noun,folly,,4
H1948,הוֹלֵלוּת,Old Testament,Hebrew,noun,folly,,1
H1949,הוּם,Old Testament,Hebrew,verb,or agitate greatly,,5
H1950,הוֹמָם,Old Testament,Hebrew,noun proper,an Edomitish chieftain,,1
H1951,הוּן,Old Testament,Hebrew,verb,"i.e. (figuratively) to be (causatively, act) light",,1
H1952,הוֹן,Old Testament,Hebrew,injunction,"+ for nought, riches, substance, wealth.",,26
H1953,הוֹשָׁמָע,Old Testament,Hebrew,noun proper,an Israelite,,1
H1954,הוֹשֵַׁע,Old Testament,Hebrew,noun proper,the name of five Israelites,,16
H1955,הוֹשַׁעיָה,Old Testament,Hebrew,noun proper,the name of two Israelites,,3
H1956,הוֹתִיר,Old Testament,Hebrew,noun proper,an Israelite,,2
H1957,הָזָה,Old Testament,Hebrew,verb,to dream,,1
H1958,הִי,Old Testament,Hebrew,noun,H1932.),,1
H1959,הֵידָּד,Old Testament,Hebrew,noun,acclamation,,7
H1960,הוּיְדָה,Old Testament,Hebrew,noun,i.e. a choir of singers,,1
H1961,הָיָה,Old Testament,Hebrew,verb,"i.e. to happen, to occur (always emphatic, and not a mere copula or auxiliary)",ఉండు - జరుగు,3575
H1962,הַיָה,Old Testament,Hebrew,noun,ruin,,1
H1963,הֵיכּ,Old Testament,Hebrew,verb,how?,,2
H1964,הֵיכָּל,Old Testament,Hebrew,noun,such as a palace or temple,,80
A1965,הֵיכַּל,Old Testament,Aramaic,noun,temple,,13
H1966,הֵילֵל,Old Testament,Hebrew,noun,the morning-star,,1
H1967,הֵימָם,Old Testament,Hebrew,noun proper,an Idumaean,,1
H1968,הֵימָן,Old Testament,Hebrew,noun proper,the name of at least two Israelites,,17
H1969,הִין,Old Testament,Hebrew,noun,a hin or liquid measure,,22
H1970,הָכַר,Old Testament,Hebrew,verb,apparently to injure,,1
H1971,הַכָּרָה,Old Testament,Hebrew,noun,i.e. partiality,,1
H1972,הָלָא,Old Testament,Hebrew,verb,to remove or be remote,,1
H1973,הָלְאָה,Old Testament,Hebrew,verb,(of time) thus far,,16
H1974,הִלּוּל,Old Testament,Hebrew,noun,praise.,,2
H1975,הַלָּז,Old Testament,Hebrew,pronoun,"that, this.",,7
H1976,הַלָּזֶה,Old Testament,Hebrew,pronoun,H2088,,2
H1977,הַלֵּזוּ,Old Testament,Hebrew,pronoun,that,,1
H1978,הָלִיכּ,Old Testament,Hebrew,noun,a walk; (by implication) a step,,1
H1979,הֲלִיכָּה,Old Testament,Hebrew,noun,a caravan,,7
H1980,הָלַך,Old Testament,Hebrew,verb,literally and figuratively),"ఒక ఆదిమ మూలం; నడవడానికి (అనేక రకాల అప్లికేషన్లలో, అక్షరాలా మరియు అలంకారికంగా)",1556
A1981,הֲלַך,Old Testament,Aramaic,verb,to walk,,3
H1982,הֵלֶך,Old Testament,Hebrew,noun,traveller.,,2
A1983,הֲלָך,Old Testament,Aramaic,noun,(properly) a journey; (by implication) toll on goods at a road,,3
H1984,הָלַל,Old Testament,Hebrew,verb,"to shine; (hence) to make a show, to boast",,165
H1985,הִלֵּל,Old Testament,Hebrew,noun proper,an Israelite,,2
H1986,הָלַם,Old Testament,Hebrew,verb,"stamp, conquer, disband",,9
H1987,הֶלֶם,Old Testament,Hebrew,noun proper,the name of two Israelites,,1
H1988,הֲלוֹם,Old Testament,Hebrew,verb,"hither(-(to)), thither.",,11
H1989,הַלמוּת,Old Testament,Hebrew,noun,a hammer (or mallet),,1
H1990,הָם,Old Testament,Hebrew,noun location,a region of Israel,,1
H1991,הֵם,Old Testament,Hebrew,noun,i.e. wealth,,1
H1992,הֵם הֵמָּה,Old Testament,Hebrew,personal pronoun,"like, X (how, so) many (soever, more as) they (be), (the) same, X so, X such, their, them, these, they, those, which, who, whom, withal, ye.",,826
H1993,הָמָה,Old Testament,Hebrew,verb,"to rage, war, moan, clamor",,34
A1994,הִמּוֹ הִמּוֹן,Old Testament,Aramaic,personal pronoun,"them, those.",,12
H1995,הָמוֹן הָמוֹן,Old Testament,Hebrew,noun,"also disquietude, wealth",,85
H1996,הֲמוֹן גּוֹג,Old Testament,Hebrew,noun location,H1463,,2
H1997,הֲמוֹנָה,Old Testament,Hebrew,noun location,the same as H1996,,1
H1998,הֶמיָה,Old Testament,Hebrew,noun,sound,,1
H1999,הֲמוּלָה הֲמוּלָּה,Old Testament,Hebrew,noun,tumult.,,2
H2000,הָמַם,Old Testament,Hebrew,verb,"drive, destroy",,16
H2001,הָמָן,Old Testament,Hebrew,noun proper,a Persian vizier,,54
A2002,הַמנִיכּ הֲמוּנֵך,Old Testament,Aramaic,noun,a necklace,,6
H2003,הָמָס,Old Testament,Hebrew,noun,a dry twig or brushwood,,1
H2004,הֵן,Old Testament,Hebrew,personal pronoun,"such like, (with) them, thereby, therein, (more than) they, wherein, in which, whom, withal.",,12
H2005,הֵן,Old Testament,Hebrew,particle,"if, lo, though.",,320
A2006,הֵן,Old Testament,Aramaic,injunction,"or, whether",,18
H2007,הֵנָּה,Old Testament,Hebrew,personal pronoun,also in indirect relation),,47
H2008,הֵנָּה,Old Testament,Hebrew,verb,"hither(-to), now, on this (that) side, + since, this (that) way, thitherward, + thus far, to...fro, + yet.",,51
H2009,הִנֵּה,Old Testament,Hebrew,particle demonstrative,"lo, see.",,843
H2010,הֲנָחָה,Old Testament,Hebrew,noun,i.e. quiet,,1
H2011,הִנּוֹם,Old Testament,Hebrew,noun location,apparently a Jebusite,,13
H2012,הֵנַע,Old Testament,Hebrew,noun,a place apparently in Mesopotamia,,3
H2013,הָסָה,Old Testament,Hebrew,injunction,"(keep) silence, be silent, still.",,8
H2014,הֲפוּגָה,Old Testament,Hebrew,noun,relaxation,,1
H2015,הָפַך,Old Testament,Hebrew,verb,"overturn, return, pervert",,94
H2016,הֶפֶך הֵפֶך,Old Testament,Hebrew,noun,i.e. the reverse,,2
H2017,הוֹפֶך,Old Testament,Hebrew,noun,i.e. (abstract) perversity,,1
H2018,הֲפֵכָה,Old Testament,Hebrew,noun,destruction,,1
H2019,הֲפַכפַּך,Old Testament,Hebrew,adjective,very perverse,,1
H2020,הַצָּלָה,Old Testament,Hebrew,noun,rescue,,1
H2021,הוֹצֶן,Old Testament,Hebrew,noun,a weapon of war,,1
H2022,הַר,Old Testament,Hebrew,noun,"mount(-ain), X promotion.",పర్వతం లేదా కొండల శ్రేణి (కొన్నిసార్లు అలంకారికంగా ఉపయోగిస్తారు),547
H2023,הוֹר,Old Testament,Hebrew,noun location,the name of a peak in Idumaea and of one in Syria,,12
H2024,הָרָא,Old Testament,Hebrew,noun location,a region of Media,,1
H2025,הַראֵל,Old Testament,Hebrew,noun,H410,,1
H2026,הָרַג,Old Testament,Hebrew,verb,"out of hand, kill, murder(-er), put to (death), make (slaughter), slay(-er), X surely.",,167
H2027,הֶרֶג,Old Testament,Hebrew,noun,slaughter.,,5
H2028,הֲרֵגָה,Old Testament,Hebrew,noun,slaughter,,5
H2029,הָרָה,Old Testament,Hebrew,verb,conceive (literally or figuratively),,43
H2030,הָרֶה הָרִי,Old Testament,Hebrew,noun,"woman) with child, conceive, X great.",,16
A2031,הַרהוֹר,Old Testament,Aramaic,noun,a mental conception,,1
H2032,הֵרוֹן הֵרָיוֹן,Old Testament,Hebrew,noun,pregnancy,,3
H2033,הֲרוֹרִי,Old Testament,Hebrew,noun location,a Harorite or mountaineer,,1
H2034,הֲרִיסָה,Old Testament,Hebrew,noun,something demolished,,1
H2035,הֲרִיסוּת,Old Testament,Hebrew,noun,demolition,,1
H2036,הוֹרָם,Old Testament,Hebrew,noun proper,a Canaanitish king,,1
H2037,הָרוּם,Old Testament,Hebrew,noun proper,an Israelite,,1
H2038,הַרמוֹן,Old Testament,Hebrew,noun location,a castle (from its height),,1
H2039,הָרָן,Old Testament,Hebrew,noun location,the name of two men,,7
H2040,הָרַס,Old Testament,Hebrew,verb,"break, &Š destroy",,43
H2041,הֶרֶס,Old Testament,Hebrew,noun,demolition,,1
H2042,הָרָר,Old Testament,Hebrew,noun,mount(-ain).,,12
H2043,הֲרָרִי הָרָרִי הָארָרִי,Old Testament,Hebrew,adjective,a mountaineer,,5
H2044,הָשֵׁם,Old Testament,Hebrew,noun proper,an Israelite,,1
H2045,הַשׁמָעוּת,Old Testament,Hebrew,noun,announcement,,1
H2046,הִתּתּוּך,Old Testament,Hebrew,noun,a melting,,1
H2047,הֲתָך,Old Testament,Hebrew,noun proper,a Persian eunuch,,4
H2048,הָתַל,Old Testament,Hebrew,verb,"deceive, mock.",,10
H2049,הָתוֹל,Old Testament,Hebrew,noun,a derision,,1
H2050,הָתַת,Old Testament,Hebrew,verb,i.e. to assail,,1
H2051,וְדָן,Old Testament,Hebrew,noun location,a place in Arabia,,1
H2052,וָהֵב,Old Testament,Hebrew,noun location,a place in Moab,,1
H2053,וָו,Old Testament,Hebrew,noun,hook,,13
H2054,וָזָר,Old Testament,Hebrew,adjective,crime,,1
H2055,וַיְזָתָא,Old Testament,Hebrew,noun proper,a son of Haman,,1
H2056,וָלָד,Old Testament,Hebrew,noun,a boy,,1
H2057,וַניָה,Old Testament,Hebrew,noun proper,an Israelite,,1
H2058,וָפסִי,Old Testament,Hebrew,noun proper,an &Š Israelite,,1
H2059,וַשׁנִי,Old Testament,Hebrew,noun proper,an Israelite,,1
H2060,וַשׁתִּי,Old Testament,Hebrew,noun proper,the queen of Xerxes,,10
H2061,זְאֵב,Old Testament,Hebrew,noun,a wolf,,7
H2062,זְאֵב,Old Testament,Hebrew,noun proper,a Midianitish prince,,5
H2063,זוֹאתּ,Old Testament,Hebrew,pronoun,"-with), it, likewise, the one (other, same), she, so (much), such (deed), that, therefore, these, this (thing), thus.",,605
H2064,זָבַד,Old Testament,Hebrew,verb,to confer,,1
H2065,זֶבֶד,Old Testament,Hebrew,noun,a gift,,1
H2066,זָבָד,Old Testament,Hebrew,noun proper,the name of seven Israelites,,8
H2067,זַבדִּי,Old Testament,Hebrew,noun proper,the name of four &Š Israelites,,6
H2068,זַבדִּיאֵל,Old Testament,Hebrew,noun proper,H410,,2
H2069,זְבַדיָה זֶבַדיָהוּ,Old Testament,Hebrew,noun proper,the name of nine Israelites,,9
H2070,זְבוּב,Old Testament,Hebrew,noun,a fly (especially one of a stinging nature),,2
H2071,זָבוּד,Old Testament,Hebrew,noun proper,"Zabud, an Israelite",,1
A2072,זַבּוּד,Old Testament,Aramaic,noun proper,an Israelite,,1
H2073,זְבוּל זֶבוּל,Old Testament,Hebrew,noun,"dwelling, habitation.",,5
H2074,זְבוּלוּן זֶבוּלוּן זֶבוּלוּן,Old Testament,Hebrew,noun proper,also his territory and tribe,,45
H2075,זְבוּלוֹנִי,Old Testament,Hebrew,adjective,a Zebulonite or descendant of Zebulun,,3
H2076,זָבַח,Old Testament,Hebrew,verb,"offer, (do) sacrifice, slay.",,134
H2077,זֶבַח,Old Testament,Hebrew,noun,(by implication) a sacrifice (the victim or the act),"(సరిగ్గా) ఒక వధ, అంటే జంతువు యొక్క మాంసం; (సూచన ద్వారా) ఒక త్యాగం (బాధితుడు లేదా చర్య)",162
H2078,זֶבַח,Old Testament,Hebrew,noun proper,a Midianitish prince,,12
H2079,זַבַּי,Old Testament,Hebrew,noun proper,an Israelite,,2
H2080,זְבִידָּה,Old Testament,Hebrew,noun proper,an Israelitess,,1
H2081,זְבִינָא,Old Testament,Hebrew,noun proper,an Israelite,,1
H2082,זָבַל,Old Testament,Hebrew,verb,"to inclose, i.e. to reside",,1
H2083,זְבוּל,Old Testament,Hebrew,noun proper,an Israelite,,7
A2084,זְבַן,Old Testament,Aramaic,verb,to acquire by purchase,,1
H2085,זָג,Old Testament,Hebrew,noun,the skin of a grape,,1
H2086,זֵד,Old Testament,Hebrew,noun,proud.,,13
H2087,זָדוֹן,Old Testament,Hebrew,noun,"pride, proud (man).",,11
H2088,זֶה,Old Testament,Hebrew,pronoun,this or that,,1178
H2089,זֶה,Old Testament,Hebrew,noun,a sheep,,1
H2090,זוֹה,Old Testament,Hebrew,pronoun,"it, this, that, thus and thus.",,12
H2091,זָהָב,Old Testament,Hebrew,noun,"something gold-colored (i.e. yellow) such as oil or a clear, sunny sky",,389
H2092,זָהַם,Old Testament,Hebrew,verb,i.e. (transitively) to loathe,,1
H2093,זַהַם,Old Testament,Hebrew,noun proper,an Israelite,,1
H2094,זָהַר,Old Testament,Hebrew,verb,"shine, teach, (give) warn(-ing).",,23
A2095,זְהַר,Old Testament,Aramaic,verb,(passively) be admonished,,1
H2096,זוֹהַר,Old Testament,Hebrew,noun,brilliancy,,2
H2097,זוֹ,Old Testament,Hebrew,pronoun,this.,,1
H2098,זוּ,Old Testament,Hebrew,pronoun,"this, X wherein, which, whom.",,15
H2099,זִו,Old Testament,Hebrew,noun proper,Ziv (corresponding to Ijar or May),,2
H2100,זוּב,Old Testament,Hebrew,verb,(figuratively) to waste away; also to overflow,,42
H2101,זוֹב,Old Testament,Hebrew,noun,a seminal or menstrual flux,,13
H2102,זוּד זִידּ,Old Testament,Hebrew,verb,"deal proudly, &Š presume, (come) presumptuously, sod.",,10
A2103,זוּד,Old Testament,Aramaic,verb,to be proud,,1
H2104,זוּזִים,Old Testament,Hebrew,noun,an aboriginal tribe of Israel,,1
H2105,זוֹחֵת,Old Testament,Hebrew,noun proper,an Israelite,,1
H2106,זָוִיתּ,Old Testament,Hebrew,noun,an angle (as projecting); (by implication) a corner-column (or anta),,2
H2107,זוּל,Old Testament,Hebrew,verb,despise.,,2
H2108,זוּלָה,Old Testament,Hebrew,adjective,"used adverbially, except",,16
H2109,זוּן,Old Testament,Hebrew,verb,"to be plump, i.e. (transitively) to nourish",,1
A2110,זוּן,Old Testament,Aramaic,verb,feed,,1
H2111,זוַּע,Old Testament,Hebrew,verb,i.e. (figuratively) to agitate (as with fear),,3
A2112,זוַּע,Old Testament,Aramaic,verb,to shake (with fear),,2
H2113,זְוָעָה,Old Testament,Hebrew,noun,fear,,6
H2114,זוּר,Old Testament,Hebrew,verb,specifically (active participle) to commit adultery,,77
H2115,זוּר,Old Testament,Hebrew,verb,&Š tighten,,3
H2116,זוּרֶה,Old Testament,Hebrew,noun,trodden on,,1
H2117,זָזָא,Old Testament,Hebrew,noun proper,an Israelite,,1
H2118,זָחַח,Old Testament,Hebrew,verb,to shove or displace,,2
H2119,זָחַל,Old Testament,Hebrew,verb,"serpent, worm.",,3
H2120,זוֹחֶלֶת,Old Testament,Hebrew,noun proper,a boundary stone in. Israel,,1
H2121,זֵידּוֹן,Old Testament,Hebrew,adjective,i.e. wave,,1
A2122,זִיו,Old Testament,Aramaic,noun,countenance.,,6
H2123,זִיז,Old Testament,Hebrew,noun,wild beast.,,3
H2124,זִיזָא,Old Testament,Hebrew,noun proper,the name of two Israelites,,2
H2125,זִיזָה,Old Testament,Hebrew,noun proper,an Israelite,,1
H2126,זִינָא,Old Testament,Hebrew,noun proper,an Israelite,,1
H2127,זִיַע,Old Testament,Hebrew,noun proper,an Israelite,,1
H2128,זִיף,Old Testament,Hebrew,noun location,also of an Israelite,,10
H2129,זִיפָה,Old Testament,Hebrew,noun proper,an Israelite,,1
H2130,זִיפִי,Old Testament,Hebrew,noun,Ziphite.,,3
H2131,זִיקָה זִק זֵק,Old Testament,Hebrew,noun,(from the original sense of the root) a bond,,7
H2132,זַיִת,Old Testament,Hebrew,noun,"the tree, the branch or the berry",,38
H2133,זֵיתָּן,Old Testament,Hebrew,noun proper,an Israelite,,1
H2134,זַך,Old Testament,Hebrew,adjective,pure.,,11
H2135,זָכָה,Old Testament,Hebrew,verb,"cleanse, be clear, count pure.",,8
A2136,זָכוּ,Old Testament,Aramaic,noun,purity,,1
H2137,זְכוּכִיתּ,Old Testament,Hebrew,noun,i.e. glass,,1
H2138,זָכוּר,Old Testament,Hebrew,noun,but used for H2145],,4
H2139,זַכּוּר,Old Testament,Hebrew,noun proper,the name of seven Israelites,,10
H2140,זַכַּי,Old Testament,Hebrew,noun proper,an Israelite,,3
H2141,זָכַך,Old Testament,Hebrew,verb,be pure(-r).,,4
H2142,זָכַר,Old Testament,Hebrew,verb,"(by implication) to mention; (also, as denominative from H2145) to be male",,235
H2143,זֵכֶר זֶכֶר,Old Testament,Hebrew,noun,(by implication) commemoration,,23
H2144,זֶכֶר,Old Testament,Hebrew,noun proper,an Israelite,,1
H2145,זָכָר,Old Testament,Hebrew,adjective,"i.e. a male (of man or animals, as being the most noteworthy sex)",,82
H2146,זִכרוֹן,Old Testament,Hebrew,noun,day or writing),,24
H2147,זִכרִי,Old Testament,Hebrew,noun proper,the name of twelve Israelites,,12
H2148,זְכַריָה זְכַריָהוּ,Old Testament,Hebrew,noun proper,the name of twenty-nine Israelites,,43
H2149,זוּלּוּת,Old Testament,Hebrew,noun,i.e. perhaps a tempest,,1
H2150,זַלזַל,Old Testament,Hebrew,noun,i.e. a twig,,1
H2151,זָלַל,Old Testament,Hebrew,verb,"(figuratively) to be loose morally, worthless or prodigal",,8
H2152,זַלעָפָה זִלעָפָה,Old Testament,Hebrew,noun,"horror, terrible.",,3
H2153,זִלפָּה,Old Testament,Hebrew,noun proper,Leah's maid,,7
H2154,זִמָּה זַמָּה,Old Testament,Hebrew,verb,especially a bad one,,29
H2155,זִמָּה,Old Testament,Hebrew,noun proper,the name of two Israelites,,3
H2156,זְמוֹרָה זְמוֹרָה זְמוֹר,Old Testament,Hebrew,noun,"branch, slip.",,5
H2157,זַמזוֹם,Old Testament,Hebrew,noun proper,or native tribe of Israel,,1
H2158,זָמִיר זָמִר זְמִרָה,Old Testament,Hebrew,noun,"singing, song.",,7
H2159,זָמִיר,Old Testament,Hebrew,noun,a twig (as pruned),,1
H2160,זְמִירָה,Old Testament,Hebrew,noun proper,an Israelite,,1
H2161,זָמַם,Old Testament,Hebrew,verb,usually in a bad sense,,13
H2162,זָמָם,Old Testament,Hebrew,noun,a plot,,1
H2163,זָמַן,Old Testament,Hebrew,verb,to fix (a time),,3
A2164,זְמַן,Old Testament,Aramaic,verb,to agree (on a time and place),,1
H2165,זְמָן,Old Testament,Hebrew,noun,time.,,4
A2166,זְמָן,Old Testament,Aramaic,noun,time.,,11
H2167,זָמַר,Old Testament,Hebrew,verb,"to make music, accompanied by the voice; hence to celebrate in song and music",,45
H2168,זָמַר,Old Testament,Hebrew,verb,"H5568, H6785",,3
H2169,זֶמֶר,Old Testament,Hebrew,noun,H2168,,1
A2170,זְמָר,Old Testament,Aramaic,noun,instrumental music,,4
A2171,זַמָּר,Old Testament,Aramaic,noun,an instrumental musician,,1
H2172,זִמרָה,Old Testament,Hebrew,noun,psalm.,,4
H2173,זִמרָה,Old Testament,Hebrew,noun,pruned (i.e. choice) fruit,,1
H2174,זִמרִי,Old Testament,Hebrew,noun proper,"the name of five Israelites, and of an Arabian tribe",,15
H2175,זִמרָן,Old Testament,Hebrew,noun proper,a son of Abraham by Keturah,,2
H2176,זִמרָת,Old Testament,Hebrew,noun,instrumental music; (by implication) praise,,3
H2177,זַן,Old Testament,Hebrew,noun,i.e. a form or sort,,3
A2178,זַן,Old Testament,Aramaic,noun,sort,,4
H2179,זָנַב,Old Testament,Hebrew,verb,i.e. cut off the rear,,2
H2180,זָנָב,Old Testament,Hebrew,noun,the tail (literally or figuratively),,11
H2181,זָנָה,Old Testament,Hebrew,verb,(figuratively) to commit idolatry (the Jewish people being regarded as the spouse of Jehovah),,94
H2182,זָנוַֹח,Old Testament,Hebrew,noun location,the name of two places in Israel,,5
H2183,זָנוּן,Old Testament,Hebrew,noun,adultery; (figuratively) idolatry,,11
H2184,זְנוּת,Old Testament,Hebrew,noun,"i.e. (figuratively) infidelity, idolatry",,9
H2185,זוֹנוֹת,Old Testament,Hebrew,noun,"and applied to military equipments, but evidently the feminine plural active participle of H2181]",,2
H2186,זָנַח,Old Testament,Hebrew,verb,remove far away (off),,20
H2187,זָנַק,Old Testament,Hebrew,verb,i.e. to spring forward,,1
H2188,זֵעָה,Old Testament,Hebrew,noun,H3154,,1
H2189,זַעֲוָה,Old Testament,Hebrew,noun,maltreatment,,7
H2190,זַעֲוָן,Old Testament,Hebrew,noun proper,an Idumaean,,2
H2191,זְעֵיר,Old Testament,Hebrew,noun,meaning to dwindle],,5
A2192,זְעֵיר,Old Testament,Aramaic,adjective,little,,1
H2193,זָעַך,Old Testament,Hebrew,verb,to extinguish,,1
H2194,זָעַם,Old Testament,Hebrew,verb,i.e. to be enraged,,12
H2195,זַעַם,Old Testament,Hebrew,noun,i.e. (figuratively) fury (especially of God's displeasure with sin),,22
H2196,זָעַף,Old Testament,Hebrew,verb,i.e. (figuratively) to be peevish or angry,,5
H2197,זַעַף,Old Testament,Hebrew,noun,"rage(-ing), wrath.",,6
H2198,זָעֵף,Old Testament,Hebrew,adjective,angry,,2
H2199,זָעַק,Old Testament,Hebrew,verb,(as a herald) to announce or convene publicly,,73
A2200,זְעִק,Old Testament,Aramaic,verb,to make an outcry,,1
H2201,זַעַק זְעָקָה,Old Testament,Hebrew,noun,a shriek or outcry,,19
H2202,זִפרוֹן,Old Testament,Hebrew,noun location,a place in Israel,,1
H2203,זֶפֶת,Old Testament,Hebrew,noun,asphalt (from its tendency to soften in the sun),,3
H2204,זָקֵן,Old Testament,Hebrew,verb,be (wax) old (man).,,27
H2205,זָקֵן,Old Testament,Hebrew,adjective,"ancient (man), elder(-est), old (man, men and...women), senator.",,179
H2206,זָקָן,Old Testament,Hebrew,noun,the beard (as indicating age),,19
H2207,זוֹקֶן,Old Testament,Hebrew,noun,old age,,1
H2208,זָקוּן,Old Testament,Hebrew,noun,old age,,4
H2209,זִקנָה,Old Testament,Hebrew,noun,old age,,6
H2210,זָקַף,Old Testament,Hebrew,verb,i.e. (figuratively) comfort,,2
A2211,זְקַף,Old Testament,Aramaic,verb,i.e. impale,,1
H2212,זָקַק,Old Testament,Hebrew,verb,"(figuratively) extract, clarify",,7
H2213,זֵר,Old Testament,Hebrew,noun,i.e. (specifically) a border moulding,,10
H2214,זָרָא,Old Testament,Hebrew,noun,disgust,,1
H2215,זָרַב,Old Testament,Hebrew,verb,to flow away,,1
H2216,זְרוּבָּבֶל,Old Testament,Hebrew,noun proper,"Zerubbabel, an Israelite",,21
A2217,זְרוּבָּבֶל,Old Testament,Aramaic,noun proper,Zerubbabel,,1
H2218,זֶרֶד,Old Testament,Hebrew,noun location,a brook East of the Dead Sea,,4
H2219,זָרָה,Old Testament,Hebrew,verb,winnow,,39
H2220,זְרוַֹע זְרוַֹע זְרוֹעָה זְרוֹעָה,Old Testament,Hebrew,noun,(figuratively) force,,91
H2221,זֵרוַּע,Old Testament,Hebrew,noun,i.e. a plant,,2
H2222,זַרזִיף,Old Testament,Hebrew,verb,a pouring rain,,1
H2223,זַרזִיר,Old Testament,Hebrew,noun,"i.e. probably a racer, or some fleet animal (as being slender in the waist)",,1
H2224,זָרַח,Old Testament,Hebrew,verb,"specifically, to appear (as a symptom of leprosy)",,18
H2225,זֶרַח,Old Testament,Hebrew,noun,a rising of light,,1
H2226,זֶרַח,Old Testament,Hebrew,noun proper,"the name of three Israelites, also of an Idumaean and an Ethiopian prince",,21
H2227,זַרחִי,Old Testament,Hebrew,noun,a Zarchite or descendant of Zerach,,6
H2228,זְרַחיָה,Old Testament,Hebrew,noun proper,H3050,,5
H2229,זָרַם,Old Testament,Hebrew,verb,pour out.,,2
H2230,זֶרֶם,Old Testament,Hebrew,noun,"overflowing, shower, storm, tempest.",,9
H2231,זִרמָה,Old Testament,Hebrew,noun,a gushing of fluid (semen),,2
H2232,זָרַע,Old Testament,Hebrew,verb,"plant, fructify",,56
H2233,זֶרַע,Old Testament,Hebrew,noun,"plant, sowing-time, posterity","విత్తనం; (అలంకారికంగా) పండు, మొక్క, విత్తే సమయం, సంతానం",229
A2234,זְרַע,Old Testament,Aramaic,noun,posterity,,1
H2235,זֵרוַֹע זֵרָעוֹן,Old Testament,Hebrew,noun,i.e. a vegetable (as food),,2
H2236,זָרַק,Old Testament,Hebrew,verb,"scatter, sprinkle, strew.",,35
H2237,זָרַר,Old Testament,Hebrew,verb,i.e. (specifically) to sneeze,,1
H2238,זֶרֶשׁ,Old Testament,Hebrew,noun proper,Haman's wife,,4
H2239,זֶרֶת,Old Testament,Hebrew,noun,i.e. a span,,7
H2240,זַתּתּוּא,Old Testament,Hebrew,noun proper,an Israelite,,4
H2241,זֵתָם,Old Testament,Hebrew,noun proper,an &Š Israelite,,2
H2242,זֵתַר,Old Testament,Hebrew,noun proper,a eunuch of Xerxes,,1
H2243,חוֹב,Old Testament,Hebrew,noun,i.e. the bosom,,1
H2244,חָבָא,Old Testament,Hebrew,verb,"hide (self), do secretly.",,33
H2245,חָבַב,Old Testament,Hebrew,verb,i.e. to cherish (with affection),,1
H2246,חוֹבָב,Old Testament,Hebrew,noun proper,father-in-law of Moses,,2
H2247,חָבָה,Old Testament,Hebrew,verb,to secrete,,6
A2248,חֲבוּלָה,Old Testament,Aramaic,noun,i.e. (morally) crime,,1
H2249,חָבוֹר,Old Testament,Hebrew,noun location,a river of Assyria,,3
H2250,חַבּוּרָה חַבּוּרָה חֲבוּרָה,Old Testament,Hebrew,noun,i.e. a weal (or black-and-blue mark itself),,7
H2251,חָבַט,Old Testament,Hebrew,verb,"out), thresh.",,5
H2252,חֲבַיָּה חֲבָיָה,Old Testament,Hebrew,noun proper,an Israelite,,2
H2253,חֶביוֹן,Old Testament,Hebrew,noun,a concealment,,1
H2254,חָבַל,Old Testament,Hebrew,verb,"specifically, by a pledge; (figuratively) to pervert, destroy",,29
A2255,חֲבַל,Old Testament,Aramaic,verb,hurt.,,6
H2256,חֶבֶל חֵבֶל,Old Testament,Hebrew,noun,"(by implication, as measured) a district or inheritance; (by implication, as of cords) a noose",,60
A2257,חֲבַל,Old Testament,Aramaic,noun,hurt.,,3
H2258,חֲבוֹל חֲבוֹלָה,Old Testament,Hebrew,noun,a pawn (as security for debt),,4
H2259,חוֹבֵל,Old Testament,Hebrew,noun,shipmaster.,,5
H2260,חִבֵּל,Old Testament,Hebrew,noun,a mast,,1
H2261,חֲבַצֶּלֶת,Old Testament,Hebrew,noun,probably meadow-saffron,,2
H2262,חֲבַצַּניָה,Old Testament,Hebrew,noun proper,a Rechabite,,1
H2263,חָבַק,Old Testament,Hebrew,verb,fold.,,13
H2264,חִבּוּק,Old Testament,Hebrew,noun,a clasping of the hands (in idleness),,2
H2265,חֲבַקּוּק,Old Testament,Hebrew,noun proper,the prophet,,2
H2266,חָבַר,Old Testament,Hebrew,verb,"be compact, couple (together), have fellowship with, heap up, join (self, together), league.",,29
H2267,חֶבֶר,Old Testament,Hebrew,noun,"company, enchantment, X wide.",,7
H2268,חֶבֶר,Old Testament,Hebrew,noun proper,the name of a Kenite and of three Israelites,,11
A2269,חֲבַר,Old Testament,Aramaic,noun,fellow.,,3
H2270,חָבֵר,Old Testament,Hebrew,adjective,"fellow, knit together.",,15
H2271,חַבָּר,Old Testament,Hebrew,noun,a partner,,1
H2272,חֲבַרבּוּרָה,Old Testament,Hebrew,noun,as on the tiger,,1
A2273,חַברָה,Old Testament,Aramaic,noun,an associate,,1
H2274,חֶברָה,Old Testament,Hebrew,noun,association,,1
H2275,חֶברוֹן,Old Testament,Hebrew,noun location,"a place in Israel, also the name of two Israelites",,71
H2276,חֶברוֹנִי חֶברוֹנִי,Old Testament,Hebrew,noun,an inhabitant of Chebron,,6
H2277,חֶברִי,Old Testament,Hebrew,noun,a Chebrite (collectively) or descendants of Cheber,,1
H2278,חֲבֶרֶת,Old Testament,Hebrew,noun,a consort,,1
H2279,חוֹבֶרֶת,Old Testament,Hebrew,noun,coupling.,,4
H2280,חָבַשׁ,Old Testament,Hebrew,verb,"(figuratively) to stop, to rule",,33
H2281,חָבֵת,Old Testament,Hebrew,noun,probably a griddle-cake,,1
H2282,חַג חָג,Old Testament,Hebrew,noun,or a victim therefor,,62
H2283,חָגָא,Old Testament,Hebrew,noun,i.e. (figuratively) fear,,1
H2284,חָגָב,Old Testament,Hebrew,noun,a locust,,5
H2285,חָגָב,Old Testament,Hebrew,noun proper,one of the Nethinim,,1
H2286,חֲגָבָא חֲגָבָה,Old Testament,Hebrew,noun proper,one of the Nethinim,,2
H2287,חָגַג,Old Testament,Hebrew,verb,(by implication) to be giddy,,16
H2288,חֲגָו,Old Testament,Hebrew,noun,a rift in rocks,,3
H2289,חֲגוֹר,Old Testament,Hebrew,noun,belted,,2
H2290,חֲגוֹר חֲגוֹר חֲגוֹרָה חֲגוֹרָה,Old Testament,Hebrew,noun proper,"armour, gird(-le).",,7
H2291,חַגִּי,Old Testament,Hebrew,adjective,"(patronymically) a Chaggite, or descendant of the same",,3
A2292,חַגַּי,Old Testament,Aramaic,noun proper,a Heb. prophet,,11
H2293,חַגִּיָה,Old Testament,Hebrew,noun proper,an Israelite,,1
H2294,חַגִּיתּ,Old Testament,Hebrew,noun proper,a wife of David,,5
H2295,חָגלָה,Old Testament,Hebrew,noun proper,an Israelitess,,4
H2296,חָגַר,Old Testament,Hebrew,verb,"armor, etc.)",,44
H2297,חַד,Old Testament,Hebrew,adjective,one,,1
A2298,חַד,Old Testament,Aramaic,adjective,first,,14
H2299,חַד,Old Testament,Hebrew,adjective,sharp,,4
H2300,חָדַד,Old Testament,Hebrew,verb,make) sharp or (figuratively) severe,,6
H2301,חֲדַד,Old Testament,Hebrew,noun proper,an Ishmaelite,,2
H2302,חָדָה,Old Testament,Hebrew,verb,"be joined, rejoice.",,3
H2303,חַדּוּד,Old Testament,Hebrew,adjective,a point,,1
H2304,חֶדוָה,Old Testament,Hebrew,noun,joy.,,2
A2305,חֶדוָה,Old Testament,Aramaic,noun,joy,,1
A2306,חֲדִי,Old Testament,Aramaic,noun,a breast,,1
H2307,חָדִידּ,Old Testament,Hebrew,noun proper,a place in Israel,,3
H2308,חָדַל,Old Testament,Hebrew,verb,"end, fall, forbear, forsake, leave (off), let alone, rest, be unoccupied, want.",,59
H2309,חֶדֶל,Old Testament,Hebrew,noun,i.e. the state of the dead,,1
H2310,חָדֵל,Old Testament,Hebrew,adjective,i.e. ceasing or destitute,,3
H2311,חַדלַי,Old Testament,Hebrew,noun proper,an Israelite,,1
H2312,חֵדֶק,Old Testament,Hebrew,noun,thorn.,,2
H2313,חִדֶּקֶל,Old Testament,Hebrew,noun proper,the Chiddekel (or Tigris) river,,2
H2314,חָדַר,Old Testament,Hebrew,verb,"i.e. (by analogy,) to beset (as in a siege)",,1
H2315,חֶדֶר,Old Testament,Hebrew,noun,"innermost(-ward) part, parlour, + south, X within.",,38
H2316,חֲדַר,Old Testament,Hebrew,noun proper,an Ishmaelite,,1
H2317,חַדרָך,Old Testament,Hebrew,noun location,a Syrian deity,,1
H2318,חָדַשׁ,Old Testament,Hebrew,verb,to rebuild,,10
H2319,חָדָשׁ,Old Testament,Hebrew,adjective,new thing.,,53
H2320,חוֹדֶשׁ,Old Testament,Hebrew,noun,new moon.,అమావాస్య; (సూచన ద్వారా) ఒక నెల,283
H2321,חוֹדֶשׁ,Old Testament,Hebrew,noun proper,an Israelitess,,1
H2322,חֲדָשָׁה,Old Testament,Hebrew,noun location,a place in Israel,,1
A2323,חֲדָת,Old Testament,Aramaic,adjective,new,,1
A2324,חֲוָא,Old Testament,Aramaic,verb,to show,,14
H2325,חוּב חָיַב,Old Testament,Hebrew,verb,(by implication) to forfeit,,1
H2326,חוֹב,Old Testament,Hebrew,noun,debt,,1
H2327,חוֹבָה,Old Testament,Hebrew,noun location,a place in Syria,,1
H2328,חוּג,Old Testament,Hebrew,verb,to describe a circle,,1
H2329,חוּג,Old Testament,Hebrew,noun,"circuit, compass.",,3
H2330,חוּד,Old Testament,Hebrew,verb,i.e. (figuratively) to propound a riddle,,4
H2331,חָוָה,Old Testament,Hebrew,verb,H2421,,6
H2332,חַוָּה,Old Testament,Hebrew,noun proper,the first woman,,2
H2333,חַוָּה,Old Testament,Hebrew,noun,i.e. living-place)],,3
H2334,חַוּוֹת יָעִיר,Old Testament,Hebrew,noun location,a region of Israel,,8
H2335,חוֹזַי,Old Testament,Hebrew,noun,an Israelite,,1
H2336,חוַֹח,Old Testament,Hebrew,noun,a ring for the nose,,12
H2337,חָוָח,Old Testament,Hebrew,noun,a dell or crevice (as if pierced in the earth),,1
A2338,חוּט,Old Testament,Aramaic,verb,i.e. (figuratively) to repair,,1
H2339,חוּט,Old Testament,Hebrew,noun,"fillet, line, thread.",,7
H2340,חִוִּי,Old Testament,Hebrew,noun,one of the aboriginal tribes of Israel,,25
H2341,חֲוִילָה,Old Testament,Hebrew,noun location,also perhaps of two men,,7
H2342,חוּל חִיל,Old Testament,Hebrew,verb,"(figuratively) to wait, to pervert",,62
H2343,חוּל,Old Testament,Hebrew,noun proper,also the region settled by him,,2
H2344,חוֹל,Old Testament,Hebrew,noun,sand (as round or whirling particles),,23
H2345,חוּם,Old Testament,Hebrew,adjective,brown or blackish,,4
H2346,חוֹמָה,Old Testament,Hebrew,noun,walled.,,133
H2347,חוּס,Old Testament,Hebrew,verb,i.e. (figuratively) to compassionate,,24
H2348,חוֹף,Old Testament,Hebrew,noun,"haven, shore, (sea-)side.",,7
H2349,חוּפָם,Old Testament,Hebrew,noun proper,protection,,1
H2350,חוּפָמִי,Old Testament,Hebrew,noun,a Chuphamite or descendant of Chupham,,1
H2351,חוּץ חוּץ,Old Testament,Hebrew,noun,"i.e. outside, outdoors",,164
H2352,חוּר חוּר,Old Testament,Hebrew,noun,the crevice of a serpent; the cell of a prison,,1
H2353,חוּר,Old Testament,Hebrew,noun,white linen,,2
H2354,חוּר,Old Testament,Hebrew,noun proper,the name of four Israelites and one Midianite,,15
H2355,חוֹר,Old Testament,Hebrew,noun,white linen,,1
H2356,חוֹר חוֹר,Old Testament,Hebrew,noun,"socket, den",,8
H2357,חָרַר,Old Testament,Hebrew,verb,to blanch (as with shame),,1
A2358,חִוָּר,Old Testament,Aramaic,adjective,white,,1
H2359,חוּרִי,Old Testament,Hebrew,noun proper,an Israelite,,1
H2360,חוּרַי,Old Testament,Hebrew,noun proper,an Israelite,,1
H2361,חוּרָם,Old Testament,Hebrew,noun proper,"Churam, the name of an Israelite and two Syrians",,13
H2362,חַורָן,Old Testament,Hebrew,noun location,a region East of the Jordan,,2
H2363,חוּשׁ,Old Testament,Hebrew,verb,ready.,,21
H2364,חוּשָׁה,Old Testament,Hebrew,noun proper,an Israelite,,1
H2365,חוּשַׁי,Old Testament,Hebrew,noun proper,an Israelite,,14
H2366,חוּשִׁים חוּשִׁים חוּשִׁם,Old Testament,Hebrew,noun proper,the name of three Israelites,,4
H2367,חוּשָׁם חוּשָׁם,Old Testament,Hebrew,noun proper,an Idumaean,,4
H2368,חוֹתָם חוֹתָם,Old Testament,Hebrew,noun,signet.,,14
H2369,חוֹתָם,Old Testament,Hebrew,noun proper,the name of two Israelites,,2
A2370,חֲזָא חֲזָה,Old Testament,Aramaic,verb,be usual (i.e. seem),,31
H2371,חֲזָאֵל חֲזָהאֵל,Old Testament,Hebrew,noun proper,a king of Syria,,23
H2372,חָזָה,Old Testament,Hebrew,verb,"specifically, to have a vision of",,50
H2373,חָזֶה,Old Testament,Hebrew,noun,the breast (as most seen in front),,13
H2374,חוֹזֶה,Old Testament,Hebrew,noun,"prophet, see that, seer, (star-)gazer.",,22
H2375,חֲזוֹ,Old Testament,Hebrew,noun proper,a nephew of Abraham,,1
A2376,חֵזֶו,Old Testament,Aramaic,noun,vision.,,12
H2377,חָזוֹן,Old Testament,Hebrew,noun,"i.e. a dream, revelation, or oracle",,35
H2378,חָזוֹת,Old Testament,Hebrew,noun,a revelation,,1
A2379,חֲזוֹת,Old Testament,Aramaic,noun,a view,,2
H2380,חָזוּת,Old Testament,Hebrew,noun,(by implication) a formal agreement,,5
H2381,חֲזִיאֵל,Old Testament,Hebrew,noun proper,a Levite,,1
H2382,חֲזָיָה,Old Testament,Hebrew,noun proper,an Israelite,,1
H2383,חֶזיוֹן,Old Testament,Hebrew,noun proper,a Syrian,,1
H2384,חִזָּיוֹן,Old Testament,Hebrew,noun,expectation by dream,,9
H2385,חֲזִיז,Old Testament,Hebrew,noun,lightning.,,3
H2386,חֲזִיר,Old Testament,Hebrew,noun,swine.,,7
H2387,חֵזִיר,Old Testament,Hebrew,noun proper,the name of two Israelites,,2
H2388,חָזַק,Old Testament,Hebrew,verb,"to bind, restrain, conquer",,290
H2389,חָזָק,Old Testament,Hebrew,adjective,"hard, bold, violent)",,56
H2390,חָזֵק,Old Testament,Hebrew,adjective,stronger.,,2
H2391,חֵזֶק,Old Testament,Hebrew,noun,help,,1
H2392,חוֹזֶק,Old Testament,Hebrew,noun,power,,5
H2393,חֶזקָה,Old Testament,Hebrew,noun,(was) strong.,,4
H2394,חָזקָה,Old Testament,Hebrew,noun,"mightily, repair, sharply.",,6
H2395,חִזקִי,Old Testament,Hebrew,noun proper,an Israelite,,1
H2396,חִזקִיָה חִזקִיָהוּ יְחִזקִיָה יְחִזקִיָהוּ,Old Testament,Hebrew,noun proper,"a king of Judah, also the name of two other Israelites",,130
H2397,חָח חָחִי,Old Testament,Hebrew,noun,"chain, hook.",,8
H2398,חָטָא,Old Testament,Hebrew,verb,"(by inference) to forfeit, lack, expiate, repent",,240
H2399,חֵטא,Old Testament,Hebrew,noun,"X grievously, offence, (punishment of) sin.",,34
H2400,חַטָּא,Old Testament,Hebrew,adjective,or one accounted guilty,,18
H2401,חֲטָאָה,Old Testament,Hebrew,noun,or a sacrifice for it,,8
A2402,חַטָּאָה,Old Testament,Aramaic,noun,and the penalty or sacrifice for it,,1
H2403,חַטָּאָה חַטָּאתּ,Old Testament,Hebrew,noun,(concretely) an offender,"ఒక నేరం (కొన్నిసార్లు అలవాటైన పాపం), మరియు దాని శిక్ష, సందర్భం, త్యాగం లేదా ప్రాయశ్చిత్తం; (కాంక్రీట్‌గా) ఒక అపరాధి",301
H2404,חָטַב,Old Testament,Hebrew,verb,"hew(-er), polish.",,9
H2405,חֲטוּבָה,Old Testament,Hebrew,noun,(properly) a carving; (hence) a tapestry (as figured),,1
H2406,חִטָּה,Old Testament,Hebrew,noun,whether the grain or the plant,,30
H2407,חַטּוּשׁ,Old Testament,Hebrew,noun proper,the name of four or five Israelites,,5
A2408,חֲטִי,Old Testament,Aramaic,noun,an offence,,1
A2409,חַטָּיָא,Old Testament,Aramaic,noun,an expiation,,1
H2410,חֲטִיטָּא,Old Testament,Hebrew,noun proper,a temple porter,,2
H2411,חַטִּיל,Old Testament,Hebrew,noun proper,"one of ""Solomon's servants""",,2
H2412,חֲטִיפָא,Old Testament,Hebrew,noun proper,one of the Nethinim,,2
H2413,חָטַם,Old Testament,Hebrew,verb,to stop,,1
H2414,חָטַף,Old Testament,Hebrew,verb,to clutch; (hence) to seize as a prisoner,,3
H2415,חוֹטֵר,Old Testament,Hebrew,noun,a twig,,2
H2416,חַי,Old Testament,Hebrew,adjective,"water, year), strong",సజీవంగా; (అందుకే) పచ్చి (మాంసం),508
A2417,חַי,Old Testament,Aramaic,adjective,"that liveth, living.",,7
A2418,חֲיָא חֲיָה,Old Testament,Aramaic,verb,keep alive.,,6
H2419,חִיאֵל,Old Testament,Hebrew,noun proper,an Israelite,,1
H2420,חִידָּה,Old Testament,Hebrew,noun,"conundrum, riddle, or obscure saying",,17
H2421,חָיָה,Old Testament,Hebrew,verb,"causatively, to revive",,263
H2422,חָיֶה,Old Testament,Hebrew,adjective,vigorous,,1
A2423,חֵיוָא,Old Testament,Aramaic,noun,an animal,,20
H2424,חַיוּת,Old Testament,Hebrew,noun,life,,1
H2425,חָיַי,Old Testament,Hebrew,verb,save life.,,17
H2426,חֵיל חֵל,Old Testament,Hebrew,noun,"bulwark, host, + poor, rampart, trench, wall.",,28
H2427,חִיל חִילָה,Old Testament,Hebrew,noun,"pang, sorrow.",,7
H2428,חַיִל,Old Testament,Hebrew,noun,"an army, wealth, virtue, valor, strength",,226
A2429,חַיִל,Old Testament,Aramaic,noun,or strength,,7
H2430,חֵילָה,Old Testament,Hebrew,noun,an intrenchment,,1
H2431,חֵילָם חֵלאָם,Old Testament,Hebrew,noun proper,a place East of Israel,,2
H2432,חִילֵן,Old Testament,Hebrew,noun location,a place in Israel,,1
H2433,חִין,Old Testament,Hebrew,noun,beauty,,1
H2434,חַיִץ,Old Testament,Hebrew,noun,a wall,,1
H2435,חִיצּוֹן,Old Testament,Hebrew,adjective,"outward, utter, without.",,25
H2436,חֵיק חֵק חוֹק,Old Testament,Hebrew,noun,apparently meaning to inclose],,39
H2437,חִירָה,Old Testament,Hebrew,noun proper,an Adullamite,,2
H2438,חִירָם חִירוֹם,Old Testament,Hebrew,noun proper,the name of two Tyrians,,25
H2439,חִישׁ,Old Testament,Hebrew,verb,to hurry,,1
H2440,חִישׁ,Old Testament,Hebrew,verb,(properly) a hurry; hence (adverb) quickly,,1
H2441,חֵך,Old Testament,Hebrew,noun,taste and kissing),,18
H2442,חָכָה,Old Testament,Hebrew,verb,"tarry, wait.",,14
H2443,חַכָּה,Old Testament,Hebrew,noun,hook.,,3
H2444,חֲכִילָה,Old Testament,Hebrew,noun location,a hill in Israel,,3
A2445,חַכִּים,Old Testament,Aramaic,adjective,i.e. a Magian,,14
H2446,חֲכַליָה,Old Testament,Hebrew,noun proper,an Israelite,,2
H2447,חַכלִיל,Old Testament,Hebrew,adjective,brilliant (as stimulated by wine),,1
H2448,חַכלִלוּת,Old Testament,Hebrew,adjective,blearedness,,1
H2449,חָכַם,Old Testament,Hebrew,verb,"teach wisdom, be (make self, shew self) wise, deal (never so) wisely, make wiser",,28
H2450,חָכָם,Old Testament,Hebrew,adjective,"(i.e. intelligent, skilful or artful)",,137
H2451,חָכמָה,Old Testament,Hebrew,noun,"wisdom, wisely, wit.",,149
A2452,חָכמָה,Old Testament,Aramaic,noun,wisdom,,8
H2453,חַכמוֹנִי,Old Testament,Hebrew,noun,an Israelite,,2
H2454,חָכמוֹת חַכמוֹת,Old Testament,Hebrew,noun,every wise (woman).,,5
H2455,חוֹל,Old Testament,Hebrew,noun,"profane (place), unholy.",,7
H2456,חָלָא,Old Testament,Hebrew,verb,to be sick,,1
H2457,חֶלאָה,Old Testament,Hebrew,noun,(properly) disease; (hence) rust,,5
H2458,חֶלאָה,Old Testament,Hebrew,noun proper,an Israelitess,,2
H2459,חֶלֶב חֵלֶב,Old Testament,Hebrew,noun,(hence) the richest or choice part,,92
H2460,חֵלֶב,Old Testament,Hebrew,noun proper,an Israelite,,1
H2461,חָלָב,Old Testament,Hebrew,noun,"milk, sucking.",,44
H2462,חֶלבָּה,Old Testament,Hebrew,noun location,fertility,,1
H2463,חֶלבּוֹן,Old Testament,Hebrew,noun location,a place in Syria,,1
H2464,חֶלבְּנָה,Old Testament,Hebrew,noun,an odorous gum (as if fatty),,1
H2465,חֶלֶד,Old Testament,Hebrew,noun,"short time, world.",,5
H2466,חֵלֶד,Old Testament,Hebrew,noun proper,an Israelite,,1
H2467,חוֹלֶד,Old Testament,Hebrew,noun,a weasel (from its gliding motion),,1
H2468,חוּלדָּה,Old Testament,Hebrew,noun proper,an Israelitess,,2
H2469,חֶלדַּי,Old Testament,Hebrew,noun proper,the name of two Israelites,,2
H2470,חָלָה,Old Testament,Hebrew,verb,"or (causatively) to grieve, make sick",,76
H2471,חַלָּה,Old Testament,Hebrew,noun,a cake (as usually punctured),,14
H2472,חֲלוֹם חֲלוֹם,Old Testament,Hebrew,noun,a dream,,65
H2473,חוֹלוֹן חוֹלוֹן,Old Testament,Hebrew,noun location,the name of two places in Israel,,3
H2474,חַלּוֹן,Old Testament,Hebrew,noun,window,,32
H2475,חֲלוֹף,Old Testament,Hebrew,noun,(properly) surviving; (by implication) (collectively) orphans,,1
H2476,חֲלוּשָׁה,Old Testament,Hebrew,noun,defeat,,1
H2477,חֲלַח,Old Testament,Hebrew,noun location,a region of Assyria,,3
H2478,חַלחוּל,Old Testament,Hebrew,noun location,a place in Israel,,1
H2479,חַלחָלָה,Old Testament,Hebrew,noun,much) pain.,,4
H2480,חָלַט,Old Testament,Hebrew,verb,to snatch at,,1
H2481,חֲלִי,Old Testament,Hebrew,noun,ornament.,,2
H2482,חֲלִי,Old Testament,Hebrew,noun location,a place in Israel,,1
H2483,חֳלִי,Old Testament,Hebrew,noun,"anxiety, calamity",,24
H2484,חֶליָה,Old Testament,Hebrew,noun,a trinket,,1
H2485,חָלִיל,Old Testament,Hebrew,noun,a flute (as perforated),,6
H2486,חָלִילָה חָלִלָה,Old Testament,Hebrew,injunction,(X God) forbid.,,21
H2487,חֲלִיפָה,Old Testament,Hebrew,noun,course.,,12
H2488,חֲלִיצָּה,Old Testament,Hebrew,noun,spoil,,2
H2489,חֵלְכָא חֵלְכָה,Old Testament,Hebrew,adjective,i.e. unfortunate,,3
H2490,חָלַל,Old Testament,Hebrew,verb,"(figuratively) to profane (a person, place or thing), to break (one's word), to begin (as if by an ""opening wedge"")",,143
H2491,חָלָל,Old Testament,Hebrew,adjective,"profane, slain (man), X slew, (deadly) wounded.",,93
H2492,חָלַם,Old Testament,Hebrew,verb,חלם,,29
A2493,חֵלֶם,Old Testament,Aramaic,noun,a dream,,22
H2494,חֵלֶם,Old Testament,Hebrew,noun proper,an Israelite,,1
H2495,חַלָּמוּת,Old Testament,Hebrew,noun,probably purslain,,1
H2496,חַלָּמִישׁ,Old Testament,Hebrew,noun,rock.,,5
H2497,חֵלוֹן,Old Testament,Hebrew,noun proper,an Israelite,,5
H2498,חָלַף,Old Testament,Hebrew,verb,"pass on, spring up, pierce or change",,28
A2499,חֲלַף,Old Testament,Aramaic,verb,to pass on (of time),,4
H2500,חֵלֶף,Old Testament,Hebrew,noun,(properly) exchange; hence (as preposition) instead of,,2
H2501,חֶלֶף,Old Testament,Hebrew,noun location,a place in Israel,,1
H2502,חָלַץ,Old Testament,Hebrew,verb,(reflexively) to depart,,44
H2503,חֶלֶץ חֵלֶץ,Old Testament,Hebrew,noun proper,"Chelets, the name of two Israelites",,5
H2504,חָלָץ,Old Testament,Hebrew,noun,reins.,,11
H2505,חָלַק,Old Testament,Hebrew,verb,"distribute, divide, flatter, give, (have, im-)part(-ner), take away a portion, receive, separate self, (be) smooth(-er).",,65
H2506,חֵלֶק,Old Testament,Hebrew,noun,"inheritance, part, X partake, portion.",,67
H2507,חֵלֶק,Old Testament,Hebrew,noun proper,an Israelite,,2
A2508,חֲלָק,Old Testament,Aramaic,noun,a part,,3
H2509,חָלָק,Old Testament,Hebrew,adjective,smooth.,,4
H2510,חָלָק,Old Testament,Hebrew,noun location,a mountain of Idumaea,,2
H2511,חַלָּק,Old Testament,Hebrew,noun,smooth,,1
H2512,חַלּוּק,Old Testament,Hebrew,noun,smooth,,1
H2513,חֶלקָה,Old Testament,Hebrew,noun,"flattering(-ry), ground, parcel, part, piece of land (ground), plat, portion, slippery place, smooth (thing).",,29
H2514,חֲלַקָּה,Old Testament,Hebrew,noun,flattery,,1
H2515,חֲלוּקָּה,Old Testament,Hebrew,noun,a distribution,,1
H2516,חֶלקִי,Old Testament,Hebrew,noun,a Chelkite or descendant of Chelek,,1
H2517,חֶלקַי,Old Testament,Hebrew,noun proper,an Israelite,,1
H2518,חִלקִיָה חִלקִיָהוּ,Old Testament,Hebrew,noun proper,the name of eight Israelites,,34
H2519,חֲלַקלַקָּה,Old Testament,Hebrew,noun,slippery.,,4
H2520,חֶלקַת,Old Testament,Hebrew,noun location,a place in Israel,,2
H2521,חֶלקַת הַצּוּרִים,Old Testament,Hebrew,noun location,a place in Israel,,1
H2522,חָלַשׁ,Old Testament,Hebrew,verb,decay,,3
H2523,חַלָּשׁ,Old Testament,Hebrew,adjective,frail,,1
H2524,חָם,Old Testament,Hebrew,noun,a father-in-law (as in affinity),,4
H2525,חָם,Old Testament,Hebrew,adjective,warm.,,2
H2526,חָם,Old Testament,Hebrew,noun location,(as a patronymic) his descendants or their country,,16
H2527,חוֹם,Old Testament,Hebrew,noun,to be hot (warm).,,15
A2528,חֱמָא חֲמָה,Old Testament,Aramaic,noun,anger,,2
H2529,חֶמאָה חֵמָה,Old Testament,Hebrew,noun,curdled milk or cheese,,10
H2530,חָמַד,Old Testament,Hebrew,noun,"greatly beloved, covet, delectable thing, (X great) delight, desire, goodly, lust, (be) pleasant (thing), precious (thing).",,21
H2531,חֶמֶד,Old Testament,Hebrew,noun,pleasant.,,6
H2532,חֶמדָּה,Old Testament,Hebrew,adjective,"goodly, pleasant, precious.",,25
H2533,חֶמדָּן,Old Testament,Hebrew,noun proper,an Idumaean,,1
H2534,חֵמָה חֵמָא,Old Testament,Hebrew,noun,poison (from its fever),,124
H2535,חַמָּה,Old Testament,Hebrew,noun,sun.,,6
H2536,חַמּוּאֵל,Old Testament,Hebrew,noun proper,an Israelite,,1
H2537,חֲמוּטַל חֲמִיטַּל,Old Testament,Hebrew,noun proper,an Israelitess,,5
H2538,חָמוּל,Old Testament,Hebrew,noun proper,an Israelite,,3
H2539,חָמוּלִי,Old Testament,Hebrew,noun,Hamulites,,1
H2540,חַמּוֹן,Old Testament,Hebrew,noun location,the name of two places in Israel,,2
H2541,חָמוֹץ,Old Testament,Hebrew,noun,(properly) violent; (by implication) a robber,,1
H2542,חַמּוּק,Old Testament,Hebrew,noun,i.e. drawers,,1
H2543,חֲמוֹר חֲמוֹר,Old Testament,Hebrew,noun,a male donkey (from its dun red),,98
H2544,חֲמוֹר,Old Testament,Hebrew,noun proper,a Canaanite,,13
H2545,חֲמוֹת חֲמוֹת,Old Testament,Hebrew,noun,a mother-in-law,,11
H2546,חוֹמֶט,Old Testament,Hebrew,noun,to lie low],,1
H2547,חוּמטָּה,Old Testament,Hebrew,noun location,a place in Israel,,1
H2548,חָמִיצּ,Old Testament,Hebrew,adjective,i.e. salt provender,,1
H2549,חֲמִישִׁי חֲמִשִּׁי,Old Testament,Hebrew,adjective,fifth; also a fifth,,45
H2550,חָמַל,Old Testament,Hebrew,verb,"(have) pity, spare.",,41
H2551,חֶמלָה,Old Testament,Hebrew,noun,pity.,,2
H2552,חָמַם,Old Testament,Hebrew,verb,"get (have) heat, be (wax) hot, (be, wax) warm (self, at).",,13
H2553,חַמָּן,Old Testament,Hebrew,noun,image.,,8
H2554,חָמַס,Old Testament,Hebrew,verb,"shake off, violate, do violence, take away violently, wrong, imagine wrongfully.",,8
H2555,חָמָס,Old Testament,Hebrew,noun,"damage, false, injustice, X oppressor, unrighteous, violence (against, done), violent (dealing), wrong.",,60
H2556,חָמֵץ,Old Testament,Hebrew,verb,"dyed, be grieved, leavened.",,6
H2557,חָמֵץ,Old Testament,Hebrew,noun,(figuratively) extortion,,13
H2558,חוֹמֶץ,Old Testament,Hebrew,noun,vinegar,,6
H2559,חָמַק,Old Testament,Hebrew,verb,withdraw self.,,2
H2560,חָמַר,Old Testament,Hebrew,verb,"befoul, be red, trouble.",,7
H2561,חֶמֶר,Old Testament,Hebrew,noun,red wine.,,1
A2562,חֲמַר,Old Testament,Aramaic,noun,wine,,6
H2563,חוֹמֶר,Old Testament,Hebrew,noun,"of earth, mire or clay (cement); also a heap",,31
H2564,חֵמָר,Old Testament,Hebrew,noun,bitumen (as rising to the surface),,3
H2565,חֲמוֹרָה,Old Testament,Hebrew,noun,a heap,,1
H2566,חַמרָן,Old Testament,Hebrew,noun proper,an Idumaean,,1
H2567,חָמַשׁ,Old Testament,Hebrew,verb,to tax a fifth,,1
H2568,חָמֵשׁ חֲמִשָּׁה,Old Testament,Hebrew,noun,"fifth, five (X apiece).",ఐదు,345
H2569,חוֹמֶשׁ,Old Testament,Hebrew,noun,a fifth tax,,1
H2570,חוֹמֶשׁ,Old Testament,Hebrew,noun,to be stout],,4
H2571,חָמוּשׁ,Old Testament,Hebrew,adjective,i.e. able-bodied soldiers,,4
H2572,חֲמִשִּׁים,Old Testament,Hebrew,number,fifty,,163
H2573,חֵמֶת,Old Testament,Hebrew,noun,a skin bottle (as tied up),,4
H2574,חֲמָת,Old Testament,Hebrew,noun location,a place in Syria,,36
H2575,חַמַּת,Old Testament,Hebrew,noun location,a place in Israel,,2
H2576,חַמּוֹת דּוֹאר,Old Testament,Hebrew,noun location,a place in Israel,,1
H2577,חֲמָתִי,Old Testament,Hebrew,noun,a Chamathite or native of Chamath,,2
H2578,חֲמַת צּוֹבָה,Old Testament,Hebrew,noun location,"H6678, H2574",,1
H2579,חֲמַת רַבָּה,Old Testament,Hebrew,noun location,H7237,,1
H2580,חֵן,Old Testament,Hebrew,noun,"i.e. subjective (kindness, favor) or objective (beauty)",,69
H2581,חֵן,Old Testament,Hebrew,noun proper,a figurative name for an Israelite,,1
H2582,חֵנָדָד,Old Testament,Hebrew,noun proper,an Israelite,,4
H2583,חָנָה,Old Testament,Hebrew,verb,"camp, dwell, encamp, grow to an end, lie, pitch (tent), rest in tent.",,143
H2584,חַנָּה,Old Testament,Hebrew,noun proper,an Israelitess,,13
H2585,חֲנוֹך,Old Testament,Hebrew,noun location,an antediluvian patriach,,16
H2586,חָנוּן,Old Testament,Hebrew,noun proper,the name of an Ammonite and of two Israelites,,11
H2587,חַנּוּן,Old Testament,Hebrew,adjective,gracious,,13
H2588,חָנוּת,Old Testament,Hebrew,noun,(properly) a vault or cell (with an arch); (by implication) a prison,,1
H2589,חַנּוֹת,Old Testament,Hebrew,noun,intreated.,,1
H2590,חָנַט,Old Testament,Hebrew,noun,put forth.,,5
A2591,חִנטָּא,Old Testament,Aramaic,noun,wheat,,2
H2592,חַנִּיאֵל,Old Testament,Hebrew,noun proper,the name of two Israelites,,2
H2593,חָנִיכּ,Old Testament,Hebrew,adjective,initiated; i.e. practiced,,1
H2594,חֲנִינָה,Old Testament,Hebrew,noun,graciousness,,1
H2595,חֲנִיתּ,Old Testament,Hebrew,noun,like pitching a tent),,48
H2596,חָנַך,Old Testament,Hebrew,verb,train up.,,5
A2597,חֲנוּכָּא,Old Testament,Aramaic,noun,consecration,,4
H2598,חֲנוּכָּה,Old Testament,Hebrew,noun,i.e. consecration,,8
H2599,חֲנוֹכִי,Old Testament,Hebrew,noun,a Chanokite (collectively) or descendants of Chanok,,1
H2600,חִנָּם,Old Testament,Hebrew,verb,"i.e. devoid of cost, reason or advantage",,32
H2601,חֲנַמאֵל,Old Testament,Hebrew,noun proper,an Israelite,,4
H2602,חֲנָמָל,Old Testament,Hebrew,noun,perhaps the aphis or plantlouse,,1
H2603,חָנַן,Old Testament,Hebrew,verb,causatively to implore (i.e. move to favor by petition),,79
A2604,חֲנַן,Old Testament,Aramaic,verb,make supplication.,,2
H2605,חָנָן,Old Testament,Hebrew,noun proper,the name of seven Israelites,,12
H2606,חֲנַנאֵל,Old Testament,Hebrew,noun proper,"probably an Israelite, from whom a tower of Jerusalem was named",,4
H2607,חֲנָנִי,Old Testament,Hebrew,noun proper,the name of six Israelites,,11
H2608,חֲנַניָה חֲנַניָהוּ,Old Testament,Hebrew,noun proper,the name of thirteen Israelites,,29
H2609,חָנֵס,Old Testament,Hebrew,noun location,a place in Egypt,,1
H2610,חָנֵף,Old Testament,Hebrew,verb,especially in a moral sense,,11
H2611,חָנֵף,Old Testament,Hebrew,adjective,impious,,13
H2612,חוֹנֶף,Old Testament,Hebrew,noun,i.e. wickedness,,1
H2613,חֲנוּפָה,Old Testament,Hebrew,noun,impiety,,1
H2614,חָנַק,Old Testament,Hebrew,verb,(reflexively) to choke oneself to death (by a rope),,2
H2615,חַנָּתוֹן,Old Testament,Hebrew,noun location,a place in Israel,,1
H2616,חָסַד,Old Testament,Hebrew,verb,"(by euphemism, but rarely) to reprove",,3
H2617,חֵסֵד,Old Testament,Hebrew,noun,"(by opposition, rarely) reproof",కృప - దయ,251
H2618,חֶסֶד,Old Testament,Hebrew,noun proper,an Israelite,,1
H2619,חֲסַדיָה,Old Testament,Hebrew,noun proper,H3050,,1
H2620,חָסָה,Old Testament,Hebrew,verb,"make refuge, (put) trust.",,37
H2621,חוֹסָה,Old Testament,Hebrew,noun location,also a place in Israel,,5
H2622,חָסוּת,Old Testament,Hebrew,noun,confidence,,1
H2623,חָסִידּ,Old Testament,Hebrew,adjective,i.e. (religiously) pious (a saint),,34
H2624,חֲסִידָּה,Old Testament,Hebrew,noun,i.e. a stork,,6
H2625,חָסִיל,Old Testament,Hebrew,noun,i.e. a locust,,6
H2626,חֲסִין,Old Testament,Hebrew,adjective,(properly) firm; (by implication) mighty,,1
A2627,חַסִּיר,Old Testament,Aramaic,adjective,deficient,,1
H2628,חָסַל,Old Testament,Hebrew,verb,to eat off,,1
H2629,חָסַם,Old Testament,Hebrew,verb,to stop the nose,,2
H2630,חָסַן,Old Testament,Hebrew,verb,(properly) to (be) compact; (by implication) to hoard,,1
A2631,חֲסַן,Old Testament,Aramaic,verb,to hold in occupancy,,2
A2632,חֵסֶן,Old Testament,Aramaic,noun,strength,,2
H2633,חוֹסֶן,Old Testament,Hebrew,noun,"strength, treasure.",,5
H2634,חָסוֹן,Old Testament,Hebrew,adjective,powerful,,2
A2635,חֲסַף,Old Testament,Aramaic,noun,a clod,,9
H2636,חַספַּס,Old Testament,Hebrew,verb,a shred or scale,,1
H2637,חָסֵר,Old Testament,Hebrew,verb,"want, lessen",,21
H2638,חָסֵר,Old Testament,Hebrew,adjective,"fail, lack, have need, void, want.",,19
H2639,חֶסֶר,Old Testament,Hebrew,noun,want.,,2
H2640,חוֹסֶר,Old Testament,Hebrew,noun,poverty,,3
H2641,חַסרָה,Old Testament,Hebrew,noun proper,an Israelite,,1
H2642,חֶסרוֹן,Old Testament,Hebrew,noun,deficiency,,1
H2643,חַף,Old Testament,Hebrew,adjective,pure,,1
H2644,חָפָא,Old Testament,Hebrew,verb,i.e. (in a sinister sense) to act covertly,,1
H2645,חָפָה,Old Testament,Hebrew,verb,"to encase, protect",,12
H2646,חוּפָּה,Old Testament,Hebrew,noun,"closet, defence.",,3
H2647,חוּפָּה,Old Testament,Hebrew,noun proper,an Israelite,,1
H2648,חָפַז,Old Testament,Hebrew,verb,to fear,,10
H2649,חִפָּזוֹן,Old Testament,Hebrew,noun,hasty flight,,3
H2650,חוּפִּים,Old Testament,Hebrew,noun proper,an Israelite,,3
H2651,חוֹפֶן,Old Testament,Hebrew,noun,"(both) hands, hand(-ful).",,6
H2652,חָפנִי,Old Testament,Hebrew,noun proper,an Israelite,,5
H2653,חָפַף,Old Testament,Hebrew,verb,H3182,,1
H2654,חָפֵץ,Old Testament,Hebrew,verb,desire,(సరిగ్గా) వొంపు; (అర్థం ద్వారా) (వాచ్యంగా కానీ అరుదుగా) వంగడానికి,75
H2655,חָפֵץ,Old Testament,Hebrew,adjective,"desire, favour, please, have pleasure, whosoever would, willing, wish.",,11
H2656,חֵפֶץ,Old Testament,Hebrew,noun,(concretely) a valuable thing,,39
H2657,חֶפצִּי בָּהּ,Old Testament,Hebrew,noun proper,a fanciful name for Israel,,2
H2658,חָפַר,Old Testament,Hebrew,verb,to explore,,22
H2659,חָפֵר,Old Testament,Hebrew,verb,"(causatively) to shame, reproach",,17
H2660,חֵפֶר,Old Testament,Hebrew,noun location,also the name of three Israelites,,9
H2661,חֲפוֹר חַפַרפֵּרָה,Old Testament,Hebrew,noun,i.e. probably a rat,,1
H2662,חֶפרִי,Old Testament,Hebrew,noun,a Chephrite (collectively) or descendants of Chepher,,1
H2663,חֲפָרַיִם,Old Testament,Hebrew,noun location,a place in Israel,,1
H2664,חָפַשׂ,Old Testament,Hebrew,verb,"to conceal oneself (i.e. let be sought), or mask",,23
H2665,חֵפֶשׂ,Old Testament,Hebrew,noun,i.e. a trick,,1
H2666,חָפַשׁ,Old Testament,Hebrew,verb,to spread loose; (figuratively) to manumit,,1
H2667,חוֹפֶשׁ,Old Testament,Hebrew,noun,i.e. a carpet,,1
H2668,חוּפשָׁה,Old Testament,Hebrew,noun,liberty (from slavery),,1
H2669,חָפשׁוּת חָפשִׁיתּ,Old Testament,Hebrew,noun,a hospital),,3
H2670,חָפשִׁי,Old Testament,Hebrew,adjective,tax or care),,17
H2671,חֵץ,Old Testament,Hebrew,noun,"(by implication) a wound; (figuratively, of God) thunder-bolt",,45
H2672,חָצַב חָצֵב,Old Testament,Hebrew,verb,"(by implication) to hew, split, square, quarry, engrave",,25
H2673,חָצָה,Old Testament,Hebrew,verb,"X live out half, reach to the midst, participle",,15
H2674,חָצוֹר,Old Testament,Hebrew,noun location,the name (thus simply) of two places in Israel and of one in Arabia,,18
H2675,חָצוֹר חֲדַתּתָּה,Old Testament,Hebrew,noun location,a place in Israel,,1
H2676,חָצוֹת,Old Testament,Hebrew,noun,the middle (of the night),,3
H2677,חֵצִי,Old Testament,Hebrew,noun,"middle, mid(-night), midst, part, two parts.",,125
H2678,חִצִּי חֵצִי,Old Testament,Hebrew,noun,an arrow,,14
H2679,חֲצִי הַמנוּחוֹת,Old Testament,Hebrew,noun proper,an Israelite,,1
H2680,חֲצִי הַמְּנַחתִּי,Old Testament,Hebrew,noun proper,a Chatsi-ham-Menachtite or descendant of Chatsi-ham-Menuchoth,,1
H2681,חָצִיר,Old Testament,Hebrew,noun,a court or abode,,1
H2682,חָצִיר,Old Testament,Hebrew,noun,from the greenness of a courtyard],,21
H2683,חֵצֶן,Old Testament,Hebrew,noun,the bosom (as comprised between the arms),,1
H2684,חוֹצֶן,Old Testament,Hebrew,noun,lap,,2
A2685,חֲצַף,Old Testament,Aramaic,verb,be urgent.,,2
H2686,חָצַץ,Old Testament,Hebrew,verb,"(hence) to curtail, to distribute (into ranks); as denom. from H2671, to shoot an arrow",,3
H2687,חָצָץ,Old Testament,Hebrew,noun,gravel (stone).,,3
H2688,חַצּוֹן תָּמָר חַצֲצוֹן תָּמָר,Old Testament,Hebrew,noun location,a place in Israel,,2
H2689,חֲצוֹצְרָה,Old Testament,Hebrew,noun,a trumpet (from its sundered or quavering note),,29
H2690,חָצַר חֲצוֹצֵר חֲצוֹרֵר,Old Testament,Hebrew,verb,i.e. blow on that instrument,,12
H2691,חָצֵר,Old Testament,Hebrew,noun,"tower, village.",,190
H2692,חֲצַר אַדָּר,Old Testament,Hebrew,noun location,a place in Israel,,1
H2693,חֲצַר גַּדָּה,Old Testament,Hebrew,noun location,a place in Israel,,1
H2694,חֲצַר הַתּתִּיכּוֹן,Old Testament,Hebrew,noun location,a place in Israel,,1
H2695,חֶצרוֹ,Old Testament,Hebrew,noun proper,an Israelite,,3
H2696,חֶצרוֹן,Old Testament,Hebrew,noun location,also of two Israelites,,18
H2697,חֶצרוֹנִי,Old Testament,Hebrew,noun,a Chetsronite or (collectively) descendants of Chetsron,,2
H2698,חֲצֵרוֹת,Old Testament,Hebrew,noun location,a place in Israel,,6
H2699,חֲצֵרִים,Old Testament,Hebrew,noun location,a place in Israel,,1
H2700,חֲצַרמָוֶת,Old Testament,Hebrew,noun proper,a place in Arabia,,2
H2701,חֲצַר סוּסָה,Old Testament,Hebrew,noun location,a place in Israel,,1
H2702,חֲצַר סוּסִים,Old Testament,Hebrew,noun location,a place in Israel,,1
H2703,חֲצַר עֵינוֹן,Old Testament,Hebrew,noun location,a place in Israel,,1
H2704,חֲצַר עֵינָן,Old Testament,Hebrew,noun location,a place in Israel,,3
H2705,חֲצַר שׁוּעָל,Old Testament,Hebrew,noun location,a place in Israel,,4
H2706,חוֹק,Old Testament,Hebrew,noun,"space, quantity, labor or usage)",,127
H2707,חָקָה,Old Testament,Hebrew,verb,"portrayed, set a print.",,4
H2708,חוּקָּה,Old Testament,Hebrew,noun,"custom, manner, ordinance, site, statute",,105
H2709,חֲקוּפָא,Old Testament,Hebrew,noun proper,one of the Nethinim,,2
H2710,חָקַק,Old Testament,Hebrew,verb,(by implication) to enact (laws being cut in stone or metal tablets in primitive times); (generally) to prescribe,,19
H2711,חֵקֶק,Old Testament,Hebrew,noun,a resolution,,2
H2712,חוּקּוֹק חוּקוֹק,Old Testament,Hebrew,noun location,a place in Israel,,2
H2713,חָקַר,Old Testament,Hebrew,verb,"(make) search (out), seek (out), sound, try.",,27
H2714,חֵקֶר,Old Testament,Hebrew,noun,"enumeration, deliberation",,12
H2715,חוֹר חוֹר,Old Testament,Hebrew,noun,(properly) white or pure (from the cleansing or shining power of fire; hence (figuratively) noble (in rank),,13
H2716,חֶרֶא חֲרִי,Old Testament,Hebrew,noun,excrement; -dung,,1
H2717,חָרַב חָרֵב,Old Testament,Hebrew,verb,") to desolate, destroy, kill",,41
A2718,חֲרַב,Old Testament,Aramaic,verb,to demolish,,1
H2719,חֶרֶב,Old Testament,Hebrew,noun,"as a knife, sword, or other sharp implement",,412
H2720,חָרֵב,Old Testament,Hebrew,adjective,"dry, waste.",,9
H2721,חוֹרֶב,Old Testament,Hebrew,noun,"drought, dry, heat, X utterly, waste.",,17
H2722,חוֹרֵב,Old Testament,Hebrew,noun location,a (generic) name for the Sinaitic mountains,,17
H2723,חָרבָּה,Old Testament,Hebrew,noun,"desolate (place, -tion), destruction, (laid) waste (place).",,42
H2724,חָרָבָה,Old Testament,Hebrew,noun,land).,,8
H2725,חֲרָבוֹן,Old Testament,Hebrew,noun,parching heat,,1
H2726,חַרבּוֹנָא חַרבּוֹנָה,Old Testament,Hebrew,noun proper,a eunuch of Xerxes,,2
H2727,חָרַג,Old Testament,Hebrew,verb,(properly) to leap suddenly; (by implication) to be dismayed,,1
H2728,חָרגּוֹל,Old Testament,Hebrew,noun,i.e. a locust,,1
H2729,חָרַד,Old Testament,Hebrew,verb,"be careful, discomfit, fray (away), quake, tremble.",,39
H2730,חָרֵד,Old Testament,Hebrew,adjective,trembling.,,6
H2731,חֲרָדָה,Old Testament,Hebrew,noun,anxiety,,9
H2732,חֲרָדָה,Old Testament,Hebrew,noun location,a place in the Desert,,2
H2733,חֲרוֹדִי,Old Testament,Hebrew,noun,or inhabitant of Charod,,2
H2734,חָרָה,Old Testament,Hebrew,verb,"of anger, zeal, jealousy",,90
H2735,חוֹר הַגִּדגָּד,Old Testament,Hebrew,noun location,with the article interposed],,2
H2736,חַרהֲיָה,Old Testament,Hebrew,noun proper,an Israelite,,1
H2737,חָרוּז,Old Testament,Hebrew,noun,"i.e. a bead of pearl, gems or jewels (as strung)",,1
H2738,חָרוּל חָרוּל,Old Testament,Hebrew,noun,i.e. a bramble or other thorny weed,,3
H2739,חֲרוּמַף,Old Testament,Hebrew,noun proper,an Israelite,,1
H2740,חָרוֹן חָרוֹן,Old Testament,Hebrew,noun,"fierce(-ness), fury, (fierce) wrath(-ful).",,41
H2741,חֲרוּפִי,Old Testament,Hebrew,noun,a Charuphite or inhabitant of Charuph (or Chariph),,2
H2742,חָרוּץ חָרוּץ,Old Testament,Hebrew,particle,(figuratively) determination,,18
H2743,חָרוּץ,Old Testament,Hebrew,noun proper,an Israelite,,1
H2744,חַרחוּר,Old Testament,Hebrew,noun proper,one of the Nethinim,,2
H2745,חַרחַס,Old Testament,Hebrew,noun proper,an Israelite,,1
H2746,חַרחוּר,Old Testament,Hebrew,noun,fever (as hot),,1
H2747,חֶרֶט,Old Testament,Hebrew,noun,pen.,,2
H2748,חַרטּוֹם,Old Testament,Hebrew,noun,a horoscopist (as drawing magical lines or circles),,11
A2749,חַרטּוֹם,Old Testament,Aramaic,noun,magician,,5
H2750,חֳרִי,Old Testament,Hebrew,noun,"X great, heat.",,6
H2751,חוֹרִי,Old Testament,Hebrew,noun,white bread,,1
H2752,חוֹרִי,Old Testament,Hebrew,noun,Horites.,,6
H2753,חוֹרִי חוֹרִי,Old Testament,Hebrew,noun proper,the name of two men,,4
H2754,חָרִיטּ חָרִט,Old Testament,Hebrew,noun,crisping pin.,,2
H2755,חֲרֵי ־ יוֹנִים חֲרָאיוֹן,Old Testament,Hebrew,noun,probably a kind of vegetable,,2
H2756,חָרִיף,Old Testament,Hebrew,noun proper,the name of two Israelites,,2
H2757,חָרִיצּ חָרִץ,Old Testament,Hebrew,noun,harrow.,,3
H2758,חָרִישׁ,Old Testament,Hebrew,noun,ground.,,3
H2759,חֲרִישִׁי,Old Testament,Hebrew,adjective,"i.e. sultry (as feminine noun, the sirocco or hot east wind)",,1
H2760,חָרַך,Old Testament,Hebrew,verb,to braid (i.e. to entangle or snare) or catch (game) in a net,,1
A2761,חֲרַך,Old Testament,Aramaic,verb,to scorch,,1
H2762,חֶרֶך,Old Testament,Hebrew,noun,i.e. (by analogy) lattice,,1
H2763,חָרַם,Old Testament,Hebrew,verb,to be blunt as to the nose,,52
H2764,חֵרֶם חֶרֶם,Old Testament,Hebrew,noun,"-d thing), dedicated thing, things which should have been utterly destroyed, (appointed to) utter destruction, devoted (thing), net.",,38
H2765,חֳרֵם,Old Testament,Hebrew,noun location,a place in Israel,,1
H2766,חָרִם,Old Testament,Hebrew,noun proper,an Israelite,,11
H2767,חָרמָה,Old Testament,Hebrew,noun location,a place in Israel,,9
H2768,חֶרמוֹן,Old Testament,Hebrew,noun proper,a mount of Israel,,13
H2769,חֶרמוֹנִים,Old Testament,Hebrew,noun proper,i.e. its peaks,,1
H2770,חֶרמֵשׁ,Old Testament,Hebrew,noun,a sickle (as cutting),,2
H2771,חָרָן,Old Testament,Hebrew,noun location,the name of a man and also of a place,,12
H2772,חוֹרוֹנִי,Old Testament,Hebrew,noun,a Choronite or inhabitant of Choronaim,,3
H2773,חוֹרוֹנַיִם,Old Testament,Hebrew,noun proper,a place in Moab,,4
H2774,חַרנֶפֶר,Old Testament,Hebrew,noun proper,an Israelite,,1
H2775,חֶרֶס חַרסָה,Old Testament,Hebrew,noun,sun.,,4
H2776,חֶרֶס,Old Testament,Hebrew,noun location,a mountain in Israel,,1
H2777,חַרסוּת,Old Testament,Hebrew,noun,a potsherd; (by implication) a pottery; the name of a gate at Jerusalem,,1
H2778,חָרַף,Old Testament,Hebrew,verb,to betroth (as if a surrender),,41
H2779,חוֹרֶף,Old Testament,Hebrew,noun,"winter (-house), youth.",,7
H2780,חָרֵף,Old Testament,Hebrew,noun proper,an Israelite,,1
H2781,חֶרפָּה,Old Testament,Hebrew,noun,"disgrace, the pudenda",,73
H2782,חָרַץ,Old Testament,Hebrew,verb,"(figuratively) to be alert, to decide",,12
A2783,חֲרַץ,Old Testament,Aramaic,noun,the loin (as the seat of strength),,1
H2784,חַרצּוּבָּה,Old Testament,Hebrew,noun,a fetter; (figuratively) a pain,,2
H2785,חַרצַּן,Old Testament,Hebrew,noun,a sour grape (as sharp in taste),,1
H2786,חָרַק,Old Testament,Hebrew,verb,to grate the teeth,,5
H2787,חָרַר,Old Testament,Hebrew,verb,"i.e. literally (to melt, burn, dry up) or figuratively (to show or incite passion",,11
H2788,חָרֵר,Old Testament,Hebrew,noun,arid,,1
H2789,חֶרֶשׂ,Old Testament,Hebrew,noun,"(pot-)sherd, + stone.",,17
H2790,חָרַשׁ,Old Testament,Hebrew,verb,"(hence, from the use of tools) to fabricate (of any material)",,74
H2791,חֶרֶשׁ,Old Testament,Hebrew,verb,secretly.,,1
H2792,חֶרֶשׁ,Old Testament,Hebrew,noun proper,a Levite,,1
H2793,חוֹרֶשׁ,Old Testament,Hebrew,noun,"forest, shroud, wood.",,7
H2794,חוֹרֵשׁ,Old Testament,Hebrew,noun,a fabricator or mechanic,,1
H2795,חֵרֵשׁ,Old Testament,Hebrew,adjective,deaf (whether literally or spir.),,9
H2796,חָרָשׁ,Old Testament,Hebrew,noun,"(+) carpenter, craftsman, engraver, maker, + mason, skilful, (+) smith, worker, workman, such as wrought.",,36
H2797,חַרשָׁא,Old Testament,Hebrew,noun proper,one of the Nethinim,,2
H2798,חֲרָשִׁים,Old Testament,Hebrew,noun proper,the name of a valley in Jerusalem,,1
H2799,חֲרוֹשֶׁת,Old Testament,Hebrew,noun,cutting.,,4
H2800,חֲרוֹשֶׁת,Old Testament,Hebrew,noun location,a place in Israel,,3
H2801,חָרַת,Old Testament,Hebrew,verb,to engrave,,1
H2802,חֶרֶת,Old Testament,Hebrew,noun location,a thicket in Israel,,1
H2803,חָשַׁב,Old Testament,Hebrew,verb,"(figuratively) to plot or contrive (usually in a malicious sense); hence (from the mental effort) to think, regard, value, compute",,124
A2804,חֲשַׁב,Old Testament,Aramaic,verb,to regard,,1
H2805,חֵשֶׁב,Old Testament,Hebrew,noun,a belt or strap (as being interlaced),,8
H2806,חַשׁבַּדָּנָה,Old Testament,Hebrew,noun proper,an Israelite,,1
H2807,חֲשׁוּבָה,Old Testament,Hebrew,noun proper,an Israelite,,1
H2808,חֶשׁבּוֹן,Old Testament,Hebrew,noun,"device, reason.",,3
H2809,חֶשׁבּוֹן,Old Testament,Hebrew,noun location,a place East of the Jordan,,38
H2810,חִשָּׁבוֹן,Old Testament,Hebrew,noun,i.e. actual (a warlike machine) or mental (a machination),,2
H2811,חֲשַׁביָה חֲשַׁביָהוּ,Old Testament,Hebrew,noun proper,the name of nine Israelites,,15
H2812,חֲשַׁבנָה,Old Testament,Hebrew,noun proper,an Israelite,,1
H2813,חֲשַׁבנְיָה,Old Testament,Hebrew,noun proper,the name of two Israelites,,2
H2814,חָשָׁה,Old Testament,Hebrew,verb,"keep silence, be silent, (be) still.",,15
H2815,חַשּׁוּב,Old Testament,Hebrew,noun proper,the name of two or three Israelites,,5
A2816,חֲשׁוֹך,Old Testament,Aramaic,noun,the dark,,1
H2817,חֲשׂוּפָא חֲשׂוּפָא,Old Testament,Hebrew,noun proper,one of the Nethinim,,2
A2818,חֲשַׁח,Old Testament,Aramaic,verb,have need of.,,3
H2819,חַשׁחוּת,Old Testament,Hebrew,noun,necessity,,1
H2820,חָשַׂך,Old Testament,Hebrew,verb,"spare, preserve",,27
H2821,חָשַׁך,Old Testament,Hebrew,verb,to darken,,18
H2822,חוֹשֶׁך,Old Testament,Hebrew,noun,"destruction, death, ignorance, sorrow, wickedness",,80
H2823,חָשׁוֹך,Old Testament,Hebrew,adjective,i.e. obscure),,1
H2824,חֶשׁכָּה,Old Testament,Hebrew,noun,darkness,,1
H2825,חֲשֵׁכָה חֲשֵׁיכָּה,Old Testament,Hebrew,noun,darkness; (figuratively) misery,,5
H2826,חָשַׁל,Old Testament,Hebrew,verb,i.e. weak,,1
A2827,חֲשַׁל,Old Testament,Aramaic,verb,i.e. crush,,1
H2828,חָשׁוּם,Old Testament,Hebrew,noun proper,the name of two or three Israelites,,5
H2829,חֶשׁמוֹן,Old Testament,Hebrew,noun location,a place in Israel,,1
H2830,חַשׁמַל,Old Testament,Hebrew,noun,probably bronze or polished spectrum metal,,3
H2831,חַשׁמַן,Old Testament,Hebrew,noun,apparently wealthy,,1
H2832,חַשׁמוֹנָה,Old Testament,Hebrew,noun location,a place in the Desert,,2
H2833,חוֹשֶׁן,Old Testament,Hebrew,noun,"or rich (as containing gems), used only of the gorget of the highpriest",,25
H2834,חָשַׂף,Old Testament,Hebrew,verb,"clean, discover, draw out, take, uncover.",,11
H2835,חָשִׂף,Old Testament,Hebrew,noun,(hence) a small company (as divided from the rest),,1
H2836,חָשַׁק,Old Testament,Hebrew,verb,elliptically (or by interchangeable for H2820) to deliver,,11
H2837,חֵשֶׁק,Old Testament,Hebrew,noun,pleasure.,,4
H2838,חָשׁוּק חָשׁוּק,Old Testament,Hebrew,noun,i.e. a fence-rail or rod connecting the posts or pillars,,8
H2839,חִשּׁוּק,Old Testament,Hebrew,noun,i.e. a wheel-spoke or rod connecting the hub with the rim,,1
H2840,חִשּׁוּר,Old Testament,Hebrew,noun,i.e. the nave or hub of a wheel (as holding the spokes together),,1
H2841,חַשׁרָה,Old Testament,Hebrew,noun,i.e. of watery clouds,,1
H2842,חָשַׁשׁ,Old Testament,Hebrew,noun,dry grass,,2
H2843,חוּשָׁתִי,Old Testament,Hebrew,noun,a Chushathite or descendant of Chushah,,5
H2844,חַת,Old Testament,Hebrew,noun,"dismayed, dread, fear.",,5
H2845,חֵת,Old Testament,Hebrew,noun proper,an aboriginal Canaanite,,14
H2846,חָתָה,Old Testament,Hebrew,verb,take (away).,,4
H2847,חִתּתָּה,Old Testament,Hebrew,noun,fear,,1
H2848,חִתּתּוּל,Old Testament,Hebrew,noun,i.e. a bandage,,1
H2849,חַתחַת,Old Testament,Hebrew,noun,terror,,1
H2850,חִתּתִּי,Old Testament,Hebrew,noun,or descendant of Cheth,,48
H2851,חִתּתִּיתּ,Old Testament,Hebrew,noun,fear,,9
H2852,חָתַך,Old Testament,Hebrew,verb,i.e. (figuratively) to decree,,1
H2853,חָתַל,Old Testament,Hebrew,verb,swaddle.,,2
H2854,חֲתוּלָּה,Old Testament,Hebrew,noun,a swathing cloth (figuratively),,1
H2855,חֶתלוֹן,Old Testament,Hebrew,noun location,a place in Israel,,2
H2856,חָתַם,Old Testament,Hebrew,verb,"mark, seal (up), stop.",,27
A2857,חֲתַם,Old Testament,Aramaic,verb,to seal,,1
H2858,חוֹתֶמֶת,Old Testament,Hebrew,noun,a seal,,1
H2859,חָתַן,Old Testament,Hebrew,verb,generally) to contract relationship (affinity) by marriage,,33
H2860,חָתָן,Old Testament,Hebrew,noun,"husband, son in law.",,20
H2861,חֲתוּנָּה,Old Testament,Hebrew,noun,a wedding,,1
H2862,חָתַף,Old Testament,Hebrew,verb,to clutch,,1
H2863,חֶתֶף,Old Testament,Hebrew,noun,(properly) rapine; (figuratively) robbery,,1
H2864,חָתַר,Old Testament,Hebrew,verb,(figuratively) with oars,,8
H2865,חָתַת,Old Testament,Hebrew,verb,"either (literally) by violence, or (figuratively) by confusion and fear",,52
H2866,חֲתַת,Old Testament,Hebrew,noun,dismay,,1
H2867,חֲתַת,Old Testament,Hebrew,noun proper,an Israelite,,1
A2868,טְּאֵב,Old Testament,Aramaic,verb,to rejoice,,1
A2869,טָּב,Old Testament,Aramaic,noun,good,,2
H2870,טָּבאֵל,Old Testament,Hebrew,noun proper,the name of a Syrian and of a Persian,,2
H2871,טָּבוּל,Old Testament,Hebrew,noun,i.e. a turban (probably as of colored stuff),,1
H2872,טַּבּוּר,Old Testament,Hebrew,noun,midst.,,2
H2873,טָּבַח,Old Testament,Hebrew,verb,"(make) slaughter, slay.",,11
H2874,טֶּבַח,Old Testament,Hebrew,noun,(abstractly) butchery,,12
H2875,טֶּבַח,Old Testament,Hebrew,noun proper,the name of a Mesopotamian and of an Israelite,,1
H2876,טַּבָּח,Old Testament,Hebrew,noun,guard.,,32
A2877,טַּבָּח,Old Testament,Aramaic,noun,a lifeguardsman,,1
H2878,טִּבחָה,Old Testament,Hebrew,noun,slaughter,,3
H2879,טַּבָּחָה,Old Testament,Hebrew,noun,a female cook,,1
H2880,טִּבחַת,Old Testament,Hebrew,noun location,a place in Syria,,1
H2881,טָּבַל,Old Testament,Hebrew,verb,to immerse,,16
H2882,טְּבַליָהוּ,Old Testament,Hebrew,noun proper,an Israelite,,1
H2883,טָּבַע,Old Testament,Hebrew,verb,"fasten, settle, sink.",,10
H2884,טַּבָּעוֹת,Old Testament,Hebrew,noun proper,one of the Nethinim,,2
H2885,טַּבַּעַת,Old Testament,Hebrew,noun,"(hence, generally) a ring of any kind",,50
H2886,טַּברִמּוֹן,Old Testament,Hebrew,noun proper,a Syrian,,1
H2887,טֵּבֶת,Old Testament,Hebrew,noun proper time,the tenth Heb. month,,1
H2888,טַּבַּת,Old Testament,Hebrew,noun location,a place East of the Jordan,,1
H2889,טָּהוֹר טָּהוֹר,Old Testament,Hebrew,adjective,"chemical, ceremonial or moral sense)",,93
H2890,טְּהוֹר,Old Testament,Hebrew,noun,purity,,1
H2891,טָּהֵר,Old Testament,Hebrew,verb,(Levitically) uncontaminated,,96
H2892,טּוֹהַר,Old Testament,Hebrew,noun,"glory, purifying.",,2
H2893,טָּהֳרָה,Old Testament,Hebrew,noun,"cleansing, purification(-fying).",,15
H2894,טּוּא,Old Testament,Hebrew,verb,to sweep away,,1
H2895,טּוֹב,Old Testament,Hebrew,verb,"cheer, be (do, seem) good, (make) goodly, X please, (be, do, go, play) well",,28
H2896,טּוֹב,Old Testament,Hebrew,adjective,"the good, goods or good things, good men or women), also as an adverb (well)",,561
H2897,טּוֹב,Old Testament,Hebrew,noun location,a region apparently East of the Jordan,,2
H2898,טּוּב,Old Testament,Hebrew,noun,(especially) goodness; (superlative concretely) the best,,32
H2899,טּוֹב אֲדוֹנִיָהוּ,Old Testament,Hebrew,noun proper,an Israelite,,1
H2900,טּוֹבִיָה טּוֹבִיָהוּ,Old Testament,Hebrew,noun proper,the name of three Israelites and of one Samaritan,,18
H2901,טָּוָה,Old Testament,Hebrew,verb,to spin,,2
H2902,טּוַּח,Old Testament,Hebrew,verb,especially with lime,,12
H2903,טּוֹפָפָה,Old Testament,Hebrew,noun,a fillet for the forehead,,3
H2904,טּוּל,Old Testament,Hebrew,verb,"(utterly) cast (down, forth, out), send out.",,14
H2905,טּוּר,Old Testament,Hebrew,noun,a row; (hence) a wall,,26
A2906,טּוּר,Old Testament,Aramaic,noun,a rock or hill,,2
H2907,טּוּשׂ,Old Testament,Hebrew,verb,to pounce as a bird of prey,,1
A2908,טְּוָת,Old Testament,Aramaic,verb,hunger (as twisting),,1
H2909,טָּחָה,Old Testament,Hebrew,verb,as an archer,,1
H2910,טּוּחָה,Old Testament,Hebrew,noun,H2902,,2
H2911,טְּחוֹן,Old Testament,Hebrew,noun,a hand mill; (hence) a millstone,,1
H2912,טָּחַן,Old Testament,Hebrew,verb,to grind meal; (hence) to be a concubine (that being their employment),,8
H2913,טַּחֲנָה,Old Testament,Hebrew,noun,a hand mill; hence (figuratively) chewing,,1
H2914,טְּחוֹר,Old Testament,Hebrew,noun,especially a tumor in the anus or pudenda (the piles),,8
H2915,טִּיַח,Old Testament,Hebrew,noun,mortar or plaster,,1
H2916,טִּיטּ,Old Testament,Hebrew,noun,through the idea of dirt to be swept away)],,13
A2917,טִּין,Old Testament,Aramaic,noun,"by interchange, for a word corresponding to H2916]",,2
H2918,טִּירָה,Old Testament,Hebrew,noun,"habitation, palace, row.",,7
H2919,טַּל,Old Testament,Hebrew,noun,dew (as covering vegetation),,31
A2920,טַּל,Old Testament,Aramaic,noun,dew,,5
H2921,טָּלָא,Old Testament,Hebrew,verb,"with divers colours, spotted.",,8
H2922,טְּלָא,Old Testament,Hebrew,noun,a lamb,,1
H2923,טְּלָאִים,Old Testament,Hebrew,noun location,a place in Israel,,1
H2924,טָּלֶה,Old Testament,Hebrew,noun,a lamb,,2
H2925,טַּלטֵּלָה,Old Testament,Hebrew,noun,overthrow or rejection,,1
H2926,טָּלַל,Old Testament,Hebrew,verb,(properly) to strew over; (by implication) to cover in or plate (with beams),,1
A2927,טְּלַל,Old Testament,Aramaic,verb,to cover with shade,,1
H2928,טֶּלֶם,Old Testament,Hebrew,noun proper,"the name of a place in Idumaea, also of a temple doorkeeper",,2
H2929,טַּלמוֹן,Old Testament,Hebrew,noun proper,a temple doorkeeper,,5
H2930,טָּמֵא,Old Testament,Hebrew,verb,especially in a ceremial or moral sense (contaminated),,161
H2931,טָּמֵא,Old Testament,Hebrew,adjective,"+ infamous, polluted(-tion), unclean.",,88
H2932,טּוּמאָה,Old Testament,Hebrew,noun,unclean(-ness).,,36
H2933,טָּמָה,Old Testament,Hebrew,verb,be reputed vile.,,2
H2934,טָּמַן,Old Testament,Hebrew,verb,"lay privily, in secret.",,31
H2935,טֶּנֶא,Old Testament,Hebrew,noun,a basket (of interlaced osiers),,4
H2936,טָּנַף,Old Testament,Hebrew,verb,to soil,,1
H2937,טָּעָה,Old Testament,Hebrew,verb,causatively to lead astray,,1
H2938,טָּעַם,Old Testament,Hebrew,verb,"perceive, taste.",,11
A2939,טְּעַם,Old Testament,Aramaic,verb,feed.,,4
H2940,טַּעַם,Old Testament,Hebrew,noun,(by implication) intelligence; (transitively) a mandate,,13
A2941,טַּעַם,Old Testament,Aramaic,noun,i.e. (as in H2940) a judicial sentence,,5
A2942,טְּעֵם,Old Testament,Aramaic,noun,and equivalent to H2941],,24
H2943,טָּעַן,Old Testament,Hebrew,verb,to load a beast,,1
H2944,טָּעַן,Old Testament,Hebrew,verb,to stab,,1
H2945,טַּף,Old Testament,Hebrew,noun,families.,,42
H2946,טָּפַח,Old Testament,Hebrew,verb,from dandling on the palms,,2
H2947,טֵּפַח,Old Testament,Hebrew,noun,"architecturally, a corbel (as a supporting palm)",,4
H2948,טּוֹפַח,Old Testament,Hebrew,noun,H2947,,5
H2949,טִּפּוּח,Old Testament,Hebrew,noun,nursing,,1
H2950,טָּפַל,Old Testament,Hebrew,verb,sew up.,,3
H2951,טִּפסַר,Old Testament,Hebrew,noun,a military governor,,2
H2952,טָּפַף,Old Testament,Hebrew,verb,apparently to trip (with short steps) coquettishly,,1
A2953,טְּפַר,Old Testament,Aramaic,noun,and meaning the same as H6856],,2
H2954,טָּפַשׁ,Old Testament,Hebrew,verb,(properly) apparently to be thick; (figuratively) to be stupid,,1
H2955,טָּפַת,Old Testament,Hebrew,noun proper,an Israelitess,,1
H2956,טָּרַד,Old Testament,Hebrew,verb,to drive on; (figuratively) to follow close,,2
A2957,טְּרַד,Old Testament,Aramaic,verb,to expel,,4
H2958,טְּרוֹם,Old Testament,Hebrew,conjunction,not yet,,1
H2959,טָּרַח,Old Testament,Hebrew,verb,to overburden,,1
H2960,טּוֹרַח,Old Testament,Hebrew,noun,trouble.,,2
H2961,טָּרִי,Old Testament,Hebrew,adjective,putrefying.,,2
H2962,טֶּרֶם,Old Testament,Hebrew,preposition,not yet or before,,56
H2963,טָּרַף,Old Testament,Hebrew,verb,"X without doubt, feed, ravin, rend in pieces, X surely, tear (in pieces).",,25
H2964,טֶּרֶף,Old Testament,Hebrew,noun,"i.e. a fragment, e.g. a fresh leaf, prey, food",,23
H2965,טָּרָף,Old Testament,Hebrew,adjective,i.e. fresh,,1
H2966,טְּרֵפָה,Old Testament,Hebrew,noun,i.e. flocks devoured by animals,,9
A2967,טַּרפְּלַי,Old Testament,Aramaic,noun,a place in Assyria,,1
H2968,יָאַב,Old Testament,Hebrew,verb,to desire,,1
H2969,יָאָה,Old Testament,Hebrew,verb,to be suitable,,1
H2970,יַאֲזַניָה יַאֲזַניָהוּ,Old Testament,Hebrew,noun proper,the name of four Israelites,,4
H2971,יָאִיר,Old Testament,Hebrew,noun proper,the name of four Israelites,,8
H2972,יָאִרִי,Old Testament,Hebrew,noun,a Jairite or descendant of Jair,,1
H2973,יָאַל,Old Testament,Hebrew,verb,i.e. (figuratively) to be foolish,,4
H2974,יָאַל,Old Testament,Hebrew,verb,hence (pos.) to undertake as an act of volition,,19
H2975,יְאוֹר,Old Testament,Hebrew,noun,"specifically the Nile, as the one river of Egypt, including its collateral trenches; also the Tigris, as the main river of Assyria",,64
H2976,יָאַשׁ,Old Testament,Hebrew,verb,i.e. (figuratively) to despond,,6
H2977,יוֹאשִׁיָה יוֹאשִׁיָהוּ,Old Testament,Hebrew,noun proper,the name of two Israelites,,53
H2978,יְאִתוֹן,Old Testament,Hebrew,noun,an entry,,2
H2979,יְאָתְרַי,Old Testament,Hebrew,noun proper,an Israelite,,1
H2980,יָבַב,Old Testament,Hebrew,verb,to bawl,,1
H2981,יְבוּל,Old Testament,Hebrew,noun,i.e. a crop or (figuratively) wealth,,13
H2982,יְבוּס,Old Testament,Hebrew,noun location,"Jebus, the aboriginal name of Jerusalem",,4
H2983,יְבוּסִי,Old Testament,Hebrew,noun,a Jebusite or inhabitant of Jebus,,41
H2984,יִבחַר,Old Testament,Hebrew,noun proper,an Israelite,,3
H2985,יָבִין,Old Testament,Hebrew,noun proper,the name of two Canaanitish kings,,8
H2986,יָבַל,Old Testament,Hebrew,verb,to bring (especially with pomp),,18
A2987,יְבַל,Old Testament,Aramaic,verb,carry.,,3
H2988,יָבָל,Old Testament,Hebrew,noun,stream.,,2
H2989,יָבָל,Old Testament,Hebrew,noun proper,an antediluvian,,1
H2990,יַבֵּל,Old Testament,Hebrew,noun,having running sores,,1
H2991,יִבלְעָם,Old Testament,Hebrew,noun location,a place in Israel,,3
H2992,יָבַם,Old Testament,Hebrew,verb,marry.,,3
H2993,יָבָם,Old Testament,Hebrew,noun,a brother-in-law,,2
H2994,יְבֵמֶת,Old Testament,Hebrew,noun,sister in law.,,5
H2995,יַבנְאֵל,Old Testament,Hebrew,noun location,the name of two places in Israel,,2
H2996,יַבנֶה,Old Testament,Hebrew,noun location,a place in Israel,,1
H2997,יִבנְיָה,Old Testament,Hebrew,noun proper,an Israelite,,1
H2998,יִבנִיָה,Old Testament,Hebrew,noun proper,an Israelite,,1
H2999,יַבּוֹק,Old Testament,Hebrew,noun location,a river east of the Jordan,,7
H3000,יְבֶרֶכיָהוּ,Old Testament,Hebrew,noun proper,an Israelite,,1
H3001,יָבֵשׁ,Old Testament,Hebrew,verb,(as failing) to dry up (as water) or wither (as herbage),,75
H3002,יָבֵשׁ,Old Testament,Hebrew,adjective,dry.,,9
H3003,יָבֵשׁ יָבֵישׁ,Old Testament,Hebrew,noun location,the name of an Israelite and of a place in Israel,,24
H3004,יַבָּשָׂה,Old Testament,Hebrew,noun,land).,,14
H3005,יִבשָׂם,Old Testament,Hebrew,noun proper,an Israelite,,1
H3006,יַבֶּשֶׁת,Old Testament,Hebrew,noun,dry ground,,2
A3007,יַבֶּשֶׁת,Old Testament,Aramaic,noun,dry land,,1
H3008,יִגאָל,Old Testament,Hebrew,noun proper,the name of three Israelites,,3
H3009,יָגַב,Old Testament,Hebrew,verb,to dig or plow,,1
H3010,יָגֵב,Old Testament,Hebrew,noun,a plowed field,,1
H3011,יָגבְּהָה,Old Testament,Hebrew,noun,a place East of the Jordan,,2
H3012,יִגדַּליָהוּ,Old Testament,Hebrew,noun proper,an Israelite,,1
H3013,יָגָה,Old Testament,Hebrew,verb,"cause grief, grieve, sorrowful, vex.",,8
H3014,יָגָה,Old Testament,Hebrew,verb,to push away,,1
H3015,יָגוֹן,Old Testament,Hebrew,noun,sorrow.,,14
H3016,יָגוֹר,Old Testament,Hebrew,adjective,fearest.,,2
H3017,יָגוּר,Old Testament,Hebrew,noun location,a place in Israel,,1
H3018,יְגִיַע,Old Testament,Hebrew,noun,"produce, property (as the result of labor)",,16
H3019,יָגִיַע,Old Testament,Hebrew,adjective,tired,,1
H3020,יָגלִי,Old Testament,Hebrew,noun proper,an Israelite,,1
H3021,יָגַע,Old Testament,Hebrew,verb,"to tire, to toil",,26
H3022,יָגָע,Old Testament,Hebrew,noun,earnings (as the product of toil),,1
H3023,יָגֵַע,Old Testament,Hebrew,adjective,weary.,,3
H3024,יְגִעָה,Old Testament,Hebrew,noun,fatigue,,1
H3025,יָגוֹר,Old Testament,Hebrew,verb,fear.,,5
A3026,יְגַר שַׂהֲדוּתָא,Old Testament,Aramaic,noun location,a cairn East of the Jordan,,1
H3027,יָד,Old Testament,Hebrew,noun,"used (as noun, adverb, etc.) in a great variety of applications, both literally and figuratively, both proximate and remote (as follows)","ఒక చేతి (ఓపెన్ ఒకటి (శక్తి, సాధనాలు, దిశ, మొదలైనవి సూచిస్తుంది), H3709 నుండి భిన్నంగా, మూసివేయబడినది); అనేక రకాల అప్లికేషన్లలో (నామవాచకం, క్రియా విశేషణం మొదలైనవి) ఉపయోగించబడింది, అక్షరాలా మరియు అలంకారికంగా, సమీప మరియు రిమోట్ (క్రింది విధంగా)",1627
A3028,יַד,Old Testament,Aramaic,noun,power,,17
A3029,יְדָא,Old Testament,Aramaic,verb,to praise,,2
H3030,יִדאֲלָה,Old Testament,Hebrew,noun location,a place in Israel,,1
H3031,יִדבָּשׁ,Old Testament,Hebrew,noun proper,an Israelite,,1
H3032,יָדַד,Old Testament,Hebrew,verb,"i.e. to throw, e.g. lots",,3
H3033,יְדִדוּת,Old Testament,Hebrew,noun,(properly) affection; (concretely) a darling object,,1
H3034,יָדָה,Old Testament,Hebrew,verb,(especially) to revere or worship (with extended hands),,114
H3035,יִדּוֹ,Old Testament,Hebrew,noun proper,an Israelite,,3
H3036,יָדוֹן,Old Testament,Hebrew,noun proper,an Israelite,,1
H3037,יַדּוַּע,Old Testament,Hebrew,noun proper,the name of two Israelites,,3
H3038,יְדוּתוּן יֶדוּתוּן יֶדִיתּוּן,Old Testament,Hebrew,noun proper,an Israelite,,20
H3039,יְדִידּ,Old Testament,Hebrew,adjective,"(well-)beloved, loves.",,9
H3040,יְדִידָּה,Old Testament,Hebrew,noun proper,an Israelitess,,1
H3041,יְדִידְּיָה,Old Testament,Hebrew,noun proper,a name of Solomon,,1
H3042,יְדָיָה,Old Testament,Hebrew,noun proper,the name of two Israelites,,2
H3043,יְדִיעֲאֵל,Old Testament,Hebrew,noun proper,the name of three Israelites,,6
H3044,יִדלָף,Old Testament,Hebrew,noun proper,a Mesopotamian,,1
H3045,יָדַע,Old Testament,Hebrew,verb,"literally, euphemistically and inferentially (including observation, care, recognition",తెలుసుకోవడానికి; (సరిగ్గా) చూడటం ద్వారా నిర్ధారించడానికి,951
A3046,יְדַע,Old Testament,Aramaic,verb,"know, make known, teach",,47
H3047,יָדָע,Old Testament,Hebrew,noun proper,an Israelite,,2
H3048,יְדַעיָה,Old Testament,Hebrew,noun proper,the name of two Israelites,,11
H3049,יִדְּעוֹנִי,Old Testament,Hebrew,noun,(by impl) a ghost,,11
H3050,יָהּ,Old Testament,Hebrew,noun proper,the sacred name,"జా, పవిత్రమైన పేరు",48
H3051,יָהַב,Old Testament,Hebrew,verb,reflexively) come,,34
A3052,יְהַב,Old Testament,Aramaic,verb,"give, lay, + prolong, pay, yield.",,28
H3053,יְהָב,Old Testament,Hebrew,noun,i.e. a lot,,1
H3054,יָהַד,Old Testament,Hebrew,verb,i.e. become Jewish,,1
H3055,יְהוּד,Old Testament,Hebrew,noun location,a place in Israel,,1
H3056,יֶהדַּי,Old Testament,Hebrew,noun proper,an Israelite,,1
H3057,יְהוּדִיָה,Old Testament,Hebrew,adjective,a Jewess,,1
H3058,יֵהוּא,Old Testament,Hebrew,noun proper,the name of five Israelites,,58
H3059,יְהוֹאָחָז,Old Testament,Hebrew,noun proper,the name of three Israelites,,20
H3060,יְהוֹאָשׁ,Old Testament,Hebrew,noun proper,the name of two Israelite kings,,17
A3061,יְהוּד,Old Testament,Aramaic,noun location,"Judah, Judea.",,7
A3062,יְהוּדָאִי,Old Testament,Aramaic,noun,i.e. Jew,,10
H3063,יְהוּדָה,Old Testament,Hebrew,noun proper,"also of the tribe descended from the first, and of its territory",,818
H3064,יְהוּדִי,Old Testament,Hebrew,noun,or descendant of Jehudah (i.e. Judah),,82
H3065,יְהוּדִי,Old Testament,Hebrew,noun proper,an Israelite,,4
H3066,יְהוּדִיתּ,Old Testament,Hebrew,adjective,the Jewish (used adverbially) language,,6
H3067,יְהוּדִיתּ,Old Testament,Hebrew,noun proper,a Canaanitess,,1
H3068,יְהוֹוָה,Old Testament,Hebrew,noun proper,Jewish national name of God,ప్రభువు (దేవుని నామం),6207
H3069,יְהוֹוִה,Old Testament,Hebrew,noun proper,"and pronounced by Jews as H430, in order to prevent the repetition of the same sound, since they elsewhere pronounce H3068 as H136)]",దేవుడు,615
H3070,יְהוֹוָה יִראֶה,Old Testament,Hebrew,noun location,a symbolical name for Mount Moriah,,2
H3071,יְהוֹוָה נִסִּי,Old Testament,Hebrew,noun location,a symbolical name of an altar in the Desert,,2
H3072,יְהוֹוָה צִּדקֵנוּ,Old Testament,Hebrew,noun proper,a symbolical epithet of the Messiah and of Jerusalem,,4
H3073,יְהוֹוָה שָׁלוֹם,Old Testament,Hebrew,noun location,a symbolical name of an altar in Israel,,2
H3074,יְהוֹוָה שָׁמָּה,Old Testament,Hebrew,noun location,a symbolic title of Jerusalem,,2
H3075,יְהוֹזָבָד,Old Testament,Hebrew,noun proper,the name of three Israelites,,4
H3076,יְהוֹחָנָן,Old Testament,Hebrew,noun proper,the name of eight Israelites,,9
H3077,יְהוֹיָדָע,Old Testament,Hebrew,noun proper,the name of three Israelites,,51
H3078,יְהוֹיָכִין,Old Testament,Hebrew,noun proper,a Jewish king,,10
H3079,יְהוֹיָקִים,Old Testament,Hebrew,noun proper,a Jewish king,,37
H3080,יְהוֹיָרִיבּ,Old Testament,Hebrew,noun proper,the name of two Israelites,,2
H3081,יְהוּכַל,Old Testament,Hebrew,noun proper,an Israelite,,1
H3082,יְהוֹנָדָב,Old Testament,Hebrew,noun proper,the name of an Israelite and of an Arab,,8
H3083,יְהוֹנָתָן,Old Testament,Hebrew,noun proper,the name of four Israelites,,80
H3084,יְהוֹסֵף,Old Testament,Hebrew,noun proper,a son of Jacob,,1
H3085,יְהוֹעַדָּה,Old Testament,Hebrew,noun proper,an Israelite,,2
H3086,יְהוֹעַדִּין יְהוֹעַדָּן,Old Testament,Hebrew,noun proper,an Israelitess,,3
H3087,יְהוֹצָדָק,Old Testament,Hebrew,noun proper,an Israelite,,8
H3088,יְהוֹרָם,Old Testament,Hebrew,noun proper,the name of a Syrian and of three Israelites,,29
H3089,יְהוֹשֶׁבַע,Old Testament,Hebrew,noun proper,an Israelitess,,1
H3090,יְהוֹשַׁבעַת,Old Testament,Hebrew,noun proper,an Israelitess,,2
H3091,יְהוֹשׁוַּע יְהוֹשׁוַּע,Old Testament,Hebrew,noun proper,the Jewish leader,,218
H3092,יְהוֹשָׁפָט,Old Testament,Hebrew,noun location,also of a valley near Jerusalem,,84
H3093,יָהִיר,Old Testament,Hebrew,adjective,proud.,,2
H3094,יְהַלֶּלאֵל,Old Testament,Hebrew,noun proper,the name of two Israelites,,2
H3095,יַהֲלוֹם,Old Testament,Hebrew,noun,probably onyx,,3
H3096,יַהַץ יַהצָּה יַהצָּה,Old Testament,Hebrew,noun location,a place East of the Jordan,,9
H3097,יוֹאָב,Old Testament,Hebrew,noun proper,the name of three Israelites,,145
H3098,יוֹאָח,Old Testament,Hebrew,noun proper,the name of four Israelites,,11
H3099,יוֹאָחָז,Old Testament,Hebrew,noun proper,the name of two Israelites,,4
H3100,יוֹאֵל,Old Testament,Hebrew,noun proper,the name of twelve Israelites,,19
H3101,יוֹאָשׁ יוֹאָשׁ,Old Testament,Hebrew,noun proper,the name of six Israelites,,47
H3102,יוֹב,Old Testament,Hebrew,noun proper,an Israelite,,1
H3103,יוֹבָב,Old Testament,Hebrew,noun proper,the name of two Israelites and of three foreigners,,9
H3104,יוֹבֵל יוֹבֵל,Old Testament,Hebrew,noun,(hence) the instrument itself and the festival thus introduced,,27
H3105,יוּבַל,Old Testament,Hebrew,noun,a stream,,1
H3106,יוּבָל,Old Testament,Hebrew,noun proper,an antediluvian,,1
H3107,יוֹזָבָד,Old Testament,Hebrew,noun proper,the name of ten Israelites,,11
H3108,יוֹזָכָר,Old Testament,Hebrew,noun proper,an Israelite,,1
H3109,יוֹחָא,Old Testament,Hebrew,noun proper,the name of two Israelites,,2
H3110,יוֹחָנָן,Old Testament,Hebrew,noun proper,the name of nine Israelites,,24
H3111,יוֹיָדָע,Old Testament,Hebrew,noun proper,the name of two Israelites,,5
H3112,יוֹיָכִין,Old Testament,Hebrew,noun proper,an Israelite king,,1
H3113,יוֹיָקִים,Old Testament,Hebrew,noun proper,an Israelite,,4
H3114,יוֹיָרִיבּ,Old Testament,Hebrew,noun proper,the name of four Israelites,,5
H3115,יוֹכֶבֶד,Old Testament,Hebrew,noun proper,the mother of Moses,,2
H3116,יוּכַל,Old Testament,Hebrew,noun proper,an Israelite,,1
H3117,יוֹם,Old Testament,Hebrew,noun,"whether literal (from sunrise to sunset, or from one sunset to the next), or figurative (a space of time defined by an associated term), (often used adverb)","ఒక రోజు (వెచ్చని గంటలుగా), అక్షరార్థం (సూర్యోదయం నుండి సూర్యాస్తమయం వరకు, లేదా ఒక సూర్యాస్తమయం నుండి తదుపరి వరకు), లేదా అలంకారిక (అనుబంధ పదం ద్వారా నిర్వచించబడిన సమయం), (తరచుగా ఉపయోగించే క్రియా విశేషణం)",2305
A3118,יוֹם,Old Testament,Aramaic,noun,time.,,16
H3119,יוֹמָם,Old Testament,Hebrew,verb,"(by, in the) day(-time).",,51
H3120,יָוָן,Old Testament,Hebrew,noun location,also of a place in Arabia,,11
H3121,יָוֵן,Old Testament,Hebrew,noun,miry.,,2
H3122,יוֹנָדָב,Old Testament,Hebrew,noun proper,the name of an Israelite and of a Rechabite,,7
H3123,יוֹנָה,Old Testament,Hebrew,noun,pigeon.,,31
H3124,יוֹנָה,Old Testament,Hebrew,noun proper,an Israelite,,19
H3125,יְוָנִי,Old Testament,Hebrew,adjective,or descendant of Javan,,1
H3126,יוֹנֵק,Old Testament,Hebrew,noun,a sucker; (hence) a twig (of a tree felled and sprouting),,1
H3127,יוֹנֶקֶת,Old Testament,Hebrew,noun,young twig.,,6
H3128,יוֹנַת אֵלֶם רְחוֹקִים,Old Testament,Hebrew,noun proper,"H482, H7350",,3
H3129,יוֹנָתָן,Old Testament,Hebrew,noun proper,the name of ten Israelites,,44
H3130,יוֹסֵף,Old Testament,Hebrew,noun proper,the name of seven Israelites,,213
H3131,יוֹסִפיָה,Old Testament,Hebrew,noun proper,an Israelite,,1
H3132,יוֹעֵאלָה,Old Testament,Hebrew,noun proper,an Israelite,,1
H3133,יוֹעֵד,Old Testament,Hebrew,noun proper,an Israelite,,1
H3134,יוֹעֶזֶר,Old Testament,Hebrew,noun proper,an Israelite,,1
H3135,יוֹעָשׁ,Old Testament,Hebrew,noun proper,the name of two Israelites,,2
H3136,יוֹצָדָק,Old Testament,Hebrew,noun proper,an Israelite,,5
H3137,יוֹקִים,Old Testament,Hebrew,noun proper,an Israelite,,1
H3138,יוֹרֶה,Old Testament,Hebrew,noun,former (rain).,,4
H3139,יוֹרָה,Old Testament,Hebrew,noun proper,an Israelite,,1
H3140,יוֹרַי,Old Testament,Hebrew,noun proper,an Israelite,,1
H3141,יוֹרָם,Old Testament,Hebrew,noun proper,the name of three Israelites and one Syrian,,20
H3142,יוּשַׁב חֶסֶד,Old Testament,Hebrew,noun proper,an Israelite,,1
H3143,יוֹשִׁביָה,Old Testament,Hebrew,noun proper,an Israelite,,1
H3144,יוֹשָׁה,Old Testament,Hebrew,noun proper,an Israelite,,1
H3145,יוֹשַׁויָה,Old Testament,Hebrew,noun proper,an Israelite,,1
H3146,יוֹשָׁפָט,Old Testament,Hebrew,noun proper,an Israelite,,2
H3147,יוֹתָם,Old Testament,Hebrew,noun proper,the name of three Israelites,,24
H3148,יוֹתֵר,Old Testament,Hebrew,verb,"as adjective, noun, adverb or conjunction (as follows)",,8
H3149,יְזַואֵל,Old Testament,Hebrew,noun proper,an Israelite,,1
H3150,יִזִּיָה,Old Testament,Hebrew,noun proper,an Israelite,,1
H3151,יָזִיז,Old Testament,Hebrew,noun proper,an Israelite,,1
H3152,יִזלִיאָה,Old Testament,Hebrew,noun proper,an Israelite,,1
H3153,יְזַניָה יְזַניָהוּ,Old Testament,Hebrew,noun proper,an Israelite,,2
H3154,יֶזַע,Old Testament,Hebrew,noun,sweat; (by implication) a sweating dress,,1
H3155,יִזרָח,Old Testament,Hebrew,adjective,a Jizrach (i.e. Ezrachite or Zarchite) or descendant of Zerach,,1
H3156,יִזרַחיָה,Old Testament,Hebrew,noun proper,the name of two Israelites,,3
H3157,יִזרְעֵאל,Old Testament,Hebrew,noun location,the name of two places in Israel and of two Israelites,,36
H3158,יִזרְעֵאלִי,Old Testament,Hebrew,adjective,a Jizreelite or native of Jizreel,,8
H3159,יִזרְעֵאלִיתּ,Old Testament,Hebrew,adjective,a Jezreelitess,,5
H3160,יְחוּבָּה,Old Testament,Hebrew,noun proper,an Israelite,,1
H3161,יָחַד,Old Testament,Hebrew,verb,unite.,,3
H3162,יַחַד,Old Testament,Hebrew,verb,i.e. (adverb) unitedly,,142
H3163,יַחדּוֹ,Old Testament,Hebrew,noun proper,"Jachdo, an Israelite",,1
H3164,יַחדִּיאֵל,Old Testament,Hebrew,noun proper,an Israelite,,1
H3165,יֶחדִּיָהוּ,Old Testament,Hebrew,noun proper,the name of two Israelites,,2
H3166,יַחֲזִיאֵל,Old Testament,Hebrew,noun proper,the name of five Israelites,,6
H3167,יַחזְיָה,Old Testament,Hebrew,noun proper,an Israelite,,1
H3168,יְחֶזקֵאל,Old Testament,Hebrew,noun proper,the name of two Israelites,,3
H3169,יְחִזקִיָה יְחִזקִיָהוּ,Old Testament,Hebrew,noun proper,the name of five Israelites,,1
H3170,יַחזֵרָה,Old Testament,Hebrew,noun proper,an Israelite,,1
H3171,יְחִיאֵל יְחַואֵל,Old Testament,Hebrew,noun proper,the name of eight Israelites,,15
H3172,יְחִיאֵלִי,Old Testament,Hebrew,noun proper,a Jechielite or descendant of Jechiel,,2
H3173,יָחִידּ,Old Testament,Hebrew,adjective,(by implication) beloved; (also) lonely,,12
H3174,יְחִיָה,Old Testament,Hebrew,noun proper,an Israelite,,1
H3175,יָחִיל,Old Testament,Hebrew,adjective,expectant,,1
H3176,יָחַל,Old Testament,Hebrew,verb,hope,,42
H3177,יַחלְאֵל,Old Testament,Hebrew,noun proper,an Israelite,,2
H3178,יַחלְאֵלִי,Old Testament,Hebrew,adjective,a Jachleelite or descendant of Jachleel,,1
H3179,יָחַם,Old Testament,Hebrew,verb,"be hot, conceive, be warm.",,10
H3180,יַחמוּר,Old Testament,Hebrew,noun,a kind of deer (from the color,,2
H3181,יַחמַי,Old Testament,Hebrew,noun proper,an Israelite,,1
H3182,יָחֵף,Old Testament,Hebrew,adjective,being unshod.,,5
H3183,יַחצְּאֵל,Old Testament,Hebrew,noun proper,an Israelite,,2
H3184,יַחצְּאֵלִי,Old Testament,Hebrew,adjective,a Jachtseelite (collectively) or descendants of Jachtseel,,1
H3185,יַחצִּיאֵל,Old Testament,Hebrew,noun proper,an Israelite,,1
H3186,יָחַר,Old Testament,Hebrew,verb,to delay,,1
H3187,יָחַשׂ,Old Testament,Hebrew,verb,to sprout; used only as denominative from H3188],,18
H3188,יַחַשׂ,Old Testament,Hebrew,noun,a pedigree or family list (as growing spontaneously),,3
H3189,יַחַת,Old Testament,Hebrew,noun proper,the name of four Israelites,,8
H3190,יָטַב,Old Testament,Hebrew,verb,"literally (sound, beautiful) or figuratively (happy, successful, right)",,112
A3191,יְטַב,Old Testament,Aramaic,verb,seem good,,1
H3192,יָטבָּה,Old Testament,Hebrew,noun location,a place in Israel,,1
H3193,יָטבָּתָה,Old Testament,Hebrew,noun location,a place in the Desert,,3
H3194,יוּטָּה יוּטָה,Old Testament,Hebrew,noun location,a place in Israel,,2
H3195,יְטוּר,Old Testament,Hebrew,noun proper,a son of Ishmael,,3
H3196,יַיִן,Old Testament,Hebrew,noun,"wine, wine(-bibber).",,141
H3197,יַך,Old Testament,Hebrew,noun,a hand or side,,1
H3198,יָכַח,Old Testament,Hebrew,verb,"causatively, to decide, justify or convict",,59
H3199,יָכִין,Old Testament,Hebrew,noun proper,the name of three Israelites and of a temple pillar,,8
H3200,יָכִינִי,Old Testament,Hebrew,adjective,a Jakinite (collectively) or descendants of Jakin,,1
H3201,יָכוֹל יָכוֹל,Old Testament,Hebrew,verb,"(morally) may, might",,196
A3202,יְכֵל יְכִיל,Old Testament,Aramaic,verb,"(morally) may, might",,14
H3203,יְכָליָה יְכָליָהוּ יְכִילְיָה,Old Testament,Hebrew,noun proper,an Israelitess,,3
H3204,יְכָניָה יְכָניָהוּ יְכוֹנְיָה,Old Testament,Hebrew,noun proper,a Jewish king,,8
H3205,יָלַד,Old Testament,Hebrew,verb,"beget, birth((-day)), born, (make to) bring forth (children, young), bring up, calve, child, come, be delivered (of a child), time of delivery, gender, hatch, labour, (do the office of a) midwife, declare pedigrees, be the son of, (woman in, woman that) travail(-eth, -ing woman).",,499
H3206,יֶלֶד,Old Testament,Hebrew,noun,i.e. a lad or offspring,,90
H3207,יַלדָּה,Old Testament,Hebrew,noun,girl.,,3
H3208,יַלדּוּת,Old Testament,Hebrew,noun,youth.,,3
H3209,יִלּוֹד,Old Testament,Hebrew,adjective,born,,5
H3210,יָלוֹן,Old Testament,Hebrew,noun proper,an Israelite,,1
H3211,יָלִידּ,Old Testament,Hebrew,adjective,"child, son.",,13
H3212,יָלַך,Old Testament,Hebrew,verb,"away, bear, bring, carry (away), come (away), depart, flow, + follow(-ing), get (away, hence, him), (cause to, made) go (away, -ing, -ne, one's way, out), grow, lead (forth), let down, march, prosper, + pursue, cause to run, spread, take away ((-journey)), vanish, (cause to) walk(-ing), wax, X be weak.",(వాచ్యంగా లేదా అలంకారికంగా) నడవడానికి; (కారణంగా) మోయడానికి (వివిధ భావాలలో),1046
H3213,יָלַל,Old Testament,Hebrew,verb,be howling.,,31
H3214,יְלֵל,Old Testament,Hebrew,noun,a howl,,1
H3215,יְלָלָה,Old Testament,Hebrew,noun,a howl,,5
H3216,יָלַע,Old Testament,Hebrew,verb,to blurt or utter inconsiderately,,1
H3217,יַלֶּפֶת,Old Testament,Hebrew,noun,scurf or tetter,,2
H3218,יֶלֶק,Old Testament,Hebrew,noun,the young locust,,9
H3219,יַלקוּט,Old Testament,Hebrew,noun,a travelling pouch (as if for gleanings),,1
H3220,יָם,Old Testament,Hebrew,noun,"sometimes a large river, or an artifical basin","సముద్రం (ధ్వనించే సర్ఫ్‌లో బద్దలు కొట్టినట్లు) లేదా పెద్ద నీటి భాగం; ప్రత్యేకంగా (వ్యాసంతో), మధ్యధరా సముద్రం",395
A3221,יָם,Old Testament,Aramaic,noun,sea,,2
H3222,יֵם,Old Testament,Hebrew,noun,a warm spring,,1
H3223,יְמוּאֵל,Old Testament,Hebrew,noun proper,an Israelite,,2
H3224,יְמִימָה,Old Testament,Hebrew,noun proper,"(hence) dove; Jemimah, one of Job's daughters",,1
H3225,יָמִין,Old Testament,Hebrew,noun,"locally, the south",,140
H3226,יָמִין,Old Testament,Hebrew,noun proper,the name of three Israelites,,6
H3227,יְמִינִי,Old Testament,Hebrew,adjective,right,,2
H3228,יְמִינִי,Old Testament,Hebrew,adjective,a Jeminite (collectively) or descendants of Jamin,,2
H3229,יִמלָא יִמלָה,Old Testament,Hebrew,noun proper,an Israelite,,4
H3230,יַמלֵך,Old Testament,Hebrew,noun proper,an Israelite,,1
H3231,יָמַן,Old Testament,Hebrew,verb,to be right-handed or take the right-hand side,,4
H3232,יִמנָה,Old Testament,Hebrew,noun proper,(with the article) of the posterity of one of them,,5
H3233,יְמָנִי,Old Testament,Hebrew,adjective,right (i.e. at the right hand),,33
H3234,יִמנָע,Old Testament,Hebrew,noun proper,an Israelite,,1
H3235,יָמַר,Old Testament,Hebrew,verb,change.,,1
H3236,יִמרָה,Old Testament,Hebrew,noun proper,an Israelite,,1
H3237,יָמַשׁ,Old Testament,Hebrew,verb,to touch,,1
H3238,יָנָה,Old Testament,Hebrew,verb,to maltreat,,19
H3239,יָנוַֹח יָנוֹחָה,Old Testament,Hebrew,noun location,a place in Israel,,3
H3240,יָנַח,Old Testament,Hebrew,verb,"cast down, lay (down, up), leave (off), let alone (remain), pacify, place, put, set (down), suffer, withdraw, withhold. (The Hiphil forms with the dagesh are here referred to, in accordance with the older grammarians; but if any distinction of the kind is to be made, these should rather be referred to H5117, and the others here.)",,75
H3241,יָנִים,Old Testament,Hebrew,noun location,a place in Israel,,1
H3242,יְנִיקָה,Old Testament,Hebrew,noun,a sucker or sapling,,1
H3243,יָנַק,Old Testament,Hebrew,verb,to give milk,,32
H3244,יַנשׁוּף יַנשׁוֹף,Old Testament,Hebrew,noun,or because the night-heron is meant ),,3
H3245,יָסַד,Old Testament,Hebrew,verb,"reflexively, to sit down together, i.e. settle, consult",,43
H3246,יְסוּד,Old Testament,Hebrew,noun,a foundation; (figuratively) beginning,,1
H3247,יְסוֹד,Old Testament,Hebrew,noun,"foundation, repairing",,20
H3248,יְסוּדָה,Old Testament,Hebrew,noun,a foundation,,1
H3249,יָסוּר,Old Testament,Hebrew,adjective,departing,,1
H3250,יִסּוֹר,Old Testament,Hebrew,noun,a reprover,,1
H3251,יָסַך,Old Testament,Hebrew,verb,to pour (intransitive),,1
H3252,יִסכָּה,Old Testament,Hebrew,noun proper,sister of Lot,,1
H3253,יִסמַכיָהוּ,Old Testament,Hebrew,noun proper,"Jah will sustain; Jismakjah, an Israelite",,1
H3254,יָסַף,Old Testament,Hebrew,verb,to continue to do a thing),,212
A3255,יְסַף,Old Testament,Aramaic,verb,add,,1
H3256,יָסַר,Old Testament,Hebrew,verb,(hence) to instruct,,43
H3257,יָע,Old Testament,Hebrew,noun,a shovel,,9
H3258,יַעבֵּץ,Old Testament,Hebrew,noun location,also of a place in Israel,,4
H3259,יָעַד,Old Testament,Hebrew,verb,betroth,,29
H3260,יֶעדִּי,Old Testament,Hebrew,noun proper,an Israelite,,1
H3261,יָעָה,Old Testament,Hebrew,verb,apparently to brush aside,,1
H3262,יְעוּאֵל,Old Testament,Hebrew,noun proper,the name of four Israelites,,5
H3263,יְעוּץ,Old Testament,Hebrew,noun proper,an Israelite,,1
H3264,יָעוֹר,Old Testament,Hebrew,noun,a forest,,1
H3265,יָעוּר,Old Testament,Hebrew,noun proper,an Israelite,,1
H3266,יְעוּשׁ,Old Testament,Hebrew,noun proper,the name of an Edomite and of four Israelites,,11
H3267,יָעַז,Old Testament,Hebrew,verb,to be bold or obstinate,,1
H3268,יַעֲזִיאֵל,Old Testament,Hebrew,noun proper,an Israelite,,1
H3269,יַעֲזִיָהוּ,Old Testament,Hebrew,noun proper,an Israelite,,2
H3270,יַעֲזֵיר יַעזֵר,Old Testament,Hebrew,noun location,a place East of the Jordan,,13
H3271,יָעַט,Old Testament,Hebrew,verb,to clothe,,1
A3272,יְעַט,Old Testament,Aramaic,verb,"to counsel; reflexively, to consult",,3
H3273,יְעִיאֵל,Old Testament,Hebrew,noun proper,the name of six Israelites,,13
H3274,יְעִישׁ,Old Testament,Hebrew,noun proper,the name of an Edomite and of a an Israelite,,1
H3275,יַעכָּן,Old Testament,Hebrew,noun proper,an Israelite,,1
H3276,יַעַל,Old Testament,Hebrew,verb,"set forward, can do good, (be, have) profit, (able).",,23
H3277,יָעֵל,Old Testament,Hebrew,noun,an ibex (as climbing),,3
H3278,יָעֵל,Old Testament,Hebrew,noun proper,a Canaanite,,6
H3279,יַעֲלָא יַעֲלָה,Old Testament,Hebrew,noun proper,one of the Nethinim,,2
H3280,יַעֲלָה,Old Testament,Hebrew,noun,roe,,1
H3281,יַעלָם,Old Testament,Hebrew,noun proper,an Edomite,,4
H3282,יַעַן,Old Testament,Hebrew,preposition,(as preposition) on account of; (adverbially) because of (used to indicate the reason or cause),,99
H3283,יָעֵן,Old Testament,Hebrew,noun,a ceremonially unclean animal (probably named from its answering cry),,1
H3284,יַעֲנָה,Old Testament,Hebrew,noun,"(literally) ""daughter of the owl (or ostrich)""",,8
H3285,יַעֲנַי,Old Testament,Hebrew,noun proper,an Israelite,,1
H3286,יָעַף,Old Testament,Hebrew,verb,"cause to fly, (be) weary (self).",,10
H3287,יָעֵף,Old Testament,Hebrew,adjective,weary.,,3
H3288,יְעָף,Old Testament,Hebrew,noun,fatigue; (adverb) utterly exhausted,,1
H3289,יָעַץ,Old Testament,Hebrew,verb,"take advise, advise (well), consult, (give, take) counsel(-lor), determine, devise, guide, purpose.",,79
H3290,יַעֲקוֹב,Old Testament,Hebrew,noun proper,the Israelitish patriarch,,349
H3291,יַעֲקוֹבָה,Old Testament,Hebrew,noun proper,an Israelite,,1
H3292,יַעֲקָן,Old Testament,Hebrew,noun proper,an Idumaean,,1
H3293,יַעַר,Old Testament,Hebrew,noun,"forest, wood.",,57
H3294,יַערָה,Old Testament,Hebrew,noun proper,an Israelite,,2
H3295,יַעֲרָה,Old Testament,Hebrew,noun,forest,,2
H3296,יַעֲרֵי אוֹרְגִים,Old Testament,Hebrew,noun proper,an Israelite,,2
H3297,יְעָרִים,Old Testament,Hebrew,noun location,a place in Israel,,1
H3298,יַעֲרֶשׁיָה,Old Testament,Hebrew,noun proper,an Israelite,,1
H3299,יַעֲשׂוּ,Old Testament,Hebrew,noun proper,an Israelite,,1
H3300,יַעֲשִׂיאֵל,Old Testament,Hebrew,noun proper,an Israelite,,2
H3301,יִפדְּיָה,Old Testament,Hebrew,noun proper,an Israelite,,1
H3302,יָפָה,Old Testament,Hebrew,verb,"be (make self) fair(-r), deck.",,7
H3303,יָפֶה,Old Testament,Hebrew,adjective,"beauty, comely, fair(-est, one), + goodly, pleasant, well.",,43
H3304,יְפֵה ־ פִיָה,Old Testament,Hebrew,adjective,very beautiful,,1
H3305,יָפוֹ יָפוֹא,Old Testament,Hebrew,noun location,a place in Israel,,4
H3306,יָפַח,Old Testament,Hebrew,verb,(properly) to breathe hard; (by implication) to sigh,,1
H3307,יָפֵַח,Old Testament,Hebrew,adjective,i.e. (figuratively) meditating,,1
H3308,יֳפִי,Old Testament,Hebrew,noun,beauty,,19
H3309,יָפִיַע,Old Testament,Hebrew,noun location,"the name of a Canaanite, an Israelite, and a place in Israel",,5
H3310,יַפלֵט,Old Testament,Hebrew,noun proper,an Israelite,,3
H3311,יַפלֵטִי,Old Testament,Hebrew,adjective,a Japhletite or descendant of Japhlet,,1
H3312,יְפוּנֶּה,Old Testament,Hebrew,noun proper,the name of two Israelites,,16
H3313,יָפַע,Old Testament,Hebrew,verb,"shew self, (cause to) shine (forth).",,8
H3314,יִפעָה,Old Testament,Hebrew,noun,splendor; (figuratively) beauty,,2
H3315,יֶפֶת,Old Testament,Hebrew,noun proper,also his posterity,,11
H3316,יִפתָּח,Old Testament,Hebrew,noun location,also a place in Israel,,30
H3317,יִפתַּח ־ אֵל,Old Testament,Hebrew,noun location,a place in Israel,,2
H3318,יָצָא,Old Testament,Hebrew,verb,"literally and figuratively, direct and proxim}",బయటకు వెళ్ళడానికి; (కారణంగా) బయటకు తీసుకురావడానికి,1077
A3319,יְצָא,Old Testament,Aramaic,verb,finish,,1
H3320,יָצַב,Old Testament,Hebrew,verb,"to station, offer, continue",,48
A3321,יְצֵב,Old Testament,Aramaic,verb,to be firm; (hence) to speak surely,,1
H3322,יָצַג,Old Testament,Hebrew,verb,"leave, make, present, put, set, stay.",,17
H3323,יִצהָר,Old Testament,Hebrew,noun,oil (as producing light); (figuratively) anointing,,23
H3324,יִצהָר,Old Testament,Hebrew,noun proper,an Israelite,,9
H3325,יִצהָרִי,Old Testament,Hebrew,adjective,Izharites.,,4
H3326,יָצוַּע,Old Testament,Hebrew,noun,"(architecture) an extension, i.e. wing or lean-to (a single story or collectively)",,11
H3327,יִצחָק,Old Testament,Hebrew,noun proper,son of Abraham,,108
H3328,יִצחַר,Old Testament,Hebrew,noun proper,an Israelite,,1
H3329,יָצִיא,Old Testament,Hebrew,adjective,i.e. offspring,,1
A3330,יַצִּיבּ,Old Testament,Aramaic,adjective,(concretely) certainty,,5
H3331,יַצַע,Old Testament,Hebrew,verb,"X lie, spread.",,4
H3332,יָצַק,Old Testament,Hebrew,verb,to stiffen or grow hard,,51
H3333,יְצוּקָה,Old Testament,Hebrew,noun,i.e. run into a mould,,2
H3334,יָצַר,Old Testament,Hebrew,verb,(figuratively) be in distress,,10
H3335,יָצַר,Old Testament,Hebrew,verb,"fashion, form, frame, make(-r), potter, purpose.",,64
H3336,יֵצֶר,Old Testament,Hebrew,noun,"thing framed, imagination, mind, work.",,9
H3337,יֵצֶר,Old Testament,Hebrew,noun proper,an Israelite,,3
H3338,יָצוּר,Old Testament,Hebrew,noun,i.e. limb or part,,1
H3339,יִצרִי,Old Testament,Hebrew,noun proper,an Israelite,,2
H3340,יִצרִי,Old Testament,Hebrew,adjective,a Jitsrite (collectively) or descendants of Jetser,,1
H3341,יָצַת,Old Testament,Hebrew,verb,"be desolate, set (on) fire ((fire)), kindle.",,31
H3342,יֶקֶב,Old Testament,Hebrew,noun,"or the upper, in which the grapes are crushed)",,16
H3343,יְקַבצְּאֵל,Old Testament,Hebrew,noun location,a place in Israel,,1
H3344,יָקַד,Old Testament,Hebrew,verb,"X from the hearth, kindle.",,9
A3345,יְקַד,Old Testament,Aramaic,verb,burning,,8
A3346,יְקֵדָא,Old Testament,Aramaic,noun,a conflagration,,1
H3347,יָקדְּעָם,Old Testament,Hebrew,noun location,a place in Israel,,1
H3348,יָקֶה,Old Testament,Hebrew,noun proper,a symbolical name (for Solomon),,1
H3349,יִקָּהָה,Old Testament,Hebrew,noun,to obey.,,2
H3350,יְקוֹד,Old Testament,Hebrew,noun,a burning,,2
H3351,יְקוּם,Old Testament,Hebrew,noun,(properly) standing (extant); (by implication) a living thing,,3
H3352,יָקוֹשׁ,Old Testament,Hebrew,noun,(properly) entangling; (hence) a snarer,,1
H3353,יָקוּשׁ,Old Testament,Hebrew,noun,or (transitive) a snarer,,3
H3354,יְקוּתִיאֵל,Old Testament,Hebrew,noun proper,an Israelite,,1
H3355,יָקטָּן,Old Testament,Hebrew,noun proper,an Arabian patriarch,,6
H3356,יָקִים,Old Testament,Hebrew,noun proper,the name of two Israelites,,2
H3357,יַקִּיר,Old Testament,Hebrew,adjective,precious,,1
A3358,יַקִּיר,Old Testament,Aramaic,adjective,rare,,2
H3359,יְקַמיָה,Old Testament,Hebrew,noun proper,the name of two Israelites,,3
H3360,יְקַמעָם,Old Testament,Hebrew,noun proper,an Israelite,,2
H3361,יָקמְעָם,Old Testament,Hebrew,noun location,a place in Israel,,2
H3362,יָקנְעָם,Old Testament,Hebrew,noun location,a place in Israel,,3
H3363,יָקַע,Old Testament,Hebrew,verb,"depart, hang (up), be out of joint.",,8
H3364,יָקַץ,Old Testament,Hebrew,verb,to awake (intransitive),,10
H3365,יָקַר,Old Testament,Hebrew,verb,"causatively, to make rare (figuratively, to inhibit)",,11
H3366,יְקָר,Old Testament,Hebrew,noun,dignity,,17
A3367,יְקָר,Old Testament,Aramaic,noun,honour,,7
H3368,יָקָר,Old Testament,Hebrew,adjective,"clear, costly, excellent, fat, honourable women, precious, reputation.",,36
H3369,יָקוֹשׁ,Old Testament,Hebrew,verb,to ensnare (literally or figuratively),,8
H3370,יָקשָׁן,Old Testament,Hebrew,noun proper,an Arabian patriarch,,4
H3371,יָקתְּאֵל,Old Testament,Hebrew,noun location,"the name of a place in Israel, and of one in Idumaea",,2
H3372,יָרֵא,Old Testament,Hebrew,verb,caus. to frighten,"భయపడుటకు; నైతికంగా, గౌరవించటానికి",328
H3373,יָרֵא,Old Testament,Hebrew,adjective,reverent,,55
H3374,יִראָה,Old Testament,Hebrew,noun,reverence,,41
H3375,יִראוֹן,Old Testament,Hebrew,noun location,a place in Israel,,1
H3376,יִראִיָיה,Old Testament,Hebrew,noun proper,an Israelite,,2
H3377,יָרֵב,Old Testament,Hebrew,noun,a symbolical name for Assyria,,2
H3378,יְרוּבַּעַל,Old Testament,Hebrew,noun proper,a symbol. name of Gideon,,14
H3379,יָרָבעָם,Old Testament,Hebrew,noun proper,the name of two Israelite kings,,104
H3380,יְרוּבֶּשֶׁת,Old Testament,Hebrew,noun proper,a symbolic name for Gideon,,1
H3381,יָרַד,Old Testament,Hebrew,verb,"as the shore, a boundary, the enemy, etc",,380
H3382,יֶרֶד,Old Testament,Hebrew,noun proper,"the name of an antediluvian, and of an Israelite",,7
H3383,יַרדֵּן,Old Testament,Hebrew,noun location,the principal river of Israel,,183
H3384,יָרָה יָרָא,Old Testament,Hebrew,verb,"cast, direct, inform, instruct, lay, shew, shoot, teach(-er,-ing), through.",,85
H3385,יְרוּאֵל,Old Testament,Hebrew,noun location,a place in Israel,,1
H3386,יָרוַֹח,Old Testament,Hebrew,noun proper,an Israelite,,1
H3387,יָרוֹק,Old Testament,Hebrew,noun,i.e. an herb,,1
H3388,יְרוּשָׁא יְרוּשָׁה,Old Testament,Hebrew,noun proper,as Israelitess,,2
H3389,יְרוּשָׁלִַם יְרוּשָׁלַיִם,Old Testament,Hebrew,noun location,the capital city of Israel,,643
A3390,יְרוּשָׁלֵם,Old Testament,Aramaic,noun location,the capital city of Israel,,26
H3391,יֶרַח,Old Testament,Hebrew,noun,i.e. month,,13
H3392,יֶרַח,Old Testament,Hebrew,noun proper,an Arabian patriarch,,2
A3393,יְרַח,Old Testament,Aramaic,noun,a month,,2
H3394,יָרֵַח,Old Testament,Hebrew,noun,the moon,,26
H3395,יְרוֹחָם,Old Testament,Hebrew,noun proper,the name of seven or eight Israelites,,10
H3396,יְרַחמְאֵל,Old Testament,Hebrew,noun proper,the name of three Israelites,,8
H3397,יְרַחמְאֵלִי,Old Testament,Hebrew,adjective,a Jerachmeelite or descendant of Jerachmeel,,2
H3398,יַרחָע,Old Testament,Hebrew,noun proper,an Egyptian,,2
H3399,יָרַט,Old Testament,Hebrew,verb,turn over.,,2
H3400,יְרִיאֵל,Old Testament,Hebrew,noun proper,an Israelite,,1
H3401,יָרִיבּ,Old Testament,Hebrew,noun,(as noun) an adversary,,3
H3402,יָרִיבּ,Old Testament,Hebrew,noun proper,the name of three Israelites,,3
H3403,יְרִיבַּי,Old Testament,Hebrew,noun proper,an Israelite,,1
H3404,יְרִיָה יְרִיָהוּ,Old Testament,Hebrew,noun proper,an Israelite,,3
H3405,יְרִיחוֹ יְרֵחוֹ יְרִיחוֹה,Old Testament,Hebrew,noun location,a place in Israel,,57
H3406,יְרִימוֹת יְרֵימוֹת יְרֵמוֹת,Old Testament,Hebrew,noun proper,the name of twelve Israelites,,14
H3407,יְרִיעָה,Old Testament,Hebrew,noun,a hanging (as tremulous),,54
H3408,יְרִיעוֹת,Old Testament,Hebrew,noun proper,an Israelitess,,1
H3409,יָרֵך,Old Testament,Hebrew,noun,"flank, side",,34
A3410,יַרכָּא,Old Testament,Aramaic,noun,a thigh,,1
H3411,יְרֵכָה,Old Testament,Hebrew,noun,"i.e. ""ends of the earth""",,30
H3412,יַרמוּת,Old Testament,Hebrew,noun location,the name of two places in Israel,,7
H3413,יְרֵמַי,Old Testament,Hebrew,noun proper,an Israelite,,1
H3414,יִרמְיָה יִרמְיָהוּ,Old Testament,Hebrew,noun proper,the name of eight or nine Israelites,,147
H3415,יָרַע,Old Testament,Hebrew,verb,(properly) to be broken up (with any violent action) i.e. (figuratively) to fear,,5
H3416,יִרפְּאֵל,Old Testament,Hebrew,noun location,a place in Israel,,1
H3417,יָרַק,Old Testament,Hebrew,verb,spit.,,3
H3418,יֶרֶק,Old Testament,Hebrew,noun,i.e. grass or vegetation,,6
H3419,יָרָק,Old Testament,Hebrew,noun,herbs.,,5
H3420,יֵרָקוֹן,Old Testament,Hebrew,noun,"whether of persons (from fright), or of plants (from drought)",,6
H3421,יָרקְעָם,Old Testament,Hebrew,noun proper,a place in Israel,,1
H3422,יְרַקרַק,Old Testament,Hebrew,adjective,yellow.,,3
H3423,יָרַשׁ יָרֵשׁ,Old Testament,Hebrew,verb,"(by implication) to seize, to rob, to inherit; (also) to expel, to impoverish, to ruin",,232
H3424,יְרֵשָׁה,Old Testament,Hebrew,noun,occupancy,,2
H3425,יְרוּשָּׁה,Old Testament,Hebrew,noun,"inheritance, possession.",,14
H3426,יֵשׁ,Old Testament,Hebrew,substantive,as may suit the connection),,138
H3427,יָשַׁב,Old Testament,Hebrew,verb,"(by implication) to dwell, to remain; (causatively) to settle, to marry",,1098
H3428,יֶשֶׁבאָב,Old Testament,Hebrew,noun proper,an Israelite,,1
H3429,יוֹשֵׁב בַּשֶּׁבֶת,Old Testament,Hebrew,noun proper,an Israelite,,1
H3430,יִשׁבּוֹ בְּנוֹב,Old Testament,Hebrew,noun proper,a Philistine,,1
H3431,יִשׁבַּח,Old Testament,Hebrew,noun proper,an Israelite,,1
H3432,יָשׁוּבִי,Old Testament,Hebrew,adjective,or descendant of Jashub,,1
H3433,יָשׁוּבִי לֶחֶם יוֹשֶׁבֵי לֶחֶם,Old Testament,Hebrew,noun proper,an Israelite,,1
H3434,יָשָׁבעָם,Old Testament,Hebrew,noun proper,the name of two or three Israelites,,3
H3435,יִשׁבָּק,Old Testament,Hebrew,noun proper,a son of Abraham,,2
H3436,יָשׁבְּקָשָׁה,Old Testament,Hebrew,noun proper,an Israelite,,2
H3437,יָשׁוּב יָשִׁיבּ,Old Testament,Hebrew,noun proper,the name of two Israelites,,4
H3438,יִשׁוָה,Old Testament,Hebrew,noun proper,an Israelite,,2
H3439,יְשׁוֹחָיָה,Old Testament,Hebrew,noun proper,an Israelite,,1
H3440,יִשׁוִי,Old Testament,Hebrew,noun proper,the name of two Israelites,,4
H3441,יִשׁוִי,Old Testament,Hebrew,adjective,a Jishvite (collectively) or descendants of Jishvi,,1
H3442,יֵשׁוַּע,Old Testament,Hebrew,noun location,"the name of ten Israelites, also of a place in Israel",,29
A3443,יֵשׁוַּע,Old Testament,Aramaic,noun proper,Jeshua,,1
H3444,יְשׁוּעָה,Old Testament,Hebrew,noun,"(hence) aid, victory, prosperity",,77
H3445,יֶשַׁח,Old Testament,Hebrew,noun,hunger,,1
H3446,יִשׂחָק,Old Testament,Hebrew,noun proper,the heir of Abraham,,4
H3447,יָשַׁט,Old Testament,Hebrew,verb,to extend,,3
H3448,יִשַׁי אִישַׁי,Old Testament,Hebrew,noun proper,David's father,,42
H3449,יִשִּׁיָה יִשִּׁיָהוּ,Old Testament,Hebrew,noun proper,the name of five Israelites,,7
H3450,יְשִׂימִאֵל,Old Testament,Hebrew,noun proper,an Israelite,,1
H3451,יְשִׁימָה,Old Testament,Hebrew,noun,desolation,,1
H3452,יְשִׁימוֹן,Old Testament,Hebrew,noun,"Jeshimon, solitary, wilderness.",,13
H3453,יָשִׁישׁ,Old Testament,Hebrew,adjective,"ancient, very old.",,4
H3454,יְשִׁישָׁי,Old Testament,Hebrew,noun proper,an Israelite,,1
H3455,יָשַׂם,Old Testament,Hebrew,verb,to be placed,,3
H3456,יָשַׁם,Old Testament,Hebrew,verb,to lie waste,,4
H3457,יִשׁמָא,Old Testament,Hebrew,noun proper,an Israelite,,1
H3458,יִשׁמָעֵאל,Old Testament,Hebrew,noun proper,"the name of Abraham's oldest son, and of five Israelites",,48
H3459,יִשׁמָעֵאלִי,Old Testament,Hebrew,adjective,a Jishmaelite or descendant of Jishmael,,8
H3460,יִשׁמַעיָה יִשׁמַעיָהוּ,Old Testament,Hebrew,noun proper,the name of two Israelites,,2
H3461,יִשׁמְרַי,Old Testament,Hebrew,noun proper,an Israelite,,2
H3462,יָשֵׁן,Old Testament,Hebrew,verb,stale or inveterate,,24
H3463,יָשֵׁן,Old Testament,Hebrew,adjective,"(one out of) sleep(-eth, -ing), slept.",,5
H3464,יָשֵׁן,Old Testament,Hebrew,noun proper,an Israelite,,1
H3465,יָשָׁן,Old Testament,Hebrew,adjective,old,,6
H3466,יְשָׁנָה,Old Testament,Hebrew,noun proper,a place in Israel,,1
H3467,יָשַׁע,Old Testament,Hebrew,verb,"(by implication) to be safe; causatively, to free or succor",,206
H3468,יֶשַׁע יֵשַׁע,Old Testament,Hebrew,noun,"deliverance, prosperity",,36
H3469,יִשׁעִי,Old Testament,Hebrew,noun proper,the name of four Israelites,,5
H3470,יְשַׁעיָה יְשַׁעיָהוּ,Old Testament,Hebrew,noun proper,the name of seven Israelites,,39
H3471,יָשׁפֵה,Old Testament,Hebrew,noun,a gem supposed to be jasper (from the resemblance in name),,3
H3472,יִשׁפָּה,Old Testament,Hebrew,noun proper,an Israelite,,1
H3473,יִשׁפָּן,Old Testament,Hebrew,noun proper,an Israelite,,1
H3474,יָשַׁר,Old Testament,Hebrew,verb,"to make) right, pleasant, prosperous",,28
H3475,יֵשֶׁר,Old Testament,Hebrew,noun proper,an Israelite,,1
H3476,יוֹשֶׁר,Old Testament,Hebrew,noun,"meet, right, upright(-ness).",,14
H3477,יָשָׁר,Old Testament,Hebrew,adjective,"equity, Jasher, just, meet(-est), + pleased well right(-eous), straight, (most) upright(-ly, -ness).",,119
H3478,יִשׂרָאֵל,Old Testament,Hebrew,noun proper,(typically) of his posterity,దేవునితో పోరాడినవాడు,2507
A3479,יִשׂרָאֵל,Old Testament,Aramaic,noun proper,Israel,,8
H3480,יְשַׂראֵלָה,Old Testament,Hebrew,noun proper,an Israelite,,1
H3481,יִשׂרְאֵלִי,Old Testament,Hebrew,adjective,Israelite.,,2
H3482,יִשׂרְאֵלִיתּ,Old Testament,Hebrew,adjective,a Jisreelitess or female descendant of Jisrael,,3
H3483,יִשׁרָה,Old Testament,Hebrew,noun,rectitude,,1
H3484,יְשׁוּרוּן,Old Testament,Hebrew,noun proper,a symbol. name for Israel,,4
H3485,יִשָּׂשׂכָּר,Old Testament,Hebrew,noun proper,a son of Jacob,,43
H3486,יָשֵׁשׁ,Old Testament,Hebrew,adjective,i.e. an aged man,,1
A3487,יַת,Old Testament,Aramaic,particle,self (but as a sign of the object of a verb),,1
A3488,יְתִב,Old Testament,Aramaic,verb,"(be) set, sit.",,5
H3489,יָתֵד,Old Testament,Hebrew,noun,"paddle, pin, stake.",,24
H3490,יָתוֹם,Old Testament,Hebrew,noun,orphan.,,42
H3491,יָתוּר,Old Testament,Hebrew,verb,(properly) what is left; (by implication) a gleaning,,1
H3492,יַתּתִּיר,Old Testament,Hebrew,noun location,a place in Israel,,4
A3493,יַתּתִּיר,Old Testament,Aramaic,adjective,very,,8
H3494,יִתלָה,Old Testament,Hebrew,noun location,"Jithlah, a place in Israel",,1
H3495,יִתמָה,Old Testament,Hebrew,noun proper,an Israelite,,1
H3496,יַתנִיאֵל,Old Testament,Hebrew,noun proper,an Israelite,,1
H3497,יִתנָן,Old Testament,Hebrew,noun location,a place in Israel,,1
H3498,יָתַר,Old Testament,Hebrew,verb,"cause to abound, preserve",,107
H3499,יֶתֶר,Old Testament,Hebrew,noun,also a small rope (as hanging free),,102
H3500,יֶתֶר,Old Testament,Hebrew,noun proper,the name of five or six Israelites and of one Midianite,,8
H3501,יִתרָא,Old Testament,Hebrew,noun proper,an Israelite (or Ishmaelite),,1
H3502,יִתרָה,Old Testament,Hebrew,noun,riches.,,2
H3503,יִתרוֹ,Old Testament,Hebrew,noun proper,Moses' father-in-law,,10
H3504,יִתרוֹן,Old Testament,Hebrew,noun,gain,,10
H3505,יִתרִי,Old Testament,Hebrew,adjective,a Jithrite or descendant of Jether,,5
H3506,יִתרָן,Old Testament,Hebrew,noun proper,the name of an Edomite and of an Israelite,,3
H3507,יִתרְעָם,Old Testament,Hebrew,noun proper,a son of David,,2
H3508,יוֹתֶרֶת,Old Testament,Hebrew,noun,the lobe or flap of the liver (as if redundant or outhanging),,11
H3509,יְתֵת,Old Testament,Hebrew,noun proper,an Edomite,,2
H3510,כָּאַב,Old Testament,Hebrew,verb,"mar, have pain, make sad (sore), (be) sorrowful.",,8
H3511,כְּאֵב,Old Testament,Hebrew,noun,adversity,,6
H3512,כָּאָה,Old Testament,Hebrew,verb,"be grieved, make sad.",,2
H3513,כָּבַד כָּבֵד,Old Testament,Hebrew,verb,"causatively, to make weighty (in the same two senses)",,116
H3514,כּוֹבֶד,Old Testament,Hebrew,noun,"multitude, vehemence",,4
H3515,כָּבֵד,Old Testament,Hebrew,adjective,"difficult, stupid)",,39
H3516,כָּבֵד,Old Testament,Hebrew,noun,the liver (as the heaviest of the viscera),,14
H3517,כְּבֵדוּת,Old Testament,Hebrew,noun,difficulty,,1
H3518,כָּבָה,Old Testament,Hebrew,verb,"light, anger)",,24
H3519,כָּבוֹד כָּבוֹד,Old Testament,Hebrew,noun,"but only figuratively in a good sense, splendor or copiousness",,200
H3520,כְּבוּדָּה,Old Testament,Hebrew,noun,"i.e. magnificence, wealth",,3
H3521,כָּבוּל,Old Testament,Hebrew,noun location,the name of two places in Israel,,2
H3522,כַּבּוֹן,Old Testament,Hebrew,noun location,a place in Israel,,1
H3523,כְּבִיר,Old Testament,Hebrew,noun,a matrass (of intertwined materials),,2
H3524,כַּבִּיר,Old Testament,Hebrew,adjective,"of time, aged), or in number, many",,10
H3525,כֶּבֶל,Old Testament,Hebrew,noun,a fetter,,2
H3526,כָּבַס,Old Testament,Hebrew,verb,"by stamping with the feet), whether literal (including the fulling process) or figurative",,51
H3527,כָּבַר,Old Testament,Hebrew,verb,"i.e. (figuratively) to augment (especially in number or quantity, to accumulate)",,1
H3528,כְּבָר,Old Testament,Hebrew,verb,"(hence) long ago, formerly, hitherto",,9
H3529,כְּבָר,Old Testament,Hebrew,noun location,a river of Mesopotamia,,8
H3530,כִּברָה,Old Testament,Hebrew,noun,i.e. a measure (of uncertain dimension),,3
H3531,כְּבָרָה,Old Testament,Hebrew,noun,a sieve (as netted),,1
H3532,כֶּבֶשׂ,Old Testament,Hebrew,noun,sheep.,,107
H3533,כָּבַשׁ,Old Testament,Hebrew,verb,"positively, to conquer, subjugate, violate",,15
H3534,כֶּבֶשׁ,Old Testament,Hebrew,noun,a footstool (as trodden upon),,1
H3535,כִּבשָׂה כַּבשָׂה,Old Testament,Hebrew,noun,a ewe,,8
H3536,כִּבשָׁן,Old Testament,Hebrew,noun,a smelting furnace (as reducing metals),,4
H3537,כַּד,Old Testament,Hebrew,noun,pitcher.,,18
A3538,כְּדַב,Old Testament,Aramaic,adjective,false,,1
H3539,כַּדכּוֹד,Old Testament,Hebrew,noun,probably the ruby,,2
H3540,כְּדָרלָעוֹמֶר,Old Testament,Hebrew,noun proper,an early Persian king,,5
H3541,כּוֹה,Old Testament,Hebrew,verb,"(also, of place) here (or hither)",,577
A3542,כָּה,Old Testament,Aramaic,pronoun,hitherto,,1
H3543,כָּהָה,Old Testament,Hebrew,verb,"i.e. (figuratively) to despond (causatively, rebuke), or (of light, the eye) to grow dull",,8
H3544,כֵּהֶה,Old Testament,Hebrew,adjective,obscure,,9
H3545,כֵּהָה,Old Testament,Hebrew,noun,i.e. cure,,1
A3546,כְּהַל,Old Testament,Aramaic,verb,could.,,4
H3547,כָּהַן,Old Testament,Hebrew,verb,"apparently meaning to mediate in religious services, but used only as denominative from H3548]",,23
H3548,כּוֹהֵן,Old Testament,Hebrew,noun,"(also, by courtesy) an acting priest (although a layman)","(అక్షరాలా) ఒక అధికారి, ఒక పూజారి; (అలాగే, మర్యాదతో) ఒక నటన పూజారి (ఒక సామాన్యుడు అయినప్పటికీ)",750
A3549,כָּהֵן,Old Testament,Aramaic,noun,priest,,8
H3550,כְּהוּנָּה,Old Testament,Hebrew,noun,priest's office.,,14
A3551,כַּו,Old Testament,Aramaic,noun,a window (as a perforation),,1
H3552,כּוּב,Old Testament,Hebrew,noun location,a country near Egypt,,1
H3553,כּוֹבַע,Old Testament,Hebrew,noun,a helmet (as arched),,6
H3554,כָּוָה,Old Testament,Hebrew,verb,(properly) to prick or penetrate; (hence) to blister (as smarting or eating into),,2
H3555,כְּוִיָה,Old Testament,Hebrew,noun,a branding,,2
H3556,כּוֹכָב,Old Testament,Hebrew,noun,H3554,,37
H3557,כּוּל,Old Testament,Hebrew,verb,"can) abide, bear, comprehend, contain, feed, forbearing, guide, hold(-ing in), nourish(-er), be present, make provision, receive, sustain, provide sustenance (victuals).",,37
H3558,כּוּמָז,Old Testament,Hebrew,noun,a jewel (probably gold beads),,2
H3559,כּוּן,Old Testament,Hebrew,verb,"in a great variety of applications, whether literal (establish, fix, prepare, apply), or figurative (appoint, render sure, proper or prosperous)",,220
H3560,כּוּן,Old Testament,Hebrew,noun location,a place in Syria,,1
H3561,כַּוָּן,Old Testament,Hebrew,noun,i.e. a sacrificial wafer,,2
H3562,כּוֹנַניָהוּ,Old Testament,Hebrew,noun proper,the name of two Israelites,,3
H3563,כּוֹס,Old Testament,Hebrew,noun,"(also) some unclean bird, probably an owl (perhaps from the cup-like cavity of its eye)",,34
H3564,כּוּר,Old Testament,Hebrew,noun,to dig through],,9
H3565,כּוֹר עָשָׁן,Old Testament,Hebrew,noun location,a place in Israel,,1
H3566,כּוֹרֶשׁ כּוֹרֶשׁ,Old Testament,Hebrew,noun proper,the Persian king,,15
A3567,כּוֹרֶשׁ,Old Testament,Aramaic,noun proper,Cyrus,,8
H3568,כּוּשׁ,Old Testament,Hebrew,noun location,also of an Israelite,,30
H3569,כּוּשִׁי,Old Testament,Hebrew,adjective,or descendant of Cush,,26
H3570,כּוּשִׁי,Old Testament,Hebrew,noun proper,the name of two Israelites,,1
H3571,כּוּשִׁיתּ,Old Testament,Hebrew,adjective,a Cushite woman,,1
H3572,כּוּשָׁן,Old Testament,Hebrew,noun location,a region of Arabia,,1
H3573,כּוּשַׁן רִשׁעָתַיִם,Old Testament,Hebrew,noun proper,a Mesopotamian king,,4
H3574,כּוֹשָׁרָה,Old Testament,Hebrew,noun,prosperity; (in plural) freedom,,1
H3575,כּוּת כּוּתָה,Old Testament,Hebrew,noun location,a province of Assyria,,2
H3576,כָּזַב,Old Testament,Hebrew,verb,literally or figuratively,,18
H3577,כָּזָב,Old Testament,Hebrew,noun,"false, leasing, + liar, lie, lying.",,29
H3578,כּוֹזְבָא,Old Testament,Hebrew,noun location,a place in Israel,,1
H3579,כָּזבִּי,Old Testament,Hebrew,noun proper,a Midianitess,,2
H3580,כְּזִיבּ,Old Testament,Hebrew,noun location,a place in Israel,,1
H3581,כּוַֹח כּוַֹח,Old Testament,Hebrew,noun,(from its hardiness) a large lizard,,127
H3582,כָּחַד,Old Testament,Hebrew,verb,hence (intensively) to destroy,,32
H3583,כָּחַל,Old Testament,Hebrew,verb,a silvery white metalic element),,1
H3584,כָּחַשׁ,Old Testament,Hebrew,verb,"in word (to lie, feign, disown) or deed (to disappoint, fail, cringe)",,22
H3585,כַּחַשׁ,Old Testament,Hebrew,noun,(figuratively) hypocrisy,,6
H3586,כֶּחָשׁ,Old Testament,Hebrew,adjective,faithless,,1
H3587,כִּי,Old Testament,Hebrew,noun,a brand or scar,,1
H3588,כִּי,Old Testament,Hebrew,conjunction,antecedent or consequent],,4487
H3589,כִּידּ,Old Testament,Hebrew,noun,(figuratively) calamity,,1
H3590,כִּידּוֹד,Old Testament,Hebrew,noun,i.e. a spark (as struck),,1
H3591,כִּידּוֹן,Old Testament,Hebrew,noun,i.e. a dart (perhaps smaller that H2595),,9
H3592,כִּידּוֹן,Old Testament,Hebrew,noun location,a place in Israel,,1
H3593,כִּידּוֹר,Old Testament,Hebrew,noun,perhaps tumult,,1
H3594,כִּיוּן,Old Testament,Hebrew,noun proper,but used (by euphemism) for some heathen deity (perhaps corresponding to Priapus or Baal-peor),,1
H3595,כִּיוֹר כִּיוֹר,Old Testament,Hebrew,noun,hence (from similarity of form) a washbowl; (for the same reason) a pulpit or platform,,23
H3596,כִּילַי כֵּלַי,Old Testament,Hebrew,noun,niggardly,,2
H3597,כֵּילַף,Old Testament,Hebrew,noun,a club or sledge-hammer,,1
H3598,כִּימָה,Old Testament,Hebrew,noun,i.e. the Pleiades,,3
H3599,כִּיס,Old Testament,Hebrew,noun,"cup, purse.",,6
H3600,כִּיר,Old Testament,Hebrew,noun,across which the boiler is set),,1
H3601,כִּישׁוֹר,Old Testament,Hebrew,noun,a spindle,,1
H3602,כָּכָה,Old Testament,Hebrew,verb,referring to the previous or following context,,37
H3603,כִּכָר,Old Testament,Hebrew,noun,also a (round) loaf,,68
A3604,כִּכֵר,Old Testament,Aramaic,noun,a talent,,1
H3605,כּוֹל כּוֹל,Old Testament,Hebrew,noun,"any or every (in the singular only, but often in a plural sense)",,5415
A3606,כּוֹל,Old Testament,Aramaic,noun,"any, + (forasmuch) as, + be-(for this) cause, every, + no (manner, -ne), + there (where)-fore, + though, what (where, who)-soever, (the) whole",,105
H3607,כָּלָא,Old Testament,Hebrew,verb,by act (hold back or in) or word (prohibit),,18
H3608,כֶּלֶא,Old Testament,Hebrew,noun,H3628,,10
H3609,כִּלאָב,Old Testament,Hebrew,noun proper,an Israelite,,1
H3610,כִּלאַיִם,Old Testament,Hebrew,noun,mingled (seed).,,4
H3611,כֶּלֶב,Old Testament,Hebrew,noun,or else to attack],,32
H3612,כָּלֵב,Old Testament,Hebrew,noun proper,the name of three Israelites,,35
H3613,כָּלֵב אֶפרָתָה,Old Testament,Hebrew,noun location,a place in Egypt (if the text is correct),,1
H3614,כָּלִבּוֹ כָּלֵבִי,Old Testament,Hebrew,adjective,a Calebite or descendant of Caleb,,1
H3615,כָּלָה,Old Testament,Hebrew,verb,"whether intransitive (to cease, be finished, perish) or transitived (to complete, prepare, consume)",,206
H3616,כָּלֶה,Old Testament,Hebrew,adjective,pining,,1
H3617,כָּלָה,Old Testament,Hebrew,noun,also destruction,,21
H3618,כַּלָּה,Old Testament,Hebrew,noun,"daughter-in-law, spouse.",,34
H3619,כְּלוּב,Old Testament,Hebrew,noun,cage.,,3
H3620,כְּלוּב,Old Testament,Hebrew,noun proper,the name of two Israelites,,2
H3621,כְּלוּבַי,Old Testament,Hebrew,noun proper,an Israelite,,1
H3622,כְּלוּהַי,Old Testament,Hebrew,noun proper,an Israelite,,1
H3623,כְּלוּלָה,Old Testament,Hebrew,noun,bridehood (only in the plural),,1
H3624,כֶּלַח,Old Testament,Hebrew,noun,maturity,,2
H3625,כֶּלַח,Old Testament,Hebrew,noun location,a place in Assyria,,2
H3626,כָּל ־ חוֹזֶה,Old Testament,Hebrew,noun proper,an Israelite,,2
H3627,כְּלִי,Old Testament,Hebrew,noun,"i.e. any apparatus (as an implement, utensil, dress, vessel or weapon)",,325
H3628,כְּלִיא כְּלוּא,Old Testament,Hebrew,noun,a prison,,2
H3629,כִּליָה,Old Testament,Hebrew,noun,reins.,,31
H3630,כִּליוֹן,Old Testament,Hebrew,noun proper,an Israelite,,3
H3631,כִּלָּיוֹן,Old Testament,Hebrew,noun,destruction,,2
H3632,כָּלִיל,Old Testament,Hebrew,adjective,"as adverb, fully",,15
H3633,כַּלכּוֹל,Old Testament,Hebrew,noun proper,an Israelite,,2
H3634,כָּלַל,Old Testament,Hebrew,verb,to complete,,2
A3635,כְּלַל,Old Testament,Aramaic,verb,make (set) up.,,8
H3636,כְּלָל,Old Testament,Hebrew,noun proper,an Israelite,,1
H3637,כָּלַם,Old Testament,Hebrew,verb,"blush, be confounded, be put to confusion, hurt, reproach, (do, put to) shame.",,38
H3638,כִּלמָד,Old Testament,Hebrew,noun location,a place apparently in the Assyrian empire,,1
H3639,כְּלִמָּה,Old Testament,Hebrew,noun,"dishonour, reproach, shame.",,30
H3640,כְּלִמּוּת,Old Testament,Hebrew,noun,disgrace,,1
H3641,כַּלנֶה כַּלנֵה כַּלנוֹ,Old Testament,Hebrew,noun location,a place in the Assyrian empire,,3
H3642,כָּמַהּ,Old Testament,Hebrew,verb,to pine after,,1
H3643,כִּמהָם,Old Testament,Hebrew,noun location,an Israelite,,4
H3644,כְּמוֹ כָּמוֹ,Old Testament,Hebrew,verb,"thus, so",,142
H3645,כְּמוֹשׁ כְּמִישׁ,Old Testament,Hebrew,noun proper,the god of the Moabites,,9
H3646,כַּמּוֹן,Old Testament,Hebrew,noun,"""cummin"" (from its use as a condiment)",,3
H3647,כָּמַס,Old Testament,Hebrew,verb,i.e. (figuratively) in the memory,,1
H3648,כָּמַר,Old Testament,Hebrew,verb,"be kindled, yearn.",,4
H3649,כָּמָר,Old Testament,Hebrew,noun,i.e. an idolatrous priest (only in plural),,3
H3650,כִּמרִיר,Old Testament,Hebrew,noun,i.e. an eclipse (only in plural),,1
H3651,כֵּן,Old Testament,Hebrew,adjective,time and relation,,612
A3652,כֵּן,Old Testament,Aramaic,verb,so,,8
H3653,כֵּן,Old Testament,Hebrew,noun,i.e. pedestal or station,,16
H3654,כֵּן,Old Testament,Hebrew,noun,X manner.,,7
H3655,כָּנָה,Old Testament,Hebrew,verb,surname (himself).,,4
H3656,כַּנֶּה,Old Testament,Hebrew,noun location,a place in Assyria,,1
H3657,כַּנָּה,Old Testament,Hebrew,noun,a plant (as set),,1
H3658,כִּנּוֹר,Old Testament,Hebrew,noun,a harp,,42
H3659,כָּניָהוּ,Old Testament,Hebrew,noun proper,an Israelite king,,3
A3660,כְּנֵמָא,Old Testament,Aramaic,verb,"(in) this manner (sort), thus.",,5
H3661,כָּנַן,Old Testament,Hebrew,noun,i.e. plant,,1
H3662,כְּנָנִי,Old Testament,Hebrew,noun proper,an Israelite,,1
H3663,כְּנַניָה כְּנַניָהוּ,Old Testament,Hebrew,noun proper,an Israelite,,6
H3664,כָּנַס,Old Testament,Hebrew,verb,"heap up, wrap self.",,11
H3665,כָּנַע,Old Testament,Hebrew,verb,vanquish,,36
H3666,כִּנעָה,Old Testament,Hebrew,noun,a package,,1
H3667,כְּנַעַן,Old Testament,Hebrew,noun,also the country inhabited by him,,94
H3668,כְּנַעֲנָה,Old Testament,Hebrew,noun proper,the name of two Israelites,,5
H3669,כְּנַעַנִי,Old Testament,Hebrew,adjective,who conducted mercantile caravans),,73
H3670,כָּנַף,Old Testament,Hebrew,verb,i.e. probably (reflexive) to withdraw,,1
H3671,כָּנָף,Old Testament,Hebrew,noun,"(of a garment or bed-clothing) a flap, (of the earth) a quarter, (of a building) a pinnacle",,111
H3672,כִּנְּרוֹת כִּנֶּרֶת,Old Testament,Hebrew,noun location,a place in Israel,,7
A3673,כָּנַשׁ,Old Testament,Aramaic,verb,to assemble,,3
H3674,כְּנָת,Old Testament,Hebrew,noun,a colleague (as having the same title),,1
A3675,כְּנָת,Old Testament,Aramaic,noun,companion,,7
H3676,כֵּס,Old Testament,Hebrew,noun,but probably by erroneous transcription for H5251],,1
H3677,כֶּסֶא כֶּסֶה,Old Testament,Hebrew,noun,i.e. its festival,,2
H3678,כִּסֵּא כִּסֵּה,Old Testament,Hebrew,noun,i.e. a throne (as canopied),,135
A3679,כַּסדַּי,Old Testament,Aramaic,adjective,Chaldean,,1
H3680,כָּסָה,Old Testament,Hebrew,verb,(by implication) to cover (for clothing or secrecy),,153
H3681,כָּסוּי,Old Testament,Hebrew,noun,i.e. (as noun) a covering,,2
H3682,כְּסוּת,Old Testament,Hebrew,noun,"raiment, vesture.",,9
H3683,כָּסַח,Old Testament,Hebrew,verb,to cut off,,2
H3684,כְּסִיל,Old Testament,Hebrew,noun,i.e. (figuratively) stupid or silly,,70
H3685,כְּסִיל,Old Testament,Hebrew,noun,Orion.,,4
H3686,כְּסִיל,Old Testament,Hebrew,noun location,a place in Israel,,1
H3687,כְּסִילוּת,Old Testament,Hebrew,noun,silliness,,1
H3688,כָּסַל,Old Testament,Hebrew,verb,i.e. (figuratively) silly,,1
H3689,כֶּסֶל,Old Testament,Hebrew,noun,"(generally) the bowels, gut, intestines",,13
H3690,כִּסלָה,Old Testament,Hebrew,noun,"in a bad one, silliness",,2
H3691,כִּסלֵו,Old Testament,Hebrew,noun proper,the 9th Heb. month,,2
H3692,כִּסלוֹן,Old Testament,Hebrew,noun proper,an Israelite,,1
H3693,כְּסָלוֹן,Old Testament,Hebrew,noun location,a place in Israel,,1
H3694,כְּסוּלּוֹת,Old Testament,Hebrew,noun location,a place in Israel,,1
H3695,כַּסלוּחִים,Old Testament,Hebrew,noun,a people cognate to the Egyptians,,2
H3696,כִּסוֹלתּ תָּבוֹר,Old Testament,Hebrew,noun location,a place in Israel,,1
H3697,כָּסַם,Old Testament,Hebrew,verb,poll.,,2
H3698,כּוּסֶּמֶת,Old Testament,Hebrew,noun,rie.,,3
H3699,כָּסַס,Old Testament,Hebrew,verb,to estimate,,1
H3700,כָּסַף,Old Testament,Hebrew,verb,"be greedy, long, sore.",,6
H3701,כֶּסֶף,Old Testament,Hebrew,noun,"price, silver(-ling).",,403
A3702,כְּסַף,Old Testament,Aramaic,noun,silver,,13
H3703,כָּסִפיָא,Old Testament,Hebrew,noun location,a place in Babylon,,2
H3704,כֶּסֶת,Old Testament,Hebrew,noun,a cushion or pillow (as covering a seat or bed),,2
A3705,כְּעַן,Old Testament,Aramaic,verb,now,,13
A3706,כְּעֶנֶת כְּעֶת,Old Testament,Aramaic,verb,"thus (only in the formula ""and so forth"")",,4
H3707,כַּעַס,Old Testament,Hebrew,verb,"rage, be indignant",,54
H3708,כַּעַס כַּעַשׂ,Old Testament,Hebrew,noun,"angry, grief, indignation, provocation, provoking, X sore, sorrow, spite, wrath.",,26
H3709,כַּף,Old Testament,Hebrew,noun,(figuratively) power,,195
H3710,כֵּף,Old Testament,Hebrew,noun,a hollow rock,,2
H3711,כָּפָה,Old Testament,Hebrew,verb,i.e. (figuratively) to tame or subdue,,1
H3712,כִּפָּה,Old Testament,Hebrew,noun,a leaf of a palm-tree,,3
H3713,כְּפוֹר,Old Testament,Hebrew,noun,hoar(-y) frost.,,12
H3714,כָּפִיס,Old Testament,Hebrew,noun,a girder,,1
H3715,כְּפִיר,Old Testament,Hebrew,noun,village.,,32
H3716,כְּפִירָה,Old Testament,Hebrew,noun location,a place in Israel,,4
H3717,כָּפַל,Old Testament,Hebrew,verb,to fold together; (figuratively) to repeat,,5
H3718,כֶּפֶל,Old Testament,Hebrew,noun,a duplicate,,3
H3719,כָּפַן,Old Testament,Hebrew,verb,to bend,,1
H3720,כָּפָן,Old Testament,Hebrew,noun,hunger (as making to stoop with emptiness and pain),,2
H3721,כָּפַף,Old Testament,Hebrew,verb,to curve,,5
H3722,כָּפַר,Old Testament,Hebrew,verb,to placate or cancel,"కవర్ చేయడానికి (ప్రత్యేకంగా తారుతో); (అలంకారికంగా) ప్రాయశ్చిత్తం చేయడం లేదా క్షమించడం, శాంతింపజేయడం లేదా రద్దు చేయడం",102
H3723,כָּפָר,Old Testament,Hebrew,noun,a village (as protected by walls),,2
H3724,כּוֹפֶר,Old Testament,Hebrew,noun,"(specifically) bitumen (as used for coating), and the henna plant (as used for dyeing); (figuratively) a redemption-price",,17
H3725,כִּפּוּר,Old Testament,Hebrew,noun,expiation (only in plural),,8
H3726,כְּפַר הָעַמּוֹנִי,Old Testament,Hebrew,noun location,a place in Israel,,1
H3727,כַּפּוֹרֶת,Old Testament,Hebrew,noun,a lid (used only of the cover of the sacred Ark),,27
H3728,כָּפַשׁ,Old Testament,Hebrew,verb,to tread down; (figuratively) to humiliate,,1
A3729,כְּפַת,Old Testament,Aramaic,verb,to fetter,,4
H3730,כַּפתּוֹר כַּפתּוֹר,Old Testament,Hebrew,noun,"i.e. the capital of a column, or a wreath-like button or disk on the candelabrum",,18
H3731,כַּפתּוֹר כַּפתּוֹר,Old Testament,Hebrew,noun location,the original seat of the Philistines,,3
H3732,כַּפתּוֹרִי,Old Testament,Hebrew,adjective,Caphtorim(-s).,,3
H3733,כַּר,Old Testament,Hebrew,noun,(hence) a meadow (as for sheep); also a pad or camel's saddle (as puffed out),,16
H3734,כּוֹר,Old Testament,Hebrew,noun,i.e. (specifically) a cor or measure for things dry,,9
A3735,כָּרָא,Old Testament,Aramaic,verb,to grieve,,1
H3736,כַּרבֵּל,Old Testament,Hebrew,verb,to gird or clothe,,1
A3737,כַּרבְּלָא,Old Testament,Aramaic,noun,a mantle,,1
H3738,כָּרָה,Old Testament,Hebrew,verb,"X make (a banquet), open.",,17
H3739,כָּרָה,Old Testament,Hebrew,verb,but probably only a special application of H3738 (through the common idea of planning implied in a bargain)],,3
H3740,כֵּרָה,Old Testament,Hebrew,noun,a purchase,,1
H3741,כָּרָה,Old Testament,Hebrew,noun,a meadow,,1
H3742,כְּרוּב,Old Testament,Hebrew,noun,(plural) cherubims.,,91
H3743,כְּרוּב,Old Testament,Hebrew,noun location,a place in Babylon,,2
A3744,כָּרוֹז,Old Testament,Aramaic,noun,a herald,,1
A3745,כְּרַז,Old Testament,Aramaic,verb,to proclaim,,1
H3746,כָּרִי,Old Testament,Hebrew,adjective,Cherethites (from the margin).,,4
H3747,כְּרִיתּ,Old Testament,Hebrew,noun location,a brook of Israel,,2
H3748,כְּרִיתּוּת,Old Testament,Hebrew,noun,i.e. divorce,,4
H3749,כַּרכּוֹב,Old Testament,Hebrew,noun,a rim or top margin,,2
H3750,כַּרכּוֹם,Old Testament,Hebrew,noun,the crocus,,1
H3751,כַּרכְּמִישׁ,Old Testament,Hebrew,noun location,a place in Syria,,3
H3752,כַּרכַּס,Old Testament,Hebrew,noun proper,a eunuch of Xerxes,,1
H3753,כַּרכָּרָה,Old Testament,Hebrew,noun,a dromedary (from its rapid motion as if dancing),,1
H3754,כֶּרֶם,Old Testament,Hebrew,noun,"(increase of the) vineyard(-s), vintage. See also H1021.",,92
H3755,כּוֹרֵם,Old Testament,Hebrew,verb,a vinedresser,,2
H3756,כַּרמִי,Old Testament,Hebrew,noun proper,the name of three Israelites,,8
H3757,כַּרמִי,Old Testament,Hebrew,adjective,a Karmite or descendant of Karmi,,1
H3758,כַּרמִיל,Old Testament,Hebrew,noun,a deep red,,3
H3759,כַּרמֶל,Old Testament,Hebrew,noun,(by implication) garden produce,,16
H3760,כַּרמֶל,Old Testament,Hebrew,noun location,the name of a hill and of a town in Israel,,24
H3761,כַּרמְלִי,Old Testament,Hebrew,adjective,a Karmelite or inhabitant of Karmel (the town),,5
H3762,כַּרמְלִיתּ,Old Testament,Hebrew,adjective,a Karmelitess or female inhabitant of Karmel,,2
H3763,כְּרָן,Old Testament,Hebrew,noun proper,an aboriginal Idumaean,,2
A3764,כָּרסֵא,Old Testament,Aramaic,noun,a throne,,3
H3765,כִּרסֵם,Old Testament,Hebrew,verb,to lay waste,,1
H3766,כָּרַע,Old Testament,Hebrew,verb,to prostrate,,36
H3767,כָּרָע,Old Testament,Hebrew,noun,the leg (from the knee to the ankle) of men or locusts (only in the dual),,9
H3768,כַּרפַּס,Old Testament,Hebrew,noun,Egyptian],,1
H3769,כָּרַר,Old Testament,Hebrew,verb,to dance (i.e. whirl),,2
H3770,כְּרֵשׂ,Old Testament,Hebrew,noun,the paunch or belly (as swelling out),,1
H3771,כַּרשְׁנָא,Old Testament,Hebrew,noun proper,a courtier of Xerxes,,1
H3772,כָּרַת,Old Testament,Hebrew,verb,"(by implication) to destroy or consume; specifically, to covenant (i.e. make an alliance or bargain, originally by cutting flesh and passing between the pieces)",,289
H3773,כָּרוּתָה,Old Testament,Hebrew,noun,i.e. a hewn timber,,3
H3774,כְּרֵתִי,Old Testament,Hebrew,adjective,Cherethites.,,9
H3775,כֶּשֶׂב,Old Testament,Hebrew,noun,a young sheep,,13
H3776,כִּשׂבָּה,Old Testament,Hebrew,noun,a young ewe,,1
H3777,כֶּשֶׂד,Old Testament,Hebrew,noun proper,a relative of Abraham,,1
H3778,כַּשׂדִּי כַּשׂדִּימָה,Old Testament,Hebrew,noun location,"a Kasdite, or descendant of Kesed; (by implication) a Chaldaean (as if so descended)",,82
A3779,כַּשׂדַּי,Old Testament,Aramaic,noun,a Chaldaean or inhabitant of Chaldaea; (by implication) a Magian or professional astrologer,,8
H3780,כָּשָׂה,Old Testament,Hebrew,verb,to grow fat (i.e. be covered with flesh),,1
H3781,כַּשִּׁיל,Old Testament,Hebrew,noun,(properly) a feller (something that fells trees); (concretely) an axe,,1
H3782,כָּשַׁל,Old Testament,Hebrew,verb,"(by implication) to falter, stumble, faint or fall",,65
H3783,כִּשָּׁלוֹן,Old Testament,Hebrew,noun,i.e. ruin,,1
H3784,כָּשַׁף,Old Testament,Hebrew,verb,i.e. to inchant or practise magic,,6
H3785,כֶּשֶׁף,Old Testament,Hebrew,noun,witchcraft.,,6
H3786,כַּשָּׁף,Old Testament,Hebrew,noun,a magician,,1
H3787,כָּשֵׁר,Old Testament,Hebrew,verb,to be straight or right],,3
H3788,כִּשׁרוֹן,Old Testament,Hebrew,noun,advantage,,3
H3789,כָּתַב,Old Testament,Hebrew,verb,"(by implication) to write (describe, inscribe, prescribe, subscribe)",,227
A3790,כְּתַב,Old Testament,Aramaic,verb,write(-ten),,8
H3791,כָּתָב,Old Testament,Hebrew,noun,"i.e. a writing, record or book",,15
A3792,כְּתָב,Old Testament,Aramaic,noun,writing(-ten),,12
H3793,כְּתוֹבֶת,Old Testament,Hebrew,noun,a letter or other mark branded on the skin,,1
H3794,כִּתּתִּי כִּתּתִּיִי,Old Testament,Hebrew,adjective,i.e. the Greeks or Romans on the shores opposite Israel,,10
H3795,כָּתִיתּ,Old Testament,Hebrew,adjective,i.e. pure (oil),,5
H3796,כּוֹתֶל,Old Testament,Hebrew,noun,a wall (as gathering inmates),,1
A3797,כְּתַל,Old Testament,Aramaic,noun,wall,,2
H3798,כִּתלִישׁ,Old Testament,Hebrew,noun location,a place in Israel,,6
H3799,כָּתַם,Old Testament,Hebrew,verb,(properly) to carve or engrave; (by implication) to inscribe indelibly,,1
H3800,כֶּתֶם,Old Testament,Hebrew,noun,(hence) gold (pure as originally mined),,9
H3801,כְּתוֹנֶת כּוּתּתּוֹנֶת,Old Testament,Hebrew,noun,"garment, robe.",,29
H3802,כָּתֵף,Old Testament,Hebrew,noun,as being the spot where the garments hang); (figuratively) side-piece or lateral projection of anything,,67
H3803,כָּתַר,Old Testament,Hebrew,verb,also to wait (as restraining oneself),,6
H3804,כֶּתֶר,Old Testament,Hebrew,noun,i.e. a diadem,,3
H3805,כּוֹתֶרֶת,Old Testament,Hebrew,noun,the capital of a column,,24
H3806,כָּתַשׁ,Old Testament,Hebrew,verb,to butt or pound,,1
H3807,כָּתַת,Old Testament,Hebrew,verb,"to pieces), break in pieces, crushed, destroy, discomfit, smite, stamp.",,17
H3808,לוֹא לוֹה,Old Testament,Hebrew,verb,"+ or else, ere, + except, ig(-norant), much, less, nay, neither, never, no((-ne), -r, (-thing)), (X as though...,(can-), for) not (out of), of nought, otherwise, out of, + surely, + as truly as, + of a truth, + verily, for want, + whether, without.",,5188
A3809,לָא לָה,Old Testament,Aramaic,verb,"neither, no(-ne, -r), ((can-))not, as nothing, without.",,82
H3810,לוֹא דְּבַר לוֹ דְּבַר לִדבִּר לוֹדְבַר,Old Testament,Hebrew,noun location,a place in Israel,,3
H3811,לָאָה,Old Testament,Hebrew,verb,"grieve, lothe, (be, make) weary (selves).",,19
H3812,לֵאָה,Old Testament,Hebrew,noun proper,a wife of Jacob,,34
H3813,לָאַט,Old Testament,Hebrew,verb,to muffle,,1
H3814,לָאטּ,Old Testament,Hebrew,noun,i.e. silently,,1
H3815,לָאֵל,Old Testament,Hebrew,noun proper,(belonging) to God; Lael an Israelite,,1
H3816,לְאוֹם לְאוֹם,Old Testament,Hebrew,noun,people.,,39
H3817,לְאוּמִּים,Old Testament,Hebrew,noun,an Arabian,,1
H3818,לוֹא עַמִּי,Old Testament,Hebrew,noun proper,the symbolic name of a son of Hosea,,2
H3819,לוֹא רוּחָמָה,Old Testament,Hebrew,noun proper,the symbol. name of a son of Hosea,,4
H3820,לֵב,Old Testament,Hebrew,noun,likewise for the centre of anything,"గుండె; భావాలు, సంకల్పం మరియు తెలివికి కూడా చాలా విస్తృతంగా (అలంకారికంగా) ఉపయోగించబడింది",595
A3821,לֵב,Old Testament,Aramaic,noun,heart,,1
H3822,לְבָאוֹת,Old Testament,Hebrew,noun location,a place in Israel,,1
H3823,לָבַב,Old Testament,Hebrew,verb,(as denominative from H3834) to make cakes,,5
H3824,לֵבָב,Old Testament,Hebrew,noun,"breast, comfortably, courage, ((faint), (tender-)heart((-ed)), midst, mind, X unawares, understanding.",,252
A3825,לְבַב,Old Testament,Aramaic,noun,heart,,7
H3826,לִבָּה,Old Testament,Hebrew,noun,the heart,,8
H3827,לַבָּה,Old Testament,Hebrew,noun,flame,,1
H3828,לְבוֹנָה לֶבוֹנָה,Old Testament,Hebrew,noun,frankincense (from its whiteness or perhaps that of its smoke),,21
H3829,לְבוֹנָה,Old Testament,Hebrew,noun location,a place in Israel,,1
H3830,לְבוּשׁ לְבוּשׁ,Old Testament,Hebrew,noun,"clothed with, clothing, garment, raiment, vestment, vesture.",,33
A3831,לְבוּשׁ,Old Testament,Aramaic,noun,garment,,2
H3832,לָבַט,Old Testament,Hebrew,verb,to fall,,3
H3833,לָבִיא לְבִיָא לְבָאִים לְבָאוֹת,Old Testament,Hebrew,noun,a lioness as the fiercer (although not a roarer),,14
H3834,לָבִיבָּה לְבִבָה,Old Testament,Hebrew,noun,a cake (either as fried or turned),,3
H3835,לָבַן,Old Testament,Hebrew,verb,"be (made, make) white(-r).",,8
H3836,לָבָן לָבֵן,Old Testament,Hebrew,adjective,white,,29
H3837,לָבָן,Old Testament,Hebrew,noun location,also a place in the Desert,,55
H3838,לְבָנָא לֶבָנָה,Old Testament,Hebrew,noun proper,one of the Nethinim,,2
H3839,לִבנֶה,Old Testament,Hebrew,noun,perhaps the storax,,2
H3840,לִבנָה,Old Testament,Hebrew,noun,(properly) whiteness; (by implication) transparency,,1
H3841,לִבנָה,Old Testament,Hebrew,noun location,a place in the Desert and one in Israel,,18
H3842,לְבָנָה,Old Testament,Hebrew,noun,i.e. the moon,,3
H3843,לְבֵנָה,Old Testament,Hebrew,noun,tile.,,11
H3844,לְבָנוֹן,Old Testament,Hebrew,noun location,a mountain range in Israel,,71
H3845,לִבנִי,Old Testament,Hebrew,noun proper,an Israelite,,5
H3846,לִבנִי,Old Testament,Hebrew,adjective,a Libnite or descendants of Libni (collectively),,2
H3847,לָבַשׁ לָבֵשׁ,Old Testament,Hebrew,verb,"or another), literally or figuratively",,111
A3848,לְבַשׁ,Old Testament,Aramaic,verb,clothe,,3
H3849,לוֹג,Old Testament,Hebrew,noun,a log or measure for liquids,,5
H3850,לוֹד,Old Testament,Hebrew,noun location,a place in Israel,,4
H3851,לַהַב,Old Testament,Hebrew,noun,"bright, flame, glittering.",,12
H3852,לֶהָבָה לַהֶבֶת,Old Testament,Hebrew,noun,head (of a spear).,,19
H3853,לְהָבִים,Old Testament,Hebrew,noun,"a son of Mizrain, and his descendants",,2
H3854,לַהַג,Old Testament,Hebrew,noun,intense mental application,,1
H3855,לַהַד,Old Testament,Hebrew,noun proper,an Israelite,,1
H3856,לָהַהּ,Old Testament,Hebrew,verb,from the exhaustion of frenzy) to languish,,2
H3857,לָהַט,Old Testament,Hebrew,verb,"set on fire, flaming, kindle.",,11
H3858,לַהַט,Old Testament,Hebrew,noun,enchantment.,,2
H3859,לָהַם,Old Testament,Hebrew,verb,i.e. (figuratively) to rankle,,2
H3860,לָהֵן,Old Testament,Hebrew,conjunction,popularly for if; (hence) therefore,,2
A3861,לָהֵן,Old Testament,Aramaic,conjunction,"except, save, therefore, wherefore.",,8
H3862,לַהֲקָה,Old Testament,Hebrew,noun,an assembly,,1
H3863,לוּא לוּא לוּ,Old Testament,Hebrew,conjunction,"peradventure, I pray thee, though, I would, would God (that).",,24
H3864,לוּבִי לוּבִּי,Old Testament,Hebrew,noun,i.e. a dry region],,4
H3865,לוּד,Old Testament,Hebrew,noun,the name of two nations,,5
H3866,לוּדִי לוּדִיִי,Old Testament,Hebrew,adjective,a Ludite or inhabitants of Lud (only in plural),,4
H3867,לָוָה,Old Testament,Hebrew,verb,also to borrow (as a form of obligation) or (caus.) to lend,,26
H3868,לוּז,Old Testament,Hebrew,verb,"i.e. (literally) to depart, (figuratively) be perverse",,6
H3869,לוּז,Old Testament,Hebrew,noun,perhaps the almond,,1
H3870,לוּז,Old Testament,Hebrew,noun location,the name of two places in Israel,,8
H3871,לוַּח לוַּח,Old Testament,Hebrew,noun,"of stone, wood or metal",,43
H3872,לוּחִיתּ לוּחוֹת,Old Testament,Hebrew,noun location,a place East of the Jordan,,3
H3873,לוֹחֵשׁ,Old Testament,Hebrew,noun proper,an Israelite,,2
H3874,לוּט,Old Testament,Hebrew,verb,wrap.,,3
H3875,לוֹט,Old Testament,Hebrew,noun,a veil,,1
H3876,לוֹט,Old Testament,Hebrew,noun proper,Abraham's nephew,,33
H3877,לוֹטָן,Old Testament,Hebrew,noun proper,an Idumaean,,7
H3878,לֵוִי,Old Testament,Hebrew,noun proper,a son of Jacob,,57
A3879,לֵוִי,Old Testament,Aramaic,noun,Levite,,4
H3880,לִויָה,Old Testament,Hebrew,noun,i.e. a wreath,,2
H3881,לֵוִיִי לֵוִי,Old Testament,Hebrew,adjective,a Levite or descendant of Levi,,293
H3882,לִויָתָן,Old Testament,Hebrew,noun,(figuratively) the constellation of the dragon; also as a symbol of Babylon,,6
H3883,לוּל,Old Testament,Hebrew,noun,a spiral step,,1
H3884,לוּלֵא לוּלֵי,Old Testament,Hebrew,conditional,"had not, if (...not), unless, were it not that.",,14
H3885,לוּן לִין,Old Testament,Hebrew,verb,in a bad sense) to be obstinate,,87
H3886,לוַּע,Old Testament,Hebrew,verb,to gulp; (figuratively) to be rash,,2
H3887,לוּץ,Old Testament,Hebrew,verb,"(hence, from the effort to pronounce a foreign language) to interpret; (generally) intercede",,27
H3888,לוּשׁ,Old Testament,Hebrew,verb,to knead,,6
H3889,לוּשׁ,Old Testament,Hebrew,noun location,a place in Israel,,1
A3890,לְוָת,Old Testament,Aramaic,preposition,i.e. (as preposition) with,,1
H3891,לְזוּת,Old Testament,Hebrew,noun,perverseness,,1
H3892,לַח,Old Testament,Hebrew,adjective,i.e. unused or undried,,6
H3893,לֵַח,Old Testament,Hebrew,noun,i.e. vigor,,1
H3894,לָחוּם לָחוּם,Old Testament,Hebrew,noun,"also flesh, i.e. body",,2
H3895,לְחִי,Old Testament,Hebrew,noun,jaw (bone).,,21
H3896,לֶחִי,Old Testament,Hebrew,noun location,a place in Israel,,3
H3897,לָחַך,Old Testament,Hebrew,verb,to lick,,6
H3898,לָחַם,Old Testament,Hebrew,verb,"eat, X ever, fight(-ing), overcome, prevail, (make) war(-ring).",,177
H3899,לֶחֶם,Old Testament,Hebrew,noun,"especially bread, or grain (for making it)",,299
A3900,לְחֶם,Old Testament,Aramaic,noun,feast,,1
H3901,לָחֶם,Old Testament,Hebrew,noun,battle],,1
H3902,לַחמִי,Old Testament,Hebrew,noun proper,or rather probably a brief form (or perhaps erroneous transcription) for H1022,,1
H3903,לַחמָס לַחמָם,Old Testament,Hebrew,noun location,a place in Israel,,1
A3904,לְחֵנָה,Old Testament,Aramaic,noun,a concubine,,3
H3905,לָחַץ,Old Testament,Hebrew,verb,i.e. (figuratively) to distress,,19
H3906,לַחַץ,Old Testament,Hebrew,noun,oppression.,,12
H3907,לָחַשׁ,Old Testament,Hebrew,verb,whisper (together).,,3
H3908,לַחַשׁ,Old Testament,Hebrew,noun,"earring, enchantment, orator, prayer.",,5
H3909,לָט,Old Testament,Hebrew,noun,covertly,,7
H3910,לוֹט,Old Testament,Hebrew,noun,probably ladanum,,2
H3911,לְטָאָה,Old Testament,Hebrew,noun,a kind of lizard (from its covert habits),,1
H3912,לְטוּשִׁם,Old Testament,Hebrew,noun,an Arabian tribe,,1
H3913,לָטַשׁ,Old Testament,Hebrew,verb,i.e. to sharpen,,5
H3914,לוֹיָה,Old Testament,Hebrew,noun,a wreath,,3
H3915,לַיִל לֵיל לַיְלָה,Old Testament,Hebrew,noun,(figuratively) adversity,"(సరిగ్గా) ఒక ట్విస్ట్ (కాంతి దూరంగా), అనగా రాత్రి; (అలంకారికంగా) ప్రతికూలత",235
A3916,לֵילְיָא,Old Testament,Aramaic,noun,night,,5
H3917,לִילִיתּ,Old Testament,Hebrew,noun,a night spectre,,1
H3918,לַיִשׁ,Old Testament,Hebrew,noun,a lion (from his destructive blows),,3
H3919,לַיִשׁ,Old Testament,Hebrew,noun location,the name of two places in Israel,,7
H3920,לָכַד,Old Testament,Hebrew,verb,(generally) to capture or occupy; (also) to choose (by lot),,121
H3921,לֶכֶד,Old Testament,Hebrew,noun,i.e. a noose,,1
H3922,לֵכָה,Old Testament,Hebrew,noun location,a place in Israel,,1
H3923,לָכִישׁ,Old Testament,Hebrew,noun location,a place in Israel,,24
H3924,לוּלָאָה,Old Testament,Hebrew,noun,a loop,,13
H3925,לָמַד,Old Testament,Hebrew,verb,"X diligently, expert, instruct, learn, skilful, teach(-er, - ing).",,87
H3926,לְמוֹ,Old Testament,Hebrew,preposition,"for, to, upon.",,4
H3927,לְמוּאֵל לְמוֹאֵל,Old Testament,Hebrew,noun proper,a symbolic name of Solomon,,2
H3928,לִמּוּד לִמּוּד,Old Testament,Hebrew,adjective,"disciple, learned, taught, used.",,6
H3929,לֶמֶך,Old Testament,Hebrew,noun proper,the name of two antediluvian patriarchs,,11
H3930,לוַֹע,Old Testament,Hebrew,noun,the gullet,,1
H3931,לָעַב,Old Testament,Hebrew,verb,to deride,,1
H3932,לָעַג,Old Testament,Hebrew,verb,"laugh (to scorn), mock (on), stammering.",,19
H3933,לַעַג,Old Testament,Hebrew,noun,scoffing,,6
H3934,לָעֵג,Old Testament,Hebrew,adjective,stammering.,,2
H3935,לַעדָּה,Old Testament,Hebrew,noun proper,an Israelite,,1
H3936,לַעדָּן,Old Testament,Hebrew,noun proper,the name of two Israelites,,7
H3937,לָעַז,Old Testament,Hebrew,verb,to speak in a foreign tongue,,1
H3938,לָעַט,Old Testament,Hebrew,verb,to feed,,1
H3939,לַעֲנָה,Old Testament,Hebrew,noun,and therefore accursed),,8
H3940,לַפִּידּ לַפִּד,Old Testament,Hebrew,noun,lamp or flame,,14
H3941,לַפִּידּוֹת,Old Testament,Hebrew,noun proper,the husband of Deborah,,1
H3942,לִפנַי,Old Testament,Hebrew,preposition,anterior,,1
H3943,לָפַת,Old Testament,Hebrew,verb,turn aside (self).,,3
H3944,לָצוֹן,Old Testament,Hebrew,noun,derision,,3
H3945,לָצַץ,Old Testament,Hebrew,verb,to deride,,1
H3946,לַקוּם,Old Testament,Hebrew,noun location,a place in Israel,,1
H3947,לָקַח,Old Testament,Hebrew,verb,"bring, buy, carry away, drawn, fetch, get, infold, X many, mingle, place, receive(-ing), reserve, seize, send for, take (away, -ing, up), use, win.",తీసుకోవడానికి (వివిధ రకాల అప్లికేషన్లలో),967
H3948,לֶקַח,Old Testament,Hebrew,noun,"(in an active and sinister sense) enticement, ensnarement",,9
H3949,לִקחִי,Old Testament,Hebrew,noun proper,an Israelite,,1
H3950,לָקַט,Old Testament,Hebrew,verb,glean.,,37
H3951,לֶקֶט,Old Testament,Hebrew,noun,the gleaning,,2
H3952,לָקַק,Old Testament,Hebrew,verb,lick.,,7
H3953,לָקַשׁ,Old Testament,Hebrew,verb,to gather the after crop,,1
H3954,לֶקֶשׁ,Old Testament,Hebrew,noun,the after crop,,1
H3955,לְשַׁד,Old Testament,Hebrew,noun,also a sweet or fat cake,,2
H3956,לָשׁוֹן לָשׁוֹן לְשׁוֹנָה,Old Testament,Hebrew,noun,"used literally (as the instrument of licking, eating, or speech), and figuratively (speech, an ingot, a fork of flame, a cove of water)",,117
H3957,לִשׁכָּה,Old Testament,Hebrew,noun,"eating, or lodging)",,48
H3958,לֶשֶׁם,Old Testament,Hebrew,noun,perhaps the jacinth,,2
H3959,לֶשֶׁם,Old Testament,Hebrew,noun location,a place in Israel,,2
H3960,לָשַׁן,Old Testament,Hebrew,verb,i.e. to calumniate,,3
A3961,לִשָּׁן,Old Testament,Aramaic,noun,i.e. a nation,,7
H3962,לֶשַׁע,Old Testament,Hebrew,noun location,a place probably East of the Jordan,,1
H3963,לֶתֶך,Old Testament,Hebrew,noun,a measure for things dry,,1
A3964,מָא,Old Testament,Aramaic,interrogative,(as indef.) that,,1
H3965,מַאֲבוּס,Old Testament,Hebrew,noun,a granary,,1
H3966,מְאוֹד,Old Testament,Hebrew,adjective,"speedily, etc.",,300
H3967,מֵאָה מֵאיָה,Old Testament,Hebrew,noun,"-th), + sixscore.",,583
H3968,מֵאָה,Old Testament,Hebrew,noun,a tower in Jerusalem,,2
A3969,מְאָה,Old Testament,Aramaic,noun,hundred,,8
H3970,מַאֲוַי,Old Testament,Hebrew,noun,a desire,,1
H3971,מאוּם מוּם,Old Testament,Hebrew,noun,"blot, spot.",,22
H3972,מְאוּמָה,Old Testament,Hebrew,noun,nothing,,32
H3973,מָאוֹס,Old Testament,Hebrew,noun,refuse,,2
H3974,מָאוֹר מָאוֹר מְאוֹרָה מְאוֹרָה,Old Testament,Hebrew,noun,i.e.cheerfulness,,19
H3975,מְאוּרָה,Old Testament,Hebrew,noun,(by implication) a crevice or hole (of a serpent),,1
H3976,מוֹאזֵן,Old Testament,Hebrew,noun,(only in the dual) a pair of scales,,15
A3977,מוֹאזֵן,Old Testament,Aramaic,noun,balances,,1
H3978,מַאֲכָל,Old Testament,Hebrew,noun,flesh and fruit),,30
H3979,מַאֲכֶלֶת,Old Testament,Hebrew,noun,- i.e. a knife,,4
H3980,מַאֲכוֹלֶת,Old Testament,Hebrew,noun,i.e. fuel,,2
H3981,מַאֲמָץ,Old Testament,Hebrew,noun,i.e. (plural) resources,,1
H3982,מַאֲמַר,Old Testament,Hebrew,noun,i.e. an edict,,3
A3983,מֵאמַר,Old Testament,Aramaic,noun,word,,2
A3984,מָאן,Old Testament,Aramaic,noun,a utensil,,7
H3985,מָאֵן,Old Testament,Hebrew,verb,X utterly.,,41
H3986,מָאֵן,Old Testament,Hebrew,adjective,unwilling,,4
H3987,מֵאֵן,Old Testament,Hebrew,adjective,refractory,,1
H3988,מָאַס,Old Testament,Hebrew,verb,"cast away (off), contemn, despise, disdain, (become) loathe(some), melt away, refuse, reject, reprobate, X utterly, vile person.",,75
H3989,מַאֲפֶה,Old Testament,Hebrew,noun,i.e. a batch,,1
H3990,מַאֲפֵל,Old Testament,Hebrew,noun,something opaque,,1
H3991,מַאֲפֵלְיָה,Old Testament,Hebrew,noun,opaqueness,,1
H3992,מָאַר,Old Testament,Hebrew,verb,i.e. be painful,,4
H3993,מַאֲרָב,Old Testament,Hebrew,noun,"ambushment, lurking place, lying in wait.",,5
H3994,מְאֵרָה,Old Testament,Hebrew,noun,an execration,,5
H3995,מִבדָּלָה,Old Testament,Hebrew,noun,a separation; (concretely) a separate place,,1
H3996,מָבוֹא,Old Testament,Hebrew,noun,(adverb with preposition) towards,,25
H3997,מְבוֹאָה,Old Testament,Hebrew,noun,a haven,,1
H3998,מְבוּכָה,Old Testament,Hebrew,noun,perplexity,,2
H3999,מַבּוּל,Old Testament,Hebrew,noun,a deluge,,13
H4000,מָבוֹן,Old Testament,Hebrew,substantive,instructing,,1
H4001,מְבוּסָה,Old Testament,Hebrew,noun,a trampling,,3
H4002,מַבּוַּע,Old Testament,Hebrew,noun,spring.,,3
H4003,מְבוּקָה,Old Testament,Hebrew,noun,emptiness,,1
H4004,מִבחוֹר,Old Testament,Hebrew,noun,i.e. well fortified,,1
H4005,מִבחָר,Old Testament,Hebrew,noun,i.e. best,,13
H4006,מִבחָר,Old Testament,Hebrew,noun proper,an Israelite,,1
H4007,מַבָּט מֶבָּט,Old Testament,Hebrew,noun,i.e. (abstractly) expectation,,3
H4008,מִבטָּא,Old Testament,Hebrew,noun,a rash utterance (hasty vow),,2
H4009,מִבטָּח,Old Testament,Hebrew,noun,"i.e. (objective) security, or (subjective) assurance",,15
H4010,מַבלִיגִּיתּ,Old Testament,Hebrew,noun,desistance (or rather desolation),,1
H4011,מִבנֶה,Old Testament,Hebrew,noun,a building,,1
H4012,מְבוּנַּי,Old Testament,Hebrew,noun proper,an Israelite,,1
H4013,מִבצָּר מִבצָּרָה,Old Testament,Hebrew,noun,(figuratively) a defender,,37
H4014,מִבצָּר,Old Testament,Hebrew,noun proper,an Idumaean,,2
H4015,מִברָח,Old Testament,Hebrew,noun,a refugee,,1
H4016,מָבוּשׁ,Old Testament,Hebrew,noun,(plural) the (male) pudenda,,1
H4017,מִבשָׂם,Old Testament,Hebrew,noun proper,the name of an Ishmaelite and of an Israelite,,3
H4018,מְבַשְׁלָה,Old Testament,Hebrew,noun,a cooking hearth,,1
H4019,מַגבִּישׁ,Old Testament,Hebrew,noun proper,"an Israelite, or a place in Israel",,1
H4020,מִגבָּלָה,Old Testament,Hebrew,noun,a border,,1
H4021,מִגבָּעָה,Old Testament,Hebrew,noun,a cap (as hemispherical),,4
H4022,מֶגֶד,Old Testament,Hebrew,noun,as a product or fruit,,8
H4023,מְגִדּוֹן מֶגִדּוֹ,Old Testament,Hebrew,noun location,a place in Israel,,12
H4024,מִגדּוֹל מִגדּוֹל,Old Testament,Hebrew,noun,a place in Egypt,,7
H4025,מַגדִּיאֵל,Old Testament,Hebrew,noun proper,an Idumaean,,2
H4026,מִגדָּל מִגדָּלָה,Old Testament,Hebrew,noun,(figuratively) a (pyramidal) bed of flowers,,49
H4027,מִגדַּל ־ אֵל,Old Testament,Hebrew,noun location,a place in Israel,,1
H4028,מִגדַּל ־ גָּד,Old Testament,Hebrew,noun location,a place in Israel,,1
H4029,מִגדַּל ־ עֵדֶר,Old Testament,Hebrew,noun location,a place in Israel,,1
H4030,מִגדָּנָה,Old Testament,Hebrew,noun,i.e. a gem,,4
H4031,מָגוֹג,Old Testament,Hebrew,noun location,also a barbarous northern region,,4
H4032,מָגוֹר מָגוּר,Old Testament,Hebrew,noun,terror.,,8
H4033,מָגוּר מָגוּר,Old Testament,Hebrew,noun,a permanent residence,,11
H4034,מְגוֹרָה,Old Testament,Hebrew,noun,affright,,1
H4035,מְגוּרָה,Old Testament,Hebrew,noun,fear.,,3
H4036,מָגוֹר מִסָּבִיבּ,Old Testament,Hebrew,noun proper,a symbolic name of Pashur,,2
H4037,מַגזֵרָה,Old Testament,Hebrew,noun,i.e. a blade,,1
H4038,מַגָּל,Old Testament,Hebrew,noun,a sickle,,2
H4039,מְגִלָּה,Old Testament,Hebrew,noun,volume.,,21
A4040,מְגִלָּה,Old Testament,Aramaic,noun,roll,,1
H4041,מְגַמָּה,Old Testament,Hebrew,noun,i.e. impulse or direction,,1
H4042,מָגַן,Old Testament,Hebrew,verb,to hand safely over (i.e. surrender),,3
H4043,מָגֵן מְגִנָּה,Old Testament,Hebrew,noun,"buckler, defence, ruler, + scale, shield.",,63
H4044,מְגִנָּה,Old Testament,Hebrew,noun,i.e. blindness or obduracy,,1
H4045,מִגעֶרֶת,Old Testament,Hebrew,noun,reproof (i.e. curse),,1
H4046,מַגֵּפָה,Old Testament,Hebrew,noun,defeat,,26
H4047,מַגפִּיעָשׁ,Old Testament,Hebrew,noun proper,an Israelite,,1
H4048,מָגַר,Old Testament,Hebrew,verb,to precipitate,,2
A4049,מְגַר,Old Testament,Aramaic,verb,to overthrow,,1
H4050,מְגֵרָה,Old Testament,Hebrew,noun,saw.,,4
H4051,מִגרוֹן,Old Testament,Hebrew,noun location,a place in Israel,,2
H4052,מִגרָעָה,Old Testament,Hebrew,noun,a ledge or offset,,1
H4053,מִגרָפָה,Old Testament,Hebrew,noun,i.e. a clod,,1
H4054,מִגרָשׁ מִגרָשָׁה,Old Testament,Hebrew,noun,or the margin of the sea,,115
H4055,מַד מֵד,Old Testament,Hebrew,noun,(also) a measure; (by implication) a vesture (as measured),,11
A4056,מַדבַּח,Old Testament,Aramaic,noun,a sacrificial altar,,1
H4057,מִדבָּר,Old Testament,Hebrew,noun,(by implication) a desert; (also) speech (including its organs),,271
H4058,מָדַד,Old Testament,Hebrew,verb,"mete, stretch self.",,52
H4059,מִדַּד,Old Testament,Hebrew,verb,flight,,1
H4060,מִדָּה,Old Testament,Hebrew,noun,also a measure (including its standard); hence a portion (as measured) or a vestment,,55
A4061,מִדָּה מִנדָּה,Old Testament,Aramaic,noun,tribute.,,4
H4062,מַדהֵבָה,Old Testament,Hebrew,noun,i.e. exactness,,1
H4063,מֶדֶו,Old Testament,Hebrew,noun,(by implication) a dress (as measured),,2
H4064,מַדוֶה,Old Testament,Hebrew,noun,sickness,,2
H4065,מַדּוַּח,Old Testament,Hebrew,noun,seduction,,1
H4066,מָדוֹן,Old Testament,Hebrew,noun,"contention(-ous), discord, strife.",,17
H4067,מָדוֹן,Old Testament,Hebrew,noun,i.e. height,,2
H4068,מָדוֹן,Old Testament,Hebrew,noun location,a place in Israel,,2
H4069,מַדּוַּע מַדּוַּע,Old Testament,Hebrew,verb,adverbially) why?,,72
A4070,מְדוֹר מְדוֹר מְדָר,Old Testament,Aramaic,noun,a dwelling,,4
H4071,מְדוּרָה מֶדוּרָה,Old Testament,Hebrew,noun,a pile of fuel,,2
H4072,מִדחֶה,Old Testament,Hebrew,noun,overthrow,,1
H4073,מְדַחפָה,Old Testament,Hebrew,noun,i.e. ruin,,1
H4074,מָדַי,Old Testament,Hebrew,noun location,a country of central Asia,,16
H4075,מָדַי,Old Testament,Hebrew,adjective,a Madian or native of Madai,,1
A4076,מָדַי,Old Testament,Aramaic,noun location,Mede(-s),,5
A4077,מָדַי,Old Testament,Aramaic,noun proper,Median,,1
H4078,מַדַּי,Old Testament,Hebrew,verb,i.e. sufficiently,,1
H4079,מִדיָן,Old Testament,Hebrew,noun,contention(-ous),,9
H4080,מִדיָן,Old Testament,Hebrew,noun location,also his country and (collectively) his descendants,,59
H4081,מִדִּין,Old Testament,Hebrew,noun location,Middin,,1
H4082,מְדִינָה,Old Testament,Hebrew,noun,(by implication) a district (as ruled by a judge); (generally) a region,,53
A4083,מְדִינָה,Old Testament,Aramaic,noun,province,,11
H4084,מִדיָנִי,Old Testament,Hebrew,adjective,a Midjanite or descend. (native) of Midjan,,8
H4085,מְדוֹכָה,Old Testament,Hebrew,noun,a mortar,,1
H4086,מַדמֵן,Old Testament,Hebrew,noun location,a place in Israel,,1
H4087,מַדמֵנָה,Old Testament,Hebrew,noun,a dunghill,,1
H4088,מַדמֵנָה,Old Testament,Hebrew,noun location,a place in Israel,,1
H4089,מַדמַנָּה,Old Testament,Hebrew,noun location,a place in Israel,,2
H4090,מְדָן,Old Testament,Hebrew,noun,strife,,3
H4091,מְדָן,Old Testament,Hebrew,noun proper,a son of Abraham,,2
H4092,מְדָנִי,Old Testament,Hebrew,adjective,Midianite,,1
H4093,מַדָּע מַדַּע,Old Testament,Hebrew,noun,"science, thought.",,6
H4094,מַדקָרָה,Old Testament,Hebrew,noun,a wound,,1
H4095,מַדרֵגָה,Old Testament,Hebrew,noun,steep place.,,2
H4096,מִדרָך,Old Testament,Hebrew,noun,i.e. a place for stepping on,,1
H4097,מִדרָשׁ,Old Testament,Hebrew,noun,(properly) an investigation; (by implication) a treatise or elaborate compilation,,2
H4098,מְדוּשָּׁה,Old Testament,Hebrew,noun,a threshing; (concretely and figuratively) down-trodden people,,1
H4099,מְדָתָא,Old Testament,Hebrew,noun proper,the father of Haman,,6
H4100,מָה מַה מָ מַ מֶה,Old Testament,Hebrew,interrogative,"(also, exclamation) what! (including how!); (indefinitely) what (including whatever, and even relatively, that which)",,750
A4101,מָה,Old Testament,Aramaic,interrogative,"that which, what(-soever), why.",,13
H4102,מָהַהּ,Old Testament,Hebrew,verb,"linger, stay selves, tarry.",,9
H4103,מְהוּמָה,Old Testament,Hebrew,noun,"discomfiture, trouble, tumult, vexation, vexed.",,12
H4104,מְהוּמָן,Old Testament,Hebrew,noun proper,a eunuch of Xerxes,,1
H4105,מְהֵיטַּבאֵל,Old Testament,Hebrew,noun proper,the name of an Edomitish man and woman,,3
H4106,מָהִיר מָהִר,Old Testament,Hebrew,adjective,"hasty, ready.",,4
H4107,מָהַל,Old Testament,Hebrew,verb,(properly) to cut down or reduce; (by implication) to adulterate,,1
H4108,מַהלֵך,Old Testament,Hebrew,noun,i.e. access,,1
H4109,מַהֲלָך,Old Testament,Hebrew,noun,i.e. a passage or a distance,,4
H4110,מַהֲלָל,Old Testament,Hebrew,noun,fame,,1
H4111,מַהֲלַלאֵל,Old Testament,Hebrew,noun proper,the name of an antediluvian patriarch and of an Israelite,,7
H4112,מַהֲלוּמָּה,Old Testament,Hebrew,noun,stroke.,,2
H4113,מַהֲמוֹרָה,Old Testament,Hebrew,noun,perhaps an abyss,,1
H4114,מַהפֵּכָה,Old Testament,Hebrew,noun,overthrow(-n).,,6
H4115,מַהפֶּכֶת,Old Testament,Hebrew,noun,i.e. the stocks,,4
H4116,מָהַר,Old Testament,Hebrew,verb,promptly,,65
H4117,מָהַר,Old Testament,Hebrew,verb,i.e. to wed,,2
H4118,מַהֵר,Old Testament,Hebrew,adjective,"hastily, at once, quickly, soon, speedily, suddenly.",,18
H4119,מוֹהַר,Old Testament,Hebrew,noun,a price (for a wife),,3
H4120,מְהֵרָה,Old Testament,Hebrew,noun,"quickly, shortly, soon, make (with) speed(-ily), swiftly.",,20
H4121,מַהֲרַי,Old Testament,Hebrew,noun proper,an Israelite,,3
H4122,מַהֵר שָׁלָל חָשׁ בַּז,Old Testament,Hebrew,noun proper,Maher-Shalal-Chash-Baz; the symbolical name of the son of Isaiah,,1
H4123,מַהֲתַלָּה,Old Testament,Hebrew,noun,a delusion,,1
H4124,מוֹאָב,Old Testament,Hebrew,noun location,also his territory and descendants,,180
H4125,מוֹאָבִי מוֹאָבִיָה מוֹאָבִיתּ,Old Testament,Hebrew,adjective,i.e. a descendant from Moab,,16
H4126,מוֹבָא,Old Testament,Hebrew,noun,an entrance,,1
H4127,מוּג,Old Testament,Hebrew,verb,"i.e. literally (to soften, flow down, disappear), or figuratively (to fear, faint)",,17
H4128,מוּד,Old Testament,Hebrew,verb,to shake,,1
H4129,מוֹדַע מוֹדָע,Old Testament,Hebrew,noun,an acquaintance,,2
H4130,מוֹדַעַת,Old Testament,Hebrew,noun,acquaintance,,1
H4131,מוֹט,Old Testament,Hebrew,verb,"to slip, shake, fall",,39
H4132,מוֹט,Old Testament,Hebrew,noun,(by implication) a pole (as shaking); (hence) a yoke (as essentially a bent pole),,6
H4133,מוֹטָה,Old Testament,Hebrew,noun,"heavy, staves, yoke.",,12
H4134,מוּך,Old Testament,Hebrew,verb,i.e. (figuratively) be impoverished,,5
H4135,מוּל,Old Testament,Hebrew,verb,(by implication) to blunt; (figuratively) to destroy,,36
H4136,מוּל מוֹל מוֹאל מוּל,Old Testament,Hebrew,noun,"(by implication) the front; (used only adverbially, with prepositional prefix) opposite",,36
H4137,מוֹלָדָה,Old Testament,Hebrew,noun location,a place in Israel,,4
H4138,מוֹלֶדֶת,Old Testament,Hebrew,noun,native country,,22
H4139,מוּלָה,Old Testament,Hebrew,noun,circumcision,,1
H4140,מוֹלִידּ,Old Testament,Hebrew,noun proper,an Israelite,,1
H4141,מוּסָב,Old Testament,Hebrew,noun,i.e. circuit (of a building),,1
H4142,מוּסַבָּה מוּסַבָּה,Old Testament,Hebrew,verb,"i.e. the backside (of a gem), fold (of a double-leaved door), transmutation (of a name)",,4
H4143,מוּסָד,Old Testament,Hebrew,noun,a foundation,,2
H4144,מוֹסָד,Old Testament,Hebrew,noun,a foundation,,2
H4145,מוּסָדָה,Old Testament,Hebrew,noun,grounded.,,1
H4146,מוֹסָדָה מוֹסָדָה,Old Testament,Hebrew,noun,a foundation,,12
H4147,מוֹסֵר מוֹסֵרָה מוֹסְרָה,Old Testament,Hebrew,noun,bond.,,11
H4148,מוּסָר,Old Testament,Hebrew,noun,also restraint,,50
H4149,מוֹסֵרָה מוֹסְרוֹת,Old Testament,Hebrew,noun proper,a place in the Desert,,3
H4150,מוֹעֵד מוֹעֵד מוֹעָדָה,Old Testament,Hebrew,noun,(specifically) a festival; (conventionally) a year,,223
H4151,מוֹעָד,Old Testament,Hebrew,noun,(properly) an assembly (as in H4150); (figuratively) a troop,,1
H4152,מוּעָדָה,Old Testament,Hebrew,noun,i.e. asylum,,1
H4153,מוֹעַדיָה,Old Testament,Hebrew,noun proper,an Israelite,,1
H4154,מוּעֶדֶת,Old Testament,Hebrew,participle passive,i.e. dislocated,,1
H4155,מוּעָף,Old Testament,Hebrew,noun,"abstractly, obscurity, i.e. distress",,1
H4156,מוֹעֵצָה,Old Testament,Hebrew,noun,device.,,7
H4157,מוּעָקָה,Old Testament,Hebrew,noun,i.e. (figuratively) distress,,1
H4158,מוֹפַעַת מֵיפַעַת מֵפַעַת,Old Testament,Hebrew,noun location,a place in Israel,,5
H4159,מוֹפֵת מוֹפֵת,Old Testament,Hebrew,noun,"sign, wonder(-ed at).",,36
H4160,מוּץ,Old Testament,Hebrew,verb,i.e. (figuratively) to oppress,,1
H4161,מוֹצָא מוֹצָא,Old Testament,Hebrew,noun,"(hence) a source or product; specifically, dawn, the rising of the sun (the East), exportation, utterance, a gate, a fountain, a mine, a meadow (as producing grass)",,27
H4162,מוֹצָא,Old Testament,Hebrew,noun proper,the name of two Israelites,,5
H4163,מוֹצָאָה,Old Testament,Hebrew,noun,a family descent; also a sewer,,2
H4164,מוּצַק מוּצָק,Old Testament,Hebrew,noun,"is straitened, straitness.",,3
H4165,מוּצָק,Old Testament,Hebrew,noun,hardness.,,3
H4166,מוּצָקָה מוּצָקָה,Old Testament,Hebrew,noun,(by implication) a tube (as cast),,2
H4167,מוּק,Old Testament,Hebrew,verb,i.e. (intens.) blaspheme,,1
H4168,מוֹקֵד,Old Testament,Hebrew,noun,a conflagration,,2
H4169,מוֹקְדָה,Old Testament,Hebrew,noun,fuel,,1
H4170,מוֹקֵשׁ מוֹקֵשׁ,Old Testament,Hebrew,noun,"gin, (is) snare(-d), trap.",,27
H4171,מוּר,Old Testament,Hebrew,verb,to dispose of,,15
H4172,מוֹרָא מוֹרָא מוֹרָה,Old Testament,Hebrew,noun,"(that ought to be) fear(-ed), terribleness, terror.",,12
H4173,מוֹרַג מוֹרַג,Old Testament,Hebrew,noun,a threshing sledge,,3
H4174,מוֹרָד,Old Testament,Hebrew,noun,"an ornamental appendage, perhaps a festoon",,3
H4175,מוֹרֶה,Old Testament,Hebrew,noun,an archer; also teacher or teaching; also the early rain (see H3138),,3
H4176,מוֹרֶה מוֹרֶה,Old Testament,Hebrew,noun,also a hill (perhaps named from him),,3
H4177,מוֹרָה,Old Testament,Hebrew,noun,a razor,,3
H4178,מוֹרָט,Old Testament,Hebrew,particle,i.e. independent,,2
H4179,מוֹרִיָה מוֹרִיָה,Old Testament,Hebrew,noun location,a hill in Israel,,2
H4180,מוֹרָשׁ,Old Testament,Hebrew,noun,thought.,,3
H4181,מוֹרָשָׁה,Old Testament,Hebrew,noun,"inheritance, possession.",,9
H4182,מוֹרֶשֶׁת גַּת,Old Testament,Hebrew,noun location,a place in Israel,,1
H4183,מוֹרַשׁתִּי,Old Testament,Hebrew,adjective,a Morashtite or inhabitant of Moresheth-Gath,,2
H4184,מוּשׁ,Old Testament,Hebrew,verb,handle.,,3
H4185,מוּשׁ,Old Testament,Hebrew,verb,whether intransitive or transitive),,21
H4186,מוֹשָׁב מוֹשָׁב,Old Testament,Hebrew,noun,"dwell in, dwelling(-place), wherein (that) dwelt (in), inhabited place, seat, sitting, situation, sojourning.",,44
H4187,מוּשִׁי מוּשִּׁי,Old Testament,Hebrew,noun proper,a Levite,,8
H4188,מוּשִׁי,Old Testament,Hebrew,adjective,a Mushite; (collectively) the descendants of Mushi,,2
H4189,מוֹשְׁכָה,Old Testament,Hebrew,noun,something drawing; (figuratively) a cord,,1
H4190,מוֹשָׁעָה,Old Testament,Hebrew,noun,deliverance,,1
H4191,מוּת,Old Testament,Hebrew,verb,"X crying, (be) dead (body, man, one), (put to, worthy of) death, destroy(-er), (cause to, be like to, must) die, kill, necro(-mancer), X must needs, slay, X surely, X very suddenly, X in (no) wise.",,841
H4192,מוּת מוּת לַבֵּן,Old Testament,Hebrew,noun,probably the title of a popular song,,3
A4193,מוֹת,Old Testament,Aramaic,noun,death,,1
H4194,מָוֶת,Old Testament,Hebrew,noun,"(figuratively) pestilence, ruin",,156
H4195,מוֹתָר,Old Testament,Hebrew,noun,"preeminence, profit.",,3
H4196,מִזבֵַּח,Old Testament,Hebrew,noun,an altar,ఒక బలిపీఠం,403
H4197,מֶזֶג,Old Testament,Hebrew,noun,a diluted table wine used in the midday meal,,1
H4198,מָזֶה,Old Testament,Hebrew,adjective,exhausted,,1
H4199,מִזָּה,Old Testament,Hebrew,noun proper,an Edomite,,3
H4200,מֶזֶו,Old Testament,Hebrew,noun,a granary,,1
H4201,מְזוּזָה מְזוּזָה,Old Testament,Hebrew,noun,side) post.,,19
H4202,מָזוֹן,Old Testament,Hebrew,noun,victual.,,2
A4203,מָזוֹן,Old Testament,Aramaic,noun,meat,,2
H4204,מָזוֹר,Old Testament,Hebrew,noun,i.e. a plot,,1
H4205,מָזוֹר מָזוֹר,Old Testament,Hebrew,noun,(hence) a sore (as needing a compress),,3
H4206,מָזִיַח מֵזַח,Old Testament,Hebrew,noun,strength.,,3
H4207,מַזלֵג מִזלָגָה,Old Testament,Hebrew,noun,a fork,,7
H4208,מַזָּלָה,Old Testament,Hebrew,noun,i.e. Zodiacal sign (perhaps as affecting the weather),,1
H4209,מְזִמָּה,Old Testament,Hebrew,noun,"usually evil (machination), sometimes good (sagacity)",,19
H4210,מִזמוֹר,Old Testament,Hebrew,noun,(properly) instrumental music; (by implication) a poem set to notes,,57
H4211,מַזמֵרָה,Old Testament,Hebrew,noun,a pruning-knife,,4
H4212,מְזַמְּרָה,Old Testament,Hebrew,noun,a tweezer (only in the plural),,5
H4213,מִזעָר,Old Testament,Hebrew,noun,X very.,,4
H4214,מִזרֶה,Old Testament,Hebrew,noun,a winnowing shovel (as scattering the chaff),,2
H4215,מְזָרֶה,Old Testament,Hebrew,particle,only in plural),,1
H4216,מַזָּרָה,Old Testament,Hebrew,noun,"perhaps collectively, the zodiac",,1
H4217,מִזרָח,Old Testament,Hebrew,noun,i.e. the east,,74
H4218,מִזרָע,Old Testament,Hebrew,noun,a planted field,,1
H4219,מִזרָק,Old Testament,Hebrew,noun,bowl.,,32
H4220,מֵַח,Old Testament,Hebrew,noun,fat; (figuratively) rich,,2
H4221,מוַֹח,Old Testament,Hebrew,noun,i.e. marrow,,1
H4222,מָחָא,Old Testament,Hebrew,verb,to rub or strike the hands together (in exultation),,3
A4223,מְחָא,Old Testament,Aramaic,verb,"smite, stay.",,4
H4224,מַחֲבֵא מַחֲבוֹא,Old Testament,Hebrew,noun,a refuge,,2
H4225,מַחבֶּרֶת,Old Testament,Hebrew,noun,i.e. seam or sewed piece,,8
H4226,מְחַבְּרָה,Old Testament,Hebrew,noun,i.e. brace or cramp,,2
H4227,מַחֲבַת,Old Testament,Hebrew,noun,a pan for baking in,,5
H4228,מַחֲגוֹרֶת,Old Testament,Hebrew,noun,a girdle,,1
H4229,מָחָה,Old Testament,Hebrew,verb,i.e. grease or make fat,,36
H4230,מְחוּגָה,Old Testament,Hebrew,noun,i.e. compasses,,1
H4231,מָחוֹז,Old Testament,Hebrew,noun,a harbor (as shut in by the shore),,1
H4232,מְחוּיָאֵל מְחִיָּאֵל,Old Testament,Hebrew,noun proper,an anxediluvian patriarch,,2
H4233,מַחֲוִים,Old Testament,Hebrew,adjective,but from an unknown place (in the plural only for a singular)],,1
H4234,מָחוֹל,Old Testament,Hebrew,noun,a (round) dance,,6
H4235,מָחוֹל,Old Testament,Hebrew,noun proper,an Israelite,,1
H4236,מַחֲזֶה,Old Testament,Hebrew,noun,a vision,,4
H4237,מֶחֱזָה,Old Testament,Hebrew,noun,a window,,4
H4238,מַחֲזִיאוֹת,Old Testament,Hebrew,noun proper,an Israelite,,2
H4239,מְחִי,Old Testament,Hebrew,noun,i.e. battering-ram,,1
H4240,מְחִידָּא,Old Testament,Hebrew,noun proper,one of the Nethinim,,2
H4241,מִחיָה,Old Testament,Hebrew,noun,i.e. the quick,,8
H4242,מְחִיר,Old Testament,Hebrew,noun,"payment, wages",,15
H4243,מְחִיר,Old Testament,Hebrew,noun proper,an Israelite,,1
H4244,מַחלָה,Old Testament,Hebrew,noun proper,the name apparently of two Israelitesses,,5
H4245,מַחֲלֶה מַחֲלָה,Old Testament,Hebrew,noun,"infirmity, sickness.",,6
H4246,מְחוֹלָה,Old Testament,Hebrew,noun,dances(-cing).,,8
H4247,מְחִלָּה,Old Testament,Hebrew,noun,a cavern (as if excavated),,1
H4248,מַחלוֹן,Old Testament,Hebrew,noun proper,an Israelite,,4
H4249,מַחלִי,Old Testament,Hebrew,noun proper,the name of two Israelites,,12
H4250,מַחלִי,Old Testament,Hebrew,adjective,a Machlite or (collectively) descendants of Machli,,2
H4251,מַחלוּי,Old Testament,Hebrew,noun,a disease,,1
H4252,מַחֲלָף,Old Testament,Hebrew,noun,a (sacrificial) knife (as gliding through the flesh),,1
H4253,מַחלָפָה,Old Testament,Hebrew,noun,a ringlet of hair (as gliding over each other),,2
H4254,מַחֲלָצָה,Old Testament,Hebrew,noun,change of raiment.,,2
A4255,מַחלְקָה,Old Testament,Aramaic,noun,a section (of the Levites),,1
H4256,מַחֲלוֹקֶת,Old Testament,Hebrew,noun,people or soldiers),,42
H4257,מַחֲלַת,Old Testament,Hebrew,noun,probably the title (initial word) of a popular song,,2
H4258,מַחֲלַת,Old Testament,Hebrew,noun proper,the name of an Ishmaelitess and of an Israelitess,,2
H4259,מְחוֹלָתִי,Old Testament,Hebrew,adjective,a Mecholathite or inhabitant of Abel-Mecholah,,2
H4260,מַחֲמָאָה,Old Testament,Hebrew,noun,as (figuratively) flattery,,1
H4261,מַחמָד,Old Testament,Hebrew,noun,i.e. object of affection or desire,,12
H4262,מַחמוּד מַחמוּד,Old Testament,Hebrew,noun,desired; (hence) a valuable,,3
H4263,מַחמָל,Old Testament,Hebrew,noun,(properly) sympathy; (by paronomasia with H4261) delight,,1
H4264,מַחֲנֶה,Old Testament,Hebrew,noun,or even the sacred courts),,216
H4265,מַחֲנֵה ־ דָּן,Old Testament,Hebrew,noun location,a place in Israel,,1
H4266,מַחֲנַיִם,Old Testament,Hebrew,noun location,a place in Israel,,13
H4267,מַחֲנַק,Old Testament,Hebrew,noun,strangling,,1
H4268,מַחֲסֶה מַחסֶה,Old Testament,Hebrew,noun,"(place of) refuge, shelter, trust.",,20
H4269,מַחסוֹם,Old Testament,Hebrew,noun,a muzzle,,1
H4270,מַחסוֹר מַחסוֹר,Old Testament,Hebrew,noun,"need, penury, poor, poverty, want.",,13
H4271,מַחסֵיָה,Old Testament,Hebrew,noun proper,an Israelite,,2
H4272,מָחַץ,Old Testament,Hebrew,verb,(figuratively) to subdue or destroy,,14
H4273,מַחַץ,Old Testament,Hebrew,noun,a contusion,,1
H4274,מַחצֵּב,Old Testament,Hebrew,noun,(properly) a hewing; (concretely) a quarry,,3
H4275,מֶחֱצָה,Old Testament,Hebrew,noun,a halving,,2
H4276,מַחֲצִיתּ,Old Testament,Hebrew,noun,mid(-day).,,16
H4277,מָחַק,Old Testament,Hebrew,verb,to crush,,1
H4278,מֶחקָר,Old Testament,Hebrew,noun,(properly) scrutinized; (by implication) a recess,,1
H4279,מָחָר,Old Testament,Hebrew,noun,"usually (adverbially) tomorrow; indefinitely, hereafter",,52
H4280,מַחֲרָאָה,Old Testament,Hebrew,noun,a sink,,1
H4281,מַחֲרֵשָׁה,Old Testament,Hebrew,noun,probably a pick-axe,,2
H4282,מַחֲרֶשֶׁת,Old Testament,Hebrew,noun,probably a hoe,,1
H4283,מָחֳרָת מָחֳרָתָם,Old Testament,Hebrew,noun,next day.,,32
H4284,מַחֲשָׁבָה מַחֲשֶׁבֶת,Old Testament,Hebrew,noun,"(abstractly) intention, plan",,56
H4285,מַחשָׁך,Old Testament,Hebrew,noun,place).,,7
H4286,מַחשׂוֹף,Old Testament,Hebrew,noun,a peeling,,1
H4287,מַחַת,Old Testament,Hebrew,noun proper,the name of two Israelites,,3
H4288,מְחִתּתָּה,Old Testament,Hebrew,noun,"dismaying, ruin, terror.",,11
H4289,מַחתָּה,Old Testament,Hebrew,noun,"firepan, snuffdish.",,22
H4290,מַחתֶּרֶת,Old Testament,Hebrew,noun,secret search.,,2
A4291,מְטָא מְטָה,Old Testament,Aramaic,verb,extend or happen,,8
H4292,מַטאֲטֵא,Old Testament,Hebrew,noun,i.e. remove dust)),,1
H4293,מַטבֵַּח,Old Testament,Hebrew,noun,slaughter,,1
H4294,מַטֶּה מַטָּה,Old Testament,Hebrew,noun,"whether for chastising (figuratively, correction), ruling (a sceptre), throwing (a lance), or walking (a staff",,252
H4295,מַטָּה,Old Testament,Hebrew,verb,often adverbially with or without prefixes,,19
H4296,מִטָּה,Old Testament,Hebrew,noun,"a sofa, litter or bier",,29
H4297,מוּטֶּה,Old Testament,Hebrew,noun,"i.e. distortion (figuratively, iniquity)",,1
H4298,מוּטָּה,Old Testament,Hebrew,noun,expansion,,1
H4299,מַטוֶה,Old Testament,Hebrew,noun,something spun,,1
H4300,מְטִיל,Old Testament,Hebrew,noun,an iron bar (as forged),,1
H4301,מַטמוֹן מַטמוֹן מַטמוּן,Old Testament,Hebrew,noun,(hid) treasure(-s).,,5
H4302,מַטָּע,Old Testament,Hebrew,noun,"(by implication) the act, planting",,7
H4303,מַטעַם מַטעַמָּה,Old Testament,Hebrew,noun,savoury meat.,,8
H4304,מִטפַּחַת,Old Testament,Hebrew,noun,wimple.,,2
H4305,מָטַר,Old Testament,Hebrew,verb,to rain,,17
H4306,מָטָר,Old Testament,Hebrew,noun,rain,,38
H4307,מַטָּרָא מַטָּרָה,Old Testament,Hebrew,noun,prison.,,16
H4308,מַטרֵד,Old Testament,Hebrew,noun proper,an Edomitess,,2
H4309,מַטרִי,Old Testament,Hebrew,adjective,an Israelite,,1
H4310,מִי,Old Testament,Hebrew,interrogative,(indefinitely) whoever,,424
H4311,מֵידֶּבָא,Old Testament,Hebrew,noun location,a place in Israel,,5
H4312,מֵידָּד,Old Testament,Hebrew,noun proper,an Israelite,,2
H4313,מֵי הַיַּרקוֹן,Old Testament,Hebrew,noun location,a place in Israel,,1
H4314,מֵי זָהָב,Old Testament,Hebrew,noun proper,an Edomite,,2
H4315,מֵיטָּב,Old Testament,Hebrew,noun,the best part,,6
H4316,מִיכָּא,Old Testament,Hebrew,noun proper,the name of two Israelites,,4
H4317,מִיכָּאֵל,Old Testament,Hebrew,noun proper,the name of an archangel and of nine Israelites,,13
H4318,מִיכָּה,Old Testament,Hebrew,noun proper,the name of seven Israelites,,34
H4319,מִיכָּהוּ,Old Testament,Hebrew,noun proper,an Israelite prophet,,3
H4320,מִיכָּיָה,Old Testament,Hebrew,noun proper,the name of two Israelites,,4
H4321,מִיכָּיְהוּ מִכָיְהוּ,Old Testament,Hebrew,noun proper,the name of three Israelites,,18
H4322,מִיכָּיָהוּ,Old Testament,Hebrew,noun proper,the name of an Israelite and an Israelitess,,2
H4323,מִיכָּל,Old Testament,Hebrew,noun,i.e. a streamlet,,1
H4324,מִיכָּל,Old Testament,Hebrew,noun proper,Saul's daughter,,18
H4325,מַיִם,Old Testament,Hebrew,noun,semen,నీళ్ళు,582
H4326,מִיָמִן,Old Testament,Hebrew,noun proper,the name of three Israelites,,4
H4327,מִין,Old Testament,Hebrew,noun,i.e. species,,31
H4328,מְיוּסָּדָה,Old Testament,Hebrew,particle,i.e. a foundation,,1
H4329,מֵיסָך,Old Testament,Hebrew,noun,a portico (as covered),,2
H4330,מִיצּ,Old Testament,Hebrew,noun,"forcing, wringing.",,3
H4331,מֵישָׁא,Old Testament,Hebrew,noun proper,also an Israelite,,1
H4332,מִישָׁאֵל,Old Testament,Hebrew,noun proper,the name of three Israelites,,7
A4333,מִישָׁאֵל,Old Testament,Aramaic,noun proper,an Israelite,,1
H4334,מִישׁוֹר מִישׁוֹר,Old Testament,Hebrew,noun,"(figuratively) concord; also straightness, i.e. (figuratively) justice (sometimes adverbially, justly)",,23
H4335,מֵישַׁך,Old Testament,Hebrew,noun proper,an Israelite,,1
A4336,מֵישַׁך,Old Testament,Aramaic,noun proper,the Babylonian name of H4333,,14
H4337,מֵישָׁע,Old Testament,Hebrew,noun proper,an Israelite,,1
H4338,מֵישַׁע,Old Testament,Hebrew,noun proper,a Moabite,,1
H4339,מֵישָׁר,Old Testament,Hebrew,noun,"also straightness, i.e. (figuratively) rectitude (only in plural with singular sense; often adverbially)",,19
H4340,מֵיתָּר,Old Testament,Hebrew,noun,string.,,9
H4341,מַכאוֹב מַכאוֹב מַכאוֹבָה,Old Testament,Hebrew,noun,"pain, sorrow.",,16
H4342,מַכבִּיר,Old Testament,Hebrew,participle transitive,plenty,,1
H4343,מַכבֵּנָא,Old Testament,Hebrew,noun proper,a place in Israel settled by him,,1
H4344,מַכבַּנַּי,Old Testament,Hebrew,noun proper,a Macbannite or native of Macbena,,1
H4345,מַכבֵּר,Old Testament,Hebrew,noun,a grate,,6
H4346,מַכבָּר,Old Testament,Hebrew,noun,a cloth (as netted),,1
H4347,מַכָּה מַכֶּה,Old Testament,Hebrew,noun,also pestilence,,48
H4348,מִכוָה,Old Testament,Hebrew,noun,burning.,,5
H4349,מָכוֹן,Old Testament,Hebrew,noun,(generally) a place; (especially) an abode,,17
H4350,מְכוֹנָה מְכוֹנָה,Old Testament,Hebrew,noun,also a spot,,24
H4351,מְכוּרָה מְכוֹרָה,Old Testament,Hebrew,noun,"habitation, nativity.",,3
H4352,מָכִי,Old Testament,Hebrew,noun proper,an Israelite,,1
H4353,מָכִיר,Old Testament,Hebrew,noun proper,an Israelite,,22
H4354,מָכִירִי,Old Testament,Hebrew,adjective,a Makirite or descend. of Makir,,1
H4355,מָכַך,Old Testament,Hebrew,verb,decay.,,3
H4356,מִכלָאָה מִכלָה,Old Testament,Hebrew,noun,a pen (for flocks),,3
H4357,מִכלָה,Old Testament,Hebrew,noun,adverbial) wholly,,1
H4358,מִכלוֹל,Old Testament,Hebrew,verb,all sorts.,,2
H4359,מִכלָל,Old Testament,Hebrew,noun,perfection (of beauty),,1
H4360,מִכלוּל,Old Testament,Hebrew,noun,i.e. a splendid garment,,1
H4361,מַכּוֹלֶת,Old Testament,Hebrew,noun,nourishment,,1
H4362,מִכמַן,Old Testament,Hebrew,noun,treasure (as hidden),,1
H4363,מִכמָס מִכמָשׁ מִכמַשׁ,Old Testament,Hebrew,noun location,a place in Israel,,11
H4364,מַכמָר מִכמוֹר,Old Testament,Hebrew,noun,a (hunter's) net (as dark from concealment),,2
H4365,מִכמֶרֶת מִכמוֹרֶת,Old Testament,Hebrew,noun,net.,,3
H4366,מִכמְתָת,Old Testament,Hebrew,noun location,a place in Israel,,2
H4367,מַכנַדבַּי,Old Testament,Hebrew,noun proper,an Israelite,,1
H4368,מְכוֹנָה,Old Testament,Hebrew,noun location,a place in Israel,,1
H4369,מְכוּנָה,Old Testament,Hebrew,noun,a spot,,1
H4370,מִכנָס,Old Testament,Hebrew,noun,(only in dual) drawers (from concealing the private parts),,5
H4371,מֶכֶס,Old Testament,Hebrew,noun,an assessment (as based upon a census),,6
H4372,מִכסֶה,Old Testament,Hebrew,noun,i.e. weather-boarding,,16
H4373,מִכסָה,Old Testament,Hebrew,noun,worth.,,2
H4374,מְכַסֶּה,Old Testament,Hebrew,noun,"specifically, a coverlet (for a bed), an awning (from the sun); also the omentum (as covering the intestines)",,4
H4375,מַכפֵּלָה,Old Testament,Hebrew,noun location,a place in Israel,,6
H4376,מָכַר,Old Testament,Hebrew,verb,"literally (as merchandise, a daughter in marriage, into slavery), or figuratively (to surrender)",,80
H4377,מֶכֶּר,Old Testament,Hebrew,noun,"price, ware.",,3
H4378,מַכָּר,Old Testament,Hebrew,noun,an acquaintance,,2
H4379,מִכרֶה,Old Testament,Hebrew,noun,a pit (for salt),,1
H4380,מְכֵרָה,Old Testament,Hebrew,noun,a sword,,1
H4381,מִכרִי,Old Testament,Hebrew,noun proper,an Israelite,,1
H4382,מְכֵרָתִי,Old Testament,Hebrew,adjective,Mecherathite,,1
H4383,מִכשׁוֹל מִכשׁוֹל,Old Testament,Hebrew,noun,"literally or figuratively (obstacle, enticement (specifically an idol), scruple)",,14
H4384,מַכשֵׁלָה,Old Testament,Hebrew,noun,"but only figuratively (fall, enticement (idol))",,2
H4385,מִכתָּב,Old Testament,Hebrew,noun,"the characters, or a document (letter, copy, edict, poem)",,9
H4386,מְכִתּתָּה,Old Testament,Hebrew,noun,a fracture,,1
H4387,מִכתָּם,Old Testament,Hebrew,noun,i.e. (techn.) a poem,,6
H4388,מַכתֵּשׁ,Old Testament,Hebrew,noun,a socket (of a tooth),,2
H4389,מַכתֵּשׁ,Old Testament,Hebrew,noun,a place in Jerusalem,,1
H4390,מָלֵא מָלָא,Old Testament,Hebrew,verb,in a wide application (literally and figuratively),,253
A4391,מְלָא,Old Testament,Aramaic,verb,be full.,,2
H4392,מָלֵא,Old Testament,Hebrew,adjective,"fill(-ed, -ed with), full(-ly), multitude, as is worth.",,55
H4393,מְלוֹא מְלוֹא מְלוֹ,Old Testament,Hebrew,noun,"X all that is (there-)in, fill, (X that whereof...was) full, fullness, (hand- )full, multitude.",,38
H4394,מִלּוּא,Old Testament,Hebrew,noun,be set.,,15
H4395,מְלֵאָה,Old Testament,Hebrew,noun,i.e. abundance (of produce),,8
H4396,מִלּוּאָה,Old Testament,Hebrew,noun,i.e. setting (of gems),,3
H4397,מַלאָך,Old Testament,Hebrew,noun,"of God, i.e. an angel (also a prophet, priest or teacher)","ఒక దూత; ప్రత్యేకంగా, దేవుని, అనగా ఒక దేవదూత (ప్రవక్త, పూజారి లేదా గురువు కూడా)",214
A4398,מַלאַך,Old Testament,Aramaic,noun,an angel,,2
H4399,מְלָאכָּה,Old Testament,Hebrew,noun,(generally) employment (never servile); (abstractly or concretely) work,,167
H4400,מַלאֲכוּת,Old Testament,Hebrew,noun,a message,,1
H4401,מַלאָכִי,Old Testament,Hebrew,noun proper,a prophet,,1
H4402,מִלֵּאתּ,Old Testament,Hebrew,noun,fulness; (concretely) a plump socket (of the eye),,1
H4403,מַלבּוּשׁ מַלבּוּשׁ,Old Testament,Hebrew,noun,or (collectively) clothing,,8
H4404,מַלבֵּן,Old Testament,Hebrew,noun,a brick-kiln,,4
H4405,מִלָּה מִלֶּה,Old Testament,Hebrew,noun,(figuratively) a topic,,38
A4406,מִלָּה,Old Testament,Aramaic,noun,"command, discourse, or subject",,24
H4407,מִלּוֹא מִלּוֹא,Old Testament,Hebrew,noun proper,i.e. the citadel,,7
H4408,מַלּוַּח,Old Testament,Hebrew,noun,sea-purslain (from its saltness),,1
H4409,מַלּוּך מַלוּכִי,Old Testament,Hebrew,noun proper,the name of five Israelites,,8
H4410,מְלוּכָה,Old Testament,Hebrew,noun,i.e. a realm,,24
H4411,מָלוֹן,Old Testament,Hebrew,noun,i.e. caravanserai or encampment,,8
H4412,מְלוּנָה,Old Testament,Hebrew,noun,a hammock,,2
H4413,מַלּוֹתִי,Old Testament,Hebrew,noun proper,an Israelite,,2
H4414,מָלַח,Old Testament,Hebrew,verb,"salt, season, temper together, vanish away.",,5
A4415,מְלַח,Old Testament,Aramaic,verb,to eat salt; (generally) to subsist,,1
A4416,מְלַח,Old Testament,Aramaic,noun,salt.,,3
H4417,מֶלַח,Old Testament,Hebrew,noun,i.e. (specifically) salt (as easily pulverized and dissolved,,23
H4418,מָלָח,Old Testament,Hebrew,noun,a rag or old garment,,2
H4419,מַלָּח,Old Testament,Hebrew,noun,"a sailor (as following ""the salt"")",,4
H4420,מְלֵחָה,Old Testament,Hebrew,noun,i.e. a desert,,3
H4421,מִלחָמָה,Old Testament,Hebrew,noun,"fight(-ing), war((-rior)).",,319
H4422,מָלַט,Old Testament,Hebrew,verb,to release or rescue,,95
H4423,מֶלֶט,Old Testament,Hebrew,noun,cement (from its plastic smoothness)],,1
H4424,מְלַטיָה,Old Testament,Hebrew,noun proper,a Gibeonite,,1
H4425,מְלִילָה,Old Testament,Hebrew,noun,a head of grain (as cut off),,1
H4426,מְלִיצָּה,Old Testament,Hebrew,noun,taunting.,,2
H4427,מָלַך,Old Testament,Hebrew,verb,by implication) to take counsel,,351
H4428,מֶלֶך,Old Testament,Hebrew,noun,royal.,ఒక రాజు,2530
H4429,מֶלֶך,Old Testament,Hebrew,noun proper,the name of two Israelites,,2
A4430,מֶלֶך,Old Testament,Aramaic,noun,royal.,,180
A4431,מְלַך,Old Testament,Aramaic,noun,counsel,,1
H4432,מוֹלֶך,Old Testament,Hebrew,noun proper,the chief deity of the Ammonites,,8
A4433,מַלכָּא,Old Testament,Aramaic,noun,a queen,,2
H4434,מַלכּוֹדֶת,Old Testament,Hebrew,noun,a snare,,1
H4435,מִלכָּה,Old Testament,Hebrew,noun proper,the name of a Hebrewess and of an Israelite,,11
H4436,מַלכָּה,Old Testament,Hebrew,noun,a queen,,35
A4437,מַלכּוּ,Old Testament,Aramaic,noun,"kingly, realm, reign.",,57
H4438,מַלכּוּת מַלכּוּת מַלכּוּיָה,Old Testament,Hebrew,noun,"kingdom, realm, reign, royal.",,90
H4439,מַלכִּיאֵל,Old Testament,Hebrew,noun proper,an Israelite,,3
H4440,מַלכִּיאֵלִי,Old Testament,Hebrew,adjective,a Malkielite or descendant of Malkiel,,1
H4441,מַלכִּיָה מַלכִּיָהוּ,Old Testament,Hebrew,noun proper,the name of ten Israelites,,16
H4442,מַלכִּי ־ צֶּדֶק,Old Testament,Hebrew,noun proper,an early king in Israel,,2
H4443,מַלכִּירָם,Old Testament,Hebrew,noun proper,an Israelite,,1
H4444,מַלכִּישׁוַּע,Old Testament,Hebrew,noun proper,an Israelite,,5
H4445,מַלכָּם מִלכּוֹם,Old Testament,Hebrew,noun proper,the national idol of the Ammonites,,4
H4446,מְלֶכֶת,Old Testament,Hebrew,noun,a queen,,5
H4447,מוֹלֶכֶת,Old Testament,Hebrew,noun proper,an Israelitess,,1
H4448,מָלַל,Old Testament,Hebrew,verb,"speak, utter.",,5
A4449,מְלַל,Old Testament,Aramaic,verb,speak(-ing).,,5
H4450,מִלֲלַי,Old Testament,Hebrew,noun proper,an Israelite,,1
H4451,מַלמָד,Old Testament,Hebrew,noun,a goad for oxen,,1
H4452,מָלַץ,Old Testament,Hebrew,verb,i.e. (figuratively) pleasant,,1
H4453,מֶלצָּר,Old Testament,Hebrew,noun,the butler or other officer in the Babylonian court,,2
H4454,מָלַק,Old Testament,Hebrew,verb,to crack a joint; (by implication) to wring the neck of a fowl (without separating it),,2
H4455,מַלקוַֹח,Old Testament,Hebrew,noun,spoil (and captives) (as taken),,8
H4456,מַלקוֹשׁ,Old Testament,Hebrew,noun,the spring rain; (figuratively) eloquence,,8
H4457,מֶלקָח מַלקָח,Old Testament,Hebrew,noun,tongs.,,6
H4458,מֶלתָּחָה,Old Testament,Hebrew,noun,a wardrobe (i.e. room where clothing is spread),,1
H4459,מַלתָּעָה,Old Testament,Hebrew,noun,i.e. back tooth,,1
H4460,מַמְּגוּרָה,Old Testament,Hebrew,noun,a granary,,1
H4461,מֵמַד,Old Testament,Hebrew,noun,a measure,,1
H4462,מְמוּכָן מוֹמוּכָן,Old Testament,Hebrew,noun proper,a Persian satrap,,4
H4463,מָמוֹת,Old Testament,Hebrew,noun,a mortal disease; (concretely) a corpse,,3
H4464,מַמזֵר,Old Testament,Hebrew,noun,i.e. born of a Jewish father and a heathen mother,,2
H4465,מִמכָּר,Old Testament,Hebrew,noun,a selling,,10
H4466,מִמכֶּרֶת,Old Testament,Hebrew,noun,a sale,,1
H4467,מַמלָכָה,Old Testament,Hebrew,noun,"king's, reign, royal.",,117
H4468,מַמלָכוּת,Old Testament,Hebrew,noun,reign,,9
H4469,מַמסָך,Old Testament,Hebrew,noun,i.e. (specifically) wine mixed (with water or spices),,2
H4470,מֶמֶר,Old Testament,Hebrew,noun,sorrow,,1
H4471,מַמרֵא,Old Testament,Hebrew,noun location,an Amorite,,10
H4472,מַמרוֹר,Old Testament,Hebrew,noun,i.e. (figuratively) calamity,,1
H4473,מִמשַׁח,Old Testament,Hebrew,noun,in the sense of expansion],,1
H4474,מִמשָׁל,Old Testament,Hebrew,noun,that ruled.,,6
H4475,מֶמשָׁלָה,Old Testament,Hebrew,noun,in plural) a realm or a ruler,,14
H4476,מִמשָׁק,Old Testament,Hebrew,noun,a possession,,1
H4477,מַמתַּק,Old Testament,Hebrew,noun,something sweet (literally or figuratively),,2
H4478,מָן,Old Testament,Hebrew,noun,i.e. manna (so called from the question about it),,14
A4479,מָן,Old Testament,Aramaic,interrogative,"interrogatively, hence, also indefinitely and relatively)",,10
H4480,מִן מִנִּי מִנֵּי,Old Testament,Hebrew,preposition,prepositionally) from or out of (in many senses),,1229
A4481,מִן,Old Testament,Aramaic,preposition,"after, + because, + before, by, for, from, X him, X more than, (out) of, part, since, X these, to, upon, + when",,116
H4482,מֵן,Old Testament,Hebrew,noun,a part; (hence) a musical chord (as parted into strings),,2
A4483,מְנָא מְנָה,Old Testament,Aramaic,verb,appoint,,5
A4484,מְנֵא,Old Testament,Aramaic,noun,numbered,,3
H4485,מַנגִּינָה,Old Testament,Hebrew,noun,a satire,,1
A4486,מַנדַּע,Old Testament,Aramaic,noun,"reason, understanding.",,4
H4487,מָנָה,Old Testament,Hebrew,verb,"count, number, prepare, set, tell.",,28
H4488,מָנֶה,Old Testament,Hebrew,noun,i.e. (techn.) a maneh or mina,,5
H4489,מוֹנֶה,Old Testament,Hebrew,noun,"i.e. (figuratively) a portion of time, i.e. an instance",,2
H4490,מָנָה,Old Testament,Hebrew,noun,of food) a ration,,14
H4491,מִנהָג,Old Testament,Hebrew,noun,the driving (of a chariot),,1
H4492,מִנהָרָה,Old Testament,Hebrew,noun,(properly) a channel or fissure; (by implication) a cavern,,1
H4493,מָנוֹד,Old Testament,Hebrew,noun,shaking,,1
H4494,מָנוַֹח,Old Testament,Hebrew,noun,quiet; (concretely) a settled spot; (figuratively) a home,,6
H4495,מָנוַֹח,Old Testament,Hebrew,noun proper,an Israelite,,18
H4496,מְנוּחָה מְנוּחָה,Old Testament,Hebrew,noun,concretely) an abode,,22
H4497,מָנוֹן,Old Testament,Hebrew,noun,i.e. heir,,1
H4498,מָנוֹס,Old Testament,Hebrew,noun,a fleeing,,8
H4499,מְנוּסָה מְנוּסָה,Old Testament,Hebrew,noun,flight.,,2
H4500,מָנוֹר,Old Testament,Hebrew,noun,"for plowing), i.e. the frame of a loom",,4
H4501,מְנוֹרָה מְנוֹרָה,Old Testament,Hebrew,noun,H5216,,42
H4502,מִנְּזָר,Old Testament,Hebrew,noun,a prince,,1
H4503,מִנחָה,Old Testament,Hebrew,noun,specifically a sacrificial offering (usually bloodless and voluntary),,211
A4504,מִנחָה,Old Testament,Aramaic,noun,meat offering.,,2
H4505,מְנַחֵם,Old Testament,Hebrew,noun proper,an Israelite,,8
H4506,מָנַחַת,Old Testament,Hebrew,noun location,the name of an Edomite and of a place in Moab,,3
H4507,מְנִי,Old Testament,Hebrew,noun proper,i.e. Fate (as an idol),,1
H4508,מִנִּי,Old Testament,Hebrew,noun location,an Armenian province,,1
H4509,מִניָמִין,Old Testament,Hebrew,noun proper,the name of two Israelites,,3
A4510,מִניָן,Old Testament,Aramaic,noun,enumeration,,1
H4511,מִנִּיתּ,Old Testament,Hebrew,noun location,a place East of the Jordan,,2
H4512,מִנלֶה,Old Testament,Hebrew,noun,i.e. (in produce) wealth,,1
H4513,מָנַע,Old Testament,Hebrew,verb,"keep (back), refrain, restrain, withhold.",,29
H4514,מַנעוּל מַנעוּל,Old Testament,Hebrew,noun,a bolt,,6
H4515,מַנעָל,Old Testament,Hebrew,noun,a bolt,,1
H4516,מַנעַם,Old Testament,Hebrew,noun,a delicacy,,1
H4517,מְנַענַע,Old Testament,Hebrew,noun,a sistrum (so called from its rattling sound),,1
H4518,מְנַקִּיתּ,Old Testament,Hebrew,noun,a sacrificial basin (for holding blood),,4
H4519,מְנַשֶּׁה,Old Testament,Hebrew,noun proper,"a grandson of Jacob, also the tribe descended from him, and its territory",,146
H4520,מְנַשִּׁי,Old Testament,Hebrew,adjective,Manassites.,,4
H4521,מְנָת,Old Testament,Hebrew,noun,law or providence),,7
H4522,מַס מִס,Old Testament,Hebrew,noun,i.e. a tax in the form of forced labor,,23
H4523,מָס,Old Testament,Hebrew,adjective,i.e. (figuratively) disconsolate,,1
H4524,מֵסַב מֶסִבִּים מֶסִבּוֹת,Old Testament,Hebrew,noun,"(place) round about, at table.",,5
H4525,מַסגֵּר,Old Testament,Hebrew,noun,"i.e. (of a person) a smith, (of a thing) a prison",,7
H4526,מִסגֶּרֶת,Old Testament,Hebrew,noun,(concretely) a stronghold,,18
H4527,מַסַּד,Old Testament,Hebrew,noun,a foundation,,1
H4528,מִסדְּרוֹן,Old Testament,Hebrew,noun,a colonnade or internal portico (from its rows of pillars),,1
H4529,מָסָה,Old Testament,Hebrew,verb,"(make to) melt, water.",,4
H4530,מִסָּה,Old Testament,Hebrew,noun,abundance; (adverbially) liberally,,1
H4531,מַסָּה,Old Testament,Hebrew,noun,of men (judicial) or of God (querulous),,5
H4532,מַסָּה,Old Testament,Hebrew,noun location,a place in the Desert,,4
H4533,מַסוֶה,Old Testament,Hebrew,noun,a veil,,3
H4534,מְסוּכָה,Old Testament,Hebrew,noun,a hedge,,1
H4535,מַסָּח,Old Testament,Hebrew,verb,(adverbially) or (as a) military barrier,,1
H4536,מִסחָר,Old Testament,Hebrew,noun,trade,,1
H4537,מָסַך,Old Testament,Hebrew,verb,especially wine (with spices),,5
H4538,מֶסֶך,Old Testament,Hebrew,noun,i.e. of wine with spices,,1
H4539,מָסָך,Old Testament,Hebrew,noun,i.e. veil,,25
H4540,מְסוּכָּה,Old Testament,Hebrew,noun,i.e. garniture,,1
H4541,מַסֵּכָה,Old Testament,Hebrew,noun,"(by implication) a libation, i.e. league; (concretely) a coverlet (as if poured out)",,28
H4542,מִסכֵּן,Old Testament,Hebrew,adjective,indigent,,4
H4543,מִסכְּנָה,Old Testament,Hebrew,noun,treasure.,,7
H4544,מִסכֵּנוּת,Old Testament,Hebrew,noun,indigence,,1
H4545,מַסֶּכֶת,Old Testament,Hebrew,noun,i.e. the warp in a loom (as stretched out to receive the woof),,2
H4546,מְסִלָּה,Old Testament,Hebrew,noun,"specifically a viaduct, a staircase",,27
H4547,מַסלוּל,Old Testament,Hebrew,noun,a thoroughfare (as turnpiked),,1
H4548,מַסמֵר מִסמֵר מַסמְרָה מִסמְרָה,Old Testament,Hebrew,noun,a peg (as bristling from the surface),,4
H4549,מָסַס,Old Testament,Hebrew,verb,"to faint (with fatigue, fear or grief)",,21
H4550,מַסַּע,Old Testament,Hebrew,noun,(by implication) a station (or point of departure),,12
H4551,מַסָּע,Old Testament,Hebrew,noun,"as it were, ejected)",,2
H4552,מִסעָד,Old Testament,Hebrew,noun,a balustrade (for stairs),,1
H4553,מִספֵּד,Old Testament,Hebrew,noun,"one mourneth, mourning, wailing.",,14
H4554,מִספּוֹא,Old Testament,Hebrew,noun,fodder,,5
H4555,מִספָּחָה,Old Testament,Hebrew,noun,a veil (as spread out),,2
H4556,מִספַּחַת,Old Testament,Hebrew,noun,scruf (as spreading over the surface),,3
H4557,מִספָּר,Old Testament,Hebrew,noun,large) innumerable,,134
H4558,מִספָּר,Old Testament,Hebrew,noun proper,an Israelite,,1
H4559,מִספֶּרֶת,Old Testament,Hebrew,noun proper,an Israelite,,1
H4560,מָסַר,Old Testament,Hebrew,verb,"i.e. (transitively) set apart, or (reflex.) apostatize",,2
H4561,מוֹסָר,Old Testament,Hebrew,noun,admonition,,1
H4562,מָסוֹרֶת,Old Testament,Hebrew,noun,a band,,1
H4563,מִסתּוֹר,Old Testament,Hebrew,noun,a refuge,,1
H4564,מַסתֵּר,Old Testament,Hebrew,noun,"i.e. (abstractly) a hiding, i.e. aversion",,1
H4565,מִסתָּר,Old Testament,Hebrew,noun,i.e. a covert,,10
H4566,מַעבָּד,Old Testament,Hebrew,noun,an act,,1
A4567,מַעבָּד,Old Testament,Aramaic,noun,an act,,1
H4568,מַעֲבֶה,Old Testament,Hebrew,noun,i.e. loam,,1
H4569,מַעֲבָר מַעֲבָרָה,Old Testament,Hebrew,noun,"of a mountain, a pass); abstractly, a transit, i.e. (figuratively) overwhelming",,11
H4570,מַעגָּל מַעגָּלָה,Old Testament,Hebrew,noun,"path, trench, way((-side)).",,16
H4571,מָעַד,Old Testament,Hebrew,verb,"slide, slip.",,6
H4572,מַעֲדַי,Old Testament,Hebrew,noun proper,an Israelite,,1
H4573,מַעַדיָה,Old Testament,Hebrew,noun proper,an Israelite,,1
H4574,מַעֲדָן מַעֲדַנָּה,Old Testament,Hebrew,noun,cheerfully),,4
H4575,מַעֲדַנָּה,Old Testament,Hebrew,noun,i.e. group,,1
H4576,מַעדֵּר,Old Testament,Hebrew,noun,a (weeding) hoe,,1
A4577,מְעָה מְעָא,Old Testament,Aramaic,noun,only in plural the bowels,,1
H4578,מֵעֶה,Old Testament,Hebrew,noun,"(by implication) a vest; (by extension) the stomach, the uterus (or of men, the seat of generation), the heart (figuratively)",,1
H4579,מֵעָה,Old Testament,Hebrew,noun,i.e. (figuratively) interior,,1
H4580,מָעוֹג,Old Testament,Hebrew,noun,i.e. parasite),,2
H4581,מָעוֹז מָעוּז מָעוֹז מָעוּז,Old Testament,Hebrew,noun,a fortified place; (figuratively) a defence,,37
H4582,מָעוֹך,Old Testament,Hebrew,noun proper,a Philistine,,1
H4583,מָעוֹן מָעִין,Old Testament,Hebrew,noun,(hence) a retreat (asylum),,17
H4584,מָעוֹן,Old Testament,Hebrew,noun location,the name of an Israelite and of a place in Israel,,8
H4585,מְעוֹנָה מְעוֹנָה,Old Testament,Hebrew,noun,"habitation, (dwelling) place, refuge.",,10
H4586,מְעוּנִי מְעִינִי,Old Testament,Hebrew,noun proper,or inhabitant of Maon (only in plural),,4
H4587,מְעוֹנוֹתַי,Old Testament,Hebrew,noun proper,an Israelite,,1
H4588,מָעוּף,Old Testament,Hebrew,noun,darkness,,1
H4589,מָעוֹר,Old Testament,Hebrew,noun,i.e. (in plural) the pudenda,,1
H4590,מַעַזיָה מַעַזיָהוּ,Old Testament,Hebrew,noun proper,the name of two Israelites,,2
H4591,מָעַט,Old Testament,Hebrew,verb,"intransitively, to be (or causatively, to make) small or few (or figuratively, ineffective)",,21
H4592,מְעַט מְעָט,Old Testament,Hebrew,substantive,"very) few(-er, -est), lightly, little (while), (very) small (matter, thing), some, soon, X very.",,102
H4593,מָעוֹט,Old Testament,Hebrew,adjective,i.e. sharp,,1
H4594,מַעֲטֶה,Old Testament,Hebrew,noun,a vestment,,1
H4595,מַעֲטָפָה,Old Testament,Hebrew,noun,a cloak,,1
H4596,מְעִי,Old Testament,Hebrew,noun,i.e. a ruin,,1
H4597,מָעַי,Old Testament,Hebrew,noun proper,an Israelite,,1
H4598,מְעִיל,Old Testament,Hebrew,noun,"coat, mantle, robe.",,28
H4599,מַעיָן מַעיְנוֹ מַעיָנָה,Old Testament,Hebrew,noun,"figuratively, a source (of satisfaction)",,23
H4600,מָעַך,Old Testament,Hebrew,verb,"i.e. to pierce, emasculate, handle",,3
H4601,מַעֲכָה מַעֲכָת,Old Testament,Hebrew,noun proper,"the name of a place in Syria, also of a Mesopotamian, of three Israelites, and of four Israelitesses and one Syrian woman",,22
H4602,מַעֲכָתִי,Old Testament,Hebrew,adjective,or inhabitant of Maakah,,8
H4603,מָעַל,Old Testament,Hebrew,verb,"to act covertly, i.e. treacherously",,36
H4604,מַעַל,Old Testament,Hebrew,noun,i.e. sin,,29
H4605,מַעַל,Old Testament,Hebrew,adjective,"used only adverbially with prefix upward, above, overhead, from the top, etc",,140
A4606,מֵעָל,Old Testament,Aramaic,noun,(only in plural as singular) the setting (of the sun),,1
H4607,מוֹעַל,Old Testament,Hebrew,noun,a raising (of the hands),,1
H4608,מַעֲלֶה,Old Testament,Hebrew,noun,the relation or state) a rise,,18
H4609,מַעֲלָה,Old Testament,Hebrew,noun,"(figuratively, the act) a thought arising",,50
H4610,מַעֲלֵה עַקרַבִּים,Old Testament,Hebrew,noun location,a place in the Desert,,6
H4611,מַעֲלָל,Old Testament,Hebrew,noun,"endeavour, invention, work.",,43
H4612,מַעֲמָד,Old Testament,Hebrew,noun,"office, place, state.",,5
H4613,מָעֳמָד,Old Testament,Hebrew,noun,(literally) a foothold,,1
H4614,מַעֲמָסָה,Old Testament,Hebrew,noun,burdensomeness,,1
H4615,מַעֲמָק,Old Testament,Hebrew,noun,depth.,,5
H4616,מַעַן,Old Testament,Hebrew,preposition,"used only adverbially, on account of (as a motive or an aim), teleologically, in order that",,272
H4617,מַעֲנֶה,Old Testament,Hebrew,noun,X himself.,,8
H4618,מַעֲנָה,Old Testament,Hebrew,noun,in the sense of depression or tilling],,3
H4619,מַעַץ,Old Testament,Hebrew,noun proper,an Israelite,,1
H4620,מַעֲצֵבָה,Old Testament,Hebrew,noun,anguish,,1
H4621,מַעֲצָד,Old Testament,Hebrew,noun,tongs.,,2
H4622,מַעצּוֹר,Old Testament,Hebrew,noun,a hindrance,,1
H4623,מַעצָּר,Old Testament,Hebrew,noun,control,,1
H4624,מַעֲקֶה,Old Testament,Hebrew,noun,a parapet,,1
H4625,מַעֲקָשׁ,Old Testament,Hebrew,noun,a crook (in a road),,1
H4626,מַעַר,Old Testament,Hebrew,noun,"i.e. (literally) the pudenda, or (figuratively) a vacant space",,2
H4627,מַעֲרָב,Old Testament,Hebrew,noun,in the sense of trading],,9
H4628,מַעֲרָב מַעֲרָבָה,Old Testament,Hebrew,noun,in the sense of shading],,14
H4629,מַעֲרֶה,Old Testament,Hebrew,noun,i.e. a common,,1
H4630,מַעֲרָה,Old Testament,Hebrew,noun,an open spot,,1
H4631,מְעָרָה,Old Testament,Hebrew,noun,"den, hole.",,40
H4632,מְעָרָה,Old Testament,Hebrew,noun location,a place in Israel,,1
H4633,מַעֲרָך,Old Testament,Hebrew,noun,i.e. (figuratively) mental disposition,,1
H4634,מַעֲרָכָה,Old Testament,Hebrew,noun,"fight, be set in order, ordered place, rank, row.",,20
H4635,מַעֲרֶכֶת,Old Testament,Hebrew,noun,shewbread.,,9
H4636,מַעֲרוֹם,Old Testament,Hebrew,noun,in the sense of stripping],,1
H4637,מַעֲרָצָה,Old Testament,Hebrew,noun,violence,,1
H4638,מַעֲרָת,Old Testament,Hebrew,noun location,a place in Israel,,1
H4639,מַעֲשֶׂה,Old Testament,Hebrew,noun,generally) property,,235
H4640,מַעֲשַׂי,Old Testament,Hebrew,noun proper,an Israelite,,1
H4641,מַעֲשֵׂיָה מַעֲשֵׂיָהוּ,Old Testament,Hebrew,noun proper,the name of sixteen Israelites,,23
H4642,מַעֲשַׁקָּה,Old Testament,Hebrew,noun,X oppressor.,,2
H4643,מַעֲשֵׂר מַעֲשַׂר מַעַשׂרָה,Old Testament,Hebrew,noun,tithe(-ing).,,32
H4644,מוֹף,Old Testament,Hebrew,noun location,Memphis,,1
H4645,מִפגָּע,Old Testament,Hebrew,noun,an object of attack,,1
H4646,מַפָּח,Old Testament,Hebrew,noun,i.e. expiring,,1
H4647,מַפּוַּח,Old Testament,Hebrew,noun,the bellows (i.e. blower) of a forge,,1
H4648,מְפִיבּוֹשֶׁת מֶפִבוֹשֶׁת,Old Testament,Hebrew,noun proper,the name of two Israelites,,15
H4649,מוּפִּים,Old Testament,Hebrew,noun proper,an Israelite,,1
H4650,מֵפִיצּ,Old Testament,Hebrew,noun,i.e. mallet,,1
H4651,מַפָּל,Old Testament,Hebrew,noun,"also something pendulous, i.e. a flap",,2
H4652,מִפלָאָה,Old Testament,Hebrew,noun,a miracle,,1
H4653,מִפלַגָּה,Old Testament,Hebrew,noun,a classification,,1
H4654,מַפָּלָה מַפֵּלָה,Old Testament,Hebrew,noun,i.e. a ruin,,3
H4655,מִפלָט,Old Testament,Hebrew,noun,an escape,,1
H4656,מִפלֶצֶת,Old Testament,Hebrew,noun,i.e. an idol,,4
H4657,מִפלָשׂ,Old Testament,Hebrew,noun,a poising,,1
H4658,מַפֶּלֶת,Old Testament,Hebrew,noun,(concretely) a ruin; (specifically) a carcass,,8
H4659,מִפעָל מִפעָלָה,Old Testament,Hebrew,noun,a performance,,3
H4660,מַפָּץ,Old Testament,Hebrew,noun,a smiting to pieces,,1
H4661,מַפֵּץ,Old Testament,Hebrew,noun,i.e. a war club,,1
H4662,מִפקָד,Old Testament,Hebrew,noun,(concretely) a designated spot; (specifically) a census,,4
H4663,מִפקָד,Old Testament,Hebrew,noun,the name of a gate in Jerusalem,,1
H4664,מִפרָץ,Old Testament,Hebrew,noun,i.e. a haven,,1
H4665,מִפרֶקֶת,Old Testament,Hebrew,noun,i.e. joint (vertebrae) of the neck,,1
H4666,מִפרָשׂ,Old Testament,Hebrew,noun,spreading.,,2
H4667,מִפשָׂעָה,Old Testament,Hebrew,noun,i.e. (by euphemism) the crotch,,1
H4668,מַפתֵַּח,Old Testament,Hebrew,noun,i.e. a key,,2
H4669,מִפתָּח,Old Testament,Hebrew,noun,i.e. (figuratively) utterance,,2
H4670,מִפתָּן,Old Testament,Hebrew,noun,i.e. a sill,,8
H4671,מוֹץ מוֹץ,Old Testament,Hebrew,noun,i.e. winnowed or (rather) threshed loose),,8
H4672,מָצָא,Old Testament,Hebrew,verb,"transitively, to attain, i.e. find or acquire; (figuratively) to occur, meet or be present",,457
H4673,מַצָּב,Old Testament,Hebrew,noun,a military post,,10
H4674,מוּצָּב,Old Testament,Hebrew,noun,i.e. military post,,1
H4675,מַצָּבָה מִצָּבָה,Old Testament,Hebrew,noun,garrison.,,2
H4676,מַצֵּבָה,Old Testament,Hebrew,noun,"by analogy, an idol",,32
H4677,מְצוֹבָיָה,Old Testament,Hebrew,noun location,a place in Israel,,1
H4678,מַצֶּבֶת,Old Testament,Hebrew,noun,also the stock of a tree,,6
H4679,מְצַד מֶצָד מֶצָדָה,Old Testament,Hebrew,noun,"fort, (strong) hold, munition.",,10
H4680,מָצָה,Old Testament,Hebrew,verb,to squeeze out,,7
H4681,מוֹצָה,Old Testament,Hebrew,noun proper,a place in Israel,,1
H4682,מַצָּה,Old Testament,Hebrew,noun,"cake), without leaven.",,53
H4683,מַצָּה,Old Testament,Hebrew,noun,"debate, strife.",,3
H4684,מַצהָלָה,Old Testament,Hebrew,noun,a whinnying (through impatience for battle or lust),,2
H4685,מָצוֹד מְצוֹדָה מְצוֹדָה,Old Testament,Hebrew,noun,"hold, munition, net, snare.",,6
H4686,מָצוּד מְצוּדָה מְצוּדָה,Old Testament,Hebrew,noun,also a fastness,,23
H4687,מִצוָה,Old Testament,Hebrew,noun,"whether human or divine (collectively, the Law)",,184
H4688,מְצוֹלָה מְצוֹלָה מְצוּלָה מְצוּלָה,Old Testament,Hebrew,noun,"deep, depth.",,11
H4689,מָצוֹק,Old Testament,Hebrew,noun,i.e. (abstractly and figuratively) confinement or disability,,6
H4690,מָצוּק מָצוּק,Old Testament,Hebrew,noun,i.e. a column or hilltop,,2
H4691,מְצוּקָה מְצוּקָה,Old Testament,Hebrew,noun,i.e. (figuratively) trouble,,7
H4692,מָצוֹר מָצוּר,Old Testament,Hebrew,noun,"bulwark, defence, fenced, fortress, siege, strong (hold), tower.",,26
H4693,מָצוֹר,Old Testament,Hebrew,noun location,"defense, fortified.",,4
H4694,מְצוּרָה מְצוּרָה,Old Testament,Hebrew,noun,"fort, munition, strong hold.",,8
H4695,מַצּוּת,Old Testament,Hebrew,noun,a quarrel,,1
H4696,מֵצַח,Old Testament,Hebrew,noun,i.e. conspicuous],,13
H4697,מִצחָה,Old Testament,Hebrew,noun,only plural,,1
H4698,מְצִלָּה,Old Testament,Hebrew,noun,i.e. a bell,,1
H4699,מְצוּלָּה,Old Testament,Hebrew,noun,shade,,1
H4700,מְצֵלֶת,Old Testament,Hebrew,noun,i.e. cymbals,,13
H4701,מִצנֶפֶת,Old Testament,Hebrew,noun,i.e. official turban (of a king or high priest),,12
H4702,מַצָּע,Old Testament,Hebrew,noun,a couch,,1
H4703,מִצעָד,Old Testament,Hebrew,noun,step.,,3
H4704,מִצְּעִירָה,Old Testament,Hebrew,noun,(properly) littleness; (concretely) diminutive,,1
H4705,מִצעָר,Old Testament,Hebrew,noun,a short (time),,5
H4706,מִצעָר,Old Testament,Hebrew,noun location,a peak of Lebanon,,1
H4707,מִצפֶּה,Old Testament,Hebrew,noun,especially for military purposes,,2
H4708,מִצפֶּה,Old Testament,Hebrew,noun location,the name of five places in Israel,,10
H4709,מִצפָּה,Old Testament,Hebrew,noun proper,the name of two places in Israel,,36
H4710,מִצפּוּן,Old Testament,Hebrew,noun,"perhaps, treasure)",,1
H4711,מָצַץ,Old Testament,Hebrew,verb,to suck,,1
H4712,מֵצַר,Old Testament,Hebrew,noun,i.e. (figuratively) trouble,,3
H4713,מִצרִי,Old Testament,Hebrew,adjective,or inhabitant of Mitsrajim,,97
H4714,מִצרַיִם,Old Testament,Hebrew,adjective,i.e. Upper and Lower Egypt,,614
H4715,מִצרֵף,Old Testament,Hebrew,noun,a crucible,,2
H4716,מַק,Old Testament,Hebrew,noun,i.e. putridity,,2
H4717,מַקָּבָה,Old Testament,Hebrew,noun,i.e. a hammer (as piercing),,3
H4718,מַקֶּבֶת,Old Testament,Hebrew,noun,"(intransitively) a perforation, i.e. a quarry",,2
H4719,מַקֵּדָה,Old Testament,Hebrew,noun location,a place in Israel,,9
H4720,מִקדָּשׁ מִקְּדָשׁ,Old Testament,Hebrew,noun,"especially, a palace, sanctuary (whether of Jehovah or of idols) or asylum",,74
H4721,מַקהֵל מַקהֵלָה,Old Testament,Hebrew,noun,an assembly,,2
H4722,מַקהֵלוֹת,Old Testament,Hebrew,noun proper,a place in the Desert,,2
H4723,מִקוֶה מִקוֵה מִקוֵא,Old Testament,Hebrew,noun,"also a collection, i.e. (of water) a pond, or (of men and horses) a caravan or drove",,12
H4724,מִקוָה,Old Testament,Hebrew,noun,i.e. (of water) a reservoir,,1
H4725,מָקוֹם מָקוֹם מְקוֹמָה מְקוֹמָה,Old Testament,Hebrew,noun,but used widely of a locality (general or specific); (figuratively) of a condition (of body or mind),"(సరిగ్గా) నిలబడి, అనగా ఒక ప్రదేశం; కానీ ఒక ప్రాంతంలో విస్తృతంగా ఉపయోగించబడుతుంది (సాధారణ లేదా నిర్దిష్ట)",401
H4726,מָקוֹר מָקוֹר,Old Testament,Hebrew,noun,"also of tears, blood (by euphemism, of the female pudenda); (figuratively) of happiness, wisdom, progeny)",,18
H4727,מִקָּח,Old Testament,Hebrew,noun,reception,,1
H4728,מַקָּחָה,Old Testament,Hebrew,noun,i.e. merchandise (purchased),,1
H4729,מִקטָּר,Old Testament,Hebrew,noun,something to fume (incense) on i.e. a hearth place,,1
H4730,מִקטֶּרֶת,Old Testament,Hebrew,noun,i.e. a coal-pan,,2
H4731,מַקֵּל מַקְּלָה,Old Testament,Hebrew,noun,"i.e. stick (with leaves on, or for walking, striking, guiding, divining)",,18
H4732,מִקלוֹת,Old Testament,Hebrew,noun proper,a place in the Desert,,4
H4733,מִקלָט,Old Testament,Hebrew,noun,an asylum (as a receptacle),,20
H4734,מִקלַעַת,Old Testament,Hebrew,noun,"carving, graving.",,4
H4735,מִקנֶה,Old Testament,Hebrew,noun,"abstractly, acquisition",,76
H4736,מִקנָה,Old Testament,Hebrew,noun,(concretely) a piece of property (land or living); (also) the sum paid,,15
H4737,מִקנֵיָהוּ,Old Testament,Hebrew,noun proper,an Israelite,,2
H4738,מִקסָם,Old Testament,Hebrew,noun,an augury,,2
H4739,מָקַץ,Old Testament,Hebrew,noun location,a place in Israel,,1
H4740,מַקצּוַֹע מַקצּוַֹע מַקצּוֹעָה,Old Testament,Hebrew,noun,turning.,,12
H4741,מַקצּוּעָה,Old Testament,Hebrew,noun,i.e. a carving chisel,,1
H4742,מְקוּצעָה,Old Testament,Hebrew,noun,an angle,,2
H4743,מָקַק,Old Testament,Hebrew,verb,"dwindle, vanish",,10
H4744,מִקרָא,Old Testament,Hebrew,noun,also a rehearsal,,23
H4745,מִקרֶה,Old Testament,Hebrew,noun,i.e. an accident or fortune,,10
H4746,מְקָרֶה,Old Testament,Hebrew,noun,i.e. a frame (of timbers),,1
H4747,מְקֵרָה,Old Testament,Hebrew,noun,a cooling off,,2
H4748,מִקשֶׁה,Old Testament,Hebrew,noun,i.e. a curl (of tresses),,1
H4749,מִקשָׁה,Old Testament,Hebrew,noun,i.e. moulded by hammering (repousse),,10
H4750,מִקשָׁה,Old Testament,Hebrew,noun,i.e. a cucumber patch,,1
H4751,מַר מָרָה,Old Testament,Hebrew,adjective,"bitter(-ly, -ness), chafed, discontented, X great, heavy.",,41
H4752,מַר,Old Testament,Hebrew,noun,a drop,,1
H4753,מוֹר מוֹר,Old Testament,Hebrew,noun,and also as bitter),,12
H4754,מָרָא,Old Testament,Hebrew,verb,"i.e. lash (self with wings, as the ostrich in running)",,2
H4755,מָרָא,Old Testament,Hebrew,noun proper,a symbolic name of Naomi,,1
A4756,מָרֵא,Old Testament,Aramaic,noun,Lord.,,6
H4757,מְראוֹדַך בַּלאָדָן,Old Testament,Hebrew,noun proper,a Babylonian king,,1
H4758,מַראֶה,Old Testament,Hebrew,noun,"often plural the looks), or (mental) a vision",,104
H4759,מַראָה,Old Testament,Hebrew,noun,vision.,,11
H4760,מוּראָה,Old Testament,Hebrew,noun,i.e. the craw of a bird (from its prominence),,1
H4761,מַראָשָׁה,Old Testament,Hebrew,verb,i.e. (plural for collective) dominion,,1
H4762,מַראֵשָׁה מַרֵשָׁה,Old Testament,Hebrew,noun location,the name of two Israelites and of a place in Israel,,8
H4763,מְרַאֲשָׁה,Old Testament,Hebrew,verb,i.e. (plural for adverbial) at (or as) the head-rest (or pillow),,11
H4764,מֵרָב,Old Testament,Hebrew,noun proper,a daughter of Saul,,3
H4765,מַרבַּד,Old Testament,Hebrew,noun,a coverlet,,2
H4766,מַרבֶּה,Old Testament,Hebrew,noun,"greatness, or (adverbially) greatly",,3
H4767,מִרבָּה,Old Testament,Hebrew,noun,i.e. a great quantity,,1
H4768,מַרבִּיתּ,Old Testament,Hebrew,noun,"greatness, increase, multitude.",,5
H4769,מַרבֵּץ,Old Testament,Hebrew,noun,i.e. fold (for flocks),,2
H4770,מַרבֵּק,Old Testament,Hebrew,noun,stall.,,4
H4771,מַרגּוַֹע,Old Testament,Hebrew,noun,a resting place,,1
H4772,מַרגְּלָה,Old Testament,Hebrew,noun,"i.e. (adverbially) at the foot, or (direct.) the foot itself",,6
H4773,מַרגֵּמָה,Old Testament,Hebrew,noun,a stone-heap,,1
H4774,מַרגֵּעָה,Old Testament,Hebrew,noun,rest,,1
H4775,מָרַד,Old Testament,Hebrew,verb,to rebel,,25
A4776,מְרַד,Old Testament,Aramaic,noun,rebellion,,1
H4777,מֶרֶד,Old Testament,Hebrew,noun,rebellion,,1
H4778,מֶרֶד,Old Testament,Hebrew,noun proper,an Israelite,,2
A4779,מָרָד,Old Testament,Aramaic,adjective,rebellious,,2
H4780,מַרדּוּת,Old Testament,Hebrew,noun,rebelliousness,,1
H4781,מְרוֹדָך,Old Testament,Hebrew,noun proper,a Babylonian idol,,1
H4782,מָרדְּכַי,Old Testament,Hebrew,noun proper,an Israelite,,60
H4783,מוּרדָּף,Old Testament,Hebrew,noun,persecuted,,1
H4784,מָרָה,Old Testament,Hebrew,verb,"(figuratively) to rebel (or resist; causatively, to provoke)",,44
H4785,מָרָה,Old Testament,Hebrew,noun proper,a place in the Desert,,5
H4786,מוֹרָה,Old Testament,Hebrew,noun,i.e. (figuratively) trouble,,1
H4787,מָררָה,Old Testament,Hebrew,noun,trouble,,1
H4788,מָרוּד,Old Testament,Hebrew,noun,misery.,,3
H4789,מֵרוֹז,Old Testament,Hebrew,noun location,a place in Israel,,1
H4790,מְרוַֹח,Old Testament,Hebrew,noun,i.e. emasculated,,1
H4791,מָרוֹם,Old Testament,Hebrew,noun,"dignity, haughty, height, (most, on) high (one, place), loftily, upward.",,54
H4792,מֵרוֹם,Old Testament,Hebrew,noun location,a lake in Israel,,2
H4793,מֵרוֹץ,Old Testament,Hebrew,noun,a run (the trial of speed),,1
H4794,מְרוּצָה מְרוּצָה,Old Testament,Hebrew,noun,whether the manner or the progress,,5
H4795,מָרוּק,Old Testament,Hebrew,noun,a rubbing (with perfumery),,1
H4796,מָרוֹת,Old Testament,Hebrew,noun proper,a place in Israel,,1
H4797,מִרזַח,Old Testament,Hebrew,noun,"i.e. (of job), a revel",,1
H4798,מַרזֵַח,Old Testament,Hebrew,noun,i.e. (of grief) a lamentation,,1
H4799,מָרַח,Old Testament,Hebrew,verb,(properly) to soften by rubbing or pressure; hence (medicinally) to apply as an emollient,,1
H4800,מֶרחָב,Old Testament,Hebrew,noun,"either literally (an open space, usually in a good sense), or figuratively (liberty)",,6
H4801,מֶרחָק,Old Testament,Hebrew,noun,often) from afar,,17
H4802,מַרחֶשֶׁת,Old Testament,Hebrew,noun,a stew-pan,,2
H4803,מָרַט,Old Testament,Hebrew,verb,(also) to sharpen,,12
A4804,מְרַט,Old Testament,Aramaic,verb,to pull off,,1
H4805,מְרִי,Old Testament,Hebrew,noun,"(most) rebel(-lion, -lious).",,23
H4806,מְרִיא,Old Testament,Hebrew,noun,through the idea of domineering],,8
H4807,מְרִיבּ בַּעַל,Old Testament,Hebrew,noun proper,"Merib-Baal, an epithet of Gideon",,3
H4808,מְרִיבָּה,Old Testament,Hebrew,noun,strife.,,7
H4809,מְרִיבָּה,Old Testament,Hebrew,noun location,the name of two places in the Desert,,6
H4810,מְרִי בַּעַל,Old Testament,Hebrew,noun proper,an epithet of Gideon,,1
H4811,מְרָיָה,Old Testament,Hebrew,noun proper,an Israelite,,1
H4812,מְרָיוֹת,Old Testament,Hebrew,noun proper,the name of two Israelites,,7
H4813,מִריָם,Old Testament,Hebrew,noun proper,the name of two Israelitesses,,15
H4814,מְרִירוּת,Old Testament,Hebrew,noun,i.e. (figuratively) grief,,1
H4815,מְרִירִי,Old Testament,Hebrew,adjective,i.e. poisonous,,1
H4816,מוֹרֶך,Old Testament,Hebrew,noun,i.e. (figuratively) fear,,1
H4817,מֶרכָּב,Old Testament,Hebrew,noun,"covering, saddle.",,3
H4818,מֶרכָּבָה,Old Testament,Hebrew,noun,a chariot,,44
H4819,מַרכּוֹלֶת,Old Testament,Hebrew,noun,a mart,,1
H4820,מִרמָה,Old Testament,Hebrew,noun,"deceit(-ful, -fully), false, feigned, guile, subtilly, treachery.",,39
H4821,מִרמָה,Old Testament,Hebrew,noun proper,an Israelite,,1
H4822,מְרֵמוֹת,Old Testament,Hebrew,noun proper,the name of two Israelites,,6
H4823,מִרמָס,Old Testament,Hebrew,noun,(to be) trodden (down) under foot.,,7
H4824,מֵרוֹנוֹתִי,Old Testament,Hebrew,adjective,or inhabitant of some (otherwise unknown) Meronoth,,2
H4825,מֶרֶס,Old Testament,Hebrew,noun proper,a Persian,,1
H4826,מַרסְנָא,Old Testament,Hebrew,noun proper,a Persian,,1
H4827,מֵרַע,Old Testament,Hebrew,particle,wickedness,,1
H4828,מֵרֵַע,Old Testament,Hebrew,noun,friend.,,7
H4829,מִרעֶה,Old Testament,Hebrew,noun,pasture.,,13
H4830,מִרעִיתּ,Old Testament,Hebrew,noun,pasture.,,10
H4831,מַרעֲלָה,Old Testament,Hebrew,noun location,"Maralah, a place in Israel",,1
H4832,מַרפֵּא,Old Testament,Hebrew,noun,(abstractly) a cure,,16
H4833,מִרפָּשׂ,Old Testament,Hebrew,noun,muddled water,,1
H4834,מָרַץ,Old Testament,Hebrew,verb,to irritate,,4
H4835,מְרוּצָה,Old Testament,Hebrew,noun,oppression,,1
H4836,מַרצֵַּע,Old Testament,Hebrew,noun,an awl,,2
H4837,מַרצֶּפֶת,Old Testament,Hebrew,noun,a pavement,,1
H4838,מָרַק,Old Testament,Hebrew,verb,"furbish, scour.",,3
H4839,מָרָק,Old Testament,Hebrew,noun,soup (as if a rinsing),,3
H4840,מֶרקָח,Old Testament,Hebrew,noun,a spicy herb,,1
H4841,מֶרקָחָה,Old Testament,Hebrew,noun,X well.,,2
H4842,מִרקַחַת,Old Testament,Hebrew,noun,"compound, ointment.",,3
H4843,מָרַר,Old Testament,Hebrew,verb,make) bitter (literally or figuratively),,14
H4844,מְרוֹר מְרוֹר,Old Testament,Hebrew,noun,a bitter herb,,3
H4845,מְרֵרָה,Old Testament,Hebrew,noun,bile (from its bitterness),,1
H4846,מְרוֹרָה מְרוֹרָה,Old Testament,Hebrew,noun,gall.,,4
H4847,מְרָרִי,Old Testament,Hebrew,noun proper,an Israelite,,39
H4848,מְרָרִי,Old Testament,Hebrew,adjective,or decendants of Merari,,1
H4849,מִרשַׁעַת,Old Testament,Hebrew,noun,a female wicked doer,,1
H4850,מְרָתַיִם,Old Testament,Hebrew,noun proper,an epithet of Babylon,,1
H4851,מַשׁ,Old Testament,Hebrew,noun proper,"a son of Aram, and the people descended from him",,1
H4852,מֵשָׁא,Old Testament,Hebrew,noun location,a place in Arabia,,1
H4853,מַשָּׂא,Old Testament,Hebrew,noun,"(figuratively) an utterance, chiefly a doom, especially singing",,66
H4854,מַשָּׂא,Old Testament,Hebrew,noun proper,a son of Ishmael,,2
H4855,מַשָּׁא,Old Testament,Hebrew,noun,usury.,,2
H4856,מַשּׂוֹא,Old Testament,Hebrew,noun,partiality (as a lifting up),,1
H4857,מַשׁאָב,Old Testament,Hebrew,noun,a trough for cattle to drink from,,1
H4858,מַשָּׂאָה,Old Testament,Hebrew,noun,a conflagration (from the rising of smoke),,1
H4859,מַשָּׁאָה,Old Testament,Hebrew,noun,debt.,,2
H4860,מַשָּׁאוֹן,Old Testament,Hebrew,noun,dissimulation,,1
H4861,מִשׁאָל,Old Testament,Hebrew,noun location,a place in Israel,,2
H4862,מִשׁאָלָה,Old Testament,Hebrew,noun,petition.,,2
H4863,מִשׁאֶרֶת,Old Testament,Hebrew,noun,store.,,4
H4864,מַשׂאֵת,Old Testament,Hebrew,noun,"(figuratively) an utterance; (concretely, as something raised) a beacon",,16
H4865,מִשׁבְּצָה,Old Testament,Hebrew,noun,a (reticulated) setting of a gem,,9
H4866,מִשׁבֵּר,Old Testament,Hebrew,noun,breaking forth.,,3
H4867,מִשׁבָּר,Old Testament,Hebrew,noun,wave.,,5
H4868,מִשׁבָּת,Old Testament,Hebrew,noun,i.e. destruction,,1
H4869,מִשׂגָּב,Old Testament,Hebrew,noun,(figuratively) a refuge,,17
H4870,מִשׁגֶּה,Old Testament,Hebrew,noun,an error,,1
H4871,מָשָׁה,Old Testament,Hebrew,verb,to pull out (literally or figuratively),,3
H4872,מוֹשֶׁה,Old Testament,Hebrew,noun proper,"Mosheh, the Israelite lawgiver",,766
A4873,מוֹשֶׁה,Old Testament,Aramaic,noun proper,Moses,,1
H4874,מַשֶּׁה,Old Testament,Hebrew,noun,a debt,,1
H4875,מְשׁוֹאָה מְשׁוֹאָה,Old Testament,Hebrew,noun,waste.,,3
H4876,מַשּׁוּאָה מַשּׁוּאָה,Old Testament,Hebrew,noun,destruction.,,2
H4877,מְשׁוֹבָב,Old Testament,Hebrew,noun proper,an Israelite,,1
H4878,מְשׁוּבָה מֶשׁוּבָה,Old Testament,Hebrew,noun,turning away.,,13
H4879,מְשׁוּגָה,Old Testament,Hebrew,noun,mistake,,1
H4880,מָשׁוֹט מִשּׁוֹט,Old Testament,Hebrew,noun,an oar,,2
H4881,מְשׂוּכָה מְשׂוּכָה,Old Testament,Hebrew,noun,a hedge,,2
H4882,מְשׁוּסָה,Old Testament,Hebrew,noun,spoilation,,1
H4883,מַשּׂוֹר,Old Testament,Hebrew,noun,a saw,,1
H4884,מְשׂוּרָה,Old Testament,Hebrew,noun,a measure (for liquids),,4
H4885,מָשׂוֹשׂ,Old Testament,Hebrew,noun,"mirth, rejoice.",,17
H4886,מָשַׁח,Old Testament,Hebrew,verb,(by implication) to consecrate; (also) to paint,,69
A4887,מְשַׁח,Old Testament,Aramaic,noun,oil,,2
H4888,מִשׁחָה מָשׁחָה,Old Testament,Hebrew,noun,ointment.,,26
H4889,מַשׁחִיתּ,Old Testament,Hebrew,noun,"i.e. (as noun) destruction, literally (specifically a snare) or figuratively (corruption)",,11
H4890,מִשׂחָק,Old Testament,Hebrew,noun,a laughing-stock,,1
H4891,מִשׁחָר,Old Testament,Hebrew,noun,dawn,,1
H4892,מַשׁחֵת,Old Testament,Hebrew,noun,destruction,,1
H4893,מִשׁחָת מָשׁחָת,Old Testament,Hebrew,noun,marred.,,2
H4894,מִשׁטּוַֹח מִשׁטַּח,Old Testament,Hebrew,noun,"-ing, upon).",,3
H4895,מַשׂטֵּמָה,Old Testament,Hebrew,noun,enmity,,2
H4896,מִשׁטָּר,Old Testament,Hebrew,noun,jurisdiction,,1
H4897,מֶשִׁי,Old Testament,Hebrew,noun,silk (as drawn from the cocoon),,2
H4898,מְשֵׁיזַבאֵל,Old Testament,Hebrew,noun proper,an Israelite,,3
H4899,מָשִׁיַח,Old Testament,Hebrew,noun,"(specifically) the Messiah, the Anointed One",,39
H4900,מָשַׁך,Old Testament,Hebrew,verb,"used in a great variety of applications (including to sow, to sound, to prolong, to develop, to march, to remove, to delay, to be tall, etc.)",,36
H4901,מֶשֶׁך,Old Testament,Hebrew,noun,price.,,2
H4902,מֶשֶׁך,Old Testament,Hebrew,noun proper,"a son of Japheth, and the people descended from him",,9
A4903,מִשׁכַּב,Old Testament,Aramaic,noun,a bed,,6
H4904,מִשׁכָּב,Old Testament,Hebrew,noun,"abstractly, sleep; by euphemism, carnal intercourse",,46
H4905,מַשׂכִּיל,Old Testament,Hebrew,noun,i.e. a didactic poem,,13
H4906,מַשׂכִּיתּ,Old Testament,Hebrew,noun,(figuratively) imagination,,6
A4907,מִשׁכַּן,Old Testament,Aramaic,noun,residence,,1
H4908,מִשׁכָּן,Old Testament,Hebrew,noun,"also the Temple); specifically, the Tabernacle (properly, its wooden walls)",,139
H4909,מַשׂכּוֹרֶת,Old Testament,Hebrew,noun,wages.,,4
H4910,מָשַׁל,Old Testament,Hebrew,verb,"make to have) dominion, governor, X indeed, reign, (bear, cause to, have) rule(-ing, -r), have power.",,82
H4911,מָשַׁל,Old Testament,Hebrew,verb,"intransitively, to resemble",,17
H4912,מָשָׁל,Old Testament,Hebrew,noun,"(hence) a simile (as an adage, poem, discourse)",,38
H4913,מָשָׁל,Old Testament,Hebrew,noun location,a place in Israel,,1
H4914,מְשׁוֹל,Old Testament,Hebrew,noun,a satire,,1
H4915,מוֹשֶׁל,Old Testament,Hebrew,noun,empire; (2) from H4911],,3
H4916,מִשׁלוַֹח מִשׁלוַֹח מִשׁלָח,Old Testament,Hebrew,noun,"(abstractly, unfavorable) seizure",,10
H4917,מִשׁלַחַת,Old Testament,Hebrew,noun,"(concretely, unfavorable) an army",,2
H4918,מְשׁוּלָּם,Old Testament,Hebrew,noun proper,the name of seventeen Israelites,,25
H4919,מְשִׁלֵּמוֹת,Old Testament,Hebrew,noun proper,an Israelite,,2
H4920,מְשֶׁלֶמיָה מְשֶׁלֶמיָהוּ,Old Testament,Hebrew,noun proper,an Israelite,,4
H4921,מְשִׁלֵּמִיתּ,Old Testament,Hebrew,noun proper,an Israelite,,1
H4922,מְשׁוּלֶּמֶת,Old Testament,Hebrew,noun proper,an Israelitess,,1
H4923,מְשַׁמָּה,Old Testament,Hebrew,noun,desolate.,,7
H4924,מַשׁמָן,Old Testament,Hebrew,noun,"figuratively and concretely) a rich dish, a fertile field, a robust man",,7
H4925,מִשׁמַנָּה,Old Testament,Hebrew,noun proper,an Israelite,,1
H4926,מִשׁמָע,Old Testament,Hebrew,noun,a report,,1
H4927,מִשׁמָע,Old Testament,Hebrew,noun proper,"the name of a son of Ishmael, and of an Israelite",,4
H4928,מִשׁמַעַת,Old Testament,Hebrew,noun,(by implication) obedience; (concretely) a subject,,3
H4929,מִשׁמָר,Old Testament,Hebrew,noun,"(figuratively) a deposit; (as observed, abstractly) a usage",,22
H4930,מַשׂמְרָה,Old Testament,Hebrew,noun,a peg,,1
H4931,מִשׁמֶרֶת,Old Testament,Hebrew,noun,"(concretely) the sentry, the post; (objectively) preservation, or (concretely) safe",,78
H4932,מִשׁנֶה,Old Testament,Hebrew,noun,"(by implication) a second (in order, rank, age, quality or location)",,35
H4933,מְשִׁסָּה,Old Testament,Hebrew,noun,spoil.,,6
H4934,מִשׁעוֹל,Old Testament,Hebrew,noun,i.e. a narrow passage,,1
H4935,מִשׁעִי,Old Testament,Hebrew,noun,inspection,,1
H4936,מִשׁעָם,Old Testament,Hebrew,noun proper,an Israelite,,1
H4937,מִשׁעֵן מִשׁעָן,Old Testament,Hebrew,noun,i.e. (figuratively) a protector or sustenance,,5
H4938,מִשׁעֵנָה מִשׁעֶנֶת,Old Testament,Hebrew,noun,i.e. (figuratively) sustenance or (concretely) a walking-stick,,12
H4939,מִשׂפָּח,Old Testament,Hebrew,noun,slaughter,,1
H4940,מִשׁפָּחָה,Old Testament,Hebrew,noun,"(figuratively) a class (of persons), a species (of animals) or sort (of things); by extens. a tribe or people",,304
H4941,מִשׁפָּט,Old Testament,Hebrew,noun,"abstractly, justice, including a participant's right or privilege (statutory or customary), or even a style","(సరిగ్గా) న్యాయపరంగా ఉచ్ఛరించే తీర్పు (అనుకూలమైనది లేదా అననుకూలమైనది), ప్రత్యేకించి ఒక వాక్యం లేదా అధికారిక డిక్రీ (మానవ లేదా (పాల్గొనేవారి) దైవిక చట్టం, వ్యక్తి లేదా సామూహిక), చట్టం, స్థలం, దావా, నేరం మరియు పెనాల్టీతో సహా; వియుక్తంగా, న్యాయం, పాల్గొనేవారి హక్కు లేదా ప్రత్యేక హక్కు (చట్టబద్ధమైన లేదా ఆచారం) లేదా ఒక శైలితో సహా",424
H4942,מִשׁפָּת,Old Testament,Hebrew,noun,sheepfold.,,2
H4943,מֶשֶׁק,Old Testament,Hebrew,noun,possession,,1
H4944,מַשָּׁק,Old Testament,Hebrew,noun,i.e. rapid motion,,1
H4945,מַשׁקֶה,Old Testament,Hebrew,noun,"(by implication) (intransitively), drink (itself); (figuratively) a well-watered region",,7
H4946,מִשׁקוֹל,Old Testament,Hebrew,noun,weight,,1
H4947,מַשׁקוֹף,Old Testament,Hebrew,noun,a lintel,,3
H4948,מִשׁקָל,Old Testament,Hebrew,noun,weight (numerically estimated); (hence) weighing (the act),,49
H4949,מִשׁקֶלֶת מִשׁקוֹלֶת,Old Testament,Hebrew,noun,i.e. a plummet (with line attached),,2
H4950,מִשׁקָע,Old Testament,Hebrew,noun,i.e. a pond,,1
H4951,מִשׂרָה,Old Testament,Hebrew,noun,empire,,2
H4952,מִשׁרָה,Old Testament,Hebrew,noun,i.e. steeped juice,,1
A4953,מַשׁרוֹקִי,Old Testament,Aramaic,noun,a (musical) pipe (from its whistling sound),,4
H4954,מִשׁרָעִי,Old Testament,Hebrew,adjective,or inhabitant (collectively) of Mishra,,1
H4955,מִשׂרָפָה,Old Testament,Hebrew,noun,"i.e. cremation (of a corpse), or calcination (of lime)",,2
H4956,מִשׂרְפוֹת מַיִם,Old Testament,Hebrew,noun location,a place in Israel,,2
H4957,מַשׂרֵקָה,Old Testament,Hebrew,noun location,a place in Idumaea,,2
H4958,מַשׂרֵת,Old Testament,Hebrew,noun,i.e. hollow out],,1
H4959,מָשַׁשׁ,Old Testament,Hebrew,verb,"grope, search.",,9
H4960,מִשׁתֶּה,Old Testament,Hebrew,noun,"drank, drink, feast((-ed), -ing).",,46
A4961,מִשׁתֶּה,Old Testament,Aramaic,noun,a banquet,,1
H4962,מַת,Old Testament,Hebrew,noun,"X friends, men, persons, X small.",,22
H4963,מַתבֵּן,Old Testament,Hebrew,noun,straw in the heap,,1
H4964,מֶתֶג,Old Testament,Hebrew,noun,bridle.,,4
H4965,מֶתֶג הָאַמָּה,Old Testament,Hebrew,noun,an epithet of Gath,,2
H4966,מָתוֹק מָתוּק,Old Testament,Hebrew,adjective,-ness).,,12
H4967,מְתוּשָׁאֵל,Old Testament,Hebrew,noun proper,an antediluvian patriarch,,2
H4968,מְתוּשֶׁלַח,Old Testament,Hebrew,noun proper,an antediluvian patriarch,,6
H4969,מָתַח,Old Testament,Hebrew,verb,to stretch out,,1
H4970,מָתַי,Old Testament,Hebrew,verb,when (either relative or interrogative),,43
H4971,מַתכּוֹנֶת מַתכּוּנֶת,Old Testament,Hebrew,noun,number or ingredients),,5
H4972,מַתּתְּלָאָה,Old Testament,Hebrew,noun,H8513,,1
H4973,מְתַלְּעָה,Old Testament,Hebrew,noun,i.e. a tooth,,3
H4974,מְתוֹם,Old Testament,Hebrew,noun,soundness.,,4
H4975,מוֹתֶן,Old Testament,Hebrew,noun,"loins, side.",,47
H4976,מַתּתָּן,Old Testament,Hebrew,noun,"to give, reward.",,5
H4977,מַתּתָּן,Old Testament,Hebrew,noun proper,"the name of a priest of Baal, and of an Israelite",,3
A4978,מַתּתְּנָא,Old Testament,Aramaic,noun,gift,,3
H4979,מַתּתָּנָה,Old Testament,Hebrew,noun,"a sacrificial offering, (in a bad sense) a bribe",,17
H4980,מַתּתָּנָה,Old Testament,Hebrew,noun location,a place in the Desert,,2
H4981,מִתנִי,Old Testament,Hebrew,adjective,or inhabitant of Methen,,1
H4982,מַתּתְּנַי,Old Testament,Hebrew,noun proper,the name of three Israelites,,3
H4983,מַתּתַּניָה מַתּתַּניָהוּ,Old Testament,Hebrew,noun proper,the name of ten Israelites,,16
H4984,מִתנַשֵּׂא,Old Testament,Hebrew,particle,(used as abstractly) supreme exaltation,,2
H4985,מָתַק,Old Testament,Hebrew,verb,X take) sweet.,,5
H4986,מֶתֶק,Old Testament,Hebrew,noun,pleasantness (of discourse),,2
H4987,מוֹתֶק,Old Testament,Hebrew,noun,sweetness,,1
H4988,מָתָק,Old Testament,Hebrew,verb,(generally) food,,1
H4989,מִתקָה,Old Testament,Hebrew,noun proper,a place in the Desert,,2
H4990,מִתרְדָת,Old Testament,Hebrew,noun proper,the name of two Persians,,2
H4991,מַתּתָּת,Old Testament,Hebrew,noun,a present,,6
H4992,מַתּתַּתּתָּה,Old Testament,Hebrew,noun proper,an Israelite,,1
H4993,מַתּתִּתיָה מַתּתִּתיָהוּ,Old Testament,Hebrew,noun proper,the name of four Israelites,,8
H4994,נָא,Old Testament,Hebrew,particle,"or to interjections, occasionally to an adverb or conjunction",,405
H4995,נָא,Old Testament,Hebrew,adjective,i.e. uncooked (flesh),,1
H4996,נוֹא,Old Testament,Hebrew,noun location,the capital of Upper Egypt,,5
H4997,נוֹאדּ נוֹאדּ נוֹאדָּה,Old Testament,Hebrew,noun,a (skin or leather) bag (for fluids),,6
H4998,נָאָה,Old Testament,Hebrew,verb,i.e. beautiful,,3
H4999,נָאָה,Old Testament,Hebrew,noun,"house, pasture, pleasant place.",,12
H5000,נָאוֶה,Old Testament,Hebrew,adjective,or beautiful,,9
H5001,נָאַם,Old Testament,Hebrew,verb,(properly) to whisper; (by implication) to utter as a oracle,,1
H5002,נְאוּם,Old Testament,Hebrew,noun,saith.,,376
H5003,נָאַף,Old Testament,Hebrew,verb,"commit(-ing) adultery, woman that breaketh wedlock.",,31
H5004,נִאוּף,Old Testament,Hebrew,noun,adultery,,2
H5005,נַאֲפוּף,Old Testament,Hebrew,noun,adultery,,1
H5006,נָאַץ,Old Testament,Hebrew,verb,"(give occasion to) blaspheme, contemn, despise, flourish, X great, provoke.",,25
H5007,נְאָצָה נֶאָצָה,Old Testament,Hebrew,noun,scorn,,5
H5008,נָאַק,Old Testament,Hebrew,verb,to groan,,2
H5009,נְאָקָה,Old Testament,Hebrew,noun,a groan,,4
H5010,נָאַר,Old Testament,Hebrew,verb,make void.,,2
H5011,נוֹב,Old Testament,Hebrew,noun location,a place in Israel,,6
H5012,נָבָא,Old Testament,Hebrew,verb,i.e. speak (or sing) by inspiration (in prediction or simple discourse),,115
A5013,נְבָא,Old Testament,Aramaic,verb,prophesy,,1
H5014,נָבַב,Old Testament,Hebrew,verb,or (figuratively) foolish,,4
H5015,נְבוֹ,Old Testament,Hebrew,noun location,"the name of a Babylonian deity, also of a mountain in Moab, and of a place in Israel",,13
H5016,נְבוּאָה,Old Testament,Hebrew,noun,a prediction (spoken or written),,3
A5017,נְבוּאָה,Old Testament,Aramaic,noun,inspired teaching,,1
H5018,נְבוּזַראֲדָן,Old Testament,Hebrew,noun proper,a Babylonian general,,15
H5019,נְבוּכַדנֶאצַּר נֶבוּכַדרֶאצַּר נֶבוּכַדרֶאצּוֹר,Old Testament,Hebrew,noun proper,"or -retstsor), king of Babylon",,59
A5020,נְבוּכַּדנֶצַּר,Old Testament,Aramaic,noun proper,Nebuchadnezzar,,33
H5021,נְבוּשַׁזבָּן,Old Testament,Hebrew,noun proper,Nebuchadnezzar's chief eunuch,,1
H5022,נָבוֹת,Old Testament,Hebrew,noun proper,an Israelite,,22
A5023,נְבִזבָּה,Old Testament,Aramaic,noun,a largess,,2
H5024,נָבַח,Old Testament,Hebrew,verb,to bark (as a dog),,1
H5025,נוֹבַח,Old Testament,Hebrew,noun location,"the name of an Israelite, and of a place East of the Jordan",,3
H5026,נִבחַז,Old Testament,Hebrew,noun proper,a deity of the Avites,,1
H5027,נָבַט,Old Testament,Hebrew,noun proper,"(by implication) to regard with pleasure, favor or care",,70
H5028,נְבָט,Old Testament,Hebrew,noun proper,the father of Jeroboam I,,25
A5029,נְבִיא,Old Testament,Aramaic,noun,a prophet,,8
H5030,נָבִיא,Old Testament,Hebrew,noun,"that prophesy, prophet.",ఒక ప్రవక్త; (సాధారణంగా) ప్రేరణ పొందిన వ్యక్తి,317
H5031,נְבִיאָה,Old Testament,Hebrew,noun,a prophetess; (generally) inspired woman; (by implication) a poetess,,6
H5032,נְבָיוֹת נֶבָיוֹת,Old Testament,Hebrew,noun proper,"a son of Ismael, and the country settled by him",,5
H5033,נֵבֶך,Old Testament,Hebrew,noun,a fountain,,1
H5034,נָבֵל,Old Testament,Hebrew,verb,(figuratively) to be foolish or (morally) wicked,,25
H5035,נֶבֶל נֵבֶל,Old Testament,Hebrew,noun,"pitcher, psaltery, vessel, viol.",,38
H5036,נָבָל,Old Testament,Hebrew,adjective,"-ish man, -ish woman), vile person.",,18
H5037,נָבָל,Old Testament,Hebrew,noun proper,an Israelite,,22
H5038,נְבֵלָה,Old Testament,Hebrew,noun,(figuratively) an idol,,48
H5039,נְבָלָה,Old Testament,Hebrew,noun,"concretely, a crime; by extension, punishment",,13
H5040,נַבלוּת,Old Testament,Hebrew,noun,i.e. the (female) pudenda,,1
H5041,נְבַלָּט,Old Testament,Hebrew,noun location,a place in Israel,,1
H5042,נָבַע,Old Testament,Hebrew,verb,to emit (a foul odor),,11
A5043,נֶברְשָׁא,Old Testament,Aramaic,noun,a light; plural (collectively) a chandelier,,1
H5044,נִבשָׁן,Old Testament,Hebrew,noun location,a place in Israel,,1
H5045,נֶגֶב,Old Testament,Hebrew,noun,"the Negeb or southern district of Judah, occasionally, Egypt (as south to Israel)",,110
H5046,נָגַד,Old Testament,Hebrew,verb,"(by implication) (causatively), to manifest; (figuratively) to announce (always by word of mouth to one present)",,371
A5047,נְגַד,Old Testament,Aramaic,verb,to flow (through the idea of clearing the way),,1
H5048,נֶגֶד,Old Testament,Hebrew,adjective,"specifically a counterpart, or mate; usually (adverbial, especially with preposition) over against or before",,151
A5049,נֶגֶד,Old Testament,Aramaic,preposition,opposite,,1
H5050,נָגַהּ,Old Testament,Hebrew,verb,to illuminate,,6
H5051,נוֹגַהּ,Old Testament,Hebrew,noun,"light, (clear) shining.",,19
H5052,נוֹגַהּ,Old Testament,Hebrew,noun proper,a son of David,,2
A5053,נוֹגַהּ,Old Testament,Aramaic,noun,dawn,,1
H5054,נְגוֹהָה,Old Testament,Hebrew,noun,splendor,,1
H5055,נָגַח,Old Testament,Hebrew,verb,"push (down, -ing).",,11
H5056,נַגָּח,Old Testament,Hebrew,adjective,i.e. vicious,,2
H5057,נָגִידּ נָגִד,Old Testament,Hebrew,noun,"(generally, abstractly and plural), honorable themes",,44
H5058,נְגִינָה נְגִינַת,Old Testament,Hebrew,noun,"musick, Neginoth (plural), song.",,14
H5059,נָגַן,Old Testament,Hebrew,verb,"(especially) to play on a stringed instrument; (hence, generally) to make music",,15
H5060,נָגַע,Old Testament,Hebrew,verb,"(euphemism) to lie with a woman); (by implication, to reach (figuratively, to arrive, acquire)",,150
H5061,נֶגַע,Old Testament,Hebrew,noun,sore,,78
H5062,נָגַף,Old Testament,Hebrew,verb,"gore, defeat, stub (the toe), inflict (a disease)",,49
H5063,נֶגֶף,Old Testament,Hebrew,noun,stumbling.,,7
H5064,נָגַר,Old Testament,Hebrew,verb,to pour out or down,,10
H5065,נָגַשׂ,Old Testament,Hebrew,verb,"(by implication) to tax, harass, tyrannize",,23
H5066,נָגַשׁ,Old Testament,Hebrew,verb,"euphemistically, to lie with a woman; as an enemy, to attack",,125
H5067,נֵד,Old Testament,Hebrew,noun,i.e. wave,,6
H5068,נָדַב,Old Testament,Hebrew,verb,to present spontaneously,,17
A5069,נְדַב,Old Testament,Aramaic,verb,offer freely (willingly).,,4
H5070,נָדָב,Old Testament,Hebrew,noun proper,the name of four Israelites,,20
H5071,נְדָבָה,Old Testament,Hebrew,noun,(adjectively) spontaneous; (concretely) a spontaneous,,26
H5072,נְדַביָה,Old Testament,Hebrew,noun proper,an Israelite,,1
A5073,נִדבָּך,Old Testament,Aramaic,noun,a layer (of building materials),,2
H5074,נָדַד,Old Testament,Hebrew,verb,"flee, or (causatively) to drive away",,28
A5075,נְדַד,Old Testament,Aramaic,verb,to depart,,1
H5076,נָדוּד,Old Testament,Hebrew,noun,a rolling (on the bed),,1
H5077,נָדָה נָדָא,Old Testament,Hebrew,verb,"i.e. banish, postpone, prohibit",,3
H5078,נֵדֶה,Old Testament,Hebrew,noun,a bounty (for prostitution),,1
H5079,נִדָּה,Old Testament,Hebrew,noun,"incest, adultery, etc.)",,29
H5080,נָדַח,Old Testament,Hebrew,verb,"literally and figuratively (to expel, mislead, strike, inflict, etc.)",,52
H5081,נָדִיבּ,Old Testament,Hebrew,adjective,"(hence) magnanimous; as noun, a grandee (sometimes a tyrant)",,28
H5082,נְדִיבָּה,Old Testament,Hebrew,noun,i.e. reputation,,1
H5083,נָדָן,Old Testament,Hebrew,noun,a present (for prostitution),,1
H5084,נָדָן,Old Testament,Hebrew,noun,a sheath (of a sword),,1
A5085,נִדנֶה,Old Testament,Aramaic,noun,a sheath; (figuratively) the body (as the receptacle of the soul),,1
H5086,נָדַף,Old Testament,Hebrew,verb,i.e. disperse,,9
H5087,נָדַר,Old Testament,Hebrew,verb,to do or give something to God),,31
H5088,נֶדֶר נֵדֶר,Old Testament,Hebrew,noun,a promise (to God); (concretely) a thing promised,,60
H5089,נוַֹהּ,Old Testament,Hebrew,noun,lamentation,,1
H5090,נָהַג,Old Testament,Hebrew,verb,(reflexively) to proceed (i.e. to impel or guide oneself); (from the panting induced by effort) to sigh,,31
H5091,נָהָה,Old Testament,Hebrew,verb,"hence (through the idea of crying aloud), to assemble (as if on proclamation)",,3
H5092,נְהִי,Old Testament,Hebrew,noun,wailing.,,7
H5093,נִהיָה,Old Testament,Hebrew,noun,lamentation,,1
A5094,נְהִיר נְהִירוּ,Old Testament,Aramaic,noun,i.e. (figuratively) wisdom,,3
H5095,נָהַל,Old Testament,Hebrew,verb,"hence (transitively), to conduct, and (by inference) to protect, sustain",,10
H5096,נַהֲלָל נַהֲלוֹל,Old Testament,Hebrew,noun location,a place in Israel,,3
H5097,נַחֲלוֹל,Old Testament,Hebrew,noun,pasture,,1
H5098,נָהַם,Old Testament,Hebrew,verb,roar(-ing).,,5
H5099,נַהַם,Old Testament,Hebrew,noun,a snarl,,2
H5100,נְהָמָה,Old Testament,Hebrew,noun,roaring.,,2
H5101,נָהַק,Old Testament,Hebrew,verb,scream (from hunger,,2
H5102,נָהַר,Old Testament,Hebrew,verb,"hence (from the sheen of a running stream) to flow, i.e. (figuratively) assemble",,6
A5103,נְהַר,Old Testament,Aramaic,noun,especially the Euphrates,,15
H5104,נָהָר,Old Testament,Hebrew,noun,(figuratively) prosperity,"ఒక ప్రవాహం (సముద్రంతో సహా; అంచనా. నైలు, యూఫ్రేట్స్, మొదలైనవి)",119
H5105,נְהָרָה,Old Testament,Hebrew,noun,daylight,,1
H5106,נוּא,Old Testament,Hebrew,verb,"forbid, dissuade, or neutralize",,9
H5107,נוּב,Old Testament,Hebrew,verb,"make cheerful, increase.",,4
H5108,נוֹב נֵיבּ,Old Testament,Hebrew,noun,literally or figuratively,,3
H5109,נוֹבַי,Old Testament,Hebrew,noun proper,an Israelite,,2
H5110,נוּד,Old Testament,Hebrew,verb,"(figuratively) to wander, flee, disappear; (from shaking the head in sympathy) to console, deplore",,25
A5111,נוּד,Old Testament,Aramaic,verb,to flee,,1
H5112,נוֹד נוֹד,Old Testament,Hebrew,noun,exile,,1
H5113,נוֹד,Old Testament,Hebrew,noun location,the land of Cain,,1
H5114,נוֹדָב,Old Testament,Hebrew,noun proper,an Arab tribe,,1
H5115,נָוָה,Old Testament,Hebrew,verb,to celebrate (with praises),,2
H5116,נָוֶה נָוָה,Old Testament,Hebrew,adjective,"of God (temple), men (residence), flocks (pasture), or wild animals (den)",,36
H5117,נוַּח,Old Testament,Hebrew,verb,"used in a great variety of applications, literal and figurative, intransitive, transitive and causative (to dwell, stay, let fall, place, let alone, withdraw, give comfort, etc.)",,66
H5118,נוַּח נוַֹח,Old Testament,Hebrew,noun,-ing place).,,2
H5119,נוֹחָה,Old Testament,Hebrew,noun proper,an Israelite,,1
H5120,נוּט,Old Testament,Hebrew,verb,be moved,,1
H5121,נָוִיתּ,Old Testament,Hebrew,noun location,a place in Israel,,12
A5122,נְוָלוּ נְוָלִי,Old Testament,Aramaic,noun,a sink,,3
H5123,נוּם,Old Testament,Hebrew,verb,slumber.,,6
H5124,נוּמָה,Old Testament,Hebrew,noun,sleepiness,,1
H5125,נוּן,Old Testament,Hebrew,verb,(figuratively) to be perpetual,,2
H5126,נוּן נוֹן,Old Testament,Hebrew,noun proper,"Nun or Non, the father of Joshua",,30
H5127,נוּס,Old Testament,Hebrew,verb,"causatively, chase, impel, deliver)",,161
H5128,נוַּע,Old Testament,Hebrew,verb,"in a great variety of applications, literally and figuratively (as subjoined)",,42
H5129,נוֹעַדיָה,Old Testament,Hebrew,noun proper,"the name of an Israelite, and a false prophetess",,2
H5130,נוּף,Old Testament,Hebrew,verb,"used in a great variety of applications (including sprinkling, beckoning, rubbing, bastinadoing, sawing, waving, etc.)",,37
H5131,נוֹף,Old Testament,Hebrew,noun,elevation,,1
H5132,נוּץ,Old Testament,Hebrew,verb,to fly away (from the quickness of motion),,3
H5133,נוֹצָה נוֹצָה,Old Testament,Hebrew,noun,ostrich.,,4
H5134,נוּק,Old Testament,Hebrew,verb,to suckle,,1
A5135,נוּר,Old Testament,Aramaic,noun,fire.,,17
H5136,נוּשׁ,Old Testament,Hebrew,verb,i.e. (figuratively) distressed,,1
H5137,נָזָה,Old Testament,Hebrew,verb,i.e. besprinkle (especially in expiation),,24
H5138,נָזִידּ,Old Testament,Hebrew,noun,i.e. soup,,6
H5139,נָזִיר נָזִר,Old Testament,Hebrew,noun,hence (figuratively from the latter) an unpruned vine (like an unshorn Nazirite),,16
H5140,נָזַל,Old Testament,Hebrew,verb,or shed by trickling,,16
H5141,נֶזֶם,Old Testament,Hebrew,noun,jewel.,,17
A5142,נְזַק,Old Testament,Aramaic,verb,inflict) loss,,4
H5143,נֵזֶק,Old Testament,Hebrew,noun,loss,,1
H5144,נָזַר,Old Testament,Hebrew,verb,"specifically, to set apart (to sacred purposes), i.e. devote",,10
H5145,נֶזֶר נֵזֶר,Old Testament,Hebrew,noun,concretely) unshorn locks,,25
H5146,נוַֹח,Old Testament,Hebrew,noun proper,the patriarch of the flood,,46
H5147,נַחבִּי,Old Testament,Hebrew,noun proper,an Israelite,,1
H5148,נָחָה,Old Testament,Hebrew,verb,or as colonists),,39
H5149,נְחוּם,Old Testament,Hebrew,noun proper,an Israelite,,1
H5150,נִחוּם נִחוּם,Old Testament,Hebrew,noun,solace,,3
H5151,נַחוּם,Old Testament,Hebrew,noun proper,an Israelite prophet,,1
H5152,נָחוֹר,Old Testament,Hebrew,noun proper,the name of the grandfather and a brother of Abraham,,18
H5153,נָחוּשׁ,Old Testament,Hebrew,adjective,"coppery, i.e. (figuratively) hard",,1
H5154,נְחוּשָׁה נְחוּשָׁה,Old Testament,Hebrew,noun,steel.,,10
H5155,נְחִילָה,Old Testament,Hebrew,noun,a flute,,1
H5156,נְחִיר,Old Testament,Hebrew,noun,a nostril,,1
H5157,נָחַל,Old Testament,Hebrew,verb,instate,,58
H5158,נַחַל נַחלָה נַחֲלָה,Old Testament,Hebrew,noun,(by implication) a (narrow) valley (in which a brook runs); (also) a shaft (of a mine),,141
H5159,נַחֲלָה,Old Testament,Hebrew,noun,patrimony or portion,,223
H5160,נַחֲלִיאֵל,Old Testament,Hebrew,noun location,a place in the Desert,,2
H5161,נֶחֱלָמִי,Old Testament,Hebrew,adjective,or descendant of Nechlam,,3
H5162,נָחַם,Old Testament,Hebrew,verb,"(by implication) to be sorry; (hence, in a favorable sense) to pity, console",,108
H5163,נַחַם,Old Testament,Hebrew,noun proper,an Israelite,,1
H5164,נוֹחַם,Old Testament,Hebrew,noun,i.e. desistance,,1
H5165,נֶחָמָה,Old Testament,Hebrew,noun,consolation,,2
H5166,נְחֶמיָה,Old Testament,Hebrew,noun proper,the name of three Israelites,,8
H5167,נַחֲמָנִי,Old Testament,Hebrew,noun proper,an Israelite,,1
H5168,נַחנוּ,Old Testament,Hebrew,personal pronoun,we,,6
H5169,נָחַץ,Old Testament,Hebrew,verb,to be urgent,,1
H5170,נַחַר נַחֲרָה,Old Testament,Hebrew,noun,snorting.,,2
H5171,נַחֲרַי נַחרַי,Old Testament,Hebrew,noun proper,an Israelite,,2
H5172,נָחַשׁ,Old Testament,Hebrew,verb,(generally) to prognosticate,,11
H5173,נַחַשׁ,Old Testament,Hebrew,noun,an incantation or augury,,2
A5174,נְחָשׁ,Old Testament,Aramaic,noun,copper,,9
H5175,נָחָשׁ,Old Testament,Hebrew,noun,a snake (from its hiss),,31
H5176,נָחָשׁ,Old Testament,Hebrew,noun proper,the name of two persons apparently non-Israelite,,9
H5177,נַחשׁוֹן,Old Testament,Hebrew,noun proper,an Israelite,,10
H5178,נְחוֹשֶׁת,Old Testament,Hebrew,noun,(figuratively) base (as compared with gold or silver),,140
H5179,נְחוּשׁתָּא,Old Testament,Hebrew,noun proper,an Israelitess,,1
H5180,נְחוּשׁתָּן,Old Testament,Hebrew,noun proper,i.e. the copper serpent of the Desert,,1
H5181,נָחַת,Old Testament,Hebrew,verb,"causatively, to press or lead down",,9
A5182,נְחַת,Old Testament,Aramaic,verb,"to bring away, deposit, depose",,6
H5183,נַחַת,Old Testament,Hebrew,noun,(unfavorably) punishment; (favorably) food,,8
H5184,נַחַת,Old Testament,Hebrew,noun proper,the name of an Edomite and of two Israelites,,5
H5185,נָחֵת,Old Testament,Hebrew,adjective,descending,,1
H5186,נָטָה,Old Testament,Hebrew,verb,"apply, bow (down, - ing), carry aside, decline, deliver, extend, go down, be gone, incline, intend, lay, let down, offer, outstretched, overthrown, pervert, pitch, prolong, put away, shew, spread (out), stretch (forth, out), take (aside), turn (aside, away), wrest, cause to yield.",,216
H5187,נְטִיל,Old Testament,Hebrew,adjective,laden,,1
H5188,נְטִיפָה,Old Testament,Hebrew,noun,collar.,,2
H5189,נְטִישָׁה,Old Testament,Hebrew,noun,"branch, plant.",,3
H5190,נָטַל,Old Testament,Hebrew,verb,"offer, take up.",,4
A5191,נְטַל,Old Testament,Aramaic,verb,to raise,,2
H5192,נֵטֶל,Old Testament,Hebrew,noun,a burden,,1
H5193,נָטַע,Old Testament,Hebrew,verb,"specifically, to plant (literally or figuratively)",,59
H5194,נֶטַע,Old Testament,Hebrew,noun,"abstractly, a planting",,4
H5195,נָטִיַע,Old Testament,Hebrew,noun,a plant,,1
H5196,נְטָעִים,Old Testament,Hebrew,noun location,a place in Israel,,1
H5197,נָטַף,Old Testament,Hebrew,verb,(by implication) to fall in drops; (figuratively) to speak by inspiration,,18
H5198,נָטָף,Old Testament,Hebrew,noun,an aromatic gum (probably stacte),,2
H5199,נְטוֹפָה,Old Testament,Hebrew,noun location,a place in Israel,,2
H5200,נְטוֹפָתִי,Old Testament,Hebrew,adjective,or inhabitant of Netophah,,11
H5201,נָטַר,Old Testament,Hebrew,verb,"keep(-er), reserve.",,9
A5202,נְטַר,Old Testament,Aramaic,verb,to retain,,1
H5203,נָטַשׁ,Old Testament,Hebrew,verb,"(by implication) (as if beating out, and thus expanding) to disperse; also, to thrust off, down, out or upon (inclusively, reject, let alone, permit, remit, etc.)",,40
H5204,נִי,Old Testament,Hebrew,noun,apparently from H5091],,1
H5205,נִידּ,Old Testament,Hebrew,noun,motion (of the lips in speech),,1
H5206,נִידָּה,Old Testament,Hebrew,noun,i.e. exile,,1
H5207,נִיחוַֹח נִיחוַֹח,Old Testament,Hebrew,noun,"abstractly, delight",,43
A5208,נִיחוַֹח נִיחוַֹח,Old Testament,Aramaic,noun,pleasure,,2
H5209,נִין,Old Testament,Hebrew,noun,progeny,,3
H5210,נִינְוֵה,Old Testament,Hebrew,noun location,the capital of Assyria,,17
H5211,נִיס,Old Testament,Hebrew,particle,fugitive,,1
H5212,נִיסָן,Old Testament,Hebrew,noun proper time,the first month of the Jewish sacred year,,2
H5213,נִיצּוֹץ,Old Testament,Hebrew,noun,a spark,,1
H5214,נִיר,Old Testament,Hebrew,verb,through the idea of the gleam of a fresh furrow],,2
H5215,נִיר נִר,Old Testament,Hebrew,noun,i.e. (concretely) freshly plowed land,,4
H5216,נִיר נִר נֵיר נֵר נֵרָה,Old Testament,Hebrew,noun,a lamp (i.e. the burner) or light (literally or figuratively),,48
H5217,נָכָא,Old Testament,Hebrew,verb,i.e. drive away,,1
H5218,נָכֵא נָכָא,Old Testament,Hebrew,adjective,i.e. (figuratively) afflicted,,5
H5219,נְכאוֹת,Old Testament,Hebrew,noun,i.e. (concretely) an aromatic gum (perhaps styrax) (as powdered),,2
H5220,נֶכֶד,Old Testament,Hebrew,noun,son's son.,,3
H5221,נָכָה,Old Testament,Hebrew,verb,literally or figuratively),,501
H5222,נֵכֶה,Old Testament,Hebrew,adjective,i.e. (figuratively) traducer,,1
H5223,נָכֶה,Old Testament,Hebrew,adjective,lame,,3
H5224,נְכוֹ,Old Testament,Hebrew,noun proper,an Egyptian king,,3
H5225,נָכוֹן,Old Testament,Hebrew,noun proper,probably an Israelite,,1
H5226,נֵכַח,Old Testament,Hebrew,adjective,opposite,,2
H5227,נוֹכַח,Old Testament,Hebrew,adjective,"opposite, in front of, forward, in behalf of",,23
H5228,נָכוַֹח,Old Testament,Hebrew,adjective,"i.e. (figuratively), equitable, correct, or (abstractly), integrity",,4
H5229,נְכוֹחָה,Old Testament,Hebrew,adjective,"i.e. (figuratively) integrity, or (concretely) a truth",,4
H5230,נָכַל,Old Testament,Hebrew,verb,i.e. act treacherously,,4
H5231,נֵכֶל,Old Testament,Hebrew,noun,deceit,,1
A5232,נְכַס,Old Testament,Aramaic,noun,goods,,2
H5233,נֶכֶס,Old Testament,Hebrew,noun,wealth.,,5
H5234,נָכַר,Old Testament,Hebrew,verb,"hence (with recognition implied), to acknowledge, be acquainted with, care for, respect, revere, or (with suspicion implied), to disregard, ignore, be strange toward, reject, resign, dissimulate (as if ignorant or disowning)",,50
H5235,נֶכֶר נוֹכֶר,Old Testament,Hebrew,noun,i.e. unexpected calamity,,2
H5236,נֵכָר,Old Testament,Hebrew,noun,"or (concretely) a foreigner, or (abstractly) heathendom",,36
H5237,נָכרִי,Old Testament,Hebrew,adjective,"in a variety of degrees and applications (foreign, non-relative, adulterous, different, wonderful)",,46
H5238,נְכוֹת,Old Testament,Hebrew,noun,spicery; (generally) valuables,,3
H5239,נָלָה,Old Testament,Hebrew,verb,to complete,,1
H5240,נְמִבזֶה,Old Testament,Hebrew,particle,despised],,1
H5241,נְמוּאֵל,Old Testament,Hebrew,noun proper,the name of two Israelites,,3
H5242,נְמוּאֵלִי,Old Testament,Hebrew,adjective,or descendant of Nemuel,,1
H5243,נָמַל,Old Testament,Hebrew,verb,circumcise.,,5
H5244,נְמָלָה,Old Testament,Hebrew,noun,an ant (probably from its almost bisected form),,2
A5245,נְמַר,Old Testament,Aramaic,noun,leopard,,1
H5246,נָמֵר,Old Testament,Hebrew,noun,"to filtrate, i.e. be limpid (comp H5247 and H5249)]",,6
H5247,נִמרָה,Old Testament,Hebrew,noun location,a place East of the Jordan,,1
H5248,נִמרוֹד נִמרוֹד,Old Testament,Hebrew,noun proper,a son of Cush,,4
H5249,נִמרִים,Old Testament,Hebrew,noun location,a place East of the Jordan,,2
H5250,נִמשִׁי,Old Testament,Hebrew,noun proper,the (grand-)father of Jehu,,5
H5251,נֵס,Old Testament,Hebrew,noun,"pole, sail, (en-)sign, standard.",,20
H5252,נְסִבָּה,Old Testament,Hebrew,noun,i.e. circumstance or turn of affairs,,1
H5253,נָסַג,Old Testament,Hebrew,verb,"remove, take (hold), turn away.",,9
H5254,נָסָה,Old Testament,Hebrew,verb,"assay, prove, tempt, try.",,36
H5255,נָסַח,Old Testament,Hebrew,verb,"pluck, root.",,4
A5256,נְסַח,Old Testament,Aramaic,verb,pull down,,1
H5257,נְסִיכּ,Old Testament,Hebrew,noun,(also) a molten image; (by implication) a prince (as anointed),,6
H5258,נָסַך,Old Testament,Hebrew,verb,"by analogy, to anoint a king",,25
H5259,נָסַך,Old Testament,Hebrew,verb,i.e. (figuratively) to overspread,,1
A5260,נְסַך,Old Testament,Aramaic,verb,to pour out a libation,,1
A5261,נְסַך,Old Testament,Aramaic,noun,a libation,,1
H5262,נֶסֶך נֵסֶך,Old Testament,Hebrew,noun,"drink offering, molten image.",,64
H5263,נָסַס,Old Testament,Hebrew,verb,i.e. be sick,,1
H5264,נָסַס,Old Testament,Hebrew,verb,"or rather perhaps a denominative from H5251 (and identical with H5263, through the idea of a flag as fluttering in the wind); to raise a beacon",,1
H5265,נָסַע,Old Testament,Hebrew,verb,"especially the tent-pins, i.e. start on a journey",,146
H5266,נָסַק,Old Testament,Hebrew,verb,to go up,,1
A5267,נְסַק,Old Testament,Aramaic,verb,take up,,3
H5268,נִסרוֹך,Old Testament,Hebrew,noun proper,a Babylonian idol,,2
H5269,נֵעָה,Old Testament,Hebrew,noun location,a place in Israel,,1
H5270,נוֹעָה,Old Testament,Hebrew,noun proper,an Israelitess,,4
H5271,נָעוּר נָעוּר נְעוּרָה,Old Testament,Hebrew,noun,the state (juvenility) or the persons (young people),,47
H5272,נְעִיאֵל,Old Testament,Hebrew,noun location,a place in Israel,,1
H5273,נָעִים,Old Testament,Hebrew,adjective,literal or figurative),,13
H5274,נָעַל,Old Testament,Hebrew,verb,"hence (denominative from H5275), to sandal, i.e. furnish with slippers",,8
H5275,נַעַל נַעֲלָה,Old Testament,Hebrew,noun,"a refusal to marry, or of something valueless)",,22
H5276,נָעֵם,Old Testament,Hebrew,verb,"be delight, be pleasant, be sweet.",,8
H5277,נַעַם,Old Testament,Hebrew,noun proper,an Israelite,,1
H5278,נוֹעַם,Old Testament,Hebrew,noun,"i.e. delight, suitableness, splendor or grace",,7
H5279,נַעֲמָה,Old Testament,Hebrew,noun proper,"the name of an antediluvian woman, of an Ammonitess, and of a place in Israel",,5
H5280,נַעֲמִי,Old Testament,Hebrew,adjective,or descendant of Naaman (collectively),,1
H5281,נָעֳמִי,Old Testament,Hebrew,noun proper,an Israelitess,,21
H5282,נַעֲמָן,Old Testament,Hebrew,noun,pleasantness (plural as concrete),,1
H5283,נַעֲמָן,Old Testament,Hebrew,noun proper,the name of an Israelite and of a Damascene,,16
H5284,נַעֲמָתִי,Old Testament,Hebrew,adjective,or inhabitant of Naamah,,4
H5285,נַעֲצוּץ,Old Testament,Hebrew,noun,probably a brier; (by implication) a thicket of thorny bushes,,2
H5286,נָעַר,Old Testament,Hebrew,verb,to growl,,1
H5287,נָעַר,Old Testament,Hebrew,verb,"through the idea of the rustling of mane, which usually accompanies the lion's roar)]",,11
H5288,נַעַר,Old Testament,Hebrew,noun,"(by implication) a servant; (also, by interchange of sex), a girl (of similar range in age)",,240
H5289,נַעַר,Old Testament,Hebrew,noun,a wanderer,,1
H5290,נוֹעַר,Old Testament,Hebrew,noun,youth.,,17
H5291,נַעֲרָה,Old Testament,Hebrew,noun,"maid(-en), young (woman).",,63
H5292,נַעֲרָה,Old Testament,Hebrew,noun proper,"the name of an Israelitess, and of a place in Israel",,4
H5293,נַעֲרַי,Old Testament,Hebrew,noun proper,an Israelite,,1
H5294,נְעַריָה,Old Testament,Hebrew,noun proper,the name of two Israelites,,3
H5295,נַעֲרָן,Old Testament,Hebrew,noun location,a place in Israel,,1
H5296,נְעוֹרֶת,Old Testament,Hebrew,noun,i.e. tow (as the refuse of flax),,2
H5297,נוֹף,Old Testament,Hebrew,noun location,the capital of Upper Egypt,,7
H5298,נֶפֶג,Old Testament,Hebrew,noun proper,the name of two Israelites,,4
H5299,נָפָה,Old Testament,Hebrew,noun,"coast, region, sieve.",,4
H5300,נְפוּשׁסִים,Old Testament,Hebrew,noun proper,a Temple- servant,,4
H5301,נָפַח,Old Testament,Hebrew,verb,(figuratively) to disesteem,,12
H5302,נוֹפַח,Old Testament,Hebrew,noun location,a place in Moab,,1
H5303,נְפִיל נְפִל,Old Testament,Hebrew,noun,i.e. a bully or tyrant,,3
H5304,נְפִיסִים,Old Testament,Hebrew,noun proper,a Temple-servant,,2
H5305,נָפִישׁ,Old Testament,Hebrew,noun proper,"a son of Ishmael, and his posterity",,3
H5306,נוֹפֶך,Old Testament,Hebrew,noun,probably the garnet,,4
H5307,נָפַל,Old Testament,Hebrew,verb,"in a great variety of applications (intransitive or causative, literal or figurative)",,435
A5308,נְפַל,Old Testament,Aramaic,verb,fall (down); have occasion,,12
H5309,נֶפֶל נֵפֶל,Old Testament,Hebrew,noun,i.e. an abortion,,3
H5310,נָפַץ,Old Testament,Hebrew,verb,or scatter,,22
H5311,נֶפֶץ,Old Testament,Hebrew,noun,a storm (as dispersing),,1
A5312,נְפַק,Old Testament,Aramaic,verb,to bring out,,12
A5313,נִפקָא,Old Testament,Aramaic,noun,i.e. expense,,2
H5314,נָפַשׁ,Old Testament,Hebrew,verb,"to be breathed upon, i.e. (figuratively) refreshed (as if by a current of air)",,3
H5315,נֶפֶשׁ,Old Testament,Hebrew,noun,"used very widely in a literal, accommodated or figurative sense (bodily or mental)",ప్రాణము - ఆత్మ,757
H5316,נֶפֶת,Old Testament,Hebrew,noun,a height,,1
H5317,נוֹפֶת,Old Testament,Hebrew,noun,a dripping i.e. of honey (from the comb),,5
H5318,נֶפתּוַֹח,Old Testament,Hebrew,noun location,"Nephtoach, a place in Israel",,2
H5319,נַפתּוּל,Old Testament,Hebrew,noun,a struggle,,1
H5320,נַפתּוּחִים,Old Testament,Hebrew,noun,"Naphtuchim, an Egyptian tribe]",,2
H5321,נַפתָּלִי,Old Testament,Hebrew,noun location,"a son of Jacob, with the tribe descended from him, and its territory",,51
H5322,נֵץ,Old Testament,Hebrew,noun,hawk.,,4
H5323,נָצָא,Old Testament,Hebrew,verb,to go away,,1
H5324,נָצַב,Old Testament,Hebrew,verb,in various applications (literally or figuratively),,75
H5325,נִצָּב,Old Testament,Hebrew,noun,i.e. a handle,,1
A5326,נִצבָּה,Old Testament,Aramaic,noun,i.e. firmness,,1
H5327,נָצָה,Old Testament,Hebrew,verb,consequently) to desolate,,11
H5328,נִצָּה,Old Testament,Hebrew,noun,a blossom,,2
H5329,נָצַח,Old Testament,Hebrew,verb,(as denominative from H5331) to be permanent,,64
A5330,נְצַח,Old Testament,Aramaic,verb,to become chief,,1
H5331,נֶצַח נֵצַח,Old Testament,Hebrew,noun,"hence (figuratively), splendor, or (subjectively) truthfulness, or (objectively) confidence; but usually (adverbially), continually (i.e. to the most distant point of view)",,44
H5332,נֵצַח,Old Testament,Hebrew,noun,through the idea of brilliancy of color],,2
H5333,נְצִיבּ נְצִב,Old Testament,Hebrew,noun,"i.e. a prefect, a military post, a statue",,12
H5334,נְצִיבּ,Old Testament,Hebrew,noun location,a place in Israel,,1
H5335,נְצִיַח,Old Testament,Hebrew,noun proper,a Temple- servant,,2
H5336,נָצִיר,Old Testament,Hebrew,adjective,delivered,,1
H5337,נָצַל,Old Testament,Hebrew,verb,whether in a good or a bad sense,,213
A5338,נְצַל,Old Testament,Aramaic,verb,rescue.,,3
H5339,נִצָּן,Old Testament,Hebrew,noun,a blossom,,1
H5340,נָצַץ,Old Testament,Hebrew,verb,i.e. be bright- colored,,1
H5341,נָצַר,Old Testament,Hebrew,verb,"in a good sense (to protect, maintain, obey, etc.) or a bad one (to conceal, etc.)",,63
H5342,נֵצֶר,Old Testament,Hebrew,noun,a shoot; (figuratively) a descendant,,4
A5343,נְקֵא,Old Testament,Aramaic,adjective,clean,,1
H5344,נָקַב,Old Testament,Hebrew,verb,"literally (to perforate, with more or less violence) or figuratively (to specify, designate, libel)",,25
H5345,נֶקֶב,Old Testament,Hebrew,noun,pipe,,1
H5346,נֶקֶב,Old Testament,Hebrew,noun location,a place in Israel,,1
H5347,נְקֵבָה,Old Testament,Hebrew,noun,female (from the sexual form),,22
H5348,נָקוֹד,Old Testament,Hebrew,adjective,spotted,,9
H5349,נוֹקֵד,Old Testament,Hebrew,noun,i.e. the owner or tender (who thus marks them),,2
H5350,נִקּוּד,Old Testament,Hebrew,noun,mouldy.,,3
H5351,נְקוּדָּה,Old Testament,Hebrew,noun,a boss,,1
H5352,נָקָה,Old Testament,Hebrew,verb,i.e. extirpated,,44
H5353,נְקוֹדָא,Old Testament,Hebrew,noun proper,a Temple-servant,,4
H5354,נָקַט,Old Testament,Hebrew,verb,to loathe,,1
H5355,נָקִי נָקִיא,Old Testament,Hebrew,adjective,"clean, clear, exempted, free, guiltless, innocent, quit.",,43
H5356,נִקָּיוֹן נִקָּיוֹן,Old Testament,Hebrew,noun,innocency.,,5
H5357,נָקִיק,Old Testament,Hebrew,noun,a cleft,,3
H5358,נָקַם,Old Testament,Hebrew,verb,i.e. avenge or punish,,35
H5359,נָקָם,Old Testament,Hebrew,noun,"quarrel, vengeance.",,17
H5360,נְקָמָה,Old Testament,Hebrew,noun,whether the act of the passion,,27
H5361,נָקַע,Old Testament,Hebrew,verb,to feel aversion,,3
H5362,נָקַף,Old Testament,Hebrew,verb,"(by implication) (of attack) to knock together, i.e. surround or circulate",,19
H5363,נוֹקֶף,Old Testament,Hebrew,noun,a threshing (of olives),,2
H5364,נִקפָּה,Old Testament,Hebrew,noun,probably a rope (as encircling),,1
H5365,נָקַר,Old Testament,Hebrew,verb,quarry),,6
H5366,נְקָרָה,Old Testament,Hebrew,noun,clift,,2
H5367,נָקַשׁ,Old Testament,Hebrew,verb,literally or figuratively,,5
A5368,נְקַשׁ,Old Testament,Aramaic,verb,but used in the sense of H5362],,1
H5369,נֵר,Old Testament,Hebrew,noun proper,an Israelite,,16
H5370,נֵרגַּל,Old Testament,Hebrew,noun proper,a Cuthite deity,,1
H5371,נֵרגַּל שַׁראֶצֶר,Old Testament,Hebrew,noun proper,the name of two Babylonians,,3
H5372,נִרגָּן,Old Testament,Hebrew,verb,whisperer.,,4
H5373,נֵרדּ,Old Testament,Hebrew,noun,an aromatic,,3
H5374,נֵרִיָה נֵרִיָהוּ,Old Testament,Hebrew,noun proper,an Israelite,,10
H5375,נָשָׂא נָסָה,Old Testament,Hebrew,verb,"in a great variety of applications, literal and figurative, absol. and rel. (as follows)",,658
A5376,נְשָׂא,Old Testament,Aramaic,verb,"make insurrection, take",,3
H5377,נָשָׁא,Old Testament,Hebrew,verb,"i.e. (mentally) to delude, or (morally) to seduce",,16
H5378,נָשָׁא,Old Testament,Hebrew,verb,through the idea of imposition)],,4
H5379,נִשֵּׂאתּ,Old Testament,Hebrew,participle passive,i.e. a present,,1
H5380,נָשַׁב,Old Testament,Hebrew,verb,drive away.,,3
H5381,נָשַׂג,Old Testament,Hebrew,verb,"be able, attain (unto), (be able to, can) get, lay at, put, reach, remove, wax rich, X surely, (over-)take (hold of, on, upon).",,50
H5382,נָשָׁה,Old Testament,Hebrew,verb,"to remit, remove",,6
H5383,נָשָׁה,Old Testament,Hebrew,verb,in the sense of H5378)],,12
H5384,נָשֶׁה,Old Testament,Hebrew,noun,in the sense of failure],,2
H5385,נְשׂוּאָה נְשׂוּאָה,Old Testament,Hebrew,noun,"something borne, i.e. a load",,1
H5386,נְשִׁי,Old Testament,Hebrew,noun,a debt,,2
H5387,נָשִׂיא נָשִׂא,Old Testament,Hebrew,noun,also a rising mist,,134
H5388,נְשִׁיָה,Old Testament,Hebrew,noun,oblivion,,1
A5389,נָשִׁין,Old Testament,Aramaic,noun,women,,1
H5390,נְשִׁיקָה,Old Testament,Hebrew,noun,a kiss,,2
H5391,נָשַׁך,Old Testament,Hebrew,verb,lend upon usury.,,16
H5392,נֶשֶׁך,Old Testament,Hebrew,noun,interest on a debt,,12
H5393,נִשׁכָּה,Old Testament,Hebrew,noun,a cell,,3
H5394,נָשַׁל,Old Testament,Hebrew,verb,"i.e. divest, eject or drop",,7
H5395,נָשַׁם,Old Testament,Hebrew,verb,i.e. destroy,,1
A5396,נִשׁמָא,Old Testament,Aramaic,noun,vital breath,,1
H5397,נְשָׁמָה,Old Testament,Hebrew,noun,"i.e. wind, angry or vital breath, divine inspiration, intellect. or (concretely) an animal",,24
H5398,נָשַׁף,Old Testament,Hebrew,verb,i.e. blow up fresh (as the wind),,2
H5399,נֶשֶׁף,Old Testament,Hebrew,noun,"dawning of the day (morning), night, twilight.",,12
H5400,נָשַׂק,Old Testament,Hebrew,verb,kindle.,,3
H5401,נָשַׁק,Old Testament,Hebrew,verb,through the idea of fastening up)],,35
H5402,נֶשֶׁק נֵשֶׁק,Old Testament,Hebrew,noun,"i.e. (collectively) arms (offensive or defensive), or (concretely) an arsenal",,10
A5403,נְשַׁר,Old Testament,Aramaic,noun,an eagle,,2
H5404,נֶשֶׁר,Old Testament,Hebrew,noun,the eagle (or other large bird of prey),,26
H5405,נָשַׁת,Old Testament,Hebrew,verb,i.e. (intransitively) to dry up,,3
H5406,נִשׁתְּוָן,Old Testament,Hebrew,noun,an epistle,,2
A5407,נִשׁתְּוָן,Old Testament,Aramaic,noun,letter,,3
H5408,נָתַח,Old Testament,Hebrew,verb,"divide, hew in pieces.",,9
H5409,נֵתַח,Old Testament,Hebrew,noun,piece.,,13
H5410,נָתִיבּ נְתִיבָּה נְתִבָה,Old Testament,Hebrew,noun,"X travel(-ler), way.",,26
H5411,נָתִין נָתוּן,Old Testament,Hebrew,noun,"i.e. (in the plural only) the Nethinim, or Temple-servants (as given to that duty)",,18
A5412,נְתִין,Old Testament,Aramaic,noun,Nethinims,,1
H5413,נָתַך,Old Testament,Hebrew,verb,"gather (together), melt, pour (forth, out).",,21
H5414,נָתַן,Old Testament,Hebrew,verb,"used with greatest latitude of application (put, make, etc.)","ఇవ్వడానికి, అప్లికేషన్ యొక్క గొప్ప అక్షాంశంతో ఉపయోగించబడుతుంది (పుట్, తయారు, మొదలైనవి)",2015
A5415,נְתַן,Old Testament,Aramaic,verb,give pay.,,7
H5416,נָתָן,Old Testament,Hebrew,noun proper,the name of five Israelites,,42
H5417,נְתַנאֵל,Old Testament,Hebrew,noun proper,the name of ten Israelites,,14
H5418,נְתַניָה נְתַניָהוּ,Old Testament,Hebrew,noun proper,the name of four Israelites,,20
H5419,נְתַן ־ מֶלֶך,Old Testament,Hebrew,noun proper,an Israelite,,1
H5420,נָתַס,Old Testament,Hebrew,verb,to tear up,,1
H5421,נָתַע,Old Testament,Hebrew,verb,to tear out,,1
H5422,נָתַץ,Old Testament,Hebrew,verb,"break down (out), cast down, destroy, overthrow, pull down, throw down.",,42
H5423,נָתַק,Old Testament,Hebrew,verb,"burst, draw (away), lift up, pluck (away, off), pull (out), root out.",,27
H5424,נֶתֶק,Old Testament,Hebrew,noun,scurf,,14
H5425,נָתַר,Old Testament,Hebrew,verb,"causatively, to terrify, shake off, untie",,8
A5426,נְתַר,Old Testament,Aramaic,verb,shake off,,1
H5427,נֶתֶר,Old Testament,Hebrew,noun,mineral potash (so called from effervescing with acid),,2
H5428,נָתַשׁ,Old Testament,Hebrew,verb,"forsake, pluck (out, up, by the roots), pull up, root out (up), X utterly.",,21
H5429,סְאָה,Old Testament,Hebrew,noun,or certain measure (as determinative) for grain,,9
H5430,סְאוֹן,Old Testament,Hebrew,noun,perhaps a military boot (as a protection from mud,,1
H5431,סָאַן,Old Testament,Hebrew,verb,i.e. (active participle) a soldier shod,,1
H5432,סַאסְאָה,Old Testament,Hebrew,verb,i.e. moderation,,1
H5433,סָבָא,Old Testament,Hebrew,verb,i.e. become tipsy,,7
H5434,סְבָא,Old Testament,Hebrew,noun location,"a son of Cush, and the country settled by him",,4
H5435,סוֹבֶא,Old Testament,Hebrew,noun,"concretely (wine), or abstractly (carousal)",,3
H5436,סְבָאִי,Old Testament,Hebrew,noun,or inhabitant of Seba,,1
H5437,סָבַב,Old Testament,Hebrew,verb,"used in various applications, literally and figuratively (as follows)",,158
H5438,סִבָּה,Old Testament,Hebrew,noun,a (providential) turn (of affairs),,1
H5439,סָבִיבּ סֶבִיבָּה,Old Testament,Hebrew,adjective,"but chiefly (as adverb, with or without preposition) around",,337
H5440,סָבַך,Old Testament,Hebrew,verb,wrap.,,2
H5441,סוֹבֶך,Old Testament,Hebrew,noun,a copse,,1
H5442,סְבָך,Old Testament,Hebrew,noun,a copse],,4
A5443,סַבְּכָא שַׂבְּכָא,Old Testament,Aramaic,noun,a lyre,,4
H5444,סִבְּכַי,Old Testament,Hebrew,noun proper,an Israelite,,4
H5445,סָבַל,Old Testament,Hebrew,verb,"specifically, to be gravid",,9
A5446,סְבַל,Old Testament,Aramaic,verb,to erect,,1
H5447,סֵבֶל,Old Testament,Hebrew,noun,charge.,,3
H5448,סוֹבֶל סוּבָּל,Old Testament,Hebrew,noun,a load (figuratively),,3
H5449,סַבָּל,Old Testament,Hebrew,noun,bearer of) burden(-s).,,5
H5450,סְבָלָה,Old Testament,Hebrew,noun,porterage,,6
H5451,סִבּוֹלֶת,Old Testament,Hebrew,noun,an ear of grain,,1
A5452,סְבַר,Old Testament,Aramaic,verb,i.e. hope,,1
H5453,סִברַיִם,Old Testament,Hebrew,noun location,a place in Syria,,1
H5454,סַבתָּא סַבתָּה,Old Testament,Hebrew,noun proper,"the name of a son of Cush, and the country occupied by his posterity",,2
H5455,סַבתְּכָא,Old Testament,Hebrew,noun proper,"the name of a son of Cush, and the region settled by him",,2
H5456,סָגַד,Old Testament,Hebrew,verb,to prostrate oneself (in homage),,5
A5457,סְגִד,Old Testament,Aramaic,verb,worship,,12
H5458,סְגוֹר,Old Testament,Hebrew,noun,(also) gold (as generally shut up safely),,2
H5459,סְגוּלָּה,Old Testament,Hebrew,noun,"peculiar (treasure), proper good, special.",,8
A5460,סְגַן,Old Testament,Aramaic,noun,governor,,5
H5461,סָגָן,Old Testament,Hebrew,noun,ruler.,,17
H5462,סָגַר,Old Testament,Hebrew,verb,"deliver (up), give over (up), inclose, X pure, repair, shut (in, self, out, up, up together), stop, X straitly.",,91
A5463,סְגַר,Old Testament,Aramaic,verb,shut up,,1
H5464,סַגרִידּ,Old Testament,Hebrew,noun,a pouring rain,,1
H5465,סַד,Old Testament,Hebrew,noun,the stocks,,2
H5466,סָדִין,Old Testament,Hebrew,noun,i.e. shirt,,4
H5467,סְדוֹם,Old Testament,Hebrew,noun location,a place near the Dead Sea,,39
H5468,סֶדֶר,Old Testament,Hebrew,noun,order,,1
H5469,סַהַר,Old Testament,Hebrew,noun,roundness,,1
H5470,סוֹהַר,Old Testament,Hebrew,noun,a dungeon (as surrounded by walls),,8
H5471,סוֹא,Old Testament,Hebrew,noun proper,an Egyptian king,,1
H5472,סוּג,Old Testament,Hebrew,verb,literally (to retreat) or figuratively (to apostatize),,14
H5473,סוּג,Old Testament,Hebrew,verb,i.e. bind,,1
H5474,סוּגַר,Old Testament,Hebrew,noun,i.e. cage (for an animal),,1
H5475,סוֹד,Old Testament,Hebrew,noun,"(by implication) intimacy, consultation, a secret",,21
H5476,סוֹדִי,Old Testament,Hebrew,noun proper,an Israelite,,1
H5477,סוַּח,Old Testament,Hebrew,noun proper,an Israelite,,1
H5478,סוּחָה,Old Testament,Hebrew,noun,i.e. filth,,1
H5479,סוֹטַי,Old Testament,Hebrew,noun proper,one of the Nethinim,,2
H5480,סוּך,Old Testament,Hebrew,verb,i.e. anoint,,9
A5481,סוּמפּוֹנְיָה סוּמפּוֹנְיָה סִיפוֹנְיָא,Old Testament,Aramaic,noun,"a bagpipe, panpipes",,4
H5482,סְוֵנֵה סְוֵנָה סְוֵן,Old Testament,Hebrew,noun location,a place in Upper Egypt,,2
H5483,סוּס סוּס,Old Testament,Hebrew,noun,for joy)],,141
H5484,סוּסָה,Old Testament,Hebrew,noun,a mare,,1
H5485,סוּסִי,Old Testament,Hebrew,noun proper,an Israelite,,1
H5486,סוּף,Old Testament,Hebrew,verb,i.e. terminate,,5
A5487,סוּף,Old Testament,Aramaic,verb,fulfill.,,2
H5488,סוּף,Old Testament,Hebrew,noun,especially the papyrus,,28
H5489,סוּף,Old Testament,Hebrew,noun location,H3220,,1
H5490,סוֹף,Old Testament,Hebrew,noun,"end, hinder participle",,5
A5491,סוֹף,Old Testament,Aramaic,noun,end,,5
H5492,סוּפָה,Old Testament,Hebrew,noun,"storm, tempest, whirlwind, Red sea.",,16
H5493,סוּר שׂוּר,Old Testament,Hebrew,verb,"bring, call back, decline, depart, eschew, get (you), go (aside), X grievous, lay away (by), leave undone, be past, pluck away, put (away, down), rebel, remove (to and fro), revolt, X be sour, take (away, off), turn (aside, away, in), withdraw, be without.",,301
H5494,סוּר,Old Testament,Hebrew,participle passive,i.e. deteriorated,,1
H5495,סוּר,Old Testament,Hebrew,noun location,a gate of the temple,,1
H5496,סוּת,Old Testament,Hebrew,verb,"move, persuade, provoke, remove, set on, stir up, take away.",,18
H5497,סוּת,Old Testament,Hebrew,noun,i.e. clothing,,1
H5498,סָחַב,Old Testament,Hebrew,verb,tear.,,5
H5499,סְחָבָה,Old Testament,Hebrew,noun,a rag,,3
H5500,סָחָה,Old Testament,Hebrew,verb,to sweep away,,1
H5501,סְחִי,Old Testament,Hebrew,noun,refuse (as swept off),,1
H5502,סָחַף,Old Testament,Hebrew,verb,to scrape off,,2
H5503,סָחַר,Old Testament,Hebrew,verb,to palpitate,,21
H5504,סַחַר,Old Testament,Hebrew,noun,profit (from trade),,4
H5505,סָחַר,Old Testament,Hebrew,noun,profit (from trade),,3
H5506,סְחוֹרָה,Old Testament,Hebrew,noun,merchandise,,1
H5507,סוֹחֵרָה,Old Testament,Hebrew,noun,i.e. a shield,,1
H5508,סוֹחֶרֶת,Old Testament,Hebrew,noun,probably a (black) tile (or tessara) for laying borders with,,1
H5509,סִיגּ סוּג,Old Testament,Hebrew,noun,scoria,,9
H5510,סִיוָן,Old Testament,Hebrew,noun proper time,the third Heb. month,,1
H5511,סִיחוֹן סִיחוֹן,Old Testament,Hebrew,noun proper,an Amoritish king,,37
H5512,סִין,Old Testament,Hebrew,noun location,Sin the name of an Egyptian town and (probably) desert adjoining,,6
H5513,סִינִי,Old Testament,Hebrew,adjective,or descendant of one of the sons of Canaan,,2
H5514,סִינַי,Old Testament,Hebrew,noun location,mountain of Arabia,,35
H5515,סִינִים,Old Testament,Hebrew,adjective,a distant Oriental region,,1
H5516,סִיסְרָא,Old Testament,Hebrew,noun proper,the name of a Canaanitish king and of one of the Nethinim,,21
H5517,סִיעָא סִיעֲהָא,Old Testament,Hebrew,noun proper,one of the Nethinim,,2
H5518,סִיר סִירָה סִרָה,Old Testament,Hebrew,noun,"fishhook, pan, ((wash-))pot, thorn.",,34
H5519,סָך,Old Testament,Hebrew,noun,i.e. a crowd,,1
H5520,סוֹך,Old Testament,Hebrew,noun,"den, pavilion, tabernacle.",,4
H5521,סוּכָּה,Old Testament,Hebrew,noun,"cottage, covert, pavilion, tabernacle, tent.",,31
H5522,סִכּוּת,Old Testament,Hebrew,noun proper,an (idolatrous) booth,,1
H5523,סוּכּוֹת סוּכּוֹת,Old Testament,Hebrew,noun location,the name of a place in Egypt and of three in Israel,,18
H5524,סוּכּוֹת בְּנוֹת,Old Testament,Hebrew,noun proper,i.e. idoalatrous tents for impure purpose,,1
H5525,סוּכִּי,Old Testament,Hebrew,noun proper,or inhabitant of some place near Egypt (i.e. hut-dwellers),,1
H5526,סָכַך שָׂכַך,Old Testament,Hebrew,verb,(figuratively) to protect,,24
H5527,סְכָכָה,Old Testament,Hebrew,noun location,a place in Israel,,1
H5528,סָכַל,Old Testament,Hebrew,verb,"play the, turn into) fool(-ish, -ishly, -ishness).",,8
H5529,סֶכֶל,Old Testament,Hebrew,noun,dolts,,1
H5530,סָכָל,Old Testament,Hebrew,noun,sottish.,,8
H5531,סִכלוּת שִׂכלוּת,Old Testament,Hebrew,noun,foolishness.,,7
H5532,סָכַן,Old Testament,Hebrew,verb,"be serviceable to, be customary",,12
H5533,סָכַן,Old Testament,Hebrew,verb,"also to grow (causatively, make) poor",,2
H5534,סָכַר,Old Testament,Hebrew,verb,"give over. See also H5462, H7936.",,3
H5535,סָכַת,Old Testament,Hebrew,verb,to be silent; (by implication) to observe quietly,,1
H5536,סַל,Old Testament,Hebrew,noun,but only as woven into a basket,,15
H5537,סָלָא,Old Testament,Hebrew,verb,i.e. weigh,,1
H5538,סִלָּא,Old Testament,Hebrew,noun,a place in Jerusalem,,1
H5539,סָלַד,Old Testament,Hebrew,verb,i.e. exult,,1
H5540,סֶלֶד,Old Testament,Hebrew,noun proper,an Israelite,,2
H5541,סָלָה,Old Testament,Hebrew,verb,"i.e. weigh, or (figuratively) contemn",,4
H5542,סֶלָה,Old Testament,Hebrew,verb,i.e. pause,,74
H5543,סַלוּ סַלוּא סָלוּא סַלַּי,Old Testament,Hebrew,noun proper,the name of two Israelites,,6
H5544,סִלּוֹן סַלּוֹן,Old Testament,Hebrew,noun,thorn.,,2
H5545,סָלַח,Old Testament,Hebrew,verb,"pardon, spare.",క్షమించటానికి,47
H5546,סַלָּח,Old Testament,Hebrew,adjective,forgiving,,1
H5547,סְלִיחָה,Old Testament,Hebrew,noun,pardon.,,3
H5548,סַלכָּה,Old Testament,Hebrew,noun location,a place East of the Jordan,,4
H5549,סָלַל,Old Testament,Hebrew,verb,"reflexively, to oppose (as by a dam)",,12
H5550,סוֹלְלָה סוֹלְלָה,Old Testament,Hebrew,noun,i.e. rampart of besiegers,,11
H5551,סוּלָּם,Old Testament,Hebrew,noun,a stair-case,,1
H5552,סַלסִלָּה,Old Testament,Hebrew,noun,a twig (as pendulous),,1
H5553,סֶלַע,Old Testament,Hebrew,noun,literally or figuratively (a fortress),,59
H5554,סֶלַע,Old Testament,Hebrew,noun location,the rock-city of Idumaea,,3
H5555,סֶלַע הַמַּחלְקוֹת,Old Testament,Hebrew,noun location,a place in Israel,,1
H5556,סָלעָם,Old Testament,Hebrew,noun,i.e. consuming],,1
H5557,סָלַף,Old Testament,Hebrew,verb,i.e. (figuratively) to subvert,,7
H5558,סֶלֶף,Old Testament,Hebrew,noun,i.e. (figuratively) viciousness,,2
A5559,סְלִק,Old Testament,Aramaic,verb,to ascend,,5
H5560,סוֹלֶת,Old Testament,Hebrew,noun,meal.,,53
H5561,סַם,Old Testament,Hebrew,noun,an aroma,,16
H5562,סַמגַּר נְבוֹ,Old Testament,Hebrew,noun proper,a Babylonian general,,1
H5563,סְמָדַר,Old Testament,Hebrew,noun,abloom,,3
H5564,סָמַך,Old Testament,Hebrew,verb,to lean upon or take hold of (in a favorable or unfavorable sense),,48
H5565,סְמַכיָהוּ,Old Testament,Hebrew,noun proper,an Israelite,,1
H5566,סֶמֶל סֵמֶל,Old Testament,Hebrew,noun,"idol, image.",,5
H5567,סָמַן,Old Testament,Hebrew,verb,to designate,,1
H5568,סָמַר,Old Testament,Hebrew,verb,i.e. bristle as hair,,2
H5569,סָמָר,Old Testament,Hebrew,adjective,i.e. shaggy,,1
H5570,סְנָאָה,Old Testament,Hebrew,noun proper,a place in Israel,,3
H5571,סַנבַּלַּט,Old Testament,Hebrew,noun proper,a Persian satrap of Samaria,,10
H5572,סְנֶה,Old Testament,Hebrew,noun,a bramble,,6
H5573,סֶנֶה,Old Testament,Hebrew,noun location,a crag in Israel,,1
H5574,סְנוּאָה סְנוּאָה,Old Testament,Hebrew,noun proper,the name of two Israelites,,2
H5575,סַנוֵר,Old Testament,Hebrew,noun,(in plural) blindness,,3
H5576,סַנחֵרִיבּ,Old Testament,Hebrew,noun proper,an Assyrian king,,13
H5577,סַנסִן,Old Testament,Hebrew,noun,a twig (as tapering),,1
H5578,סַנסַנָּה,Old Testament,Hebrew,noun proper,a place in Israel,,1
H5579,סְנַפִּיר,Old Testament,Hebrew,noun,a fin (collectively),,5
H5580,סָס,Old Testament,Hebrew,noun,a moth (from the agility of the fly),,1
H5581,סִסמַי,Old Testament,Hebrew,noun proper,an Israelite,,2
H5582,סָעַד,Old Testament,Hebrew,verb,"establish, hold up, refresh self, strengthen, be upholden.",,12
A5583,סְעַד,Old Testament,Aramaic,verb,to aid,,1
H5584,סָעָה,Old Testament,Hebrew,verb,to rush,,1
H5585,סָעִיף,Old Testament,Hebrew,noun,"clift, top.",,6
H5586,סָעַף,Old Testament,Hebrew,verb,to disbranch (a tree),,1
H5587,סָעִף שָׂעִף,Old Testament,Hebrew,noun,i.e. (abstractly) a sentiment,,3
H5588,סֵעֵף,Old Testament,Hebrew,adjective,i.e. (concretely) a skeptic,,1
H5589,סְעַפָּה,Old Testament,Hebrew,noun,branch.,,2
H5590,סָעַר,Old Testament,Hebrew,verb,literal or figurative},,7
H5591,סַעַר סְעָרָה,Old Testament,Hebrew,noun,"tempest, whirlwind.",,26
H5592,סַף,Old Testament,Hebrew,noun,in its original sense of containing],,32
H5593,סַף,Old Testament,Hebrew,noun proper,a Philistine,,1
H5594,סָפַד,Old Testament,Hebrew,verb,to wail,,32
H5595,סָפָה,Old Testament,Hebrew,verb,figuratively) to scrape together (i.e. to accumulate or increase),,20
H5596,סָפַח שָׂפַח,Old Testament,Hebrew,verb,but in certain peculiar senses (of removal or association),,6
H5597,סַפַּחַת,Old Testament,Hebrew,noun,the mange (as making the hair fall off),,2
H5598,סִפַּי,Old Testament,Hebrew,noun proper,a Philistine,,1
H5599,סָפִיַח,Old Testament,Hebrew,noun,(figuratively) a freshet,,5
H5600,סְפִינָה,Old Testament,Hebrew,noun,a (sea-going) vessel (as ceiled with a deck),,1
H5601,סַפִּיר,Old Testament,Hebrew,noun,probably the sapphire,,11
H5602,סֵפֶל,Old Testament,Hebrew,noun,dish.,,2
H5603,סָפַן,Old Testament,Hebrew,verb,(figuratively) to reserve,,6
H5604,סִפּוּן,Old Testament,Hebrew,noun,a wainscot,,1
H5605,סָפַף,Old Testament,Hebrew,verb,"but used only as denominative from H5592 (in the sense of a vestibule), to wait at the threshold",,1
H5606,סָפַק שָׂפַק,Old Testament,Hebrew,verb,"(by implication) of satisfaction, to be enough; (by implication) of excess, to vomit",,10
H5607,סֵפֶק שֶׂפֶק,Old Testament,Hebrew,noun,sufficiency.,,2
H5608,סָפַר,Old Testament,Hebrew,noun,"intensively, to recount, i.e. celebrate",,161
A5609,סְפַר,Old Testament,Aramaic,noun,roll.,,5
H5610,סְפָר,Old Testament,Hebrew,noun,a census,,1
H5611,סְפָר,Old Testament,Hebrew,noun location,a place in Arabia,,1
H5612,סֵפֶר סִפרָה,Old Testament,Hebrew,noun,"book, evidence, X learn(-ed) (-ing), letter, register, scroll.",,188
A5613,סָפֵר,Old Testament,Aramaic,noun,a scribe (secular or sacred),,6
H5614,סְפָרָד,Old Testament,Hebrew,noun location,a region of Assyria,,1
H5615,סְפוֹרָה,Old Testament,Hebrew,noun,a numeration,,1
H5616,סְפַרוִי,Old Testament,Hebrew,adjective,a Sepharvite or inhabitant of Sepharvain,,1
H5617,סְפַרוַיִם סְפָרִים,Old Testament,Hebrew,noun location,a place in Assyria,,7
H5618,סוֹפֶרֶת,Old Testament,Hebrew,noun proper,"Sophereth, a temple servant",,2
H5619,סָקַל,Old Testament,Hebrew,verb,"gather out, throw) stone(-s), X surely.",,22
H5620,סַר,Old Testament,Hebrew,adjective,sad.,,3
H5621,סָרָב,Old Testament,Hebrew,noun,a thistle,,1
A5622,סַרבַּל,Old Testament,Aramaic,noun,a cloak,,2
H5623,סַרגּוֹן,Old Testament,Hebrew,noun proper,an Assyrian king,,1
H5624,סֶרֶד,Old Testament,Hebrew,noun proper,an Israelite,,2
H5625,סַרדִּי,Old Testament,Hebrew,adjective,a Seredite (collectively) or descendants of Sered,,1
H5626,סִרָה,Old Testament,Hebrew,noun location,a cistern so-called,,1
H5627,סָרָה,Old Testament,Hebrew,noun,(figuratively) remission,,8
H5628,סָרַח,Old Testament,Hebrew,verb,"hand, spread, stretch self, banish.",,7
H5629,סֶרַח,Old Testament,Hebrew,noun,a redundancy,,1
H5630,סִריוֹן,Old Testament,Hebrew,noun,a coat of mail,,2
H5631,סָרִיס סָרִס,Old Testament,Hebrew,noun,"eunuch, officer.",,42
A5632,סָרֵך,Old Testament,Aramaic,noun,an emir,,5
H5633,סֶרֶן,Old Testament,Hebrew,noun,plate.,,22
H5634,סַרעַפָּה,Old Testament,Hebrew,noun,a twig,,1
H5635,סָרַף,Old Testament,Hebrew,verb,i.e. to be (near) of kin (such being privileged to kindle the pyre),,1
H5636,סַרפָּד,Old Testament,Hebrew,noun,a nettle (as stinging like a burn),,1
H5637,סָרַר,Old Testament,Hebrew,verb,i.e. (morally) be refractory,,17
H5638,סְתָו,Old Testament,Hebrew,noun,winter (as the dark season),,1
H5639,סְתוּר,Old Testament,Hebrew,noun proper,an Israelite,,1
H5640,סָתַם שָׂתַם,Old Testament,Hebrew,verb,"hidden, secret, shut out (up), stop.",,14
H5641,סָתַר,Old Testament,Hebrew,verb,literally or figuratively,,82
A5642,סְתַר,Old Testament,Aramaic,verb,secret thing.,,2
H5643,סֵתֶר סִתרָה,Old Testament,Hebrew,noun,a literal or a figurative sense),,36
H5644,סִתרִי,Old Testament,Hebrew,noun proper,an Israelite,,1
H5645,עָב,Old Testament,Hebrew,noun,"specifically, a (scud) cloud; also a copse",,32
H5646,עָב עוֹב,Old Testament,Hebrew,noun,an architrave (as shading the pillars),,3
H5647,עָבַד,Old Testament,Hebrew,verb,"(causatively) to enslave, etc",,289
A5648,עֲבַד,Old Testament,Aramaic,verb,"make, prepare, keep, etc",,28
A5649,עֲבַד,Old Testament,Aramaic,noun,a servant,,9
H5650,עֶבֶד,Old Testament,Hebrew,noun,"bondman, (bond-)servant, (man-)servant.",,803
H5651,עֶבֶד,Old Testament,Hebrew,noun proper,the name of two Israelites,,6
H5652,עֲבָד,Old Testament,Hebrew,noun,a deed,,1
H5653,עַבדָּא,Old Testament,Hebrew,noun proper,the name of two Israelites,,2
H5654,עוֹבֵד אֱדוֹם,Old Testament,Hebrew,noun proper,the name of five Israelites,,20
H5655,עַבדֶּאֵל,Old Testament,Hebrew,noun proper,an Israelite,,1
H5656,עֲבוֹדָה עֲבוֹדָה,Old Testament,Hebrew,noun,"bondage, + bondservant, effect, labour, ministering(-try), office, service(-ile, -itude), tillage, use, work, X wrought.",,145
H5657,עֲבוּדָּה,Old Testament,Hebrew,noun,i.e. (concretely) service,,2
H5658,עַבדּוֹן,Old Testament,Hebrew,noun location,the name of a place in Israel and of four Israelites,,8
H5659,עַבדּוּת,Old Testament,Hebrew,noun,servitude,,3
H5660,עַבדִּי,Old Testament,Hebrew,noun proper,the name of two Israelites,,3
H5661,עַבדִּיאֵל,Old Testament,Hebrew,noun proper,an Israelite,,1
H5662,עוֹבַדיָה עוֹבַדיָהוּ,Old Testament,Hebrew,noun proper,the name of thirteen Israelites,,20
H5663,עֶבֶד מֶלֶך,Old Testament,Hebrew,noun proper,a eunuch of Zedekeah,,6
H5664,עֲבֵד נֶגוֹ,Old Testament,Hebrew,noun proper,the Babylonian name of one of Daniel's companions,,1
A5665,עֲבֵד נֶגוֹא,Old Testament,Aramaic,noun proper,the name of Azariah,,14
H5666,עָבָה,Old Testament,Hebrew,verb,to be dense,,3
H5667,עֲבוֹט עֲבוֹט,Old Testament,Hebrew,noun,a pawn,,4
H5668,עָבוּר עָבוּר,Old Testament,Hebrew,preposition,"that, in order that",,49
H5669,עָבוּר,Old Testament,Hebrew,noun,used only of stored grain,,2
H5670,עָבַט,Old Testament,Hebrew,verb,(figuratively) to entangle,,6
H5671,עַבטִּיטּ,Old Testament,Hebrew,noun,i.e. (collectively) pawned goods,,1
H5672,עֲבִי עֳבִי,Old Testament,Hebrew,noun,i.e. depth or width,,4
A5673,עֲבִידָּה,Old Testament,Aramaic,noun,"service, work.",,6
H5674,עָבַר,Old Testament,Hebrew,verb,(specifically) to cover (in the act of copulation),,562
A5675,עֲבַר,Old Testament,Aramaic,noun,this side,,14
H5676,עֵבֶר,Old Testament,Hebrew,noun,"beyond, by, X from, over, passage, quarter, (other, this) side, straight.",,93
H5677,עֵבֶר,Old Testament,Hebrew,noun proper,the name of two patriarchs and four Israelites,,15
H5678,עֶברָה,Old Testament,Hebrew,noun,"rage, wrath.",,34
H5679,עֲבָרָה,Old Testament,Hebrew,noun,plain (from the margin).,,2
H5680,עִברִי,Old Testament,Hebrew,adjective,woman).,,34
H5681,עִברִי,Old Testament,Hebrew,noun proper,an Israelite,,1
H5682,עֲבָרִים,Old Testament,Hebrew,noun location,a place in Israel,,4
H5683,עֶברוֹן,Old Testament,Hebrew,noun location,a place in Israel,,1
H5684,עֶברוֹנָה,Old Testament,Hebrew,noun proper,place in the Desert,,2
H5685,עָבַשׁ,Old Testament,Hebrew,verb,to dry up,,1
H5686,עָבַת,Old Testament,Hebrew,verb,i.e. (figuratively) to pervert,,1
H5687,עָבוֹת עָבוֹת,Old Testament,Hebrew,adjective,i.e. dense,,4
H5688,עֲבוֹת עֲבוֹת עֲבוֹתָה,Old Testament,Hebrew,noun,"i.e. a string, wreath or foliage",,24
H5689,עָגַב,Old Testament,Hebrew,verb,i.e. to love (sensually),,8
H5690,עֶגֶב,Old Testament,Hebrew,noun,i.e. amative words,,2
H5691,עֲגָבָה,Old Testament,Hebrew,noun,i.e. amorousness,,1
H5692,עוּגָּה,Old Testament,Hebrew,noun,an ash-cake (as round),,7
H5693,עָגוּר,Old Testament,Hebrew,noun,swallow,,2
H5694,עָגִיל,Old Testament,Hebrew,noun,i.e. a ring (for the ears),,2
H5695,עֵגֶל,Old Testament,Hebrew,noun,especially one nearly grown (i.e. a steer),,35
H5696,עָגוֹל עָגוֹל,Old Testament,Hebrew,adjective,],,6
H5697,עֶגלָה,Old Testament,Hebrew,noun,especially one nearly grown (i.e. a heifer),,14
H5698,עֶגלָה,Old Testament,Hebrew,noun proper,a wife of David,,2
H5699,עֲגָלָה,Old Testament,Hebrew,noun,i.e. a wheeled vehicle,,25
H5700,עֶגלוֹן,Old Testament,Hebrew,noun location,the name of a place in Israel and of a Moabitish king,,13
H5701,עָגַם,Old Testament,Hebrew,verb,to be sad,,1
H5702,עָגַן,Old Testament,Hebrew,verb,i.e. from marriage,,1
H5703,עַד,Old Testament,Hebrew,noun,"in the sense of advance or perpetuity (substantially as a noun, either with or without a preposition)",,51
H5704,עַד,Old Testament,Hebrew,preposition,"adverb or conjunction especially with a preposition) as far (or long, or much) as, whether of space (even unto) or time (during, while, until) or degree (equally with)",,1260
A5705,עַד,Old Testament,Aramaic,preposition,"at, for, (hither-)to, on till, (un-)to, until, within.",,35
H5706,עַד,Old Testament,Hebrew,noun,booty,,3
H5707,עֵד,Old Testament,Hebrew,noun,"abstractly, testimony; specifically, a recorder, i.e. prince",,69
H5708,עֵד,Old Testament,Hebrew,noun,H5749,,1
A5709,עֲדָא עֲדָה,Old Testament,Aramaic,verb,(causatively) to remove; (specifically) to bedeck (i.e. bring an ornament upon),,9
H5710,עָדָה,Old Testament,Hebrew,verb,(causatively) to remove; (specifically) to bedeck (i.e. bring an ornament upon),,10
H5711,עָדָה,Old Testament,Hebrew,noun proper,the name of two women,,8
H5712,עֵדָה,Old Testament,Hebrew,noun,"company, congregation, multitude, people, swarm.",,149
H5713,עֵדָה,Old Testament,Hebrew,noun,witness.,,26
H5714,עִדּוֹ עִדּוֹא עִדִּיא,Old Testament,Hebrew,noun proper,the name of five Israelites,,11
H5715,עֵדוּת,Old Testament,Hebrew,noun,witness.,,59
H5716,עֲדִי,Old Testament,Hebrew,noun,"mouth, ornament.",,14
H5717,עֲדִיאֵל,Old Testament,Hebrew,noun proper,the name of three Israelites,,3
H5718,עֲדָיָה עֲדָיָהוּ,Old Testament,Hebrew,noun proper,the name of eight Israelites,,9
H5719,עָדִין,Old Testament,Hebrew,adjective,voluptuous,,1
H5720,עָדִין,Old Testament,Hebrew,noun proper,the name of two Israelites,,4
H5721,עֲדִינָא,Old Testament,Hebrew,noun proper,an Israelite,,1
H5722,עֲדִינוֹ,Old Testament,Hebrew,noun proper,his spear,,1
H5723,עֲדִיתַּיִם,Old Testament,Hebrew,noun location,a place in Israel,,1
H5724,עַדלַי,Old Testament,Hebrew,noun proper,an Israelite,,1
H5725,עֲדוּלָּם,Old Testament,Hebrew,noun location,a place in Israel,,8
H5726,עֲדוּלָּמִי,Old Testament,Hebrew,adjective,an Adullamite or native of Adullam,,3
H5727,עָדַן,Old Testament,Hebrew,verb,to live voluptuously,,1
H5728,עֲדֶן עֲדֶנָּה,Old Testament,Hebrew,verb,H2004,,2
H5729,עֶדֶן,Old Testament,Hebrew,noun location,a place in Mesopotamia,,3
H5730,עֵדֶן עֶדנָה,Old Testament,Hebrew,noun,"delight, pleasure. See also H1040.",,4
H5731,עֵדֶן,Old Testament,Hebrew,noun proper,the region of Adam's home,,16
A5732,עִדָּן,Old Testament,Aramaic,noun,a year,,13
H5733,עַדנָא,Old Testament,Hebrew,noun proper,the name of two Israelites,,2
H5734,עַדנָה,Old Testament,Hebrew,noun proper,the name of two Israelites,,2
H5735,עֲדעָדָה,Old Testament,Hebrew,noun location,a place in Israel,,1
H5736,עָדַף,Old Testament,Hebrew,verb,have) redundant,,9
H5737,עָדַר,Old Testament,Hebrew,verb,(hence) to muster and so to miss (or find wanting),,11
H5738,עֶדֶר,Old Testament,Hebrew,noun proper,an Israelite,,1
H5739,עֵדֶר,Old Testament,Hebrew,noun,i.e. muster (of animals),,38
H5740,עֵדֶר,Old Testament,Hebrew,noun location,the name of an Israelite and of two places in Israel,,3
H5741,עַדרִיאֵל,Old Testament,Hebrew,noun proper,an Israelite,,2
H5742,עָדָשׁ,Old Testament,Hebrew,noun,a lentil,,4
H5743,עוּב,Old Testament,Hebrew,verb,i.e. to becloud,,1
H5744,עוֹבֵד,Old Testament,Hebrew,noun proper,the name of five Israelites,,10
H5745,עוֹבָל,Old Testament,Hebrew,noun proper,a son of Joktan,,1
H5746,עוּג,Old Testament,Hebrew,verb,to bake (round cakes on the hearth),,1
H5747,עוֹג,Old Testament,Hebrew,noun proper,a king of Bashan,,22
H5748,עוּגָב עוּגָּב,Old Testament,Hebrew,noun,a reed-instrument of music,,4
H5749,עוּד,Old Testament,Hebrew,verb,"(intensively) to encompass, restore (as a sort of reduplication)",,44
H5750,עוֹד עוֹד,Old Testament,Hebrew,verb,"again, repeatedly, still, more",,491
A5751,עוֹד,Old Testament,Aramaic,verb,while,,1
H5752,עוֹדֵד עוֹדֵד,Old Testament,Hebrew,noun proper,the name of two Israelites,,3
H5753,עָוָה,Old Testament,Hebrew,verb,literally or figuratively (as follows),,17
H5754,עַוָּה,Old Testament,Hebrew,noun,overthrow,,3
H5755,עִוָּה עַוָּא,Old Testament,Hebrew,noun location,a region of Assyria,,4
H5756,עוּז,Old Testament,Hebrew,verb,"to stregthen, i.e. (figuratively) to save (by flight)",,4
H5757,עַוִּי,Old Testament,Hebrew,adjective,Avites.,,3
A5758,עִויָא,Old Testament,Aramaic,noun,perverseness,,1
H5759,עֲוִיל,Old Testament,Hebrew,noun,little one.,,2
H5760,עֲוִיל,Old Testament,Hebrew,noun,perverse (morally),,1
H5761,עַוִּים,Old Testament,Hebrew,noun proper,a place in Israel (with the article prefix),,1
H5762,עֲוִיתּ עַיּוֹת עַיוּת,Old Testament,Hebrew,noun location,"ruin; Avvith (or Avvoth), a place in Israel",,3
H5763,עוּל,Old Testament,Hebrew,verb,i.e. give milk,,5
H5764,עוּל,Old Testament,Hebrew,noun,infant.,,2
H5765,עָוַל,Old Testament,Hebrew,verb,unrighteous.,,2
H5766,עֶוֶל עָוֶל עַולָה עוֹלָה עוֹלָה,Old Testament,Hebrew,noun,"perverseness, unjust(-ly), unrighteousness(-ly); wicked(-ness).",,54
H5767,עַוָּל,Old Testament,Hebrew,noun,"unrighteous, wicked.",,5
H5768,עוֹלֵל עוֹלָל,Old Testament,Hebrew,noun,"(young) child, infant, little one.",,21
H5769,עוֹלָם עוֹלָם,Old Testament,Hebrew,noun,(generally) time out of mind (past or future); (practically) eternity,నిత్యము - శాశ్వతము,438
H5770,עָוַן,Old Testament,Hebrew,verb,to watch (with jealosy),,2
H5771,עָווֹן עָווֹן,Old Testament,Hebrew,noun,i.e. (moral) evil,,232
H5772,עוֹנָה,Old Testament,Hebrew,noun,sexual (cohabitation),,1
H5773,עַועֶה,Old Testament,Hebrew,noun,perversity,,1
H5774,עוּף,Old Testament,Hebrew,verb,עוף,,32
H5775,עוֹף,Old Testament,Hebrew,noun,"or rather as covering with wings), often collectively",,71
A5776,עוֹף,Old Testament,Aramaic,noun,fowl,,2
H5777,עוֹפֶרֶת עוֹפֶרֶת,Old Testament,Hebrew,noun,lead (from its dusty color),,9
H5778,עוֹפַי,Old Testament,Hebrew,noun proper,an Israelite,,2
H5779,עוּץ,Old Testament,Hebrew,verb,to consult,,2
H5780,עוּץ,Old Testament,Hebrew,noun location,"a son of Aram, also a Seirite, and the regions settled by them",,8
H5781,עוּק,Old Testament,Hebrew,verb,to pack,,2
H5782,עוּר,Old Testament,Hebrew,verb,"up), lift up (self), X master, raise (up), stir up (self).",,80
H5783,עוּר,Old Testament,Hebrew,verb,to (be) bare,,1
A5784,עוּר,Old Testament,Aramaic,noun,chaff,,1
H5785,עוֹר,Old Testament,Hebrew,noun,leather,,99
H5786,עָוַר,Old Testament,Hebrew,verb,put out. See also H5895.,,5
H5787,עִוֵּר,Old Testament,Hebrew,adjective,people).,,26
H5788,עִוָּרוֹן עַוֶּרֶת,Old Testament,Hebrew,noun,blindness,,3
H5789,עוּשׁ,Old Testament,Hebrew,verb,to hasten,,1
H5790,עוּת,Old Testament,Hebrew,verb,i.e. succor,,1
H5791,עָוַת,Old Testament,Hebrew,verb,"(make) crooked., falsifying, overthrow, deal perversely, pervert, subvert, turn upside down.",,11
H5792,עַוָּתָה,Old Testament,Hebrew,noun,oppression,,1
H5793,עוּתַי,Old Testament,Hebrew,noun proper,the name of two Israelites,,2
H5794,עַז,Old Testament,Hebrew,adjective,"vehement, harsh",,24
H5795,עֵז,Old Testament,Hebrew,noun,but masculine in plural (which also is used ellipt. for goat's hair),,74
A5796,עֵז,Old Testament,Aramaic,noun,goat,,1
H5797,עוֹז עוֹז,Old Testament,Hebrew,noun,"security, majesty, praise)",,92
H5798,עוּזָּא עוּזָּה,Old Testament,Hebrew,noun location,the name of five Israelites,,14
H5799,עֲזָאזֵל,Old Testament,Hebrew,noun,H235,,4
H5800,עָזַב,Old Testament,Hebrew,verb,"i.e. relinquish, permit, etc",,215
H5801,עִזָּבוֹן,Old Testament,Hebrew,noun,i.e. the place (mart) or the payment (revenue),,7
H5802,עַזבּוּק,Old Testament,Hebrew,noun proper,an Israelite,,1
H5803,עַזגָּד,Old Testament,Hebrew,noun proper,an Israelite,,4
H5804,עַזָּה,Old Testament,Hebrew,noun,a place in Israel,,21
H5805,עֲזוּבָה,Old Testament,Hebrew,noun,desertion (of inhabitants),,1
H5806,עֲזוּבָה,Old Testament,Hebrew,noun proper,the name of two Israelitesses,,4
H5807,עֱזוּז,Old Testament,Hebrew,noun,strength.,,3
H5808,עִזּוּז,Old Testament,Hebrew,adjective,an army,,2
H5809,עַזּוּר עַזּוּר,Old Testament,Hebrew,noun proper,the name of three Israelites,,3
H5810,עָזַז,Old Testament,Hebrew,verb,"impudent, prevail, strengthen (self), be strong.",,12
H5811,עָזָז,Old Testament,Hebrew,noun proper,an Israelite,,1
H5812,עֲזַזיָהוּ,Old Testament,Hebrew,noun proper,the name of three Israelites,,3
H5813,עוּזִּי,Old Testament,Hebrew,noun proper,the name of six Israelites,,11
H5814,עוּזִּיָא,Old Testament,Hebrew,noun proper,an Israelite,,1
H5815,עֲזִיאֵל,Old Testament,Hebrew,noun proper,an Israelite,,1
H5816,עוּזִּיאֵל,Old Testament,Hebrew,noun proper,the name of six Israelites,,16
H5817,עָזִּיאֵלִי,Old Testament,Hebrew,adjective,an Uzzielite (collectively) or descendants of Uzziel,,2
H5818,עוּזִּיָה עוּזִּיָהוּ,Old Testament,Hebrew,noun proper,the name of five Israelites,,27
H5819,עֲזִיזָא,Old Testament,Hebrew,noun proper,an Israelite,,1
H5820,עַזמָוֶת,Old Testament,Hebrew,noun location,the name of three Israelites and of a place in Israel,,8
H5821,עַזָּן,Old Testament,Hebrew,noun proper,an Israelite,,1
H5822,עָזנִיָה,Old Testament,Hebrew,noun,probably the sea-eagle (from its strength),,2
H5823,עָזַק,Old Testament,Hebrew,verb,to grub over,,1
A5824,עִזקָא,Old Testament,Aramaic,noun,a signet-ring (as engraved),,2
H5825,עֲזֵקָה,Old Testament,Hebrew,noun location,a place in Israel,,7
H5826,עָזַר,Old Testament,Hebrew,verb,i.e. protect or aid,,82
H5827,עֶזֶר,Old Testament,Hebrew,noun proper,the name of two Israelites,,1
H5828,עֵזֶר,Old Testament,Hebrew,noun,aid,,22
H5829,עֵזֶר,Old Testament,Hebrew,noun proper,the name of four Israelites,,4
H5830,עֶזרָא,Old Testament,Hebrew,noun proper,an Israelite,,22
A5831,עֶזרָא,Old Testament,Aramaic,noun proper,an Israelite,,3
H5832,עֲזַראֵל,Old Testament,Hebrew,noun proper,the name of five Israelites,,6
H5833,עֶזרָה עֶזרָת,Old Testament,Hebrew,noun,-er).,,26
H5834,עֶזרָה,Old Testament,Hebrew,noun proper,an Israelite,,1
H5835,עֲזָרָה,Old Testament,Hebrew,noun,settle.,,9
H5836,עֶזרִי,Old Testament,Hebrew,noun proper,an Israelite,,1
H5837,עַזרִיאֵל,Old Testament,Hebrew,noun proper,the name of three Israelites,,3
H5838,עֲזַריָה עֲזַריָהוּ,Old Testament,Hebrew,noun proper,the name of nineteen Israelites,,48
A5839,עֲזַריָה,Old Testament,Aramaic,noun proper,one of Daniel's companions,,1
H5840,עַזרִיקָם,Old Testament,Hebrew,noun proper,the name of four Israelites,,6
H5841,עַזָּתִי,Old Testament,Hebrew,adjective,Gazite.,,2
H5842,עֵט,Old Testament,Hebrew,noun,i.e. side-long stroke],,4
A5843,עֵטָא,Old Testament,Aramaic,noun,prudence,,1
H5844,עָטָה,Old Testament,Hebrew,verb,"i.e. cover, veil, cloth, or roll",,17
H5845,עֲטִין,Old Testament,Hebrew,noun,(figuratively) breast),,1
H5846,עֲטִישָׁה,Old Testament,Hebrew,noun,sneezing,,1
H5847,עֲטַלֵּף,Old Testament,Hebrew,noun,a bat,,3
H5848,עָטַף,Old Testament,Hebrew,verb,hence (from the idea of darkness) to languish,,16
H5849,עָטַר,Old Testament,Hebrew,verb,crown.,,7
H5850,עֲטָרָה,Old Testament,Hebrew,noun,a crown,,23
H5851,עֲטָרָה,Old Testament,Hebrew,noun proper,an Israelitess,,1
H5852,עֲטָרוֹת עֲטָרוֹת,Old Testament,Hebrew,noun location,the name (thus simply) of two places in Israel,,4
H5853,עַטרוֹת אַדָּר,Old Testament,Hebrew,noun location,a place in Israel,,2
H5854,עַטרוֹת בֵּיתּ יוֹאָב,Old Testament,Hebrew,noun location,a place in Israel,,1
H5855,עַטרוֹת שׁוֹפָן,Old Testament,Hebrew,noun location,a place in Israel,,1
H5856,עִי,Old Testament,Hebrew,noun,a ruin (as if overturned),,4
H5857,עַי עַיָא עַיָת,Old Testament,Hebrew,noun location,"Aja or Ajath, a place in Israel",,40
H5858,עֵיבָּל,Old Testament,Hebrew,noun location,a mountain of Israel,,8
H5859,עִיוֹן,Old Testament,Hebrew,noun location,a place in Israel,,3
H5860,עִיטּ,Old Testament,Hebrew,verb,rail.,,3
H5861,עַיִט,Old Testament,Hebrew,noun,"fowl, ravenous (bird).",,8
H5862,עֵיטָּם,Old Testament,Hebrew,noun location,a place in Israel,,5
H5863,עִיֵי הָעֲבָרִים,Old Testament,Hebrew,noun location,a place near Israel,,2
H5864,עִיִים,Old Testament,Hebrew,noun location,a place in the Desert,,2
H5865,עֵילוֹם,Old Testament,Hebrew,noun,ever,,1
H5866,עִילַי,Old Testament,Hebrew,noun proper,an Israelite,,1
H5867,עֵילָם עוֹלָם,Old Testament,Hebrew,noun location,"Elam, a son of Shem and his descendants, with their country; also of six Israelites",,30
H5868,עֲיָם,Old Testament,Hebrew,noun,probably meaning strength,,1
H5869,עַיִן,Old Testament,Hebrew,noun,a fountain (as the eye of the landscape),"ఒక కన్ను (అక్షరాలా లేదా అలంకారికంగా); సారూప్యత ద్వారా, ఒక ఫౌంటెన్ (ల్యాండ్‌స్కేప్ యొక్క కన్ను వలె)",899
A5870,עַיִן,Old Testament,Aramaic,noun,an eye,,5
H5871,עַיִן,Old Testament,Hebrew,noun location,the name (thus simply) of two places in Israel,,5
H5872,עֵין גֶּדִי,Old Testament,Hebrew,noun location,a place in Israel,,6
H5873,עֵין גַּנִּים,Old Testament,Hebrew,noun location,a place in Israel,,3
H5874,עֵין ־ דּאוֹר עֵין דּוֹר עֵין ־ דּוֹר,Old Testament,Hebrew,noun location,"fountain of dwelling; En-Dor, a place in Israel",,3
H5875,עֵין הַקּוֹרֵא,Old Testament,Hebrew,noun location,a place near Israel,,1
H5876,עֵין חַדָּה,Old Testament,Hebrew,noun location,a place in Israel,,1
H5877,עֵין חָצוֹר,Old Testament,Hebrew,noun location,a place in Israel,,1
H5878,עֵין חֲרוֹד,Old Testament,Hebrew,noun location,a place in Israel,,1
H5879,עֵינַיִם עֵינָם,Old Testament,Hebrew,noun location,a place in Israel,,1
H5880,עֵין מִשׁפָּט,Old Testament,Hebrew,noun location,a place near Israel,,1
H5881,עֵינָן,Old Testament,Hebrew,noun proper,an Israelite,,5
H5882,עֵין עֶגלַיִם,Old Testament,Hebrew,noun location,a place in Israel,,1
H5883,עֵין רוֹגֵל,Old Testament,Hebrew,noun location,a place near Jerusalem,,4
H5884,עֵין רִמּוֹן,Old Testament,Hebrew,noun location,a place in Israel,,1
H5885,עֵין שֶׁמֶשׁ,Old Testament,Hebrew,noun location,a place in Israel,,2
H5886,עֵין תַּנִּים,Old Testament,Hebrew,noun location,a pool near Jerusalem,,1
H5887,עֵין תַּפּוַּח,Old Testament,Hebrew,noun location,a place in Israel,,1
H5888,עָיֵף,Old Testament,Hebrew,verb,to languish,,1
H5889,עָיֵף,Old Testament,Hebrew,adjective,"thirsty, weary.",,17
H5890,עֵיפָה,Old Testament,Hebrew,noun,obscurity (as if from covering),,2
H5891,עֵיפָה,Old Testament,Hebrew,noun proper,also of an Israelite and of an Israelitess,,5
H5892,עִיר עָר עָיַר,Old Testament,Hebrew,noun,"city, court (from margin), town.",,1095
H5893,עִיר,Old Testament,Hebrew,noun proper,an Israelite,,1
A5894,עִיר,Old Testament,Aramaic,noun,i.e. an angel (as guardian),,3
H5895,עַיִר,Old Testament,Hebrew,noun,"foal, young ass.",,10
H5896,עִירָא,Old Testament,Hebrew,noun proper,the name of three Israelites,,6
H5897,עִירָד,Old Testament,Hebrew,noun proper,an antediluvian,,2
H5898,עִיר הַמֶּלַח,Old Testament,Hebrew,noun location,a place near Israel,,1
H5899,עִיר הַתּתְּמָרִים,Old Testament,Hebrew,noun location,a place in Israel,,4
H5900,עִירוּ,Old Testament,Hebrew,noun proper,an Israelite,,1
H5901,עִירִי,Old Testament,Hebrew,noun proper,an Israelite,,1
H5902,עִירָם,Old Testament,Hebrew,noun proper,an Idumaean,,2
H5903,עֵירוֹם עֵרוֹם,Old Testament,Hebrew,adjective,nudity,,10
H5904,עִיר נָחָשׁ,Old Testament,Hebrew,noun proper,a place in Israel,,2
H5905,עִיר שֶׁמֶשׁ,Old Testament,Hebrew,noun location,a place in Israel,,1
H5906,עַיִשׁ עָשׁ,Old Testament,Hebrew,noun,the constellation of the Great Bear (perhaps from its migration through the heavens),,2
H5907,עַכבּוֹר,Old Testament,Hebrew,noun proper,the name of an Idumaean and of two Israelites,,7
H5908,עַכָּבִישׁ,Old Testament,Hebrew,noun,a spider (as weaving a network),,2
H5909,עַכבָּר,Old Testament,Hebrew,noun,a mouse (as nibbling),,6
H5910,עַכּוֹ,Old Testament,Hebrew,noun location,Akko (from its situation on a bay),,1
H5911,עָכוֹר,Old Testament,Hebrew,noun,the name of a place in Israel,,5
H5912,עָכָן,Old Testament,Hebrew,noun proper,an Israelite,,6
H5913,עָכַס,Old Testament,Hebrew,verb,"properly, to tie, specifically, with fetters; but used only as denominative from H5914]",,1
H5914,עֶכֶס,Old Testament,Hebrew,noun,tinkling ornament.,,2
H5915,עַכסָה,Old Testament,Hebrew,noun proper,an Israelitess,,5
H5916,עָכַר,Old Testament,Hebrew,verb,stir.,,14
H5917,עָכָר,Old Testament,Hebrew,noun proper,an Israelite,,1
H5918,עָכרָן,Old Testament,Hebrew,noun proper,an Israelite,,5
H5919,עַכשׁוּב,Old Testament,Hebrew,noun,an asp (from lurking coiled up),,1
H5920,עַל,Old Testament,Hebrew,verb,to Jehovah,,6
H5921,עַל,Old Testament,Hebrew,preposition,"over, upon, or against (yet always in this last relation with a downward aspect) in a great variety of applications (as follow)",,5779
A5922,עַל,Old Testament,Aramaic,preposition,"against, concerning, for, (there-)fore, from, in, X more, of, (there-, up-)on, (in-)to, + why with",,114
H5923,עוֹל עוֹל,Old Testament,Hebrew,noun,literally or figuratively,,40
A5924,עֵלָּא,Old Testament,Aramaic,verb,above,,1
H5925,עוּלָּא,Old Testament,Hebrew,noun proper,an Israelite,,1
H5926,עִלֵּג,Old Testament,Hebrew,adjective,stuttering,,1
H5927,עָלָה,Old Testament,Hebrew,verb,"used in a great variety of senses, primary and secondary, literal and figurative (as follow)",,894
A5928,עֲלָה,Old Testament,Aramaic,noun,a holocaust,,1
H5929,עָלֶה,Old Testament,Hebrew,noun,foliage,,18
H5930,עוֹלָה עוֹלָה,Old Testament,Hebrew,noun,usually a holocaust (as going up in smoke),,290
A5931,עִלָּה,Old Testament,Aramaic,noun,a pretext (as arising artificially),,3
H5932,עַלוָה,Old Testament,Hebrew,noun,moral perverseness,,1
H5933,עַלוָה עַליָה,Old Testament,Hebrew,noun proper,an Idumaean,,3
H5934,עָלוּם,Old Testament,Hebrew,noun,H5958,,5
H5935,עַלוָן עַליָן,Old Testament,Hebrew,noun proper,an Idumaean,,2
H5936,עֲלוּקָה,Old Testament,Hebrew,noun,the leech,,1
H5937,עָלַז,Old Testament,Hebrew,verb,i.e. exult,,17
H5938,עָלֵז,Old Testament,Hebrew,adjective,exultant,,1
H5939,עֲלָטָה,Old Testament,Hebrew,noun,twilight.,,4
H5940,עֱלִי,Old Testament,Hebrew,noun,a pestle (as lifted),,1
H5941,עֵלִי,Old Testament,Hebrew,noun proper,an Israelite high-priest,,33
H5942,עִלִּי,Old Testament,Hebrew,adjective,high; i.e. comparative,,2
A5943,עִלַּי,Old Testament,Aramaic,adjective,supreme (i.e. God),,20
H5944,עֲלִיָה,Old Testament,Hebrew,noun,also a second-story room (or even one on the roof); (figuratively) the sky,,19
H5945,עֶליוֹן,Old Testament,Hebrew,adjective,"as title, the Supreme",,53
A5946,עֶליוֹן,Old Testament,Aramaic,adjective,the Supreme,,4
H5947,עַלִּיז,Old Testament,Hebrew,adjective,(that) rejoice(-ing),,7
H5948,עֲלִיל,Old Testament,Hebrew,noun,probably a crucible (as working over the metal),,1
H5949,עֲלִילָה עֲלִלָה,Old Testament,Hebrew,noun,(by implication) an opportunity,,24
H5950,עֲלִילִיָה,Old Testament,Hebrew,noun,(miraculous) execution,,1
H5951,עֲלִיצּוּת,Old Testament,Hebrew,noun,exultation,,1
H5952,עַלִּיתּ,Old Testament,Hebrew,noun,a second-story room,,1
H5953,עָלַל,Old Testament,Hebrew,verb,"(by implication) (in a bad sense) to overdo, i.e. maltreat, be saucy to, pain, impose (also literal)",,19
A5954,עֲלַל,Old Testament,Aramaic,verb,to introduce,,17
H5955,עוֹלֵלָה,Old Testament,Hebrew,noun,grapegleanings.,,6
H5956,עָלַם,Old Testament,Hebrew,verb,i.e. conceal (literally or figuratively),,28
A5957,עָלַם,Old Testament,Aramaic,noun,"often adverb, forever",,20
H5958,עֶלֶם,Old Testament,Hebrew,noun,i.e. a lad,,2
H5959,עַלמָה,Old Testament,Hebrew,noun,"maid, virgin.",,7
H5960,עַלמוֹן,Old Testament,Hebrew,noun location,a place in Israel,,1
H5961,עֲלָמוֹת,Old Testament,Hebrew,noun,"i.e. the soprano or female voice, perhaps falsetto",,2
A5962,עַלמִי,Old Testament,Aramaic,noun,an Elamite or inhabitant of Elam,,1
H5963,עַלמוֹן דִּבלָתָימָה,Old Testament,Hebrew,noun location,a place in Moab,,2
H5964,עָלֶמֶת,Old Testament,Hebrew,noun proper,the name of a place in Israel and of two Israelites,,4
H5965,עָלַס,Old Testament,Hebrew,verb,"i.e. exult, wave joyously",,3
H5966,עָלַע,Old Testament,Hebrew,verb,to sip up,,1
A5967,עֲלַע,Old Testament,Aramaic,noun,a rib,,1
H5968,עָלַף,Old Testament,Hebrew,verb,"overlaid, wrap self.",,5
H5969,עוּלפֶּה,Old Testament,Hebrew,substantive,i.e. (figuratively) mourning,,1
H5970,עָלַץ,Old Testament,Hebrew,verb,i.e. exult,,8
H5971,עַם,Old Testament,Hebrew,noun,hence (collectively) troops or attendants,"ఒక ప్రజలు (సమావేశ యూనిట్‌గా); ప్రత్యేకంగా, ఒక తెగ (ఇజ్రాయెల్‌గా)",1868
A5972,עַם,Old Testament,Aramaic,noun,people,,15
H5973,עִם,Old Testament,Hebrew,preposition,"specifically, equally with; often with prepositional prefix (and then usually unrepresented in English)",,1049
A5974,עִם,Old Testament,Aramaic,preposition,"from, like, to(-ward), with",,22
H5975,עָמַד,Old Testament,Hebrew,verb,"in various relations (literal and figurative, intransitive and transitive)","నిలబడటానికి, వివిధ సంబంధాలలో (అక్షర మరియు అలంకారిక, ఇంట్రాన్సిటివ్ మరియు ట్రాన్సిటివ్)",529
H5976,עָמַד,Old Testament,Hebrew,verb,to shake,,1
H5977,עוֹמֶד,Old Testament,Hebrew,noun,"(+ where) stood, upright.",,4
H5978,עִמָּד,Old Testament,Hebrew,preposition,"by, from, + me, + mine, of, + that I take, unto, upon, with(-in.)",,44
H5979,עֶמדָּה,Old Testament,Hebrew,noun,i.e. domicile,,1
H5980,עוּמָּה,Old Testament,Hebrew,noun,"mostly adverb or preposition (with prepositional prefix), near, beside, along with",,32
H5981,עוּמָּה,Old Testament,Hebrew,noun location,a place in Israel,,1
H5982,עַמּוּד עַמּוּד,Old Testament,Hebrew,noun,i.e. platform,,112
H5983,עַמּוֹן,Old Testament,Hebrew,noun proper,"Ammon, a son of Lot; also his posterity and their country",,106
H5984,עַמּוֹנִי,Old Testament,Hebrew,adjective,an Ammonite or (the adjective) Ammonitish,,18
H5985,עַמּוֹנִיתּ,Old Testament,Hebrew,adjective,an Ammonitess,,4
H5986,עָמוֹס,Old Testament,Hebrew,noun proper,an Israelite prophet,,7
H5987,עָמוֹק,Old Testament,Hebrew,noun proper,an Israelite,,2
H5988,עַמִּיאֵל,Old Testament,Hebrew,noun proper,the name of three or four Israelites,,6
H5989,עַמִּיהוּד,Old Testament,Hebrew,noun proper,the name of three Israelites,,10
H5990,עַמִּיזָבָד,Old Testament,Hebrew,noun proper,an Israelite,,1
H5991,עַמִּיחוּר,Old Testament,Hebrew,noun proper,a Syrian prince,,1
H5992,עַמִּינָדָב,Old Testament,Hebrew,noun proper,the name of four Israelites,,13
H5993,עַמִּי נָדִיבּ,Old Testament,Hebrew,noun proper,probably an Israelite,,2
A5994,עֲמִיק,Old Testament,Aramaic,adjective,"i.e. unsearchable, deep",,1
H5995,עָמִיר,Old Testament,Hebrew,noun,sheaf.,,4
H5996,עַמִּישַׁדַּי,Old Testament,Hebrew,noun proper,an Israelite,,5
H5997,עָמִיתּ,Old Testament,Hebrew,noun,"fellow, neighbour.",,12
H5998,עָמַל,Old Testament,Hebrew,verb,i.e. work severely and with irksomeness,,11
H5999,עָמָל,Old Testament,Hebrew,noun,"(hence) worry, wheth. of body or mind",,55
H6000,עָמָל,Old Testament,Hebrew,noun proper,an Israelite,,1
H6001,עָמֵל,Old Testament,Hebrew,adjective,"that is a misery, had taken (labour), wicked, workman.",,9
H6002,עֲמָלֵק,Old Testament,Hebrew,noun proper,also his posterity and their country,,39
H6003,עֲמָלֵקִי,Old Testament,Hebrew,adjective,descendants of Amalek,,12
H6004,עָמַם,Old Testament,Hebrew,verb,hide.,,3
H6005,עִמָּנוּאֵל,Old Testament,Hebrew,noun proper,a type name of Isaiah's son,,2
H6006,עָמַס עָמַשׂ,Old Testament,Hebrew,verb,"i.e. impose a burden (or figuratively, infliction)",,9
H6007,עֲמַסיָה,Old Testament,Hebrew,noun proper,an Israelite,,1
H6008,עַמעָד,Old Testament,Hebrew,noun location,a place in Israel,,1
H6009,עָמַק,Old Testament,Hebrew,verb,make) deep (literally or figuratively),,9
H6010,עֵמֶק,Old Testament,Hebrew,noun,"vale, valley (often used as a part of proper names). See also H1025.",,69
H6011,עוֹמֶק,Old Testament,Hebrew,noun,depth,,1
H6012,עָמֵק,Old Testament,Hebrew,adjective,"depth, strange.",,4
H6013,עָמוֹק,Old Testament,Hebrew,adjective,deep (literally or figuratively),,17
H6014,עָמַר,Old Testament,Hebrew,verb,make merchandise of.,,3
A6015,עֲמַר,Old Testament,Aramaic,noun,wool,,1
H6016,עוֹמֶר,Old Testament,Hebrew,noun,"also an omer, as a dry measure",,14
H6017,עֲמוֹרָה,Old Testament,Hebrew,noun location,a place in Israel,,19
H6018,עָמרִי,Old Testament,Hebrew,noun proper,an Israelite,,18
H6019,עַמרָם,Old Testament,Hebrew,noun proper,the name of two Israelites,,14
H6020,עַמרָמִי,Old Testament,Hebrew,adjective,an Amramite or descendant of Amram,,2
H6021,עֲמָשָׂא,Old Testament,Hebrew,noun proper,the name of two Israelites,,16
H6022,עֲמָשַׂי,Old Testament,Hebrew,noun proper,the name of three Israelites,,5
H6023,עֲמַשׁסַי,Old Testament,Hebrew,noun proper,an Israelite,,1
H6024,עֲנָב,Old Testament,Hebrew,noun location,a place in Israel,,2
H6025,עֵנָב,Old Testament,Hebrew,noun,wine.,,19
H6026,עָנַג,Old Testament,Hebrew,verb,i.e. (figuratively) effeminate or luxurious,,10
H6027,עוֹנֶג,Old Testament,Hebrew,noun,pleasant.,,2
H6028,עָנוֹג,Old Testament,Hebrew,adjective,luxurious,,3
H6029,עָנַד,Old Testament,Hebrew,verb,tie.,,2
H6030,עָנָה,Old Testament,Hebrew,verb,(by implication) to respond,,331
H6031,עָנָה,Old Testament,Hebrew,verb,"transitive or intransitive (in various applications, as follows)",,83
A6032,עֲנָה,Old Testament,Aramaic,verb,speak,,30
A6033,עֲנָה,Old Testament,Aramaic,adjective,poor,,1
H6034,עֲנָה,Old Testament,Hebrew,noun proper,the name of two Edomites and one Edomitess,,12
H6035,עָנָו עָנָיו,Old Testament,Hebrew,noun,"in mind (gentle) or circumstances (needy, especially saintly)",,26
H6036,עָנוּב,Old Testament,Hebrew,noun proper,an Israelite,,1
H6037,עַנוָה,Old Testament,Hebrew,noun,meekness.,,2
H6038,עֲנָוָה,Old Testament,Hebrew,noun,"human and subjective (modesty), or divine and objective (clemency)",,4
H6039,עֱנוּת,Old Testament,Hebrew,noun,affliction,,1
H6040,עֳנִי,Old Testament,Hebrew,noun,i.e. misery,,36
H6041,עָנִי,Old Testament,Hebrew,adjective,"in mind or circumstances (practically the same as H6035, although the margin constantly disputes this, making H6035 subjective and H6041 objective)",,79
H6042,עוּנִּי,Old Testament,Hebrew,noun proper,the name of two Israelites,,4
H6043,עֲנָיָה,Old Testament,Hebrew,noun proper,the name of two Israelites,,2
H6044,עָנִים,Old Testament,Hebrew,noun location,a place in Israel,,1
H6045,עִניָן,Old Testament,Hebrew,noun,travail.,,8
H6046,עָנֵם,Old Testament,Hebrew,noun location,a place in Israel,,1
H6047,עֲנָמִים,Old Testament,Hebrew,noun proper,"a son of Mizraim and his descendants, with their country",,2
H6048,עֲנַמֶּלֶך,Old Testament,Hebrew,noun proper,an Assyrian deity,,1
H6049,עָנַן,Old Testament,Hebrew,verb,"(figuratively) to act covertly, i.e. practise magic",,11
A6050,עֲנַן,Old Testament,Aramaic,noun,cloud,,1
H6051,עָנָן,Old Testament,Hebrew,noun,i.e. the nimbus or thunder-cloud,,87
H6052,עָנָן,Old Testament,Hebrew,noun proper,an Israelite,,1
H6053,עֲנָנָה,Old Testament,Hebrew,noun,cloudiness,,1
H6054,עֲנָנִי,Old Testament,Hebrew,noun proper,an Israelite,,3
H6055,עֲנַניָה,Old Testament,Hebrew,noun location,the name of an Israelite and of a place in Israel,,2
A6056,עֲנַף עֶנֶף,Old Testament,Aramaic,noun,branch.,,4
H6057,עָנָף,Old Testament,Hebrew,noun,branch.,,7
H6058,עָנֵף,Old Testament,Hebrew,adjective,branching,,1
H6059,עָנַק,Old Testament,Hebrew,verb,(figuratively) to fit out with supplies,,3
H6060,עָנָק,Old Testament,Hebrew,noun,a necklace (as if strangling),,3
H6061,עָנָק,Old Testament,Hebrew,noun proper,a Canaanite,,9
H6062,עֲנָקִי,Old Testament,Hebrew,adjective,an Anakite or descendant of Anak,,9
H6063,עָנֵר,Old Testament,Hebrew,noun location,"a Amorite, also a place in Israel",,3
H6064,עָנַשׁ,Old Testament,Hebrew,verb,"condemn, punish, X surely.",,9
A6065,עֲנַשׁ,Old Testament,Aramaic,verb,a mulct,,1
H6066,עוֹנֶשׁ,Old Testament,Hebrew,noun,tribute.,,2
H6067,עֲנָת,Old Testament,Hebrew,noun proper,an Israelite,,2
H6068,עֲנָתוֹת,Old Testament,Hebrew,noun location,also of a place in Israel,,15
H6069,עַנתּוֹתִי עַנְּתוֹתִי,Old Testament,Hebrew,adjective,"Anethothite, Anetothite, Antothite.",,5
H6070,עַנתּוֹתִיָה,Old Testament,Hebrew,noun proper,an Israelite,,1
H6071,עָסִיס,Old Testament,Hebrew,noun,new (sweet) wine.,,5
H6072,עָסַס,Old Testament,Hebrew,verb,to squeeze out juice; (figuratively) to trample,,1
H6073,עֳפֶא,Old Testament,Hebrew,noun,a bough (as covering the tree),,1
A6074,עֳפִי,Old Testament,Aramaic,noun,"a twig; bough, i.e. (collectively) foliage",,3
H6075,עָפַל,Old Testament,Hebrew,verb,presume.,,2
H6076,עוֹפֶל,Old Testament,Hebrew,noun,i.e. fortress,,9
H6077,עוֹפֶל,Old Testament,Hebrew,noun location,a ridge in Jerusalem,,5
H6078,עָפנִי,Old Testament,Hebrew,noun location,an Ophnite (collectively) or inhabitants of Ophen,,1
H6079,עַפעַף,Old Testament,Hebrew,noun,eye-lid.,,10
H6080,עָפַר,Old Testament,Hebrew,verb,to be dust,,1
H6081,עֵפֶר,Old Testament,Hebrew,noun proper,the name of an Arabian and of two Israelites,,4
H6082,עוֹפֶר,Old Testament,Hebrew,noun,a fawn (from the dusty color),,5
H6083,עָפָר,Old Testament,Hebrew,noun,"earth, mud",,110
H6084,עָפרָה,Old Testament,Hebrew,noun location,the name of an Israelite and of two places in Israel,,8
H6085,עֶפרוֹן,Old Testament,Hebrew,noun location,the name of a Canaanite and of two places in Israel,,15
H6086,עֵץ,Old Testament,Hebrew,noun,"gallows, helve, + pine, plank, staff, stalk, stick, stock, timber, tree, wood.",ఒక చెట్టు (దాని దృఢత్వం నుండి); (అందుకే) చెక్క (బహువచన కర్రలు),331
H6087,עָצַב,Old Testament,Hebrew,verb,"hence (in a bad sense) to worry, pain or anger",,17
A6088,עֲצַב,Old Testament,Aramaic,verb,to afflict,,1
H6089,עֶצֶב,Old Testament,Hebrew,noun,"idol, labor, sorrow.",,7
H6090,עוֹצֶב,Old Testament,Hebrew,noun,"sorrow, X wicked.",,3
H6091,עָצָב,Old Testament,Hebrew,noun,image.,,18
H6092,עָצֵב,Old Testament,Hebrew,noun,a (hired) workman,,1
H6093,עִצָּבוֹן,Old Testament,Hebrew,noun,i.e. labor or pain,,3
H6094,עַצֶּבֶת,Old Testament,Hebrew,noun,a pain or wound,,5
H6095,עָצָה,Old Testament,Hebrew,verb,i.e. to close (the eyes),,1
H6096,עָצֶה,Old Testament,Hebrew,noun,the spine (as giving firmness to the body),,1
H6097,עֵצָה,Old Testament,Hebrew,noun,timber,,1
H6098,עֵצָה,Old Testament,Hebrew,noun,"advisement, counsel(l-(or)), purpose.",,90
H6099,עָצוּם עָצוּם,Old Testament,Hebrew,adjective,"great, mighty, must, strong.",,31
H6100,עֶציוֹן גֶּבֶר עֶציוֹן גֶּבֶר,Old Testament,Hebrew,noun location,a place on the Red Sea,,7
H6101,עָצַל,Old Testament,Hebrew,verb,i.e. to be indolent or slack,,1
H6102,עָצֵל,Old Testament,Hebrew,adjective,sluggard.,,14
H6103,עַצלָה,Old Testament,Hebrew,noun,(as abstractly) indolence,,2
H6104,עַצלוּת,Old Testament,Hebrew,noun,indolence,,1
H6105,עָצַם,Old Testament,Hebrew,verb,"intransitively, to be (causatively, make) powerful or numerous; denominatively (from H6106) to crunch the bones",,20
H6106,עֶצֶם,Old Testament,Hebrew,noun,"(figuratively) the substance, i.e. (as pron.) selfsame",,126
H6107,עֶצֶם,Old Testament,Hebrew,noun location,a place in Israel,,3
H6108,עוֹצֶם,Old Testament,Hebrew,noun,"strong, substance.",,3
H6109,עָצמָה,Old Testament,Hebrew,noun,numerousness,,3
H6110,עַצּוּמָה,Old Testament,Hebrew,noun,i.e. (figuratively) argument,,1
H6111,עַצמוֹן עַצמוֹן,Old Testament,Hebrew,noun location,a place near Israel,,3
H6112,עֵצֶן,Old Testament,Hebrew,noun,a spear,,1
H6113,עָצַר,Old Testament,Hebrew,verb,"also to maintain, rule, assemble",,46
H6114,עֶצֶר,Old Testament,Hebrew,noun,restraint,,1
H6115,עוֹצֶר,Old Testament,Hebrew,noun,"oppression, X prison.",,3
H6116,עֲצָרָה עֲצֶרֶת,Old Testament,Hebrew,noun,especially on a festival or holiday,,11
H6117,עָקַב,Old Testament,Hebrew,verb,(figuratively) to circumvent (as if tripping up the heels),,5
H6118,עֵקֶב,Old Testament,Hebrew,verb,"also result, i.e. compensation; and so (adverb with preposition or relatively) on account of",,15
H6119,עָקֵב עִקְּבָה,Old Testament,Hebrew,noun,"(horse-)hoof, last, lier in wait (by mistake for H6120), (foot- )step.",,13
H6120,עָקֵב,Old Testament,Hebrew,adjective,a lier in wait,,1
H6121,עָקוֹב,Old Testament,Hebrew,adjective,in the denominative sense (transitive) fraudulent or (intransitive) tracked,,3
H6122,עָקבָּה,Old Testament,Hebrew,noun,trickery,,1
H6123,עָקַד,Old Testament,Hebrew,verb,to tie with thongs,,1
H6124,עָקוֹד,Old Testament,Hebrew,adjective,striped (with bands),,7
H6125,עָקָה,Old Testament,Hebrew,noun,constraint,,1
H6126,עַקּוּב,Old Testament,Hebrew,noun proper,the name of five Israelites,,8
H6127,עָקַל,Old Testament,Hebrew,verb,to wrest,,1
H6128,עֲקַלקַל,Old Testament,Hebrew,adjective,crooked way.,,2
H6129,עֲקַלָּתוֹן,Old Testament,Hebrew,adjective,tortuous,,1
H6130,עָקָן,Old Testament,Hebrew,noun proper,an Idummaean,,1
H6131,עָקַר,Old Testament,Hebrew,verb,(figuratively) to exterminate,,7
A6132,עֲקַר,Old Testament,Aramaic,verb,pluck up by the roots,,2
H6133,עֵקֶר,Old Testament,Hebrew,noun,"a transplanted person, i.e. naturalized citizen]",,1
H6134,עֵקֶר,Old Testament,Hebrew,noun proper,an Israelite,,1
H6135,עָקָר,Old Testament,Hebrew,adjective,sterile (as if extirpated in the generative organs),,12
A6136,עִקַּר,Old Testament,Aramaic,noun,a stock,,3
H6137,עַקרָב,Old Testament,Hebrew,noun,a scorpion; (figuratively) a scourge or knotted whip,,6
H6138,עֶקרוֹן,Old Testament,Hebrew,noun location,a place in Israel,,22
H6139,עֶקרוֹנִי עֶקרוֹנִי,Old Testament,Hebrew,adjective,an Ekronite or inhabitant of Ekron,,2
H6140,עָקַשׁ,Old Testament,Hebrew,verb,"(prove, that is) perverse(-rt).",,5
H6141,עִקֵּשׁ,Old Testament,Hebrew,adjective,"froward, perverse.",,5
H6142,עִקֵּשׁ,Old Testament,Hebrew,noun proper,an Israelite,,3
H6143,עִקְּשׁוּת,Old Testament,Hebrew,noun,perversity,,2
H6144,עָר,Old Testament,Hebrew,noun location,a place in Moab,,6
H6145,עָר,Old Testament,Hebrew,noun,a foe (as watchful for mischief),,2
A6146,עָר,Old Testament,Aramaic,noun,enemy,,1
H6147,עֵר,Old Testament,Hebrew,noun proper,the name of two Israelites,,10
H6148,עָרַב,Old Testament,Hebrew,verb,"technically, to traffic (as if by barter); also or give to be security (as a kind of exchange)",,23
H6149,עָרֵב,Old Testament,Hebrew,verb,"take pleasure in, be sweet.",,8
H6150,עָרַב,Old Testament,Hebrew,verb,(toward) evening.,,3
A6151,עֲרַב,Old Testament,Aramaic,verb,mix.,,4
H6152,עֲרָב עֲרַב,Old Testament,Hebrew,noun location,a country East of Israel,,6
H6153,עֶרֶב,Old Testament,Hebrew,noun,"even(-ing, tide), night.",సంధ్య,134
H6154,עֵרֶב עֶרֶב,Old Testament,Hebrew,noun,(or mongrel race),,15
H6155,עָרָב,Old Testament,Hebrew,noun,a willow (from the use of osiers as wattles),,5
H6156,עָרֵב,Old Testament,Hebrew,adjective,pleasant,,1
H6157,עָרוֹב,Old Testament,Hebrew,noun,swarm.,,9
H6158,עוֹרֵב עוֹרֵב,Old Testament,Hebrew,noun,a raven (from its dusky hue),,10
H6159,עוֹרֵב עוֹרֵב,Old Testament,Hebrew,noun location,the name of a Midianite and of the cliff near the Jordan,,7
H6160,עֲרָבָה,Old Testament,Hebrew,noun,with the article prefix) the (generally) sterile valley of the Jordan and its continuation to the Red Sea,,61
H6161,עֲרוּבָּה,Old Testament,Hebrew,noun,i.e. (literally) a token (of safety) or (metaphorically) a bondsman,,2
H6162,עֲרָבוֹן,Old Testament,Hebrew,noun,a pawn (given as security),,3
H6163,עֲרָבִי עַרבִּי,Old Testament,Hebrew,adjective,an Arabian or inhabitant of Arab (i.e. Arabia),,10
H6164,עַרבָּתִי,Old Testament,Hebrew,adjective,an Arbathite or inhabitant of (Beth-)Arabah,,2
H6165,עָרַג,Old Testament,Hebrew,verb,pant.,,3
H6166,עֲרָד,Old Testament,Hebrew,noun location,"the name of a place near Israel, also of a Canaanite and an Israelite",,5
A6167,עֲרָד,Old Testament,Aramaic,noun,an onager,,1
H6168,עָרָה,Old Testament,Hebrew,verb,"(hence) to empty, pour out, demolish",,15
H6169,עָרָה,Old Testament,Hebrew,noun,a naked (i.e. level) plot,,1
H6170,עֲרוּגָה עֲרוּגָה,Old Testament,Hebrew,noun,i.e. a paterre,,4
H6171,עָרוֹד,Old Testament,Hebrew,noun,an onager (from his lonesome habits),,1
H6172,עֶרוָה,Old Testament,Hebrew,noun,"literally (especially the pudenda) or figuratively (disgrace, blemish)",,54
A6173,עַרוָה,Old Testament,Aramaic,noun,i.e. (figuratively) impoverishment,,1
H6174,עָרוֹם עָרוֹם,Old Testament,Hebrew,adjective,either partially or totally,,16
H6175,עָרוּם,Old Testament,Hebrew,adjective,"prudent, subtil.",,11
H6176,עֲרוֹעֵר עַרעָר,Old Testament,Hebrew,noun,a juniper (from its nudity of situation),,2
H6177,עֲרוֹעֵר עֲרוֹעֵר עַרעוֹר,Old Testament,Hebrew,noun location,the name of three places in or near Israel,,16
H6178,עָרוּץ,Old Testament,Hebrew,adjective,i.e. (concretely) a horrible place or chasm,,1
H6179,עֵרִי,Old Testament,Hebrew,noun proper,an Israelite,,2
H6180,עֵרִי,Old Testament,Hebrew,adjective,a Erite (collectively) or descendants of Eri,,1
H6181,עֶריָה,Old Testament,Hebrew,noun,"naked, X quite.",,6
H6182,עֲרִיסָה,Old Testament,Hebrew,noun,meal,,4
H6183,עָרִיף,Old Testament,Hebrew,noun,the sky (as dropping at the horizon),,1
H6184,עָרִיצּ,Old Testament,Hebrew,adjective,i.e. powerful or tyrannical,,20
H6185,עֲרִירִי,Old Testament,Hebrew,adjective,i.e. destitute (of children),,4
H6186,עָרַך,Old Testament,Hebrew,verb,"i.e. arrange, put in order (in a very wide variety of applications)",,75
H6187,עֵרֶך,Old Testament,Hebrew,noun,"equipment, estimate",,33
H6188,עָרֵל,Old Testament,Hebrew,verb,whether literal (to go naked) or figurative (to refrain from using),,2
H6189,עָרֵל,Old Testament,Hebrew,noun,"used only technically, uncircumcised (i.e. still having the prepuce uncurtailed)",,35
H6190,עָרלָה,Old Testament,Hebrew,noun,+ uncircumcised.,,16
H6191,עָרַם,Old Testament,Hebrew,verb,"beware, take crafty (counsel), be prudent, deal subtilly.",,4
H6192,עָרַם,Old Testament,Hebrew,verb,to pile up,,1
H6193,עוֹרֶם,Old Testament,Hebrew,noun,a stratagem,,1
H6194,עָרֵם עֲרֵמָה,Old Testament,Hebrew,noun,a sheaf,,11
H6195,עָרמָה,Old Testament,Hebrew,noun,"prudence, subtilty, wilily, wisdom.",,5
H6196,עַרמוֹן,Old Testament,Hebrew,noun,the plane tree (from its smooth and shed bark),,3
H6197,עֵרָן,Old Testament,Hebrew,noun proper,an Israelite,,1
H6198,עֵרָנִי,Old Testament,Hebrew,adjective,an Eranite or descendant (collectively) of Eran,,1
H6199,עַרעָר,Old Testament,Hebrew,adjective,i.e. (figuratively) poor,,1
H6200,עֲרוֹעֵרִי,Old Testament,Hebrew,adjective,an Aroerite or inhabitant of Aroer,,1
H6201,עָרַף,Old Testament,Hebrew,verb,to droop; (hence) to drip,,2
H6202,עָרַף,Old Testament,Hebrew,verb,hence (figuratively) to destroy,,6
H6203,עוֹרֶף,Old Testament,Hebrew,noun,literally or figuratively) the back in general,,33
H6204,עָרפָּה,Old Testament,Hebrew,noun proper,a Moabites,,2
H6205,עֲרָפֶל,Old Testament,Hebrew,noun,"thick) dark (cloud, -ness).",,15
H6206,עָרַץ,Old Testament,Hebrew,verb,"dread, feared, terrified), break, dread, fear, oppress, prevail, shake terribly.",,15
H6207,עָרַק,Old Testament,Hebrew,verb,(participle) a pain,,2
H6208,עַרקִי,Old Testament,Hebrew,adjective,an Arkite or inhabitant of Erek,,2
H6209,עָרַר,Old Testament,Hebrew,verb,"break, raise up (perhaps by clerical error for raze), X utterly.",,4
H6210,עֶרֶשׂ,Old Testament,Hebrew,noun,with a canopy),,10
H6211,עָשׁ עֲסַב,Old Testament,Hebrew,noun,a moth,,12
H6212,עֶשֶׂב,Old Testament,Hebrew,noun,herb.,,33
H6213,עָשָׂה,Old Testament,Hebrew,verb,in the broadest sense and widest application (as follows),విస్తృతమైన అర్థంలో మరియు విస్తృతమైన అప్లికేషన్ (క్రింది విధంగా),2640
H6214,עֲשָׂהאֵל,Old Testament,Hebrew,noun proper,the name of four Israelites,,18
H6215,עֵשָׂו,Old Testament,Hebrew,noun proper,"a son of Isaac, including his posterity",,97
H6216,עָשׁוֹק,Old Testament,Hebrew,noun,a tyrant),,1
H6217,עָשׁוּק עָשׁוּק,Old Testament,Hebrew,noun,tyranny,,5
H6218,עָשׂוֹר עָשׂוֹר,Old Testament,Hebrew,noun,and so a decachord,,16
H6219,עָשׁוֹת,Old Testament,Hebrew,adjective,i.e. polished,,1
H6220,עַשׁוָת,Old Testament,Hebrew,noun proper,an Israelite,,1
H6221,עֲשִׂיאֵל,Old Testament,Hebrew,noun proper,"made of God; Asiel, an Israelite",,1
H6222,עֲשָׂיָה,Old Testament,Hebrew,noun proper,the name of three or four Israelites,,8
H6223,עָשִׁיר,Old Testament,Hebrew,adjective,whether literal or figurative (noble),,23
H6224,עֲשִׂירִי,Old Testament,Hebrew,adjective,tenth month or (feminine) part,,29
H6225,עָשַׁן,Old Testament,Hebrew,verb,whether literal or figurative,,6
H6226,עָשֵׁן,Old Testament,Hebrew,adjective,smoky,,2
H6227,עָשָׁן,Old Testament,Hebrew,noun,"literally or figuratively (vapor, dust, anger)",,25
H6228,עָשָׁן,Old Testament,Hebrew,noun location,a place in Israel,,4
H6229,עָשַׂק,Old Testament,Hebrew,verb,i.e. quarrel,,1
H6230,עֵשֶׂק,Old Testament,Hebrew,noun location,strife; a well that Isaac named,,1
H6231,עָשַׁק,Old Testament,Hebrew,verb,"i.e. oppress, defraud, violate, overflow",,35
H6232,עֵשֶׁק,Old Testament,Hebrew,noun proper,an Israelite,,1
H6233,עוֹשֶׁק,Old Testament,Hebrew,noun,"fraud, (subjectively) distress, (concretely) unjust gain",,15
H6234,עָשׁקָה,Old Testament,Hebrew,noun,anguish,,1
H6235,עֶשֶׂר עֲשָׂרָה,Old Testament,Hebrew,noun,"(fif-, seven-)teen.",పది (అంకెల మేరకు చేరడం),177
A6236,עֲשַׂר עֲשׂרָה,Old Testament,Aramaic,noun,ten,,6
H6237,עָשַׂר,Old Testament,Hebrew,verb,i.e. to take or give a tenth,,9
H6238,עָשַׁר,Old Testament,Hebrew,verb,make) rich,,17
H6239,עוֹשֶׁר,Old Testament,Hebrew,noun,riches.,,37
H6240,עָשָׂר,Old Testament,Hebrew,noun,(ordinal) -teenth,,338
H6241,עִשָּׂרוֹן עִשָּׂרוֹן,Old Testament,Hebrew,noun,(fractional) a tenth part,,33
H6242,עֶשׂרִים,Old Testament,Hebrew,noun,twenty(-ieth).,,315
A6243,עֶשׂרִין,Old Testament,Aramaic,noun,twenty,,1
H6244,עָשֵׁשׁ,Old Testament,Hebrew,verb,i.e. fail,,3
H6245,עָשַׁת,Old Testament,Hebrew,verb,hence (through the idea of polishing) to excogitate (as if forming in the mind),,2
A6246,עֲשִׁת,Old Testament,Aramaic,verb,to purpose,,1
H6247,עֶשֶׁת,Old Testament,Hebrew,noun,a fabric,,1
H6248,עַשׁתּוּת,Old Testament,Hebrew,noun,cogitation,,1
H6249,עַשׁתֵּי,Old Testament,Hebrew,noun enumeration,"H6240, H259",,19
H6250,עֶשׁתּוֹנָה,Old Testament,Hebrew,noun,thinking,,1
H6251,עַשׁתְּרָה,Old Testament,Hebrew,noun,increase,,4
H6252,עַשׁתָּרוֹת עַשׁתָּרוֹת,Old Testament,Hebrew,noun proper,"the name of a Sidonian deity, and of a place East of the Jordan",,12
H6253,עַשׁתּוֹרֶת,Old Testament,Hebrew,noun proper,the Phoenician goddess of love (and increase),,3
H6254,עַשׁתְּרָתִי,Old Testament,Hebrew,adjective,an Ashterathite or inhabitant of Ashtaroth,,1
H6255,עַשׁתְּרוֹת קַרנַיִם,Old Testament,Hebrew,noun location,a place East of the Jordan,,1
H6256,עֵת,Old Testament,Hebrew,noun,"especially (adverb with preposition) now, when, etc",,297
H6257,עָתַד,Old Testament,Hebrew,verb,be ready to become.,,2
H6258,עַתּתָּה,Old Testament,Hebrew,verb,"whether adverb, conjunction or expletive",,434
H6259,עָתוּד,Old Testament,Hebrew,adjective,prepared,,2
H6260,עַתּתּוּד עַתּתּוּד,Old Testament,Hebrew,noun,"spoken only (in plural) of he-goats, or (figuratively) leaders of the people",,29
H6261,עִתּתִּי,Old Testament,Hebrew,adjective,timely,,1
H6262,עַתּתַּי,Old Testament,Hebrew,noun proper,the name of three Israelites,,4
A6263,עֲתִידּ,Old Testament,Aramaic,adjective,prepared,,1
H6264,עָתִידּ,Old Testament,Hebrew,adjective,"ready, treasures.",,6
H6265,עֲתָיָה,Old Testament,Hebrew,noun proper,an Israelite,,1
H6266,עָתִיק,Old Testament,Hebrew,adjective,i.e. venerable or splendid,,1
H6267,עַתּתִּיק,Old Testament,Hebrew,adjective,also antique,,2
A6268,עַתּתִּיק,Old Testament,Aramaic,adjective,venerable,,3
H6269,עֲתָך,Old Testament,Hebrew,noun location,a place in Israel,,1
H6270,עַתלַי,Old Testament,Hebrew,noun proper,an Israelite,,1
H6271,עֲתַליָה עֲתַליָהוּ,Old Testament,Hebrew,noun proper,the name of an Israelitess and two Israelites,,17
H6272,עָתַם,Old Testament,Hebrew,verb,i.e. (figuratively) be desolated,,1
H6273,עָתנִי,Old Testament,Hebrew,noun proper,an Israelite,,1
H6274,עָתנִיאֵל,Old Testament,Hebrew,noun proper,an Israelite,,7
H6275,עָתַק,Old Testament,Hebrew,verb,"specifically, to transcribe",,9
H6276,עָתֵק,Old Testament,Hebrew,adjective,i.e. valued,,1
H6277,עָתָק,Old Testament,Hebrew,adjective,"grievous (hard) things, stiff.",,4
H6278,עֵת קָצִין,Old Testament,Hebrew,noun location,a place in Israel,,1
H6279,עָתַר,Old Testament,Hebrew,verb,"i.e. intercede (reciprocally, listen to prayer)",,20
H6280,עָתַר,Old Testament,Hebrew,verb,make) abundant,,2
H6281,עֶתֶר,Old Testament,Hebrew,noun location,a place in Israel,,2
H6282,עָתָר,Old Testament,Hebrew,noun,thick.,,2
H6283,עֲתֶרֶת,Old Testament,Hebrew,noun,copiousness,,1
H6284,פָּאָה,Old Testament,Hebrew,verb,i.e. blow away,,1
H6285,פֵּאָה,Old Testament,Hebrew,noun,"i.e. direction, region, extremity",,86
H6286,פָּאַר,Old Testament,Hebrew,verb,(figuratively) to boast; also to explain (i.e. make clear) oneself,,14
H6287,פְּאֵר,Old Testament,Hebrew,noun,i.e. fancy head-dress,,7
H6288,פְּאוֹרָה פּוֹרָאה פּוּארָה,Old Testament,Hebrew,noun,i.e. (plural) foliage (including the limbs) as bright green,,8
H6289,פָּארוּר,Old Testament,Hebrew,noun,"as noun, a flush (of anxiety)",,2
H6290,פָּארָן,Old Testament,Hebrew,noun location,a desert of Arabia,,11
H6291,פַּג,Old Testament,Hebrew,noun,i.e. crude],,1
H6292,פִּגּוּל פִּגּוּל,Old Testament,Hebrew,noun,i.e. (figuratively) unclean (ceremonially),,4
H6293,פָּגַע,Old Testament,Hebrew,verb,"by accident or violence, or (figuratively) by importunity",,46
H6294,פֶּגַע,Old Testament,Hebrew,noun,occurent.,,2
H6295,פַּגעִיאֵל,Old Testament,Hebrew,noun proper,an Israelite,,5
H6296,פָּגַר,Old Testament,Hebrew,verb,i.e. become exhausted,,2
H6297,פֶּגֶר,Old Testament,Hebrew,noun,(figuratively) an idolatrous image,,22
H6298,פָּגַשׁ,Old Testament,Hebrew,verb,(figuratively) to concur,,14
H6299,פָּדָה,Old Testament,Hebrew,verb,"gener. to release, preserve",,59
H6300,פְּדַהאֵל,Old Testament,Hebrew,noun proper,an Israelite,,1
H6301,פְּדָהצּוּר,Old Testament,Hebrew,noun proper,an Israelite,,5
H6302,פָּדוּי,Old Testament,Hebrew,noun,H6299,,4
H6303,פָּדוֹן,Old Testament,Hebrew,noun proper,one of the Nethinim,,2
H6304,פְּדוּת פְּדוּת,Old Testament,Hebrew,noun,"redeem, redemption.",,4
H6305,פְּדָיָה פְּדָיָהוּ,Old Testament,Hebrew,noun proper,the name of six Israelites,,8
H6306,פִּדיוֹם פִּדיוֹם פִּדיוֹן פִּדיוֹן,Old Testament,Hebrew,noun,"that were redeemed, redemption.",,3
H6307,פַּדָּן פַּדַּן אֲרָם,Old Testament,Hebrew,noun location,a region of Syria,,11
H6308,פָּדַע,Old Testament,Hebrew,verb,to retrieve,,1
H6309,פֶּדֶר,Old Testament,Hebrew,noun,suet,,3
H6310,פֶּה,Old Testament,Hebrew,noun,"specifically edge, portion or side; adverbially (with preposition) according to","నోరు (బ్లోయింగ్ సాధనంగా), సాహిత్యపరమైన లేదా అలంకారిక (ముఖ్యంగా ప్రసంగం); ప్రత్యేకంగా అంచు, భాగం లేదా వైపు",498
H6311,פּוֹה פּוֹא פּוֹ,Old Testament,Hebrew,verb,i.e. here or hence,,82
H6312,פּוּאָה פּוּוָּה,Old Testament,Hebrew,noun proper,the name of two Israelites,,4
H6313,פּוּג,Old Testament,Hebrew,verb,"be feeble, faint, be slacked.",,4
H6314,פּוּגָה,Old Testament,Hebrew,noun,intermission,,1
H6315,פּוַּח,Old Testament,Hebrew,verb,"(hence) to fan (as a breeze), to utter, to kindle (a fire), to scoff",,14
H6316,פּוּט,Old Testament,Hebrew,noun,"a son of Ham, also the name of his descendants or their region, and of a Persian tribe",,7
H6317,פּוּטִיאֵל,Old Testament,Hebrew,noun proper,an Israelite,,1
H6318,פּוֹטִיפַר,Old Testament,Hebrew,noun proper,Potiphar,,2
H6319,פּוֹטִי פֶרַע,Old Testament,Hebrew,noun proper,an Egyptian,,3
H6320,פּוּך,Old Testament,Hebrew,noun,stibium for the eyes),,4
H6321,פּוֹל,Old Testament,Hebrew,noun,a bean (as plump),,2
H6322,פּוּל,Old Testament,Hebrew,noun proper,the name of an Assyrian king and of an Ethiopian tribe,,4
H6323,פּוּן,Old Testament,Hebrew,verb,i.e. be perplexed],,1
H6324,פּוּנִי,Old Testament,Hebrew,adjective,a Punite (collectively) or descendants of an unknown Pun,,1
H6325,פּוּנוֹן,Old Testament,Hebrew,noun location,a place in the Desert,,2
H6326,פּוּעָה,Old Testament,Hebrew,noun proper,an Israelitess,,1
H6327,פּוּץ,Old Testament,Hebrew,verb,literally or figuratively (especially to disperse),,68
H6328,פּוּק,Old Testament,Hebrew,verb,move.,,2
H6329,פּוּק,Old Testament,Hebrew,verb,"causatively, to secure; (figuratively) to succeed",,7
H6330,פּוּקָה,Old Testament,Hebrew,noun,a stumbling-block,,1
H6331,פּוּר,Old Testament,Hebrew,verb,"bring to nought, X utterly take.",,3
H6332,פּוּר פּוּרִים פּוּרִים,Old Testament,Hebrew,noun,Purim.,,8
H6333,פּוּרָה,Old Testament,Hebrew,noun,a wine-press (as crushing the grapes),,2
H6334,פּוֹרָתָא,Old Testament,Hebrew,noun proper,a son of Haman,,1
H6335,פּוּשׁ,Old Testament,Hebrew,verb,"be grown fat, spread selves, be scattered.",,5
H6336,פּוּתִי,Old Testament,Hebrew,adjective,a Puthite (collectively) or descendants of an unknown Puth,,1
H6337,פָּז,Old Testament,Hebrew,noun,pure (gold); (hence) gold itself (as refined),,9
H6338,פָּזַז,Old Testament,Hebrew,verb,to refine (gold),,1
H6339,פָּזַז,Old Testament,Hebrew,verb,be made strong.,,2
H6340,פָּזַר,Old Testament,Hebrew,verb,whether in enmity or bounty,,10
H6341,פַּח,Old Testament,Hebrew,noun,"(thin) plate, snare.",,27
H6342,פָּחַד,Old Testament,Hebrew,verb,"stand in awe, (be in) fear, make to shake.",,25
H6343,פַּחַד,Old Testament,Hebrew,noun,"fear, (thing) great (fear, -ly feared), terror.",,49
H6344,פַּחַד,Old Testament,Hebrew,noun,a testicle (as a cause of shame akin to fear),,2
H6345,פַּחדָּה,Old Testament,Hebrew,noun,alarm (i.e. awe),,1
H6346,פֶּחָה,Old Testament,Hebrew,noun,"deputy, governor.",,28
A6347,פֶּחָה,Old Testament,Aramaic,noun,governor,,10
H6348,פָּחַז,Old Testament,Hebrew,verb,i.e. (figuratively) to be unimportant,,2
H6349,פַּחַז,Old Testament,Hebrew,noun,"i.e. froth (figuratively, lust)",,2
H6350,פַּחֲזוּת,Old Testament,Hebrew,noun,frivolity,,1
H6351,פָּחַח,Old Testament,Hebrew,verb,to spread a net,,1
H6352,פֶּחָם,Old Testament,Hebrew,noun,whether charred or live,,3
A6353,פֶּחָר,Old Testament,Aramaic,noun,a potter,,1
H6354,פַּחַת,Old Testament,Hebrew,noun,especially for catching animals,,10
H6355,פַּחַת מוֹאָב,Old Testament,Hebrew,noun proper,an Israelite,,6
H6356,פְּחֶתֶת,Old Testament,Hebrew,noun,a hole (by mildew in a garment),,1
H6357,פִּטדָּה,Old Testament,Hebrew,noun,probably the topaz,,4
H6358,פָּטוּר,Old Testament,Hebrew,substantive,i.e. (as noun) a bud,,2
H6359,פָּטִיר,Old Testament,Hebrew,adjective,i.e. unoccupied,,1
H6360,פַּטִּישׁ,Old Testament,Hebrew,noun,a hammer,,3
A6361,פַּטִּישׁ,Old Testament,Aramaic,noun,a gown (as if hammered out wide),,1
H6362,פָּטַר,Old Testament,Hebrew,verb,"i.e. (causatively) to emit, whether literal or figurative (gape)",,9
H6363,פֶּטֶר פִּטרָה,Old Testament,Hebrew,noun,"openeth, such as open.",,12
H6364,פִּי ־ בֶּסֶת,Old Testament,Hebrew,noun location,a place in Egypt,,1
H6365,פִּידּ,Old Testament,Hebrew,noun,ruin.,,3
H6366,פֵּיָה פִּיָה,Old Testament,Hebrew,noun,an edge,,1
H6367,פִּי הַחִרוֹת,Old Testament,Hebrew,noun location,a place in Egypt,,4
H6368,פִּיַח,Old Testament,Hebrew,noun,i.e. ashes or dust,,2
H6369,פִּיכּוֹל,Old Testament,Hebrew,noun proper,a Philistine,,3
H6370,פִּילֶגֶשׁ פִּלֶגֶשׁ,Old Testament,Hebrew,noun,gigolo,,37
H6371,פִּימָה,Old Testament,Hebrew,noun,obesity,,1
H6372,פִּינְחָס,Old Testament,Hebrew,noun proper,the name of three Israelites,,25
H6373,פִּינוֹן,Old Testament,Hebrew,noun proper,an Idumaean,,2
H6374,פִּיפִיָה,Old Testament,Hebrew,noun,X two-edged.,,2
H6375,פִּיק,Old Testament,Hebrew,noun,a tottering,,1
H6376,פִּישׁוֹן,Old Testament,Hebrew,noun location,a river of Eden,,1
H6377,פִּיתּוֹן,Old Testament,Hebrew,noun proper,an Israelite,,2
H6378,פַּך,Old Testament,Hebrew,noun,vial.,,3
H6379,פָּכָה,Old Testament,Hebrew,verb,to pour,,1
H6380,פּוֹכֶרֶת צְּבָיִים,Old Testament,Hebrew,noun proper,"one of the ""servants of Solomon""",,2
H6381,פָּלָא,Old Testament,Hebrew,verb,"(by implication) to be great, difficult, wonderful; (causatively) to make great, difficult, wonderful",,71
H6382,פֶּלֶא,Old Testament,Hebrew,noun,"wonder(-ful, -fully).",,13
H6383,פִּלאִי פָּלִיא,Old Testament,Hebrew,adjective,wonderful.,,3
H6384,פַּלּוּאִי,Old Testament,Hebrew,adjective,a Palluite (collectively) or descendants of Pallu,,1
H6385,פָּלַג,Old Testament,Hebrew,verb,to split (literally or figuratively),,4
A6386,פְּלַג,Old Testament,Aramaic,verb,divided,,1
A6387,פְּלַג,Old Testament,Aramaic,noun,a half,,1
H6388,פֶּלֶג,Old Testament,Hebrew,noun,as in irrigation),,10
H6389,פֶּלֶג,Old Testament,Hebrew,noun proper,a son of Shem,,7
H6390,פְּלַגָּה,Old Testament,Hebrew,noun,i.e. gully,,1
H6391,פְּלוּגָּה,Old Testament,Hebrew,noun,a section,,3
A6392,פְּלוּגָּה,Old Testament,Aramaic,noun,division,,1
H6393,פְּלָדָה,Old Testament,Hebrew,noun,i.e. iron armature (of a chariot),,1
H6394,פִּלדָּשׁ,Old Testament,Hebrew,noun proper,a relative of Abraham,,1
H6395,פָּלָה,Old Testament,Hebrew,verb,"show marvellous, separate, set apart, sever, make wonderfully.",,7
H6396,פַּלּוּא,Old Testament,Hebrew,noun proper,an Israelite,,5
H6397,פְּלוֹנִי,Old Testament,Hebrew,adjective,a Pelonite or inhabitant of an unknown Palon,,3
H6398,פָּלַח,Old Testament,Hebrew,verb,i.e. break open or pierce,,5
A6399,פְּלַח,Old Testament,Aramaic,verb,serve.,,10
H6400,פֶּלַח,Old Testament,Hebrew,noun,a slice,,6
H6401,פִּלחָא,Old Testament,Hebrew,noun proper,an Israelite,,1
A6402,פָּלחָן,Old Testament,Aramaic,noun,worship,,1
H6403,פָּלַט,Old Testament,Hebrew,verb,"causatively, to deliver",,25
H6404,פֶּלֶט,Old Testament,Hebrew,noun proper,the name of two Israelites,,2
H6405,פַּלֵּט,Old Testament,Hebrew,noun,escape.,,2
H6406,פַּלטִּי,Old Testament,Hebrew,noun proper,the name of two Israelites,,2
H6407,פַּלטִּי,Old Testament,Hebrew,adjective,a Paltite or descendant of Palti,,1
H6408,פִּלטַּי,Old Testament,Hebrew,noun proper,an Israelite,,1
H6409,פַּלטִּיאֵל,Old Testament,Hebrew,noun proper,the name of two Israelites,,2
H6410,פְּלַטיָה פְּלַטיָהוּ,Old Testament,Hebrew,noun proper,the name of four Israelites,,5
H6411,פְּלָיָה פְּלָאיָה,Old Testament,Hebrew,noun proper,the name of three Israelites,,3
H6412,פָּלִיטּ פָּלֵיטּ פָּלֵט,Old Testament,Hebrew,noun,"-th), fugitive.",,24
H6413,פְּלֵיטָּה פְּלֵטָה,Old Testament,Hebrew,noun,"(that is) escape(-d), remnant.",,28
H6414,פָּלִיל,Old Testament,Hebrew,noun,a magistrate,,3
H6415,פְּלִילָה,Old Testament,Hebrew,noun,justice,,1
H6416,פְּלִילִי,Old Testament,Hebrew,adjective,judicial,,1
H6417,פְּלִילִיָה,Old Testament,Hebrew,noun,judicature,,1
H6418,פֶּלֶך,Old Testament,Hebrew,noun,participle,,10
H6419,פָּלַל,Old Testament,Hebrew,verb,"to intercede, pray",,84
H6420,פָּלָל,Old Testament,Hebrew,noun proper,an Israelite,,1
H6421,פְּלַליָה,Old Testament,Hebrew,noun proper,an Israelite,,1
H6422,פַּלמוֹנִי,Old Testament,Hebrew,expression,i.e. so-and-so,,1
H6423,פְּלוֹנִי,Old Testament,Hebrew,expression,i.e. a specified person,,3
H6424,פָּלַס,Old Testament,Hebrew,verb,"also to revolve, i.e. weigh (mentally)",,6
H6425,פֶּלֶס,Old Testament,Hebrew,noun,weight.,,2
H6426,פָּלַץ,Old Testament,Hebrew,verb,(properly) perhaps to rend; (by implication) to quiver,,1
H6427,פַּלָּצוּת,Old Testament,Hebrew,noun,"horror, trembling.",,4
H6428,פָּלַשׁ,Old Testament,Hebrew,verb,to roll (in dust),,5
H6429,פְּלֶשֶׁת,Old Testament,Hebrew,noun location,"Pelesheth, a region of Syria",,8
H6430,פְּלִשׁתִּי,Old Testament,Hebrew,adjective,a Pelishtite or inhabitant of Pelesheth,,290
H6431,פֶּלֶת,Old Testament,Hebrew,noun proper,the name of two Israelites,,2
H6432,פְּלֵתִי,Old Testament,Hebrew,adjective,a courier (collectively) or official messenger,,7
A6433,פּוּם,Old Testament,Aramaic,noun,the mouth (literally or figuratively),,6
H6434,פֵּן,Old Testament,Hebrew,noun,an angle (of a street or wall),,1
H6435,פֵּן,Old Testament,Hebrew,verb,lest,,133
H6436,פַּנַּג,Old Testament,Hebrew,noun,probably pastry,,1
H6437,פָּנָה,Old Testament,Hebrew,verb,"i.e. appear, look, etc",,135
H6438,פִּנָּה,Old Testament,Hebrew,noun,"chief, corner, stay, tower.",,29
H6439,פְּנוּאֵל פְּנִיאֵל,Old Testament,Hebrew,noun location,"face of God; Penuel or Peniel, a place East of Jordan; (as Penuel) the name of two Israelites",,10
H6440,פָּנִים,Old Testament,Hebrew,noun,"as a preposition) before, etc.","ముఖం (తిరుగుతున్న భాగం వలె); (ప్రిపోజిషనల్ ప్రిఫిక్స్‌తో, ప్రిపోజిషన్‌గా) ముందు, మొదలైనవి.",2128
H6441,פְּנִימָה,Old Testament,Hebrew,verb,i.e. indoors,,13
H6442,פְּנִימִי,Old Testament,Hebrew,adjective,- ward).,,32
H6443,פָּנִין פָּנִי,Old Testament,Hebrew,noun,probably a pearl (as round),,7
H6444,פְּנִנָּה,Old Testament,Hebrew,noun proper,an Israelitess,,3
H6445,פָּנַק,Old Testament,Hebrew,verb,to enervate,,1
H6446,פַּס,Old Testament,Hebrew,noun,i.e. of many breadths),,5
A6447,פַּס,Old Testament,Aramaic,noun,as being spread out),,2
H6448,פָּסַג,Old Testament,Hebrew,verb,i.e. (figuratively) contemplate,,1
H6449,פִּסגָּה,Old Testament,Hebrew,noun location,a mt. East of Jordan,,8
H6450,פַּס דַּמִּים,Old Testament,Hebrew,noun location,a place in Israel,,1
H6451,פִּסָּה,Old Testament,Hebrew,noun,i.e. abundance,,1
H6452,פָּסַח,Old Testament,Hebrew,verb,"(by implication) to hesitate; (also, literally) to limp, to dance",,8
H6453,פֶּסַח,Old Testament,Hebrew,noun,used only techically of the Jewish Passover (the festival or the victim),,49
H6454,פָּסֵַח,Old Testament,Hebrew,noun proper,the name of two Israelites,,4
H6455,פִּסֵַּח,Old Testament,Hebrew,adjective,lame,,13
H6456,פְּסִיל,Old Testament,Hebrew,noun,quarry.,,24
H6457,פָּסַך,Old Testament,Hebrew,noun proper,an Israelite,,1
H6458,פָּסַל,Old Testament,Hebrew,verb,whether wood or stone,,6
H6459,פֶּסֶל,Old Testament,Hebrew,noun,an idol,,30
A6460,פְּסַנטֵּרִין פְּסַנתֵּרִין,Old Testament,Aramaic,noun,a lyre,,4
H6461,פָּסַס,Old Testament,Hebrew,verb,i.e. (intransitive) disappear,,1
H6462,פִּספָּה,Old Testament,Hebrew,noun proper,an Israelite,,1
H6463,פָּעָה,Old Testament,Hebrew,verb,to scream,,1
H6464,פָּעוּ פָּעִי,Old Testament,Hebrew,noun location,a place in Edom,,2
H6465,פְּעוֹר,Old Testament,Hebrew,noun location,(for H1187) a deity worshipped there,,5
H6466,פָּעַל,Old Testament,Hebrew,verb,especially to practise,,56
H6467,פּוֹעַל,Old Testament,Hebrew,noun,"deed, do, getting, maker, work.",,38
H6468,פְּעוּלָּה,Old Testament,Hebrew,noun,"reward, wages, work.",,14
H6469,פְּעוּלְּתַי,Old Testament,Hebrew,noun proper,an Israelite,,1
H6470,פָּעַם,Old Testament,Hebrew,verb,"(hence, generally) to impel or agitate",,5
H6471,פַּעַם פַּעֲמָה,Old Testament,Hebrew,noun,"literally or figuratively (in various applications, as follow)",,118
H6472,פַּעֲמוֹן,Old Testament,Hebrew,noun,a bell (as struck),,7
H6473,פָּעַר,Old Testament,Hebrew,verb,i.e. open wide (literally or figuratively),,4
H6474,פַּעֲרַי,Old Testament,Hebrew,noun proper,an Israelite,,1
H6475,פָּצָה,Old Testament,Hebrew,verb,i.e. open (especially the mouth),,15
H6476,פָּצַח,Old Testament,Hebrew,verb,"forth into joy), make a loud noise.",,9
H6477,פְּצִירָה,Old Testament,Hebrew,noun,bluntness,,1
H6478,פָּצַל,Old Testament,Hebrew,verb,to peel,,2
H6479,פְּצָלָה,Old Testament,Hebrew,noun,a peeling,,1
H6480,פָּצַם,Old Testament,Hebrew,verb,to rend (by earthquake),,1
H6481,פָּצַע,Old Testament,Hebrew,verb,i.e. wound,,3
H6482,פֶּצַע,Old Testament,Hebrew,noun,a wound,,8
H6483,פִּצֵּץ,Old Testament,Hebrew,noun proper,a priest,,1
H6484,פָּצַר,Old Testament,Hebrew,verb,i.e. (figuratively) stun or dull,,7
H6485,פָּקַד,Old Testament,Hebrew,verb,"muster, charge, care for, miss, deposit, etc",,303
H6486,פְּקוּדָּה,Old Testament,Hebrew,noun,chiefly official),,32
H6487,פִּקָּדוֹן,Old Testament,Hebrew,noun,store.,,4
H6488,פְּקִדוּת,Old Testament,Hebrew,noun,supervision,,1
H6489,פְּקוֹד,Old Testament,Hebrew,noun location,a symbolic name for Babylonia,,2
H6490,פִּקּוּד פִּקּוּד,Old Testament,Hebrew,noun,"plural only, collectively, for the Law)",,24
H6491,פָּקַח,Old Testament,Hebrew,verb,(figuratively) to be observant,,21
H6492,פֶּקַח,Old Testament,Hebrew,noun proper,an Israelite king,,11
H6493,פִּקֵַּח,Old Testament,Hebrew,adjective,wise.,,2
H6494,פְּקַחיָה,Old Testament,Hebrew,noun proper,an Israelite king,,3
H6495,פְּקַח ־ קוַֹח,Old Testament,Hebrew,noun,"i.e. jail-delivery (figuratively, salvation for sin)",,1
H6496,פָּקִידּ,Old Testament,Hebrew,noun,military or religious),,13
H6497,פֶּקַע,Old Testament,Hebrew,noun,a semi-globe,,3
H6498,פַּקּוּעָה,Old Testament,Hebrew,noun,the wild cucumber (from splitting open to shed its seeds),,1
H6499,פַּר פָּר,Old Testament,Hebrew,noun,or perhaps as dividing the hoof),,133
H6500,פָּרָא,Old Testament,Hebrew,verb,to bear fruit,,1
H6501,פֶּרֶא פֶּרֶה,Old Testament,Hebrew,noun,the onager,,10
H6502,פִּראָם,Old Testament,Hebrew,noun proper,a Canaanite,,1
H6503,פַּרבָּר פַּרוָר,Old Testament,Hebrew,noun location,a quarter of Jerusalem,,3
H6504,פָּרַד,Old Testament,Hebrew,verb,i.e. spread or separate (oneself),,26
H6505,פֶּרֶד,Old Testament,Hebrew,noun,a mule (perhaps from his lonely habits),,14
H6506,פִּרדָּה,Old Testament,Hebrew,noun,a she-mule,,3
H6507,פְּרוּדָה,Old Testament,Hebrew,noun,i.e. a kernel,,1
H6508,פַּרדֵּס,Old Testament,Hebrew,noun,orchard.,,3
H6509,פָּרָה,Old Testament,Hebrew,verb,"bring forth (fruit), (be, cause to be, make) fruitful, grow, increase.",,29
H6510,פָּרָה,Old Testament,Hebrew,noun,"heifer, kine.",,26
H6511,פָּרָה,Old Testament,Hebrew,noun location,a place in Israel,,1
H6512,פֵּרָה,Old Testament,Hebrew,noun,i.e. dug),,1
H6513,פּוּרָה,Old Testament,Hebrew,noun proper,an Israelite,,2
H6514,פְּרוּדָא פְּרִידָּא,Old Testament,Hebrew,noun proper,"one of ""Solomon's servants""",,2
H6515,פָּרוַּח,Old Testament,Hebrew,noun proper,an Israelite,,1
H6516,פַּרוַיִם,Old Testament,Hebrew,noun location,an Oriental region,,1
H6517,פָּרוּר,Old Testament,Hebrew,noun,pot.,,3
H6518,פָּרָז,Old Testament,Hebrew,noun,i.e. decide],,2
H6519,פְּרָזָה,Old Testament,Hebrew,noun,unwalled village.,,3
H6520,פְּרָזוֹן,Old Testament,Hebrew,noun,(concretely) chieftains,,2
H6521,פְּרָזִי פְּרוֹזִי,Old Testament,Hebrew,noun,a rustic,,4
H6522,פְּרִזִּי,Old Testament,Hebrew,adjective,one of the Canaanitish tribes,,23
A6523,פַּרזֶל,Old Testament,Aramaic,noun,iron,,20
H6524,פָּרַח,Old Testament,Hebrew,verb,(generally) to spread; (specifically) to fly (as extending the wings),,36
H6525,פֶּרַח,Old Testament,Hebrew,noun,"bud, flower.",,17
H6526,פִּרחַח,Old Testament,Hebrew,noun,i.e. a brood,,1
H6527,פָּרַט,Old Testament,Hebrew,verb,i.e. prate (or hum),,1
H6528,פֶּרֶט,Old Testament,Hebrew,noun,a stray or single berry,,1
H6529,פְּרִי,Old Testament,Hebrew,noun,"((first-)) fruit((-ful)), reward.",,119
H6530,פְּרִיצּ,Old Testament,Hebrew,noun,i.e. a tyrant,,6
H6531,פֶּרֶך,Old Testament,Hebrew,noun,i.e. severity,,6
H6532,פּוֹרֶכֶת,Old Testament,Hebrew,noun,i.e. (the sacred) screen,,25
H6533,פָּרַם,Old Testament,Hebrew,verb,to tear,,3
H6534,פַּרמַשׁתָּא,Old Testament,Hebrew,noun proper,a son of Haman,,1
H6535,פַּרנַך,Old Testament,Hebrew,noun proper,an Israelite,,1
H6536,פָּרַס,Old Testament,Hebrew,verb,"i.e. (usually without violence) to split, distribute",,14
A6537,פְּרַס,Old Testament,Aramaic,noun,(U-)pharsin.,,3
H6538,פֶּרֶס,Old Testament,Hebrew,noun,ossifrage.,,2
H6539,פָּרַס,Old Testament,Hebrew,noun location,"an Eastern country, including its inhabitants",,28
A6540,פָּרַס,Old Testament,Aramaic,noun,Persians,,6
H6541,פַּרסָה,Old Testament,Hebrew,noun,"(cloven-)footed, hoof.",,21
H6542,פַּרסִי,Old Testament,Hebrew,adjective,or inhabitant of Peres,,1
A6543,פַּרסִי,Old Testament,Aramaic,adjective,Persian,,1
H6544,פָּרַע,Old Testament,Hebrew,verb,"(figuratively) absolve, begin",,16
H6545,פֶּרַע,Old Testament,Hebrew,noun,the hair (as dishevelled),,2
H6546,פַּרעָה,Old Testament,Hebrew,noun,concretely) leaders,,2
H6547,פַּרעוֹה,Old Testament,Hebrew,noun,a general title of Egyptian kings,,268
H6548,פַּרעוֹה חָפרַע,Old Testament,Hebrew,noun proper,an Egyptian king,,2
H6549,פַּרעוֹה נְכוֹה פַּרעוֹה נְכוֹ,Old Testament,Hebrew,noun proper,an Egyptian king,,10
H6550,פַּרעוֹשׁ,Old Testament,Hebrew,noun,H6211,,2
H6551,פַּרעוֹשׁ,Old Testament,Hebrew,noun proper,the name of our Israelite,,6
H6552,פִּרעָתוֹן,Old Testament,Hebrew,noun location,a place in Israel,,1
H6553,פִּרעָתוֹנִי פִּרעָתוֹנִי,Old Testament,Hebrew,adjective,a Pirathonite or inhabitant of Pirathon,,5
H6554,פַּרפַּר,Old Testament,Hebrew,noun location,a river of Syria,,1
H6555,פָּרַץ,Old Testament,Hebrew,verb,"direct and indirect, literal and figurative)",,50
H6556,פֶּרֶץ,Old Testament,Hebrew,noun,"breaking forth (in), X forth, gap.",,19
H6557,פֶּרֶץ,Old Testament,Hebrew,noun proper,the name of two Israelites,,15
H6558,פַּרצִּי,Old Testament,Hebrew,adjective,a Partsite (collectively) or descendants of Perets,,1
H6559,פְּרָצִים,Old Testament,Hebrew,noun location,a mountain in Israel,,1
H6560,פֶּרֶץ עוּזָּא,Old Testament,Hebrew,noun location,a place in Israel,,2
H6561,פָּרַק,Old Testament,Hebrew,verb,"deliver, redeem, rend (in pieces), tear in pieces.",,10
A6562,פְּרַק,Old Testament,Aramaic,verb,to discontinue,,1
H6563,פֶּרֶק,Old Testament,Hebrew,noun,robbery.,,2
H6564,פָּרָק,Old Testament,Hebrew,noun,soup (as full of crumbed meat),,1
H6565,פָּרַר,Old Testament,Hebrew,verb,"i.e. to violate, frustrate",,50
H6566,פָּרַשׂ,Old Testament,Hebrew,verb,"disperse, etc",,67
H6567,פָּרָשׁ,Old Testament,Hebrew,verb,"declare, distinctly, shew, sting.",,5
A6568,פְּרַשׁ,Old Testament,Aramaic,verb,to specify,,1
H6569,פֶּרֶשׁ,Old Testament,Hebrew,noun,excrement (as eliminated),,7
H6570,פֶּרֶשׁ,Old Testament,Hebrew,noun proper,an Israelite,,1
H6571,פָּרָשׁ,Old Testament,Hebrew,noun,(by implication) a driver (in a chariot); (collectively) cavalry,,57
H6572,פַּרשֶׁגֶן פַּתשֶׁגֶן,Old Testament,Hebrew,noun,a transcript,,4
A6573,פַּרשֶׁגֶן,Old Testament,Aramaic,noun,copy,,3
H6574,פַּרשְׁדוֹן,Old Testament,Hebrew,noun,H6504,,1
H6575,פָּרָשָׁה,Old Testament,Hebrew,noun,sum.,,2
H6576,פַּרשֵׁז,Old Testament,Hebrew,substantive,to expand,,1
H6577,פַּרשַׁנדָּתָא,Old Testament,Hebrew,noun proper,a son of Haman,,1
H6578,פְּרָת,Old Testament,Hebrew,noun proper,a river of the East,,19
H6579,פַּרתַּם,Old Testament,Hebrew,noun,prince.,,3
H6580,פַּשׁ,Old Testament,Hebrew,noun,stupidity (as a result of grossness or of degeneracy),,1
H6581,פָּשָׂה,Old Testament,Hebrew,verb,to spread,,22
H6582,פָּשַׁח,Old Testament,Hebrew,verb,to tear in pieces,,1
H6583,פַּשׁחוּר,Old Testament,Hebrew,noun proper,the name of four Israelites,,14
H6584,פָּשַׁט,Old Testament,Hebrew,verb,"to strip (i.e. unclothe, plunder, flay, etc.)",,43
H6585,פָּשַׂע,Old Testament,Hebrew,verb,i.e. rush upon,,1
H6586,פָּשַׁע,Old Testament,Hebrew,verb,"i.e. trespass, apostatize, quarrel",,41
H6587,פֶּשַׂע,Old Testament,Hebrew,noun,a stride,,1
H6588,פֶּשַׁע,Old Testament,Hebrew,noun,moral or religious),,93
H6589,פָּשַׂק,Old Testament,Hebrew,verb,i.e. become licentious,,2
A6590,פְּשַׁר,Old Testament,Aramaic,verb,interpreting.,,2
A6591,פְּשַׁר,Old Testament,Aramaic,noun,an interpretation,,32
H6592,פֵּשֶׁר,Old Testament,Hebrew,noun,interpretation,,1
H6593,פִּשׁתֶּה,Old Testament,Hebrew,noun,as carded),,16
H6594,פִּשׁתָּה,Old Testament,Hebrew,noun,tow.,,4
H6595,פַּת,Old Testament,Hebrew,noun,"morsel, piece.",,15
H6596,פּוֹת פּוֹתָה,Old Testament,Hebrew,noun,i.e. hinge or the female pudenda,,2
H6597,פִּתאוֹם פִּתאוֹם,Old Testament,Hebrew,verb,sudden(-ly).,,25
H6598,פַּתבַּג,Old Testament,Hebrew,noun,a dainty,,6
H6599,פִּתגָּם,Old Testament,Hebrew,noun,sentence.,,2
A6600,פִּתגָּם,Old Testament,Aramaic,noun,"answer, letter or decree",,6
H6601,פָּתָה,Old Testament,Hebrew,verb,"usually figuratively (in a mental or moral sense) to be (causatively, make) simple or (in a sinister way) delude",,28
H6602,פְּתוּאֵל,Old Testament,Hebrew,noun proper,an Israelite,,1
H6603,פִּתּתּוַּח פִּתּתּוַּח,Old Testament,Hebrew,noun,"en-)grave(-ing, -n).",,10
H6604,פְּתוֹר,Old Testament,Hebrew,noun location,a place in Mesopotamia,,2
H6605,פָּתַח,Old Testament,Hebrew,verb,"to loosen, begin, plough, carve",,146
A6606,פְּתַח,Old Testament,Aramaic,verb,to open,,2
H6607,פֶּתַח,Old Testament,Hebrew,noun,i.e. door (gate) or entrance way,,164
H6608,פֵּתַח,Old Testament,Hebrew,noun,opening (figuratively) i.e. disclosure,,1
H6609,פְּתִחָה,Old Testament,Hebrew,noun,i.e. a drawn sword,,1
H6610,פִּתחוֹן,Old Testament,Hebrew,noun,opening (the act),,2
H6611,פְּתַחיָה,Old Testament,Hebrew,noun proper,the name of four Israelites,,4
H6612,פְּתִי פֶּתִי פְּתָאִי,Old Testament,Hebrew,adjective,"simple(-icity, one).",,19
A6613,פְּתַי,Old Testament,Aramaic,noun,i.e. (as noun) width,,2
H6614,פְּתִיגִּיל,Old Testament,Hebrew,noun,probably a figured mantle for holidays,,1
H6615,פְּתַיוּת,Old Testament,Hebrew,noun,silliness (i.e. seducibility),,1
H6616,פָּתִיל,Old Testament,Hebrew,noun,"bracelet, lace, line, ribband, thread, wire.",,11
H6617,פָּתַל,Old Testament,Hebrew,verb,i.e. (literally) to struggle or (figuratively) be (morally) tortuous,,5
H6618,פְּתַלתּוֹל,Old Testament,Hebrew,adjective,tortuous (i.e. crafty),,1
H6619,פִּתוֹם,Old Testament,Hebrew,noun location,a place in Egypt,,1
H6620,פֶּתֶן,Old Testament,Hebrew,noun,an asp (from its contortions),,6
H6621,פֶּתַע,Old Testament,Hebrew,substantive,"i.e. moment (used only (with or without preposition) adverbially, quickly or unexpectedly)",,7
H6622,פָּתַר,Old Testament,Hebrew,verb,i.e. (figuratively) interpret (a dream),,9
H6623,פִּתרוֹן פִּתרוֹן,Old Testament,Hebrew,noun,interpretation (of a dream),,5
H6624,פַּתרוֹס,Old Testament,Hebrew,noun location,a part of Egypt,,5
H6625,פַּתרוּסִי,Old Testament,Hebrew,adjective,or inhabitant of Pathros,,2
H6626,פָּתַת,Old Testament,Hebrew,verb,i.e. break,,1
H6627,צָּאָה,Old Testament,Hebrew,noun,i.e. (human) excrement,,4
H6628,צֶּאֶל,Old Testament,Hebrew,noun,the lotus tree,,2
H6629,צּוֹאן צְּאוֹן,Old Testament,Hebrew,noun,"flock (+ -s), lamb (+ -s), sheep((-cote, -fold, -shearer, -herds)).",,274
H6630,צַּאֲנָן,Old Testament,Hebrew,noun location,a place in Israel,,1
H6631,צֶּאֱצָא,Old Testament,Hebrew,noun,"i.e. produce, children",,11
H6632,צָּב,Old Testament,Hebrew,noun,"litter, tortoise.",,3
H6633,צָּבָא,Old Testament,Hebrew,verb,"fight, perform, muster, wait upon, war.",,14
A6634,צְּבָא,Old Testament,Aramaic,verb,would.,,10
H6635,צָּבָא צֶּבָאָה,Old Testament,Hebrew,noun,literally or figuratively) a campaign,వ్యక్తుల సమూహం; (అలంకారికంగా) వస్తువుల ద్రవ్యరాశి,487
H6636,צְּבוֹאִים צֶּבִיִים צֶּבִיִם,Old Testament,Hebrew,noun location,a place in Israel,,8
H6637,צּוֹבֵבָה,Old Testament,Hebrew,noun proper,an Israelitess,,1
H6638,צָּבָה,Old Testament,Hebrew,verb,"specifically, to array an army against",,3
H6639,צָּבֶה,Old Testament,Hebrew,adjective,turgid,,3
A6640,צְּבוּ,Old Testament,Aramaic,noun,(properly) will; (concretely) an affair (as a matter of determination),,1
H6641,צָּבוַּע,Old Testament,Hebrew,adjective,i.e. the hyena,,1
H6642,צָּבַט,Old Testament,Hebrew,verb,i.e. hand out,,1
H6643,צְּבִי,Old Testament,Hebrew,noun,"glorious (-ry), goodly, pleasant, roe(-buck).",,32
H6644,צִּביָא,Old Testament,Hebrew,noun proper,an Israelite,,1
H6645,צִּביָה,Old Testament,Hebrew,noun proper,an Israelitess,,2
H6646,צְּבִיָה,Old Testament,Hebrew,noun,a female gazelle,,2
A6647,צְּבַע,Old Testament,Aramaic,verb,to dip,,5
H6648,צֶּבַע,Old Testament,Hebrew,noun,colours.,,3
H6649,צִּבעוֹן,Old Testament,Hebrew,noun proper,an Idumaean,,8
H6650,צְּבוֹעִים,Old Testament,Hebrew,noun location,a place in Israel,,1
H6651,צָּבַר,Old Testament,Hebrew,verb,"heap (up), lay up.",,7
H6652,צִּבּוּר,Old Testament,Hebrew,noun,a pile,,1
H6653,צֶּבֶת,Old Testament,Hebrew,noun,a lock of stalks,,1
H6654,צַּד,Old Testament,Hebrew,noun,a side; (figuratively) an adversary,,33
A6655,צַּד,Old Testament,Aramaic,noun,concerning.,,2
A6656,צְּדָא,Old Testament,Aramaic,adjective,a (sinister) design,,1
H6657,צְּדָד,Old Testament,Hebrew,noun location,a place near Israel,,2
H6658,צָּדָה,Old Testament,Hebrew,verb,"hunt, lie in wait.",,3
H6659,צָּדוֹק,Old Testament,Hebrew,noun proper,the name of eight or nine Israelites,,53
H6660,צְּדִיָה,Old Testament,Hebrew,noun,design,,2
H6661,צִּדִּים,Old Testament,Hebrew,noun location,a place in Israel,,1
H6662,צַּדִּיק,Old Testament,Hebrew,adjective,"lawful, righteous (man).",,206
H6663,צָּדַק,Old Testament,Hebrew,verb,make) right (in a moral or forensic sense),నీతిమంతుడు,41
H6664,צֶּדֶק,Old Testament,Hebrew,noun,(abstractly) equity; (figuratively) prosperity,"హక్కు (సహజ, నైతిక లేదా చట్టపరమైన); (వియుక్తంగా) ఈక్విటీ",117
A6665,צִּדקָה,Old Testament,Aramaic,noun,beneficence,,1
H6666,צְּדָקָה,Old Testament,Hebrew,noun,"subjectively (rectitude), objectively (justice), morally (virtue) or figuratively (prosperity)","సరైనది (నైరూప్యమైనది), ఆత్మాశ్రయమైనది (నిజాయితీ), నిష్పాక్షికంగా (న్యాయం), నైతికంగా (ధర్మం) లేదా అలంకారికంగా (శ్రేయస్సు)",159
H6667,צִּדקִיָה צִּדקִיָהוּ,Old Testament,Hebrew,noun proper,the name of six Israelites,,63
H6668,צָּהַב,Old Testament,Hebrew,verb,i.e. be golden in color,,1
H6669,צָּהוֹב,Old Testament,Hebrew,adjective,golden in color,,3
H6670,צָּהַל,Old Testament,Hebrew,verb,by transf. to sound clear (of various animal or human expressions),,10
H6671,צָּהַר,Old Testament,Hebrew,verb,to press out oil,,1
H6672,צּוֹהַר,Old Testament,Hebrew,noun,"noon(-day, -tide), window.",,24
H6673,צַּו צָּו,Old Testament,Hebrew,noun,precept.,,9
H6674,צּוֹא צּוֹא,Old Testament,Hebrew,adjective,soiled (as if excrementitious),,2
H6675,צּוֹאָה צּוֹאָה,Old Testament,Hebrew,noun,filth(-iness). Marg. for H2716.,,3
A6676,צַּוַּאר,Old Testament,Aramaic,noun,neck,,4
H6677,צַּוָּאר צַּוָּר צַּוָּרוֹן צַּוָּארָה,Old Testament,Hebrew,noun,the back of the neck (as that on which burdens are bound),,41
H6678,צּוֹבָא צּוֹבָה צּוֹבָה,Old Testament,Hebrew,noun location,a region of Syria,,10
H6679,צּוּד,Old Testament,Hebrew,verb,victual,,18
H6680,צָּוָה,Old Testament,Hebrew,verb,enjoin,,496
H6681,צָּוַח,Old Testament,Hebrew,verb,to screech (exultingly),,1
H6682,צְּוָחָה,Old Testament,Hebrew,noun,a screech (of anguish),,4
H6683,צּוּלָה,Old Testament,Hebrew,noun,deep,,1
H6684,צּוּם,Old Testament,Hebrew,verb,i.e. to fast,,21
H6685,צּוֹם צּוֹם,Old Testament,Hebrew,noun,a fast,,26
H6686,צּוּעָר,Old Testament,Hebrew,noun proper,an Israelite,,5
H6687,צּוּף,Old Testament,Hebrew,verb,swim.,,3
H6688,צּוּף,Old Testament,Hebrew,noun,comb of honey (from dripping),,2
H6689,צּוּף צּוֹפַי צִּיף,Old Testament,Hebrew,noun location,the name of an Israelite and of a place in Israel,,5
H6690,צּוֹפַח,Old Testament,Hebrew,noun proper,an Israelite,,2
H6691,צּוֹפַר,Old Testament,Hebrew,noun proper,a friend of Job,,4
H6692,צּוּץ,Old Testament,Hebrew,verb,"by analogy, to blossom (figuratively, flourish)",,9
H6693,צּוּק,Old Testament,Hebrew,verb,"i.e. (figuratively) oppress, distress",,11
H6694,צּוּק,Old Testament,Hebrew,verb,"i.e. (figuratively) smelt, utter",,3
H6695,צּוֹק צּוּקָה,Old Testament,Hebrew,noun,i.e. (figuratively) distress,,4
H6696,צּוּר,Old Testament,Hebrew,verb,"i.e. confine (in many applications, literally and figuratively, formative or hostile)",,36
H6697,צּוּר צּוּר,Old Testament,Hebrew,noun,(generally) a rock or boulder; (figuratively) a refuge,,78
H6698,צּוּר,Old Testament,Hebrew,noun proper,the name of a Midianite and of an Israelite,,5
H6699,צּוּרָה,Old Testament,Hebrew,noun,rock.,,5
H6700,צּוּרִיאֵל,Old Testament,Hebrew,noun proper,an Israelite,,1
H6701,צּוּרִישַׁדַּי,Old Testament,Hebrew,noun proper,an Israelite,,5
H6702,צּוּת,Old Testament,Hebrew,verb,to blaze,,1
H6703,צַּח,Old Testament,Hebrew,adjective,"i.e. sunny, bright, (figuratively) evident",,4
H6704,צִּחֶה,Old Testament,Hebrew,adjective,parched,,1
H6705,צָּחַח,Old Testament,Hebrew,verb,i.e. be dazzling white,,1
H6706,צְּחִיַח,Old Testament,Hebrew,noun,i.e. exposed to the bright sun,,5
H6707,צְּחִיחָה,Old Testament,Hebrew,noun,i.e. the desert,,1
H6708,צְּחִיחִי,Old Testament,Hebrew,noun,i.e. in the glaring sun,,1
H6709,צַּחֲנָה,Old Testament,Hebrew,noun,stench,,1
H6710,צַּחצָּחָה,Old Testament,Hebrew,noun,i.e. desert,,1
H6711,צָּחַק,Old Testament,Hebrew,verb,"mock, play, make sport.",,13
H6712,צְּחוֹק,Old Testament,Hebrew,noun,laughter (in pleasure or derision),,2
H6713,צַּחַר,Old Testament,Hebrew,noun,i.e. whiteness,,1
H6714,צּוֹחַר,Old Testament,Hebrew,noun proper,the name of a Hittite and of an Israelite,,5
H6715,צָּחוֹר,Old Testament,Hebrew,adjective,white,,1
H6716,צִּי,Old Testament,Hebrew,noun,a ship (as a fixture),,4
H6717,צִּיבָּא,Old Testament,Hebrew,noun proper,an Israelite,,16
H6718,צַּיִד,Old Testament,Hebrew,noun,"food, X hunter, (that which he took in) hunting, venison, victuals.",,18
H6719,צַּיָד,Old Testament,Hebrew,noun,a huntsman,,1
H6720,צֵּידָּה צֵּדָה,Old Testament,Hebrew,noun,"provision, venison, victuals.",,11
H6721,צִּידּוֹן צִּידּוֹן,Old Testament,Hebrew,noun location,"the name of a son of Canaan, and of a place in Israel",,22
H6722,צִּידּוֹנִי צִּדוֹנִי,Old Testament,Hebrew,adjective,"of Sidon, Zidonian.",,16
H6723,צִּיָה,Old Testament,Hebrew,noun,"drought, dry (land, place), solitary place, wilderness.",,16
H6724,צִּיוֹן,Old Testament,Hebrew,noun,a desert,,2
H6725,צִּיוּן,Old Testament,Hebrew,noun,"title, waymark.",,3
H6726,צִּיוֹן,Old Testament,Hebrew,noun location,a mountain of Jerusalem,,154
H6727,צִּיחָא צִּחָא,Old Testament,Hebrew,noun proper,the name of two Nethinim,,3
H6728,צִּיִי,Old Testament,Hebrew,noun,i.e. nomad or wild beast,,6
H6729,צִּינוֹק,Old Testament,Hebrew,noun,the pillory,,1
H6730,צִּיעוֹר,Old Testament,Hebrew,noun location,a place in Israel,,1
H6731,צִּיצּ צִּץ,Old Testament,Hebrew,noun,also a flower (as bright-colored); a wing (as gleaming in the air),,15
H6732,צִּיצּ,Old Testament,Hebrew,noun location,a place in Israel,,1
H6733,צִּיצָּה,Old Testament,Hebrew,noun,a flower,,1
H6734,צִּיצִּת,Old Testament,Hebrew,noun,"i.e. a forelock of hair, a tassel",,4
H6735,צִּיר,Old Testament,Hebrew,noun,"hinge, messenger, pain, pang, sorrow.",,12
H6736,צִּיר,Old Testament,Hebrew,noun,(hence) an (idolatrous) image,,2
H6737,צָּיַר,Old Testament,Hebrew,verb,i.e. betake oneself,,1
H6738,צֵּל,Old Testament,Hebrew,noun,whether literal or figurative,,49
A6739,צְּלָא,Old Testament,Aramaic,verb,pray,,2
H6740,צָּלָה,Old Testament,Hebrew,verb,to roast,,3
H6741,צִּלָּה,Old Testament,Hebrew,noun proper,an antediluvian woman,,3
H6742,צְּלוּל,Old Testament,Hebrew,noun,a (round or flattened) cake,,1
H6743,צָּלַח צָּלֵַח,Old Testament,Hebrew,verb,"in various senses (literal or figurative, transitive or intransitive)",,65
A6744,צְּלַח,Old Testament,Aramaic,verb,prosper.,,4
H6745,צֵּלָחָה,Old Testament,Hebrew,noun,i.e. a platter,,1
H6746,צְּלוֹחִיתּ,Old Testament,Hebrew,noun,i.e. a vial or salt-cellar,,1
H6747,צַּלַּחַת,Old Testament,Hebrew,noun,(figuratively) the bosom,,1
H6748,צָּלִי,Old Testament,Hebrew,adjective,roasted,,3
H6749,צָּלַל,Old Testament,Hebrew,verb,i.e. settle by a waving motion,,1
H6750,צָּלַל,Old Testament,Hebrew,verb,"i.e. rattle together (as the ears in reddening with shame, or the teeth in chattering with fear)",,4
H6751,צָּלַל,Old Testament,Hebrew,verb,as twilight or an opaque object,,2
H6752,צֵּלֶל,Old Testament,Hebrew,noun,shade,,4
H6753,צְּלֶלפּוֹנִי,Old Testament,Hebrew,noun proper,an Israelitess,,1
H6754,צֶּלֶם,Old Testament,Hebrew,noun,"(hence) a representative figure, especially an idol",,17
A6755,צֶּלֶם צְּלֶם,Old Testament,Aramaic,noun,image.,,17
H6756,צַּלמוֹן,Old Testament,Hebrew,noun location,the name of a place in Israel and of an Israelite,,3
H6757,צַּלמָוֶת,Old Testament,Hebrew,noun,"i.e. the grave (figuratively, calamity)",,18
H6758,צַּלמוֹנָה,Old Testament,Hebrew,noun location,a place in the Desert,,2
H6759,צַּלמוּנָּע,Old Testament,Hebrew,noun proper,a Midianite,,12
H6760,צָּלַע,Old Testament,Hebrew,verb,to limp (as if one-sided),,4
H6761,צֶּלַע,Old Testament,Hebrew,noun,halt(-ing).,,3
H6762,צֶּלַע,Old Testament,Hebrew,noun location,a place in Israel,,2
H6763,צֵּלָע צַּלעָה,Old Testament,Hebrew,noun,"(hence) a side, literally (of a person) or figuratively (of an object or the sky, i.e. quarter); architecturally, a (especially floor or ceiling) timber or plank (single or collective, i.e. a flooring)",,41
H6764,צָּלָף,Old Testament,Hebrew,noun proper,an Israelite,,1
H6765,צְּלָפחָד,Old Testament,Hebrew,noun proper,an Israelite,,11
H6766,צֶּלצַּח,Old Testament,Hebrew,noun location,a place in Israel,,1
H6767,צְּלָצַל,Old Testament,Hebrew,noun,"locust, shadowing, spear.",,6
H6768,צֶּלֶק,Old Testament,Hebrew,noun proper,an Israelite,,2
H6769,צִּלְּתַי,Old Testament,Hebrew,noun proper,the name of two Israelites,,2
H6770,צָּמֵא,Old Testament,Hebrew,verb,suffer) thirst(-y).,,10
H6771,צָּמֵא,Old Testament,Hebrew,adjective,-y).,,9
H6772,צָּמָא,Old Testament,Hebrew,noun,thirst (literally or figuratively),,17
H6773,צִּמאָה,Old Testament,Hebrew,noun,of libidinousnes),,1
H6774,צִּמָּאוֹן,Old Testament,Hebrew,noun,i.e. desert,,3
H6775,צָּמַד,Old Testament,Hebrew,verb,"(figuratively) to serve, (mentally) contrive",,5
H6776,צֶּמֶד,Old Testament,Hebrew,noun,an acre (i.e. day's task for a yoke of cattle to plough),,15
H6777,צַּמָּה,Old Testament,Hebrew,noun,a veil,,4
H6778,צַּמּוּק,Old Testament,Hebrew,noun,a cake of dried grapes,,4
H6779,צָּמַח,Old Testament,Hebrew,verb,literal or figurative),,33
H6780,צֶּמַח,Old Testament,Hebrew,noun,"bud, that which (where) grew (upon), spring(-ing).",,12
H6781,צָּמִידּ צָּמִד,Old Testament,Hebrew,noun,covering.,,7
H6782,צַּמִּים,Old Testament,Hebrew,noun,a noose (as fastening); (figuratively) destruction,,2
H6783,צְּמִיתּוּת צְּמִתוּת,Old Testament,Hebrew,noun,"used only (adverbially) with prepositional prefix to extinction, i.e. perpetually",,2
H6784,צָּמַק,Old Testament,Hebrew,verb,to dry up,,1
H6785,צֶּמֶר,Old Testament,Hebrew,noun,wool,,16
H6786,צְּמָרִי,Old Testament,Hebrew,adjective,a Tsemarite or branch of the Canaanites,,2
H6787,צְּמָרַיִם,Old Testament,Hebrew,noun location,a place in Israel,,2
H6788,צַּמֶּרֶת,Old Testament,Hebrew,noun,i.e. foliage,,5
H6789,צָּמַת,Old Testament,Hebrew,verb,"cut off, destroy, vanish.",,15
H6790,צִּן,Old Testament,Hebrew,noun location,a part of the Desert,,10
H6791,צֵּן,Old Testament,Hebrew,noun,a thorn; (hence) a cactus-hedge,,2
H6792,צּוֹנֵא צּוֹנֶה,Old Testament,Hebrew,noun,a flock,,2
H6793,צִּנָּה,Old Testament,Hebrew,noun,"cold, hook, shield, target.",,22
H6794,צִּנּוּר,Old Testament,Hebrew,noun,water-spout.,,2
H6795,צָּנַח,Old Testament,Hebrew,verb,i.e. drive down,,3
H6796,צָּנִין צָּנִן,Old Testament,Hebrew,noun,a thorn,,2
H6797,צָּנִיף צָּנוֹף צָּנִיפָה,Old Testament,Hebrew,noun,"hood, mitre.",,6
H6798,צָּנַם,Old Testament,Hebrew,verb,to blast or shrink,,1
H6799,צְּנָן,Old Testament,Hebrew,noun location,a place near Israel,,1
H6800,צָּנַע,Old Testament,Hebrew,verb,lowly.,,2
H6801,צָּנַף,Old Testament,Hebrew,verb,i.e. roll or dress,,3
H6802,צְּנֵפָה,Old Testament,Hebrew,noun,a ball,,1
H6803,צִּנצֶּנֶת,Old Testament,Hebrew,noun,a vase (probably a vial tapering at the top),,1
H6804,צַּנתָּרָה,Old Testament,Hebrew,noun,a tube,,1
H6805,צָּעַד,Old Testament,Hebrew,verb,(upward) to mount; (along) to march,,8
H6806,צַּעַד,Old Testament,Hebrew,noun,step.,,14
H6807,צְּעָדָה,Old Testament,Hebrew,noun,ornament of the legs.,,3
H6808,צָּעָה,Old Testament,Hebrew,verb,"travelling, (cause to) wander(-er).",,5
H6809,צָּעִיף,Old Testament,Hebrew,noun,a veil,,3
H6810,צָּעִיר צָּעוֹר,Old Testament,Hebrew,adjective,(in value) ignoble,,24
H6811,צָּעִיר,Old Testament,Hebrew,noun location,a place in Idumaea,,1
H6812,צְּעִירָה,Old Testament,Hebrew,noun,i.e. juvenility,,1
H6813,צָּעַן,Old Testament,Hebrew,verb,i.e. to migrate,,1
H6814,צּוֹעַן,Old Testament,Hebrew,noun location,a place in Egypt,,7
H6815,צַּעֲנַנִּים צַּעֲנַיִם,Old Testament,Hebrew,noun location,a place in Israel,,3
H6816,צַּעצּוַּע,Old Testament,Hebrew,noun,sculpture,,1
H6817,צָּעַק,Old Testament,Hebrew,verb,"call together, cry (out), gather (selves) (together).",,55
H6818,צַּעֲקָה,Old Testament,Hebrew,noun,a shriek,,21
H6819,צָּעַר,Old Testament,Hebrew,verb,i.e. (figuratively) ignoble,,3
H6820,צּוֹעַר,Old Testament,Hebrew,noun location,a place East of the Jordan,,10
H6821,צָּפַד,Old Testament,Hebrew,verb,to adhere,,1
H6822,צָּפָה,Old Testament,Hebrew,verb,"(by implication) to observe, await",,38
H6823,צָּפָה,Old Testament,Hebrew,verb,transferring to action)],,48
H6824,צָּפָה,Old Testament,Hebrew,noun,an inundation (as covering),,1
H6825,צְּפוֹ צְּפִי,Old Testament,Hebrew,noun proper,an Idumaean,,3
H6826,צִּפּוּי,Old Testament,Hebrew,noun,overlaying.,,5
H6827,צְּפוֹן,Old Testament,Hebrew,noun proper,an Israelite,,1
H6828,צָּפוֹן צָּפוֹן,Old Testament,Hebrew,noun,used only of the north as a quarter (gloomy and unknown),,153
H6829,צָּפוֹן,Old Testament,Hebrew,noun location,a place in Israel,,1
H6830,צְּפוֹנִי,Old Testament,Hebrew,adjective,northern,,1
H6831,צְּפוֹנִי,Old Testament,Hebrew,adjective,or (collectively) descendants of Tsephon,,1
H6832,צְּפוַּע,Old Testament,Hebrew,noun,excrement (as protruded),,2
H6833,צִּפּוֹר צִּפּוֹר,Old Testament,Hebrew,noun,"fowl, sparrow.",,40
H6834,צִּפּוֹר,Old Testament,Hebrew,noun proper,a Moabite,,7
H6835,צַּפַּחַת,Old Testament,Hebrew,noun,a saucer (as flat),,7
H6836,צְּפִיָה,Old Testament,Hebrew,noun,watchfulness,,1
H6837,צִּפיוֹן,Old Testament,Hebrew,noun proper,an Israelite,,1
H6838,צַּפִּיחִת,Old Testament,Hebrew,noun,a flat thin cake,,1
H6839,צּוֹפִים,Old Testament,Hebrew,noun location,a place East of the Jordan,,1
H6840,צָּפִין,Old Testament,Hebrew,noun,a treasure (as hidden),,1
A6841,צְּפִיר,Old Testament,Aramaic,noun,a he-goat,,1
H6842,צָּפִיר,Old Testament,Hebrew,noun,a male goat (as prancing),,6
H6843,צְּפִירָה,Old Testament,Hebrew,noun,morning.,,3
H6844,צָּפִיתּ,Old Testament,Hebrew,noun,a sentry,,1
H6845,צָּפַן,Old Testament,Hebrew,verb,positively) to protect,,34
H6846,צְּפַניָה צְּפַניָהוּ,Old Testament,Hebrew,noun proper,the name of four Israelites,,10
H6847,צָּפנַת פַּענֵַח,Old Testament,Hebrew,noun proper,Joseph's Egyptian name,,1
H6848,צֶּפַע צִּפעוֹנִי,Old Testament,Hebrew,noun,i.e. hissing),,5
H6849,צְּפִעָה,Old Testament,Hebrew,noun,an outcast thing,,1
H6850,צָּפַף,Old Testament,Hebrew,verb,"peep, whisper.",,4
H6851,צַּפצָּפָה,Old Testament,Hebrew,noun,a willow (as growing in overflowed places),,1
H6852,צָּפַר,Old Testament,Hebrew,verb,i.e. return,,1
A6853,צְּפַר,Old Testament,Aramaic,noun,a bird,,4
H6854,צְּפַרדֵַּע,Old Testament,Hebrew,noun,i.e. frog,,13
H6855,צִּפּוֹרָה,Old Testament,Hebrew,noun proper,Moses' wife,,3
H6856,צִּפּוֹרֶן,Old Testament,Hebrew,noun,"also the point of a style (or pen, tipped with adamant)",,2
H6857,צְּפַת,Old Testament,Hebrew,noun location,a place in Israel,,1
H6858,צֶּפֶת,Old Testament,Hebrew,noun,a capital of a column,,1
H6859,צְּפָתָה,Old Testament,Hebrew,noun location,a place in Israel,,1
H6860,צִּקלַג צִּיקְלַג,Old Testament,Hebrew,noun location,a place in Israel,,15
H6861,צִּקלוֹן,Old Testament,Hebrew,noun,a sack (as tied at the mouth),,1
H6862,צַּר צָּר,Old Testament,Hebrew,adjective,also a pebble (as in H6864),,111
H6863,צֵּר,Old Testament,Hebrew,noun location,a place in Israel,,1
H6864,צּוֹר,Old Testament,Hebrew,noun,of use) a knife,,2
H6865,צּוֹר צּוֹר,Old Testament,Hebrew,noun location,a place in Israel,,42
H6866,צָּרַב,Old Testament,Hebrew,verb,to burn,,1
H6867,צָּרֶבֶת,Old Testament,Hebrew,adjective,inflammation.,,3
H6868,צְּרֵדָה צְּרֵדָתָה,Old Testament,Hebrew,noun location,a place in Israel,,2
H6869,צָּרָה,Old Testament,Hebrew,noun,"transitively, a female rival",,73
H6870,צְּרוּיָה,Old Testament,Hebrew,noun proper,an Israelitess,,26
H6871,צְּרוּעָה,Old Testament,Hebrew,noun proper,an Israelitess,,1
H6872,צְּרוֹר צְּרוֹר,Old Testament,Hebrew,noun,"X bendeth, bundle, least grain, small stone.",,10
H6873,צָּרַח,Old Testament,Hebrew,verb,"i.e. shrill), i.e. to whoop",,2
H6874,צְּרִי,Old Testament,Hebrew,noun proper,an Israelite,,1
H6875,צְּרִי צֳּרִי,Old Testament,Hebrew,noun,i.e. balsam,,6
H6876,צּוֹרִי,Old Testament,Hebrew,adjective,a Tsorite or inhabitant of Tsor (i.e. Syrian),,5
H6877,צְּרִיַח,Old Testament,Hebrew,noun,hold.,,4
H6878,צּוֹרֶך,Old Testament,Hebrew,noun,need,,1
H6879,צָּרַע,Old Testament,Hebrew,verb,i.e. (intransitive and figurative) to be stricken with leprosy,,20
H6880,צִּרעָה,Old Testament,Hebrew,noun,a wasp (as stinging),,3
H6881,צָּרעָה,Old Testament,Hebrew,noun location,a place in Israel,,10
H6882,צָּרעִי צָּרעָתִי,Old Testament,Hebrew,adjective,i.e. inhabitants of Tsorah,,3
H6883,צָּרַעַת,Old Testament,Hebrew,noun,leprosy,,35
H6884,צָּרַף,Old Testament,Hebrew,verb,i.e. refine (literally or figuratively),,34
H6885,צּוֹרְפִי,Old Testament,Hebrew,noun,an Israelite,,1
H6886,צָּרְפַת,Old Testament,Hebrew,noun location,a place in Israel,,3
H6887,צָּרַר,Old Testament,Hebrew,verb,"literally or figuratively, transitive or intransitive (as follows)",,52
H6888,צְּרֵרָה,Old Testament,Hebrew,noun location,Tsererah for Tseredah,,1
H6889,צֶּרֶת,Old Testament,Hebrew,noun proper,an Israelite,,1
H6890,צֶּרֶת הַשַּׁחַר,Old Testament,Hebrew,noun location,a place in Israel,,1
H6891,צָּרְתָן,Old Testament,Hebrew,noun location,a place in Israel,,3
H6892,קֵא קִיא,Old Testament,Hebrew,noun,vomit,,4
H6893,קָאַת,Old Testament,Hebrew,noun,probably the pelican (from vomiting),,5
H6894,קַב,Old Testament,Hebrew,noun,i.e. vessel used as a (dry) measure,,1
H6895,קָבַב,Old Testament,Hebrew,verb,i.e. (figuratively) to malign or execrate (i.e. stab with words),,8
H6896,קֵבָה,Old Testament,Hebrew,noun,the paunch (as a cavity) or first stomach of ruminants,,1
H6897,קוֹבָה,Old Testament,Hebrew,noun,the abdomen (as a cavity),,1
H6898,קוּבָּה,Old Testament,Hebrew,noun,a pavilion (as a domed cavity),,1
H6899,קִבּוּץ,Old Testament,Hebrew,noun,a throng,,1
H6900,קְבוּרָה קֶבוּרָה,Old Testament,Hebrew,noun,"burying place, grave, sepulchre.",,14
H6901,קָבַל,Old Testament,Hebrew,verb,i.e. take (literally or figuratively),,14
A6902,קְבַל,Old Testament,Aramaic,verb,take.,,3
A6903,קְבֵל קֳבֵל,Old Testament,Aramaic,preposition,"so as, since, hence",,29
H6904,קוֹבֶל,Old Testament,Hebrew,noun,a battering-ram,,2
H6905,קָבָל,Old Testament,Hebrew,verb,i.e. (adverbially) in front of,,1
H6906,קָבַע,Old Testament,Hebrew,verb,i.e. (figuratively) defraud,,6
H6907,קוּבַּעַת,Old Testament,Hebrew,noun,a goblet (as deep like a cover),,2
H6908,קָבַץ,Old Testament,Hebrew,verb,i.e. collect,,127
H6909,קַבצְּאֵל,Old Testament,Hebrew,noun location,a place in Israel,,3
H6910,קְבוּצָה,Old Testament,Hebrew,noun,a hoard,,1
H6911,קִבצַּיִם,Old Testament,Hebrew,noun location,a place in Israel,,1
H6912,קָבַר,Old Testament,Hebrew,verb,bury(-ier).,,132
H6913,קֶבֶר קִברָה,Old Testament,Hebrew,noun,a sepulchre,,68
H6914,קִברוֹת הַתּתַּאֲוָה,Old Testament,Hebrew,noun location,a place in the Desert,,5
H6915,קָדַד,Old Testament,Hebrew,verb,i.e. contract or bend the body (or neck) in deference,,15
H6916,קִדָּה,Old Testament,Hebrew,noun,cassia bark (as in shrivelled rolls),,2
H6917,קָדוּם,Old Testament,Hebrew,noun,a pristine hero,,1
H6918,קָדוֹשׁ קָדוֹשׁ,Old Testament,Hebrew,adjective,"a saint, a sanctuary",,119
H6919,קָדַח,Old Testament,Hebrew,verb,kindle,,5
H6920,קַדַּחַת,Old Testament,Hebrew,noun,i.e. febrile disease,,2
H6921,קָדִים קָדִם,Old Testament,Hebrew,noun,"eastward, for brevity the east wind)",,69
A6922,קַדִּישׁ,Old Testament,Aramaic,adjective,"a saint, a sanctuary",,13
H6923,קָדַם,Old Testament,Hebrew,verb,"(hence) to anticipate, hasten, meet (usually for help)",,26
H6924,קֶדֶם קֵדמָה,Old Testament,Hebrew,verb,"often used adverbially (before, anciently, eastward)",,87
A6925,קֳדָם קְדָם,Old Testament,Aramaic,preposition,"X from, X I (thought), X me, + of, X it pleased, presence.",,46
H6926,קִדמָה,Old Testament,Hebrew,noun,on the east or in front),,4
H6927,קַדמָה,Old Testament,Hebrew,noun,"antiquity, former (old) estate.",,6
A6928,קַדמָה,Old Testament,Aramaic,noun,ago.,,2
H6929,קֵדְמָה,Old Testament,Hebrew,noun proper,a son of Ishmael,,2
H6930,קַדמוֹן,Old Testament,Hebrew,adjective,eastern,,1
H6931,קַדמוֹנִי קַדמוֹנִי,Old Testament,Hebrew,adjective,"they that went before, east, (thing of) old.",,10
H6932,קְדֵמוֹת,Old Testament,Hebrew,noun location,a place in eastern Israel,,4
A6933,קַדמַי,Old Testament,Aramaic,adjective,first,,3
H6934,קַדמִיאֵל,Old Testament,Hebrew,noun proper,the name of three Israelites,,8
H6935,קַדמוֹנִי,Old Testament,Hebrew,adjective,"Kadmonite (collectively), the name of a tribe in Israel",,1
H6936,קָדקוֹד,Old Testament,Hebrew,noun,"pate, scalp, top of the head.",,11
H6937,קָדַר,Old Testament,Hebrew,verb,(by implication) to mourn (in sackcloth or sordid garments),,17
H6938,קֵדָר,Old Testament,Hebrew,noun proper,(collectively) Bedouin (as his descendants or representatives),,12
H6939,קִדרוֹן,Old Testament,Hebrew,noun location,a brook near Jerusalem,,11
H6940,קַדרוּת,Old Testament,Hebrew,noun,duskiness,,1
H6941,קְדוֹרַנִּיתּ,Old Testament,Hebrew,verb,in mourning weeds,,1
H6942,קָדַשׁ,Old Testament,Hebrew,verb,"make, pronounce or observe as) clean (ceremonially or morally)",శుభ్రంగా (ఆచారపరంగా లేదా నైతికంగా),175
H6943,קֶדֶשׁ,Old Testament,Hebrew,noun location,the name of four places in Israel,,12
H6944,קוֹדֶשׁ,Old Testament,Hebrew,noun,rarely) sanctity,,465
H6945,קָדֵשׁ,Old Testament,Hebrew,noun,i.e. (technically) a (male) devotee (by prostitution) to licentious idolatry,,6
H6946,קָדֵשׁ,Old Testament,Hebrew,noun location,a place in the Desert,,18
H6947,קָדֵשׁ בַּרנֵַע,Old Testament,Hebrew,noun location,a place in the Desert,,10
H6948,קְדֵשָׁה,Old Testament,Hebrew,noun,whore.,,5
H6949,קָהָה,Old Testament,Hebrew,verb,be blunt.,,4
H6950,קָהַל,Old Testament,Hebrew,verb,gather (selves) (together).,,39
H6951,קָהָל,Old Testament,Hebrew,noun,"company, congregation, multitude.",,123
H6952,קְהִלָּה,Old Testament,Hebrew,noun,congregation.,,2
H6953,קוֹהֶלֶת,Old Testament,Hebrew,noun,a (female) assembler (i.e. lecturer),,7
H6954,קְהֵלָתָה,Old Testament,Hebrew,noun location,a place in the Desert,,2
H6955,קְהָת,Old Testament,Hebrew,noun proper,an Israelite,,32
H6956,קֳהָתִי,Old Testament,Hebrew,adjective,a Kohathite (collectively) or descendants of Kehath,,15
H6957,קַו קָו,Old Testament,Hebrew,noun,"(figuratively) a rule; (also) a rim, a musical string or accord",,21
H6958,קוֹא קָיָה,Old Testament,Hebrew,verb,"vomit (out, up, up again).",,8
H6959,קוֹבַע,Old Testament,Hebrew,noun,a helmet,,2
H6960,קָוָה,Old Testament,Hebrew,verb,(figuratively) to expect,,49
H6961,קָוֶה,Old Testament,Hebrew,noun,a (measuring) cord (as if for binding),,3
H6962,קוּט,Old Testament,Hebrew,verb,i.e. (figuratively) detest,,8
H6963,קוֹל,Old Testament,Hebrew,noun,"bleating, crackling, cry (+ out), fame, lightness, lowing, noise, + hold peace, (pro-)claim, proclamation, + sing, sound, + spark, thunder(-ing), voice, + yell.",,507
H6964,קוֹלָיָה,Old Testament,Hebrew,noun proper,the name of two Israelites,,2
H6965,קוּם,Old Testament,Hebrew,verb,"literal, figurative, intensive and causative)",,626
A6966,קוּם,Old Testament,Aramaic,verb,"establish, make, raise up self, (a-)rise (up), (make to) stand, set (up)",,36
H6967,קוֹמָה,Old Testament,Hebrew,noun,"height, high, stature, tall.",,46
H6968,קוֹמְמִיוּת,Old Testament,Hebrew,noun,elevation; (adverbially) standing uprightly; (figuratively) upright,,1
H6969,קוּן,Old Testament,Hebrew,verb,i.e. chant or wail (at a funeral),,8
H6970,קוַֹע,Old Testament,Hebrew,noun location,a region of Babylon,,1
H6971,קוֹף קוֹף,Old Testament,Hebrew,noun,a monkey,,2
H6972,קוּץ,Old Testament,Hebrew,verb,to clip off; used only as denominative from H7019],,1
H6973,קוּץ,Old Testament,Hebrew,verb,make) disgusted or anxious,,9
H6974,קוּץ,Old Testament,Hebrew,verb,"(be) (a-)wake, watch.",,23
H6975,קוֹץ קוֹץ,Old Testament,Hebrew,noun,a thorn,,12
H6976,קוֹץ,Old Testament,Hebrew,noun proper,the name of two Israelites,,6
H6977,קְווּצָּה,Old Testament,Hebrew,noun,a forelock (as shorn),,2
H6978,קַו ־ קַו,Old Testament,Hebrew,noun,stalwart,,4
H6979,קוּר,Old Testament,Hebrew,verb,denominative from H7023) to wall up,,6
H6980,קוּר,Old Testament,Hebrew,noun,i.e. a web (as if so formed),,2
H6981,קוֹרֵא קוֹרֵא,Old Testament,Hebrew,noun proper,the name of two Israelites,,3
H6982,קוֹרָה קוֹרָה,Old Testament,Hebrew,noun,roof.,,5
H6983,קוֹשׁ,Old Testament,Hebrew,verb,to set a trap,,1
H6984,קוּשָׁיָהוּ,Old Testament,Hebrew,noun proper,an Israelite,,1
H6985,קַט,Old Testament,Hebrew,adjective,i.e. (adverbially) merely,,1
H6986,קֶטֶב,Old Testament,Hebrew,noun,destruction.,,3
H6987,קוֹטֶב,Old Testament,Hebrew,noun,extermination,,1
H6988,קְטוֹרָה,Old Testament,Hebrew,noun,perfume,,1
H6989,קְטוּרָה,Old Testament,Hebrew,noun proper,a wife of Abraham,,4
H6990,קָטַט,Old Testament,Hebrew,verb,i.e. (figuratively) destroy,,1
H6991,קָטַל,Old Testament,Hebrew,verb,i.e. (figuratively) put to death,,3
A6992,קְטַל,Old Testament,Aramaic,verb,to kill,,7
H6993,קֶטֶל,Old Testament,Hebrew,noun,a violent death,,1
H6994,קָטוֹן,Old Testament,Hebrew,verb,"i.e. be (causatively, make) diminutive or (figuratively) of no account",,4
H6995,קוֹטֶן,Old Testament,Hebrew,noun,i.e. the little finger,,2
H6996,קָטָן קָטוֹן,Old Testament,Hebrew,adjective,"i.e. diminutive, literally (in quantity, size or number) or figuratively (in age or importance)",,101
H6997,קָטָן,Old Testament,Hebrew,noun proper,an Israelite,,1
H6998,קָטַף,Old Testament,Hebrew,verb,"cut down (up), pluck.",,5
H6999,קָטַר,Old Testament,Hebrew,adjective,i.e. turn into fragrance by fire (especially as an act of worship),,117
H7000,קָטַר,Old Testament,Hebrew,verb,to inclose,,1
A7001,קְטַר,Old Testament,Aramaic,noun,also a vertebra (as if a knot),,3
H7002,קִטֵּר,Old Testament,Hebrew,noun,perfume,,1
H7003,קִטרוֹן,Old Testament,Hebrew,noun location,a place in Israel,,1
H7004,קְטוֹרֶת,Old Testament,Hebrew,noun,perfume.,,60
H7005,קַטָּת,Old Testament,Hebrew,noun location,a place in Israel,,1
H7006,קָיָה,Old Testament,Hebrew,verb,to vomit,,1
A7007,קַיִט,Old Testament,Aramaic,noun,harvest,,1
H7008,קִיטּוֹר קִיטּוֹר,Old Testament,Hebrew,noun,i.e. cloud,,4
H7009,קִים,Old Testament,Hebrew,noun,i.e. (collectively) enemies,,1
A7010,קְיָם,Old Testament,Aramaic,noun,statute.,,2
A7011,קַיָם,Old Testament,Aramaic,adjective,sure.,,2
H7012,קִימָה,Old Testament,Hebrew,noun,an arising,,1
H7013,קַיִן,Old Testament,Hebrew,noun,a lance (as striking fast),,1
H7014,קַיִן,Old Testament,Hebrew,noun proper,"the name of the first child, also of a place in Israel, and of an Oriental tribe",,18
H7015,קִינָה,Old Testament,Hebrew,noun,a dirge (as accompanied by beating the breasts or on instruments),,18
H7016,קִינָה,Old Testament,Hebrew,noun location,a place in Israel,,1
H7017,קֵינִי קִינִי,Old Testament,Hebrew,adjective,a Kenite or member of the tribe of Kajin,,13
H7018,קֵינָן,Old Testament,Hebrew,noun proper,an antediluvian,,6
H7019,קַיִץ,Old Testament,Hebrew,noun,whether the product (grain or fruit) or the (dry) season,,20
H7020,קִיצּוֹן,Old Testament,Hebrew,adjective,terminal,,4
H7021,קִיקָיוֹן,Old Testament,Hebrew,noun,the gourd (as nauseous),,5
H7022,קִיקָלוֹן,Old Testament,Hebrew,noun,intense disgrace,,1
H7023,קִיר קִר קִירָה,Old Testament,Hebrew,noun,"side, town, X very, wall.",,74
H7024,קִיר,Old Testament,Hebrew,noun location,also one in Moab,,5
H7025,קִיר חֶרֶשׂ קִיר חֲרֶשֶׂת,Old Testament,Hebrew,noun location,a place in Moab,,5
H7026,קֵירוֹס קֵרוֹס,Old Testament,Hebrew,noun proper,one of the Nethinim,,2
H7027,קִישׁ,Old Testament,Hebrew,noun proper,the name of five Israelites,,21
H7028,קִישׁוֹן,Old Testament,Hebrew,noun location,a river of Israel,,6
H7029,קִישִׁי,Old Testament,Hebrew,noun proper,an Israelite,,1
A7030,קִיתָּרוֹס,Old Testament,Aramaic,noun,a lyre,,4
H7031,קַל,Old Testament,Hebrew,adjective,swift(-ly).,,13
A7032,קָל,Old Testament,Aramaic,noun,voice,,7
H7033,קָלָה,Old Testament,Hebrew,verb,i.e. scorch partially or slowly,,4
H7034,קָלָה,Old Testament,Hebrew,verb,"but figuratively, only (be (causatively, hold) in contempt)",,6
H7035,קָלַהּ,Old Testament,Hebrew,verb,to assemble,,1
H7036,קָלוֹן,Old Testament,Hebrew,noun,"dishonour, ignominy, reproach, shame.",,17
H7037,קַלַּחַת,Old Testament,Hebrew,noun,a kettle,,2
H7038,קָלַט,Old Testament,Hebrew,verb,to maim,,1
H7039,קָלִי קָלִיא,Old Testament,Hebrew,noun,roasted ears of grain,,6
H7040,קַלַּי,Old Testament,Hebrew,noun proper,an Israelite,,1
H7041,קֵלָיָה,Old Testament,Hebrew,noun proper,an Israelite,,1
H7042,קְלִיטָּא,Old Testament,Hebrew,noun proper,the name of three Israelites,,3
H7043,קָלַל,Old Testament,Hebrew,verb,"make) light, literally (swift, small, sharp, etc.) or figuratively (easy, trifling, vile, etc.)",,82
H7044,קָלָל,Old Testament,Hebrew,adjective,polished.,,2
H7045,קְלָלָה,Old Testament,Hebrew,noun,- ing).,,33
H7046,קָלַס,Old Testament,Hebrew,verb,i.e. ridicule,,4
H7047,קֶלֶס,Old Testament,Hebrew,noun,a laughing-stock,,3
H7048,קַלָּסָה,Old Testament,Hebrew,noun,ridicule,,1
H7049,קָלַע,Old Testament,Hebrew,verb,sling (out),,7
H7050,קֶלַע,Old Testament,Hebrew,noun,or the valve (of the door) itself,,22
H7051,קַלָּע,Old Testament,Hebrew,noun,a slinger,,1
H7052,קְלוֹקֵל,Old Testament,Hebrew,adjective,insubstantial,,1
H7053,קִלְּשׁוֹן,Old Testament,Hebrew,noun,i.e. hay-fork,,1
H7054,קָמָה,Old Testament,Hebrew,noun,i.e. a stalk of grain,,10
H7055,קְמוּאֵל,Old Testament,Hebrew,noun proper,"the name of a relative of Abraham, and of two Israelites",,3
H7056,קָמוֹן,Old Testament,Hebrew,noun location,a place East of the Jordan,,1
H7057,קִמּוֹשׁ קִימוֹשׁ,Old Testament,Hebrew,noun,a prickly plant,,2
H7058,קֶמַח,Old Testament,Hebrew,noun,meal.,,14
H7059,קָמַט,Old Testament,Hebrew,verb,i.e. destroy,,2
H7060,קָמַל,Old Testament,Hebrew,verb,wither.,,2
H7061,קָמַץ,Old Testament,Hebrew,verb,to grasp with the hand,,3
H7062,קוֹמֶץ,Old Testament,Hebrew,noun,i.e. handful,,4
H7063,קִמָּשׁוֹן,Old Testament,Hebrew,noun,a prickly plant,,1
H7064,קֵן,Old Testament,Hebrew,noun,(figuratively) a chamber or dwelling,,13
H7065,קָנָא,Old Testament,Hebrew,verb,"make) zealous, i.e. (in a bad sense) jealous or envious",,32
A7066,קְנָא,Old Testament,Aramaic,verb,to purchase,,1
H7067,קַנָּא,Old Testament,Hebrew,adjective,jealous,,6
H7068,קִנאָה,Old Testament,Hebrew,noun,"jealousy, X sake, zeal.",,44
H7069,קָנָה,Old Testament,Hebrew,verb,"by extension, to procure, especially by purchase (causatively, sell); (by implication) to own",,86
H7070,קָנֶה,Old Testament,Hebrew,noun,"shaft, tube, stem, the radius (of the arm), beam (of a steelyard)",,62
H7071,קָנָה,Old Testament,Hebrew,noun location,the name of a stream and of a place in Israel,,3
H7072,קַנּוֹא,Old Testament,Hebrew,adjective,jealous or angry,,2
H7073,קְנַז,Old Testament,Hebrew,noun proper,the name of an Edomite and of two Israelites,,11
H7074,קְנִזִּי,Old Testament,Hebrew,noun proper,Kenizzites,,4
H7075,קִניָן,Old Testament,Hebrew,noun,"purchase, wealth",,10
H7076,קִנָּמוֹן,Old Testament,Hebrew,noun,cinnamon bark (as in upright rolls),,3
H7077,קָנַן,Old Testament,Hebrew,verb,i.e. build or occupy as a nest,,6
H7078,קֶנֶץ,Old Testament,Hebrew,noun,perversion,,1
H7079,קְנָת,Old Testament,Hebrew,noun location,a place East of the Jordan,,2
H7080,קָסַם,Old Testament,Hebrew,verb,(by implication) to divine,,22
H7081,קֶסֶם,Old Testament,Hebrew,noun,"divine sentence, witchcraft.",,11
H7082,קָסַס,Old Testament,Hebrew,verb,to lop off,,1
H7083,קֶסֶת,Old Testament,Hebrew,noun,i.e. an ink-stand,,3
H7084,קְעִילָה,Old Testament,Hebrew,noun location,a place in Israel,,18
H7085,קַעֲקַע,Old Testament,Hebrew,noun,an incision or gash,,1
H7086,קְעָרָה,Old Testament,Hebrew,noun,dish.,,17
H7087,קָפָא,Old Testament,Hebrew,noun,"i.e. thicken (as unracked wine, curdled milk, clouded sky, frozen water)",,5
H7088,קָפַד,Old Testament,Hebrew,verb,i.e. roll together,,1
H7089,קְפָדָה,Old Testament,Hebrew,noun,"i.e., terror",,1
H7090,קִפּוֹד קִפּוֹד,Old Testament,Hebrew,noun,perhaps the bittern (from its contracted form),,3
H7091,קִפּוֹז,Old Testament,Hebrew,noun,i.e. spring forward],,1
H7092,קָפַץ,Old Testament,Hebrew,verb,(by implication) to leap (by contracting the limbs); (specifically) to die (from gathering up the feet),,7
H7093,קֵץ,Old Testament,Hebrew,noun,"(utmost) border, end, (in-)finite, X process.",,68
H7094,קָצַב,Old Testament,Hebrew,verb,shorn.,,2
H7095,קֶצֶב,Old Testament,Hebrew,noun,size.,,3
H7096,קָצָה,Old Testament,Hebrew,verb,"cut short, scrape (off).",,5
H7097,קָצֶה קֵצֶה,Old Testament,Hebrew,noun,"border, brim, brink, edge, end, (in-)finite, frontier, outmost coast, quarter, shore, (out-)side, X some, ut(-ter-)most (part).",,96
H7098,קָצָה,Old Testament,Hebrew,noun,"corner, (selv-)edge, lowest, (uttermost) participle",,38
H7099,קֶצֶו קִצוָה,Old Testament,Hebrew,noun,but with less variety),,5
H7100,קֶצַח,Old Testament,Hebrew,noun,fennelflower (from its pungency),,3
H7101,קָצִין,Old Testament,Hebrew,noun,"guide, prince, ruler.",,12
H7102,קְצִיעָה,Old Testament,Hebrew,noun,cassia (as peeled; plural the bark),,1
H7103,קְצִיעָה,Old Testament,Hebrew,noun proper,a daughter of Job,,1
H7104,קְצִיצּ,Old Testament,Hebrew,noun location,a valley in Israel,,1
H7105,קָצִיר,Old Testament,Hebrew,noun,"also a limb (of a tree, or simply foliage)",,54
H7106,קָצַע,Old Testament,Hebrew,verb,(by implication) to segregate (as an angle),,2
H7107,קָצַף,Old Testament,Hebrew,verb,i.e. (figuratively) burst out in rage,,34
A7108,קְצַף,Old Testament,Aramaic,verb,to become enraged,,1
A7109,קְצַף,Old Testament,Aramaic,noun,rage,,1
H7110,קֶצֶף,Old Testament,Hebrew,noun,"indignation, X sore, wrath.",,29
H7111,קְצָפָה,Old Testament,Hebrew,noun,a fragment,,1
H7112,קָצַץ,Old Testament,Hebrew,verb,"in pieces, in sunder, off), X utmost.",,14
A7113,קְצַץ,Old Testament,Aramaic,verb,cut off,,1
H7114,קָצַר,Old Testament,Hebrew,verb,קצר,,51
H7115,קוֹצֶר,Old Testament,Hebrew,noun,i.e. impatience,,1
H7116,קָצֵר,Old Testament,Hebrew,adjective,"number, life, strength or temper)",,5
H7117,קְצָת,Old Testament,Hebrew,noun,with prepositional prefix) after,,5
A7118,קְצָת,Old Testament,Aramaic,noun,partly,,3
H7119,קַר,Old Testament,Hebrew,adjective,excellent (from the margin).,,3
H7120,קוֹר,Old Testament,Hebrew,noun,cold,,1
H7121,קָרָא,Old Testament,Hebrew,verb,"address by name, but used in a wide variety of applications)","కాల్ చేయడానికి (అంటే సరిగ్గా, పేరు ద్వారా చిరునామా, కానీ అనేక రకాల అప్లికేషన్లలో ఉపయోగించబడుతుంది)",736
H7122,קָרָא,Old Testament,Hebrew,verb,"(by) chance, (cause to) come (upon), fall out, happen, meet",,37
A7123,קְרָא,Old Testament,Aramaic,verb,"cry, read",,11
H7124,קוֹרֵא,Old Testament,Hebrew,noun,i.e. partridge (from its cry),,2
H7125,קִראָה,Old Testament,Hebrew,noun,"accidental, friendly or hostile (also adverbially, opposite)",,100
H7126,קָרַב,Old Testament,Hebrew,verb,bring near) for whatever purpose,,284
A7127,קְרֵב,Old Testament,Aramaic,verb,"come (near, nigh), draw near",,9
H7128,קְרָב,Old Testament,Hebrew,noun,war.,,9
A7129,קְרָב,Old Testament,Aramaic,noun,war,,1
H7130,קֶרֶב,Old Testament,Hebrew,noun,"i.e. the center, whether literal, figurative or adverbial (especially with preposition)",,227
H7131,קָרֵב,Old Testament,Hebrew,adjective,"come (near, nigh), draw near.",,8
H7132,קְרָבָה,Old Testament,Hebrew,noun,draw near.,,2
H7133,קָרבָּן קוּרבָּן,Old Testament,Hebrew,noun,i.e. a sacrificial present,,82
H7134,קַרדּוֹם,Old Testament,Hebrew,noun,an axe,,5
H7135,קָרָה,Old Testament,Hebrew,noun,coolness,,5
H7136,קָרָה,Old Testament,Hebrew,verb,"specifically, to impose timbers (for roof or floor)",,27
H7137,קָרֶה,Old Testament,Hebrew,noun,i.e. some accidental (ceremonial) disqualification,,1
H7138,קָרוֹב קָרוֹב,Old Testament,Hebrew,adjective,kindred or time),,77
H7139,קָרַח,Old Testament,Hebrew,verb,to depilate,,6
H7140,קֶרַח קוֹרַח,Old Testament,Hebrew,noun,"(hence) hail; by resemblance, rock crystal",,7
H7141,קוֹרַח,Old Testament,Hebrew,noun proper,the name of two Edomites and three Israelites,,37
H7142,קֵרֵַח,Old Testament,Hebrew,adjective,bald (on the back of the head),,3
H7143,קָרֵַח,Old Testament,Hebrew,noun proper,an Israelite,,14
H7144,קָרחָה קָרחָא,Old Testament,Hebrew,noun,X utterly.,,11
H7145,קָרחִי,Old Testament,Hebrew,noun proper,"Korathite, sons of Kore, Korhite.",,8
H7146,קָרַחַת,Old Testament,Hebrew,noun,bare within.,,4
H7147,קְרִי,Old Testament,Hebrew,noun,hostile encounter,,7
H7148,קָרִיא,Old Testament,Hebrew,adjective,i.e. select,,3
A7149,קִריָא קִריָה,Old Testament,Aramaic,noun,a city,,9
H7150,קְרִיאָה,Old Testament,Hebrew,noun,a proclamation,,1
H7151,קִריָה,Old Testament,Hebrew,noun,i.e. building],,36
H7152,קְרִיוֹת,Old Testament,Hebrew,noun location,the name of two places in Israel,,4
H7153,קִריַת אַרבַּע קִריַת הָאַרבַּע,Old Testament,Hebrew,noun location,"Kirjath-Arba or Kirjath-ha-Arba, a place in Israel",,9
H7154,קִריַת בַּעַל,Old Testament,Hebrew,noun location,a place in Israel,,2
H7155,קִריַת חוּצוֹת,Old Testament,Hebrew,noun location,a place in Moab,,1
H7156,קִריָתַיִם,Old Testament,Hebrew,noun location,the name of two placed in Israel,,7
H7157,קִריַת יְעָרִים קִריַת עָרִים,Old Testament,Hebrew,noun location,"Kirjath-Jearim or Kirjath-Arim, a place in Israel",,13
H7158,קִריַת סַנָּה קִריַת סֵפֶר,Old Testament,Hebrew,noun location,"Kirjath-Sannah or Kirjath-Sepher, a place in Israel",,5
H7159,קָרַם,Old Testament,Hebrew,verb,to cover,,2
H7160,קָרַן,Old Testament,Hebrew,verb,(figuratively) rays,,4
H7161,קֶרֶן,Old Testament,Hebrew,noun,(figuratively) power,,76
A7162,קֶרֶן,Old Testament,Aramaic,noun,cornet.,,14
H7163,קֶרֶן הַפּוּך,Old Testament,Hebrew,noun proper,one of Job's daughters,,1
H7164,קָרַס,Old Testament,Hebrew,verb,"to hunch, i.e. be hump-backed",,2
H7165,קֶרֶס,Old Testament,Hebrew,noun,a knob or belaying-pin (from its swelling form),,10
H7166,קַרסוֹל,Old Testament,Hebrew,noun,an ankle (as a protuberance or joint),,2
H7167,קָרַע,Old Testament,Hebrew,verb,"literally or figuratively (revile, paint the eyes, as if enlarging them)",,63
H7168,קֶרַע,Old Testament,Hebrew,noun,rag.,,4
H7169,קָרַץ,Old Testament,Hebrew,verb,"i.e. (partially) to bite the lips, blink the eyes (as a gesture of malice), or (fully) to squeeze off (a piece of clay in order to mould a vessel from it)",,5
A7170,קְרַץ,Old Testament,Aramaic,noun,i.e. chew him up (figuratively) by slander)],,2
H7171,קֶרֶץ,Old Testament,Hebrew,noun,extirpation (as if by constriction),,1
H7172,קַרקַע,Old Testament,Hebrew,noun,of a building or the sea,,8
H7173,קַרקַע,Old Testament,Hebrew,noun location,a place in Israel,,1
H7174,קַרקוֹר,Old Testament,Hebrew,noun location,a place East of the Jordan,,1
H7175,קֶרֶשׁ,Old Testament,Hebrew,noun,board.,,51
H7176,קֶרֶת,Old Testament,Hebrew,noun,a city,,5
H7177,קַרתָּה,Old Testament,Hebrew,noun location,a place in Israel,,1
H7178,קַרתָּן,Old Testament,Hebrew,noun location,a place in Israel,,1
H7179,קַשׁ,Old Testament,Hebrew,noun,straw (as dry),,16
H7180,קִשּׁוּא,Old Testament,Hebrew,noun,a cucumber (from the difficulty of digestion),,1
H7181,קָשַׁב,Old Testament,Hebrew,verb,i.e. hearken,,46
H7182,קֶשֶׁב,Old Testament,Hebrew,noun,"hearing, much heed, that regarded.",,4
H7183,קַשָּׁב קַשּׁוּב,Old Testament,Hebrew,adjective,hearkening,,5
H7184,קָשָׂה קַשׂוָה,Old Testament,Hebrew,noun,cup.,,4
H7185,קָשָׁה,Old Testament,Hebrew,verb,i.e. tough or severe (in various applications),,28
H7186,קָשֶׁה,Old Testament,Hebrew,adjective,"cruel, grievous, hard((-hearted), thing), heavy, + impudent, obstinate, prevailed, rough(-ly), sore, sorrowful, stiff((necked)), stubborn, + in trouble.",,36
A7187,קְשׁוֹט קְשׁוֹט,Old Testament,Aramaic,noun,fidelity,,2
H7188,קָשַׁח,Old Testament,Hebrew,verb,make) unfeeling,,2
H7189,קָשֶׁט קָשׁטּ,Old Testament,Hebrew,noun,i.e. reality,,2
H7190,קְשִׁי,Old Testament,Hebrew,noun,obstinacy,,1
H7191,קִשׁיוֹן,Old Testament,Hebrew,noun location,a place in Israel,,2
H7192,קְשִׂיטָּה,Old Testament,Hebrew,noun,an ingot (as definitely estimated and stamped for a coin),,3
H7193,קַשׂקֶשֶׂת,Old Testament,Hebrew,noun,scale.,,8
H7194,קָשַׁר,Old Testament,Hebrew,verb,"(make a) conspire(-acy, -ator), join together, knit, stronger, work (treason)",,44
H7195,קֶשֶׁר,Old Testament,Hebrew,noun,"conspiracy, treason.",,16
H7196,קִשּׁוּר,Old Testament,Hebrew,noun,headband.,,2
H7197,קָשַׁשׁ,Old Testament,Hebrew,verb,(figuratively) to assemble,,8
H7198,קֶשֶׁת,Old Testament,Hebrew,noun,"+ arrow, bow((-man, -shot))",,77
H7199,קַשָּׁת,Old Testament,Hebrew,noun,a bowman,,1
H7200,רָאָה,Old Testament,Hebrew,verb,"literally or figuratively (in numerous applications, direct and implied, transitive, intransitive and causative)","చూడటానికి, అక్షరాలా లేదా అలంకారికంగా (అనేక అనువర్తనాల్లో, ప్రత్యక్ష మరియు పరోక్ష, ట్రాన్సిటివ్, ఇంట్రాన్సిటివ్ మరియు కాసేటివ్)",1315
H7201,רָאָה,Old Testament,Hebrew,noun,from its sharp sight),,1
H7202,רָאֶה,Old Testament,Hebrew,adjective,i.e. experiencing,,1
H7203,רוֹאֶה,Old Testament,Hebrew,noun,a seer (as often rendered); but also (abstractly) a vision,,6
H7204,רוֹאֵה,Old Testament,Hebrew,noun proper,an Israelite,,1
H7205,רְאוּבֵן,Old Testament,Hebrew,noun proper,a son of Jacob,,70
H7206,רְאוּבֵנִי,Old Testament,Hebrew,adjective,Reubenites.,,18
H7207,רַאֲוָה,Old Testament,Hebrew,verb,i.e. satisfaction,,1
H7208,רְאוּמָה,Old Testament,Hebrew,noun proper,a Syrian woman,,1
H7209,רְאִי,Old Testament,Hebrew,noun,a mirror (as seen),,1
H7210,רֳאִי,Old Testament,Hebrew,noun,"look to, (that) see(-th).",,5
H7211,רְאָיָה,Old Testament,Hebrew,noun proper,the name of three Israelites,,4
H7212,רְאִיתּ,Old Testament,Hebrew,noun,sight,,1
H7213,רָאַם,Old Testament,Hebrew,verb,to rise,,1
H7214,רְאֵם רְאֵים רֵים רֵם,Old Testament,Hebrew,noun,a wild bull (from its conspicuousness),,9
H7215,רָאמָה,Old Testament,Hebrew,noun,i.e. perhaps coral,,2
H7216,רָאמוֹת רָאמוֹת,Old Testament,Hebrew,noun location,the name of two places in Israel,,4
A7217,רֵאשׁ,Old Testament,Aramaic,noun,"head, sum.",,14
H7218,רוֹאשׁ,Old Testament,Hebrew,noun,"whether literal or figurative (in many applications, of place, time, rank, itc.)","తల (అత్యంత తేలికగా కదిలినట్లు), అక్షరార్థం లేదా అలంకారికమైనది (అనేక అనువర్తనాల్లో, స్థలం, సమయం, ర్యాంక్, మొదలైనవి)",600
H7219,רוֹאשׁ רוֹשׁ,Old Testament,Hebrew,noun,(generally) poison (even of serpents),,12
H7220,רוֹאשׁ,Old Testament,Hebrew,noun proper,the name of an Israelite and of a foreign nation,,1
H7221,רִאשָׁה,Old Testament,Hebrew,noun,a beginning,,1
H7222,רוֹאשָׁה,Old Testament,Hebrew,noun,the head,,1
H7223,רִאשׁוֹן רִאשׁוֹן,Old Testament,Hebrew,adjective,"in place, time or rank (as adjective or noun)",,182
H7224,רִאשׁוֹנִי,Old Testament,Hebrew,adjective,first,,1
H7225,רֵאשִׁיתּ,Old Testament,Hebrew,noun,"in place, time, order or rank (specifically, a firstfruit)",ఆరంభము - మొదటిది,51
H7226,רַאֲשׁוֹת,Old Testament,Hebrew,noun,a pillow (being for the head),,1
H7227,רַב,Old Testament,Hebrew,adjective,"size, age, number, rank, quality)",,462
H7228,רַב,Old Testament,Hebrew,noun,an archer (or perhaps the same as H7227),,2
A7229,רַב,Old Testament,Aramaic,adjective,"chief, great, lord, master, stout",,15
H7230,רוֹב,Old Testament,Hebrew,noun,"all, X common (sort), excellent, great(-ly, -ness, number), huge, be increased, long, many, more in number, most, much, multitude, plenty(-ifully), X very (age).",,149
H7231,רָבַב,Old Testament,Hebrew,verb,(as denominative from H7233) to multiply by the myriad,,13
H7232,רָבַב,Old Testament,Hebrew,verb,to shoot an arrow,,3
H7233,רְבָבָה,Old Testament,Hebrew,noun,i.e. (specifically) a myriad (whether definite or indefinite),,18
H7234,רָבַד,Old Testament,Hebrew,verb,to spread,,1
H7235,רָבָה,Old Testament,Hebrew,verb,"+ archer (by mistake for H7232), be in authority, bring up, X continue, enlarge, excel, exceeding(-ly), be full of, (be, make) great(-er, -ly, X -ness), grow up, heap, increase, be long, (be, give, have, make, use) many (a time), (any, be, give, give the, have) more (in number), (ask, be, be so, gather, over, take, yield) much (greater, more), (make to) multiply, nourish, plenty(-eous), X process (of time), sore, store, thoroughly, very.",,234
A7236,רְבָה,Old Testament,Aramaic,verb,grow,,6
H7237,רַבָּה,Old Testament,Hebrew,noun location,"the name of two places in Israel, East and West",,15
A7238,רְבוּ,Old Testament,Aramaic,noun,majesty.,,5
H7239,רִבּוֹ רִבּוֹא,Old Testament,Hebrew,noun,"i.e. indefinitely, large number",,11
A7240,רִבּוֹ,Old Testament,Aramaic,noun,X ten thousand times ten thousand,,2
H7241,רָבִיבּ,Old Testament,Hebrew,noun,a rain (as an accumulation of drops),,6
H7242,רָבִידּ,Old Testament,Hebrew,noun,a collar (as spread around the neck),,2
H7243,רְבִיעִי רֶבִעִי,Old Testament,Hebrew,adjective,fourth (part).,,55
A7244,רְבִיעַי,Old Testament,Aramaic,adjective,fourth,,10
H7245,רַבִּיתּ,Old Testament,Hebrew,noun location,a place in Israel,,1
H7246,רָבַך,Old Testament,Hebrew,verb,(that which is) fried.,,3
H7247,רִבלָה,Old Testament,Hebrew,noun location,a place in Syria,,11
H7248,רַב ־ מָג,Old Testament,Hebrew,noun,a Bab. official,,4
H7249,רַב ־ סָרִיס,Old Testament,Hebrew,noun proper,a Babylonian official,,6
H7250,רָבַע,Old Testament,Hebrew,verb,i.e. (specifically) in copulation,,3
H7251,רָבַע,Old Testament,Hebrew,verb,to be four (sided); used only as denominative of H7253],,12
H7252,רֶבַע,Old Testament,Hebrew,verb,prostration (for sleep),,1
H7253,רֶבַע,Old Testament,Hebrew,noun,"side, square.",,8
H7254,רֶבַע,Old Testament,Hebrew,noun,a Midianite,,2
H7255,רוֹבַע,Old Testament,Hebrew,noun,a quarter,,2
H7256,רִבֵַּע,Old Testament,Hebrew,adjective,i.e. great great grandchild,,4
H7257,רָבַץ,Old Testament,Hebrew,verb,"be implication, to recline, repose, brood, lurk, imbed",,30
H7258,רֵבֶץ,Old Testament,Hebrew,noun,"lie down in, resting place.",,4
H7259,רִבקָה,Old Testament,Hebrew,noun proper,the wife of Isaac,,30
A7260,רַברַב,Old Testament,Aramaic,adjective,huge (in size); domineering (in character),,8
A7261,רַברְבָן,Old Testament,Aramaic,noun,prince.,,9
H7262,רַבשָׁקֵה,Old Testament,Hebrew,noun,a Bab. official,,32
H7263,רֶגֶב,Old Testament,Hebrew,noun,a lump of clay,,2
H7264,רָגַז,Old Testament,Hebrew,verb,especially anger or fear),,41
A7265,רְגַז,Old Testament,Aramaic,verb,provoke unto wrath,,1
A7266,רְגַז,Old Testament,Aramaic,noun,violent anger,,1
H7267,רוֹגֶז,Old Testament,Hebrew,noun,"restlessness (of a horse), crash (of thunder), disquiet, anger",,7
H7268,רַגָּז,Old Testament,Hebrew,adjective,timid,,1
H7269,רָגזָה,Old Testament,Hebrew,noun,trepidation,,1
H7270,רָגַל,Old Testament,Hebrew,verb,(as denominative from H7272) to lead about,,26
A7271,רְגַל,Old Testament,Aramaic,noun,foot,,8
H7272,רֶגֶל,Old Testament,Hebrew,noun,"X according as, X after, X coming, X follow, ((broken-))foot((-ed, -stool)), X great toe, X haunt, X journey, leg, + piss, + possession, time.",ఒక అడుగు (నడకలో ఉపయోగించినట్లు); (సూచన ద్వారా) ఒక అడుగు,251
H7273,רַגלִי,Old Testament,Hebrew,adjective,a footman (soldier),,12
H7274,רוֹגְלִים,Old Testament,Hebrew,noun location,a place East of the Jordan,,2
H7275,רָגַם,Old Testament,Hebrew,verb,i.e. to lapidate,,16
H7276,רֶגֶם,Old Testament,Hebrew,noun proper,an Israelite,,1
H7277,רִגמָה,Old Testament,Hebrew,noun,i.e. (figuratively) a throng,,1
H7278,רֶגֶם מֶלֶך,Old Testament,Hebrew,noun proper,an Israelite,,1
H7279,רָגַן,Old Testament,Hebrew,verb,i.e. rebel,,3
H7280,רָגַע,Old Testament,Hebrew,verb,"figuratively (in a favorable manner) to settle, i.e. quiet; specifically, to wink (from the motion of the eye-lids)",,12
H7281,רֶגַע,Old Testament,Hebrew,verb,"moment, space, suddenly",,23
H7282,רָגֵַע,Old Testament,Hebrew,adjective,i.e. peaceable,,1
H7283,רָגַשׁ,Old Testament,Hebrew,verb,to be tumultuous,,1
A7284,רְגַשׁ,Old Testament,Aramaic,verb,to gather tumultuously,,3
H7285,רֶגֶשׁ רִגשָׁה,Old Testament,Hebrew,noun,insurrection.,,2
H7286,רָדַד,Old Testament,Hebrew,verb,"i.e. (figuratively) to conquer, or (specifically) to overlay",,4
H7287,רָדָה,Old Testament,Hebrew,verb,"specifically, to crumble off",,27
H7288,רַדַּי,Old Testament,Hebrew,noun proper,an Israelite,,1
H7289,רָדִידּ,Old Testament,Hebrew,noun,veil.,,2
H7290,רָדַם,Old Testament,Hebrew,verb,i.e. stupefy (with sleep or death),,7
H7291,רָדַף,Old Testament,Hebrew,verb,"put to flight, follow (after, on), hunt, (be under) persecute(-ion, -or), pursue(-r).",,144
H7292,רָהַב,Old Testament,Hebrew,verb,"i.e. (figuratively) importune, embolden, capture, act insolently",,4
H7293,רַהַב,Old Testament,Hebrew,noun,strength,,3
H7294,רַהַב,Old Testament,Hebrew,noun,an epithet of Egypt,,3
H7295,רָהָב,Old Testament,Hebrew,adjective,insolent,,1
H7296,רוֹהָב,Old Testament,Hebrew,noun,pride,,1
H7297,רָהָה,Old Testament,Hebrew,verb,to fear,,1
H7298,רַהַט,Old Testament,Hebrew,noun,"gutter, trough.",,4
A7299,רֵו,Old Testament,Aramaic,noun,aspect,,2
H7300,רוּד,Old Testament,Hebrew,verb,i.e. ramble (free or disconsolate),,4
H7301,רָוָה,Old Testament,Hebrew,verb,"make drunk, (take the) fill, satiate, (abundantly) satisfy, soak, water (abundantly).",,14
H7302,רָוֶה,Old Testament,Hebrew,adjective,watered.,,3
H7303,רוֹהֲגָה,Old Testament,Hebrew,noun proper,an Israelite,,1
H7304,רָוַח,Old Testament,Hebrew,verb,(by implication) to have ample room,,3
H7305,רֶוַח,Old Testament,Hebrew,noun,literally (an interval) or figuratively (deliverance),,2
H7306,רוַּח,Old Testament,Hebrew,verb,"(literally, only) to smell; (by implication) perceive",,11
H7307,רוַּח,Old Testament,Hebrew,noun,"(figuratively) life, anger, unsubstantiality",ఆత్మ - గాలి,378
A7308,רוַּח,Old Testament,Aramaic,noun,"spirit, wind",,11
H7309,רְוָחָה,Old Testament,Hebrew,noun,respite.,,2
H7310,רְוָיָה,Old Testament,Hebrew,noun,wealthy.,,2
H7311,רוּם,Old Testament,Hebrew,verb,"to rise or raise (in various applications, literally or figuratively)",,194
H7312,רוּם רוּם,Old Testament,Hebrew,noun,"height, X high.",,5
A7313,רוּם,Old Testament,Aramaic,verb,"lift up (self), set up.",,4
A7314,רוּם,Old Testament,Aramaic,noun,(literally) altitude,,5
H7315,רוֹם,Old Testament,Hebrew,verb,i.e. (adverbially) aloft,,1
H7316,רוּמָה,Old Testament,Hebrew,noun location,a place in Israel,,1
H7317,רוֹמָה,Old Testament,Hebrew,adjective,i.e. (adverbially) proudly,,1
H7318,רוֹמָם,Old Testament,Hebrew,noun,i.e. (figuratively and specifically) praise,,1
H7319,רוֹמְמָה,Old Testament,Hebrew,noun,i.e. praise,,1
H7320,רוֹמַמתִּי עֶזֶר רוֹמַמתִּי עֶזֶר,Old Testament,Hebrew,noun proper,an Israelite,,2
H7321,רוַּע,Old Testament,Hebrew,verb,"cry (alarm, aloud, out), destroy, make a joyful noise, smart, shout (for joy), sound an alarm, triumph.",,45
H7322,רוּף,Old Testament,Hebrew,verb,i.e. (figuratively) to agitate (by concussion),,1
H7323,רוּץ,Old Testament,Hebrew,verb,especially to rush),,104
H7324,רוּק,Old Testament,Hebrew,verb,i.e. empty,,19
H7325,רוּר,Old Testament,Hebrew,verb,i.e. (by analogy) to emit a fluid (ulcerous or natural),,1
H7326,רוּשׁ,Old Testament,Hebrew,verb,"needy, (make self) poor (man).",,24
H7327,רוּת,Old Testament,Hebrew,noun proper,a Moabitess,,12
A7328,רָז,Old Testament,Aramaic,noun,i.e. (figuratively) hide],,9
H7329,רָזָה,Old Testament,Hebrew,verb,i.e. make (become) thin (literally or figuratively),,2
H7330,רָזֶה,Old Testament,Hebrew,adjective,thin,,2
H7331,רְזוֹן,Old Testament,Hebrew,noun proper,a Syrian,,1
H7332,רָזוֹן,Old Testament,Hebrew,noun,X scant.,,3
H7333,רָזוֹן,Old Testament,Hebrew,noun,a dignitary,,1
H7334,רָזִי,Old Testament,Hebrew,noun,thinness,,2
H7335,רָזַם,Old Testament,Hebrew,verb,to twinkle the eye (in mockery),,1
H7336,רָזַן,Old Testament,Hebrew,verb,i.e. (figuratively) honorable,,6
H7337,רָחַב,Old Testament,Hebrew,verb,literal or figurative),,25
H7338,רַחַב,Old Testament,Hebrew,noun,broad place.,,2
H7339,רְחוֹב רְחוֹב,Old Testament,Hebrew,noun,street. See also H1050.,,43
H7340,רְחוֹב רְחוֹב,Old Testament,Hebrew,noun location,"the name of a place in Syria, also of a Syrian and an Israelite",,10
H7341,רוֹחַב,Old Testament,Hebrew,noun,"broad, largeness, thickness, wideness.",,101
H7342,רָחָב,Old Testament,Hebrew,adjective,"in any (or every) direction, literally or figuratively",,21
H7343,רָחָב,Old Testament,Hebrew,noun proper,a Canaanitess,,5
H7344,רְחוֹבוֹת רֶחוֹבוֹת,Old Testament,Hebrew,noun location,a place in Assyria and one in Israel,,4
H7345,רְחַביָה רֶחַביָהוּ,Old Testament,Hebrew,noun proper,an Israelite,,5
H7346,רְחַבעָם,Old Testament,Hebrew,noun proper,an Israelite king,,50
H7347,רֵחֶה,Old Testament,Hebrew,noun,a mill-stone,,5
H7348,רְחוּם,Old Testament,Hebrew,noun proper,the name of a Persian and of three Israelites,,8
H7349,רַחוּם,Old Testament,Hebrew,adjective,merciful.,,13
H7350,רָחוֹק רָחוֹק,Old Testament,Hebrew,adjective,"specifically, precious; often used adverbially (with preposition)",,84
H7351,רְחִיטּ,Old Testament,Hebrew,noun,a panel (as resembling a trough),,1
A7352,רַחִיק,Old Testament,Aramaic,adjective,far,,1
H7353,רָחֵל,Old Testament,Hebrew,noun,sheep.,,4
H7354,רָחֵל,Old Testament,Hebrew,noun proper,a wife of Jacob,,47
H7355,רָחַם,Old Testament,Hebrew,verb,"upon), love, (find, have, obtain, shew) mercy(-iful, on, upon), (have) pity, Ruhamah, X surely.",,46
H7356,רַחַם,Old Testament,Hebrew,noun,"compassion, damsel, tender love, (great, tender) mercy, pity, womb.",,45
H7357,רַחַם,Old Testament,Hebrew,noun proper,an Israelite,,1
H7358,רֶחֶם,Old Testament,Hebrew,noun,womb.,,26
A7359,רְחֵם,Old Testament,Aramaic,noun,(plural) pity,,1
H7360,רָחָם רָחָמָה,Old Testament,Hebrew,noun,a kind of vulture (supposed to be tender towards its young),,2
H7361,רַחֲמָה,Old Testament,Hebrew,noun,a maiden,,1
H7362,רַחמָנִי,Old Testament,Hebrew,adjective,compassionate,,1
H7363,רָחַף,Old Testament,Hebrew,verb,"move, shake.",,3
H7364,רָחַץ,Old Testament,Hebrew,verb,wash (self).,,72
A7365,רְחַץ,Old Testament,Aramaic,verb,to attend upon,,1
H7366,רַחַץ,Old Testament,Hebrew,noun,a bath,,2
H7367,רַחצָּה,Old Testament,Hebrew,noun,a bathing place,,2
H7368,רָחַק,Old Testament,Hebrew,verb,"i.e. (intransitively) recede or (transitively) remove (literally or figuratively, of place or relation)",,58
H7369,רָחֵק,Old Testament,Hebrew,adjective,remote,,1
H7370,רָחַשׁ,Old Testament,Hebrew,verb,to gush,,1
H7371,רַחַת,Old Testament,Hebrew,noun,a winnowing-fork (as blowing the chaff away),,1
H7372,רָטַב,Old Testament,Hebrew,verb,to be moist,,1
H7373,רָטוֹב,Old Testament,Hebrew,adjective,moist (with sap),,1
H7374,רֶטֶט,Old Testament,Hebrew,noun,terror,,1
H7375,רוּטֲפַשׁ,Old Testament,Hebrew,verb,H2954,,1
H7376,רָטַשׁ,Old Testament,Hebrew,verb,to dash down,,6
H7377,רִי,Old Testament,Hebrew,noun,i.e. a shower,,1
H7378,רִיבּ רוּב,Old Testament,Hebrew,verb,"(mostly figuratively) to wrangle, i.e. hold a controversy; (by implication) to defend",,70
H7379,רִיבּ רִב,Old Testament,Hebrew,noun,"cause, chiding, contend(-tion), controversy, multitude (from the margin), pleading, strife, strive(-ing), suit.",,61
H7380,רִיבַּי,Old Testament,Hebrew,noun proper,an Israelite,,2
H7381,רֵיַח,Old Testament,Hebrew,noun,"scent, smell.",,58
A7382,רֵיַח,Old Testament,Aramaic,noun,smell,,1
H7383,רִיפָה רִפָה,Old Testament,Hebrew,noun,grits (as pounded),,2
H7384,רִיפַת,Old Testament,Hebrew,noun proper,a grandson of Japheth and his descendants,,2
H7385,רִיק,Old Testament,Hebrew,noun,in vain,,12
H7386,רֵיק רֵק,Old Testament,Hebrew,adjective,"vain (fellow, man).",,14
H7387,רֵיקָם,Old Testament,Hebrew,verb,(subjective) undeservedly,,16
H7388,רִיר,Old Testament,Hebrew,noun,broth,,2
H7389,רֵישׁ רֵאשׁ רִישׁ,Old Testament,Hebrew,noun,poverty,,7
H7390,רַך,Old Testament,Hebrew,adjective,"soft, tender ((-hearted), one), weak.",,16
H7391,רוֹך,Old Testament,Hebrew,noun,softness (figuratively),,1
H7392,רָכַב,Old Testament,Hebrew,verb,"carry, get (oneself) up, on (horse-)back, put, (cause to, make to) ride (in a chariot, on, -r), set.",,78
H7393,רֶכֶב,Old Testament,Hebrew,noun,specially) the upper millstone,,120
H7394,רֵכָב,Old Testament,Hebrew,noun proper,the name of two Arabs and of two Israelites,,13
H7395,רַכָּב,Old Testament,Hebrew,noun,"driver of a chariot, horseman.",,3
H7396,רִכבָּה,Old Testament,Hebrew,noun,a chariot (collectively),,1
H7397,רֵכָה,Old Testament,Hebrew,noun location,a place in Israel,,5
H7398,רְכוּב,Old Testament,Hebrew,noun,a vehicle (as ridden on),,1
H7399,רְכוּשׁ רְכוּשׁ,Old Testament,Hebrew,noun,"riches, substance.",,28
H7400,רָכִיל,Old Testament,Hebrew,noun,"carry tales, talebearer",,6
H7401,רָכַך,Old Testament,Hebrew,verb,used figuratively,,8
H7402,רָכַל,Old Testament,Hebrew,verb,to travel for trading,,17
H7403,רָכָל,Old Testament,Hebrew,noun location,a place in Israel,,1
H7404,רְכוּלָּה,Old Testament,Hebrew,noun,traffic.,,4
H7405,רָכַס,Old Testament,Hebrew,verb,to tie,,2
H7406,רֶכֶס,Old Testament,Hebrew,noun,a mountain ridge (as of tied summits),,1
H7407,רוֹכֶס,Old Testament,Hebrew,noun,a snare (as of tied meshes),,1
H7408,רָכַשׁ,Old Testament,Hebrew,verb,i.e. collect,,5
H7409,רֶכֶשׁ,Old Testament,Hebrew,noun,"mule, swift beast.",,4
H7410,רָם,Old Testament,Hebrew,noun proper,the name of an Arabian and of an Israelite,,7
H7411,רָמָה,Old Testament,Hebrew,verb,(figuratively) to delude or betray (as if causing to fall),,12
A7412,רְמָה,Old Testament,Aramaic,verb,"set, (figuratively) assess",,12
H7413,רָמָה,Old Testament,Hebrew,noun,a height (as a seat of idolatry),,4
H7414,רָמָה,Old Testament,Hebrew,noun location,the name of four places in Israel,,36
H7415,רִמָּה,Old Testament,Hebrew,noun,literally or figuratively,,7
H7416,רִמּוֹן רִמּוֹן,Old Testament,Hebrew,noun,the tree (from its upright growth) or the fruit (also an artificial ornament),,32
H7417,רִמּוֹן רִמּוֹן רִמּוֹנוֹ,Old Testament,Hebrew,noun location,"the name of a Syrian deity, also of five places in Israel",,16
H7418,רָמוֹת ־ נֶגֶב רָמַת נֶגֶב,Old Testament,Hebrew,noun location,a place in Israel,,2
H7419,רָמוּת,Old Testament,Hebrew,noun,a heap (of carcasses),,1
H7420,רוֹמַח,Old Testament,Hebrew,noun,"javelin, lancet, spear.",,15
H7421,רַמִּי,Old Testament,Hebrew,adjective,i.e. Aramaean,,1
H7422,רַמיָה,Old Testament,Hebrew,noun proper,an Israelite,,1
H7423,רְמִיָה,Old Testament,Hebrew,noun,treachery,,15
H7424,רַמָּך,Old Testament,Hebrew,noun,a brood mare,,1
H7425,רְמַליָהוּ,Old Testament,Hebrew,noun proper,an Israelite,,13
H7426,רָמַם,Old Testament,Hebrew,verb,"get (oneself) up, lift up (self), mount up.",,7
H7427,רוֹמֵמוּת,Old Testament,Hebrew,verb,exaltation,,1
H7428,רִמּוֹן פֶּרֶץ,Old Testament,Hebrew,noun location,a place in the Desert,,2
H7429,רָמַס,Old Testament,Hebrew,verb,in walking or abusively),,19
H7430,רָמַשׂ,Old Testament,Hebrew,verb,by analogy to swarm,,17
H7431,רֶמֶשׂ,Old Testament,Hebrew,noun,creeping (moving) thing.,,17
H7432,רֶמֶת,Old Testament,Hebrew,noun location,a place in Israel,,1
H7433,רָמוֹת גִּלעָד רָמוֹת גִּלעָד,Old Testament,Hebrew,noun proper,a place East of the Jordan,,22
H7434,רָמַת הַמִּצפֶּה,Old Testament,Hebrew,noun location,a place in Israel,,2
H7435,רָמָתִי,Old Testament,Hebrew,adjective,a Ramathite or inhabitant of Ramah,,1
H7436,רָמָתַיִם צּוֹפִים,Old Testament,Hebrew,noun location,a place in Israel,,2
H7437,רָמַת לֶחִי,Old Testament,Hebrew,noun location,a place in Israel,,1
H7438,רוֹן,Old Testament,Hebrew,noun,a shout (of deliverance),,1
H7439,רָנָה,Old Testament,Hebrew,verb,to whiz,,1
H7440,רִנָּה,Old Testament,Hebrew,noun,i.e. shout (of joy or grief),,33
H7441,רִנָּה,Old Testament,Hebrew,noun proper,an Israelite,,1
H7442,רָנַן,Old Testament,Hebrew,verb,i.e. to shout (usually for joy),,54
H7443,רֶנֶן,Old Testament,Hebrew,noun,an ostrich (from its wail),,1
H7444,רַנֵּן,Old Testament,Hebrew,verb,shouting (for joy),,2
H7445,רְנָנָה,Old Testament,Hebrew,noun,"singing, triumphing.",,4
H7446,רִסָּה,Old Testament,Hebrew,noun location,a place in the Desert,,2
H7447,רָסִיס,Old Testament,Hebrew,noun,also a dew-drop,,2
H7448,רֶסֶן,Old Testament,Hebrew,noun,a halter (as restraining); (by implication) the jaw,,4
H7449,רֶסֶן,Old Testament,Hebrew,noun location,a place in Assyrian,,1
H7450,רָסַס,Old Testament,Hebrew,verb,to moisten (with drops),,1
H7451,רַע רָעָה,Old Testament,Hebrew,adjective,"affliction, bad, calamity, + displease(-ure), distress, evil((- favouredness), man, thing), + exceedingly, X great, grief(-vous), harm, heavy, hurt(-ful), ill (favoured), + mark, mischief(-vous), misery, naught(-ty), noisome, + not please, sad(-ly), sore, sorrow, trouble, vex, wicked(-ly, -ness, one), worse(-st), wretchedness, wrong. (Incl. feminine raaah; as adjective or noun.).",,670
H7452,רֵַע,Old Testament,Hebrew,noun,"noise, shouted.",,3
H7453,רֵַע רֵיַע,Old Testament,Hebrew,noun,"companion, fellow, friend, husband, lover, neighbour, X (an-)other.",,189
H7454,רֵַע,Old Testament,Hebrew,noun,a thought (as association of ideas),,2
H7455,רוַֹע,Old Testament,Hebrew,noun,physically or morally,,19
H7456,רָעֵב,Old Testament,Hebrew,verb,"(be, have, suffer, suffer to) hunger(-ry).",,17
H7457,רָעֵב,Old Testament,Hebrew,adjective,hungry.,,16
H7458,רָעָב,Old Testament,Hebrew,noun,"famine, + famished, hunger.",,101
H7459,רְעָבוֹן,Old Testament,Hebrew,noun,famine,,3
H7460,רָעַד,Old Testament,Hebrew,verb,tremble,,3
H7461,רַעַד רֶעָדָה,Old Testament,Hebrew,noun,a shudder,,6
H7462,רָעָה,Old Testament,Hebrew,verb,(generally) to rule,,164
H7463,רֵעֶה,Old Testament,Hebrew,noun,a (male) companion,,3
H7464,רֵעָה,Old Testament,Hebrew,noun,fellow.,,2
H7465,רוֹעָה,Old Testament,Hebrew,verb,utterly.,,1
H7466,רְעוּ,Old Testament,Hebrew,noun proper,a postdiluvian patriarch,,5
H7467,רְעוּאֵל,Old Testament,Hebrew,noun proper,"the name of Moses' father-in-law, also of an Edomite and an Israelite",,11
H7468,רְעוּת,Old Testament,Hebrew,noun,"mate, neighbour.",,6
H7469,רְעוּת,Old Testament,Hebrew,noun,i.e. grasping after,,7
A7470,רְעוּת,Old Testament,Aramaic,noun,will.,,2
H7471,רְעִי,Old Testament,Hebrew,noun,pasture,,1
H7472,רֵעִי,Old Testament,Hebrew,noun proper,an Israelite,,1
H7473,רוֹעִי,Old Testament,Hebrew,verb,a shepherd,,11
H7474,רַעיָה,Old Testament,Hebrew,noun,love.,,10
H7475,רַעיוֹן,Old Testament,Hebrew,noun,H7469,,3
A7476,רַעיוֹן,Old Testament,Aramaic,noun,thought.,,6
H7477,רָעַל,Old Testament,Hebrew,verb,i.e. (figuratively) to brandish,,1
H7478,רַעַל,Old Testament,Hebrew,noun,a reeling (from intoxication),,1
H7479,רַעֲלָה,Old Testament,Hebrew,noun,a long veil (as fluttering),,1
H7480,רְעֵלָיָה,Old Testament,Hebrew,noun proper,an Israelite,,1
H7481,רָעַם,Old Testament,Hebrew,verb,"specifically, to crash (of thunder); (figuratively) to irritate (with anger)",,13
H7482,רַעַם,Old Testament,Hebrew,noun,a peal of thunder,,6
H7483,רַעמָה,Old Testament,Hebrew,noun,the mane of a horse (as quivering in the wind),,1
H7484,רַעמָה,Old Testament,Hebrew,noun location,"the name of a grandson of Ham, and of a place (perhaps founded by him)",,5
H7485,רַעַמיָה,Old Testament,Hebrew,noun proper,an Israelite,,1
H7486,רַעמְסֵס רַעַמסֵס,Old Testament,Hebrew,noun location,a place in Egypt,,5
H7487,רַעמְסֵס רַעַמסֵס,Old Testament,Hebrew,noun location,a place in Egypt,,1
A7488,רַעֲנַן,Old Testament,Aramaic,adjective,green; (figuratively) prosperous,,20
H7489,רָעַע,Old Testament,Hebrew,verb,socially or morally) to be bad,,97
A7490,רְעַע,Old Testament,Aramaic,verb,bruise,,2
H7491,רָעַף,Old Testament,Hebrew,verb,drop (down).,,5
H7492,רָעַץ,Old Testament,Hebrew,verb,vex.,,2
H7493,רָעַשׁ,Old Testament,Hebrew,verb,"also a field of grain), partic. through fear; specifically, to spring (as a locust)",,30
H7494,רַעַשׁ,Old Testament,Hebrew,noun,"bounding, uproar",,17
H7495,רָפָא רָפָה,Old Testament,Hebrew,verb,i.e. (figuratively) to cure,,69
H7496,רָפָה,Old Testament,Hebrew,noun,in plural only),,8
H7497,רָפָא רָפָה,Old Testament,Hebrew,noun,"Rapha, Rephaim(-s). See also H1051.",,25
H7498,רָפָא רָפָה,Old Testament,Hebrew,noun proper,the name of two Israelites,,2
H7499,רְפוּאָה,Old Testament,Hebrew,noun,medicine.,,3
H7500,רִפאוּת,Old Testament,Hebrew,noun,a cure,,1
H7501,רְפָאֵל,Old Testament,Hebrew,noun proper,an Israelite,,1
H7502,רָפַד,Old Testament,Hebrew,verb,"make (a bed), spread.",,3
H7503,רָפָה,Old Testament,Hebrew,verb,literal or figurative),,46
H7504,רָפֶה,Old Testament,Hebrew,adjective,"Raphah. See H7497, H7498. riphah. See H7383.",,4
H7505,רָפוּא,Old Testament,Hebrew,noun proper,an Israelite,,1
H7506,רֶפַח,Old Testament,Hebrew,noun proper,an Israelite,,1
H7507,רְפִידָּה,Old Testament,Hebrew,noun,a railing (as spread along),,1
H7508,רְפִידִּים,Old Testament,Hebrew,noun proper,a place in the Desert,,5
H7509,רְפָיָה,Old Testament,Hebrew,noun proper,the name of five Israelites,,5
H7510,רִפיוֹן,Old Testament,Hebrew,noun,slackness,,1
H7511,רָפַס,Old Testament,Hebrew,verb,i.e. prostrate,,2
A7512,רְפַס,Old Testament,Aramaic,verb,stamp,,2
H7513,רַפסוֹדָה,Old Testament,Hebrew,noun,a raft (as flat on the water),,1
H7514,רָפַק,Old Testament,Hebrew,verb,to recline,,1
H7515,רָפַשׂ,Old Testament,Hebrew,verb,i.e. roil water,,3
H7516,רֶפֶשׁ,Old Testament,Hebrew,noun,mud (as roiled),,1
H7517,רֶפֶת,Old Testament,Hebrew,noun,a stall for cattle (from their resting there),,1
H7518,רַץ,Old Testament,Hebrew,noun,a fragment,,1
H7519,רָצָא,Old Testament,Hebrew,verb,run.,,1
H7520,רָצַד,Old Testament,Hebrew,verb,i.e. (figuratively) be jealous,,1
H7521,רָצָה,Old Testament,Hebrew,verb,to satisfy a debt,"సంతోషించుటకు; ప్రత్యేకంగా, రుణాన్ని తీర్చడానికి",57
H7522,רָצוֹן רָצוֹן,Old Testament,Hebrew,noun,"-ed), delight, desire, favour, (good) pleasure, (own, self, voluntary) will, as...(what) would.",,56
H7523,רָצַח,Old Testament,Hebrew,verb,"i.e. kill (a human being), especially to murder",,47
H7524,רֶצַח,Old Testament,Hebrew,noun,a murder-cry,,2
H7525,רִציָא,Old Testament,Hebrew,noun proper,an Israelite,,1
H7526,רְצִין,Old Testament,Hebrew,noun proper,the name of a Syrian and of an Israelite,,11
H7527,רָצַע,Old Testament,Hebrew,verb,to pierce,,1
H7528,רָצַף,Old Testament,Hebrew,verb,i.e. embroider (as if with bright stones),,1
H7529,רֶצֶף,Old Testament,Hebrew,noun,a red-hot stone (for baking),,1
H7530,רֶצֶף,Old Testament,Hebrew,noun location,a place in Assyrian,,2
H7531,רִצפָּה,Old Testament,Hebrew,noun,pavement.,,8
H7532,רִצפָּה,Old Testament,Hebrew,noun proper,an Israelitess,,4
H7533,רָצַץ,Old Testament,Hebrew,verb,literally or figuratively,,19
H7534,רַק,Old Testament,Hebrew,adjective,thin.,,3
H7535,רַק,Old Testament,Hebrew,verb,"only adverbial, merely, or conjunctional, although",,109
H7536,רוֹק,Old Testament,Hebrew,noun,-tle).,,3
H7537,רָקַב,Old Testament,Hebrew,verb,to decay (as by worm-eating),,2
H7538,רָקָב,Old Testament,Hebrew,noun,decay (by caries),,5
H7539,רִקָּבוֹן,Old Testament,Hebrew,noun,decay (by caries),,1
H7540,רָקַד,Old Testament,Hebrew,verb,i.e. to spring about (wildly or for joy),,9
H7541,רַקָּה,Old Testament,Hebrew,noun,i.e. the side of the head,,5
H7542,רַקּוֹן,Old Testament,Hebrew,noun location,a place in Israel,,1
H7543,רָקַח,Old Testament,Hebrew,verb,"compound, make (ointment), prepare, spice.",,8
H7544,רֶקַח,Old Testament,Hebrew,noun,(properly) perfumery; (by implication) spicery (for flavor),,1
H7545,רוֹקַח,Old Testament,Hebrew,noun,ointment.,,2
H7546,רַקָּח,Old Testament,Hebrew,noun,a male perfumer,,1
H7547,רַקּוַּח,Old Testament,Hebrew,noun,a scented substance,,1
H7548,רַקָּחָה,Old Testament,Hebrew,noun,a female perfumer,,1
H7549,רָקִיַע,Old Testament,Hebrew,noun,i.e. the firmament or (apparently) visible arch of the sky,,17
H7550,רָקִיק,Old Testament,Hebrew,noun,H7556 in its original sense],,8
H7551,רָקַם,Old Testament,Hebrew,verb,(by implication) to fabricate,,9
H7552,רֶקֶם,Old Testament,Hebrew,noun location,"the name of a place in Israel, also of a Midianite and an Israelite",,6
H7553,רִקמָה,Old Testament,Hebrew,noun,embroidery,,12
H7554,רָקַע,Old Testament,Hebrew,verb,"make broad, spread abroad (forth, over, out, into plates), stamp, stretch.",,11
H7555,רִקּוַּע,Old Testament,Hebrew,noun,i.e. a (metallic) plate,,1
H7556,רָקַק,Old Testament,Hebrew,verb,to spit,,1
H7557,רַקַּת,Old Testament,Hebrew,noun location,a place in Israel,,1
H7558,רִשׁיוֹן,Old Testament,Hebrew,noun,a permit,,1
H7559,רָשַׁם,Old Testament,Hebrew,verb,to record,,1
A7560,רְשַׁם,Old Testament,Aramaic,verb,write,,7
H7561,רָשַׁע,Old Testament,Hebrew,verb,violate,,36
H7562,רֶשַׁע,Old Testament,Hebrew,noun,wicked(-ness).,,30
H7563,רָשָׁע,Old Testament,Hebrew,adjective,"guilty, ungodly, wicked (man), that did wrong.",,263
H7564,רִשׁעָה,Old Testament,Hebrew,noun,wickedly(-ness).,,15
H7565,רֶשֶׁף,Old Testament,Hebrew,noun,(as flashing through the air),,7
H7566,רֶשֶׁף,Old Testament,Hebrew,noun proper,an Israelite,,1
H7567,רָשַׁשׁ,Old Testament,Hebrew,verb,to demolish,,2
H7568,רֶשֶׁת,Old Testament,Hebrew,noun,a net (as catching animals),,22
H7569,רַתּתּוֹק,Old Testament,Hebrew,noun,a chain,,1
H7570,רָתַח,Old Testament,Hebrew,verb,to boil,,3
H7571,רֶתַח,Old Testament,Hebrew,noun,a boiling,,1
H7572,רַתּתִּיקָה,Old Testament,Hebrew,noun,a chain,,2
H7573,רָתַם,Old Testament,Hebrew,verb,to yoke up (to the pole of a vehicle),,1
H7574,רֶתֶם רוֹתֶם,Old Testament,Hebrew,noun,the Spanish broom (from its pole-like stems),,4
H7575,רִתמָה,Old Testament,Hebrew,noun proper,a place in the Desert,,2
H7576,רָתַק,Old Testament,Hebrew,verb,to fasten,,2
H7577,רְתוּקָה,Old Testament,Hebrew,noun,i.e. a chain,,1
H7578,רְתֵת,Old Testament,Hebrew,noun,terror,,1
H7579,שָׁאַב,Old Testament,Hebrew,verb,water).,,19
H7580,שָׁאַג,Old Testament,Hebrew,verb,roar.,,21
H7581,שְׁאָגָה,Old Testament,Hebrew,noun,a rumbling or moan,,7
H7582,שָׁאָה,Old Testament,Hebrew,verb,"(make a) rush(-ing), (lay) waste.",,6
H7583,שָׁאָה,Old Testament,Hebrew,verb,i.e. (intransitively) be astonished,,1
H7584,שַׁאֲוָה,Old Testament,Hebrew,noun,a tempest (as rushing),,1
H7585,שְׁאוֹל שְׁאוֹל,Old Testament,Hebrew,noun,including its accessories and inmates,,65
H7586,שָׁאוּל,Old Testament,Hebrew,noun proper,the name of an Edomite and two Israelites,,406
H7587,שָׁאוּלִי,Old Testament,Hebrew,adjective,a Shaulite or descendant of Shaul,,1
H7588,שָׁאוֹן,Old Testament,Hebrew,noun,"noise, pomp, rushing, tumult (X -uous).",,18
H7589,שְׁאָט,Old Testament,Hebrew,noun,contempt,,3
H7590,שָׁאטּ,Old Testament,Hebrew,verb,one contemning,,3
H7591,שְׁאִיָה,Old Testament,Hebrew,noun,desolation,,1
H7592,שָׁאַל שָׁאֵל,Old Testament,Hebrew,verb,"on), beg, borrow, lay to charge, consult, demand, desire, X earnestly, enquire, + greet, obtain leave, lend, pray, request, require, + salute, X straitly, X surely, wish.",,175
A7593,שְׁאֵל,Old Testament,Aramaic,verb,"demand, require",,6
H7594,שְׁאָל,Old Testament,Hebrew,noun proper,an Israelite,,1
A7595,שְׁאֵלָא,Old Testament,Aramaic,noun,i.e. judicial decision or mandate,,1
H7596,שְׁאֵלָה שֵׁלָה,Old Testament,Hebrew,noun,"petition, request.",,14
H7597,שְׁאַלתִּיאֵל שַׁלתִּיאֵל,Old Testament,Hebrew,noun proper,an Israelite,,9
A7598,שְׁאַלתִּיאֵל,Old Testament,Aramaic,noun proper,Shealtiel,,1
H7599,שָׁאַן,Old Testament,Hebrew,verb,i.e. be peaceful,,5
H7600,שַׁאֲנָן,Old Testament,Hebrew,adjective,haughty,,10
H7601,שָׁאַס,Old Testament,Hebrew,verb,to plunder,,1
H7602,שָׁאַף,Old Testament,Hebrew,verb,"devour, haste, pant, snuff up, swallow up.",,14
H7603,שְׂאוֹר,Old Testament,Hebrew,noun,barm or yeast-cake (as swelling by fermentation),,5
H7604,שָׁאַר,Old Testament,Hebrew,verb,"i.e. be (causatively, make) redundant",,133
H7605,שְׁאָר,Old Testament,Hebrew,noun,"remnant, residue, rest.",,26
A7606,שְׁאָר,Old Testament,Aramaic,noun,"residue, rest",,12
H7607,שְׁאֵר,Old Testament,Hebrew,noun,(generally) food of any kind; (figuratively) kindred by blood,,16
H7608,שַׁאֲרָה,Old Testament,Hebrew,noun,female kindred by blood,,1
H7609,שֶׁאֱרָה,Old Testament,Hebrew,noun proper,an Israelitess,,1
H7610,שְׁאָר יָשׁוּב,Old Testament,Hebrew,noun proper,the symbolic name of one of Isaiah's sons,,1
H7611,שְׁאֵרִיתּ,Old Testament,Hebrew,noun,final) portion,,66
H7612,שֵׁאתּ,Old Testament,Hebrew,noun,devastation,,1
H7613,שְׂאֵת,Old Testament,Hebrew,noun,"dignity, excellency, highness, raise up self, rising.",,14
H7614,שְׁבָא,Old Testament,Hebrew,noun location,the name of three early progenitors of tribes and of an Ethiopian district,,23
H7615,שְׁבָאִי,Old Testament,Hebrew,adjective,a Shebaite or descendant of Sheba,,1
H7616,שָׁבָב,Old Testament,Hebrew,noun,i.e. ruin,,1
H7617,שָׁבָה,Old Testament,Hebrew,verb,"carry, carry away, lead, lead away, take) captive(-s), drive (take) away.",,48
H7618,שְׁבוּ,Old Testament,Hebrew,noun,probably the agate,,2
H7619,שְׁבוּאֵל שׁוּבָאֵל,Old Testament,Hebrew,noun proper,the name of two Israelites,,6
H7620,שָׁבוַּע שָׁבוַּע שֶׁבוּעָה,Old Testament,Hebrew,noun,"sevened, i.e. a week (specifically, of years)",,20
H7621,שְׁבוּעָה,Old Testament,Hebrew,noun,i.e. an oath,,30
H7622,שְׁבוּת שְׁבִיתּ,Old Testament,Hebrew,noun,exile; (concretely) prisoners; (figuratively) a former state of prosperity,,42
H7623,שָׁבַח,Old Testament,Hebrew,verb,(figuratively) to pacify (as if by words),,11
A7624,שְׁבַח,Old Testament,Aramaic,verb,i.e. adore,,5
A7625,שְׁבַט,Old Testament,Aramaic,noun,a clan,,1
H7626,שֵׁבֶט,Old Testament,Hebrew,noun,"i.e. (literally) a stick (for punishing, writing, fighting, ruling, walking, etc.) or (figuratively) a clan",,190
H7627,שְׁבָט,Old Testament,Hebrew,noun proper time,a Jewish month,,1
H7628,שְׁבִי,Old Testament,Hebrew,noun,"prisoners, X take away, that was taken.",,46
H7629,שׁוֹבִי,Old Testament,Hebrew,noun proper,an Ammonite,,1
H7630,שׁוֹבַי,Old Testament,Hebrew,noun proper,an Israelite,,2
A7631,שְׂבִיבּ,Old Testament,Aramaic,noun,flame,,2
H7632,שָׁבִיבּ,Old Testament,Hebrew,noun,flame (as split into tongues),,1
H7633,שִׁביָה,Old Testament,Hebrew,noun,exile (abstractly or concretely and collectively),,12
H7634,שָׁביָה,Old Testament,Hebrew,noun proper,an Israelite,,1
H7635,שָׁבִיל,Old Testament,Hebrew,noun,a track or passage-way (as if flowing along),,2
H7636,שָׁבִיס,Old Testament,Hebrew,noun,a netting for the hair,,1
H7637,שְׁבִיעִי שֶׁבִעִי,Old Testament,Hebrew,adjective,seventh,,97
H7638,שָׂבָך,Old Testament,Hebrew,noun,a netting (ornament to the capital of a column),,1
H7639,שְׂבָכָה,Old Testament,Hebrew,noun,also a reticulated ornament to a pillar,,16
H7640,שׁוֹבֶל,Old Testament,Hebrew,noun,a lady's train (as trailing after her),,1
H7641,שִׁבּוֹל שִׁבּוֹלֶת,Old Testament,Hebrew,noun,a branch,,19
H7642,שַׁבלוּל,Old Testament,Hebrew,noun,a snail (as if floating in its own slime),,1
H7643,שְׂבָם שִׂבמָה,Old Testament,Hebrew,noun location,a place in Moab,,6
H7644,שֶׁבנָא שֶׁבנָה,Old Testament,Hebrew,noun proper,an Israelite,,9
H7645,שְׁבַניָה שֶׁבַניָהוּ,Old Testament,Hebrew,noun proper,the name of three or four Israelites,,7
H7646,שָׂבַע שָׂבֵַע,Old Testament,Hebrew,verb,i.e. fill to satisfaction (literally or figuratively),,99
H7647,שָׂבָע,Old Testament,Hebrew,noun,"plenteous(- ness, -ly).",,8
H7648,שׂוֹבַע,Old Testament,Hebrew,noun,"full(-ness), satisfying, be satisfied.",,8
H7649,שָׂבֵַע,Old Testament,Hebrew,adjective,satisfied (with).,,8
H7650,שָׁבַע,Old Testament,Hebrew,verb,"to seven oneself, i.e. swear (as if by repeating a declaration seven times)",,187
H7651,שֶׁבַע שִׁבעָה,Old Testament,Hebrew,noun enumeration,adverbially) seven times,ఒక ఆదిమ కార్డినల్ సంఖ్య; ఏడు (పవిత్రమైన పూర్తి ఒకటిగా),395
H7652,שֶׁבַע,Old Testament,Hebrew,noun location,"the name of a place in Israel, and of two Israelites",,10
H7653,שִׂבעָה,Old Testament,Hebrew,noun,satiety,,1
H7654,שָׂבעָה,Old Testament,Hebrew,noun,"X till...be full, (un-)satiable, satisfy, X sufficiently.",,5
A7655,שִׁבעָה,Old Testament,Aramaic,noun,seven (times),,6
H7656,שִׁבעָה,Old Testament,Hebrew,noun location,a well in Israel,,1
H7657,שִׁבעִים,Old Testament,Hebrew,number,threescore and ten (+ -teen).,,91
H7658,שִׁבעָנָה,Old Testament,Hebrew,number,seven,,1
H7659,שִׁבעָתַיִם,Old Testament,Hebrew,noun,times).,,6
H7660,שָׁבַץ,Old Testament,Hebrew,verb,set.,,2
H7661,שָׁבָץ,Old Testament,Hebrew,noun,i.e. (figuratively) perplexity,,1
A7662,שְׁבַק,Old Testament,Aramaic,verb,i.e. allow to remain,,5
H7663,שָׂבַר שָׁבַר,Old Testament,Hebrew,verb,of watching) to expect (with hope and patience),,8
H7664,שֵׂבֶר,Old Testament,Hebrew,noun,expectation,,2
H7665,שָׁבַר,Old Testament,Hebrew,verb,"off, in pieces, up), broken((-hearted)), bring to the birth, crush, destroy, hurt, quench, X quite, tear, view (by mistake for H7663).",,149
H7666,שָׁבַר,Old Testament,Hebrew,verb,sell.,,21
H7667,שֶׁבֶר שֵׁבֶר,Old Testament,Hebrew,noun,"specifically, a solution (of a dream)",,44
H7668,שֶׁבֶר,Old Testament,Hebrew,noun,victuals.,,9
H7669,שֶׁבֶר,Old Testament,Hebrew,noun proper,an Israelite,,1
H7670,שִׁברוֹן,Old Testament,Hebrew,noun,(figuratively) ruin,,2
H7671,שְׁבָרִים,Old Testament,Hebrew,noun location,a place in Israel,,1
A7672,שְׁבַשׁ,Old Testament,Aramaic,verb,i.e. perplex,,1
H7673,שָׁבַת,Old Testament,Hebrew,verb,"used in many implied relations (causative, figurative or specific)",,71
H7674,שֶׁבֶת,Old Testament,Hebrew,noun,"interruption, cessation",,3
H7675,שֶׁבֶת,Old Testament,Hebrew,noun,seat.,,4
H7676,שַׁבָּת,Old Testament,Hebrew,noun,i.e (specifically) the Sabbath,,111
H7677,שַׁבָּתוֹן,Old Testament,Hebrew,noun,sabbath.,,11
H7678,שַׁבְּתַי,Old Testament,Hebrew,noun proper,the name of three Israelites,,3
H7679,שָׂגָא,Old Testament,Hebrew,verb,"i.e. (causatively) to enlarge, (figuratively) laud",,2
A7680,שְׂגָא,Old Testament,Aramaic,verb,be multiplied.,,3
H7681,שָׁגֵא,Old Testament,Hebrew,noun proper,an Israelite,,1
H7682,שָׂגַב,Old Testament,Hebrew,verb,"(causatively) to make lofty; (by implication), safe, strong",,20
H7683,שָׁגַג,Old Testament,Hebrew,verb,i.e. (figuratively) sin (with more or less apology),,4
H7684,שְׁגָגָה,Old Testament,Hebrew,noun,"ignorance, at unawares; unwittingly.",,19
H7685,שָׂגָה,Old Testament,Hebrew,verb,also figuratively),,3
H7686,שָׁגָה,Old Testament,Hebrew,verb,"by extension (through the idea of intoxication) to reel, (figuratively) be enraptured",,21
H7687,שְׂגוּב,Old Testament,Hebrew,noun proper,the name of two Israelites,,4
H7688,שָׁגַח,Old Testament,Hebrew,verb,i.e. glance sharply at,,3
H7689,שַׂגִּיא,Old Testament,Hebrew,adjective,great.,,2
A7690,שַׂגִּיא,Old Testament,Aramaic,adjective,"quantity or number, also adverbial)",,13
H7691,שְׁגִיאָה,Old Testament,Hebrew,noun,a moral mistake,,1
H7692,שִׁגָּיוֹן שִׁגָּיוֹנָה,Old Testament,Hebrew,noun proper,i.e. (technically) a dithyramb or rambling poem,,2
H7693,שָׁגַל,Old Testament,Hebrew,verb,ravish.,,4
H7694,שֵׁגָל,Old Testament,Hebrew,noun,a queen (from cohabitation),,2
A7695,שֵׁגָל,Old Testament,Aramaic,noun,a (legitimate) queen,,3
H7696,שָׁגַע,Old Testament,Hebrew,verb,play the) mad (man).,,7
H7697,שִׁגָּעוֹן,Old Testament,Hebrew,noun,madness.,,3
H7698,שֶׁגֶר,Old Testament,Hebrew,noun,increase.,,5
H7699,שַׁד שׁוֹד,Old Testament,Hebrew,noun,"pap, teat.",,24
H7700,שֵׁד,Old Testament,Hebrew,noun,a doemon (as malignant),,2
H7701,שׁוֹד שׁוֹד,Old Testament,Hebrew,noun,ravage,,25
H7702,שָׂדַד,Old Testament,Hebrew,verb,i.e. harrow a field,,3
H7703,שָׁדַד,Old Testament,Hebrew,verb,"destroy(-er), oppress, robber, spoil(-er), X utterly, (lay) waste.",,58
H7704,שָׂדֶה שָׂדַי,Old Testament,Hebrew,noun,"field, ground, land, soil, X wild.",,334
H7705,שִׁדָּה,Old Testament,Hebrew,noun,musical instrument.,,2
H7706,שַׁדַּי,Old Testament,Hebrew,noun,the Almighty,సర్వశక్తిమంతుడు,48
H7707,שְׁדֵיאוּר,Old Testament,Hebrew,noun proper,an Israelite,,5
H7708,שִׂדִּים,Old Testament,Hebrew,noun location,a valley in Israel,,3
H7709,שְׁדֵמָה,Old Testament,Hebrew,noun,field.,,6
H7710,שָׁדַף,Old Testament,Hebrew,verb,to scorch,,3
H7711,שְׁדֵפָה שִׁדָּפוֹן,Old Testament,Hebrew,noun,blight,,6
A7712,שְׁדַר,Old Testament,Aramaic,verb,to endeavor,,1
H7713,שְׂדֵרָה,Old Testament,Hebrew,noun,"i.e. rank (of soldiers), story (of rooms)",,4
H7714,שַׁדרַך,Old Testament,Hebrew,noun proper,the Bab. name of one of Daniel's companions,,1
A7715,שַׁדרַך,Old Testament,Aramaic,noun proper,Shadrach,,14
H7716,שֶׂה שֵׂי,Old Testament,Hebrew,noun,i.e. a sheep or goat,,47
H7717,שָׂהֵד,Old Testament,Hebrew,noun,a witness,,1
H7718,שׁוֹהַם,Old Testament,Hebrew,noun,probably the beryl (from its pale green color),,11
H7719,שׁוֹהַם,Old Testament,Hebrew,noun proper,an Israelite,,1
H7720,שַׂהֲרוֹן,Old Testament,Hebrew,noun,round tire like the moon.,,3
H7721,שׂוֹא,Old Testament,Hebrew,verb,H7722,,3
H7722,שׁוֹא שׁוֹאָה שׁוֹאָה,Old Testament,Hebrew,noun,"destroy, destruction, storm, wasteness.",,13
H7723,שָׁוא שַׁו,Old Testament,Hebrew,noun,"figuratively idolatry (as false, subjective), uselessness (as deceptive, objective; also adverbially, in vain)",,54
H7724,שְׁוָא,Old Testament,Hebrew,noun proper,an Israelite,,2
H7725,שׁוּב,Old Testament,Hebrew,verb,(generally) to retreat; (often adverbially) again,,1072
H7726,שׁוֹבָב,Old Testament,Hebrew,adjective,i.e. idolatrous,,4
H7727,שׁוֹבָב,Old Testament,Hebrew,noun proper,the name of two Israelites,,4
H7728,שׁוֹבֵב,Old Testament,Hebrew,adjective,i.e. heathenish or (actually) heathen,,3
H7729,שׁוּבָה,Old Testament,Hebrew,noun,a return,,1
H7730,שׂוֹבֶך,Old Testament,Hebrew,noun,i.e. interlaced branches,,1
H7731,שׁוֹבָך,Old Testament,Hebrew,noun proper,a Syrian,,2
H7732,שׁוֹבָל,Old Testament,Hebrew,noun proper,the name of an Edomite and two Israelites,,9
H7733,שׁוֹבֵק,Old Testament,Hebrew,noun proper,an Israelite,,1
H7734,שׂוּג,Old Testament,Hebrew,verb,to retreat,,1
H7735,שׂוּג,Old Testament,Hebrew,verb,to hedge in,,1
H7736,שׁוּד,Old Testament,Hebrew,verb,by implication of insolence) to devastate,,1
H7737,שָׁוָה,Old Testament,Hebrew,verb,"(figuratively) to resemble; (by implication) to adjust (i.e. counterbalance, be suitable, compose, place, yield, etc.)",,21
H7738,שָׁוָה,Old Testament,Hebrew,noun,to destroy,,1
A7739,שְׁוָה,Old Testament,Aramaic,verb,to resemble,,3
H7740,שָׁוֵה,Old Testament,Hebrew,noun location,a place in Israel,,1
H7741,שָׁוֵה קִריָתַיִם,Old Testament,Hebrew,noun proper,a place East of the Jordan,,1
H7742,שׂוַּח,Old Testament,Hebrew,verb,to muse pensively,,1
H7743,שׁוַּח,Old Testament,Hebrew,verb,literally or figuratively,,4
H7744,שׁוַּח,Old Testament,Hebrew,noun proper,a son of Abraham,,2
H7745,שׁוּחָה,Old Testament,Hebrew,noun,pit.,,5
H7746,שׁוּחָה,Old Testament,Hebrew,noun proper,an Israelite,,1
H7747,שׁוּחִי,Old Testament,Hebrew,adjective,a Shuchite or descendant of Shuach,,5
H7748,שׁוּחָם,Old Testament,Hebrew,noun proper,an Israelite,,1
H7749,שׁוּחָמִי,Old Testament,Hebrew,adjective,a Shuchamite (collectively),,2
H7750,שׂוּט סוּט,Old Testament,Hebrew,verb,"namely, idolatry)",,2
H7751,שׁוּט,Old Testament,Hebrew,verb,(by implication) to travel,,13
H7752,שׁוֹט,Old Testament,Hebrew,noun,whip.,,11
H7753,שׂוּך,Old Testament,Hebrew,verb,"i.e. shut in (for formation, protection or restraint)",,2
H7754,שׂוֹך שׂוֹכָה,Old Testament,Hebrew,noun,a branch (as interleaved),,2
H7755,שׂוֹכוֹה שׂוֹכוֹה שׂוֹכוֹ,Old Testament,Hebrew,noun location,the name of two places in Israel,,8
H7756,שׂוּכָתִי,Old Testament,Hebrew,adjective,a Sukathite or descendant of an unknown Israelite named Sukah,,1
H7757,שׁוּל,Old Testament,Hebrew,noun,"skirt, train.",,11
H7758,שׁוֹלָל שֵׁילָל,Old Testament,Hebrew,adjective,stripped.,,4
H7759,שׁוּלַמִּיתּ,Old Testament,Hebrew,adjective,"the Shulammith, an epithet of Solomon's queen",,2
H7760,שׂוּם שִׂים,Old Testament,Hebrew,verb,"literal, figurative, inferentially, and elliptically)",,585
A7761,שׂוּם,Old Testament,Aramaic,verb,"give, lay, make, + name, + regard, set",,26
H7762,שׁוּם,Old Testament,Hebrew,noun,garlic (from its rank odor),,1
H7763,שׁוֹמֵר שׁוֹמֵר,Old Testament,Hebrew,noun proper,the name of two Israelites,,2
H7764,שׁוּנִי,Old Testament,Hebrew,noun proper,an Israelite,,2
H7765,שׁוּנִי,Old Testament,Hebrew,adjective,a Shunite (collectively) or descendants of Shuni,,1
H7766,שׁוּנֵם,Old Testament,Hebrew,noun location,a place in Israel,,3
H7767,שׁוּנַמִּיתּ,Old Testament,Hebrew,adjective,or female inhabitant of Shunem,,8
H7768,שָׁוַע,Old Testament,Hebrew,verb,"to halloo (for help, i.e. freedom from some trouble)",,21
H7769,שׁוַּע,Old Testament,Hebrew,noun,riches.,,2
H7770,שׁוַּע,Old Testament,Hebrew,noun proper,a Canaanite,,2
H7771,שׁוַֹע,Old Testament,Hebrew,adjective,"(as noun in the derived sense) a hallo, a call out",,3
H7772,שׁוַֹע,Old Testament,Hebrew,noun proper,an Oriental people,,1
H7773,שֶׁוַע,Old Testament,Hebrew,verb,a halloo,,1
H7774,שׁוּעָא,Old Testament,Hebrew,noun proper,an Israelitess,,1
H7775,שַׁועָה,Old Testament,Hebrew,noun,a hallooing,,11
H7776,שׁוּעָל שׁוּעָל,Old Testament,Hebrew,noun,a jackal (as a burrower),,7
H7777,שׁוּעָל,Old Testament,Hebrew,noun location,the name of an Israelite and of a place in Israel,,2
H7778,שׁוֹעֵר שׁוֹעֵר,Old Testament,Hebrew,noun,porter.,,37
H7779,שׁוּף,Old Testament,Hebrew,verb,(figuratively) to overwhelm,,4
H7780,שׁוֹפָך,Old Testament,Hebrew,noun proper,a Syrian,,2
H7781,שׁוּפָמִי,Old Testament,Hebrew,adjective,a Shuphamite (collectively) or descendants of Shephupham,,1
H7782,שׁוֹפָר שׁוֹפָר,Old Testament,Hebrew,noun,trumpet.,,72
H7783,שׁוּק,Old Testament,Hebrew,verb,i.e. overflow,,3
H7784,שׁוּק,Old Testament,Hebrew,noun,a street (as run over),,4
H7785,שׁוֹק,Old Testament,Hebrew,noun,"leg, shoulder, thigh.",,19
H7786,שׂוּר,Old Testament,Hebrew,verb,"have power, reign. See H5493.",,3
H7787,שׂוּר,Old Testament,Hebrew,verb,to saw,,1
H7788,שׁוּר,Old Testament,Hebrew,verb,i.e. travel about (as a harlot or a merchant),,2
H7789,שׁוּר,Old Testament,Hebrew,verb,"lay wait, look, observe, perceive, regard, see.",,16
H7790,שׁוּר,Old Testament,Hebrew,noun,a foe (as lying in wait),,1
H7791,שׁוּר,Old Testament,Hebrew,noun,a wall (as going about),,4
A7792,שׁוּר,Old Testament,Aramaic,noun,wall,,3
H7793,שׁוּר,Old Testament,Hebrew,noun location,a region of the Desert,,6
H7794,שׁוֹר,Old Testament,Hebrew,noun,"cow, ox, wall (by mistake for H7791).",,79
H7795,שׂוֹרָה,Old Testament,Hebrew,noun,i.e. (by analogy) a row (adverbially),,1
H7796,שׂוֹרֵק,Old Testament,Hebrew,noun location,a valley in Israel,,1
H7797,שׂוּשׂ שִׂישׂ,Old Testament,Hebrew,verb,i.e. cheerful,,27
H7798,שַׁושָׁא,Old Testament,Hebrew,noun proper,an Israelite,,1
H7799,שׁוּשַׁן שׁוֹשָׁן שׁוֹשָׁן שׁוֹשַׁנָּה,Old Testament,Hebrew,noun,also a (straight) trumpet (from the tubular shape),,15
H7800,שׁוּשַׁן,Old Testament,Hebrew,noun location,a place in Persia,,21
A7801,שׁוּשַׁנכִּי,Old Testament,Aramaic,noun location,a Shushankite (collectively) or inhabitants of some unknown place in Assyrian,,1
H7802,שׁוּשַׁן עֵדוּת שׁוֹשַׁנִּים עֵדוּת,Old Testament,Hebrew,noun,the title of a popular song,,4
H7803,שׁוּתֶלַח,Old Testament,Hebrew,noun proper,the name of two Israelites,,4
A7804,שְׁזַב,Old Testament,Aramaic,verb,i.e. (causatively) free,,9
H7805,שָׁזַף,Old Testament,Hebrew,verb,see.,,3
H7806,שָׁזַר,Old Testament,Hebrew,verb,to twist (a thread of straw),,21
H7807,שַׁח,Old Testament,Hebrew,adjective,i.e. downcast,,1
H7808,שֵַׂח,Old Testament,Hebrew,noun,i.e. (reflexively) meditation,,1
H7809,שָׁחַד,Old Testament,Hebrew,verb,i.e. bribe,,2
H7810,שַׁחַד,Old Testament,Hebrew,noun,"gift, present, reward.",,23
H7811,שָׂחָה,Old Testament,Hebrew,verb,to inundate,,3
H7812,שָׁחָה,Old Testament,Hebrew,verb,"i.e. prostrate (especially reflexive, in homage to royalty or God)",,175
H7813,שָׂחוּ,Old Testament,Hebrew,noun,a pond (for swimming),,1
H7814,שְׂחוֹק שְׂחוֹק,Old Testament,Hebrew,noun,"laughter(-ed to scorn, -ing), mocked, sport.",,15
H7815,שְׁחוֹר,Old Testament,Hebrew,noun,i.e. perhaps soot,,1
H7816,שְׁחוּת,Old Testament,Hebrew,noun,pit,,1
H7817,שָׁחַח,Old Testament,Hebrew,verb,"bow (down), bring (cast) down, couch, humble self, be (bring) low, stoop.",,21
H7818,שָׂחַט,Old Testament,Hebrew,verb,i.e. squeeze (grapes),,1
H7819,שָׁחַט,Old Testament,Hebrew,noun,"offer, shoot out, slay, slaughter.",,81
H7820,שָׁחַט,Old Testament,Hebrew,verb,to hammer out,,6
H7821,שְׁחִיטָּה,Old Testament,Hebrew,noun,slaughter,,1
H7822,שְׁחִין,Old Testament,Hebrew,noun,i.e. an ulcer,,13
H7823,שָׁחִיס סָחִישׁ,Old Testament,Hebrew,noun,after-growth,,2
H7824,שָׁחִיף,Old Testament,Hebrew,adjective,a board (as chipped thin),,1
H7825,שְׁחִיתּ,Old Testament,Hebrew,noun,pit.,,1
H7826,שַׁחַל,Old Testament,Hebrew,noun,a lion (from his characteristic roar),,7
H7827,שְׁחֵלֶת,Old Testament,Hebrew,noun,i.e. the aromatic mussel,,1
H7828,שַׁחַף,Old Testament,Hebrew,noun,i.e. emaciate],,2
H7829,שַׁחֶפֶת,Old Testament,Hebrew,noun,emaciation,,2
H7830,שַׁחַץ,Old Testament,Hebrew,noun,pride.,,2
H7831,שַׁחֲצוֹם,Old Testament,Hebrew,noun location,a place in Israel,,1
H7832,שָׂחַק,Old Testament,Hebrew,verb,"have in derision, laugh, make merry, mock(-er), play, rejoice, (laugh to) scorn, be in (make) sport.",,36
H7833,שָׁחַק,Old Testament,Hebrew,verb,wear.,,4
H7834,שַׁחַק,Old Testament,Hebrew,noun,the firmament,,21
H7835,שָׁחַר,Old Testament,Hebrew,verb,to be dim or dark (in color),,1
H7836,שָׁחַר,Old Testament,Hebrew,verb,"by extension, to search for (with painstaking)",,12
H7837,שַׁחַר,Old Testament,Hebrew,noun,figurative or adverbial),,25
H7838,שָׁחוֹר שָׁחוֹר,Old Testament,Hebrew,adjective,but also (absol.) jetty,,6
H7839,שַׁחֲרוּת,Old Testament,Hebrew,noun,i.e. (figuratively) juvenescence,,1
H7840,שְׁחַרחוֹרֶת,Old Testament,Hebrew,adjective,swarthy,,1
H7841,שְׁחַריָה,Old Testament,Hebrew,noun proper,an Israelite,,1
H7842,שַׁחֲרַיִם,Old Testament,Hebrew,noun proper,an Israelite,,1
H7843,שָׁחַת,Old Testament,Hebrew,verb,i.e. (causatively) ruin (literally or figuratively),,147
A7844,שְׁחַת,Old Testament,Aramaic,verb,fault,,3
H7845,שַׁחַת,Old Testament,Hebrew,noun,"destruction, ditch, grave, pit.",,23
H7846,שֵׂט סֵט,Old Testament,Hebrew,noun,i.e. sin,,1
H7847,שָׂטָה,Old Testament,Hebrew,verb,"go aside, turn.",,6
H7848,שִׁטָּה שִׁטִּים,Old Testament,Hebrew,noun,meaning the sticks of wood) from the same as H7850],,28
H7849,שָׁטַח,Old Testament,Hebrew,verb,"enlarge, spread, stretch out.",,6
H7850,שׁוֹטֵט,Old Testament,Hebrew,noun,to pierce],,1
H7851,שִׁטִּים,Old Testament,Hebrew,noun location,a place East of the Jordan,,5
H7852,שָׂטַם,Old Testament,Hebrew,verb,i.e. persecute,,6
H7853,שָׂטַן,Old Testament,Hebrew,verb,(figuratively) accuse,,6
H7854,שָׂטָן,Old Testament,Hebrew,noun,the arch-enemy of good,,27
H7855,שִׂטנָה,Old Testament,Hebrew,noun,opposition (by letter),,1
H7856,שִׂטנָה,Old Testament,Hebrew,noun proper,the name of a well in Israel,,1
H7857,שָׁטַף,Old Testament,Hebrew,verb,"(by analogy) to gallop, conquer",,31
H7858,שֶׁטֶף שֵׁטֶף,Old Testament,Hebrew,noun,"outrageous, overflowing.",,6
A7859,שְׁטַר,Old Testament,Aramaic,noun,a side,,1
H7860,שׁוֹטֵר,Old Testament,Hebrew,noun,i.e. (by analogy or implication) an official superintendent or magistrate,,25
H7861,שִׁטרַי,Old Testament,Hebrew,noun proper,an Israelite,,2
H7862,שַׁי,Old Testament,Hebrew,noun,a gift (as available),,3
H7863,שִׂיא,Old Testament,Hebrew,noun,elevation,,1
H7864,שְׁיָא,Old Testament,Hebrew,noun proper,an Israelite,,1
H7865,שִׂיאוֹן,Old Testament,Hebrew,noun location,the summit of Mt. Hermon,,1
H7866,שִׁיאוֹן,Old Testament,Hebrew,noun location,a place in Israel,,1
H7867,שִׂיבּ,Old Testament,Hebrew,verb,(properly) to become aged; (by implication) to grow gray,,2
A7868,שִׂיבּ,Old Testament,Aramaic,verb,elder,,5
H7869,שֵׂיבּ,Old Testament,Hebrew,noun,old age,,1
H7870,שִׁיבָּה,Old Testament,Hebrew,noun,a return (of property),,1
H7871,שִׁיבָּה,Old Testament,Hebrew,noun,residence,,1
H7872,שֵׂיבָּה,Old Testament,Hebrew,noun,"-y) hairs (head,-ed), old age.",,19
H7873,שִׂיגּ,Old Testament,Hebrew,noun,a withdrawal (into a private place),,1
H7874,שִׂידּ,Old Testament,Hebrew,verb,to plaster,,4
H7875,שִׂידּ,Old Testament,Hebrew,noun,plaister.,,2
H7876,שָׁיָה,Old Testament,Hebrew,verb,to keep in memory,,1
H7877,שִׁיזָא,Old Testament,Hebrew,noun proper,an Israelite,,1
H7878,שִׂיַח,Old Testament,Hebrew,verb,"and hence, aloud) or (transitively) utter",,21
H7879,שִׂיַח,Old Testament,Hebrew,noun,"communication, complaint, meditation, prayer, talk.",,13
H7880,שִׂיַח,Old Testament,Hebrew,noun,"plant, shrub.",,4
H7881,שִׂיחָה,Old Testament,Hebrew,noun,devotion,,3
H7882,שִׁיחָה,Old Testament,Hebrew,noun,a pit-fall,,3
H7883,שִׁיחוֹר שִׁחוֹר שִׁחוֹר,Old Testament,Hebrew,noun proper,"Shichor, a stream of Egypt",,4
H7884,שִׁיחוֹר לִבֶנָת,Old Testament,Hebrew,noun proper,a stream of Israel,,1
H7885,שַׁיִט,Old Testament,Hebrew,noun,scourge.,,2
H7886,שִׁילוֹה,Old Testament,Hebrew,noun proper,an epithet of the Messiah,,2
H7887,שִׁילוֹה שִׁלוֹה שִׁילוֹ שִׁלוֹ,Old Testament,Hebrew,noun location,a place in Israel,,32
H7888,שִׁילוֹנִי שִׁילוֹנִי שִׁלוֹנִי,Old Testament,Hebrew,adjective,a Shilonite or inhabitant of Shiloh,,6
H7889,שִׁימוֹן,Old Testament,Hebrew,noun proper,an Israelite,,1
H7890,שַׁיִן,Old Testament,Hebrew,noun,urine,,2
H7891,שִׁיר שׁוּר,Old Testament,Hebrew,verb,"sing(-er, -ing man, - ing woman).",పాడటానికి,87
H7892,שִׁיר שִׁירָה,Old Testament,Hebrew,noun,singing,,91
H7893,שַׁיִשׁ,Old Testament,Hebrew,noun,i.e. marble,,1
H7894,שִׁישָׁא,Old Testament,Hebrew,noun proper,an Israelite,,1
H7895,שִׁישַׁק שׁוּשַׁק,Old Testament,Hebrew,noun proper,an Egyptian king,,8
H7896,שִׁיתּ,Old Testament,Hebrew,verb,"appoint, array, bring, consider, lay (up), let alone, X look, make, mark, put (on), + regard, set, shew, be stayed, X take.",,86
H7897,שִׁיתּ,Old Testament,Hebrew,noun,a dress (as put on),,2
H7898,שַׁיִת,Old Testament,Hebrew,noun,i.e. wild growth of weeds or briers (as if put on the field),,7
H7899,שֵׂך,Old Testament,Hebrew,noun,H7753,,1
H7900,שׂוֹך,Old Testament,Hebrew,noun,H7753,,1
H7901,שָׁכַב,Old Testament,Hebrew,verb,"sexual connection, decease or any other purpose)",,212
H7902,שְׁכָבָה,Old Testament,Hebrew,noun,or for the sexual act),,10
H7903,שֶׁכוֹבֶת,Old Testament,Hebrew,noun,a (sexual) lying with,,4
H7904,שָׁכָה,Old Testament,Hebrew,verb,to roam (through lust),,1
H7905,שׂוּכָּה,Old Testament,Hebrew,noun,H7899,,1
H7906,שֵׂכוּ,Old Testament,Hebrew,noun location,a place in Israel,,1
H7907,שֶׂכוִי,Old Testament,Hebrew,noun,observant; (concretely) the mind,,1
H7908,שְׁכוֹל,Old Testament,Hebrew,noun,spoiling.,,3
H7909,שַׁכּוּל שַׁכּוּל,Old Testament,Hebrew,adjective,bereaved (robbed) of children (whelps).,,6
H7910,שִׁכּוֹר שִׁכּוֹר,Old Testament,Hebrew,adjective,as a state or a habit,,13
H7911,שָׁכַח שָׁכֵַח,Old Testament,Hebrew,verb,"i.e. to be oblivious of, from want of memory or attention",,103
A7912,שְׁכַח,Old Testament,Aramaic,verb,to discover (literally or figuratively),,18
H7913,שָׁכֵַח,Old Testament,Hebrew,adjective,oblivious,,1
H7914,שְׂכִיָה,Old Testament,Hebrew,noun,a conspicuous object,,1
H7915,שַׂכִּין,Old Testament,Hebrew,noun,H7753,,1
H7916,שָׂכִיר,Old Testament,Hebrew,adjective,"servant), hireling.",,17
H7917,שְׂכִירָה,Old Testament,Hebrew,adjective,a hiring,,1
H7918,שָׁכַך,Old Testament,Hebrew,verb,abate a flood),,5
H7919,שָׂכַל,Old Testament,Hebrew,verb,"make or act) circumspect and hence, intelligent",,64
A7920,שְׂכַל,Old Testament,Aramaic,verb,consider,,1
H7921,שָׁכוֹל,Old Testament,Hebrew,verb,"by analogy, to bereave (literally or figuratively)",,24
H7922,שֶׂכֶל שֵׂכֶל,Old Testament,Hebrew,noun,"knowledge, policy, prudence, sense, understanding, wisdom, wise.",,15
H7923,שִׁכּוּלִים,Old Testament,Hebrew,noun,childlessness (by continued bereavements),,1
A7924,שָׂכלְתָנוּ,Old Testament,Aramaic,noun,intelligence,,3
H7925,שָׁכַם,Old Testament,Hebrew,verb,"properly, to incline (the shoulder to a burden); but used only as denominative from H7926]",,65
H7926,שְׁכֶם,Old Testament,Hebrew,noun,"X consent, portion, shoulder.",,22
H7927,שְׁכֶם,Old Testament,Hebrew,noun location,a place in Israel,,47
H7928,שֶׁכֶם,Old Testament,Hebrew,noun proper,the name of a Hivite and two Israelites,,15
H7929,שִׁכמָה,Old Testament,Hebrew,noun,the shoulder-bone,,1
H7930,שִׁכמִי,Old Testament,Hebrew,adjective,or descendants of Shekem,,1
H7931,שָׁכַן,Old Testament,Hebrew,verb,"continue, (cause to, make to) dwell(-er), have habitation, inhabit, lay, place, (cause to) remain, rest, set (up).",,129
A7932,שְׁכַן,Old Testament,Aramaic,verb,have habitation,,2
H7933,שֶׁכֶן,Old Testament,Hebrew,noun,a residence,,1
H7934,שָׁכֵן,Old Testament,Hebrew,adjective,a fellow-citizen,,21
H7935,שְׁכַניָה שְׁכַניָהוּ,Old Testament,Hebrew,noun proper,the name of nine Israelites,,10
H7936,שָׂכַר סָכַר,Old Testament,Hebrew,verb,"hire (out self), reward, X surely.",,21
H7937,שָׁכַר,Old Testament,Hebrew,verb,to satiate with a stimulating drink or (figuratively) influence,,19
H7938,שֶׂכֶר,Old Testament,Hebrew,noun,sluices.,,2
H7939,שָׂכָר,Old Testament,Hebrew,noun,"(by implication) compensation, benefit",,28
H7940,שָׂכָר,Old Testament,Hebrew,noun proper,the name of two Israelites,,2
H7941,שֵׁכָר,Old Testament,Hebrew,noun,i.e. intensely alcoholic liquor,,23
H7942,שִׁכְּרוֹן,Old Testament,Hebrew,noun location,"Shikkeron, a place in Israel",,1
H7943,שִׁכָּרוֹן,Old Testament,Hebrew,noun,intoxication,,3
H7944,שַׁל,Old Testament,Hebrew,noun,a fault,,1
H7945,שֶׁל,Old Testament,Hebrew,particle,"on account of, whatsoever, whichsoever",,3
H7946,שַׁלאֲנָן,Old Testament,Hebrew,adjective,tranquil,,1
H7947,שָׁלַב,Old Testament,Hebrew,verb,set in order.,,2
H7948,שָׁלָב,Old Testament,Hebrew,noun,i.e. the stile in a frame or panel,,3
H7949,שָׁלַג,Old Testament,Hebrew,verb,"properly, meaning to be white; used only as denominative from H7950]",,1
H7950,שֶׁלֶג,Old Testament,Hebrew,noun,snow (probably from its whiteness),,20
H7951,שָׁלָה שָׁלַו,Old Testament,Hebrew,verb,i.e. secure or successful,,5
H7952,שָׁלָה,Old Testament,Hebrew,verb,be negligent.,,2
H7953,שָׁלָה,Old Testament,Hebrew,verb,i.e. remove (the soul by death),,1
A7954,שְׁלָה,Old Testament,Aramaic,verb,to be secure,,1
A7955,שָׁלָה,Old Testament,Aramaic,noun,a wrong,,1
H7956,שֵׁלָה,Old Testament,Hebrew,noun proper,the name of a postdiluvian patriarch and of an Israelite,,8
H7957,שַׁלהֶבֶת,Old Testament,Hebrew,noun,a flare of fire,,3
H7958,שְׂלָו שְׂלָיו,Old Testament,Hebrew,noun,the quail collectively (as slow in flight from its weight),,4
H7959,שֶׁלֶו,Old Testament,Hebrew,noun,security,,1
A7960,שָׁלוּ שָׁלוּת,Old Testament,Aramaic,noun,"X fail, thing amiss.",,4
H7961,שָׁלֵו שָׁלֵיו שְׁלֵוָה,Old Testament,Hebrew,adjective,security,,8
H7962,שַׁלוָה,Old Testament,Hebrew,noun,"peace(-ably), prosperity, quietness.",,8
A7963,שְׁלֵוָה,Old Testament,Aramaic,noun,safety,,1
H7964,שִׁלּוַּח שִׁלּוַּח,Old Testament,Hebrew,noun,have sent back.,,3
H7965,שָׁלוֹם שָׁלוֹם,Old Testament,Hebrew,noun,"(abstractly) welfare, i.e. health, prosperity, peace",శాంతి - సమాధానము,236
H7966,שִׁלּוּם שִׁלּוּם,Old Testament,Hebrew,noun,"i.e. (secure) retribution, (venal) a fee",,3
H7967,שַׁלּוּם שַׁלּוּם,Old Testament,Hebrew,noun proper,the name of fourteen Israelites,,27
H7968,שַׁלוּן,Old Testament,Hebrew,noun proper,an Israelite,,1
H7969,שָׁלוֹשׁ שָׁלוֹשׁ שְׁלוֹשָׁה שְׁלוֹשָׁה,Old Testament,Hebrew,noun,or (multipl.) thrice,"మూడు; అప్పుడప్పుడు (ఆర్డినల్) మూడవ, లేదా (మల్టిపుల్.) మూడుసార్లు",431
H7970,שְׁלוֹשִׁים שְׁלוֹשִׁים,Old Testament,Hebrew,noun,thirtieth.,,174
H7971,שָׁלַח,Old Testament,Hebrew,verb,"for, or out (in a great variety of applications)",,847
A7972,שְׁלַח,Old Testament,Aramaic,verb,send,,14
H7973,שֶׁלַח,Old Testament,Hebrew,noun,"(figuratively) a shoot of growth, i.e. branch",,8
H7974,שֶׁלַח,Old Testament,Hebrew,noun proper,a postdiluvian patriarch,,9
H7975,שִׁלּוַֹח שֶׁלַח,Old Testament,Hebrew,noun location,a fountain of Jerusalem,,2
H7976,שִׁלּוּחָה,Old Testament,Hebrew,noun,a shoot,,1
H7977,שִׁלחִי,Old Testament,Hebrew,noun proper,"Shilchi, an Israelite",,2
H7978,שִׁלחִים,Old Testament,Hebrew,noun location,a place in Israel,,1
H7979,שׁוּלחָן,Old Testament,Hebrew,noun,a table (as spread out); (by implication) a meal,,71
H7980,שָׁלַט,Old Testament,Hebrew,verb,(by implication) to permit,,8
A7981,שְׁלֵט,Old Testament,Aramaic,verb,"have power, bear rule, be (make) ruler",,7
H7982,שֶׁלֶט,Old Testament,Hebrew,noun,i.e. protecting the person),,7
A7983,שִׁלטּוֹן,Old Testament,Aramaic,noun,a potentate,,2
A7984,שִׁלטּוֹן שִׁלטּוֹן,Old Testament,Aramaic,noun,a potentate,,2
A7985,שָׁלטָּן,Old Testament,Aramaic,noun,empire,,14
H7986,שַׁלֶּטֶת,Old Testament,Hebrew,adjective,a vixen,,1
H7987,שְׁלִי,Old Testament,Hebrew,noun,privacy,,1
H7988,שִׁליָה,Old Testament,Hebrew,noun,a fetus or babe (as extruded in birth),,1
H7989,שַׁלִּיטּ,Old Testament,Hebrew,adjective,"mighty, that hath power, ruler.",,4
A7990,שַׁלִּיטּ,Old Testament,Aramaic,adjective,"be lawful, rule(- r).",,10
H7991,שָׁלִישׁ שָׁלוֹשׁ שָׁלוֹשׁ,Old Testament,Hebrew,noun,"(as an indefinite, great quantity) a three-fold measure (perhaps a treble ephah)",,20
H7992,שְׁלִישִׁי,Old Testament,Hebrew,adjective,"a third (day, year or time)",,106
H7993,שָׁלַך,Old Testament,Hebrew,verb,down or away (literally or figuratively),,125
H7994,שָׁלָך,Old Testament,Hebrew,noun,usually thought to be the pelican (from casting itself into the sea),,2
H7995,שַׁלֶּכֶת,Old Testament,Hebrew,noun,a felling (of trees),,1
H7996,שַׁלֶּכֶת,Old Testament,Hebrew,noun proper,a gate in Jerusalem,,1
H7997,שָׁלַל,Old Testament,Hebrew,verb,"make self a prey, X of purpose, (make a, (take)) spoil.",,16
H7998,שָׁלָל,Old Testament,Hebrew,noun,spoil.,,74
H7999,שָׁלַם,Old Testament,Hebrew,verb,(figuratively) to be completed; (causatively) to make completed,,116
A8000,שְׁלַם,Old Testament,Aramaic,verb,to restore,,3
A8001,שְׁלָם,Old Testament,Aramaic,noun,prosperity,,4
H8002,שֶׁלֶם,Old Testament,Hebrew,noun,i.e. a (voluntary) sacrifice in thanks,,87
H8003,שָׁלֵם,Old Testament,Hebrew,adjective,"just, made ready, peaceable, perfect(-ed), quiet, Shalem (by mistake for a name), whole.",,28
H8004,שָׁלֵם,Old Testament,Hebrew,noun location,an early name of Jerusalem,,2
H8005,שִׁלֵּם,Old Testament,Hebrew,noun,requital,,1
H8006,שִׁלֵּם,Old Testament,Hebrew,noun proper,an Israelite,,2
H8007,שַׂלמָא,Old Testament,Hebrew,noun proper,the name of two Israelites,,4
H8008,שַׂלמָה,Old Testament,Hebrew,noun,"garment, raiment.",,16
H8009,שַׂלמָה,Old Testament,Hebrew,noun proper,an Israelite,,1
H8010,שְׁלוֹמוֹה,Old Testament,Hebrew,noun proper,David's successor,,293
H8011,שִׁלּוּמָה,Old Testament,Hebrew,noun,retribution,,1
H8012,שַׂלמוֹן,Old Testament,Hebrew,noun proper,an Israelite,,1
H8013,שְׁלוֹמוֹת,Old Testament,Hebrew,noun proper,the name of two Israelites,,5
H8014,שַׂלמַי,Old Testament,Hebrew,noun proper,an Israelite,,2
H8015,שְׁלוֹמִי,Old Testament,Hebrew,noun proper,an Israelite,,1
H8016,שִׁלֵּמִי,Old Testament,Hebrew,noun proper,a Shilemite (collectively) or descendants of Shillem,,1
H8017,שְׁלוּמִיאֵל,Old Testament,Hebrew,noun proper,an Israelite,,5
H8018,שֶׁלֶמיָה שֶׁלֶמיָהוּ,Old Testament,Hebrew,noun proper,the name of nine Israelites,,10
H8019,שְׁלוֹמִיתּ שְׁלוֹמִיתּ,Old Testament,Hebrew,noun proper,the name of five Israelites and three Israelitesses,,8
H8020,שַׁלמַן,Old Testament,Hebrew,noun proper,a king apparently of Assyria,,8
H8021,שַׁלמוֹן,Old Testament,Hebrew,noun,a bribe,,1
H8022,שַׁלמַנאֶסֶר,Old Testament,Hebrew,noun proper,an Assyrian king,,2
H8023,שִׁלוֹנִי,Old Testament,Hebrew,noun proper,an Israelite,,1
H8024,שֵׁלָנִי,Old Testament,Hebrew,noun proper,or descendants of Shelah,,1
H8025,שָׁלַף,Old Testament,Hebrew,verb,up or off,,25
H8026,שֶׁלֶף,Old Testament,Hebrew,noun proper,a son of Jokthan,,2
H8027,שָׁלַשׁ,Old Testament,Hebrew,verb,"to be (causatively, make) triplicate (by restoration, in portions, strands, days or years)",,10
H8028,שֶׁלֶשׁ,Old Testament,Hebrew,noun proper,an Israelite,,1
H8029,שִׁלֵּשׁ,Old Testament,Hebrew,adjective,i.e. great grandchild,,5
H8030,שִׁלשָׁה,Old Testament,Hebrew,noun proper,an Israelite,,1
H8031,שָׁלִשָׁה,Old Testament,Hebrew,noun proper,a place in Israel,,1
H8032,שִׁלשׁוֹם שִׁלשׁוֹם,Old Testament,Hebrew,verb,i.e. (in time) day before yesterday,,25
H8033,שָׁם,Old Testament,Hebrew,verb,or thence,,834
H8034,שֵׁם,Old Testament,Hebrew,noun,"(by implication) honor, authority, character",,864
H8035,שֵׁם,Old Testament,Hebrew,noun proper,a son of Noah (often includ. his posterity),,17
A8036,שׁוּם,Old Testament,Aramaic,noun,name,,12
H8037,שַׁמָּא,Old Testament,Hebrew,noun proper,an Israelite,,2
H8038,שֶׁמאֵבֶר,Old Testament,Hebrew,noun proper,"Shemeber, a king of Zeboim",,1
H8039,שִׁמאָה,Old Testament,Hebrew,noun proper,an Israelite,,1
H8040,שְׂמוֹאל שְׂמאוֹל,Old Testament,Hebrew,noun,"hence (by orientation), the left hand",,54
H8041,שָׂמַאל,Old Testament,Hebrew,verb,"turn) (on the, to the) left.",,5
H8042,שְׂמָאלִי,Old Testament,Hebrew,adjective,situated on the left side,,9
H8043,שִׁמאָם,Old Testament,Hebrew,noun proper,an Israelite,,1
H8044,שַׁמגַּר,Old Testament,Hebrew,noun proper,an Israelite judge,,2
H8045,שָׁמַד,Old Testament,Hebrew,verb,"bring to nought, overthrow, perish, pluck down, X utterly.",,90
A8046,שְׁמַד,Old Testament,Aramaic,verb,consume,,1
H8047,שַׁמָּה,Old Testament,Hebrew,noun,"desolate(-ion), waste, wonderful thing.",,39
H8048,שַׁמָּה,Old Testament,Hebrew,noun proper,the name of an Edomite and four Israelites,,7
H8049,שַׁמהוּת,Old Testament,Hebrew,noun proper,an Israelite,,1
H8050,שְׁמוּאֵל,Old Testament,Hebrew,noun proper,the name of three Israelites,,140
H8051,שַׁמּוַּע,Old Testament,Hebrew,noun proper,the name of four Israelites,,5
H8052,שְׁמוּעָה,Old Testament,Hebrew,noun,i.e. an announcement,,27
H8053,שָׁמוּר,Old Testament,Hebrew,noun proper,an Israelite,,1
H8054,שַׁמּוֹת,Old Testament,Hebrew,noun proper,an Israelite,,1
H8055,שָׂמַח,Old Testament,Hebrew,verb,"i.e. (figuratively) be (causatively, make) blithe or gleesome","బహుశా ప్రకాశవంతంగా, అంటే (అలంకారికంగా) ఉబ్బెత్తుగా లేదా ఉల్లాసంగా (కారణంగా, చేయండి)",151
H8056,שָׂמֵַח,Old Testament,Hebrew,adjective,"joyful, (making) merry((-hearted), -ily), rejoice(-ing).",,27
H8057,שִׂמחָה,Old Testament,Hebrew,noun,(religious or festival),,93
H8058,שָׁמַט,Old Testament,Hebrew,verb,"desist, remit",,10
H8059,שְׁמִטָּה,Old Testament,Hebrew,noun,remission (of debt) or suspension of labor),,5
H8060,שַׁמַּי,Old Testament,Hebrew,noun proper,the name of three Israelites,,6
H8061,שְׁמִידָּע,Old Testament,Hebrew,noun proper,an Israelite,,3
H8062,שְׁמִידָּעִי,Old Testament,Hebrew,noun proper,a Shemidaite (collectively) or descendants of Shemida,,1
H8063,שְׂמִיכָּה,Old Testament,Hebrew,noun,a run (as sustaining the Oriental sitter),,1
H8064,שָׁמַיִם שָׁמֶה,Old Testament,Hebrew,noun,as well as to the higher ether where the celestial bodies revolve),ఆకాశము,421
A8065,שָׁמַיִן,Old Testament,Aramaic,noun,heaven,,38
H8066,שְׁמִינִי,Old Testament,Hebrew,adjective,eight,,28
H8067,שְׁמִינִיתּ,Old Testament,Hebrew,noun,probably an eight-stringed lyre,,3
H8068,שָׁמִיר,Old Testament,Hebrew,noun,probably the diamond,,11
H8069,שָׁמִיר,Old Testament,Hebrew,noun location,the name of two places in Israel,,4
H8070,שְׁמִירָמוֹת שְׁמָרִימוֹת,Old Testament,Hebrew,noun proper,the name of two Israelites,,5
H8071,שִׂמלָה,Old Testament,Hebrew,noun,especially a mantle,,31
H8072,שַׂמלָה,Old Testament,Hebrew,noun proper,an Edomite,,4
H8073,שַׁמלַי,Old Testament,Hebrew,noun proper,one of the Nethinim,,1
H8074,שָׁמֵם,Old Testament,Hebrew,verb,"grow numb), i.e. devastate or (figuratively) stupefy (both usually in a passive sense)",,87
A8075,שְׁמַם,Old Testament,Aramaic,verb,be astonished,,1
H8076,שָׁמֵם,Old Testament,Hebrew,adjective,ruined,,6
H8077,שְׁמָמָה שִׁמָמָה,Old Testament,Hebrew,noun,"X most) desolate(- ion), waste.",,58
H8078,שִׁמָּמוֹן,Old Testament,Hebrew,noun,stupefaction,,2
H8079,שְׂמָמִיתּ,Old Testament,Hebrew,noun,a lizard (from the superstition of its noxiousness),,1
H8080,שָׁמַן,Old Testament,Hebrew,verb,"i.e. (by analogy) be (causatively, make) oily or gross",,5
H8081,שֶׁמֶן,Old Testament,Hebrew,noun,(figuratively) richness,,193
H8082,שָׁמֵן,Old Testament,Hebrew,adjective,(figuratively) rich,,10
H8083,שְׁמוֹנֶה שְׁמוֹנֶה שְׁמוֹנָה שְׁמוֹנָה,Old Testament,Hebrew,noun,(as ordinal) eighth,"ఒక కార్డినల్ సంఖ్య, ఎనిమిది (""పరిపూర్ణ"" ఏడు కంటే మిగులు ఉన్నట్లు); (ఆర్డినల్‌గా) ఎనిమిదవది",109
H8084,שְׁמוֹנִים שְׁמוֹנִים,Old Testament,Hebrew,adjective,also eightieth,,38
H8085,שָׁמַע,Old Testament,Hebrew,verb,"causatively, to tell, etc.)","తెలివిగా వినడానికి (తరచుగా శ్రద్ధ, విధేయత మొదలైన వాటితో; కారణం, చెప్పడం మొదలైనవి)",1167
A8086,שְׁמַע,Old Testament,Aramaic,verb,obey,,9
H8087,שֶׁמַע,Old Testament,Hebrew,noun proper,the name of a place in Israel and of four Israelites,,5
H8088,שֵׁמַע,Old Testament,Hebrew,noun,"abstractly, audience",,17
H8089,שׁוֹמַע,Old Testament,Hebrew,noun,a report,,4
H8090,שְׁמָע,Old Testament,Hebrew,noun location,a place in Israel,,1
H8091,שָׁמָע,Old Testament,Hebrew,noun proper,an Israelite,,1
H8092,שִׁמעָא,Old Testament,Hebrew,noun proper,the name of four Israelites,,5
H8093,שִׁמעָה,Old Testament,Hebrew,noun proper,an Israelite,,3
H8094,שְׁמָעָה,Old Testament,Hebrew,noun proper,an Israelite,,1
H8095,שִׁמעוֹן,Old Testament,Hebrew,noun proper,"one of Jacob's sons, also the tribe descended from him",,44
H8096,שִׁמעִי,Old Testament,Hebrew,noun proper,the name of twenty Israelites,,44
H8097,שִׁמעִי,Old Testament,Hebrew,noun proper,Shimites.,,2
H8098,שְׁמַעיָה שְׁמַעיָהוּ,Old Testament,Hebrew,noun proper,the name of twenty-five Israelites,,41
H8099,שִׁמעוֹנִי,Old Testament,Hebrew,noun proper,Simeonites.,,4
H8100,שִׁמעָת,Old Testament,Hebrew,noun proper,an Ammonitess,,2
H8101,שִׁמעָתִי,Old Testament,Hebrew,noun proper,a Shimathite (collectively) or descendants of Shimah,,1
H8102,שֶׁמֶץ,Old Testament,Hebrew,noun,an inkling,,2
H8103,שִׁמצָּה,Old Testament,Hebrew,noun,scornful whispering (of hostile spectators),,1
H8104,שָׁמַר,Old Testament,Hebrew,verb,"(generally) to protect, attend to, etc",,469
H8105,שֶׁמֶר,Old Testament,Hebrew,noun,i.e. the settlings (plural only) of wine,,5
H8106,שֶׁמֶר,Old Testament,Hebrew,noun proper,the name of three Israelites,,5
H8107,שִׁמּוּר,Old Testament,Hebrew,noun,an observance,,2
H8108,שָׁמרָה,Old Testament,Hebrew,noun,watchfulness,,1
H8109,שְׁמוּרָה,Old Testament,Hebrew,noun,i.e. an eye-lid,,1
H8110,שִׁמרוֹן,Old Testament,Hebrew,noun location,the name of an Israelite and of a place in Israel,,5
H8111,שׁוֹמְרוֹן,Old Testament,Hebrew,noun location,a place in Israel,,109
H8112,שִׁמרוֹן מְראוֹן,Old Testament,Hebrew,noun location,a place in Israel,,1
H8113,שִׁמרִי,Old Testament,Hebrew,noun proper,the name of four Israelites,,4
H8114,שְׁמַריָה שְׁמַריָהוּ,Old Testament,Hebrew,noun proper,the name of four Israelites,,4
A8115,שָׁמרַיִן,Old Testament,Aramaic,noun location,a place in Israel,,2
H8116,שִׁמרִיתּ,Old Testament,Hebrew,noun proper,a Moabitess,,1
H8117,שִׁמרוֹנִי,Old Testament,Hebrew,noun proper,a Shimronite (collectively) or descendants of Shimron,,1
H8118,שׁוֹמְרוֹנִי,Old Testament,Hebrew,noun proper,a Shomeronite (collectively) or inhabitants of Shomeron,,1
H8119,שִׁמרָת,Old Testament,Hebrew,noun proper,an Israelite,,1
A8120,שְׁמַשׁ,Old Testament,Aramaic,verb,to serve,,1
H8121,שֶׁמֶשׁ,Old Testament,Hebrew,noun,"sun ((rising)), + west(-ward), window. See also H1053.",,134
A8122,שֶׁמֶשׁ,Old Testament,Aramaic,noun,the sun,,1
H8123,שִׁמשׁוֹן,Old Testament,Hebrew,noun proper,an Israelite,,38
A8124,שִׁמשַׁי,Old Testament,Aramaic,noun proper,a Samaritan,,4
H8125,שַׁמשְׁרַי,Old Testament,Hebrew,noun proper,an Israelite,,1
H8126,שׁוּמָתִי,Old Testament,Hebrew,noun,a Shumathite (collectively) or descendants of Shumah,,1
H8127,שֵׁן,Old Testament,Hebrew,noun,"X forefront, ivory, X sharp, tooth.",,55
A8128,שֵׁן,Old Testament,Aramaic,noun,a tooth,,3
H8129,שֵׁן,Old Testament,Hebrew,noun location,a place in Israel,,1
H8130,שָׂנֵא,Old Testament,Hebrew,verb,"foe, (be) hate(-ful, -r), odious, X utterly.",ద్వేషించడం (వ్యక్తిగతంగా),149
A8131,שְׂנֵא,Old Testament,Aramaic,verb,hate,,2
H8132,שָׁנָא,Old Testament,Hebrew,verb,to alter,,3
A8133,שְׁנָא,Old Testament,Aramaic,verb,"change, (be) diverse",,22
H8134,שִׁנאָב,Old Testament,Hebrew,noun proper,a Canaanite,,1
H8135,שִׂנאָה,Old Testament,Hebrew,noun,"hate(-ful, - red).",,16
H8136,שִׁנאָן,Old Testament,Hebrew,noun,i.e. repetition,,1
H8137,שֶׁנאַצַּר,Old Testament,Hebrew,noun proper,an Israelite,,1
H8138,שָׁנָה,Old Testament,Hebrew,verb,"transitive or intransitive) to transmute, transform, alter",,22
A8139,שְׁנָה,Old Testament,Aramaic,noun,sleep,,1
A8140,שְׁנָה,Old Testament,Aramaic,noun,year,,7
H8141,שָׁנֶה שָׁנָה,Old Testament,Hebrew,noun,"X long, + old, year(X -ly).",ఒక సంవత్సరం (సమయం యొక్క విప్లవం వలె),879
H8142,שֵׁנָה שֵׁנָא,Old Testament,Hebrew,noun,sleep,,23
H8143,שֶׁנהַבִּים,Old Testament,Hebrew,noun,"tooth of elephants, i.e. ivory tusk",,2
H8144,שָׁנִי,Old Testament,Hebrew,noun,"properly, the insect or its color, also stuff dyed with it",,42
H8145,שֵׁנִי,Old Testament,Hebrew,number,other (being distinct from something prior),,156
H8146,שָׂנִיא,Old Testament,Hebrew,adjective,hated,,1
H8147,שְׁנַיִם שְׁתּתַּיִם,Old Testament,Hebrew,number,"couple, double, second, twain, + twelfth, + twelve, + twenty (sixscore) thousand, twice, two.",రెండు; (ఆర్డినల్ గా) రెండు రెట్లు,770
H8148,שְׁנִינָה,Old Testament,Hebrew,noun,i.e. a gibe,,4
H8149,שְׁנִיר שְׂנִיר,Old Testament,Hebrew,noun location,a summit of Lebanon,,4
H8150,שָׁנַן,Old Testament,Hebrew,verb,(figuratively) to inculcate,,9
H8151,שָׁנַס,Old Testament,Hebrew,verb,to compress (with a belt),,1
H8152,שִׁנעָר,Old Testament,Hebrew,noun location,a plain in Babylonia,,8
H8153,שְׁנָת,Old Testament,Hebrew,noun,sleep,,1
H8154,שָׁסָה שָׁשָׂה,Old Testament,Hebrew,verb,"rob, spoil(-er).",,11
H8155,שָׁסַס,Old Testament,Hebrew,verb,spoil.,,5
H8156,שָׁסַע,Old Testament,Hebrew,verb,"(be) cloven ((footed)), rend, stay.",,9
H8157,שֶׁסַע,Old Testament,Hebrew,noun,clovenfooted.,,4
H8158,שָׁסַף,Old Testament,Hebrew,verb,i.e. slaughter,,1
H8159,שָׁעָה,Old Testament,Hebrew,verb,"consider, compassionate, be nonplussed (as looking around in amazement) or bewildered",,15
A8160,שָׁעָה,Old Testament,Aramaic,noun,i.e. a moment,,5
H8161,שַׁעֲטָה,Old Testament,Hebrew,noun,a clatter (of hoofs),,1
H8162,שַׁעַטנֵז,Old Testament,Hebrew,noun,i.e. cloth of linen and wool carded and spun together,,2
H8163,שָׂעִיר שָׂעִר,Old Testament,Hebrew,adjective,"by analogy, a faun",,59
H8164,שָׂעִיר,Old Testament,Hebrew,noun,a shower (as tempestuous),,1
H8165,שֵׂעִיר,Old Testament,Hebrew,noun proper,"a mountain of Idumaea and its aboriginal occupants, also one in Israel",,39
H8166,שְׂעִירָה,Old Testament,Hebrew,noun,a she-goat,,2
H8167,שְׂעִירָה,Old Testament,Hebrew,noun location,a place in Israel,,1
H8168,שׁוֹעַל,Old Testament,Hebrew,noun,a handful,,3
H8169,שַׁעַלבִּים שַׁעֲלַבִּין,Old Testament,Hebrew,noun location,a place in Israel,,3
H8170,שַׁעַלבּוֹנִי,Old Testament,Hebrew,noun proper,a Shaalbonite or inhabitant of Shaalbin,,2
H8171,שַׁעֲלִים,Old Testament,Hebrew,noun location,a place in Israel,,1
H8172,שָׁעַן,Old Testament,Hebrew,verb,"lie, rely, rest (on, self), stay.",,22
H8173,שָׁעַע,Old Testament,Hebrew,verb,"(in a bad one) to look about (in dismay), i.e. stare",,9
H8174,שַׁעַף,Old Testament,Hebrew,noun proper,the name of two Israelites,,2
H8175,שָׂעַר,Old Testament,Hebrew,verb,i.e. fear,,8
H8176,שָׁעַר,Old Testament,Hebrew,verb,(figuratively) to estimate,,1
A8177,שְׂעַר,Old Testament,Aramaic,noun,hair,,3
H8178,שַׂעַר,Old Testament,Hebrew,noun,"X horribly, X sore, storm. See H8181.",,4
H8179,שַׁעַר,Old Testament,Hebrew,noun,i.e. door or gate,,375
H8180,שַׁעַר,Old Testament,Hebrew,noun,a measure (as a section),,1
H8181,שֵׂעָר שַׂעַר,Old Testament,Hebrew,noun,X rough.,,28
H8182,שׁוֹעָר,Old Testament,Hebrew,adjective,i.e. offensive,,1
H8183,שְׂעָרָה,Old Testament,Hebrew,noun,tempest.,,2
H8184,שְׂעוֹרָה שְׂעוֹרָה שְׂעוֹר שְׂעוֹר,Old Testament,Hebrew,noun,barley (as villose),,34
H8185,שַׂעֲרָה,Old Testament,Hebrew,noun,hairiness,,7
H8186,שַׁעֲרוּרָה שַׁעֲרִירִיָה שַׁעֲרוּרִת,Old Testament,Hebrew,noun,H8175,,5
H8187,שְׁעַריָה,Old Testament,Hebrew,noun proper,an Israelite,,2
H8188,שְׂעוֹרִים,Old Testament,Hebrew,noun proper,an Israelite,,1
H8189,שַׁעֲרַיִם,Old Testament,Hebrew,noun location,a place in Israel,,3
H8190,שַׁעַשׁגַּז,Old Testament,Hebrew,noun proper,a eunuch of Xerxes,,1
H8191,שַׁעשׁוַּע,Old Testament,Hebrew,noun,pleasure.,,9
H8192,שָׁפָה,Old Testament,Hebrew,verb,i.e. bare,,2
H8193,שָׂפָה שֶׂפֶת,Old Testament,Hebrew,noun,"water, cloth, etc.)",,178
H8194,שָׁפָה,Old Testament,Hebrew,noun,a cheese (as strained from the whey),,1
H8195,שְׁפוֹ שְׁפִי,Old Testament,Hebrew,noun proper,an Idumaean,,2
H8196,שְׁפוֹט שְׁפוּט,Old Testament,Hebrew,noun,i.e. punishment,,2
H8197,שְׁפוּפָם שְׁפוּפָן,Old Testament,Hebrew,noun proper,an Israelite,,2
H8198,שִׁפחָה,Old Testament,Hebrew,noun,"hand-)maid(-en, -servant), wench, bondwoman, womanservant.",,63
H8199,שָׁפַט,Old Testament,Hebrew,verb,(by implication) to vindicate or punish; (by extenssion) to govern,,204
A8200,שְׁפַט,Old Testament,Aramaic,verb,to judge,,1
H8201,שֶׁפֶט,Old Testament,Hebrew,noun,i.e. infliction,,16
H8202,שָׁפָט,Old Testament,Hebrew,noun proper,the name of four Israelites,,8
H8203,שְׁפַטיָה שְׁפַטיָהוּ,Old Testament,Hebrew,noun proper,the name of ten Israelites,,13
H8204,שִׁפטָּן,Old Testament,Hebrew,noun proper,an Israelite,,1
H8205,שְׁפִי,Old Testament,Hebrew,noun,stick out.,,10
H8206,שׁוּפִּים,Old Testament,Hebrew,noun proper,an Israelite,,3
H8207,שְׁפִיפוֹן,Old Testament,Hebrew,noun,probably the cerastes or horned adder,,1
H8208,שָׁפִיר,Old Testament,Hebrew,noun location,a place in Israel,,1
A8209,שַׁפִּיר,Old Testament,Aramaic,adjective,beautiful,,2
H8210,שָׁפַך,Old Testament,Hebrew,verb,"(of a solid) to mound up; (figuratively) to expend (life, soul, complaint, money, etc.)",,117
H8211,שֶׁפֶך,Old Testament,Hebrew,noun,e.g. an ash-heap,,2
H8212,שָׁפכָּה,Old Testament,Hebrew,noun,"e.g. wine), i.e. the penis",,1
H8213,שָׁפֵל,Old Testament,Hebrew,verb,"to humiliate, intransitive or transitive)",,29
A8214,שְׁפַל,Old Testament,Aramaic,verb,"humble, put down, subdue",,4
A8215,שְׁפַל,Old Testament,Aramaic,adjective,low,,1
H8216,שֵׁפֶל,Old Testament,Hebrew,noun,an humble rank,,2
H8217,שָׁפָל,Old Testament,Hebrew,adjective,literally or figuratively,,19
H8218,שִׁפלָה,Old Testament,Hebrew,noun,depression,,1
H8219,שְׁפֵלָה,Old Testament,Hebrew,noun,i.e. (with the article) the maritime slope of Israel,,20
H8220,שִׁפלוּת,Old Testament,Hebrew,noun,remissness,,1
H8221,שְׁפָם,Old Testament,Hebrew,noun location,a place in or near Israel,,2
H8222,שָׂפָם,Old Testament,Hebrew,noun,(upper) lip.,,5
H8223,שָׁפָם,Old Testament,Hebrew,noun proper,an Israelite,,1
H8224,שִׂפמוֹת,Old Testament,Hebrew,noun location,a place in Israel,,1
H8225,שִׁפמִי,Old Testament,Hebrew,adjective,a Shiphmite or inhabitant of Shepham,,1
H8226,שָׂפַן,Old Testament,Hebrew,verb,to conceal (as a valuable),,1
H8227,שָׁפָן,Old Testament,Hebrew,noun,i.e. probably the hyrax,,34
H8228,שֶׁפַע,Old Testament,Hebrew,noun,resources,,1
H8229,שִׁפעָה,Old Testament,Hebrew,noun,"company, multitude.",,6
H8230,שִׁפעִי,Old Testament,Hebrew,noun proper,an Israelite,,1
H8231,שָׁפַר,Old Testament,Hebrew,verb,"i.e. (figuratively) be (causatively, make) fair",,1
A8232,שְׁפַר,Old Testament,Aramaic,verb,"please, + think good.",,3
H8233,שֶׁפֶר,Old Testament,Hebrew,noun,beauty,,1
H8234,שֶׁפֶר,Old Testament,Hebrew,noun location,a place in the Desert,,2
H8235,שִׁפרָה,Old Testament,Hebrew,noun,brightness,,1
H8236,שִׁפרָה,Old Testament,Hebrew,noun proper,an Israelitess,,1
H8237,שַׁפרוּר,Old Testament,Hebrew,noun,i.e. a tapestry or canopy,,2
A8238,שְׁפַרפַר,Old Testament,Aramaic,noun,the dawn (as brilliant with aurora),,1
H8239,שָׁפַת,Old Testament,Hebrew,verb,reduce,,5
H8240,שָׁפָת,Old Testament,Hebrew,noun,pot.,,2
H8241,שֶׁצֶף,Old Testament,Hebrew,noun,H7110,,1
H8242,שַׂק,Old Testament,Hebrew,noun,"(hence) a bag (for grain, etc.)",,48
A8243,שָׁק,Old Testament,Aramaic,noun,the leg,,1
H8244,שָׂקַד,Old Testament,Hebrew,verb,to fasten,,1
H8245,שָׁקַד,Old Testament,Hebrew,verb,hence to be on the lookout (whether for good or ill),,12
H8246,שָׁקַד,Old Testament,Hebrew,verb,make) almond-shaped,,6
H8247,שָׁקֵד,Old Testament,Hebrew,noun,the almond (tree or nut; as being the earliest in bloom),,4
H8248,שָׁקָה,Old Testament,Hebrew,verb,i.e. (causatively) to irrigate or furnish a potion to,,74
H8249,שִׁקּוּו,Old Testament,Hebrew,noun,(plural collective) a draught,,1
H8250,שִׁקּוּי,Old Testament,Hebrew,noun,i.e. (figuratively) refreshment,,2
H8251,שִׁקּוּץ שִׁקּוּץ,Old Testament,Hebrew,noun,(especially) idolatrous; (concretely) an idol,,28
H8252,שָׁקַט,Old Testament,Hebrew,verb,"idleness, (at, be at, be in, give) quiet(-ness), (be at, be in, give, have, take) rest, settle, be still.",,42
H8253,שֶׁקֶט,Old Testament,Hebrew,noun,tranquillity,,1
H8254,שָׁקַל,Old Testament,Hebrew,verb,"receive(-r), spend, X throughly, weigh.",,23
H8255,שֶׁקֶל,Old Testament,Hebrew,noun,probably a weight; used as a commercial standard,,88
H8256,שָׁקָם שִׁקמָה,Old Testament,Hebrew,noun,tree).,,7
H8257,שָׁקַע,Old Testament,Hebrew,verb,"(causatively) to abate, subdue",,6
H8258,שְׁקַערוּרָה,Old Testament,Hebrew,noun,a depression,,1
H8259,שָׁקַף,Old Testament,Hebrew,verb,be a spectacle),,22
H8260,שֶׁקֶף,Old Testament,Hebrew,noun,to admit light and air,,1
H8261,שָׁקוּף,Old Testament,Hebrew,noun,window.,,2
H8262,שָׁקַץ,Old Testament,Hebrew,verb,"i.e. (intensively) to loathe, pollute",,7
H8263,שֶׁקֶץ,Old Testament,Hebrew,noun,i.e. (figuratively and specifically) an idolatrous object,,11
H8264,שָׁקַק,Old Testament,Hebrew,verb,"justle one against another, long, range, run (to and fro).",,6
H8265,שָׂקַר,Old Testament,Hebrew,verb,i.e. blink coquettishly,,1
H8266,שָׁקַר,Old Testament,Hebrew,verb,i.e. be untrue (usually in words),,6
H8267,שֶׁקֶר,Old Testament,Hebrew,noun,"often adverbial) a fraud or deceit (i.e. fraudulently, deceitfully)",,113
H8268,שׁוֹקֶת,Old Testament,Hebrew,noun,a trough (for watering),,2
H8269,שַׂר,Old Testament,Hebrew,noun,"chief (captain), general, governor, keeper, lord, ((-task- ))master, prince(-ipal), ruler, steward.",,421
H8270,שׁוֹר,Old Testament,Hebrew,noun,"i.e. (specifically) the umbilical cord (also figuratively, as the centre of strength)",,2
A8271,שְׁרֵא,Old Testament,Aramaic,verb,"(figuratively) to unravel, commence; (by implication) (of unloading beasts) to reside",,6
H8272,שַׁראֶצֶר,Old Testament,Hebrew,noun proper,the name of an Assyrian and an Israelite,,3
H8273,שָׁרָב,Old Testament,Hebrew,noun,expec. the mirage,,2
H8274,שֵׁרֵביָה,Old Testament,Hebrew,noun proper,the name of two Israelites,,8
H8275,שַׁרבִּיטּ,Old Testament,Hebrew,noun,a rod of empire,,4
H8276,שָׂרַג,Old Testament,Hebrew,verb,wreath.,,2
H8277,שָׂרַד,Old Testament,Hebrew,verb,i.e. (figuratively through the idea of slipping out) to escape or survive,,1
H8278,שְׂרָד,Old Testament,Hebrew,noun,stitching (as pierced with a needle),,4
H8279,שֶׂרֶד,Old Testament,Hebrew,noun,a (carpenter's) scribing-awl (for pricking or scratching measurements),,1
H8280,שָׂרָה,Old Testament,Hebrew,verb,to prevail,,2
H8281,שָׁרָה,Old Testament,Hebrew,verb,to free,,1
H8282,שָׂרָה,Old Testament,Hebrew,noun,i.e. female noble,,5
H8283,שָׂרָה,Old Testament,Hebrew,noun proper,Abraham's wife,,38
H8284,שָׁרָה,Old Testament,Hebrew,noun,wall.,,1
H8285,שֵׁרָה,Old Testament,Hebrew,noun,a wrist-band (as compact or clasping),,1
H8286,שְׂרוּג,Old Testament,Hebrew,noun proper,a postdiluvian patriarch,,5
H8287,שָׁרוּחֶן,Old Testament,Hebrew,noun location,a place in Israel,,1
H8288,שְׂרוֹך,Old Testament,Hebrew,noun,a thong (as laced or tied),,2
H8289,שָׁרוֹן,Old Testament,Hebrew,noun,"Sharon, the name of a place in Israel",,7
H8290,שָׁרוֹנִי,Old Testament,Hebrew,adjective,a Sharonite or inhabitant of Sharon,,1
H8291,שָׂרוּק,Old Testament,Hebrew,noun,H8321.,,1
H8292,שְׁרוּקָה שְׁרִיקָה,Old Testament,Hebrew,noun,a piping,,3
H8293,שֵׁרוּת,Old Testament,Hebrew,noun,freedom,,1
H8294,שֶׂרַח,Old Testament,Hebrew,noun proper,an Israelitess,,3
H8295,שָׂרַט,Old Testament,Hebrew,verb,make (cuttings) pieces.,,3
H8296,שֶׂרֶט שָׂרֶטֶת,Old Testament,Hebrew,noun,an incision,,2
H8297,שָׂרַי,Old Testament,Hebrew,noun proper,the wife of Abraham,,17
H8298,שָׁרַי,Old Testament,Hebrew,noun proper,an Israelite,,1
H8299,שָׂרִיגּ,Old Testament,Hebrew,noun,a tendril (as entwining),,3
H8300,שָׂרִידּ,Old Testament,Hebrew,noun,"left, remain(- ing), remnant, rest.",,29
H8301,שָׂרִידּ,Old Testament,Hebrew,noun location,a place in Israel,,2
H8302,שִׁריוֹן שִׁריָן שִׁריָה שִׁריוֹנָה,Old Testament,Hebrew,noun,"coat of mail, habergeon, harness. See H5630.",,9
H8303,שִׁריוֹן שִׂריוֹן,Old Testament,Hebrew,noun location,a peak of the Lebanon mountains,,2
H8304,שְׂרָיָה שְׂרָיָהוּ,Old Testament,Hebrew,noun proper,the name of nine Israelites,,20
H8305,שְׂרִיקָה,Old Testament,Hebrew,adjective,(by extension) linen cloth,,1
H8306,שָׁרִיר,Old Testament,Hebrew,noun,i.e. (by analogy) sinew,,1
H8307,שְׁרִירוּת,Old Testament,Hebrew,noun,i.e. firm],,10
H8308,שָׂרַך,Old Testament,Hebrew,verb,to interlace,,1
H8309,שְׁרֵמָה,Old Testament,Hebrew,noun,a common,,1
H8310,שַׂרסְכִים,Old Testament,Hebrew,noun proper,a Babylonian general,,1
H8311,שָׂרַע,Old Testament,Hebrew,verb,i.e. (reflex) be deformed by excess of members,,3
H8312,שַׂרעַף,Old Testament,Hebrew,noun,cogitation,,2
H8313,שָׂרַף,Old Testament,Hebrew,verb,set) on fire,,117
H8314,שָׂרָף,Old Testament,Hebrew,noun,"specifically, a saraph or symbolical creature (from their copper color)",,7
H8315,שָׂרָף,Old Testament,Hebrew,noun proper,an Israelite,,1
H8316,שְׂרֵפָה,Old Testament,Hebrew,noun,cremation,,13
H8317,שָׁרַץ,Old Testament,Hebrew,verb,"increase) abundantly (in abundance), creep, move.",,14
H8318,שֶׁרֶץ,Old Testament,Hebrew,noun,i.e. active mass of minute animals,,15
H8319,שָׁרַק,Old Testament,Hebrew,verb,i.e. to whistle or hiss (as a call or in scorn),,12
H8320,שָׂרוּק,Old Testament,Hebrew,noun,i.e. bay,,1
H8321,שׂוֹרֵק שׂוֹרֵק שׂוֹרֵקָה,Old Testament,Hebrew,noun,"one yielding purple grapes, the richest variety)",,3
H8322,שְׁרֵקָה,Old Testament,Hebrew,noun,a derision,,7
H8323,שָׂרַר,Old Testament,Hebrew,verb,"reflexively, get) dominion",,6
H8324,שָׁרַר,Old Testament,Hebrew,verb,to be hostile (only active participle an opponent),,5
H8325,שָׁרָר,Old Testament,Hebrew,noun proper,an Israelite,,1
H8326,שׁוֹרֶר,Old Testament,Hebrew,noun,i.e. (by extension) a bodice,,1
H8327,שָׁרַשׁ,Old Testament,Hebrew,verb,(by implication) to pluck from it,,8
H8328,שֶׁרֶשׁ,Old Testament,Hebrew,noun,"deep, heel, root.",,33
H8329,שֶׁרֶשׁ,Old Testament,Hebrew,noun proper,an Israelite,,1
A8330,שׁוֹרֶשׁ,Old Testament,Aramaic,noun,root,,3
H8331,שַׁרשָׁה,Old Testament,Hebrew,noun,i.e. linked),,1
A8332,שְׁרוֹשׁוּ,Old Testament,Aramaic,noun,i.e. (figuratively) exile,,1
H8333,שַׁרשְׁרָה,Old Testament,Hebrew,noun,a chain; (arch.) probably a garland,,7
H8334,שָׁרַת,Old Testament,Hebrew,verb,"(do) serve(- ant, -ice, -itor), wait on.",,98
H8335,שָׁרֵת,Old Testament,Hebrew,noun,service (in the Temple),,2
H8336,שֵׁשׁ שְׁשִׁי,Old Testament,Hebrew,noun,i.e. white linen or (by analogy) marble,,42
H8337,שֵׁשׁ שִׁשָּׁה,Old Testament,Hebrew,number,"-teenth)), sixth.",ఆరు (ఓవర్‌ప్లస్‌గా (H7797 చూడండి) ఐదు దాటి లేదా చేతి వేళ్లు); (ఆర్డినల్‌గా) ఆరవది,215
H8338,שָׁשָׁא,Old Testament,Hebrew,verb,to annihilate,,1
H8339,שֵׁשׁבַּצַּר,Old Testament,Hebrew,noun proper,Zerubbabel's Persian name,,2
A8340,שֵׁשׁבַּצַּר,Old Testament,Aramaic,noun proper,Sheshbazzar,,2
H8341,שָׁשָׁה,Old Testament,Hebrew,verb,to sixth or divide into sixths,,1
H8342,שָׂשׂוֹן שָׂשׂוֹן,Old Testament,Hebrew,noun,welcome,,22
H8343,שָׁשַׁי,Old Testament,Hebrew,noun proper,an Israelite,,1
H8344,שֵׁשַׁי,Old Testament,Hebrew,noun proper,a Canaanite,,3
H8345,שִׁשִּׁי,Old Testament,Hebrew,number,ord. or (feminine) fractional,,28
H8346,שִׁשִּׁים,Old Testament,Hebrew,number,three score.,,59
H8347,שֵׁשַׁך,Old Testament,Hebrew,noun location,a symbol. name of Babylon,,2
H8348,שֵׁשָׁן,Old Testament,Hebrew,noun proper,an Israelite,,5
H8349,שָׁשַׁק,Old Testament,Hebrew,noun proper,an Israelite,,2
H8350,שָׁשַׁר,Old Testament,Hebrew,noun,H8320,,2
H8351,שֵׁת,Old Testament,Hebrew,noun,tumult,,1
H8352,שֵׁת,Old Testament,Hebrew,noun proper,"Sheth, third son of Adam",,8
A8353,שֵׁת שִׁת,Old Testament,Aramaic,adjective,six; (as ordinal) sixth,,2
H8354,שָׁתָה,Old Testament,Hebrew,verb,"banquet, X certainly, drink(-er, -ing), drunk (X -ard), surely. (Prop. intensive of H8248.)",,217
A8355,שְׁתָה,Old Testament,Aramaic,verb,drink,,5
H8356,שָׁתָה,Old Testament,Hebrew,noun,i.e. (figuratively) political or moral support,,2
H8357,שֵׁתָה,Old Testament,Hebrew,noun,the seat (of the person),,2
H8358,שְׁתִי,Old Testament,Hebrew,noun,intoxicaion,,1
H8359,שְׁתִי,Old Testament,Hebrew,noun,i.e. the warp in weaving,,9
H8360,שְׁתִיָה,Old Testament,Hebrew,noun,potation,,1
A8361,שִׁתּתִּין,Old Testament,Aramaic,number,sixty,,4
H8362,שָׁתַל,Old Testament,Hebrew,verb,to transplant,,10
H8363,שְׁתִיל,Old Testament,Hebrew,noun,i.e. sucker,,1
H8364,שׁוּתַלחִי,Old Testament,Hebrew,adjective,a Shuthalchite (collectively) or descendants of Shuthelach,,1
H8365,שָׁתַם,Old Testament,Hebrew,verb,to unveil (figuratively),,2
H8366,שָׁתַן,Old Testament,Hebrew,verb,i.e. urinate,,6
H8367,שָׁתַק,Old Testament,Hebrew,verb,"cease, be quiet.",,4
H8368,שָׂתַר,Old Testament,Hebrew,verb,to break out (as an eruption),,1
H8369,שֵׁתָר,Old Testament,Hebrew,noun proper,a Persian satrap,,1
H8370,שְׁתַר בּוֹזְנַי,Old Testament,Hebrew,noun proper,a Persian officer,,4
H8371,שָׁתַת,Old Testament,Hebrew,verb,reflex. to lie,,2
H8372,תָּא תָּאָה,Old Testament,Hebrew,noun,a room (as circumscribed),,17
H8373,תָּאַב,Old Testament,Hebrew,verb,to desire,,2
H8374,תָּאַב,Old Testament,Hebrew,verb,to loathe (morally),,1
H8375,תַּאֲבָה,Old Testament,Hebrew,noun,desire,,1
H8376,תָּאָה,Old Testament,Hebrew,verb,i.e. (intensively) designate,,2
H8377,תְּאוֹ תּוֹא,Old Testament,Hebrew,noun,a species of antelope (probably from the white stripe on the cheek),,2
H8378,תַּאֲוָה,Old Testament,Hebrew,noun,"desire, X exceedingly, X greedily, lust(ing), pleasant. See also H6914.",,21
H8379,תַּאֲוָה,Old Testament,Hebrew,noun,i.e. full extent,,1
H8380,תָּאוֹם תָּאוֹם,Old Testament,Hebrew,noun,literally or figuratively,,4
H8381,תַּאֲלָה,Old Testament,Hebrew,noun,an imprecation,,1
H8382,תָּאַם,Old Testament,Hebrew,verb,"to be (causatively, make) twinned, i.e. (figuratively) duplicate or (arch.) jointed",,6
H8383,תְּאוּן,Old Testament,Hebrew,noun,i.e. toil,,1
H8384,תְּאֵן תְּאֵנָה,Old Testament,Hebrew,noun,the fig (tree or fruit),,39
H8385,תַּאֲנָה תּוֹאֲנָה,Old Testament,Hebrew,noun,an opportunity or (subjectively) purpose,,2
H8386,תַּאֲנִיָה,Old Testament,Hebrew,noun,mourning.,,2
H8387,תַּאֲנַת שִׁלוֹה,Old Testament,Hebrew,noun location,a place in Israel,,1
H8388,תָּאַר,Old Testament,Hebrew,verb,"mark out, (Rimmon-)methoar (by union with H7417).",,8
H8389,תּוֹאַר,Old Testament,Hebrew,noun,i.e. figure or appearance,,15
H8390,תַּאֲרֵַע,Old Testament,Hebrew,noun proper,an Israelite,,1
H8391,תְּאַשּׁוּר,Old Testament,Hebrew,noun,a species of cedar (from its erectness),,2
H8392,תֵּבָה,Old Testament,Hebrew,noun,a box,,28
H8393,תְּבוּאָה,Old Testament,Hebrew,noun,i.e. produce (literally or figuratively),,43
H8394,תָּבוּן תֶּבוּנָה תּוֹבוּנָה,Old Testament,Hebrew,noun,"a sudden, impulsive change of mind",,43
H8395,תְּבוּסָה,Old Testament,Hebrew,noun,i.e. ruin,,1
H8396,תָּבוֹר,Old Testament,Hebrew,noun location,"a mountain in Israel, also a city adjacent",,10
H8397,תֶּבֶל,Old Testament,Hebrew,noun,i.e. unnatural bestiality,,2
H8398,תֵּבֵל,Old Testament,Hebrew,noun,"a participle) land, as Israel, Egypt, Babylon",,36
H8399,תַּבלִיתּ,Old Testament,Hebrew,noun,consumption,,1
H8400,תְּבַלּוּל,Old Testament,Hebrew,noun,blemish,,1
H8401,תֶּבֶן,Old Testament,Hebrew,noun,i.e. (specifically) refuse haum or stalks of grain (as chopped in threshing and used for fodder),,17
H8402,תִּבנִי,Old Testament,Hebrew,noun proper,an Israelite,,3
H8403,תַּבנִיתּ,Old Testament,Hebrew,noun,resemblance,,20
H8404,תַּבעֵרָה,Old Testament,Hebrew,noun location,a place in the Desert,,2
H8405,תֵּבֵץ,Old Testament,Hebrew,noun location,a place in Israel,,3
A8406,תְּבַר,Old Testament,Aramaic,verb,to be fragile (figuratively),,1
H8407,תִּגלַת פִּלאֶסֶר תִּלגַּת פִּלנֶאֶסֶר,Old Testament,Hebrew,noun proper,an Assyr. king,,6
H8408,תַּגמוּל,Old Testament,Hebrew,noun,a bestowment,,1
H8409,תִּגרָה,Old Testament,Hebrew,noun,i.e. infliction,,1
H8410,תִּדהָר,Old Testament,Hebrew,noun,enduring; a species of hard-wood or lasting tree (perhaps oak),,2
A8411,תְּדִירָא,Old Testament,Aramaic,noun,i.e. (adverb) constantly,,2
H8412,תַּדמוֹר תַּמּוֹר,Old Testament,Hebrew,noun location,a place near Israel,,2
H8413,תִּדעָל,Old Testament,Hebrew,noun proper,a Canaanite,,2
H8414,תּוֹהוּ,Old Testament,Hebrew,noun,"(figuratively) a worthless thing; adverbially, in vain",,20
H8415,תְּהוֹם תְּהוֹם,Old Testament,Hebrew,noun,especially the deep (the main sea or the subterranean water-supply),,36
H8416,תְּהִלָּה,Old Testament,Hebrew,noun,concretely) a hymn,,58
H8417,תָּהֳלָה,Old Testament,Hebrew,noun,braggadocio; (by implication) fatuity,,1
H8418,תַּהֲלוּכָה,Old Testament,Hebrew,noun,a procession,,1
H8419,תַּהפּוּכָה,Old Testament,Hebrew,noun,"thing), perverse thing.",,10
H8420,תָּו,Old Testament,Hebrew,noun,mark.,,3
A8421,תּוּב,Old Testament,Aramaic,verb,to come back],,8
H8422,תּוּבַל תּוּבַל,Old Testament,Hebrew,noun proper,a postdiluvian patriarch and his posterity,,8
H8423,תּוּבַל קַיִן,Old Testament,Hebrew,noun proper,an antidiluvian patriarch,,2
H8424,תּוּגָה,Old Testament,Hebrew,noun,sorrow.,,4
H8425,תּוֹגַרמָה תּוֹגַרמָה,Old Testament,Hebrew,noun proper,a son of Gomer and his posterity,,4
H8426,תּוֹדָה,Old Testament,Hebrew,noun,"specifically, a choir of worshippers","(సరిగ్గా) చేతి యొక్క పొడిగింపు; (సూచన ద్వారా) అవోవల్, లేదా (సాధారణంగా) ఆరాధన",32
H8427,תָּוָה,Old Testament,Hebrew,verb,i.e. (primitive) scratch or (definite) imprint,,2
H8428,תָּוָה,Old Testament,Hebrew,verb,H8427,,1
A8429,תְּוַהּ,Old Testament,Aramaic,verb,by implication) to take alarm,,1
H8430,תּוַֹח,Old Testament,Hebrew,noun proper,an Israelite,,1
H8431,תּוֹחֶלֶת,Old Testament,Hebrew,noun,expectation,,6
H8432,תָּוֶך,Old Testament,Hebrew,noun,"X between, half, X (there- ,where-), in(-to), middle, mid(-night), midst (among), X out (of), X through, X with(-in).",,420
H8433,תּוֹכֵחָה תּוֹכַחַת,Old Testament,Hebrew,noun,"refutation, proof (even in defence)",,28
H8434,תּוֹלָד,Old Testament,Hebrew,noun location,a place in Israel,,1
H8435,תּוֹלְדָה תּוֹלְדָה,Old Testament,Hebrew,noun,(figuratively) history,,39
H8436,תּוּלוֹן,Old Testament,Hebrew,noun proper,an Israelite,,1
H8437,תּוֹלָל,Old Testament,Hebrew,noun,i.e. an oppressor,,1
H8438,תּוֹלָע תּוֹלֵעָה תּוֹלַעַת תּוֹלַעַת,Old Testament,Hebrew,noun,"but used only (in this connection) of the color from it, and cloths dyed therewith",,43
H8439,תּוֹלָע,Old Testament,Hebrew,noun proper,the name of two Israelites,,6
H8440,תּוֹלָעִי,Old Testament,Hebrew,noun proper,a Tolaite (collectively) or descendants of Tola,,1
H8441,תּוֹעֵבַה תּוֹעֵבַה,Old Testament,Hebrew,noun,(especially) idolatry,,118
H8442,תּוֹעָה,Old Testament,Hebrew,noun,"i.e. (morally) impiety, or (political) injury",,2
H8443,תּוֹעָפָה,Old Testament,Hebrew,noun,strength.,,4
H8444,תּוֹצָאָה תּוֹצָאָה,Old Testament,Hebrew,noun,"i.e. (geographical) boundary, or (figuratively) deliverance, (actively) source",,25
H8445,תּוֹקַהַת,Old Testament,Hebrew,noun proper,an Israelite,,1
H8446,תּוּר,Old Testament,Hebrew,verb,"guide) about, especially for trade or reconnoitring",,23
H8447,תּוֹר תּוֹר,Old Testament,Hebrew,noun,i.e. a string or (abstractly) order,,4
H8448,תּוֹר,Old Testament,Hebrew,noun,a manner (as a sort of turn),,1
H8449,תּוֹר תּוֹר,Old Testament,Hebrew,noun,often (figuratively) as a term of endearment,,14
A8450,תּוֹר,Old Testament,Aramaic,noun,ox.,,7
H8451,תּוֹרָה תּוֹרָה,Old Testament,Hebrew,noun,especially the Decalogue or Pentateuch,"ఒక సూత్రం లేదా శాసనం, ముఖ్యంగా డికాలాగ్ లేదా పెంటాట్యూచ్",222
H8452,תּוֹרָה,Old Testament,Hebrew,noun,a custom,,1
H8453,תּוֹשָׁב תּוֹשָׁב,Old Testament,Hebrew,noun,"inhabitant, sojourner, stranger.",,14
H8454,תּוּשִׁיָה תּוּשִׁיָה,Old Testament,Hebrew,noun,"that which (thing as it) is, substance, (sound) wisdom, working.",,12
H8455,תּוֹתָח,Old Testament,Hebrew,noun,a club,,1
H8456,תָּזַז,Old Testament,Hebrew,verb,to lop off,,1
H8457,תַּזנוּת תַּזנוּת,Old Testament,Hebrew,noun,i.e. (figuratively) idolatry,,22
H8458,תַּחבּוּלָה תַּחבּוּלָה,Old Testament,Hebrew,noun,(figuratively) guidance; (by implication) a plan,,6
H8459,תּוֹחוּ,Old Testament,Hebrew,noun proper,an Israelite,,1
A8460,תְּחוֹת תְּחוֹת,Old Testament,Aramaic,preposition,beneath,,4
H8461,תַּחכְּמוֹנִי,Old Testament,Hebrew,noun proper,an Israelite,,1
H8462,תְּחִלָּה,Old Testament,Hebrew,noun,-ly),,23
H8463,תַּחֲלוּא תַּחֲלוּא,Old Testament,Hebrew,noun,"X grievous, (that are) sick(-ness).",,5
H8464,תַּחמָס,Old Testament,Hebrew,noun,perhaps an owl,,2
H8465,תַּחַן,Old Testament,Hebrew,noun proper,the name of two Israelites,,2
H8466,תַּחֲנָה,Old Testament,Hebrew,noun,(only plural collectively) an encampment,,1
H8467,תְּחִנָּה,Old Testament,Hebrew,noun,entreaty,,25
H8468,תְּחִנָּה,Old Testament,Hebrew,noun proper,an Israelite,,1
H8469,תַּחֲנוּן תַּחֲנוּנָה,Old Testament,Hebrew,noun,supplication.,,18
H8470,תַּחֲנִי,Old Testament,Hebrew,adjective,a Tachanite (collectively) or descendants of Tachan,,1
H8471,תַּחפַּנחֵס תְּחַפנְחֵס תַּחפְּנֵס,Old Testament,Hebrew,noun location,"Techaphneches or Tachpenes, a place in Egypt",,7
H8472,תַּחפְּנֵיס,Old Testament,Hebrew,noun proper,an Egyptian woman,,3
H8473,תַּחֲרָא,Old Testament,Hebrew,noun,"H2352, H2353",,2
H8474,תַּחָרָה,Old Testament,Hebrew,verb,contend.,,2
H8475,תַּחרֵַע,Old Testament,Hebrew,noun proper,an Israelite,,1
H8476,תַּחַשׁ,Old Testament,Hebrew,noun,probably a species of antelope,,14
H8477,תַּחַשׁ,Old Testament,Hebrew,noun proper,a relative of Abraham,,1
H8478,תַּחַת,Old Testament,Hebrew,noun,"below (often with prepositional prefix underneath), in lieu of, etc",,511
A8479,תַּחַת,Old Testament,Aramaic,preposition,under,,1
H8480,תַּחַת,Old Testament,Hebrew,noun location,"the name of a place in the Desert, also of three Israelites",,6
H8481,תַּחתּוֹן תַּחתּוֹן,Old Testament,Hebrew,adjective,nether(-most).,,13
H8482,תַּחתִּי,Old Testament,Hebrew,adjective,"a pit, the womb)",,19
H8483,תַּחתִּים חָדשִׁי,Old Testament,Hebrew,noun location,a place in Israel,,1
H8484,תִּיכּוֹן תִּיכּוֹן,Old Testament,Hebrew,adjective,midst.,,11
H8485,תֵּימָא תֵּמָא,Old Testament,Hebrew,noun location,"a son of Ishmael, and the region settled by him",,5
H8486,תֵּימָן תֵּמָן,Old Testament,Hebrew,noun,"-ward, wind).",,23
H8487,תֵּימָן תֵּמָן,Old Testament,Hebrew,noun location,"the name of two Edomites, and of the region and descendant of one of them",,11
H8488,תֵּימְנִי,Old Testament,Hebrew,noun proper,an Israelite,,1
H8489,תֵּימָנִי,Old Testament,Hebrew,noun proper,Temanite.,,8
H8490,תִּימָרָה תִּמָרָה,Old Testament,Hebrew,noun,i.e. cloud,,2
H8491,תִּיצִּי,Old Testament,Hebrew,noun proper,a Titsite or descendant or inhabitant of an unknown Tits,,1
H8492,תִּירוֹשׁ תִּירוֹשׁ,Old Testament,Hebrew,noun,sweet) wine.,,38
H8493,תִּירְיָא,Old Testament,Hebrew,noun proper,"Tirja, an Israelite",,1
H8494,תִּירָס,Old Testament,Hebrew,noun proper,a son of Japheth,,2
H8495,תַּיִשׁ,Old Testament,Hebrew,noun,a buck or he-goat (as given to butting),,4
H8496,תּוֹך תּוֹך,Old Testament,Hebrew,noun,fraud.,,3
H8497,תָּכָה,Old Testament,Hebrew,verb,i.e. encamp,,1
H8498,תְּכוּנָה,Old Testament,Hebrew,noun,as of china,,2
H8499,תְּכוּנָה,Old Testament,Hebrew,noun,i.e. a place,,1
H8500,תּוּכִּי תּוּכִּי,Old Testament,Hebrew,noun,probably a peacock,,2
H8501,תָּכָך,Old Testament,Hebrew,noun,i.e. crush],,1
H8502,תִּכלָה,Old Testament,Hebrew,noun,completeness,,1
H8503,תַּכלִיתּ,Old Testament,Hebrew,noun,perfect(-ion).,,5
H8504,תְּכֵלֶת,Old Testament,Hebrew,noun,i.e. the color (violet) obtained therefrom or stuff dyed therewith,,49
H8505,תָּכַן,Old Testament,Hebrew,verb,"(figuratively) to arrange, equalize, through the idea of levelling; (mentally) to estimate, test",,18
H8506,תּוֹכֶן,Old Testament,Hebrew,noun,tale.,,2
H8507,תּוֹכֶן,Old Testament,Hebrew,noun location,a place in Israel,,1
H8508,תָּכנִיתּ,Old Testament,Hebrew,noun,i.e. consummation,,2
H8509,תַּכרִיכּ,Old Testament,Hebrew,noun,a wrapper or robe,,1
H8510,תֵּל,Old Testament,Hebrew,noun,X strength.,,5
H8511,תָּלָא,Old Testament,Hebrew,verb,hang (in doubt).,,3
H8512,תֵּל אָבִיבּ,Old Testament,Hebrew,noun location,a place in Chaldaea,,1
H8513,תְּלָאָה,Old Testament,Hebrew,noun,"travel, trouble.",,4
H8514,תַּלאוּבָה,Old Testament,Hebrew,noun,desiccation,,1
H8515,תְּלַאשַּׂר תְּלַשַּׂר,Old Testament,Hebrew,noun location,a region of Assyria,,2
H8516,תַּלבּוֹשֶׁת,Old Testament,Hebrew,noun,a garment,,1
A8517,תְּלַג,Old Testament,Aramaic,noun,snow,,1
H8518,תָּלָה,Old Testament,Hebrew,verb,to suspend (especially to gibbet),,28
H8519,תְּלוּנָה תְּלוּנָּה,Old Testament,Hebrew,noun,a grumbling,,9
H8520,תֶּלַח,Old Testament,Hebrew,noun proper,an Israelite,,1
H8521,תֵּל חַרשָׁא,Old Testament,Hebrew,noun location,a place in Babylonia,,2
H8522,תְּלִי,Old Testament,Hebrew,noun,a quiver (as slung),,1
A8523,תְּלִיתַּי תַּלתִּי,Old Testament,Aramaic,adjective,third,,2
H8524,תָּלַל,Old Testament,Hebrew,adjective,i.e. elevate,,1
H8525,תֶּלֶם,Old Testament,Hebrew,noun,ridge.,,5
H8526,תַּלמַי,Old Testament,Hebrew,noun proper,the name of a Canaanite and a Syrian,,6
H8527,תַּלמִידּ,Old Testament,Hebrew,noun,a pupil,,1
H8528,תֵּל מֶלַח,Old Testament,Hebrew,noun location,a place in Babylonia,,2
H8529,תָּלַע,Old Testament,Hebrew,verb,i.e. dye that color,,1
H8530,תַּלפִּיָה,Old Testament,Hebrew,noun,i.e. (plural collective) slenderness,,1
A8531,תְּלַת,Old Testament,Aramaic,noun,a tertiary rank,,2
A8532,תְּלָת תְּלָתָה תְּלָתָא,Old Testament,Aramaic,noun enumeration,three.,,11
A8533,תְּלָתִין,Old Testament,Aramaic,number,ten times three,,2
H8534,תַּלתַּל,Old Testament,Hebrew,noun,from H8524 through the idea of vibration],,1
H8535,תָּם,Old Testament,Hebrew,adjective,"gentle, dear",,13
A8536,תָּם,Old Testament,Aramaic,verb,"there, X where.",,4
H8537,תּוֹם,Old Testament,Hebrew,noun,"integrity, perfect(-ion), simplicity, upright(-ly, -ness), at a venture. See H8550.",,24
H8538,תּוּמָּה,Old Testament,Hebrew,noun,innocence,,5
H8539,תָּמַהּ,Old Testament,Hebrew,verb,"be astonished, marvel(-lously), wonder.",,9
A8540,תְּמַהּ,Old Testament,Aramaic,noun,a miracle,,3
H8541,תִּמָּהוֹן,Old Testament,Hebrew,noun,consternation,,2
H8542,תַּמּוּז,Old Testament,Hebrew,noun proper time,a Phoenician deity,,1
H8543,תְּמוֹל תְּמוֹל,Old Testament,Hebrew,verb,"especially yesterday, or (with H8032) day before yesterday",,23
H8544,תְּמוּנָה תְּמוּנָה,Old Testament,Hebrew,noun,"as a shape, i.e. (indefinitely) phantom, or (specifically) embodiment, or (figuratively) manifestation (of favor)",,10
H8545,תְּמוּרָה,Old Testament,Hebrew,noun,compensation,,6
H8546,תְּמוּתָה,Old Testament,Hebrew,noun,die.,,2
H8547,תֶּמַח,Old Testament,Hebrew,noun proper,one of the Nethinim,,2
H8548,תָּמִידּ,Old Testament,Hebrew,noun,ellipt. the regular (daily) sacrifice,,104
H8549,תָּמִים,Old Testament,Hebrew,adjective,"(also, as noun) integrity, truth",,91
H8550,תּוּמִּים,Old Testament,Hebrew,noun proper,i.e. (techn.) one of the epithets of the objects in the high-priest's breastplate as an emblem of complete Truth,,5
H8551,תָּמַך,Old Testament,Hebrew,verb,"(figuratively) to help, follow close",,21
H8552,תָּמַם,Old Testament,Hebrew,verb,"in a good or a bad sense, literal, or figurative, transitive or intransitive (as follows)",,63
H8553,תִּמנָה,Old Testament,Hebrew,noun location,the name of two places in Israel,,12
H8554,תִּמנִי,Old Testament,Hebrew,adjective,a Timnite or inhabitant of Timnah,,1
H8555,תִּמנָע,Old Testament,Hebrew,noun proper,the name of two Edomites,,6
H8556,תִּמנַת חֶרֶס תִּמנַת סֶרַח,Old Testament,Hebrew,noun location,a place in Israel,,3
H8557,תֶּמֶס,Old Testament,Hebrew,noun,i.e. disappearance,,1
H8558,תָּמָר,Old Testament,Hebrew,noun,a palm tree,,8
H8559,תָּמָר,Old Testament,Hebrew,noun proper,the name of three women and a place,,25
H8560,תּוֹמֶר,Old Testament,Hebrew,noun,a palm trunk,,2
H8561,תִּמּוֹר תִּמּוֹרָה,Old Testament,Hebrew,noun,(arch.) a palm-like pilaster (i.e. umbellate),,20
H8562,תַּמרוּק תַּמרוּק תַּמרִיק,Old Testament,Hebrew,noun,(figuratively) a detergent,,5
H8563,תַּמרוּר,Old Testament,Hebrew,noun,bitterness (plural as collective),,3
H8564,תַּמרוּר,Old Testament,Hebrew,noun,i.e. pillar (probably for a guide-board),,1
H8565,תַּן,Old Testament,Hebrew,noun,also a jackal (or other hideous land animal),,1
H8566,תָּנָה,Old Testament,Hebrew,verb,i.e. bargain with (a harlot),,2
H8567,תָּנָה,Old Testament,Hebrew,verb,"i.e. celebrate, commemorate",,2
H8568,תַּנָּה,Old Testament,Hebrew,noun,a female jackal,,1
H8569,תְּנוּאָה,Old Testament,Hebrew,noun,occasion.,,2
H8570,תְּנוּבָה,Old Testament,Hebrew,noun,increase.,,5
H8571,תְּנוּך,Old Testament,Hebrew,noun,i.e. extremity,,8
H8572,תְּנוּמָה,Old Testament,Hebrew,noun,i.e. sleep,,5
H8573,תְּנוּפָה,Old Testament,Hebrew,noun,the official undulation of sacrificial offerings,,30
H8574,תַּנּוּר,Old Testament,Hebrew,noun,oven.,,15
H8575,תַּנחוּם תַּנחוּם תַּנחוּמָה,Old Testament,Hebrew,noun,solace,,5
H8576,תַּנחוּמֶת,Old Testament,Hebrew,noun proper,an Israelite,,2
H8577,תַּנִּין תַּנִּים,Old Testament,Hebrew,noun,i.e. sea-serpent or jackal,,28
A8578,תִּניָן,Old Testament,Aramaic,adjective,second,,1
A8579,תִּניָנוּת,Old Testament,Aramaic,verb,a second time,,1
H8580,תַּנשֶׁמֶת,Old Testament,Hebrew,noun,"i.e. the name of two unclean creatures, a lizard and a bird (both perhaps from changing color through their irascibility), probably the tree-toad and the water-hen",,3
H8581,תָּעַב,Old Testament,Hebrew,verb,i.e. (morally) detest,,22
H8582,תָּעָה,Old Testament,Hebrew,verb,also causative of both,,51
H8583,תּוֹעוּ תּוֹעִי,Old Testament,Hebrew,noun proper,"Tou or Toi, a Syrian king",,5
H8584,תְּעוּדָה,Old Testament,Hebrew,noun,"i.e. a precept, usage",,3
H8585,תְּעָלָה,Old Testament,Hebrew,noun,"cured, healing, little river, trench, watercourse.",,11
H8586,תַּעֲלוּל,Old Testament,Hebrew,noun,(concretely) a tyrant,,2
H8587,תַּעֲלוּמָּה,Old Testament,Hebrew,noun,secret.,,3
H8588,תַּעֲנוּג תַּעֲנוּג תַּעֲנוּגָה,Old Testament,Hebrew,noun,"delight, pleasant.",,5
H8589,תַּעֲנִיתּ,Old Testament,Hebrew,noun,i.e. fasting,,1
H8590,תַּעֲנָך תַּענָך,Old Testament,Hebrew,noun location,a place in Israel,,7
H8591,תָּעַע,Old Testament,Hebrew,verb,to maltreat,,2
H8592,תַּעֲצוּמָה,Old Testament,Hebrew,noun,might (plural collective),,1
H8593,תַּעַר,Old Testament,Hebrew,noun,"razor, scabbard, shave, sheath.",,13
H8594,תַּעֲרוּבָה,Old Testament,Hebrew,noun,suretyship; (concretely) a pledge,,2
H8595,תַּעתּוַּע,Old Testament,Hebrew,noun,a fraud,,2
H8596,תּוֹף,Old Testament,Hebrew,noun,timbrel.,,17
H8597,תִּפאָרָה תִּפאֶרֶת,Old Testament,Hebrew,noun,literally or figuratively},,51
H8598,תַּפּוַּח,Old Testament,Hebrew,noun,"i.e. the fruit or the tree (probably includ. others of the pome order, as the quince, the orange, etc.)",,6
H8599,תַּפּוַּח,Old Testament,Hebrew,noun proper,"the name of two places in Israel, also of an Israelite",,6
H8600,תְּפוֹצָה,Old Testament,Hebrew,noun,a dispersal,,1
H8601,תּוּפִין,Old Testament,Hebrew,noun,cookery; (concretely) a cake,,1
H8602,תָּפֵל,Old Testament,Hebrew,adjective,"unsavoury, untempered.",,7
H8603,תּוֹפֶל,Old Testament,Hebrew,noun location,a place near the Desert,,1
H8604,תִּפלָה,Old Testament,Hebrew,noun,foolishly.,,3
H8605,תְּפִלָּה,Old Testament,Hebrew,noun,(by implication) a hymn,,77
H8606,תִּפלֶצֶת,Old Testament,Hebrew,noun,fearfulness,,1
H8607,תִּפסַח,Old Testament,Hebrew,noun location,a place in Mesopotamia,,2
H8608,תָּפַף,Old Testament,Hebrew,verb,i.e. play (as) on the tambourine,,2
H8609,תָּפַר,Old Testament,Hebrew,verb,to sew,,4
H8610,תָּפַשׂ,Old Testament,Hebrew,verb,"chiefly to capture, wield, specifically, to overlay; (figuratively) to use unwarrantably",,65
H8611,תּוֹפֶת,Old Testament,Hebrew,noun,i.e. (figuratively) contempt,,1
H8612,תּוֹפֶת,Old Testament,Hebrew,noun location,a place near Jerusalem,,9
H8613,תָּפתֶּה,Old Testament,Hebrew,noun location,a place of cremation,,1
A8614,תִּפתַּי,Old Testament,Aramaic,noun,i.e. a lawyer,,2
H8615,תִּקוָה,Old Testament,Hebrew,noun,"hope, live, thing that I long for.",,34
H8616,תִּקוָה,Old Testament,Hebrew,noun proper,the name of two Israelites,,2
H8617,תְּקוּמָה,Old Testament,Hebrew,noun,resistfulness,,1
H8618,תְּקוֹמֵם,Old Testament,Hebrew,verb,an opponent,,1
H8619,תָּקוַֹע,Old Testament,Hebrew,noun,a trumpet,,1
H8620,תְּקוַֹע,Old Testament,Hebrew,noun proper,a place in Israel,,7
H8621,תְּקוֹעִי תְּקוֹעִי,Old Testament,Hebrew,adjective,a Tekoite or inhabitant of Tekoah,,7
H8622,תְּקוּפָה תְּקוּפָה,Old Testament,Hebrew,noun,"i.e. (of the sun) course, (of time) lapse",,4
H8623,תַּקִּיף,Old Testament,Hebrew,adjective,powerful,,1
A8624,תַּקִּיף,Old Testament,Aramaic,adjective,strong,,5
A8625,תְּקַל,Old Testament,Aramaic,noun,be weighed.,,3
H8626,תָּקַן,Old Testament,Hebrew,verb,(figuratively) to compose,,3
A8627,תְּקַן,Old Testament,Aramaic,verb,i.e. confirm,,1
H8628,תָּקַע,Old Testament,Hebrew,verb,"(by analogy) to drive (a nail or tent-pin, a dart, etc.); (by implication) to become bondsman by handclasping",,70
H8629,תֵּקַע,Old Testament,Hebrew,noun,a blast of a trumpet,,1
H8630,תָּקַף,Old Testament,Hebrew,verb,to overpower,,4
A8631,תְּקֵף,Old Testament,Aramaic,verb,make) mighty or (figuratively) obstinate,,5
A8632,תְּקוֹף,Old Testament,Aramaic,noun,strength.,,2
H8633,תּוֹקֶף,Old Testament,Hebrew,noun,"power, strength.",,3
H8634,תַּראֲלָה,Old Testament,Hebrew,noun location,a place in Israel,,1
H8635,תַּרבּוּת,Old Testament,Hebrew,noun,i.e. progeny,,2
H8636,תַּרבִּיתּ,Old Testament,Hebrew,noun,i.e. percentage or bonus in addition to principal,,5
H8637,תִּרגַּל,Old Testament,Hebrew,verb,to cause to walk,,2
H8638,תִּרגַּם,Old Testament,Hebrew,verb,i.e. translate,,1
H8639,תַּרדֵּמָה,Old Testament,Hebrew,noun,a lethargy; (by implication) trance,,7
H8640,תִּרהָקָה,Old Testament,Hebrew,noun proper,a king of Kush,,2
H8641,תְּרוּמָה תְּרוּמָה,Old Testament,Hebrew,noun,especially in sacrifice or as tribute,,76
H8642,תְּרוּמִיָה,Old Testament,Hebrew,noun,a sacrificial offering,,1
H8643,תְּרוּעָה,Old Testament,Hebrew,noun,"especially clangor of trumpets, as an alarum",,36
H8644,תְּרוּפָה,Old Testament,Hebrew,noun,H7495,,1
H8645,תִּרזָה,Old Testament,Hebrew,noun,perhaps the cypress,,1
H8646,תֶּרַח,Old Testament,Hebrew,noun location,also a place in the Desert,,13
H8647,תִּרחֲנָה,Old Testament,Hebrew,noun proper,an Israelite,,1
A8648,תְּרֵין תַּרתֵּין,Old Testament,Aramaic,noun enumeration,"+ twelve, two.",,4
H8649,תָּרמָה תַּרמוּת תַּרמִיתּ,Old Testament,Hebrew,noun,privily.,,7
H8650,תּוֹרֶן,Old Testament,Hebrew,noun,mast.,,3
A8651,תְּרַע,Old Testament,Aramaic,noun,a door; (by implication) a palace,,2
A8652,תָּרָע,Old Testament,Aramaic,noun,a doorkeeper,,1
H8653,תַּרעֵלָה,Old Testament,Hebrew,noun,trembling.,,3
H8654,תִּרעָתִי,Old Testament,Hebrew,noun proper,a Tirathite or inhabitant of an unknown Tirah,,1
H8655,תְּרָפִים,Old Testament,Hebrew,noun,"images, teraphim.",,15
H8656,תִּרצָּה,Old Testament,Hebrew,noun proper,also an Israelitess,,18
H8657,תֶּרֶשׁ,Old Testament,Hebrew,noun proper,a eunuch of Xerxes,,2
H8658,תַּרשִׁישׁ,Old Testament,Hebrew,noun,perhaps the topaz,,7
H8659,תַּרשִׁישׁ,Old Testament,Hebrew,noun location,(hence) the ephithet of a merchant vessel (as if for or from that port); (also) the name of a Persian and of an Israelite,,28
H8660,תִּרשָׁתָא,Old Testament,Hebrew,noun,the title of a Persian deputy or governor,,5
H8661,תַּרתָּן,Old Testament,Hebrew,noun,an Assyrian,,2
H8662,תַּרתָּק,Old Testament,Hebrew,noun proper,a deity of the Avvites,,1
H8663,תְּשׁוּאָה,Old Testament,Hebrew,noun,"noise, shouting, stir.",,4
H8664,תִּשׁבִּי,Old Testament,Hebrew,adjective,a Tishbite or inhabitant of Tishbeh (in Gilead),,6
H8665,תַּשׁבֵּץ,Old Testament,Hebrew,noun,checkered stuff (as reticulated),,1
H8666,תְּשׁוּבָה תֶּשׁוּבָה,Old Testament,Hebrew,noun,"be expired, return.",,8
H8667,תְּשׂוּמֶת,Old Testament,Hebrew,noun,i.e. pledging,,1
H8668,תְּשׁוּעָה תְּשׁוּעָה,Old Testament,Hebrew,noun,"pers., national or spir.)",,34
H8669,תְּשׁוּקָה,Old Testament,Hebrew,noun,a longing,,3
H8670,תְּשׁוּרָה,Old Testament,Hebrew,noun,a gift,,1
H8671,תְּשִׁיעִי,Old Testament,Hebrew,adjective,ninth,,18
H8672,תֵּשַׁע תִּשׁעָה,Old Testament,Hebrew,noun enumeration,"+ -teenth, -th).",తొమ్మిది లేదా (ఆర్డి.) తొమ్మిదవ,58
H8673,תִּשׁעִים,Old Testament,Hebrew,number,ninety,,20
H8674,תַּתּתְּנַי,Old Testament,Hebrew,noun proper,a Persian,,4
G1,ἄν,New Testament,Greek,,ἄν,,
G2,Ἀαρών,New Testament,Greek,,From H175,,
G3,Ἀβαδδών,New Testament,Greek,,From H11,,
G4,ἀβαρής,New Testament,Greek,,From G1+G922,,
G5,Ἀββᾶ,New Testament,Greek,,From H2,,
G6,Ἄβελ,New Testament,Greek,,From H1893,,
G7,Ἀβιά,New Testament,Greek,,From H29,,
G8,Ἀβιαθάρ,New Testament,Greek,,From H54,,
G9,Ἀβιληνή,New Testament,Greek,,From H58,,
G10,Ἀβιούδ,New Testament,Greek,,From H31,,
G11,Ἀβραάμ,New Testament,Greek,,From H85,,
G12,ἄβυσσος,New Testament,Greek,,From G1+G1037,,
G13,Ἄγαβος,New Testament,Greek,,From H2285,,
G14,ἀγαθοεργέω,New Testament,Greek,,From G18+G2041,,
G15,ἀγαθοποιέω,New Testament,Greek,,From G17,,
G16,ἀγαθοποιΐα,New Testament,Greek,,From G17,,
G17,ἀγαθοποιός,New Testament,Greek,,From G18+G4160,,
G18,ἀγαθός,New Testament,Greek,,ἀγαθός,,
G19,ἀγαθωσύνη,New Testament,Greek,,From G18,,
G20,ἀγαλλίασις,New Testament,Greek,,From G21,,
G21,ἀγαλλιάω,New Testament,Greek,,From G242,,
G22,ἄγαμος,New Testament,Greek,,From G1+G1062,,
G23,ἀγανακτέω,New Testament,Greek,,From G43,,
G24,ἀγανάκτησις,New Testament,Greek,,From G23,,
G25,ἀγαπάω,New Testament,Greek,,From H5689,,
G26,ἀγάπη,New Testament,Greek,,From G25,ప్రేమ (దైవిక ప్రేమ),
G27,ἀγαπητός,New Testament,Greek,,From G25,,
G28,Ἄγαρ,New Testament,Greek,,From H1904,,
G29,ἀγγαρεύω,New Testament,Greek,,From H104,,
G30,ἀγγεῖον,New Testament,Greek,,From G43,,
G31,ἀγγελία,New Testament,Greek,,From G32,,
G32,ἄγγελος,New Testament,Greek,,From G71,,
G33,ἄγε,New Testament,Greek,,From G71,,
G34,ἀγέλη,New Testament,Greek,,From G71+G32,,
G35,ἀγενεαλόγητος,New Testament,Greek,,From G1+G1075,,
G36,ἀγενής,New Testament,Greek,,From G1+G1085,,
G37,ἁγιάζω,New Testament,Greek,,From G40,,
G38,ἁγιασμός,New Testament,Greek,,From G37,,
G39,ἅγιον,New Testament,Greek,,From G40,,
G40,ἅγιος,New Testament,Greek,,From G53+G2282,"పవిత్రమైనది, పవిత్రమైనది",
G41,ἁγιότης,New Testament,Greek,,From G40,,
G42,ἁγιωσύνη,New Testament,Greek,,From G40,,
G43,ἀγκάλη,New Testament,Greek,,ἀγκάλη,,
G44,ἄγκιστρον,New Testament,Greek,,From G43,,
G45,ἄγκυρα,New Testament,Greek,,From G43,,
G46,ἄγναφος,New Testament,Greek,,From G1+G1102,,
G47,ἁγνεία,New Testament,Greek,,From G53,,
G48,ἁγνίζω,New Testament,Greek,,From G53,,
G49,ἁγνισμός,New Testament,Greek,,From G48,,
G50,ἀγνοέω,New Testament,Greek,,From G1+G3539,,
G51,ἀγνόημα,New Testament,Greek,,From G50,,
G52,ἄγνοια,New Testament,Greek,,From G50,,
G53,ἁγνός,New Testament,Greek,,From G40,,
G54,ἁγνότης,New Testament,Greek,,From G53,,
G55,ἁγνῶς,New Testament,Greek,,From G53,,
G56,ἀγνωσία,New Testament,Greek,,From G1+G1108,,
G57,ἄγνωστος,New Testament,Greek,,From G1+G1110,,
G58,ἀγορά,New Testament,Greek,,From G1453,,
G59,ἀγοράζω,New Testament,Greek,,From G58,,
G60,ἀγοραῖος,New Testament,Greek,,From G58,,
G61,ἄγρα,New Testament,Greek,,From G71,,
G62,ἀγράμματος,New Testament,Greek,,From G1+G1121,,
G63,ἀγραυλέω,New Testament,Greek,,From G68+G832+G833,,
G64,ἀγρεύω,New Testament,Greek,,From G61,,
G65,ἀγριέλαιος,New Testament,Greek,,From G66+G1636,,
G66,ἄγριος,New Testament,Greek,,From G68,,
G67,Ἀγρίππας,New Testament,Greek,,From G66+G2462,,
G68,ἀγρός,New Testament,Greek,,From G71,,
G69,ἀγρυπνέω,New Testament,Greek,,From G1+G5258,,
G70,ἀγρυπνία,New Testament,Greek,,From G69,,
G71,ἄγω,New Testament,Greek,,ἄγω,,
G72,ἀγωγή,New Testament,Greek,,From G71,,
G73,ἀγών,New Testament,Greek,,From G71,,
G74,ἀγωνία,New Testament,Greek,,From G73,,
G75,ἀγωνίζομαι,New Testament,Greek,,From G73,,
G76,Ἀδάμ,New Testament,Greek,,From H121,,
G77,ἀδάπανος,New Testament,Greek,,From G1,,
G78,Ἀδδί,New Testament,Greek,,From H5716,,
G79,ἀδελφή,New Testament,Greek,,From G80,,
G80,ἀδελφός,New Testament,Greek,,From G1,సోదరుడు,
G81,ἀδελφότης,New Testament,Greek,,From G80,,
G82,ἄδηλος,New Testament,Greek,,From G1+G1212,,
G83,ἀδηλότης,New Testament,Greek,,From G82,,
G84,ἀδήλως,New Testament,Greek,,From G82,,
G85,ἀδημονέω,New Testament,Greek,,ἀδημονέω,,
G86,ᾅδης,New Testament,Greek,,From G1+G1492,,
G87,ἀδιάκριτος,New Testament,Greek,,From G1+G1252,,
G88,ἀδιάλειπτος,New Testament,Greek,,From G1+G1223+G3007,,
G89,ἀδιαλείπτως,New Testament,Greek,,From G88,,
G90,ἀδιαφθορία,New Testament,Greek,,From G1+G1311,,
G91,ἀδικέω,New Testament,Greek,,From G94,,
G92,ἀδίκημα,New Testament,Greek,,From G91,,
G93,ἀδικία,New Testament,Greek,,From G94,,
G94,ἄδικος,New Testament,Greek,,From G1+G1349,,
G95,ἀδίκως,New Testament,Greek,,From G94,,
G96,ἀδόκιμος,New Testament,Greek,,From G1+G1384,,
G97,ἄδολος,New Testament,Greek,,From G1,,
G98,Ἀδραμυττηνός,New Testament,Greek,,Ἀδραμυττηνός,,
G99,Ἀδρίας,New Testament,Greek,,Ἀδρίας,,
G100,ἁδρότης,New Testament,Greek,,ἁδρότης,,
G101,ἀδυνατέω,New Testament,Greek,,From G102,,
G102,ἀδύνατος,New Testament,Greek,,From G1+G1415,,
G103,ᾄδω,New Testament,Greek,,ᾄδω,,
G104,ἀεί,New Testament,Greek,,ἀεί,,
G105,ἀετός,New Testament,Greek,,From G109,,
G106,ἄζυμος,New Testament,Greek,,From G1+G2219,,
G107,Ἀζώρ,New Testament,Greek,,From H5809,,
G108,Ἄζωτος,New Testament,Greek,,From H795,,
G109,ἀήρ,New Testament,Greek,,ἀήρ,,
G110,ἀθανασία,New Testament,Greek,,From G1+G2288,,
G111,ἀθέμιτος,New Testament,Greek,,From G1+G5087,,
G112,ἄθεος,New Testament,Greek,,From G1+G2316,,
G113,ἄθεσμος,New Testament,Greek,,From G1+G5087,,
G114,ἀθετέω,New Testament,Greek,,From G1+G5087,,
G115,ἀθέτησις,New Testament,Greek,,From G114,,
G116,Ἀθῆναι,New Testament,Greek,,Ἀθῆναι,,
G117,Ἀθηναῖος,New Testament,Greek,,From G116,,
G118,ἀθλέω,New Testament,Greek,,ἀθλέω,,
G119,ἄθλησις,New Testament,Greek,,From G118,,
G120,ἀθυμέω,New Testament,Greek,,From G1+G2372,,
G121,ἄθωος,New Testament,Greek,,From G1+G5087,,
G122,αἴγειος,New Testament,Greek,,αἴγειος,,
G123,αἰγιαλός,New Testament,Greek,,From G251,,
G124,Αἰγύπτιος,New Testament,Greek,,From G125,,
G125,Αἴγυπτος,New Testament,Greek,,Αἴγυπτος,,
G126,ἀΐδιος,New Testament,Greek,,From G104,,
G127,αἰδώς,New Testament,Greek,,From G1+G1492,,
G128,Αἰθίοψ,New Testament,Greek,,From G3700,,
G129,αἷμα,New Testament,Greek,,αἷμα,,
G130,αἱματεκχυσία,New Testament,Greek,,From G129+G1632,,
G131,αἱμοῤῥέω,New Testament,Greek,,From G129+G4482,,
G132,Αἰνέας,New Testament,Greek,,Αἰνέας,,
G133,αἴνεσις,New Testament,Greek,,From G134,,
G134,αἰνέω,New Testament,Greek,,From G136,,
G135,αἴνιγμα,New Testament,Greek,,From G136,,
G136,αἶνος,New Testament,Greek,,αἶνος,,
G137,Αἰνών,New Testament,Greek,,From H5869,,
G138,ἕλλομαι,New Testament,Greek,,From G142,,
G139,αἵρεσις,New Testament,Greek,,From G138,,
G140,αἱρετίζω,New Testament,Greek,,From G138,,
G141,αἱρετικός,New Testament,Greek,,From G140,,
G142,αἴρω,New Testament,Greek,,αἴρω,,
G143,αἰσθάνομαι,New Testament,Greek,,αἰσθάνομαι,,
G144,αἴσθησις,New Testament,Greek,,From G143,,
G145,αἰσθητήριον,New Testament,Greek,,From G143,,
G146,αἰσχροκερδής,New Testament,Greek,,From G150,,
G147,αἰσχροκερδῶς,New Testament,Greek,,From G146,,
G148,αἰσχρολογία,New Testament,Greek,,From G150+G3056,,
G149,αἰσχρόν,New Testament,Greek,,From G150,,
G150,αἰσχρός,New Testament,Greek,,From G153,,
G151,αἰσχρότης,New Testament,Greek,,From G150,,
G152,αἰσχύνη,New Testament,Greek,,From G153,,
G153,αἰσχύνομαι,New Testament,Greek,,αἰσχύνομαι,,
G154,αἰτέω,New Testament,Greek,,αἰτέω,,
G155,αἴτημα,New Testament,Greek,,From G154,,
G156,αἰτία,New Testament,Greek,,From G154,,
G157,αἰτίαμα,New Testament,Greek,,From G156,,
G158,αἴτιον,New Testament,Greek,,From G159,,
G159,αἴτιος,New Testament,Greek,,From G154,,
G160,αἰφνίδιος,New Testament,Greek,,From G1+G5316+G1810,,
G161,αἰχμαλωσία,New Testament,Greek,,From G164,,
G162,αἰχμαλωτεύω,New Testament,Greek,,From G164,,
G163,αἰχμαλωτίζω,New Testament,Greek,,From G164,,
G164,αἰχμάλωτος,New Testament,Greek,,From G259,,
G165,αἰών,New Testament,Greek,,From G104,,
G166,αἰώνιος,New Testament,Greek,,From G165,,
G167,ἀκαθαρσία,New Testament,Greek,,From G169,,
G168,ἀκαθάρτης,New Testament,Greek,,From G169,,
G169,ἀκάθαρτος,New Testament,Greek,,From G1+G2508,,
G170,ἀκαιρέομαι,New Testament,Greek,,From G1+G2540,,
G171,ἀκαίρως,New Testament,Greek,,From G170,,
G172,ἄκακος,New Testament,Greek,,From G1+G2556,,
G173,ἄκανθα,New Testament,Greek,,From G188,,
G174,ἀκάνθινος,New Testament,Greek,,From G173,,
G175,ἄκαρπος,New Testament,Greek,,From G1+G2590,,
G176,ἀκατάγνωστος,New Testament,Greek,,From G1+G2607,,
G177,ἀκατακάλυπτος,New Testament,Greek,,From G1+G2596+G2572,,
G178,ἀκατάκριτος,New Testament,Greek,,From G1+G2632,,
G179,ἀκατάλυτος,New Testament,Greek,,From G1+G2647,,
G180,ἀκατάπαυστος,New Testament,Greek,,From G1+G2664,,
G181,ἀκαταστασία,New Testament,Greek,,From G182,,
G182,ἀκατάστατος,New Testament,Greek,,From G1+G2525,,
G183,ἀκατάσχετος,New Testament,Greek,,From G1+G2722,,
G184,Ἀκελδαμά,New Testament,Greek,,Ἀκελδαμά,,
G185,ἀκέραιος,New Testament,Greek,,From G1+G2767,,
G186,ἀκλινής,New Testament,Greek,,From G1+G2827,,
G187,ἀκμάζω,New Testament,Greek,,From G188,,
G188,ἀκμήν,New Testament,Greek,,ἀκμήν,,
G189,ἀκοή,New Testament,Greek,,From G191,,
G190,ἀκολουθέω,New Testament,Greek,,From G1,,
G191,ἀκούω,New Testament,Greek,,ἀκούω,వినడానికి,
G192,ἀκρασία,New Testament,Greek,,From G193,,
G193,ἀκρατής,New Testament,Greek,,From G1+G2904,,
G194,ἄκρατος,New Testament,Greek,,From G1+G2767,,
G195,ἀκρίβεια,New Testament,Greek,,From G196,,
G196,ἀκριβέστατος,New Testament,Greek,,From G206,,
G197,ἀκριβέστερον,New Testament,Greek,,From G196,,
G198,ἀκριβόω,New Testament,Greek,,From G196,,
G199,ἀκριβῶς,New Testament,Greek,,From G196,,
G200,ἀκρίς,New Testament,Greek,,From G206,,
G201,ἀκροατήριον,New Testament,Greek,,From G202,,
G202,ἀκροατής,New Testament,Greek,,From G191,,
G203,ἀκροβυστία,New Testament,Greek,,From G206,,
G204,ἀκρογωνιαῖος,New Testament,Greek,,From G206+G1137,,
G205,ἀκροθίνιον,New Testament,Greek,,From G206,,
G206,ἄκρον,New Testament,Greek,,From G188,,
G207,Ἀκύλας,New Testament,Greek,,Ἀκύλας,,
G208,ἀκυρόω,New Testament,Greek,,From G1+G2964,,
G209,ἀκωλύτως,New Testament,Greek,,From G1+G2967,,
G210,ἄκων,New Testament,Greek,,From G1+G1635,,
G211,ἀλάβαστρον,New Testament,Greek,,ἀλάβαστρον,,
G212,ἀλαζονεία,New Testament,Greek,,From G213,,
G213,ἀλαζών,New Testament,Greek,,ἀλαζών,,
G214,ἀλαλάζω,New Testament,Greek,,ἀλαλάζω,,
G215,ἀλάλητος,New Testament,Greek,,From G1+G2980,,
G216,ἄλαλος,New Testament,Greek,,From G1+G2980,,
G217,ἅλας,New Testament,Greek,,From G251,,
G218,ἀλείφω,New Testament,Greek,,From G1+G3045,,
G219,ἀλεκτοροφωνία,New Testament,Greek,,From G220+G5456,,
G220,ἀλέκτωρ,New Testament,Greek,,ἀλέκτωρ,,
G221,Ἀλεξανδρεύς,New Testament,Greek,,Ἀλεξανδρεύς,,
G222,Ἀλεξανδρῖνος,New Testament,Greek,,From G221,,
G223,Ἀλέξανδρος,New Testament,Greek,,From G220+G435,,
G224,ἄλευρον,New Testament,Greek,,ἄλευρον,,
G225,ἀλήθεια,New Testament,Greek,,From G227,నిజం,
G226,ἀληθεύω,New Testament,Greek,,From G227,,
G227,ἀληθής,New Testament,Greek,,From G1+G2990,,
G228,ἀληθινός,New Testament,Greek,,From G227,,
G229,ἀλήθω,New Testament,Greek,,From G224,,
G230,ἀληθῶς,New Testament,Greek,,From G227,,
G231,ἁλιεύς,New Testament,Greek,,From G251,,
G232,ἁλιεύω,New Testament,Greek,,From G231,,
G233,ἁλίζω,New Testament,Greek,,From G251,,
G234,ἀλίσγεμα,New Testament,Greek,,ἀλίσγεμα,,
G235,ἀλλά,New Testament,Greek,,From G243,,
G236,ἀλλάσσω,New Testament,Greek,,From G243,,
G237,ἀλλαχόθεν,New Testament,Greek,,From G243,,
G238,ἀλληγορέω,New Testament,Greek,,From G243+G58,,
G239,ἀλληλουϊα,New Testament,Greek,,From H1984+H3050,,
G240,ἀλλήλων,New Testament,Greek,,From G243,,
G241,ἀλλογενής,New Testament,Greek,,From G243+G1085,,
G242,ἅλλομαι,New Testament,Greek,,ἅλλομαι,,
G243,ἄλλος,New Testament,Greek,,ἄλλος,,
G244,ἀλλοτριεπίσκοπος,New Testament,Greek,,From G245+G1985,,
G245,ἀλλότριος,New Testament,Greek,,From G243,,
G246,ἀλλόφυλος,New Testament,Greek,,From G243+G5443,,
G247,ἄλλως,New Testament,Greek,,From G243,,
G248,ἀλοάω,New Testament,Greek,,From G257,,
G249,ἄλογος,New Testament,Greek,,From G1+G3056,,
G250,ἀλόη,New Testament,Greek,,From G174,,
G251,ἅλς,New Testament,Greek,,ἅλς,,
G252,ἁλυκός,New Testament,Greek,,From G251,,
G253,ἀλυπότερος,New Testament,Greek,,From G1+G3077,,
G254,ἅλυσις,New Testament,Greek,,ἅλυσις,,
G255,ἀλυσιτελής,New Testament,Greek,,From G1+G3081,,
G256,Ἀλφαῖος,New Testament,Greek,,From H2501,,
G257,ἅλων,New Testament,Greek,,From G1507,,
G258,ἀλώπηξ,New Testament,Greek,,ἀλώπηξ,,
G259,ἅλωσις,New Testament,Greek,,From G138,,
G260,ἅμα,New Testament,Greek,,ἅμα,,
G261,ἀμαθής,New Testament,Greek,,From G1+G3129,,
G262,ἀμαράντινος,New Testament,Greek,,From G263,,
G263,ἀμάραντος,New Testament,Greek,,From G1+G3133,,
G264,ἁμαρτάνω,New Testament,Greek,,From G1+G3313,,
G265,ἁμάρτημα,New Testament,Greek,,From G264,,
G266,ἁμαρτία,New Testament,Greek,,From G264,పాపం,
G267,ἀμάρτυρος,New Testament,Greek,,From G1+G3144,,
G268,ἁμαρτωλός,New Testament,Greek,,From G264,,
G269,ἄμαχος,New Testament,Greek,,From G1+G3163,,
G270,ἀμάω,New Testament,Greek,,From G260,,
G271,ἀμέθυστος,New Testament,Greek,,From G1+G3184,,
G272,ἀμελέω,New Testament,Greek,,From G1+G3199,,
G273,ἄμεμπτος,New Testament,Greek,,From G1+G3201,,
G274,ἀμέμπτως,New Testament,Greek,,From G273,,
G275,ἀμέριμνος,New Testament,Greek,,From G1+G3308,,
G276,ἀμετάθετος,New Testament,Greek,,From G1+G3346,,
G277,ἀμετακίνητος,New Testament,Greek,,From G1+G3334,,
G278,ἀμεταμέλητος,New Testament,Greek,,From G1+G3338,,
G279,ἀμετανόητος,New Testament,Greek,,From G1+G3340,,
G280,ἄμετρος,New Testament,Greek,,From G1+G3358,,
G281,ἀμήν,New Testament,Greek,,From H543,,
G282,ἀμήτωρ,New Testament,Greek,,From G1+G3384,,
G283,ἀμίαντος,New Testament,Greek,,From G1+G3392,,
G284,Ἀμιναδάβ,New Testament,Greek,,From H5992,,
G285,ἄμμος,New Testament,Greek,,From G260,,
G286,ἀμνός,New Testament,Greek,,ἀμνός,,
G287,ἀμοιβή,New Testament,Greek,,ἀμοιβή,,
G288,ἄμπελος,New Testament,Greek,,From G297+G257,,
G289,ἀμπελουργός,New Testament,Greek,,From G288+G2041,,
G290,ἀμπελών,New Testament,Greek,,From G288,,
G291,Ἀμπλίας,New Testament,Greek,,Ἀμπλίας,,
G292,ἀμύνομαι,New Testament,Greek,,ἀμύνομαι,,
G293,ἀμφίβληστρον,New Testament,Greek,,From G297+G906,,
G294,ἀμφιέννυμι,New Testament,Greek,,From G297,,
G295,Ἀμφίπολις,New Testament,Greek,,From G297+G4172,,
G296,ἄμφοδον,New Testament,Greek,,From G297+G3598,,
G297,ἀμφότερος,New Testament,Greek,,ἀμφότερος,,
G298,ἀμώμητος,New Testament,Greek,,From G1+G3469,,
G299,ἄμωμος,New Testament,Greek,,From G1+G3470,,
G300,Ἀμών,New Testament,Greek,,From H526,,
G301,Ἀμώς,New Testament,Greek,,From H531,,
G302,ἄν,New Testament,Greek,,ἄν,,
G303,ἀνά,New Testament,Greek,,ἀνά,,
G304,ἀναβαθμός,New Testament,Greek,,From G305+G898,,
G305,ἀναβαίνω,New Testament,Greek,,From G303+G939,,
G306,ἀναβάλλομαι,New Testament,Greek,,From G303+G906,,
G307,ἀναβιβάζω,New Testament,Greek,,From G303+G939,,
G308,ἀναβλέπω,New Testament,Greek,,From G303+G991,,
G309,ἀνάβλεψις,New Testament,Greek,,From G308,,
G310,ἀναβοάω,New Testament,Greek,,From G303+G994,,
G311,ἀναβολή,New Testament,Greek,,From G306,,
G312,ἀναγγέλλω,New Testament,Greek,,From G303+G32,,
G313,ἀναγεννάω,New Testament,Greek,,From G303+G1080,,
G314,ἀναγινώσκω,New Testament,Greek,,From G303+G1097,,
G315,ἀναγκάζω,New Testament,Greek,,From G318,,
G316,ἀναγκαῖος,New Testament,Greek,,From G318,,
G317,ἀναγκαστῶς,New Testament,Greek,,From G315,,
G318,ἀνάγκη,New Testament,Greek,,From G303+G43,,
G319,ἀναγνωρίζομαι,New Testament,Greek,,From G303+G1107,,
G320,ἀνάγνωσις,New Testament,Greek,,From G314,,
G321,ἀνάγω,New Testament,Greek,,From G303+G71,,
G322,ἀναδείκνυμι,New Testament,Greek,,From G303+G1166,,
G323,ἀνάδειξις,New Testament,Greek,,From G322,,
G324,ἀναδέχομαι,New Testament,Greek,,From G303+G1209,,
G325,ἀναδίδωμι,New Testament,Greek,,From G303+G1325,,
G326,ἀναζάω,New Testament,Greek,,From G303+G2198,,
G327,ἀναζητέω,New Testament,Greek,,From G303+G2212,,
G328,ἀναζώννυμι,New Testament,Greek,,From G303+G2224,,
G329,ἀναζωπυρέω,New Testament,Greek,,From G303+G2226+G4442,,
G330,ἀναθάλλω,New Testament,Greek,,From G303,,
G331,ἀνάθεμα,New Testament,Greek,,From G394,,
G332,ἀναθεματίζω,New Testament,Greek,,From G331,,
G333,ἀναθεωρέω,New Testament,Greek,,From G303+G2334,,
G334,ἀνάθημα,New Testament,Greek,,From G394+G331,,
G335,ἀναίδεια,New Testament,Greek,,From G1+G427+G127,,
G336,ἀναίρεσις,New Testament,Greek,,From G337,,
G337,ἀναιρέω,New Testament,Greek,,From G303+G138,,
G338,ἀναίτιος,New Testament,Greek,,From G1+G159+G156,,
G339,ἀνακαθίζω,New Testament,Greek,,From G303+G2523,,
G340,ἀνακαινίζω,New Testament,Greek,,From G303+G2537,,
G341,ἀνακαινόω,New Testament,Greek,,From G303+G2537,,
G342,ἀνακαίνωσις,New Testament,Greek,,From G341,,
G343,ἀνακαλύπτω,New Testament,Greek,,From G303+G2572,,
G344,ἀνακάμπτω,New Testament,Greek,,From G303+G2578,,
G345,ἀνακεῖμαι,New Testament,Greek,,From G303+G2749,,
G346,ἀνακεφαλαίομαι,New Testament,Greek,,From G303+G2775,,
G347,ἀνακλίνω,New Testament,Greek,,From G303+G2827,,
G348,ἀνακόπτω,New Testament,Greek,,From G303+G2875,,
G349,ἀνακράζω,New Testament,Greek,,From G303+G2896,,
G350,ἀνακρίνω,New Testament,Greek,,From G303+G2919,,
G351,ἀνάκρισις,New Testament,Greek,,From G350,,
G352,ἀνακύπτω,New Testament,Greek,,From G303+G2955,,
G353,ἀναλαμβάνω,New Testament,Greek,,From G303+G2983,,
G354,ἀνάληψις,New Testament,Greek,,From G353,,
G355,ἀναλίσκω,New Testament,Greek,,From G303+G138,,
G356,ἀναλογία,New Testament,Greek,,From G303+G3056,,
G357,ἀναλογίζομαι,New Testament,Greek,,From G356,,
G358,ἄναλος,New Testament,Greek,,From G1+G251,,
G359,ἀνάλυσις,New Testament,Greek,,From G360,,
G360,ἀναλύω,New Testament,Greek,,From G303+G3089,,
G361,ἀναμάρτητος,New Testament,Greek,,From G1+G264,,
G362,ἀναμένω,New Testament,Greek,,From G303+G3306,,
G363,ἀναμιμνήσκω,New Testament,Greek,,From G303+G3403,,
G364,ἀνάμνησις,New Testament,Greek,,From G363,,
G365,ἀνανεόω,New Testament,Greek,,From G303+G3501,,
G366,ἀνανήφω,New Testament,Greek,,From G303+G3525,,
G367,Ἀνανίας,New Testament,Greek,,From H2608,,
G368,ἀναντίῤῥητος,New Testament,Greek,,From G1+G473+G4483,,
G369,ἀναντιῤῥήτως,New Testament,Greek,,From G368,,
G370,ἀνάξιος,New Testament,Greek,,From G1+G514,,
G371,ἀναξίως,New Testament,Greek,,From G370,,
G372,ἀνάπαυσις,New Testament,Greek,,From G373,,
G373,ἀναπαύω,New Testament,Greek,,From G303+G3973,,
G374,ἀναπείθω,New Testament,Greek,,From G303+G3982,,
G375,ἀναπέμπω,New Testament,Greek,,From G303+G3992,,
G376,ἀνάπηρος,New Testament,Greek,,From G303,,
G377,ἀναπίπτω,New Testament,Greek,,From G303+G4098,,
G378,ἀναπληρόω,New Testament,Greek,,From G303+G4137,,
G379,ἀναπολόγητος,New Testament,Greek,,From G1+G626,,
G380,ἀναπτύσσω,New Testament,Greek,,From G303+G4428,,
G381,ἀνάπτω,New Testament,Greek,,From G303+G681,,
G382,ἀναρίθμητος,New Testament,Greek,,From G1+G705,,
G383,ἀνασείω,New Testament,Greek,,From G303+G4579,,
G384,ἀνασκευάζω,New Testament,Greek,,From G303+G4632,,
G385,ἀνασπάω,New Testament,Greek,,From G303+G4685,,
G386,ἀνάστασις,New Testament,Greek,,From G450,పునరుత్థానం,
G387,ἀναστατόω,New Testament,Greek,,From G450,,
G388,ἀνασταυρόω,New Testament,Greek,,From G303+G4717,,
G389,ἀναστενάζω,New Testament,Greek,,From G303+G4727,,
G390,ἀναστρέφω,New Testament,Greek,,From G303+G4762,,
G391,ἀναστροφή,New Testament,Greek,,From G390,,
G392,ἀνατάσσομαι,New Testament,Greek,,From G303+G5021,,
G393,ἀνατέλλω,New Testament,Greek,,From G303+G5056,,
G394,ἀνατίθεμαι,New Testament,Greek,,From G303+G5087,,
G395,ἀνατολή,New Testament,Greek,,From G393,,
G396,ἀνατρέπω,New Testament,Greek,,From G303+G5157,,
G397,ἀνατρέφω,New Testament,Greek,,From G303+G5142,,
G398,ἀναφαίνω,New Testament,Greek,,From G303+G5316,,
G399,ἀναφέρω,New Testament,Greek,,From G303+G5342,,
G400,ἀναφωνέω,New Testament,Greek,,From G303+G5455,,
G401,ἀνάχυσις,New Testament,Greek,,From G303,,
G402,ἀναχωρέω,New Testament,Greek,,From G303+G5562,,
G403,ἀνάψυξις,New Testament,Greek,,From G404,,
G404,ἀναψύχω,New Testament,Greek,,From G303+G5594,,
G405,ἀνδραποδιστής,New Testament,Greek,,From G435+G4228,,
G406,Ἀνδρέας,New Testament,Greek,,From G435,,
G407,ἀνδρίζομαι,New Testament,Greek,,From G435,,
G408,Ἀνδρόνικος,New Testament,Greek,,From G435+G3534,,
G409,ἀνδροφόνος,New Testament,Greek,,From G435+G5408,,
G410,ἀνέγκλητος,New Testament,Greek,,From G1+G1458,,
G411,ἀνεκδιήγητος,New Testament,Greek,,From G1+G1555,,
G412,ἀνεκλάλητος,New Testament,Greek,,From G1+G1583,,
G413,ἀνέκλειπτος,New Testament,Greek,,From G1+G1587,,
G414,ἀνεκτότερος,New Testament,Greek,,From G430,,
G415,ἀνελεήμων,New Testament,Greek,,From G1+G1655,,
G416,ἀνεμίζω,New Testament,Greek,,From G417,,
G417,ἄνεμος,New Testament,Greek,,From G109,,
G418,ἀνένδεκτος,New Testament,Greek,,From G1+G1735,,
G419,ἀνεξερεύνητος,New Testament,Greek,,From G1+G1830,,
G420,ἀνεξίκακος,New Testament,Greek,,From G430+G2556,,
G421,ἀνεξιχνίαστος,New Testament,Greek,,From G1+G1537+G2487,,
G422,ἀνεπαίσχυντος,New Testament,Greek,,From G1+G1909+G153,,
G423,ἀνεπίληπτος,New Testament,Greek,,From G1+G1949,,
G424,ἀνέρχομαι,New Testament,Greek,,From G303+G2064,,
G425,ἄνεσις,New Testament,Greek,,From G447,,
G426,ἀνετάζω,New Testament,Greek,,From G303,,
G427,ἄνευ,New Testament,Greek,,ἄνευ,,
G428,ἀνεύθετος,New Testament,Greek,,From G1+G2111,,
G429,ἀνευρίσκω,New Testament,Greek,,From G303+G2147,,
G430,ἀνέχομαι,New Testament,Greek,,From G303+G2192,,
G431,ἀνεψιός,New Testament,Greek,,From G1,,
G432,ἄνηθον,New Testament,Greek,,ἄνηθον,,
G433,ἀνήκω,New Testament,Greek,,From G303+G2240,,
G434,ἀνήμερος,New Testament,Greek,,From G1,,
G435,ἀνήρ,New Testament,Greek,,From G444,"మనిషి, భర్త",
G436,ἀνθίστημι,New Testament,Greek,,From G473+G2476,,
G437,ἀνθομολογέομαι,New Testament,Greek,,From G473+G3670,,
G438,ἄνθος,New Testament,Greek,,ἄνθος,,
G439,ἀνθρακιά,New Testament,Greek,,From G440,,
G440,ἄνθραξ,New Testament,Greek,,ἄνθραξ,,
G441,ἀνθρωπάρεσκος,New Testament,Greek,,From G444+G700,,
G442,ἀνθρώπινος,New Testament,Greek,,From G444,,
G443,ἀνθρωποκτόνος,New Testament,Greek,,From G444,,
G444,ἄνθρωπος,New Testament,Greek,,From G435+G3700,"మనిషి, మానవుడు",
G445,ἀνθυπατεύω,New Testament,Greek,,From G446,,
G446,ἀνθύπατος,New Testament,Greek,,From G473+G5228,,
G447,ἀνίημι,New Testament,Greek,,From G303,,
G448,ἀνίλεως,New Testament,Greek,,From G1+G2436,,
G449,ἄνιπτος,New Testament,Greek,,From G1+G3538,,
G450,ἀνίστημι,New Testament,Greek,,From G303+G2476,,
G451,Ἄννα,New Testament,Greek,,From H2584,,
G452,Ἄννας,New Testament,Greek,,From H2608,,
G453,ἀνόητος,New Testament,Greek,,From G1+G3539,,
G454,ἄνοια,New Testament,Greek,,From G1+G3563,,
G455,ἀνοίγω,New Testament,Greek,,From G303,,
G456,ἀνοικοδομέω,New Testament,Greek,,From G303+G3618,,
G457,ἄνοιξις,New Testament,Greek,,From G455,,
G458,ἀνομία,New Testament,Greek,,From G459,,
G459,ἄνομος,New Testament,Greek,,From G1+G3551,,
G460,ἀνόμως,New Testament,Greek,,From G459,,
G461,ἀνορθόω,New Testament,Greek,,From G303+G3717,,
G462,ἀνόσιος,New Testament,Greek,,From G1+G3741,,
G463,ἀνοχή,New Testament,Greek,,From G430,,
G464,ἀνταγωνίζομαι,New Testament,Greek,,From G473+G75,,
G465,ἀντάλλαγμα,New Testament,Greek,,From G473+G236,,
G466,ἀνταναπληρόω,New Testament,Greek,,From G473+G378,,
G467,ἀνταποδίδωμι,New Testament,Greek,,From G473+G591,,
G468,ἀνταπόδομα,New Testament,Greek,,From G467,,
G469,ἀνταπόδοσις,New Testament,Greek,,From G467,,
G470,ἀνταποκρίνομαι,New Testament,Greek,,From G473+G611,,
G471,ἀντέπω,New Testament,Greek,,From G473+G2036,,
G472,ἀντέχομαι,New Testament,Greek,,From G473+G2192,,
G473,ἀντί,New Testament,Greek,,ἀντί,,
G474,ἀντιβάλλω,New Testament,Greek,,From G473+G906,,
G475,ἀντιδιατίθεμαι,New Testament,Greek,,From G473+G1303,,
G476,ἀντίδικος,New Testament,Greek,,From G473+G1349,,
G477,ἀντίθεσις,New Testament,Greek,,From G473+G5087,,
G478,ἀντικαθίστημι,New Testament,Greek,,From G473+G2525,,
G479,ἀντικαλέω,New Testament,Greek,,From G473+G2564,,
G480,ἀντίκειμαι,New Testament,Greek,,From G473+G2749,,
G481,ἀντικρύ,New Testament,Greek,,From G473,,
G482,ἀντιλαμβάνομαι,New Testament,Greek,,From G473+G2983,,
G483,ἀντιλέγω,New Testament,Greek,,From G473+G3004,,
G484,ἀντίληψις,New Testament,Greek,,From G482,,
G485,ἀντιλογία,New Testament,Greek,,From G483,,
G486,ἀντιλοιδορέω,New Testament,Greek,,From G473+G3058,,
G487,ἀντίλυτρον,New Testament,Greek,,From G473+G3083,,
G488,ἀντιμετρέω,New Testament,Greek,,From G473+G3354,,
G489,ἀντιμισθία,New Testament,Greek,,From G473+G3408,,
G490,Ἀντιόχεια,New Testament,Greek,,Ἀντιόχεια,,
G491,Ἀντιοχεύς,New Testament,Greek,,From G490,,
G492,ἀντιπαρέρχομαι,New Testament,Greek,,From G473+G3928,,
G493,Ἀντίπας,New Testament,Greek,,From G473+G3962,,
G494,Ἀντιπατρίς,New Testament,Greek,,From G493,,
G495,ἀντιπέραν,New Testament,Greek,,From G473+G4008,,
G496,ἀντιπίπτω,New Testament,Greek,,From G473+G4098,,
G497,ἀντιστρατεύομαι,New Testament,Greek,,From G473+G4754,,
G498,ἀντιτάσσομαι,New Testament,Greek,,From G473+G5021,,
G499,ἀντίτυπον,New Testament,Greek,,From G473+G5179,,
G500,ἀντίχριστος,New Testament,Greek,,From G473+G5547,,
G501,ἀντλέω,New Testament,Greek,,ἀντλέω,,
G502,ἄντλημα,New Testament,Greek,,From G501,,
G503,ἀντοφθαλμέω,New Testament,Greek,,From G473+G3788,,
G504,ἄνυδρος,New Testament,Greek,,From G1+G5204,,
G505,ἀνυπόκριτος,New Testament,Greek,,From G1+G5271,,
G506,ἀνυπότακτος,New Testament,Greek,,From G1+G5293,,
G507,ἄνω,New Testament,Greek,,From G473,,
G508,ἀνώγεον,New Testament,Greek,,From G507+G1093,,
G509,ἄνωθεν,New Testament,Greek,,From G507,,
G510,ἀνωτερικός,New Testament,Greek,,From G511,,
G511,ἀνώτερος,New Testament,Greek,,From G507,,
G512,ἀνωφελής,New Testament,Greek,,From G1+G5624,,
G513,ἀξίνη,New Testament,Greek,,ἀξίνη,,
G514,ἄξιος,New Testament,Greek,,From G71,,
G515,ἀξιόω,New Testament,Greek,,From G514,,
G516,ἀξίως,New Testament,Greek,,From G514,,
G517,ἀόρατος,New Testament,Greek,,From G1+G3707,,
G518,ἀπαγγέλλω,New Testament,Greek,,From G575+G32,,
G519,ἀπάγχομαι,New Testament,Greek,,From G575+G43,,
G520,ἀπάγω,New Testament,Greek,,From G575+G71,,
G521,ἀπαίδευτος,New Testament,Greek,,From G1+G3811,,
G522,ἀπαίρω,New Testament,Greek,,From G575+G142,,
G523,ἀπαιτέω,New Testament,Greek,,From G575+G154,,
G524,ἀπαλγέω,New Testament,Greek,,From G575,,
G525,ἀπαλλάσσω,New Testament,Greek,,From G575+G236,,
G526,ἀπαλλοτριόω,New Testament,Greek,,From G575+G245,,
G527,ἀπαλός,New Testament,Greek,,ἀπαλός,,
G528,ἀπαντάω,New Testament,Greek,,From G575+G473,,
G529,ἀπάντησις,New Testament,Greek,,From G528,,
G530,ἅπαξ,New Testament,Greek,,From G537,,
G531,ἀπαράβατος,New Testament,Greek,,From G1+G3845,,
G532,ἀπαρασκεύαστος,New Testament,Greek,,From G1+G3903,,
G533,ἀπαρνέομαι,New Testament,Greek,,From G575+G720,,
G534,ἀπάρτι,New Testament,Greek,,From G575+G737,,
G535,ἀπαρτισμός,New Testament,Greek,,From G534,,
G536,ἀπαρχή,New Testament,Greek,,From G575+G756,,
G537,ἅπας,New Testament,Greek,,From G1+G3956,,
G538,ἀπατάω,New Testament,Greek,,ἀπατάω,,
G539,ἀπάτη,New Testament,Greek,,From G538,,
G540,ἀπάτωρ,New Testament,Greek,,From G1+G3962,,
G541,ἀπαύγασμα,New Testament,Greek,,From G575+G826,,
G542,ἀπείδω,New Testament,Greek,,From G575+G1492,,
G543,ἀπείθεια,New Testament,Greek,,From G545,,
G544,ἀπειθέω,New Testament,Greek,,From G545,,
G545,ἀπειθής,New Testament,Greek,,From G1+G3982,,
G546,ἀπειλέω,New Testament,Greek,,ἀπειλέω,,
G547,ἀπειλή,New Testament,Greek,,From G546,,
G548,ἄπειμι,New Testament,Greek,,From G575+G1510,,
G549,ἄπειμι,New Testament,Greek,,From G575,,
G550,ἀπειπόμην,New Testament,Greek,,From G575+G2036,,
G551,ἀπείραστος,New Testament,Greek,,From G1+G3987,,
G552,ἄπειρος,New Testament,Greek,,From G1+G3984,,
G553,ἀπεκδέχομαι,New Testament,Greek,,From G575+G1551,,
G554,ἀπεκδύομαι,New Testament,Greek,,From G575+G1562,,
G555,ἀπέκδυσις,New Testament,Greek,,From G554,,
G556,ἀπελαύνω,New Testament,Greek,,From G575+G1643,,
G557,ἀπελεγμός,New Testament,Greek,,From G575+G1651,,
G558,ἀπελεύθερος,New Testament,Greek,,From G575+G1658,,
G559,Ἀπελλῆς,New Testament,Greek,,Ἀπελλῆς,,
G560,ἀπελπίζω,New Testament,Greek,,From G575+G1679,,
G561,ἀπέναντι,New Testament,Greek,,From G575+G1725,,
G562,ἀπέραντος,New Testament,Greek,,From G1+G4008,,
G563,ἀπερισπάστως,New Testament,Greek,,From G1+G4049,,
G564,ἀπερίτμητος,New Testament,Greek,,From G1+G4059,,
G565,ἀπέρχομαι,New Testament,Greek,,From G575+G2064,,
G566,ἀπέχει,New Testament,Greek,,From G568,,
G567,ἀπέχομαι,New Testament,Greek,,From G568,,
G568,ἀπέχω,New Testament,Greek,,From G575+G2192,,
G569,ἀπιστέω,New Testament,Greek,,From G571,,
G570,ἀπιστία,New Testament,Greek,,From G571,,
G571,ἄπιστος,New Testament,Greek,,From G1+G4103,,
G572,ἁπλότης,New Testament,Greek,,From G573,,
G573,ἁπλοῦς,New Testament,Greek,,From G1+G4120,,
G574,ἁπλῶς,New Testament,Greek,,From G573+G572,,
G575,ἀπό,New Testament,Greek,,ἀπό,,
G576,ἀποβαίνω,New Testament,Greek,,From G575+G939,,
G577,ἀποβάλλω,New Testament,Greek,,From G575+G906,,
G578,ἀποβλέπω,New Testament,Greek,,From G575+G991,,
G579,ἀπόβλητος,New Testament,Greek,,From G577,,
G580,ἀποβολή,New Testament,Greek,,From G577,,
G581,ἀπογενόμενος,New Testament,Greek,,From G575+G1096,,
G582,ἀπογραφή,New Testament,Greek,,From G583,,
G583,ἀπογράφω,New Testament,Greek,,From G575+G1125,,
G584,ἀποδείκνυμι,New Testament,Greek,,From G575+G1166,,
G585,ἀπόδειξις,New Testament,Greek,,From G584,,
G586,ἀποδεκατόω,New Testament,Greek,,From G575+G1183,,
G587,ἀπόδεκτος,New Testament,Greek,,From G588,,
G588,ἀποδέχομαι,New Testament,Greek,,From G575+G1209,,
G589,ἀποδημέω,New Testament,Greek,,From G590,,
G590,ἀπόδημος,New Testament,Greek,,From G575+G1218,,
G591,ἀποδίδωμι,New Testament,Greek,,From G575+G1325,,
G592,ἀποδιορίζω,New Testament,Greek,,From G575+G1223+G3724,,
G593,ἀποδοκιμάζω,New Testament,Greek,,From G575+G1381,,
G594,ἀποδοχή,New Testament,Greek,,From G588,,
G595,ἀπόθεσις,New Testament,Greek,,From G659,,
G596,ἀποθήκη,New Testament,Greek,,From G659,,
G597,ἀποθησαυρίζω,New Testament,Greek,,From G575+G2343,,
G598,ἀποθλίβω,New Testament,Greek,,From G575+G2346,,
G599,ἀποθνήσκω,New Testament,Greek,,From G575+G2348,,
G600,ἀποκαθίστημι,New Testament,Greek,,From G575+G2525,,
G601,ἀποκαλύπτω,New Testament,Greek,,From G575+G2572,,
G602,ἀποκάλυψις,New Testament,Greek,,From G601,,
G603,ἀποκαραδοκία,New Testament,Greek,,From G575+G1380,,
G604,ἀποκαταλλάσσω,New Testament,Greek,,From G575+G2644,,
G605,ἀποκατάστασις,New Testament,Greek,,From G600,,
G606,ἀπόκειμαι,New Testament,Greek,,From G575+G2749,,
G607,ἀποκεφαλίζω,New Testament,Greek,,From G575+G2776,,
G608,ἀποκλείω,New Testament,Greek,,From G575+G2808,,
G609,ἀποκόπτω,New Testament,Greek,,From G575+G2875,,
G610,ἀπόκριμα,New Testament,Greek,,From G611,,
G611,ἀποκρίνομαι,New Testament,Greek,,From G575,,
G612,ἀπόκρισις,New Testament,Greek,,From G611,,
G613,ἀποκρύπτω,New Testament,Greek,,From G575+G2928,,
G614,ἀπόκρυφος,New Testament,Greek,,From G613,,
G615,ἀποκτείνω,New Testament,Greek,,From G575,,
G616,ἀποκυέω,New Testament,Greek,,From G575+G2949,,
G617,ἀποκυλίω,New Testament,Greek,,From G575+G2947,,
G618,ἀπολαμβάνω,New Testament,Greek,,From G575+G2983,,
G619,ἀπόλαυσις,New Testament,Greek,,From G575,,
G620,ἀπολείπω,New Testament,Greek,,From G575+G3007,,
G621,ἀπολείχω,New Testament,Greek,,From G575,,
G622,ἀπόλλυμι,New Testament,Greek,,From G575+G3639,,
G623,Ἀπολλύων,New Testament,Greek,,From G622,,
G624,Ἀπολλωνία,New Testament,Greek,,From G622,,
G625,Ἀπολλῶς,New Testament,Greek,,From G624,,
G626,ἀπολογέομαι,New Testament,Greek,,From G575+G3056,,
G627,ἀπολογία,New Testament,Greek,,From G626,,
G628,ἀπολούω,New Testament,Greek,,From G575+G3068,,
G629,ἀπολύτρωσις,New Testament,Greek,,From G575+G3083,,
G630,ἀπολύω,New Testament,Greek,,From G575+G3089,,
G631,ἀπομάσσομαι,New Testament,Greek,,From G575,,
G632,ἀπονέμω,New Testament,Greek,,From G575+G3551,,
G633,ἀπονίπτω,New Testament,Greek,,From G575+G3538,,
G634,ἀποπίπτω,New Testament,Greek,,From G575+G4098,,
G635,ἀποπλανάω,New Testament,Greek,,From G575+G4105,,
G636,ἀποπλέω,New Testament,Greek,,From G575+G4126,,
G637,ἀποπλύνω,New Testament,Greek,,From G575+G4150,,
G638,ἀποπνίγω,New Testament,Greek,,From G575+G4155,,
G639,ἀπορέω,New Testament,Greek,,From G1+G4198,,
G640,ἀπορία,New Testament,Greek,,From G639,,
G641,ἀποῤῥίπτω,New Testament,Greek,,From G575+G4496,,
G642,ἀπορφανίζω,New Testament,Greek,,From G575+G3737,,
G643,ἀποσκευάζω,New Testament,Greek,,From G575+G4632,,
G644,ἀποσκίασμα,New Testament,Greek,,From G575+G4639,,
G645,ἀποσπάω,New Testament,Greek,,From G575+G4685,,
G646,ἀποστασία,New Testament,Greek,,From G647,,
G647,ἀποστάσιον,New Testament,Greek,,From G868,,
G648,ἀποστεγάζω,New Testament,Greek,,From G575+G4721,,
G649,ἀποστέλλω,New Testament,Greek,,From G575+G4724,,
G650,ἀποστερέω,New Testament,Greek,,From G575,,
G651,ἀποστολή,New Testament,Greek,,From G649,,
G652,ἀπόστολος,New Testament,Greek,,From G649,అపోస్తలుడు,
G653,ἀποστοματίζω,New Testament,Greek,,From G575+G4750,,
G654,ἀποστρέφω,New Testament,Greek,,From G575+G4762,,
G655,ἀποστυγέω,New Testament,Greek,,From G575+G4767,,
G656,ἀποσυνάγωγος,New Testament,Greek,,From G575+G4864,,
G657,ἀποτάσσομαι,New Testament,Greek,,From G575+G5021,,
G658,ἀποτελέω,New Testament,Greek,,From G575+G5055,,
G659,ἀποτίθημι,New Testament,Greek,,From G575+G5087,,
G660,ἀποτινάσσω,New Testament,Greek,,From G575,,
G661,ἀποτίνω,New Testament,Greek,,From G575+G5099,,
G662,ἀποτολμάω,New Testament,Greek,,From G575+G5111,,
G663,ἀποτομία,New Testament,Greek,,From G664,,
G664,ἀποτόμως,New Testament,Greek,,From G575,,
G665,ἀποτρέπω,New Testament,Greek,,From G575+G5157,,
G666,ἀπουσία,New Testament,Greek,,From G548,,
G667,ἀποφέρω,New Testament,Greek,,From G575+G5342,,
G668,ἀποφεύγω,New Testament,Greek,,From G575+G5343,,
G669,ἀποφθέγγομαι,New Testament,Greek,,From G575+G5350,,
G670,ἀποφορτίζομαι,New Testament,Greek,,From G575+G5412,,
G671,ἀπόχρησις,New Testament,Greek,,From G575+G5530,,
G672,ἀποχωρέω,New Testament,Greek,,From G575+G5562,,
G673,ἀποχωρίζω,New Testament,Greek,,From G575+G5563,,
G674,ἀποψύχω,New Testament,Greek,,From G575+G5594,,
G675,Ἄππιος,New Testament,Greek,,Ἄππιος,,
G676,ἀπρόσιτος,New Testament,Greek,,From G1+G4314,,
G677,ἀπρόσκοπος,New Testament,Greek,,From G1+G4350,,
G678,ἀπροσωπολήπτως,New Testament,Greek,,From G1+G4383+G2983+G4381,,
G679,ἄπταιστος,New Testament,Greek,,From G1+G4417,,
G680,ἅπτομαι,New Testament,Greek,,From G681,,
G681,ἅπτω,New Testament,Greek,,ἅπτω,,
G682,Ἀπφία,New Testament,Greek,,Ἀπφία,,
G683,ἀπώθομαι,New Testament,Greek,,From G575,,
G684,ἀπώλεια,New Testament,Greek,,From G622,,
G685,ἀρά,New Testament,Greek,,From G142,,
G686,ἄρα,New Testament,Greek,,From G142,,
G687,ἆρα,New Testament,Greek,,From G686,,
G688,Ἀραβία,New Testament,Greek,,From H6152,,
G689,Ἀράμ,New Testament,Greek,,From H7410,,
G690,Ἄραψ,New Testament,Greek,,From G688,,
G691,ἀργέω,New Testament,Greek,,From G692,,
G692,ἀργός,New Testament,Greek,,From G1+G2041,,
G693,ἀργύρεος,New Testament,Greek,,From G696,,
G694,ἀργύριον,New Testament,Greek,,From G696,,
G695,ἀργυροκόπος,New Testament,Greek,,From G696+G2875,,
G696,ἄργυρος,New Testament,Greek,,ἄργυρος,,
G697,Ἄρειος Πάγος,New Testament,Greek,,From G4078,,
G698,Ἀρεοπαγίτης,New Testament,Greek,,From G697,,
G699,ἀρεσκεία,New Testament,Greek,,From G700,,
G700,ἀρέσκω,New Testament,Greek,,From G142,,
G701,ἀρεστός,New Testament,Greek,,From G700,,
G702,Ἀρέτας,New Testament,Greek,,Ἀρέτας,,
G703,ἀρέτη,New Testament,Greek,,From G730,,
G704,ἀρήν,New Testament,Greek,,From G730,,
G705,ἀριθμέω,New Testament,Greek,,From G706,,
G706,ἀριθμός,New Testament,Greek,,From G142,,
G707,Ἀριμαθαία,New Testament,Greek,,From H7414,,
G708,Ἀρίσταρχος,New Testament,Greek,,From G712+G757,,
G709,ἀριστάω,New Testament,Greek,,From G712,,
G710,ἀριστερός,New Testament,Greek,,From G712,,
G711,Ἀριστόβουλος,New Testament,Greek,,From G712+G1012,,
G712,ἄριστον,New Testament,Greek,,From G730,,
G713,ἀρκετός,New Testament,Greek,,From G714,,
G714,ἀρκέω,New Testament,Greek,,From G142,,
G715,ἄρκτος,New Testament,Greek,,From G714,,
G716,ἅρμα,New Testament,Greek,,From G142+G1,,
G717,Ἀρμαγεδδών,New Testament,Greek,,From H2022+H4023,,
G718,ἁρμόζω,New Testament,Greek,,From G719,,
G719,ἁρμός,New Testament,Greek,,From G716,,
G720,ἀρνέομαι,New Testament,Greek,,From G1+G4483,,
G721,ἀρνίον,New Testament,Greek,,From G704,,
G722,ἀροτριόω,New Testament,Greek,,From G723,,
G723,ἄροτρον,New Testament,Greek,,ἄροτρον,,
G724,ἁρπαγή,New Testament,Greek,,From G726,,
G725,ἁρπαγμός,New Testament,Greek,,From G726,,
G726,ἁρπάζω,New Testament,Greek,,From G138,,
G727,ἅρπαξ,New Testament,Greek,,From G726,,
G728,ἀῤῥαβών,New Testament,Greek,,From H6162,,
G729,ἄῤῥαφος,New Testament,Greek,,From G1+G4476,,
G730,ἄρσην,New Testament,Greek,,From G142,,
G731,ἄῤῥητος,New Testament,Greek,,From G1+G4490,,
G732,ἄῤῥωστος,New Testament,Greek,,From G1+G4517,,
G733,ἀρσενοκοίτης,New Testament,Greek,,From G730+G2845,,
G734,Ἀρτεμάς,New Testament,Greek,,From G735+G1435,,
G735,Ἄρτεμις,New Testament,Greek,,From G736,,
G736,ἀρτέμων,New Testament,Greek,,From G737,,
G737,ἄρτι,New Testament,Greek,,From G142+G740,,
G738,ἀρτιγέννητος,New Testament,Greek,,From G737+G1084,,
G739,ἄρτιος,New Testament,Greek,,From G737,,
G740,ἄρτος,New Testament,Greek,,From G142,,
G741,ἀρτύω,New Testament,Greek,,From G142,,
G742,Ἀρφαξάδ,New Testament,Greek,,From H775,,
G743,ἀρχάγγελος,New Testament,Greek,,From G757+G32,,
G744,ἀρχαῖος,New Testament,Greek,,From G746,,
G745,Ἀρχέλαος,New Testament,Greek,,From G757+G2994,,
G746,ἀρχή,New Testament,Greek,,From G756,,
G747,ἀρχηγός,New Testament,Greek,,From G746+G71,,
G748,ἀρχιερατικός,New Testament,Greek,,From G746+G2413,,
G749,ἀρχιερεύς,New Testament,Greek,,From G746+G2409,,
G750,ἀρχιποίμην,New Testament,Greek,,From G746+G4166,,
G751,Ἄρχιππος,New Testament,Greek,,From G746+G2462,,
G752,ἀρχισυνάγωγος,New Testament,Greek,,From G746+G4864,,
G753,ἀρχιτέκτων,New Testament,Greek,,From G746+G5045,,
G754,ἀρχιτελώνης,New Testament,Greek,,From G746+G5057,,
G755,ἀρχιτρίκλινος,New Testament,Greek,,From G746+G5140+G2827,,
G756,ἄρχομαι,New Testament,Greek,,From G757,,
G757,ἄρχω,New Testament,Greek,,ἄρχω,,
G758,ἄρχων,New Testament,Greek,,From G757,,
G759,ἄρωμα,New Testament,Greek,,From G142,,
G760,Ἀσά,New Testament,Greek,,From H609,,
G761,ἀσάλευτος,New Testament,Greek,,From G1+G4531,,
G762,ἄσβεστος,New Testament,Greek,,From G1+G4570,,
G763,ἀσέβεια,New Testament,Greek,,From G765,,
G764,ἀσεβέω,New Testament,Greek,,From G765,,
G765,ἀσεβής,New Testament,Greek,,From G1+G4576,,
G766,ἀσέλγεια,New Testament,Greek,,From G1,,
G767,ἄσημος,New Testament,Greek,,From G1+G4591,,
G768,Ἀσήρ,New Testament,Greek,,From H836,,
G769,ἀσθένεια,New Testament,Greek,,From G772,,
G770,ἀσθενέω,New Testament,Greek,,From G772,,
G771,ἀσθένημα,New Testament,Greek,,From G770,,
G772,ἀσθενής,New Testament,Greek,,From G1+G4599,,
G773,Ἀσία,New Testament,Greek,,Ἀσία,,
G774,Ἀσιανός,New Testament,Greek,,From G773,,
G775,Ἀσιάρχης,New Testament,Greek,,From G773+G746,,
G776,ἀσιτία,New Testament,Greek,,From G777,,
G777,ἄσιτος,New Testament,Greek,,From G1+G4621,,
G778,ἀσκέω,New Testament,Greek,,From G4632,,
G779,ἀσκός,New Testament,Greek,,From G778,,
G780,ἀσμένως,New Testament,Greek,,From G2237,,
G781,ἄσοφος,New Testament,Greek,,From G1+G4680,,
G782,ἀσπάζομαι,New Testament,Greek,,From G1+G4685,,
G783,ἀσπασμός,New Testament,Greek,,From G782,,
G784,ἄσπιλος,New Testament,Greek,,From G1+G4695,,
G785,ἀσπίς,New Testament,Greek,,ἀσπίς,,
G786,ἄσπονδος,New Testament,Greek,,From G1+G4689,,
G787,ἀσσάριον,New Testament,Greek,,ἀσσάριον,,
G788,ἆσσον,New Testament,Greek,,From G1451,,
G789,Ἄσσος,New Testament,Greek,,Ἄσσος,,
G790,ἀστατέω,New Testament,Greek,,From G1+G2476,,
G791,ἀστεῖος,New Testament,Greek,,ἀστεῖος,,
G792,ἀστήρ,New Testament,Greek,,From G4766,,
G793,ἀστήρικτος,New Testament,Greek,,From G1+G4741,,
G794,ἄστοργος,New Testament,Greek,,From G1,,
G795,ἀστοχέω,New Testament,Greek,,From G1,,
G796,ἀστραπή,New Testament,Greek,,From G797,,
G797,ἀστράπτω,New Testament,Greek,,From G792,,
G798,ἄστρον,New Testament,Greek,,From G792,,
G799,Ἀσύγκριτος,New Testament,Greek,,From G1+G4793,,
G800,ἀσύμφωνος,New Testament,Greek,,From G1+G4859,,
G801,ἀσύνετος,New Testament,Greek,,From G1+G4908,,
G802,ἀσύνθετος,New Testament,Greek,,From G1+G4934,,
G803,ἀσφάλεια,New Testament,Greek,,From G804,,
G804,ἀσφαλής,New Testament,Greek,,From G1,,
G805,ἀσφαλίζω,New Testament,Greek,,From G804,,
G806,ἀσφαλῶς,New Testament,Greek,,From G804,,
G807,ἀσχημονέω,New Testament,Greek,,From G809,,
G808,ἀσχημοσύνη,New Testament,Greek,,From G809,,
G809,ἀσχήμων,New Testament,Greek,,From G1+G2192+G4976,,
G810,ἀσωτία,New Testament,Greek,,From G1+G4982,,
G811,ἀσώτως,New Testament,Greek,,From G810,,
G812,ἀτακτέω,New Testament,Greek,,From G813,,
G813,ἄτακτος,New Testament,Greek,,From G1+G5021,,
G814,ἀτάκτως,New Testament,Greek,,From G813,,
G815,ἄτεκνος,New Testament,Greek,,From G1+G5043,,
G816,ἀτενίζω,New Testament,Greek,,From G1,,
G817,ἄτερ,New Testament,Greek,,From G427,,
G818,ἀτιμάζω,New Testament,Greek,,From G820,,
G819,ἀτιμία,New Testament,Greek,,From G820,,
G820,ἄτιμος,New Testament,Greek,,From G1+G5092,,
G821,ἀτιμόω,New Testament,Greek,,From G820,,
G822,ἀτμίς,New Testament,Greek,,From G109,,
G823,ἄτομος,New Testament,Greek,,From G1+G5114,,
G824,ἄτοπος,New Testament,Greek,,From G1+G5117,,
G825,Ἀττάλεια,New Testament,Greek,,Ἀττάλεια,,
G826,αὐγάζω,New Testament,Greek,,From G827,,
G827,αὐγή,New Testament,Greek,,αὐγή,,
G828,Αὐγοῦστος,New Testament,Greek,,Αὐγοῦστος,,
G829,αὐθάδης,New Testament,Greek,,From G846+G2237,,
G830,αὐθαίρετος,New Testament,Greek,,From G846+G140,,
G831,αὐθεντέω,New Testament,Greek,,From G846,,
G832,αὐλέω,New Testament,Greek,,From G836,,
G833,αὐλή,New Testament,Greek,,From G109,,
G834,αὐλητής,New Testament,Greek,,From G832,,
G835,αὐλίζομαι,New Testament,Greek,,From G833,,
G836,αὐλός,New Testament,Greek,,From G109,,
G837,αὐξάνω,New Testament,Greek,,αὐξάνω,,
G838,αὔξησις,New Testament,Greek,,From G837,,
G839,αὔριον,New Testament,Greek,,From G109,,
G840,αὐστηρός,New Testament,Greek,,From G109,,
G841,αὐτάρκεια,New Testament,Greek,,From G842,,
G842,αὐτάρκης,New Testament,Greek,,From G846+G714,,
G843,αὐτοκατάκριτος,New Testament,Greek,,From G846+G2632,,
G844,αὐτόματος,New Testament,Greek,,From G846+G3155,,
G845,αὐτόπτης,New Testament,Greek,,From G846+G3700,,
G846,αὐτός,New Testament,Greek,,From G109,,
G847,αὐτοῦ,New Testament,Greek,,From G846,,
G848,αὑτοῦ,New Testament,Greek,,From G1438,,
G849,αὐτόχειρ,New Testament,Greek,,From G846+G5495,,
G850,αὐχμηρός,New Testament,Greek,,From G109,,
G851,ἀφαιρέω,New Testament,Greek,,From G575+G138,,
G852,ἀφανής,New Testament,Greek,,From G1+G5316,,
G853,ἀφανίζω,New Testament,Greek,,From G852,,
G854,ἀφανισμός,New Testament,Greek,,From G853,,
G855,ἄφαντος,New Testament,Greek,,From G1+G5316,,
G856,ἀφεδρών,New Testament,Greek,,From G575+G1476,,
G857,ἀφειδία,New Testament,Greek,,From G1+G5339,,
G858,ἀφελότης,New Testament,Greek,,From G1,,
G859,ἄφεσις,New Testament,Greek,,From G863,,
G860,ἁφή,New Testament,Greek,,From G680,,
G861,ἀφθαρσία,New Testament,Greek,,From G862,,
G862,ἄφθαρτος,New Testament,Greek,,From G1+G5351,,
G863,ἀφίημι,New Testament,Greek,,From G575,,
G864,ἀφικνέομαι,New Testament,Greek,,From G575+G2425,,
G865,ἀφιλάγαθος,New Testament,Greek,,From G1+G5358,,
G866,ἀφιλάργυρος,New Testament,Greek,,From G1+G5366,,
G867,ἄφιξις,New Testament,Greek,,From G864,,
G868,ἀφίστημι,New Testament,Greek,,From G575+G2476,,
G869,ἄφνω,New Testament,Greek,,From G852,,
G870,ἀφόβως,New Testament,Greek,,From G1+G5401,,
G871,ἀφομοιόω,New Testament,Greek,,From G575+G3666,,
G872,ἀφοράω,New Testament,Greek,,From G575+G3708,,
G873,ἀφορίζω,New Testament,Greek,,From G575+G3724,,
G874,ἀφορμή,New Testament,Greek,,From G575+G3729,,
G875,ἀφρίζω,New Testament,Greek,,From G876,,
G876,ἀφρός,New Testament,Greek,,ἀφρός,,
G877,ἀφροσύνη,New Testament,Greek,,From G878,,
G878,ἄφρων,New Testament,Greek,,From G1+G5424,,
G879,ἀφυπνόω,New Testament,Greek,,From G575+G5258,,
G880,ἄφωνος,New Testament,Greek,,From G1+G5456,,
G881,Ἀχάζ,New Testament,Greek,,From H271,,
G882,Ἀχαΐα,New Testament,Greek,,Ἀχαΐα,,
G883,Ἀχαϊκός,New Testament,Greek,,From G882,,
G884,ἀχάριστος,New Testament,Greek,,From G1+G5483,,
G885,Ἀχείμ,New Testament,Greek,,From H3137,,
G886,ἀχειροποίητος,New Testament,Greek,,From G1+G5499,,
G887,ἀχλύς,New Testament,Greek,,ἀχλύς,,
G888,ἀχρεῖος,New Testament,Greek,,From G1+G5534+G5532,,
G889,ἀχρειόω,New Testament,Greek,,From G888,,
G890,ἄχρηστος,New Testament,Greek,,From G1+G5543,,
G891,ἄχρις,New Testament,Greek,,From G206,,
G892,ἄχυρον,New Testament,Greek,,ἄχυρον,,
G893,ἀψευδής,New Testament,Greek,,From G1+G5579,,
G894,ἄψινθος,New Testament,Greek,,ἄψινθος,,
G895,ἄψυχος,New Testament,Greek,,From G1+G5590,,
G896,Βάαλ,New Testament,Greek,,From H1168,,
G897,Βαβυλών,New Testament,Greek,,From H894,,
G898,βαθμός,New Testament,Greek,,From G899,,
G899,βάθος,New Testament,Greek,,From G901,,
G900,βαθύνω,New Testament,Greek,,From G901,,
G901,βαθύς,New Testament,Greek,,From G939,,
G902,βαΐον,New Testament,Greek,,From G939,,
G903,Βαλαάμ,New Testament,Greek,,From H1109,,
G904,Βαλάκ,New Testament,Greek,,From H1111,,
G905,βαλάντιον,New Testament,Greek,,From G906,,
G906,βάλλω,New Testament,Greek,,βάλλω,,
G907,βαπτίζω,New Testament,Greek,,From G911,బాప్టిజం ఇవ్వడానికి,
G908,βάπτισμα,New Testament,Greek,,From G907,,
G909,βαπτισμός,New Testament,Greek,,From G907,,
G910,Βαπτιστής,New Testament,Greek,,From G907,,
G911,βάπτω,New Testament,Greek,,βάπτω,,
G912,Βαραββᾶς,New Testament,Greek,,From H1347+H5,,
G913,Βαράκ,New Testament,Greek,,From H1301,,
G914,Βαραχίας,New Testament,Greek,,From H1296,,
G915,βάρβαρος,New Testament,Greek,,βάρβαρος,,
G916,βαρέω,New Testament,Greek,,From G926,,
G917,βαρέως,New Testament,Greek,,From G926,,
G918,Βαρθολομαῖος,New Testament,Greek,,From H1247+H8526,,
G919,Βαριησοῦς,New Testament,Greek,,From H1247+H3091,,
G920,Βαριωνᾶς,New Testament,Greek,,From H1247+H3124,,
G921,Βαρνάβας,New Testament,Greek,,From H1247+H5029,,
G922,βάρος,New Testament,Greek,,From G939+G899,,
G923,Βαρσαβᾶς,New Testament,Greek,,From H1247+H6634,,
G924,Βαρτιμαῖος,New Testament,Greek,,From H1247+H2931,,
G925,βαρύνω,New Testament,Greek,,From G926,,
G926,βαρύς,New Testament,Greek,,From G922,,
G927,βαρύτιμος,New Testament,Greek,,From G926+G5092,,
G928,βασανίζω,New Testament,Greek,,From G931,,
G929,βασανισμός,New Testament,Greek,,From G928,,
G930,βασανιστής,New Testament,Greek,,From G928,,
G931,βάσανος,New Testament,Greek,,From G939,,
G932,βασιλεία,New Testament,Greek,,From G935,రాజ్యం,
G933,βασίλειον,New Testament,Greek,,From G934,,
G934,βασίλειος,New Testament,Greek,,From G935,,
G935,βασιλεύς,New Testament,Greek,,From G939,రాజు,
G936,βασιλεύω,New Testament,Greek,,From G935,,
G937,βασιλικός,New Testament,Greek,,From G935,,
G938,βασίλισσα,New Testament,Greek,,From G936,,
G939,βάσις,New Testament,Greek,,βάσις,,
G940,βασκαίνω,New Testament,Greek,,From G5335,,
G941,βαστάζω,New Testament,Greek,,From G939,,
G942,βάτος,New Testament,Greek,,βάτος,,
G943,βάτος,New Testament,Greek,,From H1324,,
G944,βάτραχος,New Testament,Greek,,βάτραχος,,
G945,βαττολογέω,New Testament,Greek,,From G3056,,
G946,βδέλυγμα,New Testament,Greek,,From G948,,
G947,βδελυκτός,New Testament,Greek,,From G948,,
G948,βδελύσσω,New Testament,Greek,,βδελύσσω,,
G949,βέβαιος,New Testament,Greek,,From G939,,
G950,βεβαιόω,New Testament,Greek,,From G949,,
G951,βεβαίωσις,New Testament,Greek,,From G950,,
G952,βέβηλος,New Testament,Greek,,From G939,,
G953,βεβηλόω,New Testament,Greek,,From G952,,
G954,Βεελζεβούλ,New Testament,Greek,,From H1176,,
G955,Βελίαλ,New Testament,Greek,,From H1100,,
G956,βέλος,New Testament,Greek,,From G906,,
G957,βελτίον,New Testament,Greek,,From G906+G18,,
G958,Βενιαμίν,New Testament,Greek,,From H1144,,
G959,Βερνίκη,New Testament,Greek,,From G5342+G3529,,
G960,Βέροια,New Testament,Greek,,From G4008,,
G961,Βεροιαῖος,New Testament,Greek,,From G960,,
G962,Βηθαβαρά,New Testament,Greek,,From H1004+H5679,,
G963,Βηθανία,New Testament,Greek,,Βηθανία,,
G964,Βηθεσδά,New Testament,Greek,,From H1004+H2617,,
G965,Βηθλεέμ,New Testament,Greek,,From H1036,,
G966,Βηθσαϊδά,New Testament,Greek,,From H1004+H6719,,
G967,Βηθφαγή,New Testament,Greek,,From H1004+H6291,,
G968,βῆμα,New Testament,Greek,,From G939,,
G969,βήρυλλος,New Testament,Greek,,βήρυλλος,,
G970,βία,New Testament,Greek,,From G979,,
G971,βιάζω,New Testament,Greek,,From G970,,
G972,βίαιος,New Testament,Greek,,From G970,,
G973,βιαστής,New Testament,Greek,,From G971,,
G974,βιβλιαρίδιον,New Testament,Greek,,From G975,,
G975,βιβλίον,New Testament,Greek,,From G976,,
G976,βίβλος,New Testament,Greek,,βίβλος,,
G977,βιβρώσκω,New Testament,Greek,,From G1006,,
G978,Βιθυνία,New Testament,Greek,,Βιθυνία,,
G979,βίος,New Testament,Greek,,βίος,,
G980,βιόω,New Testament,Greek,,From G979,,
G981,βίωσις,New Testament,Greek,,From G980,,
G982,βιωτικός,New Testament,Greek,,From G980,,
G983,βλαβερός,New Testament,Greek,,From G984,,
G984,βλάπτω,New Testament,Greek,,βλάπτω,,
G985,βλαστάνω,New Testament,Greek,,βλαστάνω,,
G986,Βλάστος,New Testament,Greek,,From G985,,
G987,βλασφημέω,New Testament,Greek,,From G989,,
G988,βλασφημία,New Testament,Greek,,From G989,,
G989,βλάσφημος,New Testament,Greek,,From G984+G5345,,
G990,βλέμμα,New Testament,Greek,,From G991,,
G991,βλέπω,New Testament,Greek,,βλέπω,,
G992,βλητέος,New Testament,Greek,,From G906,,
G993,Βοανεργές,New Testament,Greek,,From H1123+H7266,,
G994,βοάω,New Testament,Greek,,βοάω,,
G995,βοή,New Testament,Greek,,From G994,,
G996,βοήθεια,New Testament,Greek,,From G998,,
G997,βοηθέω,New Testament,Greek,,From G998,,
G998,βοηθός,New Testament,Greek,,From G995,,
G999,βόθυνος,New Testament,Greek,,From G900,,
G1000,βολή,New Testament,Greek,,From G906,,
G1001,βολίζω,New Testament,Greek,,From G1002,,
G1002,βολίς,New Testament,Greek,,From G906,,
G1003,Βοόζ,New Testament,Greek,,From H1162,,
G1004,βόρβορος,New Testament,Greek,,βόρβορος,,
G1005,βοῤῥᾶς,New Testament,Greek,,βοῤῥᾶς,,
G1006,βόσκω,New Testament,Greek,,From G977+G1016,,
G1007,Βοσόρ,New Testament,Greek,,From H1160,,
G1008,βοτάνη,New Testament,Greek,,From G1006,,
G1009,βότρυς,New Testament,Greek,,βότρυς,,
G1010,βουλευτής,New Testament,Greek,,From G1011,,
G1011,βουλεύω,New Testament,Greek,,From G1012,,
G1012,βουλή,New Testament,Greek,,From G1014,,
G1013,βούλημα,New Testament,Greek,,From G1014,,
G1014,βούλομαι,New Testament,Greek,,βούλομαι,,
G1015,βουνός,New Testament,Greek,,βουνός,,
G1016,βοῦς,New Testament,Greek,,From G1006,,
G1017,βραβεῖον,New Testament,Greek,,βραβεῖον,,
G1018,βραβεύω,New Testament,Greek,,From G1017,,
G1019,βραδύνω,New Testament,Greek,,From G1021,,
G1020,βραδυπλοέω,New Testament,Greek,,From G1021+G4126,,
G1021,βραδύς,New Testament,Greek,,βραδύς,,
G1022,βραδύτης,New Testament,Greek,,From G1021,,
G1023,βραχίων,New Testament,Greek,,From G1024,,
G1024,βραχύς,New Testament,Greek,,βραχύς,,
G1025,βρέφος,New Testament,Greek,,βρέφος,,
G1026,βρέχω,New Testament,Greek,,βρέχω,,
G1027,βροντή,New Testament,Greek,,βροντή,,
G1028,βροχή,New Testament,Greek,,From G1026,,
G1029,βρόχος,New Testament,Greek,,βρόχος,,
G1030,βρυγμός,New Testament,Greek,,From G1031,,
G1031,βρύχω,New Testament,Greek,,βρύχω,,
G1032,βρύω,New Testament,Greek,,βρύω,,
G1033,βρῶμα,New Testament,Greek,,From G977,,
G1034,βρώσιμος,New Testament,Greek,,From G1035,,
G1035,βρῶσις,New Testament,Greek,,From G977,,
G1036,βυθίζω,New Testament,Greek,,From G1037,,
G1037,βυθός,New Testament,Greek,,From G899,,
G1038,βυρσεύς,New Testament,Greek,,βυρσεύς,,
G1039,βύσσινος,New Testament,Greek,,From G1040,,
G1040,βύσσος,New Testament,Greek,,From H948,,
G1041,βωμός,New Testament,Greek,,From G939,,
G1042,γαββαθά,New Testament,Greek,,From H1355,,
G1043,Γαβριήλ,New Testament,Greek,,From H1403,,
G1044,γάγγραινα,New Testament,Greek,,γάγγραινα,,
G1045,Γάδ,New Testament,Greek,,From H1410,,
G1046,Γαδαρηνός,New Testament,Greek,,Γαδαρηνός,,
G1047,γάζα,New Testament,Greek,,γάζα,,
G1048,Γάζα,New Testament,Greek,,From H5804,,
G1049,γαζοφυλάκιον,New Testament,Greek,,From G1047+G5438,,
G1050,Γάϊος,New Testament,Greek,,Γάϊος,,
G1051,γάλα,New Testament,Greek,,γάλα,,
G1052,Γαλάτης,New Testament,Greek,,From G1053,,
G1053,Γαλατία,New Testament,Greek,,Γαλατία,,
G1054,Γαλατικός,New Testament,Greek,,From G1053,,
G1055,γαλήνη,New Testament,Greek,,γαλήνη,,
G1056,Γαλιλαία,New Testament,Greek,,From H1551,,
G1057,Γαλιλαῖος,New Testament,Greek,,From G1056,,
G1058,Γαλλίων,New Testament,Greek,,Γαλλίων,,
G1059,Γαμαλιήλ,New Testament,Greek,,From H1583,,
G1060,γαμέω,New Testament,Greek,,From G1062,,
G1061,γαμίσκω,New Testament,Greek,,From G1062,,
G1062,γάμος,New Testament,Greek,,γάμος,,
G1063,γάρ,New Testament,Greek,,γάρ,,
G1064,γαστήρ,New Testament,Greek,,γαστήρ,,
G1065,γέ,New Testament,Greek,,γέ,,
G1066,Γεδεών,New Testament,Greek,,From H1439,,
G1067,γέεννα,New Testament,Greek,,From H1516+H2011,,
G1068,Γεθσημανῆ,New Testament,Greek,,From H1660+H8081,,
G1069,γείτων,New Testament,Greek,,From G1093,,
G1070,γελάω,New Testament,Greek,,γελάω,,
G1071,γέλως,New Testament,Greek,,From G1070,,
G1072,γεμίζω,New Testament,Greek,,From G1073,,
G1073,γέμω,New Testament,Greek,,γέμω,,
G1074,γενεά,New Testament,Greek,,From G1085,,
G1075,γενεαλογέω,New Testament,Greek,,From G1074+G3056,,
G1076,γενεαλογία,New Testament,Greek,,From G1075,,
G1077,γενέσια,New Testament,Greek,,From G1078,,
G1078,γένεσις,New Testament,Greek,,From G1074,,
G1079,γενετή,New Testament,Greek,,From G1074,,
G1080,γεννάω,New Testament,Greek,,From G1085,,
G1081,γέννημα,New Testament,Greek,,From G1080,,
G1082,Γεννησαρέτ,New Testament,Greek,,From H3672,,
G1083,γέννησις,New Testament,Greek,,From G1080,,
G1084,γεννητός,New Testament,Greek,,From G1080,,
G1085,γένος,New Testament,Greek,,From G1096,,
G1086,Γεργεσηνός,New Testament,Greek,,From H1622,,
G1087,γερουσία,New Testament,Greek,,From G1088,,
G1088,γέρων,New Testament,Greek,,From G1094,,
G1089,γεύομαι,New Testament,Greek,,γεύομαι,,
G1090,γεωργέω,New Testament,Greek,,From G1092,,
G1091,γεώργιον,New Testament,Greek,,From G1092,,
G1092,γεωργός,New Testament,Greek,,From G1093+G2041,,
G1093,γῆ,New Testament,Greek,,γῆ,"భూమి, భూమి",
G1094,γῆρας,New Testament,Greek,,From G1088,,
G1095,γηράσκω,New Testament,Greek,,From G1094,,
G1096,γίνομαι,New Testament,Greek,,γίνομαι,,
G1097,γινώσκω,New Testament,Greek,,γινώσκω,,
G1098,γλεῦκος,New Testament,Greek,,From G1099,,
G1099,γλυκύς,New Testament,Greek,,γλυκύς,,
G1100,γλῶσσα,New Testament,Greek,,γλῶσσα,,
G1101,γλωσσόκομον,New Testament,Greek,,From G1100+G2889,,
G1102,γναφεύς,New Testament,Greek,,γναφεύς,,
G1103,γνήσιος,New Testament,Greek,,From G1077,,
G1104,γνησίως,New Testament,Greek,,From G1103,,
G1105,γνόφος,New Testament,Greek,,From G3509,,
G1106,γνώμη,New Testament,Greek,,From G1097,,
G1107,γνωρίζω,New Testament,Greek,,From G1097,,
G1108,γνῶσις,New Testament,Greek,,From G1097,,
G1109,γνώστης,New Testament,Greek,,From G1097,,
G1110,γνωστός,New Testament,Greek,,From G1097,,
G1111,γογγύζω,New Testament,Greek,,γογγύζω,,
G1112,γογγυσμός,New Testament,Greek,,From G1111,,
G1113,γογγυστής,New Testament,Greek,,From G1111,,
G1114,γόης,New Testament,Greek,,γόης,,
G1115,Γολγοθᾶ,New Testament,Greek,,From H1538,,
G1116,Γόμοῤῥα,New Testament,Greek,,From H6017,,
G1117,γόμος,New Testament,Greek,,From G1073,,
G1118,γονεύς,New Testament,Greek,,From G1096,,
G1119,γόνυ,New Testament,Greek,,γόνυ,,
G1120,γονυπετέω,New Testament,Greek,,From G1119+G4098,,
G1121,γράμμα,New Testament,Greek,,From G1125,,
G1122,γραμματεύς,New Testament,Greek,,From G1121,,
G1123,γραπτός,New Testament,Greek,,From G1125,,
G1124,γραφή,New Testament,Greek,,From G1125,,
G1125,γράφω,New Testament,Greek,,γράφω,,
G1126,γραώδης,New Testament,Greek,,From G1491,,
G1127,γρηγορεύω,New Testament,Greek,,From G1453,,
G1128,γυμνάζω,New Testament,Greek,,From G1131,,
G1129,γυμνασία,New Testament,Greek,,From G1128,,
G1130,γυμνητεύω,New Testament,Greek,,From G1131,,
G1131,γυμνός,New Testament,Greek,,γυμνός,,
G1132,γυμνότης,New Testament,Greek,,From G1131,,
G1133,γυναικάριον,New Testament,Greek,,From G1135,,
G1134,γυναικεῖος,New Testament,Greek,,From G1135,,
G1135,γυνή,New Testament,Greek,,From G1096,"స్త్రీ, భార్య",
G1136,Γώγ,New Testament,Greek,,From H1463,,
G1137,γωνία,New Testament,Greek,,From G1119,,
G1138,Δαβίδ,New Testament,Greek,,From H1732,,
G1139,δαιμονίζομαι,New Testament,Greek,,From G1142,,
G1140,δαιμόνιον,New Testament,Greek,,From G1142,,
G1141,δαιμονιώδης,New Testament,Greek,,From G1140+G1142,,
G1142,δαίμων,New Testament,Greek,,δαίμων,,
G1143,δάκνω,New Testament,Greek,,δάκνω,,
G1144,δάκρυον,New Testament,Greek,,δάκρυον,,
G1145,δακρύω,New Testament,Greek,,From G1144,,
G1146,δακτύλιος,New Testament,Greek,,From G1147,,
G1147,δάκτυλος,New Testament,Greek,,From G1176,,
G1148,Δαλμανουθά,New Testament,Greek,,Δαλμανουθά,,
G1149,Δαλματία,New Testament,Greek,,Δαλματία,,
G1150,δαμάζω,New Testament,Greek,,δαμάζω,,
G1151,δάμαλις,New Testament,Greek,,From G1150,,
G1152,Δάμαρις,New Testament,Greek,,From G1150,,
G1153,Δαμασκηνός,New Testament,Greek,,From G1154,,
G1154,Δαμασκός,New Testament,Greek,,From H1834,,
G1155,δανείζω,New Testament,Greek,,From G1156,,
G1156,δάνειον,New Testament,Greek,,δάνειον,,
G1157,δανειστής,New Testament,Greek,,From G1155,,
G1158,Δανιήλ,New Testament,Greek,,From H1840,,
G1159,δαπανάω,New Testament,Greek,,From G1160,,
G1160,δαπάνη,New Testament,Greek,,δαπάνη,,
G1161,δέ,New Testament,Greek,,δέ,,
G1162,δέησις,New Testament,Greek,,From G1189,,
G1163,δεῖ,New Testament,Greek,,From G1210,,
G1164,δεῖγμα,New Testament,Greek,,From G1166,,
G1165,δειγματίζω,New Testament,Greek,,From G1164,,
G1166,δεικνύω,New Testament,Greek,,δεικνύω,,
G1167,δειλία,New Testament,Greek,,From G1169,,
G1168,δειλιάω,New Testament,Greek,,From G1167,,
G1169,δειλός,New Testament,Greek,,δειλός,,
G1170,δεῖνα,New Testament,Greek,,From G1171,,
G1171,δεινῶς,New Testament,Greek,,From G1169,,
G1172,δειπνέω,New Testament,Greek,,From G1173,,
G1173,δεῖπνον,New Testament,Greek,,From G1160,,
G1174,δεισιδαιμονέστερος,New Testament,Greek,,From G1169+G1142,,
G1175,δεισιδαιμονία,New Testament,Greek,,From G1174,,
G1176,δέκα,New Testament,Greek,,δέκα,,
G1177,δεκαδύο,New Testament,Greek,,From G1176+G1417,,
G1178,δεκαπέντε,New Testament,Greek,,From G1176+G4002,,
G1179,Δεκάπολις,New Testament,Greek,,From G1176+G4172,,
G1180,δεκατέσσαρες,New Testament,Greek,,From G1176+G5064,,
G1181,δεκάτη,New Testament,Greek,,From G1182,,
G1182,δέκατος,New Testament,Greek,,From G1176,,
G1183,δεκατόω,New Testament,Greek,,From G1181,,
G1184,δεκτός,New Testament,Greek,,From G1209,,
G1185,δελεάζω,New Testament,Greek,,From G1388,,
G1186,δένδρον,New Testament,Greek,,δένδρον,,
G1187,δεξιολάβος,New Testament,Greek,,From G1188+G2983,,
G1188,δεξιός,New Testament,Greek,,From G1209,,
G1189,δέομαι,New Testament,Greek,,From G1210,,
G1190,Δερβαῖος,New Testament,Greek,,From G1191,,
G1191,Δέρβη,New Testament,Greek,,Δέρβη,,
G1192,δέρμα,New Testament,Greek,,From G1194,,
G1193,δερμάτινος,New Testament,Greek,,From G1192,,
G1194,δέρω,New Testament,Greek,,δέρω,,
G1195,δεσμεύω,New Testament,Greek,,From G1196,,
G1196,δεσμέω,New Testament,Greek,,From G1199,,
G1197,δέσμη,New Testament,Greek,,From G1196,,
G1198,δέσμιος,New Testament,Greek,,From G1199,,
G1199,δεσμός,New Testament,Greek,,From G1210,,
G1200,δεσμοφύλαξ,New Testament,Greek,,From G1199+G5441,,
G1201,δεσμωτήριον,New Testament,Greek,,From G1199+G1196,,
G1202,δεσμώτης,New Testament,Greek,,From G1201,,
G1203,δεσπότης,New Testament,Greek,,From G1210,,
G1204,δεῦρο,New Testament,Greek,,δεῦρο,,
G1205,δεῦτε,New Testament,Greek,,From G1204,,
G1206,δευτεραῖος,New Testament,Greek,,From G1208,,
G1207,δευτερόπρωτος,New Testament,Greek,,From G1208+G4413,,
G1208,δεύτερος,New Testament,Greek,,From G1417,,
G1209,δέχομαι,New Testament,Greek,,δέχομαι,,
G1210,δέω,New Testament,Greek,,δέω,,
G1211,δή,New Testament,Greek,,From G1161,,
G1212,δῆλος,New Testament,Greek,,δῆλος,,
G1213,δηλόω,New Testament,Greek,,From G1212,,
G1214,Δημᾶς,New Testament,Greek,,From G1216,,
G1215,δημηγορέω,New Testament,Greek,,From G1218+G58,,
G1216,Δημήτριος,New Testament,Greek,,Δημήτριος,,
G1217,δημιουργός,New Testament,Greek,,From G1218+G2041,,
G1218,δῆμος,New Testament,Greek,,From G1210,,
G1219,δημόσιος,New Testament,Greek,,From G1218,,
G1220,δηνάριον,New Testament,Greek,,δηνάριον,,
G1221,δήποτε,New Testament,Greek,,From G1211+G4218,,
G1222,δήπου,New Testament,Greek,,From G1211+G4225,,
G1223,διά,New Testament,Greek,,διά,,
G1224,διαβαίνω,New Testament,Greek,,From G1223+G939,,
G1225,διαβάλλω,New Testament,Greek,,From G1223+G906,,
G1226,διαβεβαιόομαι,New Testament,Greek,,From G1223+G950,,
G1227,διαβλέπω,New Testament,Greek,,From G1223+G991,,
G1228,διάβολος,New Testament,Greek,,From G1225,,
G1229,διαγγέλλω,New Testament,Greek,,From G1223+G32,,
G1230,διαγίνομαι,New Testament,Greek,,From G1223+G1096,,
G1231,διαγινώσκω,New Testament,Greek,,From G1223+G1097,,
G1232,διαγνωρίζω,New Testament,Greek,,From G1123+G1107,,
G1233,διάγνωσις,New Testament,Greek,,From G1231,,
G1234,διαγογγύζω,New Testament,Greek,,From G1223+G1111,,
G1235,διαγρηγορέω,New Testament,Greek,,From G1223+G1127,,
G1236,διάγω,New Testament,Greek,,From G1223+G71,,
G1237,διαδέχομαι,New Testament,Greek,,From G1223+G1209,,
G1238,διάδημα,New Testament,Greek,,From G1223+G1210,,
G1239,διαδίδωμι,New Testament,Greek,,From G1223+G1325,,
G1240,διάδοχος,New Testament,Greek,,From G1237,,
G1241,διαζώννυμι,New Testament,Greek,,From G1223+G2224,,
G1242,διαθήκη,New Testament,Greek,,From G1303,,
G1243,διαίρεσις,New Testament,Greek,,From G1244,,
G1244,διαιρέω,New Testament,Greek,,From G1223+G138,,
G1245,διακαθαρίζω,New Testament,Greek,,From G1223+G2511,,
G1246,διακατελέγχομαι,New Testament,Greek,,From G1223+G2596+G1651,,
G1247,διακονέω,New Testament,Greek,,From G1249,,
G1248,διακονία,New Testament,Greek,,From G1249,,
G1249,διάκονος,New Testament,Greek,,From G1377,,
G1250,διακόσιοι,New Testament,Greek,,From G1364+G1540,,
G1251,διακούομαι,New Testament,Greek,,From G1223+G191,,
G1252,διακρίνω,New Testament,Greek,,From G1223+G2919,,
G1253,διάκρισις,New Testament,Greek,,From G1252,,
G1254,διακωλύω,New Testament,Greek,,From G1223+G2967,,
G1255,διαλαλέω,New Testament,Greek,,From G1223+G2980,,
G1256,διαλέγομαι,New Testament,Greek,,From G1223+G3004,,
G1257,διαλείπω,New Testament,Greek,,From G1223+G3007,,
G1258,διάλεκτος,New Testament,Greek,,From G1256,,
G1259,διαλλάσσω,New Testament,Greek,,From G1223+G236,,
G1260,διαλογίζομαι,New Testament,Greek,,From G1223+G3049,,
G1261,διαλογισμός,New Testament,Greek,,From G1260,,
G1262,διαλύω,New Testament,Greek,,From G1223+G3089,,
G1263,διαμαρτύρομαι,New Testament,Greek,,From G1223+G3140,,
G1264,διαμάχομαι,New Testament,Greek,,From G1223+G3164,,
G1265,διαμένω,New Testament,Greek,,From G1223+G3306,,
G1266,διαμερίζω,New Testament,Greek,,From G1223+G3307,,
G1267,διαμερισμός,New Testament,Greek,,From G1266,,
G1268,διανέμω,New Testament,Greek,,From G1223+G3551,,
G1269,διανεύω,New Testament,Greek,,From G1223+G3506,,
G1270,διανόημα,New Testament,Greek,,From G1223+G3539,,
G1271,διάνοια,New Testament,Greek,,From G1223+G3563,,
G1272,διανοίγω,New Testament,Greek,,From G1223+G455,,
G1273,διανυκτερεύω,New Testament,Greek,,From G1223+G3571,,
G1274,διανύω,New Testament,Greek,,From G1223,,
G1275,διαπαντός,New Testament,Greek,,From G1223+G3956,,
G1276,διαπεράω,New Testament,Greek,,From G1223+G4008,,
G1277,διαπλέω,New Testament,Greek,,From G1223+G4126,,
G1278,διαπονέω,New Testament,Greek,,From G1223+G4192,,
G1279,διαπορεύομαι,New Testament,Greek,,From G1223+G4198,,
G1280,διαπορέω,New Testament,Greek,,From G1223+G639,,
G1281,διαπραγματεύομαι,New Testament,Greek,,From G1223+G4231,,
G1282,διαπρίω,New Testament,Greek,,From G1223+G4249,,
G1283,διαρπάζω,New Testament,Greek,,From G1223+G726,,
G1284,διαῤῥήσσω,New Testament,Greek,,From G1223+G4486,,
G1285,διασαφέω,New Testament,Greek,,From G1223,,
G1286,διασείω,New Testament,Greek,,From G1223+G4579,,
G1287,διασκορπίζω,New Testament,Greek,,From G1223+G4650,,
G1288,διασπάω,New Testament,Greek,,From G1223+G4685,,
G1289,διασπείρω,New Testament,Greek,,From G1223+G4687,,
G1290,διασπορά,New Testament,Greek,,From G1289,,
G1291,διαστέλλομαι,New Testament,Greek,,From G1223+G4724,,
G1292,διάστημα,New Testament,Greek,,From G1339,,
G1293,διαστολή,New Testament,Greek,,From G1291,,
G1294,διαστρέφω,New Testament,Greek,,From G1223+G4762,,
G1295,διασώζω,New Testament,Greek,,From G1223+G4982,,
G1296,διαταγή,New Testament,Greek,,From G1299,,
G1297,διάταγμα,New Testament,Greek,,From G1299,,
G1298,διαταράσσω,New Testament,Greek,,From G1223+G5015,,
G1299,διατάσσω,New Testament,Greek,,From G1223+G5021,,
G1300,διατελέω,New Testament,Greek,,From G1223+G5055,,
G1301,διατηρέω,New Testament,Greek,,From G1223+G5083,,
G1302,διατί,New Testament,Greek,,From G1223+G5101,,
G1303,διατίθεμαι,New Testament,Greek,,From G1223+G5087,,
G1304,διατρίβω,New Testament,Greek,,From G1223+G5147,,
G1305,διατροφή,New Testament,Greek,,From G1223+G5142,,
G1306,διαυγάζω,New Testament,Greek,,From G1223+G826,,
G1307,διαφανής,New Testament,Greek,,From G1223+G5316,,
G1308,διαφέρω,New Testament,Greek,,From G1223+G5342,,
G1309,διαφεύγω,New Testament,Greek,,From G1223+G5343,,
G1310,διαφημίζω,New Testament,Greek,,From G1223+G5345,,
G1311,διαφθείρω,New Testament,Greek,,From G1225+G5351,,
G1312,διαφθορά,New Testament,Greek,,From G1311,,
G1313,διάφορος,New Testament,Greek,,From G1308,,
G1314,διαφυλάσσω,New Testament,Greek,,From G1223+G5442,,
G1315,διαχειρίζομαι,New Testament,Greek,,From G1223+G5495,,
G1316,διαχωρίζομαι,New Testament,Greek,,From G1223+G5563,,
G1317,διδακτικός,New Testament,Greek,,From G1318,,
G1318,διδακτός,New Testament,Greek,,From G1321,,
G1319,διδασκαλία,New Testament,Greek,,From G1320,,
G1320,διδάσκαλος,New Testament,Greek,,From G1321,టీచర్,
G1321,διδάσκω,New Testament,Greek,,διδάσκω,,
G1322,διδαχή,New Testament,Greek,,From G1321,,
G1323,δίδραχμον,New Testament,Greek,,From G1364+G1406,,
G1324,Δίδυμος,New Testament,Greek,,From G1364,,
G1325,δίδωμι,New Testament,Greek,,δίδωμι,ఇవ్వడానికి,
G1326,διεγείρω,New Testament,Greek,,From G1223+G1453,,
G1327,διέξοδος,New Testament,Greek,,From G1223+G1841,,
G1328,διερμηνευτής,New Testament,Greek,,From G1329,,
G1329,διερμηνεύω,New Testament,Greek,,From G1223+G2059,,
G1330,διέρχομαι,New Testament,Greek,,From G1223+G2064,,
G1331,διερωτάω,New Testament,Greek,,From G1223+G2065,,
G1332,διετής,New Testament,Greek,,From G1364+G2094,,
G1333,διετία,New Testament,Greek,,From G1332,,
G1334,διηγέομαι,New Testament,Greek,,From G1223+G2233,,
G1335,διήγεσις,New Testament,Greek,,From G1334,,
G1336,διηνεκής,New Testament,Greek,,From G1223+G5342,,
G1337,διθάλασσος,New Testament,Greek,,From G1364+G2281,,
G1338,διϊκνέομαι,New Testament,Greek,,From G1223+G2425,,
G1339,διΐστημι,New Testament,Greek,,From G1223+G2476,,
G1340,διϊσχυρίζομαι,New Testament,Greek,,From G1223+G2478,,
G1341,δικαιοκρισία,New Testament,Greek,,From G1342+G2920,,
G1342,δίκαιος,New Testament,Greek,,From G1349,,
G1343,δικαιοσύνη,New Testament,Greek,,From G1342,నీతి,
G1344,δικαιόω,New Testament,Greek,,From G1342,,
G1345,δικαίωμα,New Testament,Greek,,From G1344,,
G1346,δικαίως,New Testament,Greek,,From G1342,,
G1347,δικαίωσις,New Testament,Greek,,From G1344,,
G1348,δικαστής,New Testament,Greek,,From G1349,,
G1349,δίκη,New Testament,Greek,,From G1166,,
G1350,δίκτυον,New Testament,Greek,,δίκτυον,,
G1351,δίλογος,New Testament,Greek,,From G1364+G3056,,
G1352,διό,New Testament,Greek,,From G1223+G3739,,
G1353,διοδεύω,New Testament,Greek,,From G1223+G3593,,
G1354,Διονύσιος,New Testament,Greek,,Διονύσιος,,
G1355,διόπερ,New Testament,Greek,,From G1352+G4007,,
G1356,διοπετής,New Testament,Greek,,From G2203+G4098,,
G1357,διόρθωσις,New Testament,Greek,,From G1223+G3717,,
G1358,διορύσσω,New Testament,Greek,,From G1223+G3736,,
G1359,Διόσκουροι,New Testament,Greek,,From G2203+G2877,,
G1360,διότι,New Testament,Greek,,From G1223+G3754,,
G1361,Διοτρεφής,New Testament,Greek,,From G2203+G5142,,
G1362,διπλοῦς,New Testament,Greek,,From G1364+G4119,,
G1363,διπλόω,New Testament,Greek,,From G1362,,
G1364,δίς,New Testament,Greek,,From G1417,,
G1365,διστάζω,New Testament,Greek,,From G1364,,
G1366,δίστομος,New Testament,Greek,,From G1364+G4750,,
G1367,δισχίλιοι,New Testament,Greek,,From G1364+G5507,,
G1368,διϋλίζω,New Testament,Greek,,From G1223,,
G1369,διχάζω,New Testament,Greek,,From G1364,,
G1370,διχοστασία,New Testament,Greek,,From G1364+G4714,,
G1371,διχοτομέω,New Testament,Greek,,From G1364,,
G1372,διψάω,New Testament,Greek,,From G1373,,
G1373,δίψος,New Testament,Greek,,δίψος,,
G1374,δίψυχος,New Testament,Greek,,From G1364+G5590,,
G1375,διωγμός,New Testament,Greek,,From G1377,,
G1376,διώκτης,New Testament,Greek,,From G1377,,
G1377,διώκω,New Testament,Greek,,διώκω,,
G1378,δόγμα,New Testament,Greek,,From G1380,,
G1379,δογματίζω,New Testament,Greek,,From G1378,,
G1380,δοκέω,New Testament,Greek,,δοκέω,,
G1381,δοκιμάζω,New Testament,Greek,,From G1384,,
G1382,δοκιμή,New Testament,Greek,,From G1384,,
G1383,δοκίμιον,New Testament,Greek,,From G1382,,
G1384,δόκιμος,New Testament,Greek,,From G1380,,
G1385,δοκός,New Testament,Greek,,From G1209,,
G1386,δόλιος,New Testament,Greek,,From G1388,,
G1387,δολιόω,New Testament,Greek,,From G1386,,
G1388,δόλος,New Testament,Greek,,From G1185,,
G1389,δολόω,New Testament,Greek,,From G1388,,
G1390,δόμα,New Testament,Greek,,From G1325,,
G1391,δόξα,New Testament,Greek,,From G1380,,
G1392,δοξάζω,New Testament,Greek,,From G1391,,
G1393,Δορκάς,New Testament,Greek,,Δορκάς,,
G1394,δόσις,New Testament,Greek,,From G1325,,
G1395,δότης,New Testament,Greek,,From G1325,,
G1396,δουλαγωγέω,New Testament,Greek,,From G1401+G71,,
G1397,δουλεία,New Testament,Greek,,From G1398,,
G1398,δουλεύω,New Testament,Greek,,From G1401,,
G1399,δούλη,New Testament,Greek,,From G1401,,
G1400,δοῦλον,New Testament,Greek,,From G1401,,
G1401,δοῦλος,New Testament,Greek,,From G1210,,
G1402,δουλόω,New Testament,Greek,,From G1401,,
G1403,δοχή,New Testament,Greek,,From G1209,,
G1404,δράκων,New Testament,Greek,,δράκων,,
G1405,δράσσομαι,New Testament,Greek,,From G1404,,
G1406,δραχμή,New Testament,Greek,,From G1405,,
G1407,δρέπανον,New Testament,Greek,,δρέπανον,,
G1408,δρόμος,New Testament,Greek,,From G5143,,
G1409,Δρούσιλλα,New Testament,Greek,,Δρούσιλλα,,
G1410,δύναμαι,New Testament,Greek,,δύναμαι,,
G1411,δύναμις,New Testament,Greek,,From G1410,,
G1412,δυναμόω,New Testament,Greek,,From G1411,,
G1413,δυνάστης,New Testament,Greek,,From G1410,,
G1414,δυνατέω,New Testament,Greek,,From G1415,,
G1415,δυνατός,New Testament,Greek,,From G1410,,
G1416,δῦμι,New Testament,Greek,,δῦμι,,
G1417,δύο,New Testament,Greek,,δύο,,
G1418,δυσ‐,New Testament,Greek,,δυσ‐,,
G1419,δυσβάστακτος,New Testament,Greek,,From G1418+G941,,
G1420,δυσεντερία,New Testament,Greek,,From G1418+G1787,,
G1421,δυσερμήνευτος,New Testament,Greek,,From G1418+G2059,,
G1422,δύσκολος,New Testament,Greek,,From G1418,,
G1423,δυσκόλως,New Testament,Greek,,From G1422,,
G1424,δυσμή,New Testament,Greek,,From G1416,,
G1425,δυσνόητος,New Testament,Greek,,From G1418+G3539,,
G1426,δυσφημία,New Testament,Greek,,From G1418+G5345,,
G1427,δώδεκα,New Testament,Greek,,From G1417+G1176,,
G1428,δωδέκατος,New Testament,Greek,,From G1427,,
G1429,δωδεκάφυλον,New Testament,Greek,,From G1427+G5443,,
G1430,δῶμα,New Testament,Greek,,δῶμα,,
G1431,δωρεά,New Testament,Greek,,From G1435,,
G1432,δωρεάν,New Testament,Greek,,From G1431,,
G1433,δωρέομαι,New Testament,Greek,,From G1435,,
G1434,δώρημα,New Testament,Greek,,From G1433,,
G1435,δῶρον,New Testament,Greek,,δῶρον,,
G1436,ἔα,New Testament,Greek,,From G1439,,
G1437,ἐάν,New Testament,Greek,,From G1487+G302,,
G1438,ἑαυτοῦ,New Testament,Greek,,From G846,,
G1439,ἐάω,New Testament,Greek,,ἐάω,,
G1440,ἑβδομήκοντα,New Testament,Greek,,From G1442+G1176,,
G1441,ἑβδομηκοντάκις,New Testament,Greek,,From G1440,,
G1442,ἕβδομος,New Testament,Greek,,From G2033,,
G1443,Ἐβέρ,New Testament,Greek,,From H5677,,
G1444,Ἑβραϊκός,New Testament,Greek,,From G1443,,
G1445,Ἑβραῖος,New Testament,Greek,,From G1443,,
G1446,Ἑβραΐς,New Testament,Greek,,From G1443,,
G1447,Ἑβραϊστί,New Testament,Greek,,From G1446,,
G1448,ἐγγίζω,New Testament,Greek,,From G1451,,
G1449,ἐγγράφω,New Testament,Greek,,From G1722+G1125,,
G1450,ἔγγυος,New Testament,Greek,,From G1722,,
G1451,ἐγγύς,New Testament,Greek,,From G43,,
G1452,ἐγγύτερον,New Testament,Greek,,From G1451,,
G1453,ἐγείρω,New Testament,Greek,,From G58,,
G1454,ἔγερσις,New Testament,Greek,,From G1453,,
G1455,ἐγκάθετος,New Testament,Greek,,From G1722+G2524,,
G1456,ἐγκαίνια,New Testament,Greek,,From G1722+G2537,,
G1457,ἐγκαινίζω,New Testament,Greek,,From G1456,,
G1458,ἐγκαλέω,New Testament,Greek,,From G1722+G2564,,
G1459,ἐγκαταλείπω,New Testament,Greek,,From G1722+G2641,,
G1460,ἐγκατοικέω,New Testament,Greek,,From G1722+G2730,,
G1461,ἐγκεντρίζω,New Testament,Greek,,From G1722+G2759,,
G1462,ἔγκλημα,New Testament,Greek,,From G1458,,
G1463,ἐγκομβόομαι,New Testament,Greek,,From G1722,,
G1464,ἐγκοπή,New Testament,Greek,,From G1465,,
G1465,ἐγκόπτω,New Testament,Greek,,From G1722+G2875,,
G1466,ἐγκράτεια,New Testament,Greek,,From G1468,,
G1467,ἐγκρατεύομαι,New Testament,Greek,,From G1468,,
G1468,ἐγκρατής,New Testament,Greek,,From G1722+G2904,,
G1469,ἐγκρίνω,New Testament,Greek,,From G1722+G2919,,
G1470,ἐγκρύπτω,New Testament,Greek,,From G1722+G2928,,
G1471,ἔγκυος,New Testament,Greek,,From G1722+G2949,,
G1472,ἐγχρίω,New Testament,Greek,,From G1722+G5548,,
G1473,ἐγώ,New Testament,Greek,,ἐγώ,,
G1474,ἐδαφίζω,New Testament,Greek,,From G1475,,
G1475,ἔδαφος,New Testament,Greek,,From G1476,,
G1476,ἑδραῖος,New Testament,Greek,,ἑδραῖος,,
G1477,ἑδραίωμα,New Testament,Greek,,From G1476,,
G1478,Ἐζεκίας,New Testament,Greek,,From H2396,,
G1479,ἐθελοθρησκεία,New Testament,Greek,,From G2309+G2356,,
G1480,ἐθίζω,New Testament,Greek,,From G1485,,
G1481,ἐθνάρχης,New Testament,Greek,,From G1484+G746,,
G1482,ἐθνικός,New Testament,Greek,,From G1484,,
G1483,ἐθνικῶς,New Testament,Greek,,From G1482,,
G1484,ἔθνος,New Testament,Greek,,From G1486,,
G1485,ἔθος,New Testament,Greek,,From G1486,,
G1486,ἔθω,New Testament,Greek,,ἔθω,,
G1487,εἰ,New Testament,Greek,,εἰ,,
G1488,εἶ,New Testament,Greek,,From G1510,,
G1489,εἴγε,New Testament,Greek,,From G1487+G1065,,
G1490,εἰ δὲ μή(γε),New Testament,Greek,,From G1487+G1161+G3361+G1065,,
G1491,εἶδος,New Testament,Greek,,From G1492,,
G1492,εἴδω,New Testament,Greek,,εἴδω,"చూడటానికి, తెలుసుకోవడానికి",
G1493,εἰδωλεῖον,New Testament,Greek,,From G1497,,
G1494,εἰδωλόθυτον,New Testament,Greek,,From G1497+G2380,,
G1495,εἰδωλολατρεία,New Testament,Greek,,From G1497+G2999,,
G1496,εἰδωλολάτρης,New Testament,Greek,,From G1497+G3000,,
G1497,εἴδωλον,New Testament,Greek,,From G1491,,
G1498,εἴην,New Testament,Greek,,From G1510,,
G1499,εἰ καί,New Testament,Greek,,From G1487+G2532,,
G1500,εἰκῆ,New Testament,Greek,,From G1502,,
G1501,εἴκοσι,New Testament,Greek,,εἴκοσι,,
G1502,εἴκω,New Testament,Greek,,εἴκω,,
G1503,εἴκω,New Testament,Greek,,From G1502,,
G1504,εἰκών,New Testament,Greek,,From G1503,,
G1505,εἰλικρίνεια,New Testament,Greek,,From G1506,,
G1506,εἰλικρινής,New Testament,Greek,,From G2919,,
G1507,εἱλίσσω,New Testament,Greek,,εἱλίσσω,,
G1508,εἰ μή,New Testament,Greek,,From G1487+G3361,,
G1509,εἰ μή τι,New Testament,Greek,,From G1508+G5100,,
G1510,εἰμί,New Testament,Greek,,εἰμί,"ఉండటానికి, నేను ఉన్నాను",
G1511,εἶναι,New Testament,Greek,,From G1510,,
G1512,εἴ περ,New Testament,Greek,,From G1487+G4007,,
G1513,εἴ πως,New Testament,Greek,,From G1487+G4458,,
G1514,εἰρηνεύω,New Testament,Greek,,From G1515,,
G1515,εἰρήνη,New Testament,Greek,,εἰρήνη,శాంతి,
G1516,εἰρηνικός,New Testament,Greek,,From G1515,,
G1517,εἰρηνοποιέω,New Testament,Greek,,From G1518,,
G1518,εἰρηνοποιός,New Testament,Greek,,From G1515+G4160,,
G1519,εἰς,New Testament,Greek,,εἰς,,
G1520,ἕν,New Testament,Greek,,ἕν,,
G1521,εἰσάγω,New Testament,Greek,,From G1519+G71,,
G1522,εἰσακούω,New Testament,Greek,,From G1519+G191,,
G1523,εἰσδέχομαι,New Testament,Greek,,From G1519+G1209,,
G1524,εἴσειμι,New Testament,Greek,,From G1519,,
G1525,εἰσέρχομαι,New Testament,Greek,,From G1519+G2064,,
G1526,εἰσί,New Testament,Greek,,From G1510,,
G1527,εἷς καθ’ εἷς,New Testament,Greek,,From G1520+G2596,,
G1528,εἰσκαλέω,New Testament,Greek,,From G1519+G2564,,
G1529,εἴσοδος,New Testament,Greek,,From G1519+G3598,,
G1530,εἰσπηδάω,New Testament,Greek,,From G1519,,
G1531,εἰσπορεύομαι,New Testament,Greek,,From G1519+G4198,,
G1532,εἰστρέχω,New Testament,Greek,,From G1519+G5143,,
G1533,εἰσφέρω,New Testament,Greek,,From G1519+G5342,,
G1534,εἶτα,New Testament,Greek,,εἶτα,,
G1535,εἴτε,New Testament,Greek,,From G1487+G5037,,
G1536,εἴ τις,New Testament,Greek,,From G1487+G5100,,
G1537,ἐξ,New Testament,Greek,,ἐξ,,
G1538,ἕκαστος,New Testament,Greek,,ἕκαστος,,
G1539,ἑκάστοτε,New Testament,Greek,,From G1538+G5119,,
G1540,ἑκατόν,New Testament,Greek,,ἑκατόν,,
G1541,ἑκατονταέτης,New Testament,Greek,,From G1540+G2094,,
G1542,ἑκατονταπλασίων,New Testament,Greek,,From G1540+G4111,,
G1543,ἑκατόνταρχος,New Testament,Greek,,From G1540+G757,,
G1544,ἐκβάλλω,New Testament,Greek,,From G1537+G906,,
G1545,ἔκβασις,New Testament,Greek,,From G1537+G939,,
G1546,ἐκβολή,New Testament,Greek,,From G1544,,
G1547,ἐκγαμίζω,New Testament,Greek,,From G1537+G1061+G1548,,
G1548,ἐκγαμίσκω,New Testament,Greek,,From G1537+G1061,,
G1549,ἔκγονον,New Testament,Greek,,From G1537+G1096,,
G1550,ἐκδαπανάω,New Testament,Greek,,From G1537+G1159,,
G1551,ἐκδέχομαι,New Testament,Greek,,From G1537+G1209,,
G1552,ἔκδηλος,New Testament,Greek,,From G1537+G1212,,
G1553,ἐκδημέω,New Testament,Greek,,From G1537+G1218,,
G1554,ἐκδίδωμι,New Testament,Greek,,From G1537+G1325,,
G1555,ἐκδιηγέομαι,New Testament,Greek,,From G1537+G1223+G2233,,
G1556,ἐκδικέω,New Testament,Greek,,From G1558,,
G1557,ἐκδίκησις,New Testament,Greek,,From G1556,,
G1558,ἔκδικος,New Testament,Greek,,From G1537+G1349,,
G1559,ἐκδιώκω,New Testament,Greek,,From G1537+G1377,,
G1560,ἔκδοτος,New Testament,Greek,,From G1537+G1325,,
G1561,ἐκδοχή,New Testament,Greek,,From G1551,,
G1562,ἐκδύω,New Testament,Greek,,From G1537+G1416,,
G1563,ἐκεῖ,New Testament,Greek,,ἐκεῖ,,
G1564,ἐκεῖθεν,New Testament,Greek,,From G1563,,
G1565,ἐκεῖνος,New Testament,Greek,,From G1563,,
G1566,ἐκεῖσε,New Testament,Greek,,From G1563,,
G1567,ἐκζητέω,New Testament,Greek,,From G1537+G2212,,
G1568,ἐκθαμβέω,New Testament,Greek,,From G1569,,
G1569,ἔκθαμβος,New Testament,Greek,,From G1537+G2285,,
G1570,ἔκθετος,New Testament,Greek,,From G1537+G5087,,
G1571,ἐκκαθαίρω,New Testament,Greek,,From G1537+G2508,,
G1572,ἐκκαίω,New Testament,Greek,,From G1537+G2545,,
G1573,ἐκκακέω,New Testament,Greek,,From G1537+G2556,,
G1574,ἐκκεντέω,New Testament,Greek,,From G1537+G2759,,
G1575,ἐκκλάω,New Testament,Greek,,From G1537+G2806,,
G1576,ἐκκλείω,New Testament,Greek,,From G1537+G2808,,
G1577,ἐκκλησία,New Testament,Greek,,From G1537+G2564,"చర్చి, అసెంబ్లీ",
G1578,ἐκκλίνω,New Testament,Greek,,From G1537+G2827,,
G1579,ἐκκολυμβάω,New Testament,Greek,,From G1537+G2860,,
G1580,ἐκκομίζω,New Testament,Greek,,From G1537+G2865,,
G1581,ἐκκόπτω,New Testament,Greek,,From G1537+G2875,,
G1582,ἐκκρέμαμαι,New Testament,Greek,,From G1537+G2910,,
G1583,ἐκλαλέω,New Testament,Greek,,From G1537+G2980,,
G1584,ἐκλάμπω,New Testament,Greek,,From G1537+G2989,,
G1585,ἐκλανθάνομαι,New Testament,Greek,,From G1537+G2990,,
G1586,ἐκλέγομαι,New Testament,Greek,,From G1537+G3004,,
G1587,ἐκλείπω,New Testament,Greek,,From G1537+G3007,,
G1588,ἐκλεκτός,New Testament,Greek,,From G1586,,
G1589,ἐκλογή,New Testament,Greek,,From G1586,,
G1590,ἐκλύω,New Testament,Greek,,From G1537+G3089,,
G1591,ἐκμάσσω,New Testament,Greek,,From G1537+G3145,,
G1592,ἐκμυκτηρίζω,New Testament,Greek,,From G1537+G3456,,
G1593,ἐκνεύω,New Testament,Greek,,From G1537+G3506,,
G1594,ἐκνήφω,New Testament,Greek,,From G1537+G3525,,
G1595,ἑκούσιον,New Testament,Greek,,From G1635,,
G1596,ἑκουσίως,New Testament,Greek,,From G1595,,
G1597,ἔκπαλαι,New Testament,Greek,,From G1537+G3819,,
G1598,ἐκπειράζω,New Testament,Greek,,From G1537+G3985,,
G1599,ἐκπέμπω,New Testament,Greek,,From G1537+G3992,,
G1600,ἐκπετάννυμι,New Testament,Greek,,From G1537+G4072,,
G1601,ἐκπίπτω,New Testament,Greek,,From G1537+G4098,,
G1602,ἐκπλέω,New Testament,Greek,,From G1537+G4126,,
G1603,ἐκπληρόω,New Testament,Greek,,From G1537+G4137,,
G1604,ἐκπλήρωσις,New Testament,Greek,,From G1603,,
G1605,ἐκπλήσσω,New Testament,Greek,,From G1537+G4141,,
G1606,ἐκπνέω,New Testament,Greek,,From G1537+G4154,,
G1607,ἐκπορεύομαι,New Testament,Greek,,From G1537+G4198,,
G1608,ἐκπορνεύω,New Testament,Greek,,From G1537+G4203,,
G1609,ἐκπτύω,New Testament,Greek,,From G1537+G4429,,
G1610,ἐκριζόω,New Testament,Greek,,From G1537+G4492,,
G1611,ἔκστασις,New Testament,Greek,,From G1839,,
G1612,ἐκστρέφω,New Testament,Greek,,From G1537+G4762,,
G1613,ἐκταράσσω,New Testament,Greek,,From G1537+G5015,,
G1614,ἐκτείνω,New Testament,Greek,,From G1537,,
G1615,ἐκτελέω,New Testament,Greek,,From G1537+G5055,,
G1616,ἐκτένεια,New Testament,Greek,,From G1618,,
G1617,ἐκτενέστερον,New Testament,Greek,,From G1618,,
G1618,ἐκτενής,New Testament,Greek,,From G1614,,
G1619,ἐκτενῶς,New Testament,Greek,,From G1618,,
G1620,ἐκτίθημι,New Testament,Greek,,From G1537+G5087,,
G1621,ἐκτινάσσω,New Testament,Greek,,From G1537,,
G1622,ἐκτός,New Testament,Greek,,From G1537,,
G1623,ἕκτος,New Testament,Greek,,From G1803,,
G1624,ἐκτρέπω,New Testament,Greek,,From G1537+G5157,,
G1625,ἐκτρέφω,New Testament,Greek,,From G1537+G5142,,
G1626,ἔκτρωμα,New Testament,Greek,,From G1537,,
G1627,ἐκφέρω,New Testament,Greek,,From G1537+G5342,,
G1628,ἐκφεύγω,New Testament,Greek,,From G1537+G5343,,
G1629,ἐκφοβέω,New Testament,Greek,,From G1537+G5399,,
G1630,ἔκφοβος,New Testament,Greek,,From G1537+G5401,,
G1631,ἐκφύω,New Testament,Greek,,From G1537+G5453,,
G1632,ἐκχύνω,New Testament,Greek,,From G1537,,
G1633,ἐκχωρέω,New Testament,Greek,,From G1537+G5562,,
G1634,ἐκψύχω,New Testament,Greek,,From G1537+G5594,,
G1635,ἑκών,New Testament,Greek,,ἑκών,,
G1636,ἐλαία,New Testament,Greek,,ἐλαία,,
G1637,ἔλαιον,New Testament,Greek,,From G1636,,
G1638,ἐλαιών,New Testament,Greek,,From G1636,,
G1639,Ἐλαμίτης,New Testament,Greek,,From H5867,,
G1640,ἐλάττων,New Testament,Greek,,From G1646,,
G1641,ἐλαττονέω,New Testament,Greek,,From G1640,,
G1642,ἐλαττόω,New Testament,Greek,,From G1640,,
G1643,ἐλαύνω,New Testament,Greek,,ἐλαύνω,,
G1644,ἐλαφρία,New Testament,Greek,,From G1645,,
G1645,ἐλαφρός,New Testament,Greek,,From G1643+G1640,,
G1646,ἐλάχιστος,New Testament,Greek,,ἐλάχιστος,,
G1647,ἐλαχιστότερος,New Testament,Greek,,From G1646,,
G1648,Ἐλεάζαρ,New Testament,Greek,,From H499,,
G1649,ἔλεγξις,New Testament,Greek,,From G1651,,
G1650,ἔλεγχος,New Testament,Greek,,From G1651,,
G1651,ἐλέγχω,New Testament,Greek,,ἐλέγχω,,
G1652,ἐλεεινός,New Testament,Greek,,From G1656,,
G1653,ἐλεέω,New Testament,Greek,,From G1656,,
G1654,ἐλεημοσύνη,New Testament,Greek,,From G1656,,
G1655,ἐλεήμων,New Testament,Greek,,From G1653,,
G1656,ἔλεος,New Testament,Greek,,ἔλεος,,
G1657,ἐλευθερία,New Testament,Greek,,From G1658,,
G1658,ἐλεύθερος,New Testament,Greek,,From G2064,,
G1659,ἐλευθερόω,New Testament,Greek,,From G1658,,
G1660,ἔλευσις,New Testament,Greek,,From G2064,,
G1661,ἐλεφάντινος,New Testament,Greek,,ἐλεφάντινος,,
G1662,Ἐλιακείμ,New Testament,Greek,,From H471,,
G1663,Ἐλιέζερ,New Testament,Greek,,From H461,,
G1664,Ἐλιούδ,New Testament,Greek,,From H410+H1935,,
G1665,Ἐλισάβετ,New Testament,Greek,,From H472,,
G1666,Ἐλισσαῖος,New Testament,Greek,,From H477,,
G1667,ἑλίσσω,New Testament,Greek,,From G1507,,
G1668,ἕλκος,New Testament,Greek,,From G1670,,
G1669,ἑλκόω,New Testament,Greek,,From G1668,,
G1670,ἕλκω,New Testament,Greek,,From G138,,
G1671,Ἑλλάς,New Testament,Greek,,Ἑλλάς,,
G1672,Ἕλλην,New Testament,Greek,,From G1671,,
G1673,Ἑλληνικός,New Testament,Greek,,From G1672,,
G1674,Ἑλληνίς,New Testament,Greek,,From G1672,,
G1675,Ἑλληνιστής,New Testament,Greek,,From G1672,,
G1676,Ἑλληνιστί,New Testament,Greek,,From G1675,,
G1677,ἐλλογέω,New Testament,Greek,,From G1722+G3056,,
G1678,Ἐλμωδάμ,New Testament,Greek,,From H486,,
G1679,ἐλπίζω,New Testament,Greek,,From G1680,,
G1680,ἐλπίς,New Testament,Greek,,ἐλπίς,ఆశ,
G1681,Ἐλύμας,New Testament,Greek,,Ἐλύμας,,
G1682,ἐλοΐ,New Testament,Greek,,From H426,,
G1683,ἐμαυτοῦ,New Testament,Greek,,From G1700+G846,,
G1684,ἐμβαίνω,New Testament,Greek,,From G1722+G939,,
G1685,ἐμβάλλω,New Testament,Greek,,From G1722+G906,,
G1686,ἐμβάπτω,New Testament,Greek,,From G1722+G911,,
G1687,ἐμβατεύω,New Testament,Greek,,From G1722+G939,,
G1688,ἐμβιβάζω,New Testament,Greek,,From G1722+G1684,,
G1689,ἐμβλέπω,New Testament,Greek,,From G1722+G991,,
G1690,ἐμβριμάομαι,New Testament,Greek,,From G1722,,
G1691,ἐμέ,New Testament,Greek,,From G3165,,
G1692,ἐμέω,New Testament,Greek,,ἐμέω,,
G1693,ἐμμαίνομαι,New Testament,Greek,,From G1722+G3105,,
G1694,Ἐμμανουήλ,New Testament,Greek,,From H6005,,
G1695,Ἐμμαούς,New Testament,Greek,,From H3222,,
G1696,ἐμμένω,New Testament,Greek,,From G1722+G3306,,
G1697,Ἐμμόρ,New Testament,Greek,,From H2544,,
G1698,ἐμοί,New Testament,Greek,,From G3427,,
G1699,ἐμός,New Testament,Greek,,From G1473+G1698+G1700+G1691,,
G1700,ἐμοῦ,New Testament,Greek,,From G3449,,
G1701,ἐμπαιγμός,New Testament,Greek,,From G1702,,
G1702,ἐμπαίζω,New Testament,Greek,,From G1722+G3815,,
G1703,ἐμπαίκτης,New Testament,Greek,,From G1702,,
G1704,ἐμπεριπατέω,New Testament,Greek,,From G1722+G4043,,
G1705,ἐμπλήθω,New Testament,Greek,,From G1722+G4118,,
G1706,ἐμπίπτω,New Testament,Greek,,From G1722+G4098,,
G1707,ἐμπλέκω,New Testament,Greek,,From G1722+G4120,,
G1708,ἐμπλοκή,New Testament,Greek,,From G1707,,
G1709,ἐμπνέω,New Testament,Greek,,From G1722+G4154,,
G1710,ἐμπορεύομαι,New Testament,Greek,,From G1722+G4198,,
G1711,ἐμπορία,New Testament,Greek,,From G1713,,
G1712,ἐμπόριον,New Testament,Greek,,From G1713,,
G1713,ἔμπορος,New Testament,Greek,,From G1722+G4198,,
G1714,ἐμπρήθω,New Testament,Greek,,From G1722,,
G1715,ἔμπροσθεν,New Testament,Greek,,From G1722+G4314,,
G1716,ἐμπτύω,New Testament,Greek,,From G1722+G4429,,
G1717,ἐμφανής,New Testament,Greek,,From G1722+G5316,,
G1718,ἐμφανίζω,New Testament,Greek,,From G1717,,
G1719,ἔμφοβος,New Testament,Greek,,From G1722+G5401,,
G1720,ἐμφυσάω,New Testament,Greek,,From G1722+G5453,,
G1721,ἔμφυτος,New Testament,Greek,,From G1722+G5453,,
G1722,ἐν,New Testament,Greek,,From G1519+G1537,,
G1723,ἐναγκαλίζομαι,New Testament,Greek,,From G1722+G43,,
G1724,ἐνάλιος,New Testament,Greek,,From G1722+G251,,
G1725,ἔναντι,New Testament,Greek,,From G1722+G473,,
G1726,ἐναντίον,New Testament,Greek,,From G1727,,
G1727,ἐναντίος,New Testament,Greek,,From G1725,,
G1728,ἐνάρχομαι,New Testament,Greek,,From G1722+G756,,
G1729,ἐνδεής,New Testament,Greek,,From G1722+G1210,,
G1730,ἔνδειγμα,New Testament,Greek,,From G1731,,
G1731,ἐνδείκνυμι,New Testament,Greek,,From G1722+G1166,,
G1732,ἔνδειξις,New Testament,Greek,,From G1731,,
G1733,ἕνδεκα,New Testament,Greek,,From G1520+G1176,,
G1734,ἑνδέκατος,New Testament,Greek,,From G1733,,
G1735,ἐνδέχεται,New Testament,Greek,,From G1722+G1209,,
G1736,ἐνδημέω,New Testament,Greek,,From G1722+G1218,,
G1737,ἐνδιδύσκω,New Testament,Greek,,From G1746,,
G1738,ἔνδικος,New Testament,Greek,,From G1722+G1349,,
G1739,ἐνδόμησις,New Testament,Greek,,From G1722+G1218,,
G1740,ἐνδοξάζω,New Testament,Greek,,From G1741,,
G1741,ἔνδοξος,New Testament,Greek,,From G1722+G1391,,
G1742,ἔνδυμα,New Testament,Greek,,From G1746,,
G1743,ἐνδυναμόω,New Testament,Greek,,From G1722+G1412,,
G1744,ἐνδύνω,New Testament,Greek,,From G1772+G1416,,
G1745,ἔνδυσις,New Testament,Greek,,From G1746,,
G1746,ἐνδύω,New Testament,Greek,,From G1722+G1416,,
G1747,ἐνέδρα,New Testament,Greek,,From G1722+G1476,,
G1748,ἐνεδρεύω,New Testament,Greek,,From G1747,,
G1749,ἔνεδρον,New Testament,Greek,,From G1747,,
G1750,ἐνειλέω,New Testament,Greek,,From G1772+G1507,,
G1751,ἔνειμι,New Testament,Greek,,From G1772+G1510,,
G1752,εἵνεκεν,New Testament,Greek,,εἵνεκεν,,
G1753,ἐνέργεια,New Testament,Greek,,From G1756,,
G1754,ἐνεργέω,New Testament,Greek,,From G1756,,
G1755,ἐνέργημα,New Testament,Greek,,From G1754,,
G1756,ἐνεργής,New Testament,Greek,,From G1722+G2041,,
G1757,ἐνευλογέω,New Testament,Greek,,From G1722+G2127,,
G1758,ἐνέχω,New Testament,Greek,,From G1722+G2192,,
G1759,ἐνθάδε,New Testament,Greek,,From G1722,,
G1760,ἐνθυμέομαι,New Testament,Greek,,From G1722+G2372,,
G1761,ἐνθύμησις,New Testament,Greek,,From G1760,,
G1762,ἔνι,New Testament,Greek,,From G1751,,
G1763,ἐνιαυτός,New Testament,Greek,,ἐνιαυτός,,
G1764,ἐνίστημι,New Testament,Greek,,From G1722+G2476,,
G1765,ἐνισχύω,New Testament,Greek,,From G1722+G2480,,
G1766,ἔννατος,New Testament,Greek,,From G1767,,
G1767,ἐννέα,New Testament,Greek,,ἐννέα,,
G1768,ἐννενηκονταεννέα,New Testament,Greek,,From G1767+G1767,,
G1769,ἐννεός,New Testament,Greek,,From G1770,,
G1770,ἐννεύω,New Testament,Greek,,From G1722+G3506,,
G1771,ἔννοια,New Testament,Greek,,From G1722+G3563,,
G1772,ἔννομος,New Testament,Greek,,From G1722+G3551,,
G1773,ἔννυχον,New Testament,Greek,,From G1722+G3571,,
G1774,ἐνοικέω,New Testament,Greek,,From G1722+G3611,,
G1775,ἑνότης,New Testament,Greek,,From G1520,,
G1776,ἐνοχλέω,New Testament,Greek,,From G1722+G3791,,
G1777,ἔνοχος,New Testament,Greek,,From G1758,,
G1778,ἔνταλμα,New Testament,Greek,,From G1781,,
G1779,ἐνταφιάζω,New Testament,Greek,,From G1722+G5028,,
G1780,ἐνταφιασμός,New Testament,Greek,,From G1779,,
G1781,ἐντέλλομαι,New Testament,Greek,,From G1722+G5056,,
G1782,ἐντεῦθεν,New Testament,Greek,,From G1759,,
G1783,ἔντευξις,New Testament,Greek,,From G1793,,
G1784,ἔντιμος,New Testament,Greek,,From G1722+G5092,,
G1785,ἐντολή,New Testament,Greek,,From G1781,,
G1786,ἐντόπιος,New Testament,Greek,,From G1722+G5117,,
G1787,ἐντός,New Testament,Greek,,From G1722,,
G1788,ἐντρέπω,New Testament,Greek,,From G1722+G5157,,
G1789,ἐντρέφω,New Testament,Greek,,From G1722+G5142,,
G1790,ἔντρομος,New Testament,Greek,,From G1722+G5156,,
G1791,ἐντροπή,New Testament,Greek,,From G1788,,
G1792,ἐντρυφάω,New Testament,Greek,,From G1722+G5171,,
G1793,ἐντυγχάνω,New Testament,Greek,,From G1722+G5177,,
G1794,ἐντυλίσσω,New Testament,Greek,,From G1722+G1507,,
G1795,ἐντυπόω,New Testament,Greek,,From G1722+G5179,,
G1796,ἐνυβρίζω,New Testament,Greek,,From G1722+G5195,,
G1797,ἐνυπνιάζομαι,New Testament,Greek,,From G1798,,
G1798,ἐνύπνιον,New Testament,Greek,,From G1722+G5258,,
G1799,ἐνώπιον,New Testament,Greek,,From G1722+G3700,,
G1800,Ἐνώς,New Testament,Greek,,From H583,,
G1801,ἐνωτίζομαι,New Testament,Greek,,From G1722+G3775,,
G1802,Ἐνώχ,New Testament,Greek,,From H2585,,
G1803,ἕξ,New Testament,Greek,,ἕξ,,
G1804,ἐξαγγέλλω,New Testament,Greek,,From G1537+G32,,
G1805,ἐξαγοράζω,New Testament,Greek,,From G1537+G59,,
G1806,ἐξάγω,New Testament,Greek,,From G1537+G71,,
G1807,ἐξαιρέω,New Testament,Greek,,From G1537+G138,,
G1808,ἐξαίρω,New Testament,Greek,,From G1537+G142,,
G1809,ἐξαιτέομαι,New Testament,Greek,,From G1537+G154,,
G1810,ἐξαίφνης,New Testament,Greek,,From G1537+G160,,
G1811,ἐξακολουθέω,New Testament,Greek,,From G1537+G190,,
G1812,ἑξακόσιοι,New Testament,Greek,,From G1803+G1540,,
G1813,ἐξαλείφω,New Testament,Greek,,From G1537+G218,,
G1814,ἐξάλλομαι,New Testament,Greek,,From G1537+G242,,
G1815,ἐξανάστασις,New Testament,Greek,,From G1817,,
G1816,ἐξανατέλλω,New Testament,Greek,,From G1537+G393,,
G1817,ἐξανίστημι,New Testament,Greek,,From G1537+G450,,
G1818,ἐξαπατάω,New Testament,Greek,,From G1537+G538,,
G1819,ἐξάπινα,New Testament,Greek,,From G1537+G160,,
G1820,ἐξαπορέομαι,New Testament,Greek,,From G1537+G639,,
G1821,ἐξαποστέλλω,New Testament,Greek,,From G1537+G649,,
G1822,ἐξαρτίζω,New Testament,Greek,,From G1537+G739,,
G1823,ἐξαστράπτω,New Testament,Greek,,From G1537+G797,,
G1824,ἐξαυτῆς,New Testament,Greek,,From G1537+G846+G5610,,
G1825,ἐξεγείρω,New Testament,Greek,,From G1537+G1453,,
G1826,ἔξειμι,New Testament,Greek,,From G1537,,
G1827,ἐξελέγχω,New Testament,Greek,,From G1537+G1651,,
G1828,ἐξέλκω,New Testament,Greek,,From G1537+G1670,,
G1829,ἐξέραμα,New Testament,Greek,,From G1537,,
G1830,ἐξερευνάω,New Testament,Greek,,From G1537+G2045,,
G1831,ἐξέρχομαι,New Testament,Greek,,From G1537+G2064,,
G1832,ἔξεστι,New Testament,Greek,,From G1537+G1510,,
G1833,ἐξετάζω,New Testament,Greek,,From G1537,,
G1834,ἐξηγέομαι,New Testament,Greek,,From G1537+G2233,,
G1835,ἑξήκοντα,New Testament,Greek,,From G1803,,
G1836,ἑξῆς,New Testament,Greek,,From G2192,,
G1837,ἐξηχέομαι,New Testament,Greek,,From G1537+G2278,,
G1838,ἕξις,New Testament,Greek,,From G2192,,
G1839,ἐξίστημι,New Testament,Greek,,From G1537+G2476,,
G1840,ἐξισχύω,New Testament,Greek,,From G1537+G2480,,
G1841,ἔξοδος,New Testament,Greek,,From G1537+G3598,,
G1842,ἐξολοθρεύω,New Testament,Greek,,From G1537+G3645,,
G1843,ἐξομολογέω,New Testament,Greek,,From G1537+G3670,,
G1844,ἐξορκίζω,New Testament,Greek,,From G1537+G3726,,
G1845,ἐξορκιστής,New Testament,Greek,,From G1844,,
G1846,ἐξορύσσω,New Testament,Greek,,From G1537+G3736,,
G1847,ἐξουδενόω,New Testament,Greek,,From G1537+G3762,,
G1848,ἐξουθενέω,New Testament,Greek,,From G1847,,
G1849,ἐξουσία,New Testament,Greek,,From G1832,,
G1850,ἐξουσιάζω,New Testament,Greek,,From G1849,,
G1851,ἐξοχή,New Testament,Greek,,From G1537+G2192,,
G1852,ἐξυπνίζω,New Testament,Greek,,From G1853,,
G1853,ἔξυπνος,New Testament,Greek,,From G1537+G5258,,
G1854,ἔξω,New Testament,Greek,,From G1537,,
G1855,ἔξωθεν,New Testament,Greek,,From G1854,,
G1856,ἐξώθω,New Testament,Greek,,From G1537,,
G1857,ἐξώτερος,New Testament,Greek,,From G1854,,
G1858,ἑορτάζω,New Testament,Greek,,From G1859,,
G1859,ἑορτή,New Testament,Greek,,ἑορτή,,
G1860,ἐπαγγελία,New Testament,Greek,,From G1861,,
G1861,ἐπαγγέλλω,New Testament,Greek,,From G1909+G32,,
G1862,ἐπάγγελμα,New Testament,Greek,,From G1861,,
G1863,ἐπάγω,New Testament,Greek,,From G1909+G71,,
G1864,ἐπαγωνίζομαι,New Testament,Greek,,From G1909+G75,,
G1865,ἐπαθροίζω,New Testament,Greek,,From G1909,,
G1866,Ἐπαίνετος,New Testament,Greek,,From G1867,,
G1867,ἐπαινέω,New Testament,Greek,,From G1909+G134,,
G1868,ἔπαινος,New Testament,Greek,,From G1909+G134,,
G1869,ἐπαίρω,New Testament,Greek,,From G1909+G142,,
G1870,ἐπαισχύνομαι,New Testament,Greek,,From G1909+G153,,
G1871,ἐπαιτέω,New Testament,Greek,,From G1909+G154,,
G1872,ἐπακολουθέω,New Testament,Greek,,From G1909+G190,,
G1873,ἐπακούω,New Testament,Greek,,From G1909+G191,,
G1874,ἐπακροάομαι,New Testament,Greek,,From G1909+G202,,
G1875,ἐπάν,New Testament,Greek,,From G1909+G302,,
G1876,ἐπάναγκες,New Testament,Greek,,From G1909+G318,,
G1877,ἐπανάγω,New Testament,Greek,,From G1909+G321,,
G1878,ἐπαναμιμνήσκω,New Testament,Greek,,From G1909+G363,,
G1879,ἐπαναπαύομαι,New Testament,Greek,,From G1909+G373,,
G1880,ἐπανέρχομαι,New Testament,Greek,,From G1909+G424,,
G1881,ἐπανίσταμαι,New Testament,Greek,,From G1909+G450,,
G1882,ἐπανόρθωσις,New Testament,Greek,,From G1909+G461,,
G1883,ἐπάνω,New Testament,Greek,,From G1909+G507,,
G1884,ἐπαρκέω,New Testament,Greek,,From G1909+G714,,
G1885,ἐπαρχία,New Testament,Greek,,From G1909+G757,,
G1886,ἔπαυλις,New Testament,Greek,,From G1909+G833,,
G1887,ἐπαύριον,New Testament,Greek,,From G1909+G839,,
G1888,ἐπαυτοφώρῳ,New Testament,Greek,,From G1909+G846,,
G1889,Ἐπαφρᾶς,New Testament,Greek,,From G1891,,
G1890,ἐπαφρίζω,New Testament,Greek,,From G1909+G875,,
G1891,Ἐπαφρόδιτος,New Testament,Greek,,From G1909,,
G1892,ἐπεγείρω,New Testament,Greek,,From G1909+G1453,,
G1893,ἐπεί,New Testament,Greek,,From G1909+G1487,,
G1894,ἐπειδή,New Testament,Greek,,From G1893+G1211,,
G1895,ἐπειδήπερ,New Testament,Greek,,From G1894+G4007,,
G1896,ἐπεῖδον,New Testament,Greek,,From G1909+G1492,,
G1897,ἐπείπερ,New Testament,Greek,,From G1893+G4007,,
G1898,ἐπεισαγωγή,New Testament,Greek,,From G1909+G1521,,
G1899,ἔπειτα,New Testament,Greek,,From G1909+G1534,,
G1900,ἐπέκεινα,New Testament,Greek,,From G1909+G1565,,
G1901,ἐπεκτείνομαι,New Testament,Greek,,From G1909+G1614,,
G1902,ἐπενδύομαι,New Testament,Greek,,From G1909+G1746,,
G1903,ἐπενδύτης,New Testament,Greek,,From G1902,,
G1904,ἐπέρχομαι,New Testament,Greek,,From G1909+G2064,,
G1905,ἐπερωτάω,New Testament,Greek,,From G1909+G2065,,
G1906,ἐπερώτημα,New Testament,Greek,,From G1905,,
G1907,ἐπέχω,New Testament,Greek,,From G1909+G2192,,
G1908,ἐπηρεάζω,New Testament,Greek,,From G1909,,
G1909,ἐπί,New Testament,Greek,,ἐπί,,
G1910,ἐπιβαίνω,New Testament,Greek,,From G1909+G939,,
G1911,ἐπιβάλλω,New Testament,Greek,,From G1909+G906,,
G1912,ἐπιβαρέω,New Testament,Greek,,From G1909+G916,,
G1913,ἐπιβιβάζω,New Testament,Greek,,From G1909+G939+G307,,
G1914,ἐπιβλέπω,New Testament,Greek,,From G1909+G991,,
G1915,ἐπίβλημα,New Testament,Greek,,From G1911,,
G1916,ἐπιβοάω,New Testament,Greek,,From G1909+G994,,
G1917,ἐπιβουλή,New Testament,Greek,,From G1909+G1014,,
G1918,ἐπιγαμβρεύω,New Testament,Greek,,From G1909+G1062,,
G1919,ἐπίγειος,New Testament,Greek,,From G1909+G1093,,
G1920,ἐπιγίνομαι,New Testament,Greek,,From G1909+G1096,,
G1921,ἐπιγινώσκω,New Testament,Greek,,From G1909+G1097,,
G1922,ἐπίγνωσις,New Testament,Greek,,From G1921,,
G1923,ἐπιγραφή,New Testament,Greek,,From G1924,,
G1924,ἐπιγράφω,New Testament,Greek,,From G1909+G1125,,
G1925,ἐπιδείκνυμι,New Testament,Greek,,From G1909+G1166,,
G1926,ἐπιδέχομαι,New Testament,Greek,,From G1909+G1209,,
G1927,ἐπιδημέω,New Testament,Greek,,From G1909+G1218,,
G1928,ἐπιδιατάσσομαι,New Testament,Greek,,From G1909+G1299,,
G1929,ἐπιδίδωμι,New Testament,Greek,,From G1909+G1325,,
G1930,ἐπιδιορθόω,New Testament,Greek,,From G1909+G3717,,
G1931,ἐπιδύω,New Testament,Greek,,From G1909+G1416,,
G1932,ἐπιείκεια,New Testament,Greek,,From G1933,,
G1933,ἐπιεικής,New Testament,Greek,,From G1909+G1503,,
G1934,ἐπιζητέω,New Testament,Greek,,From G1909+G2212,,
G1935,ἐπιθανάτιος,New Testament,Greek,,From G1909+G2288,,
G1936,ἐπίθεσις,New Testament,Greek,,From G2007,,
G1937,ἐπιθυμέω,New Testament,Greek,,From G1909+G2372,,
G1938,ἐπιθυμητής,New Testament,Greek,,From G1937,,
G1939,ἐπιθυμία,New Testament,Greek,,From G1937,,
G1940,ἐπικαθίζω,New Testament,Greek,,From G1909+G2523,,
G1941,ἐπικαλέομαι,New Testament,Greek,,From G1909+G2564,,
G1942,ἐπικάλυμα,New Testament,Greek,,From G1943,,
G1943,ἐπικαλύπτω,New Testament,Greek,,From G1909+G2572,,
G1944,ἐπικατάρατος,New Testament,Greek,,From G1909+G2672,,
G1945,ἐπίκειμαι,New Testament,Greek,,From G1909+G2749,,
G1946,Ἐπικούρειος,New Testament,Greek,,From G1947,,
G1947,ἐπικουρία,New Testament,Greek,,From G1909+G2877,,
G1948,ἐπικρίνω,New Testament,Greek,,From G1909+G2919,,
G1949,ἐπιλαμβάνομαι,New Testament,Greek,,From G1909+G2983,,
G1950,ἐπιλανθάνομαι,New Testament,Greek,,From G1909+G2990,,
G1951,ἐπιλέγομαι,New Testament,Greek,,From G1909+G3004,,
G1952,ἐπιλείπω,New Testament,Greek,,From G1909+G3007,,
G1953,ἐπιλησμονή,New Testament,Greek,,From G1950,,
G1954,ἐπίλοιπος,New Testament,Greek,,From G1909+G3062,,
G1955,ἐπίλυσις,New Testament,Greek,,From G1956,,
G1956,ἐπιλύω,New Testament,Greek,,From G1909+G3089,,
G1957,ἐπιμαρτυρέω,New Testament,Greek,,From G1909+G3140,,
G1958,ἐπιμέλεια,New Testament,Greek,,From G1959,,
G1959,ἐπιμελέομαι,New Testament,Greek,,From G1909+G3199,,
G1960,ἐπιμελῶς,New Testament,Greek,,From G1959,,
G1961,ἐπιμένω,New Testament,Greek,,From G1909+G3306,,
G1962,ἐπινεύω,New Testament,Greek,,From G1909+G3506,,
G1963,ἐπίνοια,New Testament,Greek,,From G1909+G3563,,
G1964,ἐπιορκέω,New Testament,Greek,,From G1965,,
G1965,ἐπίορκος,New Testament,Greek,,From G1909+G3727,,
G1966,ἐπιοῦσα,New Testament,Greek,,From G1909,,
G1967,ἐπιούσιος,New Testament,Greek,,From G1966,,
G1968,ἐπιπίπτω,New Testament,Greek,,From G1909+G4098,,
G1969,ἐπιπλήσσω,New Testament,Greek,,From G1909+G4141,,
G1970,ἐπιπνίγω,New Testament,Greek,,From G1909+G4155,,
G1971,ἐπιποθέω,New Testament,Greek,,From G1909,,
G1972,ἐπιπόθησις,New Testament,Greek,,From G1971,,
G1973,ἐπιπόθητος,New Testament,Greek,,From G1909+G1971,,
G1974,ἐπιποθία,New Testament,Greek,,From G1971,,
G1975,ἐπιπορεύομαι,New Testament,Greek,,From G1909+G4198,,
G1976,ἐπιῤῥάπτω,New Testament,Greek,,From G1909+G4476,,
G1977,ἐπιῤῥίπτω,New Testament,Greek,,From G1909+G4496,,
G1978,ἐπίσημος,New Testament,Greek,,From G1909+G4591,,
G1979,ἐπισιτισμός,New Testament,Greek,,From G1909+G4621,,
G1980,ἐπισκέπτομαι,New Testament,Greek,,From G1909+G4649,,
G1981,ἐπισκηνόω,New Testament,Greek,,From G1909+G4637,,
G1982,ἐπισκιάζω,New Testament,Greek,,From G1909+G4639,,
G1983,ἐπισκοπέω,New Testament,Greek,,From G1909+G4648,,
G1984,ἐπισκοπή,New Testament,Greek,,From G1980,,
G1985,ἐπίσκοπος,New Testament,Greek,,From G1909+G4649+G1983,,
G1986,ἐπισπάομαι,New Testament,Greek,,From G1909+G4685,,
G1987,ἐπίσταμαι,New Testament,Greek,,From G2186+G3563,,
G1988,ἐπιστάτης,New Testament,Greek,,From G1909+G2476,,
G1989,ἐπιστέλλω,New Testament,Greek,,From G1909+G4724,,
G1990,ἐπιστήμων,New Testament,Greek,,From G1987,,
G1991,ἐπιστηρίζω,New Testament,Greek,,From G1909+G4741,,
G1992,ἐπιστολή,New Testament,Greek,,From G1989,,
G1993,ἐπιστομίζω,New Testament,Greek,,From G1909+G4750,,
G1994,ἐπιστρέφω,New Testament,Greek,,From G1909+G4762,,
G1995,ἐπιστροφή,New Testament,Greek,,From G1994,,
G1996,ἐπισυνάγω,New Testament,Greek,,From G1909+G4863,,
G1997,ἐπισυναγωγή,New Testament,Greek,,From G1996,,
G1998,ἐπισυντρέχω,New Testament,Greek,,From G1909+G4936,,
G1999,ἐπισύστασις,New Testament,Greek,,From G1909+G4921,,
G2000,ἐπισφαλής,New Testament,Greek,,From G1909,,
G2001,ἐπισχύω,New Testament,Greek,,From G1909+G2480,,
G2002,ἐπισωρεύω,New Testament,Greek,,From G1909+G4987,,
G2003,ἐπιταγή,New Testament,Greek,,From G2004,,
G2004,ἐπιτάσσω,New Testament,Greek,,From G1909+G5021,,
G2005,ἐπιτελέω,New Testament,Greek,,From G1909+G5055,,
G2006,ἐπιτήδειος,New Testament,Greek,,ἐπιτήδειος,,
G2007,ἐπιτίθημι,New Testament,Greek,,From G1909+G5087,,
G2008,ἐπιτιμάω,New Testament,Greek,,From G1909+G5091,,
G2009,ἐπιτιμία,New Testament,Greek,,From G1909+G5092,,
G2010,ἐπιτρέπω,New Testament,Greek,,From G1909+G5157,,
G2011,ἐπιτροπή,New Testament,Greek,,From G2010,,
G2012,ἐπίτροπος,New Testament,Greek,,From G1909+G5158+G2011,,
G2013,ἐπιτυγχάνω,New Testament,Greek,,From G1909+G5177,,
G2014,ἐπιφαίνω,New Testament,Greek,,From G1909+G5316,,
G2015,ἐπιφάνεια,New Testament,Greek,,From G2016,,
G2016,ἐπιφανής,New Testament,Greek,,From G2014,,
G2017,ἐπιφαύω,New Testament,Greek,,From G2014,,
G2018,ἐπιφέρω,New Testament,Greek,,From G1909+G5342,,
G2019,ἐπιφωνέω,New Testament,Greek,,From G1909+G5455,,
G2020,ἐπιφώσκω,New Testament,Greek,,From G2017,,
G2021,ἐπιχειρέω,New Testament,Greek,,From G1909+G5495,,
G2022,ἐπιχέω,New Testament,Greek,,From G1909,,
G2023,ἐπιχορηγέω,New Testament,Greek,,From G1909+G5524,,
G2024,ἐπιχορηγία,New Testament,Greek,,From G2023,,
G2025,ἐπιχρίω,New Testament,Greek,,From G1909+G5548,,
G2026,ἐποικοδομέω,New Testament,Greek,,From G1909+G3618,,
G2027,ἐποκέλλω,New Testament,Greek,,From G1909,,
G2028,ἐπονομάζω,New Testament,Greek,,From G1909+G3687,,
G2029,ἐποπτεύω,New Testament,Greek,,From G1909+G3700,,
G2030,ἐπόπτης,New Testament,Greek,,From G1909+G3700,,
G2031,ἔπος,New Testament,Greek,,From G2036,,
G2032,ἐπουράνιος,New Testament,Greek,,From G1909+G3772,,
G2033,ἑπτά,New Testament,Greek,,ἑπτά,,
G2034,ἑπτάκις,New Testament,Greek,,From G2033,,
G2035,ἑπτακισχίλιοι,New Testament,Greek,,From G2034+G5507,,
G2036,ἔπω,New Testament,Greek,,From G2046+G4483+G5346,,
G2037,Ἔραστος,New Testament,Greek,,Ἔραστος,,
G2038,ἐργάζομαι,New Testament,Greek,,From G2041,,
G2039,ἐργασία,New Testament,Greek,,From G2040,,
G2040,ἐργάτης,New Testament,Greek,,From G2041,,
G2041,ἔργον,New Testament,Greek,,ἔργον,,
G2042,ἐρεθίζω,New Testament,Greek,,From G2054,,
G2043,ἐρείδω,New Testament,Greek,,ἐρείδω,,
G2044,ἐρεύγομαι,New Testament,Greek,,ἐρεύγομαι,,
G2045,ἐρευνάω,New Testament,Greek,,From G2046,,
G2046,ἐρέω,New Testament,Greek,,From G4483,,
G2047,ἐρημία,New Testament,Greek,,From G2048,,
G2048,ἔρημος,New Testament,Greek,,ἔρημος,,
G2049,ἐρημόω,New Testament,Greek,,From G2048,,
G2050,ἐρήμωσις,New Testament,Greek,,From G2049,,
G2051,ἐρίζω,New Testament,Greek,,From G2054,,
G2052,ἐριθεία,New Testament,Greek,,From G2042,,
G2053,ἔριον,New Testament,Greek,,ἔριον,,
G2054,ἔρις,New Testament,Greek,,ἔρις,,
G2055,ἐρίφιον,New Testament,Greek,,From G2056,,
G2056,ἔριφος,New Testament,Greek,,From G2053,,
G2057,Ἑρμᾶς,New Testament,Greek,,From G2060,,
G2058,ἑρμηνεία,New Testament,Greek,,From G2059,,
G2059,ἑρμηνεύω,New Testament,Greek,,From G2060,,
G2060,Ἑρμῆς,New Testament,Greek,,From G2046,,
G2061,Ἑρμογένης,New Testament,Greek,,From G2060+G1096,,
G2062,ἑρπετόν,New Testament,Greek,,ἑρπετόν,,
G2063,ἐρυθρός,New Testament,Greek,,ἐρυθρός,,
G2064,ἔρχομαι,New Testament,Greek,,ἔρχομαι,రావడానికి,
G2065,ἐρωτάω,New Testament,Greek,,From G2046+G2045,,
G2066,ἐσθής,New Testament,Greek,,ἐσθής,,
G2067,ἔσθησις,New Testament,Greek,,From G2066,,
G2068,ἐσθίω,New Testament,Greek,,ἐσθίω,,
G2069,Ἐσλί,New Testament,Greek,,From H454,,
G2070,ἐσμέν,New Testament,Greek,,From G1510,,
G2071,ἔσομαι,New Testament,Greek,,From G1510,,
G2072,ἔσοπτρον,New Testament,Greek,,From G1519+G3700,,
G2073,ἑσπέρα,New Testament,Greek,,From G5610,,
G2074,Ἐσρώμ,New Testament,Greek,,From H2696,,
G2075,ἐστέ,New Testament,Greek,,From G1510,,
G2076,ἐστί,New Testament,Greek,,From G1510,,
G2077,ἔστω,New Testament,Greek,,From G1510,,
G2078,ἔσχατος,New Testament,Greek,,From G2192,,
G2079,ἐσχάτως,New Testament,Greek,,From G2078,,
G2080,ἔσω,New Testament,Greek,,From G1519,,
G2081,ἔσωθεν,New Testament,Greek,,From G2080,,
G2082,ἐσώτερος,New Testament,Greek,,From G2080,,
G2083,ἑταῖρος,New Testament,Greek,,ἑταῖρος,,
G2084,ἑτερόγλωσσος,New Testament,Greek,,From G2087+G1100,,
G2085,ἑτεροδιδασκαλέω,New Testament,Greek,,From G2087+G1320,,
G2086,ἑτεροζυγέω,New Testament,Greek,,From G2087+G2218,,
G2087,ἕτερος,New Testament,Greek,,ἕτερος,,
G2088,ἑτέρως,New Testament,Greek,,From G2087,,
G2089,ἔτι,New Testament,Greek,,From G2094,,
G2090,ἑτοιμάζω,New Testament,Greek,,From G2092,,
G2091,ἑτοιμασία,New Testament,Greek,,From G2090,,
G2092,ἕτοιμος,New Testament,Greek,,ἕτοιμος,,
G2093,ἑτοίμως,New Testament,Greek,,From G2092,,
G2094,ἔτος,New Testament,Greek,,ἔτος,,
G2095,εὖ,New Testament,Greek,,εὖ,,
G2096,Εὖα,New Testament,Greek,,From H2332,,
G2097,εὐαγγελίζω,New Testament,Greek,,From G2095+G32,,
G2098,εὐαγγέλιον,New Testament,Greek,,From G2097,,
G2099,εὐαγγελιστής,New Testament,Greek,,From G2097,,
G2100,εὐαρεστέω,New Testament,Greek,,From G2101,,
G2101,εὐάρεστος,New Testament,Greek,,From G2095+G701,,
G2102,εὐαρέστως,New Testament,Greek,,From G2101,,
G2103,Εὔβουλος,New Testament,Greek,,From G2095+G1014,,
G2104,εὐγενής,New Testament,Greek,,From G2095+G1096,,
G2105,εὐδία,New Testament,Greek,,From G2095+G2203,,
G2106,εὐδοκέω,New Testament,Greek,,From G2095+G1380,,
G2107,εὐδοκία,New Testament,Greek,,From G2095+G1380,,
G2108,εὐεργεσία,New Testament,Greek,,From G2110,,
G2109,εὐεργετέω,New Testament,Greek,,From G2110,,
G2110,εὐεργέτης,New Testament,Greek,,From G2095+G2041,,
G2111,εὔθετος,New Testament,Greek,,From G2095+G5087,,
G2112,εὐθέως,New Testament,Greek,,From G2117,,
G2113,εὐθυδρομέω,New Testament,Greek,,From G2117+G1408,,
G2114,εὐθυμέω,New Testament,Greek,,From G2115,,
G2115,εὔθυμος,New Testament,Greek,,From G2095+G2372,,
G2116,εὐθύνω,New Testament,Greek,,From G2117,,
G2117,εὐθύς,New Testament,Greek,,From G2095+G5087,,
G2118,εὐθύτης,New Testament,Greek,,From G2117,,
G2119,εὐκαιρέω,New Testament,Greek,,From G2121,,
G2120,εὐκαιρία,New Testament,Greek,,From G2121,,
G2121,εὔκαιρος,New Testament,Greek,,From G2095+G2540,,
G2122,εὐκαίρως,New Testament,Greek,,From G2121,,
G2123,εὐκοπώτερος,New Testament,Greek,,From G2095+G2873,,
G2124,εὐλάβεια,New Testament,Greek,,From G2126,,
G2125,εὐλαβέομαι,New Testament,Greek,,From G2126,,
G2126,εὐλαβής,New Testament,Greek,,From G2095+G2983,,
G2127,εὐλογέω,New Testament,Greek,,From G2095+G3056,,
G2128,εὐλογητός,New Testament,Greek,,From G2127,,
G2129,εὐλογία,New Testament,Greek,,From G2127,,
G2130,εὐμετάδοτος,New Testament,Greek,,From G2095+G3330,,
G2131,Εὐνίκη,New Testament,Greek,,From G2095+G3529,,
G2132,εὐνοέω,New Testament,Greek,,From G2095+G3563,,
G2133,εὔνοια,New Testament,Greek,,From G2132,,
G2134,εὐνουχίζω,New Testament,Greek,,From G2135,,
G2135,εὐνοῦχος,New Testament,Greek,,From G2192,,
G2136,Εὐοδία,New Testament,Greek,,From G2137,,
G2137,εὐοδόω,New Testament,Greek,,From G2095+G3598,,
G2138,εὐπειθής,New Testament,Greek,,From G2095+G3982,,
G2139,εὐπερίστατος,New Testament,Greek,,From G2095+G4012+G2476,,
G2140,εὐποιΐα,New Testament,Greek,,From G2095+G4160,,
G2141,εὐπορέω,New Testament,Greek,,From G2090+G4197,,
G2142,εὐπορία,New Testament,Greek,,From G2141,,
G2143,εὐπρέπεια,New Testament,Greek,,From G2095+G4241,,
G2144,εὐπρόσδεκτος,New Testament,Greek,,From G2095+G4327,,
G2145,εὐπρόσεδρος,New Testament,Greek,,From G2095+G4332,,
G2146,εὐπροσωπέω,New Testament,Greek,,From G2095+G4383,,
G2147,εὑρίσκω,New Testament,Greek,,εὑρίσκω,,
G2148,Εὐροκλύδων,New Testament,Greek,,From G2830,,
G2149,εὐρύχωρος,New Testament,Greek,,From G5561,,
G2150,εὐσέβεια,New Testament,Greek,,From G2152,,
G2151,εὐσεβέω,New Testament,Greek,,From G2152,,
G2152,εὐσεβής,New Testament,Greek,,From G2095+G4576,,
G2153,εὐσεβῶς,New Testament,Greek,,From G2152,,
G2154,εὔσημος,New Testament,Greek,,From G2095+G4591,,
G2155,εὔσπλαγχνος,New Testament,Greek,,From G2095+G4698,,
G2156,εὐσχημόνως,New Testament,Greek,,From G2158,,
G2157,εὐσχημοσύνη,New Testament,Greek,,From G2158,,
G2158,εὐσχήμων,New Testament,Greek,,From G2095+G4976,,
G2159,εὐτόνως,New Testament,Greek,,From G2095,,
G2160,εὐτραπελία,New Testament,Greek,,From G2095+G5157,,
G2161,Εὔτυχος,New Testament,Greek,,From G2095+G5177,,
G2162,εὐφημία,New Testament,Greek,,From G2163,,
G2163,εὔφημος,New Testament,Greek,,From G2095+G5345,,
G2164,εὐφορέω,New Testament,Greek,,From G2095+G5409,,
G2165,εὐφραίνω,New Testament,Greek,,From G2095+G5424,,
G2166,Εὐφράτης,New Testament,Greek,,From H6578,,
G2167,εὐφροσύνη,New Testament,Greek,,From G2165,,
G2168,εὐχαριστέω,New Testament,Greek,,From G2170,,
G2169,εὐχαριστία,New Testament,Greek,,From G2170,,
G2170,εὐχάριστος,New Testament,Greek,,From G2095+G5483,,
G2171,εὐχή,New Testament,Greek,,From G2172,,
G2172,εὔχομαι,New Testament,Greek,,εὔχομαι,,
G2173,εὔχρηστος,New Testament,Greek,,From G2095+G5543,,
G2174,εὐψυχέω,New Testament,Greek,,From G2095+G5590,,
G2175,εὐωδία,New Testament,Greek,,From G2095+G3605,,
G2176,εὐώνυμος,New Testament,Greek,,From G2095+G3686,,
G2177,ἐφάλλομαι,New Testament,Greek,,From G1909+G242,,
G2178,ἐφάπαξ,New Testament,Greek,,From G1909+G530,,
G2179,Ἐφεσῖνος,New Testament,Greek,,From G2181,,
G2180,Ἐφέσιος,New Testament,Greek,,From G2181,,
G2181,Ἔφεσος,New Testament,Greek,,Ἔφεσος,,
G2182,ἐφευρετής,New Testament,Greek,,From G1909+G2147,,
G2183,ἐφημερία,New Testament,Greek,,From G2184,,
G2184,ἐφήμερος,New Testament,Greek,,From G1909+G2250,,
G2185,ἐφικνέομαι,New Testament,Greek,,From G1909+G2240,,
G2186,ἐφίστημι,New Testament,Greek,,From G1909+G2476,,
G2187,Ἐφραίμ,New Testament,Greek,,From H669+H6085,,
G2188,ἐφφαθά,New Testament,Greek,,From H6606,,
G2189,ἔχθρα,New Testament,Greek,,From G2190,,
G2190,ἐχθρός,New Testament,Greek,,ἐχθρός,,
G2191,ἔχιδνα,New Testament,Greek,,ἔχιδνα,,
G2192,σχέω,New Testament,Greek,,σχέω,కలిగి ఉండాలి,
G2193,ἕως,New Testament,Greek,,ἕως,,
G2194,Ζαβουλών,New Testament,Greek,,From H2074,,
G2195,Ζακχαῖος,New Testament,Greek,,From H2140,,
G2196,Ζαρά,New Testament,Greek,,From H2226,,
G2197,Ζαχαρίας,New Testament,Greek,,From H2148,,
G2198,ζάω,New Testament,Greek,,ζάω,,
G2199,Ζεβεδαῖος,New Testament,Greek,,From H2067,,
G2200,ζεστός,New Testament,Greek,,From G2204,,
G2201,ζεῦγος,New Testament,Greek,,From G2218,,
G2202,ζευκτηρία,New Testament,Greek,,From G2218,,
G2203,Ζεύς,New Testament,Greek,,Ζεύς,,
G2204,ζέω,New Testament,Greek,,ζέω,,
G2205,ζῆλος,New Testament,Greek,,From G2204,,
G2206,ζηλόω,New Testament,Greek,,From G2205,,
G2207,ζηλωτής,New Testament,Greek,,From G2206,,
G2208,Ζηλωτής,New Testament,Greek,,From G2207,,
G2209,ζημία,New Testament,Greek,,From G1150,,
G2210,ζημιόω,New Testament,Greek,,From G2209,,
G2211,Ζηνᾶς,New Testament,Greek,,From G2203+G1435,,
G2212,ζητέω,New Testament,Greek,,ζητέω,,
G2213,ζήτημα,New Testament,Greek,,From G2212,,
G2214,ζήτησις,New Testament,Greek,,From G2212,,
G2215,ζιζάνιον,New Testament,Greek,,ζιζάνιον,,
G2216,Ζοροβάβελ,New Testament,Greek,,From H2216,,
G2217,ζόφος,New Testament,Greek,,From G3509,,
G2218,ζυγός,New Testament,Greek,,ζυγός,,
G2219,ζύμη,New Testament,Greek,,From G2204,,
G2220,ζυμόω,New Testament,Greek,,From G2219,,
G2221,ζωγρέω,New Testament,Greek,,From G2226+G64,,
G2222,ζωή,New Testament,Greek,,From G2198,జీవితం,
G2223,ζώνη,New Testament,Greek,,From G2218,,
G2224,ζώννυμι,New Testament,Greek,,From G2223,,
G2225,ζωογονέω,New Testament,Greek,,From G2226+G1096,,
G2226,ζῶον,New Testament,Greek,,From G2198,,
G2227,ζωοποιέω,New Testament,Greek,,From G2226+G4160,,
G2228,ἤ,New Testament,Greek,,ἤ,,
G2229,ἦ,New Testament,Greek,,From G2228+G3303,,
G2230,ἡγεμονεύω,New Testament,Greek,,From G2232,,
G2231,ἡγεμονία,New Testament,Greek,,From G2232,,
G2232,ἡγεμών,New Testament,Greek,,From G2233,,
G2233,ἡγέομαι,New Testament,Greek,,From G71,,
G2234,ἡδέως,New Testament,Greek,,From G2237,,
G2235,ἤδη,New Testament,Greek,,From G2228+G2229+G1211,,
G2236,ἥδιστα,New Testament,Greek,,From G2234,,
G2237,ἡδονή,New Testament,Greek,,ἡδονή,,
G2238,ἡδύοσμον,New Testament,Greek,,From G2234+G3744,,
G2239,ἦθος,New Testament,Greek,,From G1485,,
G2240,ἥκω,New Testament,Greek,,ἥκω,,
G2241,ἠλί,New Testament,Greek,,From H410,,
G2242,Ἡλί,New Testament,Greek,,From H5941,,
G2243,Ἡλίας,New Testament,Greek,,From H452,,
G2244,ἡλικία,New Testament,Greek,,From G2245,,
G2245,ἡλίκος,New Testament,Greek,,ἡλίκος,,
G2246,ἥλιος,New Testament,Greek,,From G138,,
G2247,ἧλος,New Testament,Greek,,ἧλος,,
G2248,ἡμᾶς,New Testament,Greek,,From G1473,,
G2249,ἡμεῖς,New Testament,Greek,,From G1473,,
G2250,ἡμέρα,New Testament,Greek,,From G5610+G1476,రోజు,
G2251,ἡμέτερος,New Testament,Greek,,From G2349,,
G2252,ἤμην,New Testament,Greek,,From G2258,,
G2253,ἡμιθανής,New Testament,Greek,,From G2255+G2348,,
G2254,ἡμῖν,New Testament,Greek,,From G1473,,
G2255,ἥμισυ,New Testament,Greek,,From G260,,
G2256,ἡμιώριον,New Testament,Greek,,From G2255+G5610,,
G2257,ἡμῶν,New Testament,Greek,,From G1473,,
G2258,ἦν,New Testament,Greek,,From G1510,,
G2259,ἡνίκα,New Testament,Greek,,ἡνίκα,,
G2260,ἤπερ,New Testament,Greek,,From G2228+G4007,,
G2261,ἤπιος,New Testament,Greek,,From G2031,,
G2262,Ἤρ,New Testament,Greek,,From H6147,,
G2263,ἤρεμος,New Testament,Greek,,From G2048,,
G2264,Ἡρώδης,New Testament,Greek,,From G1491,,
G2265,Ἡρωδιανοί,New Testament,Greek,,From G2264,,
G2266,Ἡρωδιάς,New Testament,Greek,,From G2264,,
G2267,Ἡρωδίων,New Testament,Greek,,From G2264,,
G2268,Ἡσαΐας,New Testament,Greek,,From H3470,,
G2269,Ἠσαῦ,New Testament,Greek,,From H6215,,
G2270,ἡσυχάζω,New Testament,Greek,,From G2272,,
G2271,ἡσυχία,New Testament,Greek,,From G2272,,
G2272,ἡσύχιος,New Testament,Greek,,From G1476+G2192,,
G2273,ἤτοι,New Testament,Greek,,From G2228+G5104,,
G2274,ἡττάω,New Testament,Greek,,From G2276,,
G2275,ἥττημα,New Testament,Greek,,From G2274,,
G2276,ἥττον,New Testament,Greek,,From G2556,,
G2277,ἤτω,New Testament,Greek,,From G1510,,
G2278,ἠχέω,New Testament,Greek,,From G2279,,
G2279,ἦχος,New Testament,Greek,,ἦχος,,
G2280,Θαδδαῖος,New Testament,Greek,,Θαδδαῖος,,
G2281,θάλασσα,New Testament,Greek,,From G251,సముద్రం,
G2282,θάλπω,New Testament,Greek,,θάλπω,,
G2283,Θάμαρ,New Testament,Greek,,From H8559,,
G2284,θαμβέω,New Testament,Greek,,From G2285,,
G2285,θάμβος,New Testament,Greek,,θάμβος,,
G2286,θανάσιμος,New Testament,Greek,,From G2288,,
G2287,θανατήφορος,New Testament,Greek,,From G2288+G5342,,
G2288,θάνατος,New Testament,Greek,,From G2348,మరణం,
G2289,θανατόω,New Testament,Greek,,From G2288,,
G2290,θάπτω,New Testament,Greek,,θάπτω,,
G2291,Θάρα,New Testament,Greek,,From H8646,,
G2292,θαῤῥέω,New Testament,Greek,,From G2293,,
G2293,θαρσέω,New Testament,Greek,,From G2294,,
G2294,θάρσος,New Testament,Greek,,θάρσος,,
G2295,θαῦμα,New Testament,Greek,,From G2300,,
G2296,θαυμάζω,New Testament,Greek,,From G2295,,
G2297,θαυμάσιος,New Testament,Greek,,From G2295,,
G2298,θαυμαστός,New Testament,Greek,,From G2296,,
G2299,θεά,New Testament,Greek,,From G2316,,
G2300,θεάομαι,New Testament,Greek,,θεάομαι,,
G2301,θεατρίζω,New Testament,Greek,,From G2302,,
G2302,θέατρον,New Testament,Greek,,From G2300,,
G2303,θεῖον,New Testament,Greek,,From G2304,,
G2304,θεῖος,New Testament,Greek,,From G2316,,
G2305,θειότης,New Testament,Greek,,From G2304,,
G2306,θειώδης,New Testament,Greek,,From G2303,,
G2307,θέλημα,New Testament,Greek,,From G2309,,
G2308,θέλησις,New Testament,Greek,,From G2309,,
G2309,ἐθελέω,New Testament,Greek,,From G138,,
G2310,θεμέλιος,New Testament,Greek,,From G5087,,
G2311,θεμελιόω,New Testament,Greek,,From G2310,,
G2312,θεοδίδακτος,New Testament,Greek,,From G2316+G1321,,
G2313,θεομαχέω,New Testament,Greek,,From G2314,,
G2314,θεομάχος,New Testament,Greek,,From G2316+G3164,,
G2315,θεόπνευστος,New Testament,Greek,,From G2316+G4154,,
G2316,θεός,New Testament,Greek,,θεός,దేవుడు,
G2317,θεοσέβεια,New Testament,Greek,,From G2318,,
G2318,θεοσεβής,New Testament,Greek,,From G2316+G4576,,
G2319,θεοστυγής,New Testament,Greek,,From G2316+G4767,,
G2320,θεότης,New Testament,Greek,,From G2316,,
G2321,Θεόφιλος,New Testament,Greek,,From G2316+G5384,,
G2322,θεραπεία,New Testament,Greek,,From G2323,,
G2323,θεραπεύω,New Testament,Greek,,From G2324,,
G2324,θεράπων,New Testament,Greek,,From G2330,,
G2325,θερίζω,New Testament,Greek,,From G2330,,
G2326,θερισμός,New Testament,Greek,,From G2325,,
G2327,θεριστής,New Testament,Greek,,From G2325,,
G2328,θερμαίνω,New Testament,Greek,,From G2329,,
G2329,θέρμη,New Testament,Greek,,From G2330,,
G2330,θέρος,New Testament,Greek,,θέρος,,
G2331,Θεσσαλονικεύς,New Testament,Greek,,From G2332,,
G2332,Θεσσαλονίκη,New Testament,Greek,,From G3529,,
G2333,Θευδᾶς,New Testament,Greek,,Θευδᾶς,,
G2334,θεωρέω,New Testament,Greek,,From G2300+G3708,,
G2335,θεωρία,New Testament,Greek,,From G2334,,
G2336,θήκη,New Testament,Greek,,From G5087,,
G2337,θηλάζω,New Testament,Greek,,θηλάζω,,
G2338,θῆλυς,New Testament,Greek,,From G2337,,
G2339,θήρα,New Testament,Greek,,θήρα,,
G2340,θηρεύω,New Testament,Greek,,From G2339,,
G2341,θηριομαχέω,New Testament,Greek,,From G2342+G3164,,
G2342,θηρίον,New Testament,Greek,,From G2339,,
G2343,θησαυρίζω,New Testament,Greek,,From G2344,,
G2344,θησαυρός,New Testament,Greek,,From G5087,,
G2345,θιγγάνω,New Testament,Greek,,θιγγάνω,,
G2346,θλίβω,New Testament,Greek,,From G5147,,
G2347,θλῖψις,New Testament,Greek,,From G2346,,
G2348,θνήσκω,New Testament,Greek,,θνήσκω,,
G2349,θνητός,New Testament,Greek,,From G2348,,
G2350,θορυβέω,New Testament,Greek,,From G2351,,
G2351,θόρυβος,New Testament,Greek,,From G2360,,
G2352,θραύω,New Testament,Greek,,θραύω,,
G2353,θρέμμα,New Testament,Greek,,From G5142,,
G2354,θρηνέω,New Testament,Greek,,From G2355,,
G2355,θρῆνος,New Testament,Greek,,From G2360,,
G2356,θρησκεία,New Testament,Greek,,From G2357,,
G2357,θρησκός,New Testament,Greek,,From G2360,,
G2358,θριαμβεύω,New Testament,Greek,,From G2360,,
G2359,θρίξ,New Testament,Greek,,θρίξ,,
G2360,θροέω,New Testament,Greek,,θροέω,,
G2361,θρόμβος,New Testament,Greek,,From G5142,,
G2362,θρόνος,New Testament,Greek,,θρόνος,,
G2363,Θυάτειρα,New Testament,Greek,,Θυάτειρα,,
G2364,θυγάτηρ,New Testament,Greek,,θυγάτηρ,,
G2365,θυγάτριον,New Testament,Greek,,From G2364,,
G2366,θύελλα,New Testament,Greek,,From G2380,,
G2367,θύϊνος,New Testament,Greek,,From G2380,,
G2368,θυμίαμα,New Testament,Greek,,From G2370,,
G2369,θυμιαστήριον,New Testament,Greek,,From G2370,,
G2370,θυμιάω,New Testament,Greek,,From G2380,,
G2371,θυμομαχέω,New Testament,Greek,,From G2372+G3164,,
G2372,θυμός,New Testament,Greek,,From G2380,,
G2373,θυμόω,New Testament,Greek,,From G2372,,
G2374,θύρα,New Testament,Greek,,θύρα,,
G2375,θυρεός,New Testament,Greek,,From G2374,,
G2376,θυρίς,New Testament,Greek,,From G2374,,
G2377,θυρωρός,New Testament,Greek,,From G2374,,
G2378,θυσία,New Testament,Greek,,From G2380,,
G2379,θυσιαστήριον,New Testament,Greek,,From G2378,,
G2380,θύω,New Testament,Greek,,θύω,,
G2381,Θωμᾶς,New Testament,Greek,,From H8380,,
G2382,θώραξ,New Testament,Greek,,θώραξ,,
G2383,Ἰάειρος,New Testament,Greek,,From H2971,,
G2384,Ἰακώβ,New Testament,Greek,,From H3290,,
G2385,Ἰάκωβος,New Testament,Greek,,From G2384,,
G2386,ἴαμα,New Testament,Greek,,From G2390,,
G2387,Ἰαμβρῆς,New Testament,Greek,,Ἰαμβρῆς,,
G2388,Ἰαννά,New Testament,Greek,,From H3238,,
G2389,Ἰαννῆς,New Testament,Greek,,Ἰαννῆς,,
G2390,ἰάομαι,New Testament,Greek,,ἰάομαι,,
G2391,Ἰάρεδ,New Testament,Greek,,From H3382,,
G2392,ἴασις,New Testament,Greek,,From G2390,,
G2393,ἴασπις,New Testament,Greek,,From H3471,,
G2394,Ἰάσων,New Testament,Greek,,From G2390,,
G2395,ἰατρός,New Testament,Greek,,From G2390,,
G2396,ἴδε,New Testament,Greek,,From G1492,,
G2397,ἰδέα,New Testament,Greek,,From G1492,,
G2398,ἴδιος,New Testament,Greek,,ἴδιος,,
G2399,ἰδιώτης,New Testament,Greek,,From G2398,,
G2400,ἰδού,New Testament,Greek,,From G1492,,
G2401,Ἰδουμαία,New Testament,Greek,,From H123,,
G2402,ἱδρώς,New Testament,Greek,,ἱδρώς,,
G2403,Ἰεζαβήλ,New Testament,Greek,,From H348,,
G2404,Ἱεράπολις,New Testament,Greek,,From G2413+G4172,,
G2405,ἱερατεία,New Testament,Greek,,From G2407,,
G2406,ἱεράτευμα,New Testament,Greek,,From G2407,,
G2407,ἱερατεύω,New Testament,Greek,,From G2409,,
G2408,Ἱερεμίας,New Testament,Greek,,From H3414,,
G2409,ἱερεύς,New Testament,Greek,,From G2413,పూజారి,
G2410,Ἱεριχώ,New Testament,Greek,,From H3405,,
G2411,ἱερόν,New Testament,Greek,,From G2413,దేవాలయం,
G2412,ἱεροπρεπής,New Testament,Greek,,From G2413+G4241,,
G2413,ἱερός,New Testament,Greek,,ἱερός,,
G2414,Ἱεροσόλυμα,New Testament,Greek,,From H3389,,
G2415,Ἱεροσολυμίτης,New Testament,Greek,,From G2414,,
G2416,ἱεροσυλέω,New Testament,Greek,,From G2417,,
G2417,ἱερόσυλος,New Testament,Greek,,From G2411+G4813,,
G2418,ἱερουργέω,New Testament,Greek,,From G2411+G2041,,
G2419,Ἱερουσαλήμ,New Testament,Greek,,From H3389,,
G2420,ἱερωσύνη,New Testament,Greek,,From G2413,,
G2421,Ἰεσσαί,New Testament,Greek,,From H3448,,
G2422,Ἰεφθάε,New Testament,Greek,,From H3316,,
G2423,Ἰεχονίας,New Testament,Greek,,From H3204,,
G2424,Ἰησοῦς,New Testament,Greek,,From H3091,"యేసు, రక్షకుడు",
G2425,ἱκανός,New Testament,Greek,,From G2240,,
G2426,ἱκανότης,New Testament,Greek,,From G2425,,
G2427,ἱκανόω,New Testament,Greek,,From G2425,,
G2428,ἱκετηρία,New Testament,Greek,,From G2425,,
G2429,ἱκμάς,New Testament,Greek,,ἱκμάς,,
G2430,Ἰκόνιον,New Testament,Greek,,From G1504,,
G2431,ἱλαρός,New Testament,Greek,,From G2436,,
G2432,ἱλαρότης,New Testament,Greek,,From G2431,,
G2433,ἱλάσκομαι,New Testament,Greek,,From G2436,,
G2434,ἱλασμός,New Testament,Greek,,ἱλασμός,,
G2435,ἱλαστήριον,New Testament,Greek,,From G2433,,
G2436,ἵλεως,New Testament,Greek,,From G138,,
G2437,Ἰλλυρικόν,New Testament,Greek,,Ἰλλυρικόν,,
G2438,ἱμάς,New Testament,Greek,,From G260,,
G2439,ἱματίζω,New Testament,Greek,,From G2440,,
G2440,ἱμάτιον,New Testament,Greek,,ἱμάτιον,,
G2441,ἱματισμός,New Testament,Greek,,From G2439,,
G2442,ἱμείρομαι,New Testament,Greek,,ἱμείρομαι,,
G2443,ἵνα,New Testament,Greek,,From G1438+G3588,,
G2444,ἱνατί,New Testament,Greek,,From G2443+G5101,,
G2445,Ἰόππη,New Testament,Greek,,From H3305,,
G2446,Ἰορδάνης,New Testament,Greek,,From H3383,,
G2447,ἰός,New Testament,Greek,,ἰός,,
G2448,Ἰουδά,New Testament,Greek,,From H3063+H3194,,
G2449,Ἰουδαία,New Testament,Greek,,From G2453+G1093,,
G2450,Ἰουδαΐζω,New Testament,Greek,,From G2453,,
G2451,Ἰουδαϊκός,New Testament,Greek,,From G2453,,
G2452,Ἰουδαϊκῶς,New Testament,Greek,,From G2451,,
G2453,Ἰουδαῖος,New Testament,Greek,,From G2448+G2455,,
G2454,Ἰουδαϊσμός,New Testament,Greek,,From G2450,,
G2455,Ἰούδας,New Testament,Greek,,From H3063,,
G2456,Ἰουλία,New Testament,Greek,,From G2457,,
G2457,Ἰούλιος,New Testament,Greek,,Ἰούλιος,,
G2458,Ἰουνιᾶς,New Testament,Greek,,Ἰουνιᾶς,,
G2459,Ἰοῦστος,New Testament,Greek,,Ἰοῦστος,,
G2460,ἱππεύς,New Testament,Greek,,From G2462,,
G2461,ἱππικόν,New Testament,Greek,,From G2462,,
G2462,ἵππος,New Testament,Greek,,ἵππος,,
G2463,ἶρις,New Testament,Greek,,From G2046,,
G2464,Ἰσαάκ,New Testament,Greek,,From H3327,,
G2465,ἰσάγγελος,New Testament,Greek,,From G2470+G32,,
G2466,Ἰσαχάρ,New Testament,Greek,,From H3485,,
G2467,ἴσημι,New Testament,Greek,,From G1492,,
G2468,ἴσθι,New Testament,Greek,,From G1510,,
G2469,Ἰσκαριώτης,New Testament,Greek,,From H377+H7149,,
G2470,ἴσος,New Testament,Greek,,From G1492,,
G2471,ἰσότης,New Testament,Greek,,ἰσότης,,
G2472,ἰσότιμος,New Testament,Greek,,From G2470+G5092,,
G2473,ἰσόψυχος,New Testament,Greek,,From G2470+G5590,,
G2474,Ἰσραήλ,New Testament,Greek,,From H3478,,
G2475,Ἰσραηλίτης,New Testament,Greek,,From G2474,,
G2476,ἵστημι,New Testament,Greek,,ἵστημι,,
G2477,ἱστορέω,New Testament,Greek,,From G1492,,
G2478,ἰσχυρός,New Testament,Greek,,From G2479,,
G2479,ἰσχύς,New Testament,Greek,,ἰσχύς,,
G2480,ἰσχύω,New Testament,Greek,,From G2479,,
G2481,ἴσως,New Testament,Greek,,From G2470,,
G2482,Ἰταλία,New Testament,Greek,,Ἰταλία,,
G2483,Ἰταλικός,New Testament,Greek,,From G2482,,
G2484,Ἰτουραΐα,New Testament,Greek,,From H3195,,
G2485,ἰχθύδιον,New Testament,Greek,,From G2486,,
G2486,ἰχθύς,New Testament,Greek,,ἰχθύς,,
G2487,ἴχνος,New Testament,Greek,,From G2240,,
G2488,Ἰωάθαμ,New Testament,Greek,,From H3147,,
G2489,Ἰωάννα,New Testament,Greek,,From G2491,,
G2490,Ἰωαννᾶς,New Testament,Greek,,From G2491,,
G2491,Ἰωάννης,New Testament,Greek,,From H3110,,
G2492,Ἰώβ,New Testament,Greek,,From H347,,
G2493,Ἰωήλ,New Testament,Greek,,From H3100,,
G2494,Ἰωνάν,New Testament,Greek,,From G2491+G2495,,
G2495,Ἰωνᾶς,New Testament,Greek,,From H3124,,
G2496,Ἰωράμ,New Testament,Greek,,From H3141,,
G2497,Ἰωρείμ,New Testament,Greek,,From G2496,,
G2498,Ἰωσαφάτ,New Testament,Greek,,From H3092,,
G2499,Ἰωσή,New Testament,Greek,,From G2500,,
G2500,Ἰωσῆς,New Testament,Greek,,From G2501,,
G2501,Ἰωσήφ,New Testament,Greek,,From H3130,,
G2502,Ἰωσίας,New Testament,Greek,,From H2977,,
G2503,ἰῶτα,New Testament,Greek,,ἰῶτα,,
G2504,κἀγώ,New Testament,Greek,,From G2532+G1473,,
G2505,καθά,New Testament,Greek,,From G2596+G3739,,
G2506,καθαίρεσις,New Testament,Greek,,From G2507,,
G2507,καθαιρέω,New Testament,Greek,,From G2596+G138,,
G2508,καθαίρω,New Testament,Greek,,From G2513,,
G2509,καθάπερ,New Testament,Greek,,From G2505+G4007,,
G2510,καθάπτω,New Testament,Greek,,From G2596+G680,,
G2511,καθαρίζω,New Testament,Greek,,From G2513,,
G2512,καθαρισμός,New Testament,Greek,,From G2511,,
G2513,καθαρός,New Testament,Greek,,καθαρός,,
G2514,καθαρότης,New Testament,Greek,,From G2513,,
G2515,καθέδρα,New Testament,Greek,,From G2596+G1476,,
G2516,καθέζομαι,New Testament,Greek,,From G2596+G1476,,
G2517,καθεξῆς,New Testament,Greek,,From G2596+G1836,,
G2518,καθεύδω,New Testament,Greek,,From G2596,,
G2519,καθηγητής,New Testament,Greek,,From G2596+G2233,,
G2520,καθήκω,New Testament,Greek,,From G2596+G2240,,
G2521,κάθημαι,New Testament,Greek,,From G2596,,
G2522,καθημερινός,New Testament,Greek,,From G2596+G2250,,
G2523,καθίζω,New Testament,Greek,,From G2516,,
G2524,καθίημι,New Testament,Greek,,From G2596,,
G2525,καθίστημι,New Testament,Greek,,From G2596+G2476,,
G2526,καθό,New Testament,Greek,,From G2596+G3739,,
G2527,καθόλου,New Testament,Greek,,From G2596+G3650,,
G2528,καθοπλίζω,New Testament,Greek,,From G2596,,
G2529,καθοράω,New Testament,Greek,,From G2596+G3708,,
G2530,καθότι,New Testament,Greek,,From G2596,,
G2531,καθώς,New Testament,Greek,,From G2596+G5613,,
G2532,καί,New Testament,Greek,,καί,,
G2533,Καϊάφας,New Testament,Greek,,Καϊάφας,,
G2534,καίγε,New Testament,Greek,,From G2532+G1065,,
G2535,Κάϊν,New Testament,Greek,,From H7014,,
G2536,Καϊνάν,New Testament,Greek,,From H7018,,
G2537,καινός,New Testament,Greek,,καινός,,
G2538,καινότης,New Testament,Greek,,From G2537,,
G2539,καίπερ,New Testament,Greek,,From G2532+G4007,,
G2540,καιρός,New Testament,Greek,,καιρός,"సమయం, సీజన్",
G2541,Καῖσαρ,New Testament,Greek,,Καῖσαρ,,
G2542,Καισάρεια,New Testament,Greek,,From G2541,,
G2543,καίτοι,New Testament,Greek,,From G2532+G5104,,
G2544,καίτοιγε,New Testament,Greek,,From G2543+G1065,,
G2545,καίω,New Testament,Greek,,καίω,,
G2546,κἀκεῖ,New Testament,Greek,,From G2532+G1563,,
G2547,κἀκεῖθεν,New Testament,Greek,,From G2532+G1564,,
G2548,κἀκεῖνος,New Testament,Greek,,From G2532+G1565,,
G2549,κακία,New Testament,Greek,,From G2556,,
G2550,κακοήθεια,New Testament,Greek,,From G2556+G2239,,
G2551,κακολογέω,New Testament,Greek,,From G2556+G3056,,
G2552,κακοπάθεια,New Testament,Greek,,From G2556+G3806,,
G2553,κακοπαθέω,New Testament,Greek,,From G2552,,
G2554,κακοποιέω,New Testament,Greek,,From G2555,,
G2555,κακοποιός,New Testament,Greek,,From G2556+G4160,,
G2556,κακός,New Testament,Greek,,κακός,,
G2557,κακοῦργος,New Testament,Greek,,From G2556+G2041,,
G2558,κακουχέω,New Testament,Greek,,From G2556+G2192,,
G2559,κακόω,New Testament,Greek,,From G2556,,
G2560,κακῶς,New Testament,Greek,,From G2556,,
G2561,κάκωσις,New Testament,Greek,,From G2559,,
G2562,καλάμη,New Testament,Greek,,From G2563,,
G2563,κάλαμος,New Testament,Greek,,κάλαμος,,
G2564,καλέω,New Testament,Greek,,From G2753,,
G2565,καλλιέλαιος,New Testament,Greek,,From G2566+G1636,,
G2566,καλλίον,New Testament,Greek,,From G2570,,
G2567,καλοδιδάσκαλος,New Testament,Greek,,From G2570+G1320,,
G2568,Καλοὶ Λιμένες,New Testament,Greek,,From G2570+G3040,,
G2569,καλοποιέω,New Testament,Greek,,From G2570+G4160,,
G2570,καλός,New Testament,Greek,,καλός,,
G2571,κάλυμα,New Testament,Greek,,From G2572,,
G2572,καλύπτω,New Testament,Greek,,From G2813+G2928,,
G2573,καλῶς,New Testament,Greek,,From G2570,,
G2574,κάμηλος,New Testament,Greek,,From H1581,,
G2575,κάμινος,New Testament,Greek,,From G2545,,
G2576,καμμύω,New Testament,Greek,,From G2596+G3466,,
G2577,κάμνω,New Testament,Greek,,κάμνω,,
G2578,κάμπτω,New Testament,Greek,,κάμπτω,,
G2579,κἄν,New Testament,Greek,,From G2532+G1437,,
G2580,Κανᾶ,New Testament,Greek,,From H7071,,
G2581,Κανανίτης,New Testament,Greek,,From H7067,,
G2582,Κανδάκη,New Testament,Greek,,Κανδάκη,,
G2583,κανών,New Testament,Greek,,κανών,,
G2584,Καπερναούμ,New Testament,Greek,,From H3723+H5151,,
G2585,καπηλεύω,New Testament,Greek,,καπηλεύω,,
G2586,καπνός,New Testament,Greek,,καπνός,,
G2587,Καππαδοκία,New Testament,Greek,,Καππαδοκία,,
G2588,καρδία,New Testament,Greek,,καρδία,గుండె,
G2589,καρδιογνώστης,New Testament,Greek,,From G2588+G1097,,
G2590,καρπός,New Testament,Greek,,From G726,,
G2591,Κάρπος,New Testament,Greek,,From G2590,,
G2592,καρποφορέω,New Testament,Greek,,From G2593,,
G2593,καρποφόρος,New Testament,Greek,,From G2590+G5342,,
G2594,καρτερέω,New Testament,Greek,,From G2904,,
G2595,κάρφος,New Testament,Greek,,κάρφος,,
G2596,κατά,New Testament,Greek,,κατά,,
G2597,καταβαίνω,New Testament,Greek,,From G2596+G939,,
G2598,καταβάλλω,New Testament,Greek,,From G2596+G906,,
G2599,καταβαρέω,New Testament,Greek,,From G2596+G916,,
G2600,κατάβασις,New Testament,Greek,,From G2597,,
G2601,καταβιβάζω,New Testament,Greek,,From G2596+G939,,
G2602,καταβολή,New Testament,Greek,,From G2598,,
G2603,καταβραβεύω,New Testament,Greek,,From G2596+G1018,,
G2604,καταγγελεύς,New Testament,Greek,,From G2605,,
G2605,καταγγέλλω,New Testament,Greek,,From G2596+G32,,
G2606,καταγελάω,New Testament,Greek,,καταγελάω,,
G2607,καταγινώσκω,New Testament,Greek,,From G2596+G1097,,
G2608,κατάγνυμι,New Testament,Greek,,From G2596+G4486,,
G2609,κατάγω,New Testament,Greek,,From G2596+G71,,
G2610,καταγωνίζομαι,New Testament,Greek,,From G2596+G75,,
G2611,καταδέω,New Testament,Greek,,From G2596+G1210,,
G2612,κατάδηλος,New Testament,Greek,,From G2596+G1212,,
G2613,καταδικάζω,New Testament,Greek,,From G2596+G1349,,
G2614,καταδιώκω,New Testament,Greek,,From G2596+G1377,,
G2615,καταδουλόω,New Testament,Greek,,From G2596+G1402,,
G2616,καταδυναστεύω,New Testament,Greek,,From G2596+G1413,,
G2617,καταισχύνω,New Testament,Greek,,From G2596+G153,,
G2618,κατακαίω,New Testament,Greek,,From G2596+G2545,,
G2619,κατακαλύπτω,New Testament,Greek,,From G2596+G2572,,
G2620,κατακαυχάομαι,New Testament,Greek,,From G2596+G2744,,
G2621,κατάκειμαι,New Testament,Greek,,From G2596+G2749,,
G2622,κατακλάω,New Testament,Greek,,From G2596+G2806,,
G2623,κατακλείω,New Testament,Greek,,From G2596+G2808,,
G2624,κατακληροδοτέω,New Testament,Greek,,From G2596+G2819+G1325,,
G2625,κατακλίνω,New Testament,Greek,,From G2596+G2827,,
G2626,κατακλύζω,New Testament,Greek,,From G2596+G2830,,
G2627,κατακλυσμός,New Testament,Greek,,From G2626,,
G2628,κατακολουθέω,New Testament,Greek,,From G2596+G190,,
G2629,κατακόπτω,New Testament,Greek,,From G2596+G2875,,
G2630,κατακρημνίζω,New Testament,Greek,,From G2596+G2911,,
G2631,κατάκριμα,New Testament,Greek,,From G2632,,
G2632,κατακρίνω,New Testament,Greek,,From G2596+G2919,,
G2633,κατάκρισις,New Testament,Greek,,From G2632,,
G2634,κατακυριεύω,New Testament,Greek,,From G2596+G2961,,
G2635,καταλαλέω,New Testament,Greek,,From G2637,,
G2636,καταλαλία,New Testament,Greek,,From G2637,,
G2637,κατάλαλος,New Testament,Greek,,From G2596+G2980,,
G2638,καταλαμβάνω,New Testament,Greek,,From G2596+G2983,,
G2639,καταλέγω,New Testament,Greek,,From G2596+G3004,,
G2640,κατάλειμμα,New Testament,Greek,,From G2641,,
G2641,καταλείπω,New Testament,Greek,,From G2596+G3007,,
G2642,καταλιθάζω,New Testament,Greek,,From G2596+G3034,,
G2643,καταλλαγή,New Testament,Greek,,From G2644,,
G2644,καταλλάσσω,New Testament,Greek,,From G2596+G236,,
G2645,κατάλοιπος,New Testament,Greek,,From G2596+G3062,,
G2646,κατάλυμα,New Testament,Greek,,From G2647,,
G2647,καταλύω,New Testament,Greek,,From G2596+G3089,,
G2648,καταμανθάνω,New Testament,Greek,,From G2596+G3129,,
G2649,καταμαρτυρέω,New Testament,Greek,,From G2596+G3140,,
G2650,καταμένω,New Testament,Greek,,From G2596+G3306,,
G2651,καταμόνας,New Testament,Greek,,From G2596+G3441+G5561,,
G2652,κατανάθεμα,New Testament,Greek,,From G2596+G331,,
G2653,καταναθεματίζω,New Testament,Greek,,From G2596+G332,,
G2654,καταναλίσκω,New Testament,Greek,,From G2596+G355,,
G2655,καταναρκάω,New Testament,Greek,,From G2596,,
G2656,κατανεύω,New Testament,Greek,,From G2596+G3506,,
G2657,κατανοέω,New Testament,Greek,,From G2596+G3539,,
G2658,καταντάω,New Testament,Greek,,From G2596+G473,,
G2659,κατάνυξις,New Testament,Greek,,From G2660,,
G2660,κατανύσσω,New Testament,Greek,,From G2596+G3572,,
G2661,καταξιόω,New Testament,Greek,,From G2596+G515,,
G2662,καταπατέω,New Testament,Greek,,From G2596+G3961,,
G2663,κατάπαυσις,New Testament,Greek,,From G2664,,
G2664,καταπαύω,New Testament,Greek,,From G2596+G3973,,
G2665,καταπέτασμα,New Testament,Greek,,From G2596+G4072,,
G2666,καταπίνω,New Testament,Greek,,From G2596+G4095,,
G2667,καταπίπτω,New Testament,Greek,,From G2596+G4098,,
G2668,καταπλέω,New Testament,Greek,,From G2596+G4126,,
G2669,καταπονέω,New Testament,Greek,,From G2596+G4192,,
G2670,καταποντίζω,New Testament,Greek,,From G2596+G4195,,
G2671,κατάρα,New Testament,Greek,,From G2596+G685,,
G2672,καταράομαι,New Testament,Greek,,From G2671,,
G2673,καταργέω,New Testament,Greek,,From G2596+G691,,
G2674,καταριθμέω,New Testament,Greek,,From G2596+G705,,
G2675,καταρτίζω,New Testament,Greek,,From G2596+G739,,
G2676,κατάρτισις,New Testament,Greek,,From G2675,,
G2677,καταρτισμός,New Testament,Greek,,From G2675,,
G2678,κατασείω,New Testament,Greek,,From G2596+G4579,,
G2679,κατασκάπτω,New Testament,Greek,,From G2596+G4626,,
G2680,κατασκευάζω,New Testament,Greek,,From G2596+G4632,,
G2681,κατασκηνόω,New Testament,Greek,,From G2596+G4637,,
G2682,κατασκήνωσις,New Testament,Greek,,From G2681,,
G2683,κατασκιάζω,New Testament,Greek,,From G2596+G4639,,
G2684,κατασκοπέω,New Testament,Greek,,From G2685,,
G2685,κατάσκοπος,New Testament,Greek,,From G2596+G4649,,
G2686,κατασοφίζομαι,New Testament,Greek,,From G2596+G4679,,
G2687,καταστέλλω,New Testament,Greek,,From G2596+G4724,,
G2688,κατάστημα,New Testament,Greek,,From G2525,,
G2689,καταστολή,New Testament,Greek,,From G2687,,
G2690,καταστρέφω,New Testament,Greek,,From G2596+G4762,,
G2691,καταστρηνιάω,New Testament,Greek,,From G2596+G4763,,
G2692,καταστροφή,New Testament,Greek,,From G2690,,
G2693,καταστρώννυμι,New Testament,Greek,,From G2596+G4766,,
G2694,κατασύρω,New Testament,Greek,,From G2596+G4951,,
G2695,κατασφάττω,New Testament,Greek,,From G2596+G4969,,
G2696,κατασφραγίζω,New Testament,Greek,,From G2596+G4972,,
G2697,κατάσχεσις,New Testament,Greek,,From G2722,,
G2698,κατατίθημι,New Testament,Greek,,From G2596+G5087,,
G2699,κατατομή,New Testament,Greek,,From G2596,,
G2700,κατατοξεύω,New Testament,Greek,,From G2596+G5115,,
G2701,κατατρέχω,New Testament,Greek,,From G2596+G5143,,
G2702,καταφέρω,New Testament,Greek,,From G2596+G5342,,
G2703,καταφεύγω,New Testament,Greek,,From G2596+G5343,,
G2704,καταφθείρω,New Testament,Greek,,From G2596+G5351,,
G2705,καταφιλέω,New Testament,Greek,,καταφιλέω,,
G2706,καταφρονέω,New Testament,Greek,,From G2596+G5426,,
G2707,καταφροντής,New Testament,Greek,,From G2706,,
G2708,καταχέω,New Testament,Greek,,From G2596,,
G2709,καταχθόνιος,New Testament,Greek,,From G2596,,
G2710,καταχράομαι,New Testament,Greek,,From G2596+G5530,,
G2711,καταψύχω,New Testament,Greek,,From G2596+G5594,,
G2712,κατείδωλος,New Testament,Greek,,From G2596+G1497,,
G2713,κατέναντι,New Testament,Greek,,From G2596+G1725,,
G2714,κατενώπιον,New Testament,Greek,,From G2596+G1799,,
G2715,κατεξουσιάζω,New Testament,Greek,,From G2596+G1850,,
G2716,κατεργάζομαι,New Testament,Greek,,From G2596+G2038,,
G2718,κατέρχομαι,New Testament,Greek,,From G2596+G2064,,
G2719,κατεσθίω,New Testament,Greek,,From G2596+G2068,,
G2720,κατευθύνω,New Testament,Greek,,From G2596+G2116,,
G2721,κατεφίστημι,New Testament,Greek,,From G2596+G2186,,
G2722,κατέχω,New Testament,Greek,,From G2596+G2192,,
G2723,κατηγορέω,New Testament,Greek,,From G2725,,
G2724,κατηγορία,New Testament,Greek,,From G2725,,
G2725,κατήγορος,New Testament,Greek,,From G2596+G58,,
G2726,κατήφεια,New Testament,Greek,,From G2596+G5316,,
G2727,κατηχέω,New Testament,Greek,,From G2596+G2279,,
G2728,κατιόω,New Testament,Greek,,From G2596+G2447,,
G2729,κατισχύω,New Testament,Greek,,From G2596+G2480,,
G2730,κατοικέω,New Testament,Greek,,From G2596+G3611,,
G2731,κατοίκησις,New Testament,Greek,,From G2730,,
G2732,κατοικητήριον,New Testament,Greek,,From G2730,,
G2733,κατοικία,New Testament,Greek,,κατοικία,,
G2734,κατοπτρίζομαι,New Testament,Greek,,From G2596+G3700+G2072,,
G2735,κατόρθωμα,New Testament,Greek,,From G2596+G3717+G1357,,
G2736,κατωτέρω,New Testament,Greek,,From G2737+G2596,,
G2737,κατώτερος,New Testament,Greek,,From G2736,,
G2738,καῦμα,New Testament,Greek,,From G2545,,
G2739,καυματίζω,New Testament,Greek,,From G2738,,
G2740,καῦσις,New Testament,Greek,,From G2545,,
G2741,καυσόω,New Testament,Greek,,From G2740,,
G2742,καύσων,New Testament,Greek,,From G2741,,
G2743,καυτηριάζω,New Testament,Greek,,From G2545,,
G2744,καυχάομαι,New Testament,Greek,,From G2172,,
G2745,καύχημα,New Testament,Greek,,From G2744,,
G2746,καύχησις,New Testament,Greek,,From G2744,,
G2747,Κεγχρεαί,New Testament,Greek,,Κεγχρεαί,,
G2748,Κεδρών,New Testament,Greek,,From H6939,,
G2749,κεῖμαι,New Testament,Greek,,κεῖμαι,,
G2750,κειρία,New Testament,Greek,,κειρία,,
G2751,κείρω,New Testament,Greek,,κείρω,,
G2752,κέλευμα,New Testament,Greek,,From G2753,,
G2753,κελεύω,New Testament,Greek,,κελεύω,,
G2754,κενοδοξία,New Testament,Greek,,From G2755,,
G2755,κενόδοξος,New Testament,Greek,,From G2756+G1391,,
G2756,κενός,New Testament,Greek,,κενός,,
G2757,κενοφωνία,New Testament,Greek,,From G2756+G5456,,
G2758,κενόω,New Testament,Greek,,From G2756,,
G2759,κέντρον,New Testament,Greek,,κέντρον,,
G2760,κεντυρίων,New Testament,Greek,,κεντυρίων,,
G2761,κενῶς,New Testament,Greek,,From G2756,,
G2762,κεραία,New Testament,Greek,,From G2768,,
G2763,κεραμεύς,New Testament,Greek,,From G2766,,
G2764,κεραμικός,New Testament,Greek,,From G2766,,
G2765,κεράμιον,New Testament,Greek,,From G2766,,
G2766,κέραμος,New Testament,Greek,,From G2767,,
G2767,κεράννυμι,New Testament,Greek,,κεράννυμι,,
G2768,κέρας,New Testament,Greek,,κέρας,,
G2769,κεράτιον,New Testament,Greek,,From G2768,,
G2770,κερδαίνω,New Testament,Greek,,From G2771,,
G2771,κέρδος,New Testament,Greek,,κέρδος,,
G2772,κέρμα,New Testament,Greek,,From G2751,,
G2773,κερματιστής,New Testament,Greek,,From G2772,,
G2774,κεφάλαιον,New Testament,Greek,,From G2776,,
G2775,κεφαλαιόω,New Testament,Greek,,From G2774,,
G2776,κεφαλή,New Testament,Greek,,κεφαλή,,
G2777,κεφαλίς,New Testament,Greek,,From G2776,,
G2778,κῆνσος,New Testament,Greek,,κῆνσος,,
G2779,κῆπος,New Testament,Greek,,κῆπος,,
G2780,κηπουρός,New Testament,Greek,,From G2779,,
G2781,κηρίον,New Testament,Greek,,κηρίον,,
G2782,κήρυγμα,New Testament,Greek,,From G2784,,
G2783,κῆρυξ,New Testament,Greek,,From G2784,,
G2784,κηρύσσω,New Testament,Greek,,κηρύσσω,,
G2785,κῆτος,New Testament,Greek,,From G5490,,
G2786,Κηφᾶς,New Testament,Greek,,From H3710,,
G2787,κιβωτός,New Testament,Greek,,κιβωτός,,
G2788,κιθάρα,New Testament,Greek,,κιθάρα,,
G2789,κιθαρίζω,New Testament,Greek,,From G2788,,
G2790,κιθαρῳδός,New Testament,Greek,,From G2788+G5603,,
G2791,Κιλικία,New Testament,Greek,,Κιλικία,,
G2792,κινάμωμον,New Testament,Greek,,From H7076,,
G2793,κινδυνεύω,New Testament,Greek,,From G2794,,
G2794,κίνδυνος,New Testament,Greek,,κίνδυνος,,
G2795,κινέω,New Testament,Greek,,κινέω,,
G2796,κίνησις,New Testament,Greek,,From G2795,,
G2797,Κίς,New Testament,Greek,,From H7027,,
G2798,κλάδος,New Testament,Greek,,From G2806,,
G2799,κλαίω,New Testament,Greek,,κλαίω,,
G2800,κλάσις,New Testament,Greek,,From G2806,,
G2801,κλάσμα,New Testament,Greek,,From G2806,,
G2802,Κλαύδη,New Testament,Greek,,Κλαύδη,,
G2803,Κλαυδία,New Testament,Greek,,From G2804,,
G2804,Κλαύδιος,New Testament,Greek,,Κλαύδιος,,
G2805,κλαυθμός,New Testament,Greek,,From G2799,,
G2806,κλάω,New Testament,Greek,,κλάω,,
G2807,κλείς,New Testament,Greek,,From G2808,,
G2808,κλείω,New Testament,Greek,,κλείω,,
G2809,κλέμμα,New Testament,Greek,,From G2813,,
G2810,Κλεόπας,New Testament,Greek,,From G2811+G3962,,
G2811,κλέος,New Testament,Greek,,From G2564,,
G2812,κλέπτης,New Testament,Greek,,From G2813,,
G2813,κλέπτω,New Testament,Greek,,κλέπτω,,
G2814,κλῆμα,New Testament,Greek,,From G2806,,
G2815,Κλήμης,New Testament,Greek,,Κλήμης,,
G2816,κληρονομέω,New Testament,Greek,,From G2818,,
G2817,κληρονομία,New Testament,Greek,,From G2818,,
G2818,κληρονόμος,New Testament,Greek,,From G2819+G3551,,
G2819,κλῆρος,New Testament,Greek,,From G2806,,
G2820,κληρόω,New Testament,Greek,,From G2819,,
G2821,κλῆσις,New Testament,Greek,,From G2564,,
G2822,κλητός,New Testament,Greek,,From G2821,,
G2823,κλίβανος,New Testament,Greek,,κλίβανος,,
G2824,κλίμα,New Testament,Greek,,From G2827,,
G2825,κλίνη,New Testament,Greek,,From G2827,,
G2826,κλινίδιον,New Testament,Greek,,From G2825,,
G2827,κλίνω,New Testament,Greek,,κλίνω,,
G2828,κλισία,New Testament,Greek,,From G2827,,
G2829,κλοπή,New Testament,Greek,,From G2813,,
G2830,κλύδων,New Testament,Greek,,κλύδων,,
G2831,κλυδωνίζομαι,New Testament,Greek,,From G2830,,
G2832,Κλωπᾶς,New Testament,Greek,,From H256,,
G2833,κνήθω,New Testament,Greek,,κνήθω,,
G2834,Κνίδος,New Testament,Greek,,Κνίδος,,
G2835,κοδράντης,New Testament,Greek,,κοδράντης,,
G2836,κοιλία,New Testament,Greek,,κοιλία,,
G2837,κοιμάω,New Testament,Greek,,From G2749,,
G2838,κοίμησις,New Testament,Greek,,From G2837,,
G2839,κοινός,New Testament,Greek,,From G4862,,
G2840,κοινόω,New Testament,Greek,,From G2839,,
G2841,κοινωνέω,New Testament,Greek,,From G2844,,
G2842,κοινωνία,New Testament,Greek,,From G2844,,
G2843,κοινωνικός,New Testament,Greek,,From G2844,,
G2844,κοινωνός,New Testament,Greek,,From G2839,,
G2845,κοίτη,New Testament,Greek,,From G2749,,
G2846,κοιτών,New Testament,Greek,,From G2845,,
G2847,κόκκινος,New Testament,Greek,,From G2848,,
G2848,κόκκος,New Testament,Greek,,κόκκος,,
G2849,κολάζω,New Testament,Greek,,κολάζω,,
G2850,κολακεία,New Testament,Greek,,κολακεία,,
G2851,κόλασις,New Testament,Greek,,From G2849,,
G2852,κολαφίζω,New Testament,Greek,,From G2849,,
G2853,κολλάω,New Testament,Greek,,κολλάω,,
G2854,κολλούριον,New Testament,Greek,,From G2853,,
G2855,κολλυβιστής,New Testament,Greek,,From G2854,,
G2856,κολοβόω,New Testament,Greek,,From G2849,,
G2857,Κολοσσαί,New Testament,Greek,,Κολοσσαί,,
G2858,Κολοσσαεύς,New Testament,Greek,,From G2857,,
G2859,κόλπος,New Testament,Greek,,κόλπος,,
G2860,κολυμβάω,New Testament,Greek,,κολυμβάω,,
G2861,κολυμβήθρα,New Testament,Greek,,From G2860,,
G2862,κολωνία,New Testament,Greek,,κολωνία,,
G2863,κομάω,New Testament,Greek,,From G2864,,
G2864,κόμη,New Testament,Greek,,From G2865,,
G2865,κομίζω,New Testament,Greek,,κομίζω,,
G2866,κομψότερον,New Testament,Greek,,κομψότερον,,
G2867,κονιάω,New Testament,Greek,,κονιάω,,
G2868,κονιορτός,New Testament,Greek,,From G2867,,
G2869,κοπάζω,New Testament,Greek,,From G2873,,
G2870,κοπετός,New Testament,Greek,,From G2875,,
G2871,κοπή,New Testament,Greek,,From G2875,,
G2872,κοπιάω,New Testament,Greek,,From G2873,,
G2873,κόπος,New Testament,Greek,,From G2875,,
G2874,κοπρία,New Testament,Greek,,From G2875,,
G2875,κόπτω,New Testament,Greek,,κόπτω,,
G2876,κόραξ,New Testament,Greek,,From G2880,,
G2877,κοράσιον,New Testament,Greek,,κοράσιον,,
G2878,κορβανᾶς,New Testament,Greek,,From H7133,,
G2879,Κορέ,New Testament,Greek,,From H7141,,
G2880,κορέννυμι,New Testament,Greek,,κορέννυμι,,
G2881,Κορίνθιος,New Testament,Greek,,From G2882,,
G2882,Κόρινθος,New Testament,Greek,,Κόρινθος,,
G2883,Κορνήλιος,New Testament,Greek,,Κορνήλιος,,
G2884,κόρος,New Testament,Greek,,From H3734,,
G2885,κοσμέω,New Testament,Greek,,From G2889,,
G2886,κοσμικός,New Testament,Greek,,From G2889,,
G2887,κόσμιος,New Testament,Greek,,From G2889,,
G2888,κοσμοκράτωρ,New Testament,Greek,,From G2889+G2902,,
G2889,κόσμος,New Testament,Greek,,From G2865,"ప్రపంచం, విశ్వం",
G2890,Κούαρτος,New Testament,Greek,,Κούαρτος,,
G2891,κοῦμι,New Testament,Greek,,From H6966,,
G2892,κουστωδία,New Testament,Greek,,κουστωδία,,
G2893,κουφίζω,New Testament,Greek,,κουφίζω,,
G2894,κόφινος,New Testament,Greek,,κόφινος,,
G2895,κράββατος,New Testament,Greek,,κράββατος,,
G2896,κράζω,New Testament,Greek,,κράζω,,
G2897,κραιπάλη,New Testament,Greek,,From G726,,
G2898,κρανίον,New Testament,Greek,,From G2768,,
G2899,κράσπεδον,New Testament,Greek,,κράσπεδον,,
G2900,κραταιός,New Testament,Greek,,From G2904,,
G2901,κραταιόω,New Testament,Greek,,From G2900,,
G2902,κρατέω,New Testament,Greek,,From G2904,,
G2903,κράτιστος,New Testament,Greek,,From G2904,,
G2904,κράτος,New Testament,Greek,,κράτος,,
G2905,κραυγάζω,New Testament,Greek,,From G2906,,
G2906,κραυγή,New Testament,Greek,,From G2896,,
G2907,κρέας,New Testament,Greek,,κρέας,,
G2908,κρεῖσσον,New Testament,Greek,,From G2909,,
G2909,κρείττων,New Testament,Greek,,From G2904,,
G2910,κρεμάννυμι,New Testament,Greek,,κρεμάννυμι,,
G2911,κρημνός,New Testament,Greek,,From G2910,,
G2912,Κρής,New Testament,Greek,,From G2914,,
G2913,Κρήσκης,New Testament,Greek,,Κρήσκης,,
G2914,Κρήτη,New Testament,Greek,,Κρήτη,,
G2915,κριθή,New Testament,Greek,,κριθή,,
G2916,κρίθινος,New Testament,Greek,,From G2915,,
G2917,κρίμα,New Testament,Greek,,From G2919,,
G2918,κρίνον,New Testament,Greek,,κρίνον,,
G2919,κρίνω,New Testament,Greek,,κρίνω,,
G2920,κρίσις,New Testament,Greek,,κρίσις,,
G2921,Κρίσπος,New Testament,Greek,,Κρίσπος,,
G2922,κριτήριον,New Testament,Greek,,From G2923,,
G2923,κριτής,New Testament,Greek,,From G2919,,
G2924,κριτικός,New Testament,Greek,,From G2923,,
G2925,κρούω,New Testament,Greek,,κρούω,,
G2926,κρύπτη,New Testament,Greek,,From G2927,,
G2927,κρυπτός,New Testament,Greek,,From G2928,,
G2928,κρύπτω,New Testament,Greek,,κρύπτω,,
G2929,κρυσταλλίζω,New Testament,Greek,,From G2930,,
G2930,κρύσταλλος,New Testament,Greek,,κρύσταλλος,,
G2931,κρυφῆ,New Testament,Greek,,From G2928,,
G2932,κτάομαι,New Testament,Greek,,κτάομαι,,
G2933,κτῆμα,New Testament,Greek,,From G2932,,
G2934,κτῆνος,New Testament,Greek,,From G2932,,
G2935,κτήτωρ,New Testament,Greek,,From G2932,,
G2936,κτίζω,New Testament,Greek,,From G2932,,
G2937,κτίσις,New Testament,Greek,,From G2936,,
G2938,κτίσμα,New Testament,Greek,,From G2936,,
G2939,κτίστης,New Testament,Greek,,From G2936,,
G2940,κυβεία,New Testament,Greek,,κυβεία,,
G2941,κυβέρνησις,New Testament,Greek,,κυβέρνησις,,
G2942,κυβερνήτης,New Testament,Greek,,From G2941,,
G2943,κυκλόθεν,New Testament,Greek,,From G2945,,
G2944,κυκλόω,New Testament,Greek,,From G2945,,
G2945,κύκλῳ,New Testament,Greek,,From G2947,,
G2946,κύλισμα,New Testament,Greek,,From G2947,,
G2947,κυλιόω,New Testament,Greek,,From G2949+G2945+G1507,,
G2948,κυλλός,New Testament,Greek,,From G2947,,
G2949,κῦμα,New Testament,Greek,,κῦμα,,
G2950,κύμβαλον,New Testament,Greek,,From G2949,,
G2951,κύμινον,New Testament,Greek,,From H3646,,
G2952,κυνάριον,New Testament,Greek,,From G2965,,
G2953,Κύπριος,New Testament,Greek,,From G2954,,
G2954,Κύπρος,New Testament,Greek,,Κύπρος,,
G2955,κύπτω,New Testament,Greek,,From G2949,,
G2956,Κυρηναῖος,New Testament,Greek,,From G2957,,
G2957,Κυρήνη,New Testament,Greek,,Κυρήνη,,
G2958,Κυρήνιος,New Testament,Greek,,Κυρήνιος,,
G2959,Κυρία,New Testament,Greek,,From G2962,,
G2960,κυριακός,New Testament,Greek,,From G2962,,
G2961,κυριεύω,New Testament,Greek,,From G2962,,
G2962,κύριος,New Testament,Greek,,κύριος,"ప్రభువు, గురువు",
G2963,κυριότης,New Testament,Greek,,From G2962,,
G2964,κυρόω,New Testament,Greek,,From G2962,,
G2965,κύων,New Testament,Greek,,κύων,,
G2966,κῶλον,New Testament,Greek,,From G2849,,
G2967,κωλύω,New Testament,Greek,,From G2849,,
G2968,κώμη,New Testament,Greek,,From G2749,,
G2969,κωμόπολις,New Testament,Greek,,From G2968+G4172,,
G2970,κῶμος,New Testament,Greek,,From G2749,,
G2971,κώνωψ,New Testament,Greek,,From G2759+G3700,,
G2972,Κώς,New Testament,Greek,,Κώς,,
G2973,Κωσάμ,New Testament,Greek,,From H7081,,
G2974,κωφός,New Testament,Greek,,From G2875,,
G2975,λαγχάνω,New Testament,Greek,,λαγχάνω,,
G2976,Λάζαρος,New Testament,Greek,,From H499,,
G2977,λάθρα,New Testament,Greek,,From G2990,,
G2978,λαῖλαψ,New Testament,Greek,,λαῖλαψ,,
G2979,λακτίζω,New Testament,Greek,,λακτίζω,,
G2980,λαλέω,New Testament,Greek,,λαλέω,"మాట్లాడటానికి, మాట్లాడటానికి",
G2981,λαλιά,New Testament,Greek,,From G2980,,
G2982,λαμμᾶ,New Testament,Greek,,From H4100,,
G2983,λαμβάνω,New Testament,Greek,,From G1209,,
G2984,Λάμεχ,New Testament,Greek,,From H3929,,
G2985,λαμπάς,New Testament,Greek,,From G2989,,
G2986,λαμπρός,New Testament,Greek,,From G2985,,
G2987,λαμπρότης,New Testament,Greek,,From G2986,,
G2988,λαμπρῶς,New Testament,Greek,,From G2986,,
G2989,λάμπω,New Testament,Greek,,λάμπω,,
G2990,λανθάνω,New Testament,Greek,,λανθάνω,,
G2991,λαξευτός,New Testament,Greek,,From G3584,,
G2992,λαός,New Testament,Greek,,λαός,,
G2993,Λαοδίκεια,New Testament,Greek,,From G2992+G1349,,
G2994,Λαοδικεύς,New Testament,Greek,,From G2993,,
G2995,λάρυγξ,New Testament,Greek,,λάρυγξ,,
G2996,Λασαία,New Testament,Greek,,Λασαία,,
G2997,λάσχω,New Testament,Greek,,λάσχω,,
G2998,λατομέω,New Testament,Greek,,From G2991+G5114,,
G2999,λατρεία,New Testament,Greek,,From G3000,,
G3000,λατρεύω,New Testament,Greek,,λατρεύω,,
G3001,λάχανον,New Testament,Greek,,λάχανον,,
G3002,Λεββαῖος,New Testament,Greek,,Λεββαῖος,,
G3003,λεγεών,New Testament,Greek,,λεγεών,,
G3004,λέγω,New Testament,Greek,,λέγω,"చెప్పడానికి, మాట్లాడటానికి",
G3005,λεῖμμα,New Testament,Greek,,From G3007,,
G3006,λεῖος,New Testament,Greek,,λεῖος,,
G3007,λείπω,New Testament,Greek,,λείπω,,
G3008,λειτουργέω,New Testament,Greek,,From G3011,,
G3009,λειτουργία,New Testament,Greek,,From G3008,,
G3010,λειτουργικός,New Testament,Greek,,From G3008,,
G3011,λειτουργός,New Testament,Greek,,From G2992+G2041,,
G3012,λέντιον,New Testament,Greek,,λέντιον,,
G3013,λεπίς,New Testament,Greek,,λεπίς,,
G3014,λέπρα,New Testament,Greek,,From G3013,,
G3015,λεπρός,New Testament,Greek,,From G3014,,
G3016,λεπτόν,New Testament,Greek,,From G3013,,
G3017,Λευΐ,New Testament,Greek,,From H3878,,
G3018,Λευΐς,New Testament,Greek,,From G3017,,
G3019,Λευΐτης,New Testament,Greek,,From G3017,,
G3020,Λευϊτικός,New Testament,Greek,,From G3019,,
G3021,λευκαίνω,New Testament,Greek,,From G3022,,
G3022,λευκός,New Testament,Greek,,λευκός,,
G3023,λέων,New Testament,Greek,,λέων,,
G3024,λήθη,New Testament,Greek,,From G2990,,
G3025,ληνός,New Testament,Greek,,ληνός,,
G3026,λῆρος,New Testament,Greek,,λῆρος,,
G3027,λῃστής,New Testament,Greek,,λῃστής,,
G3028,λῆμψις,New Testament,Greek,,From G2983,,
G3029,λίαν,New Testament,Greek,,λίαν,,
G3030,λίβανος,New Testament,Greek,,From H3828,,
G3031,λιβανωτός,New Testament,Greek,,From G3030,,
G3032,Λιβερτῖνος,New Testament,Greek,,Λιβερτῖνος,,
G3033,Λιβύη,New Testament,Greek,,From G3047,,
G3034,λιθάζω,New Testament,Greek,,From G3037,,
G3035,λίθινος,New Testament,Greek,,From G3037,,
G3036,λιθοβολέω,New Testament,Greek,,From G3037+G906,,
G3037,λίθος,New Testament,Greek,,λίθος,,
G3038,λιθόστρωτος,New Testament,Greek,,From G3037+G4766,,
G3039,λικμάω,New Testament,Greek,,λικμάω,,
G3040,λιμήν,New Testament,Greek,,λιμήν,,
G3041,λίμνη,New Testament,Greek,,From G3040,,
G3042,λιμός,New Testament,Greek,,From G3007,,
G3043,λίνον,New Testament,Greek,,λίνον,,
G3044,Λίνος,New Testament,Greek,,From G3043,,
G3045,λιπαρός,New Testament,Greek,,λιπαρός,,
G3046,λίτρα,New Testament,Greek,,λίτρα,,
G3047,λίψ,New Testament,Greek,,λίψ,,
G3048,λογία,New Testament,Greek,,From G3056,,
G3049,λογίζομαι,New Testament,Greek,,From G3056,,
G3050,λογικός,New Testament,Greek,,From G3056,,
G3051,λόγιον,New Testament,Greek,,From G3052,,
G3052,λόγιος,New Testament,Greek,,From G3056,,
G3053,λογισμός,New Testament,Greek,,From G3049,,
G3054,λογομαχέω,New Testament,Greek,,From G3056+G3164,,
G3055,λογομαχία,New Testament,Greek,,From G3054,,
G3056,λόγος,New Testament,Greek,,From G3004,,
G3057,λόγχη,New Testament,Greek,,λόγχη,,
G3058,λοιδορέω,New Testament,Greek,,From G3060,,
G3059,λοιδορία,New Testament,Greek,,From G3060,,
G3060,λοίδορος,New Testament,Greek,,λοίδορος,,
G3061,λοιμός,New Testament,Greek,,λοιμός,,
G3062,λοιποί,New Testament,Greek,,From G3007,,
G3063,λοιπόν,New Testament,Greek,,From G3062,,
G3064,λοιποῦ,New Testament,Greek,,From G3062,,
G3065,Λουκᾶς,New Testament,Greek,,Λουκᾶς,,
G3066,Λούκιος,New Testament,Greek,,Λούκιος,,
G3067,λουτρόν,New Testament,Greek,,From G3068,,
G3068,λούω,New Testament,Greek,,λούω,,
G3069,Λύδδα,New Testament,Greek,,From H3850,,
G3070,Λυδία,New Testament,Greek,,Λυδία,,
G3071,Λυκαονία,New Testament,Greek,,From G3074,,
G3072,Λυκαονιστί,New Testament,Greek,,From G3071,,
G3073,Λυκία,New Testament,Greek,,From G3074,,
G3074,λύκος,New Testament,Greek,,From G3022,,
G3075,λυμαίνομαι,New Testament,Greek,,From G3089,,
G3076,λυπέω,New Testament,Greek,,From G3077,,
G3077,λύπη,New Testament,Greek,,λύπη,,
G3078,Λυσανίας,New Testament,Greek,,From G3080,,
G3079,Λυσίας,New Testament,Greek,,Λυσίας,,
G3080,λύσις,New Testament,Greek,,From G3089,,
G3081,λυσιτελεῖ,New Testament,Greek,,From G3080+G5056,,
G3082,Λύστρα,New Testament,Greek,,Λύστρα,,
G3083,λύτρον,New Testament,Greek,,From G3089,,
G3084,λυτρόω,New Testament,Greek,,From G3083,,
G3085,λύτρωσις,New Testament,Greek,,From G3084,,
G3086,λυτρωτής,New Testament,Greek,,From G3084,,
G3087,λυχνία,New Testament,Greek,,From G3088,,
G3088,λύχνος,New Testament,Greek,,From G3022,,
G3089,λύω,New Testament,Greek,,λύω,,
G3090,Λωΐς,New Testament,Greek,,Λωΐς,,
G3091,Λώτ,New Testament,Greek,,From H3876,,
G3092,Μαάθ,New Testament,Greek,,Μαάθ,,
G3093,Μαγδαλά,New Testament,Greek,,From H4026,,
G3094,Μαγδαληνή,New Testament,Greek,,From G3093,,
G3095,μαγεία,New Testament,Greek,,From G3096,,
G3096,μαγεύω,New Testament,Greek,,From G3097,,
G3097,μάγος,New Testament,Greek,,From H7248,,
G3098,Μαγώγ,New Testament,Greek,,From H4031,,
G3099,Μαδιάν,New Testament,Greek,,From H4080,,
G3100,μαθητεύω,New Testament,Greek,,From G3101,,
G3101,μαθητής,New Testament,Greek,,From G3129,,
G3102,μαθήτρια,New Testament,Greek,,From G3101,,
G3103,Μαθουσάλα,New Testament,Greek,,From H4968,,
G3104,Μαϊνάν,New Testament,Greek,,Μαϊνάν,,
G3105,μαίνομαι,New Testament,Greek,,μαίνομαι,,
G3106,μακαρίζω,New Testament,Greek,,From G3107,,
G3107,μακάριος,New Testament,Greek,,μακάριος,,
G3108,μακαρισμός,New Testament,Greek,,From G3106,,
G3109,Μακεδονία,New Testament,Greek,,From G3110,,
G3110,Μακεδών,New Testament,Greek,,Μακεδών,,
G3111,μάκελλον,New Testament,Greek,,μάκελλον,,
G3112,μακράν,New Testament,Greek,,From G3117+G3598,,
G3113,μακρόθεν,New Testament,Greek,,From G3117,,
G3114,μακροθυμέω,New Testament,Greek,,From G3116,,
G3115,μακροθυμία,New Testament,Greek,,From G3116,,
G3116,μακροθυμώς,New Testament,Greek,,From G3117+G2372,,
G3117,μακρός,New Testament,Greek,,From G3372,,
G3118,μακροχρόνιος,New Testament,Greek,,From G3117+G5550,,
G3119,μαλακία,New Testament,Greek,,From G3120,,
G3120,μαλακός,New Testament,Greek,,μαλακός,,
G3121,Μαλελεήλ,New Testament,Greek,,From H4111,,
G3122,μάλιστα,New Testament,Greek,,μάλιστα,,
G3123,μᾶλλον,New Testament,Greek,,From G3122,,
G3124,Μάλχος,New Testament,Greek,,From H4429,,
G3125,μάμμη,New Testament,Greek,,μάμμη,,
G3126,μαμμωνᾶς,New Testament,Greek,,μαμμωνᾶς,,
G3127,Μαναήν,New Testament,Greek,,Μαναήν,,
G3128,Μανασσῆς,New Testament,Greek,,From H4519,,
G3129,μανθάνω,New Testament,Greek,,μανθάνω,,
G3130,μανία,New Testament,Greek,,From G3105,,
G3131,μάννα,New Testament,Greek,,From H4478,,
G3132,μαντεύομαι,New Testament,Greek,,From G3105,,
G3133,μαραίνω,New Testament,Greek,,μαραίνω,,
G3134,μαρὰν ἀθά,New Testament,Greek,,μαρὰν ἀθά,,
G3135,μαργαρίτης,New Testament,Greek,,μαργαρίτης,,
G3136,Μάρθα,New Testament,Greek,,Μάρθα,,
G3137,Μαριάμ,New Testament,Greek,,From H4813,,
G3138,Μάρκος,New Testament,Greek,,Μάρκος,,
G3139,μάρμαρος,New Testament,Greek,,μάρμαρος,,
G3140,μαρτυρέω,New Testament,Greek,,From G3144,,
G3141,μαρτυρία,New Testament,Greek,,From G3144,,
G3142,μαρτύριον,New Testament,Greek,,From G3144,,
G3143,μαρτύρομαι,New Testament,Greek,,From G3144,,
G3144,μάρτυς,New Testament,Greek,,μάρτυς,,
G3145,μασσάομαι,New Testament,Greek,,μασσάομαι,,
G3146,μαστιγόω,New Testament,Greek,,From G3148,,
G3147,μαστίζω,New Testament,Greek,,From G3149,,
G3148,μάστιξ,New Testament,Greek,,From G3145,,
G3149,μαστός,New Testament,Greek,,From G3145,,
G3150,ματαιολογία,New Testament,Greek,,From G3151,,
G3151,ματαιολόγος,New Testament,Greek,,From G3152+G3004,,
G3152,μάταιος,New Testament,Greek,,From G3155,,
G3153,ματαιότης,New Testament,Greek,,From G3152,,
G3154,ματαιόω,New Testament,Greek,,From G3152,,
G3155,μάτην,New Testament,Greek,,From G3145,,
G3156,Ματθαῖος,New Testament,Greek,,From G3161,,
G3157,Ματθάν,New Testament,Greek,,From H4977,,
G3158,Ματθάτ,New Testament,Greek,,From G3161,,
G3159,Ματθίας,New Testament,Greek,,From G3161,,
G3160,Ματταθά,New Testament,Greek,,From G3161+H4992,,
G3161,Ματταθίας,New Testament,Greek,,From H4993,,
G3162,μάχαιρα,New Testament,Greek,,From G3163,,
G3163,μάχη,New Testament,Greek,,From G3164,,
G3164,μάχομαι,New Testament,Greek,,μάχομαι,,
G3165,μέ,New Testament,Greek,,From G1691,,
G3166,μεγαλαυχέω,New Testament,Greek,,From G3173+G837+G2744,,
G3167,μεγαλεῖος,New Testament,Greek,,From G3173,,
G3168,μεγαλειότης,New Testament,Greek,,From G3167,,
G3169,μεγαλοπρεπής,New Testament,Greek,,From G3173+G4241,,
G3170,μεγαλύνω,New Testament,Greek,,From G3173,,
G3171,μεγάλως,New Testament,Greek,,From G3173,,
G3172,μεγαλωσύνη,New Testament,Greek,,From G3173,,
G3173,μέγας,New Testament,Greek,,From G3176+G3187,,
G3174,μέγεθος,New Testament,Greek,,From G3173,,
G3175,μεγιστᾶνες,New Testament,Greek,,From G3176,,
G3176,μέγιστος,New Testament,Greek,,From G3173,,
G3177,μεθερμηνεύω,New Testament,Greek,,From G3326+G2059,,
G3178,μέθη,New Testament,Greek,,μέθη,,
G3179,μεθιστάνω,New Testament,Greek,,From G3326+G2476,,
G3180,μεθοδεία,New Testament,Greek,,From G3326+G3593,,
G3181,μεθόριος,New Testament,Greek,,From G3326+G3725,,
G3182,μεθύσκω,New Testament,Greek,,From G3184,,
G3183,μέθυσος,New Testament,Greek,,From G3184,,
G3184,μεθύω,New Testament,Greek,,From G3178,,
G3185,μεῖζον,New Testament,Greek,,From G3187,,
G3186,μειζότερος,New Testament,Greek,,From G3187,,
G3187,μείζων,New Testament,Greek,,From G3173,,
G3188,μέλαν,New Testament,Greek,,From G3189,,
G3189,μέλας,New Testament,Greek,,μέλας,,
G3190,Μελεᾶς,New Testament,Greek,,Μελεᾶς,,
G3191,μελετάω,New Testament,Greek,,From G3199,,
G3192,μέλι,New Testament,Greek,,μέλι,,
G3193,μελίσσιος,New Testament,Greek,,From G3192,,
G3194,Μελίτη,New Testament,Greek,,Μελίτη,,
G3195,μέλλω,New Testament,Greek,,From G3199,,
G3196,μέλος,New Testament,Greek,,μέλος,,
G3197,Μελχί,New Testament,Greek,,From H4428,,
G3198,Μελχισεδέκ,New Testament,Greek,,From H4442,,
G3199,μέλω,New Testament,Greek,,μέλω,,
G3200,μεμβράνα,New Testament,Greek,,μεμβράνα,,
G3201,μέμφομαι,New Testament,Greek,,μέμφομαι,,
G3202,μεμψίμοιρος,New Testament,Greek,,From G3201+G3313,,
G3303,μέν,New Testament,Greek,,μέν,,
G3304,μενοῦνγε,New Testament,Greek,,From G3303+G3767+G1065,,
G3305,μέντοι,New Testament,Greek,,From G3303+G5104,,
G3306,μένω,New Testament,Greek,,μένω,,
G3307,μερίζω,New Testament,Greek,,From G3313,,
G3308,μέριμνα,New Testament,Greek,,From G3307,,
G3309,μεριμνάω,New Testament,Greek,,From G3308,,
G3310,μερίς,New Testament,Greek,,From G3313,,
G3311,μερισμός,New Testament,Greek,,From G3307,,
G3312,μεριστής,New Testament,Greek,,From G3307,,
G3313,μέρος,New Testament,Greek,,μέρος,,
G3314,μεσημβρία,New Testament,Greek,,From G3319+G2250,,
G3315,μεσιτεύω,New Testament,Greek,,From G3316,,
G3316,μεσίτης,New Testament,Greek,,From G3319,,
G3317,μεσονύκτιον,New Testament,Greek,,From G3319+G3571,,
G3318,Μεσοποταμία,New Testament,Greek,,From G3319+G4215,,
G3319,μέσος,New Testament,Greek,,From G3326,,
G3320,μεσότοιχον,New Testament,Greek,,From G3319+G5109,,
G3321,μεσουράνημα,New Testament,Greek,,From G3319+G3772,,
G3322,μεσόω,New Testament,Greek,,From G3319,,
G3323,Μεσσίας,New Testament,Greek,,From H4899,,
G3324,μεστός,New Testament,Greek,,μεστός,,
G3325,μεστόω,New Testament,Greek,,From G3324,,
G3326,μετά,New Testament,Greek,,μετά,,
G3327,μεταβαίνω,New Testament,Greek,,From G3326+G939,,
G3328,μεταβάλλω,New Testament,Greek,,From G3326+G906,,
G3329,μετάγω,New Testament,Greek,,From G3326+G718,,
G3330,μεταδίδωμι,New Testament,Greek,,From G3326+G1325,,
G3331,μετάθεσις,New Testament,Greek,,From G3346,,
G3332,μεταίρω,New Testament,Greek,,From G3326+G142,,
G3333,μετακαλέω,New Testament,Greek,,From G3326+G2564,,
G3334,μετακινέω,New Testament,Greek,,From G3326+G2795,,
G3335,μεταλαμβάνω,New Testament,Greek,,From G3326+G2983,,
G3336,μετάλημψις,New Testament,Greek,,From G3335,,
G3337,μεταλλάσσω,New Testament,Greek,,From G3326+G236,,
G3338,μεταμέλλομαι,New Testament,Greek,,From G3326+G3199,,
G3339,μεταμορφόω,New Testament,Greek,,From G3326+G3445,,
G3340,μετανοέω,New Testament,Greek,,From G3326+G3539,,
G3341,μετάνοια,New Testament,Greek,,From G3340,పశ్చాత్తాపం,
G3342,μεταξύ,New Testament,Greek,,From G3326+G4862,,
G3343,μεταπέμπω,New Testament,Greek,,From G3326+G3992,,
G3344,μεταστρέφω,New Testament,Greek,,From G3326+G4762,,
G3345,μετασχηματίζω,New Testament,Greek,,From G3326+G4976,,
G3346,μετατίθημι,New Testament,Greek,,From G3326+G5087,,
G3347,μετέπειτα,New Testament,Greek,,From G3326+G1899,,
G3348,μετέχω,New Testament,Greek,,From G3326+G2192,,
G3349,μετεωρίζω,New Testament,Greek,,From G3326+G142+G109,,
G3350,μετοικεσία,New Testament,Greek,,From G3326+G3624,,
G3351,μετοικίζω,New Testament,Greek,,From G3350,,
G3352,μετοχή,New Testament,Greek,,From G3348,,
G3353,μέτοχος,New Testament,Greek,,From G3348,,
G3354,μετρέω,New Testament,Greek,,From G3358,,
G3355,μετρητής,New Testament,Greek,,From G3354,,
G3356,μετριοπαθέω,New Testament,Greek,,From G3357+G3806,,
G3357,μετρίως,New Testament,Greek,,From G3358,,
G3358,μέτρον,New Testament,Greek,,μέτρον,,
G3359,μέτωπον,New Testament,Greek,,From G3326,,
G3360,μεχρίς,New Testament,Greek,,From G3372,,
G3361,μή,New Testament,Greek,,From G3756,,
G3362,ἐὰν μή,New Testament,Greek,,From G1437+G3361,,
G3363,ἵνα μή,New Testament,Greek,,From G2443+G3361,,
G3364,οὐ μή,New Testament,Greek,,From G3756+G3361,,
G3365,μηδαμῶς,New Testament,Greek,,From G3361,,
G3366,μηδέ,New Testament,Greek,,From G3361+G1161,,
G3367,μηδέν,New Testament,Greek,,From G3361+G1520,,
G3368,μηδέποτε,New Testament,Greek,,From G3366+G4218,,
G3369,μηδέπω,New Testament,Greek,,From G3366+G4452,,
G3370,Μῆδος,New Testament,Greek,,From H4074,,
G3371,μηκέτι,New Testament,Greek,,From G3361+G2089,,
G3372,μῆκος,New Testament,Greek,,From G3173,,
G3373,μηκύνω,New Testament,Greek,,From G3372,,
G3374,μηλωτή,New Testament,Greek,,μηλωτή,,
G3375,μήν,New Testament,Greek,,From G3303,,
G3376,μήν,New Testament,Greek,,μήν,,
G3377,μηνύω,New Testament,Greek,,From G3145+G3415,,
G3378,μὴ οὐκ,New Testament,Greek,,From G3361+G3756,,
G3379,μή ποτε,New Testament,Greek,,From G3361+G4218,,
G3380,μήπω,New Testament,Greek,,From G3361+G4452,,
G3381,μή πως,New Testament,Greek,,From G3361+G4458,,
G3382,μηρός,New Testament,Greek,,μηρός,,
G3383,μήτε,New Testament,Greek,,From G3361+G5037,,
G3384,μήτηρ,New Testament,Greek,,μήτηρ,తల్లి,
G3385,μήτι,New Testament,Greek,,From G3361+G5100,,
G3386,μήτιγε,New Testament,Greek,,From G3385+G1065,,
G3387,μή τις,New Testament,Greek,,From G3361+G5100,,
G3388,μήτρα,New Testament,Greek,,From G3384,,
G3389,μητραλῴας,New Testament,Greek,,From G3384+G257,,
G3390,μητρόπολις,New Testament,Greek,,From G3384+G4172,,
G3391,μία,New Testament,Greek,,From G1520,,
G3392,μιαίνω,New Testament,Greek,,μιαίνω,,
G3393,μίασμα,New Testament,Greek,,From G3392,,
G3394,μιασμός,New Testament,Greek,,From G3392,,
G3395,μίγμα,New Testament,Greek,,From G3396,,
G3396,μίγνυμι,New Testament,Greek,,μίγνυμι,,
G3397,μικρόν,New Testament,Greek,,From G3398,,
G3398,μικρότερος,New Testament,Greek,,μικρότερος,,
G3399,Μίλητος,New Testament,Greek,,Μίλητος,,
G3400,μίλιον,New Testament,Greek,,μίλιον,,
G3401,μιμέομαι,New Testament,Greek,,μιμέομαι,,
G3402,μιμητής,New Testament,Greek,,From G3401,,
G3403,μιμνήσκω,New Testament,Greek,,From G3415,,
G3404,μισέω,New Testament,Greek,,μισέω,,
G3405,μισθαποδοσία,New Testament,Greek,,From G3406,,
G3406,μισθαποδότης,New Testament,Greek,,From G3409+G591,,
G3407,μίσθιος,New Testament,Greek,,From G3408,,
G3408,μισθός,New Testament,Greek,,μισθός,,
G3409,μισθόω,New Testament,Greek,,From G3408,,
G3410,μίσθωμα,New Testament,Greek,,From G3409,,
G3411,μισθωτός,New Testament,Greek,,From G3409,,
G3412,Μιτυλήνη,New Testament,Greek,,Μιτυλήνη,,
G3413,Μιχαήλ,New Testament,Greek,,From H4317,,
G3414,μνᾶ,New Testament,Greek,,μνᾶ,,
G3415,μνάομαι,New Testament,Greek,,From G3306+G3145,,
G3416,Μνάσων,New Testament,Greek,,Μνάσων,,
G3417,μνεία,New Testament,Greek,,From G3415+G3403,,
G3418,μνῆμα,New Testament,Greek,,From G3415,,
G3419,μνημεῖον,New Testament,Greek,,From G3420,,
G3420,μνήμη,New Testament,Greek,,From G3403,,
G3421,μνημονεύω,New Testament,Greek,,From G3420,,
G3422,μνημόσυνον,New Testament,Greek,,From G3421,,
G3423,μνηστεύω,New Testament,Greek,,From G3415,,
G3424,μογιλάλος,New Testament,Greek,,From G3425+G2980,,
G3425,μόγις,New Testament,Greek,,μόγις,,
G3426,μόδιος,New Testament,Greek,,μόδιος,,
G3427,μοί,New Testament,Greek,,From G1698,,
G3428,μοιχαλίς,New Testament,Greek,,From G3432,,
G3429,μοιχάω,New Testament,Greek,,From G3432,,
G3430,μοιχεία,New Testament,Greek,,From G3431,,
G3431,μοιχεύω,New Testament,Greek,,From G3432,,
G3432,μοιχός,New Testament,Greek,,μοιχός,,
G3433,μόλις,New Testament,Greek,,From G3425,,
G3434,Μολόχ,New Testament,Greek,,From H4432,,
G3435,μολύνω,New Testament,Greek,,From G3189,,
G3436,μολυσμός,New Testament,Greek,,From G3435,,
G3437,μομφή,New Testament,Greek,,From G3201,,
G3438,μονή,New Testament,Greek,,From G3306,,
G3439,μονογενής,New Testament,Greek,,From G3441+G1096,,
G3440,μόνον,New Testament,Greek,,From G3441,,
G3441,μόνος,New Testament,Greek,,From G3306,,
G3442,μονόφθαλμος,New Testament,Greek,,From G3441+G3788,,
G3443,μονόω,New Testament,Greek,,From G3441,,
G3444,μορφή,New Testament,Greek,,From G3313,,
G3445,μορφόω,New Testament,Greek,,From G3444,,
G3446,μόρφωσις,New Testament,Greek,,From G3445,,
G3447,μοσχοποιέω,New Testament,Greek,,From G3448+G4160,,
G3448,μόσχος,New Testament,Greek,,μόσχος,,
G3449,μόχθος,New Testament,Greek,,From G3425,,
G3450,μοῦ,New Testament,Greek,,From G1700,,
G3451,μουσικός,New Testament,Greek,,μουσικός,,
G3452,μυελός,New Testament,Greek,,μυελός,,
G3453,μυέω,New Testament,Greek,,From G3466,,
G3454,μῦθος,New Testament,Greek,,From G3453,,
G3455,μυκάομαι,New Testament,Greek,,μυκάομαι,,
G3456,μυκτηρίζω,New Testament,Greek,,From G3455,,
G3457,μυλικός,New Testament,Greek,,From G3458,,
G3458,μύλος,New Testament,Greek,,From G3433,,
G3459,μύλων,New Testament,Greek,,From G3458,,
G3460,Μύρα,New Testament,Greek,,Μύρα,,
G3461,μυριάς,New Testament,Greek,,From G3463,,
G3462,μυρίζω,New Testament,Greek,,From G3464,,
G3463,μύριοι,New Testament,Greek,,μύριοι,,
G3464,μύρον,New Testament,Greek,,From H4753+G4666,,
G3465,Μυσία,New Testament,Greek,,Μυσία,,
G3466,μυστήριον,New Testament,Greek,,μυστήριον,,
G3467,μυωπάζω,New Testament,Greek,,From G3466+G3700,,
G3468,μώλωψ,New Testament,Greek,,μώλωψ,,
G3469,μωμάομαι,New Testament,Greek,,From G3470,,
G3470,μῶμος,New Testament,Greek,,From G3201,,
G3471,μωραίνω,New Testament,Greek,,From G3474,,
G3472,μωρία,New Testament,Greek,,From G3474,,
G3473,μωρολογία,New Testament,Greek,,From G3474+G3004,,
G3474,μωρός,New Testament,Greek,,From G3466,,
G3475,Μωϋσῆς,New Testament,Greek,,From H4872,,
G3476,Ναασσών,New Testament,Greek,,From H5177,,
G3477,Ναγγαί,New Testament,Greek,,From H5052,,
G3478,Ναζαρέτ,New Testament,Greek,,Ναζαρέτ,,
G3479,Ναζαρηνός,New Testament,Greek,,From G3478,,
G3480,Ναζωραῖος,New Testament,Greek,,From G3478,,
G3481,Ναθάν,New Testament,Greek,,From H5416,,
G3482,Ναθαναήλ,New Testament,Greek,,From H5417,,
G3483,ναί,New Testament,Greek,,ναί,,
G3484,Ναΐν,New Testament,Greek,,From H4999,,
G3485,ναός,New Testament,Greek,,ναός,,
G3486,Ναούμ,New Testament,Greek,,From H5151,,
G3487,νάρδος,New Testament,Greek,,From H5373,,
G3488,Νάρκισσος,New Testament,Greek,,Νάρκισσος,,
G3489,ναυαγέω,New Testament,Greek,,From G3491+G71,,
G3490,ναύκληρος,New Testament,Greek,,From G3491+G2819,,
G3491,ναῦς,New Testament,Greek,,ναῦς,,
G3492,ναύτης,New Testament,Greek,,From G3491,,
G3493,Ναχώρ,New Testament,Greek,,From H5152,,
G3494,νεανίας,New Testament,Greek,,From G3501,,
G3495,νεανίσκος,New Testament,Greek,,From G3494,,
G3496,Νεάπολις,New Testament,Greek,,From G3501+G4172,,
G3497,Νεεμάν,New Testament,Greek,,From H5283,,
G3498,νεκρός,New Testament,Greek,,νεκρός,,
G3499,νεκρόω,New Testament,Greek,,From G3498,,
G3500,νέκρωσις,New Testament,Greek,,From G3499,,
G3501,νέος,New Testament,Greek,,νέος,,
G3502,νεοσσός,New Testament,Greek,,From G3501,,
G3503,νεότης,New Testament,Greek,,From G3501,,
G3504,νεόφυτος,New Testament,Greek,,From G3501+G5453,,
G3505,Νέρων,New Testament,Greek,,Νέρων,,
G3506,νεύω,New Testament,Greek,,νεύω,,
G3507,νεφέλη,New Testament,Greek,,From G3509,,
G3508,Νεφθαλείμ,New Testament,Greek,,From H5321,,
G3509,νέφος,New Testament,Greek,,νέφος,,
G3510,νεφρός,New Testament,Greek,,νεφρός,,
G3511,νεωκόρος,New Testament,Greek,,From G3485,,
G3512,νεωτερικός,New Testament,Greek,,From G3501,,
G3513,νή,New Testament,Greek,,From G3483,,
G3514,νήθω,New Testament,Greek,,νήθω,,
G3515,νηπιάζω,New Testament,Greek,,From G3516,,
G3516,νήπιος,New Testament,Greek,,From G2031,,
G3517,Νηρεύς,New Testament,Greek,,From G3491,,
G3518,Νηρί,New Testament,Greek,,From H5374,,
G3519,νησίον,New Testament,Greek,,From G3520,,
G3520,νῆσος,New Testament,Greek,,From G3491,,
G3521,νηστεία,New Testament,Greek,,From G3522,,
G3522,νηστεύω,New Testament,Greek,,From G3523,,
G3523,νῆστις,New Testament,Greek,,From G2068,,
G3524,νηφάλιος,New Testament,Greek,,From G3525,,
G3525,νήφω,New Testament,Greek,,νήφω,,
G3526,Νίγερ,New Testament,Greek,,Νίγερ,,
G3527,Νικάνωρ,New Testament,Greek,,From G3528,,
G3528,νικάω,New Testament,Greek,,From G3529,,
G3529,νίκη,New Testament,Greek,,νίκη,,
G3530,Νικόδημος,New Testament,Greek,,From G3534+G1218,,
G3531,Νικολαΐτης,New Testament,Greek,,From G3532,,
G3532,Νικόλαος,New Testament,Greek,,From G3534+G2992,,
G3533,Νικόπολις,New Testament,Greek,,From G3534+G4172,,
G3534,νῖκος,New Testament,Greek,,From G3529,,
G3535,Νινευΐ,New Testament,Greek,,From H5210,,
G3536,Νινευΐτης,New Testament,Greek,,From G3535,,
G3537,νιπτήρ,New Testament,Greek,,From G3538,,
G3538,νίπτω,New Testament,Greek,,νίπτω,,
G3539,νοιέω,New Testament,Greek,,From G3563,,
G3540,νόημα,New Testament,Greek,,From G3539,,
G3541,νόθος,New Testament,Greek,,νόθος,,
G3542,νομή,New Testament,Greek,,From G3551,,
G3543,νομίζω,New Testament,Greek,,From G3551,,
G3544,νομικός,New Testament,Greek,,From G3551,,
G3545,νομίμως,New Testament,Greek,,From G3551,,
G3546,νόμισμα,New Testament,Greek,,From G3543,,
G3547,νομοδιδάσκαλος,New Testament,Greek,,From G3551+G1320,,
G3548,νομοθεσία,New Testament,Greek,,From G3550,,
G3549,νομοθετέω,New Testament,Greek,,From G3550,,
G3550,νομοθέτης,New Testament,Greek,,From G3551+G5087,,
G3551,νόμος,New Testament,Greek,,νόμος,చట్టం,
G3552,νοσέω,New Testament,Greek,,From G3554,,
G3553,νόσημα,New Testament,Greek,,From G3552,,
G3554,νόσος,New Testament,Greek,,νόσος,,
G3555,νοσσιά,New Testament,Greek,,From G3502,,
G3556,νοσσίον,New Testament,Greek,,From G3502,,
G3557,νοσφίζομαι,New Testament,Greek,,νοσφίζομαι,,
G3558,νότος,New Testament,Greek,,νότος,,
G3559,νουθεσία,New Testament,Greek,,From G3563+G5087,,
G3560,νουθετέω,New Testament,Greek,,From G3559,,
G3561,νουμηνία,New Testament,Greek,,From G3501+G3376+G2250,,
G3562,νουνεχῶς,New Testament,Greek,,From G3563+G2192,,
G3563,νοῦς,New Testament,Greek,,From G1097,,
G3564,Νυμφᾶς,New Testament,Greek,,From G3565+G1435,,
G3565,νύμφη,New Testament,Greek,,νύμφη,,
G3566,νυμφίος,New Testament,Greek,,From G3565,,
G3567,νυμφών,New Testament,Greek,,From G3565,,
G3568,νῦν,New Testament,Greek,,νῦν,,
G3569,τὰ νῦν,New Testament,Greek,,From G3588+G3568,,
G3570,νυνί,New Testament,Greek,,From G3568,,
G3571,νύξ,New Testament,Greek,,νύξ,రాత్రి,
G3572,νύσσω,New Testament,Greek,,νύσσω,,
G3573,νυστάζω,New Testament,Greek,,From G3506,,
G3574,νυχθήμερον,New Testament,Greek,,From G3571+G2250,,
G3575,Νῶε,New Testament,Greek,,From H5146,,
G3576,νωθρός,New Testament,Greek,,From G3541,,
G3577,νῶτος,New Testament,Greek,,νῶτος,,
G3578,ξενία,New Testament,Greek,,From G3581,,
G3579,ξενίζω,New Testament,Greek,,From G3581,,
G3580,ξενοδοχέω,New Testament,Greek,,From G3581+G1209,,
G3581,ξένος,New Testament,Greek,,ξένος,,
G3582,ξέστης,New Testament,Greek,,ξέστης,,
G3583,ξηραίνω,New Testament,Greek,,From G3584,,
G3584,ξηρός,New Testament,Greek,,From G3582,,
G3585,ξύλινος,New Testament,Greek,,From G3586,,
G3586,ξύλον,New Testament,Greek,,From G3582,,
G3587,ξυράω,New Testament,Greek,,From G3586,,
G3588,τό,New Testament,Greek,,τό,,
G3589,ὀγδοήκοντα,New Testament,Greek,,From G3590,,
G3590,ὄγδοος,New Testament,Greek,,From G3638,,
G3591,ὄγκος,New Testament,Greek,,From G43,,
G3592,τόδε,New Testament,Greek,,From G3588+G1161,,
G3593,ὁδεύω,New Testament,Greek,,From G3598,,
G3594,ὁδηγέω,New Testament,Greek,,From G3595,,
G3595,ὁδηγός,New Testament,Greek,,From G3598+G2233,,
G3596,ὁδοιπορέω,New Testament,Greek,,From G3598+G4198,,
G3597,ὁδοιπορία,New Testament,Greek,,From G3596,,
G3598,ὁδός,New Testament,Greek,,ὁδός,"మార్గం, మార్గం",
G3599,ὀδούς,New Testament,Greek,,From G2068,,
G3600,ὀδυνάω,New Testament,Greek,,From G3601,,
G3601,ὀδύνη,New Testament,Greek,,From G1416,,
G3602,ὀδυρμός,New Testament,Greek,,From G1416,,
G3603,ὅ ἐστι,New Testament,Greek,,From G3739+G1510,,
G3604,Ὀζίας,New Testament,Greek,,From H5818,,
G3605,ὄζω,New Testament,Greek,,ὄζω,,
G3606,ὅθεν,New Testament,Greek,,From G3739,,
G3607,ὀθόνη,New Testament,Greek,,ὀθόνη,,
G3608,ὀθόνιον,New Testament,Greek,,From G3607,,
G3609,οἰκεῖος,New Testament,Greek,,From G3624,,
G3610,οἰκέτης,New Testament,Greek,,From G3611,,
G3611,οἰκέω,New Testament,Greek,,From G3624,,
G3612,οἴκημα,New Testament,Greek,,From G3611,,
G3613,οἰκητήριον,New Testament,Greek,,From G3611+G3612,,
G3614,οἰκία,New Testament,Greek,,From G3624,,
G3615,οἰκιακός,New Testament,Greek,,From G3614,,
G3616,οἰκοδεσποτέω,New Testament,Greek,,From G3617,,
G3617,οἰκοδεσπότης,New Testament,Greek,,From G3624+G1203,,
G3618,οἰκοδομέω,New Testament,Greek,,From G3619,,
G3619,οἰκοδομή,New Testament,Greek,,From G3624+G1430,,
G3620,οἰκοδομία,New Testament,Greek,,From G3619,,
G3621,οἰκονομέω,New Testament,Greek,,From G3623,,
G3622,οἰκονομία,New Testament,Greek,,From G3623,,
G3623,οἰκονόμος,New Testament,Greek,,From G3624+G3551,,
G3624,οἶκος,New Testament,Greek,,οἶκος,,
G3625,οἰκουμένη,New Testament,Greek,,From G3611+G1093,,
G3626,οἰκουρός,New Testament,Greek,,From G3624,,
G3627,οἰκτερέω,New Testament,Greek,,οἰκτερέω,,
G3628,οἰκτιρμός,New Testament,Greek,,From G3627,,
G3629,οἰκτίρμων,New Testament,Greek,,From G3627,,
G3630,οἰνοπότης,New Testament,Greek,,From G3631+G4095,,
G3631,οἶνος,New Testament,Greek,,From H3196,,
G3632,οἰνοφλυγία,New Testament,Greek,,From G3631+G5397,,
G3633,οἶμαι,New Testament,Greek,,From G3634,,
G3634,οἷος,New Testament,Greek,,From G3588+G3739+G3745,,
G3635,ὀκνέω,New Testament,Greek,,ὀκνέω,,
G3636,ὀκνηρός,New Testament,Greek,,From G3635,,
G3637,ὀκταήμερος,New Testament,Greek,,From G3638+G2250,,
G3638,ὀκτώ,New Testament,Greek,,ὀκτώ,,
G3639,ὄλεθρος,New Testament,Greek,,ὄλεθρος,,
G3640,ὀλιγόπιστος,New Testament,Greek,,From G3641+G4102,,
G3641,ὀλίγος,New Testament,Greek,,ὀλίγος,,
G3642,ὀλιγόψυχος,New Testament,Greek,,From G3641+G5590,,
G3643,ὀλιγωρέω,New Testament,Greek,,From G3641,,
G3644,ὀλοθρευτής,New Testament,Greek,,From G3645,,
G3645,ὀλοθρεύω,New Testament,Greek,,From G3639,,
G3646,ὁλοκαύτωμα,New Testament,Greek,,From G3650+G2545,,
G3647,ὁλοκληρία,New Testament,Greek,,From G3648,,
G3648,ὁλόκληρος,New Testament,Greek,,From G3650+G2819,,
G3649,ὀλολύζω,New Testament,Greek,,ὀλολύζω,,
G3650,ὅλος,New Testament,Greek,,ὅλος,,
G3651,ὁλοτελής,New Testament,Greek,,From G3650+G5056,,
G3652,Ὀλυμπᾶς,New Testament,Greek,,Ὀλυμπᾶς,,
G3653,ὄλυνθος,New Testament,Greek,,ὄλυνθος,,
G3654,ὅλως,New Testament,Greek,,From G3650,,
G3655,ὄμβρος,New Testament,Greek,,ὄμβρος,,
G3656,ὁμιλέω,New Testament,Greek,,From G3658,,
G3657,ὁμιλία,New Testament,Greek,,From G3658,,
G3658,ὅμιλος,New Testament,Greek,,From G3674+G138,,
G3659,ὄμμα,New Testament,Greek,,From G3700,,
G3660,ὀμνύω,New Testament,Greek,,ὀμνύω,,
G3661,ὁμοθυμαδόν,New Testament,Greek,,From G3674+G2372,,
G3662,ὁμοιάζω,New Testament,Greek,,From G3664,,
G3663,ὁμοιοπαθής,New Testament,Greek,,From G3664+G3958,,
G3664,ὅμοιος,New Testament,Greek,,From G3674,,
G3665,ὁμοιότης,New Testament,Greek,,From G3664,,
G3666,ὁμοιόω,New Testament,Greek,,From G3664,,
G3667,ὁμοίωμα,New Testament,Greek,,From G3666,,
G3668,ὁμοίως,New Testament,Greek,,From G3664,,
G3669,ὁμοίωσις,New Testament,Greek,,From G3666,,
G3670,ὁμολογέω,New Testament,Greek,,From G3674+G3056,,
G3671,ὁμολογία,New Testament,Greek,,From G3670,,
G3672,ὁμολογουμένως,New Testament,Greek,,From G3670,,
G3673,ὁμότεχνος,New Testament,Greek,,From G3674+G5078,,
G3674,ὁμοῦ,New Testament,Greek,,ὁμοῦ,,
G3675,ὁμόφρων,New Testament,Greek,,From G3674+G5424,,
G3676,ὅμως,New Testament,Greek,,From G3674,,
G3677,ὄναρ,New Testament,Greek,,ὄναρ,,
G3678,ὀνάριον,New Testament,Greek,,From G3688,,
G3679,ὀνειδίζω,New Testament,Greek,,From G3681,,
G3680,ὀνειδισμός,New Testament,Greek,,From G3679,,
G3681,ὄνειδος,New Testament,Greek,,From G3686,,
G3682,Ὀνήσιμος,New Testament,Greek,,From G3685,,
G3683,Ὀνησίφορος,New Testament,Greek,,From G3685+G5411,,
G3684,ὀνικός,New Testament,Greek,,From G3688,,
G3685,ὀνίνημι,New Testament,Greek,,ὀνίνημι,,
G3686,ὄνομα,New Testament,Greek,,From G1097+G3685,,
G3687,ὀνομάζω,New Testament,Greek,,From G3686,,
G3688,ὄνος,New Testament,Greek,,ὄνος,,
G3689,ὄντως,New Testament,Greek,,From G5607,,
G3690,ὄξος,New Testament,Greek,,From G3691,,
G3691,ὀξύς,New Testament,Greek,,From G188,,
G3692,ὀπή,New Testament,Greek,,From G3700,,
G3693,ὄπισθεν,New Testament,Greek,,ὄπισθεν,,
G3694,ὀπίσω,New Testament,Greek,,From G3693,,
G3695,ὁπλίζω,New Testament,Greek,,From G3696,,
G3696,ὅπλον,New Testament,Greek,,ὅπλον,,
G3697,ὁποῖος,New Testament,Greek,,From G3739+G4169,,
G3698,ὁπότε,New Testament,Greek,,From G3739+G4218,,
G3699,ὅπου,New Testament,Greek,,From G3739+G4225,,
G3700,ὀπτάνομαι,New Testament,Greek,,From G3708,,
G3701,ὀπτασία,New Testament,Greek,,From G3700,,
G3702,ὀπτός,New Testament,Greek,,ὀπτός,,
G3703,ὀπώρα,New Testament,Greek,,From G3796+G5610,,
G3704,ὅπως,New Testament,Greek,,From G3739+G4459,,
G3705,ὅραμα,New Testament,Greek,,From G3708,,
G3706,ὅρασις,New Testament,Greek,,From G3708,,
G3707,ὁρατός,New Testament,Greek,,From G3708,,
G3708,ὁράω,New Testament,Greek,,From G3700,"చూడటానికి, చూడడానికి",
G3709,ὀργή,New Testament,Greek,,From G3713,,
G3710,ὀργίζω,New Testament,Greek,,From G3709,,
G3711,ὀργίλος,New Testament,Greek,,From G3709,,
G3712,ὀργυιά,New Testament,Greek,,From G3713,,
G3713,ὀρέγομαι,New Testament,Greek,,From G3735,,
G3714,ὀρεινός,New Testament,Greek,,From G3735,,
G3715,ὄρεξις,New Testament,Greek,,From G3713,,
G3716,ὀρθοποδέω,New Testament,Greek,,From G3717+G4228,,
G3717,ὀρθός,New Testament,Greek,,From G3735,,
G3718,ὀρθοτομέω,New Testament,Greek,,From G3717+G5114,,
G3719,ὀρθρίζω,New Testament,Greek,,From G3722,,
G3720,ὀρθρινός,New Testament,Greek,,From G3722,,
G3721,ὄρθριος,New Testament,Greek,,From G3722,,
G3722,ὄρθρος,New Testament,Greek,,From G3735,,
G3723,ὀρθῶς,New Testament,Greek,,From G3717,,
G3724,ὁρίζω,New Testament,Greek,,From G3725,,
G3725,ὅριον,New Testament,Greek,,ὅριον,,
G3726,ὁρκίζω,New Testament,Greek,,From G3727,,
G3727,ὅρκος,New Testament,Greek,,From G3725,,
G3728,ὁρκωμοσία,New Testament,Greek,,From G3727+G3660,,
G3729,ὁρμάω,New Testament,Greek,,From G3730,,
G3730,ὁρμή,New Testament,Greek,,ὁρμή,,
G3731,ὅρμημα,New Testament,Greek,,From G3730,,
G3732,ὄρνεον,New Testament,Greek,,From G3733,,
G3733,ὄρνις,New Testament,Greek,,From G3735,,
G3734,ὁροθεσία,New Testament,Greek,,From G3725+G5087,,
G3735,ὄρος,New Testament,Greek,,From G142+G3733,,
G3736,ὀρύσσω,New Testament,Greek,,ὀρύσσω,,
G3737,ὀρφανός,New Testament,Greek,,ὀρφανός,,
G3738,ὀρχέομαι,New Testament,Greek,,ὀρχέομαι,,
G3739,ὅ,New Testament,Greek,,From G3588,,
G3740,ὁσάκις,New Testament,Greek,,From G3739,,
G3741,ὅσιος,New Testament,Greek,,ὅσιος,,
G3742,ὁσιότης,New Testament,Greek,,From G3741,,
G3743,ὁσίως,New Testament,Greek,,From G3741,,
G3744,ὀσμή,New Testament,Greek,,From G3605,,
G3745,ὅσος,New Testament,Greek,,From G3739,,
G3746,ὅσπερ,New Testament,Greek,,From G3739+G4007,,
G3747,ὀστοῦν,New Testament,Greek,,ὀστοῦν,,
G3748,ὅτι,New Testament,Greek,,From G3739+G5100,,
G3749,ὀστράκινος,New Testament,Greek,,ὀστράκινος,,
G3750,ὄσφρησις,New Testament,Greek,,From G3605,,
G3751,ὀσφῦς,New Testament,Greek,,ὀσφῦς,,
G3752,ὅταν,New Testament,Greek,,From G3753+G302,,
G3753,ὅτε,New Testament,Greek,,From G3739+G5037,,
G3754,ὅτι,New Testament,Greek,,From G3748,,
G3755,ὅτου,New Testament,Greek,,From G3748,,
G3756,οὐχ,New Testament,Greek,,οὐχ,,
G3757,οὗ,New Testament,Greek,,From G3739,,
G3758,οὐά,New Testament,Greek,,οὐά,,
G3759,οὐαί,New Testament,Greek,,οὐαί,,
G3760,οὐδαμῶς,New Testament,Greek,,From G3762,,
G3761,οὐδέ,New Testament,Greek,,From G3756+G1161,,
G3762,οὐδέν,New Testament,Greek,,From G3761+G1520,,
G3763,οὐδέποτε,New Testament,Greek,,From G3761+G4218,,
G3764,οὐδέπω,New Testament,Greek,,From G3761+G4452,,
G3765,οὐκ ἔτι,New Testament,Greek,,From G3756+G2089,,
G3766,οὐκοῦν,New Testament,Greek,,From G3756+G3767,,
G3767,οὖν,New Testament,Greek,,οὖν,,
G3768,οὔπω,New Testament,Greek,,From G3756+G4452,,
G3769,οὐρά,New Testament,Greek,,οὐρά,,
G3770,οὐράνιος,New Testament,Greek,,From G3772,,
G3771,οὐρανόθεν,New Testament,Greek,,From G3772,,
G3772,οὐρανός,New Testament,Greek,,From G3735,స్వర్గం,
G3773,Οὐρβανός,New Testament,Greek,,Οὐρβανός,,
G3774,Οὐρίας,New Testament,Greek,,From H223,,
G3775,οὖς,New Testament,Greek,,οὖς,,
G3776,οὐσία,New Testament,Greek,,From G5607,,
G3777,οὔτε,New Testament,Greek,,From G3756+G5037,,
G3778,αὕται,New Testament,Greek,,From G3588+G846,,
G3779,οὕτως,New Testament,Greek,,From G3778,,
G3780,οὐχί,New Testament,Greek,,From G3756,,
G3781,ὀφειλέτης,New Testament,Greek,,From G3784,,
G3782,ὀφειλή,New Testament,Greek,,From G3784,,
G3783,ὀφείλημα,New Testament,Greek,,From G3784,,
G3784,ὀφειλέω,New Testament,Greek,,From G3786,,
G3785,ὄφελον,New Testament,Greek,,From G3784,,
G3786,ὄφελος,New Testament,Greek,,ὄφελος,,
G3787,ὀφθαλμοδουλεία,New Testament,Greek,,From G3788+G1397,,
G3788,ὀφθαλμός,New Testament,Greek,,From G3700,కన్ను,
G3789,ὄφις,New Testament,Greek,,From G3700,,
G3790,ὀφρῦς,New Testament,Greek,,From G3700,,
G3791,ὀχλέω,New Testament,Greek,,From G3793,,
G3792,ὀχλοποιέω,New Testament,Greek,,From G3793+G4160,,
G3793,ὄχλος,New Testament,Greek,,From G2192,,
G3794,ὀχύρωμα,New Testament,Greek,,From G2192,,
G3795,ὀψάριον,New Testament,Greek,,From G3702,,
G3796,ὀψέ,New Testament,Greek,,From G3694,,
G3797,ὄψιμος,New Testament,Greek,,From G3796,,
G3798,ὄψιος,New Testament,Greek,,From G3796,,
G3799,ὄψις,New Testament,Greek,,From G3700,,
G3800,ὀψώνιον,New Testament,Greek,,From G3795,,
G3801,ὁ ὢν καί ὁ ἦν καί ὁ ἐρχόμενος,New Testament,Greek,,From G3588+G1510+G2064+G2532,,
G3802,παγιδεύω,New Testament,Greek,,From G3803,,
G3803,παγίς,New Testament,Greek,,From G4078,,
G3804,πάθημα,New Testament,Greek,,From G3806,,
G3805,παθητός,New Testament,Greek,,From G3804,,
G3806,πάθος,New Testament,Greek,,From G3958,,
G3807,παιδαγωγός,New Testament,Greek,,From G3816+G71,,
G3808,παιδάριον,New Testament,Greek,,From G3816,,
G3809,παιδεία,New Testament,Greek,,From G3811,,
G3810,παιδευτής,New Testament,Greek,,From G3811,,
G3811,παιδεύω,New Testament,Greek,,From G3816,,
G3812,παιδιόθεν,New Testament,Greek,,From G3813,,
G3813,παιδίον,New Testament,Greek,,From G3816,,
G3814,παιδίσκη,New Testament,Greek,,From G3816,,
G3815,παίζω,New Testament,Greek,,From G3816,,
G3816,παῖς,New Testament,Greek,,From G3817,,
G3817,παίω,New Testament,Greek,,παίω,,
G3818,Πακατιανή,New Testament,Greek,,Πακατιανή,,
G3819,πάλαι,New Testament,Greek,,From G3825,,
G3820,παλαιός,New Testament,Greek,,From G3819,,
G3821,παλαιότης,New Testament,Greek,,From G3820,,
G3822,παλαιόω,New Testament,Greek,,From G3820,,
G3823,πάλη,New Testament,Greek,,From G906,,
G3824,παλιγγενεσία,New Testament,Greek,,From G3825+G1078,,
G3825,πάλιν,New Testament,Greek,,From G3823,,
G3826,παμπληθεί,New Testament,Greek,,From G3956+G4128,,
G3827,πάμπολυς,New Testament,Greek,,From G3956+G4183,,
G3828,Παμφυλία,New Testament,Greek,,From G3956+G4443,,
G3829,πανδοχεῖον,New Testament,Greek,,From G3956+G1209,,
G3830,πανδοχεύς,New Testament,Greek,,From G3829,,
G3831,πανήγυρις,New Testament,Greek,,From G3956+G58,,
G3832,πανοικί,New Testament,Greek,,From G3956+G3624,,
G3833,πανοπλία,New Testament,Greek,,From G3956+G3696,,
G3834,πανουργία,New Testament,Greek,,From G3835,,
G3835,πανοῦργος,New Testament,Greek,,From G3956+G2041,,
G3836,πανταχόθεν,New Testament,Greek,,From G3837,,
G3837,πανταχοῦ,New Testament,Greek,,From G3956,,
G3838,παντελής,New Testament,Greek,,From G3956+G5056,,
G3839,πάντη,New Testament,Greek,,From G3956,,
G3840,πάντοθεν,New Testament,Greek,,From G3956,,
G3841,παντοκράτωρ,New Testament,Greek,,From G3956+G2904,,
G3842,πάντοτε,New Testament,Greek,,From G3956+G3753,,
G3843,πάντως,New Testament,Greek,,From G3956,,
G3844,παρά,New Testament,Greek,,παρά,,
G3845,παραβαίνω,New Testament,Greek,,From G3844+G939,,
G3846,παραβάλλω,New Testament,Greek,,From G3844+G906,,
G3847,παράβασις,New Testament,Greek,,From G3845,,
G3848,παραβάτης,New Testament,Greek,,From G3845,,
G3849,παραβιάζομαι,New Testament,Greek,,From G3844+G971,,
G3850,παραβολή,New Testament,Greek,,From G3846,,
G3851,παραβουλεύομαι,New Testament,Greek,,From G3844+G1011,,
G3852,παραγγελία,New Testament,Greek,,From G3853,,
G3853,παραγγέλλω,New Testament,Greek,,From G3844+G32,,
G3854,παραγίνομαι,New Testament,Greek,,From G3844+G1096,,
G3855,παράγω,New Testament,Greek,,From G3844+G71,,
G3856,παραδειγματίζω,New Testament,Greek,,From G3844+G1165,,
G3857,παράδεισος,New Testament,Greek,,From H6508,,
G3858,παραδέχομαι,New Testament,Greek,,From G3844+G1209,,
G3859,παραδιατριβή,New Testament,Greek,,From G3844+G1304,,
G3860,παραδίδωμι,New Testament,Greek,,From G3844+G1325,,
G3861,παράδοξος,New Testament,Greek,,From G3844+G1391,,
G3862,παράδοσις,New Testament,Greek,,From G3860,,
G3863,παραζηλόω,New Testament,Greek,,From G3844+G2206,,
G3864,παραθαλάσσιος,New Testament,Greek,,From G3844+G2281,,
G3865,παραθεωρέω,New Testament,Greek,,From G3844+G2334,,
G3866,παραθήκη,New Testament,Greek,,From G3908,,
G3867,παραινέω,New Testament,Greek,,From G3844+G134,,
G3868,παραιτέομαι,New Testament,Greek,,From G3844+G154,,
G3869,παρακαθίζω,New Testament,Greek,,From G3844+G2523,,
G3870,παρακαλέω,New Testament,Greek,,From G3844+G2564,,
G3871,παρακαλύπτω,New Testament,Greek,,From G3844+G2572,,
G3872,παρακαταθήκη,New Testament,Greek,,From G3844+G2698,,
G3873,παράκειμαι,New Testament,Greek,,From G3844+G2749,,
G3874,παράκλησις,New Testament,Greek,,From G3870,,
G3875,παράκλητος,New Testament,Greek,,παράκλητος,,
G3876,παρακοή,New Testament,Greek,,From G3878,,
G3877,παρακολουθέω,New Testament,Greek,,From G3844+G190,,
G3878,παρακούω,New Testament,Greek,,From G3844+G191,,
G3879,παρακύπτω,New Testament,Greek,,From G3844+G2955,,
G3880,παραλαμβάνω,New Testament,Greek,,From G3844+G2983,,
G3881,παραλέγομαι,New Testament,Greek,,From G3844+G3004,,
G3882,παράλιος,New Testament,Greek,,From G3844+G251,,
G3883,παραλλαγή,New Testament,Greek,,From G3844+G236,,
G3884,παραλογίζομαι,New Testament,Greek,,From G3844+G3049,,
G3885,παραλυτικός,New Testament,Greek,,From G3886,,
G3886,παραλύω,New Testament,Greek,,From G3844+G3089,,
G3887,παραμένω,New Testament,Greek,,From G3844+G3306,,
G3888,παραμυθέομαι,New Testament,Greek,,From G3844+G3454,,
G3889,παραμυθία,New Testament,Greek,,From G3888,,
G3890,παραμύθιον,New Testament,Greek,,From G3889,,
G3891,παρανομέω,New Testament,Greek,,From G3844+G3551,,
G3892,παρανομία,New Testament,Greek,,From G3891,,
G3893,παραπικραίνω,New Testament,Greek,,From G3844+G4087,,
G3894,παραπικρασμός,New Testament,Greek,,From G3893,,
G3895,παραπίπτω,New Testament,Greek,,From G3844+G4098,,
G3896,παραπλέω,New Testament,Greek,,From G3844+G4126,,
G3897,παραπλήσιον,New Testament,Greek,,From G3844+G4139,,
G3898,παραπλησίως,New Testament,Greek,,From G3897,,
G3899,παραπορεύομαι,New Testament,Greek,,From G3844+G4198,,
G3900,παράπτωμα,New Testament,Greek,,From G3895,,
G3901,παραῤῥυέω,New Testament,Greek,,From G3844+G4482,,
G3902,παράσημος,New Testament,Greek,,From G3844+G4591,,
G3903,παρασκευάζω,New Testament,Greek,,From G3844+G4632,,
G3904,παρασκευή,New Testament,Greek,,From G3903,,
G3905,παρατείνω,New Testament,Greek,,From G3844,,
G3906,παρατηρέω,New Testament,Greek,,From G3844+G5083,,
G3907,παρατήρησις,New Testament,Greek,,From G3906,,
G3908,παρατίθημι,New Testament,Greek,,From G3844+G5087,,
G3909,παρατυγχάνω,New Testament,Greek,,From G3844+G5177,,
G3910,παραυτίκα,New Testament,Greek,,From G3844+G846,,
G3911,παραφέρω,New Testament,Greek,,From G3844+G5342,,
G3912,παραφρονέω,New Testament,Greek,,From G3844+G5426,,
G3913,παραφρονία,New Testament,Greek,,From G3912,,
G3914,παραχειμάζω,New Testament,Greek,,From G3844+G5492,,
G3915,παραχειμασία,New Testament,Greek,,From G3914,,
G3916,παραχρῆμα,New Testament,Greek,,From G3844+G5536,,
G3917,πάρδαλις,New Testament,Greek,,πάρδαλις,,
G3918,πάρειμι,New Testament,Greek,,From G3844+G1510,,
G3919,παρεισάγω,New Testament,Greek,,From G3844+G1521,,
G3920,παρείσακτος,New Testament,Greek,,From G3919,,
G3921,παρεισδύνω,New Testament,Greek,,From G3844+G1519+G1416,,
G3922,παρεισέρχομαι,New Testament,Greek,,From G3844+G1525,,
G3923,παρεισφέρω,New Testament,Greek,,From G3844+G1533,,
G3924,παρεκτός,New Testament,Greek,,From G3844+G1622,,
G3925,παρεμβολή,New Testament,Greek,,From G3844+G1685,,
G3926,παρενοχλέω,New Testament,Greek,,From G3844+G1776,,
G3927,παρεπίδημος,New Testament,Greek,,From G3844+G1927,,
G3928,παρέρχομαι,New Testament,Greek,,From G3844+G2064,,
G3929,πάρεσις,New Testament,Greek,,From G2935,,
G3930,παρέχω,New Testament,Greek,,From G3844+G2192,,
G3931,παρηγορία,New Testament,Greek,,From G3844+G58,,
G3932,παρθενία,New Testament,Greek,,From G3933,,
G3933,παρθένος,New Testament,Greek,,παρθένος,,
G3934,Πάρθος,New Testament,Greek,,Πάρθος,,
G3935,παρίημι,New Testament,Greek,,From G3844,,
G3936,παριστάνω,New Testament,Greek,,From G3844+G2476,,
G3937,Παρμενᾶς,New Testament,Greek,,From G3844+G3306,,
G3938,πάροδος,New Testament,Greek,,From G3844+G3598,,
G3939,παροικέω,New Testament,Greek,,From G3844+G3611,,
G3940,παροικία,New Testament,Greek,,From G3941,,
G3941,πάροικος,New Testament,Greek,,From G3844+G3624,,
G3942,παροιμία,New Testament,Greek,,From G3844+G3633,,
G3943,πάροινος,New Testament,Greek,,From G3844+G3631,,
G3944,παροίχομαι,New Testament,Greek,,From G3844,,
G3945,παρομοιάζω,New Testament,Greek,,From G3946,,
G3946,παρόμοιος,New Testament,Greek,,From G3844+G3664,,
G3947,παροξύνω,New Testament,Greek,,From G3844+G3691,,
G3948,παροξυσμός,New Testament,Greek,,From G3947,,
G3949,παροργίζω,New Testament,Greek,,From G3844+G3710,,
G3950,παροργισμός,New Testament,Greek,,From G3949,,
G3951,παροτρύνω,New Testament,Greek,,From G3844,,
G3952,παρουσία,New Testament,Greek,,From G3918,,
G3953,παροψίς,New Testament,Greek,,From G3844+G3795,,
G3954,παῤῥησία,New Testament,Greek,,From G3956+G4483,,
G3955,παῤῥησιάζομαι,New Testament,Greek,,From G3954,,
G3956,πᾶς,New Testament,Greek,,πᾶς,,
G3957,πάσχα,New Testament,Greek,,From H6453,,
G3958,πένθω,New Testament,Greek,,πένθω,,
G3959,Πάταρα,New Testament,Greek,,Πάταρα,,
G3960,πατάσσω,New Testament,Greek,,From G3817,,
G3961,πατέω,New Testament,Greek,,From G3817,,
G3962,πατήρ,New Testament,Greek,,πατήρ,తండ్రి,
G3963,Πάτμος,New Testament,Greek,,Πάτμος,,
G3964,πατραλῴας,New Testament,Greek,,From G3962+G3389,,
G3965,πατριά,New Testament,Greek,,From G3962,,
G3966,πατριάρχης,New Testament,Greek,,From G3965+G757,,
G3967,πατρικός,New Testament,Greek,,From G3962,,
G3968,πατρίς,New Testament,Greek,,From G3902,,
G3969,Πατροβᾶς,New Testament,Greek,,From G3962+G979,,
G3970,πατροπαράδοτος,New Testament,Greek,,From G3962+G3860,,
G3971,πατρῷος,New Testament,Greek,,From G3962,,
G3972,Παῦλος,New Testament,Greek,,Παῦλος,,
G3973,παύω,New Testament,Greek,,παύω,,
G3974,Πάφος,New Testament,Greek,,Πάφος,,
G3975,παχύνω,New Testament,Greek,,From G4078,,
G3976,πέδη,New Testament,Greek,,From G4228,,
G3977,πεδινός,New Testament,Greek,,From G4228,,
G3978,πεζεύω,New Testament,Greek,,From G3979,,
G3979,πεζῇ,New Testament,Greek,,From G4228,,
G3980,πειθαρχέω,New Testament,Greek,,From G3982+G757,,
G3981,πειθός,New Testament,Greek,,From G3982,,
G3982,πείθω,New Testament,Greek,,πείθω,,
G3983,πεινάω,New Testament,Greek,,From G3993,,
G3984,πεῖρα,New Testament,Greek,,From G4008,,
G3985,πειράζω,New Testament,Greek,,From G3984,,
G3986,πειρασμός,New Testament,Greek,,From G3985,,
G3987,πειράω,New Testament,Greek,,From G3984,,
G3988,πεισμονή,New Testament,Greek,,From G3982,,
G3989,πέλαγος,New Testament,Greek,,πέλαγος,,
G3990,πελεκίζω,New Testament,Greek,,From G4141,,
G3991,πέμπτος,New Testament,Greek,,From G4002,,
G3992,πέμπω,New Testament,Greek,,πέμπω,,
G3993,πένης,New Testament,Greek,,πένης,,
G3994,πενθερά,New Testament,Greek,,From G3995,,
G3995,πενθερός,New Testament,Greek,,πενθερός,,
G3996,πενθέω,New Testament,Greek,,From G3997,,
G3997,πένθος,New Testament,Greek,,From G3958,,
G3998,πενιχρός,New Testament,Greek,,From G3993,,
G3999,πεντάκις,New Testament,Greek,,From G4002,,
G4000,πεντακισχίλιοι,New Testament,Greek,,From G3999+G5507,,
G4001,πεντακόσιοι,New Testament,Greek,,From G4002+G1540,,
G4002,πέντε,New Testament,Greek,,πέντε,,
G4003,πεντεκαιδέκατος,New Testament,Greek,,From G4002+G2532+G1182,,
G4004,πεντήκοντα,New Testament,Greek,,From G4002,,
G4005,πεντηκοστή,New Testament,Greek,,From G4004,,
G4006,πεποίθησις,New Testament,Greek,,From G3958,,
G4007,περ,New Testament,Greek,,From G4008,,
G4008,πέραν,New Testament,Greek,,πέραν,,
G4009,πέρας,New Testament,Greek,,From G4008,,
G4010,Πέργαμος,New Testament,Greek,,From G4444,,
G4011,Πέργη,New Testament,Greek,,From G4010,,
G4012,περί,New Testament,Greek,,From G4008,,
G4013,περιάγω,New Testament,Greek,,From G4012+G71,,
G4014,περιαιρέω,New Testament,Greek,,From G4012+G138,,
G4015,περιαστράπτω,New Testament,Greek,,From G4012+G797,,
G4016,περιβάλλω,New Testament,Greek,,From G4012+G906,,
G4017,περιβλέπω,New Testament,Greek,,From G4012+G991,,
G4018,περιβόλαιον,New Testament,Greek,,From G4016,,
G4019,περιδέω,New Testament,Greek,,From G4012+G1210,,
G4020,περιεργάζομαι,New Testament,Greek,,From G4012+G2038,,
G4021,περίεργος,New Testament,Greek,,From G4012+G2041,,
G4022,περιέρχομαι,New Testament,Greek,,From G4012+G2064,,
G4023,περιέχω,New Testament,Greek,,From G4012+G2192,,
G4024,περιζώννυμι,New Testament,Greek,,From G4012+G2224,,
G4025,περίθεσις,New Testament,Greek,,From G4060,,
G4026,περιΐστημι,New Testament,Greek,,From G4012+G2476,,
G4027,περικάθαρμα,New Testament,Greek,,From G4012+G2508,,
G4028,περικαλύπτω,New Testament,Greek,,From G4012+G2572,,
G4029,περίκειμαι,New Testament,Greek,,From G4012+G2749,,
G4030,περικεφαλαία,New Testament,Greek,,From G4012+G2776,,
G4031,περικρατής,New Testament,Greek,,From G4012+G2904,,
G4032,περικρύπτω,New Testament,Greek,,From G4012+G2928,,
G4033,περικυκλόω,New Testament,Greek,,From G4012+G2944,,
G4034,περιλάμπω,New Testament,Greek,,From G4012+G2989,,
G4035,περιλείπω,New Testament,Greek,,From G4012+G3007,,
G4036,περίλυπος,New Testament,Greek,,From G4012+G3077,,
G4037,περιμένω,New Testament,Greek,,From G4012+G3306,,
G4038,πέριξ,New Testament,Greek,,From G4012,,
G4039,περιοικέω,New Testament,Greek,,From G4012+G3611,,
G4040,περίοικος,New Testament,Greek,,From G4012+G3624,,
G4041,περιούσιος,New Testament,Greek,,From G1510,,
G4042,περιοχή,New Testament,Greek,,From G4023,,
G4043,περιπατέω,New Testament,Greek,,From G4012+G3961,,
G4044,περιπείρω,New Testament,Greek,,From G4012+G4008,,
G4045,περιπίπτω,New Testament,Greek,,From G4012+G4098,,
G4046,περιποιέομαι,New Testament,Greek,,From G4012+G4160,,
G4047,περιποίησις,New Testament,Greek,,From G4046,,
G4048,περιῤῥήγνυμι,New Testament,Greek,,From G4012+G4486,,
G4049,περισπάω,New Testament,Greek,,From G4012+G4685,,
G4050,περισσεία,New Testament,Greek,,From G4052,,
G4051,περίσσευμα,New Testament,Greek,,From G4052,,
G4052,περισσεύω,New Testament,Greek,,From G4053,,
G4053,περισσός,New Testament,Greek,,From G4012,,
G4054,περισσότερον,New Testament,Greek,,From G4055,,
G4055,περισσότερος,New Testament,Greek,,From G4053,,
G4056,περισσοτέρως,New Testament,Greek,,From G4055,,
G4057,περισσῶς,New Testament,Greek,,From G4053,,
G4058,περιστερά,New Testament,Greek,,περιστερά,,
G4059,περιτέμνω,New Testament,Greek,,From G4012+G5114,,
G4060,περιτίθημι,New Testament,Greek,,From G4012+G5087,,
G4061,περιτομή,New Testament,Greek,,From G4059,,
G4062,περιτρέπω,New Testament,Greek,,From G4012+G5157,,
G4063,περιτρέχω,New Testament,Greek,,From G4012+G5143,,
G4064,περιφέρω,New Testament,Greek,,From G4012+G5342,,
G4065,περιφρονέω,New Testament,Greek,,From G4012+G5426,,
G4066,περίχωρος,New Testament,Greek,,From G4012+G5561,,
G4067,περίψωμα,New Testament,Greek,,From G4012,,
G4068,περπερεύομαι,New Testament,Greek,,περπερεύομαι,,
G4069,Περσίς,New Testament,Greek,,Περσίς,,
G4070,πέρυσι,New Testament,Greek,,From G4009,,
G4071,πετεινόν,New Testament,Greek,,From G4072,,
G4072,πτάομαι,New Testament,Greek,,πτάομαι,,
G4073,πέτρα,New Testament,Greek,,From G4074,,
G4074,Πέτρος,New Testament,Greek,,Πέτρος,,
G4075,πετρώδης,New Testament,Greek,,From G4073+G1491,,
G4076,πήγανον,New Testament,Greek,,From G4078,,
G4077,πηγή,New Testament,Greek,,From G4078,,
G4078,πήγνυμι,New Testament,Greek,,πήγνυμι,,
G4079,πηδάλιον,New Testament,Greek,,From G3976,,
G4080,πηλίκος,New Testament,Greek,,From G4225,,
G4081,πηλός,New Testament,Greek,,πηλός,,
G4082,πήρα,New Testament,Greek,,πήρα,,
G4083,πῆχυς,New Testament,Greek,,πῆχυς,,
G4084,πιάζω,New Testament,Greek,,From G971,,
G4085,πιέζω,New Testament,Greek,,From G4084,,
G4086,πιθανολογία,New Testament,Greek,,From G3982+G3056,,
G4087,πικραίνω,New Testament,Greek,,From G4089,,
G4088,πικρία,New Testament,Greek,,From G4089,,
G4089,πικρός,New Testament,Greek,,From G4078,,
G4090,πικρῶς,New Testament,Greek,,From G4089,,
G4091,Πιλᾶτος,New Testament,Greek,,Πιλᾶτος,,
G4092,πίμπρημι,New Testament,Greek,,πίμπρημι,,
G4093,πινακίδιον,New Testament,Greek,,From G4094,,
G4094,πίναξ,New Testament,Greek,,From G4109,,
G4095,πίνω,New Testament,Greek,,πίνω,,
G4096,πιότης,New Testament,Greek,,From G4095,,
G4097,πράω,New Testament,Greek,,πράω,,
G4098,πέτω,New Testament,Greek,,From G4072,,
G4099,Πισιδία,New Testament,Greek,,Πισιδία,,
G4100,πιστεύω,New Testament,Greek,,From G4102,"నమ్మకం, విశ్వాసం కలిగి ఉండాలి",
G4101,πιστικός,New Testament,Greek,,From G4102,,
G4102,πίστις,New Testament,Greek,,From G3982,"విశ్వాసం, విశ్వాసం",
G4103,πιστός,New Testament,Greek,,From G3982,,
G4104,πιστόω,New Testament,Greek,,From G4103,,
G4105,πλανάω,New Testament,Greek,,From G4106,,
G4106,πλάνη,New Testament,Greek,,From G4108,,
G4107,πλανήτης,New Testament,Greek,,From G4108,,
G4108,πλάνος,New Testament,Greek,,πλάνος,,
G4109,πλάξ,New Testament,Greek,,From G4111,,
G4110,πλάσμα,New Testament,Greek,,From G4111,,
G4111,πλάσσω,New Testament,Greek,,πλάσσω,,
G4112,πλαστός,New Testament,Greek,,From G4111,,
G4113,πλατεῖα,New Testament,Greek,,From G4116,,
G4114,πλάτος,New Testament,Greek,,From G4116,,
G4115,πλατύνω,New Testament,Greek,,From G4116,,
G4116,πλατύς,New Testament,Greek,,From G4111,,
G4117,πλέγμα,New Testament,Greek,,From G4120,,
G4118,πλεῖστος,New Testament,Greek,,From G4183,,
G4119,πλέον,New Testament,Greek,,From G4183,,
G4120,πλέκω,New Testament,Greek,,πλέκω,,
G4121,πλεονάζω,New Testament,Greek,,From G4119,,
G4122,πλεονεκτέω,New Testament,Greek,,From G4123,,
G4123,πλεονέκτης,New Testament,Greek,,From G4119+G2192,,
G4124,πλεονεξία,New Testament,Greek,,From G4123,,
G4125,πλευρά,New Testament,Greek,,πλευρά,,
G4126,πλεύω,New Testament,Greek,,From G4150,,
G4127,πληγή,New Testament,Greek,,From G4141,,
G4128,πλῆθος,New Testament,Greek,,From G4130,,
G4129,πληθύνω,New Testament,Greek,,From G4128,,
G4130,πλήθω,New Testament,Greek,,πλήθω,,
G4131,πλήκτης,New Testament,Greek,,From G4141,,
G4132,πλήμμυρα,New Testament,Greek,,From G4130,,
G4133,πλήν,New Testament,Greek,,From G4119,,
G4134,πλήρης,New Testament,Greek,,From G4130,,
G4135,πληροφορέω,New Testament,Greek,,From G4134+G5409,,
G4136,πληροφορία,New Testament,Greek,,From G4135,,
G4137,πληρόω,New Testament,Greek,,From G4134,,
G4138,πλήρωμα,New Testament,Greek,,From G4137,,
G4139,πλησίον,New Testament,Greek,,πλησίον,,
G4140,πλησμονή,New Testament,Greek,,From G4130,,
G4141,πλήσσω,New Testament,Greek,,From G4111,,
G4142,πλοιάριον,New Testament,Greek,,From G4143,,
G4143,πλοῖον,New Testament,Greek,,From G4126,,
G4144,πλόος,New Testament,Greek,,From G4126,,
G4145,πλούσιος,New Testament,Greek,,From G4149,,
G4146,πλουσίως,New Testament,Greek,,From G4145,,
G4147,πλουτέω,New Testament,Greek,,From G4148,,
G4148,πλουτίζω,New Testament,Greek,,From G4149,,
G4149,πλοῦτος,New Testament,Greek,,From G4130,,
G4150,πλύνω,New Testament,Greek,,πλύνω,,
G4151,πνεῦμα,New Testament,Greek,,From G4154,"ఆత్మ, శ్వాస",
G4152,πνευματικός,New Testament,Greek,,From G4151,,
G4153,πνευματικῶς,New Testament,Greek,,From G4152,,
G4154,πνέω,New Testament,Greek,,πνέω,,
G4155,πνίγω,New Testament,Greek,,From G4154,,
G4156,πνικτός,New Testament,Greek,,From G4155,,
G4157,πνοή,New Testament,Greek,,From G4154,,
G4158,ποδήρης,New Testament,Greek,,From G4228,,
G4159,πόθεν,New Testament,Greek,,From G4213,,
G4160,ποιέω,New Testament,Greek,,ποιέω,"చేయుటకు, చేయుటకు",
G4161,ποίημα,New Testament,Greek,,From G4160,,
G4162,ποίησις,New Testament,Greek,,From G4160,,
G4163,ποιητής,New Testament,Greek,,From G4160,,
G4164,ποικίλος,New Testament,Greek,,ποικίλος,,
G4165,ποιμαίνω,New Testament,Greek,,From G4166,,
G4166,ποιμήν,New Testament,Greek,,ποιμήν,,
G4167,ποίμνη,New Testament,Greek,,From G4165,,
G4168,ποίμνιον,New Testament,Greek,,From G4167,,
G4169,ποῖος,New Testament,Greek,,From G4226+G3634,,
G4170,πολεμέω,New Testament,Greek,,From G4171,,
G4171,πόλεμος,New Testament,Greek,,πόλεμος,,
G4172,πόλις,New Testament,Greek,,From G4171+G4183,,
G4173,πολιτάρχης,New Testament,Greek,,From G4172+G757,,
G4174,πολιτεία,New Testament,Greek,,From G4177,,
G4175,πολίτευμα,New Testament,Greek,,From G4176,,
G4176,πολιτεύομαι,New Testament,Greek,,From G4177,,
G4177,πολίτης,New Testament,Greek,,From G4172,,
G4178,πολλάκις,New Testament,Greek,,From G4183,,
G4179,πολλαπλασίων,New Testament,Greek,,From G4183+G4120,,
G4180,πολυλογία,New Testament,Greek,,From G4183+G3056,,
G4181,πολυμερῶς,New Testament,Greek,,From G4183+G3313,,
G4182,πολυποίκιλος,New Testament,Greek,,From G4183+G4164,,
G4183,πολύς,New Testament,Greek,,πολύς,,
G4184,πολύσπλαγχνος,New Testament,Greek,,From G4183+G4698,,
G4185,πολυτελής,New Testament,Greek,,From G4183+G5056,,
G4186,πολύτιμος,New Testament,Greek,,From G4183+G5092,,
G4187,πολυτρόπως,New Testament,Greek,,From G4183+G5158,,
G4188,πόμα,New Testament,Greek,,From G4095,,
G4189,πονηρία,New Testament,Greek,,From G4190,,
G4190,πονηρός,New Testament,Greek,,From G4192,,
G4191,πονηρότερος,New Testament,Greek,,From G4190,,
G4192,πόνος,New Testament,Greek,,From G3993,,
G4193,Ποντικός,New Testament,Greek,,From G4195,,
G4194,Πόντιος,New Testament,Greek,,Πόντιος,,
G4195,Πόντος,New Testament,Greek,,Πόντος,,
G4196,Πόπλιος,New Testament,Greek,,Πόπλιος,,
G4197,πορεία,New Testament,Greek,,From G4198,,
G4198,πορεύομαι,New Testament,Greek,,From G3984,,
G4199,πορθέω,New Testament,Greek,,πορθέω,,
G4200,πορισμός,New Testament,Greek,,πορισμός,,
G4201,Πόρκιος,New Testament,Greek,,Πόρκιος,,
G4202,πορνεία,New Testament,Greek,,From G4203,,
G4203,πορνεύω,New Testament,Greek,,From G4204,,
G4204,πόρνη,New Testament,Greek,,From G4205,,
G4205,πόρνος,New Testament,Greek,,From G4097,,
G4206,πόῤῥω,New Testament,Greek,,From G4253,,
G4207,πόῤῥωθεν,New Testament,Greek,,From G4206,,
G4208,ποῤῥωτέρω,New Testament,Greek,,From G4206,,
G4209,πορφύρα,New Testament,Greek,,πορφύρα,,
G4210,πορφυροῦς,New Testament,Greek,,From G4209,,
G4211,πορφυρόπωλις,New Testament,Greek,,From G4209+G4453,,
G4212,ποσάκις,New Testament,Greek,,From G4214,,
G4213,πόσις,New Testament,Greek,,From G4095,,
G4214,πόσος,New Testament,Greek,,From G3739,,
G4215,ποταμός,New Testament,Greek,,From G4095+G4224,,
G4216,ποταμοφόρητος,New Testament,Greek,,From G4215+G5409,,
G4217,ποταπός,New Testament,Greek,,From G4219+G4226,,
G4218,ποτέ,New Testament,Greek,,From G4225+G5037,,
G4219,πότε,New Testament,Greek,,From G4226+G5037,,
G4220,πότερον,New Testament,Greek,,From G4226,,
G4221,ποτήριον,New Testament,Greek,,From G4095,,
G4222,ποτίζω,New Testament,Greek,,From G4095,,
G4223,Ποτίολοι,New Testament,Greek,,Ποτίολοι,,
G4224,πότος,New Testament,Greek,,From G4095,,
G4225,πού,New Testament,Greek,,From G4214,,
G4226,ποῦ,New Testament,Greek,,From G4225,,
G4227,Πούδης,New Testament,Greek,,Πούδης,,
G4228,πούς,New Testament,Greek,,πούς,,
G4229,πρᾶγμα,New Testament,Greek,,From G4238,,
G4230,πραγματεία,New Testament,Greek,,From G4231,,
G4231,πραγματεύομαι,New Testament,Greek,,From G4229,,
G4232,πραιτώριον,New Testament,Greek,,πραιτώριον,,
G4233,πράκτωρ,New Testament,Greek,,From G4238,,
G4234,πρᾶξις,New Testament,Greek,,From G4238,,
G4235,πρᾷος,New Testament,Greek,,From G4239,,
G4236,πρᾳότης,New Testament,Greek,,From G4235,,
G4237,πρασιά,New Testament,Greek,,πρασιά,,
G4238,πράσσω,New Testament,Greek,,πράσσω,,
G4239,πραΰς,New Testament,Greek,,πραΰς,,
G4240,πραΰτης,New Testament,Greek,,From G4239,,
G4241,πρέπω,New Testament,Greek,,πρέπω,,
G4242,πρεσβεία,New Testament,Greek,,From G4243,,
G4243,πρεσβεύω,New Testament,Greek,,From G4245,,
G4244,πρεσβυτέριον,New Testament,Greek,,From G4245,,
G4245,πρεσβύτερος,New Testament,Greek,,πρεσβύτερος,,
G4246,πρεσβύτης,New Testament,Greek,,From G4245,,
G4247,πρεσβῦτις,New Testament,Greek,,From G4246,,
G4248,πρηνής,New Testament,Greek,,From G4253,,
G4249,πρίζω,New Testament,Greek,,πρίζω,,
G4250,πρίν,New Testament,Greek,,From G4253,,
G4251,Πρίσκα,New Testament,Greek,,Πρίσκα,,
G4252,Πρίσκιλλα,New Testament,Greek,,From G4251,,
G4253,πρό,New Testament,Greek,,πρό,,
G4254,προάγω,New Testament,Greek,,From G4253+G71,,
G4255,προαιρέομαι,New Testament,Greek,,From G4253+G138,,
G4256,προαιτιάομαι,New Testament,Greek,,From G4253+G156,,
G4257,προακούω,New Testament,Greek,,From G4253+G191,,
G4258,προαμαρτάνω,New Testament,Greek,,From G4253+G264,,
G4259,προαύλιον,New Testament,Greek,,From G4253+G833,,
G4260,προβαίνω,New Testament,Greek,,From G4253+G939,,
G4261,προβάλλω,New Testament,Greek,,From G4253+G906,,
G4262,προβατικός,New Testament,Greek,,From G4263,,
G4263,πρόβατον,New Testament,Greek,,From G4260,,
G4264,προβιβάζω,New Testament,Greek,,From G4253+G971,,
G4265,προβλέπω,New Testament,Greek,,From G4253+G991,,
G4266,προγίνομαι,New Testament,Greek,,From G4253+G1096,,
G4267,προγινώσκω,New Testament,Greek,,From G4253+G1097,,
G4268,πρόγνωσις,New Testament,Greek,,From G4267,,
G4269,πρόγονος,New Testament,Greek,,From G4266,,
G4270,προγράφω,New Testament,Greek,,From G4253+G1125,,
G4271,πρόδηλος,New Testament,Greek,,From G4253+G1212,,
G4272,προδίδωμι,New Testament,Greek,,From G4253+G1325,,
G4273,προδότης,New Testament,Greek,,From G4272,,
G4274,πρόδρομος,New Testament,Greek,,From G4390,,
G4275,προείδω,New Testament,Greek,,From G4253+G1492,,
G4276,προελπίζω,New Testament,Greek,,From G4253+G1679,,
G4277,προέπω,New Testament,Greek,,From G4253+G2036,,
G4278,προενάρχομαι,New Testament,Greek,,From G4253+G1728,,
G4279,προεπαγγέλλομαι,New Testament,Greek,,From G4253+G1861,,
G4280,προερέω,New Testament,Greek,,From G4253+G2046,,
G4281,προέρχομαι,New Testament,Greek,,From G4253+G2064,,
G4282,προετοιμάζω,New Testament,Greek,,From G4253+G2090,,
G4283,προευαγγελίζομαι,New Testament,Greek,,From G4253+G2097,,
G4284,προέχομαι,New Testament,Greek,,From G4253+G2192,,
G4285,προηγέομαι,New Testament,Greek,,From G4253+G2233,,
G4286,πρόθεσις,New Testament,Greek,,From G4388,,
G4287,προθέσμιος,New Testament,Greek,,From G4253+G5087,,
G4288,προθυμία,New Testament,Greek,,From G4289,,
G4289,πρόθυμος,New Testament,Greek,,From G4253+G2372,,
G4290,προθύμως,New Testament,Greek,,From G4289,,
G4291,προΐστημι,New Testament,Greek,,From G4253+G2476,,
G4292,προκαλέομαι,New Testament,Greek,,From G4253+G2564,,
G4293,προκαταγγέλλω,New Testament,Greek,,From G4253+G2605,,
G4294,προκαταρτίζω,New Testament,Greek,,From G4253+G2675,,
G4295,πρόκειμαι,New Testament,Greek,,From G4253+G2749,,
G4296,προκηρύσσω,New Testament,Greek,,From G4253+G2784,,
G4297,προκοπή,New Testament,Greek,,From G4298,,
G4298,προκόπτω,New Testament,Greek,,From G4253+G2875,,
G4299,πρόκριμα,New Testament,Greek,,From G4253+G2919,,
G4300,προκυρόω,New Testament,Greek,,From G4253+G2964,,
G4301,προλαμβάνω,New Testament,Greek,,From G4253+G2983,,
G4302,προλέγω,New Testament,Greek,,From G4253+G3004,,
G4303,προμαρτύρομαι,New Testament,Greek,,From G4253+G3143,,
G4304,προμελετάω,New Testament,Greek,,From G4253+G3191,,
G4305,προμεριμνάω,New Testament,Greek,,From G4253+G3309,,
G4306,προνοέω,New Testament,Greek,,From G4253+G3539,,
G4307,πρόνοια,New Testament,Greek,,From G4306,,
G4308,προοράω,New Testament,Greek,,From G4253+G3708,,
G4309,προορίζω,New Testament,Greek,,From G4253+G3724,,
G4310,προπάσχω,New Testament,Greek,,From G4253+G3958,,
G4311,προπέμπω,New Testament,Greek,,From G4253+G3992,,
G4312,προπετής,New Testament,Greek,,From G4253+G4098,,
G4313,προπορεύομαι,New Testament,Greek,,From G4253+G4198,,
G4314,πρός,New Testament,Greek,,From G4253,,
G4315,προσάββατον,New Testament,Greek,,From G4253+G4521,,
G4316,προσαγορεύω,New Testament,Greek,,From G4314+G58,,
G4317,προσάγω,New Testament,Greek,,From G4314+G71,,
G4318,προσαγωγή,New Testament,Greek,,From G4317+G72,,
G4319,προσαιτέω,New Testament,Greek,,From G4314+G154,,
G4320,προσαναβαίνω,New Testament,Greek,,From G4314+G305,,
G4321,προσαναλίσκω,New Testament,Greek,,From G4314+G355,,
G4322,προσαναπληρόω,New Testament,Greek,,From G4314+G378,,
G4323,προσανατίθημι,New Testament,Greek,,From G4314+G394,,
G4324,προσαπειλέω,New Testament,Greek,,From G4314+G546,,
G4325,προσδαπανάω,New Testament,Greek,,From G4314+G1159,,
G4326,προσδέομαι,New Testament,Greek,,From G4314+G1189,,
G4327,προσδέχομαι,New Testament,Greek,,From G4314+G1209,,
G4328,προσδοκάω,New Testament,Greek,,From G4314,,
G4329,προσδοκία,New Testament,Greek,,From G4328,,
G4330,προσεάω,New Testament,Greek,,From G4314+G1439,,
G4331,προσεγγίζω,New Testament,Greek,,From G4314+G1448,,
G4332,προσεδρεύω,New Testament,Greek,,From G4314+G1476,,
G4333,προσεργάζομαι,New Testament,Greek,,From G4314+G2038,,
G4334,προσέρχομαι,New Testament,Greek,,From G4314+G2064,,
G4335,προσευχή,New Testament,Greek,,From G4336,,
G4336,προσεύχομαι,New Testament,Greek,,From G4314+G2172,,
G4337,προσέχω,New Testament,Greek,,From G4314+G2192,,
G4338,προσηλόω,New Testament,Greek,,From G4314+G2247,,
G4339,προσήλυτος,New Testament,Greek,,From G4334,,
G4340,πρόσκαιρος,New Testament,Greek,,From G4314+G2540,,
G4341,προσκαλέομαι,New Testament,Greek,,From G4314+G2564,,
G4342,προσκαρτερέω,New Testament,Greek,,From G4314+G2594,,
G4343,προσκαρτέρησις,New Testament,Greek,,From G4342,,
G4344,προσκεφάλαιον,New Testament,Greek,,From G4314+G2776,,
G4345,προσκληρόω,New Testament,Greek,,From G4314+G2820,,
G4346,πρόσκλισις,New Testament,Greek,,From G4314+G2827,,
G4347,προσκολλάω,New Testament,Greek,,From G4314+G2853,,
G4348,πρόσκομμα,New Testament,Greek,,From G4350,,
G4349,προσκοπή,New Testament,Greek,,From G4350,,
G4350,προσκόπτω,New Testament,Greek,,From G4314+G2875,,
G4351,προσκυλίω,New Testament,Greek,,From G4314+G2947,,
G4352,προσκυνέω,New Testament,Greek,,From G4314+G2965,,
G4353,προσκυνητής,New Testament,Greek,,From G4352,,
G4354,προσλαλέω,New Testament,Greek,,From G4314+G2980,,
G4355,προσλαμβάνω,New Testament,Greek,,From G4314+G2983,,
G4356,πρόσληψις,New Testament,Greek,,From G4355,,
G4357,προσμένω,New Testament,Greek,,From G4314+G3306,,
G4358,προσορμίζω,New Testament,Greek,,From G4314+G3730,,
G4359,προσοφείλω,New Testament,Greek,,From G4314+G3784,,
G4360,προσοχθίζω,New Testament,Greek,,From G4314,,
G4361,πρόσπεινος,New Testament,Greek,,From G4314+G3983,,
G4362,προσπήγνυμι,New Testament,Greek,,From G4314+G4078,,
G4363,προσπίπτω,New Testament,Greek,,From G4314+G4098,,
G4364,προσποιέομαι,New Testament,Greek,,From G4314+G4160,,
G4365,προσπορεύομαι,New Testament,Greek,,From G4314+G4198,,
G4366,προσρήγνυμι,New Testament,Greek,,From G4314+G4486,,
G4367,προστάσσω,New Testament,Greek,,From G4314+G5021,,
G4368,προστάτις,New Testament,Greek,,From G4291,,
G4369,προστίθημι,New Testament,Greek,,From G4314+G5087,,
G4370,προστρέχω,New Testament,Greek,,From G4314+G5143,,
G4371,προσφάγιον,New Testament,Greek,,From G4314+G5315,,
G4372,πρόσφατος,New Testament,Greek,,From G4253+G4969,,
G4373,προσφάτως,New Testament,Greek,,From G4372,,
G4374,προσφέρω,New Testament,Greek,,From G4314+G5342,,
G4375,προσφιλής,New Testament,Greek,,From G4314+G5368,,
G4376,προσφορά,New Testament,Greek,,From G4374,,
G4377,προσφωνέω,New Testament,Greek,,From G4314+G5455,,
G4378,πρόσχυσις,New Testament,Greek,,From G4314,,
G4379,προσψαύω,New Testament,Greek,,From G4314,,
G4380,προσωποληπτέω,New Testament,Greek,,From G4381,,
G4381,προσωπολήπτης,New Testament,Greek,,From G4383+G2983,,
G4382,προσωποληψία,New Testament,Greek,,From G4381,,
G4383,πρόσωπον,New Testament,Greek,,From G4314+G3700,,
G4384,προτάσσω,New Testament,Greek,,From G4253+G5021,,
G4385,προτείνω,New Testament,Greek,,From G4253,,
G4386,πρότερον,New Testament,Greek,,From G4387,,
G4387,πρότερος,New Testament,Greek,,From G4253,,
G4388,προτίθεμαι,New Testament,Greek,,From G4253+G5087,,
G4389,προτρέπομαι,New Testament,Greek,,From G4253+G5157,,
G4390,προτρέχω,New Testament,Greek,,From G4253+G5143,,
G4391,προϋπάρχω,New Testament,Greek,,From G4253+G5225,,
G4392,πρόφασις,New Testament,Greek,,From G4253+G5316,,
G4393,προφέρω,New Testament,Greek,,From G4253+G5342,,
G4394,προφητεία,New Testament,Greek,,From G4396,,
G4395,προφητεύω,New Testament,Greek,,From G4396,,
G4396,προφήτης,New Testament,Greek,,From G4253+G5346,ప్రవక్త,
G4397,προφητικός,New Testament,Greek,,From G4396,,
G4398,προφῆτις,New Testament,Greek,,From G4396,,
G4399,προφθάνω,New Testament,Greek,,From G4253+G5348,,
G4400,προχειρίζομαι,New Testament,Greek,,From G4253+G5495,,
G4401,προχειροτονέω,New Testament,Greek,,From G4253+G5500,,
G4402,Πρόχορος,New Testament,Greek,,From G4253+G5525,,
G4403,πρύμνα,New Testament,Greek,,πρύμνα,,
G4404,πρωΐ,New Testament,Greek,,From G4253,,
G4405,πρωΐα,New Testament,Greek,,From G4404,,
G4406,πρώϊμος,New Testament,Greek,,From G4404,,
G4407,πρωϊνός,New Testament,Greek,,From G4404,,
G4408,πρῶρα,New Testament,Greek,,From G4253,,
G4409,πρωτεύω,New Testament,Greek,,From G4413,,
G4410,πρωτοκαθεδρία,New Testament,Greek,,From G4413+G2515,,
G4411,πρωτοκλισία,New Testament,Greek,,From G4413+G2828,,
G4412,πρῶτον,New Testament,Greek,,From G4413+G3588,,
G4413,πρῶτος,New Testament,Greek,,From G4253,,
G4414,πρωτοστάτης,New Testament,Greek,,From G4413+G2476,,
G4415,πρωτοτόκια,New Testament,Greek,,From G4416,,
G4416,πρωτότοκος,New Testament,Greek,,From G4413+G5088,,
G4417,πταίω,New Testament,Greek,,From G4098,,
G4418,πτέρνα,New Testament,Greek,,πτέρνα,,
G4419,πτερύγιον,New Testament,Greek,,From G4420,,
G4420,πτέρυξ,New Testament,Greek,,From G4072,,
G4421,πτηνόν,New Testament,Greek,,From G4071,,
G4422,πτοέω,New Testament,Greek,,From G4098+G4072,,
G4423,πτόησις,New Testament,Greek,,From G4422,,
G4424,Πτολεμαΐς,New Testament,Greek,,Πτολεμαΐς,,
G4425,πτύον,New Testament,Greek,,From G4429,,
G4426,πτύρω,New Testament,Greek,,From G4429+G4422,,
G4427,πτύσμα,New Testament,Greek,,From G4429,,
G4428,πτύσσω,New Testament,Greek,,πτύσσω,,
G4429,πτύω,New Testament,Greek,,From G4428,,
G4430,πτῶμα,New Testament,Greek,,From G4098,,
G4431,πτῶσις,New Testament,Greek,,From G4098,,
G4432,πτωχεία,New Testament,Greek,,From G4433,,
G4433,πτωχεύω,New Testament,Greek,,From G4434,,
G4434,πτωχός,New Testament,Greek,,πτωχός,,
G4435,πυγμή,New Testament,Greek,,πυγμή,,
G4436,Πύθων,New Testament,Greek,,Πύθων,,
G4437,πυκνός,New Testament,Greek,,From G4635,,
G4438,πυκτέω,New Testament,Greek,,From G4435,,
G4439,πύλη,New Testament,Greek,,πύλη,,
G4440,πυλών,New Testament,Greek,,From G4439,,
G4441,πυνθάνομαι,New Testament,Greek,,πυνθάνομαι,,
G4442,πῦρ,New Testament,Greek,,πῦρ,,
G4443,πυρά,New Testament,Greek,,From G4442,,
G4444,πύργος,New Testament,Greek,,πύργος,,
G4445,πυρέσσω,New Testament,Greek,,From G4443,,
G4446,πυρετός,New Testament,Greek,,From G4445,,
G4447,πύρινος,New Testament,Greek,,From G4443,,
G4448,πυρόω,New Testament,Greek,,From G4442,,
G4449,πυῤῥάζω,New Testament,Greek,,From G4450,,
G4450,πυῤῥός,New Testament,Greek,,From G4442,,
G4451,πύρωσις,New Testament,Greek,,From G4448,,
G4452,‐πω,New Testament,Greek,,From G4458,,
G4453,πωλέω,New Testament,Greek,,πωλέω,,
G4454,πῶλος,New Testament,Greek,,πῶλος,,
G4455,πώποτε,New Testament,Greek,,From G4452+G4218,,
G4456,πωρόω,New Testament,Greek,,πωρόω,,
G4457,πώρωσις,New Testament,Greek,,From G4456,,
G4458,‐πώς,New Testament,Greek,,From G4225,,
G4459,πῶς,New Testament,Greek,,From G4226,,
G4460,Ῥαάβ,New Testament,Greek,,From H7343,,
G4461,ῥαββί,New Testament,Greek,,From H7227,,
G4462,ῥαββουνί,New Testament,Greek,,ῥαββουνί,,
G4463,ῥαβδίζω,New Testament,Greek,,From G4464,,
G4464,ῥάβδος,New Testament,Greek,,From G4474,,
G4465,ῥαβδοῦχος,New Testament,Greek,,From G4464+G2192,,
G4466,Ῥαγαῦ,New Testament,Greek,,From H7466,,
G4467,ῥᾳδιούργημα,New Testament,Greek,,From G2041,,
G4468,ῥᾳδιουργία,New Testament,Greek,,From G4467,,
G4469,ῥακά,New Testament,Greek,,From H7386,,
G4470,ῥάκος,New Testament,Greek,,From G4486,,
G4471,Ῥαμᾶ,New Testament,Greek,,From H7414,,
G4472,ῥαντίζω,New Testament,Greek,,ῥαντίζω,,
G4473,ῥαντισμός,New Testament,Greek,,From G4472,,
G4474,ῥαπίζω,New Testament,Greek,,ῥαπίζω,,
G4475,ῥάπισμα,New Testament,Greek,,From G4474,,
G4476,ῥαφίς,New Testament,Greek,,From G4474,,
G4477,Ῥαχάβ,New Testament,Greek,,From G4460,,
G4478,Ῥαχήλ,New Testament,Greek,,From H7354,,
G4479,Ῥεβέκκα,New Testament,Greek,,From H7259,,
G4480,ῥέδα,New Testament,Greek,,ῥέδα,,
G4481,Ῥεμφάν,New Testament,Greek,,From H3594,,
G4482,ῥέω,New Testament,Greek,,ῥέω,,
G4483,ἐρέω,New Testament,Greek,,From G4482,,
G4484,Ῥήγιον,New Testament,Greek,,Ῥήγιον,,
G4485,ῥῆγμα,New Testament,Greek,,From G4486,,
G4486,ῥήσσω,New Testament,Greek,,From G2608,,
G4487,ῥῆμα,New Testament,Greek,,From G4483,,
G4488,Ῥησά,New Testament,Greek,,From H7509,,
G4489,ῥήτωρ,New Testament,Greek,,From G4483,,
G4490,ῥητῶς,New Testament,Greek,,From G4483,,
G4491,ῥίζα,New Testament,Greek,,ῥίζα,,
G4492,ῥιζόω,New Testament,Greek,,From G4491,,
G4493,ῥιπή,New Testament,Greek,,From G4496,,
G4494,ῥιπίζω,New Testament,Greek,,From G4496,,
G4495,ῥιπτέω,New Testament,Greek,,From G4496,,
G4496,ῥίπτω,New Testament,Greek,,From G4474,,
G4497,Ῥοβοάμ,New Testament,Greek,,From H7346,,
G4498,Ῥόδη,New Testament,Greek,,Ῥόδη,,
G4499,Ῥόδος,New Testament,Greek,,Ῥόδος,,
G4500,ῥοιζηδόν,New Testament,Greek,,ῥοιζηδόν,,
G4501,ῥομφαία,New Testament,Greek,,ῥομφαία,,
G4502,Ῥουβήν,New Testament,Greek,,From H7205,,
G4503,Ῥούθ,New Testament,Greek,,From H7327,,
G4504,Ῥοῦφος,New Testament,Greek,,Ῥοῦφος,,
G4505,ῥύμη,New Testament,Greek,,From G4506,,
G4506,ῥύομαι,New Testament,Greek,,From G4482,,
G4507,ῥυπαρία,New Testament,Greek,,From G4508,,
G4508,ῥυπαρός,New Testament,Greek,,From G4509,,
G4509,ῥύπος,New Testament,Greek,,ῥύπος,,
G4510,ῥυπόω,New Testament,Greek,,From G4509,,
G4511,ῥύσις,New Testament,Greek,,From G4506+G4482,,
G4512,ῥυτίς,New Testament,Greek,,From G4506,,
G4513,Ῥωμαϊκός,New Testament,Greek,,From G4514,,
G4514,Ῥωμαῖος,New Testament,Greek,,From G4516,,
G4515,Ῥωμαϊστί,New Testament,Greek,,From G4516,,
G4516,Ῥώμη,New Testament,Greek,,From G4517,,
G4517,ῥώννυμι,New Testament,Greek,,ῥώννυμι,,
G4518,σαβαχθάνι,New Testament,Greek,,From H7662,,
G4519,σαβαώθ,New Testament,Greek,,From H6635,,
G4520,σαββατισμός,New Testament,Greek,,From G4521,,
G4521,σάββατον,New Testament,Greek,,From H7676,,
G4522,σαγήνη,New Testament,Greek,,σαγήνη,,
G4523,Σαδδουκαῖος,New Testament,Greek,,From G4524,,
G4524,Σαδώκ,New Testament,Greek,,From H6659,,
G4525,σαίνω,New Testament,Greek,,From G4579,,
G4526,σάκκος,New Testament,Greek,,From H8242,,
G4527,Σαλά,New Testament,Greek,,From H7974,,
G4528,Σαλαθιήλ,New Testament,Greek,,From H7597,,
G4529,Σαλαμίς,New Testament,Greek,,From G4535,,
G4530,Σαλείμ,New Testament,Greek,,From G4531,,
G4531,σαλεύω,New Testament,Greek,,From G4535,,
G4532,Σαλήμ,New Testament,Greek,,From H8004,,
G4533,Σαλμών,New Testament,Greek,,From H8012,,
G4534,Σαλμώνη,New Testament,Greek,,From G4529,,
G4535,σάλος,New Testament,Greek,,From G4525,,
G4536,σάλπιγξ,New Testament,Greek,,From G4535,,
G4537,σαλπίζω,New Testament,Greek,,From G4536,,
G4538,σαλπιστής,New Testament,Greek,,From G4537,,
G4539,Σαλώμη,New Testament,Greek,,From H7965,,
G4540,Σαμάρεια,New Testament,Greek,,From H8111,,
G4541,Σαμαρείτης,New Testament,Greek,,From G4540,,
G4542,Σαμαρεῖτις,New Testament,Greek,,From G4541,,
G4543,Σαμοθρᾴκη,New Testament,Greek,,From G4544,,
G4544,Σάμος,New Testament,Greek,,Σάμος,,
G4545,Σαμουήλ,New Testament,Greek,,From H8050,,
G4546,Σαμψών,New Testament,Greek,,From H8123,,
G4547,σανδάλιον,New Testament,Greek,,σανδάλιον,,
G4548,σανίς,New Testament,Greek,,σανίς,,
G4549,Σαούλ,New Testament,Greek,,From H7586,,
G4550,σαπρός,New Testament,Greek,,From G4595,,
G4551,Σαπφείρη,New Testament,Greek,,From G4552,,
G4552,σάπφειρος,New Testament,Greek,,From H5601,,
G4553,σαργάνη,New Testament,Greek,,From H8276,,
G4554,Σάρδεις,New Testament,Greek,,Σάρδεις,,
G4555,σάρδινος,New Testament,Greek,,From G4556,,
G4556,σάρδιος,New Testament,Greek,,σάρδιος,,
G4557,σαρδόνυξ,New Testament,Greek,,From G4556,,
G4558,Σάρεπτα,New Testament,Greek,,From H6886,,
G4559,σαρκικός,New Testament,Greek,,From G4561,,
G4560,σάρκινος,New Testament,Greek,,From G4561,,
G4561,σάρξ,New Testament,Greek,,From G4563,,
G4562,Σαρούχ,New Testament,Greek,,From H8286,,
G4563,σαρόω,New Testament,Greek,,From G4951,,
G4564,Σάῤῥα,New Testament,Greek,,From H8283,,
G4565,Σάρων,New Testament,Greek,,From H8289,,
G4566,Σατᾶν,New Testament,Greek,,From H7854,,
G4567,Σατανᾶς,New Testament,Greek,,From H4566,,
G4568,σάτον,New Testament,Greek,,From H5429,,
G4569,Σαῦλος,New Testament,Greek,,From G4549,,
G4570,σβέννυμι,New Testament,Greek,,σβέννυμι,,
G4571,σέ,New Testament,Greek,,From G4771,,
G4572,σεαυτοῦ,New Testament,Greek,,From G4571+G846,,
G4573,σεβάζομαι,New Testament,Greek,,From G4576,,
G4574,σέβασμα,New Testament,Greek,,From G4573,,
G4575,σεβαστός,New Testament,Greek,,From G4573,,
G4576,σέβομαι,New Testament,Greek,,σέβομαι,,
G4577,σειρά,New Testament,Greek,,From G4951,,
G4578,σεισμός,New Testament,Greek,,From G4579,,
G4579,σείω,New Testament,Greek,,σείω,,
G4580,Σεκοῦνδος,New Testament,Greek,,Σεκοῦνδος,,
G4581,Σελεύκεια,New Testament,Greek,,Σελεύκεια,,
G4582,σελήνη,New Testament,Greek,,From G138,,
G4583,σεληνιάζομαι,New Testament,Greek,,From G4582,,
G4584,Σεμεΐ,New Testament,Greek,,From H8096,,
G4585,σεμίδαλις,New Testament,Greek,,σεμίδαλις,,
G4586,σεμνός,New Testament,Greek,,From G4576,,
G4587,σεμνότης,New Testament,Greek,,From G4586,,
G4588,Σέργιος,New Testament,Greek,,Σέργιος,,
G4589,Σήθ,New Testament,Greek,,From H8352,,
G4590,Σήμ,New Testament,Greek,,From H8035,,
G4591,σημαίνω,New Testament,Greek,,σημαίνω,,
G4592,σημεῖον,New Testament,Greek,,From G4591,,
G4593,σημειόω,New Testament,Greek,,From G4592,,
G4594,σήμερον,New Testament,Greek,,From G3588+G2250,,
G4595,σήπω,New Testament,Greek,,σήπω,,
G4596,σηρικός,New Testament,Greek,,σηρικός,,
G4597,σής,New Testament,Greek,,From H5580,,
G4598,σητόβρωτος,New Testament,Greek,,From G4597+G977,,
G4599,σθενόω,New Testament,Greek,,From G2476,,
G4600,σιαγών,New Testament,Greek,,σιαγών,,
G4601,σιγάω,New Testament,Greek,,From G4602,,
G4602,σιγή,New Testament,Greek,,σιγή,,
G4603,σιδήρεος,New Testament,Greek,,From G4604,,
G4604,σίδηρος,New Testament,Greek,,σίδηρος,,
G4605,Σιδών,New Testament,Greek,,From H6721,,
G4606,Σιδώνιος,New Testament,Greek,,From G4605,,
G4607,σικάριος,New Testament,Greek,,σικάριος,,
G4608,σίκερα,New Testament,Greek,,From H7941,,
G4609,Σίλας,New Testament,Greek,,From G4610,,
G4610,Σιλουανός,New Testament,Greek,,Σιλουανός,,
G4611,Σιλωάμ,New Testament,Greek,,From H7975,,
G4612,σιμικίνθιον,New Testament,Greek,,σιμικίνθιον,,
G4613,Σίμων,New Testament,Greek,,From H8095,,
G4614,Σινᾶ,New Testament,Greek,,From H5514,,
G4615,σίναπι,New Testament,Greek,,σίναπι,,
G4616,σινδών,New Testament,Greek,,σινδών,,
G4617,σινιάζω,New Testament,Greek,,σινιάζω,,
G4618,σιτευτός,New Testament,Greek,,From G4621,,
G4619,σιτιστός,New Testament,Greek,,From G4621,,
G4620,σιτόμετρον,New Testament,Greek,,From G4621+G3358,,
G4621,σῖτα,New Testament,Greek,,σῖτα,,
G4622,Σιών,New Testament,Greek,,From H6726,,
G4623,σιωπάω,New Testament,Greek,,From G4602,,
G4624,σκανδαλίζω,New Testament,Greek,,From G4625,,
G4625,σκάνδαλον,New Testament,Greek,,From G2578,,
G4626,σκάπτω,New Testament,Greek,,σκάπτω,,
G4627,σκάφη,New Testament,Greek,,σκάφη,,
G4628,σκέλος,New Testament,Greek,,σκέλος,,
G4629,σκέπασμα,New Testament,Greek,,From G4649,,
G4630,Σκευᾶς,New Testament,Greek,,Σκευᾶς,,
G4631,σκευή,New Testament,Greek,,From G4632,,
G4632,σκεῦος,New Testament,Greek,,σκεῦος,,
G4633,σκηνή,New Testament,Greek,,From G4632+G4639,,
G4634,σκηνοπηγία,New Testament,Greek,,From G4636+G4078,,
G4635,σκηνοποιός,New Testament,Greek,,From G4633+G4160,,
G4636,σκῆνος,New Testament,Greek,,From G4633,,
G4637,σκηνόω,New Testament,Greek,,From G4636,,
G4638,σκήνωμα,New Testament,Greek,,From G4637,,
G4639,σκιά,New Testament,Greek,,σκιά,,
G4640,σκιρτάω,New Testament,Greek,,σκιρτάω,,
G4641,σκληροκαρδία,New Testament,Greek,,From G4642+G2588,,
G4642,σκληρός,New Testament,Greek,,From G4628,,
G4643,σκληρότης,New Testament,Greek,,From G4642,,
G4644,σκληροτράχηλος,New Testament,Greek,,From G4642+G5137,,
G4645,σκληρύνω,New Testament,Greek,,From G4642,,
G4646,σκολιός,New Testament,Greek,,From G4628,,
G4647,σκόλοψ,New Testament,Greek,,From G4628+G3700,,
G4648,σκοπέω,New Testament,Greek,,From G4649,,
G4649,σκοπός,New Testament,Greek,,σκοπός,,
G4650,σκορπίζω,New Testament,Greek,,From G4651,,
G4651,σκορπίος,New Testament,Greek,,From G4649,,
G4652,σκοτεινός,New Testament,Greek,,From G4655,,
G4653,σκοτία,New Testament,Greek,,From G4655,,
G4654,σκοτίζω,New Testament,Greek,,From G4655,,
G4655,σκότος,New Testament,Greek,,From G4639,,
G4656,σκοτόω,New Testament,Greek,,From G4655,,
G4657,σκύβαλον,New Testament,Greek,,From G1519+G2965+G906,,
G4658,Σκύθης,New Testament,Greek,,Σκύθης,,
G4659,σκυθρωπός,New Testament,Greek,,From G3700,,
G4660,σκύλλω,New Testament,Greek,,σκύλλω,,
G4661,σκῦλον,New Testament,Greek,,From G4660,,
G4662,σκωληκόβρωτος,New Testament,Greek,,From G4663+G977,,
G4663,σκώληξ,New Testament,Greek,,σκώληξ,,
G4664,σμαράγδινος,New Testament,Greek,,From G4665,,
G4665,σμάραγδος,New Testament,Greek,,σμάραγδος,,
G4666,σμύρνα,New Testament,Greek,,From G3464,,
G4667,Σμύρνα,New Testament,Greek,,From G4666,,
G4668,Σμυρναῖος,New Testament,Greek,,From G4667,,
G4669,σμυρνίζω,New Testament,Greek,,From G4667,,
G4670,Σόδομα,New Testament,Greek,,From H5467,,
G4671,σοί,New Testament,Greek,,From G4771,,
G4672,Σολομών,New Testament,Greek,,From H8010,,
G4673,σορός,New Testament,Greek,,From G4987,,
G4674,σός,New Testament,Greek,,From G4771,,
G4675,σοῦ,New Testament,Greek,,From G4771,,
G4676,σουδάριον,New Testament,Greek,,σουδάριον,,
G4677,Σουσάννα,New Testament,Greek,,From H7799,,
G4678,σοφία,New Testament,Greek,,From G4680,,
G4679,σοφίζω,New Testament,Greek,,From G4680,,
G4680,σοφός,New Testament,Greek,,σοφός,,
G4681,Σπανία,New Testament,Greek,,Σπανία,,
G4682,σπαράσσω,New Testament,Greek,,σπαράσσω,,
G4683,σπαργανόω,New Testament,Greek,,From G4682,,
G4684,σπαταλάω,New Testament,Greek,,σπαταλάω,,
G4685,σπάω,New Testament,Greek,,σπάω,,
G4686,σπεῖρα,New Testament,Greek,,From G138+G1507,,
G4687,σπείρω,New Testament,Greek,,From G4685,,
G4688,σπεκουλάτωρ,New Testament,Greek,,σπεκουλάτωρ,,
G4689,σπένδω,New Testament,Greek,,σπένδω,,
G4690,σπέρμα,New Testament,Greek,,From G4687,,
G4691,σπερμολόγος,New Testament,Greek,,From G4690+G3004,,
G4692,σπεύδω,New Testament,Greek,,From G4228,,
G4693,σπήλαιον,New Testament,Greek,,σπήλαιον,,
G4694,σπιλάς,New Testament,Greek,,σπιλάς,,
G4695,σπιλόω,New Testament,Greek,,From G4696,,
G4696,σπίλος,New Testament,Greek,,σπίλος,,
G4697,σπλαγχνίζομαι,New Testament,Greek,,From G4698,,
G4698,σπλάγχνον,New Testament,Greek,,σπλάγχνον,,
G4699,σπόγγος,New Testament,Greek,,σπόγγος,,
G4700,σποδός,New Testament,Greek,,σποδός,,
G4701,σπορά,New Testament,Greek,,From G4687,,
G4702,σπόριμος,New Testament,Greek,,From G4703,,
G4703,σπόρος,New Testament,Greek,,From G4687,,
G4704,σπουδάζω,New Testament,Greek,,From G4710,,
G4705,σπουδαῖος,New Testament,Greek,,From G4710,,
G4706,σπουδαιότερον,New Testament,Greek,,From G4707,,
G4707,σπουδαιότερος,New Testament,Greek,,From G4705,,
G4708,σπουδαιοτέρως,New Testament,Greek,,From G4707,,
G4709,σπουδαίως,New Testament,Greek,,From G4705,,
G4710,σπουδή,New Testament,Greek,,From G4692,,
G4711,σπυρίς,New Testament,Greek,,From G4687,,
G4712,στάδιος,New Testament,Greek,,From G2476,,
G4713,στάμνος,New Testament,Greek,,From G2476,,
G4714,στάσις,New Testament,Greek,,From G2476,,
G4715,στατήρ,New Testament,Greek,,From G2746,,
G4716,σταυρός,New Testament,Greek,,From G2476,,
G4717,σταυρόω,New Testament,Greek,,From G4716,,
G4718,σταφυλή,New Testament,Greek,,From G4735,,
G4719,στάχυς,New Testament,Greek,,From G2476,,
G4720,Στάχυς,New Testament,Greek,,From G4719,,
G4721,στέγη,New Testament,Greek,,στέγη,,
G4722,στέγω,New Testament,Greek,,From G4721,,
G4723,στείρος,New Testament,Greek,,From G4731,,
G4724,στέλλω,New Testament,Greek,,From G2476,,
G4725,στέμμα,New Testament,Greek,,From G4735,,
G4726,στεναγμός,New Testament,Greek,,From G4727,,
G4727,στενάζω,New Testament,Greek,,From G4728,,
G4728,στενός,New Testament,Greek,,From G2476,,
G4729,στενοχωρέω,New Testament,Greek,,From G4730,,
G4730,στενοχωρία,New Testament,Greek,,From G4728+G5561,,
G4731,στερεός,New Testament,Greek,,From G2476,,
G4732,στερεόω,New Testament,Greek,,From G4731,,
G4733,στερέωμα,New Testament,Greek,,From G4732,,
G4734,Στεφανᾶς,New Testament,Greek,,From G4737,,
G4735,στέφανος,New Testament,Greek,,στέφανος,,
G4736,Στέφανος,New Testament,Greek,,From G4735,,
G4737,στεφανόω,New Testament,Greek,,From G4735,,
G4738,στῆθος,New Testament,Greek,,From G2476,,
G4739,στήκω,New Testament,Greek,,From G2476,,
G4740,στηριγμός,New Testament,Greek,,From G4741,,
G4741,στηρίζω,New Testament,Greek,,From G2476+G4731,,
G4742,στίγμα,New Testament,Greek,,στίγμα,,
G4743,στιγμή,New Testament,Greek,,From G4742,,
G4744,στίλβω,New Testament,Greek,,στίλβω,,
G4745,στοά,New Testament,Greek,,From G2476,,
G4746,στοιβάς,New Testament,Greek,,στοιβάς,,
G4747,στοιχεῖον,New Testament,Greek,,From G4748,,
G4748,στοιχέω,New Testament,Greek,,στοιχέω,,
G4749,στολή,New Testament,Greek,,From G4724,,
G4750,στόμα,New Testament,Greek,,From G5114,నోరు,
G4751,στόμαχος,New Testament,Greek,,From G4750,,
G4752,στρατεία,New Testament,Greek,,From G4754,,
G4753,στράτευμα,New Testament,Greek,,From G4754,,
G4754,στρατεύομαι,New Testament,Greek,,From G4756,,
G4755,στρατηγός,New Testament,Greek,,From G4756+G71+G2233,,
G4756,στρατιά,New Testament,Greek,,στρατιά,,
G4757,στρατιώτης,New Testament,Greek,,From G4756,,
G4758,στρατολογέω,New Testament,Greek,,From G4756+G3004,,
G4759,στρατοπεδάρχης,New Testament,Greek,,From G4760+G757,,
G4760,στρατόπεδον,New Testament,Greek,,From G4756+G3977,,
G4761,στρεβλόω,New Testament,Greek,,From G4762,,
G4762,στρέφω,New Testament,Greek,,From G5157,,
G4763,στρηνιάω,New Testament,Greek,,From G4764,,
G4764,στρῆνος,New Testament,Greek,,From G4731,,
G4765,στρουθίον,New Testament,Greek,,στρουθίον,,
G4766,στρωννύω,New Testament,Greek,,From G4731,,
G4767,στυγνητός,New Testament,Greek,,στυγνητός,,
G4768,στυγνάζω,New Testament,Greek,,From G4767,,
G4769,στῦλος,New Testament,Greek,,From G2476,,
G4770,Στωϊκός,New Testament,Greek,,From G4745,,
G4771,σύ,New Testament,Greek,,σύ,,
G4772,συγγένεια,New Testament,Greek,,From G4773,,
G4773,συγγενής,New Testament,Greek,,From G4862+G1085,,
G4774,συγγνώμη,New Testament,Greek,,From G4862+G1097,,
G4775,συγκάθημαι,New Testament,Greek,,From G4862+G2521,,
G4776,συγκαθίζω,New Testament,Greek,,From G4862+G2523,,
G4777,συγκακοπαθέω,New Testament,Greek,,From G4862+G2553,,
G4778,συγκακουχέω,New Testament,Greek,,From G4862+G2558,,
G4779,συγκαλέω,New Testament,Greek,,From G4862+G2564,,
G4780,συγκαλύπτω,New Testament,Greek,,From G4862+G2572,,
G4781,συγκάμπτω,New Testament,Greek,,From G4862+G2578,,
G4782,συγκαταβαίνω,New Testament,Greek,,From G4862+G2597,,
G4783,συγκατάθεσις,New Testament,Greek,,From G4784,,
G4784,συγκατατίθεμαι,New Testament,Greek,,From G4862+G2698,,
G4785,συγκαταψηφίζω,New Testament,Greek,,From G4862+G2596+G5585,,
G4786,συγκεράννυμι,New Testament,Greek,,From G4862+G2767,,
G4787,συγκινέω,New Testament,Greek,,From G4682+G2795,,
G4788,συγκλείω,New Testament,Greek,,From G4862+G2808,,
G4789,συγκληρονόμος,New Testament,Greek,,From G4862+G2818,,
G4790,συγκοινωνέω,New Testament,Greek,,From G4862+G2841,,
G4791,συγκοινωνός,New Testament,Greek,,From G4862+G2844,,
G4792,συγκομίζω,New Testament,Greek,,From G4862+G2865,,
G4793,συγκρίνω,New Testament,Greek,,From G4862+G2919,,
G4794,συγκύπτω,New Testament,Greek,,From G4862+G2955,,
G4795,συγκυρία,New Testament,Greek,,From G4862+G2962,,
G4796,συγχαίρω,New Testament,Greek,,From G4862+G5463,,
G4797,συγχύνω,New Testament,Greek,,From G4862,,
G4798,συγχράομαι,New Testament,Greek,,From G4862+G5530,,
G4799,σύγχυσις,New Testament,Greek,,From G4797,,
G4800,συζάω,New Testament,Greek,,From G4862+G2198,,
G4801,συζεύγνυμι,New Testament,Greek,,From G4862+G2201,,
G4802,συζητέω,New Testament,Greek,,From G4862+G2212,,
G4803,συζήτησις,New Testament,Greek,,From G4802,,
G4804,συζητητής,New Testament,Greek,,From G4802,,
G4805,σύζυγος,New Testament,Greek,,From G4801,,
G4806,συζωοποιέω,New Testament,Greek,,From G4862+G2227,,
G4807,συκάμινος,New Testament,Greek,,From H8256+G4809,,
G4808,συκῆ,New Testament,Greek,,From G4810,,
G4809,συκομωραία,New Testament,Greek,,From G4810,,
G4810,σῦκον,New Testament,Greek,,σῦκον,,
G4811,συκοφαντέω,New Testament,Greek,,From G4810+G5316,,
G4812,συλαγωγέω,New Testament,Greek,,From G4813+G71,,
G4813,συλάω,New Testament,Greek,,From G138+G4661,,
G4814,συλλαλέω,New Testament,Greek,,From G4862+G2980,,
G4815,συλλαμβάνω,New Testament,Greek,,From G4862+G2983,,
G4816,συλλέγω,New Testament,Greek,,From G4862+G3004,,
G4817,συλλογίζομαι,New Testament,Greek,,From G4862+G3049,,
G4818,συλλυπέω,New Testament,Greek,,From G4862+G3076,,
G4819,συμβαίνω,New Testament,Greek,,From G4862+G939,,
G4820,συμβάλλω,New Testament,Greek,,From G4862+G906,,
G4821,συμβασιλεύω,New Testament,Greek,,From G4862+G936,,
G4822,συμβιβάζω,New Testament,Greek,,From G4862,,
G4823,συμβουλεύω,New Testament,Greek,,From G4862+G1011,,
G4824,συμβούλιον,New Testament,Greek,,From G4825,,
G4825,σύμβουλος,New Testament,Greek,,From G4862+G1012,,
G4826,Συμεών,New Testament,Greek,,From G4613,,
G4827,συμμαθητής,New Testament,Greek,,From G4862+G3129,,
G4828,συμμαρτυρέω,New Testament,Greek,,From G4862+G3140,,
G4829,συμμερίζομαι,New Testament,Greek,,From G4862+G3307,,
G4830,συμμέτοχος,New Testament,Greek,,From G4862+G3353,,
G4831,συμμιμητής,New Testament,Greek,,From G4862+G3401,,
G4832,σύμμορφος,New Testament,Greek,,From G4862+G3444,,
G4833,συμμορφόω,New Testament,Greek,,From G4832,,
G4834,συμπαθέω,New Testament,Greek,,From G4835,,
G4835,συμπαθής,New Testament,Greek,,From G4841,,
G4836,συμπαραγίνομαι,New Testament,Greek,,From G4862+G3854,,
G4837,συμπαρακαλέω,New Testament,Greek,,From G4862+G3870,,
G4838,συμπαραλαμβάνω,New Testament,Greek,,From G4862+G3880,,
G4839,συμπαραμένω,New Testament,Greek,,From G4862+G3887,,
G4840,συμπάρειμι,New Testament,Greek,,From G4862+G3918,,
G4841,συμπάσχω,New Testament,Greek,,From G4862+G3958,,
G4842,συμπέμπω,New Testament,Greek,,From G4862+G3992,,
G4843,συμπεριλαμβάνω,New Testament,Greek,,From G4862+G4012+G2983,,
G4844,συμπίνω,New Testament,Greek,,From G4862+G4095,,
G4845,συμπληρόω,New Testament,Greek,,From G4862+G4137,,
G4846,συμπνίγω,New Testament,Greek,,From G4862+G4155,,
G4847,συμπολίτης,New Testament,Greek,,From G4862+G4177,,
G4848,συμπορεύομαι,New Testament,Greek,,From G4862+G4198,,
G4849,συμπόσιον,New Testament,Greek,,From G4844,,
G4850,συμπρεσβύτερος,New Testament,Greek,,From G4862+G4245,,
G4851,συμφέρω,New Testament,Greek,,From G4862+G5342,,
G4852,σύμφημι,New Testament,Greek,,From G4862+G5346,,
G4853,συμφυλέτης,New Testament,Greek,,From G4862+G5443,,
G4854,σύμφυτος,New Testament,Greek,,From G4862+G5453,,
G4855,συμφύω,New Testament,Greek,,From G4862+G5453,,
G4856,συμφωνέω,New Testament,Greek,,From G4859,,
G4857,συμφώνησις,New Testament,Greek,,From G4856,,
G4858,συμφωνία,New Testament,Greek,,From G4859,,
G4859,σύμφωνος,New Testament,Greek,,From G4862+G5456,,
G4860,συμψηφίζω,New Testament,Greek,,From G4862+G5585,,
G4861,σύμψυχος,New Testament,Greek,,From G4862+G5590,,
G4862,σύν,New Testament,Greek,,σύν,,
G4863,συνάγω,New Testament,Greek,,From G4862+G71,,
G4864,συναγωγή,New Testament,Greek,,From G4863,,
G4865,συναγωνίζομαι,New Testament,Greek,,From G4862+G75,,
G4866,συναθλέω,New Testament,Greek,,From G4862+G118,,
G4867,συναθροίζω,New Testament,Greek,,From G4862,,
G4868,συναίρω,New Testament,Greek,,From G4862+G142,,
G4869,συναιχμάλωτος,New Testament,Greek,,From G4862+G164,,
G4870,συνακολουθέω,New Testament,Greek,,From G4862+G190,,
G4871,συναλίζω,New Testament,Greek,,From G4862,,
G4872,συναναβαίνω,New Testament,Greek,,From G4862+G305,,
G4873,συνανάκειμαι,New Testament,Greek,,From G4862+G345,,
G4874,συναναμίγνυμι,New Testament,Greek,,From G4862+G303+G3396,,
G4875,συναναπαύομαι,New Testament,Greek,,From G4862+G373,,
G4876,συναντάω,New Testament,Greek,,From G4862+G473,,
G4877,συνάντησις,New Testament,Greek,,From G4876,,
G4878,συναντιλαμβάνομαι,New Testament,Greek,,From G4862+G482,,
G4879,συναπάγω,New Testament,Greek,,From G4862+G520,,
G4880,συναποθνήσκω,New Testament,Greek,,From G4862+G599,,
G4881,συναπόλλυμι,New Testament,Greek,,From G4862+G622,,
G4882,συναποστέλλω,New Testament,Greek,,From G4862+G649,,
G4883,συναρμολογέω,New Testament,Greek,,From G4862+G719+G3004,,
G4884,συναρπάζω,New Testament,Greek,,From G4862+G726,,
G4885,συναυξάνω,New Testament,Greek,,From G4862+G837,,
G4886,σύνδεσμος,New Testament,Greek,,From G4862+G1199,,
G4887,συνδέω,New Testament,Greek,,From G4862+G1210,,
G4888,συνδοξάζω,New Testament,Greek,,From G4862+G1392,,
G4889,σύνδουλος,New Testament,Greek,,From G4862+G1401,,
G4890,συνδρομή,New Testament,Greek,,From G4936,,
G4891,συνεγείρω,New Testament,Greek,,From G4862+G1453,,
G4892,συνέδριον,New Testament,Greek,,From G4862+G1476,,
G4893,συνείδησις,New Testament,Greek,,From G4894,,
G4894,συνείδω,New Testament,Greek,,From G4862+G1492,,
G4895,σύνειμι,New Testament,Greek,,From G4862+G1510,,
G4896,σύνειμι,New Testament,Greek,,From G4862,,
G4897,συνεισέρχομαι,New Testament,Greek,,From G4862+G1525,,
G4898,συνέκδημος,New Testament,Greek,,From G4862+G1553,,
G4899,συνεκλεκτός,New Testament,Greek,,From G4862+G1586,,
G4900,συνελαύνω,New Testament,Greek,,From G4862+G1643,,
G4901,συνεπιμαρτυρέω,New Testament,Greek,,From G4862+G1957,,
G4902,συνέπομαι,New Testament,Greek,,From G4862,,
G4903,συνεργέω,New Testament,Greek,,From G4904,,
G4904,συνεργός,New Testament,Greek,,From G4862+G2041,,
G4905,συνέρχομαι,New Testament,Greek,,From G4862+G2064,,
G4906,συνεσθίω,New Testament,Greek,,From G4862+G2068,,
G4907,σύνεσις,New Testament,Greek,,From G4920,,
G4908,συνετός,New Testament,Greek,,From G4920,,
G4909,συνευδοκέω,New Testament,Greek,,From G4862+G2106,,
G4910,συνευωχέω,New Testament,Greek,,From G4862+G2095+G2192,,
G4911,συνεφίστημι,New Testament,Greek,,From G4862+G2186,,
G4912,συνέχω,New Testament,Greek,,From G4862+G2192,,
G4913,συνήδομαι,New Testament,Greek,,From G4862+G2237,,
G4914,συνήθεια,New Testament,Greek,,From G4862+G2239,,
G4915,συνηλικιώτης,New Testament,Greek,,From G4862+G2244,,
G4916,συνθάπτω,New Testament,Greek,,From G4862+G2290,,
G4917,συνθλάω,New Testament,Greek,,From G4862,,
G4918,συνθλίβω,New Testament,Greek,,From G4862+G2346,,
G4919,συνθρύπτω,New Testament,Greek,,From G4862,,
G4920,συνίημι,New Testament,Greek,,From G4862,,
G4921,συνίστημι,New Testament,Greek,,From G4862+G2476,,
G4922,συνοδεύω,New Testament,Greek,,From G4862+G3593,,
G4923,συνοδία,New Testament,Greek,,From G4862+G3598,,
G4924,συνοικέω,New Testament,Greek,,From G4862+G3611,,
G4925,συνοικοδομέω,New Testament,Greek,,From G4862+G3618,,
G4926,συνομιλέω,New Testament,Greek,,From G4862+G3656,,
G4927,συνομορέω,New Testament,Greek,,From G4862+G3725,,
G4928,συνοχή,New Testament,Greek,,From G4912,,
G4929,συντάσσω,New Testament,Greek,,From G4862+G5021,,
G4930,συντέλεια,New Testament,Greek,,From G4931,,
G4931,συντελέω,New Testament,Greek,,From G4862+G5055,,
G4932,συντέμνω,New Testament,Greek,,From G4862+G5114,,
G4933,συντηρέω,New Testament,Greek,,From G4862+G5083,,
G4934,συντίθεμαι,New Testament,Greek,,From G4862+G5087,,
G4935,συντόμως,New Testament,Greek,,From G4932,,
G4936,συντρέχω,New Testament,Greek,,From G4862+G5143,,
G4937,συντρίβω,New Testament,Greek,,From G4862+G5147,,
G4938,σύντριμμα,New Testament,Greek,,From G4937,,
G4939,σύντροφος,New Testament,Greek,,From G4862+G5162,,
G4940,συντυγχάνω,New Testament,Greek,,From G4862+G5177,,
G4941,Συντύχη,New Testament,Greek,,From G4940,,
G4942,συνυποκρίνομαι,New Testament,Greek,,From G4862+G5271,,
G4943,συνυπουργέω,New Testament,Greek,,From G4862+G5259+G2041,,
G4944,συνωδίνω,New Testament,Greek,,From G4862+G5605,,
G4945,συνωμοσία,New Testament,Greek,,From G4862+G3660,,
G4946,Συράκουσαι,New Testament,Greek,,Συράκουσαι,,
G4947,Συρία,New Testament,Greek,,From H6865,,
G4948,Σύρος,New Testament,Greek,,From G4947,,
G4949,Συροφοίνισσα,New Testament,Greek,,From G4948+G5403,,
G4950,σύρτις,New Testament,Greek,,From G4951,,
G4951,σύρω,New Testament,Greek,,From G138,,
G4952,συσπαράσσω,New Testament,Greek,,From G4862+G4682,,
G4953,σύσσημον,New Testament,Greek,,From G4862+G4591,,
G4954,σύσσωμος,New Testament,Greek,,From G4862+G4983,,
G4955,συστασιαστής,New Testament,Greek,,From G4862+G4714,,
G4956,συστατικός,New Testament,Greek,,From G4921,,
G4957,συσταυρόω,New Testament,Greek,,From G4862+G4717,,
G4958,συστέλλω,New Testament,Greek,,From G4862+G4724,,
G4959,συστενάζω,New Testament,Greek,,From G4862+G4727,,
G4960,συστοιχέω,New Testament,Greek,,From G4862+G4748,,
G4961,συστρατιώτης,New Testament,Greek,,From G4862+G4757,,
G4962,συστρέφω,New Testament,Greek,,From G4862+G4762,,
G4963,συστροφή,New Testament,Greek,,From G4962,,
G4964,συσχηματίζω,New Testament,Greek,,From G4862+G4976,,
G4965,Συχάρ,New Testament,Greek,,From H7941,,
G4966,Συχέμ,New Testament,Greek,,From H7927,,
G4967,σφαγή,New Testament,Greek,,From G4969,,
G4968,σφάγιον,New Testament,Greek,,From G4967,,
G4969,σφάζω,New Testament,Greek,,σφάζω,,
G4970,σφόδρα,New Testament,Greek,,σφόδρα,,
G4971,σφοδρῶς,New Testament,Greek,,From G4970,,
G4972,σφραγίζω,New Testament,Greek,,From G4973,,
G4973,σφραγίς,New Testament,Greek,,From G5420,,
G4974,σφυρόν,New Testament,Greek,,σφυρόν,,
G4975,σχεδόν,New Testament,Greek,,From G2192,,
G4976,σχῆμα,New Testament,Greek,,From G2192,,
G4977,σχίζω,New Testament,Greek,,σχίζω,,
G4978,σχίσμα,New Testament,Greek,,From G4977,,
G4979,σχοινίον,New Testament,Greek,,σχοινίον,,
G4980,σχολάζω,New Testament,Greek,,From G4981,,
G4981,σχολή,New Testament,Greek,,From G2192,,
G4982,σώζω,New Testament,Greek,,σώζω,"రక్షించడానికి, నయం చేయడానికి",
G4983,σῶμα,New Testament,Greek,,From G4982,శరీరం,
G4984,σωματικός,New Testament,Greek,,From G4983,,
G4985,σωματικῶς,New Testament,Greek,,From G4984,,
G4986,Σώπατρος,New Testament,Greek,,From G4982+G3962,,
G4987,σωρεύω,New Testament,Greek,,From G4673,,
G4988,Σωσθένης,New Testament,Greek,,From G4982+G4599,,
G4989,Σωσίπατρος,New Testament,Greek,,From G4986,,
G4990,σωτήρ,New Testament,Greek,,From G4982,,
G4991,σωτηρία,New Testament,Greek,,From G4990,"మోక్షం, విముక్తి",
G4992,σωτήριον,New Testament,Greek,,From G4991,,
G4993,σωφρονέω,New Testament,Greek,,From G4998,,
G4994,σωφρονίζω,New Testament,Greek,,From G4998,,
G4995,σωφρονισμός,New Testament,Greek,,From G4994,,
G4996,σωφρόνως,New Testament,Greek,,From G4998,,
G4997,σωφροσύνη,New Testament,Greek,,From G4998,,
G4998,σώφρων,New Testament,Greek,,From G4982+G5424,,
G4999,Ταβέρναι,New Testament,Greek,,Ταβέρναι,,
G5000,Ταβιθά,New Testament,Greek,,From H6646,,
G5001,τάγμα,New Testament,Greek,,From G5021,,
G5002,τακτός,New Testament,Greek,,From G5021,,
G5003,ταλαιπωρέω,New Testament,Greek,,From G5005,,
G5004,ταλαιπωρία,New Testament,Greek,,From G5005,,
G5005,ταλαίπωρος,New Testament,Greek,,From G5007+G3984,,
G5006,ταλαντιαῖος,New Testament,Greek,,From G5007,,
G5007,τάλαντον,New Testament,Greek,,From G5342,,
G5008,ταλιθά,New Testament,Greek,,From H2924,,
G5009,ταμεῖον,New Testament,Greek,,ταμεῖον,,
G5010,τάξις,New Testament,Greek,,From G5021,,
G5011,ταπεινός,New Testament,Greek,,ταπεινός,,
G5012,ταπεινοφροσύνη,New Testament,Greek,,From G5011+G5424,,
G5013,ταπεινόω,New Testament,Greek,,From G5011,,
G5014,ταπείνωσις,New Testament,Greek,,From G5013,,
G5015,ταράσσω,New Testament,Greek,,ταράσσω,,
G5016,ταραχή,New Testament,Greek,,From G5015,,
G5017,τάραχος,New Testament,Greek,,From G5015,,
G5018,Ταρσεύς,New Testament,Greek,,From G5019,,
G5019,Ταρσός,New Testament,Greek,,Ταρσός,,
G5020,ταρταρόω,New Testament,Greek,,ταρταρόω,,
G5021,τάσσω,New Testament,Greek,,τάσσω,,
G5022,ταῦρος,New Testament,Greek,,From H8450,,
G5023,ταῦτα,New Testament,Greek,,From G3778,,
G5024,ταὐτά,New Testament,Greek,,From G3588+G846,,
G5025,ταύτας,New Testament,Greek,,From G3778,,
G5026,ταύτης,New Testament,Greek,,From G3778,,
G5027,ταφή,New Testament,Greek,,From G2290,,
G5028,τάφος,New Testament,Greek,,From G2290,,
G5029,τάχα,New Testament,Greek,,From G5036,,
G5030,ταχέως,New Testament,Greek,,From G5036,,
G5031,ταχινός,New Testament,Greek,,From G5034,,
G5032,τάχιον,New Testament,Greek,,From G5036,,
G5033,τάχιστα,New Testament,Greek,,From G5036,,
G5034,τάχος,New Testament,Greek,,From G5036,,
G5035,ταχύ,New Testament,Greek,,From G5036,,
G5036,ταχύς,New Testament,Greek,,ταχύς,,
G5037,τέ,New Testament,Greek,,τέ,,
G5038,τεῖχος,New Testament,Greek,,From G5088,,
G5039,τεκμήριον,New Testament,Greek,,τεκμήριον,,
G5040,τεκνίον,New Testament,Greek,,From G5043,,
G5041,τεκνογονέω,New Testament,Greek,,From G5043+G1096,,
G5042,τεκνογονία,New Testament,Greek,,From G5041,,
G5043,τέκνον,New Testament,Greek,,From G5088,పిల్లవాడు,
G5044,τεκνοτροφέω,New Testament,Greek,,From G5043+G5142,,
G5045,τέκτων,New Testament,Greek,,From G5098,,
G5046,τέλειος,New Testament,Greek,,From G5056,,
G5047,τελειότης,New Testament,Greek,,From G5046,,
G5048,τελειόω,New Testament,Greek,,From G5046,,
G5049,τελείως,New Testament,Greek,,From G5046,,
G5050,τελείωσις,New Testament,Greek,,From G5448,,
G5051,τελειωτής,New Testament,Greek,,From G5048,,
G5052,τελεσφορέω,New Testament,Greek,,From G5056+G5342,,
G5053,τελευτάω,New Testament,Greek,,From G5055,,
G5054,τελευτή,New Testament,Greek,,From G5053,,
G5055,τελέω,New Testament,Greek,,From G5056,,
G5056,τέλος,New Testament,Greek,,τέλος,,
G5057,τελώνης,New Testament,Greek,,From G5056+G5608,,
G5058,τελώνιον,New Testament,Greek,,From G5057,,
G5059,τέρας,New Testament,Greek,,τέρας,,
G5060,Τέρτιος,New Testament,Greek,,Τέρτιος,,
G5061,Τέρτυλλος,New Testament,Greek,,Τέρτυλλος,,
G5062,τεσσαράκοντα,New Testament,Greek,,From G5064,,
G5063,τεσσαρακονταετής,New Testament,Greek,,From G5062+G2094,,
G5064,τέσσαρα,New Testament,Greek,,τέσσαρα,,
G5065,τεσσαρεσκαιδέκατος,New Testament,Greek,,From G5064+G2532+G1182,,
G5066,τεταρταῖος,New Testament,Greek,,From G5064,,
G5067,τέταρτος,New Testament,Greek,,From G5064,,
G5068,τετράγωνος,New Testament,Greek,,From G5064+G1137,,
G5069,τετράδιον,New Testament,Greek,,From G5064,,
G5070,τετρακισχίλιοι,New Testament,Greek,,From G5064+G5507,,
G5071,τετρακόσια,New Testament,Greek,,From G5064+G1540,,
G5072,τετράμηνον,New Testament,Greek,,From G5064+G3376,,
G5073,τετραπλόος,New Testament,Greek,,From G5064+G4118,,
G5074,τετράπους,New Testament,Greek,,From G5064+G4228,,
G5075,τετραρχέω,New Testament,Greek,,From G5076,,
G5076,τετράρχης,New Testament,Greek,,From G5064+G757,,
G5077,τεφρόω,New Testament,Greek,,τεφρόω,,
G5078,τέχνη,New Testament,Greek,,From G5088,,
G5079,τεχνίτης,New Testament,Greek,,From G5078,,
G5080,τήκω,New Testament,Greek,,τήκω,,
G5081,τηλαυγῶς,New Testament,Greek,,From G5056+G827,,
G5082,τηλικαύτη,New Testament,Greek,,From G3588+G2245+G3778,,
G5083,τηρέω,New Testament,Greek,,From G2334,,
G5084,τήρησις,New Testament,Greek,,From G5083,,
G5085,Τιβεριάς,New Testament,Greek,,From G5086,,
G5086,Τιβέριος,New Testament,Greek,,Τιβέριος,,
G5087,τίθημι,New Testament,Greek,,τίθημι,,
G5088,τίκτω,New Testament,Greek,,τίκτω,,
G5089,τίλλω,New Testament,Greek,,From G138+G4951,,
G5090,Τιμαῖος,New Testament,Greek,,From H2931,,
G5091,τιμάω,New Testament,Greek,,From G5093,,
G5092,τιμή,New Testament,Greek,,From G5099,,
G5093,τιμιώτατος,New Testament,Greek,,From G5092,,
G5094,τιμιότης,New Testament,Greek,,From G5093,,
G5095,Τιμόθεος,New Testament,Greek,,From G5092+G2316,,
G5096,Τίμων,New Testament,Greek,,From G5092,,
G5097,τιμωρέω,New Testament,Greek,,From G5092,,
G5098,τιμωρία,New Testament,Greek,,From G5097,,
G5099,τίνω,New Testament,Greek,,τίνω,,
G5100,τὶς,New Testament,Greek,,τὶς,,
G5101,τίς,New Testament,Greek,,From G5100,,
G5102,τίτλος,New Testament,Greek,,τίτλος,,
G5103,Τίτος,New Testament,Greek,,Τίτος,,
G5104,τοί,New Testament,Greek,,From G3588,,
G5105,τοιγαροῦν,New Testament,Greek,,From G5104+G1063+G3767,,
G5106,τοίνυν,New Testament,Greek,,From G5104+G3568,,
G5107,τοιόσδε,New Testament,Greek,,From G1161,,
G5108,τοιοῦτος,New Testament,Greek,,From G5104+G3778,,
G5109,τοῖχος,New Testament,Greek,,From G5038,,
G5110,τόκος,New Testament,Greek,,From G5088,,
G5111,τολμάω,New Testament,Greek,,From G5056,,
G5112,τολμηρότερον,New Testament,Greek,,τολμηρότερον,,
G5113,τολμητής,New Testament,Greek,,From G5111,,
G5114,τομώτερος,New Testament,Greek,,From G2875,,
G5115,τόξον,New Testament,Greek,,From G5088,,
G5116,τοπάζιον,New Testament,Greek,,τοπάζιον,,
G5117,τόπος,New Testament,Greek,,τόπος,,
G5118,τοσοῦτος,New Testament,Greek,,τοσοῦτος,,
G5119,τότε,New Testament,Greek,,From G3588+G3753,,
G5120,τοῦ,New Testament,Greek,,From G3588,,
G5121,τοὐναντίον,New Testament,Greek,,From G3588+G1726,,
G5122,τοὔνομα,New Testament,Greek,,From G3588+G3686,,
G5123,τουτέστι,New Testament,Greek,,From G5124+G2076,,
G5124,τοῦτο,New Testament,Greek,,From G3778,,
G5125,τούτοις,New Testament,Greek,,From G3778,,
G5126,τοῦτον,New Testament,Greek,,From G3778,,
G5127,τούτου,New Testament,Greek,,From G3778,,
G5128,τούτους,New Testament,Greek,,From G3778,,
G5129,τούτῳ,New Testament,Greek,,From G3778,,
G5130,τούτων,New Testament,Greek,,From G3778,,
G5131,τράγος,New Testament,Greek,,From G5176,,
G5132,τράπεζα,New Testament,Greek,,From G5064+G3979,,
G5133,τραπεζίτης,New Testament,Greek,,From G5132,,
G5134,τραῦμα,New Testament,Greek,,From G2352+G5147+G5149,,
G5135,τραυματίζω,New Testament,Greek,,From G5134,,
G5136,τραχηλίζω,New Testament,Greek,,From G5137,,
G5137,τράχηλος,New Testament,Greek,,From G5143,,
G5138,τραχύς,New Testament,Greek,,From G4486,,
G5139,Τραχωνῖτις,New Testament,Greek,,From G5138,,
G5140,τρία,New Testament,Greek,,τρία,,
G5141,τρέμω,New Testament,Greek,,τρέμω,,
G5142,τρέφω,New Testament,Greek,,τρέφω,,
G5143,τρέχω,New Testament,Greek,,From G2359,,
G5144,τριάκοντα,New Testament,Greek,,From G5140,,
G5145,τριακόσιοι,New Testament,Greek,,From G5140+G1540,,
G5146,τρίβολος,New Testament,Greek,,From G5140+G956,,
G5147,τρίβος,New Testament,Greek,,From G5131+G5134,,
G5148,τριετία,New Testament,Greek,,From G5140+G2094,,
G5149,τρίζω,New Testament,Greek,,τρίζω,,
G5150,τρίμηνον,New Testament,Greek,,From G5140+G3376,,
G5151,τρίς,New Testament,Greek,,From G5140,,
G5152,τρίστεγον,New Testament,Greek,,From G5140+G4721,,
G5153,τρισχίλιοι,New Testament,Greek,,From G5151+G5507,,
G5154,τρίτος,New Testament,Greek,,From G5140,,
G5155,τρίχινος,New Testament,Greek,,From G2359,,
G5156,τρόμος,New Testament,Greek,,From G5141,,
G5157,τροπή,New Testament,Greek,,τροπή,,
G5158,τρόπος,New Testament,Greek,,From G5157,,
G5159,τροποφορέω,New Testament,Greek,,From G5158+G5409,,
G5160,τροφή,New Testament,Greek,,From G5142,,
G5161,Τρόφιμος,New Testament,Greek,,From G5160,,
G5162,τροφός,New Testament,Greek,,From G5142,,
G5163,τροχιά,New Testament,Greek,,From G5164,,
G5164,τροχός,New Testament,Greek,,From G5143,,
G5165,τρύβλιον,New Testament,Greek,,τρύβλιον,,
G5166,τρυγάω,New Testament,Greek,,τρυγάω,,
G5167,τρυγών,New Testament,Greek,,From G5149,,
G5168,τρυμαλιά,New Testament,Greek,,From G5134+G5147+G5176,,
G5169,τρύπημα,New Testament,Greek,,From G5168,,
G5170,Τρύφαινα,New Testament,Greek,,From G5172,,
G5171,τρυφάω,New Testament,Greek,,From G5172,,
G5172,τρυφή,New Testament,Greek,,τρυφή,,
G5173,Τρυφῶσα,New Testament,Greek,,From G5172,,
G5174,Τρωάς,New Testament,Greek,,Τρωάς,,
G5175,Τρωγύλλιον,New Testament,Greek,,Τρωγύλλιον,,
G5176,τρώγω,New Testament,Greek,,From G5134+G5147,,
G5177,τυγχάνω,New Testament,Greek,,τυγχάνω,,
G5178,τυμπανίζω,New Testament,Greek,,From G5180,,
G5179,τύπος,New Testament,Greek,,From G5180,,
G5180,τύπτω,New Testament,Greek,,τύπτω,,
G5181,Τύραννος,New Testament,Greek,,From G2962,,
G5182,τυρβάζω,New Testament,Greek,,From G2351,,
G5183,Τύριος,New Testament,Greek,,From G5184,,
G5184,Τύρος,New Testament,Greek,,From H6865,,
G5185,τυφλός,New Testament,Greek,,From G5187,,
G5186,τυφλόω,New Testament,Greek,,From G5185,,
G5187,τυφόω,New Testament,Greek,,From G5188,,
G5188,τύφω,New Testament,Greek,,τύφω,,
G5189,τυφωνικός,New Testament,Greek,,From G5188,,
G5190,Τυχικός,New Testament,Greek,,From G5177,,
G5191,ὑακίνθινος,New Testament,Greek,,From G5192,,
G5192,ὑάκινθος,New Testament,Greek,,ὑάκινθος,,
G5193,ὑάλινος,New Testament,Greek,,From G5194,,
G5194,ὕαλος,New Testament,Greek,,From G5205,,
G5195,ὑβρίζω,New Testament,Greek,,From G5196,,
G5196,ὕβρις,New Testament,Greek,,From G5228,,
G5197,ὑβριστής,New Testament,Greek,,From G5195,,
G5198,ὑγιαίνω,New Testament,Greek,,From G5199,,
G5199,ὑγιής,New Testament,Greek,,From G837,,
G5200,ὑγρός,New Testament,Greek,,From G5205,,
G5201,ὑδρία,New Testament,Greek,,From G5204,,
G5202,ὑδροποτέω,New Testament,Greek,,From G5204+G4095,,
G5203,ὑδρωπικός,New Testament,Greek,,From G5204+G3700,,
G5204,ὕδατος,New Testament,Greek,,From G5205,,
G5205,ὑετός,New Testament,Greek,,ὑετός,,
G5206,υἱοθεσία,New Testament,Greek,,From G5207+G5087,,
G5207,υἱός,New Testament,Greek,,υἱός,,
G5208,ὕλη,New Testament,Greek,,From G3586,,
G5209,ὑμᾶς,New Testament,Greek,,From G5210,,
G5210,ὑμεῖς,New Testament,Greek,,From G4771,,
G5211,Ὑμεναῖος,New Testament,Greek,,Ὑμεναῖος,,
G5212,ὑμέτερος,New Testament,Greek,,From G5210,,
G5213,ὑμῖν,New Testament,Greek,,From G5210,,
G5214,ὑμνέω,New Testament,Greek,,From G5215,,
G5215,ὕμνος,New Testament,Greek,,ὕμνος,,
G5216,ὑμῶν,New Testament,Greek,,From G5210,,
G5217,ὑπάγω,New Testament,Greek,,From G5259+G71,,
G5218,ὑπακοή,New Testament,Greek,,From G5219,,
G5219,ὑπακούω,New Testament,Greek,,From G5259+G191,,
G5220,ὕπανδρος,New Testament,Greek,,From G5259+G435,,
G5221,ὑπαντάω,New Testament,Greek,,From G5259+G473,,
G5222,ὑπάντησις,New Testament,Greek,,From G5221,,
G5223,ὕπαρξις,New Testament,Greek,,From G5225,,
G5224,ὑπάρχοντα,New Testament,Greek,,From G5225,,
G5225,ὑπάρχω,New Testament,Greek,,From G5259+G756,,
G5226,ὑπείκω,New Testament,Greek,,From G5259,,
G5227,ὑπεναντίος,New Testament,Greek,,From G5259+G1727,,
G5228,ὑπέρ,New Testament,Greek,,ὑπέρ,,
G5229,ὑπεραίρομαι,New Testament,Greek,,From G5228+G142,,
G5230,ὑπέρακμος,New Testament,Greek,,From G5228+G188,,
G5231,ὑπεράνω,New Testament,Greek,,From G5228+G507,,
G5232,ὑπεραυξάνω,New Testament,Greek,,From G5228+G837,,
G5233,ὑπερβαίνω,New Testament,Greek,,From G5228+G939,,
G5234,ὑπερβαλλόντως,New Testament,Greek,,From G5235,,
G5235,ὑπερβάλλω,New Testament,Greek,,From G5228+G906,,
G5236,ὑπερβολή,New Testament,Greek,,From G5235,,
G5237,ὑπερείδω,New Testament,Greek,,From G5228+G1492,,
G5238,ὑπερέκεινα,New Testament,Greek,,From G5228+G1565,,
G5239,ὑπερεκτείνω,New Testament,Greek,,From G5228+G1614,,
G5240,ὑπερεκχύνω,New Testament,Greek,,From G5228+G1632,,
G5241,ὑπερεντυγχάνω,New Testament,Greek,,From G5228+G1793,,
G5242,ὑπερέχω,New Testament,Greek,,From G5228+G2192,,
G5243,ὑπερηφανία,New Testament,Greek,,From G5244,,
G5244,ὑπερήφανος,New Testament,Greek,,From G5228+G5316,,
G5245,ὑπερνικάω,New Testament,Greek,,From G5228+G3528,,
G5246,ὑπέρογκος,New Testament,Greek,,From G5228+G3591,,
G5247,ὑπεροχή,New Testament,Greek,,From G5242,,
G5248,ὑπερπερισσεύω,New Testament,Greek,,From G5228+G4052,,
G5249,ὑπερπερισσῶς,New Testament,Greek,,From G5228+G4057,,
G5250,ὑπερπλεονάζω,New Testament,Greek,,From G5228+G4121,,
G5251,ὑπερυψόω,New Testament,Greek,,From G5228+G5312,,
G5252,ὑπερφρονέω,New Testament,Greek,,From G5228+G5426,,
G5253,ὑπερῷον,New Testament,Greek,,From G5228,,
G5254,ὑπέχω,New Testament,Greek,,From G5259+G2192,,
G5255,ὑπήκοος,New Testament,Greek,,From G5219,,
G5256,ὑπηρετέω,New Testament,Greek,,From G5257,,
G5257,ὑπηρέτης,New Testament,Greek,,From G5259,,
G5258,ὕπνος,New Testament,Greek,,From G5259,,
G5259,ὑπό,New Testament,Greek,,ὑπό,,
G5260,ὑποβάλλω,New Testament,Greek,,From G5259+G906,,
G5261,ὑπογραμμός,New Testament,Greek,,From G5259+G1125,,
G5262,ὑπόδειγμα,New Testament,Greek,,From G5263,,
G5263,ὑποδείκνυμι,New Testament,Greek,,From G5259+G1166,,
G5264,ὑποδέχομαι,New Testament,Greek,,From G5259+G1209,,
G5265,ὑποδέω,New Testament,Greek,,From G5259+G1210,,
G5266,ὑπόδημα,New Testament,Greek,,From G5265,,
G5267,ὑπόδικος,New Testament,Greek,,From G5259+G1349,,
G5268,ὑποζύγιον,New Testament,Greek,,From G5259+G2218,,
G5269,ὑποζώννυμι,New Testament,Greek,,From G5259+G2224,,
G5270,ὑποκάτω,New Testament,Greek,,From G5259+G2736,,
G5271,ὑποκρίνομαι,New Testament,Greek,,From G5259+G2919,,
G5272,ὑπόκρισις,New Testament,Greek,,From G5271,,
G5273,ὑποκριτής,New Testament,Greek,,From G5271,,
G5274,ὑπολαμβάνω,New Testament,Greek,,From G5259+G2983,,
G5275,ὑπολείπω,New Testament,Greek,,From G5295+G3007,,
G5276,ὑπολήνιον,New Testament,Greek,,From G5259+G3025,,
G5277,ὑπολιμπάνω,New Testament,Greek,,From G5275,,
G5278,ὑπομένω,New Testament,Greek,,From G5259+G3306,,
G5279,ὑπομιμνήσκω,New Testament,Greek,,From G5259+G3403,,
G5280,ὑπόμνησις,New Testament,Greek,,From G5279,,
G5281,ὑπομονή,New Testament,Greek,,From G5278,,
G5282,ὑπονοέω,New Testament,Greek,,From G5259+G3539,,
G5283,ὑπόνοια,New Testament,Greek,,From G5282,,
G5284,ὑποπλέω,New Testament,Greek,,From G5259+G4126,,
G5285,ὑποπνέω,New Testament,Greek,,From G5259+G4154,,
G5286,ὑποπόδιον,New Testament,Greek,,From G5259+G4228,,
G5287,ὑπόστασις,New Testament,Greek,,From G5259+G2476,,
G5288,ὑποστέλλω,New Testament,Greek,,From G5259+G4724,,
G5289,ὑποστολή,New Testament,Greek,,From G5288,,
G5290,ὑποστρέφω,New Testament,Greek,,From G5259+G4762,,
G5291,ὑποστρώννυμι,New Testament,Greek,,From G5259+G4766,,
G5292,ὑποταγή,New Testament,Greek,,From G5293,,
G5293,ὑποτάσσω,New Testament,Greek,,From G5259+G5021,,
G5294,ὑποτίθημι,New Testament,Greek,,From G5259+G5087,,
G5295,ὑποτρέχω,New Testament,Greek,,From G5259+G5143,,
G5296,ὑποτύπωσις,New Testament,Greek,,From G5259+G5179,,
G5297,ὑποφέρω,New Testament,Greek,,From G5259+G5342,,
G5298,ὑποχωρέω,New Testament,Greek,,From G5259+G5562,,
G5299,ὑπωπιάζω,New Testament,Greek,,From G5259+G3700,,
G5300,ὗς,New Testament,Greek,,ὗς,,
G5301,ὕσσωπος,New Testament,Greek,,From H231,,
G5302,ὑστερέω,New Testament,Greek,,From G5306,,
G5303,ὑστέρημα,New Testament,Greek,,From G5302,,
G5304,ὑστέρησις,New Testament,Greek,,From G5302,,
G5305,ὕστερον,New Testament,Greek,,From G5306,,
G5306,ὕστερος,New Testament,Greek,,From G5259,,
G5307,ὑφαντός,New Testament,Greek,,ὑφαντός,,
G5308,ὑψηλός,New Testament,Greek,,From G5311,,
G5309,ὑψηλοφρονέω,New Testament,Greek,,From G5308+G5424,,
G5310,ὕψιστος,New Testament,Greek,,From G5311,,
G5311,ὕψος,New Testament,Greek,,From G5228,,
G5312,ὑψόω,New Testament,Greek,,From G5311,,
G5313,ὕψωμα,New Testament,Greek,,From G5312,,
G5314,φάγος,New Testament,Greek,,From G5315,,
G5315,φάγω,New Testament,Greek,,From G2068,,
G5316,φαίνω,New Testament,Greek,,From G5457,,
G5317,Φάλεκ,New Testament,Greek,,From H6389,,
G5318,φανερός,New Testament,Greek,,From G5316,,
G5319,φανερόω,New Testament,Greek,,From G5318,,
G5320,φανερῶς,New Testament,Greek,,From G5318,,
G5321,φανέρωσις,New Testament,Greek,,From G5319,,
G5322,φανός,New Testament,Greek,,From G5316,,
G5323,Φανουήλ,New Testament,Greek,,From H6439,,
G5324,φαντάζω,New Testament,Greek,,From G5316,,
G5325,φαντασία,New Testament,Greek,,From G5324,,
G5326,φάντασμα,New Testament,Greek,,From G5324,,
G5327,φάραγξ,New Testament,Greek,,From G4008+G4486,,
G5328,Φαραώ,New Testament,Greek,,From H6547,,
G5329,Φάρες,New Testament,Greek,,From H6557,,
G5330,Φαρισαῖος,New Testament,Greek,,From H6567,,
G5331,φαρμακεία,New Testament,Greek,,From G5332,,
G5332,φαρμακεύς,New Testament,Greek,,φαρμακεύς,,
G5333,φάρμακος,New Testament,Greek,,φάρμακος,,
G5334,φάσις,New Testament,Greek,,From G5346+G5316,,
G5335,φάσκω,New Testament,Greek,,From G5346,,
G5336,φάτνη,New Testament,Greek,,φάτνη,,
G5337,φαῦλος,New Testament,Greek,,φαῦλος,,
G5338,φέγγος,New Testament,Greek,,From G5457+G5350,,
G5339,φείδομαι,New Testament,Greek,,φείδομαι,,
G5340,φειδομένως,New Testament,Greek,,From G5339,,
G5341,φελόνης,New Testament,Greek,,From G5316,,
G5342,φέρω,New Testament,Greek,,φέρω,,
G5343,φεύγω,New Testament,Greek,,φεύγω,,
G5344,Φῆλιξ,New Testament,Greek,,Φῆλιξ,,
G5345,φήμη,New Testament,Greek,,From G5346,,
G5346,φημί,New Testament,Greek,,From G5457+G5316,,
G5347,Φῆστος,New Testament,Greek,,Φῆστος,,
G5348,φθάνω,New Testament,Greek,,φθάνω,,
G5349,φθαρτός,New Testament,Greek,,From G5351,,
G5350,φθέγγομαι,New Testament,Greek,,From G5338+G5346,,
G5351,φθείρω,New Testament,Greek,,φθείρω,,
G5352,φθινοπωρινός,New Testament,Greek,,φθινοπωρινός,,
G5353,φθόγγος,New Testament,Greek,,From G5350,,
G5354,φθονέω,New Testament,Greek,,From G5355,,
G5355,φθόνος,New Testament,Greek,,From G5351,,
G5356,φθορά,New Testament,Greek,,From G5351,,
G5357,φιάλη,New Testament,Greek,,φιάλη,,
G5358,φιλάγαθος,New Testament,Greek,,From G5384+G18,,
G5359,Φιλαδέλφεια,New Testament,Greek,,From G5361,,
G5360,φιλαδελφία,New Testament,Greek,,From G5361,,
G5361,φιλάδελφος,New Testament,Greek,,From G5384+G80,,
G5362,φίλανδρος,New Testament,Greek,,From G5384+G435,,
G5363,φιλανθρωπία,New Testament,Greek,,From G5364,,
G5364,φιλανθρώπως,New Testament,Greek,,From G5384+G444,,
G5365,φιλαργυρία,New Testament,Greek,,From G5366,,
G5366,φιλάργυρος,New Testament,Greek,,From G5384+G696,,
G5367,φίλαυτος,New Testament,Greek,,From G5384+G846,,
G5368,φιλέω,New Testament,Greek,,From G5384,,
G5369,φιλήδονος,New Testament,Greek,,From G5384+G2237,,
G5370,φίλημα,New Testament,Greek,,From G5368,,
G5371,Φιλήμων,New Testament,Greek,,From G5368,,
G5372,Φίλητος,New Testament,Greek,,From G5368,,
G5373,φιλία,New Testament,Greek,,From G5384,,
G5374,Φιλιππήσιος,New Testament,Greek,,From G5375,,
G5375,Φίλιπποι,New Testament,Greek,,From G5376,,
G5376,Φίλιππος,New Testament,Greek,,From G5384+G2462,,
G5377,φιλόθεος,New Testament,Greek,,From G5384+G2316,,
G5378,Φιλόλογος,New Testament,Greek,,From G5384+G3056,,
G5379,φιλονεικία,New Testament,Greek,,From G5380,,
G5380,φιλόνεικος,New Testament,Greek,,From G5384+G3534,,
G5381,φιλονεξία,New Testament,Greek,,From G5382,,
G5382,φιλόξενος,New Testament,Greek,,From G5384+G3581,,
G5383,φιλοπρωτεύω,New Testament,Greek,,From G5384+G4413,,
G5384,φίλος,New Testament,Greek,,φίλος,,
G5385,φιλοσοφία,New Testament,Greek,,From G5386,,
G5386,φιλόσοφος,New Testament,Greek,,From G5384+G4680,,
G5387,φιλόστοργος,New Testament,Greek,,From G5384,,
G5388,φιλότεκνος,New Testament,Greek,,From G5384+G5043,,
G5389,φιλοτιμέομαι,New Testament,Greek,,From G5384+G5092,,
G5390,φιλοφρόνως,New Testament,Greek,,From G5391,,
G5391,φιλόφρων,New Testament,Greek,,From G5384+G5424,,
G5392,φιμόω,New Testament,Greek,,φιμόω,,
G5393,Φλέγων,New Testament,Greek,,From G5395,,
G5394,φλογίζω,New Testament,Greek,,From G5395,,
G5395,φλόξ,New Testament,Greek,,φλόξ,,
G5396,φλυαρέω,New Testament,Greek,,From G5397,,
G5397,φλύαρος,New Testament,Greek,,φλύαρος,,
G5398,φοβερός,New Testament,Greek,,From G5401,,
G5399,φοβέω,New Testament,Greek,,From G5401,,
G5400,φόβητρον,New Testament,Greek,,From G5399,,
G5401,φόβος,New Testament,Greek,,φόβος,,
G5402,Φοίβη,New Testament,Greek,,Φοίβη,,
G5403,Φοινίκη,New Testament,Greek,,From G5404,,
G5404,φοῖνιξ,New Testament,Greek,,φοῖνιξ,,
G5405,Φοῖνιξ,New Testament,Greek,,From G5404,,
G5406,φονεύς,New Testament,Greek,,From G5408,,
G5407,φονεύω,New Testament,Greek,,From G5406,,
G5408,φόνος,New Testament,Greek,,φόνος,,
G5409,φορέω,New Testament,Greek,,From G5411,,
G5410,Φόρον,New Testament,Greek,,Φόρον,,
G5411,φόρος,New Testament,Greek,,From G5342,,
G5412,φορτίζω,New Testament,Greek,,From G5414,,
G5413,φορτίον,New Testament,Greek,,From G5414,,
G5414,φόρτος,New Testament,Greek,,From G5342,,
G5415,Φορτουνᾶτος,New Testament,Greek,,Φορτουνᾶτος,,
G5416,φραγέλλιον,New Testament,Greek,,From G5417,,
G5417,φραγελλόω,New Testament,Greek,,φραγελλόω,,
G5418,φραγμός,New Testament,Greek,,From G5420,,
G5419,φράζω,New Testament,Greek,,From G5420,,
G5420,φράσσω,New Testament,Greek,,From G5424,,
G5421,φρέαρ,New Testament,Greek,,φρέαρ,,
G5422,φρεναπατάω,New Testament,Greek,,From G5423,,
G5423,φρεναπάτης,New Testament,Greek,,From G5424+G539,,
G5424,φρήν,New Testament,Greek,,From G5420,,
G5425,φρίσσω,New Testament,Greek,,φρίσσω,,
G5426,φρονέω,New Testament,Greek,,From G5424,,
G5427,φρόνημα,New Testament,Greek,,From G5426,,
G5428,φρόνησις,New Testament,Greek,,From G5426,,
G5429,φρόνιμος,New Testament,Greek,,From G5424,,
G5430,φρονίμως,New Testament,Greek,,From G5429,,
G5431,φροντίζω,New Testament,Greek,,From G5424,,
G5432,φρουρέω,New Testament,Greek,,From G4253+G3708,,
G5433,φρυάσσω,New Testament,Greek,,From G1032+G1031,,
G5434,φρύγανον,New Testament,Greek,,From G5395,,
G5435,Φρυγία,New Testament,Greek,,Φρυγία,,
G5436,Φύγελλος,New Testament,Greek,,From G5343,,
G5437,φυγή,New Testament,Greek,,From G5343,,
G5438,φυλακή,New Testament,Greek,,From G5442,,
G5439,φυλακίζω,New Testament,Greek,,From G5441,,
G5440,φυλακτήριον,New Testament,Greek,,From G5442,,
G5441,φύλαξ,New Testament,Greek,,From G5442,,
G5442,φυλάσσω,New Testament,Greek,,From G5443,,
G5443,φυλή,New Testament,Greek,,From G5453+G5444,,
G5444,φύλλον,New Testament,Greek,,From G5443,,
G5445,φύραμα,New Testament,Greek,,φύραμα,,
G5446,φυσικός,New Testament,Greek,,From G5449,,
G5447,φυσικῶς,New Testament,Greek,,From G5446,,
G5448,φυσιόω,New Testament,Greek,,From G5449,,
G5449,φύσις,New Testament,Greek,,From G5453,,
G5450,φυσίωσις,New Testament,Greek,,From G5448,,
G5451,φυτεία,New Testament,Greek,,From G5452,,
G5452,φυτεύω,New Testament,Greek,,From G5453,,
G5453,φύω,New Testament,Greek,,φύω,,
G5454,φωλεός,New Testament,Greek,,φωλεός,,
G5455,φωνέω,New Testament,Greek,,From G5456,,
G5456,φωνή,New Testament,Greek,,From G5316,,
G5457,φῶς,New Testament,Greek,,From G5316+G5346,కాంతి,
G5458,φωστήρ,New Testament,Greek,,From G5457,,
G5459,φωσφόρος,New Testament,Greek,,From G5457+G5342,,
G5460,φωτεινός,New Testament,Greek,,From G5457,,
G5461,φωτίζω,New Testament,Greek,,From G5457,,
G5462,φωτισμός,New Testament,Greek,,From G5461,,
G5463,χαίρω,New Testament,Greek,,χαίρω,,
G5464,χάλαζα,New Testament,Greek,,From G5465,,
G5465,χαλάω,New Testament,Greek,,From G5490,,
G5466,Χαλδαῖος,New Testament,Greek,,From H3778,,
G5467,χαλεπός,New Testament,Greek,,From G5465,,
G5468,χαλιναγωγέω,New Testament,Greek,,From G5469+G71,,
G5469,χαλινός,New Testament,Greek,,From G5465,,
G5470,χάλκεος,New Testament,Greek,,From G5475,,
G5471,χαλκεύς,New Testament,Greek,,From G5475,,
G5472,χαλκηδών,New Testament,Greek,,From G5475+G1491,,
G5473,χαλκίον,New Testament,Greek,,From G5475,,
G5474,χαλκολίβανον,New Testament,Greek,,From G5475+G3030,,
G5475,χαλκός,New Testament,Greek,,From G5465,,
G5476,χαμαί,New Testament,Greek,,From G5490,,
G5477,Χαναάν,New Testament,Greek,,From H3667,,
G5478,Χανααναῖος,New Testament,Greek,,From G5477,,
G5479,χαρά,New Testament,Greek,,From G5463,"ఆనందం, ఆనందం",
G5480,χάραγμα,New Testament,Greek,,From G5482,,
G5481,χαρακτήρ,New Testament,Greek,,From G5482,,
G5482,χάραξ,New Testament,Greek,,From G1125,,
G5483,χαρίζομαι,New Testament,Greek,,From G5485,,
G5484,χάριν,New Testament,Greek,,From G5485,,
G5485,χάρις,New Testament,Greek,,From G5463,"గ్రేస్, ఫేవర్",
G5486,χάρισμα,New Testament,Greek,,From G5483,,
G5487,χαριτόω,New Testament,Greek,,From G5485,,
G5488,Χαῤῥάν,New Testament,Greek,,From H2771,,
G5489,χάρτης,New Testament,Greek,,From G5482,,
G5490,χάσμα,New Testament,Greek,,χάσμα,,
G5491,χεῖλος,New Testament,Greek,,From G5490,,
G5492,χειμάζω,New Testament,Greek,,From G5494,,
G5493,χείμαῤῥος,New Testament,Greek,,From G5494+G4482,,
G5494,χειμών,New Testament,Greek,,χειμών,,
G5495,χείρ,New Testament,Greek,,From G5494+G5490,చేయి,
G5496,χειραγωγέω,New Testament,Greek,,From G5497,,
G5497,χειραγωγός,New Testament,Greek,,From G5495+G71,,
G5498,χειρόγραφον,New Testament,Greek,,From G5495+G1125,,
G5499,χειροποίητος,New Testament,Greek,,From G5495+G4160,,
G5500,χειροτονέω,New Testament,Greek,,From G5495,,
G5501,χείρων,New Testament,Greek,,From G2556,,
G5502,χερουβίμ,New Testament,Greek,,From H3742,,
G5503,χήρα,New Testament,Greek,,From G5490,,
G5504,χθές,New Testament,Greek,,χθές,,
G5505,χιλιάς,New Testament,Greek,,From G5507,,
G5506,χιλίαρχος,New Testament,Greek,,From G5507+G757,,
G5507,χίλιοι,New Testament,Greek,,χίλιοι,,
G5508,Χίος,New Testament,Greek,,Χίος,,
G5509,χιτών,New Testament,Greek,,From H3801,,
G5510,χιών,New Testament,Greek,,From G5490+G5465+G5494,,
G5511,χλαμύς,New Testament,Greek,,χλαμύς,,
G5512,χλευάζω,New Testament,Greek,,From G5491,,
G5513,χλιαρός,New Testament,Greek,,χλιαρός,,
G5514,Χλόη,New Testament,Greek,,Χλόη,,
G5515,χλωρός,New Testament,Greek,,From G5514,,
G5516,χξϛ,New Testament,Greek,,From G4742,,
G5517,χοϊκός,New Testament,Greek,,From G5522,,
G5518,χοῖνιξ,New Testament,Greek,,χοῖνιξ,,
G5519,χοῖρος,New Testament,Greek,,χοῖρος,,
G5520,χολάω,New Testament,Greek,,From G5521,,
G5521,χολή,New Testament,Greek,,From G5514,,
G5522,χόος,New Testament,Greek,,From G5494,,
G5523,Χοραζίν,New Testament,Greek,,Χοραζίν,,
G5524,χορηγέω,New Testament,Greek,,From G5525+G71,,
G5525,χορός,New Testament,Greek,,χορός,,
G5526,χορτάζω,New Testament,Greek,,From G5528,,
G5527,χόρτασμα,New Testament,Greek,,From G5526,,
G5528,χόρτος,New Testament,Greek,,χόρτος,,
G5529,Χουζᾶς,New Testament,Greek,,Χουζᾶς,,
G5530,χράομαι,New Testament,Greek,,From G5495,,
G5531,χράω,New Testament,Greek,,From G5530,,
G5532,χρεία,New Testament,Greek,,From G5530+G5534,,
G5533,χρεωφειλέτης,New Testament,Greek,,From G5531+G3781,,
G5534,χρή,New Testament,Greek,,From G5530+G5531,,
G5535,χρῄζω,New Testament,Greek,,From G5532,,
G5536,χρῆμα,New Testament,Greek,,χρῆμα,,
G5537,χρηματίζω,New Testament,Greek,,From G5536,,
G5538,χρηματισμός,New Testament,Greek,,From G5537,,
G5539,χρήσιμος,New Testament,Greek,,From G5540,,
G5540,χρῆσις,New Testament,Greek,,From G5530,,
G5541,χρηστεύομαι,New Testament,Greek,,From G5543,,
G5542,χρηστολογία,New Testament,Greek,,From G5543+G3004,,
G5543,χρηστός,New Testament,Greek,,From G5530,,
G5544,χρηστότης,New Testament,Greek,,From G5543,,
G5545,χρῖσμα,New Testament,Greek,,From G5548,,
G5546,Χριστιανός,New Testament,Greek,,From G5547,,
G5547,Χριστός,New Testament,Greek,,From G5548,"క్రీస్తు, అభిషిక్తుడు",
G5548,χρίω,New Testament,Greek,,From G5530,,
G5549,χρονίζω,New Testament,Greek,,From G5550,,
G5550,χρόνος,New Testament,Greek,,χρόνος,,
G5551,χρονοτριβέω,New Testament,Greek,,From G5550+G5147,,
G5552,χρύσεος,New Testament,Greek,,From G5557,,
G5553,χρυσίον,New Testament,Greek,,From G5557,,
G5554,χρυσοδακτύλιος,New Testament,Greek,,From G5557+G1146,,
G5555,χρυσόλιθος,New Testament,Greek,,From G5557+G3037,,
G5556,χρυσόπρασος,New Testament,Greek,,From G5557,,
G5557,χρυσός,New Testament,Greek,,From G5530,,
G5558,χρυσόω,New Testament,Greek,,From G5557,,
G5559,χρώς,New Testament,Greek,,From G5530,,
G5560,χωλός,New Testament,Greek,,χωλός,,
G5561,χώρα,New Testament,Greek,,From G5490,,
G5562,χωρέω,New Testament,Greek,,From G5561,,
G5563,χωρίζω,New Testament,Greek,,From G5561,,
G5564,χωρίον,New Testament,Greek,,From G5561,,
G5565,χωρίς,New Testament,Greek,,From G5561,,
G5566,χῶρος,New Testament,Greek,,χῶρος,,
G5567,ψάλλω,New Testament,Greek,,From G5597,,
G5568,ψαλμός,New Testament,Greek,,From G5567,,
G5569,ψευδάδελφος,New Testament,Greek,,From G5571+G80,,
G5570,ψευδαπόστολος,New Testament,Greek,,From G5571+G652,,
G5571,ψευδής,New Testament,Greek,,From G5574,,
G5572,ψευδοδιδάσκαλος,New Testament,Greek,,From G5571+G1320,,
G5573,ψευδολόγος,New Testament,Greek,,From G5571+G3004,,
G5574,ψεύδομαι,New Testament,Greek,,ψεύδομαι,,
G5575,ψευδομάρτυρ,New Testament,Greek,,From G5571+G3144,,
G5576,ψευδομαρτυρέω,New Testament,Greek,,From G5575,,
G5577,ψευδομαρτυρία,New Testament,Greek,,From G5575,,
G5578,ψευδοπροφήτης,New Testament,Greek,,From G5571+G4396,,
G5579,ψεῦδος,New Testament,Greek,,From G5574,,
G5580,ψευδόχριστος,New Testament,Greek,,From G5571+G5547,,
G5581,ψευδώνυμος,New Testament,Greek,,From G5571+G3686,,
G5582,ψεῦσμα,New Testament,Greek,,From G5574,,
G5583,ψεύστης,New Testament,Greek,,From G5574,,
G5584,ψηλαφάω,New Testament,Greek,,From G5567+G5586,,
G5585,ψηφίζω,New Testament,Greek,,From G5586,,
G5586,ψῆφος,New Testament,Greek,,From G5584,,
G5587,ψιθυρισμός,New Testament,Greek,,From G5574,,
G5588,ψιθυριστής,New Testament,Greek,,From G5587,,
G5589,ψιχίον,New Testament,Greek,,From G5567,,
G5590,ψυχή,New Testament,Greek,,From G5594,"ఆత్మ, జీవితం",
G5591,ψυχικός,New Testament,Greek,,From G5590,,
G5592,ψύχος,New Testament,Greek,,From G5594,,
G5593,ψυχρός,New Testament,Greek,,From G5592,,
G5594,ψύχω,New Testament,Greek,,ψύχω,,
G5595,ψωμίζω,New Testament,Greek,,From G5596,,
G5596,ψωμίον,New Testament,Greek,,From G5597,,
G5597,ψώχω,New Testament,Greek,,From G5567,,
G5598,Ω,New Testament,Greek,,Ω,,
G5599,ὦ,New Testament,Greek,,ὦ,,
G5600,ἦ,New Testament,Greek,,From G1510,,
G5601,Ὠβήδ,New Testament,Greek,,From H5744,,
G5602,ὧδε,New Testament,Greek,,From G3592,,
G5603,ᾠδή,New Testament,Greek,,From G103,,
G5604,ὠδίν,New Testament,Greek,,From G3601,,
G5605,ὠδίνω,New Testament,Greek,,From G5604,,
G5606,ὦμος,New Testament,Greek,,From G5342,,
G5607,ὄν,New Testament,Greek,,From G1510,,
G5608,ὠνέομαι,New Testament,Greek,,ὠνέομαι,,
G5609,ὠόν,New Testament,Greek,,ὠόν,,
G5610,ὥρα,New Testament,Greek,,ὥρα,గంట,
G5611,ὡραῖος,New Testament,Greek,,From G5610,,
G5612,ὠρύομαι,New Testament,Greek,,ὠρύομαι,,
G5613,ὡς,New Testament,Greek,,From G3739,,
G5614,ὡσαννά,New Testament,Greek,,From H3467+H4994,,
G5615,ὡσαύτως,New Testament,Greek,,From G5613+G846,,
G5616,ὡσεί,New Testament,Greek,,From G5613+G1487,,
G5617,Ὡσηέ,New Testament,Greek,,From H1954,,
G5618,ὥσπερ,New Testament,Greek,,From G5613+G4007,,
G5619,ὡσπερεί,New Testament,Greek,,From G5618+G1487,,
G5620,ὥστε,New Testament,Greek,,From G5613+G5037,,
G5621,ὠτίον,New Testament,Greek,,From G3775,,
G5622,ὠφέλεια,New Testament,Greek,,From G5624,,
G5623,ὠφελέω,New Testament,Greek,,From G5622,,
G5624,ὠφέλιμος,New Testament,Greek,,From G3786,,
