Strong's Number,Original Word,English Meaning,Telugu Word,Telugu Meaning,Language,Testament
H0001,אָב,father,అబ్,తండ్రి,Hebrew,Old Testament
H0002,אַב,father,అబ్,తండ్రి (అరమాయిక్),Hebrew,Old Testament
H0003,אֵב,a green plant,ఏబ్,పచ్చని మొక్క,Hebrew,Old Testament
H0004,אֵב,fruit,,,Hebrew,Old Testament
H0005,אֲבַגתָּא,Abagtha' (ab-ag-thaw') n/p.,,,Hebrew,Old Testament
H0006,אָבַד,abad (aw-bad') v.,ఆబద్,నశించు,Hebrew,Old Testament
H0007,אֲבַד,abad (ab-ad') v.,,,Hebrew,Old Testament
H0008,אוֹבֵד,(concretely) wretched,,,Hebrew,Old Testament
H0009,אֲבֵדָה,(concretely) something lost,,,Hebrew,Old Testament
H0010,אֲבַדּוֹה,a perishing,,,Hebrew,Old Testament
H0011,אֲבַדּוֹן,abaddown (ab-ad-done') n/l.,,,Hebrew,Old Testament
H0012,אַבדָּן,a perishing,,,Hebrew,Old Testament
H0013,אָבדָּן,a perishing,,,Hebrew,Old Testament
H0014,אָבָה,abah (aw-baw') v.,ఆబా,అంగీకరించు,Hebrew,Old Testament
H0015,אָבֶה,longing,,,Hebrew,Old Testament
H0016,אֵבֶה,the papyrus,,,Hebrew,Old Testament
H0017,אֲבוֹי,abowy (ab-o'ee) inj.,,,Hebrew,Old Testament
H0018,אֵבוּס,a manger or stall,,,Hebrew,Old Testament
H0019,אִבחָה,brandishing of a sword,,,Hebrew,Old Testament
H0020,אֲבַטִּיַח,a melon (only plural),,,Hebrew,Old Testament
H0021,אֲבִי,Abiy (ab-ee') n/p.,,,Hebrew,Old Testament
H0022,אֲבִיאֵל,Abiy'el (ab-ee-ale') n/p.,,,Hebrew,Old Testament
H0023,אֲבִיאָסָף,Abiy'acaph (ab-ee-aw-sawf') n/p.,,,Hebrew,Old Testament
H0024,אָבִיבּ,green,,,Hebrew,Old Testament
H0025,אֲבִי גִּבעוֹן,Abiy Gib`own (ab-ee' ghib-one') n/p.,,,Hebrew,Old Testament
H0026,אֲבִיגַּיִל אֲבִיגַּל,Abiygayil (ab-ee-gah'-yil) (or shorter Abiygal ab-ee-gal') n/p.,,,Hebrew,Old Testament
H0027,אֲבִידָּן,Abiydan (ab-ee-dawn') n/p.,,,Hebrew,Old Testament
H0028,אֲבִידָּע,Abiyda` (ab-ee-daw') n/p.,,,Hebrew,Old Testament
H0029,אֲבִיָה אֲבִיָהוּ,Abiyah (ab-ee-yaw') (or prolonged Abiyahuw ab-ee-yaw'-hoo) n/p.,,,Hebrew,Old Testament
H0030,אֲבִיהוּא,Abiyhuw' (ab-ee-hoo') n/p.,,,Hebrew,Old Testament
H0031,אֲבִיהוּד,Abiyhuwd (ab-ee-hood') n/p.,,,Hebrew,Old Testament
H0032,אֲבִיהַיִל אֲבִיחַיִל,Abiyhayil (ab-ee-hah'-yil) (or (more correctly) hAbiychayil ab-ee- khah'-yil) n/p.,,,Hebrew,Old Testament
H0033,אֲבִי הָעֶזרִי,Abiy ha-`Ezriy (ab-ee'-haw-ez-ree') n/p.,,,Hebrew,Old Testament
H0034,אֶביוֹן,ebyown (eb-yone') adj.,,,Hebrew,Old Testament
H0035,אֲבִיוֹנָה,provocative of desire,,,Hebrew,Old Testament
H0036,אֲבִיטּוּב,Abiytuwb (ab-ee-toob') n/p.,,,Hebrew,Old Testament
H0037,אֲבִיטַּל,Abiytal (ab-ee-tal') n/p.,,,Hebrew,Old Testament
H0038,אֲבִיָם,Abiyam (ab-ee-yawm') n/p.,,,Hebrew,Old Testament
H0039,אֲבִימָאֵל,Abiyma'el (ab-ee-maw-ale') n/p.,,,Hebrew,Old Testament
H0040,אֲבִימֶלֶך,Abiymelek (ab-ee-mel'-ek) n/p.,,,Hebrew,Old Testament
H0041,אֲבִינָדָב,Abiynadab (ab-ee-naw-dawb') n/p.,,,Hebrew,Old Testament
H0042,אֲבִינוֹעַם,Abiyno`am (ab-ee-no'-am) n/p.,,,Hebrew,Old Testament
H0043,אֶביָסָף,Ebyacaph (eb-yaw-sawf') n/p.,,,Hebrew,Old Testament
H0044,אֲבִיעֶזֶר,Abiy`ezer (ab-ee-ay'-zer) n/p.,,,Hebrew,Old Testament
H0045,אֲבִי ־ עַלבּוֹן,Abiy-`albown (ab-ee-al-bone') n/p.,,,Hebrew,Old Testament
H0046,אָבִיר,abiyr (aw-beer') adj.,,,Hebrew,Old Testament
H0047,אַבִּיר,abbiyr (ab-beer') adj.,,,Hebrew,Old Testament
H0048,אֲבִירָם,Abiyram (ab-ee-rawm') n/p.,,,Hebrew,Old Testament
H0049,אֲבִישַׁג,Abiyshag (ab-ee-shag') n/p.,,,Hebrew,Old Testament
H0050,אֲבִישׁוַּע,Abiyshuwae (ab-ee-shoo'-ah) n/p.,,,Hebrew,Old Testament
H0051,אֲבִישׁוּר,Abiyshuwr (ab-ee-shoor') n/p.,,,Hebrew,Old Testament
H0052,אֲבִישַׁי אַבשַׁי,Abiyshay (ab-ee-shah'ee) (or (shorter) Abshay ab-shah'ee) n/p.,,,Hebrew,Old Testament
H0053,אֲבִישָׁלוֹם אַבשָׁלוֹם,Abiyshalowm (ab-ee-shaw-lome') (or (shortened) bAbshalowm ab-shaw- lome') n/p.,,,Hebrew,Old Testament
H0054,אֶביָתָר,Ebyathar (ab-yaw-thawr') n/p.,,,Hebrew,Old Testament
H0055,אָבַך,abak (aw-bak') v.,,,Hebrew,Old Testament
H0056,אָבַל,abal (aw-bal') v.,,,Hebrew,Old Testament
H0057,אָבֵל,abel (aw-bale') adj.,,,Hebrew,Old Testament
H0058,אָבֵל,a meadow,,,Hebrew,Old Testament
H0059,אָבֵל,Abel (aw-bale') n/l.,,,Hebrew,Old Testament
H0060,אֵבֶל,lamentation,,,Hebrew,Old Testament
H0061,אֲבָל,abal (ab-awl') adv.,,,Hebrew,Old Testament
H0062,אָבֵל בֵּיתּ מֲעַכָה,Abel Beyth-Ma`akah (aw-bale' bayth ma-a-kaw') n/l.,,,Hebrew,Old Testament
H0063,אָבֵל הַשִּׁטִּים,Abel hash-Shittiym (aw-bale' hash-shit-teem') n/l.,,,Hebrew,Old Testament
H0064,אָבֵל כְּרָמִים,Abel Kramiym (aw-bale' ker-aw-meem') n/l.,,,Hebrew,Old Testament
H0065,אָבֵל מְחוֹלָה,Abel Mchowlah (aw-bale' mekh-o-law') n/l.,,,Hebrew,Old Testament
H0066,אַבֵל מַיִם,Abel Mayim (aw-bale' mah'-yim) n/l.,,,Hebrew,Old Testament
H0067,אָבֵל מִצרַיִם,Abel Mitsrayim (aw-bale' mits-rah'-yim) n/l.,,,Hebrew,Old Testament
H0068,אֶבֶן,a stone,ఎబెన్,రాయి,Hebrew,Old Testament
H0069,אֶבֶן,stone,,,Hebrew,Old Testament
H0070,אוֹבֶן,a pair of stones (only dual),,,Hebrew,Old Testament
H0071,אֲבָנָה,Abanah (ab-aw-naw') n/l.,,,Hebrew,Old Testament
H0072,אֶבֶן הָעֵזֶר,Eben ha-`ezer (eh'-ben haw-e'-zer) n/l.,,,Hebrew,Old Testament
H0073,אַבנֵט,a belt,,,Hebrew,Old Testament
H0074,אַבנֵר אֲבִינֵר,Abner (ab-nare') (or (fully) nAbiyner ab-ee-nare') n/p.,,,Hebrew,Old Testament
H0075,אָבַס,abac (aw-bas') v.,,,Hebrew,Old Testament
H0076,אֲבַעבּוּעָה,an inflammatory pustule (as eruption),,,Hebrew,Old Testament
H0077,אֶבֶץ,Ebets (eh'-bets) n/l.,,,Hebrew,Old Testament
H0078,אִבצָּן,Ibtsan (ib-tsawn') n/p.,,,Hebrew,Old Testament
H0079,אָבַק,abaq (aw-bak') v.,,,Hebrew,Old Testament
H0080,אָבָק,light particles (as volatile),,,Hebrew,Old Testament
H0081,אֲבָקָה,powder,,,Hebrew,Old Testament
H0082,אָבַר,abar (aw-bar') v.,,,Hebrew,Old Testament
H0083,אֵבֶר,a pinion,,,Hebrew,Old Testament
H0084,אֶברָה,feather,,,Hebrew,Old Testament
H0085,אַברָהָם,Abraham (ab-raw-hawm') n/p.,అబ్రాహాం,సమూహమునకు తండ్రి,Hebrew,Old Testament
H0086,אַברֵך,abrek (ab-rake') inj.,,,Hebrew,Old Testament
H0087,אַברָם,Abram (ab-rawm') n/p.,,,Hebrew,Old Testament
H0088,אוֹבוֹת,oboth (o-both') n/l.,,,Hebrew,Old Testament
H0089,אָגֵא,Age' (aw-gay') n/p.,,,Hebrew,Old Testament
H0090,אֲגַג,Agag (ag-ag') (or uAgag Ag-awg') n/p.,,,Hebrew,Old Testament
H0091,אֲגָגִי,Agagiy (ag-aw-ghee') adj.,,,Hebrew,Old Testament
H0092,אֲגֻדָּה,a band,,,Hebrew,Old Testament
H0093,אֱגוֹז,a nut,,,Hebrew,Old Testament
H0094,אָגוּר,Aguwr (aw-goor') n/p.,,,Hebrew,Old Testament
H0095,אֲגוֹרָה,(properly) something gathered,,,Hebrew,Old Testament
H0096,אֶגֶל,a reservoir,,,Hebrew,Old Testament
H0097,אֶגלַיִם,Eglayim (eg-lah'-yim) n/l.,,,Hebrew,Old Testament
H0098,אֲגַם,a marsh,,,Hebrew,Old Testament
H0099,אָגֵם,agem (aw-game') adj.,,,Hebrew,Old Testament
H0100,אַגמוֹן,a marshy pool (others from a different root,,,Hebrew,Old Testament
H0101,אַגָּן,a bowl (as pounded out hollow),,,Hebrew,Old Testament
H0102,אַגָּף,a cover or heap,,,Hebrew,Old Testament
H0103,אָגַר,agar (aw-gar') v.,,,Hebrew,Old Testament
H0104,אִגְּרָא,an epistle (as carried by a state courier or postman),,,Hebrew,Old Testament
H0105,אֲגַרטָּל,a basin,,,Hebrew,Old Testament
H0106,אֶגרוֹף,the clenched hand,,,Hebrew,Old Testament
H0107,אִגֶּרֶת,an epistle,,,Hebrew,Old Testament
H0108,אֵד,a fog,,,Hebrew,Old Testament
H0109,אָדַב,adab (aw-dab') v.,,,Hebrew,Old Testament
H0110,אַדבְּאֵל,Adb'el (ad-beh-ale') n/p.,,,Hebrew,Old Testament
H0111,אֲדַד,Adad (ad-ad') n/p.,,,Hebrew,Old Testament
H0112,אִדּוֹ,Iddow (id-do) n/p.,,,Hebrew,Old Testament
H0113,אָדוֹן אָדוֹן,sovereign,ఆదోన్,ప్రభువు,Hebrew,Old Testament
H0114,אַדּוֹן,Addown (ad-done') adj.,,,Hebrew,Old Testament
H0115,אֲדוֹרַיִם,Adowrayim (ad-o-rah'-yim) n/l.,,,Hebrew,Old Testament
H0116,אֱדַיִן,edayin (ed-ah'-yin) adv.,,,Hebrew,Old Testament
H0117,אַדִּיר,addiyr (ad-deer') adj.,,,Hebrew,Old Testament
H0118,אֲדַליָא,Adalya' (ad-al-yaw') n/p.,,,Hebrew,Old Testament
H0119,אָדַם,adam (aw-dam') v.,ఆదమ్,ఎర్రగా చేయు,Hebrew,Old Testament
H0120,אָדָם,ruddy i.e. a human being (an individual or the species,ఆదాం,మానవుడు,Hebrew,Old Testament
H0121,אָדָם,Adam (aw-dawm') n/p.,ఆదాం,ఆదాము,Hebrew,Old Testament
H0122,אָדוֹם,adom (aw-dome') adj.,,,Hebrew,Old Testament
H0123,אֱדוֹם אֱדוֹם,Edom (ed-ome') (or (fully) oEdowm ed-ome') n/p.,,,Hebrew,Old Testament
H0124,אוֹדֶם,redness,,,Hebrew,Old Testament
H0125,אֲדַמדָּם,adamdam (ad-am-dawm') adj.,,,Hebrew,Old Testament
H0126,אַדמָה,Admah (ad-maw') n/l.,,,Hebrew,Old Testament
H0127,אֲדָמָה,soil (from its general redness),,,Hebrew,Old Testament
H0128,אֲדָמָה,Adamah (ad-aw-maw') n/l.,,,Hebrew,Old Testament
H0129,אֲדָמִי,Adamiy (ad-aw-mee') n/l.,,,Hebrew,Old Testament
H0130,אֱדוֹמִי,Edomiy (ed-o-mee') (or (fully) aEdowmiy ed-o-mee') adj.,,,Hebrew,Old Testament
H0131,אֲדוּמִּים,Adummiym (ad-oom-meem') n/l.,,,Hebrew,Old Testament
H0132,אַדמוֹנִי אַדמוֹנִי,admoniy (ad-mo-nee') (or (fully) admowniy ad-mo-nee') adj.,,,Hebrew,Old Testament
H0133,אַדמָתָא,Admatha' (ad-maw-thaw') n/p.,,,Hebrew,Old Testament
H0134,אֶדֶן,a basis (of a building,,,Hebrew,Old Testament
H0135,אַדָּן,Addan (ad-dawn') n/l.,,,Hebrew,Old Testament
H0136,אֲדוֹנָי,the Lord (used as a proper name of God only),అదొనాయ్,ప్రభువు,Hebrew,Old Testament
H0137,אֲדוֹנִי ־ בֶּזֶק,Adoniy-Bezeq (ad-o''-nee-beh'-zek) n/p.,,,Hebrew,Old Testament
H0138,אֲדוֹנִיָה אֲדוֹנִיָהוּ,Adoniyah (ad-o-nee-yaw') (original (prolonged) dAdoniyahuw ad-o-nee- yaw'-hoo) n/p.,,,Hebrew,Old Testament
H0139,אֲדוֹנִי ־ צֶּדֶק,Adoniy-Tsedeq (ad-o''-nee-tseh'-dek) n/p.,,,Hebrew,Old Testament
H0140,אֲדוֹנִיקָם,Adoniyqam (ad-o-nee-kawm') n/p.,,,Hebrew,Old Testament
H0141,אֲדוֹנִירָם,Adoniyram (ad-o-nee-rawm') n/p.,,,Hebrew,Old Testament
H0142,אָדַר,adar (aw-dar') v.,,,Hebrew,Old Testament
H0143,אֲדָר,Adar (ad-awr') n/t.,,,Hebrew,Old Testament
H0144,אֲדָר,Adar (ad-awr') n/t.,,,Hebrew,Old Testament
H0145,אֶדֶר,amplitude,,,Hebrew,Old Testament
H0146,אַדָּר,Addar (ad-dawr') n/p.,,,Hebrew,Old Testament
H0147,אִדַּר,ample,,,Hebrew,Old Testament
H0148,אֲדַרגָּזֵר,a chief diviner,,,Hebrew,Old Testament
H0149,אַדרַזדָּא,adrazda' (ad-raz-daw') adv.,,,Hebrew,Old Testament
H0150,אֲדַרכּוֹן,a daric or Persian coin,,,Hebrew,Old Testament
H0151,אֲדוֹרָם,Adoram (ad-o-rawm') n/p.,,,Hebrew,Old Testament
H0152,אַדרַמֶּלֶך,Adrammelek (ad-ram-meh'-lek) n/p.,,,Hebrew,Old Testament
H0153,אֶדרָע,an arm,,,Hebrew,Old Testament
H0154,אֶדרֶעִי,edre`iy (ed-reh'-ee) n/l.,,,Hebrew,Old Testament
H0155,אַדֶּרֶת,something ample (as a large vine,,,Hebrew,Old Testament
H0156,אָדַשׁ,adash (aw-dash') v.,,,Hebrew,Old Testament
H0157,אָהַב אָהֵב,ahab (aw-hab') (or raheb aw-habe') v.,ఆహబ్,ప్రేమించు,Hebrew,Old Testament
H0158,אַהַב,affection (in a good or a bad sense),,,Hebrew,Old Testament
H0159,אוֹהַב,meaning the same as H0158,,,Hebrew,Old Testament
H0160,אַהֲבָה,love,,,Hebrew,Old Testament
H0161,אוֹהַד,Ohad (o'-had) n/p.,,,Hebrew,Old Testament
H0162,אֲהָהּ,ahahh (a-haw') inj.,,,Hebrew,Old Testament
H0163,אַהֲוָא,Ahava' (a-hav-aw') n/l.,,,Hebrew,Old Testament
H0164,אֵהוּד,Ehuwd (ay-hood') n/p.,,,Hebrew,Old Testament
H0165,אֱהִי,ehiy (e-hee') adv.,,,Hebrew,Old Testament
H0166,אָהַל,ahal (aw-hal') v.,,,Hebrew,Old Testament
H0167,אָהַל,ahal (aw-hal') v.,,,Hebrew,Old Testament
H0168,אוֹהֶל,a tent (as clearly conspicuous from a distance),,,Hebrew,Old Testament
H0169,אוֹהֶל,Ohel (o'-hel) n/p.,,,Hebrew,Old Testament
H0170,אָהֳלָה אָהֳלָהּ,Oholah (o-hol-aw') (in form a feminine of H168,,,Hebrew,Old Testament
H0171,אָהֳלִיאָב,Oholiy'ab (o''-hol-e-awb') n/p.,,,Hebrew,Old Testament
H0172,אָהֳלִיבָּה אָהֳלִיבָּהּ,Oholiybah (o''-hol-ee-baw') ((similarly with H170) for hOholiybahh o''-hol-e-baw') n/p.,,,Hebrew,Old Testament
H0173,אָהֳלִיבָּמָה,Oholiybamah (o''-hol-ee-baw-maw') n/p.,,,Hebrew,Old Testament
H0174,אֲהָלִים אֲהָלוֹת,aloe wood (i.e. sticks),,,Hebrew,Old Testament
H0175,אַהֲרוֹן,Aharown (a-har-one') n/p.,అహరోన్,అహరోను,Hebrew,Old Testament
H0176,אוֹ אַו,ow (o) (presumed to be the constructive or genitival form of -av av) conj.,,,Hebrew,Old Testament
H0177,אוּאֵל,Uw'el (oo-ale') n/p.,,,Hebrew,Old Testament
H0178,אוֹב,(properly) a mumble,,,Hebrew,Old Testament
H0179,אוֹבִיל,owbiyl (o-beel') n/p.,,,Hebrew,Old Testament
H0180,אוּבָל אוּבָל,a stream,,,Hebrew,Old Testament
H0181,אוּד,a poker (for turning or gathering embers),,,Hebrew,Old Testament
H0182,אוֹדוֹת אוֹדוֹת,turnings (i.e. occasions),,,Hebrew,Old Testament
H0183,אָוָה,avah (aw-vaw') v.,,,Hebrew,Old Testament
H0184,אָוָה,avah (aw-vaw') v.,,,Hebrew,Old Testament
H0185,אַוָּה,longing,,,Hebrew,Old Testament
H0186,אוּזַי,Uwzay (oo-zah'-ee) n/p.,,,Hebrew,Old Testament
H0187,אוּזָל,Uwzal (oo-zawl') n/p.,,,Hebrew,Old Testament
H0188,אוֹי,owy (o'-ee) inj.,,,Hebrew,Old Testament
H0189,אֱוִי,Eviy (ev-ee') n/p.,,,Hebrew,Old Testament
H0190,אוֹיָה,owyah (o-yaw') inj.,,,Hebrew,Old Testament
H0191,אֱוִיל,eviyl (ev-eel') adj.,ఎవిల్,మూర్ఖుడు,Hebrew,Old Testament
H0192,אֱוִיל מְרוֹדַך,Eviyl Mrodak (ev-eel' mer-o-dak') n/p.,,,Hebrew,Old Testament
H0193,אוּל,the body (as being rolled together),,,Hebrew,Old Testament
H0194,אוּלַי אוּלַי,uwlay (oo-lah'ee) (or (shortened) rulay oo-lah'ee) adv.,,,Hebrew,Old Testament
H0195,אוּלַי,Uwlay (oo-lah'ee) n/l.,,,Hebrew,Old Testament
H0196,אֱוִלִי,eviliy (ev-ee-lee') adj.,,,Hebrew,Old Testament
H0197,אוּלָם אוּלָם,a vestibule (as bound to the building),,,Hebrew,Old Testament
H0198,אוּלָם,Uwlam (oo-lawm') n/p.,,,Hebrew,Old Testament
H0199,אוּלָם,uwlam (oo-lawm') adv.,ఊలామ్,అయితే,Hebrew,Old Testament
H0200,אִוֶּלֶת,silliness,,,Hebrew,Old Testament
H0201,אוֹמָר,Owmar (o-mawr') n/p.,,,Hebrew,Old Testament
H0202,אוֹן,ability,,,Hebrew,Old Testament
H0203,אוֹן,Own (one) n/p.,,,Hebrew,Old Testament
H0204,אוֹן אוֹן,Own (one) (or (shortened) On one,,,Hebrew,Old Testament
H0205,אָוֶן,(strictly) nothingness,,,Hebrew,Old Testament
H0206,אָוֶן,Aven (aw'-ven) n/l.,,,Hebrew,Old Testament
H0207,אוֹנוֹ אוֹנוֹ,Ownow (o-no') (or (shortened) Onow o-no') n/l.,,,Hebrew,Old Testament
H0208,אוֹנָם,Ownam (o-nawm') n/p.,,,Hebrew,Old Testament
H0209,אוֹנָן,Ownan (o-nawn') n/p.,,,Hebrew,Old Testament
H0210,אוּפָז,Uwphaz (oo-fawz') n/l.,,,Hebrew,Old Testament
H0211,אוֹפִיר אוֹפִיר אוֹפִר,Owphiyr (o-feer') (or (shortened) pOphiyr o-feer'and fOwphir o- feer') n/p.,,,Hebrew,Old Testament
H0212,אוֹפָן אוֹפָן,a wheel,,,Hebrew,Old Testament
H0213,אוּץ,uwts (oots) v.,,,Hebrew,Old Testament
H0214,אוֹצָר,a depository,,,Hebrew,Old Testament
H0215,אוֹר,owr (ore) v.,,,Hebrew,Old Testament
H0216,אוֹר,illumination,,,Hebrew,Old Testament
H0217,אוּר,flame,,,Hebrew,Old Testament
H0218,אוּר,Uwr (oor) n/l.,,,Hebrew,Old Testament
H0219,אוֹרָה,luminousness,,,Hebrew,Old Testament
H0220,אֲוֵרָה,a stall,,,Hebrew,Old Testament
H0221,אוּרִי,Uwriy (oo-ree') n/p.,,,Hebrew,Old Testament
H0222,אוּרִיאֵל,Uwriy'el (oo-ree-ale') n/p.,,,Hebrew,Old Testament
H0223,אוּרִיָה אוּרִיָהוּ,Uwriyah (oo-ree-yaw') (or (prolonged) Uwriyahuw oo-ree-yaw'-hoo) n/p.,,,Hebrew,Old Testament
H0224,אוּרִים,lights,,,Hebrew,Old Testament
H0225,אוּת,uwth (ooth) v.,,,Hebrew,Old Testament
H0226,אוֹת,a signal (literally or figuratively),ఓత్,సూచన,Hebrew,Old Testament
H0227,אָז,az (awz) adv.,ఆజ్,అప్పుడు,Hebrew,Old Testament
H0228,אֲזָא אֲזָה,aza' (az-zaw') ((Aramaic) or iazah (Aramaic) az-aw') v.,,,Hebrew,Old Testament
H0229,אֶזבַּי,Ezbay (ez-bah'ee) n/p.,,,Hebrew,Old Testament
H0230,אֲזָד,azad (az-zawd') v.,,,Hebrew,Old Testament
H0231,אֵזוֹב,hyssop,,,Hebrew,Old Testament
H0232,אֵזוֹר,something girt,,,Hebrew,Old Testament
H0233,אֲזַי,azay (az-ah'ee) adv.,,,Hebrew,Old Testament
H0234,אַזכָּרָה,a reminder,,,Hebrew,Old Testament
H0235,אָזַל,azal (aw-zal') v.,,,Hebrew,Old Testament
H0236,אֲזַל,azal (az-al') v.,,,Hebrew,Old Testament
H0237,אֶזֶל,ezel (eh'-zel) n/l.,,,Hebrew,Old Testament
H0238,אָזַן,azan (aw-zan') v.,,,Hebrew,Old Testament
H0239,אָזַן,azan (aw-zan') v.,,,Hebrew,Old Testament
H0240,אָזֵן,a spade or paddle (as having a broad end),,,Hebrew,Old Testament
H0241,אוֹזֶן,broadness,ఓజెన్,చెవి,Hebrew,Old Testament
H0242,אוּזֵּן שֶׁאֱרָה,Uzzen She'erah (ooz-zane' sheh-er-aw') n/l.,,,Hebrew,Old Testament
H0243,אַזנוֹת תָּבוֹר,Aznowth Tabowr (az-noth' taw-bore') n/l.,,,Hebrew,Old Testament
H0244,אָזנִי,Ozniy (oz-nee') n/p.,,,Hebrew,Old Testament
H0245,אֲזַניָה,Azanyah (az-an-yaw') n/p.,,,Hebrew,Old Testament
H0246,אֲזִקִּים,manacles,,,Hebrew,Old Testament
H0247,אָזַר,azar (aw-zar') v.,,,Hebrew,Old Testament
H0248,אֶזרוַֹע,the arm,,,Hebrew,Old Testament
H0249,אֶזרָח,a spontaneous growth,,,Hebrew,Old Testament
H0250,אֶזרָחִי,Ezrachiy (ez-raw-khee') adj.,,,Hebrew,Old Testament
H0251,אָח,a brother (used in the widest sense of literal relationship and metaphorical affinity or resemblance...,ఆచ్,సోదరుడు,Hebrew,Old Testament
H0252,אַח,brother,,,Hebrew,Old Testament
H0253,אָח,ach (awkh) inj.,,,Hebrew,Old Testament
H0254,אָח,a fire-pot or chafing dish,,,Hebrew,Old Testament
H0255,אוַֹח,a howler or lonesome wild animal,,,Hebrew,Old Testament
H0256,אַחאָב אֶחָב,Ach'ab (akh-awb') (once (by contraction) oEchab (Jer. 29) n/p.,,,Hebrew,Old Testament
H0257,אַחבָּן,Achban (akh-bawn') n/p.,,,Hebrew,Old Testament
H0258,אָחַד,achad (aw-khad') v.,,,Hebrew,Old Testament
H0259,אֶחָד,echad (ekh-awd') adj.,ఎచాద్,ఒకటి,Hebrew,Old Testament
H0260,אָחוּ,a bulrush or any marshy grass (particularly that along the Nile),,,Hebrew,Old Testament
H0261,אֵחוּד,Echuwd (ay-khood') n/p.,,,Hebrew,Old Testament
H0262,אַחוָה,an utterance,,,Hebrew,Old Testament
H0263,אַחֲוָה,solution (of riddles),,,Hebrew,Old Testament
H0264,אַחֲוָה,fraternity,,,Hebrew,Old Testament
H0265,אֲחוַֹח,Achowach (akh-o'-akh) n/p.,,,Hebrew,Old Testament
H0266,אֲחוֹחִי,Achowchiy (akh-o-khee') adj.,,,Hebrew,Old Testament
H0267,אֲחוּמַי,Achuwmay (akh-oo-mah'-ee) n/p.,,,Hebrew,Old Testament
H0268,אָחוֹר אָחוֹר,achowr (aw-khore') (or (shortened) achor aw-khore') subv.,,,Hebrew,Old Testament
H0269,אָחוֹת,a sister (used very widely (like H0250),,,Hebrew,Old Testament
H0270,אָחַז,achaz (aw-khaz') v.,ఆఖజ్,పట్టుకొను,Hebrew,Old Testament
H0271,אָחָז,Achaz (aw-khawz') n/p.,,,Hebrew,Old Testament
H0272,אֲחוּזָּה,something seized,,,Hebrew,Old Testament
H0273,אַחזַי,Achzay (akh-zah'ee) n/p.,,,Hebrew,Old Testament
H0274,אֲחַזיָה אֲחַזיָהוּ,Achazyah (akh-az-yaw') (or (prolonged) rAchazyahuw akh-az-yaw'-hoo) n/p.,,,Hebrew,Old Testament
H0275,אֲחוּזָּם,Achuzzam (akh-ooz-zawm') n/p.,,,Hebrew,Old Testament
H0276,אֲחוּזַּת,Achuzzath (akh-ooz-zath') n/p.,,,Hebrew,Old Testament
H0277,אֲחִי,Achiy (akh-ee') n/p.,,,Hebrew,Old Testament
H0278,אֵחִי,Echiy (ay-khee') n/p.,,,Hebrew,Old Testament
H0279,אֲחִיאָם,Achiyam (akh-ee-awm') n/p.,,,Hebrew,Old Testament
H0280,אֲחִידָּה,hard sentence,,,Hebrew,Old Testament
H0281,אֲחִיָה אֲחִיָהוּ,Achiyah (akh-ee-yaw) (or (prolonged) pAchiyahuw akh-ee-yaw'-hoo) n/p.,,,Hebrew,Old Testament
H0282,אֲחִיהוּד,Achiyhuwd (akh-ee-hood') n/p.,,,Hebrew,Old Testament
H0283,אַחיוֹ,Achyow (akh-yo') n/p.,,,Hebrew,Old Testament
H0284,אֲחִיחוּד,Achiychud (akh-ee-khood') n/p.,,,Hebrew,Old Testament
H0285,אֲחִיטּוּב,Achiytuwb (akh-ee-toob') n/p.,,,Hebrew,Old Testament
H0286,אֲחִילוּד,Achiyluwd (akh-ee-lood') n/p.,,,Hebrew,Old Testament
H0287,אֲחִימוֹת,Achiymowth (akh-ee-moth') n/p.,,,Hebrew,Old Testament
H0288,אֲחִימֶלֶך,Achiymelek (akh-ee-meh'-lek) n/p.,,,Hebrew,Old Testament
H0289,אֲחִימַן אֲחִימָן,Achiyman (akh-ee-man') (or mAchiyman akh-ee-mawn') n/p.,,,Hebrew,Old Testament
H0290,אֲחִימַעַץ,Achiyma`ats (akh-ee-mah'-ats) n/l.,,,Hebrew,Old Testament
H0291,אַחיָן,Achyan (akh-yawn') n/p.,,,Hebrew,Old Testament
H0292,אֲחִינָדָב,Achiynadab (akh-ee-naw-dawb') n/p.,,,Hebrew,Old Testament
H0293,אֲחִינוֹעַם,Achiyno`am (akh-ee-no'-am) n/p.,,,Hebrew,Old Testament
H0294,אֲחִיסָמָך,Achiycamak (akh-ee-saw-mawk') n/p.,,,Hebrew,Old Testament
H0295,אֲחִיעֶזֶר,Achiy`ezer (akh-ee-eh'-zer) n/p.,,,Hebrew,Old Testament
H0296,אֲחִיקָם,Achiyqam (akh-ee-kawm') n/p.,,,Hebrew,Old Testament
H0297,אֲחִירָם,Achiyram (akh-ee-rawm') n/p.,,,Hebrew,Old Testament
H0298,אֲחִירָמִי,Achiyramiy (akh-ee-raw-mee') adj.,,,Hebrew,Old Testament
H0299,אֲחִירַע,Achiyra` (akh-ee-rah') n/p.,,,Hebrew,Old Testament
H0300,אֲחִישַׁחַר,Achiyshachar (akh-ee-shakh'-ar) n/p.,,,Hebrew,Old Testament
H0301,אֲחִישָׁר,Achiyshar (akh-ee-shawr') n/p.,,,Hebrew,Old Testament
H0302,אֲחִיתּוֹפֶל,Achiythophel (akh-ee-tho'-fel) n/p.,,,Hebrew,Old Testament
H0303,אַחלָב,Achlab (akh-lawb') n/l.,,,Hebrew,Old Testament
H0304,אַחלַי,Achlay (akh-lah'ee) n/p.,,,Hebrew,Old Testament
H0305,אַחֲלַי אַחֲלֵי,achalay (akh-al-ah'ee) (or achaley akh-al-ay') inj.,,,Hebrew,Old Testament
H0306,אַחלָמָה,a gem,,,Hebrew,Old Testament
H0307,אַחמְתָא,Achmtha' (akh-me-thaw') n/l.,,,Hebrew,Old Testament
H0308,אֲחַסבַּי,Achacbay (akh-as-bah'ee) n/p.,,,Hebrew,Old Testament
H0309,אָחַר,achar (aw-khar') v.,,,Hebrew,Old Testament
H0310,אַחַר,achar (akh-ar') adv.,అఖర్,తరువాత,Hebrew,Old Testament
H0311,אַחַר,achar (akh-ar') adv.,,,Hebrew,Old Testament
H0312,אַחֵר,acher (akh-air') adj.,అఖేర్,వేరే,Hebrew,Old Testament
H0313,אַחֵר,Acher (akh-air') n/p.,,,Hebrew,Old Testament
H0314,אַחֲריוֹן אַחֲרוֹן,acharown (akh-ar-one') (or (shortened) prob from H253 and a variation of H3863,అఖరోన్,చివరి,Hebrew,Old Testament
H0315,אַחרַח,Achrach (akh-rakh') n/p.,,,Hebrew,Old Testament
H0316,אֲחַרחֵל,Acharchel (akh-ar-kale') n/p.,,,Hebrew,Old Testament
H0317,אָחֳרִי,ochoriy (okh-or-ee') adj.,,,Hebrew,Old Testament
H0318,אָחֳרֵין אָחֳרֵן,ochoreyn (okh-or-ane') ((Aramaic) or (shortened)) adv.,,,Hebrew,Old Testament
H0319,אַחֲרִיתּ,the last or end,,,Hebrew,Old Testament
H0320,אַחֲרִיתּ,later,,,Hebrew,Old Testament
H0321,אָחֳרָן,ochoran (okh-or-awn') adj.,,,Hebrew,Old Testament
H0322,אֲחוֹרַנִּיתּ,achoranniyth (akh-o-ran-neeth') adv.,,,Hebrew,Old Testament
H0323,אֲחַשׁדַּרפַּן,a satrap or governor of a main province (of Persia),,,Hebrew,Old Testament
H0324,אֲחַשׁדַּרפַּן,prince,,,Hebrew,Old Testament
H0325,אֲחַשׁוֵרוֹשׁ אַחַשׁרוֹשׁ,Achashverowsh (akh-ash-vay-rosh') (or (shortened) pAchashrosh akh- ash-rosh' (Esth. 10) n/p.,,,Hebrew,Old Testament
H0326,אֲחַשׁתָּרִי,achashtariy (akh-ash-taw-ree') n/p.,,,Hebrew,Old Testament
H0327,אֲחַשׁתָּרָן,achastaran (akh-ash-taw-rawn') adj.,,,Hebrew,Old Testament
H0328,אַט,at (at) adv.,,,Hebrew,Old Testament
H0329,אָטָד,a thorn-tree (especially the buckthorn),,,Hebrew,Old Testament
H0330,אֵטוּן,(properly) twisted (yarn),,,Hebrew,Old Testament
H0331,אָטַם,atam (aw-tam') v.,,,Hebrew,Old Testament
H0332,אָטַר,atar (aw-tar') v.,,,Hebrew,Old Testament
H0333,אָטֵר,Ater (aw-tare') n/p.,,,Hebrew,Old Testament
H0334,אִטֵּר,itter (it-tare') adj.,,,Hebrew,Old Testament
H0335,אַי,ay (ah'ee) adv.,,,Hebrew,Old Testament
H0336,אִי,iy (ee) adv.,,,Hebrew,Old Testament
H0337,אִי,iy (ee) inj.,,,Hebrew,Old Testament
H0338,אִי,(properly) a howler,,,Hebrew,Old Testament
H0339,אִי,(properly) a habitable spot (as desirable),,,Hebrew,Old Testament
H0340,אָיַב,ayab (aw-yab') v.,ఆయబ్,శత్రువు,Hebrew,Old Testament
H0341,אוֹיֵב אוֹיֵב,oyeb (o-yabe') (or (fully) owyeb o-yabe') subv.,ఓయేబ్,శత్రువు,Hebrew,Old Testament
H0342,אֵיבָּה,hostility,,,Hebrew,Old Testament
H0343,אֵידּ,oppression,,,Hebrew,Old Testament
H0344,אַיָה,the screamer,,,Hebrew,Old Testament
H0345,אַיָה,Ayah (ah-yaw') n/p.,,,Hebrew,Old Testament
H0346,אַיֵה,ayeh (ah-yay') adv.,,,Hebrew,Old Testament
H0347,אִיוֹב,Iyowb (ee-yobe') n/p.,,,Hebrew,Old Testament
H0348,אִיזֶבֶל,Iyzebel (ee-zeh'-bel) n/p.,,,Hebrew,Old Testament
H0349,אֵיכּ אֵיכָּה אֵיכָּכָה,eyk (ake) (also eykah ay-kaw'and teykakah ay-kaw'-kah,,,Hebrew,Old Testament
H0350,אִי ־ כָּבוֹד,Iy-kabowd (ee-kaw-bode') n/p.,,,Hebrew,Old Testament
H0351,אֵיכּוֹה,eykoh (ay-ko) inj.,,,Hebrew,Old Testament
H0352,אַיִל,(properly) strength,,,Hebrew,Old Testament
H0353,אֱיָל,strength,,,Hebrew,Old Testament
H0354,אַיָל,a stag or male deer,,,Hebrew,Old Testament
H0355,אַיָלָה,a doe or female deer,,,Hebrew,Old Testament
H0356,אֵילוֹן אֵלוֹן אֵילוֹן,Eylown (ay-lone') (or (shortened) Elown ay-lone',,,Hebrew,Old Testament
H0357,אַיָלוֹן,Ayalown (ah-yaw-lone') n/l.,,,Hebrew,Old Testament
H0358,אֵילוֹן בֵּיתּ חָנָן,Eylown Beyth Chanan (ay-lone' bayth-chaw-nawn') n/l.,,,Hebrew,Old Testament
H0359,אֵילוֹת אֵילַת,Eylowth (ay-loth') (or mEylath ay-lath') n/l.,,,Hebrew,Old Testament
H0360,אֱיָלוּת,power,,,Hebrew,Old Testament
H0361,אֵילָם אֵלָם אֵלַמָּה,a pillar-space (or colonnade),,,Hebrew,Old Testament
H0362,אֵילִם,Eylim (ay-leem') n/l.,,,Hebrew,Old Testament
H0363,אִילָן,a tree,,,Hebrew,Old Testament
H0364,אֵיל פָּארָן,Eyl Pa'ran (ale paw-rawn') n/l.,,,Hebrew,Old Testament
H0365,אַיֱלֱת,a doe,,,Hebrew,Old Testament
H0366,אָיוֹם,ayom (aw-yome') adj.,,,Hebrew,Old Testament
H0367,אֵימָה אֵמָה,fright,,,Hebrew,Old Testament
H0368,אֵימִים,Eymiym (ay-meem') n/p.,,,Hebrew,Old Testament
H0369,אַיִן,ayin (ah'-yin) prt-n.,,,Hebrew,Old Testament
H0370,אַיִן,aiyn (ah-yin') adv.,,,Hebrew,Old Testament
H0371,אִין,iyn (een) adv.,,,Hebrew,Old Testament
H0372,אִיעֶזֵר,Iy`ezer (ee-eh'-zer) n/p.,,,Hebrew,Old Testament
H0373,אִיעֶזרִי,Iy`ezriy (ee-ez-ree') adj.,,,Hebrew,Old Testament
H0374,אֵיפָה אֵפָה,an ephah or measure for grain,,,Hebrew,Old Testament
H0375,אֵיפוֹה,eyphoh (ay-fo') adv.,,,Hebrew,Old Testament
H0376,אִישׁ,a man as an individual or a male person,ఈష్,మనిషి,Hebrew,Old Testament
H0377,אִישׁ,iysh (eesh) v.,,,Hebrew,Old Testament
H0378,אִישׁ ־ בּוֹשֶׁת,Iysh-Bosheth (eesh-bo'-sheth) n/p.,,,Hebrew,Old Testament
H0379,אִישׁהוֹד,Iyshhowd (eesh-hode') n/p.,,,Hebrew,Old Testament
H0380,אִישׁוֹן,the little man of the eye,,,Hebrew,Old Testament
H0381,אִישׁ ־ חַיִל אִישׁ ־ חַי,man of might,,,Hebrew,Old Testament
H0382,אִישׁ ־ טּוֹב,Iysh-Towb (eesh-tobe') n/l.,,,Hebrew,Old Testament
H0383,אִיתַּי,iythay (ee-thah'ee) subv.,,,Hebrew,Old Testament
H0384,אִיתִּיאֵל,Iythiy'el (eeth-ee-ale') n/p.,,,Hebrew,Old Testament
H0385,אִיתָּמָר,Iythamar (eeth-aw-mawr') n/p.,,,Hebrew,Old Testament
H0386,אֵיתָּן,eythan (ay-thawn') (or (shortened) ethan ay-thawn') adj.,,,Hebrew,Old Testament
H0387,אֵיתָּן,Eythan (ay-thawn') n/p.,,,Hebrew,Old Testament
H0388,אֵיתָּנִים,Eythaniym (ay-thaw-neem') n/p.,,,Hebrew,Old Testament
H0389,אַך,ak (ak) adv.,,,Hebrew,Old Testament
H0390,אַכַּד,Akkad (ak-kad') n/l.,,,Hebrew,Old Testament
H0391,אַכזָב,akzab (ak-zawb') adj.,,,Hebrew,Old Testament
H0392,אַכזִיבּ,Akziyb (ak-zeeb') n/l.,,,Hebrew,Old Testament
H0393,אַכזָר,akzar (ak-zawr') adj.,,,Hebrew,Old Testament
H0394,אַכזָרִי,akzariy (ak-zawr-ree') adj.,,,Hebrew,Old Testament
H0395,אַכזְרִיוּת,fierceness,,,Hebrew,Old Testament
H0396,אֲכִילָה,something eatable,,,Hebrew,Old Testament
H0397,אָכִישׁ,Akiysh (aw-keesh') n/p.,,,Hebrew,Old Testament
H0398,אָכַל,akal (aw-kal') v.,ఆకల్,తిను,Hebrew,Old Testament
H0399,אֲכַל,akal (ak-al') v.,,,Hebrew,Old Testament
H0400,אוֹכֶל,food,,,Hebrew,Old Testament
H0401,אוּכָל אוּכָּל,Ukal (oo-kawl') (or mUkkal ook-kawl') n/p.,,,Hebrew,Old Testament
H0402,אוֹכלָה,food,,,Hebrew,Old Testament
H0403,אָכֵן,aken (aw-kane') adv.,,,Hebrew,Old Testament
H0404,אָכַף,akaph (aw-kaf') v.,,,Hebrew,Old Testament
H0405,אֶכֶף,a load,,,Hebrew,Old Testament
H0406,אִכָּר,a farmer,,,Hebrew,Old Testament
H0407,אַכשָׁף,Akshaph (ak-shawf') n/l.,,,Hebrew,Old Testament
H0408,אַל,al (al) adv.,,,Hebrew,Old Testament
H0409,אַל,al (al) adv.,,,Hebrew,Old Testament
H0410,אֵל,strength,ఏల్,దేవుడు,Hebrew,Old Testament
H0411,אֵל,el (ale) prt-d.,ఏల్,ఈ,Hebrew,Old Testament
H0412,אֵל,el (ale) prt-d.,,,Hebrew,Old Testament
H0413,אֵל אֶל,el (ale) ((but only used in the shortened constructive form sel el)) prep.,ఎల్,వైపుకు,Hebrew,Old Testament
H0414,אֵלָא,Ela' (ay-law') n/p.,,,Hebrew,Old Testament
H0415,אֵל אֱלוֹהֵי יִשׂרָאֵל,El 'elohey Yisra'el (ale el-o-hay' yis-raw-ale') n/l.,,,Hebrew,Old Testament
H0416,אֵל בֵּיתּ ־ אֵל,El Beyth-'El (ale bayth-ale') n/l.,,,Hebrew,Old Testament
H0417,אֶלגָּבִישׁ,hail (as if a great pearl),,,Hebrew,Old Testament
H0418,אַלגּוּמִּים,sticks of algum wood,,,Hebrew,Old Testament
H0419,אֶלדָּד,Eldad (el-dad') n/p.,,,Hebrew,Old Testament
H0420,אֶלדָּעָה,Elda`ah (el-daw-aw') n/p.,,,Hebrew,Old Testament
H0421,אָלָה,alah (aw-law') v.,,,Hebrew,Old Testament
H0422,אָלָה,alah (aw-law') v.,,,Hebrew,Old Testament
H0423,אָלָה,(properly) an oath,,,Hebrew,Old Testament
H0424,אֵלָה,an oak or other strong tree,,,Hebrew,Old Testament
H0425,אֵלָה,Elah (ay-law') n/p.,,,Hebrew,Old Testament
H0426,אֱלָהּ,God,,,Hebrew,Old Testament
H0427,אַלָּה,oak,,,Hebrew,Old Testament
H0428,אֵלֶּה,el-leh (ale'-leh) p/d.,,,Hebrew,Old Testament
H0429,אֵלֶּה,elleh (ale'-leh) p/d.,,,Hebrew,Old Testament
H0430,אֱלוֹהִים,gods in the ordinary sense,ఎలోహీం,దేవుడు,Hebrew,Old Testament
H0431,אֲלוּ,aluw (al-oo') inj.,,,Hebrew,Old Testament
H0432,אִלּוּ,illuw (il-loo') conj.,,,Hebrew,Old Testament
H0433,אֱלוַֹהּ אֱלוַֹהּ,a deity or the Deity,ఎలోహ,దేవుడు,Hebrew,Old Testament
H0434,אֱלוּל,eluwl (el-ool') adj.,,,Hebrew,Old Testament
H0435,אֱלוּל,Eluwl (el-ool') n/t.,,,Hebrew,Old Testament
H0436,אֵלוֹן,an oak or other strong tree,,,Hebrew,Old Testament
H0437,אַלּוֹן,oak,,,Hebrew,Old Testament
H0438,אַלּוֹן,Allown (al-lone') n/p.,,,Hebrew,Old Testament
H0439,אַלּוֹן בָּכוּת,Allown Bakuwth (al-lone' baw-kooth') n/l.,,,Hebrew,Old Testament
H0440,אֵלוֹנִי אֵלוֹנִי,Elowniy (ay-lo-nee') (or rather (shortened) oEloniy ay-lo-nee') adj.,,,Hebrew,Old Testament
H0441,אַלוּף אַלּוּף,alluwph (al-loof') (or (shortened) talluph al-loof') adj.,అల్లూఫ్,నాయకుడు,Hebrew,Old Testament
H0442,אָלוּשׁ,Aluwsh (aw-loosh') n/l.,,,Hebrew,Old Testament
H0443,אֶלזָבָד,Elzabad (el-zaw-bawd') n/p.,,,Hebrew,Old Testament
H0444,אָלַח,alach (aw-lakh') v.,,,Hebrew,Old Testament
H0445,אֶלחָנָן,Elchanan (el-khaw-nawn') n/p.,,,Hebrew,Old Testament
H0446,אֱלִיאָב,Eliy'ab (el-ee-awb') n/p.,,,Hebrew,Old Testament
H0447,אֱלִיאֵל,Eliy'el (el-ee-ale') n/p.,,,Hebrew,Old Testament
H0448,אֱלִיאָתָה אֱלִיָתָה,Eliy'athah (el-ee-aw-thaw') (or (contraction) Eliyathah el-ee-yaw- thaw',,,Hebrew,Old Testament
H0449,אֱלִידָּד,Eliydad (el-ee-dawd') n/p.,,,Hebrew,Old Testament
H0450,אֶליָדָע,Elyada` (el-yaw-daw') n/p.,,,Hebrew,Old Testament
H0451,אַליָה,the stout part,,,Hebrew,Old Testament
H0452,אֵלִיָה אֵלִיָהוּ,Eliyah (ay-lee-yaw') (or prolonged tEliyahuw ay-lee-yaw'-hoo) n/p.,,,Hebrew,Old Testament
H0453,אֱלִיהוּ אֱלִיהוּא,Eliyhuw (el-ee-hoo') (or (fully) dEliyhuwh el-ee-hoo') n/p.,,,Hebrew,Old Testament
H0454,אֶליְהוֹעֵינַי אֶליוֹעֵינַי,Elyhow`eynay (el-ye-ho-ay-nah'ee) (or (shortened) yElyoweynay el- yo-ay-nah'ee) n/p.,,,Hebrew,Old Testament
H0455,אֶליַחבָּא,Elyachba' (el-yakh-baw') n/p.,,,Hebrew,Old Testament
H0456,אֱלִיחוֹרֶף,Eliychoreph (el-ee-kho'-ref) n/p.,,,Hebrew,Old Testament
H0457,אֱלִיל,eliyl (el-eel') adj.,,,Hebrew,Old Testament
H0458,אֱלִימֶלֶך,Eliymelek (el-ee-meh'-lek) n/p.,,,Hebrew,Old Testament
H0459,אִלֵּין אִלֵּן,illeyn (il-lane') ((Aramaic) or shorter oillen il-lane') p/d.,,,Hebrew,Old Testament
H0460,אֶליָסָף,Elyacaph (el-yaw-sawf') n/p.,,,Hebrew,Old Testament
H0461,אֱלִיעֶזֶר,Eliy`ezer (el-ee-eh'-zer) n/p.,,,Hebrew,Old Testament
H0462,אֱלִיעֵינַי,Eliy`eynay (el-ee-ay-nah'ee) n/p.,,,Hebrew,Old Testament
H0463,אֱלִיעָם,Eliy`am (el-ee-awm') n/p.,,,Hebrew,Old Testament
H0464,אֱלִיפַז,Eliyphaz (el-ee-faz') n/p.,,,Hebrew,Old Testament
H0465,אֱלִיפָל,Eliyphal (el-ee-fawl') n/p.,,,Hebrew,Old Testament
H0466,אֱלִיפְלֵהוּ,Eliyphlehuw (el-ee-fe-lay'-hoo) n/p.,,,Hebrew,Old Testament
H0467,אֱלִיפֶלֶט אֱלפֶּלֶט,Eliyphelet (el-ee-feh'-let) (or (shortened) Elpelet el-peh'-let) n/p.,,,Hebrew,Old Testament
H0468,אֱלִיצּוּר,Eleytsuwr (el-ee-tsoor') n/p.,,,Hebrew,Old Testament
H0469,אֱלִיצָּפָן אֶלצָּפָן,Eliytsaphan (el-ee-tsaw-fawn') (or (shortened) Eltsaphan el-tsaw- fawn') n/p.,,,Hebrew,Old Testament
H0470,אֱלִיקָא,Eliyqa' (el-ee-kaw') n/p.,,,Hebrew,Old Testament
H0471,אֶליָקִים,Elyaqiym' (el-yaw-keem') n/p.,,,Hebrew,Old Testament
H0472,אֱלִישֶׁבַע,Eliysheba` (el-ee-sheh'-bah) n/p.,,,Hebrew,Old Testament
H0473,אֱלִישָׁה,Eliyshah (el-ee-shaw') n/p.,,,Hebrew,Old Testament
H0474,אֱלִישׁוַּע,Eliyshuwa` (el-ee-shoo'-ah) n/p.,,,Hebrew,Old Testament
H0475,אֶליָשִׁיבּ,Elyashiyb (el-yaw-sheeb') n/p.,,,Hebrew,Old Testament
H0476,אֱלִישָׁמָע,Eliyshama` (el-ee-shaw-maw') n/p.,,,Hebrew,Old Testament
H0477,אֱלִישָׁע,Eliysha` (el-ee-shaw') n/p.,,,Hebrew,Old Testament
H0478,אֱלִישָׁפָט,Eliyshaphat (el-ee-shaw-fawt') n/p.,,,Hebrew,Old Testament
H0479,אִלֵּך,illek (il-lake') p/d.,,,Hebrew,Old Testament
H0480,אַלְלַי,allay (al-le-lah'ee) inj.,,,Hebrew,Old Testament
H0481,אָלַם,alam (aw-lam') v.,,,Hebrew,Old Testament
H0482,אֵלֶם,elem (ay'-lem) adj.,,,Hebrew,Old Testament
H0483,אִלֵּם,illem (il-lame') adj.,,,Hebrew,Old Testament
H0484,אַלמֻגִּים,almug (i.e. probably sandle-wood) sticks,,,Hebrew,Old Testament
H0485,אֲלוּמָּה אָלוּם,something bound,,,Hebrew,Old Testament
H0486,אַלמוֹדָד,Almowdad (al-mo-dawd') n/p.,,,Hebrew,Old Testament
H0487,אַלַּמֶּלֶך,Allammelek (al-lam-meh'-lek) n/l.,,,Hebrew,Old Testament
H0488,אַלמָן,alman (al-mawn') adj.,,,Hebrew,Old Testament
H0489,אַלמוֹן,bereavement,,,Hebrew,Old Testament
H0490,אַלמָנָה,a widow,,,Hebrew,Old Testament
H0491,אַלמָנוּת,(concretely) a widow,,,Hebrew,Old Testament
H0492,אַלמוֹנִי,almoniy (al-mo-nee') adj.,,,Hebrew,Old Testament
H0493,אֶלנַעַם,Elna`am (el-nah'-am) n/p.,,,Hebrew,Old Testament
H0494,אֶלנָתָן,Elnathan (el-naw-thawn') n/p.,,,Hebrew,Old Testament
H0495,אֶלָּסָר,Ellacar (el-law-sawr') n/l.,,,Hebrew,Old Testament
H0496,אֶלעָד,El`ad (el-awd') n/p.,,,Hebrew,Old Testament
H0497,אֶלעָדָה,El`adah (el-aw-daw') n/p.,,,Hebrew,Old Testament
H0498,אֶלעוּזַי,El`uwzay (el-oo-zah'ee) n/p.,,,Hebrew,Old Testament
H0499,אֶלעָזָר,El`azar (el-aw-zawr') n/p.,,,Hebrew,Old Testament
H0500,אֶלעָלֵא אֶלעָלֵה,El`ale' (el-aw-lay') (or (more properly) GEl aleh el-aw-lay') n/l.,,,Hebrew,Old Testament
H0501,אֶלעָשָׂה,El`asah (el-aw-saw') n/p.,,,Hebrew,Old Testament
H0502,אָלַף,alph (aw-lof') v.,,,Hebrew,Old Testament
H0503,אָלַף,causative,,,Hebrew,Old Testament
H0504,אֶלֶף,a family,,,Hebrew,Old Testament
H0505,אֶלֶף,a thousand,,,Hebrew,Old Testament
H0506,אֲלַף אֶלֶף,a thousand,,,Hebrew,Old Testament
H0507,אֶלֶף,Eleph (eh'-lef) n/l.,,,Hebrew,Old Testament
H0508,אֶלפַּעַל,Elpa`al (el-pah'-al) n/p.,,,Hebrew,Old Testament
H0509,אָלַץ,alats (aw-lats') v.,,,Hebrew,Old Testament
H0510,אַלקוּם,alquwm (al-koom') adv.,,,Hebrew,Old Testament
H0511,אֶלקָנָה,Elqanah (el-kaw-naw') n/p.,,,Hebrew,Old Testament
H0512,אֶלקוֹשִׁי,Elqoshiy (el-ko-shee') adj.,,,Hebrew,Old Testament
H0513,אֶלתּוֹלַד,Eltowlad (el-to-lad') n/l.,,,Hebrew,Old Testament
H0514,אֶלתְּקֵא אֶלתְּקֵה,Eltqe (el-te-kay') (or (more properly) nEltqeh el-te-kay') n/l.,,,Hebrew,Old Testament
H0515,אֶלתְּקוֹן,Eltqon (el-te-kone') n/l.,,,Hebrew,Old Testament
H0516,אַל תַּשׁחֵת,Thou must not destroy,,,Hebrew,Old Testament
H0517,אֵם,a mother (as the bond of the family),ఏం,తల్లి,Hebrew,Old Testament
H0518,אִם,im (eem) prt.,ఇమ్,ఒకవేళ,Hebrew,Old Testament
H0519,אָמָה,a maid-servant or female slave,,,Hebrew,Old Testament
H0520,אַמָּה,(properly) a mother,,,Hebrew,Old Testament
H0521,אַמָּה,cubit,,,Hebrew,Old Testament
H0522,אַמָּה,Ammah (am-maw') n/l.,,,Hebrew,Old Testament
H0523,אוּמַּה,a collection,,,Hebrew,Old Testament
H0524,אוּמָּה,nation,,,Hebrew,Old Testament
H0525,אָמוֹן,skilled,,,Hebrew,Old Testament
H0526,אָמוֹן,Amown (aw-mone') n/p.,,,Hebrew,Old Testament
H0527,אָמוֹן,a throng of people,,,Hebrew,Old Testament
H0528,אָמוֹן,Amown (aw-mone') n/p.,,,Hebrew,Old Testament
H0529,אֵמוּן,established,,,Hebrew,Old Testament
H0530,אֱמוּנָה,literally firmness,ఎమునా,నమ్మకత్వం,Hebrew,Old Testament
H0531,אָמוֹץ,Amowts (aw-mohts') n/p.,,,Hebrew,Old Testament
H0532,אָמִי,Amiy (aw-mee') n/p.,,,Hebrew,Old Testament
H0533,אַמִּיצּ אַמִּץ,ammiyts (am-meets') (or (shortened) ammits am-meets') adj.,,,Hebrew,Old Testament
H0534,אָמִיר,a summit (of a tree or mountain,,,Hebrew,Old Testament
H0535,אָמַל,amal (aw-mal') v.,,,Hebrew,Old Testament
H0536,אוּמלַל,umlal (oom-lal') adj.,,,Hebrew,Old Testament
H0537,אֲמֵלָל,amelal (am-ay-lawl') adj.,,,Hebrew,Old Testament
H0538,אֲמָם,Amam (am-awm') n/l.,,,Hebrew,Old Testament
H0539,אָמַן,aman (aw-man') v.,ఆమన్,నమ్ము,Hebrew,Old Testament
H0540,אֲמַן,aman (am-an') v.,,,Hebrew,Old Testament
H0541,אָמַן,aman (aw-man') v.,,,Hebrew,Old Testament
H0542,אָמָן,an expert,,,Hebrew,Old Testament
H0543,אָמֵן,amen (aw-mane') adv.,,,Hebrew,Old Testament
H0544,אוֹמֶן,verity,,,Hebrew,Old Testament
H0545,אָמנָה,tutelage,,,Hebrew,Old Testament
H0546,אָמנָה,omnah (om-naw') adv.,ఓమ్నా,నిశ్చయముగా,Hebrew,Old Testament
H0547,אוֹמְנָה,a column,,,Hebrew,Old Testament
H0548,אֲמָנָה,something fixed,,,Hebrew,Old Testament
H0549,אֲמָנָה,Amanah (am-aw-naw') n/l.,,,Hebrew,Old Testament
H0550,אַמנוֹן אֲמִינוֹן,faithful,,,Hebrew,Old Testament
H0551,אָמנָם,omnam (om-nawm') adv.,,,Hebrew,Old Testament
H0552,אוּמנָם,umnam (oom-nawm') adv.,,,Hebrew,Old Testament
H0553,אָמַץ,amats (aw-mats') v.,,,Hebrew,Old Testament
H0554,אָמוֹץ,amots (aw-mohts') adj.,,,Hebrew,Old Testament
H0555,אוֹמֶץ,strength,,,Hebrew,Old Testament
H0556,אַמצָּה,force,,,Hebrew,Old Testament
H0557,אַמצִּי,Amtsiy (am-tsee') n/p.,,,Hebrew,Old Testament
H0558,אֲמַציָה אֲמַציָהוּ,Amatsyah (am-ats-yaw') (or mAmatsyahuw am-ats-yaw'-hoo) n/p.,,,Hebrew,Old Testament
H0559,אָמַר,amar (aw-mar') v.,ఆమర్,చెప్పు,Hebrew,Old Testament
H0560,אֲמַר,amar (am-ar') v.,,,Hebrew,Old Testament
H0561,אֵמֶר,something said,,,Hebrew,Old Testament
H0562,אוֹמֶר,promise,,,Hebrew,Old Testament
H0563,אִמַּר,a lamb,,,Hebrew,Old Testament
H0564,אִמֵּר,Immer (im-mare') n/p.,,,Hebrew,Old Testament
H0565,אִמרָה אֶמרָה,meaning the same as H0561,,,Hebrew,Old Testament
H0566,אִמרִי,Imriy (im-ree') n/p.,,,Hebrew,Old Testament
H0567,אֱמוֹרִי,thus,,,Hebrew,Old Testament
H0568,אֲמַריָה אֲמַריָהוּ,Amaryah (am-ar-yaw') (or prolonged tAmaryahuw am-ar-yaw'-hoo) n/p.,,,Hebrew,Old Testament
H0569,אַמרָפֶל,Amraphel (am-raw-fel') n/p.,,,Hebrew,Old Testament
H0570,אֶמֶשׁ,emesh (eh'-mesh) adv.,,,Hebrew,Old Testament
H0571,אֶמֶת,emeth (eh'-meth) adv.,ఎమెత్,సత్యం,Hebrew,Old Testament
H0572,אַמתַּחַת,(properly) something expansive,,,Hebrew,Old Testament
H0573,אֲמִתּתַּי,Amittay (am-it-tah'ee) n/p.,,,Hebrew,Old Testament
H0574,אֵמתָּנִי,emtaniy (em-taw-nee') adj.,,,Hebrew,Old Testament
H0575,אָן אָנָה,an (awn) (or manah aw-naw') adv.,,,Hebrew,Old Testament
H0576,אֲנָא אֲנָה,ana' (an-aw') ((Aramaic) or .anah (Aramaic) an-aw') p/p.,,,Hebrew,Old Testament
H0577,אָנאָ אָנָּה,anna' (awn-naw') (or mannah awn-naw') inj.,,,Hebrew,Old Testament
H0578,אָנָה,anah (aw-naw') v.,,,Hebrew,Old Testament
H0579,אָנָה,anah (aw-naw') v.,,,Hebrew,Old Testament
H0580,אֲנוּ,anuw (an-oo') p/p.,,,Hebrew,Old Testament
H0581,אִנּוּן אִנִּין,innuwn (in-noon') ((Aramaic) or (feminine) inniyn (Aramaic) in- neen') p/d.,,,Hebrew,Old Testament
H0582,אֱנוֹשׁ,(properly) a mortal (and thus differing from the more dignified H0120),ఎనోష్,మానవుడు,Hebrew,Old Testament
H0583,אֱנוֹשׁ,Enowsh (en-ohsh') n/p.,,,Hebrew,Old Testament
H0584,אָנַח,anach (aw-nakh') v.,,,Hebrew,Old Testament
H0585,אֲנָחָה,sighing,,,Hebrew,Old Testament
H0586,אֲנַחנָא אֲנַחנָה,anachna' (an-akh'-naw) ((Aramaic) or ganachnah (Aramaic) an-akh- naw') p/p.,,,Hebrew,Old Testament
H0587,אֲנַחנוּ,anachnuw (an-akh'-noo) p/p.,,,Hebrew,Old Testament
H0588,אֲנָחֲרָת,Anacharath (an-aw-kha-rawth') n/l.,,,Hebrew,Old Testament
H0589,אֲנִי,aniy (an-ee') p/p.,,,Hebrew,Old Testament
H0590,אָנִי,a ship,,,Hebrew,Old Testament
H0591,אָנִיָה,a ship,,,Hebrew,Old Testament
H0592,אֲנִיָה,groaning,,,Hebrew,Old Testament
H0593,אֲנִיעָם,Aniy`am (an-ee-awm') n/p.,,,Hebrew,Old Testament
H0594,אֲנָך,according to most a plumb-line,,,Hebrew,Old Testament
H0595,אָנוֹכִי,anokiy (aw-no-kee') (sometimes aw-no'-kee) p/p.,,,Hebrew,Old Testament
H0596,אָנַן,anan (aw-nan') v.,,,Hebrew,Old Testament
H0597,אָנַס,anac (aw-nas') v.,,,Hebrew,Old Testament
H0598,אֲנַס,anac (an-as') v.,,,Hebrew,Old Testament
H0599,אָנַף,anaph (aw-naf') v.,,,Hebrew,Old Testament
H0600,אֲנַף,the face,,,Hebrew,Old Testament
H0601,אֲנָפָה,an unclean bird,,,Hebrew,Old Testament
H0602,אָנַק,anaq (aw-nak') v.,,,Hebrew,Old Testament
H0603,אֲנָקָה,shrieking,,,Hebrew,Old Testament
H0604,אֲנָקָה,some kind of lizard,,,Hebrew,Old Testament
H0605,אָנַשׁ,anash (aw-nash') v.,,,Hebrew,Old Testament
H0606,אֱנָשׁ אֱנַשׁ,a man,,,Hebrew,Old Testament
H0607,אַנתָּה,antah (an-taw') p/p.,,,Hebrew,Old Testament
H0608,אַנתּוּן,antuwn (an-toon') p/p.,,,Hebrew,Old Testament
H0609,אָסָא,Aca' (aw-saw') n/p.,,,Hebrew,Old Testament
H0610,אָסוּך,anointed,,,Hebrew,Old Testament
H0611,אָסוֹן,hurt,,,Hebrew,Old Testament
H0612,אֵסוּר,a bond (especially manacles of a prisoner),,,Hebrew,Old Testament
H0613,אֱסוּר,band,,,Hebrew,Old Testament
H0614,אָסִיף אָסִף,gathered,,,Hebrew,Old Testament
H0615,אָסִיר,bound,,,Hebrew,Old Testament
H0616,אַסִּיר,prisoner,,,Hebrew,Old Testament
H0617,אַסִּיר,Acciyr (as-sere') n/p.,,,Hebrew,Old Testament
H0618,אָסָם,a storehouse (only in the plural),,,Hebrew,Old Testament
H0619,אַסנָה,Acnah (as-naw') n/p.,,,Hebrew,Old Testament
H0620,אוֹסנַפַּר,Ocnappar (os-nap-par') n/p.,,,Hebrew,Old Testament
H0621,אָסנַת,Acnath (aw-se-nath') n/p.,,,Hebrew,Old Testament
H0622,אָסַף,acaph (aw-saf') v.,ఆసఫ్,సమకూర్చు,Hebrew,Old Testament
H0623,אָסָף,Acaph (aw-sawf') n/p.,,,Hebrew,Old Testament
H0624,אָסוּף,collected,,,Hebrew,Old Testament
H0625,אוֹסֶף,a collection (of fruits),,,Hebrew,Old Testament
H0626,אֲסֵפָה,a collection of people (only adverbial),,,Hebrew,Old Testament
H0627,אֲסוּפָּה,a collection of (learned) men (only in the plural),,,Hebrew,Old Testament
H0628,אַספְּסוּף,gathered up together,,,Hebrew,Old Testament
H0629,אָספַּרנָא,ocparna' (os-par-naw') adv.,,,Hebrew,Old Testament
H0630,אַספָּתָא,Acpatha' (as-paw-thaw') n/p.,,,Hebrew,Old Testament
H0631,אָסַר,acar (aw-sar') v.,,,Hebrew,Old Testament
H0632,אֱסָר אִסָּר,an obligation or vow (of abstinence),,,Hebrew,Old Testament
H0633,אֱסָר,an interdict,,,Hebrew,Old Testament
H0634,אֵסַר ־ חַדּוֹן,Ecar-Chaddown (ay-sar' Chad-dohn') n/p.,,,Hebrew,Old Testament
H0635,אֶסתֵּר,Ecter (es-tare') n/p.,,,Hebrew,Old Testament
H0636,אָע,a tree or wood,,,Hebrew,Old Testament
H0637,אַף,aph (af) prt.,,,Hebrew,Old Testament
H0638,אַף,aph (af) conj.,,,Hebrew,Old Testament
H0639,אַף,(properly) the nose or nostril,ఆఫ్,ముక్కు,Hebrew,Old Testament
H0640,אָפַד,aphad (aw-fad') v.,,,Hebrew,Old Testament
H0641,אֵפוֹד,Ephod (ay-fode') n/p.,,,Hebrew,Old Testament
H0642,אֵפוּדָּה,a girding on (of the ephod),,,Hebrew,Old Testament
H0643,אַפֶּדֶן,a pavilion or palace-tent,,,Hebrew,Old Testament
H0644,אָפָה,aphah (aw-faw') v.,,,Hebrew,Old Testament
H0645,אֵפוֹ אֵפוֹא,ephow (ay-fo') (or hephowe ay-fo') prt-d.,,,Hebrew,Old Testament
H0646,אֵפוֹד אֵפוֹד,a girdle,,,Hebrew,Old Testament
H0647,אֲפִיַח,Aphiyach (af-ee'-akh) n/p.,,,Hebrew,Old Testament
H0648,אָפִיל,aphiyl (aw-feel') adj.,,,Hebrew,Old Testament
H0649,אַפַּיִם,Appayim (ap-pah'-yim) n/p.,,,Hebrew,Old Testament
H0650,אָפִיק,(properly) containing,,,Hebrew,Old Testament
H0651,אַפֵל,aphel (aw-fale') adj.,,,Hebrew,Old Testament
H0652,אוֹפֶל,dusk,,,Hebrew,Old Testament
H0653,אֲפֵלָה,duskiness,,,Hebrew,Old Testament
H0654,אֶפלָל,Ephlal (ef-lawl') n/p.,,,Hebrew,Old Testament
H0655,אוֹפֶן,a turn,,,Hebrew,Old Testament
H0656,אָפֵס,aphec (aw-face') v.,,,Hebrew,Old Testament
H0657,אֶפֶס,cessation,ఎఫెస్,అంతం,Hebrew,Old Testament
H0658,אֶפֶס דַּמִּים,Ephec Dammiym (eh'-fes dam-meem') n/l.,,,Hebrew,Old Testament
H0659,אֵפַע,epha` (eh'-fah) adj.,,,Hebrew,Old Testament
H0660,אֶפעֶה,an asp or other venomous serpent,,,Hebrew,Old Testament
H0661,אָפַף,aphaph (aw-faf') v.,,,Hebrew,Old Testament
H0662,אָפַק,aphaq (aw-fak') v.,,,Hebrew,Old Testament
H0663,אֲפֵק אֲפִיק,Apheq (af-ake') (or rAphiyq af-eek') n/l.,,,Hebrew,Old Testament
H0664,אֲפֵקָה,Apheqah (af-ay-kaw') n/l.,,,Hebrew,Old Testament
H0665,אֵפֶר,ashes,,,Hebrew,Old Testament
H0666,אֲפֵר,a turban,,,Hebrew,Old Testament
H0667,אֶפרוַֹח,the brood of a bird,,,Hebrew,Old Testament
H0668,אַפִּריוֹן,a palanquin,,,Hebrew,Old Testament
H0669,אֶפרַיִם,Ephrayim (ef-rah'-yim) n/p.,ఎఫ్రయిం,ఎఫ్రాయిము,Hebrew,Old Testament
H0670,אֲפָרְסַי,Apharcay (af-aw-re-sah'ee) n/p.,,,Hebrew,Old Testament
H0671,אֲפַרסְכַי אֲפַרסַתכַּי,Apharckay (af-ar-sek-ah'ee) ((Aramaic) or fApharcathkay (Aramaic) af-ar-sath-kah'ee) n/p.,,,Hebrew,Old Testament
H0672,אֶפרָת אֶפרָתָה,Ephraath (ef-rawth') (or mEphrathah ef-raw'-thaw) n/p.,,,Hebrew,Old Testament
H0673,אֶפרָתִי,Ephrathiy (ef-rawth-ee') adj.,,,Hebrew,Old Testament
H0674,אַפְּתוֹם,revenue,,,Hebrew,Old Testament
H0675,אֶצבּוֹן אֶצבּוֹן,Etsbown (ets-bone') (or mEtsbon ets-bone') n/p.,,,Hebrew,Old Testament
H0676,אֶצבַּע,something to sieze with,,,Hebrew,Old Testament
H0677,אֶצבַּע,finger,,,Hebrew,Old Testament
H0678,אָצִיל,an extremity (Isa. 41,,,Hebrew,Old Testament
H0679,אַצִּיל,a joint of the hand (i.e. knuckle),,,Hebrew,Old Testament
H0680,אָצַל,atsal (aw-tsal') v.,,,Hebrew,Old Testament
H0681,אֵצֶל,a side,,,Hebrew,Old Testament
H0682,אַצֵל,Atsel (aw-tsale') n/l.,,,Hebrew,Old Testament
H0683,אֲצַליָהוּ,Atsalyahhuw (ats-al-yaw'-hoo) n/p.,,,Hebrew,Old Testament
H0684,אוֹצֶם,Otsem (o'-tsem) n/p.,,,Hebrew,Old Testament
H0685,אֶצעָדָה,(properly) a step- chain,,,Hebrew,Old Testament
H0686,אָצַר,atsar (aw-tsar') v.,,,Hebrew,Old Testament
H0687,אֶצֶר,Etser (ay'-tser) n/p.,,,Hebrew,Old Testament
H0688,אֶקדָּח,burning,,,Hebrew,Old Testament
H0689,אַקּוֹ,slender,,,Hebrew,Old Testament
H0690,אֲרָא,ara' (ar-aw') n/p.,,,Hebrew,Old Testament
H0691,אֶראֵל,a hero (collectively),,,Hebrew,Old Testament
H0692,אַראֵלִי,Ar'eliy (ar-ay-lee') n/p.,,,Hebrew,Old Testament
H0693,אָרַב,arab (aw-rab') v.,,,Hebrew,Old Testament
H0694,אֲרָב,Arab (ar-awb') n/l.,,,Hebrew,Old Testament
H0695,אֶרֶב,ambuscade,,,Hebrew,Old Testament
H0696,אוֹרֶב,wait,,,Hebrew,Old Testament
H0697,אַרבֶּה,a locust (from its rapid increase),,,Hebrew,Old Testament
H0698,אָרֳבָה,ambuscades,,,Hebrew,Old Testament
H0699,אֲרֻבָּה,a lattice,,,Hebrew,Old Testament
H0700,אֲרֻבּוֹת,Arubbowth (ar-oob-both) n/l.,,,Hebrew,Old Testament
H0701,אַרבִּי,Arbiy (ar-bee') adj.,,,Hebrew,Old Testament
H0702,אַרבַּע אַרבָּעָה,arba` (ar-bah') (masculine oarbaah ar-baw-aw') adj.,,,Hebrew,Old Testament
H0703,אַרבַּע,arba` (ar-bah') adj.,,,Hebrew,Old Testament
H0704,אַרבַּע,Arba` (ar-bah') n/p.,,,Hebrew,Old Testament
H0705,אַרבָּעִים,arba`iym (ar-baw-eem') adj.,,,Hebrew,Old Testament
H0706,אַרבַּעתַּיִם,arba`tayim (ar-bah-tah'-yim) adv.,,,Hebrew,Old Testament
H0707,אָרַג,arag (aw-rag') v.,,,Hebrew,Old Testament
H0708,אֶרֶג,a weaving,,,Hebrew,Old Testament
H0709,אַרגּוֹב,Argob (ar-gobe') n/l.,,,Hebrew,Old Testament
H0710,אַרגְּוָן,purple,,,Hebrew,Old Testament
H0711,אַרגְּוָן,purple,,,Hebrew,Old Testament
H0712,אַרגָּז,coffer,,,Hebrew,Old Testament
H0713,אַרגָּמָן,purple (the color or the dyed stuff),,,Hebrew,Old Testament
H0714,אַרדּ,`Ard (ard) n/p.,,,Hebrew,Old Testament
H0715,אַרדּוֹן,Ardown (ar-dohn') n/p.,,,Hebrew,Old Testament
H0716,אַרדִּי,Ardiy (ar-dee) adj.,,,Hebrew,Old Testament
H0717,אָרָה,arah (aw-raw') v.,,,Hebrew,Old Testament
H0718,אֲרוּ,aruw (ar-oo') inj.,,,Hebrew,Old Testament
H0719,אַרוַד,Arvad (ar-vad') n/l.,,,Hebrew,Old Testament
H0720,אֲרוֹד,Arowd (ar-ode') n/p.,,,Hebrew,Old Testament
H0721,אַרוָדִי,Arvadiy (ar-vaw-dee') adj.,,,Hebrew,Old Testament
H0722,אֲרוֹדִי,Arowdiy (ar-o-dee') adj.,,,Hebrew,Old Testament
H0723,אוּרוָה אֲרָיָה,a herding-place for an animal,,,Hebrew,Old Testament
H0724,אֲרוּכָה אֲרוּכָה,wholeness (literally or figuratively),,,Hebrew,Old Testament
H0725,אֲרוּמָה,Aruwmah (ar-oo-maw') n/l.,,,Hebrew,Old Testament
H0726,אֲרוֹמִי,Arowmiy (ar-o-mee') adj.,,,Hebrew,Old Testament
H0727,אָרוֹן אָרוֹן,a box,,,Hebrew,Old Testament
H0728,אֲרַונָה אוֹרנָה אַנִיָה,Aravnah (ar-av-naw') (or (by transposition) rOwrnah ore-naw'or fArniyah ar-nee-yaw',,,Hebrew,Old Testament
H0729,אָרַז,araz (aw-raz') adj.,,,Hebrew,Old Testament
H0730,אֶרֶז,a cedar tree (from the tenacity of its roots),,,Hebrew,Old Testament
H0731,אַרזָה,cedar wainscoating,,,Hebrew,Old Testament
H0732,אָרַח,arach (aw-rakh') v.,,,Hebrew,Old Testament
H0733,אָרַח,Arach (aw-rakh') n/p.,,,Hebrew,Old Testament
H0734,אוֹרַח,(literally or figuratively) a well-trodden road,,,Hebrew,Old Testament
H0735,אוֹרַח,a road,,,Hebrew,Old Testament
H0736,אוֹרחָה,a caravan,,,Hebrew,Old Testament
H0737,אֲרוּחָה,a ration of food,,,Hebrew,Old Testament
H0738,אֲרִי אַריֵה,a lion,,,Hebrew,Old Testament
H0739,אֲרִיאֵל אֲרִאֵל,lion of God,,,Hebrew,Old Testament
H0740,אֲרִיאֵל,Ari'el (ar-ee-ale') n/l.,,,Hebrew,Old Testament
H0741,אֲרִאֵיל,the altar of the temple,,,Hebrew,Old Testament
H0742,אֲרִידַּי,Ariyday (ar-ee-dah'-ee) n/p.,,,Hebrew,Old Testament
H0743,אֲרִידָּתָא,Ariydatha' (ar-ee-daw-thaw') n/p.,,,Hebrew,Old Testament
H0744,אַריֵה,lion,,,Hebrew,Old Testament
H0745,אַריֵה,Aryeh (ar-yay') n/p.,,,Hebrew,Old Testament
H0746,אֲריוֹך,Aryowk (ar-yoke') n/p.,,,Hebrew,Old Testament
H0747,אֲרִיסַי,Ariycay (ar-ee-sah'-ee) n/p.,,,Hebrew,Old Testament
H0748,אָרַך,arak (aw-rak') v.,,,Hebrew,Old Testament
H0749,אֲרַך,arak (ar-ak') v.,,,Hebrew,Old Testament
H0750,אָרֵך,arek (aw-rake') adj.,,,Hebrew,Old Testament
H0751,אֶרֶך,Erek (eh'-rek) n/l.,,,Hebrew,Old Testament
H0752,אָרוֹך,arok (aw-roke') adj.,,,Hebrew,Old Testament
H0753,אוֹרֶך,length,,,Hebrew,Old Testament
H0754,אַרכָּא אַרכָּה,length,,,Hebrew,Old Testament
H0755,אַרכּוּבָה,the knee,,,Hebrew,Old Testament
H0756,אַרכְּוַי,Arkvay (ar-kev-ah'ee) n/g.,,,Hebrew,Old Testament
H0757,אַרכִּי,Arkiy (ar-kee') adj.,,,Hebrew,Old Testament
H0758,אֲרָם,Aram (arawm') n/g.,,,Hebrew,Old Testament
H0759,אַרמוֹן,a citadel (from its height),,,Hebrew,Old Testament
H0760,אֲרַם צּוֹבָה,Aram Tsobah (ar-am' tso-baw') n/l.,,,Hebrew,Old Testament
H0761,אֲרַמִּי,Arammiy (ar-am-mee') adj.,,,Hebrew,Old Testament
H0762,אֲרָמִיתּ,Aramiyth (ar-aw-meeth') adv.,,,Hebrew,Old Testament
H0763,אֲרַם נַהֲרַיִם,Aram Naharayim (ar-am' nah-har-ah'-yim) n/l.,,,Hebrew,Old Testament
H0764,אַרמוֹנִי,Armoniy (ar-mo-nee') n/p.,,,Hebrew,Old Testament
H0765,אֲרָן,Aran (ar-awn') n/p.,,,Hebrew,Old Testament
H0766,אוֹרֶן,the ash tree (from its toughness),,,Hebrew,Old Testament
H0767,אוֹרֶן,Oren (o'-ren) n/p.,,,Hebrew,Old Testament
H0768,אַרנֶבֶת,the hare,,,Hebrew,Old Testament
H0769,אַרנוֹן אַרנוֹן,Arnown (ar-nohn') (or uArnon ar-nohn') n/l.,,,Hebrew,Old Testament
H0770,אַרנָן,Arnan (ar-nawn') n/p.,,,Hebrew,Old Testament
H0771,אָרנָן,Ornan (or-nawn') n/p.,,,Hebrew,Old Testament
H0772,אֲרַע,the earth,,,Hebrew,Old Testament
H0773,אַרעִיתּ,the bottom,,,Hebrew,Old Testament
H0774,אַרפָּד,Arpad (ar-pawd') n/l.,,,Hebrew,Old Testament
H0775,אַרפַּכשַׁד,Arpakshad (ar-pak-shad') n/p.,,,Hebrew,Old Testament
H0776,אֶרֶץ,the earth (at large,ఎరెత్స్,భూమి,Hebrew,Old Testament
H0777,אַרצָּא,artsa' (ar-tsaw') n/p.,,,Hebrew,Old Testament
H0778,אֲרַק,the earth,,,Hebrew,Old Testament
H0779,אָרַר,arar (aw-rar') v.,,,Hebrew,Old Testament
H0780,אֲרָרַט,Ararat (ar-aw-rat') n/l.,,,Hebrew,Old Testament
H0781,אָרַשׂ,aras (aw-ras') v.,,,Hebrew,Old Testament
H0782,אֲרֶשֶׁת,a longing for,,,Hebrew,Old Testament
H0783,אַרתַּחשַׁשׁתָּא אַרתַּחשַׁשׁתּא,Artachshashta' (ar-takh-shash-taw') (or mArtachshasht ar-takh- shasht' or by permutation gArtachshac...,,,Hebrew,Old Testament
H0784,אֵשׁ,fire (literally or figuratively),ఏష్,అగ్ని,Hebrew,Old Testament
H0785,אֵשׁ,flame,,,Hebrew,Old Testament
H0786,אִשׁ,ish (eesh) adv.,,,Hebrew,Old Testament
H0787,אוֹשׁ,a foundation,,,Hebrew,Old Testament
H0788,אַשׁבֵּל,Ashbel (ash-bale') n/p.,,,Hebrew,Old Testament
H0789,אַשׁבֵּלִי,Ashbeliy (ash-bay-lee') adj.,,,Hebrew,Old Testament
H0790,אֶשׁבָּן,Eshban (esh-bawn') n/p.,,,Hebrew,Old Testament
H0791,אַשׁבֵַּע,Ashbea` (ash-bay'-ah) n/p.,,,Hebrew,Old Testament
H0792,אֶשׁבַּעַל,Eshba`al (esh-bah'-al) n/p.,,,Hebrew,Old Testament
H0793,אֶשֶׁד,an outpouring,,,Hebrew,Old Testament
H0794,אֲשֵׁדָה,a ravine,,,Hebrew,Old Testament
H0795,אַשׁדּוֹד,Ashdowd (ash-dode') n/l.,,,Hebrew,Old Testament
H0796,אַשׁדּוֹדִי,Ashdowdiy (ash-do-dee') adj.,,,Hebrew,Old Testament
H0797,אַשׁדּוֹדִיתּ,Ashdowdiyth (ash-do-deeth') adv.,,,Hebrew,Old Testament
H0798,אַשׁדּוֹת הַפִּסגָּה,Ashdowth hap-Picgah (ash-doth' hap-pis-gaw') n/l.,,,Hebrew,Old Testament
H0799,אֶשׁדָּת,a fire-law,,,Hebrew,Old Testament
H0800,אֶשָּׁה,fire,,,Hebrew,Old Testament
H0801,אִשָּׁה,(properly) a burnt-offering,,,Hebrew,Old Testament
H0802,אִשָּׁה נָשִׁים,irregular plural,ఇష్షా,స్త్రీ,Hebrew,Old Testament
H0803,אֲשׁוּיָה,foundation,,,Hebrew,Old Testament
H0804,אַשּׁוּר אַשּׁוּר,Ashshuwr (ash-shoor') (or iAshshur ash-shoor') n/l.,,,Hebrew,Old Testament
H0805,אֲשׁוּרִי אַשּׁוּרִי,Ashuwriy (ash-oo-ree') (or iAshshuwriy ash-shoo-ree') adj.,,,Hebrew,Old Testament
H0806,אַשׁחוּר,Ashchuwr (ash-khoor') n/p.,,,Hebrew,Old Testament
H0807,אֲשִׁימָא,Ashiyma' (ash-ee-maw') n/p.,,,Hebrew,Old Testament
H0808,אָשִׁישׁ,a (ruined) foundation,,,Hebrew,Old Testament
H0809,אֲשִׁישָׁה,something closely pressed together,,,Hebrew,Old Testament
H0810,אֶשֶׁך,a testicle (as a lump),,,Hebrew,Old Testament
H0811,אֶשׁכּוֹל אֶשׁכּוֹל,a bunch of grapes or other fruit,,,Hebrew,Old Testament
H0812,אֶשׁכּוֹל,Eshkol (esh-kole') n/p.,,,Hebrew,Old Testament
H0813,אַשׁכְּנַז,Ashknaz (ash-ken-az') n/p.,,,Hebrew,Old Testament
H0814,אֶשׁכָּר,a gratuity,,,Hebrew,Old Testament
H0815,אֵשֶׁל,a tamarisk tree,,,Hebrew,Old Testament
H0816,אָשַׁם אָשֵׁם,asham (aw-sham') (or mashem aw-shame') v.,,,Hebrew,Old Testament
H0817,אָשָׁם,guilt,,,Hebrew,Old Testament
H0818,אָשֵׁם,ashem (aw-shame') adj.,,,Hebrew,Old Testament
H0819,אַשׁמָה,guiltiness,,,Hebrew,Old Testament
H0820,אַשׁמָן,a fat-field,,,Hebrew,Old Testament
H0821,אַשׁמוּרָה אַשׁמוּרָה אַשׁמוֹרֶת,a night watch,,,Hebrew,Old Testament
H0822,אֶשׁנָב,A latticed window,,,Hebrew,Old Testament
H0823,אַשׁנָה,Ashnah (ash-naw') n/l.,,,Hebrew,Old Testament
H0824,אֶשׁעָן,Esh`an (esh-awn') n/l.,,,Hebrew,Old Testament
H0825,אַשָּׁף,a conjurer,,,Hebrew,Old Testament
H0826,אַשָּׁף,astrologer,,,Hebrew,Old Testament
H0827,אַשׁפָּה,a quiver or arrow-case,,,Hebrew,Old Testament
H0828,אַשׁפְּנַז,Ashpnaz (ash-pen-az') n/p.,,,Hebrew,Old Testament
H0829,אֶשׁפָּר,a measured portion,,,Hebrew,Old Testament
H0830,אַשׁפּוֹת אַשׁפּוֹת שְׁפוֹת,a heap of rubbish or filth,,,Hebrew,Old Testament
H0831,אַשׁקְלוֹן,Ashqlown (ash-kel-one') n/l.,,,Hebrew,Old Testament
H0832,אֶשׁקְלוֹנִי,Eshqlowniy (esh-kel-o-nee') adj.,,,Hebrew,Old Testament
H0833,אָשַׁר אָשֵׁר,ashar (aw-shar') (or rasher aw-share') v.,,,Hebrew,Old Testament
H0834,אֲשֶׁר,aher (ash-er') p/r.,,,Hebrew,Old Testament
H0835,אֶשֶׁר,happiness,,,Hebrew,Old Testament
H0836,אָשֵׁר,Asher (aw-share') n/p.,,,Hebrew,Old Testament
H0837,אוֹשֶׁר,happiness,,,Hebrew,Old Testament
H0838,אָשׁוּר אַשּׁוּר,a step,,,Hebrew,Old Testament
H0839,אֲשׁוּר,the cedar tree or some other light elastic wood,,,Hebrew,Old Testament
H0840,אֲשַׂראֵל,Asar'el (as-ar-ale') n/p.,,,Hebrew,Old Testament
H0841,אֲשַׂראֵלָה,Asar'elah (as-ar-ale'-aw) n/p.,,,Hebrew,Old Testament
H0842,אֲשֵׁרָה אֲשֵׁירָה,asherah (ash-ay-raw') (or masheyrah ash-ay-raw') n/p.,,,Hebrew,Old Testament
H0843,אָשֵׁרִי,Asheriy (aw-shay-ree') adj.,,,Hebrew,Old Testament
H0844,אַשׂרִיאֵל,Asriy'el (as-ree-ale') n/p.,,,Hebrew,Old Testament
H0845,אַשׂרִאֵלִי,Asri'eliy (as-ree-ale-ee') adj.,,,Hebrew,Old Testament
H0846,אוּשַּׁרנָא,a wall (from its uprightness),,,Hebrew,Old Testament
H0847,אֶשׁתָּאוֹל אֶשׁתָּאוֹל,Eshta'ol (esh-taw-ole') (or Eshtafowl esh-taw-ole') n/l.,,,Hebrew,Old Testament
H0848,אֶשׁתָּאוּלִי,Eshta'uliy (esh-taw-oo-lee') adj.,,,Hebrew,Old Testament
H0849,אֶשׁתַּדּוּר,rebellion,,,Hebrew,Old Testament
H0850,אֶשׁתּוֹן,Eshtown (esh-tone') n/p.,,,Hebrew,Old Testament
H0851,אֶשׁתְּמוַֹע אֶשׁתְּמוַֹע אֶשׁתְּמוֹה,Eshtmoa` (esh-tem-o'-ah) (or bEshtmowam esh-tem-o'-ah or sEshtmoh esh-tem-o',,,Hebrew,Old Testament
H0852,אָת,a portent,,,Hebrew,Old Testament
H0853,אֵת,eth (ayth) prt-x.,ఏత్,యొక్క,Hebrew,Old Testament
H0854,אֵת,eth (ayth) prep.,,,Hebrew,Old Testament
H0855,אֵת,a hoe or other digging implement,,,Hebrew,Old Testament
H0856,אֶתבַּעַל,Ethba`al (eth-bah'-al) n/p.,,,Hebrew,Old Testament
H0857,אָתָה אָתָא,athah (aw-thaw') (or matha aw-thaw') v.,,,Hebrew,Old Testament
H0858,אָתָה אָתָא,athah (aw-thaw') ((Aramaic) or wathaw (Aramaic) aw-thaw') v.,,,Hebrew,Old Testament
H0859,אַתּתָּה אַתּתָּ אַת אַתּתִּי אַתּתֶּם אַתּתֶּן אַתּתֵּנָה אַתּתֵּנָּה,attah (at-taw') (or (shortened) aatta at-taw',అత్తా,నీవు,Hebrew,Old Testament
H0860,אָתוֹן,a female donkey (from its docility),,,Hebrew,Old Testament
H0861,אַתּתּוּן,probably a fire-place,,,Hebrew,Old Testament
H0862,אַתּתּוּק אַתּתִּיק,a ledge or offset in a building,,,Hebrew,Old Testament
H0863,אִתּתַּי אִיתַּי,Ittay (it-tah'ee) (or tIythay ee-thah'ee) n/p.,,,Hebrew,Old Testament
H0864,אֵתָם,Etham (ay-thawm') n/l.,,,Hebrew,Old Testament
H0865,אֶתמוֹל אִתמוֹל אֶתמוּל,ethmowl (eth-mole') (or tithmowl ith-mole'or methmuwl eth- mool',,,Hebrew,Old Testament
H0866,אֶתנָה,a present (as the price of harlotry),,,Hebrew,Old Testament
H0867,אֶתנִי,Ethniy (eth-nee') n/p.,,,Hebrew,Old Testament
H0868,אֶתנַן,a gift (as the price of harlotry or idolatry),,,Hebrew,Old Testament
H0869,אֶתנַן,Ethnan (eth-nan') n/p.,,,Hebrew,Old Testament
H0870,אֲתַר,a place,,,Hebrew,Old Testament
H0871,אֲתָרִים,Athariym (ath-aw-reem') n/l.,,,Hebrew,Old Testament
H0872,בְּאָה,an entrance to a building,,,Hebrew,Old Testament
H0873,בִּאוּשׁ,wicked,,,Hebrew,Old Testament
H0874,בָּאַר,ba'ar (baw-ar') v.,,,Hebrew,Old Testament
H0875,בְּאֵר,a pit,,,Hebrew,Old Testament
H0876,בְּאֵר,B'er (be-ayr') n/l.,,,Hebrew,Old Testament
H0877,בּוֹאר,a cistern,,,Hebrew,Old Testament
H0878,בְּאֵרָא,B'era' (be-ay-raw') n/p.,,,Hebrew,Old Testament
H0879,בְּאֵר אֵלִים,B'er 'Eliym (be-ayr' ay-leem') n/l.,,,Hebrew,Old Testament
H0880,בְּאֵרָה,B'erah (be-ay-raw') n/p.,,,Hebrew,Old Testament
H0881,בְּאֵרוֹת,B'erowth (be-ay-rohth') n/l.,,,Hebrew,Old Testament
H0882,בְּאֵרִי,B'eriy (be-ay-ree') n/p.,,,Hebrew,Old Testament
H0883,בְּאֵר לַחַי רוֹאִי,B'er la-Chay Ro'iy (be-ayr' lakh-ah'ee ro-ee') n/l.,,,Hebrew,Old Testament
H0884,בְּאֵר שֶׁבַע,B'er Sheba` (be-ayr' sheh'-bah) n/l.,,,Hebrew,Old Testament
H0885,בְּאֵרוֹת בְּנֵי ־ יַעֲקַן,Beroth Bney-Ya`aqan (be-ay-roth' be-nay' yah-a-can') n/l.,,,Hebrew,Old Testament
H0886,בְּאֵרוֹתִי,B'erothiy (be-ay-ro-thee') adj.,,,Hebrew,Old Testament
H0887,בָּאַשׁ,ba'ash (baw-ash') v.,,,Hebrew,Old Testament
H0888,בְּאֵשׁ,b'esh (be-aysh') v.,,,Hebrew,Old Testament
H0889,בְּאוֹשׁ,a stench,,,Hebrew,Old Testament
H0890,בָּאשָׁה,stink-weed or any other noxious or useless plant,,,Hebrew,Old Testament
H0891,בְּאוּשִׁים,poison-berries,,,Hebrew,Old Testament
H0892,בָּבָה,something hollowed (as a gate),,,Hebrew,Old Testament
H0893,בֵּבַי,Bebay (bay-bah'ee) n/p.,,,Hebrew,Old Testament
H0894,בָּבֶל,Babel (baw-bel') n/l.,,,Hebrew,Old Testament
H0895,בָּבֶל,Babel (baw-bel') n/l.,,,Hebrew,Old Testament
H0896,בַּבלִי,Babliy (bab-lee') adj.,,,Hebrew,Old Testament
H0897,בַּג,food,,,Hebrew,Old Testament
H0898,בָּגַד,bagad (baw-gad') v.,,,Hebrew,Old Testament
H0899,בֶּגֶד,a covering,,,Hebrew,Old Testament
H0900,בּוֹגְדוֹת,treacheries,,,Hebrew,Old Testament
H0901,בָּגוֹד,bagowd (baw-gode') adj.,,,Hebrew,Old Testament
H0902,בִּגוַי,Bigvay (big-vah'ee) n/p.,,,Hebrew,Old Testament
H0903,בִּגתָּא,Bigtha' (big-thaw') n/p.,,,Hebrew,Old Testament
H0904,בִּגתָּן בִּגתָּנָא,Bigthan (big-thawn') (or Bigthanad big-thaw'naw) n/p.,,,Hebrew,Old Testament
H0905,בַּד,(properly) separation,బద్,ఒంటరిగా,Hebrew,Old Testament
H0906,בַּד,flaxen thread or yarn,,,Hebrew,Old Testament
H0907,בַּד,a brag or lie,,,Hebrew,Old Testament
H0908,בָּדָא,bada' (baw-daw') v.,,,Hebrew,Old Testament
H0909,בָּדַד,badad (baw-dad') v.,,,Hebrew,Old Testament
H0910,בָּדָד,badad (baw-dawd') adv.,,,Hebrew,Old Testament
H0911,בְּדַד,Bdad (bed-ad') n/p.,,,Hebrew,Old Testament
H0912,בֵּדְיָה,Bedyeah (bay-de-yaw') n/p.,,,Hebrew,Old Testament
H0913,בְּדִיל,alloy (because removed by smelting),,,Hebrew,Old Testament
H0914,בָּדַל,badal (baw-dal') v.,,,Hebrew,Old Testament
H0915,בָּדָל,a part,,,Hebrew,Old Testament
H0916,בְּדוֹלַח,something in pieces,,,Hebrew,Old Testament
H0917,בְּדָן,Bdan (bed-awn') n/p.,,,Hebrew,Old Testament
H0918,בָּדַק,badaq (baw-dak') v.,,,Hebrew,Old Testament
H0919,בֶּדֶק,a gap or leak (in a building or a ship),,,Hebrew,Old Testament
H0920,בִּדקַר,Bidqar (bid-car') n/p.,,,Hebrew,Old Testament
H0921,בְּדַר,bdar (bed-ar') v.,,,Hebrew,Old Testament
H0922,בּוֹהוּ,a vacuity,,,Hebrew,Old Testament
H0923,בַּהַט,white marble or perhaps alabaster,,,Hebrew,Old Testament
H0924,בְּהִילוּ,bhiyluw (be-hee-loo') adv.,,,Hebrew,Old Testament
H0925,בָּהִיר,bahiyr (baw-here') adj.,,,Hebrew,Old Testament
H0926,בָּהַל,bahal (baw-hal') v.,,,Hebrew,Old Testament
H0927,בְּהַל,bhal (be-hal') v.,,,Hebrew,Old Testament
H0928,בֶּהָלָה,panic,,,Hebrew,Old Testament
H0929,בְּהֵמָה,(properly) a dumb beast,,,Hebrew,Old Testament
H0930,בְּהֵמוֹת,a water-ox,,,Hebrew,Old Testament
H0931,בּוֹהֶן,the thumb of the hand or great toe of the foot,,,Hebrew,Old Testament
H0932,בּוֹהַן,Bohan (bo'han) n/p.,,,Hebrew,Old Testament
H0933,בּוֹהַק,white scurf,,,Hebrew,Old Testament
H0934,בּוֹהֶרֶת,a whitish spot on the skin,,,Hebrew,Old Testament
H0935,בּוֹא,bow' (bo) v.,బో,రా,Hebrew,Old Testament
H0936,בּוּז,buwz (booz) v.,,,Hebrew,Old Testament
H0937,בּוּז,disrespect,,,Hebrew,Old Testament
H0938,בּוּז,Buwz (booz) n/p.,,,Hebrew,Old Testament
H0939,בּוּזָה,something scorned,,,Hebrew,Old Testament
H0940,בּוּזִי,Buwziy (boo-zee') adj.,,,Hebrew,Old Testament
H0941,בּוּזִי,Buwziy (boo-zee') n/p.,,,Hebrew,Old Testament
H0942,בַּוַּי,Bavvay (bav-vah'ee) n/p.,,,Hebrew,Old Testament
H0943,בּוּך,buwk (book) v.,,,Hebrew,Old Testament
H0944,בּוּל,produce (of the earth,,,Hebrew,Old Testament
H0945,בּוּל,Bul,,,Hebrew,Old Testament
H0946,בּוּנָה,Buwnah (boo-naw') n/p.,,,Hebrew,Old Testament
H0947,בּוּס,buwc (boos) v.,,,Hebrew,Old Testament
H0948,בּוּץ,probably cotton (of some sort),,,Hebrew,Old Testament
H0949,בּוֹצֵץ,Bowtsets (bo-tsates') n/l.,,,Hebrew,Old Testament
H0950,בּוּקָה,emptiness (as adjective),,,Hebrew,Old Testament
H0951,בּוֹקֵר,a cattle-tender,,,Hebrew,Old Testament
H0952,בּוּר,buwr (boor) v.,,,Hebrew,Old Testament
H0953,בּוֹר,a pit hole (especially one used as a cistern or a prison),,,Hebrew,Old Testament
H0954,בּוּשׁ,buwsh (boosh) v.,,,Hebrew,Old Testament
H0955,בּוּשָׁה,shame,,,Hebrew,Old Testament
H0956,בּוּת,buwth (booth) v.,,,Hebrew,Old Testament
H0957,בַּז,plunder,,,Hebrew,Old Testament
H0958,בָּזָא,baza' (baw-zaw') v.,,,Hebrew,Old Testament
H0959,בָּזָה,bazah (baw-zaw') v.,,,Hebrew,Old Testament
H0960,בָּזוֹה,bazoh (baw-zo') adj.,,,Hebrew,Old Testament
H0961,בִּזָּה,booty,,,Hebrew,Old Testament
H0962,בָּזַז,bazaz (baw-zaz') v.,,,Hebrew,Old Testament
H0963,בִּזָּיוֹן,disesteem,,,Hebrew,Old Testament
H0964,בִּזיוֹתיָה,bizyowthyah (biz-yo-the-yaw') n/l.,,,Hebrew,Old Testament
H0965,בָּזָק,a flash of lightning,,,Hebrew,Old Testament
H0966,בֶּזֶק,Bezeq (beh'-zak) n/l.,,,Hebrew,Old Testament
H0967,בָּזַר,bazar (baw-zar') v.,,,Hebrew,Old Testament
H0968,בִּזתָּא,Biztha' (biz-thaw') n/p.,,,Hebrew,Old Testament
H0969,בָּחוֹן,an assayer or metals,,,Hebrew,Old Testament
H0970,בָּחוּר בָּחוּר,(properly) selected,,,Hebrew,Old Testament
H0971,בַּחִין,a watch-tower of besiegers,,,Hebrew,Old Testament
H0972,בָּחִיר,select,,,Hebrew,Old Testament
H0973,בָּחַל,bachal (baw-khal') v.,,,Hebrew,Old Testament
H0974,בָּחַן,bachan (baw-khan') v.,,,Hebrew,Old Testament
H0975,בַּחַן,a watch-tower,,,Hebrew,Old Testament
H0976,בּוֹחַן,trial,,,Hebrew,Old Testament
H0977,בָּחַר,bachar (baw-khar') v.,,,Hebrew,Old Testament
H0978,בַּחֲרוּמִי,Bacharuwmiy (bakh-ar-oo-mee') adj.,,,Hebrew,Old Testament
H0979,בְּחוּרוֹת בְּחוּרוֹת בְּחוּרִים,youth (collectively and abstractly),,,Hebrew,Old Testament
H0980,בַּחוּרִים בַּחוּרִים,Bachuriym (bakh-oo-reem') (or Bachuwriym bakh-oo-reem') n/l.,,,Hebrew,Old Testament
H0981,בָּטָא בָּטָה,bata' (baw-taw') (or batah baw-taw') v.,,,Hebrew,Old Testament
H0982,בָּטַח,batach (baw-takh') v.,,,Hebrew,Old Testament
H0983,בֶּטַח,(properly) a place of refuge,,,Hebrew,Old Testament
H0984,בֶּטַח,Betach (beh'takh) n/l.,,,Hebrew,Old Testament
H0985,בִּטחָה,trust,,,Hebrew,Old Testament
H0986,בִּטָּחוֹן,trust,,,Hebrew,Old Testament
H0987,בַּטּוּחוֹת,security,,,Hebrew,Old Testament
H0988,בָּטֵל,batel (baw-tale') v.,,,Hebrew,Old Testament
H0989,בְּטֵל,btel (bet-ale') v.,,,Hebrew,Old Testament
H0990,בֶּטֶן,the belly,,,Hebrew,Old Testament
H0991,בֶּטֶן,Beten (beh'-ten) n/l.,,,Hebrew,Old Testament
H0992,בּוֹטֶן,(only in plural) a pistachio-nut (from its form),,,Hebrew,Old Testament
H0993,בְּטוֹנִים,Btoniym (bet-o-neem') n/l.,,,Hebrew,Old Testament
H0994,בִּי,biy (bee) adv.,,,Hebrew,Old Testament
H0995,בִּין,biyn (bene) v.,,,Hebrew,Old Testament
H0996,בֵּין,beyn (bane) ((sometimes in the plural masculine or feminine)) prep.,బేన్,మధ్య,Hebrew,Old Testament
H0997,בֵּין,beyn (bane) prep.,,,Hebrew,Old Testament
H0998,בִּינָה,understanding,,,Hebrew,Old Testament
H0999,בִּינָה,knowledge,,,Hebrew,Old Testament
H1000,בֵּיצָּה,an egg (from its whiteness),,,Hebrew,Old Testament
H1001,בִּירָא,a palace,,,Hebrew,Old Testament
H1002,בִּירָה,a castle or palace,,,Hebrew,Old Testament
H1003,בִּירָנִיתּ,a fortress,,,Hebrew,Old Testament
H1004,בַּיִת,a house (in the greatest variation of applications,బయిత్,ఇల్లు,Hebrew,Old Testament
H1005,בַּיִת,house,,,Hebrew,Old Testament
H1006,בַּיִת,Bayith (bah'-yith) n/l.,,,Hebrew,Old Testament
H1007,בֵּיתּ אָוֶן,Beyth 'Aven (bayth aw'-ven) n/l.,,,Hebrew,Old Testament
H1008,בֵּיתּ ־ אֵל,Beyth-'El (bayth-ale') n/l.,,,Hebrew,Old Testament
H1009,בֵּיתּ אַרבֵּאל,Beyth 'Arbe'l (bayth ar-bale') n/l.,,,Hebrew,Old Testament
H1010,בֵּיתּ בַּעַל מְעוֹן בֵּיתּ מְעוֹן,Beyth Ba`al M`own (bayth bah'-al me-own') n/l.,,,Hebrew,Old Testament
H1011,בֵּיתּ בִּראִי,Beyth Bir`iy (bayth bir-ee') n/l.,,,Hebrew,Old Testament
H1012,בֵּיתּ בָּרָה,Beyth Barah (bayth baw-raw') n/l.,,,Hebrew,Old Testament
H1013,בֵּיתּ ־ גָּדֵר,Beyth-Gader (bayth-gaw-dare') n/l.,,,Hebrew,Old Testament
H1014,בֵּיתּ גָּמוּל,Beyth Gamuwl (bayth gaw-mool') n/l.,,,Hebrew,Old Testament
H1015,בֵּיתּ דִּבלָתַיִם,Beyth Diblathayim (bayth dib-law-thah'-yim) n/l.,,,Hebrew,Old Testament
H1016,בֵּיתּ ־ דָּגוֹן,Beyth-Dagown (bayth-daw-gohn') n/l.,,,Hebrew,Old Testament
H1017,בֵּיתּ הָאֱלִי,Beyth ha-'Eliy (bayth haw-el-ee') adj.,,,Hebrew,Old Testament
H1018,בֵּיתּ הָאֵצֶל,Beyth ha-'etsel (bayth haw-ay'-tsel) n/l.,,,Hebrew,Old Testament
H1019,בֵּיתּ הַגִּלגָּל,Beyth hag-Gllgal (bayth hag-gil gawl') n/l.,,,Hebrew,Old Testament
H1020,בֵּיתּ הַיְשִׁימוֹת,Beyth ha-Yshiy-mowth (bayth hah-yesh-ee-moth') n/l.,,,Hebrew,Old Testament
H1021,בֵּיתּ הַך ־ כֶּרֶם,Beyth hak-Kerem (bayth hak-keh'-rem) n/l.,,,Hebrew,Old Testament
H1022,בֵּיתּ הַלַּחמִי,Beyth hal-Lachmiy (bayth hal-lakh-mee') adj.,,,Hebrew,Old Testament
H1023,בֵּיתּ הַמֶּרחָק,Beyth ham-Merchaq (bayth ham-mer-khawk') n/l.,,,Hebrew,Old Testament
H1024,בֵּיתּ הַמַּרכָּבוֹת בֵּיתּ מַרכָּבוֹת,Beyth ham-Marka-bowth (bayth ham-mar-kaw-both') (or (shortened) Beyth Mar-kabowth bayth mar-kaw-both...,,,Hebrew,Old Testament
H1025,בֵּיתּ הָעֵמֶק,Beyth ha-`Emeq (bayth haw-Ay'-mek) n/l.,,,Hebrew,Old Testament
H1026,בֵּיתּ הָעֲרָבָה,Beyth ha-`Arabah (bayth haw-ar-aw-baw) n/l.,,,Hebrew,Old Testament
H1027,בֵּיתּ הָרָם,Beyth ha-Ram (bayth haw-rawm') n/l.,,,Hebrew,Old Testament
H1028,בֵּיתּ הָרָן,Beyth ha-Ran (bayth haw-rawn') n/l.,,,Hebrew,Old Testament
H1029,בֵּיתּ הַשִּׁטָּה,Beyth hash-Shittah (bayth hash-shit-taw') n/l.,,,Hebrew,Old Testament
H1030,בֵּיתּ הַשִּׁמשִׁי,Beyth hash-Shimshiy (bayth hash-shim-shee') adj.,,,Hebrew,Old Testament
H1031,בֵּיתּ חָגלָה,Beyth Choglah (bayth chog-law') n/l.,,,Hebrew,Old Testament
H1032,בֵּיתּ חוֹרוֹן,Beyth Chowrown (bayth kho-rone') n/l.,,,Hebrew,Old Testament
H1033,בֵּיתּ כַּר,Beyth Kar (bayth kar) n/l.,,,Hebrew,Old Testament
H1034,בֵּיתּ לְבָאוֹת,Beyth Lba'owth (bayth leb-aw-oth') n/l.,,,Hebrew,Old Testament
H1035,בֵּיתּ לֶחֶם,Beyth Lechem (bayth leh'-khem) n/l.,,,Hebrew,Old Testament
H1036,בֵּיתּ לְעַפרָה,Beyth l-`Aphrah (bayth le-af-raw') n/l.,,,Hebrew,Old Testament
H1037,בֵּיתּ מִלּוֹא בֵּיתּ מִלּוֹא,Beyth Millow' (bayth mil-lo') (or Beyth Mil-loh bayth mil-lo') n/l.,,,Hebrew,Old Testament
H1038,בֵּיתּ מַעֲכָה,Beyth Ma`akah (bayth mah-ak-aw') n/l.,,,Hebrew,Old Testament
H1039,בֵּיתּ נִמרָה,Beyth Nimrah (bayth nim-raw') n/l.,,,Hebrew,Old Testament
H1040,בֵּיתּ עֵדֶן,Beyth `Eden (bayth ay'-den) n/l.,,,Hebrew,Old Testament
H1041,בֵּיתּ עַזמָוֶת,Beyth `Azmaveth (bayth az-maw'-veth) n/l.,,,Hebrew,Old Testament
H1042,בֵּיתּ עֲנוֹת,Beyth `Anowth (bayth an-oth') n/l.,,,Hebrew,Old Testament
H1043,בֵּיתּ עֲנָת,Beyth `Anath (bayth an-awth') n/l.,,,Hebrew,Old Testament
H1044,בֵּיתּ עֵקֶד,Beyth `Eqed (bayth ay'-ked) n/l.,,,Hebrew,Old Testament
H1045,בֵּיתּ עַשׁתָּרוֹת,Beyth `Ashtarowth (bayth ash-taw-roth') n/l.,,,Hebrew,Old Testament
H1046,בֵּיתּ פֶּלֶט,Beyth Pelet (bayth peh'-let) n/l.,,,Hebrew,Old Testament
H1047,בֵּיתּ פְּעוֹר,Beyth P`owr (bayth pe-ore') n/l.,,,Hebrew,Old Testament
H1048,בֵּיתּ פַּצֵּץ,Beyth Patstsets (bayth pats-tsates') n/l.,,,Hebrew,Old Testament
H1049,בֵּיתּ צּוּר,Beyth Tsuwr (bayth tsoor') n/l.,,,Hebrew,Old Testament
H1050,בֵּיתּ רְחוֹב,Beyth Rchowb (bayth re-khobe') n/l.,,,Hebrew,Old Testament
H1051,בֵּיתּ רָפָא,Beyth Rapha' (bayth raw-faw') n/p.,,,Hebrew,Old Testament
H1052,בֵּיתּ שְׁאָן בֵּיתּ שָׁן,Beyth Sh'an (bayth she-awn') (or Beyth Shan bayth shawn') n/l.,,,Hebrew,Old Testament
H1053,בֵּיתּ שֶׁמֶשׁ,Beyth Shemesh (bayth sheh'-mesh) n/l.,,,Hebrew,Old Testament
H1054,בַּיתּ תַּפּוַּח,Beth Tappuwach (bayth tap-poo'-akh) n/l.,,,Hebrew,Old Testament
H1055,בִּיתָּן,a palace (i.e. large house),,,Hebrew,Old Testament
H1056,בָּכָא,Baka' (baw-kaw') n/l.,,,Hebrew,Old Testament
H1057,בָּכָא,the weeping tree (some gum- distilling tree,,,Hebrew,Old Testament
H1058,בָּכָה,bakah (baw-kaw') v.,,,Hebrew,Old Testament
H1059,בֶּכֶה,a weeping,,,Hebrew,Old Testament
H1060,בְּכוֹר,firstborn,బెకోర్,మొదటి సంతానం,Hebrew,Old Testament
H1061,בִּכּוּר,the first-fruits of the crop,బిక్కూర్,ప్రథమ ఫలం,Hebrew,Old Testament
H1062,בְּכוֹרָה בְּכוֹרָה,the firstling of man or beast,,,Hebrew,Old Testament
H1063,בִּכּוּרָה,the early fig,,,Hebrew,Old Testament
H1064,בְּכוֹרַת,Bkowrath (bek-o-rath') n/p.,,,Hebrew,Old Testament
H1065,בְּכִי,a weeping,,,Hebrew,Old Testament
H1066,בּוֹכִּים,Bokiym (bo-keem') n/l.,,,Hebrew,Old Testament
H1067,בְּכִירָה,the eldest daughter,,,Hebrew,Old Testament
H1068,בְּכִיתּ,a weeping,,,Hebrew,Old Testament
H1069,בָּכַר,bakar (baw-kar') v.,,,Hebrew,Old Testament
H1070,בֶּכֶר,a young camel,,,Hebrew,Old Testament
H1071,בֶּכֶר,Beker (beh'-ker) n/p.,,,Hebrew,Old Testament
H1072,בִּכרָה,a young she-camel,,,Hebrew,Old Testament
H1073,בַּכּוּרָה,a first- ripe fig,,,Hebrew,Old Testament
H1074,בּוֹכְרוּ,Bokruw (bo-ker-oo') n/p.,,,Hebrew,Old Testament
H1075,בִּכרִי,Bikriy (bik-ree') n/p.,,,Hebrew,Old Testament
H1076,בַּכרִי,Bakriy (bak-ree') adj.,,,Hebrew,Old Testament
H1077,בַּל,bal (bal) adv.,,,Hebrew,Old Testament
H1078,בֵּל,Bel (bale) n/p.,,,Hebrew,Old Testament
H1079,בָּל,(properly) anxiety,,,Hebrew,Old Testament
H1080,בְּלָא,bla' (bel-aw') v.,,,Hebrew,Old Testament
H1081,בַּלאֲדָן,Bal'adan (bal-ad-awn') n/p.,,,Hebrew,Old Testament
H1082,בָּלַג,balag (baw-lag') v.,,,Hebrew,Old Testament
H1083,בִּלגָּה,Bilgah (bil-gaw') n/p.,,,Hebrew,Old Testament
H1084,בִּלגַּי,Bilgay (bil-gah'ee) n/p.,,,Hebrew,Old Testament
H1085,בִּלדַּד,Bildad (bil-dad') n/p.,,,Hebrew,Old Testament
H1086,בָּלָה,balah (baw-law') v.,బాలా,శిథిలమవ్వు,Hebrew,Old Testament
H1087,בָּלֶה,baleh (baw-leh') adj.,,,Hebrew,Old Testament
H1088,בָּלָה,Balah (baw-law') n/l.,,,Hebrew,Old Testament
H1089,בָּלַה,balahh (baw-lah') v.,,,Hebrew,Old Testament
H1090,בִּלהָה,Bilhah (bil-haw') n/p.,,,Hebrew,Old Testament
H1091,בַּלָּהָה,alarm,,,Hebrew,Old Testament
H1092,בִּלהָן,Bilhan (bil-hawn') n/p.,,,Hebrew,Old Testament
H1093,בְּלוֹ,excise (on articles consumed),,,Hebrew,Old Testament
H1094,בְּלוֹא בְּלוֹי,(only in plural construction) rags,,,Hebrew,Old Testament
H1095,בֵּלטְּשַׁאצַּר,Beltsha'tstsar (bale-tesh-ats-tsar') n/p.,,,Hebrew,Old Testament
H1096,בֵּלטְּשַׁאצַּר,Beltsha'tstsar (bale-tesh-ats-tsar') n/p.,,,Hebrew,Old Testament
H1097,בְּלִי,bliy (bel-ee') adv.,,,Hebrew,Old Testament
H1098,בְּלִיל,mixed,,,Hebrew,Old Testament
H1099,בְּלִימָה,(as indef.) nothing whatever,,,Hebrew,Old Testament
H1100,בְּלִיַעַל,without profit,బెలియాల్,పనికిరానివాడు,Hebrew,Old Testament
H1101,בָּלַל,balal (baw-lal') v.,,,Hebrew,Old Testament
H1102,בָּלַם,balam (baw-lam') v.,,,Hebrew,Old Testament
H1103,בָּלַס,balac (baw-las') v.,,,Hebrew,Old Testament
H1104,בָּלַע,bala` (baw-lah') v.,బాలా,మింగు,Hebrew,Old Testament
H1105,בֶּלַע,a gulp,,,Hebrew,Old Testament
H1106,בֶּלַע,Bela` (beh'-lah) n/l.,,,Hebrew,Old Testament
H1107,בִּלעֲדֵי בַּלעֲדֵי,bil`adey (bil-ad-ay') (or balmadey bal-ad-ay') prt.,,,Hebrew,Old Testament
H1108,בַּלעִי,Bal`iy (bel-ee') adj.,,,Hebrew,Old Testament
H1109,בִּלעָם,Bil`am (bil-awm') n/l.,,,Hebrew,Old Testament
H1110,בָּלַק,balaq (baw-lak') v.,,,Hebrew,Old Testament
H1111,בָּלָק,Balaq (baw-lawk') n/p.,,,Hebrew,Old Testament
H1112,בֵּלשַׁאצַּר בֵּלאשַׁצַר,Belsha'tstsar (bale-shats-tsar') (or Belshatstsar bale-shats-tsar') n/p.,,,Hebrew,Old Testament
H1113,בֵּלשַׁאצַּר,Belsha'tstsar (bale-shats-tsar') n/p.,,,Hebrew,Old Testament
H1114,בִּלשָׁן,Bilshan (bil-shawn') n/p.,,,Hebrew,Old Testament
H1115,בִּלתִּי,biltiy (bil-tee') adj.,,,Hebrew,Old Testament
H1116,בָּמָה,an elevation,,,Hebrew,Old Testament
H1117,בָּמָה,Bamah (baw-maw') n/l.,,,Hebrew,Old Testament
H1118,בִּמהָל,Bimhal (bim-hawl') n/p.,,,Hebrew,Old Testament
H1119,בְּמוֹ,bmow (bem-o') prep.,,,Hebrew,Old Testament
H1120,בָּמוֹת בָּמוֹת בַּעַל,Bamowth (baw-moth') n/l.,,,Hebrew,Old Testament
H1121,בֵּן,a son (as a builder of the family name),బేన్,కుమారుడు,Hebrew,Old Testament
H1122,בֵּן,Ben (bane) n/p.,,,Hebrew,Old Testament
H1123,בֵּן,child,,,Hebrew,Old Testament
H1124,בְּנָא בְּנָה,bna' (ben-aw') ((Aramaic) or bnah (Aramaic) ben-aw') v.,,,Hebrew,Old Testament
H1125,בֶּן ־ אֲבִינָדָב,Ben-'Abiynadab (ben-ab-ee''-naw-dawb') n/p.,,,Hebrew,Old Testament
H1126,בֶּן ־ אוֹנִי,Ben-'Owniy (ben-o-nee') n/p.,,,Hebrew,Old Testament
H1127,בֶּן ־ גֶּבֶר,Ben-Geber (ben-gheh'-ber) n/p.,,,Hebrew,Old Testament
H1128,בֶּן ־ דֶּקֶר,Ben-Deqer (ben-deh'-ker) n/p.,,,Hebrew,Old Testament
H1129,בָּנָה,banah (baw-naw') v.,బానా,కట్టు,Hebrew,Old Testament
H1130,בֶּן ־ הֲדַד,Ben-Hadad (ben-had-ad') n/p.,,,Hebrew,Old Testament
H1131,בִּנּוּי,Binnuwy (bin-noo'-ee) n/p.,,,Hebrew,Old Testament
H1132,בֶּן ־ זוֹחֵת,Ben-Zowcheth (ben-zo-khayth') n/p.,,,Hebrew,Old Testament
H1133,בֶּן ־ חוּר,Ben-Chuwr (ben-khoor') n/p.,,,Hebrew,Old Testament
H1134,בֶּן ־ חַיִל,Ben-Chayil (ben-khah'-yil) n/p.,,,Hebrew,Old Testament
H1135,בֶּן ־ חָנָן,Ben-Chanan (ben-khaw-nawn') n/p.,,,Hebrew,Old Testament
H1136,בֶּן ־ חֶסֶד,Ben-Checed (ben-kheh'-sed) n/p.,,,Hebrew,Old Testament
H1137,בָּנִי,Baniy (baw-nee') n/p.,,,Hebrew,Old Testament
H1138,בּוּנִּי בּוּנִי,Bunniy (boon-nee') (or (fuller) Buwniy boo-nee') n/p.,,,Hebrew,Old Testament
H1139,בְּנֵי ־ בְּרַק,Bney-Braq (ben-ay'-ber-ak') n/l.,,,Hebrew,Old Testament
H1140,בִּניָה,a structure,,,Hebrew,Old Testament
H1141,בְּנָיָה בְּנָיָהוּ,Bnayah (ben-aw-yaw') (or (prolonged) Bnayahuw ben-aw-yaw'-hoo) n/p.,,,Hebrew,Old Testament
H1142,בְּנֵי יַעֲקָן,Bney Ya`aqan (ben-ay' yah-ak-awn') n/l.,,,Hebrew,Old Testament
H1143,בֵּנַיִם,benayim (bay-nah'-yim) subv.,,,Hebrew,Old Testament
H1144,בִּניָמִין,Binyamiyn (bin-yaw-mene') n/p.,,,Hebrew,Old Testament
H1145,בֶּן ־ יְמִינִי בֶּן ־ הַ ־ יְמִנִי בֶּן ־ אִישׁ יְמִינִי,Ben-ymiyniy (ben-yem-ee-nee') (sometimes (with the article inserted) Ben-ha-yminiy ben-hah-yem-ee-ne...,,,Hebrew,Old Testament
H1146,בִּניָן,an edifice,,,Hebrew,Old Testament
H1147,בִּניָן,building,,,Hebrew,Old Testament
H1148,בְּנִינוּ,Bniynuw (ben-ee-noo') n/p.,,,Hebrew,Old Testament
H1149,בְּנַס,bnac (ben-as') v.,,,Hebrew,Old Testament
H1150,בִּנעָא בִּנעָה,Bin`a' (bin-aw') (or Bincah bin-aw') n/p.,,,Hebrew,Old Testament
H1151,בֶּן ־ עַמִּי,Ben-`Ammiy (ben-am-mee') n/p.,,,Hebrew,Old Testament
H1152,בְּסוֹדְיָה,Bcowdyah (bes-o-deh-yaw') n/p.,,,Hebrew,Old Testament
H1153,בְּסַי,Bcay (bes-ah'-ee) n/p.,,,Hebrew,Old Testament
H1154,בֶּסֶר,an immature grape,,,Hebrew,Old Testament
H1155,בּוֹסֶר,sour grape,,,Hebrew,Old Testament
H1156,בְּעָא בְּעָה,b`a' (beh-aw') ((Aramaic) or b ah (Aramaic) beh-aw') v.,,,Hebrew,Old Testament
H1157,בְּעַד,b`ad (beh-ad') prep.,,,Hebrew,Old Testament
H1158,בָּעָה,ba`ah (baw-aw') v.,,,Hebrew,Old Testament
H1159,בָּעוּ,a request,,,Hebrew,Old Testament
H1160,בְּעוֹר,B`owr (beh-ore') n/p.,,,Hebrew,Old Testament
H1161,בִּעוּתִים,alarms,,,Hebrew,Old Testament
H1162,בּוֹעַז,Bo`az (bo'-az) n/p.,,,Hebrew,Old Testament
H1163,בָּעַט,ba`at (baw-at') v.,,,Hebrew,Old Testament
H1164,בְּעִי,a prayer,,,Hebrew,Old Testament
H1165,בְּעִיר,beast,,,Hebrew,Old Testament
H1166,בָּעַל,ba`al (baw-al') v.,బాల్,భర్త,Hebrew,Old Testament
H1167,בַּעַל,a master,బాల్,యజమాని,Hebrew,Old Testament
H1168,בַּעַל,Ba`al (bah'-al) n/l.,,,Hebrew,Old Testament
H1169,בְּעֵל,+ chancellor,,,Hebrew,Old Testament
H1170,בַּעַל בְּרִיתּ,Ba`al Briyth (bah'-al ber-eeth') n/p.,,,Hebrew,Old Testament
H1171,בַּעַל גָּד,Ba`al Gad (bah'-al gawd) n/l.,,,Hebrew,Old Testament
H1172,בַּעֲלָה,a mistress,,,Hebrew,Old Testament
H1173,בַּעֲלָה,Ba`alah (bah-al-aw') n/l.,,,Hebrew,Old Testament
H1174,בַּעַל הָמוֹן,Ba`al Hamown (bah'-al haw-mone') n/l.,,,Hebrew,Old Testament
H1175,בְּעָלוֹת,B`alowth (beh-aw-loth') n/l.,,,Hebrew,Old Testament
H1176,בַּעַל זְבוּב,Ba`al Zbuwb (bah'-al zeb-oob') n/p.,,,Hebrew,Old Testament
H1177,בַּעַל חָנָן,Ba`al Chanan (bah'-al khaw-nawn') n/p.,,,Hebrew,Old Testament
H1178,בַּעַל חָצוֹר,Ba`al Chatsowr (bah'-al khaw-tsore') n/l.,,,Hebrew,Old Testament
H1179,בַּעַל חֶרמוֹן,Ba`al Chermown (bah'-al kher-mone') n/l.,,,Hebrew,Old Testament
H1180,בַּעֲלִי,my master,,,Hebrew,Old Testament
H1181,בַּעֲלֵי בָּמוֹת,Baals of (the) heights,,,Hebrew,Old Testament
H1182,בְּעֶליָדָע,B`elyada` (beh-el-yaw-daw') n/p.,,,Hebrew,Old Testament
H1183,בְּעַליָה,B`alyah (beh-al-yaw') n/p.,,,Hebrew,Old Testament
H1184,בַּעֲלֵי יְהוּדָה,Ba`aley Yhuwdah (bah-al-ay' yeh-hoo-daw') n/l.,,,Hebrew,Old Testament
H1185,בַּעֲלִיס,Ba`alic (bah-al-ece') n/p.,,,Hebrew,Old Testament
H1186,בַּעַל מְעוֹן,Ba`al M`own (bah-al meh-one') n/l.,,,Hebrew,Old Testament
H1187,בַּעַל פְּעוֹר,Ba`al P`owr (bah'-al peh-ore') n/p.,,,Hebrew,Old Testament
H1188,בַּעַל פְּרָצִים,Ba`al P`ratsiym (bah'-al per-aw-tseem') n/l.,,,Hebrew,Old Testament
H1189,בַּעַל צְּפוֹן,Ba`al Tsphown (bah'-al tsef-one') n/l.,,,Hebrew,Old Testament
H1190,בַּעַל שָׁלִשָׁה,Ba`al Shalishah (bah'-al shaw-lee-shaw') n/l.,,,Hebrew,Old Testament
H1191,בַּעֲלָת,Ba`alath (bah-al-awth') n/l.,,,Hebrew,Old Testament
H1192,בַּעֲלַת בְּאֵר,Ba`alath B`er (bah-al-ath' beh-ayr') n/l.,,,Hebrew,Old Testament
H1193,בַּעַל תָּמָר,Ba`al Tamar (bah'-al taw-mawr') n/l.,,,Hebrew,Old Testament
H1194,בְּעוֹן,B`on (beh-ohn') n/l.,,,Hebrew,Old Testament
H1195,בַּעֲנָא,Ba`ana' (bah-an-aw') n/p.,,,Hebrew,Old Testament
H1196,בַּעֲנָה,Ba`anah (bah-an-aw') n/p.,,,Hebrew,Old Testament
H1197,בָּעַר,ba`ar (baw-ar') v.,,,Hebrew,Old Testament
H1198,בַּעַר,(properly) foot (as consumed),,,Hebrew,Old Testament
H1199,בָּעֲרָא,Ba`ara' (bah-ar-aw') n/p.,,,Hebrew,Old Testament
H1200,בְּעֵרָה,a burning,,,Hebrew,Old Testament
H1201,בַּעשָׁא,Ba`sha' (bah-shaw') n/p.,,,Hebrew,Old Testament
H1202,בַּעֲשֵׂיָה,Ba`aseyah (bah-as-ay-yaw') n/p.,,,Hebrew,Old Testament
H1203,בְּעֶשׁתְּרָה,B`eshtrah (beh-esh-ter-aw') n/l.,,,Hebrew,Old Testament
H1204,בָּעַת,ba`ath (baw-ath') v.,,,Hebrew,Old Testament
H1205,בְּעָתָה,fear,,,Hebrew,Old Testament
H1206,בּוֹץ,mud (as whitish clay),,,Hebrew,Old Testament
H1207,בִּצָּה,a swamp,,,Hebrew,Old Testament
H1208,בָּצוֹר,inaccessible,,,Hebrew,Old Testament
H1209,בֵּצַי,Betsay (bay-tsah'-ee) n/p.,,,Hebrew,Old Testament
H1210,בָּצִיר,clipped,,,Hebrew,Old Testament
H1211,בֶּצֶל,an onion,,,Hebrew,Old Testament
H1212,בְּצַלאֵל,Btsal'el (bets-al-ale') n/p.,,,Hebrew,Old Testament
H1213,בַּצלוּת בַּצלִיתּ,Batsluwth (bats-looth') (or Batsliyth bats-leeth') n/p.,,,Hebrew,Old Testament
H1214,בָּצַע,batsa` (baw-tsah') v.,,,Hebrew,Old Testament
H1215,בֶּצַע,plunder,,,Hebrew,Old Testament
H1216,בָּצֵק,batseq (baw-tsake') v.,,,Hebrew,Old Testament
H1217,בָּצֵק,dough (as swelling by fermentation),,,Hebrew,Old Testament
H1218,בָּצקַת,Botsqath (bots-cath') n/l.,,,Hebrew,Old Testament
H1219,בָּצַר,batsar (baw-tsar') v.,,,Hebrew,Old Testament
H1220,בֶּצֶר,(strictly) a clipping,,,Hebrew,Old Testament
H1221,בֶּצֶר,Betser (beh'-tser) n/l.,,,Hebrew,Old Testament
H1222,בְּצַר,gold,,,Hebrew,Old Testament
H1223,בָּצרָה,an enclosure,,,Hebrew,Old Testament
H1224,בָּצרָה,Botsrah (bots-raw') n/l.,,,Hebrew,Old Testament
H1225,בִּצָּרוֹן,a fortress,,,Hebrew,Old Testament
H1226,בַּצּוֹרֶת,restraint,,,Hebrew,Old Testament
H1227,בַּקבּוּק,Baqbuwq (bak-book') n/p.,,,Hebrew,Old Testament
H1228,בַּקבּוּק,a bottle (from the gurgling in emptying),,,Hebrew,Old Testament
H1229,בַּקבּוּקיָה,Baqbukyah (bak-book-yaw') n/p.,,,Hebrew,Old Testament
H1230,בַּקבַּקַּר,Baqbaqqar (bak-bak-kar') n/p.,,,Hebrew,Old Testament
H1231,בּוּקִּי,Buqqiy (book-kee') n/p.,,,Hebrew,Old Testament
H1232,בּוּקִּיָה,Buqqiyah (book-kee-yaw') n/p.,,,Hebrew,Old Testament
H1233,בְּקִיַע,a fissure,,,Hebrew,Old Testament
H1234,בָּקַע,baqa` (baw-kah') v.,,,Hebrew,Old Testament
H1235,בֶּקַע,a section (half) of a shekel,,,Hebrew,Old Testament
H1236,בִּקעָא,plain,,,Hebrew,Old Testament
H1237,בִּקעָה,(properly) a split,,,Hebrew,Old Testament
H1238,בָּקַק,baqaq (baw-kah') v.,,,Hebrew,Old Testament
H1239,בָּקַר,baqar (baw-kar) v.,,,Hebrew,Old Testament
H1240,בְּקַר,bqar (bek-ar') v.,,,Hebrew,Old Testament
H1241,בָּקָר,beef cattle or an animal of the ox family of either gender (as used for plowing),,,Hebrew,Old Testament
H1242,בּוֹקֶר,(properly) dawn (as the break of day),,,Hebrew,Old Testament
H1243,בַּקָּרָה,a looking after,,,Hebrew,Old Testament
H1244,בִּקּוֹרֶת,(properly) examination,,,Hebrew,Old Testament
H1245,בָּקַשׁ,baqash (baw-kash') v.,,,Hebrew,Old Testament
H1246,בַּקָּשָׁה,a petition,,,Hebrew,Old Testament
H1247,בַּר,a son,,,Hebrew,Old Testament
H1248,בַּר,the heir (apparent to the throne),,,Hebrew,Old Testament
H1249,בַּר,bar (bar) adj.,,,Hebrew,Old Testament
H1250,בָּר בַּר,grain of any kind (even while standing in the field),,,Hebrew,Old Testament
H1251,בַּר,a field,,,Hebrew,Old Testament
H1252,בּוֹר,purify,,,Hebrew,Old Testament
H1253,בּוֹר,vegetable lye (from its cleansing),,,Hebrew,Old Testament
H1254,בָּרָא,bara' (baw-raw') v.,బారా,సృష్టించు,Hebrew,Old Testament
H1255,בְּרוֹאדַּך בַּלאֲדָן,Bro'dak Bal'adan (ber-o-dak' bal-ad-awn') n/p.,,,Hebrew,Old Testament
H1256,בְּרָאיָה,Bra'yah (ber-aw-yaw') n/p.,,,Hebrew,Old Testament
H1257,בַּרבּוּר,a fowl (as fattened on grain),,,Hebrew,Old Testament
H1258,בָּרַד,barad (baw-rad') v.,,,Hebrew,Old Testament
H1259,בָּרָד,hail,,,Hebrew,Old Testament
H1260,בֶּרֶד,Bered (beh'red) n/l.,,,Hebrew,Old Testament
H1261,בָּרוֹד,barod (baw-rode') adj.,,,Hebrew,Old Testament
H1262,בָּרָה,barah (baw-raw') v.,,,Hebrew,Old Testament
H1263,בָּרוּך,Baruwk (baw-rook') n/p.,,,Hebrew,Old Testament
H1264,בְּרוֹם,damask (stuff of variegated thread),,,Hebrew,Old Testament
H1265,בְּרוֹשׁ,a cypress (?) tree,,,Hebrew,Old Testament
H1266,בְּרוֹת,the cypress (or some elastic tree),,,Hebrew,Old Testament
H1267,בָּרוּת,food,,,Hebrew,Old Testament
H1268,בֵּרוֹתָה בֵּרוֹתַי,Berowthah (bay-ro-thaw') (or Berothay bay-ro-that'-ee) n/l.,,,Hebrew,Old Testament
H1269,בִּרזוֹת,Birzowth (beer-zoth') n/p.,,,Hebrew,Old Testament
H1270,בַּרזֶל,iron (as cutting),,,Hebrew,Old Testament
H1271,בַּרזִלַּי,Barzillay (bar-zil-lah'-ee) n/p.,,,Hebrew,Old Testament
H1272,בָּרַח,barach (baw-rakh') v.,,,Hebrew,Old Testament
H1273,בַּרחוּמִי,Barchumiy (bar-khoo-mee') adj.,,,Hebrew,Old Testament
H1274,בְּרִי,briy (ber-ee') adj.,,,Hebrew,Old Testament
H1275,בֵּרִי,Beriy (bay-ree') n/p.,,,Hebrew,Old Testament
H1276,בֵּרִי,Beriy (bay-ree') adj.,,,Hebrew,Old Testament
H1277,בָּרִיא,bariy' (baw-ree') adj.,,,Hebrew,Old Testament
H1278,בְּרִיאָה,a creation,,,Hebrew,Old Testament
H1279,בִּריָה,food,,,Hebrew,Old Testament
H1280,בְּרִיַח,a bolt,,,Hebrew,Old Testament
H1281,בָּרִיַח בָּרִַח,bariyach (baw-ree'-akh) (or (shortened) bariach baw-ree'-akh) adj.,,,Hebrew,Old Testament
H1282,בָּרִיַח,Bariyach (baw-ree'-akh) n/p.,,,Hebrew,Old Testament
H1283,בְּרִיעָה,Briy`ah (ber-ee'-aw) n/p.,,,Hebrew,Old Testament
H1284,בְּרִיעִי,Briy`iy (ber-ee-ee') adj.,,,Hebrew,Old Testament
H1285,בְּרִיתּ,a compact (because made by passing between pieces of flesh),బెరీత్,నిబంధన,Hebrew,Old Testament
H1286,בְּרִיתּ,Briyth (ber-eeth') n/p.,,,Hebrew,Old Testament
H1287,בּוֹרִיתּ,vegetable alkali,,,Hebrew,Old Testament
H1288,בָּרַך,barak (baw-rak') v.,బారక్,ఆశీర్వదించు,Hebrew,Old Testament
H1289,בְּרַך,brak (ber-ak') v.,,,Hebrew,Old Testament
H1290,בֶּרֶך,a knee,,,Hebrew,Old Testament
H1291,בֶּרֶך,knee,,,Hebrew,Old Testament
H1292,בָּרַכאֵל,Barak'el (baw-rak-ale') n/p.,,,Hebrew,Old Testament
H1293,בְּרָכָה,benediction,బెరాఖా,ఆశీర్వాదం,Hebrew,Old Testament
H1294,בְּרָכָה,Brakah (ber-aw-kaw') n/l.,,,Hebrew,Old Testament
H1295,בְּרֵכָה,a reservoir (at which camels kneel as a resting-place),,,Hebrew,Old Testament
H1296,בֶּרֶכיָה בֶּרֶכיָהוּ,Berekyah (beh-rek-yaw') (or Berekyahuw beh-rek-yaw'-hoo) n/p.,,,Hebrew,Old Testament
H1297,בְּרַם,bram (ber-am') adv.,,,Hebrew,Old Testament
H1298,בֶּרַע,Bera` (beh'-rah) n/p.,,,Hebrew,Old Testament
H1299,בָּרַק,baraq (baw-rak') v.,,,Hebrew,Old Testament
H1300,בָּרָק,lightning,,,Hebrew,Old Testament
H1301,בָּרָק,Baraq (baw-rawk') n/p.,,,Hebrew,Old Testament
H1302,בַּרקוֹס,Barqowc (bar-kose') n/p.,,,Hebrew,Old Testament
H1303,בַּרקָן,a thorn (perhaps as burning brightly),,,Hebrew,Old Testament
H1304,בָּרְקַת בָּרְקַת,a gem (as flashing),,,Hebrew,Old Testament
H1305,בָּרַר,barar (baw-rar') v.,బారర్,పరిశుద్ధం చేయు,Hebrew,Old Testament
H1306,בִּרשַׁע,Birsha` (beer-shah') n/p.,,,Hebrew,Old Testament
H1307,בֵּרוֹתִי,Berothiy (bay-ro-thee') adj.,,,Hebrew,Old Testament
H1308,בְּשׂוֹר,Bsowr (bes-ore') n/l.,,,Hebrew,Old Testament
H1309,בְּשׂוֹרָה בְּשׂוֹרָה,glad tidings,,,Hebrew,Old Testament
H1310,בָּשַׁל,bashal (baw-shal') v.,,,Hebrew,Old Testament
H1311,בָּשֵׁל,bashel (baw-shale') adj.,,,Hebrew,Old Testament
H1312,בִּשׁלָם,Bishlam (bish-lawm') n/p.,,,Hebrew,Old Testament
H1313,בָּשָׂם,the balsam plant,,,Hebrew,Old Testament
H1314,בֶּשֶׂם בּוֹשֶׂם,fragrance,,,Hebrew,Old Testament
H1315,בָּשׂמַת,Bosmath (bos-math') n/p.,,,Hebrew,Old Testament
H1316,בָּשָׁן,Bashan (baw-shawn') n/l.,,,Hebrew,Old Testament
H1317,בָּשׁנָה,shamefulness,,,Hebrew,Old Testament
H1318,בָּשַׁס,bashac (baw-shas') v.,,,Hebrew,Old Testament
H1319,בָּשַׂר,basar (baw-sar') v.,బాసర్,శుభవార్త చెప్పు,Hebrew,Old Testament
H1320,בָּשָׂר,flesh (from its freshness),బాసార్,మాంసం,Hebrew,Old Testament
H1321,בְּשַׂר,flesh,,,Hebrew,Old Testament
H1322,בּוֹשֶׁת,shame (the feeling and the condition,,,Hebrew,Old Testament
H1323,בַּת,a daughter (used in the same wide sense as other terms of relationship,,,Hebrew,Old Testament
H1324,בַּת,a bath or Hebrew measure (as a means of division) of liquids,,,Hebrew,Old Testament
H1325,בַּת,bath,,,Hebrew,Old Testament
H1326,בָּתָה,desolation,,,Hebrew,Old Testament
H1327,בַּתּתָּה,desolation,,,Hebrew,Old Testament
H1328,בְּתוּאֵל,Bthuw'el (beth-oo-ale') n/l.,,,Hebrew,Old Testament
H1329,בְּתוּל,Bthuwl (beth-ool') n/l.,,,Hebrew,Old Testament
H1330,בְּתוּלָה,a virgin (from her privacy),,,Hebrew,Old Testament
H1331,בְּתוּלִים,(collectively and abstractly) virginity,,,Hebrew,Old Testament
H1332,בִּתיָה,Bithyah (bith-yaw') n/p.,,,Hebrew,Old Testament
H1333,בָּתַק,bathaq (baw-thak') v.,,,Hebrew,Old Testament
H1334,בָּתַר,bathar (baw-thar') v.,,,Hebrew,Old Testament
H1335,בֶּתֶר,a section,,,Hebrew,Old Testament
H1336,בֶּתֶר,Bether (beh'-ther) n/p.,,,Hebrew,Old Testament
H1337,בַּת רַבִּים,Bath Rabbiym (bath rab-beem') n/l.,,,Hebrew,Old Testament
H1338,בִּתרוֹן,Bithrown (bith-rone') n/l.,,,Hebrew,Old Testament
H1339,בַּת ־ שֶׁבַע,Bath-Sheba` (bath-sheh'-bah) n/p.,,,Hebrew,Old Testament
H1340,בַּת ־ שׁוַּע,Bath-Shuwa` (bath-shoo'-ah) n/p.,,,Hebrew,Old Testament
H1341,גֵּא,ge' (gay') adj.,,,Hebrew,Old Testament
H1342,גָּאָה,ga'ah (gaw-aw') v.,,,Hebrew,Old Testament
H1343,גְּאֶה,ge'eh (gay-eh') adj.,,,Hebrew,Old Testament
H1344,גֵּאָה,arrogance,,,Hebrew,Old Testament
H1345,גְּאוּאֵל,Guw'el (gheh-oo-ale') n/p.,,,Hebrew,Old Testament
H1346,גַּאֲוָה,arrogance or majesty,,,Hebrew,Old Testament
H1347,גָּאוֹן,the same as H1346,,,Hebrew,Old Testament
H1348,גֵּאוּת,the same as H1346,,,Hebrew,Old Testament
H1349,גַּאֲיוֹן,ga'ayown (gah-ah-yone') adj.,,,Hebrew,Old Testament
H1350,גָּאַל,ga'al (gaw-al') v.,,,Hebrew,Old Testament
H1351,גָּאַל,ga'al (gaw-al') v.,,,Hebrew,Old Testament
H1352,גּוֹאֶל,profanation,,,Hebrew,Old Testament
H1353,גְּאוּלָּה,redemption (including the right and the object),,,Hebrew,Old Testament
H1354,גַּב,gab (gab) n-e.,,,Hebrew,Old Testament
H1355,גַּב,back,,,Hebrew,Old Testament
H1356,גֵּב,a log (as cut out),,,Hebrew,Old Testament
H1357,גֵּב,a locust (from its cutting),,,Hebrew,Old Testament
H1358,גּוֹב,a pit (for wild animals) (as cut out),,,Hebrew,Old Testament
H1359,גּוֹב גּוֹב,Gob (gobe) (or (fully) Gowb gobe') n/l.,,,Hebrew,Old Testament
H1360,גֶּבֶא,a reservoir,,,Hebrew,Old Testament
H1361,גָּבַהּ,gabahh (gaw-bah') v.,,,Hebrew,Old Testament
H1362,גָּבָהּ,gabahh (gaw-bawh') adj.,,,Hebrew,Old Testament
H1363,גּוֹבַהּ,elation,,,Hebrew,Old Testament
H1364,גָּבוֹהַּ גָּבוֹהַּ,gaboahh (gaw-bo'-ah) (or (fully) gabowahh gaw-bo'-ah) adj.,,,Hebrew,Old Testament
H1365,גַּבהוּת,pride,,,Hebrew,Old Testament
H1366,גְּבוּל גֶּבוּל,(properly) a cord (as twisted),,,Hebrew,Old Testament
H1367,גְּבוּלָה גֶּבוּלָה,a boundary,,,Hebrew,Old Testament
H1368,גִּבּוֹר גִּבּוֹר,gibbowr (ghib-bore') (or (shortened) gibbor ghib-bore') adj.,,,Hebrew,Old Testament
H1369,גְּבוּרָה,force (literally or figuratively),,,Hebrew,Old Testament
H1370,גְּבוּרָה,power,,,Hebrew,Old Testament
H1371,גִּבֵַּח,gibbeach (ghib-bay'-akh) adj.,,,Hebrew,Old Testament
H1372,גַּבַּחַת,baldness in the forehead,,,Hebrew,Old Testament
H1373,גַּבַּי,Gabbay (gab-bah'ee) n/p.,,,Hebrew,Old Testament
H1374,גֵּבִים,Gebiym (gay-beem') n/l.,,,Hebrew,Old Testament
H1375,גְּבִיַע,a goblet,,,Hebrew,Old Testament
H1376,גְּבִיר,a master,,,Hebrew,Old Testament
H1377,גְּבִירָה,a mistress,,,Hebrew,Old Testament
H1378,גָּבִישׁ,crystal (from its resemblance to ice),,,Hebrew,Old Testament
H1379,גָּבַל,gabal (gaw-bal') v.,,,Hebrew,Old Testament
H1380,גְּבַל,Gbal (gheb-al') n/l.,,,Hebrew,Old Testament
H1381,גְּבָל,Gbal (gheb-awl') n/l.,,,Hebrew,Old Testament
H1382,גִּבלִי,Gibliy (ghib-lee') adj.,,,Hebrew,Old Testament
H1383,גַּבלוּת,a twisted chain or lace,,,Hebrew,Old Testament
H1384,גִּבֵּן,gibben (gib-bane') adj.,,,Hebrew,Old Testament
H1385,גְּבִנָה,curdled milk,,,Hebrew,Old Testament
H1386,גַּבנוֹן,a hump or peak of hills,,,Hebrew,Old Testament
H1387,גֶּבַע,Geba` (gheh'-bah) n/l.,,,Hebrew,Old Testament
H1388,גִּבעָא,Gib`a' (ghib-aw') n/p.,,,Hebrew,Old Testament
H1389,גִּבעָה,a hillock,,,Hebrew,Old Testament
H1390,גִּבעָה,Gib`ah (ghib-aw') n/l.,,,Hebrew,Old Testament
H1391,גִּבעוֹן,Gib`own (ghib-ohn') n/l.,,,Hebrew,Old Testament
H1392,גִּבעוֹל,the calyx of a flower,,,Hebrew,Old Testament
H1393,גִּבעוֹנִי,Gib`oniy (ghib-o-nee') adj.,,,Hebrew,Old Testament
H1394,גִּבעַת,Gib`ath (ghib-ath') n/l.,,,Hebrew,Old Testament
H1395,גִּבעָתִי,Gib`athiy (ghib-aw-thee') adj.,,,Hebrew,Old Testament
H1396,גָּבַר,gabar (gaw-bar') v.,,,Hebrew,Old Testament
H1397,גֶּבֶר,(properly) a valiant man or warrior,,,Hebrew,Old Testament
H1398,גֶּבֶר,Geber (gheh'-ber) n/p.,,,Hebrew,Old Testament
H1399,גְּבַר,a person,,,Hebrew,Old Testament
H1400,גְּבַר,certain,,,Hebrew,Old Testament
H1401,גִּבָּר,valiant,,,Hebrew,Old Testament
H1402,גִּבָּר,Gibbar (ghib-bawr') n/p.,,,Hebrew,Old Testament
H1403,גַּברִיאֵל,Gabriy'el (gab-ree-ale') n/p.,,,Hebrew,Old Testament
H1404,גְּבֶרֶת,mistress,,,Hebrew,Old Testament
H1405,גִּבְּתוֹן,Gibbthown (ghib-beth-one') n/l.,,,Hebrew,Old Testament
H1406,גָּג,a roof,,,Hebrew,Old Testament
H1407,גַּד,coriander seed (from its furrows),,,Hebrew,Old Testament
H1408,גַּד,Gad (gad) n/p.,,,Hebrew,Old Testament
H1409,גָּד,fortune,,,Hebrew,Old Testament
H1410,גָּד,Gad (gawd) n/p.,,,Hebrew,Old Testament
H1411,גְּדָבָר,a treasurer,,,Hebrew,Old Testament
H1412,גּוּדגּוֹדָה,Gudgodah (gud-go'-daw) n/l.,,,Hebrew,Old Testament
H1413,גָּדַד,gadad (gaw-dad') v.,,,Hebrew,Old Testament
H1414,גְּדַד,gdad (ghed-ad') v.,,,Hebrew,Old Testament
H1415,גָּדָה,a border of a river (as cut into by the stream),,,Hebrew,Old Testament
H1416,גְּדוּד,a crowd (especially of soldiers),,,Hebrew,Old Testament
H1417,גְּדוּד גֶּדוּדָה,gduwd (ghed-ood') (or (feminine) gdudah ghed-oo-daw') n-e.,,,Hebrew,Old Testament
H1418,גְּדוּדָה,gduwdah (ghed-oo-daw') n-e.,,,Hebrew,Old Testament
H1419,גָּדוֹל גָּדוֹל,gadowl (gaw-dole') (or (shortened) gadol gaw-dole') adj.,,,Hebrew,Old Testament
H1420,גְּדוּלָה גְּדוּלָּה גְּדוּלָּה,greatness,,,Hebrew,Old Testament
H1421,גִּדּוּף גִּדּוּף גִּדּוּפָה גִּדּוּפָה,vilification,,,Hebrew,Old Testament
H1422,גְּדוּפָה,a revilement,,,Hebrew,Old Testament
H1423,גְּדִי,a young goat (from browsing),,,Hebrew,Old Testament
H1424,גָּדִי,Gadiy (gaw-dee') n/p.,,,Hebrew,Old Testament
H1425,גָּדִי,Gadiy (gaw-dee') adj.,,,Hebrew,Old Testament
H1426,גַּדִּי,Gaddiy (gad-dee') n/p.,,,Hebrew,Old Testament
H1427,גַּדִּיאֵל,Gaddiy'el (gad-dee-ale') n/p.,,,Hebrew,Old Testament
H1428,גִּדיָה גַּדיָה,a river brink,,,Hebrew,Old Testament
H1429,גְּדִיָה,a young female goat,,,Hebrew,Old Testament
H1430,גָּדִישׁ,a stack of sheaves,,,Hebrew,Old Testament
H1431,גָּדַל,gadal (gaw-dal') v.,,,Hebrew,Old Testament
H1432,גָּדֵל,gadel (gaw-dale') adj.,,,Hebrew,Old Testament
H1433,גּוֹדֶל,magnitude (literally or figuratively),,,Hebrew,Old Testament
H1434,גְּדִל,a thread,,,Hebrew,Old Testament
H1435,גִּדֵּל,Giddel (ghid-dale') n/p.,,,Hebrew,Old Testament
H1436,גְּדַליָה גֶּדַליָהוּ,Gdalyah (ghed-al-yaw') (or (prolonged) Gdalyahuw ghed-al-yaw'- hoo) n/p.,,,Hebrew,Old Testament
H1437,גִּדַּלתִּי,Giddaltiy (ghid-dal'-tee) n/p.,,,Hebrew,Old Testament
H1438,גָּדַע,gada` (gaw-dah') v.,,,Hebrew,Old Testament
H1439,גִּדעוֹן,Gid`own (ghid-ohn') n/p.,,,Hebrew,Old Testament
H1440,גִּדעוֹם,Gid`om (ghid-ohm') n/l.,,,Hebrew,Old Testament
H1441,גִּדעוֹנִי,Gid`oniy (ghid-o-nee') n/p.,,,Hebrew,Old Testament
H1442,גָּדַף,gadaph (gaw-daf') v.,,,Hebrew,Old Testament
H1443,גָּדַר,gadar (gaw-dar') v.,,,Hebrew,Old Testament
H1444,גֶּדֶר,a circumvallation,,,Hebrew,Old Testament
H1445,גֶּדֶר,Geder (gheh'-der) n/l.,,,Hebrew,Old Testament
H1446,גְּדוֹר גְּדוֹר,Gdor (ghed-ore') (or (fully) Gdowr ghed-ore') n/l.,,,Hebrew,Old Testament
H1447,גָּדֵר,surrounded with a wall or rampart,,,Hebrew,Old Testament
H1448,גְּדֵרָה,enclosure (especially for flocks),,,Hebrew,Old Testament
H1449,גְּדֵרָה,Gderah (ghed-ay-raw') n/l.,,,Hebrew,Old Testament
H1450,גְּדֵרוֹת,Gderowth (ghed-ay-rohth') n/l.,,,Hebrew,Old Testament
H1451,גְּדֵרִי,Gderiy (ghed-ay-ree') adj.,,,Hebrew,Old Testament
H1452,גְּדֵרָתִי,Gderathiy (ghed-ay-raw-thee') adj.,,,Hebrew,Old Testament
H1453,גְּדֵרוֹתַיִם,Gderothayim (ghed-ay-ro-thah'-yim) n/l.,,,Hebrew,Old Testament
H1454,גֵּה,geh (gay) p/d.,,,Hebrew,Old Testament
H1455,גָּהָה,gahah (gaw-haw') v.,,,Hebrew,Old Testament
H1456,גֵּהָה,a cure,,,Hebrew,Old Testament
H1457,גָּהַר,gahar (gaw-har') v.,,,Hebrew,Old Testament
H1458,גַּו,the back,,,Hebrew,Old Testament
H1459,גַּו,the middle,,,Hebrew,Old Testament
H1460,גֵּו,the back,,,Hebrew,Old Testament
H1461,גּוּב,guwb (goob) v.,,,Hebrew,Old Testament
H1462,גּוֹב,the locust (from its grubbing as a larvae),,,Hebrew,Old Testament
H1463,גּוֹג,Gowg (gohg) n/p.,,,Hebrew,Old Testament
H1464,גּוּד,guwd (goode) v.,,,Hebrew,Old Testament
H1465,גֵּוָה,gevah (gay-vaw') adv.,,,Hebrew,Old Testament
H1466,גֵּוָה,exaltation,,,Hebrew,Old Testament
H1467,גֵּוָה,pride,,,Hebrew,Old Testament
H1468,גּוּז,guwz (gooz) v.,,,Hebrew,Old Testament
H1469,גּוֹזָל גּוֹזָל,a nestling (as being comparatively nude of feathers),,,Hebrew,Old Testament
H1470,גּוֹזָן,Gowzan (go-zawn') n/l.,,,Hebrew,Old Testament
H1471,גּוֹי גּוֹי,a foreign nation,గోయ్,జాతి,Hebrew,Old Testament
H1472,גְּוִיָה,a body,,,Hebrew,Old Testament
H1473,גּוֹלָה גּוֹלָה,exile,,,Hebrew,Old Testament
H1474,גּוֹלָן,Gowlan (go-lawn') n/l.,,,Hebrew,Old Testament
H1475,גּוּמָּץ,a pit,,,Hebrew,Old Testament
H1476,גּוּנִי,Guwniy (goo-nee') n/p.,,,Hebrew,Old Testament
H1477,גּוּנִי,Guwniy (goo-nee') adj.,,,Hebrew,Old Testament
H1478,גָּוַע,gava` (gaw-vah') v.,,,Hebrew,Old Testament
H1479,גּוּף,guwph (goof) v.,,,Hebrew,Old Testament
H1480,גּוּפָה,a corpse (as closed to sense),,,Hebrew,Old Testament
H1481,גּוּר,guwr (goor) v.,,,Hebrew,Old Testament
H1482,גּוּר גּוּר,a cub (as still abiding in the lair),,,Hebrew,Old Testament
H1483,גּוּר,Guwr (goor) n/l.,,,Hebrew,Old Testament
H1484,גּוֹר גּוֹרָה,meaning the same as H1482,,,Hebrew,Old Testament
H1485,גּוּר ־ בַּעַל,Guwr-Ba`al (goor-bah'-al) n/l.,,,Hebrew,Old Testament
H1486,גּוֹרָל גּוֹרָל,(properly) a pebble,,,Hebrew,Old Testament
H1487,גּוּשׁ גִּישׁ,a mass of earth,,,Hebrew,Old Testament
H1488,גֵּז,a fleece (as shorn),,,Hebrew,Old Testament
H1489,גִּזבָּר,treasurer,,,Hebrew,Old Testament
H1490,גִּזבָּר,treasurer,,,Hebrew,Old Testament
H1491,גָּזָה,gazah (gaw-zaw') v.,,,Hebrew,Old Testament
H1492,גָּזַּה,a fleece,,,Hebrew,Old Testament
H1493,גִּזוֹנִי,Gizowniy (ghee-zo-nee') adj.,,,Hebrew,Old Testament
H1494,גָּזַז,gazaz (gaw-zaz') v.,,,Hebrew,Old Testament
H1495,גָּזֵז,Gazez (gaw-zaze') n/p.,,,Hebrew,Old Testament
H1496,גָּזִיתּ,something cut,,,Hebrew,Old Testament
H1497,גָּזַל,gazal (gaw-zal') v.,,,Hebrew,Old Testament
H1498,גָּזֵל,robbery,,,Hebrew,Old Testament
H1499,גֵּזֶל,plunder,,,Hebrew,Old Testament
H1500,גְּזֵלָה,robbery,,,Hebrew,Old Testament
H1501,גָּזָם,a kind of locust,,,Hebrew,Old Testament
H1502,גַּזָּם,Gazzam (gaz-zawm') n/p.,,,Hebrew,Old Testament
H1503,גֶּזַע,the trunk or stump of a tree (as felled or as planted),,,Hebrew,Old Testament
H1504,גָּזַר,gazar (gaw-zar') v.,,,Hebrew,Old Testament
H1505,גְּזַר,gzar (ghez-ar') v.,,,Hebrew,Old Testament
H1506,גֶּזֶר,something cut off,,,Hebrew,Old Testament
H1507,גֶּזֶר,Gezer (gheh'-zer) n/l.,,,Hebrew,Old Testament
H1508,גִּזרָה,the figure or person (as if cut out),,,Hebrew,Old Testament
H1509,גְּזֵרָה,a desert (as separated),,,Hebrew,Old Testament
H1510,גְּזֵרָה,a decree,,,Hebrew,Old Testament
H1511,גִּזרִי גִּרזִי,Gizriy (ghiz-ree') ((in the margin) patrial from H1507,,,Hebrew,Old Testament
H1512,גָּחוֹן,the external abdomen,,,Hebrew,Old Testament
H1513,גֶּחֶל גַּחֶלֶת,an ember,,,Hebrew,Old Testament
H1514,גַּחַם,Gacham (gah'-kham) n/p.,,,Hebrew,Old Testament
H1515,גַּחַר,Gachar (gah'-khar) n/p.,,,Hebrew,Old Testament
H1516,גַּיא גַּי,gay' (gah'-ee) (or (shortened) gay gah'-ee) n-e.,,,Hebrew,Old Testament
H1517,גִּידּ,a thong (as compressing),,,Hebrew,Old Testament
H1518,גִּיַח גּוַֹח,giyach (ghee'-akh) (or (shortened) goach go'-akh) v.,,,Hebrew,Old Testament
H1519,גִּיַח גּוַּח,giyach (ghee'-akh) ((Aramaic) or (shortened) guwach (Aramaic) goo'- akh) v.,,,Hebrew,Old Testament
H1520,גִּיַח,Giyach (ghee'-akh) n/l.,,,Hebrew,Old Testament
H1521,גִּיחוֹן גִּחוֹן,Giychown (ghee-khone') (or (shortened) Gichown ghee-khone') n/p.,,,Hebrew,Old Testament
H1522,גֵּיחֲזִי גֵּחֲזִי,Geychaziy (gay-khah-zee') (or Gechaziy gay-khah-zee') n/p.,,,Hebrew,Old Testament
H1523,גִּיל גּוּל,giyl (gheel) (or (by permutation) guwl gool) v.,,,Hebrew,Old Testament
H1524,גִּיל,a revolution (of time,,,Hebrew,Old Testament
H1525,גִּילָה גִּילַת,joy,,,Hebrew,Old Testament
H1526,גִּילוֹנִי,Giyloniy (ghee-lo-nee') adj.,,,Hebrew,Old Testament
H1527,גִּינַת,Giynath (ghee-nath') n/p.,,,Hebrew,Old Testament
H1528,גִּיר,lime,,,Hebrew,Old Testament
H1529,גֵּישָׁן,Geyshan (gay-shawn') n/p.,,,Hebrew,Old Testament
H1530,גַּל,something rolled,,,Hebrew,Old Testament
H1531,גּוֹל,a cup for oil (as round),,,Hebrew,Old Testament
H1532,גַּלָּב,a barber,,,Hebrew,Old Testament
H1533,גִּלבּוַֹע,Gilboa` (ghil-bo'-ah) n/l.,,,Hebrew,Old Testament
H1534,גַּלגַּל,a wheel,,,Hebrew,Old Testament
H1535,גַּלגַּל,a wheel,,,Hebrew,Old Testament
H1536,גִּלגָּל,wheel,,,Hebrew,Old Testament
H1537,גִּלגָּל,Gilgal (ghil-gawl') n/l.,,,Hebrew,Old Testament
H1538,גּוּלגּוֹלֶת,a skull (as round),,,Hebrew,Old Testament
H1539,גֶּלֶר,the (human) skin (as smooth),,,Hebrew,Old Testament
H1540,גָּלָה,galah (gaw-law') v.,,,Hebrew,Old Testament
H1541,גְּלָה גְּלָא,glah (ghel-aw') ((Aramaic) or glat (Aramaic) ghel-aw') v.,,,Hebrew,Old Testament
H1542,גִּלוֹה גִּילוֹה,Giloh (ghee-lo') (or (fully) Giyloh ghee-lo') n/l.,,,Hebrew,Old Testament
H1543,גּוּלָּה,a fountain,,,Hebrew,Old Testament
H1544,גִּלּוּל גִּלּוּל,(properly) a log (as round),,,Hebrew,Old Testament
H1545,גְּלוֹם,clothing (as wrapped),,,Hebrew,Old Testament
H1546,גָּלוּת,captivity,,,Hebrew,Old Testament
H1547,גָּלוּת,captivity,,,Hebrew,Old Testament
H1548,גָּלַח,galach (gaw-lakh') v.,,,Hebrew,Old Testament
H1549,גִּלָּיוֹן גִּליוֹן,a tablet for writing (as bare),,,Hebrew,Old Testament
H1550,גָּלִיל,galiyl (gaw-leel') adj.,,,Hebrew,Old Testament
H1551,גָּלִיל גָּלִילָה,Galiyl (gaw-leel') (or (prolonged) Galiylah gaw-lee-law') n/l.,,,Hebrew,Old Testament
H1552,גְּלִילָה,a circuit or region,,,Hebrew,Old Testament
H1553,גְּלִילוֹת,Gliylowth (ghel-ee-lowth') n/l.,,,Hebrew,Old Testament
H1554,גַּלִּים,Galliym (gal-leem') n/l.,,,Hebrew,Old Testament
H1555,גָּליַת,Golyath (gol-yath') n/p.,,,Hebrew,Old Testament
H1556,גָּלַל,galal (gaw-lal') v.,,,Hebrew,Old Testament
H1557,גָּלָל,dung (as in balls),,,Hebrew,Old Testament
H1558,גָּלָל,a circumstance (as rolled around),,,Hebrew,Old Testament
H1559,גָּלָל,Galal (gaw-lawl') n/p.,,,Hebrew,Old Testament
H1560,גְּלָל,glal (ghel-awl') adj.,,,Hebrew,Old Testament
H1561,גֵּלֶל,dung (plural balls of dung),,,Hebrew,Old Testament
H1562,גִּלֲלַי,Gilalay (ghe-lal-ah'-ee) n/p.,,,Hebrew,Old Testament
H1563,גָּלַם,galam (gaw-lam') v.,,,Hebrew,Old Testament
H1564,גּוֹלֶם,a wrapped (and unformed mass,,,Hebrew,Old Testament
H1565,גַּלמוּד,galmuwd (gal-mood') adj.,,,Hebrew,Old Testament
H1566,גָּלַע,gala` (gaw-lah') v.,,,Hebrew,Old Testament
H1567,גַּליֵד,Gal`ed (gal-ade') n/l.,,,Hebrew,Old Testament
H1568,גִּלעָד,Gil`ad (ghil-awd') n/l.,,,Hebrew,Old Testament
H1569,גִּלעָדִי,Gil`adiy (ghil-aw-dee') adj.,,,Hebrew,Old Testament
H1570,גָּלַשׁ,galash (gaw-lash') v.,,,Hebrew,Old Testament
H1571,גַּם,gam (gam) adv.,,,Hebrew,Old Testament
H1572,גָּמָא,gama' (gaw-maw') v.,,,Hebrew,Old Testament
H1573,גּוֹמֶא,(properly) an absorbent,,,Hebrew,Old Testament
H1574,גּוֹמֶד,(properly) a span,,,Hebrew,Old Testament
H1575,גַּמָּד,a warrior (as grasping weapons),,,Hebrew,Old Testament
H1576,גְּמוּל,treatment,,,Hebrew,Old Testament
H1577,גָּמוּל,gamuwl (gaw-mool') n/p.,,,Hebrew,Old Testament
H1578,גְּמוּלָה,meaning the same,,,Hebrew,Old Testament
H1579,גִּמזוֹ,Gimzow (ghim-zo') n/l.,,,Hebrew,Old Testament
H1580,גָּמַל,gamal (gaw-mal') v.,,,Hebrew,Old Testament
H1581,גָּמָל,gamal (gaw-mawl') n-e.,,,Hebrew,Old Testament
H1582,גְּמַלִּי,Gmalliy (ghem-al-lee') n/p.,,,Hebrew,Old Testament
H1583,גַּמלִיאֵל,Gamliy'el (gam-lee-ale') n/p.,,,Hebrew,Old Testament
H1584,גָּמַר,gamar (gaw-mar') v.,,,Hebrew,Old Testament
H1585,גְּמַר,gmar (ghem-ar') v.,,,Hebrew,Old Testament
H1586,גּוֹמֶר,Gomer (go'-mer) n/p.,,,Hebrew,Old Testament
H1587,גְּמַריָה גְּמַריָהוּ,Gmaryah (ghem-ar-yaw') (or Gmaryahuw ghem-ar-yaw'-hoo) n/p.,,,Hebrew,Old Testament
H1588,גַּן,gan (gan) n-e.,,,Hebrew,Old Testament
H1589,גָּנַב,ganab (gaw-nab') v.,,,Hebrew,Old Testament
H1590,גַּנָּב,a stealer,,,Hebrew,Old Testament
H1591,גְּנֵבָה,stealing,,,Hebrew,Old Testament
H1592,גְּנוּבַת,Gnubath (ghen-oo-bath') n/p.,,,Hebrew,Old Testament
H1593,גַּנָּה,a garden,,,Hebrew,Old Testament
H1594,גִּנָּה,garden,,,Hebrew,Old Testament
H1595,גֶּנֶז,treasure,,,Hebrew,Old Testament
H1596,גְּנַז,treasure,,,Hebrew,Old Testament
H1597,גִּנזַך,a treasury,,,Hebrew,Old Testament
H1598,גָּנַן,ganan (gaw-nan') v.,,,Hebrew,Old Testament
H1599,גִּנְּתוֹן גִּנְּתוֹ,Ginnthown (ghin-neth-one) (or Ginnthow ghin-neth-o') n/p.,,,Hebrew,Old Testament
H1600,גָּעָה,ga`ah (gaw-aw') v.,,,Hebrew,Old Testament
H1601,גּוֹעָה,Go`ah (go-aw') n/l.,,,Hebrew,Old Testament
H1602,גָּעַל,ga`al (gaw-al') v.,,,Hebrew,Old Testament
H1603,גַּעַל,Ga`al (gah'-al) n/p.,,,Hebrew,Old Testament
H1604,גּוֹעַל,abhorrence,,,Hebrew,Old Testament
H1605,גָּעַר,ga`ar (gaw-ar') v.,,,Hebrew,Old Testament
H1606,גְּעָרָה,a chiding,,,Hebrew,Old Testament
H1607,גָּעַשׁ,ga`ash (gaw-ash') v.,,,Hebrew,Old Testament
H1608,גַּעַשׁ,Ga`ash (ga'-ash) n/l.,,,Hebrew,Old Testament
H1609,גַּעתָּם,Ga`tam (gah-tawm') n/p.,,,Hebrew,Old Testament
H1610,גַּף,the back,,,Hebrew,Old Testament
H1611,גַּף,a wing,,,Hebrew,Old Testament
H1612,גֶּפֶן,a vine (as twining),,,Hebrew,Old Testament
H1613,גּוֹפֶר,a kind of tree or wood (as used for building),,,Hebrew,Old Testament
H1614,גָּפרִיתּ,(properly) cypress- resin,,,Hebrew,Old Testament
H1615,גִּר,lime (from being burned in a kiln),,,Hebrew,Old Testament
H1616,גֵּר גֵּיר,(properly) a guest,,,Hebrew,Old Testament
H1617,גֵּרָא,Gera' (gay-raw') n/p.,,,Hebrew,Old Testament
H1618,גָּרָב,scurf (from itching),,,Hebrew,Old Testament
H1619,גָּרֵב,Gareb (gaw-rabe') n/l.,,,Hebrew,Old Testament
H1620,גַּרגַּר,a berry (as if a pellet of rumination),,,Hebrew,Old Testament
H1621,גַּרגְּרוֹת,the throat (as used in rumination),,,Hebrew,Old Testament
H1622,גִּרגָּשִׁי,Girgashiy (ghir-gaw-shee') adj.,,,Hebrew,Old Testament
H1623,גָּרַד,garad (gaw-rad') v.,,,Hebrew,Old Testament
H1624,גָּרָה,garah (gaw-raw') v.,,,Hebrew,Old Testament
H1625,גֵּרָה,the cud (as scraping the throat),,,Hebrew,Old Testament
H1626,גֵּרָה,(properly) (like H1620) a kernel (round as if scraped),,,Hebrew,Old Testament
H1627,גָּרוֹן גָּרוֹן,the throat (as roughened by swallowing),,,Hebrew,Old Testament
H1628,גֵּרוּת,a (temporary) residence,,,Hebrew,Old Testament
H1629,גָּרַז,garaz (gaw-raz') v.,,,Hebrew,Old Testament
H1630,גְּרִזִים,Griziym (gher-ee-zeem') n/l.,,,Hebrew,Old Testament
H1631,גַּרזֶן,an axe,,,Hebrew,Old Testament
H1632,גָּרוֹל,garol (gaw-role') adj.,,,Hebrew,Old Testament
H1633,גָּרַם,garam (gaw-ram') v.,,,Hebrew,Old Testament
H1634,גֶּרֶם,a bone (as the skeleton of the body),,,Hebrew,Old Testament
H1635,גֶּרֶם,a bone,,,Hebrew,Old Testament
H1636,גַּרמִי,Garmiy (gar-mee') adj.,,,Hebrew,Old Testament
H1637,גּוֹרֶן,a threshing- floor (as made even),,,Hebrew,Old Testament
H1638,גָּרַס,garac (gaw-ras') v.,,,Hebrew,Old Testament
H1639,גָּרַע,gara` (gaw-rah') v.,,,Hebrew,Old Testament
H1640,גָּרַף,garaph (gaw-raf') v.,,,Hebrew,Old Testament
H1641,גָּרַר,garar (gaw-rar') v.,,,Hebrew,Old Testament
H1642,גְּרָר,Grar (gher-awr') n/l.,,,Hebrew,Old Testament
H1643,גֶּרֶשׂ,a kernel (collectively),,,Hebrew,Old Testament
H1644,גָּרַשׁ,garash (gaw-rash') v.,,,Hebrew,Old Testament
H1645,גֶּרֶשׁ,produce (as if expelled),,,Hebrew,Old Testament
H1646,גְּרוּשָׁה,(abstractly) dispossession,,,Hebrew,Old Testament
H1647,גֵּרְשׁוֹם,Gershom (gay-resh-ome') n/p.,,,Hebrew,Old Testament
H1648,גֵּרְשׁוֹן גֵּרְשׁוֹם,Gershown (gay-resh-one') (or Gershowm gay-resh-ome') n/p.,,,Hebrew,Old Testament
H1649,גֵּרְשׁוּנִּי,Gershunniy (gay-resh-oon-nee') adj.,,,Hebrew,Old Testament
H1650,גְּשׁוּר,Gshuwr (ghesh-oor') n/p.,,,Hebrew,Old Testament
H1651,גְּשׁוּרִי,Gshuwriy (ghe-shoo-ree') adj.,,,Hebrew,Old Testament
H1652,גָּשַׁם,gasham (gaw-sham') v.,,,Hebrew,Old Testament
H1653,גֶּשֶׁם,a shower,,,Hebrew,Old Testament
H1654,גֶּשֶׁם גַּשׁמוּ,Geshem (gheh'-shem) (or (prolonged) Gashmuw gash-moo') n/p.,,,Hebrew,Old Testament
H1655,גֶּשֶׁם,the body,,,Hebrew,Old Testament
H1656,גּוֹשֶׁם,equivalent to H1653,,,Hebrew,Old Testament
H1657,גּוֹשֶׁן,Goshen (go'-shen) n/l.,,,Hebrew,Old Testament
H1658,גִּשׁפָּא,Gishpa' (ghish-paw') n/p.,,,Hebrew,Old Testament
H1659,גָּשַׁשׁ,gashash (gaw-shash') v.,,,Hebrew,Old Testament
H1660,גַּת,a wine-press (or vat for holding the grapes in pressing them),,,Hebrew,Old Testament
H1661,גַּת,Gath (gath) n/l.,,,Hebrew,Old Testament
H1662,גַּת ־ הַחֵפֶר גִּתּתָּה ־ חֵפֶר,Gath-ha-Chepher (gath-hah-khay'-fer) (or (abridged) Gittah-Chepher ghit-taw-khay'-fer) n/l.,,,Hebrew,Old Testament
H1663,גִּתּתִּי,Gittiy (ghit-tee') adj.,,,Hebrew,Old Testament
H1664,גִּתּתַּיִם,Gittayim (ghit-tah'-yim) n/l.,,,Hebrew,Old Testament
H1665,גִּתּתִּיתּ,a Gittite harp,,,Hebrew,Old Testament
H1666,גֶּתֶר,Gether (gheh'-ther) n/p.,,,Hebrew,Old Testament
H1667,גַּת ־ רִמּוֹן,Gath-Rimmown (gath-rim-mone') n/l.,,,Hebrew,Old Testament
H1668,דָּא,da' (daw) p/d.,,,Hebrew,Old Testament
H1669,דָּאַב,da'ab (daw-ab') v.,,,Hebrew,Old Testament
H1670,דְּאָבָה,(properly) pining,,,Hebrew,Old Testament
H1671,דְּאָבוֹן,pining,,,Hebrew,Old Testament
H1672,דָּאַג,da'ag (daw-ag') v.,,,Hebrew,Old Testament
H1673,דּוֹאֵג דּוֹאֵג,Do'eg (do-ayg') (or (fully) Dowoeg do-ayg') n/p.,,,Hebrew,Old Testament
H1674,דְּאָגָה,anxiety,,,Hebrew,Old Testament
H1675,דָּאָה,da'ah (daw-aw') v.,,,Hebrew,Old Testament
H1676,דָּאָה,the kite (from its rapid flight),,,Hebrew,Old Testament
H1677,דּוֹב דּוֹב,dob (dobe) (or (fully) dowb dobe) n-e.,,,Hebrew,Old Testament
H1678,דּוֹב,bear,,,Hebrew,Old Testament
H1679,דּוֹבֶא,quiet,,,Hebrew,Old Testament
H1680,דָּבַב,dabab (daw-bab') v.,,,Hebrew,Old Testament
H1681,דִּבָּה,slander,,,Hebrew,Old Testament
H1682,דְּבוֹרָה דֶּבוֹרָה,the bee (from its systematic instincts),,,Hebrew,Old Testament
H1683,דְּבוֹרָה דֶּבוֹרָה,Dbowrah (deb-o-raw') (or (shortened) Dborah deb-o-raw') n/p.,,,Hebrew,Old Testament
H1684,דְּבַח,dbach (deb-akh') v.,,,Hebrew,Old Testament
H1685,דְּבַח,a sacrifice,,,Hebrew,Old Testament
H1686,דִּביוֹן חֶריוֹן,probably some cheap vegetable,,,Hebrew,Old Testament
H1687,דְּבִיר דֶּבִר,the shrine or innermost part of the sanctuary,,,Hebrew,Old Testament
H1688,דְּבִיר דְּבִר,Dbiyr (deb-eer') (or (shortened) Dbir (Josh. 13) n/l.,,,Hebrew,Old Testament
H1689,דִּבלָה,Diblah (dib-law') n/l.,,,Hebrew,Old Testament
H1690,דְּבֵלָה,a cake of pressed figs,,,Hebrew,Old Testament
H1691,דִּבלַיִם,Diblayim (dib-lah'-yim) n/p.,,,Hebrew,Old Testament
H1692,דָּבַק,dabaq (daw-bak') v.,,,Hebrew,Old Testament
H1693,דְּבַק,dbaq (deb-ak') v.,,,Hebrew,Old Testament
H1694,דֶּבֶק,a joint,,,Hebrew,Old Testament
H1695,דָּבֵק,dabeq (daw-bake') adj.,,,Hebrew,Old Testament
H1696,דָּבַר,dabar (daw-bar') v.,దాబర్,మాట్లాడు,Hebrew,Old Testament
H1697,דָּבָר,a word,దాబార్,మాట,Hebrew,Old Testament
H1698,דֶּבֶר,a pestilence,,,Hebrew,Old Testament
H1699,דּוֹבֶר דִּבֵּר,a pasture (from its arrangement of the flock),,,Hebrew,Old Testament
H1700,דִּברָה,a reason,,,Hebrew,Old Testament
H1701,דִּברָה,intent,,,Hebrew,Old Testament
H1702,דּוֹבְרָה,a raft,,,Hebrew,Old Testament
H1703,דַּבָּרָה,a word,,,Hebrew,Old Testament
H1704,דִּברִי,Dibriy (dib-ree') n/p.,,,Hebrew,Old Testament
H1705,דָּבְרַת,Dabrath (daw-ber-ath') n/l.,,,Hebrew,Old Testament
H1706,דְּבַשׁ,honey (from its stickiness),,,Hebrew,Old Testament
H1707,דַּבֶּשֶׁת,a sticky mass,,,Hebrew,Old Testament
H1708,דַּבֶּשֶׁת,Dabbesheth (dab-beh'-sheth) n/l.,,,Hebrew,Old Testament
H1709,דָּג דָּאגּ,a fish (as prolific),,,Hebrew,Old Testament
H1710,דָּגָה,fish,,,Hebrew,Old Testament
H1711,דָּגָה,dagah (daw-gaw') v.,,,Hebrew,Old Testament
H1712,דָּגוֹן,Dagown (daw-gohn') n/p.,,,Hebrew,Old Testament
H1713,דָּגַל,dagal (daw-gal') v.,,,Hebrew,Old Testament
H1714,דֶּגֶל,a flag,,,Hebrew,Old Testament
H1715,דָּגָן,(properly) increase,,,Hebrew,Old Testament
H1716,דָּגַר,dagar (daw-gar') v.,,,Hebrew,Old Testament
H1717,דַּד,the breast (as the seat of love,,,Hebrew,Old Testament
H1718,דָּדָה,dadah (daw-daw') v.,,,Hebrew,Old Testament
H1719,דְּדָן דֶּדָנֶה,Ddan (ded-awn') (or (prolonged) Ddaneh (Ezek. 25) n/l.,,,Hebrew,Old Testament
H1720,דְּדָנִים,Ddaniym (ded-aw-neem') adj.,,,Hebrew,Old Testament
H1721,דּוֹדָנִים רוֹדָנִים,Dodaniym (do-daw-neem') (or (by orthographical error) Rodaniym (1 Chron. 1) n/p.,,,Hebrew,Old Testament
H1722,דְּהַב,gold,,,Hebrew,Old Testament
H1723,דַּהֲוָא,Dahava` (dah-hav-aw') n/g.,,,Hebrew,Old Testament
H1724,דָּהַם,daham (daw-ham') v.,,,Hebrew,Old Testament
H1725,דָּהַר,dahar (daw-har') v.,,,Hebrew,Old Testament
H1726,דַּהֲהַר,a gallop,,,Hebrew,Old Testament
H1727,דּוּב,duwb (doob) v.,,,Hebrew,Old Testament
H1728,דַּוָּג,a fisherman,,,Hebrew,Old Testament
H1729,דּוּגָה,(properly) fishery,,,Hebrew,Old Testament
H1730,דּוֹד דּוֹד,(figuratively) to love,,,Hebrew,Old Testament
H1731,דּוּד,a pot (for boiling),,,Hebrew,Old Testament
H1732,דָּוִד דָּוִידּ,David (daw-veed') (rarely (fully) Daviyd daw-veed',,,Hebrew,Old Testament
H1733,דּוֹדָה,an aunt,,,Hebrew,Old Testament
H1734,דּוֹדוֹ,Dowdow (do-do') n/p.,,,Hebrew,Old Testament
H1735,דּוֹדָוָהוּ,Dowdavahuw (do-daw-vaw'-hoo) n/p.,,,Hebrew,Old Testament
H1736,דּוּדַי,a boiler or basket,,,Hebrew,Old Testament
H1737,דּוֹדַי,Dowday (do-dah'ee) n/p.,,,Hebrew,Old Testament
H1738,דָּוָה,davah (daw-vaw') v.,,,Hebrew,Old Testament
H1739,דָּוֶה,daveh (daw-veh') adj.,,,Hebrew,Old Testament
H1740,דּוַּח,duwach (doo'-akh) v.,,,Hebrew,Old Testament
H1741,דְּוַי,sickness,,,Hebrew,Old Testament
H1742,דַּוָּי,davvay (dav-voy') adj.,,,Hebrew,Old Testament
H1743,דּוּך,duwk (dook) v.,,,Hebrew,Old Testament
H1744,דּוּכִיפַת,the hoopoe or else the grouse,,,Hebrew,Old Testament
H1745,דּוּמָה,silence,,,Hebrew,Old Testament
H1746,דּוּמָה,Duwmah (doo-maw') n/l.,,,Hebrew,Old Testament
H1747,דּוּמִיָה,stillness,,,Hebrew,Old Testament
H1748,דּוּמָם,duwmam (doo-mawm') adv.,,,Hebrew,Old Testament
H1749,דּוֹנַג,wax,,,Hebrew,Old Testament
H1750,דּוּץ,duwts (doots) v.,,,Hebrew,Old Testament
H1751,דּוּק,duwq (dook) v.,,,Hebrew,Old Testament
H1752,דּוּר,duwr (dure) v.,,,Hebrew,Old Testament
H1753,דּוּר,duwr (dure) v.,,,Hebrew,Old Testament
H1754,דּוּר,a circle,,,Hebrew,Old Testament
H1755,דּוֹר דּוֹר,(properly) a revolution of time,దోర్,తరం,Hebrew,Old Testament
H1756,דּוֹר דּוֹאר,Dowr (dore) (or (by permutation) Dorr (Josh. 17) n/l.,,,Hebrew,Old Testament
H1757,דּוּרָא,Duwra' (doo-raw') n/l.,,,Hebrew,Old Testament
H1758,דּוּשׁ דּוֹשׁ דִּישׁ,duwsh (doosh) (or dowsh dosh or diysh deesh,,,Hebrew,Old Testament
H1759,דּוּשׁ,duwsh (doosh) v.,,,Hebrew,Old Testament
H1760,דָּחָה דָּחַח,dachah (daw-khaw') (or dachach Jer. 23) v.,,,Hebrew,Old Testament
H1761,דַּחֲוָה,probably a musical instrument (as being struck),,,Hebrew,Old Testament
H1762,דְּחִי,a push,,,Hebrew,Old Testament
H1763,דְּחַל,dchal (deh-khal') v.,,,Hebrew,Old Testament
H1764,דּוֹחַן,millet,,,Hebrew,Old Testament
H1765,דָּחַף,dachaph (daw-khaf') v.,,,Hebrew,Old Testament
H1766,דָּחַק,dachaq (daw-khak') v.,,,Hebrew,Old Testament
H1767,דַּי,day (dahee) prep.,,,Hebrew,Old Testament
H1768,דִּי,diy (dee) conj.,,,Hebrew,Old Testament
H1769,דִּיבּוֹן דִּיבּוֹן,Diybown (dee-bome') (or (shortened) Diybon dee-bone') n/l.,,,Hebrew,Old Testament
H1770,דִּיגּ,diyg (deeg) v.,,,Hebrew,Old Testament
H1771,דַּיָג,a fisherman,,,Hebrew,Old Testament
H1772,דַּיָה,a falcon (from its rapid flight),,,Hebrew,Old Testament
H1773,דְּיוֹ,ink,,,Hebrew,Old Testament
H1774,דִּי זָהָב,Diy zahab (dee zaw-hawb') n/l.,,,Hebrew,Old Testament
H1775,דִּימוֹן,Diymown (dee-mone') n/l.,,,Hebrew,Old Testament
H1776,דִּימוֹנָה,Diymownah (dee-mo-naw') n/l.,,,Hebrew,Old Testament
H1777,דִּין דּוּן,diyn (deen) (or (Gen. 6) v.,,,Hebrew,Old Testament
H1778,דִּין,diyn (deen) v.,,,Hebrew,Old Testament
H1779,דִּין דּוּן,judgement (the suit,,,Hebrew,Old Testament
H1780,דִּין,judgement,,,Hebrew,Old Testament
H1781,דַּיָן,a judge or advocate,,,Hebrew,Old Testament
H1782,דַּיָן,judge,,,Hebrew,Old Testament
H1783,דִּינָה,Diynah (dee-naw') n/p.,,,Hebrew,Old Testament
H1784,דִּינַי,Diynay (dee-nah'-ee) n/p.,,,Hebrew,Old Testament
H1785,דָּיֵק,a battering-tower,,,Hebrew,Old Testament
H1786,דַּיִשׁ,threshing-time,,,Hebrew,Old Testament
H1787,דִּישׁוֹן דִּישׁוֹן דִּשׁוֹן דִּשׁוֹן,Diyshown (dee-shone') (or Diyshon) n/p.,,,Hebrew,Old Testament
H1788,דִּישׁוֹן,the leaper,,,Hebrew,Old Testament
H1789,דִּישָׁן,Diyshan (dee-shawn') n/p.,,,Hebrew,Old Testament
H1790,דַּך,dak (dak) adj.,,,Hebrew,Old Testament
H1791,דֵּך דָּך,dek (dake) ((Aramaic) or dak (Aramaic) dawk) p/d.,,,Hebrew,Old Testament
H1792,דָּכָא,daka' (daw-kaw') v.,,,Hebrew,Old Testament
H1793,דַּכָּא,dakka' (dak-kaw') adj.,,,Hebrew,Old Testament
H1794,דָּכָה,dakah (daw-kaw') v.,,,Hebrew,Old Testament
H1795,דַּכָּה,mutilated,,,Hebrew,Old Testament
H1796,דֳּכִי,a dashing of surf,,,Hebrew,Old Testament
H1797,דִּכֵּן,dikken (dik-kane') p/d.,,,Hebrew,Old Testament
H1798,דְּכַר,(properly) a male,,,Hebrew,Old Testament
H1799,דִּכרוֹן דָּכרָן,a register,,,Hebrew,Old Testament
H1800,דַּל,dal (dal) adj.,,,Hebrew,Old Testament
H1801,דָּלַג,dalag (daw-lag') v.,,,Hebrew,Old Testament
H1802,דָּלָה,dalah (daw-law') v.,,,Hebrew,Old Testament
H1803,דַּלָּה,(properly) something dangling,,,Hebrew,Old Testament
H1804,דָּלַח,dalach (daw-lakh') v.,,,Hebrew,Old Testament
H1805,דְּלִי דֳּלִי,a pail or jar (for drawing water),,,Hebrew,Old Testament
H1806,דְּלָיָה דְּלָיָהוּ,Dlayah (del-aw-yaw') (or (prolonged) Dlayahhuw del-aw-yaw'-hoo) n/p.,,,Hebrew,Old Testament
H1807,דְּלִילָה,Dliylah (del-ee-law') n/p.,,,Hebrew,Old Testament
H1808,דָּלִיָה,something dangling,,,Hebrew,Old Testament
H1809,דָּלַל,dalal (daw-lal') v.,,,Hebrew,Old Testament
H1810,דִּלעָן,Dil`an (dil-awn') n/l.,,,Hebrew,Old Testament
H1811,דָּלַף,dalaph (daw-laf') v.,,,Hebrew,Old Testament
H1812,דֶּלֶף,a dripping,,,Hebrew,Old Testament
H1813,דַּלפוֹן,Dalphown (dal-fone') n/p.,,,Hebrew,Old Testament
H1814,דָּלַק,dalaq (daw-lak') v.,,,Hebrew,Old Testament
H1815,דְּלַק,dlaq (del-ak') v.,,,Hebrew,Old Testament
H1816,דַּלֶּקֶת,a burning fever,,,Hebrew,Old Testament
H1817,דֶּלֶת,something swinging,,,Hebrew,Old Testament
H1818,דָּם,blood (as that which when shed causes death) of man or an animal,దామ్,రక్తం,Hebrew,Old Testament
H1819,דָּמָה,damah (daw-maw') v.,,,Hebrew,Old Testament
H1820,דָּמָה,damah (daw-mam') v.,,,Hebrew,Old Testament
H1821,דְּמָה,dmah (dem-aw') v.,,,Hebrew,Old Testament
H1822,דּוּמָּה,desolation,,,Hebrew,Old Testament
H1823,דְּמוּת,resemblance,,,Hebrew,Old Testament
H1824,דְּמִי דֳּמִי,quiet,,,Hebrew,Old Testament
H1825,דִּמיוֹן,resemblance,,,Hebrew,Old Testament
H1826,דָּמַם,damam (daw-man') v.,,,Hebrew,Old Testament
H1827,דְּמָמָה,quiet,,,Hebrew,Old Testament
H1828,דּוֹמֶן,manure,,,Hebrew,Old Testament
H1829,דִּמנָה,Dimnah (dim-naw') n/l.,,,Hebrew,Old Testament
H1830,דָּמַע,dama` (daw-mah') v.,,,Hebrew,Old Testament
H1831,דֶּמַע,a tear,,,Hebrew,Old Testament
H1832,דִּמעָה,weeping,,,Hebrew,Old Testament
H1833,דְּמֶשֶׁק,damask (as a fabric of Damascus),,,Hebrew,Old Testament
H1834,דַּמֶּשֶׂק דּוּמֶשֶׂק דַּרמֶשֶׂק,Dammeseq (dam-meh'-sek) (or Duwmeseq doo-meh'-sek or Darmeseq dar-meh'-sek,,,Hebrew,Old Testament
H1835,דָּן,Dan (dawn) n/p.,,,Hebrew,Old Testament
H1836,דֵּן,den (dane) adv.,,,Hebrew,Old Testament
H1837,דַּנָּה,Dannah (dan-naw') n/l.,,,Hebrew,Old Testament
H1838,דִּנהָבָה,Dinhabah (din-haw-baw') n/l.,,,Hebrew,Old Testament
H1839,דָּנִי,Daniy (daw-nee') adj.,,,Hebrew,Old Testament
H1840,דָּנִיֵאל דָּנִאֵל,Daniye'l (daw-nee-yale') (in Ezekiel it is) n/p.,,,Hebrew,Old Testament
H1841,דָּנִיֵאל,Daniye'l (daw-nee-yale') n/p.,,,Hebrew,Old Testament
H1842,דָּן יַעַן,Dan Ya`an (dawn yah'-an) n/l.,,,Hebrew,Old Testament
H1843,דֵַּע,knowledge,,,Hebrew,Old Testament
H1844,דֵּעָה,knowledge,,,Hebrew,Old Testament
H1845,דְּעוּאֵל,D`uw'el (deh-oo-ale') n/p.,,,Hebrew,Old Testament
H1846,דָּעַך,da`ak (daw-ak') v.,,,Hebrew,Old Testament
H1847,דַּעַת,da`ath (dah'-ath) n-e.,,,Hebrew,Old Testament
H1848,דָּפִי,a stumbling-block,,,Hebrew,Old Testament
H1849,דָּפַק,daphaq (daw-fak') v.,,,Hebrew,Old Testament
H1850,דָּפקָה,Dophqah (dof-kaw') n/l.,,,Hebrew,Old Testament
H1851,דַּק,daq (dak) adj.,,,Hebrew,Old Testament
H1852,דּוֹק,something crumbling,,,Hebrew,Old Testament
H1853,דִּקלָה,Diqlah (dik-law') n/l.,,,Hebrew,Old Testament
H1854,דָּקַק,daqaq (daw-kak') v.,,,Hebrew,Old Testament
H1855,דְּקַק,dqaq (dek-ak') v.,,,Hebrew,Old Testament
H1856,דָּקַר,daqar (daw-kar') v.,,,Hebrew,Old Testament
H1857,דֶּקֶר,Deqer (deh'-ker) n/p.,,,Hebrew,Old Testament
H1858,דַּר,(properly) a pearl (from its sheen as rapidly turned),,,Hebrew,Old Testament
H1859,דָּר,an age,,,Hebrew,Old Testament
H1860,דְּרָאוֹן דֵּרָאוֹן,an object of aversion,,,Hebrew,Old Testament
H1861,דָּרבּוֹן,dorbown (dor-bone') (also dor-bawn') n-e.,,,Hebrew,Old Testament
H1862,דַּרדַּע,Darda` (dar-dah') n/p.,,,Hebrew,Old Testament
H1863,דַּרדַּר,a thorn,,,Hebrew,Old Testament
H1864,דָּרוֹם,the south,,,Hebrew,Old Testament
H1865,דְּרוֹר,freedom,,,Hebrew,Old Testament
H1866,דְּרוֹר,the swift,,,Hebrew,Old Testament
H1867,דָּרְיָוֵשׁ,Dar`yavesh (daw-reh-yaw-vaysh') n/p.,,,Hebrew,Old Testament
H1868,דָּרְיָוֵשׁ,Daryavesh (daw-reh-yaw-vaysh') n/p.,,,Hebrew,Old Testament
H1869,דָּרַך,darak (daw-rak') v.,,,Hebrew,Old Testament
H1870,דֶּרֶך,a road (as trodden),దెరెక్,మార్గం,Hebrew,Old Testament
H1871,דַּרכְּמוֹן,"a ""drachma",,,Hebrew,Old Testament
H1872,דְּרַע,an arm,,,Hebrew,Old Testament
H1873,דָּרַע,Dara` (daw-rah') n/p.,,,Hebrew,Old Testament
H1874,דַּרקוֹן,Darqown (dar-kone') n/p.,,,Hebrew,Old Testament
H1875,דָּרַשׁ,darash (daw-rash') v.,,,Hebrew,Old Testament
H1876,דָּשָׁא,dasha (daw-shaw') v.,,,Hebrew,Old Testament
H1877,דֶּשֶׁא,a sprout,,,Hebrew,Old Testament
H1878,דָּשֵׁן,dashen (daw-shane') v.,,,Hebrew,Old Testament
H1879,דָּשֵׁן,dashen (daw-shane') adj.,,,Hebrew,Old Testament
H1880,דֶּשֶׁן,the fat,,,Hebrew,Old Testament
H1881,דָּת,commandment,,,Hebrew,Old Testament
H1882,דָּת,commandment,,,Hebrew,Old Testament
H1883,דֶּתֶא,tender grass,,,Hebrew,Old Testament
H1884,דְּתָבָר,meaning one skilled in law,,,Hebrew,Old Testament
H1885,דָּתָן,Dathan (daw-thawn') n/p.,,,Hebrew,Old Testament
H1886,דּוֹתָן דּוֹתַיִן,Dothan (do'-thawn) (or (Aramaic dual) Dothayin (Gen. 37) n/l.,,,Hebrew,Old Testament
H1887,הֵא,he' (hay) inj.,,,Hebrew,Old Testament
H1888,הֵא הָא,he' (hay) ((Aramaic) or har (Aramaic) haw) prt-d.,,,Hebrew,Old Testament
H1889,הֶאָח,heach (heh-awkh') inj.,,,Hebrew,Old Testament
H1890,הַבהָב,gift (in sacrifice),,,Hebrew,Old Testament
H1891,הָבַל,habal (haw-bal') v.,,,Hebrew,Old Testament
H1892,הֶבֶל הֲבֵל,emptiness or vanity,,,Hebrew,Old Testament
H1893,הֶבֶל,Hebel (heh'-bel) n/p.,,,Hebrew,Old Testament
H1894,הוֹבֶן,ebony,,,Hebrew,Old Testament
H1895,הָבַר,habar (haw-bar') v.,,,Hebrew,Old Testament
H1896,הֵגֵא הֵגַי,Hege' (hay-gay') (or (by permutation) Hegay hay-gah'-ee) n/p.,,,Hebrew,Old Testament
H1897,הָגָה,hagah (daw-gaw') v.,,,Hebrew,Old Testament
H1898,הָגָה,hagah (haw-gaw') v.,,,Hebrew,Old Testament
H1899,הֶגֶה,a muttering (in sighing,,,Hebrew,Old Testament
H1900,הָגוּת,musing,,,Hebrew,Old Testament
H1901,הָגִיגּ,(properly) a murmur,,,Hebrew,Old Testament
H1902,הִגָּיוֹן,a murmuring sound,,,Hebrew,Old Testament
H1903,הָגִין,hagiyn (haw-gheen') adj.,,,Hebrew,Old Testament
H1904,הָגָר,Hagar (haw-gawr') n/p.,,,Hebrew,Old Testament
H1905,הַגרִי הַגרִיא,Hagriy (hag-ree') (or (prolonged) Hagris hag-ree') adj.,,,Hebrew,Old Testament
H1906,הֵד,a shout,,,Hebrew,Old Testament
H1907,הַדָּבָר,a vizier,,,Hebrew,Old Testament
H1908,הֲדַד,Hadad (had-ad') n/p.,,,Hebrew,Old Testament
H1909,הֲדַדעֶזֶר,Hadad`ezer (had-ad-eh'-zer) n/p.,,,Hebrew,Old Testament
H1910,הֲדַדרִמּוֹן,Hadadrimmown (had-ad-rim-mone') n/l.,,,Hebrew,Old Testament
H1911,הָדָה,hadah (haw-daw') v.,,,Hebrew,Old Testament
H1912,הוֹדוּ,Hoduw (ho'-doo) n/l.,,,Hebrew,Old Testament
H1913,הֲדוֹרָם הֲדוֹרָם,Hadowram (had-o-rawm') (or Hadoram had-o-rawm') n/p.,,,Hebrew,Old Testament
H1914,הִדַּי,Hidday (hid-dah'ee) n/p.,,,Hebrew,Old Testament
H1915,הָדַך,hadak (haw-dak') v.,,,Hebrew,Old Testament
H1916,הֲדוֹם,a foot stool,,,Hebrew,Old Testament
H1917,הַדָּם,something stamped to pieces,,,Hebrew,Old Testament
H1918,הֲדַס,the myrtle,,,Hebrew,Old Testament
H1919,הֲדַסָּה,Hadaccah (had-as-saw') n/p.,,,Hebrew,Old Testament
H1920,הָדַף,Hadaph (haw-daf') v.,,,Hebrew,Old Testament
H1921,הָדַר,hadar (haw-dar') v.,,,Hebrew,Old Testament
H1922,הֲדַר,hadar (had-ar') v.,,,Hebrew,Old Testament
H1923,הֲדַר,magnificence,,,Hebrew,Old Testament
H1924,הֲדַר,Hadar (had-ar') n/p.,,,Hebrew,Old Testament
H1925,הֶדֶר,honour,,,Hebrew,Old Testament
H1926,הָדָר,magnificence,,,Hebrew,Old Testament
H1927,הֲדָרָה,decoration,,,Hebrew,Old Testament
H1928,הֲדַרעֶזֶר,Hadar`ezer (had-ar-eh'-zer) n/p.,,,Hebrew,Old Testament
H1929,הָהּ,hahh (haw) inj.,,,Hebrew,Old Testament
H1930,הוֹ,how (ho) inj.,,,Hebrew,Old Testament
H1931,הוּא הִיא,huw' (hoo) (of which the feminine (beyond the Pentateuch) is hiyw he) p/d.,,,Hebrew,Old Testament
H1932,הוּא הִיא,huw (hoo) ((Aramaic) or (feminine) hiyo (Aramaic) he) p/p.,,,Hebrew,Old Testament
H1933,הָוָא הָוָה,hava' (haw-vaw') (or havah haw-vaw') v.,,,Hebrew,Old Testament
H1934,הָוָא הָוָה,hava' (hav-aw') ((Aramaic) orhavah (Aramaic) hav-aw') v.,,,Hebrew,Old Testament
H1935,הוֹד,grandeur (i.e. an imposing form and appearance),,,Hebrew,Old Testament
H1936,הוֹד,Howd (hode) n/p.,,,Hebrew,Old Testament
H1937,הוֹדְוָה,Howdvah (ho-dev-aw') n/p.,,,Hebrew,Old Testament
H1938,הוֹדַויָה,Howdavyah (ho-dav-yaw') n/p.,,,Hebrew,Old Testament
H1939,הוֹדַיְוָהוּ,Howdayvahuw (ho-dah-yeh-vaw'-hoo) n/p.,,,Hebrew,Old Testament
H1940,הוֹדִיָה,Howdiyah (ho-dee-yaw') n/p.,,,Hebrew,Old Testament
H1941,הוֹדִיָה,Howdiyah (ho-dee-yaw') n/p.,,,Hebrew,Old Testament
H1942,הַוָּה,desire,,,Hebrew,Old Testament
H1943,הוֹוָה,ruin,,,Hebrew,Old Testament
H1944,הוֹהָם,Howham (ho-hawm') n/p.,,,Hebrew,Old Testament
H1945,הוֹי,howy (hoh'ee) inj.,,,Hebrew,Old Testament
H1946,הוּך,huwk (hook) v.,,,Hebrew,Old Testament
H1947,הוֹלֵלָה,folly,,,Hebrew,Old Testament
H1948,הוֹלֵלוּת,folly,,,Hebrew,Old Testament
H1949,הוּם,huwm (hoom) v.,,,Hebrew,Old Testament
H1950,הוֹמָם,Howmam (ho-mawm') n/p.,,,Hebrew,Old Testament
H1951,הוּן,huwn (hoon) v.,,,Hebrew,Old Testament
H1952,הוֹן,hown (hone) inj.,,,Hebrew,Old Testament
H1953,הוֹשָׁמָע,Howshama` (ho-shaw-maw') n/p.,,,Hebrew,Old Testament
H1954,הוֹשֵַׁע,Howshea` (ho-shay'-ah) n/p.,,,Hebrew,Old Testament
H1955,הוֹשַׁעיָה,Howsha`yah (ho-shah-yaw') n/p.,,,Hebrew,Old Testament
H1956,הוֹתִיר,Howthiyr (ho-theer') n/p.,,,Hebrew,Old Testament
H1957,הָזָה,hazah (haw-zaw') v.,,,Hebrew,Old Testament
H1958,הִי,lamentation,,,Hebrew,Old Testament
H1959,הֵידָּד,acclamation,,,Hebrew,Old Testament
H1960,הוּיְדָה,(properly) an acclaim,,,Hebrew,Old Testament
H1961,הָיָה,hayah (haw-yaw) v.,,,Hebrew,Old Testament
H1962,הַיָה,ruin,,,Hebrew,Old Testament
H1963,הֵיכּ,heyk (hake) adv.,,,Hebrew,Old Testament
H1964,הֵיכָּל,a large public building,,,Hebrew,Old Testament
H1965,הֵיכַּל,palace,,,Hebrew,Old Testament
H1966,הֵילֵל,the morning-star,,,Hebrew,Old Testament
H1967,הֵימָם,Heymam (hay-mawm') n/p.,,,Hebrew,Old Testament
H1968,הֵימָן,Heyman (hay-mawn') n/p.,,,Hebrew,Old Testament
H1969,הִין,a hin or liquid measure,,,Hebrew,Old Testament
H1970,הָכַר,hakar (haw-kar') v.,,,Hebrew,Old Testament
H1971,הַכָּרָה,respect,,,Hebrew,Old Testament
H1972,הָלָא,hala' (haw-law') v.,,,Hebrew,Old Testament
H1973,הָלְאָה,halah (haw-leh-aw') adv.,,,Hebrew,Old Testament
H1974,הִלּוּל,a celebration of thanksgiving for harvest,,,Hebrew,Old Testament
H1975,הַלָּז,hallaz (hal-lawz') p/d.,,,Hebrew,Old Testament
H1976,הַלָּזֶה,hallazeh (hal-law-zeh') p/d.,,,Hebrew,Old Testament
H1977,הַלֵּזוּ,hallezuw (hal-lay-zoo') p/d.,,,Hebrew,Old Testament
H1978,הָלִיכּ,a walk,,,Hebrew,Old Testament
H1979,הֲלִיכָּה,a walking,,,Hebrew,Old Testament
H1980,הָלַך,halak (haw-lak') v.,హాలక్,నడుచు,Hebrew,Old Testament
H1981,הֲלַך,halak (hal-ak') v.,,,Hebrew,Old Testament
H1982,הֵלֶך,(properly) a journey,,,Hebrew,Old Testament
H1983,הֲלָך,(properly) a journey,,,Hebrew,Old Testament
H1984,הָלַל,halal (haw-lal') v.,హాలల్,స్తుతించు,Hebrew,Old Testament
H1985,הִלֵּל,Hillel (hil-layl') n/p.,,,Hebrew,Old Testament
H1986,הָלַם,halam (haw-lam') v.,,,Hebrew,Old Testament
H1987,הֶלֶם,Helem (hay'-lem) n/p.,,,Hebrew,Old Testament
H1988,הֲלוֹם,halom (hal-ome') adv.,,,Hebrew,Old Testament
H1989,הַלמוּת,a hammer (or mallet),,,Hebrew,Old Testament
H1990,הָם,Ham (hawm) n/l.,,,Hebrew,Old Testament
H1991,הֵם,abundance,,,Hebrew,Old Testament
H1992,הֵם הֵמָּה,hem (haym) (or (prolonged) hemmah haym'-maw) p/p.,,,Hebrew,Old Testament
H1993,הָמָה,hamah (haw-maw') v.,,,Hebrew,Old Testament
H1994,הִמּוֹ הִמּוֹן,himmow (him-mo') ((Aramaic) or (prolonged) himmown (Aramaic) him- mone') p/p.,,,Hebrew,Old Testament
H1995,הָמוֹן הָמוֹן,a noise,,,Hebrew,Old Testament
H1996,הֲמוֹן גּוֹג,Hamown Gowg (ham-one' gohg) n/l.,,,Hebrew,Old Testament
H1997,הֲמוֹנָה,Hamownah (ham-o-naw') n/l.,,,Hebrew,Old Testament
H1998,הֶמיָה,sound,,,Hebrew,Old Testament
H1999,הֲמוּלָה הֲמוּלָּה,a sound,,,Hebrew,Old Testament
H2000,הָמַם,hamam (haw-mam') v.,,,Hebrew,Old Testament
H2001,הָמָן,Haman (haw-mawn') n/p.,,,Hebrew,Old Testament
H2002,הַמנִיכּ הֲמוּנֵך,a necklace,,,Hebrew,Old Testament
H2003,הָמָס,a dry twig or brushwood,,,Hebrew,Old Testament
H2004,הֵן,hen (hane) p/p.,,,Hebrew,Old Testament
H2005,הֵן,hen (hane) prt.,,,Hebrew,Old Testament
H2006,הֵן,hen (hane) inj.,,,Hebrew,Old Testament
H2007,הֵנָּה,hennah (hane'-naw) p/p.,,,Hebrew,Old Testament
H2008,הֵנָּה,hennah (hane'-naw) adv.,,,Hebrew,Old Testament
H2009,הִנֵּה,hinneh (hin-nay') prt-d.,,,Hebrew,Old Testament
H2010,הֲנָחָה,permission of rest,,,Hebrew,Old Testament
H2011,הִנּוֹם,Hinnom (hin-nome') n/l.,,,Hebrew,Old Testament
H2012,הֵנַע,Hena,,,Hebrew,Old Testament
H2013,הָסָה,hacah (haw-saw') inj.,,,Hebrew,Old Testament
H2014,הֲפוּגָה,relaxation,,,Hebrew,Old Testament
H2015,הָפַך,haphak (haw-fak') v.,హాఫక్,తిరుగు,Hebrew,Old Testament
H2016,הֶפֶך הֵפֶך,a turn,,,Hebrew,Old Testament
H2017,הוֹפֶך,an upset,,,Hebrew,Old Testament
H2018,הֲפֵכָה,destruction,,,Hebrew,Old Testament
H2019,הֲפַכפַּך,haphakpak (haf-ak-pak') adj.,,,Hebrew,Old Testament
H2020,הַצָּלָה,rescue,,,Hebrew,Old Testament
H2021,הוֹצֶן,a weapon of war,,,Hebrew,Old Testament
H2022,הַר,a mountain or range of hills (sometimes used figuratively),హర్,పర్వతం,Hebrew,Old Testament
H2023,הוֹר,Hor (hore) n/l.,,,Hebrew,Old Testament
H2024,הָרָא,Hara' (haw-raw') n/l.,,,Hebrew,Old Testament
H2025,הַראֵל,mount of God,,,Hebrew,Old Testament
H2026,הָרַג,harag (haw-rag') v.,,,Hebrew,Old Testament
H2027,הֶרֶג,slaughter,,,Hebrew,Old Testament
H2028,הֲרֵגָה,slaughter,,,Hebrew,Old Testament
H2029,הָרָה,harah (haw-raw') v.,,,Hebrew,Old Testament
H2030,הָרֶה הָרִי,pregnant,,,Hebrew,Old Testament
H2031,הַרהוֹר,a mental conception,,,Hebrew,Old Testament
H2032,הֵרוֹן הֵרָיוֹן,pregnancy,,,Hebrew,Old Testament
H2033,הֲרוֹרִי,Harowriy (har-o-ree') n/l.,,,Hebrew,Old Testament
H2034,הֲרִיסָה,something demolished,,,Hebrew,Old Testament
H2035,הֲרִיסוּת,demolition,,,Hebrew,Old Testament
H2036,הוֹרָם,Horam (ho-rawm') n/p.,,,Hebrew,Old Testament
H2037,הָרוּם,Harum (haw-room') n/p.,,,Hebrew,Old Testament
H2038,הַרמוֹן,harmown (har-mone') n/l.,,,Hebrew,Old Testament
H2039,הָרָן,Haran (haw-rawn') n/l.,,,Hebrew,Old Testament
H2040,הָרַס,harac (haw-ras') v.,,,Hebrew,Old Testament
H2041,הֶרֶס,demolition,,,Hebrew,Old Testament
H2042,הָרָר,a mountain,,,Hebrew,Old Testament
H2043,הֲרָרִי הָרָרִי הָארָרִי,Harariy (hah-raw-ree') (or Harariy (2 Sam. 23) adj.,,,Hebrew,Old Testament
H2044,הָשֵׁם,Hashem (haw-shame') n/p.,,,Hebrew,Old Testament
H2045,הַשׁמָעוּת,announcement,,,Hebrew,Old Testament
H2046,הִתּתּוּך,a melting,,,Hebrew,Old Testament
H2047,הֲתָך,Hathak (hath-awk') n/p.,,,Hebrew,Old Testament
H2048,הָתַל,hathal (haw-thal') v.,,,Hebrew,Old Testament
H2049,הָתוֹל,a derision,,,Hebrew,Old Testament
H2050,הָתַת,hathath' (haw-thath') v.,,,Hebrew,Old Testament
H2051,וְדָן,Vdan (ved-awn') n/l.,,,Hebrew,Old Testament
H2052,וָהֵב,Vaheb (vaw-habe') n/l.,,,Hebrew,Old Testament
H2053,וָו,hook,,,Hebrew,Old Testament
H2054,וָזָר,vazar (vaw-zawr') adj.,,,Hebrew,Old Testament
H2055,וַיְזָתָא,Vayzatha' (vah-yez-aw'-thaw) n/p.,,,Hebrew,Old Testament
H2056,וָלָד,a boy,,,Hebrew,Old Testament
H2057,וַניָה,Vanyah (van-yaw') n/p.,,,Hebrew,Old Testament
H2058,וָפסִי,Vophciy (vof-see') n/p.,,,Hebrew,Old Testament
H2059,וַשׁנִי,Vashniy (vash-nee') n/p.,,,Hebrew,Old Testament
H2060,וַשׁתִּי,Vashtiy (vash-tee') n/p.,,,Hebrew,Old Testament
H2061,זְאֵב,a wolf,,,Hebrew,Old Testament
H2062,זְאֵב,Ze'eb (zeh-abe') n/p.,,,Hebrew,Old Testament
H2063,זוֹאתּ,zo'th (zothe') p/d.,,,Hebrew,Old Testament
H2064,זָבַד,zabad (zaw-bad') v.,,,Hebrew,Old Testament
H2065,זֶבֶד,a gift,,,Hebrew,Old Testament
H2066,זָבָד,Zabad (zaw-bawd') n/p.,,,Hebrew,Old Testament
H2067,זַבדִּי,Zabdiy (zab-dee') n/p.,,,Hebrew,Old Testament
H2068,זַבדִּיאֵל,Zabdiy'el (zab-dee-ale') n/p.,,,Hebrew,Old Testament
H2069,זְבַדיָה זֶבַדיָהוּ,Zbadyah (zeb-ad-yaw') (or Zbadyahuw zeb-ad-yaw'-hoo) n/p.,,,Hebrew,Old Testament
H2070,זְבוּב,a fly (especially one of a stinging nature),,,Hebrew,Old Testament
H2071,זָבוּד,Zabuwd (zaw-bood') n/p.,,,Hebrew,Old Testament
H2072,זַבּוּד,Zabbuwd (zab-bood') n/p.,,,Hebrew,Old Testament
H2073,זְבוּל זֶבוּל,a residence,,,Hebrew,Old Testament
H2074,זְבוּלוּן זֶבוּלוּן זֶבוּלוּן,Zbuwluwn (zeb-oo-loon') (or Zbuluwn zeb-oo-loon'or Zbuwlun zeb-oo-loon',,,Hebrew,Old Testament
H2075,זְבוּלוֹנִי,Zbuwloniy (zeb-oo-lo-nee') adj.,,,Hebrew,Old Testament
H2076,זָבַח,zabach (zaw-bakh') v.,,,Hebrew,Old Testament
H2077,זֶבַח,(properly) a slaughter,,,Hebrew,Old Testament
H2078,זֶבַח,Zebach (zeh'-bakh) n/p.,,,Hebrew,Old Testament
H2079,זַבַּי,Zabbay (zab-bah'-ee) n/p.,,,Hebrew,Old Testament
H2080,זְבִידָּה,Zbiydah (zeb-ee-daw') n/p.,,,Hebrew,Old Testament
H2081,זְבִינָא,Zbiyna' (zeb-ee-naw') n/p.,,,Hebrew,Old Testament
H2082,זָבַל,zabal (zaw-bal') v.,,,Hebrew,Old Testament
H2083,זְבוּל,Zbul (zeb-ool') n/p.,,,Hebrew,Old Testament
H2084,זְבַן,zban (zeb-an') v.,,,Hebrew,Old Testament
H2085,זָג,the skin of a grape,,,Hebrew,Old Testament
H2086,זֵד,arrogant,,,Hebrew,Old Testament
H2087,זָדוֹן,arrogance,,,Hebrew,Old Testament
H2088,זֶה,zeh (zeh) p/d.,జె,ఇది,Hebrew,Old Testament
H2089,זֶה,a sheep,,,Hebrew,Old Testament
H2090,זוֹה,zoh (zo) p/d.,,,Hebrew,Old Testament
H2091,זָהָב,gold,జాహబ్,బంగారం,Hebrew,Old Testament
H2092,זָהַם,zaham (zaw-ham') v.,,,Hebrew,Old Testament
H2093,זַהַם,Zaham (zah'-ham) n/p.,,,Hebrew,Old Testament
H2094,זָהַר,zahar (zaw-har') v.,,,Hebrew,Old Testament
H2095,זְהַר,zhar (zeh-har') v.,,,Hebrew,Old Testament
H2096,זוֹהַר,brilliancy,,,Hebrew,Old Testament
H2097,זוֹ,zow (zo) p/d.,,,Hebrew,Old Testament
H2098,זוּ,zuw (zoo) p/d.,,,Hebrew,Old Testament
H2099,זִו,Ziv (zeev') n/p.,,,Hebrew,Old Testament
H2100,זוּב,zuwb (zoob) v.,,,Hebrew,Old Testament
H2101,זוֹב,a seminal or menstrual flux,,,Hebrew,Old Testament
H2102,זוּד זִידּ,zuwd (zood) (or (by permutation) ziyd zeed) v.,,,Hebrew,Old Testament
H2103,זוּד,zuwd (zood) v.,,,Hebrew,Old Testament
H2104,זוּזִים,prominent,,,Hebrew,Old Testament
H2105,זוֹחֵת,Zowcheth (zo-khayth') n/p.,,,Hebrew,Old Testament
H2106,זָוִיתּ,an angle (as projecting),,,Hebrew,Old Testament
H2107,זוּל,zuwl (zool) v.,,,Hebrew,Old Testament
H2108,זוּלָה,zuwlah (zoo-law') adj.,,,Hebrew,Old Testament
H2109,זוּן,zuwn (zoon) v.,,,Hebrew,Old Testament
H2110,זוּן,zuwn (zoon) v.,,,Hebrew,Old Testament
H2111,זוַּע,zuwa` (zoo'-ah) v.,,,Hebrew,Old Testament
H2112,זוַּע,zuwa` (zoo'-ah) v.,,,Hebrew,Old Testament
H2113,זְוָעָה,agitation,,,Hebrew,Old Testament
H2114,זוּר,zuwr (zoor) v.,,,Hebrew,Old Testament
H2115,זוּר,zuwr (zoor) v.,,,Hebrew,Old Testament
H2116,זוּרֶה,trodden on,,,Hebrew,Old Testament
H2117,זָזָא,zaza' (zaw-zaw') n/p.,,,Hebrew,Old Testament
H2118,זָחַח,zachach (zaw-khakh') v.,,,Hebrew,Old Testament
H2119,זָחַל,zachal (zaw-khal') v.,,,Hebrew,Old Testament
H2120,זוֹחֶלֶת,Zocheleth (zo-kheh'-leth) n/p.,,,Hebrew,Old Testament
H2121,זֵידּוֹן,zeydown (zay-dohn') adj.,,,Hebrew,Old Testament
H2122,זִיו,(figuratively) cheerfulness,,,Hebrew,Old Testament
H2123,זִיז,fulness of the breast,,,Hebrew,Old Testament
H2124,זִיזָא,Ziyza' (zee-zaw') n/p.,,,Hebrew,Old Testament
H2125,זִיזָה,Ziyzah (zee-zaw') n/p.,,,Hebrew,Old Testament
H2126,זִינָא,Ziyna' (zee-naw') n/p.,,,Hebrew,Old Testament
H2127,זִיַע,Ziya` (zee'-ah) n/p.,,,Hebrew,Old Testament
H2128,זִיף,Ziyph (zeef) n/l.,,,Hebrew,Old Testament
H2129,זִיפָה,Ziyphah (zee-faw') n/p.,,,Hebrew,Old Testament
H2130,זִיפִי,a Ziphite or inhabitant of Ziph,,,Hebrew,Old Testament
H2131,זִיקָה זִק זֵק,(properly) what leaps forth,,,Hebrew,Old Testament
H2132,זַיִת,an olive (as yielding illuminating oil),,,Hebrew,Old Testament
H2133,זֵיתָּן,Zeythan (zay-thawn') n/p.,,,Hebrew,Old Testament
H2134,זַך,zak (zak) adj.,,,Hebrew,Old Testament
H2135,זָכָה,zakah (zaw-kaw') v.,,,Hebrew,Old Testament
H2136,זָכוּ,purity,,,Hebrew,Old Testament
H2137,זְכוּכִיתּ,(properly) transparency,,,Hebrew,Old Testament
H2138,זָכוּר,a male (of man or animals),,,Hebrew,Old Testament
H2139,זַכּוּר,Zakkuwr (zaw-koor') n/p.,,,Hebrew,Old Testament
H2140,זַכַּי,Zakkay (zak-kah'-ee) n/p.,,,Hebrew,Old Testament
H2141,זָכַך,zakak (zaw-kak') v.,,,Hebrew,Old Testament
H2142,זָכַר,zakar (zaw-kar') v.,జాఖర్,జ్ఞాపకం చేసికొను,Hebrew,Old Testament
H2143,זֵכֶר זֶכֶר,a memento,,,Hebrew,Old Testament
H2144,זֶכֶר,Zeker (zeh'-ker) n/p.,,,Hebrew,Old Testament
H2145,זָכָר,zakar (zaw-kawr') adj.,,,Hebrew,Old Testament
H2146,זִכרוֹן,a memento (or memorable thing,,,Hebrew,Old Testament
H2147,זִכרִי,Zikriy (zik-ree') n/p.,,,Hebrew,Old Testament
H2148,זְכַריָה זְכַריָהוּ,Zkaryah (zek-ar-yaw') (or Zkaryahuw zek-ar-yaw'-hoo) n/p.,,,Hebrew,Old Testament
H2149,זוּלּוּת,(properly) a shaking,,,Hebrew,Old Testament
H2150,זַלזַל,tremulous,,,Hebrew,Old Testament
H2151,זָלַל,zalal (zaw-lal') v.,,,Hebrew,Old Testament
H2152,זַלעָפָה זִלעָפָה,a glow (of wind or anger),,,Hebrew,Old Testament
H2153,זִלפָּה,Zilpah (zil-paw) n/p.,,,Hebrew,Old Testament
H2154,זִמָּה זַמָּה,zimmah (zim-maw') (or zammah zam-maw') v.,,,Hebrew,Old Testament
H2155,זִמָּה,Zimmah (zim-maw') n/p.,,,Hebrew,Old Testament
H2156,זְמוֹרָה זְמוֹרָה זְמוֹר,zmowrah (zem-o-raw') (or zmorah zem-o-raw' (feminine) and zmor zem-ore' (masculine),,,Hebrew,Old Testament
H2157,זַמזוֹם,Zamzom (zam-zome') n/p.,,,Hebrew,Old Testament
H2158,זָמִיר זָמִר זְמִרָה,a song to be accompanied with instrumental music,,,Hebrew,Old Testament
H2159,זָמִיר,a twig (as pruned),,,Hebrew,Old Testament
H2160,זְמִירָה,Zmiyrah (zem-ee-raw') n/p.,,,Hebrew,Old Testament
H2161,זָמַם,zamam (zaw-mam') v.,,,Hebrew,Old Testament
H2162,זָמָם,a plot,,,Hebrew,Old Testament
H2163,זָמַן,zaman (zaw-man') v.,,,Hebrew,Old Testament
H2164,זְמַן,zman (zem-an') v.,,,Hebrew,Old Testament
H2165,זְמָן,an appointed occasion,,,Hebrew,Old Testament
H2166,זְמָן,the same as H2165,,,Hebrew,Old Testament
H2167,זָמַר,zamar (zaw-mar') v.,జామర్,పాడు,Hebrew,Old Testament
H2168,זָמַר,zamar (zaw-mar') v.,,,Hebrew,Old Testament
H2169,זֶמֶר,a gazelle (from its lightly touching the ground),,,Hebrew,Old Testament
H2170,זְמָר,instrumental music,,,Hebrew,Old Testament
H2171,זַמָּר,an instrumental musician,,,Hebrew,Old Testament
H2172,זִמרָה,a musical piece or song to be accompanied by an instrument,,,Hebrew,Old Testament
H2173,זִמרָה,pruned (i.e. choice) fruit,,,Hebrew,Old Testament
H2174,זִמרִי,Zimriy (zim-ree') n/p.,,,Hebrew,Old Testament
H2175,זִמרָן,Zimran (zim-rawn') n/p.,,,Hebrew,Old Testament
H2176,זִמרָת,instrumental music,,,Hebrew,Old Testament
H2177,זַן,(properly) nourished (or fully developed),,,Hebrew,Old Testament
H2178,זַן,sort,,,Hebrew,Old Testament
H2179,זָנַב,zanab (zaw-nab') v.,,,Hebrew,Old Testament
H2180,זָנָב,the tail (literally or figuratively),,,Hebrew,Old Testament
H2181,זָנָה,zanah (zaw-naw') v.,,,Hebrew,Old Testament
H2182,זָנוַֹח,Zanowach (zaw-no'-akh) n/l.,,,Hebrew,Old Testament
H2183,זָנוּן,adultery,,,Hebrew,Old Testament
H2184,זְנוּת,adultery,,,Hebrew,Old Testament
H2185,זוֹנוֹת,harlots,,,Hebrew,Old Testament
H2186,זָנַח,zanach (zaw-nakh') v.,,,Hebrew,Old Testament
H2187,זָנַק,zanaq (zaw-nak') v.,,,Hebrew,Old Testament
H2188,זֵעָה,perspiration,,,Hebrew,Old Testament
H2189,זַעֲוָה,agitation,,,Hebrew,Old Testament
H2190,זַעֲוָן,Za`avan (zah-av-awn') n/p.,,,Hebrew,Old Testament
H2191,זְעֵיר,small,,,Hebrew,Old Testament
H2192,זְעֵיר,z`eyr (zeh-ayr') adj.,,,Hebrew,Old Testament
H2193,זָעַך,za`ak (zaw-ak') v.,,,Hebrew,Old Testament
H2194,זָעַם,za`am (zaw-am') v.,,,Hebrew,Old Testament
H2195,זַעַם,strictly froth at the mouth,,,Hebrew,Old Testament
H2196,זָעַף,za`aph (zaw-af') v.,,,Hebrew,Old Testament
H2197,זַעַף,anger,,,Hebrew,Old Testament
H2198,זָעֵף,za`eph (zaw-afe') adj.,,,Hebrew,Old Testament
H2199,זָעַק,za`aq (zaw-ak') v.,జాక్,మొరపెట్టు,Hebrew,Old Testament
H2200,זְעִק,z`iq (zek'-eek) v.,,,Hebrew,Old Testament
H2201,זַעַק זְעָקָה,a shriek or outcry,,,Hebrew,Old Testament
H2202,זִפרוֹן,Ziphron (zi-frone') n/l.,,,Hebrew,Old Testament
H2203,זֶפֶת,asphalt (from its tendency to soften in the sun),,,Hebrew,Old Testament
H2204,זָקֵן,zaqen (zaw-kane') v.,,,Hebrew,Old Testament
H2205,זָקֵן,zaqen (zaw-kane') adj.,,,Hebrew,Old Testament
H2206,זָקָן,the beard (as indicating age),,,Hebrew,Old Testament
H2207,זוֹקֶן,old age,,,Hebrew,Old Testament
H2208,זָקוּן,old age,,,Hebrew,Old Testament
H2209,זִקנָה,old age,,,Hebrew,Old Testament
H2210,זָקַף,zaqaph (zaw-kaf') v.,,,Hebrew,Old Testament
H2211,זְקַף,zqaph (zek-af') v.,,,Hebrew,Old Testament
H2212,זָקַק,zaqaq (zaw-kak') v.,,,Hebrew,Old Testament
H2213,זֵר,a chaplet (as spread around the top),,,Hebrew,Old Testament
H2214,זָרָא,disgust,,,Hebrew,Old Testament
H2215,זָרַב,zarab (zaw-rab') v.,,,Hebrew,Old Testament
H2216,זְרוּבָּבֶל,Zrubbabel (zer-oob-baw-bel') n/p.,,,Hebrew,Old Testament
H2217,זְרוּבָּבֶל,Zrubbabel (zer-oob-baw-bel') n/p.,,,Hebrew,Old Testament
H2218,זֶרֶד,Zered (zeh'-red) n/l.,,,Hebrew,Old Testament
H2219,זָרָה,zarah (zaw-raw') v.,,,Hebrew,Old Testament
H2220,זְרוַֹע זְרוַֹע זְרוֹעָה זְרוֹעָה,the arm (as stretched out),,,Hebrew,Old Testament
H2221,זֵרוַּע,something sown,,,Hebrew,Old Testament
H2222,זַרזִיף,zarziyph (zar-zeef') v.,,,Hebrew,Old Testament
H2223,זַרזִיר,(properly) tightly girt,,,Hebrew,Old Testament
H2224,זָרַח,zarach (zaw-rakh') v.,,,Hebrew,Old Testament
H2225,זֶרַח,a rising of light,,,Hebrew,Old Testament
H2226,זֶרַח,Zerach (zeh'-rakh) n/p.,,,Hebrew,Old Testament
H2227,זַרחִי,a Zarchite or descendant of Zerach,,,Hebrew,Old Testament
H2228,זְרַחיָה,Zrachyah (zer-akh-yaw') n/p.,,,Hebrew,Old Testament
H2229,זָרַם,zaram (zaw-ram') v.,,,Hebrew,Old Testament
H2230,זֶרֶם,a gush of water,,,Hebrew,Old Testament
H2231,זִרמָה,a gushing of fluid (semen),,,Hebrew,Old Testament
H2232,זָרַע,zara` (zaw-rah') v.,,,Hebrew,Old Testament
H2233,זֶרַע,seed,జెరా,సంతానం,Hebrew,Old Testament
H2234,זְרַע,posterity,,,Hebrew,Old Testament
H2235,זֵרוַֹע זֵרָעוֹן,something sown (only in the plural),,,Hebrew,Old Testament
H2236,זָרַק,zaraq (zaw-rak') v.,,,Hebrew,Old Testament
H2237,זָרַר,zarar (zaw-rar') v.,,,Hebrew,Old Testament
H2238,זֶרֶשׁ,Zeresh (zeh'-resh) n/p.,,,Hebrew,Old Testament
H2239,זֶרֶת,the spread of the fingers,,,Hebrew,Old Testament
H2240,זַתּתּוּא,Zattuw' (zat-too') n/p.,,,Hebrew,Old Testament
H2241,זֵתָם,Zetham (zay-thawm') n/p.,,,Hebrew,Old Testament
H2242,זֵתַר,Zethar (zay-thar') n/p.,,,Hebrew,Old Testament
H2243,חוֹב,(properly) a cherisher,,,Hebrew,Old Testament
H2244,חָבָא,chaba' (khaw-baw') v.,,,Hebrew,Old Testament
H2245,חָבַב,chabab (khaw-bab') v.,,,Hebrew,Old Testament
H2246,חוֹבָב,Chobab (kho-bawb') n/p.,,,Hebrew,Old Testament
H2247,חָבָה,chabah (khaw-bah') v.,,,Hebrew,Old Testament
H2248,חֲבוּלָה,(properly) overthrown,,,Hebrew,Old Testament
H2249,חָבוֹר,Chabowr (khaw-bore') n/l.,,,Hebrew,Old Testament
H2250,חַבּוּרָה חַבּוּרָה חֲבוּרָה,(properly) bound (with stripes),,,Hebrew,Old Testament
H2251,חָבַט,chabat (khaw-bat') v.,,,Hebrew,Old Testament
H2252,חֲבַיָּה חֲבָיָה,Chabayah (khab-ah-yaw') (or Chabayah khab-aw-yaw') n/p.,,,Hebrew,Old Testament
H2253,חֶביוֹן,a concealment,,,Hebrew,Old Testament
H2254,חָבַל,chabal (khaw-bal') v.,,,Hebrew,Old Testament
H2255,חֲבַל,chabal (khab-al') v.,,,Hebrew,Old Testament
H2256,חֶבֶל חֵבֶל,a rope (as twisted),,,Hebrew,Old Testament
H2257,חֲבַל,harm (personal or pecuniary),,,Hebrew,Old Testament
H2258,חֲבוֹל חֲבוֹלָה,a pawn (as security for debt),,,Hebrew,Old Testament
H2259,חוֹבֵל,a sailor,,,Hebrew,Old Testament
H2260,חִבֵּל,a mast,,,Hebrew,Old Testament
H2261,חֲבַצֶּלֶת,probably meadow-saffron,,,Hebrew,Old Testament
H2262,חֲבַצַּניָה,Chabatstsanyah (khab-ats-tsan-yaw') n/p.,,,Hebrew,Old Testament
H2263,חָבַק,chabaq (khaw-bak') v.,,,Hebrew,Old Testament
H2264,חִבּוּק,a clasping of the hands (in idleness),,,Hebrew,Old Testament
H2265,חֲבַקּוּק,Chabaqquwq (khab-ak-kook') n/p.,,,Hebrew,Old Testament
H2266,חָבַר,chabar (khaw-bar') v.,,,Hebrew,Old Testament
H2267,חֶבֶר,a society,,,Hebrew,Old Testament
H2268,חֶבֶר,Cheber (kheh'-ber) n/p.,,,Hebrew,Old Testament
H2269,חֲבַר,an associate,,,Hebrew,Old Testament
H2270,חָבֵר,chaber (khaw-bare') adj.,,,Hebrew,Old Testament
H2271,חַבָּר,a partner,,,Hebrew,Old Testament
H2272,חֲבַרבּוּרָה,a streak (like a line),,,Hebrew,Old Testament
H2273,חַברָה,an associate,,,Hebrew,Old Testament
H2274,חֶברָה,association,,,Hebrew,Old Testament
H2275,חֶברוֹן,Chebrown (kheb-rone') n/l.,,,Hebrew,Old Testament
H2276,חֶברוֹנִי חֶברוֹנִי,Chebronite (collectively),,,Hebrew,Old Testament
H2277,חֶברִי,a Chebrite (collectively) or descendants of Cheber,,,Hebrew,Old Testament
H2278,חֲבֶרֶת,a consort,,,Hebrew,Old Testament
H2279,חוֹבֶרֶת,a joint,,,Hebrew,Old Testament
H2280,חָבַשׁ,chabash (khaw-bash') v.,,,Hebrew,Old Testament
H2281,חָבֵת,something fried,,,Hebrew,Old Testament
H2282,חַג חָג,a festival,,,Hebrew,Old Testament
H2283,חָגָא,(properly) vertigo,,,Hebrew,Old Testament
H2284,חָגָב,a locust,,,Hebrew,Old Testament
H2285,חָגָב,Chagab (khaw-gawb') n/p.,,,Hebrew,Old Testament
H2286,חֲגָבָא חֲגָבָה,Chagaba' (khag-aw-baw') (or Chagabah khag-aw-baw') n/p.,,,Hebrew,Old Testament
H2287,חָגַג,chagag (khaw-gag') v.,,,Hebrew,Old Testament
H2288,חֲגָו,a rift in rocks,,,Hebrew,Old Testament
H2289,חֲגוֹר,belted,,,Hebrew,Old Testament
H2290,חֲגוֹר חֲגוֹר חֲגוֹרָה חֲגוֹרָה,chagowr (khag-ore') (or chagor khag-ore' and (feminine) chagowrah khag-o-raw',,,Hebrew,Old Testament
H2291,חַגִּי,Chaggiy (khag-ghee') adj.,,,Hebrew,Old Testament
H2292,חַגַּי,Chaggay (khag-gah'-ee) n/p.,,,Hebrew,Old Testament
H2293,חַגִּיָה,Chaggiyah (khag-ghee-yaw') n/p.,,,Hebrew,Old Testament
H2294,חַגִּיתּ,Chaggiyith (khag-gheeth') n/p.,,,Hebrew,Old Testament
H2295,חָגלָה,Choglah (khog-law') n/p.,,,Hebrew,Old Testament
H2296,חָגַר,chagar (khaw-gar') v.,,,Hebrew,Old Testament
H2297,חַד,chad (khad) adj.,,,Hebrew,Old Testament
H2298,חַד,chad (khad) adj.,,,Hebrew,Old Testament
H2299,חַד,chad (khad) adj.,,,Hebrew,Old Testament
H2300,חָדַד,chadad (khaw-dad') v.,,,Hebrew,Old Testament
H2301,חֲדַד,Chadad (khad-ad') n/p.,,,Hebrew,Old Testament
H2302,חָדָה,chadah (khaw-daw') v.,,,Hebrew,Old Testament
H2303,חַדּוּד,chadduwd (khad-dood') adj.,,,Hebrew,Old Testament
H2304,חֶדוָה,rejoicing,,,Hebrew,Old Testament
H2305,חֶדוָה,joy,,,Hebrew,Old Testament
H2306,חֲדִי,a breast,,,Hebrew,Old Testament
H2307,חָדִידּ,Chadiyd (khaw-deed') n/p.,,,Hebrew,Old Testament
H2308,חָדַל,chadal (khaw-dal') v.,,,Hebrew,Old Testament
H2309,חֶדֶל,rest,,,Hebrew,Old Testament
H2310,חָדֵל,chadel (khaw-dale') adj.,,,Hebrew,Old Testament
H2311,חַדלַי,Chadlay (khad-lah'-ee) n/p.,,,Hebrew,Old Testament
H2312,חֵדֶק,a prickly plant,,,Hebrew,Old Testament
H2313,חִדֶּקֶל,Chiddeqel (khid-deh'-kel) n/p.,,,Hebrew,Old Testament
H2314,חָדַר,chadar (khaw-dar') v.,,,Hebrew,Old Testament
H2315,חֶדֶר,an apartment (usually literal),,,Hebrew,Old Testament
H2316,חֲדַר,Chadar (khad-ar') n/p.,,,Hebrew,Old Testament
H2317,חַדרָך,Chadrak (khad-rawk') n/l.,,,Hebrew,Old Testament
H2318,חָדַשׁ,chadash (khaw-dash') v.,,,Hebrew,Old Testament
H2319,חָדָשׁ,chadash (khaw-dawsh') adj.,,,Hebrew,Old Testament
H2320,חוֹדֶשׁ,the new moon,,,Hebrew,Old Testament
H2321,חוֹדֶשׁ,Chodesh (kho'-desh) n/p.,,,Hebrew,Old Testament
H2322,חֲדָשָׁה,Chadashah (khad-aw-shaw') n/l.,,,Hebrew,Old Testament
H2323,חֲדָת,chadath (khad-ath') adj.,,,Hebrew,Old Testament
H2324,חֲוָא,chava' (khav-aw') v.,,,Hebrew,Old Testament
H2325,חוּב חָיַב,chuwb (khoob) (also chayab khaw-yab') v.,,,Hebrew,Old Testament
H2326,חוֹב,debt,,,Hebrew,Old Testament
H2327,חוֹבָה,chowbah (kho-baw') n/l.,,,Hebrew,Old Testament
H2328,חוּג,chuwg (khoog) v.,,,Hebrew,Old Testament
H2329,חוּג,a circle,,,Hebrew,Old Testament
H2330,חוּד,chuwd (khood) v.,,,Hebrew,Old Testament
H2331,חָוָה,chavah (khaw-vah') v.,,,Hebrew,Old Testament
H2332,חַוָּה,Chavvah (khav-vaw') n/p.,,,Hebrew,Old Testament
H2333,חַוָּה,(by implication) an encampment or village,,,Hebrew,Old Testament
H2334,חַוּוֹת יָעִיר,Chavvowth Ya`iyr (khav-vothe' yaw-eer') n/l.,,,Hebrew,Old Testament
H2335,חוֹזַי,visionary,,,Hebrew,Old Testament
H2336,חוַֹח,a thorn,,,Hebrew,Old Testament
H2337,חָוָח,a dell or crevice (as if pierced in the earth),,,Hebrew,Old Testament
H2338,חוּט,chuwt (khoot) v.,,,Hebrew,Old Testament
H2339,חוּט,a string,,,Hebrew,Old Testament
H2340,חִוִּי,a villager,,,Hebrew,Old Testament
H2341,חֲוִילָה,Chaviylah (khav-ee-law') n/l.,,,Hebrew,Old Testament
H2342,חוּל חִיל,chuwl (khool) (or chiyl kheel) v.,,,Hebrew,Old Testament
H2343,חוּל,Chuwl (khool) n/p.,,,Hebrew,Old Testament
H2344,חוֹל,sand (as round or whirling particles),,,Hebrew,Old Testament
H2345,חוּם,chuwm (khoom) adj.,,,Hebrew,Old Testament
H2346,חוֹמָה,a wall of protection,,,Hebrew,Old Testament
H2347,חוּס,chuwc (khoos) v.,,,Hebrew,Old Testament
H2348,חוֹף,a cove (as a sheltered bay),,,Hebrew,Old Testament
H2349,חוּפָם,Chuwpham (khoo-fawm') n/p.,,,Hebrew,Old Testament
H2350,חוּפָמִי,a Chuphamite or descendant of Chupham,,,Hebrew,Old Testament
H2351,חוּץ חוּץ,(properly) separate by a wall,,,Hebrew,Old Testament
H2352,חוּר חוּר,the crevice of a serpent,,,Hebrew,Old Testament
H2353,חוּר,white linen,,,Hebrew,Old Testament
H2354,חוּר,Chuwr (khoor) n/p.,,,Hebrew,Old Testament
H2355,חוֹר,white linen,,,Hebrew,Old Testament
H2356,חוֹר חוֹר,a cavity,,,Hebrew,Old Testament
H2357,חָרַר,chavar (khaw-var') v.,,,Hebrew,Old Testament
H2358,חִוָּר,chivvar (khiv-vawr') adj.,,,Hebrew,Old Testament
H2359,חוּרִי,Chuwriy (khoo-ree') n/p.,,,Hebrew,Old Testament
H2360,חוּרַי,Chuwray (khoo-rah'ee) n/p.,,,Hebrew,Old Testament
H2361,חוּרָם,Chuwram (khoo-rawm') n/p.,,,Hebrew,Old Testament
H2362,חַורָן,Chavran (khav-rawn') n/l.,,,Hebrew,Old Testament
H2363,חוּשׁ,chuwsh (koosh) v.,,,Hebrew,Old Testament
H2364,חוּשָׁה,Chuwshah (khoo-shaw') n/p.,,,Hebrew,Old Testament
H2365,חוּשַׁי,Chuwshay (khoo-shah'-ee) n/p.,,,Hebrew,Old Testament
H2366,חוּשִׁים חוּשִׁים חוּשִׁם,Chuwshiym (khoo-sheem') (or Chushiym khoo-shem' or Chushim khoo- sheem',,,Hebrew,Old Testament
H2367,חוּשָׁם חוּשָׁם,Chuwsham (khoo-shawm') (or Chusham khoo-shawm') n/p.,,,Hebrew,Old Testament
H2368,חוֹתָם חוֹתָם,a signature-ring,,,Hebrew,Old Testament
H2369,חוֹתָם,Chowtham (kho-thawm') n/p.,,,Hebrew,Old Testament
H2370,חֲזָא חֲזָה,chaza' (khaz-aw') ((Aramaic) or chazah (Aramaic) khaz-aw') v.,,,Hebrew,Old Testament
H2371,חֲזָאֵל חֲזָהאֵל,Chaza'el (khaz-aw-ale') (or Chazahoel khaz-aw-ale') n/p.,,,Hebrew,Old Testament
H2372,חָזָה,chazah (khaw-zaw') v.,,,Hebrew,Old Testament
H2373,חָזֶה,the breast (as most seen in front),,,Hebrew,Old Testament
H2374,חוֹזֶה,a beholder in vision,,,Hebrew,Old Testament
H2375,חֲזוֹ,Chazow (khaz-o') n/p.,,,Hebrew,Old Testament
H2376,חֵזֶו,a sight,,,Hebrew,Old Testament
H2377,חָזוֹן,a sight (mentally),,,Hebrew,Old Testament
H2378,חָזוֹת,a revelation,,,Hebrew,Old Testament
H2379,חֲזוֹת,a view,,,Hebrew,Old Testament
H2380,חָזוּת,a look,,,Hebrew,Old Testament
H2381,חֲזִיאֵל,Chaziy'el (khaz-ee-ale') n/p.,,,Hebrew,Old Testament
H2382,חֲזָיָה,Chazayah (khaz-aw-yaw') n/p.,,,Hebrew,Old Testament
H2383,חֶזיוֹן,Chezyown (khez-yone') n/p.,,,Hebrew,Old Testament
H2384,חִזָּיוֹן,a revelation,,,Hebrew,Old Testament
H2385,חֲזִיז,a flash of lightning,,,Hebrew,Old Testament
H2386,חֲזִיר,a hog (perhaps as penned),,,Hebrew,Old Testament
H2387,חֵזִיר,Cheziyr (khay-zeer') n/p.,,,Hebrew,Old Testament
H2388,חָזַק,chazaq (khaw-zak') v.,ఖాజక్,బలపరచు,Hebrew,Old Testament
H2389,חָזָק,chazaq (khaw-zawk') adj.,,,Hebrew,Old Testament
H2390,חָזֵק,chazeq (khaw-zake') adj.,,,Hebrew,Old Testament
H2391,חֵזֶק,help,,,Hebrew,Old Testament
H2392,חוֹזֶק,power,,,Hebrew,Old Testament
H2393,חֶזקָה,prevailing power,,,Hebrew,Old Testament
H2394,חָזקָה,vehemence (usually in a bad sense),,,Hebrew,Old Testament
H2395,חִזקִי,Chizqiy (khiz-kee') n/p.,,,Hebrew,Old Testament
H2396,חִזקִיָה חִזקִיָהוּ יְחִזקִיָה יְחִזקִיָהוּ,Chizqiyah (khiz-kee-yaw') (or Chizqiyahuw khiz-kee-yaw'-hoo also Ychizqiyah yekh-iz-kee-yaw',,,Hebrew,Old Testament
H2397,חָח חָחִי,a ring for the nose (or lips),,,Hebrew,Old Testament
H2398,חָטָא,chata' (khaw-taw') v.,ఖాటా,పాపం చేయు,Hebrew,Old Testament
H2399,חֵטא,a crime or its penalty,,,Hebrew,Old Testament
H2400,חַטָּא,chatta' (khat-taw') adj.,,,Hebrew,Old Testament
H2401,חֲטָאָה,an offence,,,Hebrew,Old Testament
H2402,חַטָּאָה,an offence,,,Hebrew,Old Testament
H2403,חַטָּאָה חַטָּאתּ,an offence (sometimes habitual sinfulness),ఖట్టాత్,పాపం,Hebrew,Old Testament
H2404,חָטַב,chatab (khaw-tab') v.,,,Hebrew,Old Testament
H2405,חֲטוּבָה,(properly) a carving,,,Hebrew,Old Testament
H2406,חִטָּה,wheat,,,Hebrew,Old Testament
H2407,חַטּוּשׁ,Chattuwsh (khat-toosh') n/p.,,,Hebrew,Old Testament
H2408,חֲטִי,an offence,,,Hebrew,Old Testament
H2409,חַטָּיָא,an expiation,,,Hebrew,Old Testament
H2410,חֲטִיטָּא,Chatiyta' (khat-ee-taw') n/p.,,,Hebrew,Old Testament
H2411,חַטִּיל,Chattiyl (khat-teel') n/p.,,,Hebrew,Old Testament
H2412,חֲטִיפָא,Chatiypha' (khat-ee-faw') n/p.,,,Hebrew,Old Testament
H2413,חָטַם,chatam (khaw-tam') v.,,,Hebrew,Old Testament
H2414,חָטַף,chataph (khaw-taf') v.,,,Hebrew,Old Testament
H2415,חוֹטֵר,a twig,,,Hebrew,Old Testament
H2416,חַי,chay (khah'-ee) adj.,ఖయ్,జీవం,Hebrew,Old Testament
H2417,חַי,chay (khah'-ee) adj.,,,Hebrew,Old Testament
H2418,חֲיָא חֲיָה,chaya' (khah-yaw') ((Aramaic) or chayah (Aramaic) khah-yaw') v.,,,Hebrew,Old Testament
H2419,חִיאֵל,Chiy'el (khee-ale') n/p.,,,Hebrew,Old Testament
H2420,חִידָּה,a puzzle,,,Hebrew,Old Testament
H2421,חָיָה,chayah (khaw-yaw') v.,ఖాయా,జీవించు,Hebrew,Old Testament
H2422,חָיֶה,chayeh (khaw-yeh') adj.,,,Hebrew,Old Testament
H2423,חֵיוָא,an animal,,,Hebrew,Old Testament
H2424,חַיוּת,life,,,Hebrew,Old Testament
H2425,חָיַי,chayay (khaw-yah'-ee) v.,,,Hebrew,Old Testament
H2426,חֵיל חֵל,an army,,,Hebrew,Old Testament
H2427,חִיל חִילָה,a throe (expectant of childbirth),,,Hebrew,Old Testament
H2428,חַיִל,probably a force,ఖయిల్,బలం,Hebrew,Old Testament
H2429,חַיִל,an army,,,Hebrew,Old Testament
H2430,חֵילָה,an intrenchment,,,Hebrew,Old Testament
H2431,חֵילָם חֵלאָם,Cheylam (khay-lawm') (or Cheleam khay-lawm') n/p.,,,Hebrew,Old Testament
H2432,חִילֵן,Chiylen (khee-lane') n/l.,,,Hebrew,Old Testament
H2433,חִין,beauty,,,Hebrew,Old Testament
H2434,חַיִץ,a wall,,,Hebrew,Old Testament
H2435,חִיצּוֹן,chiytsown (khee-tsone') adj.,,,Hebrew,Old Testament
H2436,חֵיק חֵק חוֹק,the bosom (literally or figuratively),,,Hebrew,Old Testament
H2437,חִירָה,Chiyrah (khee-raw') n/p.,,,Hebrew,Old Testament
H2438,חִירָם חִירוֹם,Chiyram (khee-rawm') (or Chiyrowm khee-rome') n/p.,,,Hebrew,Old Testament
H2439,חִישׁ,chiysh (kheesh) v.,,,Hebrew,Old Testament
H2440,חִישׁ,chiysh (kheesh) adv.,,,Hebrew,Old Testament
H2441,חֵך,(properly) the palate or inside of the mouth,,,Hebrew,Old Testament
H2442,חָכָה,chakah (khaw-kaw') v.,,,Hebrew,Old Testament
H2443,חַכָּה,a hook (as adhering),,,Hebrew,Old Testament
H2444,חֲכִילָה,Chakiylah (khak-ee-law') n/l.,,,Hebrew,Old Testament
H2445,חַכִּים,chakkiym (khak-keem') adj.,,,Hebrew,Old Testament
H2446,חֲכַליָה,Chakalyah (khak-al-yaw') n/p.,,,Hebrew,Old Testament
H2447,חַכלִיל,chakliyl (khak-leel') adj.,,,Hebrew,Old Testament
H2448,חַכלִלוּת,chakliluwth (khak-lee-looth') adj.,,,Hebrew,Old Testament
H2449,חָכַם,chakam (khaw-kam') v.,,,Hebrew,Old Testament
H2450,חָכָם,chakam (khaw-kawm') adj.,,,Hebrew,Old Testament
H2451,חָכמָה,wisdom (in a good sense),ఖొక్మా,జ్ఞానం,Hebrew,Old Testament
H2452,חָכמָה,wisdom,,,Hebrew,Old Testament
H2453,חַכמוֹנִי,skilful,,,Hebrew,Old Testament
H2454,חָכמוֹת חַכמוֹת,wisdom,,,Hebrew,Old Testament
H2455,חוֹל,(properly) exposed,,,Hebrew,Old Testament
H2456,חָלָא,chala' (khaw-law') v.,,,Hebrew,Old Testament
H2457,חֶלאָה,(properly) disease,,,Hebrew,Old Testament
H2458,חֶלאָה,Chel'ah (khel-aw') n/p.,,,Hebrew,Old Testament
H2459,חֶלֶב חֵלֶב,fat,,,Hebrew,Old Testament
H2460,חֵלֶב,Cheleb (khay'-leb) n/p.,,,Hebrew,Old Testament
H2461,חָלָב,milk (as the richness of kine),,,Hebrew,Old Testament
H2462,חֶלבָּה,Chelbah (khel-baw') n/l.,,,Hebrew,Old Testament
H2463,חֶלבּוֹן,Chelbown (khel-bone') n/l.,,,Hebrew,Old Testament
H2464,חֶלבְּנָה,galbanam,,,Hebrew,Old Testament
H2465,חֶלֶד,life (as a fleeting portion of time),,,Hebrew,Old Testament
H2466,חֵלֶד,cheled (khay'-led) n/p.,,,Hebrew,Old Testament
H2467,חוֹלֶד,a weasel (from its gliding motion),,,Hebrew,Old Testament
H2468,חוּלדָּה,Chuldah (khool-daw') n/p.,,,Hebrew,Old Testament
H2469,חֶלדַּי,Chelday (khel-dah'-ee) n/p.,,,Hebrew,Old Testament
H2470,חָלָה,chalah (khaw-law') v.,,,Hebrew,Old Testament
H2471,חַלָּה,a cake (as usually punctured),,,Hebrew,Old Testament
H2472,חֲלוֹם חֲלוֹם,a dream,,,Hebrew,Old Testament
H2473,חוֹלוֹן חוֹלוֹן,Cholown (kho-lone') (or (shortened) Cholon kho-lone') n/l.,,,Hebrew,Old Testament
H2474,חַלּוֹן,challown (khal-lone') n-e.,,,Hebrew,Old Testament
H2475,חֲלוֹף,(properly) surviving,,,Hebrew,Old Testament
H2476,חֲלוּשָׁה,defeat,,,Hebrew,Old Testament
H2477,חֲלַח,Chalach (khal-akh') n/l.,,,Hebrew,Old Testament
H2478,חַלחוּל,Chalchuwl (khal-khool') n/l.,,,Hebrew,Old Testament
H2479,חַלחָלָה,writhing (in childbirth),,,Hebrew,Old Testament
H2480,חָלַט,chalat (khaw-lat') v.,,,Hebrew,Old Testament
H2481,חֲלִי,a trinket (as polished),,,Hebrew,Old Testament
H2482,חֲלִי,Chaliy (khal-ee') n/l.,,,Hebrew,Old Testament
H2483,חֳלִי,malady,ఖొలీ,వ్యాధి,Hebrew,Old Testament
H2484,חֶליָה,a trinket,,,Hebrew,Old Testament
H2485,חָלִיל,a flute (as perforated),,,Hebrew,Old Testament
H2486,חָלִילָה חָלִלָה,chaliylah (khaw-lee'-law) (or chalilah khaw-lee'-law) inj.,,,Hebrew,Old Testament
H2487,חֲלִיפָה,alternation,,,Hebrew,Old Testament
H2488,חֲלִיצָּה,spoil,,,Hebrew,Old Testament
H2489,חֵלְכָא חֵלְכָה,chelka' (khay-lek-aw') (or chelkah khay-lek-aw') adj.,,,Hebrew,Old Testament
H2490,חָלַל,chalal (khaw-lal') v.,,,Hebrew,Old Testament
H2491,חָלָל,chalal (khaw-lawl') adj.,,,Hebrew,Old Testament
H2492,חָלַם,חלם,ఖాలమ్,కలగను,Hebrew,Old Testament
H2493,חֵלֶם,a dream,,,Hebrew,Old Testament
H2494,חֵלֶם,Chelem (khay'lem) n/p.,,,Hebrew,Old Testament
H2495,חַלָּמוּת,probably purslain,,,Hebrew,Old Testament
H2496,חַלָּמִישׁ,flint,,,Hebrew,Old Testament
H2497,חֵלוֹן,Chelon (khay-lone') n/p.,,,Hebrew,Old Testament
H2498,חָלַף,chalaph (khaw-laf') v.,,,Hebrew,Old Testament
H2499,חֲלַף,chalaph (khal-af') v.,,,Hebrew,Old Testament
H2500,חֵלֶף,(properly) exchange,,,Hebrew,Old Testament
H2501,חֶלֶף,Cheleph (kheh'lef) n/l.,,,Hebrew,Old Testament
H2502,חָלַץ,chalats (khaw-lats') v.,,,Hebrew,Old Testament
H2503,חֶלֶץ חֵלֶץ,Chelets (kheh'-lets) (or Chelets khay'-lets) n/p.,,,Hebrew,Old Testament
H2504,חָלָץ,only in the dual,,,Hebrew,Old Testament
H2505,חָלַק,chalaq (khaw-lak') v.,,,Hebrew,Old Testament
H2506,חֵלֶק,(properly) smoothness (of the tongue),,,Hebrew,Old Testament
H2507,חֵלֶק,Cheleq (khay'-lek) n/p.,,,Hebrew,Old Testament
H2508,חֲלָק,a part,,,Hebrew,Old Testament
H2509,חָלָק,chalaq (khaw-lawk') adj.,,,Hebrew,Old Testament
H2510,חָלָק,Chalaq (khaw-lawk') n/l.,,,Hebrew,Old Testament
H2511,חַלָּק,smooth,,,Hebrew,Old Testament
H2512,חַלּוּק,smooth,,,Hebrew,Old Testament
H2513,חֶלקָה,(properly) smoothness,,,Hebrew,Old Testament
H2514,חֲלַקָּה,flattery,,,Hebrew,Old Testament
H2515,חֲלוּקָּה,a distribution,,,Hebrew,Old Testament
H2516,חֶלקִי,a Chelkite or descendant of Chelek,,,Hebrew,Old Testament
H2517,חֶלקַי,Chelqay (khel-kah'ee) n/p.,,,Hebrew,Old Testament
H2518,חִלקִיָה חִלקִיָהוּ,Chilqiyah (khil-kee-yaw') (or Chilqiyahuw khil-kee-yaw'-hoo') n/p.,,,Hebrew,Old Testament
H2519,חֲלַקלַקָּה,(properly) something very smooth,,,Hebrew,Old Testament
H2520,חֶלקַת,Chelqath (khel-kath') n/l.,,,Hebrew,Old Testament
H2521,חֶלקַת הַצּוּרִים,Chelqath hats-Tsu-riym (khel-kath' hats-tsoo-reem') n/l.,,,Hebrew,Old Testament
H2522,חָלַשׁ,chalash (khaw-lash') v.,,,Hebrew,Old Testament
H2523,חַלָּשׁ,challash (khal-lawsh') adj.,,,Hebrew,Old Testament
H2524,חָם,a father-in-law (as in affinity),,,Hebrew,Old Testament
H2525,חָם,cham (khawm) adj.,,,Hebrew,Old Testament
H2526,חָם,Cham (khawm) n/l.,,,Hebrew,Old Testament
H2527,חוֹם,heat,,,Hebrew,Old Testament
H2528,חֱמָא חֲמָה,anger,,,Hebrew,Old Testament
H2529,חֶמאָה חֵמָה,curdled milk or cheese,,,Hebrew,Old Testament
H2530,חָמַד,to delight in,,,Hebrew,Old Testament
H2531,חֶמֶד,delight,,,Hebrew,Old Testament
H2532,חֶמדָּה,chemdah (khem-daw') adj.,,,Hebrew,Old Testament
H2533,חֶמדָּן,Chemdan (khem-dawn') n/p.,,,Hebrew,Old Testament
H2534,חֵמָה חֵמָא,heat,,,Hebrew,Old Testament
H2535,חַמָּה,heat,,,Hebrew,Old Testament
H2536,חַמּוּאֵל,Chammuw'el (kham-moo-ale') n/p.,,,Hebrew,Old Testament
H2537,חֲמוּטַל חֲמִיטַּל,Chamuwtal (kham-oo-tal') (or Chamiytal kham-ee-tal') n/p.,,,Hebrew,Old Testament
H2538,חָמוּל,Chamuwl (khaw-mool') n/p.,,,Hebrew,Old Testament
H2539,חָמוּלִי,Hamulites,,,Hebrew,Old Testament
H2540,חַמּוֹן,Chammown (kham-mone') n/l.,,,Hebrew,Old Testament
H2541,חָמוֹץ,(properly) violent,,,Hebrew,Old Testament
H2542,חַמּוּק,a wrapping,,,Hebrew,Old Testament
H2543,חֲמוֹר חֲמוֹר,a male donkey (from its dun red),,,Hebrew,Old Testament
H2544,חֲמוֹר,Chamowr (kham-ore') n/p.,,,Hebrew,Old Testament
H2545,חֲמוֹת חֲמוֹת,a mother-in-law,,,Hebrew,Old Testament
H2546,חוֹמֶט,a lizard (as creeping),,,Hebrew,Old Testament
H2547,חוּמטָּה,Chumtah (khoom-taw') n/l.,,,Hebrew,Old Testament
H2548,חָמִיצּ,chamiyts (khaw-meets') adj.,,,Hebrew,Old Testament
H2549,חֲמִישִׁי חֲמִשִּׁי,chamiyshiy (kham-ee-shee') (or chamishshiy kham-ish-shee') adj.,,,Hebrew,Old Testament
H2550,חָמַל,chamal (khaw-mal') v.,,,Hebrew,Old Testament
H2551,חֶמלָה,commiseration,,,Hebrew,Old Testament
H2552,חָמַם,chamam (khaw-mam') v.,,,Hebrew,Old Testament
H2553,חַמָּן,a sun-pillar,,,Hebrew,Old Testament
H2554,חָמַס,chamac (khaw-mas') v.,,,Hebrew,Old Testament
H2555,חָמָס,violence,,,Hebrew,Old Testament
H2556,חָמֵץ,chamets (khaw-mates') v.,ఖామేత్స్,పులిసిన,Hebrew,Old Testament
H2557,חָמֵץ,ferment,,,Hebrew,Old Testament
H2558,חוֹמֶץ,vinegar,,,Hebrew,Old Testament
H2559,חָמַק,chamaq (khaw-mak') v.,,,Hebrew,Old Testament
H2560,חָמַר,chamar (khaw-mar') v.,,,Hebrew,Old Testament
H2561,חֶמֶר,wine (as fermenting),,,Hebrew,Old Testament
H2562,חֲמַר,wine,,,Hebrew,Old Testament
H2563,חוֹמֶר,(properly) a bubbling up,,,Hebrew,Old Testament
H2564,חֵמָר,bitumen (as rising to the surface),,,Hebrew,Old Testament
H2565,חֲמוֹרָה,a heap,,,Hebrew,Old Testament
H2566,חַמרָן,Chamran (kham-rawn') n/p.,,,Hebrew,Old Testament
H2567,חָמַשׁ,chamash (khaw-mash') v.,,,Hebrew,Old Testament
H2568,חָמֵשׁ חֲמִשָּׁה,chamesh (khaw-maysh') (masculine chamishshah kham-ish-shaw) n-e.,,,Hebrew,Old Testament
H2569,חוֹמֶשׁ,a fifth tax,,,Hebrew,Old Testament
H2570,חוֹמֶשׁ,the abdomen (as obese),,,Hebrew,Old Testament
H2571,חָמוּשׁ,chamush (khaw-moosh') adj.,,,Hebrew,Old Testament
H2572,חֲמִשִּׁים,chamishshiym (kham-ish-sheem') num.,,,Hebrew,Old Testament
H2573,חֵמֶת,a skin bottle (as tied up),,,Hebrew,Old Testament
H2574,חֲמָת,Chamath (kham-awth') n/l.,,,Hebrew,Old Testament
H2575,חַמַּת,Chammath (klam-math') n/l.,,,Hebrew,Old Testament
H2576,חַמּוֹת דּוֹאר,Chammoth Do'r (kham-moth' dore) n/l.,,,Hebrew,Old Testament
H2577,חֲמָתִי,a Chamathite or native of Chamath,,,Hebrew,Old Testament
H2578,חֲמַת צּוֹבָה,Chamath Tsowbah (kham-ath' tso-baw') n/l.,,,Hebrew,Old Testament
H2579,חֲמַת רַבָּה,Chamath Rabbah (kham-ath' rab-baw') n/l.,,,Hebrew,Old Testament
H2580,חֵן,graciousness,ఖేన్,కృప,Hebrew,Old Testament
H2581,חֵן,Chen (khane) n/p.,,,Hebrew,Old Testament
H2582,חֵנָדָד,Chenadad (khay-naw-dawd') n/p.,,,Hebrew,Old Testament
H2583,חָנָה,chanah (khaw-naw') v.,,,Hebrew,Old Testament
H2584,חַנָּה,Channah (khan-naw') n/p.,,,Hebrew,Old Testament
H2585,חֲנוֹך,Chanowk (khan-oke') n/l.,,,Hebrew,Old Testament
H2586,חָנוּן,Chanuwn (khaw-noon') n/p.,,,Hebrew,Old Testament
H2587,חַנּוּן,channuwn (khan-noon') adj.,,,Hebrew,Old Testament
H2588,חָנוּת,(properly) a vault or cell (with an arch),,,Hebrew,Old Testament
H2589,חַנּוֹת,supplication,,,Hebrew,Old Testament
H2590,חָנַט,to spice,,,Hebrew,Old Testament
H2591,חִנטָּא,wheat,,,Hebrew,Old Testament
H2592,חַנִּיאֵל,Channiy'el (khan-nee-ale') n/p.,,,Hebrew,Old Testament
H2593,חָנִיכּ,chaniyk (kaw-neek') adj.,,,Hebrew,Old Testament
H2594,חֲנִינָה,graciousness,,,Hebrew,Old Testament
H2595,חֲנִיתּ,a lance (for thrusting,,,Hebrew,Old Testament
H2596,חָנַך,chanak (khaw-nak') v.,,,Hebrew,Old Testament
H2597,חֲנוּכָּא,consecration,,,Hebrew,Old Testament
H2598,חֲנוּכָּה,initiation,,,Hebrew,Old Testament
H2599,חֲנוֹכִי,a Chanokite (collectively) or descendants of Chanok,,,Hebrew,Old Testament
H2600,חִנָּם,chinnam (khin-nawm') adv.,,,Hebrew,Old Testament
H2601,חֲנַמאֵל,Chanam'el (khan-am-ale') n/p.,,,Hebrew,Old Testament
H2602,חֲנָמָל,perhaps the aphis or plantlouse,,,Hebrew,Old Testament
H2603,חָנַן,chanan (khaw-nan') v.,ఖానన్,కరుణించు,Hebrew,Old Testament
H2604,חֲנַן,chanan (khan-an') v.,,,Hebrew,Old Testament
H2605,חָנָן,Chanan (khaw-nawn') n/p.,,,Hebrew,Old Testament
H2606,חֲנַנאֵל,Chanan'el (khan-an-ale') n/p.,,,Hebrew,Old Testament
H2607,חֲנָנִי,Chananiy (khan-aw-nee') n/p.,,,Hebrew,Old Testament
H2608,חֲנַניָה חֲנַניָהוּ,Chananyah (khan-an-yaw') (or Chananyahuw khan-an-yaw'-hoo) n/p.,,,Hebrew,Old Testament
H2609,חָנֵס,Chanec (khaw-nace') n/l.,,,Hebrew,Old Testament
H2610,חָנֵף,chaneph (khaw-nafe') v.,,,Hebrew,Old Testament
H2611,חָנֵף,chaneph (khaw-nafe') adj.,,,Hebrew,Old Testament
H2612,חוֹנֶף,moral filth,,,Hebrew,Old Testament
H2613,חֲנוּפָה,impiety,,,Hebrew,Old Testament
H2614,חָנַק,chanaq (khaw-nak') v.,,,Hebrew,Old Testament
H2615,חַנָּתוֹן,Channathon (khan-naw-thone') n/l.,,,Hebrew,Old Testament
H2616,חָסַד,chacad (khaw-sad') v.,,,Hebrew,Old Testament
H2617,חֵסֵד,kindness,ఖెసెద్,కృప,Hebrew,Old Testament
H2618,חֶסֶד,Checed (kheh'-sed) n/p.,,,Hebrew,Old Testament
H2619,חֲסַדיָה,Chacadyah (khas-ad-yaw') n/p.,,,Hebrew,Old Testament
H2620,חָסָה,chacah (khaw-saw') v.,,,Hebrew,Old Testament
H2621,חוֹסָה,Chocah (kho-saw') n/l.,,,Hebrew,Old Testament
H2622,חָסוּת,confidence,,,Hebrew,Old Testament
H2623,חָסִידּ,chaciyd (khaw-seed') adj.,,,Hebrew,Old Testament
H2624,חֲסִידָּה,the kind (maternal) bird,,,Hebrew,Old Testament
H2625,חָסִיל,the ravager,,,Hebrew,Old Testament
H2626,חֲסִין,chaciyn (khas-een') adj.,,,Hebrew,Old Testament
H2627,חַסִּיר,chacciyr (khas-seer') adj.,,,Hebrew,Old Testament
H2628,חָסַל,chacal (khaw-sal') v.,,,Hebrew,Old Testament
H2629,חָסַם,chacam (khaw-sam') v.,,,Hebrew,Old Testament
H2630,חָסַן,chacan (khaw-san') v.,,,Hebrew,Old Testament
H2631,חֲסַן,chacan (khas-an') v.,,,Hebrew,Old Testament
H2632,חֵסֶן,strength,,,Hebrew,Old Testament
H2633,חוֹסֶן,wealth,,,Hebrew,Old Testament
H2634,חָסוֹן,chacon (khaw-sone') adj.,,,Hebrew,Old Testament
H2635,חֲסַף,a clod,,,Hebrew,Old Testament
H2636,חַספַּס,chacpac (khas-pas') v.,,,Hebrew,Old Testament
H2637,חָסֵר,chacer (khaw-sare') v.,,,Hebrew,Old Testament
H2638,חָסֵר,chacer (khaw-sare') adj.,,,Hebrew,Old Testament
H2639,חֶסֶר,lack,,,Hebrew,Old Testament
H2640,חוֹסֶר,poverty,,,Hebrew,Old Testament
H2641,חַסרָה,Chacrah (khas-raw') n/p.,,,Hebrew,Old Testament
H2642,חֶסרוֹן,deficiency,,,Hebrew,Old Testament
H2643,חַף,chaph (khaf) adj.,,,Hebrew,Old Testament
H2644,חָפָא,chapha' (khaw-faw') v.,,,Hebrew,Old Testament
H2645,חָפָה,chaphah (khaw-faw') v.,,,Hebrew,Old Testament
H2646,חוּפָּה,a canopy,,,Hebrew,Old Testament
H2647,חוּפָּה,Chuppah (khoop-paw') n/p.,,,Hebrew,Old Testament
H2648,חָפַז,chaphaz (khaw-faz') v.,,,Hebrew,Old Testament
H2649,חִפָּזוֹן,hasty flight,,,Hebrew,Old Testament
H2650,חוּפִּים,Chuppiym (khoop-peem') n/p.,,,Hebrew,Old Testament
H2651,חוֹפֶן,a fist (only in the dual),,,Hebrew,Old Testament
H2652,חָפנִי,Chophniy (khof-nee') n/p.,,,Hebrew,Old Testament
H2653,חָפַף,chophaph (khaw-faf') v.,,,Hebrew,Old Testament
H2654,חָפֵץ,chaphets (khaw-fates') v.,,,Hebrew,Old Testament
H2655,חָפֵץ,chaphets (khaw-fates') adj.,,,Hebrew,Old Testament
H2656,חֵפֶץ,pleasure,,,Hebrew,Old Testament
H2657,חֶפצִּי בָּהּ,Chephtsiy bahh (khef-tsee'baw) n/p.,,,Hebrew,Old Testament
H2658,חָפַר,chaphar (khaw-far') v.,,,Hebrew,Old Testament
H2659,חָפֵר,chapher (khaw-fare') v.,,,Hebrew,Old Testament
H2660,חֵפֶר,Chepher (khay'-fer) n/l.,,,Hebrew,Old Testament
H2661,חֲפוֹר חַפַרפֵּרָה,a burrower,,,Hebrew,Old Testament
H2662,חֶפרִי,a Chephrite (collectively) or descendants of Chepher,,,Hebrew,Old Testament
H2663,חֲפָרַיִם,Chapharayim (khaf-aw-rah'-yim) n/l.,,,Hebrew,Old Testament
H2664,חָפַשׂ,chaphas (khaw-fas') v.,,,Hebrew,Old Testament
H2665,חֵפֶשׂ,something covert,,,Hebrew,Old Testament
H2666,חָפַשׁ,chaphash (khaw-fash') v.,,,Hebrew,Old Testament
H2667,חוֹפֶשׁ,something spread loosely,,,Hebrew,Old Testament
H2668,חוּפשָׁה,liberty (from slavery),,,Hebrew,Old Testament
H2669,חָפשׁוּת חָפשִׁיתּ,prostration by sickness (with H1004,,,Hebrew,Old Testament
H2670,חָפשִׁי,chophshiy (khof-shee') adj.,,,Hebrew,Old Testament
H2671,חֵץ,(properly) a piercer,,,Hebrew,Old Testament
H2672,חָצַב חָצֵב,chatsab (khaw-tsab') (or chatseb khaw-tsabe') v.,,,Hebrew,Old Testament
H2673,חָצָה,chatsah (khaw-tsaw') v.,,,Hebrew,Old Testament
H2674,חָצוֹר,Chatsowr (khaw-tsore') n/l.,,,Hebrew,Old Testament
H2675,חָצוֹר חֲדַתּתָּה,Chatsowr Chadattah (khaw-tsore' khad-at-taw') n/l.,,,Hebrew,Old Testament
H2676,חָצוֹת,the middle (of the night),,,Hebrew,Old Testament
H2677,חֵצִי,the half or middle,,,Hebrew,Old Testament
H2678,חִצִּי חֵצִי,an arrow,,,Hebrew,Old Testament
H2679,חֲצִי הַמנוּחוֹת,Chatsiy ham-Mnuchowth (chat-tsee' ham-men-oo-khoth') n/p.,,,Hebrew,Old Testament
H2680,חֲצִי הַמְּנַחתִּי,Chatsiy ham-Mnachti (khat-see' ham-men-akh-tee') n/p.,,,Hebrew,Old Testament
H2681,חָצִיר,a court or abode,,,Hebrew,Old Testament
H2682,חָצִיר,grass,,,Hebrew,Old Testament
H2683,חֵצֶן,the bosom (as comprised between the arms),,,Hebrew,Old Testament
H2684,חוֹצֶן,arm,,,Hebrew,Old Testament
H2685,חֲצַף,chatsaph (khats-af') v.,,,Hebrew,Old Testament
H2686,חָצַץ,chatsats (khaw-tsats') v.,,,Hebrew,Old Testament
H2687,חָצָץ,(properly) something cutting,,,Hebrew,Old Testament
H2688,חַצּוֹן תָּמָר חַצֲצוֹן תָּמָר,Chatstsown Tamar (khats-ets-one' taw-mawr') (or Chatsatson Tamar khats-ats-one' taw-mawr') n/l.,,,Hebrew,Old Testament
H2689,חֲצוֹצְרָה,a trumpet (from its sundered or quavering note),,,Hebrew,Old Testament
H2690,חָצַר חֲצוֹצֵר חֲצוֹרֵר,chatsar (khaw-tsar') v.,,,Hebrew,Old Testament
H2691,חָצֵר,a yard (as inclosed by a fence),,,Hebrew,Old Testament
H2692,חֲצַר אַדָּר,Chatsar Addar (khats-ar' addawr') n/l.,,,Hebrew,Old Testament
H2693,חֲצַר גַּדָּה,Chatsar Gaddah (khats-ar'gad-daw') n/l.,,,Hebrew,Old Testament
H2694,חֲצַר הַתּתִּיכּוֹן,Chatsar hat-Tiykown (khats-ar' hat-tee-kone') n/l.,,,Hebrew,Old Testament
H2695,חֶצרוֹ,Chetsrow (khets-ro') n/p.,,,Hebrew,Old Testament
H2696,חֶצרוֹן,Chetsrown (khets-rone') n/l.,,,Hebrew,Old Testament
H2697,חֶצרוֹנִי,a Chetsronite or (collectively) descendants of Chetsron,,,Hebrew,Old Testament
H2698,חֲצֵרוֹת,Chatserowth (khats-ay-roth') n/l.,,,Hebrew,Old Testament
H2699,חֲצֵרִים,Chatseriym (khats-ay-reem') n/l.,,,Hebrew,Old Testament
H2700,חֲצַרמָוֶת,Chatsarmaveth (khats-ar-maw'-veth) n/p.,,,Hebrew,Old Testament
H2701,חֲצַר סוּסָה,Chatsar Cuwcah (khats-ar'soo-saw') n/l.,,,Hebrew,Old Testament
H2702,חֲצַר סוּסִים,Chatsar Cuwciym (khats-ar' soo-seem') n/l.,,,Hebrew,Old Testament
H2703,חֲצַר עֵינוֹן,Chatsar `Eynown (khats-ar' ay-none') n/l.,,,Hebrew,Old Testament
H2704,חֲצַר עֵינָן,Chatsar `Eynan (khats-ar' ay-nawn') n/l.,,,Hebrew,Old Testament
H2705,חֲצַר שׁוּעָל,Chatsar Shuw`al (khats-ar' shoo-awl') n/l.,,,Hebrew,Old Testament
H2706,חוֹק,an enactment,,,Hebrew,Old Testament
H2707,חָקָה,chaqah (khaw-kaw') v.,,,Hebrew,Old Testament
H2708,חוּקָּה,appointed,,,Hebrew,Old Testament
H2709,חֲקוּפָא,Chaquwpha' (khah-oo-faw') n/p.,,,Hebrew,Old Testament
H2710,חָקַק,chaqaq (khaw-kak') v.,,,Hebrew,Old Testament
H2711,חֵקֶק,an enactment,,,Hebrew,Old Testament
H2712,חוּקּוֹק חוּקוֹק,Chuqqog (Khook-koke') (or (fully) Chuwqoq khoo-koke') n/l.,,,Hebrew,Old Testament
H2713,חָקַר,chaqar (khaw-kar') v.,,,Hebrew,Old Testament
H2714,חֵקֶר,examination,,,Hebrew,Old Testament
H2715,חוֹר חוֹר,(properly) white or pure (from the cleansing or shining power of fire,,,Hebrew,Old Testament
H2716,חֶרֶא חֲרִי,excrement,,,Hebrew,Old Testament
H2717,חָרַב חָרֵב,charab (khaw-rab') (or chareb khaw-rabe') v.,,,Hebrew,Old Testament
H2718,חֲרַב,charab (khar-ab') v.,,,Hebrew,Old Testament
H2719,חֶרֶב,drought,ఖెరెబ్,ఖడ్గం,Hebrew,Old Testament
H2720,חָרֵב,chareb (khaw-rabe') adj.,,,Hebrew,Old Testament
H2721,חוֹרֶב,drought or desolation,,,Hebrew,Old Testament
H2722,חוֹרֵב,Choreb (kho-rabe') n/l.,,,Hebrew,Old Testament
H2723,חָרבָּה,(properly) drought,,,Hebrew,Old Testament
H2724,חָרָבָה,a desert,,,Hebrew,Old Testament
H2725,חֲרָבוֹן,parching heat,,,Hebrew,Old Testament
H2726,חַרבּוֹנָא חַרבּוֹנָה,Charbowna' (khar-bo-naw') (or Charbownah khar-bo-naw') n/p.,,,Hebrew,Old Testament
H2727,חָרַג,charag (khaw-rag') v.,,,Hebrew,Old Testament
H2728,חָרגּוֹל,the leaping insect,,,Hebrew,Old Testament
H2729,חָרַד,charad (khaw-rad') v.,,,Hebrew,Old Testament
H2730,חָרֵד,chared (khaw-rade') adj.,,,Hebrew,Old Testament
H2731,חֲרָדָה,fear,,,Hebrew,Old Testament
H2732,חֲרָדָה,Charadah (khar-aw-daw') n/l.,,,Hebrew,Old Testament
H2733,חֲרוֹדִי,a Charodite,,,Hebrew,Old Testament
H2734,חָרָה,charah (khaw-raw') v.,,,Hebrew,Old Testament
H2735,חוֹר הַגִּדגָּד,Chor hag-Gidgad (khore hag-ghid-gawd') n/l.,,,Hebrew,Old Testament
H2736,חַרהֲיָה,Charhayah (khar-hah-yaw') n/p.,,,Hebrew,Old Testament
H2737,חָרוּז,(properly) pierced,,,Hebrew,Old Testament
H2738,חָרוּל חָרוּל,(properly) pointed,,,Hebrew,Old Testament
H2739,חֲרוּמַף,charuwmaph (khar-oo-maf') n/p.,,,Hebrew,Old Testament
H2740,חָרוֹן חָרוֹן,a burning of anger,,,Hebrew,Old Testament
H2741,חֲרוּפִי,a Charuphite or inhabitant of Charuph (or Chariph),,,Hebrew,Old Testament
H2742,חָרוּץ חָרוּץ,charuwts (khaw-roots') (or charuts khaw-roots') prt.,,,Hebrew,Old Testament
H2743,חָרוּץ,Charuwts (khaw-roots') n/p.,,,Hebrew,Old Testament
H2744,חַרחוּר,Charchuwr (khar-khoor') n/p.,,,Hebrew,Old Testament
H2745,חַרחַס,Charchac (khar-khas') n/p.,,,Hebrew,Old Testament
H2746,חַרחוּר,fever (as hot),,,Hebrew,Old Testament
H2747,חֶרֶט,a chisel or graver,,,Hebrew,Old Testament
H2748,חַרטּוֹם,a horoscopist (as drawing magical lines or circles),,,Hebrew,Old Testament
H2749,חַרטּוֹם,magician,,,Hebrew,Old Testament
H2750,חֳרִי,a burning (i.e. intense) anger,,,Hebrew,Old Testament
H2751,חוֹרִי,white bread,,,Hebrew,Old Testament
H2752,חוֹרִי,cave-dweller or troglodyte,,,Hebrew,Old Testament
H2753,חוֹרִי חוֹרִי,Choriy (kho-ree') (or Chowriy kho-ree') n/p.,,,Hebrew,Old Testament
H2754,חָרִיטּ חָרִט,(properly) cut out (or hollow),,,Hebrew,Old Testament
H2755,חֲרֵי ־ יוֹנִים חֲרָאיוֹן,excrements of doves,,,Hebrew,Old Testament
H2756,חָרִיף,Chariyph (khaw-reef') n/p.,,,Hebrew,Old Testament
H2757,חָרִיצּ חָרִץ,(properly) incisure or (passively) incised,,,Hebrew,Old Testament
H2758,חָרִישׁ,ploughing or its season,,,Hebrew,Old Testament
H2759,חֲרִישִׁי,chariyshiy (khar-ee-shee') adj.,,,Hebrew,Old Testament
H2760,חָרַך,charak (khaw-rak') v.,,,Hebrew,Old Testament
H2761,חֲרַך,charak (khar-ak') v.,,,Hebrew,Old Testament
H2762,חֶרֶך,(properly) a net,,,Hebrew,Old Testament
H2763,חָרַם,charam (khaw-ram') v.,,,Hebrew,Old Testament
H2764,חֵרֶם חֶרֶם,physical (as shutting in) a net (either literally or figuratively),,,Hebrew,Old Testament
H2765,חֳרֵם,Chorem (khor-ame') n/l.,,,Hebrew,Old Testament
H2766,חָרִם,Charim (khaw-reem') n/p.,ఖారర్,కాల్చు,Hebrew,Old Testament
H2767,חָרמָה,Chormah (khor-maw') n/l.,,,Hebrew,Old Testament
H2768,חֶרמוֹן,Chermown (kher-mone') n/p.,,,Hebrew,Old Testament
H2769,חֶרמוֹנִים,Chermowniym (kher-mo-neem') n/p.,,,Hebrew,Old Testament
H2770,חֶרמֵשׁ,a sickle (as cutting),,,Hebrew,Old Testament
H2771,חָרָן,Charan (kaw-rawn') n/l.,,,Hebrew,Old Testament
H2772,חוֹרוֹנִי,a Choronite or inhabitant of Choronaim,,,Hebrew,Old Testament
H2773,חוֹרוֹנַיִם,Choronayim (kho-ro-nah'-yim) n/p.,,,Hebrew,Old Testament
H2774,חַרנֶפֶר,Charnepher (khar-neh'fer) n/p.,,,Hebrew,Old Testament
H2775,חֶרֶס חַרסָה,the itch,,,Hebrew,Old Testament
H2776,חֶרֶס,Cherec (kheh'-res) n/l.,,,Hebrew,Old Testament
H2777,חַרסוּת,a potsherd,,,Hebrew,Old Testament
H2778,חָרַף,charaph. (khaw-raf') v.,,,Hebrew,Old Testament
H2779,חוֹרֶף,(properly) the crop gathered,,,Hebrew,Old Testament
H2780,חָרֵף,Chareph (khaw-rafe') n/p.,,,Hebrew,Old Testament
H2781,חֶרפָּה,contumely,,,Hebrew,Old Testament
H2782,חָרַץ,charats (khaw-rats') v.,,,Hebrew,Old Testament
H2783,חֲרַץ,the loin (as the seat of strength),,,Hebrew,Old Testament
H2784,חַרצּוּבָּה,a fetter,,,Hebrew,Old Testament
H2785,חַרצַּן,a sour grape (as sharp in taste),,,Hebrew,Old Testament
H2786,חָרַק,charaq (khaw-rak') v.,,,Hebrew,Old Testament
H2787,חָרַר,charar (khaw-rar') v.,,,Hebrew,Old Testament
H2788,חָרֵר,arid,,,Hebrew,Old Testament
H2789,חֶרֶשׂ,a piece of pottery,,,Hebrew,Old Testament
H2790,חָרַשׁ,charash (khaw-rash') v.,,,Hebrew,Old Testament
H2791,חֶרֶשׁ,cheresh (kheh'-resh) adv.,,,Hebrew,Old Testament
H2792,חֶרֶשׁ,Cheresh (kheh'-resh) n/p.,,,Hebrew,Old Testament
H2793,חוֹרֶשׁ,a forest (perhaps as furnishing the material for fabric),,,Hebrew,Old Testament
H2794,חוֹרֵשׁ,a fabricator or mechanic,,,Hebrew,Old Testament
H2795,חֵרֵשׁ,cheresh (khay-rashe') adj.,,,Hebrew,Old Testament
H2796,חָרָשׁ,a fabricator or any material,,,Hebrew,Old Testament
H2797,חַרשָׁא,Charsha' (khar-shaw') n/p.,,,Hebrew,Old Testament
H2798,חֲרָשִׁים,Charashiym (khar-aw-sheem') n/p.,,,Hebrew,Old Testament
H2799,חֲרוֹשֶׁת,mechanical work,,,Hebrew,Old Testament
H2800,חֲרוֹשֶׁת,Charosheth (khar-o'-sheth) n/l.,,,Hebrew,Old Testament
H2801,חָרַת,charath (khaw-rath') v.,,,Hebrew,Old Testament
H2802,חֶרֶת,Chereth (kheh'-reth) n/l.,,,Hebrew,Old Testament
H2803,חָשַׁב,chashab (khaw-shab') v.,,,Hebrew,Old Testament
H2804,חֲשַׁב,chashab (khash-ab') v.,,,Hebrew,Old Testament
H2805,חֵשֶׁב,a belt or strap (as being interlaced),,,Hebrew,Old Testament
H2806,חַשׁבַּדָּנָה,Chashbaddanah (khash-bad-daw'-naw) n/p.,,,Hebrew,Old Testament
H2807,חֲשׁוּבָה,Chashubah (khash-oo-baw') n/p.,,,Hebrew,Old Testament
H2808,חֶשׁבּוֹן,(properly) contrivance,,,Hebrew,Old Testament
H2809,חֶשׁבּוֹן,Cheshbown (khesh-bone') n/l.,,,Hebrew,Old Testament
H2810,חִשָּׁבוֹן,a contrivance,,,Hebrew,Old Testament
H2811,חֲשַׁביָה חֲשַׁביָהוּ,Chashabyah (khash-ab-yaw') (or Chashabyahuw khash-ab-yaw'-hoo) n/p.,,,Hebrew,Old Testament
H2812,חֲשַׁבנָה,Chashabnah (khash-ab-naw') n/p.,,,Hebrew,Old Testament
H2813,חֲשַׁבנְיָה,Chashabnyah (khash-ab-neh-yaw') n/p.,,,Hebrew,Old Testament
H2814,חָשָׁה,chashah (khaw-shaw') v.,,,Hebrew,Old Testament
H2815,חַשּׁוּב,Chashshuwb (khash-shoob') n/p.,,,Hebrew,Old Testament
H2816,חֲשׁוֹך,the dark,,,Hebrew,Old Testament
H2817,חֲשׂוּפָא חֲשׂוּפָא,Chasuwpha' (khas-oo-faw') (or Chasuphao khas-oo-faw') n/p.,,,Hebrew,Old Testament
H2818,חֲשַׁח,chashach (khash-akh') v.,,,Hebrew,Old Testament
H2819,חַשׁחוּת,necessity,,,Hebrew,Old Testament
H2820,חָשַׂך,chasak (khaw-sak') v.,,,Hebrew,Old Testament
H2821,חָשַׁך,chashak (khaw-shak') v.,,,Hebrew,Old Testament
H2822,חוֹשֶׁך,the dark,ఖొషెక్,చీకటి,Hebrew,Old Testament
H2823,חָשׁוֹך,chashok (khaw-shoke') adj.,,,Hebrew,Old Testament
H2824,חֶשׁכָּה,darkness,,,Hebrew,Old Testament
H2825,חֲשֵׁכָה חֲשֵׁיכָּה,darkness,,,Hebrew,Old Testament
H2826,חָשַׁל,chashal (khaw-shal') v.,,,Hebrew,Old Testament
H2827,חֲשַׁל,chashal (khash-al') v.,,,Hebrew,Old Testament
H2828,חָשׁוּם,Chashum (khaw-shoom') n/p.,,,Hebrew,Old Testament
H2829,חֶשׁמוֹן,Cheshmown (klesh-mone') n/l.,,,Hebrew,Old Testament
H2830,חַשׁמַל,probably bronze or polished spectrum metal,,,Hebrew,Old Testament
H2831,חַשׁמַן,apparently wealthy,,,Hebrew,Old Testament
H2832,חַשׁמוֹנָה,Chashmonah (khash-mo-naw') n/l.,,,Hebrew,Old Testament
H2833,חוֹשֶׁן,perhaps a pocket (as holding the Urim and Thummim),,,Hebrew,Old Testament
H2834,חָשַׂף,chasaph (khaw-saf') v.,,,Hebrew,Old Testament
H2835,חָשִׂף,(properly) drawn off,,,Hebrew,Old Testament
H2836,חָשַׁק,chashaq (khaw-shak') v.,,,Hebrew,Old Testament
H2837,חֵשֶׁק,delight,,,Hebrew,Old Testament
H2838,חָשׁוּק חָשׁוּק,attached,,,Hebrew,Old Testament
H2839,חִשּׁוּק,conjoined,,,Hebrew,Old Testament
H2840,חִשּׁוּר,combined,,,Hebrew,Old Testament
H2841,חַשׁרָה,(properly) a combination or gathering,,,Hebrew,Old Testament
H2842,חָשַׁשׁ,dry grass,,,Hebrew,Old Testament
H2843,חוּשָׁתִי,a Chushathite or descendant of Chushah,,,Hebrew,Old Testament
H2844,חַת,(concretely) crushed,,,Hebrew,Old Testament
H2845,חֵת,Cheth (khayth) n/p.,,,Hebrew,Old Testament
H2846,חָתָה,chathah (khaw-thaw') v.,,,Hebrew,Old Testament
H2847,חִתּתָּה,fear,,,Hebrew,Old Testament
H2848,חִתּתּוּל,swathed,,,Hebrew,Old Testament
H2849,חַתחַת,terror,,,Hebrew,Old Testament
H2850,חִתּתִּי,a Chittite,,,Hebrew,Old Testament
H2851,חִתּתִּיתּ,fear,,,Hebrew,Old Testament
H2852,חָתַך,chathak (khaw-thak') v.,,,Hebrew,Old Testament
H2853,חָתַל,chathal (khaw-thal') v.,,,Hebrew,Old Testament
H2854,חֲתוּלָּה,a swathing cloth (figuratively),,,Hebrew,Old Testament
H2855,חֶתלוֹן,Chethlon (kheth-lone') n/l.,,,Hebrew,Old Testament
H2856,חָתַם,chatham (khaw-tham') v.,,,Hebrew,Old Testament
H2857,חֲתַם,chatham (khath-am') v.,,,Hebrew,Old Testament
H2858,חוֹתֶמֶת,a seal,,,Hebrew,Old Testament
H2859,חָתַן,chathan (khaw-than') v.,,,Hebrew,Old Testament
H2860,חָתָן,a relative by marriage (especially through the bride),,,Hebrew,Old Testament
H2861,חֲתוּנָּה,a wedding,,,Hebrew,Old Testament
H2862,חָתַף,chathaph (khaw-thaf') v.,,,Hebrew,Old Testament
H2863,חֶתֶף,(properly) rapine,,,Hebrew,Old Testament
H2864,חָתַר,chathar (khaw-thar') v.,,,Hebrew,Old Testament
H2865,חָתַת,chathath (khaw-thath') v.,,,Hebrew,Old Testament
H2866,חֲתַת,dismay,,,Hebrew,Old Testament
H2867,חֲתַת,Chathath (khath-ath') n/p.,,,Hebrew,Old Testament
H2868,טְּאֵב,t'eb (teh-abe') v.,,,Hebrew,Old Testament
H2869,טָּב,good,,,Hebrew,Old Testament
H2870,טָּבאֵל,tab'el (taw-beh-ale') n/p.,,,Hebrew,Old Testament
H2871,טָּבוּל,(properly) dyed,,,Hebrew,Old Testament
H2872,טַּבּוּר,(properly) accumulated,,,Hebrew,Old Testament
H2873,טָּבַח,tabach (taw-bakh') v.,,,Hebrew,Old Testament
H2874,טֶּבַח,(properly) something slaughtered,,,Hebrew,Old Testament
H2875,טֶּבַח,Tebach (teh'-bakh) n/p.,,,Hebrew,Old Testament
H2876,טַּבָּח,(properly) a butcher,,,Hebrew,Old Testament
H2877,טַּבָּח,a lifeguardsman,,,Hebrew,Old Testament
H2878,טִּבחָה,flesh,,,Hebrew,Old Testament
H2879,טַּבָּחָה,a female cook,,,Hebrew,Old Testament
H2880,טִּבחַת,Tibchath (tib-khath') n/l.,,,Hebrew,Old Testament
H2881,טָּבַל,tabal (taw-bal') v.,,,Hebrew,Old Testament
H2882,טְּבַליָהוּ,Tbalyahuw (teb-al-yaw'-hoo) n/p.,,,Hebrew,Old Testament
H2883,טָּבַע,taba` (taw-bah') v.,,,Hebrew,Old Testament
H2884,טַּבָּעוֹת,Tabba`owth (tab-baw-othe') n/p.,,,Hebrew,Old Testament
H2885,טַּבַּעַת,(properly) a seal (as sunk into the wax),,,Hebrew,Old Testament
H2886,טַּברִמּוֹן,Tabrimmown (tab-rim-mone') n/p.,,,Hebrew,Old Testament
H2887,טֵּבֶת,Tebeth (tay'-beth) n/t.,,,Hebrew,Old Testament
H2888,טַּבַּת,Tabbath (tab-bath') n/l.,,,Hebrew,Old Testament
H2889,טָּהוֹר טָּהוֹר,tahowr (taw-hore') (or tahor taw-hore') adj.,,,Hebrew,Old Testament
H2890,טְּהוֹר,purity,,,Hebrew,Old Testament
H2891,טָּהֵר,taher (taw-hare') v.,,,Hebrew,Old Testament
H2892,טּוֹהַר,literally brightness,,,Hebrew,Old Testament
H2893,טָּהֳרָה,ceremonial purification,,,Hebrew,Old Testament
H2894,טּוּא,tuw' (too) v.,,,Hebrew,Old Testament
H2895,טּוֹב,towb (tobe) v.,,,Hebrew,Old Testament
H2896,טּוֹב,towb (tobe) adj.,టోబ్,మంచి,Hebrew,Old Testament
H2897,טּוֹב,Towb (tobe) n/l.,,,Hebrew,Old Testament
H2898,טּוּב,(as a noun) good,,,Hebrew,Old Testament
H2899,טּוֹב אֲדוֹנִיָהוּ,Towb Adoniyahuw (tobe ado-nee-yah'-hoo) n/p.,,,Hebrew,Old Testament
H2900,טּוֹבִיָה טּוֹבִיָהוּ,Towbiyah (to-bee-yaw') (or Towbiyahuw to-bee-yaw'-hoo) n/p.,,,Hebrew,Old Testament
H2901,טָּוָה,tavah (taw-vaw') v.,,,Hebrew,Old Testament
H2902,טּוַּח,tuwach (too'-akh) v.,,,Hebrew,Old Testament
H2903,טּוֹפָפָה,a fillet for the forehead,,,Hebrew,Old Testament
H2904,טּוּל,tuwl (tool) v.,,,Hebrew,Old Testament
H2905,טּוּר,a row,,,Hebrew,Old Testament
H2906,טּוּר,a rock or hill,,,Hebrew,Old Testament
H2907,טּוּשׂ,tuws (toos) v.,,,Hebrew,Old Testament
H2908,טְּוָת,tvath (tev-awth') adv.,,,Hebrew,Old Testament
H2909,טָּחָה,tachah (taw-khaw') v.,,,Hebrew,Old Testament
H2910,טּוּחָה,(in the plural only) the kidneys (as being covered),,,Hebrew,Old Testament
H2911,טְּחוֹן,a hand mill,,,Hebrew,Old Testament
H2912,טָּחַן,tachan (taw-khan') v.,,,Hebrew,Old Testament
H2913,טַּחֲנָה,a hand mill,,,Hebrew,Old Testament
H2914,טְּחוֹר,a boil or ulcer (from the inflammation),,,Hebrew,Old Testament
H2915,טִּיַח,mortar or plaster,,,Hebrew,Old Testament
H2916,טִּיטּ,mud or clay,,,Hebrew,Old Testament
H2917,טִּין,clay,,,Hebrew,Old Testament
H2918,טִּירָה,a wall,,,Hebrew,Old Testament
H2919,טַּל,dew (as covering vegetation),,,Hebrew,Old Testament
H2920,טַּל,dew,,,Hebrew,Old Testament
H2921,טָּלָא,tala' (taw-law') v.,,,Hebrew,Old Testament
H2922,טְּלָא,a lamb,,,Hebrew,Old Testament
H2923,טְּלָאִים,Tla'iym (tel-aw-eem') n/l.,,,Hebrew,Old Testament
H2924,טָּלֶה,a lamb,,,Hebrew,Old Testament
H2925,טַּלטֵּלָה,overthrow or rejection,,,Hebrew,Old Testament
H2926,טָּלַל,talal (taw-lal') v.,,,Hebrew,Old Testament
H2927,טְּלַל,tlal (tel-al') v.,,,Hebrew,Old Testament
H2928,טֶּלֶם,Telem (teh'-lem) n/p.,,,Hebrew,Old Testament
H2929,טַּלמוֹן,Talmown (tal-mone') n/p.,,,Hebrew,Old Testament
H2930,טָּמֵא,tame' (taw-may') v.,,,Hebrew,Old Testament
H2931,טָּמֵא,tame' (taw-may') adj.,,,Hebrew,Old Testament
H2932,טּוּמאָה,religious impurity,టుమా,అపవిత్రత,Hebrew,Old Testament
H2933,טָּמָה,tamah (taw-maw') v.,,,Hebrew,Old Testament
H2934,טָּמַן,taman (taw-man') v.,,,Hebrew,Old Testament
H2935,טֶּנֶא,a basket (of interlaced osiers),,,Hebrew,Old Testament
H2936,טָּנַף,tanaph (taw-naf') v.,,,Hebrew,Old Testament
H2937,טָּעָה,ta`ah (taw-aw') v.,,,Hebrew,Old Testament
H2938,טָּעַם,ta`am (taw-am') v.,,,Hebrew,Old Testament
H2939,טְּעַם,t`am (teh-am') v.,,,Hebrew,Old Testament
H2940,טַּעַם,(properly) a taste,,,Hebrew,Old Testament
H2941,טַּעַם,(properly) a taste,,,Hebrew,Old Testament
H2942,טְּעֵם,(properly) flavor,,,Hebrew,Old Testament
H2943,טָּעַן,ta`an (taw-an') v.,,,Hebrew,Old Testament
H2944,טָּעַן,ta`an (taw-an') v.,,,Hebrew,Old Testament
H2945,טַּף,a family (mostly used collectively in the singular),,,Hebrew,Old Testament
H2946,טָּפַח,taphach (taw-fakh') v.,,,Hebrew,Old Testament
H2947,טֵּפַח,a spread of the hand,,,Hebrew,Old Testament
H2948,טּוֹפַח,hand-breadth (broad),,,Hebrew,Old Testament
H2949,טִּפּוּח,nursing,,,Hebrew,Old Testament
H2950,טָּפַל,taphal (taw-fal') v.,,,Hebrew,Old Testament
H2951,טִּפסַר,a military governor,,,Hebrew,Old Testament
H2952,טָּפַף,taphaph (taw-faf') v.,,,Hebrew,Old Testament
H2953,טְּפַר,a finger-nail,,,Hebrew,Old Testament
H2954,טָּפַשׁ,taphash (taw-fash') v.,,,Hebrew,Old Testament
H2955,טָּפַת,Taphath (taw-fath') n/p.,,,Hebrew,Old Testament
H2956,טָּרַד,tarad (taw-rad') v.,,,Hebrew,Old Testament
H2957,טְּרַד,trad (ter-ad') v.,,,Hebrew,Old Testament
H2958,טְּרוֹם,trowm (ter-ome') conj.,,,Hebrew,Old Testament
H2959,טָּרַח,tarach (taw-rakh') v.,,,Hebrew,Old Testament
H2960,טּוֹרַח,a burden,,,Hebrew,Old Testament
H2961,טָּרִי,tariy (taw-ree') adj.,,,Hebrew,Old Testament
H2962,טֶּרֶם,terem (teh'-rem) prep.,,,Hebrew,Old Testament
H2963,טָּרַף,taraph (taw-raf') v.,,,Hebrew,Old Testament
H2964,טֶּרֶף,something torn,,,Hebrew,Old Testament
H2965,טָּרָף,taraph (taw-rawf') adj.,,,Hebrew,Old Testament
H2966,טְּרֵפָה,prey,,,Hebrew,Old Testament
H2967,טַּרפְּלַי,a Tarpelite (collectively) or inhabitants of Tarpel,,,Hebrew,Old Testament
H2968,יָאַב,ya'ab (yaw-ab') v.,,,Hebrew,Old Testament
H2969,יָאָה,ya'ah (yaw-aw') v.,,,Hebrew,Old Testament
H2970,יַאֲזַניָה יַאֲזַניָהוּ,Ya'azanyah (yah-az-an-yaw') (or Ya.azanyahuw yah-az-an-yaw'-hoo) n/p.,,,Hebrew,Old Testament
H2971,יָאִיר,Ya'iyr (yaw-ere') n/p.,,,Hebrew,Old Testament
H2972,יָאִרִי,a Jairite or descendant of Jair,,,Hebrew,Old Testament
H2973,יָאַל,ya'al (yaw-al') v.,,,Hebrew,Old Testament
H2974,יָאַל,ya'al (yaw-al') v.,,,Hebrew,Old Testament
H2975,יְאוֹר,a channel,,,Hebrew,Old Testament
H2976,יָאַשׁ,ya'ash (yaw-ash') v.,,,Hebrew,Old Testament
H2977,יוֹאשִׁיָה יוֹאשִׁיָהוּ,Yo'shiyah (yo-shee-yaw') (or yo-she-yaw'-hoo) n/p.,,,Hebrew,Old Testament
H2978,יְאִתוֹן,an entry,,,Hebrew,Old Testament
H2979,יְאָתְרַי,y'athray (yeh-aw-ther-ah'ee) n/p.,,,Hebrew,Old Testament
H2980,יָבַב,yabab (yaw-bab) v.,,,Hebrew,Old Testament
H2981,יְבוּל,produce,,,Hebrew,Old Testament
H2982,יְבוּס,Ybuwc (yeb-oos') n/l.,,,Hebrew,Old Testament
H2983,יְבוּסִי,a Jebusite or inhabitant of Jebus,,,Hebrew,Old Testament
H2984,יִבחַר,Yibchar (yib-khar') n/p.,,,Hebrew,Old Testament
H2985,יָבִין,Yabiyn (yaw-bene') n/p.,,,Hebrew,Old Testament
H2986,יָבַל,yabal (yaw-bal') v.,,,Hebrew,Old Testament
H2987,יְבַל,ybal (yeb-al') v.,,,Hebrew,Old Testament
H2988,יָבָל,a stream,,,Hebrew,Old Testament
H2989,יָבָל,Yabal (yaw-bawl') n/p.,,,Hebrew,Old Testament
H2990,יַבֵּל,having running sores,,,Hebrew,Old Testament
H2991,יִבלְעָם,Yibl`am (yib-leh-awm') n/l.,,,Hebrew,Old Testament
H2992,יָבַם,yabam (yaw-bam') v.,,,Hebrew,Old Testament
H2993,יָבָם,a brother-in-law,,,Hebrew,Old Testament
H2994,יְבֵמֶת,a sister-in-law,,,Hebrew,Old Testament
H2995,יַבנְאֵל,Yabn'el (yab-neh-ale') n/l.,,,Hebrew,Old Testament
H2996,יַבנֶה,Yabneh (yab-neh') n/l.,,,Hebrew,Old Testament
H2997,יִבנְיָה,Yibnyah (yib-neh-yaw') n/p.,,,Hebrew,Old Testament
H2998,יִבנִיָה,Yibniyah (yib-nee-yaw') n/p.,,,Hebrew,Old Testament
H2999,יַבּוֹק,Yabboq (yab-boke') n/l.,,,Hebrew,Old Testament
H3000,יְבֶרֶכיָהוּ,Yberekyahuw (yeb-eh-rek-yaw'-hoo) n/p.,,,Hebrew,Old Testament
H3001,יָבֵשׁ,yabesh (yaw-bashe') v.,,,Hebrew,Old Testament
H3002,יָבֵשׁ,yabesh (yaw-bashe') adj.,,,Hebrew,Old Testament
H3003,יָבֵשׁ יָבֵישׁ,Yabesh (yaw-bashe') (also Yabeysh yaw-bashe') n/l.,,,Hebrew,Old Testament
H3004,יַבָּשָׂה,dry ground,,,Hebrew,Old Testament
H3005,יִבשָׂם,Yibsam (yib-sawm') n/p.,,,Hebrew,Old Testament
H3006,יַבֶּשֶׁת,dry ground,,,Hebrew,Old Testament
H3007,יַבֶּשֶׁת,dry land,,,Hebrew,Old Testament
H3008,יִגאָל,Yig'al (yig-awl') n/p.,,,Hebrew,Old Testament
H3009,יָגַב,yagab (yaw-gab') v.,,,Hebrew,Old Testament
H3010,יָגֵב,a plowed field,,,Hebrew,Old Testament
H3011,יָגבְּהָה,hillock,,,Hebrew,Old Testament
H3012,יִגדַּליָהוּ,Yigdalyahuw (yig-dal-yaw'-hoo) n/p.,,,Hebrew,Old Testament
H3013,יָגָה,yagah (yaw-gaw') v.,,,Hebrew,Old Testament
H3014,יָגָה,yagah (yaw-gaw') v.,,,Hebrew,Old Testament
H3015,יָגוֹן,affliction,,,Hebrew,Old Testament
H3016,יָגוֹר,yagowr (yaw-gore') adj.,,,Hebrew,Old Testament
H3017,יָגוּר,Yaguwr (yaw-goor') n/l.,,,Hebrew,Old Testament
H3018,יְגִיַע,toil,,,Hebrew,Old Testament
H3019,יָגִיַע,yagiya` (yaw-ghee'-ah) adj.,,,Hebrew,Old Testament
H3020,יָגלִי,Yogliy (yog-lee') n/p.,,,Hebrew,Old Testament
H3021,יָגַע,yaga` (yaw-gah') v.,,,Hebrew,Old Testament
H3022,יָגָע,earnings (as the product of toil),,,Hebrew,Old Testament
H3023,יָגֵַע,yagea` (yaw-gay'-ah) adj.,,,Hebrew,Old Testament
H3024,יְגִעָה,fatigue,,,Hebrew,Old Testament
H3025,יָגוֹר,yagor (yaw-gore') v.,,,Hebrew,Old Testament
H3026,יְגַר שַׂהֲדוּתָא,Ygar Sahaduwtha' (yegar' sah-had-oo-thaw') n/l.,,,Hebrew,Old Testament
H3027,יָד,a hand (the open one (indicating power,,,Hebrew,Old Testament
H3028,יַד,hand,,,Hebrew,Old Testament
H3029,יְדָא,yda' (yed-aw') v.,,,Hebrew,Old Testament
H3030,יִדאֲלָה,Yidalah (yid-al-aw') n/l.,,,Hebrew,Old Testament
H3031,יִדבָּשׁ,Yidbash (yid-bawsh') n/p.,,,Hebrew,Old Testament
H3032,יָדַד,yadad (yaw-dad') v.,,,Hebrew,Old Testament
H3033,יְדִדוּת,(properly) affection,,,Hebrew,Old Testament
H3034,יָדָה,yadah (yaw-daw') v.,,,Hebrew,Old Testament
H3035,יִדּוֹ,Yiddow (yid-do') n/p.,,,Hebrew,Old Testament
H3036,יָדוֹן,Yadown (yaw-done') n/p.,,,Hebrew,Old Testament
H3037,יַדּוַּע,Yadduwa` (yad-doo'-ah) n/p.,,,Hebrew,Old Testament
H3038,יְדוּתוּן יֶדוּתוּן יֶדִיתּוּן,Yduwthuwn (yed-oo-thoon') (or Yduthuwn yed-oo-thoon'or Ydiythuwn yed-ee-thoon',,,Hebrew,Old Testament
H3039,יְדִידּ,ydiyd (yed-eed') adj.,,,Hebrew,Old Testament
H3040,יְדִידָּה,Ydiydah (yed-ee-daw') n/p.,,,Hebrew,Old Testament
H3041,יְדִידְּיָה,Ydiydyah (yed-ee-deh-yaw') n/p.,,,Hebrew,Old Testament
H3042,יְדָיָה,Ydayah (yed-aw-yaw') n/p.,,,Hebrew,Old Testament
H3043,יְדִיעֲאֵל,Ydiy`a'el (yed-ee-ah-ale') n/p.,,,Hebrew,Old Testament
H3044,יִדלָף,Yidlaph (yid-lawf') n/p.,,,Hebrew,Old Testament
H3045,יָדַע,yada` (yaw-dah') v.,యాదా,తెలుసుకొను,Hebrew,Old Testament
H3046,יְדַע,yda` (yed-ah') v.,,,Hebrew,Old Testament
H3047,יָדָע,Yada` (yaw-daw') n/p.,,,Hebrew,Old Testament
H3048,יְדַעיָה,Ykda`yah (yed-ah-yaw') n/p.,,,Hebrew,Old Testament
H3049,יִדְּעוֹנִי,(properly) a knowing one,,,Hebrew,Old Testament
H3050,יָהּ,Yahh (yaw) n/p.,,,Hebrew,Old Testament
H3051,יָהַב,yahab (yaw-hab') v.,,,Hebrew,Old Testament
H3052,יְהַב,yhab (yeh-hab') v.,,,Hebrew,Old Testament
H3053,יְהָב,(properly) what is given (by Providence),,,Hebrew,Old Testament
H3054,יָהַד,yahad (yaw-had') v.,,,Hebrew,Old Testament
H3055,יְהוּד,Yhud (yeh-hood') n/l.,,,Hebrew,Old Testament
H3056,יֶהדַּי,Yehday (yeh-dah'-ee) n/p.,,,Hebrew,Old Testament
H3057,יְהוּדִיָה,Yhudiyah (yeh-hoo-dee-yaw') adj.,,,Hebrew,Old Testament
H3058,יֵהוּא,Yehuw' (yay-hoo') n/p.,,,Hebrew,Old Testament
H3059,יְהוֹאָחָז,Yhow'achaz (yeh-ho-aw-khawz') n/p.,,,Hebrew,Old Testament
H3060,יְהוֹאָשׁ,Yhow'ash (yeh-ho-awsh') n/p.,,,Hebrew,Old Testament
H3061,יְהוּד,Yhuwd (yeh-hood') n/l.,,,Hebrew,Old Testament
H3062,יְהוּדָאִי,Yhuwda'iy (yeh-hoo-daw-ee') n/g.,,,Hebrew,Old Testament
H3063,יְהוּדָה,Yhuwdah (yeh-hoo-daw') n/p.,,,Hebrew,Old Testament
H3064,יְהוּדִי,a Jehudite (i.e. Judaite or Jew),,,Hebrew,Old Testament
H3065,יְהוּדִי,Yhuwdiy (yeh-hoo-dee') n/p.,,,Hebrew,Old Testament
H3066,יְהוּדִיתּ,Yhuwdiyth (yeh-hoo-deeth') adj.,,,Hebrew,Old Testament
H3067,יְהוּדִיתּ,Yhuwdiyth (yeh-ho-deeth') n/p.,,,Hebrew,Old Testament
H3068,יְהוֹוָה,Yhovah (yeh-ho-vaw') n/p.,యహ్వే,యెహోవా,Hebrew,Old Testament
H3069,יְהוֹוִה,Yhovih (yeh-ho-vee') n/p.,యెహోవిహ్,యెహోవా,Hebrew,Old Testament
H3070,יְהוֹוָה יִראֶה,Yhovah yireh (yeh-ho-vaw' yir-eh') n/l.,,,Hebrew,Old Testament
H3071,יְהוֹוָה נִסִּי,Yhovah nicciy (yeh-ho-vaw' nis-see') n/l.,,,Hebrew,Old Testament
H3072,יְהוֹוָה צִּדקֵנוּ,Yhovah tsidqenuw (ye-ho-vaw' tsid-kay'-noo) n/p.,యహ్వే త్సిద్కేనూ,యెహోవా మన నీతి,Hebrew,Old Testament
H3073,יְהוֹוָה שָׁלוֹם,Yhavah shalowm (yeh-ho-vaw' shaw-lome') n/l.,,,Hebrew,Old Testament
H3074,יְהוֹוָה שָׁמָּה,Yhovah shammah (yeh-ho-vaw' shawm'-maw) n/l.,,,Hebrew,Old Testament
H3075,יְהוֹזָבָד,Yhowzabad (yeh-ho-zaw-bawd') n/p.,,,Hebrew,Old Testament
H3076,יְהוֹחָנָן,Yhowchanan (yeh-ho-khaw-nawn') n/p.,,,Hebrew,Old Testament
H3077,יְהוֹיָדָע,Yhowyada` (yeh-ho-yaw-daw') n/p.,,,Hebrew,Old Testament
H3078,יְהוֹיָכִין,Yhowyakiyn (yeh-ho-yaw-keen') n/p.,,,Hebrew,Old Testament
H3079,יְהוֹיָקִים,Yhowyaqiym (yeh-ho-yaw-keem') n/p.,,,Hebrew,Old Testament
H3080,יְהוֹיָרִיבּ,Yhowyariyb (yeh-ho-yaw-reeb') n/p.,,,Hebrew,Old Testament
H3081,יְהוּכַל,Yhuwkal (yeh-hoo-kal') n/p.,,,Hebrew,Old Testament
H3082,יְהוֹנָדָב,Yhownadab (yeh-ho-naw-dawb') n/p.,,,Hebrew,Old Testament
H3083,יְהוֹנָתָן,Yhownathan (yeh-ho-naw-thawn') n/p.,,,Hebrew,Old Testament
H3084,יְהוֹסֵף,Yhowceph (yeh-ho-safe') n/p.,,,Hebrew,Old Testament
H3085,יְהוֹעַדָּה,Yhow`addah (yeh-ho-ad-daw') n/p.,,,Hebrew,Old Testament
H3086,יְהוֹעַדִּין יְהוֹעַדָּן,Yhow`addiyn (yeh-ho-ad-deen') (or Yhowaddan yeh-ho-ad-dawn') n/p.,,,Hebrew,Old Testament
H3087,יְהוֹצָדָק,Yhowtsadaq (yeh-ho-tsaw-dawk') n/p.,,,Hebrew,Old Testament
H3088,יְהוֹרָם,Yhowram (yeh-ho-rawm') n/p.,,,Hebrew,Old Testament
H3089,יְהוֹשֶׁבַע,Yhowsheba` (yeh-ho-sheh'-bah) n/p.,,,Hebrew,Old Testament
H3090,יְהוֹשַׁבעַת,Yhowshab`ath (yeh-ho-shab-ath') n/p.,,,Hebrew,Old Testament
H3091,יְהוֹשׁוַּע יְהוֹשׁוַּע,Yhowshuwa` (yeh-ho-shoo'-ah) (or Yhowshua yeh-ho-shoo'-ah) n/p.,,,Hebrew,Old Testament
H3092,יְהוֹשָׁפָט,Yhowshaphat (yeh-ho-shaw-fawt') n/l.,,,Hebrew,Old Testament
H3093,יָהִיר,yahiyr (yaw-here') adj.,,,Hebrew,Old Testament
H3094,יְהַלֶּלאֵל,Yhallel'el (yeh-hal-lel-ale') n/p.,,,Hebrew,Old Testament
H3095,יַהֲלוֹם,a precious stone,,,Hebrew,Old Testament
H3096,יַהַץ יַהצָּה יַהצָּה,Yahats (yah'-hats) (or Yahtsah yah'-tsaw or (feminine) Yahtsah yah-tsaw',,,Hebrew,Old Testament
H3097,יוֹאָב,Yow'ab (yo-awb') n/p.,,,Hebrew,Old Testament
H3098,יוֹאָח,Yow'ach (yo-awkh') n/p.,,,Hebrew,Old Testament
H3099,יוֹאָחָז,Yow'achaz (yo-aw-khawz') n/p.,,,Hebrew,Old Testament
H3100,יוֹאֵל,Yow'el (yo-ale') n/p.,,,Hebrew,Old Testament
H3101,יוֹאָשׁ יוֹאָשׁ,Yow'ash (yo-awsh') (or Yoash (2 Chron. 24) n/p.,,,Hebrew,Old Testament
H3102,יוֹב,Yowb (yobe) n/p.,,,Hebrew,Old Testament
H3103,יוֹבָב,Yowbab (yo-bawb') n/p.,,,Hebrew,Old Testament
H3104,יוֹבֵל יוֹבֵל,the blast of a horn (from its continuous sound),,,Hebrew,Old Testament
H3105,יוּבַל,a stream,,,Hebrew,Old Testament
H3106,יוּבָל,Yuwbal (yoo-bawl') n/p.,,,Hebrew,Old Testament
H3107,יוֹזָבָד,Yowzabad (yo-zaw-bawd') n/p.,,,Hebrew,Old Testament
H3108,יוֹזָכָר,Yowzakar (yo-zaw-kawr') n/p.,,,Hebrew,Old Testament
H3109,יוֹחָא,Yowcha' (yo-khaw') n/p.,,,Hebrew,Old Testament
H3110,יוֹחָנָן,Yowchanan (yo-khaw-nawn') n/p.,,,Hebrew,Old Testament
H3111,יוֹיָדָע,Yowyada` (yo-yaw-daw') n/p.,,,Hebrew,Old Testament
H3112,יוֹיָכִין,Yowyakiyn (yo-yaw-keen') n/p.,,,Hebrew,Old Testament
H3113,יוֹיָקִים,Yowyaqiym (yo-yaw-keem') n/p.,,,Hebrew,Old Testament
H3114,יוֹיָרִיבּ,Yowyariyb (yo-yaw-reeb') n/p.,,,Hebrew,Old Testament
H3115,יוֹכֶבֶד,Yowkebed (yo-keh'-bed) n/p.,,,Hebrew,Old Testament
H3116,יוּכַל,Yuwkal (yoo-kal') n/p.,,,Hebrew,Old Testament
H3117,יוֹם,a day (as the warm hours),యోమ్,దినం,Hebrew,Old Testament
H3118,יוֹם,a day,,,Hebrew,Old Testament
H3119,יוֹמָם,yowmam (yo-mawm') adv.,,,Hebrew,Old Testament
H3120,יָוָן,Yavan (yaw-vawn') n/l.,,,Hebrew,Old Testament
H3121,יָוֵן,(properly) dregs (as effervescing),,,Hebrew,Old Testament
H3122,יוֹנָדָב,Yawnadab (yo-naw-dawb') n/p.,,,Hebrew,Old Testament
H3123,יוֹנָה,a dove (apparently from the warmth of their mating),,,Hebrew,Old Testament
H3124,יוֹנָה,Yonah (yo-naw') n/p.,,,Hebrew,Old Testament
H3125,יְוָנִי,Yvaniy (yev-aw-nee') adj.,,,Hebrew,Old Testament
H3126,יוֹנֵק,a sucker,,,Hebrew,Old Testament
H3127,יוֹנֶקֶת,a sprout,,,Hebrew,Old Testament
H3128,יוֹנַת אֵלֶם רְחוֹקִים,yownath 'elem rchoqiym (yo-nath' ay'-lem rekh-o-keem') n/t.,,,Hebrew,Old Testament
H3129,יוֹנָתָן,Yownathan (yo-naw-thawn') n/p.,,,Hebrew,Old Testament
H3130,יוֹסֵף,Yowceph (yo-safe') n/p.,,,Hebrew,Old Testament
H3131,יוֹסִפיָה,Yowciphyah (yo-sif-yaw') n/p.,,,Hebrew,Old Testament
H3132,יוֹעֵאלָה,Yow`e'lah (yo-ay-law') n/p.,,,Hebrew,Old Testament
H3133,יוֹעֵד,Yow`ed (yo-ade') n/p.,,,Hebrew,Old Testament
H3134,יוֹעֶזֶר,Yow`ezer (yo-eh'-zer) n/p.,,,Hebrew,Old Testament
H3135,יוֹעָשׁ,Yow`ash (yo-awsh') n/p.,,,Hebrew,Old Testament
H3136,יוֹצָדָק,Yowtsadaq (yo-tsaw-dawk') n/p.,,,Hebrew,Old Testament
H3137,יוֹקִים,Yowqiym (yo-keem') n/p.,,,Hebrew,Old Testament
H3138,יוֹרֶה,sprinkling,,,Hebrew,Old Testament
H3139,יוֹרָה,Yowrah (yo-raw') n/p.,,,Hebrew,Old Testament
H3140,יוֹרַי,Yowray (yo-rah'-ee) n/p.,,,Hebrew,Old Testament
H3141,יוֹרָם,Yowram (yo-rawm') n/p.,,,Hebrew,Old Testament
H3142,יוּשַׁב חֶסֶד,Yuwshab Checed (yoo-shab' kheh'-sed) n/p.,,,Hebrew,Old Testament
H3143,יוֹשִׁביָה,Yowshibyah (yo-shi-yaw') n/p.,,,Hebrew,Old Testament
H3144,יוֹשָׁה,Yowshah (yo-shaw') n/p.,,,Hebrew,Old Testament
H3145,יוֹשַׁויָה,Yowshavyah (yo-shav-yaw') n/p.,,,Hebrew,Old Testament
H3146,יוֹשָׁפָט,Yowshaphat (yo-shaw-fawt') n/p.,,,Hebrew,Old Testament
H3147,יוֹתָם,Yowtham (yo-thawm') n/p.,,,Hebrew,Old Testament
H3148,יוֹתֵר,yowther (yo-thare') adv.,,,Hebrew,Old Testament
H3149,יְזַואֵל,Yzav'el (yez-av-ale') n/p.,,,Hebrew,Old Testament
H3150,יִזִּיָה,Yizziyah (yiz-zee-yaw') n/p.,,,Hebrew,Old Testament
H3151,יָזִיז,Yaziyz (yaw-zeez') n/p.,,,Hebrew,Old Testament
H3152,יִזלִיאָה,Yizliy'ah (yiz-lee-aw') n/p.,,,Hebrew,Old Testament
H3153,יְזַניָה יְזַניָהוּ,Yzanyah (yez-an-yaw') (or Yzanyahuw yez-an-yaw'-hoo) n/p.,,,Hebrew,Old Testament
H3154,יֶזַע,sweat,,,Hebrew,Old Testament
H3155,יִזרָח,Yizrach (yiz-rawkh') adj.,,,Hebrew,Old Testament
H3156,יִזרַחיָה,Yizrachyah (yiz-rakh-yaw') n/p.,,,Hebrew,Old Testament
H3157,יִזרְעֵאל,Yizr`e'l (yiz-reh-ale') n/l.,,,Hebrew,Old Testament
H3158,יִזרְעֵאלִי,Yizr`e'liy (yiz-reh-ay-lee') adj.,,,Hebrew,Old Testament
H3159,יִזרְעֵאלִיתּ,Yizr`e'liyth (yiz-reh-ay-leeth') adj.,,,Hebrew,Old Testament
H3160,יְחוּבָּה,Ychubbah (yekh-oob-baw') n/p.,,,Hebrew,Old Testament
H3161,יָחַד,yachad (yaw-khad') v.,,,Hebrew,Old Testament
H3162,יַחַד,yachad (yakh'-ad) adv.,,,Hebrew,Old Testament
H3163,יַחדּוֹ,Yachdow (yakh-doe') n/p.,,,Hebrew,Old Testament
H3164,יַחדִּיאֵל,Yachdiy'el (yakh-dee-ale') n/p.,,,Hebrew,Old Testament
H3165,יֶחדִּיָהוּ,Yechdiyahuw (yekh-dee-yaw'-hoo) n/p.,,,Hebrew,Old Testament
H3166,יַחֲזִיאֵל,Yachaziy'el (yakh-az-ee-ale') n/p.,,,Hebrew,Old Testament
H3167,יַחזְיָה,Yachzyah (yakh-zeh-yaw') n/p.,,,Hebrew,Old Testament
H3168,יְחֶזקֵאל,Ychezqe'l (yekh-ez-kale') n/p.,,,Hebrew,Old Testament
H3169,יְחִזקִיָה יְחִזקִיָהוּ,Ychizqiyah (yekh-iz-kee-yaw') (or Ychizqiyahuw yekh-iz-kee-yaw'- hoo) n/p.,,,Hebrew,Old Testament
H3170,יַחזֵרָה,Yachzerah (yakh-zay-raw') n/p.,,,Hebrew,Old Testament
H3171,יְחִיאֵל יְחַואֵל,Ychiy'el (yekh-ee-ale') (or (2 Chron. 29) n/p.,,,Hebrew,Old Testament
H3172,יְחִיאֵלִי,Ychiy'eliy (yekh-ee-ay-lee') n/p.,,,Hebrew,Old Testament
H3173,יָחִידּ,yachiyd (yaw-kheed') adj.,,,Hebrew,Old Testament
H3174,יְחִיָה,Ychiyah (yekh-ee-yaw') n/p.,,,Hebrew,Old Testament
H3175,יָחִיל,yachiyl (yaw-kheel') adj.,,,Hebrew,Old Testament
H3176,יָחַל,yachal (yaw-chal') v.,,,Hebrew,Old Testament
H3177,יַחלְאֵל,Yachl'el (yakh-leh-ale') n/p.,,,Hebrew,Old Testament
H3178,יַחלְאֵלִי,Yachl'eliy (yakh-leh-ay-lee') adj.,,,Hebrew,Old Testament
H3179,יָחַם,yacham (yaw-kham') v.,,,Hebrew,Old Testament
H3180,יַחמוּר,a kind of deer (from the color,,,Hebrew,Old Testament
H3181,יַחמַי,Yachmay (yakh-mah'-ee) n/p.,,,Hebrew,Old Testament
H3182,יָחֵף,yacheph (yaw-khafe') adj.,,,Hebrew,Old Testament
H3183,יַחצְּאֵל,Yachts'el (yakh-tseh-ale') n/p.,,,Hebrew,Old Testament
H3184,יַחצְּאֵלִי,Yachts'eliy (yakh-tseh-ay-lee') adj.,,,Hebrew,Old Testament
H3185,יַחצִּיאֵל,Yachtsiy'el (yakh-tsee-ale') n/p.,,,Hebrew,Old Testament
H3186,יָחַר,yachar (yaw-khar') v.,,,Hebrew,Old Testament
H3187,יָחַשׂ,yachas (yaw-khas') v.,,,Hebrew,Old Testament
H3188,יַחַשׂ,a pedigree or family list (as growing spontaneously),,,Hebrew,Old Testament
H3189,יַחַת,Yachath (yakh'-ath) n/p.,,,Hebrew,Old Testament
H3190,יָטַב,yatab (yaw-tab') v.,యాటబ్,మంచి చేయు,Hebrew,Old Testament
H3191,יְטַב,ytab (yet-ab') v.,,,Hebrew,Old Testament
H3192,יָטבָּה,Yotbah (yot-baw') n/l.,,,Hebrew,Old Testament
H3193,יָטבָּתָה,Yotbathah (yot-baw'-thaw) n/l.,,,Hebrew,Old Testament
H3194,יוּטָּה יוּטָה,Yuttah (yoo-taw') (or Yuwtah yoo-taw') n/l.,,,Hebrew,Old Testament
H3195,יְטוּר,Ytuwr (yet-oor') n/p.,,,Hebrew,Old Testament
H3196,יַיִן,wine (as fermented),,,Hebrew,Old Testament
H3197,יַך,a hand or side,,,Hebrew,Old Testament
H3198,יָכַח,yakach (yaw-kahh') v.,,,Hebrew,Old Testament
H3199,יָכִין,Yakiyn (yaw-keen') n/p.,,,Hebrew,Old Testament
H3200,יָכִינִי,Yakiyniy (yaw-kee-nee') adj.,,,Hebrew,Old Testament
H3201,יָכוֹל יָכוֹל,yakol (yaw-kole') (or (fuller) yakowl yaw-kole') v.,,,Hebrew,Old Testament
H3202,יְכֵל יְכִיל,ykel (yek-ale') ((Aramaic) or ykiyl (Aramaic) yek-eel') v.,,,Hebrew,Old Testament
H3203,יְכָליָה יְכָליָהוּ יְכִילְיָה,Ykolyah (yek-ol-yaw') (and Ykolyahuw yek-ol-yaw'-hoo or (2 Chronicles 26) n/p.,,,Hebrew,Old Testament
H3204,יְכָניָה יְכָניָהוּ יְכוֹנְיָה,Ykonyah (yek-on-yaw') (and Ykonyahuw yek-on-yaw'-hoo or (Jereremiah 27) n/p.,,,Hebrew,Old Testament
H3205,יָלַד,yalad (yaw-lad') v.,,,Hebrew,Old Testament
H3206,יֶלֶד,something born,,,Hebrew,Old Testament
H3207,יַלדָּה,a lass,,,Hebrew,Old Testament
H3208,יַלדּוּת,boyhood (or girlhood),,,Hebrew,Old Testament
H3209,יִלּוֹד,yillowd (yil-lode') adj.,,,Hebrew,Old Testament
H3210,יָלוֹן,Yalown (yaw-lone') n/p.,,,Hebrew,Old Testament
H3211,יָלִידּ,yaliyd (yaw-leed') adj.,,,Hebrew,Old Testament
H3212,יָלַך,yalak (yaw-lak') v.,యాలక్,వెళ్ళు,Hebrew,Old Testament
H3213,יָלַל,yalal (yaw-lal') v.,,,Hebrew,Old Testament
H3214,יְלֵל,a howl,,,Hebrew,Old Testament
H3215,יְלָלָה,a howl,,,Hebrew,Old Testament
H3216,יָלַע,yala` (yaw-lah') v.,,,Hebrew,Old Testament
H3217,יַלֶּפֶת,scurf or tetter,,,Hebrew,Old Testament
H3218,יֶלֶק,a devourer,,,Hebrew,Old Testament
H3219,יַלקוּט,a travelling pouch (as if for gleanings),,,Hebrew,Old Testament
H3220,יָם,a sea (as breaking in noisy surf) or large body of water,,,Hebrew,Old Testament
H3221,יָם,sea,,,Hebrew,Old Testament
H3222,יֵם,a warm spring,,,Hebrew,Old Testament
H3223,יְמוּאֵל,Ymuw'el (yem-oo-ale') n/p.,,,Hebrew,Old Testament
H3224,יְמִימָה,Ymiymah (yem-ee-maw') n/p.,,,Hebrew,Old Testament
H3225,יָמִין,the right hand or side (leg,యామీన్,కుడి,Hebrew,Old Testament
H3226,יָמִין,Yamiyn (yaw-meen') n/p.,,,Hebrew,Old Testament
H3227,יְמִינִי,ymiyniy (yem-ee-nee') adj.,,,Hebrew,Old Testament
H3228,יְמִינִי,Ymiyniy (yem-ee-nee') adj.,,,Hebrew,Old Testament
H3229,יִמלָא יִמלָה,Yimla' (yeem-law') (or Yimlah yim-law') n/p.,,,Hebrew,Old Testament
H3230,יַמלֵך,Yamlek (yam-lake') n/p.,,,Hebrew,Old Testament
H3231,יָמַן,yaman (yaw-man') v.,,,Hebrew,Old Testament
H3232,יִמנָה,Yimnah (yim-naw') n/p.,,,Hebrew,Old Testament
H3233,יְמָנִי,ymaniy (yem-aw-nee') adj.,,,Hebrew,Old Testament
H3234,יִמנָע,Yimna` (yim-naw') n/p.,,,Hebrew,Old Testament
H3235,יָמַר,yamar (yaw-mar') v.,,,Hebrew,Old Testament
H3236,יִמרָה,Yimrah (yim-raw') n/p.,,,Hebrew,Old Testament
H3237,יָמַשׁ,yamash (yaw-mash') v.,,,Hebrew,Old Testament
H3238,יָנָה,yanah (yaw-naw') v.,,,Hebrew,Old Testament
H3239,יָנוַֹח יָנוֹחָה,Yanowach (yaw-no'-akh,,,Hebrew,Old Testament
H3240,יָנַח,yanach (yaw-nakh') v.,,,Hebrew,Old Testament
H3241,יָנִים,Yaniym (yaw-neem') n/l.,,,Hebrew,Old Testament
H3242,יְנִיקָה,a sucker or sapling,,,Hebrew,Old Testament
H3243,יָנַק,yanaq (yaw-nak') v.,,,Hebrew,Old Testament
H3244,יַנשׁוּף יַנשׁוֹף,an unclean (acquatic) bird,,,Hebrew,Old Testament
H3245,יָסַד,yacad (yaw-sad') v.,,,Hebrew,Old Testament
H3246,יְסוּד,a foundation,,,Hebrew,Old Testament
H3247,יְסוֹד,a foundation (literally or figuratively),,,Hebrew,Old Testament
H3248,יְסוּדָה,a foundation,,,Hebrew,Old Testament
H3249,יָסוּר,yacuwr (yaw-soor') adj.,,,Hebrew,Old Testament
H3250,יִסּוֹר,a reprover,,,Hebrew,Old Testament
H3251,יָסַך,yacak (yaw-sak') v.,,,Hebrew,Old Testament
H3252,יִסכָּה,Yickah (yis-kaw') n/p.,,,Hebrew,Old Testament
H3253,יִסמַכיָהוּ,Yicmakyahuw,,,Hebrew,Old Testament
H3254,יָסַף,yacaph (yaw-saf') v.,యాసఫ్,చేర్చు,Hebrew,Old Testament
H3255,יְסַף,ycaph (yes-af') v.,,,Hebrew,Old Testament
H3256,יָסַר,yacar (yaw-sar') v.,,,Hebrew,Old Testament
H3257,יָע,a shovel,,,Hebrew,Old Testament
H3258,יַעבֵּץ,Ya`bets (yah-bates') n/l.,,,Hebrew,Old Testament
H3259,יָעַד,ya`ad (yaw-ad') v.,,,Hebrew,Old Testament
H3260,יֶעדִּי,Y`diy (yed-ee') n/p.,,,Hebrew,Old Testament
H3261,יָעָה,ya`ah (yaw-aw') v.,,,Hebrew,Old Testament
H3262,יְעוּאֵל,Y`uw'el (yeh-oo-ale') n/p.,,,Hebrew,Old Testament
H3263,יְעוּץ,Y`uwts (yeh-oots') n/p.,,,Hebrew,Old Testament
H3264,יָעוֹר,a forest,,,Hebrew,Old Testament
H3265,יָעוּר,Ya`uwr (yaw-oor') n/p.,,,Hebrew,Old Testament
H3266,יְעוּשׁ,Y`uwsh (yeh-oosh') n/p.,,,Hebrew,Old Testament
H3267,יָעַז,ya`az (yaw-az') v.,,,Hebrew,Old Testament
H3268,יַעֲזִיאֵל,Ya`aziy'el (yah-az-ee-ale') n/p.,,,Hebrew,Old Testament
H3269,יַעֲזִיָהוּ,Ya`aziyahuw (yah-az-ee-yaw'-hoo) n/p.,,,Hebrew,Old Testament
H3270,יַעֲזֵיר יַעזֵר,Ya`azeyr (yah-az-ayr') (or Yazer yah-zare') n/l.,,,Hebrew,Old Testament
H3271,יָעַט,ya`at (yaw-at') v.,,,Hebrew,Old Testament
H3272,יְעַט,y`at,,,Hebrew,Old Testament
H3273,יְעִיאֵל,Y`iy'el (yeh-ee-ale') n/p.,,,Hebrew,Old Testament
H3274,יְעִישׁ,Y`iysh (yeh-eesh') n/p.,,,Hebrew,Old Testament
H3275,יַעכָּן,Ya`kan (yah-kawn') n/p.,,,Hebrew,Old Testament
H3276,יַעַל,ya`al (yaw-al') v.,,,Hebrew,Old Testament
H3277,יָעֵל,an ibex (as climbing),,,Hebrew,Old Testament
H3278,יָעֵל,Ya`el (yaw-ale') n/p.,,,Hebrew,Old Testament
H3279,יַעֲלָא יַעֲלָה,Ya`ala' (yah-al-aw') (or Yaaalah yah-al-aw') n/p.,,,Hebrew,Old Testament
H3280,יַעֲלָה,roe,,,Hebrew,Old Testament
H3281,יַעלָם,Ya`lam (yah-lawm') n/p.,,,Hebrew,Old Testament
H3282,יַעַן,ya`an (yah'-an) prep.,,,Hebrew,Old Testament
H3283,יָעֵן,the ostrich,,,Hebrew,Old Testament
H3284,יַעֲנָה,an unclean bird,,,Hebrew,Old Testament
H3285,יַעֲנַי,Ya`anay (yah-an-ah'ee) n/p.,,,Hebrew,Old Testament
H3286,יָעַף,ya`aph (yaw-af') v.,,,Hebrew,Old Testament
H3287,יָעֵף,ya`ph (yaw-afe',,,Hebrew,Old Testament
H3288,יְעָף,fatigue,,,Hebrew,Old Testament
H3289,יָעַץ,ya`ats (yaw-ats') v.,,,Hebrew,Old Testament
H3290,יַעֲקוֹב,Ya`aqob (yah-ak-obe') n/p.,,,Hebrew,Old Testament
H3291,יַעֲקוֹבָה,Ya`aqobah (yah-ak-o'-baw) n/p.,,,Hebrew,Old Testament
H3292,יַעֲקָן,Ya`aqan (yah-ak-awn') n/p.,,,Hebrew,Old Testament
H3293,יַעַר,a copse of bushes,,,Hebrew,Old Testament
H3294,יַערָה,Ya`rah (yah-raw') n/p.,,,Hebrew,Old Testament
H3295,יַעֲרָה,(honey-) comb,,,Hebrew,Old Testament
H3296,יַעֲרֵי אוֹרְגִים,Ya`arey 'Orgiym (yah-ar-ay' o-reg-eem') n/p.,,,Hebrew,Old Testament
H3297,יְעָרִים,Y`ariym (yeh-aw-reem') n/l.,,,Hebrew,Old Testament
H3298,יַעֲרֶשׁיָה,Ya`areshyah (yah-ar-esh-yaw') n/p.,,,Hebrew,Old Testament
H3299,יַעֲשׂוּ,Ya`asuw (yah-as-oo') n/p.,,,Hebrew,Old Testament
H3300,יַעֲשִׂיאֵל,Ya`asiy'el (yah-as-ee-ale') n/p.,,,Hebrew,Old Testament
H3301,יִפדְּיָה,Yiphdyah (yif-deh-yaw') n/p.,,,Hebrew,Old Testament
H3302,יָפָה,yaphah (yaw-faw') v.,,,Hebrew,Old Testament
H3303,יָפֶה,yapheh (yaw-feh') adj.,,,Hebrew,Old Testament
H3304,יְפֵה ־ פִיָה,ypheh-phiyah (yef-eh' fee-yaw') adj.,,,Hebrew,Old Testament
H3305,יָפוֹ יָפוֹא,Yapho (yaw-fo') (or Yaphow (Ezra 3) n/l.,,,Hebrew,Old Testament
H3306,יָפַח,yaphach (yaw-fakh') v.,,,Hebrew,Old Testament
H3307,יָפֵַח,yapheach (yaw-fay'-akh) adj.,,,Hebrew,Old Testament
H3308,יֳפִי,beauty,,,Hebrew,Old Testament
H3309,יָפִיַע,Yaphiya` (yaw-fee'-ah) n/l.,,,Hebrew,Old Testament
H3310,יַפלֵט,Yaphlet (yaf-late') n/p.,,,Hebrew,Old Testament
H3311,יַפלֵטִי,Yaphletiy (yaf-lay-tee') adj.,,,Hebrew,Old Testament
H3312,יְפוּנֶּה,Yphunneh (yef-oon-neh') n/p.,,,Hebrew,Old Testament
H3313,יָפַע,yapha` (yaw-fah') v.,,,Hebrew,Old Testament
H3314,יִפעָה,splendor,,,Hebrew,Old Testament
H3315,יֶפֶת,Yepheth (yeh'-feth) n/p.,,,Hebrew,Old Testament
H3316,יִפתָּח,Yiphtach (yif-tawkh') n/l.,,,Hebrew,Old Testament
H3317,יִפתַּח ־ אֵל,Yiphtach-'el (yif-tach-ale') n/l.,,,Hebrew,Old Testament
H3318,יָצָא,yatsa' (yaw-tsaw') v.,యాత్సా,బయటకు వెళ్ళు,Hebrew,Old Testament
H3319,יְצָא,ytsa' (yets-aw') v.,,,Hebrew,Old Testament
H3320,יָצַב,yatsab (yaw-tsab') v.,,,Hebrew,Old Testament
H3321,יְצֵב,ytseb (yets-abe') v.,,,Hebrew,Old Testament
H3322,יָצַג,yatsag (yaw-tsag') v.,,,Hebrew,Old Testament
H3323,יִצהָר,oil (as producing light),,,Hebrew,Old Testament
H3324,יִצהָר,Yitshar (yits-hawr') n/p.,,,Hebrew,Old Testament
H3325,יִצהָרִי,Yitshariy (yits-haw-ree') adj.,,,Hebrew,Old Testament
H3326,יָצוַּע,spread,,,Hebrew,Old Testament
H3327,יִצחָק,Yitschaq (yits-khawk') n/p.,,,Hebrew,Old Testament
H3328,יִצחַר,Yitschar (yits-khar') n/p.,,,Hebrew,Old Testament
H3329,יָצִיא,yatsiy' (yaw-tsee') adj.,,,Hebrew,Old Testament
H3330,יַצִּיבּ,yatstsiyb (yats-tseeb') adj.,,,Hebrew,Old Testament
H3331,יַצַע,yatsa` (yaw-tsah') v.,,,Hebrew,Old Testament
H3332,יָצַק,yatsaq (yaw-tsak') v.,,,Hebrew,Old Testament
H3333,יְצוּקָה,poured out,,,Hebrew,Old Testament
H3334,יָצַר,yatsar (yaw-tsar') v.,,,Hebrew,Old Testament
H3335,יָצַר,yatsar (yaw-tsar') v.,,,Hebrew,Old Testament
H3336,יֵצֶר,a form,,,Hebrew,Old Testament
H3337,יֵצֶר,Yetser (yay-tser) n/p.,,,Hebrew,Old Testament
H3338,יָצוּר,structure,,,Hebrew,Old Testament
H3339,יִצרִי,Yitsriy (yits-ree') n/p.,,,Hebrew,Old Testament
H3340,יִצרִי,Yitsriy (yits-ree') adj.,,,Hebrew,Old Testament
H3341,יָצַת,yatsath (yaw-tsath') v.,,,Hebrew,Old Testament
H3342,יֶקֶב,a trough (as dug out),,,Hebrew,Old Testament
H3343,יְקַבצְּאֵל,Yqabts'el (yek-ab-tseh-ale') n/l.,,,Hebrew,Old Testament
H3344,יָקַד,yaqad (yaw-kad') v.,,,Hebrew,Old Testament
H3345,יְקַד,yqad (yek-ad') v.,,,Hebrew,Old Testament
H3346,יְקֵדָא,a conflagration,,,Hebrew,Old Testament
H3347,יָקדְּעָם,Yoqd`am (yok-deh-awm') n/l.,,,Hebrew,Old Testament
H3348,יָקֶה,Yaqeh (yaw-keh') n/p.,,,Hebrew,Old Testament
H3349,יִקָּהָה,obedience,,,Hebrew,Old Testament
H3350,יְקוֹד,a burning,,,Hebrew,Old Testament
H3351,יְקוּם,(properly) standing (extant),,,Hebrew,Old Testament
H3352,יָקוֹשׁ,(properly) entangling,,,Hebrew,Old Testament
H3353,יָקוּשׁ,(properly) entangled,,,Hebrew,Old Testament
H3354,יְקוּתִיאֵל,Yquwthiy'el (yek-ooth-ee'-ale) n/p.,,,Hebrew,Old Testament
H3355,יָקטָּן,Yoqtan (yok-tawn') n/p.,,,Hebrew,Old Testament
H3356,יָקִים,Yaqiym (yaw-keem') n/p.,,,Hebrew,Old Testament
H3357,יַקִּיר,yaqqiyr (yak-keer') adj.,,,Hebrew,Old Testament
H3358,יַקִּיר,yaqqiyr (yak-keer') adj.,,,Hebrew,Old Testament
H3359,יְקַמיָה,Yqamyah (yek-am-yaw') n/p.,,,Hebrew,Old Testament
H3360,יְקַמעָם,Yqam`am (yek-am'-awm) n/p.,,,Hebrew,Old Testament
H3361,יָקמְעָם,Yoqm`am (yok-meh-awm') n/l.,,,Hebrew,Old Testament
H3362,יָקנְעָם,Yoqn`am (yok-neh-awm') n/l.,,,Hebrew,Old Testament
H3363,יָקַע,yaqa` (yaw-kah') v.,,,Hebrew,Old Testament
H3364,יָקַץ,yaqats (yaw-kats') v.,,,Hebrew,Old Testament
H3365,יָקַר,yaqar (yaw-kar') v.,,,Hebrew,Old Testament
H3366,יְקָר,value,,,Hebrew,Old Testament
H3367,יְקָר,glory,,,Hebrew,Old Testament
H3368,יָקָר,yaqar (yaw-kawr') adj.,,,Hebrew,Old Testament
H3369,יָקוֹשׁ,yaqosh (yaw-koshe') v.,,,Hebrew,Old Testament
H3370,יָקשָׁן,Yoqshan (yok-shawn') n/p.,,,Hebrew,Old Testament
H3371,יָקתְּאֵל,Yoqth'el (yok-theh-ale') n/l.,,,Hebrew,Old Testament
H3372,יָרֵא,yare' (yaw-ray') v.,యారా,భయపడు,Hebrew,Old Testament
H3373,יָרֵא,yare' (yaw-ray') adj.,,,Hebrew,Old Testament
H3374,יִראָה,fear (also used as infinitive),,,Hebrew,Old Testament
H3375,יִראוֹן,Yirown (yir-ohn') n/l.,,,Hebrew,Old Testament
H3376,יִראִיָיה,Yir'iyayh (yir-ee-yaw') n/p.,,,Hebrew,Old Testament
H3377,יָרֵב,he will contend,,,Hebrew,Old Testament
H3378,יְרוּבַּעַל,Yrubba`al (yer-oob-bah'-al) n/p.,,,Hebrew,Old Testament
H3379,יָרָבעָם,Yarob`am (yaw-rob-awm') n/p.,,,Hebrew,Old Testament
H3380,יְרוּבֶּשֶׁת,Yrubbesheth (yer-oob-beh'-sheth) n/p.,,,Hebrew,Old Testament
H3381,יָרַד,yarad (yaw-rad') v.,యారద్,దిగు,Hebrew,Old Testament
H3382,יֶרֶד,Yered (yeh'-red) n/p.,,,Hebrew,Old Testament
H3383,יַרדֵּן,Yarden (yar-dane') n/l.,,,Hebrew,Old Testament
H3384,יָרָה יָרָא,yarah (yaw-raw') (or (2 Chr. 26) v.,యారా,బోధించు,Hebrew,Old Testament
H3385,יְרוּאֵל,Yruw'el (yer-oo-ale') n/l.,,,Hebrew,Old Testament
H3386,יָרוַֹח,Yarowach (yaw-ro'-akh) n/p.,,,Hebrew,Old Testament
H3387,יָרוֹק,green,,,Hebrew,Old Testament
H3388,יְרוּשָׁא יְרוּשָׁה,Yruwsha' (yer-oo-shaw') (or Yaruwshah yer-oo-shaw') n/p.,,,Hebrew,Old Testament
H3389,יְרוּשָׁלִַם יְרוּשָׁלַיִם,Yruwshalaim (yer-oo-shaw-lah'-im) (rarely Yruwshalayim yer-oo- shaw-lah'-yim) n/l.,,,Hebrew,Old Testament
H3390,יְרוּשָׁלֵם,Yruwshalem (yer-oo-shaw-lame') n/l.,,,Hebrew,Old Testament
H3391,יֶרַח,a lunation,,,Hebrew,Old Testament
H3392,יֶרַח,Yerach (yeh'-rakh) n/p.,,,Hebrew,Old Testament
H3393,יְרַח,a month,,,Hebrew,Old Testament
H3394,יָרֵַח,the moon,,,Hebrew,Old Testament
H3395,יְרוֹחָם,Yrocham (yer-o-khawm') n/p.,,,Hebrew,Old Testament
H3396,יְרַחמְאֵל,Yrachm'el (yer-akh-meh-ale') n/p.,,,Hebrew,Old Testament
H3397,יְרַחמְאֵלִי,Yrachm'eliy (yer-akh-meh-ay-lee') adj.,,,Hebrew,Old Testament
H3398,יַרחָע,Yarcha` (yar-khaw') n/p.,,,Hebrew,Old Testament
H3399,יָרַט,yarat (yaw-rat') v.,,,Hebrew,Old Testament
H3400,יְרִיאֵל,Yriy'el (yer-ee-ale') n/p.,,,Hebrew,Old Testament
H3401,יָרִיבּ,(literally) he will contend,,,Hebrew,Old Testament
H3402,יָרִיבּ,Yariyb (yaw-rebe') n/p.,,,Hebrew,Old Testament
H3403,יְרִיבַּי,Yriybay (yer-eeb-ah'ee) n/p.,,,Hebrew,Old Testament
H3404,יְרִיָה יְרִיָהוּ,Yriyah (yer-ee-yaw') (or Yriyahuw yer-ee-yaw'-hoo) n/p.,,,Hebrew,Old Testament
H3405,יְרִיחוֹ יְרֵחוֹ יְרִיחוֹה,Yriychow (yer-ee-kho') (or Yrechow yer-ay-kho' or variation (1 Kings 16) n/l.,,,Hebrew,Old Testament
H3406,יְרִימוֹת יְרֵימוֹת יְרֵמוֹת,Yriymowth (yer-ee-mohth') (or Yreymowth yer-ay-mohth' or Yremowth yer-ay-mohth',,,Hebrew,Old Testament
H3407,יְרִיעָה,a hanging (as tremulous),,,Hebrew,Old Testament
H3408,יְרִיעוֹת,Yriy`owth (yer-ee-ohth') n/p.,,,Hebrew,Old Testament
H3409,יָרֵך,the thigh (from its fleshy softness),,,Hebrew,Old Testament
H3410,יַרכָּא,a thigh,,,Hebrew,Old Testament
H3411,יְרֵכָה,(properly) the flank,,,Hebrew,Old Testament
H3412,יַרמוּת,Yarmuwth (yar-mooth') n/l.,,,Hebrew,Old Testament
H3413,יְרֵמַי,Yremay (yer-ay-mah'-ee) n/p.,,,Hebrew,Old Testament
H3414,יִרמְיָה יִרמְיָהוּ,Yirmyah (yir-meh-yaw') (or Yirmyahuw yir-meh-yaw'-hoo) n/p.,,,Hebrew,Old Testament
H3415,יָרַע,yara` (yaw-rah') v.,,,Hebrew,Old Testament
H3416,יִרפְּאֵל,Yirp'el (yir-peh-ale') n/l.,,,Hebrew,Old Testament
H3417,יָרַק,yaraq (yaw-rak') v.,,,Hebrew,Old Testament
H3418,יֶרֶק,(properly) pallor,,,Hebrew,Old Testament
H3419,יָרָק,(properly) green,,,Hebrew,Old Testament
H3420,יֵרָקוֹן,paleness,,,Hebrew,Old Testament
H3421,יָרקְעָם,Yorq`am (yor-keh-awm') n/p.,,,Hebrew,Old Testament
H3422,יְרַקרַק,yraqraq (yer-ak-rak') adj.,,,Hebrew,Old Testament
H3423,יָרַשׁ יָרֵשׁ,yarash (yaw-rash') (or yaresh yaw-raysh') v.,,,Hebrew,Old Testament
H3424,יְרֵשָׁה,occupancy,,,Hebrew,Old Testament
H3425,יְרוּשָּׁה,something occupied,,,Hebrew,Old Testament
H3426,יֵשׁ,yesh (yaysh) subv.,యేష్,ఉన్నది,Hebrew,Old Testament
H3427,יָשַׁב,yashab (yaw-shab') v.,యాషబ్,కూర్చుండు,Hebrew,Old Testament
H3428,יֶשֶׁבאָב,Yesheb'ab (yeh-sheb-awb') n/p.,,,Hebrew,Old Testament
H3429,יוֹשֵׁב בַּשֶּׁבֶת,Yosheb bash-Shebeth (yo-shabe' bash-sheh'-beth) n/p.,,,Hebrew,Old Testament
H3430,יִשׁבּוֹ בְּנוֹב,Yishbow b-Nob (yish-bo'beh-nobe) n/p.,,,Hebrew,Old Testament
H3431,יִשׁבַּח,Yishbach (yish-bakh') n/p.,,,Hebrew,Old Testament
H3432,יָשׁוּבִי,Yashubiy (yaw-shoo-bee') adj.,,,Hebrew,Old Testament
H3433,יָשׁוּבִי לֶחֶם יוֹשֶׁבֵי לֶחֶם,Yashubiy Lechem (yaw-shoo-bee' leh'-khem) n/p.,,,Hebrew,Old Testament
H3434,יָשָׁבעָם,Yashob`am (yaw-shob-awm') n/p.,,,Hebrew,Old Testament
H3435,יִשׁבָּק,Yishbaq (yish-bawk') n/p.,,,Hebrew,Old Testament
H3436,יָשׁבְּקָשָׁה,Yoshbqashah (yosh-bek-aw-shaw') n/p.,,,Hebrew,Old Testament
H3437,יָשׁוּב יָשִׁיבּ,Yashuwb (yaw-shoob') (or Yashiyb yaw-sheeb') n/p.,,,Hebrew,Old Testament
H3438,יִשׁוָה,Yishvah (yish-vaw') n/p.,,,Hebrew,Old Testament
H3439,יְשׁוֹחָיָה,Yshowchayah (yesh-o-khaw-yaw') n/p.,,,Hebrew,Old Testament
H3440,יִשׁוִי,Yishviy (yish-vee') n/p.,,,Hebrew,Old Testament
H3441,יִשׁוִי,Yishviy (yish-vee') adj.,,,Hebrew,Old Testament
H3442,יֵשׁוַּע,Yeshuwa` (yay-shoo'-ah) n/l.,,,Hebrew,Old Testament
H3443,יֵשׁוַּע,Yeshuwa` (yay-shoo'-ah) n/p.,,,Hebrew,Old Testament
H3444,יְשׁוּעָה,something saved,యెషూఆ,రక్షణ,Hebrew,Old Testament
H3445,יֶשַׁח,hunger,,,Hebrew,Old Testament
H3446,יִשׂחָק,Yischaq (yis-khawk') n/p.,,,Hebrew,Old Testament
H3447,יָשַׁט,yashat (yaw-shat') v.,,,Hebrew,Old Testament
H3448,יִשַׁי אִישַׁי,Yishay (yee-shah'-ee) (by Aramaic Iyshay ee-shah'-ee) n/p.,,,Hebrew,Old Testament
H3449,יִשִּׁיָה יִשִּׁיָהוּ,Yishshiyah (yish-shee-yaw') (or Yishshiyahuw yish-shee-yaw'-hoo) n/p.,,,Hebrew,Old Testament
H3450,יְשִׂימִאֵל,Ysiyma'el (yes-eem-aw-ale') n/p.,,,Hebrew,Old Testament
H3451,יְשִׁימָה,desolation,,,Hebrew,Old Testament
H3452,יְשִׁימוֹן,a desolation,,,Hebrew,Old Testament
H3453,יָשִׁישׁ,yashiysh (yaw-sheesh') adj.,,,Hebrew,Old Testament
H3454,יְשִׁישָׁי,Yshiyshay (yesh-ee-shah'-ee) n/p.,,,Hebrew,Old Testament
H3455,יָשַׂם,yasam (yaw-sam') v.,,,Hebrew,Old Testament
H3456,יָשַׁם,yasham (yaw-sham') v.,,,Hebrew,Old Testament
H3457,יִשׁמָא,Yishma' (yish-maw') n/p.,,,Hebrew,Old Testament
H3458,יִשׁמָעֵאל,Yishma`e'l (yish-maw-ale') n/p.,,,Hebrew,Old Testament
H3459,יִשׁמָעֵאלִי,Yishma`e'liy (yish-maw-ay-lee') adj.,,,Hebrew,Old Testament
H3460,יִשׁמַעיָה יִשׁמַעיָהוּ,Yishma`yah (yish-mah-yaw') (or Yishmacyahuw yish-mah-yaw'-hoo) n/p.,,,Hebrew,Old Testament
H3461,יִשׁמְרַי,Yishmray (yish-mer-ah'-ee) n/p.,,,Hebrew,Old Testament
H3462,יָשֵׁן,yashen (yaw-shane') v.,,,Hebrew,Old Testament
H3463,יָשֵׁן,yashen (yaw-shane') adj.,,,Hebrew,Old Testament
H3464,יָשֵׁן,Yashen (yaw-shane') n/p.,,,Hebrew,Old Testament
H3465,יָשָׁן,yashan (yaw-shawn') adj.,,,Hebrew,Old Testament
H3466,יְשָׁנָה,Yshanah (yesh-aw-naw') n/p.,,,Hebrew,Old Testament
H3467,יָשַׁע,yasha` (yaw-shah') v.,యాషా,రక్షించు,Hebrew,Old Testament
H3468,יֶשַׁע יֵשַׁע,liberty,,,Hebrew,Old Testament
H3469,יִשׁעִי,Yish`iy (yish-ee') n/p.,,,Hebrew,Old Testament
H3470,יְשַׁעיָה יְשַׁעיָהוּ,Ysha`yah (yesh-ah-yaw') (or Yshayahuw yesh-ah-yaw'-hoo) n/p.,,,Hebrew,Old Testament
H3471,יָשׁפֵה,a gem supposed to be jasper (from the resemblance in name),,,Hebrew,Old Testament
H3472,יִשׁפָּה,Yishpah (yish-paw') n/p.,,,Hebrew,Old Testament
H3473,יִשׁפָּן,Yishpan (yish-pawn') n/p.,,,Hebrew,Old Testament
H3474,יָשַׁר,yashar (yaw-shar') v.,,,Hebrew,Old Testament
H3475,יֵשֶׁר,Yesher (yay'-sher) n/p.,,,Hebrew,Old Testament
H3476,יוֹשֶׁר,the right,,,Hebrew,Old Testament
H3477,יָשָׁר,yashar (yaw-shawr') adj.,,,Hebrew,Old Testament
H3478,יִשׂרָאֵל,Yisra'el (yis-raw-ale') n/p.,యిస్రాయేల్,ఇశ్రాయేలు,Hebrew,Old Testament
H3479,יִשׂרָאֵל,Yisra'el (yis-raw-ale') n/p.,,,Hebrew,Old Testament
H3480,יְשַׂראֵלָה,Ysar'elah (yes-ar-ale'-aw) n/p.,,,Hebrew,Old Testament
H3481,יִשׂרְאֵלִי,Yisr'eliy (yis-reh-ay-lee') adj.,,,Hebrew,Old Testament
H3482,יִשׂרְאֵלִיתּ,Yisr'eliyth (yis-reh-ay-leeth') adj.,,,Hebrew,Old Testament
H3483,יִשׁרָה,rectitude,,,Hebrew,Old Testament
H3484,יְשׁוּרוּן,Yshuruwn (yesh-oo-roon') n/p.,,,Hebrew,Old Testament
H3485,יִשָּׂשׂכָּר,Yissaskar (yis-saw-kawr') ((strictly yis-saws-kawr')) n/p.,,,Hebrew,Old Testament
H3486,יָשֵׁשׁ,yashesh (yaw-shaysh') adj.,,,Hebrew,Old Testament
H3487,יַת,yath (yath) prt.,,,Hebrew,Old Testament
H3488,יְתִב,ythiyb (yeth-eeb') v.,,,Hebrew,Old Testament
H3489,יָתֵד,a peg,,,Hebrew,Old Testament
H3490,יָתוֹם,a bereaved person,,,Hebrew,Old Testament
H3491,יָתוּר,yathuwr (yaw-thoor') v.,,,Hebrew,Old Testament
H3492,יַתּתִּיר,Yattiyr (yat-teer') n/l.,,,Hebrew,Old Testament
H3493,יַתּתִּיר,yattiyr (yat-teer') adj.,,,Hebrew,Old Testament
H3494,יִתלָה,Yithlah (yith-law') n/l.,,,Hebrew,Old Testament
H3495,יִתמָה,Yithmah (yith-maw') n/p.,,,Hebrew,Old Testament
H3496,יַתנִיאֵל,Yathniy'el (yath-nee-ale') n/p.,,,Hebrew,Old Testament
H3497,יִתנָן,Yithnan (yith-nawn') n/l.,,,Hebrew,Old Testament
H3498,יָתַר,yathar (yaw-thar') v.,,,Hebrew,Old Testament
H3499,יֶתֶר,(properly) an overhanging,,,Hebrew,Old Testament
H3500,יֶתֶר,Yether (yeh'-ther) n/p.,,,Hebrew,Old Testament
H3501,יִתרָא,Yithra' (yith-raw') n/p.,,,Hebrew,Old Testament
H3502,יִתרָה,(properly) excellence,,,Hebrew,Old Testament
H3503,יִתרוֹ,Yithrow (yith-ro') n/p.,,,Hebrew,Old Testament
H3504,יִתרוֹן,preeminence,,,Hebrew,Old Testament
H3505,יִתרִי,Yithriy (yith-ree') adj.,,,Hebrew,Old Testament
H3506,יִתרָן,Yithran (yith-rawn') n/p.,,,Hebrew,Old Testament
H3507,יִתרְעָם,Yithr`am (yith-reh-awm') n/p.,,,Hebrew,Old Testament
H3508,יוֹתֶרֶת,the lobe or flap of the liver (as if redundant or outhanging),,,Hebrew,Old Testament
H3509,יְתֵת,Ytheyh (yeh-thayth') n/p.,,,Hebrew,Old Testament
H3510,כָּאַב,ka'ab (kaw-ab') v.,,,Hebrew,Old Testament
H3511,כְּאֵב,suffering (physical or mental),,,Hebrew,Old Testament
H3512,כָּאָה,ka'ah (kaw-aw') v.,,,Hebrew,Old Testament
H3513,כָּבַד כָּבֵד,kabad (kaw-bad') (or kabed kaw-bade') v.,కాబద్,గొప్పచేయు,Hebrew,Old Testament
H3514,כּוֹבֶד,weight,,,Hebrew,Old Testament
H3515,כָּבֵד,kabed (kaw-bade') adj.,,,Hebrew,Old Testament
H3516,כָּבֵד,the liver (as the heaviest of the viscera),,,Hebrew,Old Testament
H3517,כְּבֵדוּת,difficulty,,,Hebrew,Old Testament
H3518,כָּבָה,kabah (kaw-baw') v.,,,Hebrew,Old Testament
H3519,כָּבוֹד כָּבוֹד,(properly) weight,కాబోద్,మహిమ,Hebrew,Old Testament
H3520,כְּבוּדָּה,weightiness,,,Hebrew,Old Testament
H3521,כָּבוּל,Kabuwl (kaw-bool') n/l.,,,Hebrew,Old Testament
H3522,כַּבּוֹן,Kabbown (kab-bone') n/l.,,,Hebrew,Old Testament
H3523,כְּבִיר,a matrass (of intertwined materials),,,Hebrew,Old Testament
H3524,כַּבִּיר,kabbiyr (kab-beer') adj.,,,Hebrew,Old Testament
H3525,כֶּבֶל,a fetter,,,Hebrew,Old Testament
H3526,כָּבַס,kabac (kaw-bas') v.,,,Hebrew,Old Testament
H3527,כָּבַר,kabar (kaw-bar') v.,,,Hebrew,Old Testament
H3528,כְּבָר,kbar (keb-awr') adv.,,,Hebrew,Old Testament
H3529,כְּבָר,Kbar (keb-awr') n/l.,,,Hebrew,Old Testament
H3530,כִּברָה,(properly) length,,,Hebrew,Old Testament
H3531,כְּבָרָה,a sieve (as netted),,,Hebrew,Old Testament
H3532,כֶּבֶשׂ,a ram (just old enough to butt),,,Hebrew,Old Testament
H3533,כָּבַשׁ,kabash (kaw-bash') v.,,,Hebrew,Old Testament
H3534,כֶּבֶשׁ,a footstool (as trodden upon),,,Hebrew,Old Testament
H3535,כִּבשָׂה כַּבשָׂה,a ewe,,,Hebrew,Old Testament
H3536,כִּבשָׁן,a smelting furnace (as reducing metals),,,Hebrew,Old Testament
H3537,כַּד,(properly) a pail,,,Hebrew,Old Testament
H3538,כְּדַב,kdab (ked-ab') adj.,,,Hebrew,Old Testament
H3539,כַּדכּוֹד,a sparkling gem,,,Hebrew,Old Testament
H3540,כְּדָרלָעוֹמֶר,Kdorla`omer (ked-or-law-o'-mer) n/p.,,,Hebrew,Old Testament
H3541,כּוֹה,koh (ko) adv.,,,Hebrew,Old Testament
H3542,כָּה,kah (kaw) p/d.,,,Hebrew,Old Testament
H3543,כָּהָה,kahah (kaw-haw') v.,,,Hebrew,Old Testament
H3544,כֵּהֶה,keheh (kay-heh') adj.,,,Hebrew,Old Testament
H3545,כֵּהָה,(properly) a weakening,,,Hebrew,Old Testament
H3546,כְּהַל,khal (keh-hal') v.,,,Hebrew,Old Testament
H3547,כָּהַן,kahan (kaw-han') v.,,,Hebrew,Old Testament
H3548,כּוֹהֵן,(literally) one officiating,కోహేన్,యాజకుడు,Hebrew,Old Testament
H3549,כָּהֵן,priest,,,Hebrew,Old Testament
H3550,כְּהוּנָּה,priesthood,,,Hebrew,Old Testament
H3551,כַּו,a window (as a perforation),,,Hebrew,Old Testament
H3552,כּוּב,Kuwb (koob) n/l.,,,Hebrew,Old Testament
H3553,כּוֹבַע,a helmet (as arched),,,Hebrew,Old Testament
H3554,כָּוָה,kavah (kaw-vaw') v.,,,Hebrew,Old Testament
H3555,כְּוִיָה,a branding,,,Hebrew,Old Testament
H3556,כּוֹכָב,a star (as round or as shining),,,Hebrew,Old Testament
H3557,כּוּל,kuwl (kool) v.,,,Hebrew,Old Testament
H3558,כּוּמָז,a jewel (probably gold beads),,,Hebrew,Old Testament
H3559,כּוּן,kuwn (koon) v.,,,Hebrew,Old Testament
H3560,כּוּן,Kuwn (koon) n/l.,,,Hebrew,Old Testament
H3561,כַּוָּן,something prepared,,,Hebrew,Old Testament
H3562,כּוֹנַניָהוּ,Kownanyahuw (ko-nan-yaw'-hoo) n/p.,,,Hebrew,Old Testament
H3563,כּוֹס,kowc (koce) n-e.,,,Hebrew,Old Testament
H3564,כּוּר,a pot or furnace (as if excavated),,,Hebrew,Old Testament
H3565,כּוֹר עָשָׁן,Kowr`Ashan (kore aw-shawn') n/l.,,,Hebrew,Old Testament
H3566,כּוֹרֶשׁ כּוֹרֶשׁ,Kowresh (ko'-resh) (or (Ezra 1) n/p.,,,Hebrew,Old Testament
H3567,כּוֹרֶשׁ,Kowresh (ko'-resh) n/p.,,,Hebrew,Old Testament
H3568,כּוּשׁ,Kuwsh (koosh) n/l.,,,Hebrew,Old Testament
H3569,כּוּשִׁי,Kuwshiy (koo-shee') adj.,,,Hebrew,Old Testament
H3570,כּוּשִׁי,Kuwshiy (koo-shee') n/p.,,,Hebrew,Old Testament
H3571,כּוּשִׁיתּ,Kuwshiyth (koo-sheeth') adj.,,,Hebrew,Old Testament
H3572,כּוּשָׁן,Kuwshan (koo-shawn') n/l.,,,Hebrew,Old Testament
H3573,כּוּשַׁן רִשׁעָתַיִם,Kuwshan Rish`athayim (koo-shan' rish-aw-thah'-yim) n/p.,,,Hebrew,Old Testament
H3574,כּוֹשָׁרָה,prosperity,,,Hebrew,Old Testament
H3575,כּוּת כּוּתָה,Kuwth (kooth) (or (feminine) Kuwthah koo-thaw') n/l.,,,Hebrew,Old Testament
H3576,כָּזַב,kazab (kaw-zab') v.,,,Hebrew,Old Testament
H3577,כָּזָב,falsehood,,,Hebrew,Old Testament
H3578,כּוֹזְבָא,Kozba' (ko-zeb-aw') n/l.,,,Hebrew,Old Testament
H3579,כָּזבִּי,Kozbiy (koz-bee') n/p.,,,Hebrew,Old Testament
H3580,כְּזִיבּ,Kziyb (kez-eeb') n/l.,,,Hebrew,Old Testament
H3581,כּוַֹח כּוַֹח,vigor,,,Hebrew,Old Testament
H3582,כָּחַד,kachad (kaw-khad') v.,,,Hebrew,Old Testament
H3583,כָּחַל,kachal (kaw-khal') v.,,,Hebrew,Old Testament
H3584,כָּחַשׁ,kachash (kaw-khash') v.,,,Hebrew,Old Testament
H3585,כַּחַשׁ,(literally) a failure of flesh,,,Hebrew,Old Testament
H3586,כֶּחָשׁ,kechash (kekh-awsh') adj.,,,Hebrew,Old Testament
H3587,כִּי,a brand or scar,,,Hebrew,Old Testament
H3588,כִּי,kiy (kee) conj.,కీ,ఎందుకంటే,Hebrew,Old Testament
H3589,כִּידּ,(figuratively) calamity,,,Hebrew,Old Testament
H3590,כִּידּוֹד,(properly) something struck off,,,Hebrew,Old Testament
H3591,כִּידּוֹן,(properly) something to strike with,,,Hebrew,Old Testament
H3592,כִּידּוֹן,Kiydown (kee-dohn') n/l.,,,Hebrew,Old Testament
H3593,כִּידּוֹר,perhaps tumult,,,Hebrew,Old Testament
H3594,כִּיוּן,Kiyuwn (kee-yoon') n/t.,,,Hebrew,Old Testament
H3595,כִּיוֹר כִּיוֹר,(properly) something round (as excavated or bored),,,Hebrew,Old Testament
H3596,כִּילַי כֵּלַי,niggardly,,,Hebrew,Old Testament
H3597,כֵּילַף,a club or sledge-hammer,,,Hebrew,Old Testament
H3598,כִּימָה,a cluster of stars,,,Hebrew,Old Testament
H3599,כִּיס,a cup,,,Hebrew,Old Testament
H3600,כִּיר,a cooking range (consisting of two parallel stones,,,Hebrew,Old Testament
H3601,כִּישׁוֹר,(literally) a director,,,Hebrew,Old Testament
H3602,כָּכָה,kakah (kaw'-kaw) adv.,,,Hebrew,Old Testament
H3603,כִּכָר,a circle,,,Hebrew,Old Testament
H3604,כִּכֵר,a talent,,,Hebrew,Old Testament
H3605,כּוֹל כּוֹל,(properly) the whole,కూల్,అంతా,Hebrew,Old Testament
H3606,כּוֹל,all,,,Hebrew,Old Testament
H3607,כָּלָא,kala' (kaw-law') v.,,,Hebrew,Old Testament
H3608,כֶּלֶא,a prison,,,Hebrew,Old Testament
H3609,כִּלאָב,Kil'ab (kil-awb') n/p.,,,Hebrew,Old Testament
H3610,כִּלאַיִם,two heterogeneities,,,Hebrew,Old Testament
H3611,כֶּלֶב,a dog,,,Hebrew,Old Testament
H3612,כָּלֵב,Kaleb (kaw-labe') n/p.,,,Hebrew,Old Testament
H3613,כָּלֵב אֶפרָתָה,Kaleb 'Ephrathah (kaw-labe' ef-raw'-thaw) n/l.,,,Hebrew,Old Testament
H3614,כָּלִבּוֹ כָּלֵבִי,Kalibbow (kaw-lib-bo') (probably by erroneous transcription for Kalebiy kaw-lay-bee') adj.,,,Hebrew,Old Testament
H3615,כָּלָה,kalah (kaw-law') v.,కాలా,ముగించు,Hebrew,Old Testament
H3616,כָּלֶה,kaleh (kaw-leh') adj.,,,Hebrew,Old Testament
H3617,כָּלָה,a completion,,,Hebrew,Old Testament
H3618,כַּלָּה,a bride (as if perfect),,,Hebrew,Old Testament
H3619,כְּלוּב,a bird-trap (as furnished with a clap-stick or treadle to spring it),,,Hebrew,Old Testament
H3620,כְּלוּב,Kluwb (kel-oob') n/p.,,,Hebrew,Old Testament
H3621,כְּלוּבַי,Kluwbay (kel-oo-bay'-ee) n/p.,,,Hebrew,Old Testament
H3622,כְּלוּהַי,Kluwhay (kel-oo-hah'-ee) n/p.,,,Hebrew,Old Testament
H3623,כְּלוּלָה,bridehood (only in the plural),,,Hebrew,Old Testament
H3624,כֶּלַח,maturity,,,Hebrew,Old Testament
H3625,כֶּלַח,Kelach (keh'-lakh) n/l.,,,Hebrew,Old Testament
H3626,כָּל ־ חוֹזֶה,Kol-Chozeh (kol-kho-zeh') n/p.,,,Hebrew,Old Testament
H3627,כְּלִי,something prepared,,,Hebrew,Old Testament
H3628,כְּלִיא כְּלוּא,a prison,,,Hebrew,Old Testament
H3629,כִּליָה,a kidney (as an essential organ),,,Hebrew,Old Testament
H3630,כִּליוֹן,Kilyown (kil-yone') n/p.,,,Hebrew,Old Testament
H3631,כִּלָּיוֹן,pining,,,Hebrew,Old Testament
H3632,כָּלִיל,kaliyl (kaw-leel') adj.,,,Hebrew,Old Testament
H3633,כַּלכּוֹל,Kalkol (kal-kole') n/p.,,,Hebrew,Old Testament
H3634,כָּלַל,kalal (kaw-lal') v.,,,Hebrew,Old Testament
H3635,כְּלַל,klal (kel-al') v.,,,Hebrew,Old Testament
H3636,כְּלָל,Klal (kel-awl') n/p.,,,Hebrew,Old Testament
H3637,כָּלַם,kalam (kaw-lawm') v.,,,Hebrew,Old Testament
H3638,כִּלמָד,Kilmad (kil-mawd') n/l.,,,Hebrew,Old Testament
H3639,כְּלִמָּה,disgrace,,,Hebrew,Old Testament
H3640,כְּלִמּוּת,disgrace,,,Hebrew,Old Testament
H3641,כַּלנֶה כַּלנֵה כַּלנוֹ,Kalneh (kal-neh') (or Kalneh kal-nay' also Kalnow kal-no',,,Hebrew,Old Testament
H3642,כָּמַהּ,kamahh (kaw-mah) v.,,,Hebrew,Old Testament
H3643,כִּמהָם,Kimham (kim-hawm') n/l.,,,Hebrew,Old Testament
H3644,כְּמוֹ כָּמוֹ,kmow (kem-o') (or kamow kaw-mo') adv.,,,Hebrew,Old Testament
H3645,כְּמוֹשׁ כְּמִישׁ,Kmowsh (kem-oshe') (or (Jer. 48) n/t.,,,Hebrew,Old Testament
H3646,כַּמּוֹן,"""cummin"" (from its use as a condiment)",,,Hebrew,Old Testament
H3647,כָּמַס,kamac (kaw-mas') v.,,,Hebrew,Old Testament
H3648,כָּמַר,kamar (kaw-mar') v.,,,Hebrew,Old Testament
H3649,כָּמָר,(properly) an ascetic (as if shrunk with self-maceration),,,Hebrew,Old Testament
H3650,כִּמרִיר,obscuration (as if from shrinkage of light,,,Hebrew,Old Testament
H3651,כֵּן,ken (kane) adj.,కేన్,అలాగే,Hebrew,Old Testament
H3652,כֵּן,ken (kane) adv.,,,Hebrew,Old Testament
H3653,כֵּן,a stand,,,Hebrew,Old Testament
H3654,כֵּן,a gnat (from infixing its sting,,,Hebrew,Old Testament
H3655,כָּנָה,kanah (kaw-naw') v.,,,Hebrew,Old Testament
H3656,כַּנֶּה,Kanneh (kan-neh') n/l.,,,Hebrew,Old Testament
H3657,כַּנָּה,a plant (as set),,,Hebrew,Old Testament
H3658,כִּנּוֹר,a harp,,,Hebrew,Old Testament
H3659,כָּניָהוּ,Konyahuw (kon-yaw'-hoo) n/p.,,,Hebrew,Old Testament
H3660,כְּנֵמָא,knema' (ken-ay-maw') adv.,,,Hebrew,Old Testament
H3661,כָּנַן,to set out,,,Hebrew,Old Testament
H3662,כְּנָנִי,Knaniy (ken-aw-nee') n/p.,,,Hebrew,Old Testament
H3663,כְּנַניָה כְּנַניָהוּ,Knanyah (ken-an-yaw') (or Knanyahuw ken-an-yaw'-hoo) n/p.,,,Hebrew,Old Testament
H3664,כָּנַס,kanac (kaw-nas') v.,,,Hebrew,Old Testament
H3665,כָּנַע,kana` (kaw-nah') v.,,,Hebrew,Old Testament
H3666,כִּנעָה,a package,,,Hebrew,Old Testament
H3667,כְּנַעַן,humiliated,,,Hebrew,Old Testament
H3668,כְּנַעֲנָה,Kna`anah (ken-ah-an-aw') n/p.,,,Hebrew,Old Testament
H3669,כְּנַעַנִי,Kna`aniy (ken-ah-an-ee') adj.,,,Hebrew,Old Testament
H3670,כָּנַף,kanaph (kaw-naf') v.,,,Hebrew,Old Testament
H3671,כָּנָף,an edge or extremity,,,Hebrew,Old Testament
H3672,כִּנְּרוֹת כִּנֶּרֶת,Kinnrowth (kin-ner-oth') (or Kinnereth kin-neh'-reth) n/l.,,,Hebrew,Old Testament
H3673,כָּנַשׁ,kanash (kaw-nash') v.,,,Hebrew,Old Testament
H3674,כְּנָת,a colleague (as having the same title),,,Hebrew,Old Testament
H3675,כְּנָת,companion,,,Hebrew,Old Testament
H3676,כֵּס,sworn,,,Hebrew,Old Testament
H3677,כֶּסֶא כֶּסֶה,(properly) fulness or the full moon,,,Hebrew,Old Testament
H3678,כִּסֵּא כִּסֵּה,(properly) covered,,,Hebrew,Old Testament
H3679,כַּסדַּי,Kacday (kas-dah'-ee) adj.,,,Hebrew,Old Testament
H3680,כָּסָה,kacah (kaw-saw') v.,,,Hebrew,Old Testament
H3681,כָּסוּי,(properly) covered,,,Hebrew,Old Testament
H3682,כְּסוּת,a cover (garment),,,Hebrew,Old Testament
H3683,כָּסַח,kacach (kaw-sakh') v.,,,Hebrew,Old Testament
H3684,כְּסִיל,(properly) fat,,,Hebrew,Old Testament
H3685,כְּסִיל,any notable constellation,,,Hebrew,Old Testament
H3686,כְּסִיל,Kciyl (kes-eel') n/l.,,,Hebrew,Old Testament
H3687,כְּסִילוּת,silliness,,,Hebrew,Old Testament
H3688,כָּסַל,kacal (kaw-sal') v.,,,Hebrew,Old Testament
H3689,כֶּסֶל,(properly) fatness,,,Hebrew,Old Testament
H3690,כִּסלָה,in a good sense,,,Hebrew,Old Testament
H3691,כִּסלֵו,Kiclev (kis-lave') n/p.,,,Hebrew,Old Testament
H3692,כִּסלוֹן,Kiclown (kis-lone') n/p.,,,Hebrew,Old Testament
H3693,כְּסָלוֹן,Kcalown (kes-aw-lone') n/l.,,,Hebrew,Old Testament
H3694,כְּסוּלּוֹת,Kcullowth (kes-ool-loth') n/l.,,,Hebrew,Old Testament
H3695,כַּסלוּחִים,Kacluchiym (kas-loo'-kheem) n/g.,,,Hebrew,Old Testament
H3696,כִּסוֹלתּ תָּבוֹר,Kicloth Tabor (kis-loth' taw-bore') n/l.,,,Hebrew,Old Testament
H3697,כָּסַם,kacam (kaw-sam') v.,,,Hebrew,Old Testament
H3698,כּוּסֶּמֶת,spelt (from its bristliness as if just shorn),,,Hebrew,Old Testament
H3699,כָּסַס,kacac (kaw-sas') v.,,,Hebrew,Old Testament
H3700,כָּסַף,kacaph (kaw-saf') v.,,,Hebrew,Old Testament
H3701,כֶּסֶף,silver (from its pale color),కెసెఫ్,వెండి,Hebrew,Old Testament
H3702,כְּסַף,money,,,Hebrew,Old Testament
H3703,כָּסִפיָא,Kaciphya' (kaw-sif-yaw') n/l.,,,Hebrew,Old Testament
H3704,כֶּסֶת,a cushion or pillow (as covering a seat or bed),,,Hebrew,Old Testament
H3705,כְּעַן,k`an (keh-an') adv.,,,Hebrew,Old Testament
H3706,כְּעֶנֶת כְּעֶת,k`eneth (keh-eh'-neth) adv.,,,Hebrew,Old Testament
H3707,כַּעַס,ka`ac (kaw-as') v.,,,Hebrew,Old Testament
H3708,כַּעַס כַּעַשׂ,vexation,,,Hebrew,Old Testament
H3709,כַּף,the hollow hand or palm (so of the paw of an animal,,,Hebrew,Old Testament
H3710,כֵּף,a hollow rock,,,Hebrew,Old Testament
H3711,כָּפָה,kaphah (kaw-faw') v.,,,Hebrew,Old Testament
H3712,כִּפָּה,a leaf of a palm-tree,,,Hebrew,Old Testament
H3713,כְּפוֹר,(properly) a cover,,,Hebrew,Old Testament
H3714,כָּפִיס,a girder,,,Hebrew,Old Testament
H3715,כְּפִיר,a village (as covered in by walls),,,Hebrew,Old Testament
H3716,כְּפִירָה,Kphiyrah (kef-ee-raw') n/l.,,,Hebrew,Old Testament
H3717,כָּפַל,kaphal (kaw-fal') v.,,,Hebrew,Old Testament
H3718,כֶּפֶל,a duplicate,,,Hebrew,Old Testament
H3719,כָּפַן,kaphan (kaw-fan') v.,,,Hebrew,Old Testament
H3720,כָּפָן,hunger (as making to stoop with emptiness and pain),,,Hebrew,Old Testament
H3721,כָּפַף,kaphaph (kaw-faf') v.,,,Hebrew,Old Testament
H3722,כָּפַר,kaphar (kaw-far') v.,,,Hebrew,Old Testament
H3723,כָּפָר,a village (as protected by walls),,,Hebrew,Old Testament
H3724,כּוֹפֶר,(properly) a cover,,,Hebrew,Old Testament
H3725,כִּפּוּר,expiation (only in plural),,,Hebrew,Old Testament
H3726,כְּפַר הָעַמּוֹנִי,Kphar ha-`Ammowniy (kef-ar' haw-am-mo-nee') n/l.,,,Hebrew,Old Testament
H3727,כַּפּוֹרֶת,a lid (used only of the cover of the sacred Ark),,,Hebrew,Old Testament
H3728,כָּפַשׁ,kaphash (kaw-fash') v.,,,Hebrew,Old Testament
H3729,כְּפַת,kphath (kef-ath') v.,,,Hebrew,Old Testament
H3730,כַּפתּוֹר כַּפתּוֹר,a chaplet,,,Hebrew,Old Testament
H3731,כַּפתּוֹר כַּפתּוֹר,Kaphtor (kaf-tore') (or (Am. 9) n/l.,,,Hebrew,Old Testament
H3732,כַּפתּוֹרִי,Kaphtoriy (kaf-to-ree') adj.,,,Hebrew,Old Testament
H3733,כַּר,a ram (as full-grown and fat),,,Hebrew,Old Testament
H3734,כּוֹר,(properly) a deep round vessel,,,Hebrew,Old Testament
H3735,כָּרָא,Kara' (kaw-raw') v.,,,Hebrew,Old Testament
H3736,כַּרבֵּל,karbel (kar-bale') v.,,,Hebrew,Old Testament
H3737,כַּרבְּלָא,a mantle,,,Hebrew,Old Testament
H3738,כָּרָה,karah (kaw-raw') v.,,,Hebrew,Old Testament
H3739,כָּרָה,karah (kaw-raw') v.,,,Hebrew,Old Testament
H3740,כֵּרָה,a purchase,,,Hebrew,Old Testament
H3741,כָּרָה,a meadow,,,Hebrew,Old Testament
H3742,כְּרוּב,a cherub or imaginary figure,,,Hebrew,Old Testament
H3743,כְּרוּב,Kruwb (ker-oob') n/l.,,,Hebrew,Old Testament
H3744,כָּרוֹז,a herald,,,Hebrew,Old Testament
H3745,כְּרַז,kraz (ker-az') v.,,,Hebrew,Old Testament
H3746,כָּרִי,kariy (kaw-ree') adj.,,,Hebrew,Old Testament
H3747,כְּרִיתּ,Kriyth (ker-eeth') n/l.,,,Hebrew,Old Testament
H3748,כְּרִיתּוּת,a cutting (of the matrimonial bond),,,Hebrew,Old Testament
H3749,כַּרכּוֹב,a rim or top margin,,,Hebrew,Old Testament
H3750,כַּרכּוֹם,the crocus,,,Hebrew,Old Testament
H3751,כַּרכְּמִישׁ,Karkmiysh (kar-kem-eesh') n/l.,,,Hebrew,Old Testament
H3752,כַּרכַּס,Karkac (kar-kas') n/p.,,,Hebrew,Old Testament
H3753,כַּרכָּרָה,a dromedary (from its rapid motion as if dancing),,,Hebrew,Old Testament
H3754,כֶּרֶם,a garden or vineyard,,,Hebrew,Old Testament
H3755,כּוֹרֵם,korem (ko-rame') v.,,,Hebrew,Old Testament
H3756,כַּרמִי,Karmiy (kar-mee') n/p.,,,Hebrew,Old Testament
H3757,כַּרמִי,Karmiy (kar-mee') adj.,,,Hebrew,Old Testament
H3758,כַּרמִיל,carmine,,,Hebrew,Old Testament
H3759,כַּרמֶל,a planted field (garden,,,Hebrew,Old Testament
H3760,כַּרמֶל,Karmel (kar-mel') n/l.,,,Hebrew,Old Testament
H3761,כַּרמְלִי,Karmliy (kar-mel-ee') adj.,,,Hebrew,Old Testament
H3762,כַּרמְלִיתּ,Karmliyth (kar-mel-eeth') adj.,,,Hebrew,Old Testament
H3763,כְּרָן,Kran (ker-awn') n/p.,,,Hebrew,Old Testament
H3764,כָּרסֵא,a throne,,,Hebrew,Old Testament
H3765,כִּרסֵם,kircem (kir-same') v.,,,Hebrew,Old Testament
H3766,כָּרַע,kara` (kaw-rah') v.,,,Hebrew,Old Testament
H3767,כָּרָע,the leg (from the knee to the ankle) of men or locusts (only in the dual),,,Hebrew,Old Testament
H3768,כַּרפַּס,byssus (fine linen cloth of cotton or silk) or a fine vegetable wool,,,Hebrew,Old Testament
H3769,כָּרַר,karar (kaw-rar') v.,,,Hebrew,Old Testament
H3770,כְּרֵשׂ,the paunch or belly (as swelling out),,,Hebrew,Old Testament
H3771,כַּרשְׁנָא,Karshna' (kar-shen-aw') n/p.,,,Hebrew,Old Testament
H3772,כָּרַת,karath (kaw-rath') v.,కారత్,కోయు,Hebrew,Old Testament
H3773,כָּרוּתָה,something cut,,,Hebrew,Old Testament
H3774,כְּרֵתִי,Krethiy (ker-ay-thee') adj.,,,Hebrew,Old Testament
H3775,כֶּשֶׂב,a young sheep,,,Hebrew,Old Testament
H3776,כִּשׂבָּה,a young ewe,,,Hebrew,Old Testament
H3777,כֶּשֶׂד,Kesed (keh'-sed) n/p.,,,Hebrew,Old Testament
H3778,כַּשׂדִּי כַּשׂדִּימָה,Kasdiy (kas-dee') ((occasionally with enclitic) Kasdiymah kas-dee'- maw) n/l.,కశ్దీం,కల్దీయులు,Hebrew,Old Testament
H3779,כַּשׂדַּי,a Chaldaean or inhabitant of Chaldaea,,,Hebrew,Old Testament
H3780,כָּשָׂה,kasah (kaw-saw') v.,,,Hebrew,Old Testament
H3781,כַּשִּׁיל,(properly) a feller (something that fells trees),,,Hebrew,Old Testament
H3782,כָּשַׁל,kashal (kaw-shal') v.,,,Hebrew,Old Testament
H3783,כִּשָּׁלוֹן,(properly) a tottering,,,Hebrew,Old Testament
H3784,כָּשַׁף,kashaph (kaw-shaf') v.,,,Hebrew,Old Testament
H3785,כֶּשֶׁף,magic,,,Hebrew,Old Testament
H3786,כַּשָּׁף,a magician,,,Hebrew,Old Testament
H3787,כָּשֵׁר,kasher (kaw-share') v.,,,Hebrew,Old Testament
H3788,כִּשׁרוֹן,success,,,Hebrew,Old Testament
H3789,כָּתַב,kathab (kaw-thab') v.,కాతబ్,వ్రాయు,Hebrew,Old Testament
H3790,כְּתַב,kthab (keth-ab') v.,,,Hebrew,Old Testament
H3791,כָּתָב,something written,,,Hebrew,Old Testament
H3792,כְּתָב,prescribing,,,Hebrew,Old Testament
H3793,כְּתוֹבֶת,a letter or other mark branded on the skin,,,Hebrew,Old Testament
H3794,כִּתּתִּי כִּתּתִּיִי,Kittiy (kit-tee') (or Kittiyiy kit-tee-ee') adj.,,,Hebrew,Old Testament
H3795,כָּתִיתּ,kathiyth (kaw-theeth') adj.,,,Hebrew,Old Testament
H3796,כּוֹתֶל,a wall (as gathering inmates),,,Hebrew,Old Testament
H3797,כְּתַל,wall,,,Hebrew,Old Testament
H3798,כִּתלִישׁ,Kithliysh (kith-leesh') n/l.,,,Hebrew,Old Testament
H3799,כָּתַם,katham (kaw-tham') v.,,,Hebrew,Old Testament
H3800,כֶּתֶם,(properly) something carved out,,,Hebrew,Old Testament
H3801,כְּתוֹנֶת כּוּתּתּוֹנֶת,a shirt,,,Hebrew,Old Testament
H3802,כָּתֵף,the shoulder (proper,,,Hebrew,Old Testament
H3803,כָּתַר,kathar (kaw-thar') v.,,,Hebrew,Old Testament
H3804,כֶּתֶר,(properly) a circlet,,,Hebrew,Old Testament
H3805,כּוֹתֶרֶת,the capital of a column,,,Hebrew,Old Testament
H3806,כָּתַשׁ,kathash (kaw-thash') v.,,,Hebrew,Old Testament
H3807,כָּתַת,kathath (kaw-thath') v.,,,Hebrew,Old Testament
H3808,לוֹא לוֹה,lo' (lo) (or lowi lo or loh (Deut. 3) adv.,,,Hebrew,Old Testament
H3809,לָא לָה,la' (law) ((Aramaic) or lah (Aramaic) (Dan. 4) adv.,,,Hebrew,Old Testament
H3810,לוֹא דְּבַר לוֹ דְּבַר לִדבִּר לוֹדְבַר,Lo' Dbar (lo deb-ar') (or Low Dbar (2 Samuel 9) n/l.,,,Hebrew,Old Testament
H3811,לָאָה,la'ah (law-aw') v.,,,Hebrew,Old Testament
H3812,לֵאָה,Le'ah (lay-aw') n/p.,,,Hebrew,Old Testament
H3813,לָאַט,la'at (law-at') v.,,,Hebrew,Old Testament
H3814,לָאטּ,(properly) muffled,,,Hebrew,Old Testament
H3815,לָאֵל,La'el (law-ale') n/p.,,,Hebrew,Old Testament
H3816,לְאוֹם לְאוֹם,a community,,,Hebrew,Old Testament
H3817,לְאוּמִּים,communities,,,Hebrew,Old Testament
H3818,לוֹא עַמִּי,Lo' `Ammiy (lo am-mee') n/p.,,,Hebrew,Old Testament
H3819,לוֹא רוּחָמָה,Lo' Ruchamah (lo roo-khaw-maw') n/p.,,,Hebrew,Old Testament
H3820,לֵב,the heart,లేబ్,హృదయం,Hebrew,Old Testament
H3821,לֵב,heart,,,Hebrew,Old Testament
H3822,לְבָאוֹת,Lba'owth (leb-aw-oth') n/l.,,,Hebrew,Old Testament
H3823,לָבַב,labab (law-bab') v.,,,Hebrew,Old Testament
H3824,לֵבָב,the heart (as the most interior organ),లేబాబ్,హృదయం,Hebrew,Old Testament
H3825,לְבַב,heart,,,Hebrew,Old Testament
H3826,לִבָּה,the heart,,,Hebrew,Old Testament
H3827,לַבָּה,flame,,,Hebrew,Old Testament
H3828,לְבוֹנָה לֶבוֹנָה,frankincense (from its whiteness or perhaps that of its smoke),,,Hebrew,Old Testament
H3829,לְבוֹנָה,Lbownah (leb-o-naw') n/l.,,,Hebrew,Old Testament
H3830,לְבוּשׁ לְבוּשׁ,a garment (literally or figuratively),,,Hebrew,Old Testament
H3831,לְבוּשׁ,garment,,,Hebrew,Old Testament
H3832,לָבַט,labat (law-bat') v.,,,Hebrew,Old Testament
H3833,לָבִיא לְבִיָא לְבָאִים לְבָאוֹת,a lion (properly,,,Hebrew,Old Testament
H3834,לָבִיבָּה לְבִבָה,a cake (either as fried or turned),,,Hebrew,Old Testament
H3835,לָבַן,laban (law-ban') v.,,,Hebrew,Old Testament
H3836,לָבָן לָבֵן,laban (law-bawn') (or (Gen. 49) adj.,,,Hebrew,Old Testament
H3837,לָבָן,Laban (law-bawn') n/l.,,,Hebrew,Old Testament
H3838,לְבָנָא לֶבָנָה,Lbana' (leb-aw-naw') (or Lbanah leb-aw-naw') n/p.,,,Hebrew,Old Testament
H3839,לִבנֶה,some sort of whitish tree,,,Hebrew,Old Testament
H3840,לִבנָה,(properly) whiteness,,,Hebrew,Old Testament
H3841,לִבנָה,Libnah (lib-naw') n/l.,,,Hebrew,Old Testament
H3842,לְבָנָה,(properly) (the) white,,,Hebrew,Old Testament
H3843,לְבֵנָה,a brick (from the whiteness of the clay),,,Hebrew,Old Testament
H3844,לְבָנוֹן,Lbanown (leb-aw-nohn') n/l.,,,Hebrew,Old Testament
H3845,לִבנִי,Libniy (lib-nee') n/p.,,,Hebrew,Old Testament
H3846,לִבנִי,Libniy (lib-nee') adj.,,,Hebrew,Old Testament
H3847,לָבַשׁ לָבֵשׁ,labash (law-bash') (or labesh law-bashe') v.,,,Hebrew,Old Testament
H3848,לְבַשׁ,lbash (leb-ash') v.,,,Hebrew,Old Testament
H3849,לוֹג,a log or measure for liquids,,,Hebrew,Old Testament
H3850,לוֹד,Lod (lode) n/l.,,,Hebrew,Old Testament
H3851,לַהַב,a flash,,,Hebrew,Old Testament
H3852,לֶהָבָה לַהֶבֶת,meaning the same as H3851,,,Hebrew,Old Testament
H3853,לְהָבִים,flames,,,Hebrew,Old Testament
H3854,לַהַג,intense mental application,,,Hebrew,Old Testament
H3855,לַהַד,Lahad (lah'-had) n/p.,,,Hebrew,Old Testament
H3856,לָהַהּ,lahahh (law-hah') v.,,,Hebrew,Old Testament
H3857,לָהַט,lahat (law-hat') v.,,,Hebrew,Old Testament
H3858,לַהַט,a blaze,,,Hebrew,Old Testament
H3859,לָהַם,laham (law-ham') v.,,,Hebrew,Old Testament
H3860,לָהֵן,lahen (law-hane') conj.,,,Hebrew,Old Testament
H3861,לָהֵן,lawhen (law-hane') conj.,,,Hebrew,Old Testament
H3862,לַהֲקָה,an assembly,,,Hebrew,Old Testament
H3863,לוּא לוּא לוּ,luw' (loo) (or lu loo or luw loo,,,Hebrew,Old Testament
H3864,לוּבִי לוּבִּי,Luwbiy (loo-bee') (or Lubbiy (Dan. 11) n/g.,,,Hebrew,Old Testament
H3865,לוּד,Luwd (lood) n/g.,,,Hebrew,Old Testament
H3866,לוּדִי לוּדִיִי,Luwdiy (loo-dee') (or Luwdiyiy loo-dee-ee') adj.,,,Hebrew,Old Testament
H3867,לָוָה,lavah (law-vaw') v.,,,Hebrew,Old Testament
H3868,לוּז,luwz (looz) v.,,,Hebrew,Old Testament
H3869,לוּז,some kind of nut-tree,,,Hebrew,Old Testament
H3870,לוּז,Luwz (looz) n/l.,,,Hebrew,Old Testament
H3871,לוַּח לוַּח,probably meaning to glisten,,,Hebrew,Old Testament
H3872,לוּחִיתּ לוּחוֹת,Luwchiyth (loo-kheeth') (or Luchowth (Jer. 48) n/l.,,,Hebrew,Old Testament
H3873,לוֹחֵשׁ,Lowchesh (lo-khashe') n/p.,,,Hebrew,Old Testament
H3874,לוּט,luwt (loot) v.,,,Hebrew,Old Testament
H3875,לוֹט,a veil,,,Hebrew,Old Testament
H3876,לוֹט,Lowt (lote) n/p.,,,Hebrew,Old Testament
H3877,לוֹטָן,Lowtan (lo-tawn') n/p.,,,Hebrew,Old Testament
H3878,לֵוִי,Leviy (lay-vee') n/p.,,,Hebrew,Old Testament
H3879,לֵוִי,Levite,,,Hebrew,Old Testament
H3880,לִויָה,something attached,,,Hebrew,Old Testament
H3881,לֵוִיִי לֵוִי,Leviyiy (lay-vee-ee') (or Leviy lay-vee') adj.,,,Hebrew,Old Testament
H3882,לִויָתָן,a wreathed animal,,,Hebrew,Old Testament
H3883,לוּל,a spiral step,,,Hebrew,Old Testament
H3884,לוּלֵא לוּלֵי,luwle' (loo-lay') (or luwley loo lay') cond.,,,Hebrew,Old Testament
H3885,לוּן לִין,luwn (loon) (or liyn leen) v.,లూన్,రాత్రి గడుపు,Hebrew,Old Testament
H3886,לוַּע,luwa` (loo'-ah) v.,,,Hebrew,Old Testament
H3887,לוּץ,luwts (loots) v.,,,Hebrew,Old Testament
H3888,לוּשׁ,luwsh (loosh) v.,,,Hebrew,Old Testament
H3889,לוּשׁ,Luwsh (loosh) n/l.,,,Hebrew,Old Testament
H3890,לְוָת,lvath (lev-awth') prep.,,,Hebrew,Old Testament
H3891,לְזוּת,perverseness,,,Hebrew,Old Testament
H3892,לַח,lach (lakh) adj.,,,Hebrew,Old Testament
H3893,לֵַח,freshness,,,Hebrew,Old Testament
H3894,לָחוּם לָחוּם,(properly) eaten,,,Hebrew,Old Testament
H3895,לְחִי,the cheek (from its fleshiness),,,Hebrew,Old Testament
H3896,לֶחִי,Lechiy (lekh'-ee) n/l.,,,Hebrew,Old Testament
H3897,לָחַך,lachak (law-khak') v.,,,Hebrew,Old Testament
H3898,לָחַם,lacham (law-kham') v.,లాఖమ్,యుద్ధం చేయు,Hebrew,Old Testament
H3899,לֶחֶם,food (for man or beast),,,Hebrew,Old Testament
H3900,לְחֶם,feast,,,Hebrew,Old Testament
H3901,לָחֶם,war,,,Hebrew,Old Testament
H3902,לַחמִי,Lachmiy (lakh-mee') n/p.,,,Hebrew,Old Testament
H3903,לַחמָס לַחמָם,Lachmac (lakh-maws') (probably by erroneous transcription for Lachmam lakh-mawm') n/l.,,,Hebrew,Old Testament
H3904,לְחֵנָה,a concubine,,,Hebrew,Old Testament
H3905,לָחַץ,lachats (law-khats') v.,,,Hebrew,Old Testament
H3906,לַחַץ,distress,,,Hebrew,Old Testament
H3907,לָחַשׁ,lachash (law-khash') v.,,,Hebrew,Old Testament
H3908,לַחַשׁ,(properly) a whisper,,,Hebrew,Old Testament
H3909,לָט,(properly) covered,,,Hebrew,Old Testament
H3910,לוֹט,a gum (from its sticky nature),,,Hebrew,Old Testament
H3911,לְטָאָה,a kind of lizard (from its covert habits),,,Hebrew,Old Testament
H3912,לְטוּשִׁם,Ltuwshim (let-oo-sheem') n/g.,,,Hebrew,Old Testament
H3913,לָטַשׁ,latash (law-tash') v.,,,Hebrew,Old Testament
H3914,לוֹיָה,a wreath,,,Hebrew,Old Testament
H3915,לַיִל לֵיל לַיְלָה,(properly) a twist (away of the light),,,Hebrew,Old Testament
H3916,לֵילְיָא,night,,,Hebrew,Old Testament
H3917,לִילִיתּ,a night spectre,,,Hebrew,Old Testament
H3918,לַיִשׁ,a lion (from his destructive blows),,,Hebrew,Old Testament
H3919,לַיִשׁ,Layish (lah'-yish) n/l.,,,Hebrew,Old Testament
H3920,לָכַד,lakad (law-kad') v.,,,Hebrew,Old Testament
H3921,לֶכֶד,something to capture with,,,Hebrew,Old Testament
H3922,לֵכָה,lekah (lay-kaw') n/l.,,,Hebrew,Old Testament
H3923,לָכִישׁ,Lachiysh (law-keesh') n/l.,,,Hebrew,Old Testament
H3924,לוּלָאָה,a loop,,,Hebrew,Old Testament
H3925,לָמַד,lamad (law-mad') v.,,,Hebrew,Old Testament
H3926,לְמוֹ,lmow (lem-o') prep.,,,Hebrew,Old Testament
H3927,לְמוּאֵל לְמוֹאֵל,Lmuw'el (lem-oo-ale') (or Lmow el lem-o-ale',,,Hebrew,Old Testament
H3928,לִמּוּד לִמּוּד,limmuwd (lim-mood') (or limmud lim-mood',,,Hebrew,Old Testament
H3929,לֶמֶך,Lemek (leh'-mek) n/p.,,,Hebrew,Old Testament
H3930,לוַֹע,the gullet,,,Hebrew,Old Testament
H3931,לָעַב,la`ab (law-ab') v.,,,Hebrew,Old Testament
H3932,לָעַג,la`ag (law-ag') v.,,,Hebrew,Old Testament
H3933,לַעַג,derision,,,Hebrew,Old Testament
H3934,לָעֵג,la`eg (law-ayg') adj.,,,Hebrew,Old Testament
H3935,לַעדָּה,La`dah (lah-daw') n/p.,,,Hebrew,Old Testament
H3936,לַעדָּן,La`dan (lah-dawn') n/p.,,,Hebrew,Old Testament
H3937,לָעַז,la`az (law-az') v.,,,Hebrew,Old Testament
H3938,לָעַט,la`at (law-at') v.,,,Hebrew,Old Testament
H3939,לַעֲנָה,wormwood (regarded as poisonous,,,Hebrew,Old Testament
H3940,לַפִּידּ לַפִּד,a flambeau,,,Hebrew,Old Testament
H3941,לַפִּידּוֹת,Lappiydowth (lap-pee-doth') n/p.,,,Hebrew,Old Testament
H3942,לִפנַי,liphnay (lif-nah'ee) prep.,,,Hebrew,Old Testament
H3943,לָפַת,laphath (law-fath') v.,,,Hebrew,Old Testament
H3944,לָצוֹן,derision,,,Hebrew,Old Testament
H3945,לָצַץ,latsats (law-tsats') v.,,,Hebrew,Old Testament
H3946,לַקוּם,Laqquwm (lak-koom') n/l.,,,Hebrew,Old Testament
H3947,לָקַח,laqach (law-kakh') v.,లాకఖ్,తీసుకొను,Hebrew,Old Testament
H3948,לֶקַח,(properly) something received,,,Hebrew,Old Testament
H3949,לִקחִי,Liqchiy (lik-khee') n/p.,,,Hebrew,Old Testament
H3950,לָקַט,laqat (law-kat') v.,,,Hebrew,Old Testament
H3951,לֶקֶט,the gleaning,,,Hebrew,Old Testament
H3952,לָקַק,laqaq (law-kak') v.,,,Hebrew,Old Testament
H3953,לָקַשׁ,laqash (law-kash') v.,,,Hebrew,Old Testament
H3954,לֶקֶשׁ,the after crop,,,Hebrew,Old Testament
H3955,לְשַׁד,apparently juice,,,Hebrew,Old Testament
H3956,לָשׁוֹן לָשׁוֹן לְשׁוֹנָה,the tongue (of man or animals),,,Hebrew,Old Testament
H3957,לִשׁכָּה,a room in a building (whether for storage,,,Hebrew,Old Testament
H3958,לֶשֶׁם,a gem,,,Hebrew,Old Testament
H3959,לֶשֶׁם,Leshem (leh'-shem) n/l.,,,Hebrew,Old Testament
H3960,לָשַׁן,lashan (law-shan') v.,,,Hebrew,Old Testament
H3961,לִשָּׁן,speech,,,Hebrew,Old Testament
H3962,לֶשַׁע,Lesha` (leh'-shah) n/l.,,,Hebrew,Old Testament
H3963,לֶתֶך,a measure for things dry,,,Hebrew,Old Testament
H3964,מָא,ma' (maw) p/i.,,,Hebrew,Old Testament
H3965,מַאֲבוּס,a granary,,,Hebrew,Old Testament
H3966,מְאוֹד,m`od (meh-ode') adj.,మెఓద్,చాలా,Hebrew,Old Testament
H3967,מֵאָה מֵאיָה,a hundred,,,Hebrew,Old Testament
H3968,מֵאָה,Meah,,,Hebrew,Old Testament
H3969,מְאָה,hundred,,,Hebrew,Old Testament
H3970,מַאֲוַי,a desire,,,Hebrew,Old Testament
H3971,מאוּם מוּם,(physically or morally) a blemish,,,Hebrew,Old Testament
H3972,מְאוּמָה,(properly) a speck or point,,,Hebrew,Old Testament
H3973,מָאוֹס,refuse,,,Hebrew,Old Testament
H3974,מָאוֹר מָאוֹר מְאוֹרָה מְאוֹרָה,(properly) a luminous body or luminary,,,Hebrew,Old Testament
H3975,מְאוּרָה,something lighted,,,Hebrew,Old Testament
H3976,מוֹאזֵן,(only in the dual) a pair of scales,,,Hebrew,Old Testament
H3977,מוֹאזֵן,balances,,,Hebrew,Old Testament
H3978,מַאֲכָל,an eatable (includ. provender,,,Hebrew,Old Testament
H3979,מַאֲכֶלֶת,something to eat with,,,Hebrew,Old Testament
H3980,מַאֲכוֹלֶת,something eaten (by fire),,,Hebrew,Old Testament
H3981,מַאֲמָץ,strength,,,Hebrew,Old Testament
H3982,מַאֲמַר,something (authoritatively) said,,,Hebrew,Old Testament
H3983,מֵאמַר,appointment,,,Hebrew,Old Testament
H3984,מָאן,a utensil,,,Hebrew,Old Testament
H3985,מָאֵן,ma'en (maw-ane') v.,,,Hebrew,Old Testament
H3986,מָאֵן,ma'en (maw-ane') adj.,,,Hebrew,Old Testament
H3987,מֵאֵן,me'en (may-ane') adj.,,,Hebrew,Old Testament
H3988,מָאַס,ma'ac (maw-as') v.,,,Hebrew,Old Testament
H3989,מַאֲפֶה,something baked,,,Hebrew,Old Testament
H3990,מַאֲפֵל,something opaque,,,Hebrew,Old Testament
H3991,מַאֲפֵלְיָה,opaqueness,,,Hebrew,Old Testament
H3992,מָאַר,ma'ar (maw-ar') v.,,,Hebrew,Old Testament
H3993,מַאֲרָב,an ambuscade,,,Hebrew,Old Testament
H3994,מְאֵרָה,an execration,,,Hebrew,Old Testament
H3995,מִבדָּלָה,a separation,,,Hebrew,Old Testament
H3996,מָבוֹא,an entrance (the place or the act),,,Hebrew,Old Testament
H3997,מְבוֹאָה,a haven,,,Hebrew,Old Testament
H3998,מְבוּכָה,perplexity,,,Hebrew,Old Testament
H3999,מַבּוּל,a deluge,,,Hebrew,Old Testament
H4000,מָבוֹן,mabown (maw-bone') subv.,,,Hebrew,Old Testament
H4001,מְבוּסָה,a trampling,,,Hebrew,Old Testament
H4002,מַבּוַּע,a fountain,,,Hebrew,Old Testament
H4003,מְבוּקָה,emptiness,,,Hebrew,Old Testament
H4004,מִבחוֹר,select,,,Hebrew,Old Testament
H4005,מִבחָר,select,,,Hebrew,Old Testament
H4006,מִבחָר,Mibchar (mib-khawr') n/p.,,,Hebrew,Old Testament
H4007,מַבָּט מֶבָּט,something expected,,,Hebrew,Old Testament
H4008,מִבטָּא,a rash utterance (hasty vow),,,Hebrew,Old Testament
H4009,מִבטָּח,(properly) a refuge,,,Hebrew,Old Testament
H4010,מַבלִיגִּיתּ,desistance (or rather desolation),,,Hebrew,Old Testament
H4011,מִבנֶה,a building,,,Hebrew,Old Testament
H4012,מְבוּנַּי,Mbunnay (meb-oon-hah'-ee) n/p.,,,Hebrew,Old Testament
H4013,מִבצָּר מִבצָּרָה,a fortification,,,Hebrew,Old Testament
H4014,מִבצָּר,Mibtsar (mib-tsawr') n/p.,,,Hebrew,Old Testament
H4015,מִברָח,a refugee,,,Hebrew,Old Testament
H4016,מָבוּשׁ,(plural) the (male) pudenda,,,Hebrew,Old Testament
H4017,מִבשָׂם,Mibsam (mib-sawm') n/p.,,,Hebrew,Old Testament
H4018,מְבַשְׁלָה,a cooking hearth,,,Hebrew,Old Testament
H4019,מַגבִּישׁ,Magbiysh (mag-beesh') n/p.,,,Hebrew,Old Testament
H4020,מִגבָּלָה,a border,,,Hebrew,Old Testament
H4021,מִגבָּעָה,a cap (as hemispherical),,,Hebrew,Old Testament
H4022,מֶגֶד,(properly) a distinguished thing,,,Hebrew,Old Testament
H4023,מְגִדּוֹן מֶגִדּוֹ,Mgiddown (meg-id-done') ((Zech. 12 or Mgiddow meg-id-do') n/l.,,,Hebrew,Old Testament
H4024,מִגדּוֹל מִגדּוֹל,Migdol,,,Hebrew,Old Testament
H4025,מַגדִּיאֵל,Magdiy'el (mag-dee-ale') n/p.,,,Hebrew,Old Testament
H4026,מִגדָּל מִגדָּלָה,a tower (from its size or height),,,Hebrew,Old Testament
H4027,מִגדַּל ־ אֵל,Migdal-'El (mig-dal-ale') n/l.,,,Hebrew,Old Testament
H4028,מִגדַּל ־ גָּד,Migdal-Gad (migdal-gawd') n/l.,,,Hebrew,Old Testament
H4029,מִגדַּל ־ עֵדֶר,Migdal-`Eder (mig-dal'-ay'-der) n/l.,,,Hebrew,Old Testament
H4030,מִגדָּנָה,preciousness,,,Hebrew,Old Testament
H4031,מָגוֹג,Magowg (maw-gogue') n/l.,,,Hebrew,Old Testament
H4032,מָגוֹר מָגוּר,a fright (objective or subjective),,,Hebrew,Old Testament
H4033,מָגוּר מָגוּר,a temporary abode,,,Hebrew,Old Testament
H4034,מְגוֹרָה,affright,,,Hebrew,Old Testament
H4035,מְגוּרָה,a fright,,,Hebrew,Old Testament
H4036,מָגוֹר מִסָּבִיבּ,Magowr mic-Cabiyb (maw-gore' mis-saw-beeb') n/p.,,,Hebrew,Old Testament
H4037,מַגזֵרָה,a cutting implement,,,Hebrew,Old Testament
H4038,מַגָּל,a sickle,,,Hebrew,Old Testament
H4039,מְגִלָּה,a roll,,,Hebrew,Old Testament
H4040,מְגִלָּה,roll,,,Hebrew,Old Testament
H4041,מְגַמָּה,(properly) accumulation,,,Hebrew,Old Testament
H4042,מָגַן,magan (maw-gan') v.,,,Hebrew,Old Testament
H4043,מָגֵן מְגִנָּה,a shield (i.e. the small one or buckler),మాగేన్,డాలు,Hebrew,Old Testament
H4044,מְגִנָּה,a covering (in a bad sense),,,Hebrew,Old Testament
H4045,מִגעֶרֶת,reproof (i.e. curse),,,Hebrew,Old Testament
H4046,מַגֵּפָה,a pestilence,,,Hebrew,Old Testament
H4047,מַגפִּיעָשׁ,Magpiy`ash (mag-pee-awsh') n/p.,,,Hebrew,Old Testament
H4048,מָגַר,magar (maw-gar') v.,,,Hebrew,Old Testament
H4049,מְגַר,mgar (meg-ar') v.,,,Hebrew,Old Testament
H4050,מְגֵרָה,a saw,,,Hebrew,Old Testament
H4051,מִגרוֹן,Migrown (mig-rone') n/l.,,,Hebrew,Old Testament
H4052,מִגרָעָה,a ledge or offset,,,Hebrew,Old Testament
H4053,מִגרָפָה,something thrown off (by the spade),,,Hebrew,Old Testament
H4054,מִגרָשׁ מִגרָשָׁה,a suburb (i.e. open country whither flocks are driven from pasture),,,Hebrew,Old Testament
H4055,מַד מֵד,(properly) extent,,,Hebrew,Old Testament
H4056,מַדבַּח,a sacrificial altar,,,Hebrew,Old Testament
H4057,מִדבָּר,a pasture (i.e. open field,,,Hebrew,Old Testament
H4058,מָדַד,madad (maw-dad') v.,,,Hebrew,Old Testament
H4059,מִדַּד,middad (mid-dad') v.,,,Hebrew,Old Testament
H4060,מִדָּה,(properly) extension,,,Hebrew,Old Testament
H4061,מִדָּה מִנדָּה,tribute in money,,,Hebrew,Old Testament
H4062,מַדהֵבָה,goldmaking,,,Hebrew,Old Testament
H4063,מֶדֶו,(properly) extent,,,Hebrew,Old Testament
H4064,מַדוֶה,sickness,,,Hebrew,Old Testament
H4065,מַדּוַּח,seduction,,,Hebrew,Old Testament
H4066,מָדוֹן,a contest or quarrel,,,Hebrew,Old Testament
H4067,מָדוֹן,extensiveness,,,Hebrew,Old Testament
H4068,מָדוֹן,Madown (maw-dohn') n/l.,,,Hebrew,Old Testament
H4069,מַדּוַּע מַדּוַּע,madduwa` (mad-doo'-ah) (or madduaa mad-doo'-ah) adv.,,,Hebrew,Old Testament
H4070,מְדוֹר מְדוֹר מְדָר,a dwelling,,,Hebrew,Old Testament
H4071,מְדוּרָה מֶדוּרָה,a pile of fuel,,,Hebrew,Old Testament
H4072,מִדחֶה,overthrow,,,Hebrew,Old Testament
H4073,מְדַחפָה,a push,,,Hebrew,Old Testament
H4074,מָדַי,Maday (maw-dah'-ee) n/l.,,,Hebrew,Old Testament
H4075,מָדַי,Maday (maw-dah'-ee) adj.,,,Hebrew,Old Testament
H4076,מָדַי,Maday (maw-dah'-ee) n/l.,,,Hebrew,Old Testament
H4077,מָדַי,Maday (maw-dah'-ee) n/p.,,,Hebrew,Old Testament
H4078,מַדַּי,madday (mad-dah'-ee) adv.,,,Hebrew,Old Testament
H4079,מִדיָן,brawling,,,Hebrew,Old Testament
H4080,מִדיָן,Midyan (mid-yawn') n/l.,,,Hebrew,Old Testament
H4081,מִדִּין,Middiyn (mid-deen') n/l.,,,Hebrew,Old Testament
H4082,מְדִינָה,(properly) a judgeship,,,Hebrew,Old Testament
H4083,מְדִינָה,province,,,Hebrew,Old Testament
H4084,מִדיָנִי,Midyaniy (mid-yaw-nee') adj.,,,Hebrew,Old Testament
H4085,מְדוֹכָה,a mortar,,,Hebrew,Old Testament
H4086,מַדמֵן,Madmen (mad-mane') n/l.,,,Hebrew,Old Testament
H4087,מַדמֵנָה,a dunghill,,,Hebrew,Old Testament
H4088,מַדמֵנָה,Madmenah (mad-may-naw') n/l.,,,Hebrew,Old Testament
H4089,מַדמַנָּה,Madmannah (mad-man-naw') n/l.,,,Hebrew,Old Testament
H4090,מְדָן,discord,,,Hebrew,Old Testament
H4091,מְדָן,Mdan (med-awn') n/p.,,,Hebrew,Old Testament
H4092,מְדָנִי,Mdaniy (med-aw-nee') adj.,,,Hebrew,Old Testament
H4093,מַדָּע מַדַּע,intelligence or consciousness,,,Hebrew,Old Testament
H4094,מַדקָרָה,a wound,,,Hebrew,Old Testament
H4095,מַדרֵגָה,(properly) a step,,,Hebrew,Old Testament
H4096,מִדרָך,a treading,,,Hebrew,Old Testament
H4097,מִדרָשׁ,(properly) an investigation,,,Hebrew,Old Testament
H4098,מְדוּשָּׁה,a threshing,,,Hebrew,Old Testament
H4099,מְדָתָא,Mdatha (med-aw-thaw') n/p.,,,Hebrew,Old Testament
H4100,מָה מַה מָ מַ מֶה,mah (maw) (or mah mah or ma maw,మా,ఏమి,Hebrew,Old Testament
H4101,מָה,mah (maw) p/i.,,,Hebrew,Old Testament
H4102,מָהַהּ,mahahh (maw-hah') v.,,,Hebrew,Old Testament
H4103,מְהוּמָה,confusion or uproar,,,Hebrew,Old Testament
H4104,מְהוּמָן,Mhuwman (meh-hoo-mawn') n/p.,,,Hebrew,Old Testament
H4105,מְהֵיטַּבאֵל,Mheytab'el (meh-hay-tab-ale') n/p.,,,Hebrew,Old Testament
H4106,מָהִיר מָהִר,mahiyr (maw-here') (or mahir maw-here') adj.,,,Hebrew,Old Testament
H4107,מָהַל,mahal (maw-hal') v.,,,Hebrew,Old Testament
H4108,מַהלֵך,a walking (plural collectively),,,Hebrew,Old Testament
H4109,מַהֲלָך,a walk,,,Hebrew,Old Testament
H4110,מַהֲלָל,fame,,,Hebrew,Old Testament
H4111,מַהֲלַלאֵל,Mahalal'el (mah-hal-al-ale') n/p.,,,Hebrew,Old Testament
H4112,מַהֲלוּמָּה,a blow,,,Hebrew,Old Testament
H4113,מַהֲמוֹרָה,perhaps an abyss,,,Hebrew,Old Testament
H4114,מַהפֵּכָה,a destruction,,,Hebrew,Old Testament
H4115,מַהפֶּכֶת,a wrench,,,Hebrew,Old Testament
H4116,מָהַר,mahar (maw-har') v.,,,Hebrew,Old Testament
H4117,מָהַר,mahar (maw-har') v.,,,Hebrew,Old Testament
H4118,מַהֵר,maher (mah-hare') adj.,,,Hebrew,Old Testament
H4119,מוֹהַר,a price (for a wife),,,Hebrew,Old Testament
H4120,מְהֵרָה,(properly) a hurry,,,Hebrew,Old Testament
H4121,מַהֲרַי,Maharay (mah-har-ah'-ee) n/p.,,,Hebrew,Old Testament
H4122,מַהֵר שָׁלָל חָשׁ בַּז,Maher Shalal Chash Baz (mah-hare' shaw-lawl' khawsh baz) n/p.,,,Hebrew,Old Testament
H4123,מַהֲתַלָּה,a delusion,,,Hebrew,Old Testament
H4124,מוֹאָב,Mow'ab (mo-awb) (from a prolonged form of the prepositional prefix m- and H1) n/l.,,,Hebrew,Old Testament
H4125,מוֹאָבִי מוֹאָבִיָה מוֹאָבִיתּ,Mow'abiy (mo-aw-bee') (feminine Mownabiyah mo-aw-bee-yaw'or Mowabiyth mo-aw-beeth',,,Hebrew,Old Testament
H4126,מוֹבָא,an entrance,,,Hebrew,Old Testament
H4127,מוּג,muwg (moog) v.,,,Hebrew,Old Testament
H4128,מוּד,muwd (mood) v.,,,Hebrew,Old Testament
H4129,מוֹדַע מוֹדָע,an acquaintance,,,Hebrew,Old Testament
H4130,מוֹדַעַת,acquaintance,,,Hebrew,Old Testament
H4131,מוֹט,mowt (mote) v.,,,Hebrew,Old Testament
H4132,מוֹט,a wavering,,,Hebrew,Old Testament
H4133,מוֹטָה,a pole,,,Hebrew,Old Testament
H4134,מוּך,muwk (mook) v.,,,Hebrew,Old Testament
H4135,מוּל,muwl (mool) v.,,,Hebrew,Old Testament
H4136,מוּל מוֹל מוֹאל מוּל,(properly) abrupt,,,Hebrew,Old Testament
H4137,מוֹלָדָה,Mowladah (mo-law-daw') n/l.,,,Hebrew,Old Testament
H4138,מוֹלֶדֶת,nativity,,,Hebrew,Old Testament
H4139,מוּלָה,circumcision,,,Hebrew,Old Testament
H4140,מוֹלִידּ,Mowliyd (mo-leed') n/p.,,,Hebrew,Old Testament
H4141,מוּסָב,a turn,,,Hebrew,Old Testament
H4142,מוּסַבָּה מוּסַבָּה,muwcabbah (moo-sab-baw') (or mucabbah moo-sab-baw') v.,,,Hebrew,Old Testament
H4143,מוּסָד,a foundation,,,Hebrew,Old Testament
H4144,מוֹסָד,a foundation,,,Hebrew,Old Testament
H4145,מוּסָדָה,a foundation,,,Hebrew,Old Testament
H4146,מוֹסָדָה מוֹסָדָה,a foundation,,,Hebrew,Old Testament
H4147,מוֹסֵר מוֹסֵרָה מוֹסְרָה,(properly) chastisement,,,Hebrew,Old Testament
H4148,מוּסָר,(properly) chastisement,,,Hebrew,Old Testament
H4149,מוֹסֵרָה מוֹסְרוֹת,Mowcerah (mo-say-raw') (or (plural) Mocrowth mo-ser-othe') n/p.,,,Hebrew,Old Testament
H4150,מוֹעֵד מוֹעֵד מוֹעָדָה,(properly) an appointment,,,Hebrew,Old Testament
H4151,מוֹעָד,(properly) an assembly (as in H4150),,,Hebrew,Old Testament
H4152,מוּעָדָה,an appointed place,,,Hebrew,Old Testament
H4153,מוֹעַדיָה,Mow`adyah (mo-ad-yaw') n/p.,,,Hebrew,Old Testament
H4154,מוּעֶדֶת,muw`edeth (moo-ay'-deth) v-xxp.,,,Hebrew,Old Testament
H4155,מוּעָף,(properly) covered,,,Hebrew,Old Testament
H4156,מוֹעֵצָה,a purpose,,,Hebrew,Old Testament
H4157,מוּעָקָה,pressure,,,Hebrew,Old Testament
H4158,מוֹפַעַת מֵיפַעַת מֵפַעַת,Mowpha`ath (mo-fah'-ath) ((Jer. 48) n/l.,,,Hebrew,Old Testament
H4159,מוֹפֵת מוֹפֵת,a miracle,,,Hebrew,Old Testament
H4160,מוּץ,muwts (moots) v.,,,Hebrew,Old Testament
H4161,מוֹצָא מוֹצָא,a going forth,,,Hebrew,Old Testament
H4162,מוֹצָא,mowtsa' (mo-tsaw') n/p.,,,Hebrew,Old Testament
H4163,מוֹצָאָה,a family descent,,,Hebrew,Old Testament
H4164,מוּצַק מוּצָק,narrowness,,,Hebrew,Old Testament
H4165,מוּצָק,(properly) fusion,,,Hebrew,Old Testament
H4166,מוּצָקָה מוּצָקָה,(properly) something poured out,,,Hebrew,Old Testament
H4167,מוּק,muwq (mook) v.,,,Hebrew,Old Testament
H4168,מוֹקֵד,a fire or fuel,,,Hebrew,Old Testament
H4169,מוֹקְדָה,fuel,,,Hebrew,Old Testament
H4170,מוֹקֵשׁ מוֹקֵשׁ,(literally or figuratively) a noose (for catching animals),,,Hebrew,Old Testament
H4171,מוּר,muwr (moor) v.,,,Hebrew,Old Testament
H4172,מוֹרָא מוֹרָא מוֹרָה,fear,,,Hebrew,Old Testament
H4173,מוֹרַג מוֹרַג,a threshing sledge,,,Hebrew,Old Testament
H4174,מוֹרָד,a descent,,,Hebrew,Old Testament
H4175,מוֹרֶה,an archer,,,Hebrew,Old Testament
H4176,מוֹרֶה מוֹרֶה,Moreh,,,Hebrew,Old Testament
H4177,מוֹרָה,a razor,,,Hebrew,Old Testament
H4178,מוֹרָט,mowrat (mo-rawt') prt.,,,Hebrew,Old Testament
H4179,מוֹרִיָה מוֹרִיָה,Mowriyah (mo-ree-yaw') (or Moriyah mo-ree-yaw') n/l.,,,Hebrew,Old Testament
H4180,מוֹרָשׁ,a possession,,,Hebrew,Old Testament
H4181,מוֹרָשָׁה,a possession,,,Hebrew,Old Testament
H4182,מוֹרֶשֶׁת גַּת,Mowresheth Gath (mo-reh'-sheth gath) n/l.,,,Hebrew,Old Testament
H4183,מוֹרַשׁתִּי,Morashtiy (mo-rash-tee') adj.,,,Hebrew,Old Testament
H4184,מוּשׁ,muwsh (moosh) v.,,,Hebrew,Old Testament
H4185,מוּשׁ,muwsh (moosh) v.,,,Hebrew,Old Testament
H4186,מוֹשָׁב מוֹשָׁב,a seat,,,Hebrew,Old Testament
H4187,מוּשִׁי מוּשִּׁי,Muwshiy (moo-shee') (or Mushshiy mush-shee') n/p.,,,Hebrew,Old Testament
H4188,מוּשִׁי,Muwshiy (moo-shee') adj.,,,Hebrew,Old Testament
H4189,מוֹשְׁכָה,something drawing,,,Hebrew,Old Testament
H4190,מוֹשָׁעָה,deliverance,,,Hebrew,Old Testament
H4191,מוּת,muwth (mooth) v.,మూత్,చావు,Hebrew,Old Testament
H4192,מוּת מוּת לַבֵּן,"""To die for the son""",,,Hebrew,Old Testament
H4193,מוֹת,death,,,Hebrew,Old Testament
H4194,מָוֶת,death (natural or violent),మావెత్,మరణం,Hebrew,Old Testament
H4195,מוֹתָר,(literally) gain,,,Hebrew,Old Testament
H4196,מִזבֵַּח,an altar,,,Hebrew,Old Testament
H4197,מֶזֶג,wine that is significatlly mixed with water diluting it to perhaps 2%-4% alcohol content (or less),,,Hebrew,Old Testament
H4198,מָזֶה,mazeh (maw-zeh') adj.,,,Hebrew,Old Testament
H4199,מִזָּה,Mizzah (miz-zaw') n/p.,,,Hebrew,Old Testament
H4200,מֶזֶו,a granary,,,Hebrew,Old Testament
H4201,מְזוּזָה מְזוּזָה,a door-post (as prominent),,,Hebrew,Old Testament
H4202,מָזוֹן,food,,,Hebrew,Old Testament
H4203,מָזוֹן,meat,,,Hebrew,Old Testament
H4204,מָזוֹר,treachery,,,Hebrew,Old Testament
H4205,מָזוֹר מָזוֹר,a bandage,,,Hebrew,Old Testament
H4206,מָזִיַח מֵזַח,a belt (as movable),,,Hebrew,Old Testament
H4207,מַזלֵג מִזלָגָה,a fork,,,Hebrew,Old Testament
H4208,מַזָּלָה,a constellation,,,Hebrew,Old Testament
H4209,מְזִמָּה,a plan,,,Hebrew,Old Testament
H4210,מִזמוֹר,(properly) instrumental music,,,Hebrew,Old Testament
H4211,מַזמֵרָה,a pruning-knife,,,Hebrew,Old Testament
H4212,מְזַמְּרָה,a tweezer (only in the plural),,,Hebrew,Old Testament
H4213,מִזעָר,fewness,,,Hebrew,Old Testament
H4214,מִזרֶה,a winnowing shovel (as scattering the chaff),,,Hebrew,Old Testament
H4215,מְזָרֶה,mzareh (mez-aw-reh') prt.,,,Hebrew,Old Testament
H4216,מַזָּרָה,some noted constellation (only in the plural),,,Hebrew,Old Testament
H4217,מִזרָח,sunrise,,,Hebrew,Old Testament
H4218,מִזרָע,a planted field,,,Hebrew,Old Testament
H4219,מִזרָק,a bowl (as if for sprinkling),,,Hebrew,Old Testament
H4220,מֵַח,fat,,,Hebrew,Old Testament
H4221,מוַֹח,fat,,,Hebrew,Old Testament
H4222,מָחָא,macha' (maw-khaw') v.,,,Hebrew,Old Testament
H4223,מְחָא,mcha' (mekh-aw') v.,,,Hebrew,Old Testament
H4224,מַחֲבֵא מַחֲבוֹא,a refuge,,,Hebrew,Old Testament
H4225,מַחבֶּרֶת,a junction,,,Hebrew,Old Testament
H4226,מְחַבְּרָה,a joiner,,,Hebrew,Old Testament
H4227,מַחֲבַת,a pan for baking in,,,Hebrew,Old Testament
H4228,מַחֲגוֹרֶת,a girdle,,,Hebrew,Old Testament
H4229,מָחָה,machah (maw-khaw') v.,,,Hebrew,Old Testament
H4230,מְחוּגָה,an instrument for marking a circle,,,Hebrew,Old Testament
H4231,מָחוֹז,a harbor (as shut in by the shore),,,Hebrew,Old Testament
H4232,מְחוּיָאֵל מְחִיָּאֵל,Mchuwya'el (mekh-oo-yaw-ale') (or Mchiyyauel mekh-ee-yaw-ale') n/p.,,,Hebrew,Old Testament
H4233,מַחֲוִים,Machaviym (makh-av-eem') adj.,,,Hebrew,Old Testament
H4234,מָחוֹל,a (round) dance,,,Hebrew,Old Testament
H4235,מָחוֹל,Machowl (maw-khole') n/p.,,,Hebrew,Old Testament
H4236,מַחֲזֶה,a vision,,,Hebrew,Old Testament
H4237,מֶחֱזָה,a window,,,Hebrew,Old Testament
H4238,מַחֲזִיאוֹת,Machaziy'owth (makh-az-ee-oth') n/p.,,,Hebrew,Old Testament
H4239,מְחִי,a stroke,,,Hebrew,Old Testament
H4240,מְחִידָּא,Mchiyda' (mek-ee-daw') n/p.,,,Hebrew,Old Testament
H4241,מִחיָה,preservation of life,,,Hebrew,Old Testament
H4242,מְחִיר,price,,,Hebrew,Old Testament
H4243,מְחִיר,Mchiyr (mekh-eer') n/p.,,,Hebrew,Old Testament
H4244,מַחלָה,Machlah (makh-law') n/p.,,,Hebrew,Old Testament
H4245,מַחֲלֶה מַחֲלָה,sickness,,,Hebrew,Old Testament
H4246,מְחוֹלָה,a dance,,,Hebrew,Old Testament
H4247,מְחִלָּה,a cavern (as if excavated),,,Hebrew,Old Testament
H4248,מַחלוֹן,Machlown (makh-lone') n/p.,,,Hebrew,Old Testament
H4249,מַחלִי,Machliy (makh-lee') n/p.,,,Hebrew,Old Testament
H4250,מַחלִי,Machliy (makh-lee') adj.,,,Hebrew,Old Testament
H4251,מַחלוּי,a disease,,,Hebrew,Old Testament
H4252,מַחֲלָף,a (sacrificial) knife (as gliding through the flesh),,,Hebrew,Old Testament
H4253,מַחלָפָה,a ringlet of hair (as gliding over each other),,,Hebrew,Old Testament
H4254,מַחֲלָצָה,a mantle (as easily drawn off),,,Hebrew,Old Testament
H4255,מַחלְקָה,a section (of the Levites),,,Hebrew,Old Testament
H4256,מַחֲלוֹקֶת,a section (of Levites,,,Hebrew,Old Testament
H4257,מַחֲלַת,sickness,,,Hebrew,Old Testament
H4258,מַחֲלַת,Machalath (makh-al-ath') n/p.,,,Hebrew,Old Testament
H4259,מְחוֹלָתִי,Mcholathiy (mekh-o-law-thee') adj.,,,Hebrew,Old Testament
H4260,מַחֲמָאָה,something buttery (i.e. unctuous and pleasant),,,Hebrew,Old Testament
H4261,מַחמָד,delightful,,,Hebrew,Old Testament
H4262,מַחמוּד מַחמוּד,desired,,,Hebrew,Old Testament
H4263,מַחמָל,(properly) sympathy,,,Hebrew,Old Testament
H4264,מַחֲנֶה,an encampment (of travellers or troops),,,Hebrew,Old Testament
H4265,מַחֲנֵה ־ דָּן,Machaneh-Dan (makh-an-ay'-dawn) n/l.,,,Hebrew,Old Testament
H4266,מַחֲנַיִם,Machanayim (makh-an-ah'-yim) n/l.,,,Hebrew,Old Testament
H4267,מַחֲנַק,strangling,,,Hebrew,Old Testament
H4268,מַחֲסֶה מַחסֶה,a shelter (literally or figuratively),,,Hebrew,Old Testament
H4269,מַחסוֹם,a muzzle,,,Hebrew,Old Testament
H4270,מַחסוֹר מַחסוֹר,deficiency,,,Hebrew,Old Testament
H4271,מַחסֵיָה,Machceyah (makh-say-yaw') n/p.,,,Hebrew,Old Testament
H4272,מָחַץ,machats (maw-khats') v.,,,Hebrew,Old Testament
H4273,מַחַץ,a contusion,,,Hebrew,Old Testament
H4274,מַחצֵּב,(properly) a hewing,,,Hebrew,Old Testament
H4275,מֶחֱצָה,a halving,,,Hebrew,Old Testament
H4276,מַחֲצִיתּ,a halving or the middle,,,Hebrew,Old Testament
H4277,מָחַק,machaq (maw-khak') v.,,,Hebrew,Old Testament
H4278,מֶחקָר,(properly) scrutinized,,,Hebrew,Old Testament
H4279,מָחָר,(properly) deferred,,,Hebrew,Old Testament
H4280,מַחֲרָאָה,a sink,,,Hebrew,Old Testament
H4281,מַחֲרֵשָׁה,probably a pick-axe,,,Hebrew,Old Testament
H4282,מַחֲרֶשֶׁת,probably a hoe,,,Hebrew,Old Testament
H4283,מָחֳרָת מָחֳרָתָם,the morrow or (adverbially) tomorrow,,,Hebrew,Old Testament
H4284,מַחֲשָׁבָה מַחֲשֶׁבֶת,a contrivance,,,Hebrew,Old Testament
H4285,מַחשָׁך,darkness,,,Hebrew,Old Testament
H4286,מַחשׂוֹף,a peeling,,,Hebrew,Old Testament
H4287,מַחַת,Machath (makh'-ath) n/p.,,,Hebrew,Old Testament
H4288,מְחִתּתָּה,(properly) a dissolution,,,Hebrew,Old Testament
H4289,מַחתָּה,a pan for live coals,,,Hebrew,Old Testament
H4290,מַחתֶּרֶת,a burglary,,,Hebrew,Old Testament
H4291,מְטָא מְטָה,mta' (met-aw') ((Aramaic) or mtah (Aramaic) met-aw') v.,,,Hebrew,Old Testament
H4292,מַטאֲטֵא,"a broom (as removing dirt (compare English ""to dust""",,,Hebrew,Old Testament
H4293,מַטבֵַּח,slaughter,,,Hebrew,Old Testament
H4294,מַטֶּה מַטָּה,a branch (as extending),,,Hebrew,Old Testament
H4295,מַטָּה,mattah (mat'-taw) adv.,,,Hebrew,Old Testament
H4296,מִטָּה,a bed (as extended) for sleeping or eating,,,Hebrew,Old Testament
H4297,מוּטֶּה,a stretching,,,Hebrew,Old Testament
H4298,מוּטָּה,expansion,,,Hebrew,Old Testament
H4299,מַטוֶה,something spun,,,Hebrew,Old Testament
H4300,מְטִיל,an iron bar (as forged),,,Hebrew,Old Testament
H4301,מַטמוֹן מַטמוֹן מַטמוּן,a secret storehouse,,,Hebrew,Old Testament
H4302,מַטָּע,something planted,,,Hebrew,Old Testament
H4303,מַטעַם מַטעַמָּה,a delicacy,,,Hebrew,Old Testament
H4304,מִטפַּחַת,a wide cloak (for a woman),,,Hebrew,Old Testament
H4305,מָטַר,matar (maw-tar') v.,,,Hebrew,Old Testament
H4306,מָטָר,rain,,,Hebrew,Old Testament
H4307,מַטָּרָא מַטָּרָה,a jail (as a guard-house),,,Hebrew,Old Testament
H4308,מַטרֵד,Matred (mat-rade') n/p.,,,Hebrew,Old Testament
H4309,מַטרִי,Matriy (mat-ree') adj.,,,Hebrew,Old Testament
H4310,מִי,miy (me) p/i.,మీ,ఎవరు,Hebrew,Old Testament
H4311,מֵידֶּבָא,Meydba' (may-deb-aw') n/l.,,,Hebrew,Old Testament
H4312,מֵידָּד,Meydad (may-dawd') n/p.,,,Hebrew,Old Testament
H4313,מֵי הַיַּרקוֹן,Mey hay-Yarqown (may hah'-ee-yar-kone') n/l.,,,Hebrew,Old Testament
H4314,מֵי זָהָב,Mey Zahab (may zaw-hawb') n/p.,,,Hebrew,Old Testament
H4315,מֵיטָּב,the best part,,,Hebrew,Old Testament
H4316,מִיכָּא,Miyka' (mee-kaw') n/p.,,,Hebrew,Old Testament
H4317,מִיכָּאֵל,Miyka'el (me-kaw-ale') n/p.,,,Hebrew,Old Testament
H4318,מִיכָּה,Miykah (mee-kaw') n/p.,,,Hebrew,Old Testament
H4319,מִיכָּהוּ,Miykahuw (me-kaw'-hoo) n/p.,,,Hebrew,Old Testament
H4320,מִיכָּיָה,Miykayah (me-kaw-yaw') n/p.,,,Hebrew,Old Testament
H4321,מִיכָּיְהוּ מִכָיְהוּ,Miykayhuw (me-kaw-yeh-hoo') (or Mikayhuw (Jeremiah 36) n/p.,,,Hebrew,Old Testament
H4322,מִיכָּיָהוּ,Miykayahuw (me-kaw-yaw'-hoo) n/p.,,,Hebrew,Old Testament
H4323,מִיכָּל,(properly) a container,,,Hebrew,Old Testament
H4324,מִיכָּל,Miykal (me-kawl') n/p.,,,Hebrew,Old Testament
H4325,מַיִם,water,మయిం,నీళ్లు,Hebrew,Old Testament
H4326,מִיָמִן,Miyamin (me-yaw-meem') n/p.,,,Hebrew,Old Testament
H4327,מִין,a sort,,,Hebrew,Old Testament
H4328,מְיוּסָּדָה,myuccadah (meh-yoos-saw-daw') prt.,,,Hebrew,Old Testament
H4329,מֵיסָך,a portico (as covered),,,Hebrew,Old Testament
H4330,מִיצּ,pressure,,,Hebrew,Old Testament
H4331,מֵישָׁא,Meysha' (may-shaw') n/p.,,,Hebrew,Old Testament
H4332,מִישָׁאֵל,Miysha'el (mee-shaw-ale') n/p.,,,Hebrew,Old Testament
H4333,מִישָׁאֵל,Miysha'el (mee-shaw-ale') n/p.,,,Hebrew,Old Testament
H4334,מִישׁוֹר מִישׁוֹר,a level,,,Hebrew,Old Testament
H4335,מֵישַׁך,Meyshak (may-shak') n/p.,,,Hebrew,Old Testament
H4336,מֵישַׁך,Meyshak (may-shak') n/p.,,,Hebrew,Old Testament
H4337,מֵישָׁע,Meysha` (may-shah') n/p.,,,Hebrew,Old Testament
H4338,מֵישַׁע,Meysha` (may-shaw') n/p.,,,Hebrew,Old Testament
H4339,מֵישָׁר,evenness,,,Hebrew,Old Testament
H4340,מֵיתָּר,a cord (of a tent) or the string (of a bow),,,Hebrew,Old Testament
H4341,מַכאוֹב מַכאוֹב מַכאוֹבָה,anguish or (figuratively) affliction,,,Hebrew,Old Testament
H4342,מַכבִּיר,makbiyr (mak-beer') v-xxp.,,,Hebrew,Old Testament
H4343,מַכבֵּנָא,Makbena' (mak-bay-naw') n/p.,,,Hebrew,Old Testament
H4344,מַכבַּנַּי,Makbannay (mak-ban-nah'-ee) n/p.,,,Hebrew,Old Testament
H4345,מַכבֵּר,a grate,,,Hebrew,Old Testament
H4346,מַכבָּר,a cloth (as netted),,,Hebrew,Old Testament
H4347,מַכָּה מַכֶּה,a blow (in 2 Chronicles 2,,,Hebrew,Old Testament
H4348,מִכוָה,a burn,,,Hebrew,Old Testament
H4349,מָכוֹן,(properly) a fixture,,,Hebrew,Old Testament
H4350,מְכוֹנָה מְכוֹנָה,a pedestal,,,Hebrew,Old Testament
H4351,מְכוּרָה מְכוֹרָה,origin (as if a mine),,,Hebrew,Old Testament
H4352,מָכִי,Makiy (maw-kee') n/p.,,,Hebrew,Old Testament
H4353,מָכִיר,Makiyr (maw-keer') n/p.,,,Hebrew,Old Testament
H4354,מָכִירִי,Makiyriy (maw-kee-ree') adj.,,,Hebrew,Old Testament
H4355,מָכַך,makak (maw-kak') v.,,,Hebrew,Old Testament
H4356,מִכלָאָה מִכלָה,a pen (for flocks),,,Hebrew,Old Testament
H4357,מִכלָה,completion,,,Hebrew,Old Testament
H4358,מִכלוֹל,miklowl (mik-lole') adv.,,,Hebrew,Old Testament
H4359,מִכלָל,perfection (of beauty),,,Hebrew,Old Testament
H4360,מִכלוּל,something perfect,,,Hebrew,Old Testament
H4361,מַכּוֹלֶת,nourishment,,,Hebrew,Old Testament
H4362,מִכמַן,treasure (as hidden),,,Hebrew,Old Testament
H4363,מִכמָס מִכמָשׁ מִכמַשׁ,Mikmac (mik-maws') ((Ezra 2) n/l.,,,Hebrew,Old Testament
H4364,מַכמָר מִכמוֹר,a (hunter's) net (as dark from concealment),,,Hebrew,Old Testament
H4365,מִכמֶרֶת מִכמוֹרֶת,a (fisher's) net,,,Hebrew,Old Testament
H4366,מִכמְתָת,Mikmthath (mik-meth-awth') n/l.,,,Hebrew,Old Testament
H4367,מַכנַדבַּי,Maknadbay (mak-nad-bah'-ee) n/p.,,,Hebrew,Old Testament
H4368,מְכוֹנָה,Mkonah (mek-o-naw') n/l.,,,Hebrew,Old Testament
H4369,מְכוּנָה,a spot,,,Hebrew,Old Testament
H4370,מִכנָס,(only in dual) drawers (from concealing the private parts),,,Hebrew,Old Testament
H4371,מֶכֶס,an assessment (as based upon a census),,,Hebrew,Old Testament
H4372,מִכסֶה,a covering,,,Hebrew,Old Testament
H4373,מִכסָה,an enumeration,,,Hebrew,Old Testament
H4374,מְכַסֶּה,a covering,,,Hebrew,Old Testament
H4375,מַכפֵּלָה,Makpelah (mak-pay-law') n/l.,,,Hebrew,Old Testament
H4376,מָכַר,makar (maw-kar') v.,,,Hebrew,Old Testament
H4377,מֶכֶּר,merchandise,,,Hebrew,Old Testament
H4378,מַכָּר,an acquaintance,,,Hebrew,Old Testament
H4379,מִכרֶה,a pit (for salt),,,Hebrew,Old Testament
H4380,מְכֵרָה,a sword,,,Hebrew,Old Testament
H4381,מִכרִי,Mikriy (mik-ree') n/p.,,,Hebrew,Old Testament
H4382,מְכֵרָתִי,Mkerathiy (mek-ay-raw-thee') adj.,,,Hebrew,Old Testament
H4383,מִכשׁוֹל מִכשׁוֹל,a stumbling-block,,,Hebrew,Old Testament
H4384,מַכשֵׁלָה,a stumbling-block,,,Hebrew,Old Testament
H4385,מִכתָּב,a thing written,,,Hebrew,Old Testament
H4386,מְכִתּתָּה,a fracture,,,Hebrew,Old Testament
H4387,מִכתָּם,an engraving,,,Hebrew,Old Testament
H4388,מַכתֵּשׁ,a mortar,,,Hebrew,Old Testament
H4389,מַכתֵּשׁ,dell,,,Hebrew,Old Testament
H4390,מָלֵא מָלָא,male' (maw-lay') (or malae (Esth. 7) v.,మాలా,నింపు,Hebrew,Old Testament
H4391,מְלָא,mla' (mel-aw') v.,,,Hebrew,Old Testament
H4392,מָלֵא,male' (maw-lay') adj.,,,Hebrew,Old Testament
H4393,מְלוֹא מְלוֹא מְלוֹ,fullness (literally or figuratively),,,Hebrew,Old Testament
H4394,מִלּוּא,a fulfilling (only in plural),,,Hebrew,Old Testament
H4395,מְלֵאָה,something fulfilled,,,Hebrew,Old Testament
H4396,מִלּוּאָה,a filling,,,Hebrew,Old Testament
H4397,מַלאָך,a messenger,మలాక్,దూత,Hebrew,Old Testament
H4398,מַלאַך,an angel,,,Hebrew,Old Testament
H4399,מְלָאכָּה,(properly) deputyship,,,Hebrew,Old Testament
H4400,מַלאֲכוּת,a message,,,Hebrew,Old Testament
H4401,מַלאָכִי,Mal`akiy (mal-aw-kee') n/p.,,,Hebrew,Old Testament
H4402,מִלֵּאתּ,fulness,,,Hebrew,Old Testament
H4403,מַלבּוּשׁ מַלבּוּשׁ,a garment,,,Hebrew,Old Testament
H4404,מַלבֵּן,a brick-kiln,,,Hebrew,Old Testament
H4405,מִלָּה מִלֶּה,a word,,,Hebrew,Old Testament
H4406,מִלָּה,a word,,,Hebrew,Old Testament
H4407,מִלּוֹא מִלּוֹא,millow' (mil-lo') (or mil-loe (2 Kings 12) n/p.,,,Hebrew,Old Testament
H4408,מַלּוַּח,sea-purslain (from its saltness),,,Hebrew,Old Testament
H4409,מַלּוּך מַלוּכִי,Malluwk (mal-luke') (or Malluwkiy (Neh. 12) n/p.,,,Hebrew,Old Testament
H4410,מְלוּכָה,something ruled,,,Hebrew,Old Testament
H4411,מָלוֹן,a lodgment,,,Hebrew,Old Testament
H4412,מְלוּנָה,a hut,,,Hebrew,Old Testament
H4413,מַלּוֹתִי,Mallowthiy (mal-lo'-thee) n/p.,,,Hebrew,Old Testament
H4414,מָלַח,malach (maw-lakh') v.,,,Hebrew,Old Testament
H4415,מְלַח,mlach (mel-akh') v.,,,Hebrew,Old Testament
H4416,מְלַח,salt,,,Hebrew,Old Testament
H4417,מֶלַח,(properly) powder,,,Hebrew,Old Testament
H4418,מָלָח,a rag or old garment,,,Hebrew,Old Testament
H4419,מַלָּח,"a sailor (as following ""the salt"")",,,Hebrew,Old Testament
H4420,מְלֵחָה,(properly) salted (i.e. land (H0776 being understood)),,,Hebrew,Old Testament
H4421,מִלחָמָה,a battle (i.e. the engagement),,,Hebrew,Old Testament
H4422,מָלַט,malat (maw-lat') v.,,,Hebrew,Old Testament
H4423,מֶלֶט,clay,,,Hebrew,Old Testament
H4424,מְלַטיָה,Mlatyah (mel-at-yaw') n/p.,,,Hebrew,Old Testament
H4425,מְלִילָה,a head of grain (as cut off),,,Hebrew,Old Testament
H4426,מְלִיצָּה,an aphorism,,,Hebrew,Old Testament
H4427,מָלַך,malak (maw-lak') v.,,,Hebrew,Old Testament
H4428,מֶלֶך,a king,మెలెక్,రాజు,Hebrew,Old Testament
H4429,מֶלֶך,Melek (meh'-lek) n/p.,,,Hebrew,Old Testament
H4430,מֶלֶך,a king,,,Hebrew,Old Testament
H4431,מְלַך,counsel,,,Hebrew,Old Testament
H4432,מוֹלֶך,Molek (mo'-lek) n/p.,,,Hebrew,Old Testament
H4433,מַלכָּא,a queen,,,Hebrew,Old Testament
H4434,מַלכּוֹדֶת,a snare,,,Hebrew,Old Testament
H4435,מִלכָּה,Milkah (mil-kaw') n/p.,,,Hebrew,Old Testament
H4436,מַלכָּה,a queen,,,Hebrew,Old Testament
H4437,מַלכּוּ,dominion,,,Hebrew,Old Testament
H4438,מַלכּוּת מַלכּוּת מַלכּוּיָה,a rule,మల్కూత్,రాజ్యం,Hebrew,Old Testament
H4439,מַלכִּיאֵל,Malkiy'el (mal-kee-ale') n/p.,,,Hebrew,Old Testament
H4440,מַלכִּיאֵלִי,Malkiy'eliy (mal-kee-ay-lee') adj.,,,Hebrew,Old Testament
H4441,מַלכִּיָה מַלכִּיָהוּ,Malkiyah (mal-kee-yaw') (or Malkiyahuw (Jer. 38) n/p.,,,Hebrew,Old Testament
H4442,מַלכִּי ־ צֶּדֶק,Malkiy-Tsedeq (mal-kee-tseh'-dek) n/p.,,,Hebrew,Old Testament
H4443,מַלכִּירָם,Malkiyram (mal-kee-rawm') n/p.,,,Hebrew,Old Testament
H4444,מַלכִּישׁוַּע,Malkiyshuwa` (mal-kee-shoo'-ah) n/p.,,,Hebrew,Old Testament
H4445,מַלכָּם מִלכּוֹם,Malkam (mal-kawm') (or Milkowm mil-kome') n/p.,,,Hebrew,Old Testament
H4446,מְלֶכֶת,a queen,,,Hebrew,Old Testament
H4447,מוֹלֶכֶת,Moleketh (mo-leh'-keth) n/p.,,,Hebrew,Old Testament
H4448,מָלַל,malal (maw-lal') v.,,,Hebrew,Old Testament
H4449,מְלַל,mlal (mel-al') v.,,,Hebrew,Old Testament
H4450,מִלֲלַי,Milalay (mee-lal-ah'-ee) n/p.,,,Hebrew,Old Testament
H4451,מַלמָד,a goad for oxen,,,Hebrew,Old Testament
H4452,מָלַץ,malats (maw-lats') v.,,,Hebrew,Old Testament
H4453,מֶלצָּר,the butler or other officer in the Babylonian court,,,Hebrew,Old Testament
H4454,מָלַק,malaq (maw-lak') v.,,,Hebrew,Old Testament
H4455,מַלקוַֹח,transitively (in dual) the jaws (as taking food),,,Hebrew,Old Testament
H4456,מַלקוֹשׁ,the spring rain,,,Hebrew,Old Testament
H4457,מֶלקָח מַלקָח,(only in dual) tweezers,,,Hebrew,Old Testament
H4458,מֶלתָּחָה,a wardrobe (i.e. room where clothing is spread),,,Hebrew,Old Testament
H4459,מַלתָּעָה,a grinder,,,Hebrew,Old Testament
H4460,מַמְּגוּרָה,a granary,,,Hebrew,Old Testament
H4461,מֵמַד,a measure,,,Hebrew,Old Testament
H4462,מְמוּכָן מוֹמוּכָן,Mmuwkan (mem-oo-kawn') (or (transp.) Mowmukan (Esth. 1) n/p.,,,Hebrew,Old Testament
H4463,מָמוֹת,a mortal disease,,,Hebrew,Old Testament
H4464,מַמזֵר,a mongrel,,,Hebrew,Old Testament
H4465,מִמכָּר,merchandise,,,Hebrew,Old Testament
H4466,מִמכֶּרֶת,a sale,,,Hebrew,Old Testament
H4467,מַמלָכָה,dominion,,,Hebrew,Old Testament
H4468,מַמלָכוּת,kingdom,,,Hebrew,Old Testament
H4469,מַמסָך,mixture,,,Hebrew,Old Testament
H4470,מֶמֶר,sorrow,,,Hebrew,Old Testament
H4471,מַמרֵא,Mamre' (mam-ray') n/l.,,,Hebrew,Old Testament
H4472,מַמרוֹר,a bitterness,,,Hebrew,Old Testament
H4473,מִמשַׁח,outspread (i.e. with outstretched wings),,,Hebrew,Old Testament
H4474,מִמשָׁל,a ruler or (abstractly) rule,,,Hebrew,Old Testament
H4475,מֶמשָׁלָה,rule,,,Hebrew,Old Testament
H4476,מִמשָׁק,a possession,,,Hebrew,Old Testament
H4477,מַמתַּק,something sweet (literally or figuratively),,,Hebrew,Old Testament
H4478,מָן,(literally) a whatness (so to speak),,,Hebrew,Old Testament
H4479,מָן,man (mawn) p/i.,,,Hebrew,Old Testament
H4480,מִן מִנִּי מִנֵּי,min (min) (or minniy min-nee' or minney (constructive plural) min-nay',మిన్,నుండి,Hebrew,Old Testament
H4481,מִן,min (min) prep.,,,Hebrew,Old Testament
H4482,מֵן,a part,,,Hebrew,Old Testament
H4483,מְנָא מְנָה,mna' (men-aw') ((Aramaic) or mnah (Aramaic) men-aw') v.,,,Hebrew,Old Testament
H4484,מְנֵא,numbered,,,Hebrew,Old Testament
H4485,מַנגִּינָה,a satire,,,Hebrew,Old Testament
H4486,מַנדַּע,wisdom or intelligence,,,Hebrew,Old Testament
H4487,מָנָה,manah (maw-naw') v.,,,Hebrew,Old Testament
H4488,מָנֶה,(properly) a fixed weight or measured amount,,,Hebrew,Old Testament
H4489,מוֹנֶה,(properly) something weighed out,,,Hebrew,Old Testament
H4490,מָנָה,(properly) something weighed out,,,Hebrew,Old Testament
H4491,מִנהָג,the driving (of a chariot),,,Hebrew,Old Testament
H4492,מִנהָרָה,(properly) a channel or fissure,,,Hebrew,Old Testament
H4493,מָנוֹד,shaking,,,Hebrew,Old Testament
H4494,מָנוַֹח,quiet,,,Hebrew,Old Testament
H4495,מָנוַֹח,Manowach (maw-no'-akh) n/p.,,,Hebrew,Old Testament
H4496,מְנוּחָה מְנוּחָה,repose,,,Hebrew,Old Testament
H4497,מָנוֹן,a continuator,,,Hebrew,Old Testament
H4498,מָנוֹס,a retreat (literally or figuratively),,,Hebrew,Old Testament
H4499,מְנוּסָה מְנוּסָה,retreat,,,Hebrew,Old Testament
H4500,מָנוֹר,a yoke (properly,,,Hebrew,Old Testament
H4501,מְנוֹרָה מְנוֹרָה,a chandelier,,,Hebrew,Old Testament
H4502,מִנְּזָר,a prince,,,Hebrew,Old Testament
H4503,מִנחָה,a donation,మింఖా,అర్పణ,Hebrew,Old Testament
H4504,מִנחָה,a sacrificial offering,,,Hebrew,Old Testament
H4505,מְנַחֵם,Mnachem (men-akh-ame') n/p.,,,Hebrew,Old Testament
H4506,מָנַחַת,Manachath (maw-nakh'-ath) n/l.,,,Hebrew,Old Testament
H4507,מְנִי,Mniy (men-ee') n/p.,,,Hebrew,Old Testament
H4508,מִנִּי,Minniy (min-nee') n/l.,,,Hebrew,Old Testament
H4509,מִניָמִין,Minyamiyn (min-yaw-meen') n/p.,,,Hebrew,Old Testament
H4510,מִניָן,enumeration,,,Hebrew,Old Testament
H4511,מִנִּיתּ,Minniyth (min-neeth') n/l.,,,Hebrew,Old Testament
H4512,מִנלֶה,completion,,,Hebrew,Old Testament
H4513,מָנַע,mana` (maw-nah') v.,,,Hebrew,Old Testament
H4514,מַנעוּל מַנעוּל,a bolt,,,Hebrew,Old Testament
H4515,מַנעָל,a bolt,,,Hebrew,Old Testament
H4516,מַנעַם,a delicacy,,,Hebrew,Old Testament
H4517,מְנַענַע,a sistrum (so called from its rattling sound),,,Hebrew,Old Testament
H4518,מְנַקִּיתּ,a sacrificial basin (for holding blood),,,Hebrew,Old Testament
H4519,מְנַשֶּׁה,Mnashsheh (men-ash-sheh') n/p.,,,Hebrew,Old Testament
H4520,מְנַשִּׁי,Mnashshiy (men-ash-shee') adj.,,,Hebrew,Old Testament
H4521,מְנָת,an allotment (by courtesy,,,Hebrew,Old Testament
H4522,מַס מִס,(properly) a burden (as causing to faint),,,Hebrew,Old Testament
H4523,מָס,mac (mawce) adj.,,,Hebrew,Old Testament
H4524,מֵסַב מֶסִבִּים מֶסִבּוֹת,a divan (as enclosing the room),,,Hebrew,Old Testament
H4525,מַסגֵּר,a fastener,,,Hebrew,Old Testament
H4526,מִסגֶּרֶת,something enclosing,,,Hebrew,Old Testament
H4527,מַסַּד,a foundation,,,Hebrew,Old Testament
H4528,מִסדְּרוֹן,a colonnade or internal portico (from its rows of pillars),,,Hebrew,Old Testament
H4529,מָסָה,macah (maw-saw') v.,,,Hebrew,Old Testament
H4530,מִסָּה,abundance,,,Hebrew,Old Testament
H4531,מַסָּה,a testing,,,Hebrew,Old Testament
H4532,מַסָּה,Maccah (mas-saw') n/l.,,,Hebrew,Old Testament
H4533,מַסוֶה,a veil,,,Hebrew,Old Testament
H4534,מְסוּכָה,a hedge,,,Hebrew,Old Testament
H4535,מַסָּח,maccach (mas-sawkh') adv.,,,Hebrew,Old Testament
H4536,מִסחָר,trade,,,Hebrew,Old Testament
H4537,מָסַך,macak (maw-sak') v.,,,Hebrew,Old Testament
H4538,מֶסֶך,a mixture,,,Hebrew,Old Testament
H4539,מָסָך,a cover,,,Hebrew,Old Testament
H4540,מְסוּכָּה,a covering,,,Hebrew,Old Testament
H4541,מַסֵּכָה,(properly) a pouring over,,,Hebrew,Old Testament
H4542,מִסכֵּן,micken (mis-kane') adj.,,,Hebrew,Old Testament
H4543,מִסכְּנָה,a storehouse,,,Hebrew,Old Testament
H4544,מִסכֵּנוּת,indigence,,,Hebrew,Old Testament
H4545,מַסֶּכֶת,something expanded,,,Hebrew,Old Testament
H4546,מְסִלָּה,a thoroughfare (as turnpiked),,,Hebrew,Old Testament
H4547,מַסלוּל,a thoroughfare (as turnpiked),,,Hebrew,Old Testament
H4548,מַסמֵר מִסמֵר מַסמְרָה מִסמְרָה,a peg (as bristling from the surface),,,Hebrew,Old Testament
H4549,מָסַס,macac (maw-sas') v.,,,Hebrew,Old Testament
H4550,מַסַּע,a departure (from striking the tents),,,Hebrew,Old Testament
H4551,מַסָּע,a missile (spear or arrow),,,Hebrew,Old Testament
H4552,מִסעָד,a balustrade (for stairs),,,Hebrew,Old Testament
H4553,מִספֵּד,a lamentation,,,Hebrew,Old Testament
H4554,מִספּוֹא,fodder,,,Hebrew,Old Testament
H4555,מִספָּחָה,a veil (as spread out),,,Hebrew,Old Testament
H4556,מִספַּחַת,scruf (as spreading over the surface),,,Hebrew,Old Testament
H4557,מִספָּר,a number,,,Hebrew,Old Testament
H4558,מִספָּר,Micpar (mis-pawr') n/p.,,,Hebrew,Old Testament
H4559,מִספֶּרֶת,Micpereth (mis-peh'-reth) n/p.,,,Hebrew,Old Testament
H4560,מָסַר,macar (maw-sar') v.,,,Hebrew,Old Testament
H4561,מוֹסָר,admonition,,,Hebrew,Old Testament
H4562,מָסוֹרֶת,a band,,,Hebrew,Old Testament
H4563,מִסתּוֹר,a refuge,,,Hebrew,Old Testament
H4564,מַסתֵּר,(properly) a hider,,,Hebrew,Old Testament
H4565,מִסתָּר,(properly) a concealer,,,Hebrew,Old Testament
H4566,מַעבָּד,an act,,,Hebrew,Old Testament
H4567,מַעבָּד,an act,,,Hebrew,Old Testament
H4568,מַעֲבֶה,(properly) compact (part of soil),,,Hebrew,Old Testament
H4569,מַעֲבָר מַעֲבָרָה,a crossing-place (of a river,,,Hebrew,Old Testament
H4570,מַעגָּל מַעגָּלָה,a track (literally or figuratively),,,Hebrew,Old Testament
H4571,מָעַד,ma`ad (maw-ad') v.,,,Hebrew,Old Testament
H4572,מַעֲדַי,Ma`aday (mah-ad-ah'-ee) n/p.,,,Hebrew,Old Testament
H4573,מַעַדיָה,Ma`adyah (mah-ad-yaw') n/p.,,,Hebrew,Old Testament
H4574,מַעֲדָן מַעֲדַנָּה,a delicacy or (abstractly) pleasure (adverbially,,,Hebrew,Old Testament
H4575,מַעֲדַנָּה,a bond,,,Hebrew,Old Testament
H4576,מַעדֵּר,a (weeding) hoe,,,Hebrew,Old Testament
H4577,מְעָה מְעָא,only in plural the bowels,,,Hebrew,Old Testament
H4578,מֵעֶה,used only in plural the intestines,,,Hebrew,Old Testament
H4579,מֵעָה,the belly,,,Hebrew,Old Testament
H4580,מָעוֹג,a cake of bread (with H3934 a table- buffoon,,,Hebrew,Old Testament
H4581,מָעוֹז מָעוּז מָעוֹז מָעוּז,a fortified place,,,Hebrew,Old Testament
H4582,מָעוֹך,Ma`owk (maw-oke') n/p.,,,Hebrew,Old Testament
H4583,מָעוֹן מָעִין,an abode,,,Hebrew,Old Testament
H4584,מָעוֹן,Ma`own (maw-ohn') n/l.,,,Hebrew,Old Testament
H4585,מְעוֹנָה מְעוֹנָה,meaning the same as H4583,,,Hebrew,Old Testament
H4586,מְעוּנִי מְעִינִי,M`uwniy (meh-oo-nee') (or Msiyniy meh-ee-nee') n/p.,,,Hebrew,Old Testament
H4587,מְעוֹנוֹתַי,M`ownothay (meh-o-no-thah'-ee) n/p.,,,Hebrew,Old Testament
H4588,מָעוּף,darkness,,,Hebrew,Old Testament
H4589,מָעוֹר,nakedness,,,Hebrew,Old Testament
H4590,מַעַזיָה מַעַזיָהוּ,Ma`azyah (mah-az-yaw') (or Ma.azyahuw mah-az-yaw'-hoo) n/p.,,,Hebrew,Old Testament
H4591,מָעַט,ma`at (maw-at') v.,,,Hebrew,Old Testament
H4592,מְעַט מְעָט,m`at (meh-at') (or miat meh-awt') subv.,,,Hebrew,Old Testament
H4593,מָעוֹט,ma`ot (maw-ote') adj.,,,Hebrew,Old Testament
H4594,מַעֲטֶה,a vestment,,,Hebrew,Old Testament
H4595,מַעֲטָפָה,a cloak,,,Hebrew,Old Testament
H4596,מְעִי,a pile of rubbish (as contorted),,,Hebrew,Old Testament
H4597,מָעַי,Ma`ai (maw-ah'-ee) n/p.,,,Hebrew,Old Testament
H4598,מְעִיל,a robe (i.e. upper and outer garment),,,Hebrew,Old Testament
H4599,מַעיָן מַעיְנוֹ מַעיָנָה,a fountain (also collectively),,,Hebrew,Old Testament
H4600,מָעַך,ma`ak (maw-ak') v.,,,Hebrew,Old Testament
H4601,מַעֲכָה מַעֲכָת,Ma`akah (mah-ak-aw') (or Mamakath (Josh. 13) n/p.,,,Hebrew,Old Testament
H4602,מַעֲכָתִי,Ma`akathiy (mah-ak-aw-thee') adj.,,,Hebrew,Old Testament
H4603,מָעַל,ma`al (maw-al') v.,,,Hebrew,Old Testament
H4604,מַעַל,treachery,,,Hebrew,Old Testament
H4605,מַעַל,ma`al (mah'al) adj.,,,Hebrew,Old Testament
H4606,מֵעָל,(only in plural as singular) the setting (of the sun),,,Hebrew,Old Testament
H4607,מוֹעַל,a raising (of the hands),,,Hebrew,Old Testament
H4608,מַעֲלֶה,an elevation,,,Hebrew,Old Testament
H4609,מַעֲלָה,elevation,,,Hebrew,Old Testament
H4610,מַעֲלֵה עַקרַבִּים,Ma`aleh `Aqrabbiym (mah-al-ay' ak-rab-beem') n/l.,,,Hebrew,Old Testament
H4611,מַעֲלָל,an act (good or bad),,,Hebrew,Old Testament
H4612,מַעֲמָד,(figuratively) a position,,,Hebrew,Old Testament
H4613,מָעֳמָד,(literally) a foothold,,,Hebrew,Old Testament
H4614,מַעֲמָסָה,burdensomeness,,,Hebrew,Old Testament
H4615,מַעֲמָק,a deep,,,Hebrew,Old Testament
H4616,מַעַן,ma`an (mah'-an) prep.,,,Hebrew,Old Testament
H4617,מַעֲנֶה,a reply (favorable or contradictory),,,Hebrew,Old Testament
H4618,מַעֲנָה,a furrow,,,Hebrew,Old Testament
H4619,מַעַץ,Ma`ats (mah'-ats) n/p.,,,Hebrew,Old Testament
H4620,מַעֲצֵבָה,anguish,,,Hebrew,Old Testament
H4621,מַעֲצָד,an axe,,,Hebrew,Old Testament
H4622,מַעצּוֹר,objectively,,,Hebrew,Old Testament
H4623,מַעצָּר,subjectively,,,Hebrew,Old Testament
H4624,מַעֲקֶה,a parapet,,,Hebrew,Old Testament
H4625,מַעֲקָשׁ,a crook (in a road),,,Hebrew,Old Testament
H4626,מַעַר,a nude place,,,Hebrew,Old Testament
H4627,מַעֲרָב,traffic,,,Hebrew,Old Testament
H4628,מַעֲרָב מַעֲרָבָה,the west (as a region of the evening sun),,,Hebrew,Old Testament
H4629,מַעֲרֶה,a nude place,,,Hebrew,Old Testament
H4630,מַעֲרָה,an open spot,,,Hebrew,Old Testament
H4631,מְעָרָה,a cavern (as dark),,,Hebrew,Old Testament
H4632,מְעָרָה,M`arah (meh-aw-raw') n/l.,,,Hebrew,Old Testament
H4633,מַעֲרָך,an arrangement,,,Hebrew,Old Testament
H4634,מַעֲרָכָה,an arrangement,,,Hebrew,Old Testament
H4635,מַעֲרֶכֶת,an arrangement,,,Hebrew,Old Testament
H4636,מַעֲרוֹם,bare,,,Hebrew,Old Testament
H4637,מַעֲרָצָה,violence,,,Hebrew,Old Testament
H4638,מַעֲרָת,Ma`arath (mah-ar-awth') n/l.,,,Hebrew,Old Testament
H4639,מַעֲשֶׂה,an action (good or bad),,,Hebrew,Old Testament
H4640,מַעֲשַׂי,Ma`say (mah-as-ah'ee) n/p.,,,Hebrew,Old Testament
H4641,מַעֲשֵׂיָה מַעֲשֵׂיָהוּ,Ma`aseyah (mah-as-ay-yaw') (or Maaseyahuw mah-as-ay-yaw'-hoo) n/p.,,,Hebrew,Old Testament
H4642,מַעֲשַׁקָּה,oppression,,,Hebrew,Old Testament
H4643,מַעֲשֵׂר מַעֲשַׂר מַעַשׂרָה,a tenth,,,Hebrew,Old Testament
H4644,מוֹף,Moph (mofe) n/l.,,,Hebrew,Old Testament
H4645,מִפגָּע,an object of attack,,,Hebrew,Old Testament
H4646,מַפָּח,a breathing out (of life),,,Hebrew,Old Testament
H4647,מַפּוַּח,the bellows (i.e. blower) of a forge,,,Hebrew,Old Testament
H4648,מְפִיבּוֹשֶׁת מֶפִבוֹשֶׁת,Mphiybosheth (mef-ee-bo'-sheth) (or Mphibosheth mef-ee-bo'-sheth) n/p.,,,Hebrew,Old Testament
H4649,מוּפִּים,Muppiym (moop-peem') n/p.,,,Hebrew,Old Testament
H4650,מֵפִיצּ,a breaker,,,Hebrew,Old Testament
H4651,מַפָּל,a falling off,,,Hebrew,Old Testament
H4652,מִפלָאָה,a miracle,,,Hebrew,Old Testament
H4653,מִפלַגָּה,a classification,,,Hebrew,Old Testament
H4654,מַפָּלָה מַפֵּלָה,something fallen,,,Hebrew,Old Testament
H4655,מִפלָט,an escape,,,Hebrew,Old Testament
H4656,מִפלֶצֶת,a terror,,,Hebrew,Old Testament
H4657,מִפלָשׂ,a poising,,,Hebrew,Old Testament
H4658,מַפֶּלֶת,fall,,,Hebrew,Old Testament
H4659,מִפעָל מִפעָלָה,a performance,,,Hebrew,Old Testament
H4660,מַפָּץ,a smiting to pieces,,,Hebrew,Old Testament
H4661,מַפֵּץ,a smiter,,,Hebrew,Old Testament
H4662,מִפקָד,an appointment,,,Hebrew,Old Testament
H4663,מִפקָד,assignment,,,Hebrew,Old Testament
H4664,מִפרָץ,a break (in the shore),,,Hebrew,Old Testament
H4665,מִפרֶקֶת,(properly) a fracture,,,Hebrew,Old Testament
H4666,מִפרָשׂ,an expansion,,,Hebrew,Old Testament
H4667,מִפשָׂעָה,a stride,,,Hebrew,Old Testament
H4668,מַפתֵַּח,an opener,,,Hebrew,Old Testament
H4669,מִפתָּח,an aperture,,,Hebrew,Old Testament
H4670,מִפתָּן,a stretcher,,,Hebrew,Old Testament
H4671,מוֹץ מוֹץ,chaff (as pressed out,,,Hebrew,Old Testament
H4672,מָצָא,matsa' (maw-tsaw') v.,,,Hebrew,Old Testament
H4673,מַצָּב,a fixed spot,,,Hebrew,Old Testament
H4674,מוּצָּב,a station,,,Hebrew,Old Testament
H4675,מַצָּבָה מִצָּבָה,a military guard,,,Hebrew,Old Testament
H4676,מַצֵּבָה,something stationed,,,Hebrew,Old Testament
H4677,מְצוֹבָיָה,Mtsobayah (mets-o-baw-yaw') n/l.,,,Hebrew,Old Testament
H4678,מַצֶּבֶת,something stationary,,,Hebrew,Old Testament
H4679,מְצַד מֶצָד מֶצָדָה,a fastness (as a covert of ambush),,,Hebrew,Old Testament
H4680,מָצָה,matsah (maw-tsaw') v.,,,Hebrew,Old Testament
H4681,מוֹצָה,Motsah (mo-tsaw') n/p.,,,Hebrew,Old Testament
H4682,מַצָּה,(properly) sweetness,,,Hebrew,Old Testament
H4683,מַצָּה,a quarrel,,,Hebrew,Old Testament
H4684,מַצהָלָה,a whinnying (through impatience for battle or lust),,,Hebrew,Old Testament
H4685,מָצוֹד מְצוֹדָה מְצוֹדָה,a net (for capturing animals or fishes),,,Hebrew,Old Testament
H4686,מָצוּד מְצוּדָה מְצוּדָה,a net,,,Hebrew,Old Testament
H4687,מִצוָה,a command,మిత్స్వా,ఆజ్ఞ,Hebrew,Old Testament
H4688,מְצוֹלָה מְצוֹלָה מְצוּלָה מְצוּלָה,a deep place (of water or mud),,,Hebrew,Old Testament
H4689,מָצוֹק,a narrow place,,,Hebrew,Old Testament
H4690,מָצוּק מָצוּק,something narrow,,,Hebrew,Old Testament
H4691,מְצוּקָה מְצוּקָה,narrowness,,,Hebrew,Old Testament
H4692,מָצוֹר מָצוּר,something hemming in,,,Hebrew,Old Testament
H4693,מָצוֹר,matsowr (maw-tsore') n/l.,,,Hebrew,Old Testament
H4694,מְצוּרָה מְצוּרָה,a hemming in,,,Hebrew,Old Testament
H4695,מַצּוּת,a quarrel,,,Hebrew,Old Testament
H4696,מֵצַח,the forehead (as open and prominent),,,Hebrew,Old Testament
H4697,מִצחָה,a shin-piece of armor (as prominent),,,Hebrew,Old Testament
H4698,מְצִלָּה,a tinkler,,,Hebrew,Old Testament
H4699,מְצוּלָּה,shade,,,Hebrew,Old Testament
H4700,מְצֵלֶת,(only dual) double tinklers,,,Hebrew,Old Testament
H4701,מִצנֶפֶת,a tiara,,,Hebrew,Old Testament
H4702,מַצָּע,a couch,,,Hebrew,Old Testament
H4703,מִצעָד,a step,,,Hebrew,Old Testament
H4704,מִצְּעִירָה,(properly) littleness,,,Hebrew,Old Testament
H4705,מִצעָר,petty (in size or number),,,Hebrew,Old Testament
H4706,מִצעָר,Mits`ar (mits-awr') n/l.,,,Hebrew,Old Testament
H4707,מִצפֶּה,an observatory,,,Hebrew,Old Testament
H4708,מִצפֶּה,Mitspeh (mits-peh') n/l.,,,Hebrew,Old Testament
H4709,מִצפָּה,Mitspah (mits-paw') n/p.,,,Hebrew,Old Testament
H4710,מִצפּוּן,a secret (place or thing,,,Hebrew,Old Testament
H4711,מָצַץ,matsats (maw-tsats') v.,,,Hebrew,Old Testament
H4712,מֵצַר,something tight,,,Hebrew,Old Testament
H4713,מִצרִי,Mitsriy (mits-ree') adj.,,,Hebrew,Old Testament
H4714,מִצרַיִם,Mitsrayim (mits-rah'-yim) adj.,,,Hebrew,Old Testament
H4715,מִצרֵף,a crucible,,,Hebrew,Old Testament
H4716,מַק,(properly) a melting,,,Hebrew,Old Testament
H4717,מַקָּבָה,(properly) a perforatrix,,,Hebrew,Old Testament
H4718,מַקֶּבֶת,(properly) a perforator,,,Hebrew,Old Testament
H4719,מַקֵּדָה,Maqqedah (mak-kay-daw') n/l.,,,Hebrew,Old Testament
H4720,מִקדָּשׁ מִקְּדָשׁ,a consecrated thing or place,,,Hebrew,Old Testament
H4721,מַקהֵל מַקהֵלָה,an assembly,,,Hebrew,Old Testament
H4722,מַקהֵלוֹת,Maqheloth (mak-hay-loth') n/p.,,,Hebrew,Old Testament
H4723,מִקוֶה מִקוֵה מִקוֵא,something waited for,,,Hebrew,Old Testament
H4724,מִקוָה,a collection,,,Hebrew,Old Testament
H4725,מָקוֹם מָקוֹם מְקוֹמָה מְקוֹמָה,(properly) a standing,మాకోమ్,స్థలం,Hebrew,Old Testament
H4726,מָקוֹר מָקוֹר,(properly) something dug,,,Hebrew,Old Testament
H4727,מִקָּח,reception,,,Hebrew,Old Testament
H4728,מַקָּחָה,something received,,,Hebrew,Old Testament
H4729,מִקטָּר,something to fume (incense) on i.e. a hearth place,,,Hebrew,Old Testament
H4730,מִקטֶּרֶת,something to fume (incense) in,,,Hebrew,Old Testament
H4731,מַקֵּל מַקְּלָה,a shoot,,,Hebrew,Old Testament
H4732,מִקלוֹת,Miqlowth (mik-lohth') n/p.,,,Hebrew,Old Testament
H4733,מִקלָט,an asylum (as a receptacle),,,Hebrew,Old Testament
H4734,מִקלַעַת,a sculpture (probably in bas-relief),,,Hebrew,Old Testament
H4735,מִקנֶה,something bought,,,Hebrew,Old Testament
H4736,מִקנָה,(properly) a buying,,,Hebrew,Old Testament
H4737,מִקנֵיָהוּ,Miqneyahuw (mik-nay-yaw'-hoo) n/p.,,,Hebrew,Old Testament
H4738,מִקסָם,an augury,,,Hebrew,Old Testament
H4739,מָקַץ,Maqats (maw-kats') n/l.,,,Hebrew,Old Testament
H4740,מַקצּוַֹע מַקצּוַֹע מַקצּוֹעָה,an angle or recess,,,Hebrew,Old Testament
H4741,מַקצּוּעָה,a scraper,,,Hebrew,Old Testament
H4742,מְקוּצעָה,an angle,,,Hebrew,Old Testament
H4743,מָקַק,maqaq (maw-kak') v.,,,Hebrew,Old Testament
H4744,מִקרָא,something called out,,,Hebrew,Old Testament
H4745,מִקרֶה,something met with,,,Hebrew,Old Testament
H4746,מְקָרֶה,(properly) something meeting,,,Hebrew,Old Testament
H4747,מְקֵרָה,a cooling off,,,Hebrew,Old Testament
H4748,מִקשֶׁה,something turned (rounded),,,Hebrew,Old Testament
H4749,מִקשָׁה,rounded work,,,Hebrew,Old Testament
H4750,מִקשָׁה,(literally) a cucumbered field,,,Hebrew,Old Testament
H4751,מַר מָרָה,mar (mar) (or (feminine) marah maw-raw') adj.,,,Hebrew,Old Testament
H4752,מַר,a drop,,,Hebrew,Old Testament
H4753,מוֹר מוֹר,myrrh (as distilling in drops,,,Hebrew,Old Testament
H4754,מָרָא,mara' (maw-raw') v.,,,Hebrew,Old Testament
H4755,מָרָא,Mara' (maw-raw') n/p.,,,Hebrew,Old Testament
H4756,מָרֵא,a master,,,Hebrew,Old Testament
H4757,מְראוֹדַך בַּלאָדָן,Mro'dak Bal'adan (mer-o-dak' bal-aw-dawn') n/p.,,,Hebrew,Old Testament
H4758,מַראֶה,a view (the act of seeing),,,Hebrew,Old Testament
H4759,מַראָה,a vision,,,Hebrew,Old Testament
H4760,מוּראָה,something conspicuous,,,Hebrew,Old Testament
H4761,מַראָשָׁה,mar'ashah (mar-aw-shaw') adv.,,,Hebrew,Old Testament
H4762,מַראֵשָׁה מַרֵשָׁה,Mar'eshah (mar-ay-shaw') (or Mareshah mar-ay-shaw') n/l.,,,Hebrew,Old Testament
H4763,מְרַאֲשָׁה,mra'ashah (mer-ah-ash-aw') adv.,,,Hebrew,Old Testament
H4764,מֵרָב,Merab (may-rawb') n/p.,,,Hebrew,Old Testament
H4765,מַרבַּד,a coverlet,,,Hebrew,Old Testament
H4766,מַרבֶּה,(properly) increasing,,,Hebrew,Old Testament
H4767,מִרבָּה,abundance,,,Hebrew,Old Testament
H4768,מַרבִּיתּ,a multitude,,,Hebrew,Old Testament
H4769,מַרבֵּץ,a reclining place,,,Hebrew,Old Testament
H4770,מַרבֵּק,a stall (for cattle),,,Hebrew,Old Testament
H4771,מַרגּוַֹע,a resting place,,,Hebrew,Old Testament
H4772,מַרגְּלָה,(plural for collective) a footpiece,,,Hebrew,Old Testament
H4773,מַרגֵּמָה,a stone-heap,,,Hebrew,Old Testament
H4774,מַרגֵּעָה,rest,,,Hebrew,Old Testament
H4775,מָרַד,marad (maw-rad') v.,,,Hebrew,Old Testament
H4776,מְרַד,rebellion,,,Hebrew,Old Testament
H4777,מֶרֶד,rebellion,,,Hebrew,Old Testament
H4778,מֶרֶד,Mered (meh'-red) n/p.,,,Hebrew,Old Testament
H4779,מָרָד,marad (maw-rawd') adj.,,,Hebrew,Old Testament
H4780,מַרדּוּת,rebelliousness,,,Hebrew,Old Testament
H4781,מְרוֹדָך,Mrodak (mer-o-dawk') n/p.,,,Hebrew,Old Testament
H4782,מָרדְּכַי,Mordkay (mor-dek-ah'-ee) n/p.,,,Hebrew,Old Testament
H4783,מוּרדָּף,persecuted,,,Hebrew,Old Testament
H4784,מָרָה,marah (maw-raw') v.,,,Hebrew,Old Testament
H4785,מָרָה,Marah (maw-raw') n/p.,,,Hebrew,Old Testament
H4786,מוֹרָה,bitterness,,,Hebrew,Old Testament
H4787,מָררָה,trouble,,,Hebrew,Old Testament
H4788,מָרוּד,an outcast,,,Hebrew,Old Testament
H4789,מֵרוֹז,Merowz (may-roze') n/l.,,,Hebrew,Old Testament
H4790,מְרוַֹח,bruised,,,Hebrew,Old Testament
H4791,מָרוֹם,altitude,,,Hebrew,Old Testament
H4792,מֵרוֹם,Merowm (may-rome') n/l.,,,Hebrew,Old Testament
H4793,מֵרוֹץ,a run (the trial of speed),,,Hebrew,Old Testament
H4794,מְרוּצָה מְרוּצָה,a race (the act),,,Hebrew,Old Testament
H4795,מָרוּק,(properly) rubbed,,,Hebrew,Old Testament
H4796,מָרוֹת,Marowth (maw-rohth') n/p.,,,Hebrew,Old Testament
H4797,מִרזַח,a cry,,,Hebrew,Old Testament
H4798,מַרזֵַח,a cry,,,Hebrew,Old Testament
H4799,מָרַח,marach (maw-rakh') v.,,,Hebrew,Old Testament
H4800,מֶרחָב,enlargement,,,Hebrew,Old Testament
H4801,מֶרחָק,remoteness,,,Hebrew,Old Testament
H4802,מַרחֶשֶׁת,a stew-pan,,,Hebrew,Old Testament
H4803,מָרַט,marat (maw-rat') v.,,,Hebrew,Old Testament
H4804,מְרַט,mrat (mer-at') v.,,,Hebrew,Old Testament
H4805,מְרִי,bitterness,,,Hebrew,Old Testament
H4806,מְרִיא,stall-fed,,,Hebrew,Old Testament
H4807,מְרִיבּ בַּעַל,Mriyb Ba`al (mer-eeb' bah'-al) n/p.,,,Hebrew,Old Testament
H4808,מְרִיבָּה,quarrel,,,Hebrew,Old Testament
H4809,מְרִיבָּה,Mriybah (mer-ee-baw') n/l.,,,Hebrew,Old Testament
H4810,מְרִי בַּעַל,Mriy Ba`al (mer-ee' bah'-al) n/p.,,,Hebrew,Old Testament
H4811,מְרָיָה,Mrayah (mer-aw-yaw') n/p.,,,Hebrew,Old Testament
H4812,מְרָיוֹת,Mrayowth (mer-aw-yohth') n/p.,,,Hebrew,Old Testament
H4813,מִריָם,Miryam (meer-yawm') n/p.,,,Hebrew,Old Testament
H4814,מְרִירוּת,bitterness,,,Hebrew,Old Testament
H4815,מְרִירִי,mriyriy (mer-ee-ree') adj.,,,Hebrew,Old Testament
H4816,מוֹרֶך,softness,,,Hebrew,Old Testament
H4817,מֶרכָּב,a chariot,,,Hebrew,Old Testament
H4818,מֶרכָּבָה,a chariot,,,Hebrew,Old Testament
H4819,מַרכּוֹלֶת,a mart,,,Hebrew,Old Testament
H4820,מִרמָה,fraud,,,Hebrew,Old Testament
H4821,מִרמָה,Mirmah (meer-maw') n/p.,,,Hebrew,Old Testament
H4822,מְרֵמוֹת,Mremowth (mer-ay-mohth') n/p.,,,Hebrew,Old Testament
H4823,מִרמָס,abasement (the act or the thing),,,Hebrew,Old Testament
H4824,מֵרוֹנוֹתִי,Meronothiy (may-ro-no-thee') adj.,,,Hebrew,Old Testament
H4825,מֶרֶס,Merec (meh'-res) n/p.,,,Hebrew,Old Testament
H4826,מַרסְנָא,Marcna' (mar-sen-aw') n/p.,,,Hebrew,Old Testament
H4827,מֵרַע,mera` (may-rah') prt.,,,Hebrew,Old Testament
H4828,מֵרֵַע,a friend,,,Hebrew,Old Testament
H4829,מִרעֶה,pasture (the place or the act),,,Hebrew,Old Testament
H4830,מִרעִיתּ,pasturage,,,Hebrew,Old Testament
H4831,מַרעֲלָה,Mar`alah (mar-al-aw') n/l.,,,Hebrew,Old Testament
H4832,מַרפֵּא,(properly) curative,,,Hebrew,Old Testament
H4833,מִרפָּשׂ,muddled water,,,Hebrew,Old Testament
H4834,מָרַץ,marats (maw-rats') v.,,,Hebrew,Old Testament
H4835,מְרוּצָה,oppression,,,Hebrew,Old Testament
H4836,מַרצֵַּע,an awl,,,Hebrew,Old Testament
H4837,מַרצֶּפֶת,a pavement,,,Hebrew,Old Testament
H4838,מָרַק,maraq (maw-rak') v.,,,Hebrew,Old Testament
H4839,מָרָק,soup (as if a rinsing),,,Hebrew,Old Testament
H4840,מֶרקָח,a spicy herb,,,Hebrew,Old Testament
H4841,מֶרקָחָה,(abstractly) a seasoning (with spicery),,,Hebrew,Old Testament
H4842,מִרקַחַת,an aromatic unguent,,,Hebrew,Old Testament
H4843,מָרַר,marar (maw-rar') v.,,,Hebrew,Old Testament
H4844,מְרוֹר מְרוֹר,a bitter herb,,,Hebrew,Old Testament
H4845,מְרֵרָה,bile (from its bitterness),,,Hebrew,Old Testament
H4846,מְרוֹרָה מְרוֹרָה,(properly) bitterness,,,Hebrew,Old Testament
H4847,מְרָרִי,Mrariy (mer-aw-ree') n/p.,,,Hebrew,Old Testament
H4848,מְרָרִי,Mrariy (mer-aw-ree') adj.,,,Hebrew,Old Testament
H4849,מִרשַׁעַת,a female wicked doer,,,Hebrew,Old Testament
H4850,מְרָתַיִם,Mrathayim (mer-aw-thah'-yim) n/p.,,,Hebrew,Old Testament
H4851,מַשׁ,Mash (mash) n/p.,,,Hebrew,Old Testament
H4852,מֵשָׁא,Mesha' (may-shaw') n/l.,,,Hebrew,Old Testament
H4853,מַשָּׂא,a burden,,,Hebrew,Old Testament
H4854,מַשָּׂא,Massa' (mas-saw') n/p.,,,Hebrew,Old Testament
H4855,מַשָּׁא,a loan,,,Hebrew,Old Testament
H4856,מַשּׂוֹא,partiality (as a lifting up),,,Hebrew,Old Testament
H4857,מַשׁאָב,a trough for cattle to drink from,,,Hebrew,Old Testament
H4858,מַשָּׂאָה,a conflagration (from the rising of smoke),,,Hebrew,Old Testament
H4859,מַשָּׁאָה,a loan,,,Hebrew,Old Testament
H4860,מַשָּׁאוֹן,dissimulation,,,Hebrew,Old Testament
H4861,מִשׁאָל,Mish'al (mish-awl') n/l.,,,Hebrew,Old Testament
H4862,מִשׁאָלָה,a request,,,Hebrew,Old Testament
H4863,מִשׁאֶרֶת,a kneading-trough (in which the dough rises),,,Hebrew,Old Testament
H4864,מַשׂאֵת,(properly,,,Hebrew,Old Testament
H4865,מִשׁבְּצָה,a brocade,,,Hebrew,Old Testament
H4866,מִשׁבֵּר,the orifice of the womb (from which the fetus breaks forth),,,Hebrew,Old Testament
H4867,מִשׁבָּר,a breaker (of the sea),,,Hebrew,Old Testament
H4868,מִשׁבָּת,cessation,,,Hebrew,Old Testament
H4869,מִשׂגָּב,(properly) a cliff (or other lofty or inaccessible place),,,Hebrew,Old Testament
H4870,מִשׁגֶּה,an error,,,Hebrew,Old Testament
H4871,מָשָׁה,mashah (maw-shaw') v.,,,Hebrew,Old Testament
H4872,מוֹשֶׁה,Mosheh (mo-sheh') n/p.,,,Hebrew,Old Testament
H4873,מוֹשֶׁה,Mosheh (mo-sheh') n/p.,,,Hebrew,Old Testament
H4874,מַשֶּׁה,a debt,,,Hebrew,Old Testament
H4875,מְשׁוֹאָה מְשׁוֹאָה,a ruin,,,Hebrew,Old Testament
H4876,מַשּׁוּאָה מַשּׁוּאָה,ruin,,,Hebrew,Old Testament
H4877,מְשׁוֹבָב,Mshowbab (mesh-o-bawb') n/p.,,,Hebrew,Old Testament
H4878,מְשׁוּבָה מֶשׁוּבָה,apostasy,,,Hebrew,Old Testament
H4879,מְשׁוּגָה,mistake,,,Hebrew,Old Testament
H4880,מָשׁוֹט מִשּׁוֹט,an oar,,,Hebrew,Old Testament
H4881,מְשׂוּכָה מְשׂוּכָה,a hedge,,,Hebrew,Old Testament
H4882,מְשׁוּסָה,spoilation,,,Hebrew,Old Testament
H4883,מַשּׂוֹר,a saw,,,Hebrew,Old Testament
H4884,מְשׂוּרָה,a measure (for liquids),,,Hebrew,Old Testament
H4885,מָשׂוֹשׂ,delight,,,Hebrew,Old Testament
H4886,מָשַׁח,mashach (maw-shakh') v.,,,Hebrew,Old Testament
H4887,מְשַׁח,oil,,,Hebrew,Old Testament
H4888,מִשׁחָה מָשׁחָה,unction (the act),,,Hebrew,Old Testament
H4889,מַשׁחִיתּ,destructive,,,Hebrew,Old Testament
H4890,מִשׂחָק,a laughing-stock,,,Hebrew,Old Testament
H4891,מִשׁחָר,dawn,,,Hebrew,Old Testament
H4892,מַשׁחֵת,destruction,,,Hebrew,Old Testament
H4893,מִשׁחָת מָשׁחָת,disfigurement,,,Hebrew,Old Testament
H4894,מִשׁטּוַֹח מִשׁטַּח,a spreading-place,,,Hebrew,Old Testament
H4895,מַשׂטֵּמָה,enmity,,,Hebrew,Old Testament
H4896,מִשׁטָּר,jurisdiction,,,Hebrew,Old Testament
H4897,מֶשִׁי,silk (as drawn from the cocoon),,,Hebrew,Old Testament
H4898,מְשֵׁיזַבאֵל,Msheyzab'el (mesh-ay-zab-ale') n/p.,,,Hebrew,Old Testament
H4899,מָשִׁיַח,anointed,మషీఖ,అభిషిక్తుడు,Hebrew,Old Testament
H4900,מָשַׁך,mashak (maw-shak') v.,,,Hebrew,Old Testament
H4901,מֶשֶׁך,a sowing,,,Hebrew,Old Testament
H4902,מֶשֶׁך,Meshek (meh'-shek) n/p.,,,Hebrew,Old Testament
H4903,מִשׁכַּב,a bed,,,Hebrew,Old Testament
H4904,מִשׁכָּב,a bed (figuratively,,,Hebrew,Old Testament
H4905,מַשׂכִּיל,instructive,,,Hebrew,Old Testament
H4906,מַשׂכִּיתּ,a figure (carved on stone,,,Hebrew,Old Testament
H4907,מִשׁכַּן,residence,,,Hebrew,Old Testament
H4908,מִשׁכָּן,a residence (including a shepherd's hut,,,Hebrew,Old Testament
H4909,מַשׂכּוֹרֶת,wages or a reward,,,Hebrew,Old Testament
H4910,מָשַׁל,mashal (maw-shal') v.,,,Hebrew,Old Testament
H4911,מָשַׁל,mashal (maw-shal') v.,,,Hebrew,Old Testament
H4912,מָשָׁל,(properly) a pithy maxim,,,Hebrew,Old Testament
H4913,מָשָׁל,Mashal (maw-shawl') n/l.,,,Hebrew,Old Testament
H4914,מְשׁוֹל,a satire,,,Hebrew,Old Testament
H4915,מוֹשֶׁל,a parallel,,,Hebrew,Old Testament
H4916,מִשׁלוַֹח מִשׁלוַֹח מִשׁלָח,a sending out,,,Hebrew,Old Testament
H4917,מִשׁלַחַת,a mission,,,Hebrew,Old Testament
H4918,מְשׁוּלָּם,Mshullam (mesh-ool-lawm') n/p.,,,Hebrew,Old Testament
H4919,מְשִׁלֵּמוֹת,Mshillemowth (mesh-il-lay-mohth') n/p.,,,Hebrew,Old Testament
H4920,מְשֶׁלֶמיָה מְשֶׁלֶמיָהוּ,Mshelemyah (mesh-eh-lem-yaw') (or Mshelemyahuw mesh-eh-lem-yaw'-hoo) n/p.,,,Hebrew,Old Testament
H4921,מְשִׁלֵּמִיתּ,Mshillemiyth (mesh-il-lay-meeth') n/p.,,,Hebrew,Old Testament
H4922,מְשׁוּלֶּמֶת,Mshullemeth (mesh-ool-leh'-meth') n/p.,,,Hebrew,Old Testament
H4923,מְשַׁמָּה,a waste or amazement,,,Hebrew,Old Testament
H4924,מַשׁמָן,fat,,,Hebrew,Old Testament
H4925,מִשׁמַנָּה,Mishmannah (mish-man-naw') n/p.,,,Hebrew,Old Testament
H4926,מִשׁמָע,a report,,,Hebrew,Old Testament
H4927,מִשׁמָע,Mishma` (mish-maw') n/p.,,,Hebrew,Old Testament
H4928,מִשׁמַעַת,(properly) an audience,,,Hebrew,Old Testament
H4929,מִשׁמָר,a guard (the man,,,Hebrew,Old Testament
H4930,מַשׂמְרָה,a peg,,,Hebrew,Old Testament
H4931,מִשׁמֶרֶת,a watch,,,Hebrew,Old Testament
H4932,מִשׁנֶה,(properly) a repetition,,,Hebrew,Old Testament
H4933,מְשִׁסָּה,plunder,,,Hebrew,Old Testament
H4934,מִשׁעוֹל,a hollow,,,Hebrew,Old Testament
H4935,מִשׁעִי,inspection,,,Hebrew,Old Testament
H4936,מִשׁעָם,Mish`am (mish-awm') n/p.,,,Hebrew,Old Testament
H4937,מִשׁעֵן מִשׁעָן,a support (concretely),,,Hebrew,Old Testament
H4938,מִשׁעֵנָה מִשׁעֶנֶת,support (abstractly),,,Hebrew,Old Testament
H4939,מִשׂפָּח,slaughter,,,Hebrew,Old Testament
H4940,מִשׁפָּחָה,a family,,,Hebrew,Old Testament
H4941,מִשׁפָּט,(properly) a verdict (favorable or unfavorable) pronounced judicially,మిష్పాట్,న్యాయం,Hebrew,Old Testament
H4942,מִשׁפָּת,a stall for cattle (only dual),,,Hebrew,Old Testament
H4943,מֶשֶׁק,possession,,,Hebrew,Old Testament
H4944,מַשָּׁק,a traversing,,,Hebrew,Old Testament
H4945,מַשׁקֶה,(properly) causing to drink,,,Hebrew,Old Testament
H4946,מִשׁקוֹל,weight,,,Hebrew,Old Testament
H4947,מַשׁקוֹף,a lintel,,,Hebrew,Old Testament
H4948,מִשׁקָל,weight (numerically estimated),,,Hebrew,Old Testament
H4949,מִשׁקֶלֶת מִשׁקוֹלֶת,a weight,,,Hebrew,Old Testament
H4950,מִשׁקָע,a settling place (of water),,,Hebrew,Old Testament
H4951,מִשׂרָה,empire,,,Hebrew,Old Testament
H4952,מִשׁרָה,maceration,,,Hebrew,Old Testament
H4953,מַשׁרוֹקִי,a (musical) pipe (from its whistling sound),,,Hebrew,Old Testament
H4954,מִשׁרָעִי,Mishra`iy (mish-raw-ee') adj.,,,Hebrew,Old Testament
H4955,מִשׂרָפָה,combustion,,,Hebrew,Old Testament
H4956,מִשׂרְפוֹת מַיִם,Misrphowth mayim (mis-ref-ohth' mah'-yim) n/l.,,,Hebrew,Old Testament
H4957,מַשׂרֵקָה,Masreqah (mas-ray-kaw') n/l.,,,Hebrew,Old Testament
H4958,מַשׂרֵת,a pan,,,Hebrew,Old Testament
H4959,מָשַׁשׁ,mashash (maw-shash') v.,,,Hebrew,Old Testament
H4960,מִשׁתֶּה,a drink,,,Hebrew,Old Testament
H4961,מִשׁתֶּה,a banquet,,,Hebrew,Old Testament
H4962,מַת,(properly) an adult (as of full length),,,Hebrew,Old Testament
H4963,מַתבֵּן,straw in the heap,,,Hebrew,Old Testament
H4964,מֶתֶג,a bit,,,Hebrew,Old Testament
H4965,מֶתֶג הָאַמָּה,bit of the metropolis,,,Hebrew,Old Testament
H4966,מָתוֹק מָתוּק,mathowq (maw-thoke') (or mathuwq maw-thook') adj.,,,Hebrew,Old Testament
H4967,מְתוּשָׁאֵל,Mthuwsha'el (meth-oo-shaw-ale') n/p.,,,Hebrew,Old Testament
H4968,מְתוּשֶׁלַח,Mthuwshelach (meth-oo-sheh'-lakh) n/p.,,,Hebrew,Old Testament
H4969,מָתַח,mathach (maw-thakh') v.,,,Hebrew,Old Testament
H4970,מָתַי,mathay (maw-thah'ee) adv.,,,Hebrew,Old Testament
H4971,מַתכּוֹנֶת מַתכּוּנֶת,proportion (in size,,,Hebrew,Old Testament
H4972,מַתּתְּלָאָה,what a trouble!,,,Hebrew,Old Testament
H4973,מְתַלְּעָה,(properly) a biter,,,Hebrew,Old Testament
H4974,מְתוֹם,wholesomeness,,,Hebrew,Old Testament
H4975,מוֹתֶן,(properly) the waist or small of the back,,,Hebrew,Old Testament
H4976,מַתּתָּן,a present,,,Hebrew,Old Testament
H4977,מַתּתָּן,Mattan (mat-tawn') n/p.,,,Hebrew,Old Testament
H4978,מַתּתְּנָא,gift,,,Hebrew,Old Testament
H4979,מַתּתָּנָה,a present,,,Hebrew,Old Testament
H4980,מַתּתָּנָה,Mattanah (mat-taw-naw') n/l.,,,Hebrew,Old Testament
H4981,מִתנִי,Mithniy (mith-nee') adj.,,,Hebrew,Old Testament
H4982,מַתּתְּנַי,Mattnay (mat-ten-ah'ee) n/p.,,,Hebrew,Old Testament
H4983,מַתּתַּניָה מַתּתַּניָהוּ,Mattanyah (mat-tan-yaw') (or Mattanyahuw mat-tan-yaw'-hoo) n/p.,,,Hebrew,Old Testament
H4984,מִתנַשֵּׂא,mithnasse' (mith-nas-say') prt.,,,Hebrew,Old Testament
H4985,מָתַק,mathaq (maw-thak') v.,,,Hebrew,Old Testament
H4986,מֶתֶק,figuratively,,,Hebrew,Old Testament
H4987,מוֹתֶק,sweetness,,,Hebrew,Old Testament
H4988,מָתָק,mathaq (maw-thawk') v.,,,Hebrew,Old Testament
H4989,מִתקָה,Mithqah (mith-kaw') n/p.,,,Hebrew,Old Testament
H4990,מִתרְדָת,Mithrdath (mith-red-awth') n/p.,,,Hebrew,Old Testament
H4991,מַתּתָּת,a present,,,Hebrew,Old Testament
H4992,מַתּתַּתּתָּה,Mattattah (mat-tat-taw') n/p.,,,Hebrew,Old Testament
H4993,מַתּתִּתיָה מַתּתִּתיָהוּ,Mattithyah (mat-tith-yaw') (or Mattithyahuw mat-tith-yaw'-hoo) n/p.,,,Hebrew,Old Testament
H4994,נָא,na' (naw) prt.,,,Hebrew,Old Testament
H4995,נָא,na' (naw) adj.,,,Hebrew,Old Testament
H4996,נוֹא,No' (no) n/l.,,,Hebrew,Old Testament
H4997,נוֹאדּ נוֹאדּ נוֹאדָּה,a (skin or leather) bag (for fluids),,,Hebrew,Old Testament
H4998,נָאָה,na'ah (naw-aw') v.,,,Hebrew,Old Testament
H4999,נָאָה,a home,,,Hebrew,Old Testament
H5000,נָאוֶה,na'veh (naw-veh') adj.,,,Hebrew,Old Testament
H5001,נָאַם,na'am (naw-am') v.,,,Hebrew,Old Testament
H5002,נְאוּם,an oracle,నెఉం,వాక్కు,Hebrew,Old Testament
H5003,נָאַף,na'aph (naw-af') v.,,,Hebrew,Old Testament
H5004,נִאוּף,adultery,,,Hebrew,Old Testament
H5005,נַאֲפוּף,adultery,,,Hebrew,Old Testament
H5006,נָאַץ,na'ats (naw-ats') v.,,,Hebrew,Old Testament
H5007,נְאָצָה נֶאָצָה,scorn,,,Hebrew,Old Testament
H5008,נָאַק,na'aq (naw-ak') v.,,,Hebrew,Old Testament
H5009,נְאָקָה,a groan,,,Hebrew,Old Testament
H5010,נָאַר,na'ar (naw-ar') v.,,,Hebrew,Old Testament
H5011,נוֹב,Nob (nobe) n/l.,,,Hebrew,Old Testament
H5012,נָבָא,naba' (naw-baw') v.,,,Hebrew,Old Testament
H5013,נְבָא,nba' (neb-aw') v.,,,Hebrew,Old Testament
H5014,נָבַב,nabab (naw-bab') v.,,,Hebrew,Old Testament
H5015,נְבוֹ,Nbow (neb-o') n/l.,,,Hebrew,Old Testament
H5016,נְבוּאָה,a prediction (spoken or written),,,Hebrew,Old Testament
H5017,נְבוּאָה,inspired teaching,,,Hebrew,Old Testament
H5018,נְבוּזַראֲדָן,Nbuwzaradan (neb-oo-zar-ad-awn') n/p.,,,Hebrew,Old Testament
H5019,נְבוּכַדנֶאצַּר נֶבוּכַדרֶאצַּר נֶבוּכַדרֶאצּוֹר,Nbuwkadne'tstsar (neb-oo-kad-nets-tsar') (or Nbukadneotstsar (2 Kings 24) n/p.,,,Hebrew,Old Testament
H5020,נְבוּכַּדנֶצַּר,Nbuwkadnetstsar (neb-oo-kad-nets-tsar') n/p.,,,Hebrew,Old Testament
H5021,נְבוּשַׁזבָּן,Nbuwshazban (neb-oo-shaz-bawn') n/p.,,,Hebrew,Old Testament
H5022,נָבוֹת,Nabowth (naw-both') n/p.,,,Hebrew,Old Testament
H5023,נְבִזבָּה,a largess,,,Hebrew,Old Testament
H5024,נָבַח,nabach (naw-bakh') v.,,,Hebrew,Old Testament
H5025,נוֹבַח,Nobach (no'-bach) n/l.,,,Hebrew,Old Testament
H5026,נִבחַז,Nibchaz (nib-khaz') n/p.,,,Hebrew,Old Testament
H5027,נָבַט,nabat (naw-bat') n/p.,,,Hebrew,Old Testament
H5028,נְבָט,Nbat (neb-awt') n/p.,,,Hebrew,Old Testament
H5029,נְבִיא,a prophet,,,Hebrew,Old Testament
H5030,נָבִיא,a prophet,,,Hebrew,Old Testament
H5031,נְבִיאָה,a prophetess,,,Hebrew,Old Testament
H5032,נְבָיוֹת נֶבָיוֹת,Nbayowth (neb-aw-yoth') (or Nbayoth neb-aw-yoth') n/p.,,,Hebrew,Old Testament
H5033,נֵבֶך,a fountain,,,Hebrew,Old Testament
H5034,נָבֵל,nabel (naw-bale') v.,,,Hebrew,Old Testament
H5035,נֶבֶל נֵבֶל,a skin-bag for liquids (from collapsing when empty),,,Hebrew,Old Testament
H5036,נָבָל,nabal (naw-bawl') adj.,,,Hebrew,Old Testament
H5037,נָבָל,Nabal (naw-bawl') n/p.,,,Hebrew,Old Testament
H5038,נְבֵלָה,a flabby thing,,,Hebrew,Old Testament
H5039,נְבָלָה,foolishness,,,Hebrew,Old Testament
H5040,נַבלוּת,(properly) disgrace,,,Hebrew,Old Testament
H5041,נְבַלָּט,Nballat (neb-al-lawt') n/l.,,,Hebrew,Old Testament
H5042,נָבַע,naba` (naw-bah') v.,,,Hebrew,Old Testament
H5043,נֶברְשָׁא,a light,,,Hebrew,Old Testament
H5044,נִבשָׁן,Nibshan (nib-shawn') n/l.,,,Hebrew,Old Testament
H5045,נֶגֶב,the south (from its drought),,,Hebrew,Old Testament
H5046,נָגַד,nagad (naw-gad') v.,నాగద్,ప్రకటించు,Hebrew,Old Testament
H5047,נְגַד,ngad (neg-ad') v.,,,Hebrew,Old Testament
H5048,נֶגֶד,neged (neh'-ghed) adj.,నెగెద్,ఎదుట,Hebrew,Old Testament
H5049,נֶגֶד,neged (neh'-ghed) prep.,,,Hebrew,Old Testament
H5050,נָגַהּ,nagahh (naw-gah') v.,,,Hebrew,Old Testament
H5051,נוֹגַהּ,brilliancy (literally or figuratively),,,Hebrew,Old Testament
H5052,נוֹגַהּ,Nogahh (no'-gah) n/p.,,,Hebrew,Old Testament
H5053,נוֹגַהּ,dawn,,,Hebrew,Old Testament
H5054,נְגוֹהָה,splendor,,,Hebrew,Old Testament
H5055,נָגַח,nagach (naw-gakh') v.,,,Hebrew,Old Testament
H5056,נַגָּח,naggach (nag-gawkh') adj.,,,Hebrew,Old Testament
H5057,נָגִידּ נָגִד,a commander (as occupying the front),,,Hebrew,Old Testament
H5058,נְגִינָה נְגִינַת,(properly) instrumental music,,,Hebrew,Old Testament
H5059,נָגַן,nagan (naw-gan') v.,,,Hebrew,Old Testament
H5060,נָגַע,naga` (naw-gah') v.,,,Hebrew,Old Testament
H5061,נֶגַע,a blow,,,Hebrew,Old Testament
H5062,נָגַף,nagaph (naw-gaf') v.,,,Hebrew,Old Testament
H5063,נֶגֶף,a trip (of the foot),,,Hebrew,Old Testament
H5064,נָגַר,nagar (naw-gar') v.,,,Hebrew,Old Testament
H5065,נָגַשׂ,nagas (naw-gas') v.,,,Hebrew,Old Testament
H5066,נָגַשׁ,nagash (naw-gash') v.,నాగష్,సమీపించు,Hebrew,Old Testament
H5067,נֵד,a mound,,,Hebrew,Old Testament
H5068,נָדַב,nadab (naw-dab') v.,,,Hebrew,Old Testament
H5069,נְדַב,ndab (ned-ab') v.,,,Hebrew,Old Testament
H5070,נָדָב,Nadab (naw-dawb') n/p.,,,Hebrew,Old Testament
H5071,נְדָבָה,(properly,,,Hebrew,Old Testament
H5072,נְדַביָה,Ndabyah (ned-ab-yaw') n/p.,,,Hebrew,Old Testament
H5073,נִדבָּך,a layer (of building materials),,,Hebrew,Old Testament
H5074,נָדַד,nadad (naw-dad') v.,,,Hebrew,Old Testament
H5075,נְדַד,ndad (ned-ad') v.,,,Hebrew,Old Testament
H5076,נָדוּד,(properly) tossed,,,Hebrew,Old Testament
H5077,נָדָה נָדָא,nadah (naw-daw') (or nada (2 Kings 17) v.,,,Hebrew,Old Testament
H5078,נֵדֶה,a bounty (for prostitution),,,Hebrew,Old Testament
H5079,נִדָּה,(properly) rejection,,,Hebrew,Old Testament
H5080,נָדַח,nadach (naw-dakh') v.,,,Hebrew,Old Testament
H5081,נָדִיבּ,nadiyb (naw-deeb') adj.,,,Hebrew,Old Testament
H5082,נְדִיבָּה,(properly) nobility,,,Hebrew,Old Testament
H5083,נָדָן,a present (for prostitution),,,Hebrew,Old Testament
H5084,נָדָן,a sheath (of a sword),,,Hebrew,Old Testament
H5085,נִדנֶה,a sheath,,,Hebrew,Old Testament
H5086,נָדַף,nadaph (naw-daf') v.,,,Hebrew,Old Testament
H5087,נָדַר,nadar (naw-dar') v.,,,Hebrew,Old Testament
H5088,נֶדֶר נֵדֶר,a promise (to God),,,Hebrew,Old Testament
H5089,נוַֹהּ,lamentation,,,Hebrew,Old Testament
H5090,נָהַג,nahag (naw-hag') v.,,,Hebrew,Old Testament
H5091,נָהָה,nahah (naw-haw') v.,,,Hebrew,Old Testament
H5092,נְהִי,an elegy,,,Hebrew,Old Testament
H5093,נִהיָה,lamentation,,,Hebrew,Old Testament
H5094,נְהִיר נְהִירוּ,illumination,,,Hebrew,Old Testament
H5095,נָהַל,nahal (naw-hal') v.,,,Hebrew,Old Testament
H5096,נַהֲלָל נַהֲלוֹל,Nahalal (nah-hal-awl') (or Nahalol nah-hal-ole') n/l.,,,Hebrew,Old Testament
H5097,נַחֲלוֹל,pasture,,,Hebrew,Old Testament
H5098,נָהַם,naham (naw-ham') v.,,,Hebrew,Old Testament
H5099,נַהַם,a snarl,,,Hebrew,Old Testament
H5100,נְהָמָה,snarling,,,Hebrew,Old Testament
H5101,נָהַק,nahaq (naw-hak') v.,,,Hebrew,Old Testament
H5102,נָהַר,nahar (naw-har') v.,,,Hebrew,Old Testament
H5103,נְהַר,a river,,,Hebrew,Old Testament
H5104,נָהָר,a stream (including the sea,,,Hebrew,Old Testament
H5105,נְהָרָה,daylight,,,Hebrew,Old Testament
H5106,נוּא,nuw' (noo) v.,,,Hebrew,Old Testament
H5107,נוּב,nuwb (noob) v.,,,Hebrew,Old Testament
H5108,נוֹב נֵיבּ,produce,,,Hebrew,Old Testament
H5109,נוֹבַי,Nowbay (no-bah'ee) n/p.,,,Hebrew,Old Testament
H5110,נוּד,nuwd (nood) v.,,,Hebrew,Old Testament
H5111,נוּד,nuwd (nood) v.,,,Hebrew,Old Testament
H5112,נוֹד נוֹד,exile,,,Hebrew,Old Testament
H5113,נוֹד,Nowd (node) n/l.,,,Hebrew,Old Testament
H5114,נוֹדָב,Nowdab (no-dawb') n/p.,,,Hebrew,Old Testament
H5115,נָוָה,navah (naw-vaw') v.,,,Hebrew,Old Testament
H5116,נָוֶה נָוָה,naveh (naw-veh') (or (feminine) navah naw-vaw') adj.,,,Hebrew,Old Testament
H5117,נוַּח,nuwach (noo'-akh) v.,,,Hebrew,Old Testament
H5118,נוַּח נוַֹח,quiet,,,Hebrew,Old Testament
H5119,נוֹחָה,Nowchah (no-chaw') n/p.,,,Hebrew,Old Testament
H5120,נוּט,nuwt (noot) v.,,,Hebrew,Old Testament
H5121,נָוִיתּ,Naviyth (naw-veeth') n/l.,,,Hebrew,Old Testament
H5122,נְוָלוּ נְוָלִי,a sink,,,Hebrew,Old Testament
H5123,נוּם,nuwm (noom) v.,,,Hebrew,Old Testament
H5124,נוּמָה,sleepiness,,,Hebrew,Old Testament
H5125,נוּן,nuwn (noon) v.,,,Hebrew,Old Testament
H5126,נוּן נוֹן,Nuwn (noon) (or Nown (1 Chron. 7) n/p.,,,Hebrew,Old Testament
H5127,נוּס,nuwc (noos) v.,,,Hebrew,Old Testament
H5128,נוַּע,nuwa` (noo'-ah) v.,,,Hebrew,Old Testament
H5129,נוֹעַדיָה,Now`adyah (no-ad-yaw') n/p.,,,Hebrew,Old Testament
H5130,נוּף,nuwph (noof) v.,,,Hebrew,Old Testament
H5131,נוֹף,elevation,,,Hebrew,Old Testament
H5132,נוּץ,nuwts (noots) v.,,,Hebrew,Old Testament
H5133,נוֹצָה נוֹצָה,a pinion (or wing feather),,,Hebrew,Old Testament
H5134,נוּק,nuwq (nook) v.,,,Hebrew,Old Testament
H5135,נוּר,nuwr (noor) n-e.,,,Hebrew,Old Testament
H5136,נוּשׁ,nuwsh (noosh) v.,,,Hebrew,Old Testament
H5137,נָזָה,nazah (naw-zaw') v.,,,Hebrew,Old Testament
H5138,נָזִידּ,something boiled,,,Hebrew,Old Testament
H5139,נָזִיר נָזִר,separate,,,Hebrew,Old Testament
H5140,נָזַל,nazal (naw-zal') v.,,,Hebrew,Old Testament
H5141,נֶזֶם,a nose-ring,,,Hebrew,Old Testament
H5142,נְזַק,nzaq (nez-ak') v.,,,Hebrew,Old Testament
H5143,נֵזֶק,loss,,,Hebrew,Old Testament
H5144,נָזַר,nazar (naw-zar') v.,,,Hebrew,Old Testament
H5145,נֶזֶר נֵזֶר,(properly) something set apart,,,Hebrew,Old Testament
H5146,נוַֹח,Noach (no'-akh) n/p.,,,Hebrew,Old Testament
H5147,נַחבִּי,Nachbiy (nakh-bee') n/p.,,,Hebrew,Old Testament
H5148,נָחָה,nachah (naw-khaw') v.,,,Hebrew,Old Testament
H5149,נְחוּם,Nchuwm (neh-khoom') n/p.,,,Hebrew,Old Testament
H5150,נִחוּם נִחוּם,(properly) consoled,,,Hebrew,Old Testament
H5151,נַחוּם,Nachuwm (nakh-oom') n/p.,,,Hebrew,Old Testament
H5152,נָחוֹר,Nachowr (naw-khore') n/p.,,,Hebrew,Old Testament
H5153,נָחוּשׁ,nachuwsh (naw-khoosh') adj.,,,Hebrew,Old Testament
H5154,נְחוּשָׁה נְחוּשָׁה,copper,,,Hebrew,Old Testament
H5155,נְחִילָה,a flute,,,Hebrew,Old Testament
H5156,נְחִיר,a nostril,నెఖీరీం,నాసికలు,Hebrew,Old Testament
H5157,נָחַל,nachal (naw-khal') v.,,,Hebrew,Old Testament
H5158,נַחַל נַחלָה נַחֲלָה,a stream,,,Hebrew,Old Testament
H5159,נַחֲלָה,(properly) something inherited,,,Hebrew,Old Testament
H5160,נַחֲלִיאֵל,Nachaliy'el (nakh-al-ee-ale') n/l.,,,Hebrew,Old Testament
H5161,נֶחֱלָמִי,Nechelamiy (nekh-el-aw-mee') adj.,,,Hebrew,Old Testament
H5162,נָחַם,nacham (naw-kham') v.,నాఖమ్,ఓదార్చు,Hebrew,Old Testament
H5163,נַחַם,Nacham (nakh'-am) n/p.,,,Hebrew,Old Testament
H5164,נוֹחַם,ruefulness,,,Hebrew,Old Testament
H5165,נֶחָמָה,consolation,,,Hebrew,Old Testament
H5166,נְחֶמיָה,Nchemyah (nekh-em-yaw') n/p.,,,Hebrew,Old Testament
H5167,נַחֲמָנִי,Nachamaniy (nakh-am-aw-nee') n/p.,,,Hebrew,Old Testament
H5168,נַחנוּ,nachnuw (nakh-noo') p/p.,,,Hebrew,Old Testament
H5169,נָחַץ,nachats (naw-khats') v.,,,Hebrew,Old Testament
H5170,נַחַר נַחֲרָה,nachar (nakh'-ar) (and (feminine) nacharah nakh-ar-aw') n-e.,,,Hebrew,Old Testament
H5171,נַחֲרַי נַחרַי,Nacharay (nakh-ar-ah'-ee) (or Nachray nakh-rah'-ee) n/p.,,,Hebrew,Old Testament
H5172,נָחַשׁ,nachash (naw-khash') v.,,,Hebrew,Old Testament
H5173,נַחַשׁ,an incantation or augury,,,Hebrew,Old Testament
H5174,נְחָשׁ,copper,,,Hebrew,Old Testament
H5175,נָחָשׁ,a snake (from its hiss),,,Hebrew,Old Testament
H5176,נָחָשׁ,Nachash (naw-khawsh') n/p.,,,Hebrew,Old Testament
H5177,נַחשׁוֹן,Nachshown (nakh-shone') n/p.,,,Hebrew,Old Testament
H5178,נְחוֹשֶׁת,copper,,,Hebrew,Old Testament
H5179,נְחוּשׁתָּא,Nchushta' (nekh-oosh-taw') n/p.,,,Hebrew,Old Testament
H5180,נְחוּשׁתָּן,Nchushtan (nekh-oosh-tawn') n/t.,,,Hebrew,Old Testament
H5181,נָחַת,nachath (naw-khath') v.,,,Hebrew,Old Testament
H5182,נְחַת,nchath (nekh-ath') v.,,,Hebrew,Old Testament
H5183,נַחַת,Nachath (nakh'-ath) n-e.,,,Hebrew,Old Testament
H5184,נַחַת,Nachath (nakh'-ath) n/p.,,,Hebrew,Old Testament
H5185,נָחֵת,nacheth (naw-khayth') adj.,,,Hebrew,Old Testament
H5186,נָטָה,natah (naw-taw') v.,నాటా,చాపు,Hebrew,Old Testament
H5187,נְטִיל,ntiyl (net-eel') adj.,,,Hebrew,Old Testament
H5188,נְטִיפָה,a pendant for the ears (especially of pearls),,,Hebrew,Old Testament
H5189,נְטִישָׁה,a tendril (as an offshoot),,,Hebrew,Old Testament
H5190,נָטַל,natal (naw-tal') v.,,,Hebrew,Old Testament
H5191,נְטַל,ntal (net-al') v.,,,Hebrew,Old Testament
H5192,נֵטֶל,a burden,,,Hebrew,Old Testament
H5193,נָטַע,nata` (naw-tah') v.,,,Hebrew,Old Testament
H5194,נֶטַע,a plant,,,Hebrew,Old Testament
H5195,נָטִיַע,a plant,,,Hebrew,Old Testament
H5196,נְטָעִים,Nta`iym (net-aw-eem') n/l.,,,Hebrew,Old Testament
H5197,נָטַף,nataph (naw-taf') v.,,,Hebrew,Old Testament
H5198,נָטָף,a drop,,,Hebrew,Old Testament
H5199,נְטוֹפָה,Ntophah (net-o-faw') n/l.,,,Hebrew,Old Testament
H5200,נְטוֹפָתִי,Ntophathiy (net-o-faw-thee') adj.,,,Hebrew,Old Testament
H5201,נָטַר,natar (naw-tar') v.,,,Hebrew,Old Testament
H5202,נְטַר,ntar (net-ar') v.,,,Hebrew,Old Testament
H5203,נָטַשׁ,natash (naw-tash') v.,,,Hebrew,Old Testament
H5204,נִי,lamentation,,,Hebrew,Old Testament
H5205,נִידּ,motion (of the lips in speech),,,Hebrew,Old Testament
H5206,נִידָּה,removal,,,Hebrew,Old Testament
H5207,נִיחוַֹח נִיחוַֹח,(properly) restful,,,Hebrew,Old Testament
H5208,נִיחוַֹח נִיחוַֹח,pleasure,,,Hebrew,Old Testament
H5209,נִין,progeny,,,Hebrew,Old Testament
H5210,נִינְוֵה,Niynveh (nee-nev-ay') n/l.,,,Hebrew,Old Testament
H5211,נִיס,niyc (neece) prt.,,,Hebrew,Old Testament
H5212,נִיסָן,Niycan (nee-sawn') n/t.,,,Hebrew,Old Testament
H5213,נִיצּוֹץ,a spark,,,Hebrew,Old Testament
H5214,נִיר,niyr (neer) v.,,,Hebrew,Old Testament
H5215,נִיר נִר,(properly) plowing,,,Hebrew,Old Testament
H5216,נִיר נִר נֵיר נֵר נֵרָה,H5135) properly,,,Hebrew,Old Testament
H5217,נָכָא,naka' (naw-kaw') v.,,,Hebrew,Old Testament
H5218,נָכֵא נָכָא,nake' (naw-kay') (or nakat naw-kaw') adj.,,,Hebrew,Old Testament
H5219,נְכאוֹת,(properly) a smiting,,,Hebrew,Old Testament
H5220,נֶכֶד,offspring,,,Hebrew,Old Testament
H5221,נָכָה,nakah (naw-kaw') v.,,,Hebrew,Old Testament
H5222,נֵכֶה,nekeh (nay-keh') adj.,,,Hebrew,Old Testament
H5223,נָכֶה,nakeh (naw-keh') adj.,,,Hebrew,Old Testament
H5224,נְכוֹ,Nkow (nek-o') n/p.,,,Hebrew,Old Testament
H5225,נָכוֹן,Nakown (naw-kone') n/p.,,,Hebrew,Old Testament
H5226,נֵכַח,nekach (nay'-kakh) adj.,,,Hebrew,Old Testament
H5227,נוֹכַח,nokach (no'-kakh) adj.,,,Hebrew,Old Testament
H5228,נָכוַֹח,nakoach (naw-ko'-akh) adj.,,,Hebrew,Old Testament
H5229,נְכוֹחָה,nkochah (nek-o-khaw') adj.,,,Hebrew,Old Testament
H5230,נָכַל,nakal (naw-kal') v.,,,Hebrew,Old Testament
H5231,נֵכֶל,deceit,,,Hebrew,Old Testament
H5232,נְכַס,goods,,,Hebrew,Old Testament
H5233,נֶכֶס,treasure,,,Hebrew,Old Testament
H5234,נָכַר,nakar (naw-kar') v.,,,Hebrew,Old Testament
H5235,נֶכֶר נוֹכֶר,something strange,,,Hebrew,Old Testament
H5236,נֵכָר,foreign,,,Hebrew,Old Testament
H5237,נָכרִי,nokriy (nok-ree') adj.,,,Hebrew,Old Testament
H5238,נְכוֹת,spicery,,,Hebrew,Old Testament
H5239,נָלָה,nalah (naw-law') v.,,,Hebrew,Old Testament
H5240,נְמִבזֶה,nmibzeh (nem-ib-zeh') prt.,,,Hebrew,Old Testament
H5241,נְמוּאֵל,Nmuw'el (nem-oo-ale') n/p.,,,Hebrew,Old Testament
H5242,נְמוּאֵלִי,Nmuw'eliy (nem-oo-ay-lee') adj.,,,Hebrew,Old Testament
H5243,נָמַל,namal (naw-mal') v.,,,Hebrew,Old Testament
H5244,נְמָלָה,an ant (probably from its almost bisected form),,,Hebrew,Old Testament
H5245,נְמַר,leopard,,,Hebrew,Old Testament
H5246,נָמֵר,and thus to spot or stain as if by dripping,,,Hebrew,Old Testament
H5247,נִמרָה,Nimrah (nim-raw') n/l.,,,Hebrew,Old Testament
H5248,נִמרוֹד נִמרוֹד,Nimrowd (nim-rode') (or Nimrod nim-rode') n/p.,,,Hebrew,Old Testament
H5249,נִמרִים,Nimriym (nim-reem') n/l.,,,Hebrew,Old Testament
H5250,נִמשִׁי,Nimshiy (nim-shee') n/p.,,,Hebrew,Old Testament
H5251,נֵס,a flag,,,Hebrew,Old Testament
H5252,נְסִבָּה,(properly) an environment,,,Hebrew,Old Testament
H5253,נָסַג,nacag (naw-sag') v.,,,Hebrew,Old Testament
H5254,נָסָה,nacah (naw-saw') v.,నాసా,పరీక్షించు,Hebrew,Old Testament
H5255,נָסַח,nacach (naw-sakh') v.,,,Hebrew,Old Testament
H5256,נְסַח,ncach (nes-akh') v.,,,Hebrew,Old Testament
H5257,נְסִיכּ,(properly) something poured out,,,Hebrew,Old Testament
H5258,נָסַך,nacak (naw-sak') v.,,,Hebrew,Old Testament
H5259,נָסַך,nacak (naw-sak') v.,,,Hebrew,Old Testament
H5260,נְסַך,ncak (nes-ak') v.,,,Hebrew,Old Testament
H5261,נְסַך,a libation,,,Hebrew,Old Testament
H5262,נֶסֶך נֵסֶך,a libation,,,Hebrew,Old Testament
H5263,נָסַס,nacac (naw-sas') v.,,,Hebrew,Old Testament
H5264,נָסַס,nacac (naw-sas') v.,,,Hebrew,Old Testament
H5265,נָסַע,naca` (naw-sah') v.,,,Hebrew,Old Testament
H5266,נָסַק,nacaq (naw-sak') v.,,,Hebrew,Old Testament
H5267,נְסַק,ncaq (nes-ak') v.,,,Hebrew,Old Testament
H5268,נִסרוֹך,Nicrok (nis-roke') n/p.,,,Hebrew,Old Testament
H5269,נֵעָה,Ne`ah (nay-aw') n/l.,,,Hebrew,Old Testament
H5270,נוֹעָה,No`ah (no-aw') n/p.,,,Hebrew,Old Testament
H5271,נָעוּר נָעוּר נְעוּרָה,(only in plural collectively or emphatic form) youth,,,Hebrew,Old Testament
H5272,נְעִיאֵל,N`iy'el (neh-ee-ale') n/l.,,,Hebrew,Old Testament
H5273,נָעִים,na`iym (naw-eem') adj.,,,Hebrew,Old Testament
H5274,נָעַל,na`al (naw-al') v.,,,Hebrew,Old Testament
H5275,נַעַל נַעֲלָה,(properly) a sandal tongue,,,Hebrew,Old Testament
H5276,נָעֵם,na`em (naw-ame') v.,,,Hebrew,Old Testament
H5277,נַעַם,Na`am (nah'-am) n/p.,,,Hebrew,Old Testament
H5278,נוֹעַם,agreeableness,,,Hebrew,Old Testament
H5279,נַעֲמָה,Na`amah (nah-am-aw') n/p.,,,Hebrew,Old Testament
H5280,נַעֲמִי,Na`amiy (nah-am-ee') adj.,,,Hebrew,Old Testament
H5281,נָעֳמִי,No`omiy (no-om-ee') n/p.,,,Hebrew,Old Testament
H5282,נַעֲמָן,pleasantness (plural as concrete),,,Hebrew,Old Testament
H5283,נַעֲמָן,Na`aman (nah-am-awn') n/p.,,,Hebrew,Old Testament
H5284,נַעֲמָתִי,Na`amathiy (nah-am-aw-thee') adj.,,,Hebrew,Old Testament
H5285,נַעֲצוּץ,probably a brier,,,Hebrew,Old Testament
H5286,נָעַר,na`ar (naw-ar') v.,,,Hebrew,Old Testament
H5287,נָעַר,na`ar (naw-ar') v.,,,Hebrew,Old Testament
H5288,נַעַר,(concretely) a boy (as active),,,Hebrew,Old Testament
H5289,נַעַר,a wanderer,,,Hebrew,Old Testament
H5290,נוֹעַר,(abstractly) boyhood,,,Hebrew,Old Testament
H5291,נַעֲרָה,a girl (from infancy to adolescence),,,Hebrew,Old Testament
H5292,נַעֲרָה,Na`arah (nah-ar-aw') n/p.,,,Hebrew,Old Testament
H5293,נַעֲרַי,Na`aray (nah-ar-ah'-ee) n/p.,,,Hebrew,Old Testament
H5294,נְעַריָה,Ne`aryah (neh-ar-yaw') n/p.,,,Hebrew,Old Testament
H5295,נַעֲרָן,Na`aran (nah-ar-awn') n/l.,,,Hebrew,Old Testament
H5296,נְעוֹרֶת,something shaken out,,,Hebrew,Old Testament
H5297,נוֹף,Noph (nofe) n/l.,,,Hebrew,Old Testament
H5298,נֶפֶג,Nepheg (neh'-feg) n/p.,,,Hebrew,Old Testament
H5299,נָפָה,a height,,,Hebrew,Old Testament
H5300,נְפוּשׁסִים,Nphuwshciym (nef-oo-shes-eem') n/p.,,,Hebrew,Old Testament
H5301,נָפַח,naphach (naw-fakh') v.,,,Hebrew,Old Testament
H5302,נוֹפַח,Nophach (no'-fakh) n/l.,,,Hebrew,Old Testament
H5303,נְפִיל נְפִל,(properly) a feller,,,Hebrew,Old Testament
H5304,נְפִיסִים,Nphiyciym (nef-ee-seem') n/p.,,,Hebrew,Old Testament
H5305,נָפִישׁ,Naphiysh (naw-feesh') n/p.,,,Hebrew,Old Testament
H5306,נוֹפֶך,shining,,,Hebrew,Old Testament
H5307,נָפַל,naphal (naw-fal') v.,నాఫల్,పడు,Hebrew,Old Testament
H5308,נְפַל,nphal (nef-al') v.,,,Hebrew,Old Testament
H5309,נֶפֶל נֵפֶל,something fallen,,,Hebrew,Old Testament
H5310,נָפַץ,naphats (naw-fats') v.,,,Hebrew,Old Testament
H5311,נֶפֶץ,a storm (as dispersing),,,Hebrew,Old Testament
H5312,נְפַק,nphaq (nef-ak') v.,,,Hebrew,Old Testament
H5313,נִפקָא,an outgo,,,Hebrew,Old Testament
H5314,נָפַשׁ,naphash (naw-fash') v.,,,Hebrew,Old Testament
H5315,נֶפֶשׁ,(properly) a breathing creature,నెఫెష్,ప్రాణం,Hebrew,Old Testament
H5316,נֶפֶת,a height,,,Hebrew,Old Testament
H5317,נוֹפֶת,a dripping i.e. of honey (from the comb),,,Hebrew,Old Testament
H5318,נֶפתּוַֹח,Nephtowach (nef-to'-akh) n/l.,,,Hebrew,Old Testament
H5319,נַפתּוּל,(properly) wrestled,,,Hebrew,Old Testament
H5320,נַפתּוּחִים,Naphtuchiym (naf-too-kheem) n/g.,,,Hebrew,Old Testament
H5321,נַפתָּלִי,Naphtaliy (naf-taw-lee') n/l.,,,Hebrew,Old Testament
H5322,נֵץ,a flower (from its brilliancy),,,Hebrew,Old Testament
H5323,נָצָא,natsa' (naw-tsaw') v.,,,Hebrew,Old Testament
H5324,נָצַב,natsab (naw-tsab') v.,,,Hebrew,Old Testament
H5325,נִצָּב,fixed,,,Hebrew,Old Testament
H5326,נִצבָּה,fixedness,,,Hebrew,Old Testament
H5327,נָצָה,natsah (naw-tsaw') v.,,,Hebrew,Old Testament
H5328,נִצָּה,a blossom,,,Hebrew,Old Testament
H5329,נָצַח,natsach (naw-tsakh') v.,నాత్సఖ్,పర్యవేక్షించు,Hebrew,Old Testament
H5330,נְצַח,ntsach (nets-akh') v.,,,Hebrew,Old Testament
H5331,נֶצַח נֵצַח,(properly) a goal,,,Hebrew,Old Testament
H5332,נֵצַח,juice of the grape (as blood red),,,Hebrew,Old Testament
H5333,נְצִיבּ נְצִב,something stationary,,,Hebrew,Old Testament
H5334,נְצִיבּ,Ntsiyb (nets-eeb') n/l.,,,Hebrew,Old Testament
H5335,נְצִיַח,ntsiyach (nets-ee'-akh) n/p.,,,Hebrew,Old Testament
H5336,נָצִיר,natsiyr (naw-tsere') adj.,,,Hebrew,Old Testament
H5337,נָצַל,natsal (naw-tsal') v.,,,Hebrew,Old Testament
H5338,נְצַל,ntsal (nets-al') v.,,,Hebrew,Old Testament
H5339,נִצָּן,a blossom,,,Hebrew,Old Testament
H5340,נָצַץ,natsats (naw-tsats') v.,,,Hebrew,Old Testament
H5341,נָצַר,natsar (naw-tsar') v.,నాత్సర్,కాపాడు,Hebrew,Old Testament
H5342,נֵצֶר,a shoot,,,Hebrew,Old Testament
H5343,נְקֵא,nqe' (nek-ay') adj.,,,Hebrew,Old Testament
H5344,נָקַב,naqab (naw-kab') v.,,,Hebrew,Old Testament
H5345,נֶקֶב,pipe,,,Hebrew,Old Testament
H5346,נֶקֶב,Neqeb (neh'-keb) n/l.,,,Hebrew,Old Testament
H5347,נְקֵבָה,female (from the sexual form),,,Hebrew,Old Testament
H5348,נָקוֹד,naqod (naw-kode') adj.,,,Hebrew,Old Testament
H5349,נוֹקֵד,a spotter (of sheep or cattle),,,Hebrew,Old Testament
H5350,נִקּוּד,a crumb (as broken to spots),,,Hebrew,Old Testament
H5351,נְקוּדָּה,a boss,,,Hebrew,Old Testament
H5352,נָקָה,naqah (naw-kaw') v.,,,Hebrew,Old Testament
H5353,נְקוֹדָא,Nqowda' (nek-o-daw') n/p.,,,Hebrew,Old Testament
H5354,נָקַט,naqat (naw-kat') v.,,,Hebrew,Old Testament
H5355,נָקִי נָקִיא,naqiy (naw-kee') (or naqiyi (Joel 4) adj.,,,Hebrew,Old Testament
H5356,נִקָּיוֹן נִקָּיוֹן,clearness (literally or figuratively),,,Hebrew,Old Testament
H5357,נָקִיק,a cleft,,,Hebrew,Old Testament
H5358,נָקַם,naqam (naw-kam') v.,,,Hebrew,Old Testament
H5359,נָקָם,revenge,,,Hebrew,Old Testament
H5360,נְקָמָה,avengement,,,Hebrew,Old Testament
H5361,נָקַע,naqa` (naw-kah') v.,,,Hebrew,Old Testament
H5362,נָקַף,naqaph (naw-kaf') v.,,,Hebrew,Old Testament
H5363,נוֹקֶף,a threshing (of olives),,,Hebrew,Old Testament
H5364,נִקפָּה,probably a rope (as encircling),,,Hebrew,Old Testament
H5365,נָקַר,naqar (naw-kar') v.,,,Hebrew,Old Testament
H5366,נְקָרָה,cleft,,,Hebrew,Old Testament
H5367,נָקַשׁ,naqash (naw-kash') v.,,,Hebrew,Old Testament
H5368,נְקַשׁ,nqash (nek-ash') v.,,,Hebrew,Old Testament
H5369,נֵר,Ner (nare) n/p.,,,Hebrew,Old Testament
H5370,נֵרגַּל,Nergal (nare-gal') n/p.,,,Hebrew,Old Testament
H5371,נֵרגַּל שַׁראֶצֶר,Nergal Shar'etser (nare-gal' shar-eh'-tser) n/p.,,,Hebrew,Old Testament
H5372,נִרגָּן,nirgan (neer-gawn') v.,,,Hebrew,Old Testament
H5373,נֵרדּ,nard,,,Hebrew,Old Testament
H5374,נֵרִיָה נֵרִיָהוּ,Neriyah (nay-ree-yaw') (or Neriyahuw nay-ree-yaw'-hoo) n/p.,,,Hebrew,Old Testament
H5375,נָשָׂא נָסָה,nasa' (naw-saw') (or nacah (Psalm 4) v.,నాసా,ఎత్తు,Hebrew,Old Testament
H5376,נְשָׂא,nsa' (nes-aw') v.,,,Hebrew,Old Testament
H5377,נָשָׁא,nasha' (naw-shaw') v.,,,Hebrew,Old Testament
H5378,נָשָׁא,nasha' (naw-shaw') v.,,,Hebrew,Old Testament
H5379,נִשֵּׂאתּ,nisse'th (nis-sayth') v-xxp.,,,Hebrew,Old Testament
H5380,נָשַׁב,nashab (naw-shab') v.,,,Hebrew,Old Testament
H5381,נָשַׂג,nasag (naw-sag') v.,,,Hebrew,Old Testament
H5382,נָשָׁה,nashah (naw-shaw') v.,,,Hebrew,Old Testament
H5383,נָשָׁה,nashah (naw-shaw') v.,,,Hebrew,Old Testament
H5384,נָשֶׁה,rheumatic or crippled (from the incident to Jacob),,,Hebrew,Old Testament
H5385,נְשׂוּאָה נְשׂוּאָה,something borne,,,Hebrew,Old Testament
H5386,נְשִׁי,a debt,,,Hebrew,Old Testament
H5387,נָשִׂיא נָשִׂא,(properly) an exalted one,,,Hebrew,Old Testament
H5388,נְשִׁיָה,oblivion,,,Hebrew,Old Testament
H5389,נָשִׁין,women,,,Hebrew,Old Testament
H5390,נְשִׁיקָה,a kiss,,,Hebrew,Old Testament
H5391,נָשַׁך,nashak (naw-shak') v.,,,Hebrew,Old Testament
H5392,נֶשֶׁך,interest on a debt,,,Hebrew,Old Testament
H5393,נִשׁכָּה,a cell,,,Hebrew,Old Testament
H5394,נָשַׁל,nashal (naw-shal') v.,,,Hebrew,Old Testament
H5395,נָשַׁם,nasham (naw-sham') v.,,,Hebrew,Old Testament
H5396,נִשׁמָא,vital breath,,,Hebrew,Old Testament
H5397,נְשָׁמָה,a puff,,,Hebrew,Old Testament
H5398,נָשַׁף,nashaph (naw-shaf') v.,,,Hebrew,Old Testament
H5399,נֶשֶׁף,(properly) a breeze,,,Hebrew,Old Testament
H5400,נָשַׂק,nasaq (naw-sak') v.,,,Hebrew,Old Testament
H5401,נָשַׁק,nashaq (naw-shak') v.,,,Hebrew,Old Testament
H5402,נֶשֶׁק נֵשֶׁק,military equipment,,,Hebrew,Old Testament
H5403,נְשַׁר,an eagle,,,Hebrew,Old Testament
H5404,נֶשֶׁר,the eagle (or other large bird of prey),,,Hebrew,Old Testament
H5405,נָשַׁת,nashath (naw-shath') v.,,,Hebrew,Old Testament
H5406,נִשׁתְּוָן,an epistle,,,Hebrew,Old Testament
H5407,נִשׁתְּוָן,letter,,,Hebrew,Old Testament
H5408,נָתַח,nathach (naw-thakh') v.,,,Hebrew,Old Testament
H5409,נֵתַח,a fragment,,,Hebrew,Old Testament
H5410,נָתִיבּ נְתִיבָּה נְתִבָה,nathiyb (naw-theeb') (or (feminine) nthiybah neth-ee-baw' or nthibah (Jeremiah 6) n-e.,,,Hebrew,Old Testament
H5411,נָתִין נָתוּן,one given,,,Hebrew,Old Testament
H5412,נְתִין,Nethinims,,,Hebrew,Old Testament
H5413,נָתַך,nathak (naw-thak') v.,,,Hebrew,Old Testament
H5414,נָתַן,nathan (naw-than') v.,నాతన్,ఇవ్వు,Hebrew,Old Testament
H5415,נְתַן,nthan (neth-an') v.,,,Hebrew,Old Testament
H5416,נָתָן,Nathan (naw-thawn') n/p.,,,Hebrew,Old Testament
H5417,נְתַנאֵל,Nthane'l (neth-an-ale') n/p.,,,Hebrew,Old Testament
H5418,נְתַניָה נְתַניָהוּ,Nthanyah (neth-an-yaw') (or Nthanyahuw neth-an-yaw'-hoo) n/p.,,,Hebrew,Old Testament
H5419,נְתַן ־ מֶלֶך,Nthan-Melek (neth-an' meh'-lek) n/p.,,,Hebrew,Old Testament
H5420,נָתַס,nathac (naw-thas') v.,,,Hebrew,Old Testament
H5421,נָתַע,natha` (naw-thah') v.,,,Hebrew,Old Testament
H5422,נָתַץ,nathats (naw-thats') v.,,,Hebrew,Old Testament
H5423,נָתַק,nathaq (naw-thak') v.,,,Hebrew,Old Testament
H5424,נֶתֶק,scurf,,,Hebrew,Old Testament
H5425,נָתַר,nathar (naw-thar') v.,,,Hebrew,Old Testament
H5426,נְתַר,nther (neth-ar') v.,,,Hebrew,Old Testament
H5427,נֶתֶר,mineral potash (so called from effervescing with acid),,,Hebrew,Old Testament
H5428,נָתַשׁ,nathash (naw-thash') v.,,,Hebrew,Old Testament
H5429,סְאָה,a seah,,,Hebrew,Old Testament
H5430,סְאוֹן,perhaps a military boot (as a protection from mud,,,Hebrew,Old Testament
H5431,סָאַן,ca'an (saw-an') v.,,,Hebrew,Old Testament
H5432,סַאסְאָה,ca'c'ah (sah-seh-aw') v.,,,Hebrew,Old Testament
H5433,סָבָא,caba' (saw-baw') v.,,,Hebrew,Old Testament
H5434,סְבָא,Cba' (seb-aw') n/l.,,,Hebrew,Old Testament
H5435,סוֹבֶא,potation,,,Hebrew,Old Testament
H5436,סְבָאִי,Cba'iy (seb-aw-ee') n/g.,,,Hebrew,Old Testament
H5437,סָבַב,cabab (saw-bab') v.,,,Hebrew,Old Testament
H5438,סִבָּה,a (providential) turn (of affairs),,,Hebrew,Old Testament
H5439,סָבִיבּ סֶבִיבָּה,cabiyb (saw-beeb') (or (feminine) cbiybah seb-ee-baw') adj.,,,Hebrew,Old Testament
H5440,סָבַך,cabak (saw-bak') v.,,,Hebrew,Old Testament
H5441,סוֹבֶך,a copse,,,Hebrew,Old Testament
H5442,סְבָך,thick(-et),,,Hebrew,Old Testament
H5443,סַבְּכָא שַׂבְּכָא,a lyre,,,Hebrew,Old Testament
H5444,סִבְּכַי,Cibbkay (sib-bek-ah'-ee) n/p.,,,Hebrew,Old Testament
H5445,סָבַל,cabal (saw-bal') v.,,,Hebrew,Old Testament
H5446,סְבַל,cbal (seb-al') v.,,,Hebrew,Old Testament
H5447,סֵבֶל,a load (literally or figuratively),,,Hebrew,Old Testament
H5448,סוֹבֶל סוּבָּל,a load (figuratively),,,Hebrew,Old Testament
H5449,סַבָּל,a porter,,,Hebrew,Old Testament
H5450,סְבָלָה,porterage,,,Hebrew,Old Testament
H5451,סִבּוֹלֶת,an ear of grain,,,Hebrew,Old Testament
H5452,סְבַר,cbar (seb-ar') v.,,,Hebrew,Old Testament
H5453,סִברַיִם,Cibrayim (sib-rah'-yim) n/l.,,,Hebrew,Old Testament
H5454,סַבתָּא סַבתָּה,Cabta' (sab-taw') (or Cabtah sab-taw') n/p.,,,Hebrew,Old Testament
H5455,סַבתְּכָא,Cabtka' (sab-tek-aw') n/p.,,,Hebrew,Old Testament
H5456,סָגַד,cagad (saw-gad') v.,,,Hebrew,Old Testament
H5457,סְגִד,cgid (seg-eed') v.,,,Hebrew,Old Testament
H5458,סְגוֹר,(properly) shut up,,,Hebrew,Old Testament
H5459,סְגוּלָּה,wealth (as closely shut up),,,Hebrew,Old Testament
H5460,סְגַן,governor,,,Hebrew,Old Testament
H5461,סָגָן,a prefect of a province,,,Hebrew,Old Testament
H5462,סָגַר,cagar (saw-gar') v.,,,Hebrew,Old Testament
H5463,סְגַר,cgar (seg-ar') v.,,,Hebrew,Old Testament
H5464,סַגרִידּ,a pouring rain,,,Hebrew,Old Testament
H5465,סַד,the stocks,,,Hebrew,Old Testament
H5466,סָדִין,a wrapper,,,Hebrew,Old Testament
H5467,סְדוֹם,Cdom (sed-ome') n/l.,,,Hebrew,Old Testament
H5468,סֶדֶר,order,,,Hebrew,Old Testament
H5469,סַהַר,roundness,,,Hebrew,Old Testament
H5470,סוֹהַר,a dungeon (as surrounded by walls),,,Hebrew,Old Testament
H5471,סוֹא,Cow' (so) n/p.,,,Hebrew,Old Testament
H5472,סוּג,cuwg (soog) v.,,,Hebrew,Old Testament
H5473,סוּג,cuwg (soog) v.,,,Hebrew,Old Testament
H5474,סוּגַר,an inclosure,,,Hebrew,Old Testament
H5475,סוֹד,a session,,,Hebrew,Old Testament
H5476,סוֹדִי,Cowdiy (so-dee') n/p.,,,Hebrew,Old Testament
H5477,סוַּח,Cuwach (soo'-akh) n/p.,,,Hebrew,Old Testament
H5478,סוּחָה,something swept away,,,Hebrew,Old Testament
H5479,סוֹטַי,Cowtay (so-tah'-ee) n/p.,,,Hebrew,Old Testament
H5480,סוּך,cuwk (sook) v.,,,Hebrew,Old Testament
H5481,סוּמפּוֹנְיָה סוּמפּוֹנְיָה סִיפוֹנְיָא,a wind instrument (with a double pipe),,,Hebrew,Old Testament
H5482,סְוֵנֵה סְוֵנָה סְוֵן,Cveneh (sev-ay-nay') ((rather to be written Cvenah sev-ay'-naw for Cven sev-ane' i.e to Seven)) n/l.,,,Hebrew,Old Testament
H5483,סוּס סוּס,a horse (as leaping),,,Hebrew,Old Testament
H5484,סוּסָה,a mare,,,Hebrew,Old Testament
H5485,סוּסִי,Cuwciy (soo-see') n/p.,,,Hebrew,Old Testament
H5486,סוּף,cuwph (soof) v.,,,Hebrew,Old Testament
H5487,סוּף,cuwph (soof) v.,,,Hebrew,Old Testament
H5488,סוּף,a reed,,,Hebrew,Old Testament
H5489,סוּף,Cuwph (soof) n/l.,,,Hebrew,Old Testament
H5490,סוֹף,a termination,,,Hebrew,Old Testament
H5491,סוֹף,end,,,Hebrew,Old Testament
H5492,סוּפָה,a hurricane,,,Hebrew,Old Testament
H5493,סוּר שׂוּר,cuwr (soor) (or suwr (Hosea 9) v.,సూర్,తొలగించు,Hebrew,Old Testament
H5494,סוּר,cuwr (soor) v-xxp.,,,Hebrew,Old Testament
H5495,סוּר,Cuwr (soor) n/l.,,,Hebrew,Old Testament
H5496,סוּת,cuwth (sooth) v.,,,Hebrew,Old Testament
H5497,סוּת,covering,,,Hebrew,Old Testament
H5498,סָחַב,cachab (saw-khab') v.,,,Hebrew,Old Testament
H5499,סְחָבָה,a rag,,,Hebrew,Old Testament
H5500,סָחָה,cachah (saw-khaw') v.,,,Hebrew,Old Testament
H5501,סְחִי,refuse (as swept off),,,Hebrew,Old Testament
H5502,סָחַף,cachaph (saw-khaf') v.,,,Hebrew,Old Testament
H5503,סָחַר,cachar (saw-khar') v.,,,Hebrew,Old Testament
H5504,סַחַר,profit (from trade),,,Hebrew,Old Testament
H5505,סָחַר,an emporium,,,Hebrew,Old Testament
H5506,סְחוֹרָה,merchandise,,,Hebrew,Old Testament
H5507,סוֹחֵרָה,something surrounding the person,,,Hebrew,Old Testament
H5508,סוֹחֶרֶת,probably a (black) tile (or tessara) for laying borders with,,,Hebrew,Old Testament
H5509,סִיגּ סוּג,scoria,,,Hebrew,Old Testament
H5510,סִיוָן,Ciyvan (see-vawn') n/t.,,,Hebrew,Old Testament
H5511,סִיחוֹן סִיחוֹן,Ciychown (see-khone') (or Ciychon see-khone') n/p.,,,Hebrew,Old Testament
H5512,סִין,Ciyn (seen) n/l.,,,Hebrew,Old Testament
H5513,סִינִי,Ciynay (see-nee') adj.,,,Hebrew,Old Testament
H5514,סִינַי,Ciynay (see-nah'-ee) n/l.,,,Hebrew,Old Testament
H5515,סִינִים,Ciyniym (see-neem') adj.,,,Hebrew,Old Testament
H5516,סִיסְרָא,Ciycra',,,Hebrew,Old Testament
H5517,סִיעָא סִיעֲהָא,Ciy`a' (see-ah') (or Ciyeahai see-ah-haw') n/p.,,,Hebrew,Old Testament
H5518,סִיר סִירָה סִרָה,a pot,,,Hebrew,Old Testament
H5519,סָך,(properly) a thicket of men,,,Hebrew,Old Testament
H5520,סוֹך,a hut (as of entwined boughs),,,Hebrew,Old Testament
H5521,סוּכָּה,a hut or lair,,,Hebrew,Old Testament
H5522,סִכּוּת,cikkuwth (sik-kooth') n/p.,,,Hebrew,Old Testament
H5523,סוּכּוֹת סוּכּוֹת,Cukkowth (sook-kohth') (or Cukkoth sook-kohth') n/l.,,,Hebrew,Old Testament
H5524,סוּכּוֹת בְּנוֹת,Cukkowth bnowth (sook-kohth' ben-ohth') n/t.,,,Hebrew,Old Testament
H5525,סוּכִּי,Cukkiy (sook-kee') n/p.,,,Hebrew,Old Testament
H5526,סָכַך שָׂכַך,cakak (saw-kak') (or sakak (Exod. 33) v.,,,Hebrew,Old Testament
H5527,סְכָכָה,Ckakah (sek-aw-kaw') n/l.,,,Hebrew,Old Testament
H5528,סָכַל,cakal (saw-kal') v.,,,Hebrew,Old Testament
H5529,סֶכֶל,silliness,,,Hebrew,Old Testament
H5530,סָכָל,silly,,,Hebrew,Old Testament
H5531,סִכלוּת שִׂכלוּת,silliness,,,Hebrew,Old Testament
H5532,סָכַן,cakan (saw-kan') v.,,,Hebrew,Old Testament
H5533,סָכַן,cakan (saw-kan') v.,,,Hebrew,Old Testament
H5534,סָכַר,caker (saw-kar') v.,,,Hebrew,Old Testament
H5535,סָכַת,cakath (saw-kath') v.,,,Hebrew,Old Testament
H5536,סַל,(properly) a willow twig (as pendulous),,,Hebrew,Old Testament
H5537,סָלָא,cala' (saw-law') v.,,,Hebrew,Old Testament
H5538,סִלָּא,an embankment,,,Hebrew,Old Testament
H5539,סָלַד,calad (saw-lad') v.,,,Hebrew,Old Testament
H5540,סֶלֶד,Celed (seh'-led) n/p.,,,Hebrew,Old Testament
H5541,סָלָה,calah (saw-law') v.,,,Hebrew,Old Testament
H5542,סֶלָה,celah (seh'-law) v.,,,Hebrew,Old Testament
H5543,סַלוּ סַלוּא סָלוּא סַלַּי,Calluw (sal-loo') (or Calluw sal-loo',,,Hebrew,Old Testament
H5544,סִלּוֹן סַלּוֹן,a prickle (as if pendulous),,,Hebrew,Old Testament
H5545,סָלַח,calach (saw-lakh') v.,సాలఖ్,క్షమించు,Hebrew,Old Testament
H5546,סַלָּח,callach (saw-lawkh') adj.,,,Hebrew,Old Testament
H5547,סְלִיחָה,pardon,,,Hebrew,Old Testament
H5548,סַלכָּה,Calkah (sal-kaw') n/l.,,,Hebrew,Old Testament
H5549,סָלַל,calal (saw-lal') v.,,,Hebrew,Old Testament
H5550,סוֹלְלָה סוֹלְלָה,a military mound,,,Hebrew,Old Testament
H5551,סוּלָּם,a stair-case,,,Hebrew,Old Testament
H5552,סַלסִלָּה,a twig (as pendulous),,,Hebrew,Old Testament
H5553,סֶלַע,a craggy rock,,,Hebrew,Old Testament
H5554,סֶלַע,Cela` (seh'-lah) n/l.,,,Hebrew,Old Testament
H5555,סֶלַע הַמַּחלְקוֹת,Cela` ham-machlqowth (seh'-lah ham-makh-lek-oth') n/l.,,,Hebrew,Old Testament
H5556,סָלעָם,a kind of locust (from its destructiveness),,,Hebrew,Old Testament
H5557,סָלַף,calaph (saw-laf') v.,,,Hebrew,Old Testament
H5558,סֶלֶף,distortion,,,Hebrew,Old Testament
H5559,סְלִק,cliq (sel-eek') v.,,,Hebrew,Old Testament
H5560,סוֹלֶת,flour (as chipped off),,,Hebrew,Old Testament
H5561,סַם,an aroma,,,Hebrew,Old Testament
H5562,סַמגַּר נְבוֹ,Camgar Nbow (sam-gar' neb-o') n/p.,,,Hebrew,Old Testament
H5563,סְמָדַר,a vine blossom,,,Hebrew,Old Testament
H5564,סָמַך,camak (saw-mak') v.,,,Hebrew,Old Testament
H5565,סְמַכיָהוּ,Cmakyahuw (sem-ak-yaw'-hoo) n/p.,,,Hebrew,Old Testament
H5566,סֶמֶל סֵמֶל,a likeness,,,Hebrew,Old Testament
H5567,סָמַן,caman (saw-man') v.,,,Hebrew,Old Testament
H5568,סָמַר,camar (saw-mar') v.,,,Hebrew,Old Testament
H5569,סָמָר,camar (saw-mar') adj.,,,Hebrew,Old Testament
H5570,סְנָאָה,Cna'ah (sen-aw-aw') n/p.,,,Hebrew,Old Testament
H5571,סַנבַּלַּט,Canballat (san-bal-lat') n/p.,,,Hebrew,Old Testament
H5572,סְנֶה,a bramble,,,Hebrew,Old Testament
H5573,סֶנֶה,Ceneh (seh-neh') n/l.,,,Hebrew,Old Testament
H5574,סְנוּאָה סְנוּאָה,Cnuw'ah (sen-oo-aw') (or Cnu.ah sen-oo-aw') n/p.,,,Hebrew,Old Testament
H5575,סַנוֵר,(in plural) blindness,,,Hebrew,Old Testament
H5576,סַנחֵרִיבּ,Cancheriyb (san-khay-reeb') n/p.,,,Hebrew,Old Testament
H5577,סַנסִן,a twig (as tapering),,,Hebrew,Old Testament
H5578,סַנסַנָּה,Cancannah (san-san-naw') n/p.,,,Hebrew,Old Testament
H5579,סְנַפִּיר,a fin (collectively),,,Hebrew,Old Testament
H5580,סָס,a moth (from the agility of the fly),,,Hebrew,Old Testament
H5581,סִסמַי,Cicmay (sis-mah'-ee) n/p.,,,Hebrew,Old Testament
H5582,סָעַד,ca`ad (saw-ad') v.,,,Hebrew,Old Testament
H5583,סְעַד,c`ad (seh-ad') v.,,,Hebrew,Old Testament
H5584,סָעָה,ca`ah (saw-aw') v.,,,Hebrew,Old Testament
H5585,סָעִיף,a fissure (of rocks),,,Hebrew,Old Testament
H5586,סָעַף,ca`aph (saw-af') v.,,,Hebrew,Old Testament
H5587,סָעִף שָׂעִף,divided (in mind),,,Hebrew,Old Testament
H5588,סֵעֵף,ce`eph (say-afe') adj.,,,Hebrew,Old Testament
H5589,סְעַפָּה,a twig,,,Hebrew,Old Testament
H5590,סָעַר,ca`ar (saw-ar') v.,,,Hebrew,Old Testament
H5591,סַעַר סְעָרָה,ca`ar (sah'-ar) (or (feminine) ctarah seh-aw-raw') n-e.,,,Hebrew,Old Testament
H5592,סַף,a vestibule (as a limit),,,Hebrew,Old Testament
H5593,סַף,Caph (saf) n/p.,,,Hebrew,Old Testament
H5594,סָפַד,caphad (saw-fad') v.,,,Hebrew,Old Testament
H5595,סָפָה,caphah (saw-faw') v.,,,Hebrew,Old Testament
H5596,סָפַח שָׂפַח,caphach (saw-fakh') (or saphach (Isaiah 3) v.,,,Hebrew,Old Testament
H5597,סַפַּחַת,the mange (as making the hair fall off),,,Hebrew,Old Testament
H5598,סִפַּי,Cippay (sip-pah'-ee) n/p.,,,Hebrew,Old Testament
H5599,סָפִיַח,something (spontaneously) falling off,,,Hebrew,Old Testament
H5600,סְפִינָה,a (sea-going) vessel (as ceiled with a deck),,,Hebrew,Old Testament
H5601,סַפִּיר,a gem (perhaps used for scratching other substances),,,Hebrew,Old Testament
H5602,סֵפֶל,a basin (as deepened out),,,Hebrew,Old Testament
H5603,סָפַן,caphan (saw-fan') v.,,,Hebrew,Old Testament
H5604,סִפּוּן,a wainscot,,,Hebrew,Old Testament
H5605,סָפַף,caphaph (saw-faf') v.,,,Hebrew,Old Testament
H5606,סָפַק שָׂפַק,caphaq (saw-fak') (or saphaq (1 Kings 20) v.,,,Hebrew,Old Testament
H5607,סֵפֶק שֶׂפֶק,chastisement,,,Hebrew,Old Testament
H5608,סָפַר,(properly) to score with a mark as a tally or record,,,Hebrew,Old Testament
H5609,סְפַר,a book,,,Hebrew,Old Testament
H5610,סְפָר,a census,,,Hebrew,Old Testament
H5611,סְפָר,Cphar (sef-awr') n/l.,,,Hebrew,Old Testament
H5612,סֵפֶר סִפרָה,cepher (say'-fer) (or (feminine) ciphrah (Psa. 56) n-e.,సేఫెర్,గ్రంథం,Hebrew,Old Testament
H5613,סָפֵר,a scribe (secular or sacred),,,Hebrew,Old Testament
H5614,סְפָרָד,Cpharad (sef-aw-rawd') n/l.,,,Hebrew,Old Testament
H5615,סְפוֹרָה,a numeration,,,Hebrew,Old Testament
H5616,סְפַרוִי,Cpharviy (sef-ar-vee') adj.,,,Hebrew,Old Testament
H5617,סְפַרוַיִם סְפָרִים,Cpharvayim (sef-ar-vah'-yim) (or Sepharim) n/l.,,,Hebrew,Old Testament
H5618,סוֹפֶרֶת,Cophereth (so-feh'-reth) n/p.,,,Hebrew,Old Testament
H5619,סָקַל,caqal (saw-kal') v.,,,Hebrew,Old Testament
H5620,סַר,car (sar) adj.,,,Hebrew,Old Testament
H5621,סָרָב,a thistle,,,Hebrew,Old Testament
H5622,סַרבַּל,a cloak,,,Hebrew,Old Testament
H5623,סַרגּוֹן,Cargown (sar-gone') n/p.,,,Hebrew,Old Testament
H5624,סֶרֶד,Cered (seh'-red) n/p.,,,Hebrew,Old Testament
H5625,סַרדִּי,Cardiy (sar-dee') adj.,,,Hebrew,Old Testament
H5626,סִרָה,Cirah (see-raw') n/l.,,,Hebrew,Old Testament
H5627,סָרָה,apostasy,,,Hebrew,Old Testament
H5628,סָרַח,carach (saw-rakh') v.,,,Hebrew,Old Testament
H5629,סֶרַח,a redundancy,,,Hebrew,Old Testament
H5630,סִריוֹן,a coat of mail,,,Hebrew,Old Testament
H5631,סָרִיס סָרִס,a eunuch,,,Hebrew,Old Testament
H5632,סָרֵך,an emir,,,Hebrew,Old Testament
H5633,סֶרֶן,an axle,,,Hebrew,Old Testament
H5634,סַרעַפָּה,a twig,,,Hebrew,Old Testament
H5635,סָרַף,caraph (saw-raf') v.,,,Hebrew,Old Testament
H5636,סַרפָּד,a nettle (as stinging like a burn),,,Hebrew,Old Testament
H5637,סָרַר,carar (saw-rar') v.,,,Hebrew,Old Testament
H5638,סְתָו,winter (as the dark season),,,Hebrew,Old Testament
H5639,סְתוּר,Cthuwr (seth-oor') n/p.,,,Hebrew,Old Testament
H5640,סָתַם שָׂתַם,catham (saw-tham') (or satham (Numbers 24) v.,,,Hebrew,Old Testament
H5641,סָתַר,cathar (saw-thar') v.,,,Hebrew,Old Testament
H5642,סְתַר,cthar (seth-ar') v.,,,Hebrew,Old Testament
H5643,סֵתֶר סִתרָה,a cover (in a good or a bad,,,Hebrew,Old Testament
H5644,סִתרִי,Cithriy (sith-ree') n/p.,,,Hebrew,Old Testament
H5645,עָב,(properly) an envelope,,,Hebrew,Old Testament
H5646,עָב עוֹב,but used only as an architectural term,,,Hebrew,Old Testament
H5647,עָבַד,`abad (aw-bad') v.,,,Hebrew,Old Testament
H5648,עֲבַד,`abad (ab-bad') v.,,,Hebrew,Old Testament
H5649,עֲבַד,a servant,,,Hebrew,Old Testament
H5650,עֶבֶד,a servant,ఎబెద్,సేవకుడు,Hebrew,Old Testament
H5651,עֶבֶד,`Ebed (eh'-bed) n/p.,,,Hebrew,Old Testament
H5652,עֲבָד,a deed,,,Hebrew,Old Testament
H5653,עַבדָּא,`Abda' (ab-daw') n/p.,,,Hebrew,Old Testament
H5654,עוֹבֵד אֱדוֹם,`Obed 'Edowm (o-bade' ed-ome') n/p.,,,Hebrew,Old Testament
H5655,עַבדֶּאֵל,`Abd'el (ab-deh-ale') n/p.,,,Hebrew,Old Testament
H5656,עֲבוֹדָה עֲבוֹדָה,work of any kind,,,Hebrew,Old Testament
H5657,עֲבוּדָּה,something wrought,,,Hebrew,Old Testament
H5658,עַבדּוֹן,`Abdown (ab-dohn') n/l.,,,Hebrew,Old Testament
H5659,עַבדּוּת,servitude,,,Hebrew,Old Testament
H5660,עַבדִּי,`Abdiy (ab-dee') n/p.,,,Hebrew,Old Testament
H5661,עַבדִּיאֵל,`Abdiy'el (ab-dee-ale') n/p.,,,Hebrew,Old Testament
H5662,עוֹבַדיָה עוֹבַדיָהוּ,`Obadyah (o-bad-yaw') (or mObadyahuw o-bad-yaw'-hoo) n/p.,,,Hebrew,Old Testament
H5663,עֶבֶד מֶלֶך,`Ebed Melek (eh'-bed meh'-lek) n/p.,,,Hebrew,Old Testament
H5664,עֲבֵד נֶגוֹ,`Abed Ngow (ab-ade' neg-o') n/p.,,,Hebrew,Old Testament
H5665,עֲבֵד נֶגוֹא,`Abed Ngow' (ab-ade' neg-o') n/p.,,,Hebrew,Old Testament
H5666,עָבָה,`abah (aw-baw') v.,,,Hebrew,Old Testament
H5667,עֲבוֹט עֲבוֹט,a pawn,,,Hebrew,Old Testament
H5668,עָבוּר עָבוּר,`abuwr (aw-boor') (or rabur aw-boor') prep.,,,Hebrew,Old Testament
H5669,עָבוּר,passed,,,Hebrew,Old Testament
H5670,עָבַט,`abat (aw-bat') v.,,,Hebrew,Old Testament
H5671,עַבטִּיטּ,something pledged,,,Hebrew,Old Testament
H5672,עֲבִי עֳבִי,density,,,Hebrew,Old Testament
H5673,עֲבִידָּה,labor or business,,,Hebrew,Old Testament
H5674,עָבַר,`abar (aw-bar') v.,ఆబర్,దాటు,Hebrew,Old Testament
H5675,עֲבַר,beyond,,,Hebrew,Old Testament
H5676,עֵבֶר,(properly) a region across,,,Hebrew,Old Testament
H5677,עֵבֶר,`Eber (ay'-ber) n/p.,,,Hebrew,Old Testament
H5678,עֶברָה,an outburst of passion,,,Hebrew,Old Testament
H5679,עֲבָרָה,a crossing-place,,,Hebrew,Old Testament
H5680,עִברִי,`Ibriy (ib-ree') adj.,,,Hebrew,Old Testament
H5681,עִברִי,`Ibriy (ib-ree') n/p.,,,Hebrew,Old Testament
H5682,עֲבָרִים,`Abarim (ab-aw-reem') n/l.,,,Hebrew,Old Testament
H5683,עֶברוֹן,`Ebron (eb-rone') n/l.,,,Hebrew,Old Testament
H5684,עֶברוֹנָה,`Ebronah (eb-raw-naw') n/p.,,,Hebrew,Old Testament
H5685,עָבַשׁ,`abash (aw-bash') v.,,,Hebrew,Old Testament
H5686,עָבַת,`abath (aw-bath') v.,,,Hebrew,Old Testament
H5687,עָבוֹת עָבוֹת,`aboth (aw-both') (or rabowth aw-both') adj.,,,Hebrew,Old Testament
H5688,עֲבוֹת עֲבוֹת עֲבוֹתָה,`aboth (ab-oth') (or rabowth ab-oth' or (feminine) tabothah ab- oth-aw',,,Hebrew,Old Testament
H5689,עָגַב,`agab (aw-gab') v.,,,Hebrew,Old Testament
H5690,עֶגֶב,love (concretely),,,Hebrew,Old Testament
H5691,עֲגָבָה,love (abstractly),,,Hebrew,Old Testament
H5692,עוּגָּה,an ash-cake (as round),,,Hebrew,Old Testament
H5693,עָגוּר,swallow,,,Hebrew,Old Testament
H5694,עָגִיל,something round,,,Hebrew,Old Testament
H5695,עֵגֶל,a (male) calf (as frisking round),,,Hebrew,Old Testament
H5696,עָגוֹל עָגוֹל,`agol (aw-gole') (or magowl aw-gole') adj.,,,Hebrew,Old Testament
H5697,עֶגלָה,a (female) calf,,,Hebrew,Old Testament
H5698,עֶגלָה,`Eglah (eg-law') n/p.,,,Hebrew,Old Testament
H5699,עֲגָלָה,something revolving,,,Hebrew,Old Testament
H5700,עֶגלוֹן,`Eglown (eg-lawn') n/l.,,,Hebrew,Old Testament
H5701,עָגַם,`agam (aw-gam') v.,,,Hebrew,Old Testament
H5702,עָגַן,`agan (aw-gan') v.,,,Hebrew,Old Testament
H5703,עַד,(properly) a (peremptory) terminus,అద్,శాశ్వతం,Hebrew,Old Testament
H5704,עַד,`ad (ad) prep.,,,Hebrew,Old Testament
H5705,עַד,`ad (ad) prep.,,,Hebrew,Old Testament
H5706,עַד,booty,,,Hebrew,Old Testament
H5707,עֵד,concretely,,,Hebrew,Old Testament
H5708,עֵד,the menstrual flux (as periodical),,,Hebrew,Old Testament
H5709,עֲדָא עֲדָה,`ada' (ad-aw') ((Aramaic) or adah (Aramaic) ad-aw') v.,,,Hebrew,Old Testament
H5710,עָדָה,`adah (aw-daw') v.,,,Hebrew,Old Testament
H5711,עָדָה,`Adah (aw-daw') n/p.,,,Hebrew,Old Testament
H5712,עֵדָה,a stated assemblage,,,Hebrew,Old Testament
H5713,עֵדָה,testimony,,,Hebrew,Old Testament
H5714,עִדּוֹ עִדּוֹא עִדִּיא,`Iddow (id-do') (or iIddowo id-do' or tIddiy id-dee',,,Hebrew,Old Testament
H5715,עֵדוּת,testimony,,,Hebrew,Old Testament
H5716,עֲדִי,finery,,,Hebrew,Old Testament
H5717,עֲדִיאֵל,`Adiy'el (ad-ee-ale') n/p.,,,Hebrew,Old Testament
H5718,עֲדָיָה עֲדָיָהוּ,`Adayah (ad-aw-yaw') (or mAdayahuw ad-aw-yaw'-hoo) n/p.,,,Hebrew,Old Testament
H5719,עָדִין,`adiyn (aw-deen') adj.,,,Hebrew,Old Testament
H5720,עָדִין,`Adiyn (aw-deen') n/p.,,,Hebrew,Old Testament
H5721,עֲדִינָא,`Adiyna' (ad-ee-naw') n/p.,,,Hebrew,Old Testament
H5722,עֲדִינוֹ,`adiynow (ad-ee-no') n/p.,,,Hebrew,Old Testament
H5723,עֲדִיתַּיִם,`Adiythayim (ad-ee-thah'-yim) n/l.,,,Hebrew,Old Testament
H5724,עַדלַי,`Adlay (ad-lah'-ee) n/p.,,,Hebrew,Old Testament
H5725,עֲדוּלָּם,`Adullam (ad-ool-lawm') n/l.,,,Hebrew,Old Testament
H5726,עֲדוּלָּמִי,`Adullamiy (ad-ool-law-mee') adj.,,,Hebrew,Old Testament
H5727,עָדַן,`adan (aw-dan') v.,,,Hebrew,Old Testament
H5728,עֲדֶן עֲדֶנָּה,`aden (ad-en') (or radennah ad-en'-naw) adv.,,,Hebrew,Old Testament
H5729,עֶדֶן,`Eden (eh'-den) n/l.,,,Hebrew,Old Testament
H5730,עֵדֶן עֶדנָה,`eden (ay'-den) (or (feminine) aednah ed-naw') n-e.,,,Hebrew,Old Testament
H5731,עֵדֶן,`Eden (ay'-den) n/p.,,,Hebrew,Old Testament
H5732,עִדָּן,a set time,,,Hebrew,Old Testament
H5733,עַדנָא,`Adna' (ad-naw') n/p.,,,Hebrew,Old Testament
H5734,עַדנָה,`Adnah (ad-naw') n/p.,,,Hebrew,Old Testament
H5735,עֲדעָדָה,`Ad`adah (ad-aw-daw') n/l.,,,Hebrew,Old Testament
H5736,עָדַף,`adaph (aw-daf') v.,,,Hebrew,Old Testament
H5737,עָדַר,`adar (aw-dar') v.,,,Hebrew,Old Testament
H5738,עֶדֶר,`Eder (eh'-der) n/p.,,,Hebrew,Old Testament
H5739,עֵדֶר,an arrangement,,,Hebrew,Old Testament
H5740,עֵדֶר,`Eder (ay'-der) n/l.,,,Hebrew,Old Testament
H5741,עַדרִיאֵל,`Adriy'el (ad-ree-ale') n/p.,,,Hebrew,Old Testament
H5742,עָדָשׁ,a lentil,,,Hebrew,Old Testament
H5743,עוּב,`uwb (oob) v.,,,Hebrew,Old Testament
H5744,עוֹבֵד,`Owbed (o-bade') n/p.,,,Hebrew,Old Testament
H5745,עוֹבָל,`Owbal (o-bawl') n/p.,,,Hebrew,Old Testament
H5746,עוּג,`uwg (oog) v.,,,Hebrew,Old Testament
H5747,עוֹג,`Owg (ogue) n/p.,,,Hebrew,Old Testament
H5748,עוּגָב עוּגָּב,a reed-instrument of music,,,Hebrew,Old Testament
H5749,עוּד,`uwd (ood) v.,,,Hebrew,Old Testament
H5750,עוֹד עוֹד,`owd (ode) (or rod ode) adv.,ఓద్,ఇంకా,Hebrew,Old Testament
H5751,עוֹד,`owd (ode) adv.,,,Hebrew,Old Testament
H5752,עוֹדֵד עוֹדֵד,`Owded (o-dade') (or mOded o-dade') n/p.,,,Hebrew,Old Testament
H5753,עָוָה,`avah (aw-vaw') v.,,,Hebrew,Old Testament
H5754,עַוָּה,overthrow,,,Hebrew,Old Testament
H5755,עִוָּה עַוָּא,`Ivvah (iv-vaw') (or eAvvae (2 Kings 17) n/l.,,,Hebrew,Old Testament
H5756,עוּז,`uwz (ooz) v.,,,Hebrew,Old Testament
H5757,עַוִּי,`Avviy (av-vee') adj.,,,Hebrew,Old Testament
H5758,עִויָא,perverseness,,,Hebrew,Old Testament
H5759,עֲוִיל,a babe,,,Hebrew,Old Testament
H5760,עֲוִיל,perverse (morally),,,Hebrew,Old Testament
H5761,עַוִּים,`Avviym (av-veem') n/p.,,,Hebrew,Old Testament
H5762,עֲוִיתּ עַיּוֹת עַיוּת,`Aviyth (av-veeth') (or (perhaps Ayowth ah-yoth',,,Hebrew,Old Testament
H5763,עוּל,`uwl (ool) v.,,,Hebrew,Old Testament
H5764,עוּל,a babe,,,Hebrew,Old Testament
H5765,עָוַל,`aval (aw-val') v.,,,Hebrew,Old Testament
H5766,עֶוֶל עָוֶל עַולָה עוֹלָה עוֹלָה,`evel (eh'-vel) (or lavel aw'-veland (feminine) lavlah av-law',,,Hebrew,Old Testament
H5767,עַוָּל,evil (morally),,,Hebrew,Old Testament
H5768,עוֹלֵל עוֹלָל,a suckling,,,Hebrew,Old Testament
H5769,עוֹלָם עוֹלָם,(properly) concealed,ఓలామ్,శాశ్వతం,Hebrew,Old Testament
H5770,עָוַן,`avan (aw-van') v.,,,Hebrew,Old Testament
H5771,עָווֹן עָווֹן,perversity,ఆవోన్,దోషం,Hebrew,Old Testament
H5772,עוֹנָה,sexual (cohabitation),,,Hebrew,Old Testament
H5773,עַועֶה,perversity,,,Hebrew,Old Testament
H5774,עוּף,עוף,,,Hebrew,Old Testament
H5775,עוֹף,a bird (as covered with feathers,,,Hebrew,Old Testament
H5776,עוֹף,fowl,,,Hebrew,Old Testament
H5777,עוֹפֶרֶת עוֹפֶרֶת,lead (from its dusty color),,,Hebrew,Old Testament
H5778,עוֹפַי,`Owphay (o-fah'-ee) n/p.,,,Hebrew,Old Testament
H5779,עוּץ,`uwts (oots) v.,,,Hebrew,Old Testament
H5780,עוּץ,`Uwts (oots) n/l.,,,Hebrew,Old Testament
H5781,עוּק,`uwq (ook) v.,,,Hebrew,Old Testament
H5782,עוּר,`uwr (oor) v.,,,Hebrew,Old Testament
H5783,עוּר,`uwr (oor) v.,,,Hebrew,Old Testament
H5784,עוּר,chaff,,,Hebrew,Old Testament
H5785,עוֹר,skin (as naked),,,Hebrew,Old Testament
H5786,עָוַר,`avar (aw-var') v.,,,Hebrew,Old Testament
H5787,עִוֵּר,`ivver (iv-vare') adj.,,,Hebrew,Old Testament
H5788,עִוָּרוֹן עַוֶּרֶת,blindness,,,Hebrew,Old Testament
H5789,עוּשׁ,`uwsh (oosh) v.,,,Hebrew,Old Testament
H5790,עוּת,`uwth (ooth) v.,,,Hebrew,Old Testament
H5791,עָוַת,`avath (aw-vath') v.,,,Hebrew,Old Testament
H5792,עַוָּתָה,oppression,,,Hebrew,Old Testament
H5793,עוּתַי,`Uwthay (oo-thah'-ee) n/p.,,,Hebrew,Old Testament
H5794,עַז,`az (az) adj.,,,Hebrew,Old Testament
H5795,עֵז,a she-goat (as strong),,,Hebrew,Old Testament
H5796,עֵז,goat,,,Hebrew,Old Testament
H5797,עוֹז עוֹז,strength in various applications (force,,,Hebrew,Old Testament
H5798,עוּזָּא עוּזָּה,`Uzza' (ooz-zaw') (or (Uzzah ooz-zaw') n/l.,,,Hebrew,Old Testament
H5799,עֲזָאזֵל,goat of departure,,,Hebrew,Old Testament
H5800,עָזַב,`azab (aw-zab') v.,ఆజబ్,విడిచిపెట్టు,Hebrew,Old Testament
H5801,עִזָּבוֹן,trade,,,Hebrew,Old Testament
H5802,עַזבּוּק,`Azbuwq (az-book') n/p.,,,Hebrew,Old Testament
H5803,עַזגָּד,`Azgad (az-gawd') n/p.,,,Hebrew,Old Testament
H5804,עַזָּה,strong,,,Hebrew,Old Testament
H5805,עֲזוּבָה,desertion (of inhabitants),,,Hebrew,Old Testament
H5806,עֲזוּבָה,`Azuwbah (az-oo-baw') n/p.,,,Hebrew,Old Testament
H5807,עֱזוּז,forcibleness,,,Hebrew,Old Testament
H5808,עִזּוּז,`izzuwz (iz-zooz') adj.,,,Hebrew,Old Testament
H5809,עַזּוּר עַזּוּר,`Azzuwr (az-zoor') (or mAzzur az-zoor') n/p.,,,Hebrew,Old Testament
H5810,עָזַז,`azaz (aw-zaz') v.,,,Hebrew,Old Testament
H5811,עָזָז,`Azaz (aw-zawz') n/p.,,,Hebrew,Old Testament
H5812,עֲזַזיָהוּ,`Azazyahuw (az-az-yaw'-hoo) n/p.,,,Hebrew,Old Testament
H5813,עוּזִּי,`Uzziy (ooz-zee') n/p.,,,Hebrew,Old Testament
H5814,עוּזִּיָא,`Uzziya' (ooz-zee-yaw') n/p.,,,Hebrew,Old Testament
H5815,עֲזִיאֵל,`Aziy'el (az-ee-ale') n/p.,,,Hebrew,Old Testament
H5816,עוּזִּיאֵל,`Uzziy'el (ooz-zee-ale') n/p.,,,Hebrew,Old Testament
H5817,עָזִּיאֵלִי,`Ozziy'eliy (oz-zee-ay-lee') adj.,,,Hebrew,Old Testament
H5818,עוּזִּיָה עוּזִּיָהוּ,`Uzziyah (ooz-zee-yaw') (or Uzziyahuw ooz-zee-yaw'-hoo) n/p.,,,Hebrew,Old Testament
H5819,עֲזִיזָא,`Aziyza' (az-ee-zaw') n/p.,,,Hebrew,Old Testament
H5820,עַזמָוֶת,`Azmaveth (az-maw'-veth) n/l.,,,Hebrew,Old Testament
H5821,עַזָּן,`Azzan (az-zawn') n/p.,,,Hebrew,Old Testament
H5822,עָזנִיָה,probably the sea-eagle (from its strength),,,Hebrew,Old Testament
H5823,עָזַק,`azaq (aw-zak') v.,,,Hebrew,Old Testament
H5824,עִזקָא,a signet-ring (as engraved),,,Hebrew,Old Testament
H5825,עֲזֵקָה,`Azeqah (az-ay-kaw') n/l.,,,Hebrew,Old Testament
H5826,עָזַר,`azar (aw-zar') v.,,,Hebrew,Old Testament
H5827,עֶזֶר,`Ezer (eh'-zer) n/p.,,,Hebrew,Old Testament
H5828,עֵזֶר,aid,,,Hebrew,Old Testament
H5829,עֵזֶר,`Ezer (ay'-zer) n/p.,,,Hebrew,Old Testament
H5830,עֶזרָא,`Ezra' (ez-raw') n/p.,,,Hebrew,Old Testament
H5831,עֶזרָא,`Ezra' (ez-raw') n/p.,,,Hebrew,Old Testament
H5832,עֲזַראֵל,`Azar'el (az-ar-ale') n/p.,,,Hebrew,Old Testament
H5833,עֶזרָה עֶזרָת,aid,,,Hebrew,Old Testament
H5834,עֶזרָה,`Ezrah (ez-raw') n/p.,,,Hebrew,Old Testament
H5835,עֲזָרָה,an inclosure,,,Hebrew,Old Testament
H5836,עֶזרִי,`Ezriy (ez-ree') n/p.,,,Hebrew,Old Testament
H5837,עַזרִיאֵל,`Azriy'el (az-ree-ale') n/p.,,,Hebrew,Old Testament
H5838,עֲזַריָה עֲזַריָהוּ,`Azaryah (az-ar-yaw') (or mAzaryahuw az-ar-yaw'-hoo) n/p.,,,Hebrew,Old Testament
H5839,עֲזַריָה,`Azaryah (az-ar-yaw') n/p.,,,Hebrew,Old Testament
H5840,עַזרִיקָם,`Azriyqam (az-ree-kawm') n/p.,,,Hebrew,Old Testament
H5841,עַזָּתִי,`Azzathiy (az-zaw-thee') adj.,,,Hebrew,Old Testament
H5842,עֵט,a stylus or marking stick,,,Hebrew,Old Testament
H5843,עֵטָא,prudence,,,Hebrew,Old Testament
H5844,עָטָה,`atah (aw-taw') v.,ఆతా,కప్పు,Hebrew,Old Testament
H5845,עֲטִין,a receptacle (for milk,,,Hebrew,Old Testament
H5846,עֲטִישָׁה,sneezing,,,Hebrew,Old Testament
H5847,עֲטַלֵּף,a bat,,,Hebrew,Old Testament
H5848,עָטַף,`ataph (aw-taf') v.,,,Hebrew,Old Testament
H5849,עָטַר,`atar (aw-tar') v.,,,Hebrew,Old Testament
H5850,עֲטָרָה,a crown,,,Hebrew,Old Testament
H5851,עֲטָרָה,`Atarah (at-aw-raw') n/p.,,,Hebrew,Old Testament
H5852,עֲטָרוֹת עֲטָרוֹת,`Atarowth (at-aw-roth') (or Ataroth at-aw-roth') n/l.,,,Hebrew,Old Testament
H5853,עַטרוֹת אַדָּר,`Atrowth 'Addar (at-roth' ad-dawr') n/l.,,,Hebrew,Old Testament
H5854,עַטרוֹת בֵּיתּ יוֹאָב,`Atrowth beyth Yow'ab (at-roth' bayth yo-awb') n/l.,,,Hebrew,Old Testament
H5855,עַטרוֹת שׁוֹפָן,`Atrowth Showphan (at-roth' sho-fawn') n/l.,,,Hebrew,Old Testament
H5856,עִי,a ruin (as if overturned),,,Hebrew,Old Testament
H5857,עַי עַיָא עַיָת,`Ay (ah'ee) (or (feminine) uAya( (Neh. 11) n/l.,,,Hebrew,Old Testament
H5858,עֵיבָּל,`Eybal (ay-bawl') n/l.,,,Hebrew,Old Testament
H5859,עִיוֹן,`Iyown (ee-yone') n/l.,,,Hebrew,Old Testament
H5860,עִיטּ,`iyt (eet) v.,,,Hebrew,Old Testament
H5861,עַיִט,a hawk or other bird of prey,,,Hebrew,Old Testament
H5862,עֵיטָּם,`Eytam (ay-tawm') n/l.,,,Hebrew,Old Testament
H5863,עִיֵי הָעֲבָרִים,`Iyey ha-`Abariym (ee-yay' haw-ab-aw-reem') n/l.,,,Hebrew,Old Testament
H5864,עִיִים,`Iyiym (ee-yeem') n/l.,,,Hebrew,Old Testament
H5865,עֵילוֹם,ever,,,Hebrew,Old Testament
H5866,עִילַי,`Iylay (ee-lah'-ee) n/p.,,,Hebrew,Old Testament
H5867,עֵילָם עוֹלָם,`Eylam (ay-lawm') (or mOwlam (Ezra 10) n/l.,,,Hebrew,Old Testament
H5868,עֲיָם,probably meaning strength,,,Hebrew,Old Testament
H5869,עַיִן,`ayin (ah'-yin) n-e.,ఆయిన్,కన్ను,Hebrew,Old Testament
H5870,עַיִן,an eye,,,Hebrew,Old Testament
H5871,עַיִן,`Ayin (ah'-yin) n/l.,,,Hebrew,Old Testament
H5872,עֵין גֶּדִי,`Eyn Gediy (ane geh'-dee) n/l.,,,Hebrew,Old Testament
H5873,עֵין גַּנִּים,`Eyn Ganniym (ane gan-neem') n/l.,,,Hebrew,Old Testament
H5874,עֵין ־ דּאוֹר עֵין דּוֹר עֵין ־ דּוֹר,`Eyn-Do'r,,,Hebrew,Old Testament
H5875,עֵין הַקּוֹרֵא,`Eyn haq-Qowre' (ane-hak-ko-ray') n/l.,,,Hebrew,Old Testament
H5876,עֵין חַדָּה,`Eyn Chaddah (ane khad-daw') n/l.,,,Hebrew,Old Testament
H5877,עֵין חָצוֹר,`Eyn Chatsowr (ane khaw-tsore') n/l.,,,Hebrew,Old Testament
H5878,עֵין חֲרוֹד,`Eyn Charod (ane khar-ode') n/l.,,,Hebrew,Old Testament
H5879,עֵינַיִם עֵינָם,`Eynayim (ay-nah'-yim) (or mEynam ay-nawm') n/l.,,,Hebrew,Old Testament
H5880,עֵין מִשׁפָּט,`Eyn Mishpat (ane mish-pawt') n/l.,,,Hebrew,Old Testament
H5881,עֵינָן,`Eynan (ay-nawn') n/p.,,,Hebrew,Old Testament
H5882,עֵין עֶגלַיִם,`Eyn `Eglayim (ane eg-lah'-yim) n/l.,,,Hebrew,Old Testament
H5883,עֵין רוֹגֵל,`Eyn Rogel (ane ro-gale') n/l.,,,Hebrew,Old Testament
H5884,עֵין רִמּוֹן,`Eyn Rimmown (ane rim-mone') n/l.,,,Hebrew,Old Testament
H5885,עֵין שֶׁמֶשׁ,`Eyn Shemesh (ane sheh'-mesh) n/l.,,,Hebrew,Old Testament
H5886,עֵין תַּנִּים,`Eyn Tanniym (ane tan-neem') n/l.,,,Hebrew,Old Testament
H5887,עֵין תַּפּוַּח,`Eyn Tappuwach (ane tap-poo'-akh) n/l.,,,Hebrew,Old Testament
H5888,עָיֵף,`ayeph (aw-yafe') v.,,,Hebrew,Old Testament
H5889,עָיֵף,`ayeph (aw-yafe') adj.,,,Hebrew,Old Testament
H5890,עֵיפָה,obscurity (as if from covering),,,Hebrew,Old Testament
H5891,עֵיפָה,`Eyphah (ay-faw') n/p.,,,Hebrew,Old Testament
H5892,עִיר עָר עָיַר,a city (a place guarded by waking or a watch) in the widest sense (even of a mere encampment or post...,,,Hebrew,Old Testament
H5893,עִיר,`Iyr (eer) n/p.,,,Hebrew,Old Testament
H5894,עִיר,a watcher,,,Hebrew,Old Testament
H5895,עַיִר,(properly) a young donkey (as just broken to a load),,,Hebrew,Old Testament
H5896,עִירָא,`Iyra' (ee-raw') n/p.,,,Hebrew,Old Testament
H5897,עִירָד,`Iyrad (ee-rawd') n/p.,,,Hebrew,Old Testament
H5898,עִיר הַמֶּלַח,`Iyr ham-Melach (eer ham-meh'-lakh) n/l.,,,Hebrew,Old Testament
H5899,עִיר הַתּתְּמָרִים,`Iyr hat-Tmariym (eer hat-tem-aw-reem') n/l.,,,Hebrew,Old Testament
H5900,עִירוּ,`Iyruw (ee-roo') n/p.,,,Hebrew,Old Testament
H5901,עִירִי,`Iyriy (ee-ree') n/p.,,,Hebrew,Old Testament
H5902,עִירָם,Iyram (ee-rawm') n/p.,,,Hebrew,Old Testament
H5903,עֵירוֹם עֵרוֹם,`eyrom (ay-rome') (or merom ay-rome') adj.,,,Hebrew,Old Testament
H5904,עִיר נָחָשׁ,`Iyr Nachash (eer naw-khawsh') n/p.,,,Hebrew,Old Testament
H5905,עִיר שֶׁמֶשׁ,`Iyr Shemesh (eer sheh'-mesh) n/l.,,,Hebrew,Old Testament
H5906,עַיִשׁ עָשׁ,the constellation of the Great Bear (perhaps from its migration through the heavens),,,Hebrew,Old Testament
H5907,עַכבּוֹר,`Akbowr (ak-bore') n/p.,,,Hebrew,Old Testament
H5908,עַכָּבִישׁ,a spider (as weaving a network),,,Hebrew,Old Testament
H5909,עַכבָּר,a mouse (as nibbling),,,Hebrew,Old Testament
H5910,עַכּוֹ,`Akkow (ak-ko') n/l.,,,Hebrew,Old Testament
H5911,עָכוֹר,troubled,,,Hebrew,Old Testament
H5912,עָכָן,`Akan (aw-kawn') n/p.,,,Hebrew,Old Testament
H5913,עָכַס,`akac (aw-kas') v.,,,Hebrew,Old Testament
H5914,עֶכֶס,a fetter,,,Hebrew,Old Testament
H5915,עַכסָה,`Akcah (ak-saw') n/p.,,,Hebrew,Old Testament
H5916,עָכַר,`akar (aw-kar') v.,,,Hebrew,Old Testament
H5917,עָכָר,`Akar (aw-kawr') n/p.,,,Hebrew,Old Testament
H5918,עָכרָן,`Okran (ok-rawn') n/p.,,,Hebrew,Old Testament
H5919,עַכשׁוּב,an asp (from lurking coiled up),,,Hebrew,Old Testament
H5920,עַל,`al (al) adv.,,,Hebrew,Old Testament
H5921,עַל,`al (al) prep.,అల్,మీద,Hebrew,Old Testament
H5922,עַל,`al (al) prep.,,,Hebrew,Old Testament
H5923,עוֹל עוֹל,a yoke (as imposed on the neck),,,Hebrew,Old Testament
H5924,עֵלָּא,`ella' (ale-law') adv.,,,Hebrew,Old Testament
H5925,עוּלָּא,`Ulla' (ool-law') n/p.,,,Hebrew,Old Testament
H5926,עִלֵּג,`illeg (il-layg') adj.,,,Hebrew,Old Testament
H5927,עָלָה,`alah (aw-law') v.,ఆలా,ఎక్కు,Hebrew,Old Testament
H5928,עֲלָה,a holocaust,,,Hebrew,Old Testament
H5929,עָלֶה,a leaf (as coming up on a tree),,,Hebrew,Old Testament
H5930,עוֹלָה עוֹלָה,a step or (collectively,ఓలా,దహనబలి,Hebrew,Old Testament
H5931,עִלָּה,a pretext (as arising artificially),,,Hebrew,Old Testament
H5932,עַלוָה,moral perverseness,,,Hebrew,Old Testament
H5933,עַלוָה עַליָה,`Alvah (al-vaw') (or Alyah al-yaw') n/p.,,,Hebrew,Old Testament
H5934,עָלוּם,(only in plural as abstract) adolescence,,,Hebrew,Old Testament
H5935,עַלוָן עַליָן,`Alvan (al-vawn') (or sAlyan al-yawn') n/p.,,,Hebrew,Old Testament
H5936,עֲלוּקָה,the leech,,,Hebrew,Old Testament
H5937,עָלַז,`alaz (aw-laz') v.,,,Hebrew,Old Testament
H5938,עָלֵז,`alez (aw-laze') adj.,,,Hebrew,Old Testament
H5939,עֲלָטָה,dusk,,,Hebrew,Old Testament
H5940,עֱלִי,a pestle (as lifted),,,Hebrew,Old Testament
H5941,עֵלִי,`Eliy (ay-lee') n/p.,,,Hebrew,Old Testament
H5942,עִלִּי,`illiy (il-lee') adj.,,,Hebrew,Old Testament
H5943,עִלַּי,`illay (il-lah'-ee) adj.,,,Hebrew,Old Testament
H5944,עֲלִיָה,something lofty,,,Hebrew,Old Testament
H5945,עֶליוֹן,elyown (el-yone') adj.,ఎల్యోన్,సర్వోన్నతుడు,Hebrew,Old Testament
H5946,עֶליוֹן,`elyown (el-yone') adj.,,,Hebrew,Old Testament
H5947,עַלִּיז,`alliyz (al-leez') adj.,,,Hebrew,Old Testament
H5948,עֲלִיל,probably a crucible (as working over the metal),,,Hebrew,Old Testament
H5949,עֲלִילָה עֲלִלָה,an exploit (of God),,,Hebrew,Old Testament
H5950,עֲלִילִיָה,(miraculous) execution,,,Hebrew,Old Testament
H5951,עֲלִיצּוּת,exultation,,,Hebrew,Old Testament
H5952,עַלִּיתּ,a second-story room,,,Hebrew,Old Testament
H5953,עָלַל,`alal (aw-lal') v.,,,Hebrew,Old Testament
H5954,עֲלַל,`alal (al-al') v.,,,Hebrew,Old Testament
H5955,עוֹלֵלָה,only in plural gleanings,,,Hebrew,Old Testament
H5956,עָלַם,`alam (aw-lam') v.,,,Hebrew,Old Testament
H5957,עָלַם,remote time,,,Hebrew,Old Testament
H5958,עֶלֶם,(properly) something kept out of sight,,,Hebrew,Old Testament
H5959,עַלמָה,a lass (as veiled or private),,,Hebrew,Old Testament
H5960,עַלמוֹן,`Almown (al-mone') n/l.,,,Hebrew,Old Testament
H5961,עֲלָמוֹת,(properly) girls,,,Hebrew,Old Testament
H5962,עַלמִי,`Almiy (al-mee') n/g.,,,Hebrew,Old Testament
H5963,עַלמוֹן דִּבלָתָימָה,`Almon Diblathaymah (al-mone' dib-law-thaw'-yem-aw) n/l.,,,Hebrew,Old Testament
H5964,עָלֶמֶת,`Alemeth (aw-leh'-meth) n/p.,,,Hebrew,Old Testament
H5965,עָלַס,`alac (aw-las') v.,,,Hebrew,Old Testament
H5966,עָלַע,`ala` (aw-lah') v.,,,Hebrew,Old Testament
H5967,עֲלַע,a rib,,,Hebrew,Old Testament
H5968,עָלַף,`alaph (aw-laf') v.,,,Hebrew,Old Testament
H5969,עוּלפֶּה,`ulpeh (ool-peh') subv.,,,Hebrew,Old Testament
H5970,עָלַץ,`alats (aw-lats') v.,,,Hebrew,Old Testament
H5971,עַם,a people (as a congregated unit),ఆమ్,ప్రజలు,Hebrew,Old Testament
H5972,עַם,people,,,Hebrew,Old Testament
H5973,עִם,`im (eem) prep.,ఇమ్,తో,Hebrew,Old Testament
H5974,עִם,`im (eem) prep.,,,Hebrew,Old Testament
H5975,עָמַד,`amad (aw-mad') v.,ఆమద్,నిలబడు,Hebrew,Old Testament
H5976,עָמַד,`amad (aw-mad') v.,,,Hebrew,Old Testament
H5977,עוֹמֶד,a spot (as being fixed),,,Hebrew,Old Testament
H5978,עִמָּד,`immad (im-mawd') prep.,,,Hebrew,Old Testament
H5979,עֶמדָּה,a station,,,Hebrew,Old Testament
H5980,עוּמָּה,conjunction,,,Hebrew,Old Testament
H5981,עוּמָּה,`Ummah (oom-maw') n/l.,,,Hebrew,Old Testament
H5982,עַמּוּד עַמּוּד,a column (as standing),,,Hebrew,Old Testament
H5983,עַמּוֹן,`Ammown (am-mone') n/p.,,,Hebrew,Old Testament
H5984,עַמּוֹנִי,`Ammowniy (am-mo-nee') adj.,,,Hebrew,Old Testament
H5985,עַמּוֹנִיתּ,Ammowniyth (am-mo-neeth') adj.,,,Hebrew,Old Testament
H5986,עָמוֹס,`Amowc (aw-moce') n/p.,,,Hebrew,Old Testament
H5987,עָמוֹק,`Amowq (aw-moke') n/p.,,,Hebrew,Old Testament
H5988,עַמִּיאֵל,`Ammiy'el (am-mee-ale') n/p.,,,Hebrew,Old Testament
H5989,עַמִּיהוּד,`Ammiyhuwd (am-mee-hood') n/p.,,,Hebrew,Old Testament
H5990,עַמִּיזָבָד,`Ammiyzabad (am-mee-zaw-bawd') n/p.,,,Hebrew,Old Testament
H5991,עַמִּיחוּר,`Ammiychuwr (am-mee-khoor') n/p.,,,Hebrew,Old Testament
H5992,עַמִּינָדָב,`Ammiynadab (am-mee-naw-dawb') n/p.,,,Hebrew,Old Testament
H5993,עַמִּי נָדִיבּ,`Ammiy Nadiyb (am-mee' naw-deeb') n/p.,,,Hebrew,Old Testament
H5994,עֲמִיק,`amiyq (am-eek') adj.,,,Hebrew,Old Testament
H5995,עָמִיר,a bunch of grain,,,Hebrew,Old Testament
H5996,עַמִּישַׁדַּי,`Ammiyshadday (am-mee-shad-dah'ee) n/p.,,,Hebrew,Old Testament
H5997,עָמִיתּ,companionship,,,Hebrew,Old Testament
H5998,עָמַל,`amal (aw-mal') v.,,,Hebrew,Old Testament
H5999,עָמָל,`amal (aw-mawl') n-e.,,,Hebrew,Old Testament
H6000,עָמָל,`Amal (aw-mawl') n/p.,,,Hebrew,Old Testament
H6001,עָמֵל,`amel (aw-male') adj.,,,Hebrew,Old Testament
H6002,עֲמָלֵק,`Amaleq (am-aw-lake') n/p.,,,Hebrew,Old Testament
H6003,עֲמָלֵקִי,`Amaleqiy (am-aw-lay-kee') adj.,,,Hebrew,Old Testament
H6004,עָמַם,`amam (aw-mam') v.,,,Hebrew,Old Testament
H6005,עִמָּנוּאֵל,`Immanuw'el (im-maw-noo-ale') n/p.,,,Hebrew,Old Testament
H6006,עָמַס עָמַשׂ,`amac (aw-mas') (or mamas aw-mas') v.,,,Hebrew,Old Testament
H6007,עֲמַסיָה,`Amacyah (am-as-yaw') n/p.,,,Hebrew,Old Testament
H6008,עַמעָד,`Am`ad (am-awd') n/l.,,,Hebrew,Old Testament
H6009,עָמַק,`amaq (aw-mak') v.,,,Hebrew,Old Testament
H6010,עֵמֶק,a vale (i.e. broad depression),,,Hebrew,Old Testament
H6011,עוֹמֶק,depth,,,Hebrew,Old Testament
H6012,עָמֵק,`ameq (aw-make') adj.,,,Hebrew,Old Testament
H6013,עָמוֹק,`amoq (aw-moke') adj.,,,Hebrew,Old Testament
H6014,עָמַר,`amar (aw-mar') v.,,,Hebrew,Old Testament
H6015,עֲמַר,wool,,,Hebrew,Old Testament
H6016,עוֹמֶר,(properly) a heap,,,Hebrew,Old Testament
H6017,עֲמוֹרָה,`Amorah (am-o-raw') n/l.,,,Hebrew,Old Testament
H6018,עָמרִי,`Omriy (om-ree') n/p.,,,Hebrew,Old Testament
H6019,עַמרָם,`Amram (am-rawm') n/p.,,,Hebrew,Old Testament
H6020,עַמרָמִי,`Amramiy (am-raw-mee') adj.,,,Hebrew,Old Testament
H6021,עֲמָשָׂא,`Amasa' (am-aw-saw') n/p.,,,Hebrew,Old Testament
H6022,עֲמָשַׂי,`Amasay (am-aw-sah'-ee) n/p.,,,Hebrew,Old Testament
H6023,עֲמַשׁסַי,`Amashcay (am-ash-sah'-ee) n/p.,,,Hebrew,Old Testament
H6024,עֲנָב,`Anab (an-awb') n/l.,,,Hebrew,Old Testament
H6025,עֵנָב,a grape,,,Hebrew,Old Testament
H6026,עָנַג,`anag (aw-nag') v.,,,Hebrew,Old Testament
H6027,עוֹנֶג,luxury,,,Hebrew,Old Testament
H6028,עָנוֹג,`anog (aw-nogue') adj.,,,Hebrew,Old Testament
H6029,עָנַד,`anad (aw-nad') v.,,,Hebrew,Old Testament
H6030,עָנָה,`anah (aw-naw') v.,ఆనా,జవాబిచ్చు,Hebrew,Old Testament
H6031,עָנָה,`anah (aw-naw') v.,,,Hebrew,Old Testament
H6032,עֲנָה,`anah (an-aw') v.,,,Hebrew,Old Testament
H6033,עֲנָה,`anah (an-aw') adj.,,,Hebrew,Old Testament
H6034,עֲנָה,`Anah (an-aw') n/p.,,,Hebrew,Old Testament
H6035,עָנָו עָנָיו,depressed (figuratively),,,Hebrew,Old Testament
H6036,עָנוּב,`Anuwb (aw-noob') n/p.,,,Hebrew,Old Testament
H6037,עַנוָה,mildness (royal),,,Hebrew,Old Testament
H6038,עֲנָוָה,condescension,,,Hebrew,Old Testament
H6039,עֱנוּת,affliction,,,Hebrew,Old Testament
H6040,עֳנִי,depression,,,Hebrew,Old Testament
H6041,עָנִי,`aniy (aw-nee') adj.,,,Hebrew,Old Testament
H6042,עוּנִּי,`Unniy (oon-nee') n/p.,,,Hebrew,Old Testament
H6043,עֲנָיָה,`Anayah (an-aw-yaw') n/p.,,,Hebrew,Old Testament
H6044,עָנִים,`Aniym (aw-neem') n/l.,,,Hebrew,Old Testament
H6045,עִניָן,bustle,,,Hebrew,Old Testament
H6046,עָנֵם,`Anem (aw-name') n/l.,,,Hebrew,Old Testament
H6047,עֲנָמִים,`Anamim (an-aw-meem') n/p.,,,Hebrew,Old Testament
H6048,עֲנַמֶּלֶך,`Anammelek (an-am-meh'-lek) n/t.,,,Hebrew,Old Testament
H6049,עָנַן,`anan (aw-nan') v.,,,Hebrew,Old Testament
H6050,עֲנַן,cloud,,,Hebrew,Old Testament
H6051,עָנָן,a cloud (as covering the sky),,,Hebrew,Old Testament
H6052,עָנָן,`Anan (aw-nawn') n/p.,,,Hebrew,Old Testament
H6053,עֲנָנָה,cloudiness,,,Hebrew,Old Testament
H6054,עֲנָנִי,`Ananiy (an-aw-nee') n/p.,,,Hebrew,Old Testament
H6055,עֲנַניָה,`Ananyah (an-an-yaw') n/l.,,,Hebrew,Old Testament
H6056,עֲנַף עֶנֶף,a twig (as covering the limbs),,,Hebrew,Old Testament
H6057,עָנָף,a twig (as covering the limbs),,,Hebrew,Old Testament
H6058,עָנֵף,`aneph (aw-nafe') adj.,,,Hebrew,Old Testament
H6059,עָנַק,`anaq (aw-nak') v.,,,Hebrew,Old Testament
H6060,עָנָק,a necklace (as if strangling),,,Hebrew,Old Testament
H6061,עָנָק,`Anaq (aw-nawk') n/p.,,,Hebrew,Old Testament
H6062,עֲנָקִי,`Anaqiy (an-aw-kee') adj.,,,Hebrew,Old Testament
H6063,עָנֵר,`Aner (aw-nare') n/l.,,,Hebrew,Old Testament
H6064,עָנַשׁ,`anash (aw-nash') v.,,,Hebrew,Old Testament
H6065,עֲנַשׁ,`anash (an-ash') v.,,,Hebrew,Old Testament
H6066,עוֹנֶשׁ,a fine,,,Hebrew,Old Testament
H6067,עֲנָת,`Anath (an-awth') n/p.,,,Hebrew,Old Testament
H6068,עֲנָתוֹת,`Anathowth (an-aw-thoth') n/l.,,,Hebrew,Old Testament
H6069,עַנתּוֹתִי עַנְּתוֹתִי,`Anthothiy (an-tho-thee') (or rAnnthowthiy an-ne-tho-thee') adj.,,,Hebrew,Old Testament
H6070,עַנתּוֹתִיָה,`Anthothiyah (an-tho-thee-yaw') n/p.,,,Hebrew,Old Testament
H6071,עָסִיס,must or fresh grape-juice (as just trodden out),,,Hebrew,Old Testament
H6072,עָסַס,`acac (aw-sas') v.,,,Hebrew,Old Testament
H6073,עֳפֶא,a bough (as covering the tree),,,Hebrew,Old Testament
H6074,עֳפִי,a twig,,,Hebrew,Old Testament
H6075,עָפַל,`aphal (aw-fal') v.,,,Hebrew,Old Testament
H6076,עוֹפֶל,a tumor,,,Hebrew,Old Testament
H6077,עוֹפֶל,`Ophel (o'-fel) n/l.,,,Hebrew,Old Testament
H6078,עָפנִי,`Ophniy (of-nee') n/l.,,,Hebrew,Old Testament
H6079,עַפעַף,an eyelash (as fluttering),,,Hebrew,Old Testament
H6080,עָפַר,`aphar (aw-far') v.,,,Hebrew,Old Testament
H6081,עֵפֶר,`Epher (ay'-fer) n/p.,,,Hebrew,Old Testament
H6082,עוֹפֶר,a fawn (from the dusty color),,,Hebrew,Old Testament
H6083,עָפָר,dust (as powdered or gray),,,Hebrew,Old Testament
H6084,עָפרָה,`Ophrah (of-raw') n/l.,,,Hebrew,Old Testament
H6085,עֶפרוֹן,`Ephrown (ef-rone') n/l.,,,Hebrew,Old Testament
H6086,עֵץ,a tree (from its firmness),ఏత్స్,చెట్టు,Hebrew,Old Testament
H6087,עָצַב,`atsab (aw-tsab') v.,,,Hebrew,Old Testament
H6088,עֲצַב,`atsab,,,Hebrew,Old Testament
H6089,עֶצֶב,an earthen vessel,,,Hebrew,Old Testament
H6090,עוֹצֶב,an idol (as fashioned),,,Hebrew,Old Testament
H6091,עָצָב,an (idolatrous) image,,,Hebrew,Old Testament
H6092,עָצֵב,a (hired) workman,,,Hebrew,Old Testament
H6093,עִצָּבוֹן,worrisomeness,,,Hebrew,Old Testament
H6094,עַצֶּבֶת,a idol,,,Hebrew,Old Testament
H6095,עָצָה,`atsah (aw-tsaw') v.,,,Hebrew,Old Testament
H6096,עָצֶה,the spine (as giving firmness to the body),,,Hebrew,Old Testament
H6097,עֵצָה,timber,,,Hebrew,Old Testament
H6098,עֵצָה,advice,,,Hebrew,Old Testament
H6099,עָצוּם עָצוּם,`atsuwm (aw-tsoom') (or matsum aw-tsoom') adj.,,,Hebrew,Old Testament
H6100,עֶציוֹן גֶּבֶר עֶציוֹן גֶּבֶר,`Etsyown (ets-yone' gheh'ber) ((shorter) Etsyon Geber) n/l.,,,Hebrew,Old Testament
H6101,עָצַל,`atsal (aw-tsal') v.,,,Hebrew,Old Testament
H6102,עָצֵל,`atsel (aw-tsale') adj.,,,Hebrew,Old Testament
H6103,עַצלָה,(as abstractly) indolence,,,Hebrew,Old Testament
H6104,עַצלוּת,indolence,,,Hebrew,Old Testament
H6105,עָצַם,`atsam (aw-tsam') v.,,,Hebrew,Old Testament
H6106,עֶצֶם,a bone (as strong),,,Hebrew,Old Testament
H6107,עֶצֶם,`Etsem (eh'-tsem) n/l.,,,Hebrew,Old Testament
H6108,עוֹצֶם,power,,,Hebrew,Old Testament
H6109,עָצמָה,powerfulness,,,Hebrew,Old Testament
H6110,עַצּוּמָה,a bulwark,,,Hebrew,Old Testament
H6111,עַצמוֹן עַצמוֹן,`Atsmown (ats-mone') (or iAtsmon ats-mone') n/l.,,,Hebrew,Old Testament
H6112,עֵצֶן,a spear,,,Hebrew,Old Testament
H6113,עָצַר,`atsar (aw-tsar') v.,,,Hebrew,Old Testament
H6114,עֶצֶר,restraint,,,Hebrew,Old Testament
H6115,עוֹצֶר,closure,,,Hebrew,Old Testament
H6116,עֲצָרָה עֲצֶרֶת,an assembly,,,Hebrew,Old Testament
H6117,עָקַב,`aqab (aw-kab') v.,,,Hebrew,Old Testament
H6118,עֵקֶב,`eqeb (ay'-keb) adv.,,,Hebrew,Old Testament
H6119,עָקֵב עִקְּבָה,a heel (as protuberant),,,Hebrew,Old Testament
H6120,עָקֵב,`aqeb (aw-kabe') adj.,,,Hebrew,Old Testament
H6121,עָקוֹב,`aqob (aw-kobe') adj.,,,Hebrew,Old Testament
H6122,עָקבָּה,trickery,,,Hebrew,Old Testament
H6123,עָקַד,`aqad (aw-kad') v.,,,Hebrew,Old Testament
H6124,עָקוֹד,`aqod (aw-kode') adj.,,,Hebrew,Old Testament
H6125,עָקָה,constraint,,,Hebrew,Old Testament
H6126,עַקּוּב,`Aqquwb (ak-koob') n/p.,,,Hebrew,Old Testament
H6127,עָקַל,`aqal (aw-kal') v.,,,Hebrew,Old Testament
H6128,עֲקַלקַל,`aqalqal (ak-al-kal') adj.,,,Hebrew,Old Testament
H6129,עֲקַלָּתוֹן,`aqallathown (ak-al-law-thone') adj.,,,Hebrew,Old Testament
H6130,עָקָן,`Aqan (aw-kawn') n/p.,,,Hebrew,Old Testament
H6131,עָקַר,`aqar (aw-kar') v.,,,Hebrew,Old Testament
H6132,עֲקַר,`aqar (ak-ar') v.,,,Hebrew,Old Testament
H6133,עֵקֶר,stock,,,Hebrew,Old Testament
H6134,עֵקֶר,`Eqer (ay'-ker) n/p.,,,Hebrew,Old Testament
H6135,עָקָר,`aqar (aw-kawr') adj.,,,Hebrew,Old Testament
H6136,עִקַּר,a stock,,,Hebrew,Old Testament
H6137,עַקרָב,a scorpion,,,Hebrew,Old Testament
H6138,עֶקרוֹן,`Eqrown (ek-rone') n/l.,,,Hebrew,Old Testament
H6139,עֶקרוֹנִי עֶקרוֹנִי,`Eqrowniy (ek-ro-nee') (or mEqroniy ek-ro-nee') adj.,,,Hebrew,Old Testament
H6140,עָקַשׁ,`aqash (aw-kash') v.,,,Hebrew,Old Testament
H6141,עִקֵּשׁ,`iqqesh (ik-kashe') adj.,,,Hebrew,Old Testament
H6142,עִקֵּשׁ,`Iqqesh (ik-kashe') n/p.,,,Hebrew,Old Testament
H6143,עִקְּשׁוּת,perversity,,,Hebrew,Old Testament
H6144,עָר,`Ar (awr) n/l.,,,Hebrew,Old Testament
H6145,עָר,a foe (as watchful for mischief),,,Hebrew,Old Testament
H6146,עָר,enemy,,,Hebrew,Old Testament
H6147,עֵר,`Er (ayr) n/p.,,,Hebrew,Old Testament
H6148,עָרַב,`arab (aw-rab') v.,,,Hebrew,Old Testament
H6149,עָרֵב,`areb (aw-rabe') v.,,,Hebrew,Old Testament
H6150,עָרַב,`arab (aw-rab') v.,,,Hebrew,Old Testament
H6151,עֲרַב,`arab (ar-ab') v.,,,Hebrew,Old Testament
H6152,עֲרָב עֲרַב,Arab (ar-awb') (or mArab ar-ab') n/l.,,,Hebrew,Old Testament
H6153,עֶרֶב,dusk,,,Hebrew,Old Testament
H6154,עֵרֶב עֶרֶב,the web (or transverse threads of cloth),,,Hebrew,Old Testament
H6155,עָרָב,a willow (from the use of osiers as wattles),,,Hebrew,Old Testament
H6156,עָרֵב,`areb (aw-rabe') adj.,,,Hebrew,Old Testament
H6157,עָרוֹב,a mosquito (from its swarming),,,Hebrew,Old Testament
H6158,עוֹרֵב עוֹרֵב,a raven (from its dusky hue),,,Hebrew,Old Testament
H6159,עוֹרֵב עוֹרֵב,`Oreb (o-rabe') (or mOwreb o-rabe') n/l.,,,Hebrew,Old Testament
H6160,עֲרָבָה,a desert,,,Hebrew,Old Testament
H6161,עֲרוּבָּה,something given as security,,,Hebrew,Old Testament
H6162,עֲרָבוֹן,a pawn (given as security),,,Hebrew,Old Testament
H6163,עֲרָבִי עַרבִּי,`Arabiy (ar-aw-bee') (or mArbiy ar-bee') adj.,,,Hebrew,Old Testament
H6164,עַרבָּתִי,`Arbathiy (ar-baw-thee') adj.,,,Hebrew,Old Testament
H6165,עָרַג,`arag (aw-rag') v.,,,Hebrew,Old Testament
H6166,עֲרָד,`Arad (ar-awd') n/l.,,,Hebrew,Old Testament
H6167,עֲרָד,an onager,,,Hebrew,Old Testament
H6168,עָרָה,`arah (aw-raw') v.,,,Hebrew,Old Testament
H6169,עָרָה,a naked (i.e. level) plot,,,Hebrew,Old Testament
H6170,עֲרוּגָה עֲרוּגָה,something piled up (as if (figuratively) raised by mental aspiration),,,Hebrew,Old Testament
H6171,עָרוֹד,an onager (from his lonesome habits),,,Hebrew,Old Testament
H6172,עֶרוָה,nudity,,,Hebrew,Old Testament
H6173,עַרוָה,nakedness,,,Hebrew,Old Testament
H6174,עָרוֹם עָרוֹם,`arowm (aw-rome') (or marom aw-rome') adj.,,,Hebrew,Old Testament
H6175,עָרוּם,`aruwm (aw-room') adj.,,,Hebrew,Old Testament
H6176,עֲרוֹעֵר עַרעָר,a juniper (from its nudity of situation),,,Hebrew,Old Testament
H6177,עֲרוֹעֵר עֲרוֹעֵר עַרעוֹר,`Arow`er (ar-o-ayr') (or `Aro`er ar-o-ayr' or `Ar`owr ar-ore',,,Hebrew,Old Testament
H6178,עָרוּץ,`aruwts (aw-roots') adj.,,,Hebrew,Old Testament
H6179,עֵרִי,`Eriy (ay-ree') n/p.,,,Hebrew,Old Testament
H6180,עֵרִי,`Eriy (ay-ree') adj.,,,Hebrew,Old Testament
H6181,עֶריָה,nudity,,,Hebrew,Old Testament
H6182,עֲרִיסָה,meal,,,Hebrew,Old Testament
H6183,עָרִיף,the sky (as dropping at the horizon),,,Hebrew,Old Testament
H6184,עָרִיצּ,`ariyts (aw-reets') adj.,,,Hebrew,Old Testament
H6185,עֲרִירִי,`ariyriy (ar-e-ree') adj.,,,Hebrew,Old Testament
H6186,עָרַך,`arak (aw-rak') v.,,,Hebrew,Old Testament
H6187,עֵרֶך,a pile,,,Hebrew,Old Testament
H6188,עָרֵל,`arel (aw-rale') v.,,,Hebrew,Old Testament
H6189,עָרֵל,(properly) exposed,,,Hebrew,Old Testament
H6190,עָרלָה,the prepuce,,,Hebrew,Old Testament
H6191,עָרַם,`aram (aw-ram') v.,,,Hebrew,Old Testament
H6192,עָרַם,`aram (aw-ram') v.,,,Hebrew,Old Testament
H6193,עוֹרֶם,a stratagem,,,Hebrew,Old Testament
H6194,עָרֵם עֲרֵמָה,a heap,,,Hebrew,Old Testament
H6195,עָרמָה,trickery,,,Hebrew,Old Testament
H6196,עַרמוֹן,the plane tree (from its smooth and shed bark),,,Hebrew,Old Testament
H6197,עֵרָן,`Eran (ay-rawn') n/p.,,,Hebrew,Old Testament
H6198,עֵרָנִי,`Eraniy (ay-raw-nee') adj.,,,Hebrew,Old Testament
H6199,עַרעָר,`ar`ar (ar-awr') adj.,,,Hebrew,Old Testament
H6200,עֲרוֹעֵרִי,`Aro`eriy (ar-o-ay-ree') adj.,,,Hebrew,Old Testament
H6201,עָרַף,`araph (aw-raf') v.,,,Hebrew,Old Testament
H6202,עָרַף,`araph (aw-raf') v.,,,Hebrew,Old Testament
H6203,עוֹרֶף,the nape or back of the neck (as declining),,,Hebrew,Old Testament
H6204,עָרפָּה,`Orpah (or-paw') n/p.,,,Hebrew,Old Testament
H6205,עֲרָפֶל,gloom (as of a lowering sky),,,Hebrew,Old Testament
H6206,עָרַץ,`arats (aw-rats') v.,,,Hebrew,Old Testament
H6207,עָרַק,araq (aw-rak') v.,,,Hebrew,Old Testament
H6208,עַרקִי,`Arqiy (ar-kee') adj.,,,Hebrew,Old Testament
H6209,עָרַר,`arar (aw-rar') v.,,,Hebrew,Old Testament
H6210,עֶרֶשׂ,a couch (properly,,,Hebrew,Old Testament
H6211,עָשׁ עֲסַב,`ash (awsh) n-e.,,,Hebrew,Old Testament
H6212,עֶשֶׂב,grass (or any tender shoot),,,Hebrew,Old Testament
H6213,עָשָׂה,`asah (aw-saw') v.,ఆసా,చేయు,Hebrew,Old Testament
H6214,עֲשָׂהאֵל,`Asah'el (as-aw-ale') n/p.,,,Hebrew,Old Testament
H6215,עֵשָׂו,`Esav (ay-sawv') n/p.,,,Hebrew,Old Testament
H6216,עָשׁוֹק,oppressive (as noun,,,Hebrew,Old Testament
H6217,עָשׁוּק עָשׁוּק,used in plural masculine as abstractly,,,Hebrew,Old Testament
H6218,עָשׂוֹר עָשׂוֹר,ten,,,Hebrew,Old Testament
H6219,עָשׁוֹת,`ashowth (aw-shoth') adj.,,,Hebrew,Old Testament
H6220,עַשׁוָת,`Ashvath (ash-vawth') n/p.,,,Hebrew,Old Testament
H6221,עֲשִׂיאֵל,`Asiy'el,,,Hebrew,Old Testament
H6222,עֲשָׂיָה,`Asayah (aw-saw-yaw') n/p.,,,Hebrew,Old Testament
H6223,עָשִׁיר,`ashiyr (aw-sheer') adj.,,,Hebrew,Old Testament
H6224,עֲשִׂירִי,`asiyriy (as-ee-ree') adj.,,,Hebrew,Old Testament
H6225,עָשַׁן,`ashan (aw-shan') v.,,,Hebrew,Old Testament
H6226,עָשֵׁן,`ashen (aw-shane') adj.,,,Hebrew,Old Testament
H6227,עָשָׁן,smoke,,,Hebrew,Old Testament
H6228,עָשָׁן,`Ashan (aw-shawn') n/l.,,,Hebrew,Old Testament
H6229,עָשַׂק,`asaq (aw-sak) v.,,,Hebrew,Old Testament
H6230,עֵשֶׂק,`eseq (ay'sek) n/l.,,,Hebrew,Old Testament
H6231,עָשַׁק,`ashaq (aw-shak') v.,,,Hebrew,Old Testament
H6232,עֵשֶׁק,`Esheq (ay-shek') n/p.,,,Hebrew,Old Testament
H6233,עוֹשֶׁק,injury,,,Hebrew,Old Testament
H6234,עָשׁקָה,anguish,,,Hebrew,Old Testament
H6235,עֶשֶׂר עֲשָׂרָה,`eser (eh'ser) (masculine of term aasarah as-aw-raw') n-e.,,,Hebrew,Old Testament
H6236,עֲשַׂר עֲשׂרָה,`asar,,,Hebrew,Old Testament
H6237,עָשַׂר,`asar (aw-sar') v.,,,Hebrew,Old Testament
H6238,עָשַׁר,`ashar (aw-shar') v.,,,Hebrew,Old Testament
H6239,עוֹשֶׁר,wealth,,,Hebrew,Old Testament
H6240,עָשָׂר,`asar (aw-sawr') n-e.,,,Hebrew,Old Testament
H6241,עִשָּׂרוֹן עִשָּׂרוֹן,(fractional) a tenth part,,,Hebrew,Old Testament
H6242,עֶשׂרִים,`esriym (es-reem') n-e.,,,Hebrew,Old Testament
H6243,עֶשׂרִין,`esriyn (es-reen') n-e.,,,Hebrew,Old Testament
H6244,עָשֵׁשׁ,`ashesh (aw-shaysh') v.,,,Hebrew,Old Testament
H6245,עָשַׁת,`ashath (aw-shath') v.,,,Hebrew,Old Testament
H6246,עֲשִׁת,`ashith (ash-eeth') v.,,,Hebrew,Old Testament
H6247,עֶשֶׁת,a fabric,,,Hebrew,Old Testament
H6248,עַשׁתּוּת,cogitation,,,Hebrew,Old Testament
H6249,עַשׁתֵּי,`ashtey (ash-tay') n-e.,,,Hebrew,Old Testament
H6250,עֶשׁתּוֹנָה,thinking,,,Hebrew,Old Testament
H6251,עַשׁתְּרָה,increase,,,Hebrew,Old Testament
H6252,עַשׁתָּרוֹת עַשׁתָּרוֹת,`Ashtarowth (ash-taw-roth') (or bAshtaroth ash-taw-roth') n/p.,,,Hebrew,Old Testament
H6253,עַשׁתּוֹרֶת,`Ashtoreth (ash-to'reth) n/p.,,,Hebrew,Old Testament
H6254,עַשׁתְּרָתִי,`Ashtrathiy (ash-ter-aw-thee') adj.,,,Hebrew,Old Testament
H6255,עַשׁתְּרוֹת קַרנַיִם,`Ashtroth Qarnayim (ash-ter-oth' kar-nah'-yim) n/l.,,,Hebrew,Old Testament
H6256,עֵת,time,,,Hebrew,Old Testament
H6257,עָתַד,`athad (aw-thad') v.,,,Hebrew,Old Testament
H6258,עַתּתָּה,`attah (at-taw') adv.,,,Hebrew,Old Testament
H6259,עָתוּד,`athuwd (aw-thood') adj.,,,Hebrew,Old Testament
H6260,עַתּתּוּד עַתּתּוּד,prepared,,,Hebrew,Old Testament
H6261,עִתּתִּי,`ittiy (it-tee') adj.,,,Hebrew,Old Testament
H6262,עַתּתַּי,`Attay (at-tah'ee) n/p.,,,Hebrew,Old Testament
H6263,עֲתִידּ,`athiyd (ath-eed') adj.,,,Hebrew,Old Testament
H6264,עָתִידּ,`athiyd (aw-theed') adj.,,,Hebrew,Old Testament
H6265,עֲתָיָה,`Athayah (ath-aw-yaw') n/p.,,,Hebrew,Old Testament
H6266,עָתִיק,`athiyq (aw-theek') adj.,,,Hebrew,Old Testament
H6267,עַתּתִּיק,attiyq (at-teek') adj.,,,Hebrew,Old Testament
H6268,עַתּתִּיק,`attiyq (at-teek') adj.,,,Hebrew,Old Testament
H6269,עֲתָך,`Athak (ath-awk') n/l.,,,Hebrew,Old Testament
H6270,עַתלַי,`Athlay (ath-lah'ee) n/p.,,,Hebrew,Old Testament
H6271,עֲתַליָה עֲתַליָהוּ,`Athalyah (ath-al-yaw') (or mAthalyahuw ath-al-yaw'-hoo) n/p.,,,Hebrew,Old Testament
H6272,עָתַם,`atham (aw-tham) v.,,,Hebrew,Old Testament
H6273,עָתנִי,`Otnniy (oth-nee') n/p.,,,Hebrew,Old Testament
H6274,עָתנִיאֵל,`Othniy'el (oth-nee-ale') n/p.,,,Hebrew,Old Testament
H6275,עָתַק,`athaq (aw-thak') v.,,,Hebrew,Old Testament
H6276,עָתֵק,`atheq (aw-thake') adj.,,,Hebrew,Old Testament
H6277,עָתָק,`athaq (aw-thawk') adj.,,,Hebrew,Old Testament
H6278,עֵת קָצִין,`Eth Qatsiyn (ayth kaw-tseen') n/l.,,,Hebrew,Old Testament
H6279,עָתַר,`athar (aw-thar') v.,,,Hebrew,Old Testament
H6280,עָתַר,`athar (aw-thar') v.,,,Hebrew,Old Testament
H6281,עֶתֶר,`Ether (eh'ther) n/l.,,,Hebrew,Old Testament
H6282,עָתָר,incense (as increasing to a volume of smoke),,,Hebrew,Old Testament
H6283,עֲתֶרֶת,copiousness,,,Hebrew,Old Testament
H6284,פָּאָה,pa'ah (paw-aw') v.,,,Hebrew,Old Testament
H6285,פֵּאָה,(properly) mouth in a figurative sense,,,Hebrew,Old Testament
H6286,פָּאַר,pa'ar (paw-ar') v.,,,Hebrew,Old Testament
H6287,פְּאֵר,an embellishment,,,Hebrew,Old Testament
H6288,פְּאוֹרָה פּוֹרָאה פּוּארָה,(properly) ornamentation,,,Hebrew,Old Testament
H6289,פָּארוּר,(properly) illuminated,,,Hebrew,Old Testament
H6290,פָּארָן,Pa'ran (paw-rawn') n/l.,,,Hebrew,Old Testament
H6291,פַּג,an unripe fig,,,Hebrew,Old Testament
H6292,פִּגּוּל פִּגּוּל,(properly) fetid,,,Hebrew,Old Testament
H6293,פָּגַע,paga` (paw-gah') v.,,,Hebrew,Old Testament
H6294,פֶּגַע,impact (casual),,,Hebrew,Old Testament
H6295,פַּגעִיאֵל,Pag`iy'el (pag-ee-ale') n/p.,,,Hebrew,Old Testament
H6296,פָּגַר,pagar (paw-gar') v.,,,Hebrew,Old Testament
H6297,פֶּגֶר,a carcass (as limp),,,Hebrew,Old Testament
H6298,פָּגַשׁ,pagash (paw-gash') v.,,,Hebrew,Old Testament
H6299,פָּדָה,padah (paw-daw') v.,,,Hebrew,Old Testament
H6300,פְּדַהאֵל,Pdah'el (ped-ah-ale') n/p.,,,Hebrew,Old Testament
H6301,פְּדָהצּוּר,Pdahtsuwr (ped-aw-tsoor') n/p.,,,Hebrew,Old Testament
H6302,פָּדוּי,as abstractly (in plural masculine) a ransom,,,Hebrew,Old Testament
H6303,פָּדוֹן,Padown (paw-done') n/p.,,,Hebrew,Old Testament
H6304,פְּדוּת פְּדוּת,distinction,,,Hebrew,Old Testament
H6305,פְּדָיָה פְּדָיָהוּ,Pdayah (ped-aw-yaw') (or Pdayahuw ped-aw-yaw'-hoo) n/p.,,,Hebrew,Old Testament
H6306,פִּדיוֹם פִּדיוֹם פִּדיוֹן פִּדיוֹן,a ransom,,,Hebrew,Old Testament
H6307,פַּדָּן פַּדַּן אֲרָם,Paddan (pad-dawn') n/l.,,,Hebrew,Old Testament
H6308,פָּדַע,pada` (paw-dah') v.,,,Hebrew,Old Testament
H6309,פֶּדֶר,suet,,,Hebrew,Old Testament
H6310,פֶּה,the mouth (as the means of blowing),పె,నోరు,Hebrew,Old Testament
H6311,פּוֹה פּוֹא פּוֹ,poh (po) (or po' (Job 38) adv.,,,Hebrew,Old Testament
H6312,פּוּאָה פּוּוָּה,Puw'ah (poo-aw') (or Puvvah poov-vaw') n/p.,,,Hebrew,Old Testament
H6313,פּוּג,puwg (poog) v.,,,Hebrew,Old Testament
H6314,פּוּגָה,intermission,,,Hebrew,Old Testament
H6315,פּוַּח,puwach (poo'akh) v.,,,Hebrew,Old Testament
H6316,פּוּט,Puwt (poot) n/g.,,,Hebrew,Old Testament
H6317,פּוּטִיאֵל,Puwtiy'el (poo-tee-ale') n/p.,,,Hebrew,Old Testament
H6318,פּוֹטִיפַר,Powtiyphar (po-tee-far') n/p.,,,Hebrew,Old Testament
H6319,פּוֹטִי פֶרַע,Powtiy Phera` (po-tee feh'-rah) n/p.,,,Hebrew,Old Testament
H6320,פּוּך,dye (specifically,,,Hebrew,Old Testament
H6321,פּוֹל,a bean (as plump),,,Hebrew,Old Testament
H6322,פּוּל,Puwl (pool) n/p.,,,Hebrew,Old Testament
H6323,פּוּן,puwn (poon) v.,,,Hebrew,Old Testament
H6324,פּוּנִי,Puwniy (poo-nee') adj.,,,Hebrew,Old Testament
H6325,פּוּנוֹן,Puwnon (poo-none') n/l.,,,Hebrew,Old Testament
H6326,פּוּעָה,Puw`ah (poo-aw') n/p.,,,Hebrew,Old Testament
H6327,פּוּץ,puwts (poots) v.,,,Hebrew,Old Testament
H6328,פּוּק,puwq (pook) v.,,,Hebrew,Old Testament
H6329,פּוּק,puwq (pook) v.,,,Hebrew,Old Testament
H6330,פּוּקָה,a stumbling-block,,,Hebrew,Old Testament
H6331,פּוּר,puwr (poor) v.,,,Hebrew,Old Testament
H6332,פּוּר פּוּרִים פּוּרִים,a lot (as by means of a broken piece),,,Hebrew,Old Testament
H6333,פּוּרָה,a wine-press (as crushing the grapes),,,Hebrew,Old Testament
H6334,פּוֹרָתָא,Powratha' (po-raw-thaw') n/p.,,,Hebrew,Old Testament
H6335,פּוּשׁ,puwsh (poosh) v.,,,Hebrew,Old Testament
H6336,פּוּתִי,Puwthiy (poo-thee') adj.,,,Hebrew,Old Testament
H6337,פָּז,pure (gold),,,Hebrew,Old Testament
H6338,פָּזַז,pazaz (paw-zaz') v.,,,Hebrew,Old Testament
H6339,פָּזַז,pazaz (paw-zaz') v.,,,Hebrew,Old Testament
H6340,פָּזַר,pazar (paw-zar') v.,,,Hebrew,Old Testament
H6341,פַּח,a (metallic) sheet (as pounded thin),,,Hebrew,Old Testament
H6342,פָּחַד,pachad (paw-kkad') v.,,,Hebrew,Old Testament
H6343,פַּחַד,a (sudden) alarm,,,Hebrew,Old Testament
H6344,פַּחַד,a testicle (as a cause of shame akin to fear),,,Hebrew,Old Testament
H6345,פַּחדָּה,alarm (i.e. awe),,,Hebrew,Old Testament
H6346,פֶּחָה,a prefect (of a city or small district),,,Hebrew,Old Testament
H6347,פֶּחָה,captain,,,Hebrew,Old Testament
H6348,פָּחַז,pachaz (paw-khaz') v.,,,Hebrew,Old Testament
H6349,פַּחַז,ebullition,,,Hebrew,Old Testament
H6350,פַּחֲזוּת,frivolity,,,Hebrew,Old Testament
H6351,פָּחַח,pachach (paw-khakh') v.,,,Hebrew,Old Testament
H6352,פֶּחָם,a coal,,,Hebrew,Old Testament
H6353,פֶּחָר,a potter,,,Hebrew,Old Testament
H6354,פַּחַת,a pit,,,Hebrew,Old Testament
H6355,פַּחַת מוֹאָב,Pachath Mow'ab (pakh'-ath mo-awb') n/p.,,,Hebrew,Old Testament
H6356,פְּחֶתֶת,a hole (by mildew in a garment),,,Hebrew,Old Testament
H6357,פִּטדָּה,a gem,,,Hebrew,Old Testament
H6358,פָּטוּר,patuwr (paw-toor') subv.,,,Hebrew,Old Testament
H6359,פָּטִיר,patiyr (paw-teer') adj.,,,Hebrew,Old Testament
H6360,פַּטִּישׁ,a hammer,,,Hebrew,Old Testament
H6361,פַּטִּישׁ,a gown (as if hammered out wide),,,Hebrew,Old Testament
H6362,פָּטַר,patar (paw-tar') v.,,,Hebrew,Old Testament
H6363,פֶּטֶר פִּטרָה,a fissure,,,Hebrew,Old Testament
H6364,פִּי ־ בֶּסֶת,Piy-Beceth (pee beh'-seth) n/l.,,,Hebrew,Old Testament
H6365,פִּידּ,(figuratively) misfortune,,,Hebrew,Old Testament
H6366,פֵּיָה פִּיָה,an edge,,,Hebrew,Old Testament
H6367,פִּי הַחִרוֹת,Pi ha-Chiyroth (pee hah-khee-roth') n/l.,,,Hebrew,Old Testament
H6368,פִּיַח,a powder (as easily puffed away),,,Hebrew,Old Testament
H6369,פִּיכּוֹל,Piykol (pee-kole') n/p.,,,Hebrew,Old Testament
H6370,פִּילֶגֶשׁ פִּלֶגֶשׁ,a concubine,,,Hebrew,Old Testament
H6371,פִּימָה,obesity,,,Hebrew,Old Testament
H6372,פִּינְחָס,Piynchac (pee-nekh-aws') n/p.,,,Hebrew,Old Testament
H6373,פִּינוֹן,piynon (pee-none') n/p.,,,Hebrew,Old Testament
H6374,פִּיפִיָה,an edge or tooth,,,Hebrew,Old Testament
H6375,פִּיק,a tottering,,,Hebrew,Old Testament
H6376,פִּישׁוֹן,Piyshown (pee-shone') n/l.,,,Hebrew,Old Testament
H6377,פִּיתּוֹן,Piythown (pee-thone') n/p.,,,Hebrew,Old Testament
H6378,פַּך,a flask (from which a liquid may flow),,,Hebrew,Old Testament
H6379,פָּכָה,pakah (paw-kaw') v.,,,Hebrew,Old Testament
H6380,פּוֹכֶרֶת צְּבָיִים,Pokereth Tsbayiym (po-keh'-reth tseb-aw-yeem') n/p.,,,Hebrew,Old Testament
H6381,פָּלָא,pala' (paw-law') v.,,,Hebrew,Old Testament
H6382,פֶּלֶא,a miracle,,,Hebrew,Old Testament
H6383,פִּלאִי פָּלִיא,pil'iy (pil-ee') (or paliy' paw-lee') adj.,,,Hebrew,Old Testament
H6384,פַּלּוּאִי,Pallu'iy (pal-loo-ee') adj.,,,Hebrew,Old Testament
H6385,פָּלַג,palag (paw-lag') v.,,,Hebrew,Old Testament
H6386,פְּלַג,plag (pel-ag') v.,,,Hebrew,Old Testament
H6387,פְּלַג,a half,,,Hebrew,Old Testament
H6388,פֶּלֶג,a rill (i.e. small channel of water,,,Hebrew,Old Testament
H6389,פֶּלֶג,Peleg (peh'-leg) n/p.,,,Hebrew,Old Testament
H6390,פְּלַגָּה,a runlet,,,Hebrew,Old Testament
H6391,פְּלוּגָּה,a section,,,Hebrew,Old Testament
H6392,פְּלוּגָּה,division,,,Hebrew,Old Testament
H6393,פְּלָדָה,a cleaver,,,Hebrew,Old Testament
H6394,פִּלדָּשׁ,Pildash (pil-dawsh') n/p.,,,Hebrew,Old Testament
H6395,פָּלָה,palah (paw-law') v.,,,Hebrew,Old Testament
H6396,פַּלּוּא,Palluw' (pal-loo') n/p.,,,Hebrew,Old Testament
H6397,פְּלוֹנִי,Plowniy (pel-o-nee') adj.,,,Hebrew,Old Testament
H6398,פָּלַח,palach (paw-lakh') v.,,,Hebrew,Old Testament
H6399,פְּלַח,plach (pel-akh') v.,,,Hebrew,Old Testament
H6400,פֶּלַח,a slice,,,Hebrew,Old Testament
H6401,פִּלחָא,Pilcha' (pil-khaw') n/p.,,,Hebrew,Old Testament
H6402,פָּלחָן,worship,,,Hebrew,Old Testament
H6403,פָּלַט,palat (paw-lat') v.,,,Hebrew,Old Testament
H6404,פֶּלֶט,Pelet (peh'-let) n/p.,,,Hebrew,Old Testament
H6405,פַּלֵּט,escape,,,Hebrew,Old Testament
H6406,פַּלטִּי,Paltiy (pal-tee') n/p.,,,Hebrew,Old Testament
H6407,פַּלטִּי,Paltiy (pal-tee') adj.,,,Hebrew,Old Testament
H6408,פִּלטַּי,Piltay (pil-tah'-ee) n/p.,,,Hebrew,Old Testament
H6409,פַּלטִּיאֵל,Paltiy'el (pal-tee-ale') n/p.,,,Hebrew,Old Testament
H6410,פְּלַטיָה פְּלַטיָהוּ,Platyah (pel-at-yaw') (or Platyahuw pel-at-yaw'-hoo) n/p.,,,Hebrew,Old Testament
H6411,פְּלָיָה פְּלָאיָה,Playah (pel-aw-yaw') (or Pla.yah pel-aw-yaw') n/p.,,,Hebrew,Old Testament
H6412,פָּלִיטּ פָּלֵיטּ פָּלֵט,a refugee,,,Hebrew,Old Testament
H6413,פְּלֵיטָּה פְּלֵטָה,deliverance,,,Hebrew,Old Testament
H6414,פָּלִיל,a magistrate,,,Hebrew,Old Testament
H6415,פְּלִילָה,justice,,,Hebrew,Old Testament
H6416,פְּלִילִי,pliyliy (pel-ee-lee') adj.,,,Hebrew,Old Testament
H6417,פְּלִילִיָה,judicature,,,Hebrew,Old Testament
H6418,פֶּלֶך,a circuit (i.e. district),,,Hebrew,Old Testament
H6419,פָּלַל,palal (paw-lal') v.,,,Hebrew,Old Testament
H6420,פָּלָל,Palal (paw-lawl') n/p.,,,Hebrew,Old Testament
H6421,פְּלַליָה,Plalyah (pel-al-yaw') n/p.,,,Hebrew,Old Testament
H6422,פַּלמוֹנִי,palmowniy (pal-mo-nee') p/x.,,,Hebrew,Old Testament
H6423,פְּלוֹנִי,ploniy (pel-o-nee') p/x.,,,Hebrew,Old Testament
H6424,פָּלַס,palac (paw-las') v.,,,Hebrew,Old Testament
H6425,פֶּלֶס,a balance,,,Hebrew,Old Testament
H6426,פָּלַץ,palats (paw-lats') v.,,,Hebrew,Old Testament
H6427,פַּלָּצוּת,affright,,,Hebrew,Old Testament
H6428,פָּלַשׁ,palash (paw-lash') v.,,,Hebrew,Old Testament
H6429,פְּלֶשֶׁת,Plesheth (pel-eh'-sheth) n/l.,,,Hebrew,Old Testament
H6430,פְּלִשׁתִּי,Plishtiy (pel-ish-tee') adj.,,,Hebrew,Old Testament
H6431,פֶּלֶת,Peleth (peh'-leth) n/p.,,,Hebrew,Old Testament
H6432,פְּלֵתִי,Plethiy (pel-ay-thee') adj.,,,Hebrew,Old Testament
H6433,פּוּם,the mouth (literally or figuratively),,,Hebrew,Old Testament
H6434,פֵּן,an angle (of a street or wall),,,Hebrew,Old Testament
H6435,פֵּן,pen (pane) adv.,,,Hebrew,Old Testament
H6436,פַּנַּג,probably pastry,,,Hebrew,Old Testament
H6437,פָּנָה,panah (paw-naw') v.,,,Hebrew,Old Testament
H6438,פִּנָּה,an angle,,,Hebrew,Old Testament
H6439,פְּנוּאֵל פְּנִיאֵל,Pnuw'el (pen-oo-ale') (or (more properly,,,Hebrew,Old Testament
H6440,פָּנִים,the face (as the part that turns),పానీమ్,ముఖం,Hebrew,Old Testament
H6441,פְּנִימָה,pniymah (pen-ee'-maw) adv.,,,Hebrew,Old Testament
H6442,פְּנִימִי,pniymiy (pen-ee-mee') adj.,,,Hebrew,Old Testament
H6443,פָּנִין פָּנִי,probably a pearl (as round),,,Hebrew,Old Testament
H6444,פְּנִנָּה,Pninnah (pen-in-naw') n/p.,,,Hebrew,Old Testament
H6445,פָּנַק,panaq (paw-nak') v.,,,Hebrew,Old Testament
H6446,פַּס,(properly) the palm (of the hand) or sole (of the foot),,,Hebrew,Old Testament
H6447,פַּס,the palm (of the hand,,,Hebrew,Old Testament
H6448,פָּסַג,pacag (paw-sag') v.,,,Hebrew,Old Testament
H6449,פִּסגָּה,Picgah (pis-gaw') n/l.,,,Hebrew,Old Testament
H6450,פַּס דַּמִּים,Pac Dammiym (pas dam-meem') n/l.,,,Hebrew,Old Testament
H6451,פִּסָּה,expansion,,,Hebrew,Old Testament
H6452,פָּסַח,pacach (paw-sakh') v.,,,Hebrew,Old Testament
H6453,פֶּסַח,a pretermission,,,Hebrew,Old Testament
H6454,פָּסֵַח,Paceach (paw-say'-akh) n/p.,,,Hebrew,Old Testament
H6455,פִּסֵַּח,picceach (pis-say'-akh) adj.,,,Hebrew,Old Testament
H6456,פְּסִיל,an idol,,,Hebrew,Old Testament
H6457,פָּסַך,Pacak (paw-sak') n/p.,,,Hebrew,Old Testament
H6458,פָּסַל,pacal (paw-sal') v.,,,Hebrew,Old Testament
H6459,פֶּסֶל,an idol,,,Hebrew,Old Testament
H6460,פְּסַנטֵּרִין פְּסַנתֵּרִין,a lyre,,,Hebrew,Old Testament
H6461,פָּסַס,pacac (paw-sas') v.,,,Hebrew,Old Testament
H6462,פִּספָּה,Picpah (pis-paw') n/p.,,,Hebrew,Old Testament
H6463,פָּעָה,pa`ah (paw-aw') v.,,,Hebrew,Old Testament
H6464,פָּעוּ פָּעִי,Pa`uw (paw-oo') (or Pamiy paw-ee') n/l.,,,Hebrew,Old Testament
H6465,פְּעוֹר,P`owr (peh-ore') n/l.,,,Hebrew,Old Testament
H6466,פָּעַל,pa`al (paw-al') v.,,,Hebrew,Old Testament
H6467,פּוֹעַל,(concretely) an act or work,,,Hebrew,Old Testament
H6468,פְּעוּלָּה,(abstractly) work,,,Hebrew,Old Testament
H6469,פְּעוּלְּתַי,Pull`thay (peh-ool-leh-thah'-ee) n/p.,,,Hebrew,Old Testament
H6470,פָּעַם,pa`am (paw-am') v.,,,Hebrew,Old Testament
H6471,פַּעַם פַּעֲמָה,a stroke,,,Hebrew,Old Testament
H6472,פַּעֲמוֹן,a bell (as struck),,,Hebrew,Old Testament
H6473,פָּעַר,pa`ar (paw-ar') v.,,,Hebrew,Old Testament
H6474,פַּעֲרַי,Pa`aray (pah-ar-ah'-ee) n/p.,,,Hebrew,Old Testament
H6475,פָּצָה,patsah (paw-tsaw') v.,,,Hebrew,Old Testament
H6476,פָּצַח,patsach (paw-tsakh') v.,,,Hebrew,Old Testament
H6477,פְּצִירָה,bluntness,,,Hebrew,Old Testament
H6478,פָּצַל,patsal (paw-tsal') v.,,,Hebrew,Old Testament
H6479,פְּצָלָה,a peeling,,,Hebrew,Old Testament
H6480,פָּצַם,patsam (paw-tsam') v.,,,Hebrew,Old Testament
H6481,פָּצַע,patsa` (paw-tsah') v.,,,Hebrew,Old Testament
H6482,פֶּצַע,a wound,,,Hebrew,Old Testament
H6483,פִּצֵּץ,Pitstsets (pits-tsates') n/p.,,,Hebrew,Old Testament
H6484,פָּצַר,patsar (paw-tsar') v.,,,Hebrew,Old Testament
H6485,פָּקַד,paqad (paw-kad') v.,పాకద్,లెక్కించు,Hebrew,Old Testament
H6486,פְּקוּדָּה,visitation (in many senses,,,Hebrew,Old Testament
H6487,פִּקָּדוֹן,a deposit,,,Hebrew,Old Testament
H6488,פְּקִדוּת,supervision,,,Hebrew,Old Testament
H6489,פְּקוֹד,Pqowd (pek-ode') n/l.,,,Hebrew,Old Testament
H6490,פִּקּוּד פִּקּוּד,(properly) appointed,,,Hebrew,Old Testament
H6491,פָּקַח,paqach (paw-kakh') v.,,,Hebrew,Old Testament
H6492,פֶּקַח,Peqach (peh'-kakh) n/p.,,,Hebrew,Old Testament
H6493,פִּקֵַּח,piqqeach (pik-kay'-akh) adj.,,,Hebrew,Old Testament
H6494,פְּקַחיָה,Pqachyah (pek-akh-yaw') n/p.,,,Hebrew,Old Testament
H6495,פְּקַח ־ קוַֹח,opening (of a dungeon),,,Hebrew,Old Testament
H6496,פָּקִידּ,a superintendent (civil,,,Hebrew,Old Testament
H6497,פֶּקַע,only used as an architectural term of an ornament similar to H6498,,,Hebrew,Old Testament
H6498,פַּקּוּעָה,the wild cucumber (from splitting open to shed its seeds),,,Hebrew,Old Testament
H6499,פַּר פָּר,a bullock (apparently as breaking forth in wild strength,,,Hebrew,Old Testament
H6500,פָּרָא,para' (paw-raw') v.,,,Hebrew,Old Testament
H6501,פֶּרֶא פֶּרֶה,the onager,,,Hebrew,Old Testament
H6502,פִּראָם,Pir'am (pir-awm') n/p.,,,Hebrew,Old Testament
H6503,פַּרבָּר פַּרוָר,Parbar (par-bawr') (or Parvar par-vawr') n/l.,,,Hebrew,Old Testament
H6504,פָּרַד,parad (paw-rad') v.,,,Hebrew,Old Testament
H6505,פֶּרֶד,a mule (perhaps from his lonely habits),,,Hebrew,Old Testament
H6506,פִּרדָּה,a she-mule,,,Hebrew,Old Testament
H6507,פְּרוּדָה,something separated,,,Hebrew,Old Testament
H6508,פַּרדֵּס,a park,,,Hebrew,Old Testament
H6509,פָּרָה,parah (paw-raw') v.,,,Hebrew,Old Testament
H6510,פָּרָה,a heifer,,,Hebrew,Old Testament
H6511,פָּרָה,Parah (paw-raw') n/l.,,,Hebrew,Old Testament
H6512,פֵּרָה,a hole (as broken,,,Hebrew,Old Testament
H6513,פּוּרָה,Purah (poo-raw') n/p.,,,Hebrew,Old Testament
H6514,פְּרוּדָא פְּרִידָּא,Pruwda' (per-oo-daw') (or Priyda per-ee-daw') n/p.,,,Hebrew,Old Testament
H6515,פָּרוַּח,Paruwach (paw-roo'-akh) n/p.,,,Hebrew,Old Testament
H6516,פַּרוַיִם,Parvayim (par-vah'-yim) n/l.,,,Hebrew,Old Testament
H6517,פָּרוּר,a skillet (as flat or deep),,,Hebrew,Old Testament
H6518,פָּרָז,a chieftain,,,Hebrew,Old Testament
H6519,פְּרָזָה,an open country,,,Hebrew,Old Testament
H6520,פְּרָזוֹן,magistracy,,,Hebrew,Old Testament
H6521,פְּרָזִי פְּרוֹזִי,a rustic,,,Hebrew,Old Testament
H6522,פְּרִזִּי,Prizziy (per-iz-zee') adj.,,,Hebrew,Old Testament
H6523,פַּרזֶל,iron,,,Hebrew,Old Testament
H6524,פָּרַח,parach (paw-rakh') v.,,,Hebrew,Old Testament
H6525,פֶּרַח,a calyx (natural or artificial),,,Hebrew,Old Testament
H6526,פִּרחַח,progeny,,,Hebrew,Old Testament
H6527,פָּרַט,parat (paw-rat') v.,,,Hebrew,Old Testament
H6528,פֶּרֶט,a stray or single berry,,,Hebrew,Old Testament
H6529,פְּרִי,fruit (literally or figuratively),,,Hebrew,Old Testament
H6530,פְּרִיצּ,violent,,,Hebrew,Old Testament
H6531,פֶּרֶך,fracture,,,Hebrew,Old Testament
H6532,פּוֹרֶכֶת,a separatrix,,,Hebrew,Old Testament
H6533,פָּרַם,param (paw-ram') v.,,,Hebrew,Old Testament
H6534,פַּרמַשׁתָּא,Parmashta' (par-mash-taw') n/p.,,,Hebrew,Old Testament
H6535,פַּרנַך,Parnak (par-nak') n/p.,,,Hebrew,Old Testament
H6536,פָּרַס,parac (paw-ras') v.,,,Hebrew,Old Testament
H6537,פְּרַס,to split up,,,Hebrew,Old Testament
H6538,פֶּרֶס,a claw,,,Hebrew,Old Testament
H6539,פָּרַס,Parac (paw-ras') n/l.,,,Hebrew,Old Testament
H6540,פָּרַס,Parac (paw-ras') n/g.,,,Hebrew,Old Testament
H6541,פַּרסָה,a claw or split hoof,,,Hebrew,Old Testament
H6542,פַּרסִי,Parciy (par-see') adj.,,,Hebrew,Old Testament
H6543,פַּרסִי,Parciy (par-see') adj.,,,Hebrew,Old Testament
H6544,פָּרַע,para` (paw-rah') v.,,,Hebrew,Old Testament
H6545,פֶּרַע,the hair (as dishevelled),,,Hebrew,Old Testament
H6546,פַּרעָה,leadership,,,Hebrew,Old Testament
H6547,פַּרעוֹה,Paroh,,,Hebrew,Old Testament
H6548,פַּרעוֹה חָפרַע,Par`oh Chophra` (par-o' khof-rah') n/p.,,,Hebrew,Old Testament
H6549,פַּרעוֹה נְכוֹה פַּרעוֹה נְכוֹ,Par`oh Nkoh (par-o' nek-o') (or Parpoh Nkow par-o' nek-o',,,Hebrew,Old Testament
H6550,פַּרעוֹשׁ,a flea (as the isolated insect),,,Hebrew,Old Testament
H6551,פַּרעוֹשׁ,Par`osh (par-oshe') n/p.,,,Hebrew,Old Testament
H6552,פִּרעָתוֹן,Pir`athown (pir-aw-thone') n/l.,,,Hebrew,Old Testament
H6553,פִּרעָתוֹנִי פִּרעָתוֹנִי,Pir`athowniy (pir-aw-tho-nee') (or Pirathoniy pir-aw-tho-nee') adj.,,,Hebrew,Old Testament
H6554,פַּרפַּר,Parpar (par-par') n/l.,,,Hebrew,Old Testament
H6555,פָּרַץ,parats (paw-rats') v.,,,Hebrew,Old Testament
H6556,פֶּרֶץ,a break (literally or figuratively),,,Hebrew,Old Testament
H6557,פֶּרֶץ,Perets (peh'-rets) n/p.,,,Hebrew,Old Testament
H6558,פַּרצִּי,Partsiy (par-tsee') adj.,,,Hebrew,Old Testament
H6559,פְּרָצִים,pratsiym (per-aw-tseem') n/l.,,,Hebrew,Old Testament
H6560,פֶּרֶץ עוּזָּא,Perets `Uzza' (peh'-rets ooz-zaw') n/l.,,,Hebrew,Old Testament
H6561,פָּרַק,paraq (paw-rak') v.,,,Hebrew,Old Testament
H6562,פְּרַק,praq (per-ak') v.,,,Hebrew,Old Testament
H6563,פֶּרֶק,rapine,,,Hebrew,Old Testament
H6564,פָּרָק,soup (as full of crumbed meat),,,Hebrew,Old Testament
H6565,פָּרַר,parar (paw-rar') v.,,,Hebrew,Old Testament
H6566,פָּרַשׂ,paras (paw-ras') v.,,,Hebrew,Old Testament
H6567,פָּרָשׁ,parash (paw-rash') v.,,,Hebrew,Old Testament
H6568,פְּרַשׁ,prash (per-ash') v.,,,Hebrew,Old Testament
H6569,פֶּרֶשׁ,excrement (as eliminated),,,Hebrew,Old Testament
H6570,פֶּרֶשׁ,Peresh (peh'-resh) n/p.,,,Hebrew,Old Testament
H6571,פָּרָשׁ,a steed (as stretched out to a vehicle,,,Hebrew,Old Testament
H6572,פַּרשֶׁגֶן פַּתשֶׁגֶן,a transcript,,,Hebrew,Old Testament
H6573,פַּרשֶׁגֶן,copy,,,Hebrew,Old Testament
H6574,פַּרשְׁדוֹן,the crotch (or anus),,,Hebrew,Old Testament
H6575,פָּרָשָׁה,exposition,,,Hebrew,Old Testament
H6576,פַּרשֵׁז,parshez (par-shaze') subv.,,,Hebrew,Old Testament
H6577,פַּרשַׁנדָּתָא,Parshandatha' (par-shan-daw-thaw') n/p.,,,Hebrew,Old Testament
H6578,פְּרָת,Prath (per-awth') n/p.,,,Hebrew,Old Testament
H6579,פַּרתַּם,a grandee,,,Hebrew,Old Testament
H6580,פַּשׁ,stupidity (as a result of grossness or of degeneracy),,,Hebrew,Old Testament
H6581,פָּשָׂה,pasah (paw-saw') v.,,,Hebrew,Old Testament
H6582,פָּשַׁח,pashach (paw-shakh') v.,,,Hebrew,Old Testament
H6583,פַּשׁחוּר,Pashchuwr (pash-khoor') n/p.,,,Hebrew,Old Testament
H6584,פָּשַׁט,pashat (paw-shat') v.,,,Hebrew,Old Testament
H6585,פָּשַׂע,pasa` (paw-sah') v.,,,Hebrew,Old Testament
H6586,פָּשַׁע,pasha` (paw-shah') v.,,,Hebrew,Old Testament
H6587,פֶּשַׂע,a stride,,,Hebrew,Old Testament
H6588,פֶּשַׁע,a revolt (national,,,Hebrew,Old Testament
H6589,פָּשַׂק,pasaq (paw-sak') v.,,,Hebrew,Old Testament
H6590,פְּשַׁר,pshar (pesh-ar') v.,,,Hebrew,Old Testament
H6591,פְּשַׁר,an interpretation,,,Hebrew,Old Testament
H6592,פֵּשֶׁר,interpretation,,,Hebrew,Old Testament
H6593,פִּשׁתֶּה,linen (i.e. the thread,,,Hebrew,Old Testament
H6594,פִּשׁתָּה,flax,,,Hebrew,Old Testament
H6595,פַּת,a bit,,,Hebrew,Old Testament
H6596,פּוֹת פּוֹתָה,a hole,,,Hebrew,Old Testament
H6597,פִּתאוֹם פִּתאוֹם,pith'owm (pith-ome') (or pith.om pith-ome') adv.,,,Hebrew,Old Testament
H6598,פַּתבַּג,a dainty,,,Hebrew,Old Testament
H6599,פִּתגָּם,a (judicial) sentence,,,Hebrew,Old Testament
H6600,פִּתגָּם,a word,,,Hebrew,Old Testament
H6601,פָּתָה,pathah (paw-thaw') v.,,,Hebrew,Old Testament
H6602,פְּתוּאֵל,Pthuw'el (peth-oo-ale') n/p.,,,Hebrew,Old Testament
H6603,פִּתּתּוַּח פִּתּתּוַּח,sculpture (in low or high relief or even intaglio),,,Hebrew,Old Testament
H6604,פְּתוֹר,Pthowr (peth-ore') n/l.,,,Hebrew,Old Testament
H6605,פָּתַח,pathach (paw-thakh') v.,,,Hebrew,Old Testament
H6606,פְּתַח,pthach (peth-akh') v.,,,Hebrew,Old Testament
H6607,פֶּתַח,an opening (literally),,,Hebrew,Old Testament
H6608,פֵּתַח,opening (figuratively) i.e. disclosure,,,Hebrew,Old Testament
H6609,פְּתִחָה,something opened,,,Hebrew,Old Testament
H6610,פִּתחוֹן,opening (the act),,,Hebrew,Old Testament
H6611,פְּתַחיָה,Pthachyah (peth-akh-yaw') n/p.,,,Hebrew,Old Testament
H6612,פְּתִי פֶּתִי פְּתָאִי,pthiy (peth-ee') (or pethiy peh'-thee or pthaeiy peth-aw-ee',,,Hebrew,Old Testament
H6613,פְּתַי,open,,,Hebrew,Old Testament
H6614,פְּתִיגִּיל,probably a figured mantle for holidays,,,Hebrew,Old Testament
H6615,פְּתַיוּת,silliness (i.e. seducibility),,,Hebrew,Old Testament
H6616,פָּתִיל,twine,,,Hebrew,Old Testament
H6617,פָּתַל,pathal (paw-thal') v.,,,Hebrew,Old Testament
H6618,פְּתַלתּוֹל,pthaltol (peth-al-tole') adj.,,,Hebrew,Old Testament
H6619,פִּתוֹם,Pithom (pee-thome') n/l.,,,Hebrew,Old Testament
H6620,פֶּתֶן,an asp (from its contortions),,,Hebrew,Old Testament
H6621,פֶּתַע,petha` (peh'-thah) subv.,,,Hebrew,Old Testament
H6622,פָּתַר,pathar (paw-thar') v.,,,Hebrew,Old Testament
H6623,פִּתרוֹן פִּתרוֹן,interpretation (of a dream),,,Hebrew,Old Testament
H6624,פַּתרוֹס,Pathrowc (path-roce') n/l.,,,Hebrew,Old Testament
H6625,פַּתרוּסִי,Pathruciy (path-roo-see') adj.,,,Hebrew,Old Testament
H6626,פָּתַת,pathath (paw-thath') v.,,,Hebrew,Old Testament
H6627,צָּאָה,issue,,,Hebrew,Old Testament
H6628,צֶּאֶל,the lotus tree,,,Hebrew,Old Testament
H6629,צּוֹאן צְּאוֹן,a collective name for a flock (of sheep or goats),,,Hebrew,Old Testament
H6630,צַּאֲנָן,Tsa'anan (tsah-an-awn') n/l.,,,Hebrew,Old Testament
H6631,צֶּאֱצָא,issue,,,Hebrew,Old Testament
H6632,צָּב,a palanquin or canopy (as a fixture),,,Hebrew,Old Testament
H6633,צָּבָא,tsaba' (tsaw-baw') v.,,,Hebrew,Old Testament
H6634,צְּבָא,tsba' (tseb-aw') v.,,,Hebrew,Old Testament
H6635,צָּבָא צֶּבָאָה,a mass of persons,త్సాబా,సైన్యం,Hebrew,Old Testament
H6636,צְּבוֹאִים צֶּבִיִים צֶּבִיִם,Tsbo'iym (tseb-o-eem') (or (more correctly) Tsbiyiym tseb-ee-yeem' or Tsbiyim tseb-ee-yeem',,,Hebrew,Old Testament
H6637,צּוֹבֵבָה,Tsobebah (tso-bay-baw') n/p.,,,Hebrew,Old Testament
H6638,צָּבָה,tsabah (tsaw-baw') v.,,,Hebrew,Old Testament
H6639,צָּבֶה,tsabeh (tsaw-beh') adj.,,,Hebrew,Old Testament
H6640,צְּבוּ,(properly) will,,,Hebrew,Old Testament
H6641,צָּבוַּע,tsabuwa` (tsaw-boo'-ah) adj.,,,Hebrew,Old Testament
H6642,צָּבַט,tsabat (tsaw-bat') v.,,,Hebrew,Old Testament
H6643,צְּבִי,splendor (as conspicuous),,,Hebrew,Old Testament
H6644,צִּביָא,Tsibya' (tsib-yaw') n/p.,,,Hebrew,Old Testament
H6645,צִּביָה,Tsibyah (tsib-yaw') n/p.,,,Hebrew,Old Testament
H6646,צְּבִיָה,a female gazelle,,,Hebrew,Old Testament
H6647,צְּבַע,tsba` (tseb-ah') v.,,,Hebrew,Old Testament
H6648,צֶּבַע,a dye,,,Hebrew,Old Testament
H6649,צִּבעוֹן,Tsib`own (tsib-one') n/p.,,,Hebrew,Old Testament
H6650,צְּבוֹעִים,Tsbo`iym (tseb-o-eem') n/l.,,,Hebrew,Old Testament
H6651,צָּבַר,tsabar (tsaw-bar') v.,,,Hebrew,Old Testament
H6652,צִּבּוּר,a pile,,,Hebrew,Old Testament
H6653,צֶּבֶת,a lock of stalks,,,Hebrew,Old Testament
H6654,צַּד,a side,,,Hebrew,Old Testament
H6655,צַּד,used adverbially (with preposition) at or upon the side of,,,Hebrew,Old Testament
H6656,צְּדָא,tsda' (tsed-aw') adj.,,,Hebrew,Old Testament
H6657,צְּדָד,Tsdad (tsed-awd') n/l.,,,Hebrew,Old Testament
H6658,צָּדָה,tsadah (tsaw-daw') v.,,,Hebrew,Old Testament
H6659,צָּדוֹק,Tsadowq (tsaw-doke') n/p.,,,Hebrew,Old Testament
H6660,צְּדִיָה,design,,,Hebrew,Old Testament
H6661,צִּדִּים,Tsiddiym (tsid-deem') n/l.,,,Hebrew,Old Testament
H6662,צַּדִּיק,tsaddiyq (tsad-deek') adj.,త్సద్దీక్,నీతిమంతుడు,Hebrew,Old Testament
H6663,צָּדַק,tsadaq (tsaw-dak') v.,త్సాదక్,నీతిమంతుడగు,Hebrew,Old Testament
H6664,צֶּדֶק,the right (natural,త్సెదెక్,నీతి,Hebrew,Old Testament
H6665,צִּדקָה,beneficence,,,Hebrew,Old Testament
H6666,צְּדָקָה,rightness (abstractly),,,Hebrew,Old Testament
H6667,צִּדקִיָה צִּדקִיָהוּ,Tsidqiyah (tsid-kee-yaw') (or Tsidqiyahuw tsid-kee-yaw'-hoo) n/p.,,,Hebrew,Old Testament
H6668,צָּהַב,tsahab (tsaw-hab') v.,,,Hebrew,Old Testament
H6669,צָּהוֹב,tsahob (tsaw-obe') adj.,,,Hebrew,Old Testament
H6670,צָּהַל,tsahal (tsaw-hal') v.,,,Hebrew,Old Testament
H6671,צָּהַר,tsahar (tsaw-har') v.,,,Hebrew,Old Testament
H6672,צּוֹהַר,a light (i.e. window),,,Hebrew,Old Testament
H6673,צַּו צָּו,an injunction,,,Hebrew,Old Testament
H6674,צּוֹא צּוֹא,tsow' (tso) (or tsov tso) adj.,,,Hebrew,Old Testament
H6675,צּוֹאָה צּוֹאָה,excrement,,,Hebrew,Old Testament
H6676,צַּוַּאר,neck,,,Hebrew,Old Testament
H6677,צַּוָּאר צַּוָּר צַּוָּרוֹן צַּוָּארָה,the back of the neck (as that on which burdens are bound),,,Hebrew,Old Testament
H6678,צּוֹבָא צּוֹבָה צּוֹבָה,Tsowba' (tso-baw') (or Tsowbah tso-baw' or Tsobah tso-baw',,,Hebrew,Old Testament
H6679,צּוּד,tsuwd (tsood) v.,,,Hebrew,Old Testament
H6680,צָּוָה,tsavah (tsaw-vaw') v.,త్సావా,ఆజ్ఞాపించు,Hebrew,Old Testament
H6681,צָּוַח,tsavach (tsaw-vakh') v.,,,Hebrew,Old Testament
H6682,צְּוָחָה,a screech (of anguish),,,Hebrew,Old Testament
H6683,צּוּלָה,deep,,,Hebrew,Old Testament
H6684,צּוּם,tsuwm (tsoom) v.,,,Hebrew,Old Testament
H6685,צּוֹם צּוֹם,a fast,,,Hebrew,Old Testament
H6686,צּוּעָר,Tsaw`ar (tsoo-awr') n/p.,,,Hebrew,Old Testament
H6687,צּוּף,tsuwph (tsoof) v.,,,Hebrew,Old Testament
H6688,צּוּף,comb of honey (from dripping),,,Hebrew,Old Testament
H6689,צּוּף צּוֹפַי צִּיף,Tsuwph (tsoof) (or Tsowphay tso-fah'-ee or Tsiyph tseef,,,Hebrew,Old Testament
H6690,צּוֹפַח,Tsowphach (tso-fakh') n/p.,,,Hebrew,Old Testament
H6691,צּוֹפַר,Tsowphar (tso-far') n/p.,,,Hebrew,Old Testament
H6692,צּוּץ,tsuwts (tsoots) v.,,,Hebrew,Old Testament
H6693,צּוּק,tsuwq (tsook) v.,,,Hebrew,Old Testament
H6694,צּוּק,tsuwq (tsook) v.,,,Hebrew,Old Testament
H6695,צּוֹק צּוּקָה,a strait,,,Hebrew,Old Testament
H6696,צּוּר,tsuwr (tsoor) v.,,,Hebrew,Old Testament
H6697,צּוּר צּוּר,(properly) a cliff (or sharp rock,,,Hebrew,Old Testament
H6698,צּוּר,Tsuwr (tsoor) n/p.,,,Hebrew,Old Testament
H6699,צּוּרָה,a rock (Job 28,,,Hebrew,Old Testament
H6700,צּוּרִיאֵל,Tsuwriy'el (tsoo-ree-ale') n/p.,,,Hebrew,Old Testament
H6701,צּוּרִישַׁדַּי,Tsuwriyshadday (tsoo-ree-shad-dah'-ee) n/p.,,,Hebrew,Old Testament
H6702,צּוּת,tsuwth (tsooth) v.,,,Hebrew,Old Testament
H6703,צַּח,tsach (tsakh) adj.,,,Hebrew,Old Testament
H6704,צִּחֶה,tsicheh (tsee-kheh') adj.,,,Hebrew,Old Testament
H6705,צָּחַח,tsachach (tsaw-khakh') v.,,,Hebrew,Old Testament
H6706,צְּחִיַח,glaring,,,Hebrew,Old Testament
H6707,צְּחִיחָה,a parched region,,,Hebrew,Old Testament
H6708,צְּחִיחִי,bare spot,,,Hebrew,Old Testament
H6709,צַּחֲנָה,stench,,,Hebrew,Old Testament
H6710,צַּחצָּחָה,a dry place,,,Hebrew,Old Testament
H6711,צָּחַק,tsachaq (tsaw-khak') v.,,,Hebrew,Old Testament
H6712,צְּחוֹק,laughter (in pleasure or derision),,,Hebrew,Old Testament
H6713,צַּחַר,sheen,,,Hebrew,Old Testament
H6714,צּוֹחַר,Tsochar (tso'-khar) n/p.,,,Hebrew,Old Testament
H6715,צָּחוֹר,tsachor (tsaw-khore') adj.,,,Hebrew,Old Testament
H6716,צִּי,a ship (as a fixture),,,Hebrew,Old Testament
H6717,צִּיבָּא,Tsiyba' (tsee-baw') n/p.,,,Hebrew,Old Testament
H6718,צַּיִד,the chase,,,Hebrew,Old Testament
H6719,צַּיָד,a huntsman,,,Hebrew,Old Testament
H6720,צֵּידָּה צֵּדָה,food,,,Hebrew,Old Testament
H6721,צִּידּוֹן צִּידּוֹן,Tsiydown (tsee-done') (or Tsiydon tsee-done') n/l.,,,Hebrew,Old Testament
H6722,צִּידּוֹנִי צִּדוֹנִי,Tsiydoniy (tsee-do-nee') adj.,,,Hebrew,Old Testament
H6723,צִּיָה,aridity,,,Hebrew,Old Testament
H6724,צִּיוֹן,a desert,,,Hebrew,Old Testament
H6725,צִּיוּן,a monumental or guiding pillar,,,Hebrew,Old Testament
H6726,צִּיוֹן,Tsiyown (tsee-yone') n/l.,,,Hebrew,Old Testament
H6727,צִּיחָא צִּחָא,Tsiycha' (tsee-khaw') (or Tsicha( tsee-khaw') n/p.,,,Hebrew,Old Testament
H6728,צִּיִי,a desert-dweller,,,Hebrew,Old Testament
H6729,צִּינוֹק,the pillory,,,Hebrew,Old Testament
H6730,צִּיעוֹר,Tsiy`or (tsee-ore') n/l.,,,Hebrew,Old Testament
H6731,צִּיצּ צִּץ,(properly) glistening,,,Hebrew,Old Testament
H6732,צִּיצּ,Tsiyts (tseets) n/l.,,,Hebrew,Old Testament
H6733,צִּיצָּה,a flower,,,Hebrew,Old Testament
H6734,צִּיצִּת,a floral or wing-like projection,,,Hebrew,Old Testament
H6735,צִּיר,a hinge (as pressed in turning),,,Hebrew,Old Testament
H6736,צִּיר,a form (of beauty,,,Hebrew,Old Testament
H6737,צָּיַר,tsayar (tsaw-yar') v.,,,Hebrew,Old Testament
H6738,צֵּל,shade,,,Hebrew,Old Testament
H6739,צְּלָא,tsla' (tsel-aw') v.,,,Hebrew,Old Testament
H6740,צָּלָה,tsalah (tsaw-law') v.,,,Hebrew,Old Testament
H6741,צִּלָּה,Tsillah (tsil-law') n/p.,,,Hebrew,Old Testament
H6742,צְּלוּל,a (round or flattened) cake,,,Hebrew,Old Testament
H6743,צָּלַח צָּלֵַח,tsalach (tsaw-lakh') (or tsaleach tsaw-lay'-akh) v.,,,Hebrew,Old Testament
H6744,צְּלַח,tslach (tsel-akh') v.,,,Hebrew,Old Testament
H6745,צֵּלָחָה,something protracted or flattened out,,,Hebrew,Old Testament
H6746,צְּלוֹחִיתּ,something prolonged or tall,,,Hebrew,Old Testament
H6747,צַּלַּחַת,something advanced or deep,,,Hebrew,Old Testament
H6748,צָּלִי,tsaliy (tsaw-lee') adj.,,,Hebrew,Old Testament
H6749,צָּלַל,tsalal (tsaw-lal') v.,,,Hebrew,Old Testament
H6750,צָּלַל,tsalal (tsaw-lal') v.,,,Hebrew,Old Testament
H6751,צָּלַל,tsalal (tsaw-lal') v.,,,Hebrew,Old Testament
H6752,צֵּלֶל,shade,,,Hebrew,Old Testament
H6753,צְּלֶלפּוֹנִי,Tslelpowniy (tsel-el-po-nee') n/p.,,,Hebrew,Old Testament
H6754,צֶּלֶם,a phantom,,,Hebrew,Old Testament
H6755,צֶּלֶם צְּלֶם,an idolatrous figure,,,Hebrew,Old Testament
H6756,צַּלמוֹן,Tsalmown (tsal-mone') n/l.,,,Hebrew,Old Testament
H6757,צַּלמָוֶת,shade of death,,,Hebrew,Old Testament
H6758,צַּלמוֹנָה,Tsalmonah (tsal-mo-naw') n/l.,,,Hebrew,Old Testament
H6759,צַּלמוּנָּע,Tsalmunna` (tsal-moon-naw') n/p.,,,Hebrew,Old Testament
H6760,צָּלַע,tsala` (tsaw-lah') v.,,,Hebrew,Old Testament
H6761,צֶּלַע,a limping or full (figuratively),,,Hebrew,Old Testament
H6762,צֶּלַע,Tsela` (tseh'-lah) n/l.,,,Hebrew,Old Testament
H6763,צֵּלָע צַּלעָה,a rib (as curved),,,Hebrew,Old Testament
H6764,צָּלָף,Tsalaph (tsaw-lawf') n/p.,,,Hebrew,Old Testament
H6765,צְּלָפחָד,Tslophchad (tsel-of-chawd') n/p.,,,Hebrew,Old Testament
H6766,צֶּלצַּח,Tseltsach (tsel-tsakh') n/l.,,,Hebrew,Old Testament
H6767,צְּלָצַל,a clatter,,,Hebrew,Old Testament
H6768,צֶּלֶק,Tseleq (tseh'-lek) n/p.,,,Hebrew,Old Testament
H6769,צִּלְּתַי,Tsillthay (tsil-leth-ah'-ee) n/p.,,,Hebrew,Old Testament
H6770,צָּמֵא,tsame' (tsaw-may') v.,,,Hebrew,Old Testament
H6771,צָּמֵא,tsame' (tsaw-may') adj.,,,Hebrew,Old Testament
H6772,צָּמָא,thirst (literally or figuratively),,,Hebrew,Old Testament
H6773,צִּמאָה,thirst (figuratively,,,Hebrew,Old Testament
H6774,צִּמָּאוֹן,a thirsty place,,,Hebrew,Old Testament
H6775,צָּמַד,tsamad (tsaw-mad') v.,,,Hebrew,Old Testament
H6776,צֶּמֶד,hence,,,Hebrew,Old Testament
H6777,צַּמָּה,a veil,,,Hebrew,Old Testament
H6778,צַּמּוּק,a cake of dried grapes,,,Hebrew,Old Testament
H6779,צָּמַח,tsamach (tsaw-makh') v.,,,Hebrew,Old Testament
H6780,צֶּמַח,(usually concrete) a sprout,,,Hebrew,Old Testament
H6781,צָּמִידּ צָּמִד,a bracelet or arm-clasp,,,Hebrew,Old Testament
H6782,צַּמִּים,a noose (as fastening),,,Hebrew,Old Testament
H6783,צְּמִיתּוּת צְּמִתוּת,excision,,,Hebrew,Old Testament
H6784,צָּמַק,tsamaq (tsaw-mak') v.,,,Hebrew,Old Testament
H6785,צֶּמֶר,wool,,,Hebrew,Old Testament
H6786,צְּמָרִי,Tsmariy (tsem-aw-ree') adj.,,,Hebrew,Old Testament
H6787,צְּמָרַיִם,Tsmarayim (tsem-aw-rah'-yim) n/l.,,,Hebrew,Old Testament
H6788,צַּמֶּרֶת,fleeciness,,,Hebrew,Old Testament
H6789,צָּמַת,tsamath (tsaw-math') v.,,,Hebrew,Old Testament
H6790,צִּן,Tsin (tseen) n/l.,,,Hebrew,Old Testament
H6791,צֵּן,a thorn,,,Hebrew,Old Testament
H6792,צּוֹנֵא צּוֹנֶה,a flock,,,Hebrew,Old Testament
H6793,צִּנָּה,a hook (as pointed),,,Hebrew,Old Testament
H6794,צִּנּוּר,a culvert,,,Hebrew,Old Testament
H6795,צָּנַח,tsanach (tsaw-nakh') v.,,,Hebrew,Old Testament
H6796,צָּנִין צָּנִן,a thorn,,,Hebrew,Old Testament
H6797,צָּנִיף צָּנוֹף צָּנִיפָה,a head-dress (i.e. piece of cloth wrapped around),,,Hebrew,Old Testament
H6798,צָּנַם,tsanam (tsaw-nam') v.,,,Hebrew,Old Testament
H6799,צְּנָן,Tsnan (tsen-awn') n/l.,,,Hebrew,Old Testament
H6800,צָּנַע,tsana` (tsaw-nah') v.,,,Hebrew,Old Testament
H6801,צָּנַף,tsanaph (tsaw-naf') v.,,,Hebrew,Old Testament
H6802,צְּנֵפָה,a ball,,,Hebrew,Old Testament
H6803,צִּנצֶּנֶת,a vase (probably a vial tapering at the top),,,Hebrew,Old Testament
H6804,צַּנתָּרָה,a tube,,,Hebrew,Old Testament
H6805,צָּעַד,tsa`ad (tsaw-ad') v.,,,Hebrew,Old Testament
H6806,צַּעַד,a pace or regular step,,,Hebrew,Old Testament
H6807,צְּעָדָה,a march,,,Hebrew,Old Testament
H6808,צָּעָה,tsa`ah (tsaw-aw') v.,,,Hebrew,Old Testament
H6809,צָּעִיף,a veil,,,Hebrew,Old Testament
H6810,צָּעִיר צָּעוֹר,tsa`iyr (tsaw-eer') (or tsanowr tsaw-ore') adj.,,,Hebrew,Old Testament
H6811,צָּעִיר,Tsa`iyr (tsaw-eer') n/l.,,,Hebrew,Old Testament
H6812,צְּעִירָה,smallness (of age),,,Hebrew,Old Testament
H6813,צָּעַן,tsa`an (tsaw-an') v.,,,Hebrew,Old Testament
H6814,צּוֹעַן,Tso`an (tso'-an) n/l.,,,Hebrew,Old Testament
H6815,צַּעֲנַנִּים צַּעֲנַיִם,Tsa`ananniym (tsah-an-an-neem') (or (dual) Tsaeanayim tsah-an-ah'-yim) n/l.,,,Hebrew,Old Testament
H6816,צַּעצּוַּע,sculpture,,,Hebrew,Old Testament
H6817,צָּעַק,tsa`aq (tsaw-ak') v.,,,Hebrew,Old Testament
H6818,צַּעֲקָה,a shriek,,,Hebrew,Old Testament
H6819,צָּעַר,tsa`ar (tsaw-ar') v.,,,Hebrew,Old Testament
H6820,צּוֹעַר,Tso`ar (tso'ar) n/l.,,,Hebrew,Old Testament
H6821,צָּפַד,tsaphad (tsaw-fad') v.,,,Hebrew,Old Testament
H6822,צָּפָה,tsaphah (tsaw-faw') v.,,,Hebrew,Old Testament
H6823,צָּפָה,tsaphah (tsaw-faw') v.,,,Hebrew,Old Testament
H6824,צָּפָה,an inundation (as covering),,,Hebrew,Old Testament
H6825,צְּפוֹ צְּפִי,Tsphow (tsef-o') (or Tsphiy tsef-ee') n/p.,,,Hebrew,Old Testament
H6826,צִּפּוּי,encasement (with metal),,,Hebrew,Old Testament
H6827,צְּפוֹן,Tsphown (tsef-one') n/p.,,,Hebrew,Old Testament
H6828,צָּפוֹן צָּפוֹן,(properly) hidden,,,Hebrew,Old Testament
H6829,צָּפוֹן,Tsaphown (tsaw-fone') n/l.,,,Hebrew,Old Testament
H6830,צְּפוֹנִי,tsphowniy (tsef-o-nee') adj.,,,Hebrew,Old Testament
H6831,צְּפוֹנִי,Tsphowniy (tsef-o-nee') adj.,,,Hebrew,Old Testament
H6832,צְּפוַּע,excrement (as protruded),,,Hebrew,Old Testament
H6833,צִּפּוֹר צִּפּוֹר,a little bird (as hopping),,,Hebrew,Old Testament
H6834,צִּפּוֹר,Tsippowr (tsip-pore') n/p.,,,Hebrew,Old Testament
H6835,צַּפַּחַת,a saucer (as flat),,,Hebrew,Old Testament
H6836,צְּפִיָה,watchfulness,,,Hebrew,Old Testament
H6837,צִּפיוֹן,Tsiphyown (tsif-yone') n/p.,,,Hebrew,Old Testament
H6838,צַּפִּיחִת,a flat thin cake,,,Hebrew,Old Testament
H6839,צּוֹפִים,Tsophiym (tso-feem') n/l.,,,Hebrew,Old Testament
H6840,צָּפִין,a treasure (as hidden),,,Hebrew,Old Testament
H6841,צְּפִיר,a he-goat,,,Hebrew,Old Testament
H6842,צָּפִיר,a male goat (as prancing),,,Hebrew,Old Testament
H6843,צְּפִירָה,a crown (as encircling the head),,,Hebrew,Old Testament
H6844,צָּפִיתּ,a sentry,,,Hebrew,Old Testament
H6845,צָּפַן,tsaphan (tsaw-fan') v.,,,Hebrew,Old Testament
H6846,צְּפַניָה צְּפַניָהוּ,Tsphanyah (tsef-an-yaw') (or Tsphanyahuw tsef-an-yaw'-hoo) n/p.,,,Hebrew,Old Testament
H6847,צָּפנַת פַּענֵַח,Tsophnath Pa`neach (tsof-nath' pah-nay'-akh) n/p.,,,Hebrew,Old Testament
H6848,צֶּפַע צִּפעוֹנִי,a viper (as thrusting out the tongue,,,Hebrew,Old Testament
H6849,צְּפִעָה,an outcast thing,,,Hebrew,Old Testament
H6850,צָּפַף,tsaphaph (tsaw-faf') v.,,,Hebrew,Old Testament
H6851,צַּפצָּפָה,a willow (as growing in overflowed places),,,Hebrew,Old Testament
H6852,צָּפַר,tsaphar (tsaw-far') v.,,,Hebrew,Old Testament
H6853,צְּפַר,a bird,,,Hebrew,Old Testament
H6854,צְּפַרדֵַּע,a marsh-leaper,,,Hebrew,Old Testament
H6855,צִּפּוֹרָה,Tsipporah (tsip-po-raw') n/p.,,,Hebrew,Old Testament
H6856,צִּפּוֹרֶן,(properly) a claw,,,Hebrew,Old Testament
H6857,צְּפַת,Tsphath (tsef-ath') n/l.,,,Hebrew,Old Testament
H6858,צֶּפֶת,a capital of a column,,,Hebrew,Old Testament
H6859,צְּפָתָה,Tsphathah (tsef-aw'-thaw) n/l.,,,Hebrew,Old Testament
H6860,צִּקלַג צִּיקְלַג,Tsiqlag (tsik-lag') (or Tsiyqlag (1 Chronicles 12) n/l.,,,Hebrew,Old Testament
H6861,צִּקלוֹן,a sack (as tied at the mouth),,,Hebrew,Old Testament
H6862,צַּר צָּר,tsar (tsar) (or tsar tsawr) adj.,,,Hebrew,Old Testament
H6863,צֵּר,Tser (tsare) n/l.,,,Hebrew,Old Testament
H6864,צּוֹר,a stone (as if pressed hard or to a point),,,Hebrew,Old Testament
H6865,צּוֹר צּוֹר,Tsor (tsore) (or Tsowr tsore) n/l.,,,Hebrew,Old Testament
H6866,צָּרַב,tsarab (tsaw-rab') v.,,,Hebrew,Old Testament
H6867,צָּרֶבֶת,tsarebeth (tsaw-reh'-beth) adj.,,,Hebrew,Old Testament
H6868,צְּרֵדָה צְּרֵדָתָה,Tsredah (tser-ay-daw') (or Tsredathah tser-ay-daw'-thaw) n/l.,,,Hebrew,Old Testament
H6869,צָּרָה,tightness (i.e. figuratively,,,Hebrew,Old Testament
H6870,צְּרוּיָה,Tsruwyah (tser-oo-yaw') n/p.,,,Hebrew,Old Testament
H6871,צְּרוּעָה,Tsruw`ah (tser-oo-aw') n/p.,,,Hebrew,Old Testament
H6872,צְּרוֹר צְּרוֹר,a parcel (as packed up),,,Hebrew,Old Testament
H6873,צָּרַח,tsarach (tsaw-rakh') v.,,,Hebrew,Old Testament
H6874,צְּרִי,Tsriy (tser-ee') n/p.,,,Hebrew,Old Testament
H6875,צְּרִי צֳּרִי,distillation,,,Hebrew,Old Testament
H6876,צּוֹרִי,Tsoriy (tso-ree') adj.,,,Hebrew,Old Testament
H6877,צְּרִיַח,a citadel,,,Hebrew,Old Testament
H6878,צּוֹרֶך,need,,,Hebrew,Old Testament
H6879,צָּרַע,tsara` (tsaw-rah') v.,,,Hebrew,Old Testament
H6880,צִּרעָה,a wasp (as stinging),,,Hebrew,Old Testament
H6881,צָּרעָה,Tsor`ah (tsor-aw') n/l.,,,Hebrew,Old Testament
H6882,צָּרעִי צָּרעָתִי,Tsor`iy (tsor-ee') (or Tsortathiy tsor-aw-thee') adj.,,,Hebrew,Old Testament
H6883,צָּרַעַת,leprosy,,,Hebrew,Old Testament
H6884,צָּרַף,tsaraph (tsaw-raf') v.,,,Hebrew,Old Testament
H6885,צּוֹרְפִי,refiner,,,Hebrew,Old Testament
H6886,צָּרְפַת,Tsarphath (tsaq-ref-ath') n/l.,,,Hebrew,Old Testament
H6887,צָּרַר,tsarar (tsaw-rar') v.,,,Hebrew,Old Testament
H6888,צְּרֵרָה,Tsrerah (tser-ay-raw') n/l.,,,Hebrew,Old Testament
H6889,צֶּרֶת,Tsereth (tseh'-reth) n/p.,,,Hebrew,Old Testament
H6890,צֶּרֶת הַשַּׁחַר,Tsereth hash-Shachar (tseh'-reth hash-shakh'-ar) n/l.,,,Hebrew,Old Testament
H6891,צָּרְתָן,Tsarthan (tsaw-reth-awn') n/l.,,,Hebrew,Old Testament
H6892,קֵא קִיא,vomit,,,Hebrew,Old Testament
H6893,קָאַת,probably the pelican (from vomiting),,,Hebrew,Old Testament
H6894,קַב,a hollow,,,Hebrew,Old Testament
H6895,קָבַב,qabab (kaw-bab') v.,,,Hebrew,Old Testament
H6896,קֵבָה,the paunch (as a cavity) or first stomach of ruminants,,,Hebrew,Old Testament
H6897,קוֹבָה,the abdomen (as a cavity),,,Hebrew,Old Testament
H6898,קוּבָּה,a pavilion (as a domed cavity),,,Hebrew,Old Testament
H6899,קִבּוּץ,a throng,,,Hebrew,Old Testament
H6900,קְבוּרָה קֶבוּרָה,sepulture,,,Hebrew,Old Testament
H6901,קָבַל,qabal (kaw-bal') v.,,,Hebrew,Old Testament
H6902,קְבַל,qbal (keb-al') v.,,,Hebrew,Old Testament
H6903,קְבֵל קֳבֵל,qbel (keb-ale') ((Aramaic) or qobel (Aramaic) kob-ale') prep.,,,Hebrew,Old Testament
H6904,קוֹבֶל,a battering-ram,,,Hebrew,Old Testament
H6905,קָבָל,qabal (kaw-bawl') adv.,,,Hebrew,Old Testament
H6906,קָבַע,qaba` (kaw-bah') v.,,,Hebrew,Old Testament
H6907,קוּבַּעַת,a goblet (as deep like a cover),,,Hebrew,Old Testament
H6908,קָבַץ,qabats (kaw-bats') v.,,,Hebrew,Old Testament
H6909,קַבצְּאֵל,Qabts'el (kab-tseh-ale') n/l.,,,Hebrew,Old Testament
H6910,קְבוּצָה,a hoard,,,Hebrew,Old Testament
H6911,קִבצַּיִם,Qibtsayim (kib-tsah'-yim) n/l.,,,Hebrew,Old Testament
H6912,קָבַר,qabar (kaw-bar') v.,,,Hebrew,Old Testament
H6913,קֶבֶר קִברָה,a sepulchre,,,Hebrew,Old Testament
H6914,קִברוֹת הַתּתַּאֲוָה,Qibrowth hat-Ta'a-vah (kib-roth' hat-tah-av-aw') n/l.,,,Hebrew,Old Testament
H6915,קָדַד,qadad (kaw-dad') v.,,,Hebrew,Old Testament
H6916,קִדָּה,cassia bark (as in shrivelled rolls),,,Hebrew,Old Testament
H6917,קָדוּם,a pristine hero,,,Hebrew,Old Testament
H6918,קָדוֹשׁ קָדוֹשׁ,qadowsh (kaw-doshe') (or qadosh kaw-doshe') adj.,కాదోష్,పరిశుద్ధుడు,Hebrew,Old Testament
H6919,קָדַח,qadach (kaw-dakh') v.,,,Hebrew,Old Testament
H6920,קַדַּחַת,inflammation,,,Hebrew,Old Testament
H6921,קָדִים קָדִם,the fore or front part,,,Hebrew,Old Testament
H6922,קַדִּישׁ,qaddiysh (kad-deesh') adj.,,,Hebrew,Old Testament
H6923,קָדַם,qadam (kaw-dam') v.,,,Hebrew,Old Testament
H6924,קֶדֶם קֵדמָה,qedem (keh'-dem) (or qedmah kayd'-maw) adv.,,,Hebrew,Old Testament
H6925,קֳדָם קְדָם,qodam (kod-awm') ((Aramaic) or qdam (Aramaic) (Daniel 7) prep.,,,Hebrew,Old Testament
H6926,קִדמָה,the forward part (or relatively) East (often adverbially,,,Hebrew,Old Testament
H6927,קַדמָה,priority (in time),,,Hebrew,Old Testament
H6928,קַדמָה,former time,,,Hebrew,Old Testament
H6929,קֵדְמָה,Qedmah (kayd'-maw) n/p.,,,Hebrew,Old Testament
H6930,קַדמוֹן,qadmown (kad-mone') adj.,,,Hebrew,Old Testament
H6931,קַדמוֹנִי קַדמוֹנִי,qadmowniy (kad-mo-nee') (or qadmoniy kad-mo-nee') adj.,,,Hebrew,Old Testament
H6932,קְדֵמוֹת,Qdemowth (ked-ay-mothe') n/l.,,,Hebrew,Old Testament
H6933,קַדמַי,qadmay (kad-mah'-ee) adj.,,,Hebrew,Old Testament
H6934,קַדמִיאֵל,Qadmiy'el (kad-mee-ale') n/p.,,,Hebrew,Old Testament
H6935,קַדמוֹנִי,Qadmoniy (kad-mo-nee') adj.,,,Hebrew,Old Testament
H6936,קָדקוֹד,the crown of the head (as the part most bowed),,,Hebrew,Old Testament
H6937,קָדַר,qadar (kaw-dar') v.,,,Hebrew,Old Testament
H6938,קֵדָר,Qedar (kay-dawr') n/p.,,,Hebrew,Old Testament
H6939,קִדרוֹן,Qidrown (kid-rone') n/l.,,,Hebrew,Old Testament
H6940,קַדרוּת,duskiness,,,Hebrew,Old Testament
H6941,קְדוֹרַנִּיתּ,qdoranniyth (ked-o-ran-neeth') adv.,,,Hebrew,Old Testament
H6942,קָדַשׁ,qadash (kaw-dash') v.,కాదష్,పరిశుద్ధం చేయు,Hebrew,Old Testament
H6943,קֶדֶשׁ,Qedesh (keh'-desh) n/l.,,,Hebrew,Old Testament
H6944,קוֹדֶשׁ,a sacred place or thing,కొదెష్,పరిశుద్ధత,Hebrew,Old Testament
H6945,קָדֵשׁ,a (quasi) sacred person,,,Hebrew,Old Testament
H6946,קָדֵשׁ,Qadesh (kaw-dashe') n/l.,,,Hebrew,Old Testament
H6947,קָדֵשׁ בַּרנֵַע,Qadesh Barnea` (kaw-dashe' bar-nay'-ah) n/l.,,,Hebrew,Old Testament
H6948,קְדֵשָׁה,a female devotee (i.e. prostitute),,,Hebrew,Old Testament
H6949,קָהָה,qahah (kaw-haw') v.,,,Hebrew,Old Testament
H6950,קָהַל,qahal ('kaw-hal') v.,,,Hebrew,Old Testament
H6951,קָהָל,(usually concretely) assemblage,,,Hebrew,Old Testament
H6952,קְהִלָּה,an assemblage,,,Hebrew,Old Testament
H6953,קוֹהֶלֶת,a (female) assembler (i.e. lecturer),,,Hebrew,Old Testament
H6954,קְהֵלָתָה,Qhelathah (keh-hay-law'-thaw) n/l.,,,Hebrew,Old Testament
H6955,קְהָת,Qhath (keh-hawth') n/p.,,,Hebrew,Old Testament
H6956,קֳהָתִי,Qohathiy (ko-haw-thee') adj.,,,Hebrew,Old Testament
H6957,קַו קָו,a cord (as connecting),,,Hebrew,Old Testament
H6958,קוֹא קָיָה,qow' (ko) (or qayah (Jer. 25) v.,,,Hebrew,Old Testament
H6959,קוֹבַע,a helmet,,,Hebrew,Old Testament
H6960,קָוָה,qavah (kaw-vaw') v.,,,Hebrew,Old Testament
H6961,קָוֶה,a (measuring) cord (as if for binding),,,Hebrew,Old Testament
H6962,קוּט,quwt (koot) v.,,,Hebrew,Old Testament
H6963,קוֹל,a voice or sound,కోల్,స్వరం,Hebrew,Old Testament
H6964,קוֹלָיָה,Qowlayah (ko-law-yaw') n/p.,,,Hebrew,Old Testament
H6965,קוּם,quwm (koom) v.,కూమ్,లేచు,Hebrew,Old Testament
H6966,קוּם,quwm (koom) v.,,,Hebrew,Old Testament
H6967,קוֹמָה,height,,,Hebrew,Old Testament
H6968,קוֹמְמִיוּת,elevation,,,Hebrew,Old Testament
H6969,קוּן,quwn (koon) v.,,,Hebrew,Old Testament
H6970,קוַֹע,Qowa` (ko'-ah) n/l.,,,Hebrew,Old Testament
H6971,קוֹף קוֹף,a monkey,,,Hebrew,Old Testament
H6972,קוּץ,quwts (koots) v.,,,Hebrew,Old Testament
H6973,קוּץ,quwts (koots) v.,,,Hebrew,Old Testament
H6974,קוּץ,quwts (koots) v.,,,Hebrew,Old Testament
H6975,קוֹץ קוֹץ,a thorn,,,Hebrew,Old Testament
H6976,קוֹץ,Qowts (kotse) n/p.,,,Hebrew,Old Testament
H6977,קְווּצָּה,a forelock (as shorn),,,Hebrew,Old Testament
H6978,קַו ־ קַו,stalwart,,,Hebrew,Old Testament
H6979,קוּר,quwr (koor) v.,,,Hebrew,Old Testament
H6980,קוּר,(only plural) trenches,,,Hebrew,Old Testament
H6981,קוֹרֵא קוֹרֵא,Qowre' (ko-ray') (or Qore' (1 Chronicles 26) n/p.,,,Hebrew,Old Testament
H6982,קוֹרָה קוֹרָה,a rafter (forming trenches as it were),,,Hebrew,Old Testament
H6983,קוֹשׁ,qowsh (koshe) v.,,,Hebrew,Old Testament
H6984,קוּשָׁיָהוּ,quwshayahuw (koo-shaw-yaw'-hoo) n/p.,,,Hebrew,Old Testament
H6985,קַט,qat (kat) adj.,,,Hebrew,Old Testament
H6986,קֶטֶב,ruin,,,Hebrew,Old Testament
H6987,קוֹטֶב,extermination,,,Hebrew,Old Testament
H6988,קְטוֹרָה,perfume,,,Hebrew,Old Testament
H6989,קְטוּרָה,Qtuwrah (ket-oo-raw') n/p.,,,Hebrew,Old Testament
H6990,קָטַט,qatat (kaw-tat') v.,,,Hebrew,Old Testament
H6991,קָטַל,qatal (kaw-tal') v.,,,Hebrew,Old Testament
H6992,קְטַל,qtal (ket-al') v.,,,Hebrew,Old Testament
H6993,קֶטֶל,a violent death,,,Hebrew,Old Testament
H6994,קָטוֹן,qaton (kaw-tone') v.,,,Hebrew,Old Testament
H6995,קוֹטֶן,a pettiness,,,Hebrew,Old Testament
H6996,קָטָן קָטוֹן,qatan (kaw-tawn') (or qaton kaw-tone') adj.,,,Hebrew,Old Testament
H6997,קָטָן,Qatan (kaw-tawn') n/p.,,,Hebrew,Old Testament
H6998,קָטַף,qataph (kaw-taf') v.,,,Hebrew,Old Testament
H6999,קָטַר,qatar (kaw-tar') adj.,,,Hebrew,Old Testament
H7000,קָטַר,qatar (kaw-tar') v.,,,Hebrew,Old Testament
H7001,קְטַר,a knot (as tied up),,,Hebrew,Old Testament
H7002,קִטֵּר,perfume,,,Hebrew,Old Testament
H7003,קִטרוֹן,Qitrown (kit-rone') n/l.,,,Hebrew,Old Testament
H7004,קְטוֹרֶת,a fumigation,,,Hebrew,Old Testament
H7005,קַטָּת,Qattath (kat-tawth') n/l.,,,Hebrew,Old Testament
H7006,קָיָה,qayah (kaw-yaw') v.,,,Hebrew,Old Testament
H7007,קַיִט,harvest,,,Hebrew,Old Testament
H7008,קִיטּוֹר קִיטּוֹר,a fume,,,Hebrew,Old Testament
H7009,קִים,an opponent (as rising against one),,,Hebrew,Old Testament
H7010,קְיָם,an edict (as arising in law),,,Hebrew,Old Testament
H7011,קַיָם,qayam (kah-yawm') adj.,,,Hebrew,Old Testament
H7012,קִימָה,an arising,,,Hebrew,Old Testament
H7013,קַיִן,a lance (as striking fast),,,Hebrew,Old Testament
H7014,קַיִן,Qayin (kah'-yin) n/p.,,,Hebrew,Old Testament
H7015,קִינָה,a dirge (as accompanied by beating the breasts or on instruments),,,Hebrew,Old Testament
H7016,קִינָה,Qiynah (kee-naw') n/l.,,,Hebrew,Old Testament
H7017,קֵינִי קִינִי,Qeyniy (kay-nee') (or Qiyniy (1 Chron. 2) adj.,,,Hebrew,Old Testament
H7018,קֵינָן,Qeynan (kay-nawn') n/p.,,,Hebrew,Old Testament
H7019,קַיִץ,harvest (as the crop),,,Hebrew,Old Testament
H7020,קִיצּוֹן,qiytsown (kee-tsone') adj.,,,Hebrew,Old Testament
H7021,קִיקָיוֹן,the gourd (as nauseous),,,Hebrew,Old Testament
H7022,קִיקָלוֹן,intense disgrace,,,Hebrew,Old Testament
H7023,קִיר קִר קִירָה,a wall (as built in a trench),,,Hebrew,Old Testament
H7024,קִיר,Qiyr (keer) n/l.,,,Hebrew,Old Testament
H7025,קִיר חֶרֶשׂ קִיר חֲרֶשֶׂת,Qiyr Cheres (keer kheh'-res) (or (feminine of the latter word) Qiyr Chareseth keer khar-eh'-seth) n/...,,,Hebrew,Old Testament
H7026,קֵירוֹס קֵרוֹס,Qeyroc (kay-roce') (or Qeroc kay-roce') n/p.,,,Hebrew,Old Testament
H7027,קִישׁ,Qiysh (keesh) n/p.,,,Hebrew,Old Testament
H7028,קִישׁוֹן,Qiyshown (kee-shone') n/l.,,,Hebrew,Old Testament
H7029,קִישִׁי,Qiyshiy (kee-shee') n/p.,,,Hebrew,Old Testament
H7030,קִיתָּרוֹס,a lyre,,,Hebrew,Old Testament
H7031,קַל,qal (kal) adj.,,,Hebrew,Old Testament
H7032,קָל,sound,,,Hebrew,Old Testament
H7033,קָלָה,qalah (kaw-law') v.,,,Hebrew,Old Testament
H7034,קָלָה,qalah (kaw-law') v.,,,Hebrew,Old Testament
H7035,קָלַהּ,qalahh (kaw-lah') v.,,,Hebrew,Old Testament
H7036,קָלוֹן,disgrace,,,Hebrew,Old Testament
H7037,קַלַּחַת,a kettle,,,Hebrew,Old Testament
H7038,קָלַט,qalat (kaw-lat') v.,,,Hebrew,Old Testament
H7039,קָלִי קָלִיא,roasted ears of grain,,,Hebrew,Old Testament
H7040,קַלַּי,Qallay (kal-lah'-ee) n/p.,,,Hebrew,Old Testament
H7041,קֵלָיָה,Qelayah (kay-law-yaw') n/p.,,,Hebrew,Old Testament
H7042,קְלִיטָּא,Qliyta' (kel-ee-taw') n/p.,,,Hebrew,Old Testament
H7043,קָלַל,qalal (kaw-lal') v.,,,Hebrew,Old Testament
H7044,קָלָל,qalal (kaw-lawl') adj.,,,Hebrew,Old Testament
H7045,קְלָלָה,vilification,,,Hebrew,Old Testament
H7046,קָלַס,qalac (kaw-las') v.,,,Hebrew,Old Testament
H7047,קֶלֶס,a laughing-stock,,,Hebrew,Old Testament
H7048,קַלָּסָה,ridicule,,,Hebrew,Old Testament
H7049,קָלַע,qala` (kaw-lah') v.,,,Hebrew,Old Testament
H7050,קֶלַע,a sling,,,Hebrew,Old Testament
H7051,קַלָּע,a slinger,,,Hebrew,Old Testament
H7052,קְלוֹקֵל,qloqel (kel-o-kale') adj.,,,Hebrew,Old Testament
H7053,קִלְּשׁוֹן,a prong,,,Hebrew,Old Testament
H7054,קָמָה,something that rises,,,Hebrew,Old Testament
H7055,קְמוּאֵל,Qmuw'el (kem-oo-ale') n/p.,,,Hebrew,Old Testament
H7056,קָמוֹן,Qamown (kaw-mone') n/l.,,,Hebrew,Old Testament
H7057,קִמּוֹשׁ קִימוֹשׁ,a prickly plant,,,Hebrew,Old Testament
H7058,קֶמַח,flour,,,Hebrew,Old Testament
H7059,קָמַט,qamat (kaw-mat') v.,,,Hebrew,Old Testament
H7060,קָמַל,qamal (kaw-mal') v.,,,Hebrew,Old Testament
H7061,קָמַץ,qamats (kaw-mats') v.,,,Hebrew,Old Testament
H7062,קוֹמֶץ,a grasp,,,Hebrew,Old Testament
H7063,קִמָּשׁוֹן,a prickly plant,,,Hebrew,Old Testament
H7064,קֵן,a nest (as fixed),,,Hebrew,Old Testament
H7065,קָנָא,qana' (kaw-naw') v.,,,Hebrew,Old Testament
H7066,קְנָא,qna' (ken-aw') v.,,,Hebrew,Old Testament
H7067,קַנָּא,qanna' (kan-naw') adj.,,,Hebrew,Old Testament
H7068,קִנאָה,jealousy or envy,,,Hebrew,Old Testament
H7069,קָנָה,qanah (kaw-naw') v.,కానా,కొను,Hebrew,Old Testament
H7070,קָנֶה,a reed (as erect),,,Hebrew,Old Testament
H7071,קָנָה,Qanah (kaw-naw') n/l.,,,Hebrew,Old Testament
H7072,קַנּוֹא,qannow' (kan-no') adj.,,,Hebrew,Old Testament
H7073,קְנַז,Qnaz (ken-az') n/p.,,,Hebrew,Old Testament
H7074,קְנִזִּי,Qnizziy (ken-iz-zee') n/p.,,,Hebrew,Old Testament
H7075,קִניָן,creation,,,Hebrew,Old Testament
H7076,קִנָּמוֹן,cinnamon bark (as in upright rolls),,,Hebrew,Old Testament
H7077,קָנַן,qanan (kaw-nan') v.,,,Hebrew,Old Testament
H7078,קֶנֶץ,perversion,,,Hebrew,Old Testament
H7079,קְנָת,Qnath (ken-awth') n/l.,,,Hebrew,Old Testament
H7080,קָסַם,qacam (kaw-sam') v.,,,Hebrew,Old Testament
H7081,קֶסֶם,a lot,,,Hebrew,Old Testament
H7082,קָסַס,qacac (kaw-sas') v.,,,Hebrew,Old Testament
H7083,קֶסֶת,(properly) a cup,,,Hebrew,Old Testament
H7084,קְעִילָה,Q`iylah (keh-ee-law') n/l.,,,Hebrew,Old Testament
H7085,קַעֲקַע,an incision or gash,,,Hebrew,Old Testament
H7086,קְעָרָה,a bowl (as cut out hollow),,,Hebrew,Old Testament
H7087,קָפָא,to shrink,,,Hebrew,Old Testament
H7088,קָפַד,qaphad (kaw-fad') v.,,,Hebrew,Old Testament
H7089,קְפָדָה,shrinking,,,Hebrew,Old Testament
H7090,קִפּוֹד קִפּוֹד,a species of bird,,,Hebrew,Old Testament
H7091,קִפּוֹז,an arrow-snake (as darting on its prey),,,Hebrew,Old Testament
H7092,קָפַץ,qaphats (kaw-fats') v.,,,Hebrew,Old Testament
H7093,קֵץ,an extremity,,,Hebrew,Old Testament
H7094,קָצַב,qatsab (kaw-tsab') v.,,,Hebrew,Old Testament
H7095,קֶצֶב,shape (as if cut out),,,Hebrew,Old Testament
H7096,קָצָה,qatsah (kaw-tsaw') v.,,,Hebrew,Old Testament
H7097,קָצֶה קֵצֶה,an extremity (used in a great variety of applications and idioms),,,Hebrew,Old Testament
H7098,קָצָה,qatsah (kaw-tsaw') n-e.,,,Hebrew,Old Testament
H7099,קֶצֶו קִצוָה,a limit (used like H7097,,,Hebrew,Old Testament
H7100,קֶצַח,fennelflower (from its pungency),,,Hebrew,Old Testament
H7101,קָצִין,a magistrate (as deciding) or other leader,,,Hebrew,Old Testament
H7102,קְצִיעָה,cassia (as peeled,,,Hebrew,Old Testament
H7103,קְצִיעָה,Qtsiy`ah (kets-ee-aw') n/p.,,,Hebrew,Old Testament
H7104,קְצִיצּ,Qtsiyts (kets-eets') n/l.,,,Hebrew,Old Testament
H7105,קָצִיר,severed,,,Hebrew,Old Testament
H7106,קָצַע,qatsa` (kaw-tsah') v.,,,Hebrew,Old Testament
H7107,קָצַף,qatsaph (kaw-tsaf') v.,,,Hebrew,Old Testament
H7108,קְצַף,qtsaph (kets-af') v.,,,Hebrew,Old Testament
H7109,קְצַף,rage,,,Hebrew,Old Testament
H7110,קֶצֶף,a splinter (as chipped off),,,Hebrew,Old Testament
H7111,קְצָפָה,a fragment,,,Hebrew,Old Testament
H7112,קָצַץ,qatsats (kaw-tsats') v.,,,Hebrew,Old Testament
H7113,קְצַץ,qtsats (kets-ats') v.,,,Hebrew,Old Testament
H7114,קָצַר,קצר,,,Hebrew,Old Testament
H7115,קוֹצֶר,shortness (of spirit),,,Hebrew,Old Testament
H7116,קָצֵר,qatser (kaw-tsare') adj.,,,Hebrew,Old Testament
H7117,קְצָת,(literally or figuratively) a termination,,,Hebrew,Old Testament
H7118,קְצָת,end,,,Hebrew,Old Testament
H7119,קַר,qar (kar) adj.,,,Hebrew,Old Testament
H7120,קוֹר,cold,,,Hebrew,Old Testament
H7121,קָרָא,qara' (kaw-raw') v.,కారా,పిలుచు,Hebrew,Old Testament
H7122,קָרָא,qara' (kaw-raw') v.,,,Hebrew,Old Testament
H7123,קְרָא,qra' (ker-aw') v.,,,Hebrew,Old Testament
H7124,קוֹרֵא,a caller,,,Hebrew,Old Testament
H7125,קִראָה,an encountering,,,Hebrew,Old Testament
H7126,קָרַב,qarab (kaw-rab') v.,,,Hebrew,Old Testament
H7127,קְרֵב,qreb (ker-abe') v.,,,Hebrew,Old Testament
H7128,קְרָב,hostile encounter,,,Hebrew,Old Testament
H7129,קְרָב,war,,,Hebrew,Old Testament
H7130,קֶרֶב,(properly) the nearest part,కెరెబ్,లోపల,Hebrew,Old Testament
H7131,קָרֵב,qareb (kaw-rabe') adj.,,,Hebrew,Old Testament
H7132,קְרָבָה,approach,,,Hebrew,Old Testament
H7133,קָרבָּן קוּרבָּן,something brought near the altar,,,Hebrew,Old Testament
H7134,קַרדּוֹם,an axe,,,Hebrew,Old Testament
H7135,קָרָה,coolness,,,Hebrew,Old Testament
H7136,קָרָה,qarah (kaw-raw') v.,,,Hebrew,Old Testament
H7137,קָרֶה,an (unfortunate) occurrence,,,Hebrew,Old Testament
H7138,קָרוֹב קָרוֹב,qarowb (kaw-robe') (or qarob kaw-robe') adj.,,,Hebrew,Old Testament
H7139,קָרַח,qarach (kaw-rakh') v.,,,Hebrew,Old Testament
H7140,קֶרַח קוֹרַח,ice (as if bald,,,Hebrew,Old Testament
H7141,קוֹרַח,Qorach (ko'rakh) n/p.,,,Hebrew,Old Testament
H7142,קֵרֵַח,qereach (kay-ray'-akh) adj.,,,Hebrew,Old Testament
H7143,קָרֵַח,Qareach (kaw-ray'-akh) n/p.,,,Hebrew,Old Testament
H7144,קָרחָה קָרחָא,baldness,,,Hebrew,Old Testament
H7145,קָרחִי,Qorchiy (kor-khee') n/p.,,,Hebrew,Old Testament
H7146,קָרַחַת,a bald spot (on the back of the head),,,Hebrew,Old Testament
H7147,קְרִי,hostile encounter,,,Hebrew,Old Testament
H7148,קָרִיא,qariy' (kaw-ree') adj.,,,Hebrew,Old Testament
H7149,קִריָא קִריָה,a city,,,Hebrew,Old Testament
H7150,קְרִיאָה,a proclamation,,,Hebrew,Old Testament
H7151,קִריָה,a city,,,Hebrew,Old Testament
H7152,קְרִיוֹת,Qriyowth (ker-ee-yoth') n/l.,,,Hebrew,Old Testament
H7153,קִריַת אַרבַּע קִריַת הָאַרבַּע,Qiryath `Arba` (keer-yath' ar-bah') (or (with the article interposed) Qiryath ha- Arbaw (Neh. 11) n/...,,,Hebrew,Old Testament
H7154,קִריַת בַּעַל,Qiryath Ba`al (keer-yath' bah'-al) n/l.,,,Hebrew,Old Testament
H7155,קִריַת חוּצוֹת,Qiryath Chutsowth (keer-yath' khoo-tsoth') n/l.,,,Hebrew,Old Testament
H7156,קִריָתַיִם,Qiryathayim (keer-yaw-thah'-yim) n/l.,,,Hebrew,Old Testament
H7157,קִריַת יְעָרִים קִריַת עָרִים,Qiryath Y`ariym (keer-yath' yeh-aw-reem') (or (Jer. 26) n/l.,,,Hebrew,Old Testament
H7158,קִריַת סַנָּה קִריַת סֵפֶר,Qiryath Cannah (keer-yath' san-naw') (or Qiryath Cepher keer-yath' say-fer) n/l.,,,Hebrew,Old Testament
H7159,קָרַם,qaram (kaw-ram') v.,,,Hebrew,Old Testament
H7160,קָרַן,qaran (kaw-ran') v.,,,Hebrew,Old Testament
H7161,קֶרֶן,a horn (as projecting),,,Hebrew,Old Testament
H7162,קֶרֶן,a horn (literally or for sound),,,Hebrew,Old Testament
H7163,קֶרֶן הַפּוּך,qeren hap-puwk (keh'-ren hap-pook') n/p.,,,Hebrew,Old Testament
H7164,קָרַס,qarac (kaw-ras') v.,,,Hebrew,Old Testament
H7165,קֶרֶס,a knob or belaying-pin (from its swelling form),,,Hebrew,Old Testament
H7166,קַרסוֹל,an ankle (as a protuberance or joint),,,Hebrew,Old Testament
H7167,קָרַע,qara` (kaw-rah') v.,కారా,చీల్చు,Hebrew,Old Testament
H7168,קֶרַע,a rag,,,Hebrew,Old Testament
H7169,קָרַץ,qarats (kaw-rats') v.,,,Hebrew,Old Testament
H7170,קְרַץ,+ accuse,,,Hebrew,Old Testament
H7171,קֶרֶץ,extirpation (as if by constriction),,,Hebrew,Old Testament
H7172,קַרקַע,floor (as if a pavement of pieces or tesseroe),,,Hebrew,Old Testament
H7173,קַרקַע,Qarqa` (kar-kah') n/l.,,,Hebrew,Old Testament
H7174,קַרקוֹר,Qarqor (kar-kore') n/l.,,,Hebrew,Old Testament
H7175,קֶרֶשׁ,a slab or plank,,,Hebrew,Old Testament
H7176,קֶרֶת,a city,,,Hebrew,Old Testament
H7177,קַרתָּה,Qartah (kar-taw') n/l.,,,Hebrew,Old Testament
H7178,קַרתָּן,Qartan (kar-tawn') n/l.,,,Hebrew,Old Testament
H7179,קַשׁ,straw (as dry),,,Hebrew,Old Testament
H7180,קִשּׁוּא,a cucumber (from the difficulty of digestion),,,Hebrew,Old Testament
H7181,קָשַׁב,qashab (kaw-shab') v.,,,Hebrew,Old Testament
H7182,קֶשֶׁב,a hearkening,,,Hebrew,Old Testament
H7183,קַשָּׁב קַשּׁוּב,qashshab (kash-shawb') (or qashshub kash-shoob') adj.,,,Hebrew,Old Testament
H7184,קָשָׂה קַשׂוָה,a jug (from its shape),,,Hebrew,Old Testament
H7185,קָשָׁה,qashah (kaw-shaw') v.,,,Hebrew,Old Testament
H7186,קָשֶׁה,qasheh (kaw-sheh') adj.,,,Hebrew,Old Testament
H7187,קְשׁוֹט קְשׁוֹט,fidelity,,,Hebrew,Old Testament
H7188,קָשַׁח,qashach (kaw-shakh') v.,,,Hebrew,Old Testament
H7189,קָשֶׁט קָשׁטּ,equity (as evenly weighed),,,Hebrew,Old Testament
H7190,קְשִׁי,obstinacy,,,Hebrew,Old Testament
H7191,קִשׁיוֹן,Qishyown (kish-yone') n/l.,,,Hebrew,Old Testament
H7192,קְשִׂיטָּה,an ingot (as definitely estimated and stamped for a coin),,,Hebrew,Old Testament
H7193,קַשׂקֶשֶׂת,a scale (of a fish),,,Hebrew,Old Testament
H7194,קָשַׁר,qashar (kaw-shar') v.,,,Hebrew,Old Testament
H7195,קֶשֶׁר,an (unlawful) alliance,,,Hebrew,Old Testament
H7196,קִשּׁוּר,an (ornamental) girdle (for women),,,Hebrew,Old Testament
H7197,קָשַׁשׁ,qashash (kaw-shash') v.,,,Hebrew,Old Testament
H7198,קֶשֶׁת,X arch(-er),,,Hebrew,Old Testament
H7199,קַשָּׁת,a bowman,,,Hebrew,Old Testament
H7200,רָאָה,ra'ah (raw-aw') v.,రాఆ,చూచు,Hebrew,Old Testament
H7201,רָאָה,a bird of prey (probably the vulture,,,Hebrew,Old Testament
H7202,רָאֶה,ra'eh (raw-eh') adj.,,,Hebrew,Old Testament
H7203,רוֹאֶה,a seer (as often rendered),,,Hebrew,Old Testament
H7204,רוֹאֵה,Ro'eh (ro-ay') n/p.,,,Hebrew,Old Testament
H7205,רְאוּבֵן,R'uwben (reh-oo-bane') n/p.,,,Hebrew,Old Testament
H7206,רְאוּבֵנִי,R'uwbeniy (reh-oob-ay-nee') adj.,,,Hebrew,Old Testament
H7207,רַאֲוָה,ra'avah (rah-av-aw') v.,,,Hebrew,Old Testament
H7208,רְאוּמָה,R'uwmah (reh-oo-maw') n/p.,,,Hebrew,Old Testament
H7209,רְאִי,a mirror (as seen),,,Hebrew,Old Testament
H7210,רֳאִי,sight,,,Hebrew,Old Testament
H7211,רְאָיָה,R'ayah (reh-aw-yaw') n/p.,,,Hebrew,Old Testament
H7212,רְאִיתּ,sight,,,Hebrew,Old Testament
H7213,רָאַם,ra'am (raw-am') v.,,,Hebrew,Old Testament
H7214,רְאֵם רְאֵים רֵים רֵם,a wild bull (from its conspicuousness),,,Hebrew,Old Testament
H7215,רָאמָה,something high in value,,,Hebrew,Old Testament
H7216,רָאמוֹת רָאמוֹת,Ra'mowth (raw-moth') (or Ramoth raw-moth') n/l.,,,Hebrew,Old Testament
H7217,רֵאשׁ,the head,,,Hebrew,Old Testament
H7218,רוֹאשׁ,the head (as most easily shaken),రోష్,తల,Hebrew,Old Testament
H7219,רוֹאשׁ רוֹשׁ,a poisonous plant,,,Hebrew,Old Testament
H7220,רוֹאשׁ,Ro'sh (roshe) n/p.,,,Hebrew,Old Testament
H7221,רִאשָׁה,a beginning,,,Hebrew,Old Testament
H7222,רוֹאשָׁה,the head,,,Hebrew,Old Testament
H7223,רִאשׁוֹן רִאשׁוֹן,ri'shown (ree-shone') (or riishon ree-shone') adj.,రీషోన్,మొదటి,Hebrew,Old Testament
H7224,רִאשׁוֹנִי,shoniy (ree-sho-nee') adj.,,,Hebrew,Old Testament
H7225,רֵאשִׁיתּ,the first,రేషీత్,ఆరంభం,Hebrew,Old Testament
H7226,רַאֲשׁוֹת,a pillow (being for the head),,,Hebrew,Old Testament
H7227,רַב,rab (rab) adj.,రబ్,గొప్ప,Hebrew,Old Testament
H7228,רַב,an archer (or perhaps the same as H7227),,,Hebrew,Old Testament
H7229,רַב,rab (rab) adj.,,,Hebrew,Old Testament
H7230,רוֹב,abundance (in any respect),,,Hebrew,Old Testament
H7231,רָבַב,rabab (raw-bab') v.,,,Hebrew,Old Testament
H7232,רָבַב,rabab (raw-bab') v.,,,Hebrew,Old Testament
H7233,רְבָבָה,abundance (in number),,,Hebrew,Old Testament
H7234,רָבַד,rabad (raw-bad') v.,,,Hebrew,Old Testament
H7235,רָבָה,rabah (raw-baw') v.,,,Hebrew,Old Testament
H7236,רְבָה,rbah (reb-aw') v.,,,Hebrew,Old Testament
H7237,רַבָּה,Rabbah (rab-baw') n/l.,,,Hebrew,Old Testament
H7238,רְבוּ,increase (of dignity),,,Hebrew,Old Testament
H7239,רִבּוֹ רִבּוֹא,a myriad,,,Hebrew,Old Testament
H7240,רִבּוֹ,X ten thousand times ten thousand,,,Hebrew,Old Testament
H7241,רָבִיבּ,a rain (as an accumulation of drops),,,Hebrew,Old Testament
H7242,רָבִידּ,a collar (as spread around the neck),,,Hebrew,Old Testament
H7243,רְבִיעִי רֶבִעִי,rbiy`iy (reb-ee-ee') (or rbiiy reb-ee-ee') adj.,,,Hebrew,Old Testament
H7244,רְבִיעַי,rbiy`ay (reb-ee-ah'-ee) adj.,,,Hebrew,Old Testament
H7245,רַבִּיתּ,Rabbiyth (rab-beeth') n/l.,,,Hebrew,Old Testament
H7246,רָבַך,rabak (raw-bak') v.,,,Hebrew,Old Testament
H7247,רִבלָה,Riblah (rib-law') n/l.,,,Hebrew,Old Testament
H7248,רַב ־ מָג,chief Magian,,,Hebrew,Old Testament
H7249,רַב ־ סָרִיס,Rab-Cariyc (rab-saw-reece') n/p.,,,Hebrew,Old Testament
H7250,רָבַע,raba` (raw-bah') v.,,,Hebrew,Old Testament
H7251,רָבַע,raba` (raw-bah') v.,,,Hebrew,Old Testament
H7252,רֶבַע,reba` (reh'-bah) v.,,,Hebrew,Old Testament
H7253,רֶבַע,a fourth (part or side),,,Hebrew,Old Testament
H7254,רֶבַע,Reba,,,Hebrew,Old Testament
H7255,רוֹבַע,a quarter,,,Hebrew,Old Testament
H7256,רִבֵַּע,ribbea` ' (rib-bay'-ah) adj.,,,Hebrew,Old Testament
H7257,רָבַץ,rabats (raw-bats') v.,,,Hebrew,Old Testament
H7258,רֵבֶץ,a couch or place of repose,,,Hebrew,Old Testament
H7259,רִבקָה,Ribqah (rib-kaw') n/p.,,,Hebrew,Old Testament
H7260,רַברַב,rabrab (rab-rab') adj.,,,Hebrew,Old Testament
H7261,רַברְבָן,a magnate,,,Hebrew,Old Testament
H7262,רַבשָׁקֵה,chief butler,,,Hebrew,Old Testament
H7263,רֶגֶב,a lump of clay,,,Hebrew,Old Testament
H7264,רָגַז,ragaz (raw-gaz') v.,,,Hebrew,Old Testament
H7265,רְגַז,rgaz (reg-az') v.,,,Hebrew,Old Testament
H7266,רְגַז,violent anger,,,Hebrew,Old Testament
H7267,רוֹגֶז,commotion,,,Hebrew,Old Testament
H7268,רַגָּז,raggaz (rag-gawz') adj.,,,Hebrew,Old Testament
H7269,רָגזָה,trepidation,,,Hebrew,Old Testament
H7270,רָגַל,ragal (raw-gal') v.,,,Hebrew,Old Testament
H7271,רְגַל,foot,,,Hebrew,Old Testament
H7272,רֶגֶל,a foot (as used in walking),,,Hebrew,Old Testament
H7273,רַגלִי,ragliy (rag-lee') adj.,,,Hebrew,Old Testament
H7274,רוֹגְלִים,Rogliym (ro-gel-eem') n/l.,,,Hebrew,Old Testament
H7275,רָגַם,ragam (raw-gam') v.,,,Hebrew,Old Testament
H7276,רֶגֶם,Regem (reh'-gem) n/p.,,,Hebrew,Old Testament
H7277,רִגמָה,a pile (of stones),,,Hebrew,Old Testament
H7278,רֶגֶם מֶלֶך,Regem Melek (reh'-gem meh'-lek) n/p.,,,Hebrew,Old Testament
H7279,רָגַן,ragan (raw-gan') v.,,,Hebrew,Old Testament
H7280,רָגַע,raga` (raw-gah') v.,,,Hebrew,Old Testament
H7281,רֶגַע,rega` (reh'-gah) adv.,,,Hebrew,Old Testament
H7282,רָגֵַע,ragea` (raw-gay'-ah) adj.,,,Hebrew,Old Testament
H7283,רָגַשׁ,ragash (raw-gash') v.,,,Hebrew,Old Testament
H7284,רְגַשׁ,rgash (reg-ash') v.,,,Hebrew,Old Testament
H7285,רֶגֶשׁ רִגשָׁה,a tumultuous crowd,,,Hebrew,Old Testament
H7286,רָדַד,radad (raw-dad') v.,,,Hebrew,Old Testament
H7287,רָדָה,radah (raw-daw') v.,,,Hebrew,Old Testament
H7288,רַדַּי,Radday (rad-dah'-ee) n/p.,,,Hebrew,Old Testament
H7289,רָדִידּ,a veil (as expanded),,,Hebrew,Old Testament
H7290,רָדַם,radam (raw-dam') v.,,,Hebrew,Old Testament
H7291,רָדַף,radaph (raw-daf') v.,,,Hebrew,Old Testament
H7292,רָהַב,rahab (raw-hab') v.,,,Hebrew,Old Testament
H7293,רַהַב,proud,,,Hebrew,Old Testament
H7294,רַהַב,Rahab (i.e. boaster),,,Hebrew,Old Testament
H7295,רָהָב,rahab (raw-hawb') adj.,,,Hebrew,Old Testament
H7296,רוֹהָב,pride,,,Hebrew,Old Testament
H7297,רָהָה,rahah (raw-haw') v.,,,Hebrew,Old Testament
H7298,רַהַט,a channel or watering-box,,,Hebrew,Old Testament
H7299,רֵו,aspect,,,Hebrew,Old Testament
H7300,רוּד,ruwd (rood) v.,,,Hebrew,Old Testament
H7301,רָוָה,ravah (raw-vaw') v.,,,Hebrew,Old Testament
H7302,רָוֶה,raveh (raw-veh') adj.,,,Hebrew,Old Testament
H7303,רוֹהֲגָה,Rowhagah (ro-hag-aw') n/p.,,,Hebrew,Old Testament
H7304,רָוַח,ravach (raw-vakh') v.,,,Hebrew,Old Testament
H7305,רֶוַח,room,,,Hebrew,Old Testament
H7306,רוַּח,ruwach (roo'-akh) v.,,,Hebrew,Old Testament
H7307,רוַּח,wind,రూఖ,ఆత్మ,Hebrew,Old Testament
H7308,רוַּח,mind,,,Hebrew,Old Testament
H7309,רְוָחָה,relief,,,Hebrew,Old Testament
H7310,רְוָיָה,satisfaction,,,Hebrew,Old Testament
H7311,רוּם,ruwm (room) v.,రూమ్,ఎత్తు,Hebrew,Old Testament
H7312,רוּם רוּם,(literally) elevation or (figuratively) elation,,,Hebrew,Old Testament
H7313,רוּם,ruwm (room) v.,,,Hebrew,Old Testament
H7314,רוּם,(literally) altitude,,,Hebrew,Old Testament
H7315,רוֹם,rowm (rome) adv.,,,Hebrew,Old Testament
H7316,רוּמָה,Ruwmah (roo-maw') n/l.,,,Hebrew,Old Testament
H7317,רוֹמָה,rowmah (ro-maw') adj.,,,Hebrew,Old Testament
H7318,רוֹמָם,exaltation,,,Hebrew,Old Testament
H7319,רוֹמְמָה,exaltation,,,Hebrew,Old Testament
H7320,רוֹמַמתִּי עֶזֶר רוֹמַמתִּי עֶזֶר,Rowmamtiy `Ezer (ro-mam'-tee eh'-zer) n/p.,,,Hebrew,Old Testament
H7321,רוַּע,ruwa` (roo-ah') v.,,,Hebrew,Old Testament
H7322,רוּף,ruwph (roof) v.,,,Hebrew,Old Testament
H7323,רוּץ,ruwts (roots) v.,,,Hebrew,Old Testament
H7324,רוּק,ruwq (rook) v.,,,Hebrew,Old Testament
H7325,רוּר,ruwr (roor) v.,,,Hebrew,Old Testament
H7326,רוּשׁ,ruwsh (roosh) v.,,,Hebrew,Old Testament
H7327,רוּת,Ruwth (rooth) n/p.,,,Hebrew,Old Testament
H7328,רָז,a mystery,,,Hebrew,Old Testament
H7329,רָזָה,razah (raw-zaw') v.,,,Hebrew,Old Testament
H7330,רָזֶה,razeh (raw-zeh') adj.,,,Hebrew,Old Testament
H7331,רְזוֹן,Rzown (rez-one') n/p.,,,Hebrew,Old Testament
H7332,רָזוֹן,thinness,,,Hebrew,Old Testament
H7333,רָזוֹן,a dignitary,,,Hebrew,Old Testament
H7334,רָזִי,thinness,,,Hebrew,Old Testament
H7335,רָזַם,razam (raw-zam') v.,,,Hebrew,Old Testament
H7336,רָזַן,razan (raw-zan') v.,,,Hebrew,Old Testament
H7337,רָחַב,rachab (raw-khab') v.,,,Hebrew,Old Testament
H7338,רַחַב,a width,,,Hebrew,Old Testament
H7339,רְחוֹב רְחוֹב,a width,,,Hebrew,Old Testament
H7340,רְחוֹב רְחוֹב,Rchob (rekh-obe') (or Rchowb rekh-obe') n/l.,,,Hebrew,Old Testament
H7341,רוֹחַב,width (literally or figuratively),,,Hebrew,Old Testament
H7342,רָחָב,rachab (raw-khawb') adj.,,,Hebrew,Old Testament
H7343,רָחָב,Rachab (raw-khawb') n/p.,,,Hebrew,Old Testament
H7344,רְחוֹבוֹת רֶחוֹבוֹת,Rchobowth (rekh-o-both') (or Rchoboth rekh-o-both') n/l.,,,Hebrew,Old Testament
H7345,רְחַביָה רֶחַביָהוּ,Rchabyah (rekh-ab-yaw') (or Rchabyahuw rek-ab-yaw'-hoo) n/p.,,,Hebrew,Old Testament
H7346,רְחַבעָם,Rchab`am (rekh-ab-awm') n/p.,,,Hebrew,Old Testament
H7347,רֵחֶה,a mill-stone,,,Hebrew,Old Testament
H7348,רְחוּם,Rchuwm (rekh-oom') n/p.,,,Hebrew,Old Testament
H7349,רַחוּם,rachuwm (rakh-oom') adj.,,,Hebrew,Old Testament
H7350,רָחוֹק רָחוֹק,rachowq (raw-khoke') (or rachoq raw-khoke') adj.,,,Hebrew,Old Testament
H7351,רְחִיטּ,a panel (as resembling a trough),,,Hebrew,Old Testament
H7352,רַחִיק,rachiyq (rakh-eek') adj.,,,Hebrew,Old Testament
H7353,רָחֵל,a ewe (the females being the predominant element of a flock) (as a good traveller),,,Hebrew,Old Testament
H7354,רָחֵל,Rachel (raw-khale') n/p.,,,Hebrew,Old Testament
H7355,רָחַם,racham (raw-kham') v.,రాఖమ్,కనికరించు,Hebrew,Old Testament
H7356,רַחַם,compassion (in the plural),రాఖమీమ్,కనికరం,Hebrew,Old Testament
H7357,רַחַם,Racham (rakh'-am) n/p.,,,Hebrew,Old Testament
H7358,רֶחֶם,the womb,,,Hebrew,Old Testament
H7359,רְחֵם,(plural) pity,,,Hebrew,Old Testament
H7360,רָחָם רָחָמָה,a kind of vulture (supposed to be tender towards its young),,,Hebrew,Old Testament
H7361,רַחֲמָה,a maiden,,,Hebrew,Old Testament
H7362,רַחמָנִי,rachmaniy (rakh-maw-nee') adj.,,,Hebrew,Old Testament
H7363,רָחַף,rachaph (raw-khaf') v.,,,Hebrew,Old Testament
H7364,רָחַץ,rachats (raw-khats') v.,,,Hebrew,Old Testament
H7365,רְחַץ,rchats (rekh-ats') v.,,,Hebrew,Old Testament
H7366,רַחַץ,a bath,,,Hebrew,Old Testament
H7367,רַחצָּה,a bathing place,,,Hebrew,Old Testament
H7368,רָחַק,rachaq (raw-khak') v.,,,Hebrew,Old Testament
H7369,רָחֵק,racheq (raw-khake') adj.,,,Hebrew,Old Testament
H7370,רָחַשׁ,rachash (raw-khash') v.,,,Hebrew,Old Testament
H7371,רַחַת,a winnowing-fork (as blowing the chaff away),,,Hebrew,Old Testament
H7372,רָטַב,ratab (raw-tab') v.,,,Hebrew,Old Testament
H7373,רָטוֹב,ratob (raw-tobe') adj.,,,Hebrew,Old Testament
H7374,רֶטֶט,terror,,,Hebrew,Old Testament
H7375,רוּטֲפַשׁ,ruwtaphash (roo-taf-ash') v.,,,Hebrew,Old Testament
H7376,רָטַשׁ,ratash (raw-tash') v.,,,Hebrew,Old Testament
H7377,רִי,irrigation,,,Hebrew,Old Testament
H7378,רִיבּ רוּב,riyb (reeb) (or ruwb roob) v.,,,Hebrew,Old Testament
H7379,רִיבּ רִב,a contest (personal or legal),,,Hebrew,Old Testament
H7380,רִיבַּי,Riybay (ree-bah'-ee) n/p.,,,Hebrew,Old Testament
H7381,רֵיַח,odor (as if blown),,,Hebrew,Old Testament
H7382,רֵיַח,smell,,,Hebrew,Old Testament
H7383,רִיפָה רִפָה,(only plural),,,Hebrew,Old Testament
H7384,רִיפַת,Riyphath (ree-fath') (or (probably by orthographical error) Diyphath dee-fath') n/p.,,,Hebrew,Old Testament
H7385,רִיק,emptiness,,,Hebrew,Old Testament
H7386,רֵיק רֵק,reyq (rake) (or (shorter) req rake) adj.,,,Hebrew,Old Testament
H7387,רֵיקָם,reyqam (ray-kawm') adv.,,,Hebrew,Old Testament
H7388,רִיר,saliva,,,Hebrew,Old Testament
H7389,רֵישׁ רֵאשׁ רִישׁ,poverty,,,Hebrew,Old Testament
H7390,רַך,rak (rak) adj.,,,Hebrew,Old Testament
H7391,רוֹך,softness (figuratively),,,Hebrew,Old Testament
H7392,רָכַב,rakab (raw-kab') v.,,,Hebrew,Old Testament
H7393,רֶכֶב,a vehicle,,,Hebrew,Old Testament
H7394,רֵכָב,Rekab (ray-kawb') n/p.,,,Hebrew,Old Testament
H7395,רַכָּב,a charioteer,,,Hebrew,Old Testament
H7396,רִכבָּה,a chariot (collectively),,,Hebrew,Old Testament
H7397,רֵכָה,Rekah (ray-kaw') n/l.,,,Hebrew,Old Testament
H7398,רְכוּב,a vehicle (as ridden on),,,Hebrew,Old Testament
H7399,רְכוּשׁ רְכוּשׁ,property (as gathered),,,Hebrew,Old Testament
H7400,רָכִיל,slander,,,Hebrew,Old Testament
H7401,רָכַך,rakak (raw-kak') v.,,,Hebrew,Old Testament
H7402,רָכַל,rakal (raw-kal') v.,,,Hebrew,Old Testament
H7403,רָכָל,Rakal (raw-kawl') n/l.,,,Hebrew,Old Testament
H7404,רְכוּלָּה,trade (as peddled),,,Hebrew,Old Testament
H7405,רָכַס,rakac (raw-kas') v.,,,Hebrew,Old Testament
H7406,רֶכֶס,a mountain ridge (as of tied summits),,,Hebrew,Old Testament
H7407,רוֹכֶס,a snare (as of tied meshes),,,Hebrew,Old Testament
H7408,רָכַשׁ,rakash (raw-kash') v.,,,Hebrew,Old Testament
H7409,רֶכֶשׁ,a relay of animals on a post-route (as stabled up for that purpose),,,Hebrew,Old Testament
H7410,רָם,Ram (rawm) n/p.,,,Hebrew,Old Testament
H7411,רָמָה,ramah (raw-maw') v.,,,Hebrew,Old Testament
H7412,רְמָה,rmah (rem-aw') v.,,,Hebrew,Old Testament
H7413,רָמָה,a height (as a seat of idolatry),,,Hebrew,Old Testament
H7414,רָמָה,Ramah (raw-maw') n/l.,,,Hebrew,Old Testament
H7415,רִמָּה,a maggot (as rapidly bred),,,Hebrew,Old Testament
H7416,רִמּוֹן רִמּוֹן,a pomegranate,,,Hebrew,Old Testament
H7417,רִמּוֹן רִמּוֹן רִמּוֹנוֹ,Rimmown (rim-mone') (or (shorter) Rimmon rim-mone' or Rimmownow (1 Chronicles 6) n/l.,,,Hebrew,Old Testament
H7418,רָמוֹת ־ נֶגֶב רָמַת נֶגֶב,Ramowth-Negeb (raw-moth-neh'-gheb) (or Ramath Negeb raw'-math neh'-gheb) n/l.,,,Hebrew,Old Testament
H7419,רָמוּת,a heap (of carcasses),,,Hebrew,Old Testament
H7420,רוֹמַח,a lance (as thrown),,,Hebrew,Old Testament
H7421,רַמִּי,rammiy (ram-mee') adj.,,,Hebrew,Old Testament
H7422,רַמיָה,Ramyah (ram-yaw') n/p.,,,Hebrew,Old Testament
H7423,רְמִיָה,remissness,,,Hebrew,Old Testament
H7424,רַמָּך,a brood mare,,,Hebrew,Old Testament
H7425,רְמַליָהוּ,Rmalyahuw (rem-al-yaw'-hoo) n/p.,,,Hebrew,Old Testament
H7426,רָמַם,ramam (raw-mam') v.,,,Hebrew,Old Testament
H7427,רוֹמֵמוּת,romemuth (ro-may-mooth') v.,,,Hebrew,Old Testament
H7428,רִמּוֹן פֶּרֶץ,Rimmon Perets (rim-mone' peh'-rets) n/l.,,,Hebrew,Old Testament
H7429,רָמַס,ramac (raw-mas') v.,,,Hebrew,Old Testament
H7430,רָמַשׂ,ramas (raw-mas') v.,,,Hebrew,Old Testament
H7431,רֶמֶשׂ,a reptile or any other rapidly moving animal,,,Hebrew,Old Testament
H7432,רֶמֶת,Remeth (reh'-meth) n/l.,,,Hebrew,Old Testament
H7433,רָמוֹת גִּלעָד רָמוֹת גִּלעָד,Ramowth (raw-moth') (or Ramoth Giliad (2 Chronicles 22) n/p.,,,Hebrew,Old Testament
H7434,רָמַת הַמִּצפֶּה,Ramath ham-Mits-peh (raw-math' ham-mits-peh') n/l.,,,Hebrew,Old Testament
H7435,רָמָתִי,Ramathiy (raw-maw-thee') adj.,,,Hebrew,Old Testament
H7436,רָמָתַיִם צּוֹפִים,Ramathayim Tsow-phiym (raw-maw-thah'-yim tso-feem') n/l.,,,Hebrew,Old Testament
H7437,רָמַת לֶחִי,Ramath Lechiy (raw'-math lekh'-ee) n/l.,,,Hebrew,Old Testament
H7438,רוֹן,a shout (of deliverance),,,Hebrew,Old Testament
H7439,רָנָה,ranah (raw-naw') v.,,,Hebrew,Old Testament
H7440,רִנָּה,(properly) a creaking (or shrill sound),,,Hebrew,Old Testament
H7441,רִנָּה,Rinnah (rin-naw') n/p.,,,Hebrew,Old Testament
H7442,רָנַן,ranan (raw-nan') v.,,,Hebrew,Old Testament
H7443,רֶנֶן,an ostrich (from its wail),,,Hebrew,Old Testament
H7444,רַנֵּן,rannen (ran-nane') v.,,,Hebrew,Old Testament
H7445,רְנָנָה,a shout (for joy),,,Hebrew,Old Testament
H7446,רִסָּה,Riccah (ris-saw') n/l.,,,Hebrew,Old Testament
H7447,רָסִיס,(properly) dripping to pieces,,,Hebrew,Old Testament
H7448,רֶסֶן,a halter (as restraining),,,Hebrew,Old Testament
H7449,רֶסֶן,Recen (reh'-sen) n/l.,,,Hebrew,Old Testament
H7450,רָסַס,racac (raw-sas') v.,,,Hebrew,Old Testament
H7451,רַע רָעָה,ra` (rah) adj.,రా,చెడు,Hebrew,Old Testament
H7452,רֵַע,a crash (of thunder),,,Hebrew,Old Testament
H7453,רֵַע רֵיַע,an associate (more or less close),,,Hebrew,Old Testament
H7454,רֵַע,a thought (as association of ideas),,,Hebrew,Old Testament
H7455,רוַֹע,badness (as marring),,,Hebrew,Old Testament
H7456,רָעֵב,ra`eb (raw-abe') v.,,,Hebrew,Old Testament
H7457,רָעֵב,ra`eb (raw-abe') adj.,,,Hebrew,Old Testament
H7458,רָעָב,hunger (more or less extensive),,,Hebrew,Old Testament
H7459,רְעָבוֹן,famine,,,Hebrew,Old Testament
H7460,רָעַד,ra`ad (raw-ad') v.,,,Hebrew,Old Testament
H7461,רַעַד רֶעָדָה,ra`ad (rah'-ad) (or (feminine) radah reh-aw-daw') n-e.,,,Hebrew,Old Testament
H7462,רָעָה,ra`ah (raw-aw') v.,,,Hebrew,Old Testament
H7463,רֵעֶה,a (male) companion,,,Hebrew,Old Testament
H7464,רֵעָה,a female associate,,,Hebrew,Old Testament
H7465,רוֹעָה,ro`ah (ro-aw') v.,,,Hebrew,Old Testament
H7466,רְעוּ,R`uw (reh-oo') n/p.,,,Hebrew,Old Testament
H7467,רְעוּאֵל,R`uw'el (reh-oo-ale') n/p.,,,Hebrew,Old Testament
H7468,רְעוּת,a female associate,,,Hebrew,Old Testament
H7469,רְעוּת,a feeding upon,,,Hebrew,Old Testament
H7470,רְעוּת,desire,,,Hebrew,Old Testament
H7471,רְעִי,pasture,,,Hebrew,Old Testament
H7472,רֵעִי,Re`iy (ray-ee') n/p.,,,Hebrew,Old Testament
H7473,רוֹעִי,ro`iy (ro-ee') v.,,,Hebrew,Old Testament
H7474,רַעיָה,a female associate,,,Hebrew,Old Testament
H7475,רַעיוֹן,desire,,,Hebrew,Old Testament
H7476,רַעיוֹן,a grasp. i.e. (figuratively) mental conception,,,Hebrew,Old Testament
H7477,רָעַל,ra`al (raw-al') v.,,,Hebrew,Old Testament
H7478,רַעַל,a reeling (from intoxication),,,Hebrew,Old Testament
H7479,רַעֲלָה,a long veil (as fluttering),,,Hebrew,Old Testament
H7480,רְעֵלָיָה,R`elayah (reh-ay-law-yaw') n/p.,,,Hebrew,Old Testament
H7481,רָעַם,ra`am (raw-am') v.,,,Hebrew,Old Testament
H7482,רַעַם,a peal of thunder,,,Hebrew,Old Testament
H7483,רַעמָה,the mane of a horse (as quivering in the wind),,,Hebrew,Old Testament
H7484,רַעמָה,Ra`mah (rah-maw') n/l.,,,Hebrew,Old Testament
H7485,רַעַמיָה,Ra`amyah` (rah-am-yaw') n/p.,,,Hebrew,Old Testament
H7486,רַעמְסֵס רַעַמסֵס,Ra`mcec (rah-mes-ace') (or Raamcec rah-am-sace') n/l.,,,Hebrew,Old Testament
H7487,רַעמְסֵס רַעַמסֵס,Ra`mcec (rah-mes-ace') (or Raamcec rah-am-sace') n/l.,,,Hebrew,Old Testament
H7488,רַעֲנַן,ra`anan (rah-aw-nan') adj.,,,Hebrew,Old Testament
H7489,רָעַע,ra`a` (raw-ah') v.,రాఆ,చెడు చేయు,Hebrew,Old Testament
H7490,רְעַע,r`a` (reh-ah') v.,,,Hebrew,Old Testament
H7491,רָעַף,ra`aph (raw-af') v.,,,Hebrew,Old Testament
H7492,רָעַץ,ra`ats (raw-ats') v.,,,Hebrew,Old Testament
H7493,רָעַשׁ,ra`ash (raw-ash) v.,,,Hebrew,Old Testament
H7494,רַעַשׁ,vibration,,,Hebrew,Old Testament
H7495,רָפָא רָפָה,rapha' (raw-faw') (or raphah raw-faw') v.,,,Hebrew,Old Testament
H7496,רָפָה,(properly) lax,,,Hebrew,Old Testament
H7497,רָפָא רָפָה,rapha' (raw-faw') (or raphah raw-faw') n/g.,,,Hebrew,Old Testament
H7498,רָפָא רָפָה,Rapha' (raw-faw') (or Raphah raw-faw') n/p.,,,Hebrew,Old Testament
H7499,רְפוּאָה,a medicament,,,Hebrew,Old Testament
H7500,רִפאוּת,a cure,,,Hebrew,Old Testament
H7501,רְפָאֵל,Rpha'el (ref-aw-ale') n/p.,,,Hebrew,Old Testament
H7502,רָפַד,raphad (raw-fad') v.,,,Hebrew,Old Testament
H7503,רָפָה,raphah (raw-faw') v.,,,Hebrew,Old Testament
H7504,רָפֶה,rapheh (raw-feh') adj.,,,Hebrew,Old Testament
H7505,רָפוּא,Raphuw' (raw-foo') n/p.,,,Hebrew,Old Testament
H7506,רֶפַח,Rephach (reh'-fakh) n/p.,,,Hebrew,Old Testament
H7507,רְפִידָּה,a railing (as spread along),,,Hebrew,Old Testament
H7508,רְפִידִּים,Rphiydiym (ref-ee-deem') n/p.,,,Hebrew,Old Testament
H7509,רְפָיָה,Rphayah (ref-aw-yaw') n/p.,,,Hebrew,Old Testament
H7510,רִפיוֹן,slackness,,,Hebrew,Old Testament
H7511,רָפַס,raphac (raw-fas') v.,,,Hebrew,Old Testament
H7512,רְפַס,rphac (ref-as') v.,,,Hebrew,Old Testament
H7513,רַפסוֹדָה,a raft (as flat on the water),,,Hebrew,Old Testament
H7514,רָפַק,raphaq (raw-fak') v.,,,Hebrew,Old Testament
H7515,רָפַשׂ,raphas (raw-fas') v.,,,Hebrew,Old Testament
H7516,רֶפֶשׁ,mud (as roiled),,,Hebrew,Old Testament
H7517,רֶפֶת,a stall for cattle (from their resting there),,,Hebrew,Old Testament
H7518,רַץ,a fragment,,,Hebrew,Old Testament
H7519,רָצָא,ratsa' (raw-tsaw') v.,,,Hebrew,Old Testament
H7520,רָצַד,ratsad (raw-tsad') v.,,,Hebrew,Old Testament
H7521,רָצָה,ratsah (raw-tsaw') v.,రాత్సా,ప్రసన్నుడగు,Hebrew,Old Testament
H7522,רָצוֹן רָצוֹן,delight (especially as shown),రాత్సోన్,సంతోషం,Hebrew,Old Testament
H7523,רָצַח,ratsach (raw-tsakh') v.,,,Hebrew,Old Testament
H7524,רֶצַח,a crushing,,,Hebrew,Old Testament
H7525,רִציָא,Ritsya' (rits-yaw') n/p.,,,Hebrew,Old Testament
H7526,רְצִין,Rtsiyn (rets-een') n/p.,,,Hebrew,Old Testament
H7527,רָצַע,ratsa` (raw-tsah') v.,,,Hebrew,Old Testament
H7528,רָצַף,ratsaph (raw-tsaf') v.,,,Hebrew,Old Testament
H7529,רֶצֶף,a red-hot stone (for baking),,,Hebrew,Old Testament
H7530,רֶצֶף,Retseph (reh'-tsef) n/l.,,,Hebrew,Old Testament
H7531,רִצפָּה,a hot stone,,,Hebrew,Old Testament
H7532,רִצפָּה,Ritspah (rits-paw') n/p.,,,Hebrew,Old Testament
H7533,רָצַץ,ratsats (raw-tsats') v.,,,Hebrew,Old Testament
H7534,רַק,raq (rak) adj.,,,Hebrew,Old Testament
H7535,רַק,raq (rak) adv.,రక్,కేవలం,Hebrew,Old Testament
H7536,רוֹק,spittle,,,Hebrew,Old Testament
H7537,רָקַב,raqab (raw-kab') v.,,,Hebrew,Old Testament
H7538,רָקָב,decay (by caries),,,Hebrew,Old Testament
H7539,רִקָּבוֹן,decay (by caries),,,Hebrew,Old Testament
H7540,רָקַד,raqad (raw-kad') v.,,,Hebrew,Old Testament
H7541,רַקָּה,(properly) thinness,,,Hebrew,Old Testament
H7542,רַקּוֹן,Raqqown (rak-kone') n/l.,,,Hebrew,Old Testament
H7543,רָקַח,raqach (raw-kakh') v.,,,Hebrew,Old Testament
H7544,רֶקַח,(properly) perfumery,,,Hebrew,Old Testament
H7545,רוֹקַח,an aromatic,,,Hebrew,Old Testament
H7546,רַקָּח,a male perfumer,,,Hebrew,Old Testament
H7547,רַקּוַּח,a scented substance,,,Hebrew,Old Testament
H7548,רַקָּחָה,a female perfumer,,,Hebrew,Old Testament
H7549,רָקִיַע,(properly) an expanse,,,Hebrew,Old Testament
H7550,רָקִיק,a thin cake,,,Hebrew,Old Testament
H7551,רָקַם,raqam (raw-kam') v.,,,Hebrew,Old Testament
H7552,רֶקֶם,Reqem (reh'-kem) n/l.,,,Hebrew,Old Testament
H7553,רִקמָה,variegation of color,,,Hebrew,Old Testament
H7554,רָקַע,raqa` (raw-kah') v.,,,Hebrew,Old Testament
H7555,רִקּוַּע,beaten out,,,Hebrew,Old Testament
H7556,רָקַק,raqaq (raw-kak') v.,,,Hebrew,Old Testament
H7557,רַקַּת,Raqqath (rak-kath') n/l.,,,Hebrew,Old Testament
H7558,רִשׁיוֹן,a permit,,,Hebrew,Old Testament
H7559,רָשַׁם,rasham (raw-sham') v.,,,Hebrew,Old Testament
H7560,רְשַׁם,rsham (resh-am') v.,,,Hebrew,Old Testament
H7561,רָשַׁע,rasha` (raw-shah') v.,,,Hebrew,Old Testament
H7562,רֶשַׁע,a wrong (especially moral),,,Hebrew,Old Testament
H7563,רָשָׁע,rasha` (raw-shaw') adj.,రాషా,దుష్టుడు,Hebrew,Old Testament
H7564,רִשׁעָה,wrong (especially moral),రిష్ఆ,దుష్టత్వం,Hebrew,Old Testament
H7565,רֶשֶׁף,a live coal,,,Hebrew,Old Testament
H7566,רֶשֶׁף,Resheph (reh'-shef) n/p.,,,Hebrew,Old Testament
H7567,רָשַׁשׁ,rashash (raw-shash') v.,,,Hebrew,Old Testament
H7568,רֶשֶׁת,a net (as catching animals),,,Hebrew,Old Testament
H7569,רַתּתּוֹק,a chain,,,Hebrew,Old Testament
H7570,רָתַח,rathach (raw-thakh') v.,,,Hebrew,Old Testament
H7571,רֶתַח,a boiling,,,Hebrew,Old Testament
H7572,רַתּתִּיקָה,a chain,,,Hebrew,Old Testament
H7573,רָתַם,ratham (raw-tham') v.,,,Hebrew,Old Testament
H7574,רֶתֶם רוֹתֶם,the Spanish broom (from its pole-like stems),,,Hebrew,Old Testament
H7575,רִתמָה,Rithmah (rith-maw') n/p.,,,Hebrew,Old Testament
H7576,רָתַק,rathaq (raw-thak') v.,,,Hebrew,Old Testament
H7577,רְתוּקָה,something fastened,,,Hebrew,Old Testament
H7578,רְתֵת,terror,,,Hebrew,Old Testament
H7579,שָׁאַב,sha'ab (sahw-ab') v.,,,Hebrew,Old Testament
H7580,שָׁאַג,sha'ag (shaw-ag') v.,,,Hebrew,Old Testament
H7581,שְׁאָגָה,a rumbling or moan,,,Hebrew,Old Testament
H7582,שָׁאָה,sha'ah (shaw-aw') v.,,,Hebrew,Old Testament
H7583,שָׁאָה,sha'ah (shaw-aw') v.,,,Hebrew,Old Testament
H7584,שַׁאֲוָה,a tempest (as rushing),,,Hebrew,Old Testament
H7585,שְׁאוֹל שְׁאוֹל,Hades or the world of the dead (as if a subterranean retreat),,,Hebrew,Old Testament
H7586,שָׁאוּל,Sha'uwl (shaw-ool') n/p.,,,Hebrew,Old Testament
H7587,שָׁאוּלִי,Sha'uwliy (shaw-oo-lee') adj.,,,Hebrew,Old Testament
H7588,שָׁאוֹן,uproar (as of rushing),,,Hebrew,Old Testament
H7589,שְׁאָט,contempt,,,Hebrew,Old Testament
H7590,שָׁאטּ,sha't (shawt) v.,,,Hebrew,Old Testament
H7591,שְׁאִיָה,desolation,,,Hebrew,Old Testament
H7592,שָׁאַל שָׁאֵל,sha'al (shaw-al') (or shael shaw-ale') v.,షాల్,అడుగు,Hebrew,Old Testament
H7593,שְׁאֵל,sh'el (sheh-ale') v.,,,Hebrew,Old Testament
H7594,שְׁאָל,Sh'al (sheh-awl') n/p.,,,Hebrew,Old Testament
H7595,שְׁאֵלָא,(properly) a question (at law),,,Hebrew,Old Testament
H7596,שְׁאֵלָה שֵׁלָה,a petition,,,Hebrew,Old Testament
H7597,שְׁאַלתִּיאֵל שַׁלתִּיאֵל,Sh'altiy'el (sheh-al-tee-ale') (or Shaltiy(el shal-tee-ale') n/p.,,,Hebrew,Old Testament
H7598,שְׁאַלתִּיאֵל,Sh'altiy'el (sheh-al-tee-ale') n/p.,,,Hebrew,Old Testament
H7599,שָׁאַן,sha'an (shaw-an') v.,,,Hebrew,Old Testament
H7600,שַׁאֲנָן,sha'anan (shah-an-awn') adj.,,,Hebrew,Old Testament
H7601,שָׁאַס,sha'ac (shaw-as') v.,,,Hebrew,Old Testament
H7602,שָׁאַף,sha'aph (shaw-af') v.,,,Hebrew,Old Testament
H7603,שְׂאוֹר,barm or yeast-cake (as swelling by fermentation),,,Hebrew,Old Testament
H7604,שָׁאַר,sha'ar (shaw-ar') v.,షాఆర్,మిగులు,Hebrew,Old Testament
H7605,שְׁאָר,a remainder,,,Hebrew,Old Testament
H7606,שְׁאָר,X whatsoever more,,,Hebrew,Old Testament
H7607,שְׁאֵר,flesh (as swelling out),,,Hebrew,Old Testament
H7608,שַׁאֲרָה,female kindred by blood,,,Hebrew,Old Testament
H7609,שֶׁאֱרָה,She'erah (sheh-er-aw') n/p.,,,Hebrew,Old Testament
H7610,שְׁאָר יָשׁוּב,Sh'ar Yashuwb (sheh-awr'yaw-shoob') n/p.,,,Hebrew,Old Testament
H7611,שְׁאֵרִיתּ,a remainder or residual (surviving,,,Hebrew,Old Testament
H7612,שֵׁאתּ,devastation,,,Hebrew,Old Testament
H7613,שְׂאֵת,an elevation or leprous scab,,,Hebrew,Old Testament
H7614,שְׁבָא,Shba' (sheb-aw') n/l.,,,Hebrew,Old Testament
H7615,שְׁבָאִי,Shba'iy (sheb-aw-ee') adj.,,,Hebrew,Old Testament
H7616,שָׁבָב,a fragment,,,Hebrew,Old Testament
H7617,שָׁבָה,shabah (shaw-baw') v.,,,Hebrew,Old Testament
H7618,שְׁבוּ,a gem (from its sparkle),,,Hebrew,Old Testament
H7619,שְׁבוּאֵל שׁוּבָאֵל,Shbuw'el (sheb-oo-ale') (or Shuwbanel shoo-baw-ale') n/p.,,,Hebrew,Old Testament
H7620,שָׁבוַּע שָׁבוַּע שֶׁבוּעָה,literal,,,Hebrew,Old Testament
H7621,שְׁבוּעָה,(properly) something sworn,,,Hebrew,Old Testament
H7622,שְׁבוּת שְׁבִיתּ,exile,,,Hebrew,Old Testament
H7623,שָׁבַח,shabach (shaw-bakh') v.,,,Hebrew,Old Testament
H7624,שְׁבַח,shbach (sheb-akh') v.,,,Hebrew,Old Testament
H7625,שְׁבַט,a clan,,,Hebrew,Old Testament
H7626,שֵׁבֶט,a scion,,,Hebrew,Old Testament
H7627,שְׁבָט,Shbat (sheb-awt') n/t.,,,Hebrew,Old Testament
H7628,שְׁבִי,exiled,,,Hebrew,Old Testament
H7629,שׁוֹבִי,Shobiy (sho-bee') n/p.,,,Hebrew,Old Testament
H7630,שׁוֹבַי,Shobay (sho-bah'-ee) n/p.,,,Hebrew,Old Testament
H7631,שְׂבִיבּ,flame,,,Hebrew,Old Testament
H7632,שָׁבִיבּ,flame (as split into tongues),,,Hebrew,Old Testament
H7633,שִׁביָה,exile (abstractly or concretely and collectively),,,Hebrew,Old Testament
H7634,שָׁביָה,Shobyah (shob-yaw') n/p.,,,Hebrew,Old Testament
H7635,שָׁבִיל,a track or passage-way (as if flowing along),,,Hebrew,Old Testament
H7636,שָׁבִיס,a netting for the hair,,,Hebrew,Old Testament
H7637,שְׁבִיעִי שֶׁבִעִי,shbiy`iy (sheb-ee-ee') (or shbi iy sheb-ee-ee') adj.,,,Hebrew,Old Testament
H7638,שָׂבָך,a netting (ornament to the capital of a column),,,Hebrew,Old Testament
H7639,שְׂבָכָה,a net-work,,,Hebrew,Old Testament
H7640,שׁוֹבֶל,a lady's train (as trailing after her),,,Hebrew,Old Testament
H7641,שִׁבּוֹל שִׁבּוֹלֶת,a stream (as flowing),,,Hebrew,Old Testament
H7642,שַׁבלוּל,a snail (as if floating in its own slime),,,Hebrew,Old Testament
H7643,שְׂבָם שִׂבמָה,Sbam (seb-awm') (or (feminine) Sibmah sib-maw') n/l.,,,Hebrew,Old Testament
H7644,שֶׁבנָא שֶׁבנָה,Shebna' (sheb-naw') (or Shebnah sheb-naw') n/p.,,,Hebrew,Old Testament
H7645,שְׁבַניָה שֶׁבַניָהוּ,Shbanyah (sheb-an-yaw') (or Shbanyahuw sheb-an-yaw'-hoo) n/p.,,,Hebrew,Old Testament
H7646,שָׂבַע שָׂבֵַע,saba` (saw-bah') (or sabeay saw-bay'-ah) v.,,,Hebrew,Old Testament
H7647,שָׂבָע,copiousness,,,Hebrew,Old Testament
H7648,שׂוֹבַע,satisfaction (of food or (figuratively) joy),,,Hebrew,Old Testament
H7649,שָׂבֵַע,sabea` (saw-bay'-ah) adj.,,,Hebrew,Old Testament
H7650,שָׁבַע,shaba` (shaw-bah') v.,షాబా,ప్రమాణం చేయు,Hebrew,Old Testament
H7651,שֶׁבַע שִׁבעָה,sheba` (sheh'-bah) (or (masculine) shibrah shib-aw') n-e.,షెబా,ఏడు,Hebrew,Old Testament
H7652,שֶׁבַע,sheba` (sheh'-bah) n/l.,,,Hebrew,Old Testament
H7653,שִׂבעָה,satiety,,,Hebrew,Old Testament
H7654,שָׂבעָה,satiety,,,Hebrew,Old Testament
H7655,שִׁבעָה,seven (times),,,Hebrew,Old Testament
H7656,שִׁבעָה,Shib`ah (shib-aw') n/l.,,,Hebrew,Old Testament
H7657,שִׁבעִים,shib`iym. (shib-eem') num.,,,Hebrew,Old Testament
H7658,שִׁבעָנָה,shib`anah (shib-aw-naw') num.,,,Hebrew,Old Testament
H7659,שִׁבעָתַיִם,seven- times,,,Hebrew,Old Testament
H7660,שָׁבַץ,shabats (shaw-bats') v.,,,Hebrew,Old Testament
H7661,שָׁבָץ,entanglement,,,Hebrew,Old Testament
H7662,שְׁבַק,shbaq (sheb-ak') v.,,,Hebrew,Old Testament
H7663,שָׂבַר שָׁבַר,sabar (saw-bar') (erroneously shabar (Nehemiah 2) v.,,,Hebrew,Old Testament
H7664,שֵׂבֶר,expectation,,,Hebrew,Old Testament
H7665,שָׁבַר,shabar (shaw-bar') v.,,,Hebrew,Old Testament
H7666,שָׁבַר,shabar (shaw-bar') v.,,,Hebrew,Old Testament
H7667,שֶׁבֶר שֵׁבֶר,a fracture,,,Hebrew,Old Testament
H7668,שֶׁבֶר,grain (as if broken into kernels),,,Hebrew,Old Testament
H7669,שֶׁבֶר,Sheber (sheh'-ber) n/p.,,,Hebrew,Old Testament
H7670,שִׁברוֹן,rupture,,,Hebrew,Old Testament
H7671,שְׁבָרִים,Shbariym (sheb-aw-reem') n/l.,,,Hebrew,Old Testament
H7672,שְׁבַשׁ,shbash (sheb-ash') v.,,,Hebrew,Old Testament
H7673,שָׁבַת,shabath (shaw-bath') v.,,,Hebrew,Old Testament
H7674,שֶׁבֶת,rest,,,Hebrew,Old Testament
H7675,שֶׁבֶת,(properly) session,,,Hebrew,Old Testament
H7676,שַׁבָּת,shabbath (shab-bawth') n-e.,షబ్బాత్,విశ్రాంతి,Hebrew,Old Testament
H7677,שַׁבָּתוֹן,a sabbatism or special holiday,,,Hebrew,Old Testament
H7678,שַׁבְּתַי,Shabbthay (shab-beth-ah'-ee) n/p.,,,Hebrew,Old Testament
H7679,שָׂגָא,saga' (saw-gaw') v.,,,Hebrew,Old Testament
H7680,שְׂגָא,sga' (seg-aw') v.,,,Hebrew,Old Testament
H7681,שָׁגֵא,Shage' (shaw-gay') n/p.,,,Hebrew,Old Testament
H7682,שָׂגַב,sagab (saw-gab') v.,,,Hebrew,Old Testament
H7683,שָׁגַג,shagag (shaw-gag') v.,,,Hebrew,Old Testament
H7684,שְׁגָגָה,a mistake or inadvertent transgression,,,Hebrew,Old Testament
H7685,שָׂגָה,sagah (saw-gaw') v.,,,Hebrew,Old Testament
H7686,שָׁגָה,shagah (shaw-gaw') v.,,,Hebrew,Old Testament
H7687,שְׂגוּב,Sguwb (seg-oob') n/p.,,,Hebrew,Old Testament
H7688,שָׁגַח,shagach (shaw-gakh') v.,,,Hebrew,Old Testament
H7689,שַׂגִּיא,saggiy' (sag-ghee') adj.,,,Hebrew,Old Testament
H7690,שַׂגִּיא,saggiy' (sag-ghee') adj.,,,Hebrew,Old Testament
H7691,שְׁגִיאָה,a moral mistake,,,Hebrew,Old Testament
H7692,שִׁגָּיוֹן שִׁגָּיוֹנָה,shiggayown (shig-gaw-yone') (or shiggayonah shig-gaw-yo-naw') n/p.,,,Hebrew,Old Testament
H7693,שָׁגַל,shagal (shaw-gal') v.,,,Hebrew,Old Testament
H7694,שֵׁגָל,a queen (from cohabitation),,,Hebrew,Old Testament
H7695,שֵׁגָל,a (legitimate) queen,,,Hebrew,Old Testament
H7696,שָׁגַע,shaga` (shaw-gah') v.,,,Hebrew,Old Testament
H7697,שִׁגָּעוֹן,craziness,,,Hebrew,Old Testament
H7698,שֶׁגֶר,the fetus (as finally expelled),,,Hebrew,Old Testament
H7699,שַׁד שׁוֹד,the breast of a woman or animal (as bulging),,,Hebrew,Old Testament
H7700,שֵׁד,a doemon (as malignant),,,Hebrew,Old Testament
H7701,שׁוֹד שׁוֹד,violence,,,Hebrew,Old Testament
H7702,שָׂדַד,sadad (saw-dad') v.,,,Hebrew,Old Testament
H7703,שָׁדַד,shadad (shaw-dad') v.,,,Hebrew,Old Testament
H7704,שָׂדֶה שָׂדַי,a field (as flat),,,Hebrew,Old Testament
H7705,שִׁדָּה,a wife (as mistress of the house),,,Hebrew,Old Testament
H7706,שַׁדַּי,the Almighty,,,Hebrew,Old Testament
H7707,שְׁדֵיאוּר,Shdey'uwr (shed-ay-oor') n/p.,,,Hebrew,Old Testament
H7708,שִׂדִּים,Siddiym (sid-deem') n/l.,,,Hebrew,Old Testament
H7709,שְׁדֵמָה,a cultivated field,,,Hebrew,Old Testament
H7710,שָׁדַף,shadaph (shaw-daf') v.,,,Hebrew,Old Testament
H7711,שְׁדֵפָה שִׁדָּפוֹן,shdephah (shed-ay-faw') (or shiddaphown shid-daw-fone') n-e.,,,Hebrew,Old Testament
H7712,שְׁדַר,shdar (shed-ar') v.,,,Hebrew,Old Testament
H7713,שְׂדֵרָה,a row,,,Hebrew,Old Testament
H7714,שַׁדרַך,Shadrak (shad-rak') n/p.,,,Hebrew,Old Testament
H7715,שַׁדרַך,Shadrak (shad-rak') n/p.,,,Hebrew,Old Testament
H7716,שֶׂה שֵׂי,a member of a flock,,,Hebrew,Old Testament
H7717,שָׂהֵד,a witness,,,Hebrew,Old Testament
H7718,שׁוֹהַם,a gem,,,Hebrew,Old Testament
H7719,שׁוֹהַם,Shoham (sho'-ham) n/p.,,,Hebrew,Old Testament
H7720,שַׂהֲרוֹן,a round pendant for the neck,,,Hebrew,Old Testament
H7721,שׂוֹא,sow' (so) v.,,,Hebrew,Old Testament
H7722,שׁוֹא שׁוֹאָה שׁוֹאָה,a tempest,,,Hebrew,Old Testament
H7723,שָׁוא שַׁו,evil (as destructive),,,Hebrew,Old Testament
H7724,שְׁוָא,Shva' (shev-aw') n/p.,,,Hebrew,Old Testament
H7725,שׁוּב,shuwb (shoob) v.,,,Hebrew,Old Testament
H7726,שׁוֹבָב,showbab (sho-bawb') adj.,,,Hebrew,Old Testament
H7727,שׁוֹבָב,Showbab (sho-bawb') n/p.,,,Hebrew,Old Testament
H7728,שׁוֹבֵב,showbeb (sho-babe') adj.,,,Hebrew,Old Testament
H7729,שׁוּבָה,a return,,,Hebrew,Old Testament
H7730,שׂוֹבֶך,a thicket,,,Hebrew,Old Testament
H7731,שׁוֹבָך,Showbak (sho-bawk') n/p.,,,Hebrew,Old Testament
H7732,שׁוֹבָל,Showbal (sho-bawl') n/p.,,,Hebrew,Old Testament
H7733,שׁוֹבֵק,Showbeq (sho-bake') n/p.,,,Hebrew,Old Testament
H7734,שׂוּג,suwg (soog) v.,,,Hebrew,Old Testament
H7735,שׂוּג,suwg (soog) v.,,,Hebrew,Old Testament
H7736,שׁוּד,shuwd (shood) v.,,,Hebrew,Old Testament
H7737,שָׁוָה,shavah (shaw-vaw') v.,,,Hebrew,Old Testament
H7738,שָׁוָה,to destroy,,,Hebrew,Old Testament
H7739,שְׁוָה,shvah (shev-aw') v.,,,Hebrew,Old Testament
H7740,שָׁוֵה,Shaveh (shaw-vay') n/l.,,,Hebrew,Old Testament
H7741,שָׁוֵה קִריָתַיִם,Shaveh Qiryathayim (shaw-vay' kir-yaw-thah'-yim) n/p.,,,Hebrew,Old Testament
H7742,שׂוַּח,suwach (soo'-akh) v.,,,Hebrew,Old Testament
H7743,שׁוַּח,shuwach (shoo'-akh) v.,,,Hebrew,Old Testament
H7744,שׁוַּח,Shuwach (shoo'-akh) n/p.,,,Hebrew,Old Testament
H7745,שׁוּחָה,a chasm,,,Hebrew,Old Testament
H7746,שׁוּחָה,Shuwchah (shoo-khaw') n/p.,,,Hebrew,Old Testament
H7747,שׁוּחִי,Shuchiy (shoo-khee') adj.,,,Hebrew,Old Testament
H7748,שׁוּחָם,Shuwcham (shoo-khawm') n/p.,,,Hebrew,Old Testament
H7749,שׁוּחָמִי,Shuwchamiy (shoo-khaw-mee') adj.,,,Hebrew,Old Testament
H7750,שׂוּט סוּט,suwt (soot) (or (by permutation) cuwt soot) v.,,,Hebrew,Old Testament
H7751,שׁוּט,shuwt (shoot) v.,,,Hebrew,Old Testament
H7752,שׁוֹט,a lash (literally or figuratively),,,Hebrew,Old Testament
H7753,שׂוּך,suwk (sook) v.,,,Hebrew,Old Testament
H7754,שׂוֹך שׂוֹכָה,sowk (soke) (or (feminine) sowkah so-kaw') n-e.,,,Hebrew,Old Testament
H7755,שׂוֹכוֹה שׂוֹכוֹה שׂוֹכוֹ,Sowkoh (so-ko') (or Sokoh so-ko' or Sowkow so-ko',,,Hebrew,Old Testament
H7756,שׂוּכָתִי,Suwkathiy (soo-kaw-thee') adj.,,,Hebrew,Old Testament
H7757,שׁוּל,a skirt,,,Hebrew,Old Testament
H7758,שׁוֹלָל שֵׁילָל,showlal (sho-lawl') (or sheylal (Micah 1) adj.,,,Hebrew,Old Testament
H7759,שׁוּלַמִּיתּ,Shuwlammiyth (shoo-lam-meeth') adj.,,,Hebrew,Old Testament
H7760,שׂוּם שִׂים,suwm (soom) (or siym seem) v.,,,Hebrew,Old Testament
H7761,שׂוּם,suwm (soom) v.,,,Hebrew,Old Testament
H7762,שׁוּם,garlic (from its rank odor),,,Hebrew,Old Testament
H7763,שׁוֹמֵר שׁוֹמֵר,Showmer (sho-mare') (or Shomer sho-mare') n/p.,,,Hebrew,Old Testament
H7764,שׁוּנִי,Shuwniy (shoo-nee') n/p.,,,Hebrew,Old Testament
H7765,שׁוּנִי,Shuwniy (shoo-nee') adj.,,,Hebrew,Old Testament
H7766,שׁוּנֵם,Shuwnem (shoo-name') n/l.,,,Hebrew,Old Testament
H7767,שׁוּנַמִּיתּ,Shuwnammiyth (shoo-nam-meeth') adj.,,,Hebrew,Old Testament
H7768,שָׁוַע,shava` (shaw-vah') v.,,,Hebrew,Old Testament
H7769,שׁוַּע,a halloo,,,Hebrew,Old Testament
H7770,שׁוַּע,Shuwa` (shoo'-ah) n/p.,,,Hebrew,Old Testament
H7771,שׁוַֹע,showa` (sho'-ah) adj.,,,Hebrew,Old Testament
H7772,שׁוַֹע,Showa` (sho'-ah) n/p.,,,Hebrew,Old Testament
H7773,שֶׁוַע,sheva` (sheh'-vah) v.,,,Hebrew,Old Testament
H7774,שׁוּעָא,Shuwa`a' (shoo-aw') n/p.,,,Hebrew,Old Testament
H7775,שַׁועָה,a hallooing,,,Hebrew,Old Testament
H7776,שׁוּעָל שׁוּעָל,a jackal (as a burrower),,,Hebrew,Old Testament
H7777,שׁוּעָל,Shuw`al (shoo-awl') n/l.,,,Hebrew,Old Testament
H7778,שׁוֹעֵר שׁוֹעֵר,a janitor,,,Hebrew,Old Testament
H7779,שׁוּף,shuwph (shoof) v.,,,Hebrew,Old Testament
H7780,שׁוֹפָך,Showphak (sho-fawk') n/p.,,,Hebrew,Old Testament
H7781,שׁוּפָמִי,Shuwphamiy (shoo-faw-mee') adj.,,,Hebrew,Old Testament
H7782,שׁוֹפָר שׁוֹפָר,a cornet (as giving a clear sound) or curved horn,,,Hebrew,Old Testament
H7783,שׁוּק,shuwq (shook) v.,,,Hebrew,Old Testament
H7784,שׁוּק,a street (as run over),,,Hebrew,Old Testament
H7785,שׁוֹק,the (lower) leg (as a runner),,,Hebrew,Old Testament
H7786,שׂוּר,suwr (soor) v.,,,Hebrew,Old Testament
H7787,שׂוּר,suwr (soor) v.,,,Hebrew,Old Testament
H7788,שׁוּר,shuwr (shoor) v.,,,Hebrew,Old Testament
H7789,שׁוּר,shuwr (shoor) v.,,,Hebrew,Old Testament
H7790,שׁוּר,a foe (as lying in wait),,,Hebrew,Old Testament
H7791,שׁוּר,a wall (as going about),,,Hebrew,Old Testament
H7792,שׁוּר,wall,,,Hebrew,Old Testament
H7793,שׁוּר,Shuwr (shoor) n/l.,,,Hebrew,Old Testament
H7794,שׁוֹר,a bullock (as a traveller),,,Hebrew,Old Testament
H7795,שׂוֹרָה,(properly) a ring,,,Hebrew,Old Testament
H7796,שׂוֹרֵק,Sowreq (so-rake') n/l.,,,Hebrew,Old Testament
H7797,שׂוּשׂ שִׂישׂ,suws (soos) (or siys sece) v.,,,Hebrew,Old Testament
H7798,שַׁושָׁא,Shavsha' (shav-shaw') n/p.,,,Hebrew,Old Testament
H7799,שׁוּשַׁן שׁוֹשָׁן שׁוֹשָׁן שׁוֹשַׁנָּה,a lily (from its whiteness),,,Hebrew,Old Testament
H7800,שׁוּשַׁן,Shuwshan (shoo-shan') n/l.,,,Hebrew,Old Testament
H7801,שׁוּשַׁנכִּי,Shuwshankiy (shoo-shan-kee') n/l.,,,Hebrew,Old Testament
H7802,שׁוּשַׁן עֵדוּת שׁוֹשַׁנִּים עֵדוּת,lily (or trumpet) of assemblage,,,Hebrew,Old Testament
H7803,שׁוּתֶלַח,Shuwthelach (shoo-theh'-lakh) n/p.,,,Hebrew,Old Testament
H7804,שְׁזַב,shzab (shez-ab') v.,,,Hebrew,Old Testament
H7805,שָׁזַף,shazaph (shaw-zaf') v.,,,Hebrew,Old Testament
H7806,שָׁזַר,shazar (shaw-zar') v.,,,Hebrew,Old Testament
H7807,שַׁח,shach (shakh) adj.,,,Hebrew,Old Testament
H7808,שֵַׂח,communion,,,Hebrew,Old Testament
H7809,שָׁחַד,shachad (shaw-khad') v.,,,Hebrew,Old Testament
H7810,שַׁחַד,a donation (venal or redemptive),,,Hebrew,Old Testament
H7811,שָׂחָה,sachah (saw-khaw') v.,,,Hebrew,Old Testament
H7812,שָׁחָה,shachah (shaw-khaw') v.,షాఖా,మొక్కు,Hebrew,Old Testament
H7813,שָׂחוּ,a pond (for swimming),,,Hebrew,Old Testament
H7814,שְׂחוֹק שְׂחוֹק,laughter (in merriment or defiance),,,Hebrew,Old Testament
H7815,שְׁחוֹר,dinginess,,,Hebrew,Old Testament
H7816,שְׁחוּת,pit,,,Hebrew,Old Testament
H7817,שָׁחַח,shachach (shaw-khakh') v.,,,Hebrew,Old Testament
H7818,שָׂחַט,sachat (saw-khat') v.,,,Hebrew,Old Testament
H7819,שָׁחַט,to slaughter (in sacrifice or massacre),,,Hebrew,Old Testament
H7820,שָׁחַט,shachat (shaw-khat') v.,,,Hebrew,Old Testament
H7821,שְׁחִיטָּה,slaughter,,,Hebrew,Old Testament
H7822,שְׁחִין,inflammation,,,Hebrew,Old Testament
H7823,שָׁחִיס סָחִישׁ,after-growth,,,Hebrew,Old Testament
H7824,שָׁחִיף,shachiyph (shaw-kheef') adj.,,,Hebrew,Old Testament
H7825,שְׁחִיתּ,a pit-fall (literally or figuratively),,,Hebrew,Old Testament
H7826,שַׁחַל,a lion (from his characteristic roar),,,Hebrew,Old Testament
H7827,שְׁחֵלֶת,a scale or shell,,,Hebrew,Old Testament
H7828,שַׁחַף,the gull (as thin),,,Hebrew,Old Testament
H7829,שַׁחֶפֶת,emaciation,,,Hebrew,Old Testament
H7830,שַׁחַץ,haughtiness (as evinced by the attitude),,,Hebrew,Old Testament
H7831,שַׁחֲצוֹם,Shachatsowm (shakh-ats-ome') n/l.,,,Hebrew,Old Testament
H7832,שָׂחַק,sachaq (saw-khak') v.,సాఖక్,ఆడు,Hebrew,Old Testament
H7833,שָׁחַק,shachaq (shaw-khak') v.,,,Hebrew,Old Testament
H7834,שַׁחַק,a powder (as beaten small),,,Hebrew,Old Testament
H7835,שָׁחַר,shachar (shaw-khar') v.,,,Hebrew,Old Testament
H7836,שָׁחַר,shachar (shaw-khar') v.,,,Hebrew,Old Testament
H7837,שַׁחַר,dawn (literal,,,Hebrew,Old Testament
H7838,שָׁחוֹר שָׁחוֹר,shachor (shaw-khore') (or shachowr shaw-khore') adj.,,,Hebrew,Old Testament
H7839,שַׁחֲרוּת,a dawning,,,Hebrew,Old Testament
H7840,שְׁחַרחוֹרֶת,shcharchoreth (shekh-ar-kho'-reth) adj.,,,Hebrew,Old Testament
H7841,שְׁחַריָה,Shcharyah (shekh-ar-yaw') n/p.,,,Hebrew,Old Testament
H7842,שַׁחֲרַיִם,Shacharayim (shakh-ar-ah'-yim) n/p.,,,Hebrew,Old Testament
H7843,שָׁחַת,shachath (shaw-khath') v.,,,Hebrew,Old Testament
H7844,שְׁחַת,shchath (shekh-ath') v.,,,Hebrew,Old Testament
H7845,שַׁחַת,a pit (especially as a trap),,,Hebrew,Old Testament
H7846,שֵׂט סֵט,a departure from right,,,Hebrew,Old Testament
H7847,שָׂטָה,satah (saw-taw') v.,,,Hebrew,Old Testament
H7848,שִׁטָּה שִׁטִּים,the acacia (from its scourging thorns),,,Hebrew,Old Testament
H7849,שָׁטַח,shatach (shaw-takh') v.,,,Hebrew,Old Testament
H7850,שׁוֹטֵט,but only as a denominative from H7752) to flog,,,Hebrew,Old Testament
H7851,שִׁטִּים,Shittiym (shit-teem') n/l.,,,Hebrew,Old Testament
H7852,שָׂטַם,satam (saw-tam') v.,,,Hebrew,Old Testament
H7853,שָׂטַן,satan (saw-tan') v.,,,Hebrew,Old Testament
H7854,שָׂטָן,an opponent,,,Hebrew,Old Testament
H7855,שִׂטנָה,opposition (by letter),,,Hebrew,Old Testament
H7856,שִׂטנָה,Sitnan (sit-naw') n/p.,,,Hebrew,Old Testament
H7857,שָׁטַף,shataph (shaw-taf') v.,,,Hebrew,Old Testament
H7858,שֶׁטֶף שֵׁטֶף,a deluge (literally or figuratively),,,Hebrew,Old Testament
H7859,שְׁטַר,a side,,,Hebrew,Old Testament
H7860,שׁוֹטֵר,(properly) a scribe,,,Hebrew,Old Testament
H7861,שִׁטרַי,Shitray (shit-rah'-ee) n/p.,,,Hebrew,Old Testament
H7862,שַׁי,a gift (as available),,,Hebrew,Old Testament
H7863,שִׂיא,elevation,,,Hebrew,Old Testament
H7864,שְׁיָא,Shya' (sheh-yaw') n/p.,,,Hebrew,Old Testament
H7865,שִׂיאוֹן,Siy'on (see-ohn') n/l.,,,Hebrew,Old Testament
H7866,שִׁיאוֹן,Shi'yown (shee-ohn') n/l.,,,Hebrew,Old Testament
H7867,שִׂיבּ,siyb (seeb) v.,,,Hebrew,Old Testament
H7868,שִׂיבּ,siyb (seeb) v.,,,Hebrew,Old Testament
H7869,שֵׂיבּ,old age,,,Hebrew,Old Testament
H7870,שִׁיבָּה,a return (of property),,,Hebrew,Old Testament
H7871,שִׁיבָּה,residence,,,Hebrew,Old Testament
H7872,שֵׂיבָּה,old age,,,Hebrew,Old Testament
H7873,שִׂיגּ,a withdrawal (into a private place),,,Hebrew,Old Testament
H7874,שִׂידּ,siyd (seed) v.,,,Hebrew,Old Testament
H7875,שִׂידּ,lime (as boiling when slacked),,,Hebrew,Old Testament
H7876,שָׁיָה,shayah (shaw-yaw') v.,,,Hebrew,Old Testament
H7877,שִׁיזָא,Shiyza' (shee-zaw') n/p.,,,Hebrew,Old Testament
H7878,שִׂיַח,siyach (see'-akh) v.,,,Hebrew,Old Testament
H7879,שִׂיַח,a contemplation,,,Hebrew,Old Testament
H7880,שִׂיַח,a shoot (as if uttered or put forth),,,Hebrew,Old Testament
H7881,שִׂיחָה,reflection,,,Hebrew,Old Testament
H7882,שִׁיחָה,a pit-fall,,,Hebrew,Old Testament
H7883,שִׁיחוֹר שִׁחוֹר שִׁחוֹר,Shiychowr (shee-khore') (or Shichowr shee-khore' or Shichor shee-khore',,,Hebrew,Old Testament
H7884,שִׁיחוֹר לִבֶנָת,Shiychowr Libnath (shee-khore' lib-nawth') n/p.,,,Hebrew,Old Testament
H7885,שַׁיִט,an oar,,,Hebrew,Old Testament
H7886,שִׁילוֹה,Shiyloh (shee-lo') n/p.,,,Hebrew,Old Testament
H7887,שִׁילוֹה שִׁלוֹה שִׁילוֹ שִׁלוֹ,Shiyloh (shee-lo') (or Shiloh shee-lo' or Shiylow shee-lo',,,Hebrew,Old Testament
H7888,שִׁילוֹנִי שִׁילוֹנִי שִׁלוֹנִי,Shiylowniy (shee-lo-nee') (or Shiyloniy shee-lo-nee' or Shiloniy shee-lo-nee',,,Hebrew,Old Testament
H7889,שִׁימוֹן,Shiymown (shee-mone') n/p.,,,Hebrew,Old Testament
H7890,שַׁיִן,urine,,,Hebrew,Old Testament
H7891,שִׁיר שׁוּר,shiyr (sheer) (or (the original form) shuwr (1 Sam. 18) v.,,,Hebrew,Old Testament
H7892,שִׁיר שִׁירָה,a song,,,Hebrew,Old Testament
H7893,שַׁיִשׁ,white,,,Hebrew,Old Testament
H7894,שִׁישָׁא,Shiysah' (shee-shaw') n/p.,,,Hebrew,Old Testament
H7895,שִׁישַׁק שׁוּשַׁק,Shiyshaq (shee-shak') (or Shuwshaq shoo-shak') n/p.,,,Hebrew,Old Testament
H7896,שִׁיתּ,shiyth (sheeth) v.,,,Hebrew,Old Testament
H7897,שִׁיתּ,a dress (as put on),,,Hebrew,Old Testament
H7898,שַׁיִת,scrub or trash,,,Hebrew,Old Testament
H7899,שֵׂך,a brier (as of a hedge),,,Hebrew,Old Testament
H7900,שׂוֹך,a booth (as interlaced),,,Hebrew,Old Testament
H7901,שָׁכַב,shakab (shaw-kab') v.,,,Hebrew,Old Testament
H7902,שְׁכָבָה,a lying down (of dew,,,Hebrew,Old Testament
H7903,שֶׁכוֹבֶת,a (sexual) lying with,,,Hebrew,Old Testament
H7904,שָׁכָה,shakah (shaw-kaw') v.,,,Hebrew,Old Testament
H7905,שׂוּכָּה,a dart (as pointed like a thorn),,,Hebrew,Old Testament
H7906,שֵׂכוּ,Sekuw (say'-koo) n/l.,,,Hebrew,Old Testament
H7907,שֶׂכוִי,observant,,,Hebrew,Old Testament
H7908,שְׁכוֹל,bereavement,,,Hebrew,Old Testament
H7909,שַׁכּוּל שַׁכּוּל,shakkuwl (shak-kool') (or shakkul shak-kool') adj.,,,Hebrew,Old Testament
H7910,שִׁכּוֹר שִׁכּוֹר,shikkowr (shik-kore') (or shikkor shik-kore') adj.,,,Hebrew,Old Testament
H7911,שָׁכַח שָׁכֵַח,shakach (shaw-kakh') (or shakeach shaw-kay'-akh) v.,,,Hebrew,Old Testament
H7912,שְׁכַח,shkach (shek-akh') v.,,,Hebrew,Old Testament
H7913,שָׁכֵַח,shakeach (shaw-kay'-akh) adj.,,,Hebrew,Old Testament
H7914,שְׂכִיָה,a conspicuous object,,,Hebrew,Old Testament
H7915,שַׂכִּין,a knife (as pointed or edged),,,Hebrew,Old Testament
H7916,שָׂכִיר,sakiyr (saw-keer') adj.,,,Hebrew,Old Testament
H7917,שְׂכִירָה,skiyrah (sek-ee-raw') adj.,,,Hebrew,Old Testament
H7918,שָׁכַך,shakak (shaw-kak') v.,,,Hebrew,Old Testament
H7919,שָׂכַל,sakal (saw-kal') v.,,,Hebrew,Old Testament
H7920,שְׂכַל,skal (sek-al') v.,,,Hebrew,Old Testament
H7921,שָׁכוֹל,shakol (shaw-kole') v.,,,Hebrew,Old Testament
H7922,שֶׂכֶל שֵׂכֶל,intelligence,,,Hebrew,Old Testament
H7923,שִׁכּוּלִים,childlessness (by continued bereavements),,,Hebrew,Old Testament
H7924,שָׂכלְתָנוּ,intelligence,,,Hebrew,Old Testament
H7925,שָׁכַם,shakam (shaw-kam') v.,,,Hebrew,Old Testament
H7926,שְׁכֶם,the neck (between the shoulders) as the place of burdens,,,Hebrew,Old Testament
H7927,שְׁכֶם,Shkem (shek-em') n/l.,,,Hebrew,Old Testament
H7928,שֶׁכֶם,Shekem (sheh'-kem) n/p.,,,Hebrew,Old Testament
H7929,שִׁכמָה,the shoulder-bone,,,Hebrew,Old Testament
H7930,שִׁכמִי,Shikmiy (shik-mee') adj.,,,Hebrew,Old Testament
H7931,שָׁכַן,shakan (shaw-kan') v.,,,Hebrew,Old Testament
H7932,שְׁכַן,shkan (shek-an') v.,,,Hebrew,Old Testament
H7933,שֶׁכֶן,a residence,,,Hebrew,Old Testament
H7934,שָׁכֵן,shaken (shaw-kane') adj.,,,Hebrew,Old Testament
H7935,שְׁכַניָה שְׁכַניָהוּ,Shkanyah (shek-an-yaw') (or (prol.) Shkanyahuw shek-an-yaw'-hoo) n/p.,,,Hebrew,Old Testament
H7936,שָׂכַר סָכַר,sakar (saw-kar') (or (by permutation) cakar (Ezra 4) v.,,,Hebrew,Old Testament
H7937,שָׁכַר,shakar (shaw-kar') v.,,,Hebrew,Old Testament
H7938,שֶׂכֶר,wages,,,Hebrew,Old Testament
H7939,שָׂכָר,payment of contract,,,Hebrew,Old Testament
H7940,שָׂכָר,Sakar (saw-kar') n/p.,,,Hebrew,Old Testament
H7941,שֵׁכָר,an intoxicant,,,Hebrew,Old Testament
H7942,שִׁכְּרוֹן,Shikkrown (shik-ker-one') n/l.,,,Hebrew,Old Testament
H7943,שִׁכָּרוֹן,intoxication,,,Hebrew,Old Testament
H7944,שַׁל,a fault,,,Hebrew,Old Testament
H7945,שֶׁל,shel (shel) prt.,,,Hebrew,Old Testament
H7946,שַׁלאֲנָן,shal'anan (shal-an-awn') adj.,,,Hebrew,Old Testament
H7947,שָׁלַב,shalab (shaw-lab') v.,,,Hebrew,Old Testament
H7948,שָׁלָב,a spacer or raised interval,,,Hebrew,Old Testament
H7949,שָׁלַג,shalag (shaw-lag') v.,,,Hebrew,Old Testament
H7950,שֶׁלֶג,snow (probably from its whiteness),,,Hebrew,Old Testament
H7951,שָׁלָה שָׁלַו,shalah (shaw-law') (or shalav (Job 3) v.,,,Hebrew,Old Testament
H7952,שָׁלָה,shalah (shaw-law') v.,,,Hebrew,Old Testament
H7953,שָׁלָה,shalah (shaw-law') v.,,,Hebrew,Old Testament
H7954,שְׁלָה,shlah (shel-aw') v.,,,Hebrew,Old Testament
H7955,שָׁלָה,a wrong,,,Hebrew,Old Testament
H7956,שֵׁלָה,Shelah (shay-law') n/p.,,,Hebrew,Old Testament
H7957,שַׁלהֶבֶת,a flare of fire,,,Hebrew,Old Testament
H7958,שְׂלָו שְׂלָיו,the quail collectively (as slow in flight from its weight),,,Hebrew,Old Testament
H7959,שֶׁלֶו,security,,,Hebrew,Old Testament
H7960,שָׁלוּ שָׁלוּת,a fault,,,Hebrew,Old Testament
H7961,שָׁלֵו שָׁלֵיו שְׁלֵוָה,shalev (shaw-lave') (or shaleyv shaw-lave' feminine shlevah shel-ay-vaw',,,Hebrew,Old Testament
H7962,שַׁלוָה,security (genuine or false),,,Hebrew,Old Testament
H7963,שְׁלֵוָה,safety,,,Hebrew,Old Testament
H7964,שִׁלּוַּח שִׁלּוַּח,(only in plural) a dismissal,,,Hebrew,Old Testament
H7965,שָׁלוֹם שָׁלוֹם,safe,షాలోమ్,శాంతి,Hebrew,Old Testament
H7966,שִׁלּוּם שִׁלּוּם,a requital,,,Hebrew,Old Testament
H7967,שַׁלּוּם שַׁלּוּם,Shalluwm (shal-loom') (or (shorter) Shallum shal-loom') n/p.,,,Hebrew,Old Testament
H7968,שַׁלוּן,Shalluwn (shal-loon') n/p.,,,Hebrew,Old Testament
H7969,שָׁלוֹשׁ שָׁלוֹשׁ שְׁלוֹשָׁה שְׁלוֹשָׁה,shalowsh (shaw-loshe') (or shalosh shaw-loshe' masculine shlowshah shel-o-shaw',,,Hebrew,Old Testament
H7970,שְׁלוֹשִׁים שְׁלוֹשִׁים,thirty,,,Hebrew,Old Testament
H7971,שָׁלַח,shalach (shaw-lakh') v.,షాలఖ్,పంపు,Hebrew,Old Testament
H7972,שְׁלַח,shlach (shel-akh') v.,,,Hebrew,Old Testament
H7973,שֶׁלַח,a missile of attack,,,Hebrew,Old Testament
H7974,שֶׁלַח,Shelach (sheh'-lakh) n/p.,,,Hebrew,Old Testament
H7975,שִׁלּוַֹח שֶׁלַח,Shiloach (shee-lo'-akh) (or (in imitation of H7974) Shelach (Neh. 3) n/l.,,,Hebrew,Old Testament
H7976,שִׁלּוּחָה,a shoot,,,Hebrew,Old Testament
H7977,שִׁלחִי,Shilchiy (shil-khee') n/p.,,,Hebrew,Old Testament
H7978,שִׁלחִים,Shilchiym (shil-kheem') n/l.,,,Hebrew,Old Testament
H7979,שׁוּלחָן,a table (as spread out),,,Hebrew,Old Testament
H7980,שָׁלַט,shalat (shaw-lat') v.,,,Hebrew,Old Testament
H7981,שְׁלֵט,shlet (shel-ate') v.,,,Hebrew,Old Testament
H7982,שֶׁלֶט,probably a shield (as controlling,,,Hebrew,Old Testament
H7983,שִׁלטּוֹן,a potentate,,,Hebrew,Old Testament
H7984,שִׁלטּוֹן שִׁלטּוֹן,a potentate,,,Hebrew,Old Testament
H7985,שָׁלטָּן,empire,,,Hebrew,Old Testament
H7986,שַׁלֶּטֶת,shalleteth (shal-leh'-teth) adj.,,,Hebrew,Old Testament
H7987,שְׁלִי,privacy,,,Hebrew,Old Testament
H7988,שִׁליָה,a fetus or babe (as extruded in birth),,,Hebrew,Old Testament
H7989,שַׁלִּיטּ,shalliyt (shal-leet') adj.,,,Hebrew,Old Testament
H7990,שַׁלִּיטּ,shalliyt (shal-leet') adj.,,,Hebrew,Old Testament
H7991,שָׁלִישׁ שָׁלוֹשׁ שָׁלוֹשׁ,a triple,,,Hebrew,Old Testament
H7992,שְׁלִישִׁי,shliyshiy (shel-ee-shee') adj.,,,Hebrew,Old Testament
H7993,שָׁלַך,shalak (shaw-lak) v.,,,Hebrew,Old Testament
H7994,שָׁלָך,bird of prey,,,Hebrew,Old Testament
H7995,שַׁלֶּכֶת,a felling (of trees),,,Hebrew,Old Testament
H7996,שַׁלֶּכֶת,Shalleketh (shal-leh'-keth) n/p.,,,Hebrew,Old Testament
H7997,שָׁלַל,shalal (shaw-lal') v.,,,Hebrew,Old Testament
H7998,שָׁלָל,booty,,,Hebrew,Old Testament
H7999,שָׁלַם,shalam (shaw-lam') v.,షాలమ్,సంపూర్ణం చేయు,Hebrew,Old Testament
H8000,שְׁלַם,shlam (shel-am') v.,,,Hebrew,Old Testament
H8001,שְׁלָם,prosperity,,,Hebrew,Old Testament
H8002,שֶׁלֶם,(properly) requital,,,Hebrew,Old Testament
H8003,שָׁלֵם,shalem (shaw-lame') adj.,షాలేమ్,సంపూర్ణం,Hebrew,Old Testament
H8004,שָׁלֵם,Shalem (shaw-lame') n/l.,,,Hebrew,Old Testament
H8005,שִׁלֵּם,requital,,,Hebrew,Old Testament
H8006,שִׁלֵּם,Shillem (shil-lame') n/p.,,,Hebrew,Old Testament
H8007,שַׂלמָא,Salma' (sal-maw') n/p.,,,Hebrew,Old Testament
H8008,שַׂלמָה,a dress,,,Hebrew,Old Testament
H8009,שַׂלמָה,Salmah (sal-maw') n/p.,,,Hebrew,Old Testament
H8010,שְׁלוֹמוֹה,Shlomoh (shel-o-mo') n/p.,,,Hebrew,Old Testament
H8011,שִׁלּוּמָה,retribution,,,Hebrew,Old Testament
H8012,שַׂלמוֹן,Salmown (sal-mone') n/p.,,,Hebrew,Old Testament
H8013,שְׁלוֹמוֹת,Shlomowth (shel-o-moth') n/p.,,,Hebrew,Old Testament
H8014,שַׂלמַי,Salmay (sal-mah'-ee) n/p.,,,Hebrew,Old Testament
H8015,שְׁלוֹמִי,Shlomiy (shel-o-mee') n/p.,,,Hebrew,Old Testament
H8016,שִׁלֵּמִי,Shillemiy (shil-lay-mee') n/p.,,,Hebrew,Old Testament
H8017,שְׁלוּמִיאֵל,Shlumiy'el (shel-oo-mee-ale') n/p.,,,Hebrew,Old Testament
H8018,שֶׁלֶמיָה שֶׁלֶמיָהוּ,Shelemyah (shel-em-yaw') (or Shelemyahuw shel-em-yaw'-hoo) n/p.,,,Hebrew,Old Testament
H8019,שְׁלוֹמִיתּ שְׁלוֹמִיתּ,Shlomiyth (shel-o-meeth') (or Shlowmiyth (Ezra 8) n/p.,,,Hebrew,Old Testament
H8020,שַׁלמַן,Shalman (shal-man') n/p.,,,Hebrew,Old Testament
H8021,שַׁלמוֹן,a bribe,,,Hebrew,Old Testament
H8022,שַׁלמַנאֶסֶר,Shalman'ecer (shal-man-eh'-ser) n/p.,,,Hebrew,Old Testament
H8023,שִׁלוֹנִי,Shiloniy (shee-lo-nee') n/p.,,,Hebrew,Old Testament
H8024,שֵׁלָנִי,Shelaniy (shay-law-nee') n/p.,,,Hebrew,Old Testament
H8025,שָׁלַף,shalaph (saw-laf') v.,,,Hebrew,Old Testament
H8026,שֶׁלֶף,shelaph (sheh'-lef) n/p.,,,Hebrew,Old Testament
H8027,שָׁלַשׁ,shalash (shaw-lash') v.,,,Hebrew,Old Testament
H8028,שֶׁלֶשׁ,Shelesh (sheh'-lesh) n/p.,,,Hebrew,Old Testament
H8029,שִׁלֵּשׁ,shillesh (shil-laysh') adj.,,,Hebrew,Old Testament
H8030,שִׁלשָׁה,Shilshah (shil-shaw') n/p.,,,Hebrew,Old Testament
H8031,שָׁלִשָׁה,Shalishah (shaw-lee-shaw') n/p.,,,Hebrew,Old Testament
H8032,שִׁלשׁוֹם שִׁלשׁוֹם,shilshowm (shil-shome') (or shilshom shil-shome') adv.,,,Hebrew,Old Testament
H8033,שָׁם,sham (shawm) adv.,,,Hebrew,Old Testament
H8034,שֵׁם,an appellation,షేమ్,పేరు,Hebrew,Old Testament
H8035,שֵׁם,Shem (shame) n/p.,,,Hebrew,Old Testament
H8036,שׁוּם,name,,,Hebrew,Old Testament
H8037,שַׁמָּא,Shamma' (sham-maw') n/p.,,,Hebrew,Old Testament
H8038,שֶׁמאֵבֶר,Shem'eber (shem-ay'-ber) n/p.,,,Hebrew,Old Testament
H8039,שִׁמאָה,Shim'ah (shim-aw') n/p.,,,Hebrew,Old Testament
H8040,שְׂמוֹאל שְׂמאוֹל,(properly) dark (as enveloped),,,Hebrew,Old Testament
H8041,שָׂמַאל,sama'l (saw-mal') v.,,,Hebrew,Old Testament
H8042,שְׂמָאלִי,sma'liy (sem-aw-lee') adj.,,,Hebrew,Old Testament
H8043,שִׁמאָם,Shim'am (shim-awm') n/p.,,,Hebrew,Old Testament
H8044,שַׁמגַּר,Shamgar (sham-gar') n/p.,,,Hebrew,Old Testament
H8045,שָׁמַד,shamad (shaw-mad') v.,,,Hebrew,Old Testament
H8046,שְׁמַד,shmad (shem-ad') v.,,,Hebrew,Old Testament
H8047,שַׁמָּה,ruin,,,Hebrew,Old Testament
H8048,שַׁמָּה,Shammah (sham-maw') n/p.,,,Hebrew,Old Testament
H8049,שַׁמהוּת,Shamhuwth (sham-hooth') n/p.,,,Hebrew,Old Testament
H8050,שְׁמוּאֵל,Shmuw'el (sehm-oo-ale') n/p.,,,Hebrew,Old Testament
H8051,שַׁמּוַּע,Shammuwa` (sham-moo'-ah) n/p.,,,Hebrew,Old Testament
H8052,שְׁמוּעָה,something heard,,,Hebrew,Old Testament
H8053,שָׁמוּר,Shamuwr (shaw-moor') n/p.,,,Hebrew,Old Testament
H8054,שַׁמּוֹת,Shammowth (sham-moth') n/p.,,,Hebrew,Old Testament
H8055,שָׂמַח,samach (saw-makh') v.,సామఖ్,సంతోషించు,Hebrew,Old Testament
H8056,שָׂמֵַח,sameach (saw-may'-akh) adj.,,,Hebrew,Old Testament
H8057,שִׂמחָה,blithesomeness or glee,సిమ్ఖా,సంతోషం,Hebrew,Old Testament
H8058,שָׁמַט,shamat (shaw-mat') v.,,,Hebrew,Old Testament
H8059,שְׁמִטָּה,remission (of debt) or suspension of labor),,,Hebrew,Old Testament
H8060,שַׁמַּי,Shammay (sham-mah'-ee) n/p.,,,Hebrew,Old Testament
H8061,שְׁמִידָּע,Shmiyda` (shem-ee-daw') n/p.,,,Hebrew,Old Testament
H8062,שְׁמִידָּעִי,Shmiyda`iy (shem-ee-daw-ee') n/p.,,,Hebrew,Old Testament
H8063,שְׂמִיכָּה,a run (as sustaining the Oriental sitter),,,Hebrew,Old Testament
H8064,שָׁמַיִם שָׁמֶה,the sky (as aloft,షామయిం,ఆకాశం,Hebrew,Old Testament
H8065,שָׁמַיִן,heaven,,,Hebrew,Old Testament
H8066,שְׁמִינִי,shmiyniy (shem-ee-nee') adj.,,,Hebrew,Old Testament
H8067,שְׁמִינִיתּ,probably an eight-stringed lyre,,,Hebrew,Old Testament
H8068,שָׁמִיר,a thorn,,,Hebrew,Old Testament
H8069,שָׁמִיר,Shamiyr (shaw-meer') n/l.,,,Hebrew,Old Testament
H8070,שְׁמִירָמוֹת שְׁמָרִימוֹת,Shmiyramowth (shem-ee-raw-moth') (or Shmariymowth shem-aw-ree- moth') n/p.,,,Hebrew,Old Testament
H8071,שִׂמלָה,a dress,,,Hebrew,Old Testament
H8072,שַׂמלָה,Samlah (sam-law') n/p.,,,Hebrew,Old Testament
H8073,שַׁמלַי,Shamlay (sham-lah'-ee) n/p.,,,Hebrew,Old Testament
H8074,שָׁמֵם,shamem (shaw-mame') v.,,,Hebrew,Old Testament
H8075,שְׁמַם,shmam (shem-am') v.,,,Hebrew,Old Testament
H8076,שָׁמֵם,shamem (shaw-mame') adj.,,,Hebrew,Old Testament
H8077,שְׁמָמָה שִׁמָמָה,devastation,,,Hebrew,Old Testament
H8078,שִׁמָּמוֹן,stupefaction,,,Hebrew,Old Testament
H8079,שְׂמָמִיתּ,a lizard (from the superstition of its noxiousness),,,Hebrew,Old Testament
H8080,שָׁמַן,shaman (shaw-man') v.,,,Hebrew,Old Testament
H8081,שֶׁמֶן,grease,,,Hebrew,Old Testament
H8082,שָׁמֵן,shamen (shaw-mane') adj.,,,Hebrew,Old Testament
H8083,שְׁמוֹנֶה שְׁמוֹנֶה שְׁמוֹנָה שְׁמוֹנָה,shmoneh (shem-o-neh') (or shmowneh shem-o-neh' feminine shmonah shem-o-naw',,,Hebrew,Old Testament
H8084,שְׁמוֹנִים שְׁמוֹנִים,shmoniym (shem-o-neem') (or shmowniym shem-o-neem') adj.,,,Hebrew,Old Testament
H8085,שָׁמַע,shama` (shaw-mah') v.,షామ,వినु,Hebrew,Old Testament
H8086,שְׁמַע,shma` (shem-ah') v.,,,Hebrew,Old Testament
H8087,שֶׁמַע,Shema` (sheh'-mah) n/p.,,,Hebrew,Old Testament
H8088,שֵׁמַע,something heard,,,Hebrew,Old Testament
H8089,שׁוֹמַע,a report,,,Hebrew,Old Testament
H8090,שְׁמָע,Shma` (shem-aw') n/l.,,,Hebrew,Old Testament
H8091,שָׁמָע,Shama` (shaw-maw') n/p.,,,Hebrew,Old Testament
H8092,שִׁמעָא,Shim`a' (shim-aw') n/p.,,,Hebrew,Old Testament
H8093,שִׁמעָה,Shim`ah (shim-aw') n/p.,,,Hebrew,Old Testament
H8094,שְׁמָעָה,Shma`ah (shem-aw-aw') n/p.,,,Hebrew,Old Testament
H8095,שִׁמעוֹן,Shim`own (shim-one') n/p.,,,Hebrew,Old Testament
H8096,שִׁמעִי,Shim`iy (shim-ee') n/p.,,,Hebrew,Old Testament
H8097,שִׁמעִי,Shim`iy (shim-ee') n/p.,,,Hebrew,Old Testament
H8098,שְׁמַעיָה שְׁמַעיָהוּ,Shma`yah (shem-aw-yaw') (or Shmamyahuw shem-aw-yaw'-hoo) n/p.,,,Hebrew,Old Testament
H8099,שִׁמעוֹנִי,Shim`oniy (shim-o-nee') n/p.,,,Hebrew,Old Testament
H8100,שִׁמעָת,Shim`ath (shim-awth') n/p.,,,Hebrew,Old Testament
H8101,שִׁמעָתִי,Shim`athiy (shim-aw-thee') n/p.,,,Hebrew,Old Testament
H8102,שֶׁמֶץ,an inkling,,,Hebrew,Old Testament
H8103,שִׁמצָּה,scornful whispering (of hostile spectators),,,Hebrew,Old Testament
H8104,שָׁמַר,shamar (shaw-mar') v.,షామర్,కాపాడు,Hebrew,Old Testament
H8105,שֶׁמֶר,something preserved,,,Hebrew,Old Testament
H8106,שֶׁמֶר,Shemer (sheh'-mer) n/p.,,,Hebrew,Old Testament
H8107,שִׁמּוּר,an observance,,,Hebrew,Old Testament
H8108,שָׁמרָה,watchfulness,,,Hebrew,Old Testament
H8109,שְׁמוּרָה,something guarded,,,Hebrew,Old Testament
H8110,שִׁמרוֹן,Shimrown (shim-rone') n/l.,,,Hebrew,Old Testament
H8111,שׁוֹמְרוֹן,Shomrown (sho-mer-one') n/l.,,,Hebrew,Old Testament
H8112,שִׁמרוֹן מְראוֹן,Shimrown Mro'wn (shim-rone' mer-one') n/l.,,,Hebrew,Old Testament
H8113,שִׁמרִי,Shimriy (shim-ree') n/p.,,,Hebrew,Old Testament
H8114,שְׁמַריָה שְׁמַריָהוּ,Shmaryah (shem-ar-yaw') (or Shmaryahuw shem-ar-yaw'-hoo) n/p.,,,Hebrew,Old Testament
H8115,שָׁמרַיִן,Shomrayin (shom-rah'-yin) n/l.,,,Hebrew,Old Testament
H8116,שִׁמרִיתּ,Shimriyth (shim-reeth') n/p.,,,Hebrew,Old Testament
H8117,שִׁמרוֹנִי,Shimroniy (shim-ro-nee') n/p.,,,Hebrew,Old Testament
H8118,שׁוֹמְרוֹנִי,Shomroniy (sho-mer-o-nee') n/p.,,,Hebrew,Old Testament
H8119,שִׁמרָת,Shimrath (shim-rawth') n/p.,,,Hebrew,Old Testament
H8120,שְׁמַשׁ,shmash (shem-ash') v.,,,Hebrew,Old Testament
H8121,שֶׁמֶשׁ,shemesh (sheh'-mesh) n-e.,,,Hebrew,Old Testament
H8122,שֶׁמֶשׁ,the sun,,,Hebrew,Old Testament
H8123,שִׁמשׁוֹן,Shimshown (shim-shone') n/p.,,,Hebrew,Old Testament
H8124,שִׁמשַׁי,Shimshay (shim-shah'-ee) n/p.,,,Hebrew,Old Testament
H8125,שַׁמשְׁרַי,Shamshray (sham-sher-ah'-ee) n/p.,,,Hebrew,Old Testament
H8126,שׁוּמָתִי,Shumathiy (shoo-maw-thee') n/g.,,,Hebrew,Old Testament
H8127,שֵׁן,a tooth (as sharp),,,Hebrew,Old Testament
H8128,שֵׁן,shen (shane) n-e.,,,Hebrew,Old Testament
H8129,שֵׁן,Shen (shane) n/l.,,,Hebrew,Old Testament
H8130,שָׂנֵא,sane' (saw-nay') v.,సానే,ద్వేషించు,Hebrew,Old Testament
H8131,שְׂנֵא,sne' (sen-ay') v.,,,Hebrew,Old Testament
H8132,שָׁנָא,shana (shaw-naw') v.,,,Hebrew,Old Testament
H8133,שְׁנָא,shna' (shen-aw') v.,,,Hebrew,Old Testament
H8134,שִׁנאָב,Shin'ab (shin-awb') n/p.,,,Hebrew,Old Testament
H8135,שִׂנאָה,hate,,,Hebrew,Old Testament
H8136,שִׁנאָן,change,,,Hebrew,Old Testament
H8137,שֶׁנאַצַּר,Shenatstsar (shen-ats-tsar') n/p.,,,Hebrew,Old Testament
H8138,שָׁנָה,shanah (shaw-naw') v.,,,Hebrew,Old Testament
H8139,שְׁנָה,sleep,,,Hebrew,Old Testament
H8140,שְׁנָה,year,,,Hebrew,Old Testament
H8141,שָׁנֶה שָׁנָה,a year (as a revolution of time),,,Hebrew,Old Testament
H8142,שֵׁנָה שֵׁנָא,sleep,,,Hebrew,Old Testament
H8143,שֶׁנהַבִּים,probably,,,Hebrew,Old Testament
H8144,שָׁנִי,crimson,,,Hebrew,Old Testament
H8145,שֵׁנִי,sheniy (shay-nee') num.,షేనీ,రెండవ,Hebrew,Old Testament
H8146,שָׂנִיא,saniy' (saw-nee') adj.,,,Hebrew,Old Testament
H8147,שְׁנַיִם שְׁתּתַּיִם,shnayim (shen-ah'-yim) num.,షెనయిం,రెండు,Hebrew,Old Testament
H8148,שְׁנִינָה,something pointed,,,Hebrew,Old Testament
H8149,שְׁנִיר שְׂנִיר,Shniyr (shen-eer') (or Sniyr sen-eer') n/l.,,,Hebrew,Old Testament
H8150,שָׁנַן,shanan (shaw-nan') v.,,,Hebrew,Old Testament
H8151,שָׁנַס,shanac (shaw-nas') v.,,,Hebrew,Old Testament
H8152,שִׁנעָר,Shin`ar (shin-awr') n/l.,,,Hebrew,Old Testament
H8153,שְׁנָת,sleep,,,Hebrew,Old Testament
H8154,שָׁסָה שָׁשָׂה,shacah (shaw-saw') (or shasah (Isa. 10) v.,,,Hebrew,Old Testament
H8155,שָׁסַס,shacac (shaw-sas') v.,,,Hebrew,Old Testament
H8156,שָׁסַע,shaca` (shaw-sah') v.,,,Hebrew,Old Testament
H8157,שֶׁסַע,a fissure,,,Hebrew,Old Testament
H8158,שָׁסַף,shacaph (shaw-saf') v.,,,Hebrew,Old Testament
H8159,שָׁעָה,sha`ah (shaw-aw') v.,,,Hebrew,Old Testament
H8160,שָׁעָה,(properly) a look,షాఆ,గంట,Hebrew,Old Testament
H8161,שַׁעֲטָה,a clatter (of hoofs),,,Hebrew,Old Testament
H8162,שַׁעַטנֵז,linsey- woolsey,,,Hebrew,Old Testament
H8163,שָׂעִיר שָׂעִר,sa`iyr (saw-eer') (or sabir saw-eer') adj.,,,Hebrew,Old Testament
H8164,שָׂעִיר,a shower (as tempestuous),,,Hebrew,Old Testament
H8165,שֵׂעִיר,Se`iyr (say-eer') n/p.,,,Hebrew,Old Testament
H8166,שְׂעִירָה,a she-goat,,,Hebrew,Old Testament
H8167,שְׂעִירָה,S`iyrah (seh-ee-raw') n/l.,,,Hebrew,Old Testament
H8168,שׁוֹעַל,the palm,,,Hebrew,Old Testament
H8169,שַׁעַלבִּים שַׁעֲלַבִּין,Sha`albiym (shah-al-beem') (or Sha.alabbiyn shah-al-ab-been') n/l.,,,Hebrew,Old Testament
H8170,שַׁעַלבּוֹנִי,Sha`alboniy (shah-al-bo-nee') n/p.,,,Hebrew,Old Testament
H8171,שַׁעֲלִים,Sha`aliym (shah-al-eem') n/l.,,,Hebrew,Old Testament
H8172,שָׁעַן,sha`an (shaw-an') v.,,,Hebrew,Old Testament
H8173,שָׁעַע,sha`a` (shaw-ah') v.,,,Hebrew,Old Testament
H8174,שַׁעַף,Sha`aph (shah'-af) n/p.,,,Hebrew,Old Testament
H8175,שָׂעַר,sa`ar (saw-ar') v.,,,Hebrew,Old Testament
H8176,שָׁעַר,sha`ar (shaw-ar') v.,,,Hebrew,Old Testament
H8177,שְׂעַר,hair,,,Hebrew,Old Testament
H8178,שַׂעַר,a tempest,,,Hebrew,Old Testament
H8179,שַׁעַר,an opening,,,Hebrew,Old Testament
H8180,שַׁעַר,a measure (as a section),,,Hebrew,Old Testament
H8181,שֵׂעָר שַׂעַר,hair (as if tossed or bristling),,,Hebrew,Old Testament
H8182,שׁוֹעָר,sho`ar (sho-awr') adj.,,,Hebrew,Old Testament
H8183,שְׂעָרָה,a hurricane,,,Hebrew,Old Testament
H8184,שְׂעוֹרָה שְׂעוֹרָה שְׂעוֹר שְׂעוֹר,barley (as villose),,,Hebrew,Old Testament
H8185,שַׂעֲרָה,hairiness,,,Hebrew,Old Testament
H8186,שַׁעֲרוּרָה שַׁעֲרִירִיָה שַׁעֲרוּרִת,something fearful,,,Hebrew,Old Testament
H8187,שְׁעַריָה,Sh`aryah (sheh-ar-yaw') n/p.,,,Hebrew,Old Testament
H8188,שְׂעוֹרִים,S`oriym (seh-o-reem') n/p.,,,Hebrew,Old Testament
H8189,שַׁעֲרַיִם,Sha`arayim (shah-ar-ah'-yim) n/l.,,,Hebrew,Old Testament
H8190,שַׁעַשׁגַּז,Sha`ashgaz (shah-ash-gaz') n/p.,,,Hebrew,Old Testament
H8191,שַׁעשׁוַּע,enjoyment,,,Hebrew,Old Testament
H8192,שָׁפָה,shaphah (shaw-faw') v.,,,Hebrew,Old Testament
H8193,שָׂפָה שֶׂפֶת,the lip (as a natural boundary),,,Hebrew,Old Testament
H8194,שָׁפָה,a cheese (as strained from the whey),,,Hebrew,Old Testament
H8195,שְׁפוֹ שְׁפִי,Shphow (shef-o') (or Shphiy shef-ee') n/p.,,,Hebrew,Old Testament
H8196,שְׁפוֹט שְׁפוּט,a judicial sentence,,,Hebrew,Old Testament
H8197,שְׁפוּפָם שְׁפוּפָן,Shphuwpham (shef-oo-fawm') (or Shphuwphan shef-oo-fawn') n/p.,,,Hebrew,Old Testament
H8198,שִׁפחָה,see H4940),,,Hebrew,Old Testament
H8199,שָׁפַט,shaphat (shaw-fat') v.,షాఫట్,తీర్పు తీర్చు,Hebrew,Old Testament
H8200,שְׁפַט,shphat (shef-at') v.,,,Hebrew,Old Testament
H8201,שֶׁפֶט,a sentence,,,Hebrew,Old Testament
H8202,שָׁפָט,Shaphat (shaw-fawt') n/p.,,,Hebrew,Old Testament
H8203,שְׁפַטיָה שְׁפַטיָהוּ,Shphatyah (shef-at-yaw') (or Shphatyahuw shef-at-yaw'-hoo) n/p.,,,Hebrew,Old Testament
H8204,שִׁפטָּן,Shiphtan (shif-tawn') n/p.,,,Hebrew,Old Testament
H8205,שְׁפִי,bareness,,,Hebrew,Old Testament
H8206,שׁוּפִּים,Shuppiym (shoop-peem') n/p.,,,Hebrew,Old Testament
H8207,שְׁפִיפוֹן,a kind of serpent (as snapping),,,Hebrew,Old Testament
H8208,שָׁפִיר,Shaphiyr (shaf-eer') n/l.,,,Hebrew,Old Testament
H8209,שַׁפִּיר,sappiyr (shap-peer') adj.,,,Hebrew,Old Testament
H8210,שָׁפַך,shaphak (shaw-fak') v.,,,Hebrew,Old Testament
H8211,שֶׁפֶך,an emptying place,,,Hebrew,Old Testament
H8212,שָׁפכָּה,a pipe (for pouring forth,,,Hebrew,Old Testament
H8213,שָׁפֵל,shaphel (shaw-fale') v.,,,Hebrew,Old Testament
H8214,שְׁפַל,shphal (shef-al') v.,,,Hebrew,Old Testament
H8215,שְׁפַל,shphal (shef-al') adj.,,,Hebrew,Old Testament
H8216,שֵׁפֶל,an humble rank,,,Hebrew,Old Testament
H8217,שָׁפָל,shaphal (shaw-fawl') adj.,,,Hebrew,Old Testament
H8218,שִׁפלָה,depression,,,Hebrew,Old Testament
H8219,שְׁפֵלָה,Lowland,,,Hebrew,Old Testament
H8220,שִׁפלוּת,remissness,,,Hebrew,Old Testament
H8221,שְׁפָם,Shpham (shef-awm') n/l.,,,Hebrew,Old Testament
H8222,שָׂפָם,the beard (as a lip-piece),,,Hebrew,Old Testament
H8223,שָׁפָם,Shapham (shaw-fawm') n/p.,,,Hebrew,Old Testament
H8224,שִׂפמוֹת,Siphmowth (sif-moth') n/l.,,,Hebrew,Old Testament
H8225,שִׁפמִי,Shiphmiy (shif-mee') adj.,,,Hebrew,Old Testament
H8226,שָׂפַן,saphan (saw-fan') v.,,,Hebrew,Old Testament
H8227,שָׁפָן,a species of rock-rabbit (from its hiding),,,Hebrew,Old Testament
H8228,שֶׁפַע,resources,,,Hebrew,Old Testament
H8229,שִׁפעָה,copiousness,,,Hebrew,Old Testament
H8230,שִׁפעִי,Shiph`iy (shif-ee') n/p.,,,Hebrew,Old Testament
H8231,שָׁפַר,shaphar (shaw-far') v.,,,Hebrew,Old Testament
H8232,שְׁפַר,shphar (shef-ar') v.,,,Hebrew,Old Testament
H8233,שֶׁפֶר,beauty,,,Hebrew,Old Testament
H8234,שֶׁפֶר,Shepher (sheh'-fer) n/l.,,,Hebrew,Old Testament
H8235,שִׁפרָה,brightness,,,Hebrew,Old Testament
H8236,שִׁפרָה,Shiphrah (shif-raw') n/p.,,,Hebrew,Old Testament
H8237,שַׁפרוּר,splendid,,,Hebrew,Old Testament
H8238,שְׁפַרפַר,the dawn (as brilliant with aurora),,,Hebrew,Old Testament
H8239,שָׁפַת,shaphath (shaw-fath') v.,,,Hebrew,Old Testament
H8240,שָׁפָת,a (double) stall (for cattle),,,Hebrew,Old Testament
H8241,שֶׁצֶף,an outburst (of anger),,,Hebrew,Old Testament
H8242,שַׂק,(properly) a mesh (as allowing a liquid to run through),,,Hebrew,Old Testament
H8243,שָׁק,the leg,,,Hebrew,Old Testament
H8244,שָׂקַד,saqad (saw-kad') v.,,,Hebrew,Old Testament
H8245,שָׁקַד,shaqad (shaw-kad') v.,,,Hebrew,Old Testament
H8246,שָׁקַד,shaqad (shaw-kad') v.,,,Hebrew,Old Testament
H8247,שָׁקֵד,the almond (tree or nut,,,Hebrew,Old Testament
H8248,שָׁקָה,shaqah (shaw-kaw') v.,,,Hebrew,Old Testament
H8249,שִׁקּוּו,(plural collective) a draught,,,Hebrew,Old Testament
H8250,שִׁקּוּי,a beverage,,,Hebrew,Old Testament
H8251,שִׁקּוּץ שִׁקּוּץ,disgusting,,,Hebrew,Old Testament
H8252,שָׁקַט,shaqat (shaw-kat') v.,,,Hebrew,Old Testament
H8253,שֶׁקֶט,tranquillity,,,Hebrew,Old Testament
H8254,שָׁקַל,shaqal (shaw-kal') v.,,,Hebrew,Old Testament
H8255,שֶׁקֶל,probably a weight,,,Hebrew,Old Testament
H8256,שָׁקָם שִׁקמָה,a sycamore (usually the tree),,,Hebrew,Old Testament
H8257,שָׁקַע,shaqa` (shaw-kah') ((abbreviated Amos 8) v.,,,Hebrew,Old Testament
H8258,שְׁקַערוּרָה,a depression,,,Hebrew,Old Testament
H8259,שָׁקַף,shaqaph (shaw-kaf') v.,,,Hebrew,Old Testament
H8260,שֶׁקֶף,a loophole (for looking out),,,Hebrew,Old Testament
H8261,שָׁקוּף,an embrasure or opening with bevelled jam,,,Hebrew,Old Testament
H8262,שָׁקַץ,shaqats (shaw-kats') v.,,,Hebrew,Old Testament
H8263,שֶׁקֶץ,filth,,,Hebrew,Old Testament
H8264,שָׁקַק,shaqaq (shaw-kak') v.,,,Hebrew,Old Testament
H8265,שָׂקַר,saqar (saw-kar') v.,,,Hebrew,Old Testament
H8266,שָׁקַר,shaqar (shaw-kar') v.,,,Hebrew,Old Testament
H8267,שֶׁקֶר,an untruth,షెకెర్,అబద్ధం,Hebrew,Old Testament
H8268,שׁוֹקֶת,a trough (for watering),,,Hebrew,Old Testament
H8269,שַׂר,a head person (of any rank or class),,,Hebrew,Old Testament
H8270,שׁוֹר,a string (as twisted),,,Hebrew,Old Testament
H8271,שְׁרֵא,shre' (sher-ay') v.,,,Hebrew,Old Testament
H8272,שַׁראֶצֶר,Shar'etser (shar-eh'-tser) n/p.,,,Hebrew,Old Testament
H8273,שָׁרָב,quivering glow (of the air),,,Hebrew,Old Testament
H8274,שֵׁרֵביָה,Sherebyah (shay-rayb-yaw') n/p.,,,Hebrew,Old Testament
H8275,שַׁרבִּיטּ,a rod of empire,,,Hebrew,Old Testament
H8276,שָׂרַג,sarag (saw-rag') v.,,,Hebrew,Old Testament
H8277,שָׂרַד,sarad (saw-rad') v.,,,Hebrew,Old Testament
H8278,שְׂרָד,stitching (as pierced with a needle),,,Hebrew,Old Testament
H8279,שֶׂרֶד,a (carpenter's) scribing-awl (for pricking or scratching measurements),,,Hebrew,Old Testament
H8280,שָׂרָה,sarah (saw-raw') v.,,,Hebrew,Old Testament
H8281,שָׁרָה,sharah (shaw-raw') v.,,,Hebrew,Old Testament
H8282,שָׂרָה,a mistress,,,Hebrew,Old Testament
H8283,שָׂרָה,Sarah (saw-raw') n/p.,,,Hebrew,Old Testament
H8284,שָׁרָה,a fortification (literally or figuratively),,,Hebrew,Old Testament
H8285,שֵׁרָה,a wrist-band (as compact or clasping),,,Hebrew,Old Testament
H8286,שְׂרוּג,Sruwg (ser-oog') n/p.,,,Hebrew,Old Testament
H8287,שָׁרוּחֶן,Sharuwchen (shaw-roo-khen') n/l.,,,Hebrew,Old Testament
H8288,שְׂרוֹך,a thong (as laced or tied),,,Hebrew,Old Testament
H8289,שָׁרוֹן,plain,,,Hebrew,Old Testament
H8290,שָׁרוֹנִי,Sharowniy (shaw-ro-nee') adj.,,,Hebrew,Old Testament
H8291,שָׂרוּק,a grapevine,,,Hebrew,Old Testament
H8292,שְׁרוּקָה שְׁרִיקָה,a whistling (in scorn),,,Hebrew,Old Testament
H8293,שֵׁרוּת,freedom,,,Hebrew,Old Testament
H8294,שֶׂרַח,Serach (seh'-rakh) n/p.,,,Hebrew,Old Testament
H8295,שָׂרַט,sarat (saw-rat') v.,,,Hebrew,Old Testament
H8296,שֶׂרֶט שָׂרֶטֶת,seret (seh'-ret) (and sareteth saw-reh'-teth) n-e.,,,Hebrew,Old Testament
H8297,שָׂרַי,Saray (saw-rah'-ee) n/p.,,,Hebrew,Old Testament
H8298,שָׁרַי,Sharay (shaw-rah'-ee) n/p.,,,Hebrew,Old Testament
H8299,שָׂרִיגּ,a tendril (as entwining),,,Hebrew,Old Testament
H8300,שָׂרִידּ,a survivor,,,Hebrew,Old Testament
H8301,שָׂרִידּ,Sariyd (suw-reed') n/l.,,,Hebrew,Old Testament
H8302,שִׁריוֹן שִׁריָן שִׁריָה שִׁריוֹנָה,shiryown (shir-yone') (or shiryon shir-yone' and shiryan shir- yawn',,,Hebrew,Old Testament
H8303,שִׁריוֹן שִׂריוֹן,Shiryown (shir-yone') (and Siryon sir-yone') n/l.,,,Hebrew,Old Testament
H8304,שְׂרָיָה שְׂרָיָהוּ,Srayah (ser-aw-yaw') (or Srayahuw ser-aw-yaw'-hoo) n/p.,,,Hebrew,Old Testament
H8305,שְׂרִיקָה,sriyqah (ser-ee-kaw') adj.,,,Hebrew,Old Testament
H8306,שָׁרִיר,a cord,,,Hebrew,Old Testament
H8307,שְׁרִירוּת,obstinacy,,,Hebrew,Old Testament
H8308,שָׂרַך,sarak (saw-rak') v.,,,Hebrew,Old Testament
H8309,שְׁרֵמָה,a common,,,Hebrew,Old Testament
H8310,שַׂרסְכִים,Sarckiym (sar-seh-keem') n/p.,,,Hebrew,Old Testament
H8311,שָׂרַע,sara` (saw-rah') v.,,,Hebrew,Old Testament
H8312,שַׂרעַף,cogitation,,,Hebrew,Old Testament
H8313,שָׂרַף,saraph (saw-raf') v.,,,Hebrew,Old Testament
H8314,שָׂרָף,burning,,,Hebrew,Old Testament
H8315,שָׂרָף,Saraph (saw-raf') n/p.,,,Hebrew,Old Testament
H8316,שְׂרֵפָה,cremation,,,Hebrew,Old Testament
H8317,שָׁרַץ,sharats (shaw-rats') v.,,,Hebrew,Old Testament
H8318,שֶׁרֶץ,a swarm,,,Hebrew,Old Testament
H8319,שָׁרַק,sharaq (shaw-rak') v.,,,Hebrew,Old Testament
H8320,שָׂרוּק,bright red (as piercing to the sight),,,Hebrew,Old Testament
H8321,שׂוֹרֵק שׂוֹרֵק שׂוֹרֵקָה,a vine stock (properly,,,Hebrew,Old Testament
H8322,שְׁרֵקָה,a derision,,,Hebrew,Old Testament
H8323,שָׂרַר,sarar (saw-rar') v.,,,Hebrew,Old Testament
H8324,שָׁרַר,sharar (shaw-rar') v.,,,Hebrew,Old Testament
H8325,שָׁרָר,Sharar (shaw-rawr') n/p.,,,Hebrew,Old Testament
H8326,שׁוֹרֶר,the umbilical cord,,,Hebrew,Old Testament
H8327,שָׁרַשׁ,sharash (shaw-rash') v.,,,Hebrew,Old Testament
H8328,שֶׁרֶשׁ,a root (literally or figuratively),,,Hebrew,Old Testament
H8329,שֶׁרֶשׁ,Sheresh (sheh'-resh) n/p.,,,Hebrew,Old Testament
H8330,שׁוֹרֶשׁ,root,,,Hebrew,Old Testament
H8331,שַׁרשָׁה,a chain (as rooted,,,Hebrew,Old Testament
H8332,שְׁרוֹשׁוּ,eradication,,,Hebrew,Old Testament
H8333,שַׁרשְׁרָה,a chain,,,Hebrew,Old Testament
H8334,שָׁרַת,sharath (shaw-rath') v.,,,Hebrew,Old Testament
H8335,שָׁרֵת,service (in the Temple),,,Hebrew,Old Testament
H8336,שֵׁשׁ שְׁשִׁי,bleached stuff,,,Hebrew,Old Testament
H8337,שֵׁשׁ שִׁשָּׁה,shesh (shaysh) (masculine shishshah shish-shaw') num.,,,Hebrew,Old Testament
H8338,שָׁשָׁא,shawshaw (shaw-shaw') v.,,,Hebrew,Old Testament
H8339,שֵׁשׁבַּצַּר,Sheshbatstsar (shaysh-bats-tsar') n/p.,,,Hebrew,Old Testament
H8340,שֵׁשׁבַּצַּר,Sheshbatstsar (shaysh-bats-tsar') n/p.,,,Hebrew,Old Testament
H8341,שָׁשָׁה,shashah (shaw-shaw') v.,,,Hebrew,Old Testament
H8342,שָׂשׂוֹן שָׂשׂוֹן,cheerfulness,,,Hebrew,Old Testament
H8343,שָׁשַׁי,Shashay (shaw-shah'-ee) n/p.,,,Hebrew,Old Testament
H8344,שֵׁשַׁי,Sheshay (shay-shah'-ee) n/p.,,,Hebrew,Old Testament
H8345,שִׁשִּׁי,shishshiy (shish-shee') num.,,,Hebrew,Old Testament
H8346,שִׁשִּׁים,shishshiym (shish-sheem') num.,,,Hebrew,Old Testament
H8347,שֵׁשַׁך,Sheshak (shay-shak') n/l.,,,Hebrew,Old Testament
H8348,שֵׁשָׁן,Sheshan (shay-shawn') n/p.,,,Hebrew,Old Testament
H8349,שָׁשַׁק,Shashaq (shaw-shak') n/p.,,,Hebrew,Old Testament
H8350,שָׁשַׁר,red ochre (from its piercing color),,,Hebrew,Old Testament
H8351,שֵׁת,tumult,,,Hebrew,Old Testament
H8352,שֵׁת,Sheth (shayth) n/p.,,,Hebrew,Old Testament
H8353,שֵׁת שִׁת,sheth (shayth) ((Aramaic) or shith (Aramaic) sheeth) adj.,,,Hebrew,Old Testament
H8354,שָׁתָה,shathah (shaw-thaw') v.,,,Hebrew,Old Testament
H8355,שְׁתָה,shthah (sheth-aw') v.,,,Hebrew,Old Testament
H8356,שָׁתָה,a basis,,,Hebrew,Old Testament
H8357,שֵׁתָה,the seat (of the person),,,Hebrew,Old Testament
H8358,שְׁתִי,intoxicaion,,,Hebrew,Old Testament
H8359,שְׁתִי,a fixture,,,Hebrew,Old Testament
H8360,שְׁתִיָה,potation,,,Hebrew,Old Testament
H8361,שִׁתּתִּין,shittiyn (shit-teen') num.,,,Hebrew,Old Testament
H8362,שָׁתַל,shathal (shaw-thal') v.,,,Hebrew,Old Testament
H8363,שְׁתִיל,a sprig (as if transplanted),,,Hebrew,Old Testament
H8364,שׁוּתַלחִי,Shuthalchiy (shoo-thal-kee') adj.,,,Hebrew,Old Testament
H8365,שָׁתַם,shatham (shaw-tham') v.,,,Hebrew,Old Testament
H8366,שָׁתַן,shathan (shaw-than') v.,,,Hebrew,Old Testament
H8367,שָׁתַק,shathaq (shaw-thak') v.,,,Hebrew,Old Testament
H8368,שָׂתַר,sathar (saw-thar') v.,,,Hebrew,Old Testament
H8369,שֵׁתָר,Shethar (shay-thawr') n/p.,,,Hebrew,Old Testament
H8370,שְׁתַר בּוֹזְנַי,Shthar Bowznay (sheth-ar' bo-zen-ah'-ee) n/p.,,,Hebrew,Old Testament
H8371,שָׁתַת,shathath (shaw-thath') v.,,,Hebrew,Old Testament
H8372,תָּא תָּאָה,a room (as circumscribed),,,Hebrew,Old Testament
H8373,תָּאַב,ta'ab (taw-ab') v.,,,Hebrew,Old Testament
H8374,תָּאַב,ta'ab (taw-ab') v.,,,Hebrew,Old Testament
H8375,תַּאֲבָה,desire,,,Hebrew,Old Testament
H8376,תָּאָה,ta'ah (taw-aw') v.,,,Hebrew,Old Testament
H8377,תְּאוֹ תּוֹא,a species of antelope (probably from the white stripe on the cheek),,,Hebrew,Old Testament
H8378,תַּאֲוָה,a longing,,,Hebrew,Old Testament
H8379,תַּאֲוָה,a limit,,,Hebrew,Old Testament
H8380,תָּאוֹם תָּאוֹם,a twin (in plural only),,,Hebrew,Old Testament
H8381,תַּאֲלָה,an imprecation,,,Hebrew,Old Testament
H8382,תָּאַם,ta'am (taw-am') v.,,,Hebrew,Old Testament
H8383,תְּאוּן,naughtiness,,,Hebrew,Old Testament
H8384,תְּאֵן תְּאֵנָה,the fig (tree or fruit),,,Hebrew,Old Testament
H8385,תַּאֲנָה תּוֹאֲנָה,an opportunity or (subjectively) purpose,,,Hebrew,Old Testament
H8386,תַּאֲנִיָה,lamentation,,,Hebrew,Old Testament
H8387,תַּאֲנַת שִׁלוֹה,Ta'anath Shiloh (tah-an-ath' shee-lo') n/l.,,,Hebrew,Old Testament
H8388,תָּאַר,ta'ar (taw-ar') v.,,,Hebrew,Old Testament
H8389,תּוֹאַר,outline,,,Hebrew,Old Testament
H8390,תַּאֲרֵַע,Ta'area` (tah-ar-ay'-ah) n/p.,,,Hebrew,Old Testament
H8391,תְּאַשּׁוּר,a species of cedar (from its erectness),,,Hebrew,Old Testament
H8392,תֵּבָה,a box,,,Hebrew,Old Testament
H8393,תְּבוּאָה,income,,,Hebrew,Old Testament
H8394,תָּבוּן תֶּבוּנָה תּוֹבוּנָה,intelligence,,,Hebrew,Old Testament
H8395,תְּבוּסָה,a treading down,,,Hebrew,Old Testament
H8396,תָּבוֹר,Tabowr (taw-bore') n/l.,,,Hebrew,Old Testament
H8397,תֶּבֶל,mixture,,,Hebrew,Old Testament
H8398,תֵּבֵל,the earth (as moist and therefore inhabited),తేబెల్,భూమి,Hebrew,Old Testament
H8399,תַּבלִיתּ,consumption,,,Hebrew,Old Testament
H8400,תְּבַלּוּל,blemish,,,Hebrew,Old Testament
H8401,תֶּבֶן,(properly) material,,,Hebrew,Old Testament
H8402,תִּבנִי,Tibni (tib-nee') n/p.,,,Hebrew,Old Testament
H8403,תַּבנִיתּ,structure,,,Hebrew,Old Testament
H8404,תַּבעֵרָה,Tab`erah (tab-ay-raw') n/l.,,,Hebrew,Old Testament
H8405,תֵּבֵץ,Tebets (tay-bates') n/l.,,,Hebrew,Old Testament
H8406,תְּבַר,tbar (teb-ar') v.,,,Hebrew,Old Testament
H8407,תִּגלַת פִּלאֶסֶר תִּלגַּת פִּלנֶאֶסֶר,Tiglath Pil'ecer (tig-lath' pil-eh'-ser) (or Tiglath Plecer tig- lath pel-eh-ser or Tilgath Pilnlece...,,,Hebrew,Old Testament
H8408,תַּגמוּל,a bestowment,,,Hebrew,Old Testament
H8409,תִּגרָה,strife,,,Hebrew,Old Testament
H8410,תִּדהָר,enduring,,,Hebrew,Old Testament
H8411,תְּדִירָא,permanence,,,Hebrew,Old Testament
H8412,תַּדמוֹר תַּמּוֹר,Tadmor (tad-more') (or Tammor (1 Kings 9) n/l.,,,Hebrew,Old Testament
H8413,תִּדעָל,Tid`al (tid-awl') n/p.,,,Hebrew,Old Testament
H8414,תּוֹהוּ,a desolation (of surface),,,Hebrew,Old Testament
H8415,תְּהוֹם תְּהוֹם,thowm (teh-home') (or thom teh-home') n-e.,తెహోమ్,అగాధం,Hebrew,Old Testament
H8416,תְּהִלָּה,laudation,,,Hebrew,Old Testament
H8417,תָּהֳלָה,braggadocio,,,Hebrew,Old Testament
H8418,תַּהֲלוּכָה,a procession,,,Hebrew,Old Testament
H8419,תַּהפּוּכָה,a perversity or fraud,,,Hebrew,Old Testament
H8420,תָּו,a mark,,,Hebrew,Old Testament
H8421,תּוּב,tuwb (toob) v.,,,Hebrew,Old Testament
H8422,תּוּבַל תּוּבַל,Tuwbal (too-bal') (or Tubal too-bal') n/p.,,,Hebrew,Old Testament
H8423,תּוּבַל קַיִן,Tuwbal Qayin (too-bal' kah'-yin) n/p.,,,Hebrew,Old Testament
H8424,תּוּגָה,depression (of spirits),,,Hebrew,Old Testament
H8425,תּוֹגַרמָה תּוֹגַרמָה,Towgarmah (to-gar-maw') (or Togarmah to-gar-maw') n/p.,,,Hebrew,Old Testament
H8426,תּוֹדָה,(properly) an extension of the hand,తొదా,స్తుతి,Hebrew,Old Testament
H8427,תָּוָה,tavah (taw-vaw') v.,,,Hebrew,Old Testament
H8428,תָּוָה,tavah (taw-vaw') v.,,,Hebrew,Old Testament
H8429,תְּוַהּ,tvahh (tev-ah') v.,,,Hebrew,Old Testament
H8430,תּוַֹח,Towach (to'-akh) n/p.,,,Hebrew,Old Testament
H8431,תּוֹחֶלֶת,expectation,,,Hebrew,Old Testament
H8432,תָּוֶך,a bisection,తావెక్,మధ్య,Hebrew,Old Testament
H8433,תּוֹכֵחָה תּוֹכַחַת,chastisement,,,Hebrew,Old Testament
H8434,תּוֹלָד,Towlad (to-lawd') n/l.,,,Hebrew,Old Testament
H8435,תּוֹלְדָה תּוֹלְדָה,(plural only) descent,,,Hebrew,Old Testament
H8436,תּוּלוֹן,Tuwlon (too-lone') n/p.,,,Hebrew,Old Testament
H8437,תּוֹלָל,causing to howl,,,Hebrew,Old Testament
H8438,תּוֹלָע תּוֹלֵעָה תּוֹלַעַת תּוֹלַעַת,a maggot (as voracious),,,Hebrew,Old Testament
H8439,תּוֹלָע,Towla` (to-law') n/p.,,,Hebrew,Old Testament
H8440,תּוֹלָעִי,Towla`iy (to-law-ee') n/p.,,,Hebrew,Old Testament
H8441,תּוֹעֵבַה תּוֹעֵבַה,(properly) something disgusting,,,Hebrew,Old Testament
H8442,תּוֹעָה,mistake,,,Hebrew,Old Testament
H8443,תּוֹעָפָה,(only in plural collective) weariness,,,Hebrew,Old Testament
H8444,תּוֹצָאָה תּוֹצָאָה,(only in plural collective) exit,,,Hebrew,Old Testament
H8445,תּוֹקַהַת,Towqahath (to-kah'-ath) n/p.,,,Hebrew,Old Testament
H8446,תּוּר,tuwr (toor) v.,,,Hebrew,Old Testament
H8447,תּוֹר תּוֹר,a succession,,,Hebrew,Old Testament
H8448,תּוֹר,a manner (as a sort of turn),,,Hebrew,Old Testament
H8449,תּוֹר תּוֹר,a ring-dove,,,Hebrew,Old Testament
H8450,תּוֹר,a bull,,,Hebrew,Old Testament
H8451,תּוֹרָה תּוֹרָה,a precept or statute,తోరా,ధర్మశాస్త్రం,Hebrew,Old Testament
H8452,תּוֹרָה,a custom,,,Hebrew,Old Testament
H8453,תּוֹשָׁב תּוֹשָׁב,a dweller (but not outlandish (H5237)),,,Hebrew,Old Testament
H8454,תּוּשִׁיָה תּוּשִׁיָה,support,,,Hebrew,Old Testament
H8455,תּוֹתָח,a club,,,Hebrew,Old Testament
H8456,תָּזַז,tazaz (taw-zaz') v.,,,Hebrew,Old Testament
H8457,תַּזנוּת תַּזנוּת,harlotry,,,Hebrew,Old Testament
H8458,תַּחבּוּלָה תַּחבּוּלָה,(properly,,,Hebrew,Old Testament
H8459,תּוֹחוּ,Tochuw (to'-khoo) n/p.,,,Hebrew,Old Testament
H8460,תְּחוֹת תְּחוֹת,tchowth (tekh-oth') ((Aramaic) or tchoth (Aramaic) tekh-oth') prep.,,,Hebrew,Old Testament
H8461,תַּחכְּמוֹנִי,Tachkmoniy (takh-kem-o-nee') n/p.,,,Hebrew,Old Testament
H8462,תְּחִלָּה,a commencement,,,Hebrew,Old Testament
H8463,תַּחֲלוּא תַּחֲלוּא,a malady,,,Hebrew,Old Testament
H8464,תַּחמָס,a species of unclean bird (from its violence),,,Hebrew,Old Testament
H8465,תַּחַן,Tachan (takh'-an) n/p.,,,Hebrew,Old Testament
H8466,תַּחֲנָה,(only plural collectively) an encampment,,,Hebrew,Old Testament
H8467,תְּחִנָּה,graciousness,,,Hebrew,Old Testament
H8468,תְּחִנָּה,Tchinnah (tekh-in-naw') n/p.,,,Hebrew,Old Testament
H8469,תַּחֲנוּן תַּחֲנוּנָה,earnest prayer,,,Hebrew,Old Testament
H8470,תַּחֲנִי,Tachaniy (takh-an-ee') adj.,,,Hebrew,Old Testament
H8471,תַּחפַּנחֵס תְּחַפנְחֵס תַּחפְּנֵס,Tachpanchec (takh-pan-khace') (or Tchaphnchec (Ezek. 30) n/l.,,,Hebrew,Old Testament
H8472,תַּחפְּנֵיס,Tachpneyc (takh-pen-ace') n/p.,,,Hebrew,Old Testament
H8473,תַּחֲרָא,a linen corslet (as white or hollow),,,Hebrew,Old Testament
H8474,תַּחָרָה,tacharah (takh-aw-raw') v.,,,Hebrew,Old Testament
H8475,תַּחרֵַע,Tachrea` (takh-ray'-ah) n/p.,,,Hebrew,Old Testament
H8476,תַּחַשׁ,a (clean) animal with fur,,,Hebrew,Old Testament
H8477,תַּחַשׁ,Tachash (takh'-ash) n/p.,,,Hebrew,Old Testament
H8478,תַּחַת,the bottom (as depressed),తఖత్,క్రింద,Hebrew,Old Testament
H8479,תַּחַת,tachath (takh'-ath) prep.,,,Hebrew,Old Testament
H8480,תַּחַת,Tachath (takh'-ath) n/l.,,,Hebrew,Old Testament
H8481,תַּחתּוֹן תַּחתּוֹן,tachtown (takh-tone') (or tachton takh-tone') adj.,,,Hebrew,Old Testament
H8482,תַּחתִּי,tachtiy (takh-tee') adj.,,,Hebrew,Old Testament
H8483,תַּחתִּים חָדשִׁי,Tachtiym Chodshiy (takh-teem' khod-shee') n/l.,,,Hebrew,Old Testament
H8484,תִּיכּוֹן תִּיכּוֹן,tiykown (tee-kone') (or tiykon tee-kone') adj.,,,Hebrew,Old Testament
H8485,תֵּימָא תֵּמָא,Teyma' (tay-maw') (or Temao tay-maw') n/l.,,,Hebrew,Old Testament
H8486,תֵּימָן תֵּמָן,the south (as being on the right hand of a person facing the east),,,Hebrew,Old Testament
H8487,תֵּימָן תֵּמָן,Teyman (tay-mawn') (or Teman tay-mawn') n/l.,,,Hebrew,Old Testament
H8488,תֵּימְנִי,Teymniy (tay-men-ee') n/p.,,,Hebrew,Old Testament
H8489,תֵּימָנִי,Teymaniy (tay-maw-nee') n/p.,,,Hebrew,Old Testament
H8490,תִּימָרָה תִּמָרָה,a column,,,Hebrew,Old Testament
H8491,תִּיצִּי,Tiytsiy (tee-tsee') n/p.,,,Hebrew,Old Testament
H8492,תִּירוֹשׁ תִּירוֹשׁ,must or fresh grape-juice (as just squeezed out),,,Hebrew,Old Testament
H8493,תִּירְיָא,Tiyrya' (tee-reh-yaw') n/p.,,,Hebrew,Old Testament
H8494,תִּירָס,Tiyrac (tee-rawce') n/p.,,,Hebrew,Old Testament
H8495,תַּיִשׁ,a buck or he-goat (as given to butting),,,Hebrew,Old Testament
H8496,תּוֹך תּוֹך,oppression,,,Hebrew,Old Testament
H8497,תָּכָה,takah (taw-kaw') v.,,,Hebrew,Old Testament
H8498,תְּכוּנָה,a structure,,,Hebrew,Old Testament
H8499,תְּכוּנָה,something arranged or fixed,,,Hebrew,Old Testament
H8500,תּוּכִּי תּוּכִּי,some imported creature,,,Hebrew,Old Testament
H8501,תָּכָך,deceitful,,,Hebrew,Old Testament
H8502,תִּכלָה,completeness,,,Hebrew,Old Testament
H8503,תַּכלִיתּ,completion,,,Hebrew,Old Testament
H8504,תְּכֵלֶת,the cerulean mussel,,,Hebrew,Old Testament
H8505,תָּכַן,takan (taw-kan') v.,,,Hebrew,Old Testament
H8506,תּוֹכֶן,a fixed quantity,,,Hebrew,Old Testament
H8507,תּוֹכֶן,Token (to'-ken) n/l.,,,Hebrew,Old Testament
H8508,תָּכנִיתּ,admeasurement,,,Hebrew,Old Testament
H8509,תַּכרִיכּ,a wrapper or robe,,,Hebrew,Old Testament
H8510,תֵּל,a mound,,,Hebrew,Old Testament
H8511,תָּלָא,tala' (taw-law') v.,,,Hebrew,Old Testament
H8512,תֵּל אָבִיבּ,Tel 'Abiyb (tale aw-beeb') n/l.,,,Hebrew,Old Testament
H8513,תְּלָאָה,distress,,,Hebrew,Old Testament
H8514,תַּלאוּבָה,desiccation,,,Hebrew,Old Testament
H8515,תְּלַאשַּׂר תְּלַשַּׂר,Tla'ssar (tel-as-sar') (or Tlassar tel-as-sar') n/l.,,,Hebrew,Old Testament
H8516,תַּלבּוֹשֶׁת,a garment,,,Hebrew,Old Testament
H8517,תְּלַג,snow,,,Hebrew,Old Testament
H8518,תָּלָה,talah (taw-law') v.,,,Hebrew,Old Testament
H8519,תְּלוּנָה תְּלוּנָּה,a grumbling,,,Hebrew,Old Testament
H8520,תֶּלַח,Telach (teh'-lakh) n/p.,,,Hebrew,Old Testament
H8521,תֵּל חַרשָׁא,Tel Charsha' (tale khar-shaw') n/l.,,,Hebrew,Old Testament
H8522,תְּלִי,a quiver (as slung),,,Hebrew,Old Testament
H8523,תְּלִיתַּי תַּלתִּי,tliythay (tel-ee-thah'-ee) ((Aramaic) or taltiy (Aramaic) tal-tee') adj.,,,Hebrew,Old Testament
H8524,תָּלַל,talal (taw-lal') adj.,,,Hebrew,Old Testament
H8525,תֶּלֶם,a bank or terrace,,,Hebrew,Old Testament
H8526,תַּלמַי,Talmay (tal-mah'-ee) n/p.,,,Hebrew,Old Testament
H8527,תַּלמִידּ,a pupil,,,Hebrew,Old Testament
H8528,תֵּל מֶלַח,Tel Melach (tale meh'-lakh) n/l.,,,Hebrew,Old Testament
H8529,תָּלַע,tala` (taw-law') v.,,,Hebrew,Old Testament
H8530,תַּלפִּיָה,something tall,,,Hebrew,Old Testament
H8531,תְּלַת,a tertiary rank,,,Hebrew,Old Testament
H8532,תְּלָת תְּלָתָה תְּלָתָא,tlath (tel-awth') ((Aramaic) masculine tlathah (Aramaic) tel-aw-thaw' or tlatha (Aramaic) tel-aw-tha...,,,Hebrew,Old Testament
H8533,תְּלָתִין,tlathiyn (tel-aw-theen') num.,,,Hebrew,Old Testament
H8534,תַּלתַּל,a trailing bough (as pendulous),,,Hebrew,Old Testament
H8535,תָּם,tam (tawm) adj.,,,Hebrew,Old Testament
H8536,תָּם,tam (tawm) adv.,,,Hebrew,Old Testament
H8537,תּוֹם,completeness,,,Hebrew,Old Testament
H8538,תּוּמָּה,innocence,,,Hebrew,Old Testament
H8539,תָּמַהּ,tamahh (taw-mah') v.,,,Hebrew,Old Testament
H8540,תְּמַהּ,a miracle,,,Hebrew,Old Testament
H8541,תִּמָּהוֹן,consternation,,,Hebrew,Old Testament
H8542,תַּמּוּז,Tammuwz (tam-mooz') n/t.,,,Hebrew,Old Testament
H8543,תְּמוֹל תְּמוֹל,tmowl (tem-ole') (or tmol tem-ole') adv.,,,Hebrew,Old Testament
H8544,תְּמוּנָה תְּמוּנָה,something portioned (i.e. fashioned) out,,,Hebrew,Old Testament
H8545,תְּמוּרָה,barter,,,Hebrew,Old Testament
H8546,תְּמוּתָה,execution (as a doom),,,Hebrew,Old Testament
H8547,תֶּמַח,Temach (teh'-makh) n/p.,,,Hebrew,Old Testament
H8548,תָּמִידּ,(properly) continuance (as indefinite extension),,,Hebrew,Old Testament
H8549,תָּמִים,tamiym (taw-meem') adj.,తామీమ్,పరిపూర్ణం,Hebrew,Old Testament
H8550,תּוּמִּים,Tummiym (toom-meem') n/p.,,,Hebrew,Old Testament
H8551,תָּמַך,tamak (taw-mak') v.,,,Hebrew,Old Testament
H8552,תָּמַם,tamam (taw-mam') v.,,,Hebrew,Old Testament
H8553,תִּמנָה,Timnah (tim-naw') n/l.,,,Hebrew,Old Testament
H8554,תִּמנִי,Timniy (tim-nee') adj.,,,Hebrew,Old Testament
H8555,תִּמנָע,Timna` (tim-naw') n/p.,,,Hebrew,Old Testament
H8556,תִּמנַת חֶרֶס תִּמנַת סֶרַח,Timnath Cherec (tim-nath kheh'-res) (or Timnath Cerach tim-nath seh'-rakh) n/l.,,,Hebrew,Old Testament
H8557,תֶּמֶס,liquefaction,,,Hebrew,Old Testament
H8558,תָּמָר,a palm tree,,,Hebrew,Old Testament
H8559,תָּמָר,Tamar (taw-mawr') n/p.,,,Hebrew,Old Testament
H8560,תּוֹמֶר,a palm trunk,,,Hebrew,Old Testament
H8561,תִּמּוֹר תִּמּוֹרָה,(arch.) a palm-like pilaster (i.e. umbellate),,,Hebrew,Old Testament
H8562,תַּמרוּק תַּמרוּק תַּמרִיק,(properly) a scouring,,,Hebrew,Old Testament
H8563,תַּמרוּר,bitterness (plural as collective),,,Hebrew,Old Testament
H8564,תַּמרוּר,an erection,,,Hebrew,Old Testament
H8565,תַּן,a monster (as preternaturally formed),,,Hebrew,Old Testament
H8566,תָּנָה,tanah (taw-naw') v.,,,Hebrew,Old Testament
H8567,תָּנָה,tanah (taw-naw') v.,,,Hebrew,Old Testament
H8568,תַּנָּה,a female jackal,,,Hebrew,Old Testament
H8569,תְּנוּאָה,alienation,,,Hebrew,Old Testament
H8570,תְּנוּבָה,produce,,,Hebrew,Old Testament
H8571,תְּנוּך,a pinnacle,,,Hebrew,Old Testament
H8572,תְּנוּמָה,drowsiness,,,Hebrew,Old Testament
H8573,תְּנוּפָה,a brandishing (in threat),,,Hebrew,Old Testament
H8574,תַּנּוּר,a fire-pot,,,Hebrew,Old Testament
H8575,תַּנחוּם תַּנחוּם תַּנחוּמָה,tanchuwm (tan-khoom') (or tanchum tan-khoom' and (feminine) tanchuwmah tan-khoo-maw',,,Hebrew,Old Testament
H8576,תַּנחוּמֶת,Tanchumeth (tan-khoo'-meth) n/p.,,,Hebrew,Old Testament
H8577,תַּנִּין תַּנִּים,a marine or land monster,,,Hebrew,Old Testament
H8578,תִּניָן,tinyan (tin-yawn') adj.,,,Hebrew,Old Testament
H8579,תִּניָנוּת,tinyanuwth (tin-yaw-nooth') adv.,,,Hebrew,Old Testament
H8580,תַּנשֶׁמֶת,(properly) a hard breather,,,Hebrew,Old Testament
H8581,תָּעַב,ta`ab (taw-ab') v.,,,Hebrew,Old Testament
H8582,תָּעָה,ta`ah (taw-aw') v.,,,Hebrew,Old Testament
H8583,תּוֹעוּ תּוֹעִי,To`uw (to'-oo) (or Tomiy to'-ee) n/p.,,,Hebrew,Old Testament
H8584,תְּעוּדָה,attestation,,,Hebrew,Old Testament
H8585,תְּעָלָה,a channel (into which water is raised for irrigation),,,Hebrew,Old Testament
H8586,תַּעֲלוּל,caprice (as a fit coming on),,,Hebrew,Old Testament
H8587,תַּעֲלוּמָּה,a secret,,,Hebrew,Old Testament
H8588,תַּעֲנוּג תַּעֲנוּג תַּעֲנוּגָה,luxury,,,Hebrew,Old Testament
H8589,תַּעֲנִיתּ,affliction (of self),,,Hebrew,Old Testament
H8590,תַּעֲנָך תַּענָך,Ta`anak (tah-an-awk') (or Tanak tah-nawk') n/l.,,,Hebrew,Old Testament
H8591,תָּעַע,ta`a` (taw-ah') v.,,,Hebrew,Old Testament
H8592,תַּעֲצוּמָה,might (plural collective),,,Hebrew,Old Testament
H8593,תַּעַר,ta`ar (tah'-ar) n-e.,,,Hebrew,Old Testament
H8594,תַּעֲרוּבָה,suretyship,,,Hebrew,Old Testament
H8595,תַּעתּוַּע,a fraud,,,Hebrew,Old Testament
H8596,תּוֹף,a tambourine,,,Hebrew,Old Testament
H8597,תִּפאָרָה תִּפאֶרֶת,ornament,,,Hebrew,Old Testament
H8598,תַּפּוַּח,an apple (from its fragrance),,,Hebrew,Old Testament
H8599,תַּפּוַּח,Tappuwach (tap-poo'-akh) n/p.,,,Hebrew,Old Testament
H8600,תְּפוֹצָה,a dispersal,,,Hebrew,Old Testament
H8601,תּוּפִין,cookery,,,Hebrew,Old Testament
H8602,תָּפֵל,taphel (taw-fale') adj.,,,Hebrew,Old Testament
H8603,תּוֹפֶל,Tophel (to'-fel) n/l.,,,Hebrew,Old Testament
H8604,תִּפלָה,frivolity,,,Hebrew,Old Testament
H8605,תְּפִלָּה,intercession,,,Hebrew,Old Testament
H8606,תִּפלֶצֶת,fearfulness,,,Hebrew,Old Testament
H8607,תִּפסַח,Tiphcach (tif-sakh') n/l.,,,Hebrew,Old Testament
H8608,תָּפַף,taphaph (taw-faf') v.,,,Hebrew,Old Testament
H8609,תָּפַר,taphar (taw-far') v.,,,Hebrew,Old Testament
H8610,תָּפַשׂ,taphas (taw-fas') v.,,,Hebrew,Old Testament
H8611,תּוֹפֶת,a smiting,,,Hebrew,Old Testament
H8612,תּוֹפֶת,Topheth (to'-feth) n/l.,,,Hebrew,Old Testament
H8613,תָּפתֶּה,Tophteh (tof-teh') n/l.,,,Hebrew,Old Testament
H8614,תִּפתַּי,judicial,,,Hebrew,Old Testament
H8615,תִּקוָה,(literally) a cord (as an attachment),తిక్వా,నిరీక్షణ,Hebrew,Old Testament
H8616,תִּקוָה,Tiqvah (tik-vaw') n/p.,,,Hebrew,Old Testament
H8617,תְּקוּמָה,resistfulness,,,Hebrew,Old Testament
H8618,תְּקוֹמֵם,tqowmem (tek-o-mame') v.,,,Hebrew,Old Testament
H8619,תָּקוַֹע,a trumpet,,,Hebrew,Old Testament
H8620,תְּקוַֹע,Tqowa` (tek-o'-ah) n/p.,,,Hebrew,Old Testament
H8621,תְּקוֹעִי תְּקוֹעִי,Tqow`iy (tek-o-ee') (or Tqo iy tek-o-ee') adj.,,,Hebrew,Old Testament
H8622,תְּקוּפָה תְּקוּפָה,a revolution,,,Hebrew,Old Testament
H8623,תַּקִּיף,taqqiyph (tak-keef') adj.,,,Hebrew,Old Testament
H8624,תַּקִּיף,taqqiyph (tak-keef') adj.,,,Hebrew,Old Testament
H8625,תְּקַל,to balance,,,Hebrew,Old Testament
H8626,תָּקַן,taqan (taw-kan') v.,,,Hebrew,Old Testament
H8627,תְּקַן,tqan (tek-an') v.,,,Hebrew,Old Testament
H8628,תָּקַע,taqa` (taw-kah') v.,,,Hebrew,Old Testament
H8629,תֵּקַע,a blast of a trumpet,,,Hebrew,Old Testament
H8630,תָּקַף,taqaph (taw-kaf') v.,,,Hebrew,Old Testament
H8631,תְּקֵף,tqeph (tek-afe') v.,,,Hebrew,Old Testament
H8632,תְּקוֹף,power,,,Hebrew,Old Testament
H8633,תּוֹקֶף,might or (figuratively) positiveness,,,Hebrew,Old Testament
H8634,תַּראֲלָה,Tar'alah (tar-al-aw') n/l.,,,Hebrew,Old Testament
H8635,תַּרבּוּת,multiplication,,,Hebrew,Old Testament
H8636,תַּרבִּיתּ,multiplication,,,Hebrew,Old Testament
H8637,תִּרגַּל,tirgal (teer-gal') v.,,,Hebrew,Old Testament
H8638,תִּרגַּם,tirgam (teer-gam') v.,,,Hebrew,Old Testament
H8639,תַּרדֵּמָה,a lethargy,,,Hebrew,Old Testament
H8640,תִּרהָקָה,Tirhaqah (teer-haw'-kaw) n/p.,,,Hebrew,Old Testament
H8641,תְּרוּמָה תְּרוּמָה,a present (as offered up),,,Hebrew,Old Testament
H8642,תְּרוּמִיָה,a sacrificial offering,,,Hebrew,Old Testament
H8643,תְּרוּעָה,clamor,,,Hebrew,Old Testament
H8644,תְּרוּפָה,a remedy,,,Hebrew,Old Testament
H8645,תִּרזָה,a species of tree (apparently from its slenderness),,,Hebrew,Old Testament
H8646,תֶּרַח,Terach (teh'-rakh) n/l.,,,Hebrew,Old Testament
H8647,תִּרחֲנָה,Tirchanah (teer-khan-aw') n/p.,,,Hebrew,Old Testament
H8648,תְּרֵין תַּרתֵּין,treyn (ter-ane') ((Aramaic) feminine tarteyn tar-tane') n-e.,,,Hebrew,Old Testament
H8649,תָּרמָה תַּרמוּת תַּרמִיתּ,fraud,,,Hebrew,Old Testament
H8650,תּוֹרֶן,a pole (as a mast or flag-staff),,,Hebrew,Old Testament
H8651,תְּרַע,a door,,,Hebrew,Old Testament
H8652,תָּרָע,a doorkeeper,,,Hebrew,Old Testament
H8653,תַּרעֵלָה,reeling,,,Hebrew,Old Testament
H8654,תִּרעָתִי,Tir`athiy (teer-aw-thee') n/p.,,,Hebrew,Old Testament
H8655,תְּרָפִים,a healer,,,Hebrew,Old Testament
H8656,תִּרצָּה,Tirtsah (teer-tsaw') n/p.,,,Hebrew,Old Testament
H8657,תֶּרֶשׁ,Teresh (teh'-resh) n/p.,,,Hebrew,Old Testament
H8658,תַּרשִׁישׁ,a gem,,,Hebrew,Old Testament
H8659,תַּרשִׁישׁ,Tarshiysh (tar-sheesh') n/l.,,,Hebrew,Old Testament
H8660,תִּרשָׁתָא,the title of a Persian deputy or governor,,,Hebrew,Old Testament
H8661,תַּרתָּן,Tartan,,,Hebrew,Old Testament
H8662,תַּרתָּק,Tartaq (tar-tawk') n/t.,,,Hebrew,Old Testament
H8663,תְּשׁוּאָה,a crashing or loud clamor,,,Hebrew,Old Testament
H8664,תִּשׁבִּי,Tishbiy (tish-bee') adj.,,,Hebrew,Old Testament
H8665,תַּשׁבֵּץ,checkered stuff (as reticulated),,,Hebrew,Old Testament
H8666,תְּשׁוּבָה תֶּשׁוּבָה,a recurrence (of time or place),,,Hebrew,Old Testament
H8667,תְּשׂוּמֶת,a deposit,,,Hebrew,Old Testament
H8668,תְּשׁוּעָה תְּשׁוּעָה,rescue (literal or figurative,,,Hebrew,Old Testament
H8669,תְּשׁוּקָה,a longing,,,Hebrew,Old Testament
H8670,תְּשׁוּרָה,a gift,,,Hebrew,Old Testament
H8671,תְּשִׁיעִי,tshiy`iy (tesh-ee-ee') adj.,,,Hebrew,Old Testament
H8672,תֵּשַׁע תִּשׁעָה,tesha` (tay'-shah) (or (masculine) tishtah tish-aw') n-e.,,,Hebrew,Old Testament
H8673,תִּשׁעִים,tish`iym (tish-eem') num.,,,Hebrew,Old Testament
H8674,תַּתּתְּנַי,Tattnay (tat-ten-ah'-ee) n/p.,,,Hebrew,Old Testament
G1,ἄν,ἄν,ఆల్ఫా,ఆల్ఫా,Greek,New Testament
G2,Ἀαρών,Ἀαρών,అరోన్,అహరోను,Greek,New Testament
G3,Ἀβαδδών,Ἀβαδδών,అబద్దొన్,నాశనం,Greek,New Testament
G4,ἀβαρής,ἄν+βάσις+βάσις,అబరేస్,భారం లేని,Greek,New Testament
G5,Ἀββᾶ,Ἀββᾶ,అబ్బా,తండ్రి,Greek,New Testament
G6,Ἄβελ,Ἄβελ,,,Greek,New Testament
G7,Ἀβιά,Ἀβιά,,,Greek,New Testament
G8,Ἀβιαθάρ,Ἀβιαθάρ,,,Greek,New Testament
G9,Ἀβιληνή,Ἀβιληνή,,,Greek,New Testament
G10,Ἀβιούδ,Ἀβιούδ,,,Greek,New Testament
G11,Ἀβραάμ,Ἀβραάμ,,,Greek,New Testament
G12,ἄβυσσος,ἄν+βάσις,,,Greek,New Testament
G13,Ἄγαβος,Ἄγαβος,,,Greek,New Testament
G14,ἀγαθοεργέω,ἀγαθός+ἔργον,,,Greek,New Testament
G15,ἀγαθοποιέω,ἀγαθός+ποιέω,,,Greek,New Testament
G16,ἀγαθοποιΐα,ἀγαθός+ποιέω,,,Greek,New Testament
G17,ἀγαθοποιός,ἀγαθός+ποιέω,,,Greek,New Testament
G18,ἀγαθός,ἀγαθός,అగథొస్,మంచి,Greek,New Testament
G19,ἀγαθωσύνη,ἀγαθός,,,Greek,New Testament
G20,ἀγαλλίασις,ἅλλομαι,,,Greek,New Testament
G21,ἀγαλλιάω,ἅλλομαι,,,Greek,New Testament
G22,ἄγαμος,ἄν+γάμος,,,Greek,New Testament
G23,ἀγανακτέω,ἀγκάλη,,,Greek,New Testament
G24,ἀγανάκτησις,ἀγκάλη,,,Greek,New Testament
G25,ἀγαπάω,ἀγαπάω,అగపాఓ,ప్రేమించు,Greek,New Testament
G26,ἀγάπη,ἀγαπάω,అగాపే,ప్రేమ,Greek,New Testament
G27,ἀγαπητός,ἀγαπάω,,,Greek,New Testament
G28,Ἄγαρ,Ἄγαρ,,,Greek,New Testament
G29,ἀγγαρεύω,ἀγγαρεύω,,,Greek,New Testament
G30,ἀγγεῖον,ἀγκάλη,,,Greek,New Testament
G31,ἀγγελία,ἄγω,,,Greek,New Testament
G32,ἄγγελος,ἄγω,అగ్గెలొస్,దూత,Greek,New Testament
G33,ἄγε,ἄγω,,,Greek,New Testament
G34,ἀγέλη,ἄγω+ἄγω,,,Greek,New Testament
G35,ἀγενεαλόγητος,ἄν+γίνομαι+λέγω,,,Greek,New Testament
G36,ἀγενής,ἄν+γίνομαι,,,Greek,New Testament
G37,ἁγιάζω,ἁγνός+θάλπω,హగియాజో,పరిశుద్ధం చేయు,Greek,New Testament
G38,ἁγιασμός,ἁγνός+θάλπω,,,Greek,New Testament
G39,ἅγιον,ἁγνός+θάλπω,,,Greek,New Testament
G40,ἅγιος,ἁγνός+θάλπω,హగియొస్,పరిశుద్ధుడు,Greek,New Testament
G41,ἁγιότης,ἁγνός+θάλπω,,,Greek,New Testament
G42,ἁγιωσύνη,ἁγνός+θάλπω,,,Greek,New Testament
G43,ἀγκάλη,ἀγκάλη,,,Greek,New Testament
G44,ἄγκιστρον,ἀγκάλη,,,Greek,New Testament
G45,ἄγκυρα,ἀγκάλη,,,Greek,New Testament
G46,ἄγναφος,ἄν+γναφεύς,,,Greek,New Testament
G47,ἁγνεία,ἁγνός,,,Greek,New Testament
G48,ἁγνίζω,ἁγνός,,,Greek,New Testament
G49,ἁγνισμός,ἁγνός,,,Greek,New Testament
G50,ἀγνοέω,ἄν+γινώσκω,,,Greek,New Testament
G51,ἀγνόημα,ἄν+γινώσκω,,,Greek,New Testament
G52,ἄγνοια,ἄν+γινώσκω,,,Greek,New Testament
G53,ἁγνός,ἁγνός,హగ్నొస్,పవిత్రుడు,Greek,New Testament
G54,ἁγνότης,ἁγνός,,,Greek,New Testament
G55,ἁγνῶς,ἁγνός,,,Greek,New Testament
G56,ἀγνωσία,ἄν+γινώσκω,,,Greek,New Testament
G57,ἄγνωστος,ἄν+γινώσκω,అగ్నొస్తొస్,తెలియని,Greek,New Testament
G58,ἀγορά,ἐγείρω,,,Greek,New Testament
G59,ἀγοράζω,ἐγείρω,,,Greek,New Testament
G60,ἀγοραῖος,ἐγείρω,,,Greek,New Testament
G61,ἄγρα,ἄγω,,,Greek,New Testament
G62,ἀγράμματος,ἄν+γράφω,,,Greek,New Testament
G63,ἀγραυλέω,ἄγω+ἀήρ+ἀήρ,,,Greek,New Testament
G64,ἀγρεύω,ἄγω,,,Greek,New Testament
G65,ἀγριέλαιος,ἄγω+ἐλαία,,,Greek,New Testament
G66,ἄγριος,ἄγω,,,Greek,New Testament
G67,Ἀγρίππας,ἄγω+ἵππος,,,Greek,New Testament
G68,ἀγρός,ἄγω,,,Greek,New Testament
G69,ἀγρυπνέω,ἄν+ὑπό,,,Greek,New Testament
G70,ἀγρυπνία,ἄν+ὑπό,,,Greek,New Testament
G71,ἄγω,ἄγω,,,Greek,New Testament
G72,ἀγωγή,ἄγω,,,Greek,New Testament
G73,ἀγών,ἄγω,,,Greek,New Testament
G74,ἀγωνία,ἄγω,,,Greek,New Testament
G75,ἀγωνίζομαι,ἄγω,,,Greek,New Testament
G76,Ἀδάμ,Ἀδάμ,,,Greek,New Testament
G77,ἀδάπανος,ἄν,,,Greek,New Testament
G78,Ἀδδί,Ἀδδί,,,Greek,New Testament
G79,ἀδελφή,ἄν,,,Greek,New Testament
G80,ἀδελφός,ἄν,అదెల్ఫొస్,సోదరుడు,Greek,New Testament
G81,ἀδελφότης,ἄν,,,Greek,New Testament
G82,ἄδηλος,ἄν+δῆλος,,,Greek,New Testament
G83,ἀδηλότης,ἄν+δῆλος,,,Greek,New Testament
G84,ἀδήλως,ἄν+δῆλος,,,Greek,New Testament
G85,ἀδημονέω,ἀδημονέω,,,Greek,New Testament
G86,ᾅδης,ἄν+εἴδω,,,Greek,New Testament
G87,ἀδιάκριτος,ἄν+διά+κρίνω,,,Greek,New Testament
G88,ἀδιάλειπτος,ἄν+διά+λείπω,,,Greek,New Testament
G89,ἀδιαλείπτως,ἄν+διά+λείπω,,,Greek,New Testament
G90,ἀδιαφθορία,ἄν+διά+βάλλω+φθείρω,,,Greek,New Testament
G91,ἀδικέω,ἄν+δεικνύω,అదికెఓ,అన్యాయం చేయు,Greek,New Testament
G92,ἀδίκημα,ἄν+δεικνύω,,,Greek,New Testament
G93,ἀδικία,ἄν+δεικνύω,అదికియా,అన్యాయం,Greek,New Testament
G94,ἄδικος,ἄν+δεικνύω,అదికొస్,అన్యాయమైన,Greek,New Testament
G95,ἀδίκως,ἄν+δεικνύω,,,Greek,New Testament
G96,ἀδόκιμος,ἄν+δοκέω,,,Greek,New Testament
G97,ἄδολος,ἄν,,,Greek,New Testament
G98,Ἀδραμυττηνός,Ἀδραμυττηνός,,,Greek,New Testament
G99,Ἀδρίας,Ἀδρίας,,,Greek,New Testament
G100,ἁδρότης,ἁδρότης,,,Greek,New Testament
G101,ἀδυνατέω,ἄν+δύναμαι,,,Greek,New Testament
G102,ἀδύνατος,ἄν+δύναμαι,,,Greek,New Testament
G103,ᾄδω,ᾄδω,,,Greek,New Testament
G104,ἀεί,ἀεί,,,Greek,New Testament
G105,ἀετός,ἀήρ,,,Greek,New Testament
G106,ἄζυμος,ἄν+ζέω,,,Greek,New Testament
G107,Ἀζώρ,Ἀζώρ,,,Greek,New Testament
G108,Ἄζωτος,Ἄζωτος,,,Greek,New Testament
G109,ἀήρ,ἀήρ,,,Greek,New Testament
G110,ἀθανασία,ἄν+θνήσκω,,,Greek,New Testament
G111,ἀθέμιτος,ἄν+τίθημι,,,Greek,New Testament
G112,ἄθεος,ἄν+θεός,,,Greek,New Testament
G113,ἄθεσμος,ἄν+τίθημι,,,Greek,New Testament
G114,ἀθετέω,ἄν+τίθημι,,,Greek,New Testament
G115,ἀθέτησις,ἄν+τίθημι,,,Greek,New Testament
G116,Ἀθῆναι,Ἀθῆναι,,,Greek,New Testament
G117,Ἀθηναῖος,Ἀθῆναι,,,Greek,New Testament
G118,ἀθλέω,ἀθλέω,,,Greek,New Testament
G119,ἄθλησις,ἀθλέω,,,Greek,New Testament
G120,ἀθυμέω,ἄν+θύω,,,Greek,New Testament
G121,ἄθωος,ἄν+τίθημι,,,Greek,New Testament
G122,αἴγειος,αἴγειος,,,Greek,New Testament
G123,αἰγιαλός,ἅλς,,,Greek,New Testament
G124,Αἰγύπτιος,Αἴγυπτος,,,Greek,New Testament
G125,Αἴγυπτος,Αἴγυπτος,,,Greek,New Testament
G126,ἀΐδιος,ἀεί,,,Greek,New Testament
G127,αἰδώς,ἄν+εἴδω,,,Greek,New Testament
G128,Αἰθίοψ,ὁράω,,,Greek,New Testament
G129,αἷμα,αἷμα,హైమా,రక్తం,Greek,New Testament
G130,αἱματεκχυσία,αἷμα+ἐξ,,,Greek,New Testament
G131,αἱμοῤῥέω,αἷμα+ῥέω,,,Greek,New Testament
G132,Αἰνέας,Αἰνέας,,,Greek,New Testament
G133,αἴνεσις,αἶνος,,,Greek,New Testament
G134,αἰνέω,αἶνος,,,Greek,New Testament
G135,αἴνιγμα,αἶνος,,,Greek,New Testament
G136,αἶνος,αἶνος,,,Greek,New Testament
G137,Αἰνών,Αἰνών,,,Greek,New Testament
G138,ἕλλομαι,αἴρω,,,Greek,New Testament
G139,αἵρεσις,αἴρω,,,Greek,New Testament
G140,αἱρετίζω,αἴρω,,,Greek,New Testament
G141,αἱρετικός,αἴρω,,,Greek,New Testament
G142,αἴρω,αἴρω,,,Greek,New Testament
G143,αἰσθάνομαι,αἰσθάνομαι,,,Greek,New Testament
G144,αἴσθησις,αἰσθάνομαι,,,Greek,New Testament
G145,αἰσθητήριον,αἰσθάνομαι,,,Greek,New Testament
G146,αἰσχροκερδής,αἰσχύνομαι,,,Greek,New Testament
G147,αἰσχροκερδῶς,αἰσχύνομαι,,,Greek,New Testament
G148,αἰσχρολογία,αἰσχύνομαι+λέγω,,,Greek,New Testament
G149,αἰσχρόν,αἰσχύνομαι,,,Greek,New Testament
G150,αἰσχρός,αἰσχύνομαι,,,Greek,New Testament
G151,αἰσχρότης,αἰσχύνομαι,,,Greek,New Testament
G152,αἰσχύνη,αἰσχύνομαι,,,Greek,New Testament
G153,αἰσχύνομαι,αἰσχύνομαι,,,Greek,New Testament
G154,αἰτέω,αἰτέω,,,Greek,New Testament
G155,αἴτημα,αἰτέω,,,Greek,New Testament
G156,αἰτία,αἰτέω,,,Greek,New Testament
G157,αἰτίαμα,αἰτέω,,,Greek,New Testament
G158,αἴτιον,αἰτέω,,,Greek,New Testament
G159,αἴτιος,αἰτέω,,,Greek,New Testament
G160,αἰφνίδιος,ἄν+φημί+ἐξ+ἄν+φημί,,,Greek,New Testament
G161,αἰχμαλωσία,αἴρω,,,Greek,New Testament
G162,αἰχμαλωτεύω,αἴρω,,,Greek,New Testament
G163,αἰχμαλωτίζω,αἴρω,,,Greek,New Testament
G164,αἰχμάλωτος,αἴρω,,,Greek,New Testament
G165,αἰών,ἀεί,ఐఓన్,యుగం,Greek,New Testament
G166,αἰώνιος,ἀεί,ఐఓనియొస్,నిత్యమైన,Greek,New Testament
G167,ἀκαθαρσία,ἄν+καθαρός,,,Greek,New Testament
G168,ἀκαθάρτης,ἄν+καθαρός,,,Greek,New Testament
G169,ἀκάθαρτος,ἄν+καθαρός,,,Greek,New Testament
G170,ἀκαιρέομαι,ἄν+καιρός,,,Greek,New Testament
G171,ἀκαίρως,ἄν+καιρός,,,Greek,New Testament
G172,ἄκακος,ἄν+κακός,,,Greek,New Testament
G173,ἄκανθα,ἀκμήν,,,Greek,New Testament
G174,ἀκάνθινος,ἀκμήν,,,Greek,New Testament
G175,ἄκαρπος,ἄν+αἴρω,,,Greek,New Testament
G176,ἀκατάγνωστος,ἄν+κατά+γινώσκω,,,Greek,New Testament
G177,ἀκατακάλυπτος,ἄν+κατά+κλέπτω+κρύπτω,,,Greek,New Testament
G178,ἀκατάκριτος,ἄν+κατά+κρίνω,,,Greek,New Testament
G179,ἀκατάλυτος,ἄν+κατά+λύω,,,Greek,New Testament
G180,ἀκατάπαυστος,ἄν+κατά+παύω,,,Greek,New Testament
G181,ἀκαταστασία,ἄν+κατά+ἵστημι,,,Greek,New Testament
G182,ἀκατάστατος,ἄν+κατά+ἵστημι,,,Greek,New Testament
G183,ἀκατάσχετος,ἄν+κατά+σχέω,,,Greek,New Testament
G184,Ἀκελδαμά,Ἀκελδαμά,,,Greek,New Testament
G185,ἀκέραιος,ἄν+κεράννυμι,,,Greek,New Testament
G186,ἀκλινής,ἄν+κλίνω,,,Greek,New Testament
G187,ἀκμάζω,ἀκμήν,,,Greek,New Testament
G188,ἀκμήν,ἀκμήν,,,Greek,New Testament
G189,ἀκοή,ἀκούω,,,Greek,New Testament
G190,ἀκολουθέω,ἄν,,,Greek,New Testament
G191,ἀκούω,ἀκούω,,,Greek,New Testament
G192,ἀκρασία,ἄν+κράτος,,,Greek,New Testament
G193,ἀκρατής,ἄν+κράτος,,,Greek,New Testament
G194,ἄκρατος,ἄν+κεράννυμι,,,Greek,New Testament
G195,ἀκρίβεια,ἀκμήν,,,Greek,New Testament
G196,ἀκριβέστατος,ἀκμήν,,,Greek,New Testament
G197,ἀκριβέστερον,ἀκμήν,,,Greek,New Testament
G198,ἀκριβόω,ἀκμήν,,,Greek,New Testament
G199,ἀκριβῶς,ἀκμήν,,,Greek,New Testament
G200,ἀκρίς,ἀκμήν,,,Greek,New Testament
G201,ἀκροατήριον,ἀκούω,,,Greek,New Testament
G202,ἀκροατής,ἀκούω,,,Greek,New Testament
G203,ἀκροβυστία,ἀκμήν,,,Greek,New Testament
G204,ἀκρογωνιαῖος,ἀκμήν+γόνυ,,,Greek,New Testament
G205,ἀκροθίνιον,ἀκμήν,,,Greek,New Testament
G206,ἄκρον,ἀκμήν,,,Greek,New Testament
G207,Ἀκύλας,Ἀκύλας,,,Greek,New Testament
G208,ἀκυρόω,ἄν+κύριος,,,Greek,New Testament
G209,ἀκωλύτως,ἄν+κολάζω,,,Greek,New Testament
G210,ἄκων,ἄν+ἑκών,,,Greek,New Testament
G211,ἀλάβαστρον,ἀλάβαστρον,,,Greek,New Testament
G212,ἀλαζονεία,ἀλαζών,,,Greek,New Testament
G213,ἀλαζών,ἀλαζών,,,Greek,New Testament
G214,ἀλαλάζω,ἀλαλάζω,,,Greek,New Testament
G215,ἀλάλητος,ἄν+λαλέω,,,Greek,New Testament
G216,ἄλαλος,ἄν+λαλέω,,,Greek,New Testament
G217,ἅλας,ἅλς,,,Greek,New Testament
G218,ἀλείφω,ἄν+λιπαρός,,,Greek,New Testament
G219,ἀλεκτοροφωνία,ἀλέκτωρ+φημί,,,Greek,New Testament
G220,ἀλέκτωρ,ἀλέκτωρ,,,Greek,New Testament
G221,Ἀλεξανδρεύς,Ἀλεξανδρεύς,,,Greek,New Testament
G222,Ἀλεξανδρῖνος,Ἀλεξανδρεύς,,,Greek,New Testament
G223,Ἀλέξανδρος,ἀλέκτωρ+ὁράω,,,Greek,New Testament
G224,ἄλευρον,ἄλευρον,,,Greek,New Testament
G225,ἀλήθεια,ἄν+λανθάνω,అలేథియా,సత్యం,Greek,New Testament
G226,ἀληθεύω,ἄν+λανθάνω,,,Greek,New Testament
G227,ἀληθής,ἄν+λανθάνω,అలేథేస్,సత్యమైన,Greek,New Testament
G228,ἀληθινός,ἄν+λανθάνω,,,Greek,New Testament
G229,ἀλήθω,ἄλευρον,,,Greek,New Testament
G230,ἀληθῶς,ἄν+λανθάνω,,,Greek,New Testament
G231,ἁλιεύς,ἅλς,,,Greek,New Testament
G232,ἁλιεύω,ἅλς,,,Greek,New Testament
G233,ἁλίζω,ἅλς,,,Greek,New Testament
G234,ἀλίσγεμα,ἀλίσγεμα,,,Greek,New Testament
G235,ἀλλά,ἄλλος,,,Greek,New Testament
G236,ἀλλάσσω,ἄλλος,,,Greek,New Testament
G237,ἀλλαχόθεν,ἄλλος,,,Greek,New Testament
G238,ἀλληγορέω,ἄλλος+ἐγείρω,,,Greek,New Testament
G239,ἀλληλουϊα,ἀλληλουϊα,,,Greek,New Testament
G240,ἀλλήλων,ἄλλος,,,Greek,New Testament
G241,ἀλλογενής,ἄλλος+γίνομαι,,,Greek,New Testament
G242,ἅλλομαι,ἅλλομαι,,,Greek,New Testament
G243,ἄλλος,ἄλλος,అల్లొస్,వేరొక,Greek,New Testament
G244,ἀλλοτριεπίσκοπος,ἄλλος+ἐπί+σκοπός+ἐπί+σκοπός,,,Greek,New Testament
G245,ἀλλότριος,ἄλλος,,,Greek,New Testament
G246,ἀλλόφυλος,ἄλλος+φύω+φύω,,,Greek,New Testament
G247,ἄλλως,ἄλλος,,,Greek,New Testament
G248,ἀλοάω,εἱλίσσω,,,Greek,New Testament
G249,ἄλογος,ἄν+λέγω,,,Greek,New Testament
G250,ἀλόη,ἀκμήν,,,Greek,New Testament
G251,ἅλς,ἅλς,,,Greek,New Testament
G252,ἁλυκός,ἅλς,,,Greek,New Testament
G253,ἀλυπότερος,ἄν+λύπη,,,Greek,New Testament
G254,ἅλυσις,ἅλυσις,,,Greek,New Testament
G255,ἀλυσιτελής,ἄν+λύω+τέλος,,,Greek,New Testament
G256,Ἀλφαῖος,Ἀλφαῖος,,,Greek,New Testament
G257,ἅλων,εἱλίσσω,,,Greek,New Testament
G258,ἀλώπηξ,ἀλώπηξ,,,Greek,New Testament
G259,ἅλωσις,αἴρω,,,Greek,New Testament
G260,ἅμα,ἅμα,,,Greek,New Testament
G261,ἀμαθής,ἄν+μανθάνω,,,Greek,New Testament
G262,ἀμαράντινος,ἄν+μαραίνω,,,Greek,New Testament
G263,ἀμάραντος,ἄν+μαραίνω,,,Greek,New Testament
G264,ἁμαρτάνω,ἄν+μέρος,హమర్తానో,పాపం చేయు,Greek,New Testament
G265,ἁμάρτημα,ἄν+μέρος,,,Greek,New Testament
G266,ἁμαρτία,ἄν+μέρος,హమర్తియా,పాపం,Greek,New Testament
G267,ἀμάρτυρος,ἄν+μάρτυς,,,Greek,New Testament
G268,ἁμαρτωλός,ἄν+μέρος,హమర్తొలొస్,పాపి,Greek,New Testament
G269,ἄμαχος,ἄν+μάχομαι,,,Greek,New Testament
G270,ἀμάω,ἅμα,,,Greek,New Testament
G271,ἀμέθυστος,ἄν+μέθη,,,Greek,New Testament
G272,ἀμελέω,ἄν+μέλω,,,Greek,New Testament
G273,ἄμεμπτος,ἄν+μέμφομαι,,,Greek,New Testament
G274,ἀμέμπτως,ἄν+μέμφομαι,,,Greek,New Testament
G275,ἀμέριμνος,ἄν+μέρος,,,Greek,New Testament
G276,ἀμετάθετος,ἄν+μετά+τίθημι,,,Greek,New Testament
G277,ἀμετακίνητος,ἄν+μετά+κινέω,,,Greek,New Testament
G278,ἀμεταμέλητος,ἄν+μετά+μέλω,,,Greek,New Testament
G279,ἀμετανόητος,ἄν+μετά+γινώσκω,,,Greek,New Testament
G280,ἄμετρος,ἄν+μέτρον,,,Greek,New Testament
G281,ἀμήν,ἀμήν,అమేన్,ఆమేన్,Greek,New Testament
G282,ἀμήτωρ,ἄν+μήτηρ,,,Greek,New Testament
G283,ἀμίαντος,ἄν+μιαίνω,,,Greek,New Testament
G284,Ἀμιναδάβ,Ἀμιναδάβ,,,Greek,New Testament
G285,ἄμμος,ἅμα,,,Greek,New Testament
G286,ἀμνός,ἀμνός,,,Greek,New Testament
G287,ἀμοιβή,ἀμοιβή,,,Greek,New Testament
G288,ἄμπελος,ἀμφότερος+εἱλίσσω,,,Greek,New Testament
G289,ἀμπελουργός,ἀμφότερος+εἱλίσσω+ἔργον,,,Greek,New Testament
G290,ἀμπελών,ἀμφότερος+εἱλίσσω,,,Greek,New Testament
G291,Ἀμπλίας,Ἀμπλίας,,,Greek,New Testament
G292,ἀμύνομαι,ἀμύνομαι,,,Greek,New Testament
G293,ἀμφίβληστρον,ἀμφότερος+βάλλω,,,Greek,New Testament
G294,ἀμφιέννυμι,ἀμφότερος,,,Greek,New Testament
G295,Ἀμφίπολις,ἀμφότερος+πόλεμος+πολύς,,,Greek,New Testament
G296,ἄμφοδον,ἀμφότερος+ὁδός,,,Greek,New Testament
G297,ἀμφότερος,ἀμφότερος,,,Greek,New Testament
G298,ἀμώμητος,ἄν+μέμφομαι,,,Greek,New Testament
G299,ἄμωμος,ἄν+μέμφομαι,,,Greek,New Testament
G300,Ἀμών,Ἀμών,,,Greek,New Testament
G301,Ἀμώς,Ἀμώς,,,Greek,New Testament
G302,ἄν,ἄν,అన్,ఒకవేళ,Greek,New Testament
G303,ἀνά,ἀνά,,,Greek,New Testament
G304,ἀναβαθμός,ἀνά+βάσις+βάσις,,,Greek,New Testament
G305,ἀναβαίνω,ἀνά+βάσις,,,Greek,New Testament
G306,ἀναβάλλομαι,ἀνά+βάλλω,,,Greek,New Testament
G307,ἀναβιβάζω,ἀνά+βάσις,,,Greek,New Testament
G308,ἀναβλέπω,ἀνά+βλέπω,,,Greek,New Testament
G309,ἀνάβλεψις,ἀνά+βλέπω,,,Greek,New Testament
G310,ἀναβοάω,ἀνά+βοάω,,,Greek,New Testament
G311,ἀναβολή,ἀνά+βάλλω,,,Greek,New Testament
G312,ἀναγγέλλω,ἀνά+ἄγω,,,Greek,New Testament
G313,ἀναγεννάω,ἀνά+γίνομαι,,,Greek,New Testament
G314,ἀναγινώσκω,ἀνά+γινώσκω,,,Greek,New Testament
G315,ἀναγκάζω,ἀνά+ἀγκάλη,,,Greek,New Testament
G316,ἀναγκαῖος,ἀνά+ἀγκάλη,అనగ్కాయొస్,అవసరమైన,Greek,New Testament
G317,ἀναγκαστῶς,ἀνά+ἀγκάλη,,,Greek,New Testament
G318,ἀνάγκη,ἀνά+ἀγκάλη,,,Greek,New Testament
G319,ἀναγνωρίζομαι,ἀνά+γινώσκω,అనగ్నొరిజొమై,గుర్తించబడు,Greek,New Testament
G320,ἀνάγνωσις,ἀνά+γινώσκω,,,Greek,New Testament
G321,ἀνάγω,ἀνά+ἄγω,,,Greek,New Testament
G322,ἀναδείκνυμι,ἀνά+δεικνύω,,,Greek,New Testament
G323,ἀνάδειξις,ἀνά+δεικνύω,,,Greek,New Testament
G324,ἀναδέχομαι,ἀνά+δέχομαι,,,Greek,New Testament
G325,ἀναδίδωμι,ἀνά+δίδωμι,,,Greek,New Testament
G326,ἀναζάω,ἀνά+ζάω,,,Greek,New Testament
G327,ἀναζητέω,ἀνά+ζητέω,,,Greek,New Testament
G328,ἀναζώννυμι,ἀνά+ζυγός,,,Greek,New Testament
G329,ἀναζωπυρέω,ἀνά+ζάω+πῦρ,,,Greek,New Testament
G330,ἀναθάλλω,ἀνά,,,Greek,New Testament
G331,ἀνάθεμα,ἀνά+τίθημι,,,Greek,New Testament
G332,ἀναθεματίζω,ἀνά+τίθημι,,,Greek,New Testament
G333,ἀναθεωρέω,ἀνά+θεάομαι+ὁράω,,,Greek,New Testament
G334,ἀνάθημα,ἀνά+τίθημι+ἀνά+τίθημι,అనథెమా,ఆనతేమము,Greek,New Testament
G335,ἀναίδεια,ἄν+ἄνευ+ἄν+εἴδω,,,Greek,New Testament
G336,ἀναίρεσις,ἀνά+αἴρω,,,Greek,New Testament
G337,ἀναιρέω,ἀνά+αἴρω,,,Greek,New Testament
G338,ἀναίτιος,ἄν+αἰτέω+αἰτέω,,,Greek,New Testament
G339,ἀνακαθίζω,ἀνά+κατά+ἑδραῖος,,,Greek,New Testament
G340,ἀνακαινίζω,ἀνά+καινός,,,Greek,New Testament
G341,ἀνακαινόω,ἀνά+καινός,,,Greek,New Testament
G342,ἀνακαίνωσις,ἀνά+καινός,,,Greek,New Testament
G343,ἀνακαλύπτω,ἀνά+κλέπτω+κρύπτω,,,Greek,New Testament
G344,ἀνακάμπτω,ἀνά+κάμπτω,,,Greek,New Testament
G345,ἀνακεῖμαι,ἀνά+κεῖμαι,,,Greek,New Testament
G346,ἀνακεφαλαίομαι,ἀνά+κεφαλή,,,Greek,New Testament
G347,ἀνακλίνω,ἀνά+κλίνω,,,Greek,New Testament
G348,ἀνακόπτω,ἀνά+κόπτω,,,Greek,New Testament
G349,ἀνακράζω,ἀνά+κράζω,,,Greek,New Testament
G350,ἀνακρίνω,ἀνά+κρίνω,,,Greek,New Testament
G351,ἀνάκρισις,ἀνά+κρίνω,,,Greek,New Testament
G352,ἀνακύπτω,ἀνά+κῦμα,,,Greek,New Testament
G353,ἀναλαμβάνω,ἀνά+δέχομαι,,,Greek,New Testament
G354,ἀνάληψις,ἀνά+δέχομαι,,,Greek,New Testament
G355,ἀναλίσκω,ἀνά+αἴρω,,,Greek,New Testament
G356,ἀναλογία,ἀνά+λέγω,,,Greek,New Testament
G357,ἀναλογίζομαι,ἀνά+λέγω,,,Greek,New Testament
G358,ἄναλος,ἄν+ἅλς,,,Greek,New Testament
G359,ἀνάλυσις,ἀνά+λύω,,,Greek,New Testament
G360,ἀναλύω,ἀνά+λύω,,,Greek,New Testament
G361,ἀναμάρτητος,ἄν+ἄν+μέρος,,,Greek,New Testament
G362,ἀναμένω,ἀνά+μένω,,,Greek,New Testament
G363,ἀναμιμνήσκω,ἀνά+μένω+μασσάομαι,,,Greek,New Testament
G364,ἀνάμνησις,ἀνά+μένω+μασσάομαι,,,Greek,New Testament
G365,ἀνανεόω,ἀνά+νέος,,,Greek,New Testament
G366,ἀνανήφω,ἀνά+νήφω,,,Greek,New Testament
G367,Ἀνανίας,Ἀνανίας,,,Greek,New Testament
G368,ἀναντίῤῥητος,ἄν+ἀντί+ῥέω,,,Greek,New Testament
G369,ἀναντιῤῥήτως,ἄν+ἀντί+ῥέω,,,Greek,New Testament
G370,ἀνάξιος,ἄν+ἄγω,,,Greek,New Testament
G371,ἀναξίως,ἄν+ἄγω,,,Greek,New Testament
G372,ἀνάπαυσις,ἀνά+παύω,,,Greek,New Testament
G373,ἀναπαύω,ἀνά+παύω,,,Greek,New Testament
G374,ἀναπείθω,ἀνά+πείθω,,,Greek,New Testament
G375,ἀναπέμπω,ἀνά+πέμπω,,,Greek,New Testament
G376,ἀνάπηρος,ἀνά,,,Greek,New Testament
G377,ἀναπίπτω,ἀνά+πτάομαι,,,Greek,New Testament
G378,ἀναπληρόω,ἀνά+πλήθω,,,Greek,New Testament
G379,ἀναπολόγητος,ἄν+ἀπό+λέγω,,,Greek,New Testament
G380,ἀναπτύσσω,ἀνά+πτύσσω,,,Greek,New Testament
G381,ἀνάπτω,ἀνά+ἅπτω,,,Greek,New Testament
G382,ἀναρίθμητος,ἄν+αἴρω,,,Greek,New Testament
G383,ἀνασείω,ἀνά+σείω,,,Greek,New Testament
G384,ἀνασκευάζω,ἀνά+σκεῦος,,,Greek,New Testament
G385,ἀνασπάω,ἀνά+σπάω,,,Greek,New Testament
G386,ἀνάστασις,ἀνά+ἵστημι,అనాస్తసిస్,పునరుత్థానం,Greek,New Testament
G387,ἀναστατόω,ἀνά+ἵστημι,,,Greek,New Testament
G388,ἀνασταυρόω,ἀνά+ἵστημι,,,Greek,New Testament
G389,ἀναστενάζω,ἀνά+ἵστημι,,,Greek,New Testament
G390,ἀναστρέφω,ἀνά+τροπή,,,Greek,New Testament
G391,ἀναστροφή,ἀνά+τροπή,,,Greek,New Testament
G392,ἀνατάσσομαι,ἀνά+τάσσω,,,Greek,New Testament
G393,ἀνατέλλω,ἀνά+τέλος,,,Greek,New Testament
G394,ἀνατίθεμαι,ἀνά+τίθημι,,,Greek,New Testament
G395,ἀνατολή,ἀνά+τέλος,,,Greek,New Testament
G396,ἀνατρέπω,ἀνά+τροπή,,,Greek,New Testament
G397,ἀνατρέφω,ἀνά+τρέφω,,,Greek,New Testament
G398,ἀναφαίνω,ἀνά+φημί,,,Greek,New Testament
G399,ἀναφέρω,ἀνά+φέρω,,,Greek,New Testament
G400,ἀναφωνέω,ἀνά+φημί,,,Greek,New Testament
G401,ἀνάχυσις,ἀνά,,,Greek,New Testament
G402,ἀναχωρέω,ἀνά+χάσμα,,,Greek,New Testament
G403,ἀνάψυξις,ἀνά+ψύχω,,,Greek,New Testament
G404,ἀναψύχω,ἀνά+ψύχω,,,Greek,New Testament
G405,ἀνδραποδιστής,ὁράω+πούς,,,Greek,New Testament
G406,Ἀνδρέας,ὁράω,,,Greek,New Testament
G407,ἀνδρίζομαι,ὁράω,,,Greek,New Testament
G408,Ἀνδρόνικος,ὁράω+νίκη,,,Greek,New Testament
G409,ἀνδροφόνος,ὁράω+φόνος,,,Greek,New Testament
G410,ἀνέγκλητος,ἄν+εἰς+ἐξ+κελεύω,,,Greek,New Testament
G411,ἀνεκδιήγητος,ἄν+ἐξ+διά+ἄγω,,,Greek,New Testament
G412,ἀνεκλάλητος,ἄν+ἐξ+λαλέω,,,Greek,New Testament
G413,ἀνέκλειπτος,ἄν+ἐξ+λείπω,,,Greek,New Testament
G414,ἀνεκτότερος,ἀνά+σχέω,,,Greek,New Testament
G415,ἀνελεήμων,ἄν+ἔλεος,,,Greek,New Testament
G416,ἀνεμίζω,ἀήρ,,,Greek,New Testament
G417,ἄνεμος,ἀήρ,,,Greek,New Testament
G418,ἀνένδεκτος,ἄν+εἰς+ἐξ+δέχομαι,,,Greek,New Testament
G419,ἀνεξερεύνητος,ἄν+ἐξ+ῥέω,,,Greek,New Testament
G420,ἀνεξίκακος,ἀνά+σχέω+κακός,,,Greek,New Testament
G421,ἀνεξιχνίαστος,ἄν+ἐξ+ἥκω,,,Greek,New Testament
G422,ἀνεπαίσχυντος,ἄν+ἐπί+αἰσχύνομαι,,,Greek,New Testament
G423,ἀνεπίληπτος,ἄν+ἐπί+δέχομαι,,,Greek,New Testament
G424,ἀνέρχομαι,ἀνά+ἔρχομαι,,,Greek,New Testament
G425,ἄνεσις,ἀνά,,,Greek,New Testament
G426,ἀνετάζω,ἀνά,,,Greek,New Testament
G427,ἄνευ,ἄνευ,,,Greek,New Testament
G428,ἀνεύθετος,ἄν+εὖ+τίθημι,,,Greek,New Testament
G429,ἀνευρίσκω,ἀνά+εὑρίσκω,,,Greek,New Testament
G430,ἀνέχομαι,ἀνά+σχέω,,,Greek,New Testament
G431,ἀνεψιός,ἄν,,,Greek,New Testament
G432,ἄνηθον,ἄνηθον,,,Greek,New Testament
G433,ἀνήκω,ἀνά+ἥκω,,,Greek,New Testament
G434,ἀνήμερος,ἄν,,,Greek,New Testament
G435,ἀνήρ,ὁράω,,,Greek,New Testament
G436,ἀνθίστημι,ἀντί+ἵστημι,,,Greek,New Testament
G437,ἀνθομολογέομαι,ἀντί+ὁμοῦ+λέγω,,,Greek,New Testament
G438,ἄνθος,ἄνθος,,,Greek,New Testament
G439,ἀνθρακιά,ἄνθραξ,,,Greek,New Testament
G440,ἄνθραξ,ἄνθραξ,,,Greek,New Testament
G441,ἀνθρωπάρεσκος,ὁράω+αἴρω,,,Greek,New Testament
G442,ἀνθρώπινος,ὁράω,,,Greek,New Testament
G443,ἀνθρωποκτόνος,ὁράω,,,Greek,New Testament
G444,ἄνθρωπος,ὁράω,అను_థ్రోపొస్,మానవుడు,Greek,New Testament
G445,ἀνθυπατεύω,ἀντί+ὑπέρ,,,Greek,New Testament
G446,ἀνθύπατος,ἀντί+ὑπέρ,,,Greek,New Testament
G447,ἀνίημι,ἀνά,,,Greek,New Testament
G448,ἀνίλεως,ἄν+αἴρω,,,Greek,New Testament
G449,ἄνιπτος,ἄν+νίπτω,,,Greek,New Testament
G450,ἀνίστημι,ἀνά+ἵστημι,అనిస్తేమీ,లేచు,Greek,New Testament
G451,Ἄννα,Ἄννα,,,Greek,New Testament
G452,Ἄννας,Ἄννας,,,Greek,New Testament
G453,ἀνόητος,ἄν+γινώσκω,,,Greek,New Testament
G454,ἄνοια,ἄν+γινώσκω,,,Greek,New Testament
G455,ἀνοίγω,ἀνά,అనొయ్గో,తెరువు,Greek,New Testament
G456,ἀνοικοδομέω,ἀνά+οἶκος+δῶμα,,,Greek,New Testament
G457,ἄνοιξις,ἀνά,,,Greek,New Testament
G458,ἀνομία,ἄν+νόμος,,,Greek,New Testament
G459,ἄνομος,ἄν+νόμος,,,Greek,New Testament
G460,ἀνόμως,ἄν+νόμος,,,Greek,New Testament
G461,ἀνορθόω,ἀνά+αἴρω+αἴρω,,,Greek,New Testament
G462,ἀνόσιος,ἄν+ὅσιος,,,Greek,New Testament
G463,ἀνοχή,ἀνά+σχέω,,,Greek,New Testament
G464,ἀνταγωνίζομαι,ἀντί+ἄγω,,,Greek,New Testament
G465,ἀντάλλαγμα,ἀντί+ἄλλος,,,Greek,New Testament
G466,ἀνταναπληρόω,ἀντί+ἀνά+πλήθω,,,Greek,New Testament
G467,ἀνταποδίδωμι,ἀντί+ἀπό+δίδωμι,,,Greek,New Testament
G468,ἀνταπόδομα,ἀντί+ἀπό+δίδωμι,,,Greek,New Testament
G469,ἀνταπόδοσις,ἀντί+ἀπό+δίδωμι,,,Greek,New Testament
G470,ἀνταποκρίνομαι,ἀντί+ἀπό,,,Greek,New Testament
G471,ἀντέπω,ἀντί+ῥέω+ῥέω+φημί,,,Greek,New Testament
G472,ἀντέχομαι,ἀντί+σχέω,,,Greek,New Testament
G473,ἀντί,ἀντί,,,Greek,New Testament
G474,ἀντιβάλλω,ἀντί+βάλλω,,,Greek,New Testament
G475,ἀντιδιατίθεμαι,ἀντί+διά+τίθημι,,,Greek,New Testament
G476,ἀντίδικος,ἀντί+δεικνύω,,,Greek,New Testament
G477,ἀντίθεσις,ἀντί+τίθημι,,,Greek,New Testament
G478,ἀντικαθίστημι,ἀντί+κατά+ἵστημι,,,Greek,New Testament
G479,ἀντικαλέω,ἀντί+κελεύω,,,Greek,New Testament
G480,ἀντίκειμαι,ἀντί+κεῖμαι,,,Greek,New Testament
G481,ἀντικρύ,ἀντί,,,Greek,New Testament
G482,ἀντιλαμβάνομαι,ἀντί+δέχομαι,,,Greek,New Testament
G483,ἀντιλέγω,ἀντί+λέγω,,,Greek,New Testament
G484,ἀντίληψις,ἀντί+δέχομαι,,,Greek,New Testament
G485,ἀντιλογία,ἀντί+λέγω,,,Greek,New Testament
G486,ἀντιλοιδορέω,ἀντί+λοίδορος,,,Greek,New Testament
G487,ἀντίλυτρον,ἀντί+λύω,,,Greek,New Testament
G488,ἀντιμετρέω,ἀντί+μέτρον,,,Greek,New Testament
G489,ἀντιμισθία,ἀντί+μισθός,,,Greek,New Testament
G490,Ἀντιόχεια,Ἀντιόχεια,,,Greek,New Testament
G491,Ἀντιοχεύς,Ἀντιόχεια,,,Greek,New Testament
G492,ἀντιπαρέρχομαι,ἀντί+παρά+ἔρχομαι,,,Greek,New Testament
G493,Ἀντίπας,ἀντί+πατήρ,,,Greek,New Testament
G494,Ἀντιπατρίς,ἀντί+πατήρ,,,Greek,New Testament
G495,ἀντιπέραν,ἀντί+πέραν,,,Greek,New Testament
G496,ἀντιπίπτω,ἀντί+πτάομαι,,,Greek,New Testament
G497,ἀντιστρατεύομαι,ἀντί+στρατιά,,,Greek,New Testament
G498,ἀντιτάσσομαι,ἀντί+τάσσω,,,Greek,New Testament
G499,ἀντίτυπον,ἀντί+τύπτω,,,Greek,New Testament
G500,ἀντίχριστος,ἀντί+χειμών+χάσμα,,,Greek,New Testament
G501,ἀντλέω,ἀντλέω,,,Greek,New Testament
G502,ἄντλημα,ἀντλέω,,,Greek,New Testament
G503,ἀντοφθαλμέω,ἀντί+ὁράω,,,Greek,New Testament
G504,ἄνυδρος,ἄν+ὑετός,,,Greek,New Testament
G505,ἀνυπόκριτος,ἄν+ὑπό+κρίνω,,,Greek,New Testament
G506,ἀνυπότακτος,ἄν+ὑπό+τάσσω,,,Greek,New Testament
G507,ἄνω,ἀντί,,,Greek,New Testament
G508,ἀνώγεον,ἀντί+γῆ,,,Greek,New Testament
G509,ἄνωθεν,ἀντί,,,Greek,New Testament
G510,ἀνωτερικός,ἀντί,,,Greek,New Testament
G511,ἀνώτερος,ἀντί,అనొతెరొస్,ఉన్నతమైన,Greek,New Testament
G512,ἀνωφελής,ἄν+ὄφελος,,,Greek,New Testament
G513,ἀξίνη,ἀξίνη,,,Greek,New Testament
G514,ἄξιος,ἄγω,,,Greek,New Testament
G515,ἀξιόω,ἄγω,అక్సియొఓ,యోగ్యంగా భావించు,Greek,New Testament
G516,ἀξίως,ἄγω,అక్సియొస్,యోగ్యంగా,Greek,New Testament
G517,ἀόρατος,ἄν+ὁράω,,,Greek,New Testament
G518,ἀπαγγέλλω,ἀπό+ἄγω,అపాగ్గెల్లొ,తెలియజేయు,Greek,New Testament
G519,ἀπάγχομαι,ἀπό+ἀγκάλη,,,Greek,New Testament
G520,ἀπάγω,ἀπό+ἄγω,,,Greek,New Testament
G521,ἀπαίδευτος,ἄν+παίω,,,Greek,New Testament
G522,ἀπαίρω,ἀπό+αἴρω,,,Greek,New Testament
G523,ἀπαιτέω,ἀπό+αἰτέω,,,Greek,New Testament
G524,ἀπαλγέω,ἀπό,,,Greek,New Testament
G525,ἀπαλλάσσω,ἀπό+ἄλλος,,,Greek,New Testament
G526,ἀπαλλοτριόω,ἀπό+ἄλλος,,,Greek,New Testament
G527,ἀπαλός,ἀπαλός,,,Greek,New Testament
G528,ἀπαντάω,ἀπό+ἀντί,,,Greek,New Testament
G529,ἀπάντησις,ἀπό+ἀντί,,,Greek,New Testament
G530,ἅπαξ,ἄν+πᾶς,,,Greek,New Testament
G531,ἀπαράβατος,ἄν+παρά+βάσις,,,Greek,New Testament
G532,ἀπαρασκεύαστος,ἄν+παρά+σκεῦος,,,Greek,New Testament
G533,ἀπαρνέομαι,ἀπό+ἄν+ῥέω,,,Greek,New Testament
G534,ἀπάρτι,ἀπό+αἴρω+αἴρω,,,Greek,New Testament
G535,ἀπαρτισμός,ἀπό+αἴρω+αἴρω,,,Greek,New Testament
G536,ἀπαρχή,ἀπό+ἄρχω,,,Greek,New Testament
G537,ἅπας,ἄν+πᾶς,,,Greek,New Testament
G538,ἀπατάω,ἀπατάω,,,Greek,New Testament
G539,ἀπάτη,ἀπατάω,,,Greek,New Testament
G540,ἀπάτωρ,ἄν+πατήρ,,,Greek,New Testament
G541,ἀπαύγασμα,ἀπό+αὐγή,,,Greek,New Testament
G542,ἀπείδω,ἀπό+εἴδω,,,Greek,New Testament
G543,ἀπείθεια,ἄν+πείθω,,,Greek,New Testament
G544,ἀπειθέω,ἄν+πείθω,,,Greek,New Testament
G545,ἀπειθής,ἄν+πείθω,,,Greek,New Testament
G546,ἀπειλέω,ἀπειλέω,,,Greek,New Testament
G547,ἀπειλή,ἀπειλέω,,,Greek,New Testament
G548,ἄπειμι,ἀπό+εἰμί,,,Greek,New Testament
G549,ἄπειμι,ἀπό,,,Greek,New Testament
G550,ἀπειπόμην,ἀπό+ῥέω+ῥέω+φημί,,,Greek,New Testament
G551,ἀπείραστος,ἄν+πέραν,,,Greek,New Testament
G552,ἄπειρος,ἄν+πέραν,,,Greek,New Testament
G553,ἀπεκδέχομαι,ἀπό+ἐξ+δέχομαι,,,Greek,New Testament
G554,ἀπεκδύομαι,ἀπό+ἐξ+δῦμι,,,Greek,New Testament
G555,ἀπέκδυσις,ἀπό+ἐξ+δῦμι,,,Greek,New Testament
G556,ἀπελαύνω,ἀπό+ἐλαύνω,,,Greek,New Testament
G557,ἀπελεγμός,ἀπό+ἐλέγχω,,,Greek,New Testament
G558,ἀπελεύθερος,ἀπό+ἔρχομαι,,,Greek,New Testament
G559,Ἀπελλῆς,Ἀπελλῆς,,,Greek,New Testament
G560,ἀπελπίζω,ἀπό+ἐλπίς,,,Greek,New Testament
G561,ἀπέναντι,ἀπό+εἰς+ἐξ+ἀντί,,,Greek,New Testament
G562,ἀπέραντος,ἄν+πέραν,,,Greek,New Testament
G563,ἀπερισπάστως,ἄν+πέραν+σπάω,,,Greek,New Testament
G564,ἀπερίτμητος,ἄν+πέραν+κόπτω,,,Greek,New Testament
G565,ἀπέρχομαι,ἀπό+ἔρχομαι,,,Greek,New Testament
G566,ἀπέχει,ἀπό+σχέω,,,Greek,New Testament
G567,ἀπέχομαι,ἀπό+σχέω,,,Greek,New Testament
G568,ἀπέχω,ἀπό+σχέω,,,Greek,New Testament
G569,ἀπιστέω,ἄν+πείθω,,,Greek,New Testament
G570,ἀπιστία,ἄν+πείθω,,,Greek,New Testament
G571,ἄπιστος,ἄν+πείθω,,,Greek,New Testament
G572,ἁπλότης,ἄν+πλέκω,,,Greek,New Testament
G573,ἁπλοῦς,ἄν+πλέκω,,,Greek,New Testament
G574,ἁπλῶς,ἄν+πλέκω+ἄν+πλέκω,,,Greek,New Testament
G575,ἀπό,ἀπό,,,Greek,New Testament
G576,ἀποβαίνω,ἀπό+βάσις,,,Greek,New Testament
G577,ἀποβάλλω,ἀπό+βάλλω,,,Greek,New Testament
G578,ἀποβλέπω,ἀπό+βλέπω,,,Greek,New Testament
G579,ἀπόβλητος,ἀπό+βάλλω,,,Greek,New Testament
G580,ἀποβολή,ἀπό+βάλλω,,,Greek,New Testament
G581,ἀπογενόμενος,ἀπό+γίνομαι,,,Greek,New Testament
G582,ἀπογραφή,ἀπό+γράφω,,,Greek,New Testament
G583,ἀπογράφω,ἀπό+γράφω,,,Greek,New Testament
G584,ἀποδείκνυμι,ἀπό+δεικνύω,,,Greek,New Testament
G585,ἀπόδειξις,ἀπό+δεικνύω,,,Greek,New Testament
G586,ἀποδεκατόω,ἀπό+δέκα,,,Greek,New Testament
G587,ἀπόδεκτος,ἀπό+δέχομαι,,,Greek,New Testament
G588,ἀποδέχομαι,ἀπό+δέχομαι,,,Greek,New Testament
G589,ἀποδημέω,ἀπό+δέω,,,Greek,New Testament
G590,ἀπόδημος,ἀπό+δέω,,,Greek,New Testament
G591,ἀποδίδωμι,ἀπό+δίδωμι,అపొదీదొమి,తిరిగి ఇచ్చు,Greek,New Testament
G592,ἀποδιορίζω,ἀπό+διά+ὅριον,,,Greek,New Testament
G593,ἀποδοκιμάζω,ἀπό+δοκέω,,,Greek,New Testament
G594,ἀποδοχή,ἀπό+δέχομαι,,,Greek,New Testament
G595,ἀπόθεσις,ἀπό+τίθημι,,,Greek,New Testament
G596,ἀποθήκη,ἀπό+τίθημι,,,Greek,New Testament
G597,ἀποθησαυρίζω,ἀπό+τίθημι,,,Greek,New Testament
G598,ἀποθλίβω,ἀπό+θραύω+τρίζω+θραύω+τρίζω,,,Greek,New Testament
G599,ἀποθνήσκω,ἀπό+θνήσκω,,,Greek,New Testament
G600,ἀποκαθίστημι,ἀπό+κατά+ἵστημι,,,Greek,New Testament
G601,ἀποκαλύπτω,ἀπό+κλέπτω+κρύπτω,,,Greek,New Testament
G602,ἀποκάλυψις,ἀπό+κλέπτω+κρύπτω,,,Greek,New Testament
G603,ἀποκαραδοκία,ἀπό+δοκέω,,,Greek,New Testament
G604,ἀποκαταλλάσσω,ἀπό+κατά+ἄλλος,,,Greek,New Testament
G605,ἀποκατάστασις,ἀπό+κατά+ἵστημι,,,Greek,New Testament
G606,ἀπόκειμαι,ἀπό+κεῖμαι,,,Greek,New Testament
G607,ἀποκεφαλίζω,ἀπό+κεφαλή,,,Greek,New Testament
G608,ἀποκλείω,ἀπό+κλείω,,,Greek,New Testament
G609,ἀποκόπτω,ἀπό+κόπτω,,,Greek,New Testament
G610,ἀπόκριμα,ἀπό,,,Greek,New Testament
G611,ἀποκρίνομαι,ἀπό,,,Greek,New Testament
G612,ἀπόκρισις,ἀπό,,,Greek,New Testament
G613,ἀποκρύπτω,ἀπό+κρύπτω,,,Greek,New Testament
G614,ἀπόκρυφος,ἀπό+κρύπτω,,,Greek,New Testament
G615,ἀποκτείνω,ἀπό,,,Greek,New Testament
G616,ἀποκυέω,ἀπό+κῦμα,,,Greek,New Testament
G617,ἀποκυλίω,ἀπό+κῦμα+κῦμα+εἱλίσσω,,,Greek,New Testament
G618,ἀπολαμβάνω,ἀπό+δέχομαι,,,Greek,New Testament
G619,ἀπόλαυσις,ἀπό,,,Greek,New Testament
G620,ἀπολείπω,ἀπό+λείπω,,,Greek,New Testament
G621,ἀπολείχω,ἀπό,,,Greek,New Testament
G622,ἀπόλλυμι,ἀπό+ὄλεθρος,అపొల్లూమి,నశింపజేయు,Greek,New Testament
G623,Ἀπολλύων,ἀπό+ὄλεθρος,,,Greek,New Testament
G624,Ἀπολλωνία,ἀπό+ὄλεθρος,,,Greek,New Testament
G625,Ἀπολλῶς,ἀπό+ὄλεθρος,,,Greek,New Testament
G626,ἀπολογέομαι,ἀπό+λέγω,,,Greek,New Testament
G627,ἀπολογία,ἀπό+λέγω,,,Greek,New Testament
G628,ἀπολούω,ἀπό+λούω,,,Greek,New Testament
G629,ἀπολύτρωσις,ἀπό+λύω,,,Greek,New Testament
G630,ἀπολύω,ἀπό+λύω,అపొలూఓ,విడిచిపెట్టు,Greek,New Testament
G631,ἀπομάσσομαι,ἀπό,,,Greek,New Testament
G632,ἀπονέμω,ἀπό+νόμος,,,Greek,New Testament
G633,ἀπονίπτω,ἀπό+νίπτω,,,Greek,New Testament
G634,ἀποπίπτω,ἀπό+πτάομαι,,,Greek,New Testament
G635,ἀποπλανάω,ἀπό+πλάνος,,,Greek,New Testament
G636,ἀποπλέω,ἀπό+πλύνω,,,Greek,New Testament
G637,ἀποπλύνω,ἀπό+πλύνω,,,Greek,New Testament
G638,ἀποπνίγω,ἀπό+πνέω,,,Greek,New Testament
G639,ἀπορέω,ἄν+πέραν,,,Greek,New Testament
G640,ἀπορία,ἄν+πέραν,,,Greek,New Testament
G641,ἀποῤῥίπτω,ἀπό+ῥαπίζω,,,Greek,New Testament
G642,ἀπορφανίζω,ἀπό+ὀρφανός,,,Greek,New Testament
G643,ἀποσκευάζω,ἀπό+σκεῦος,,,Greek,New Testament
G644,ἀποσκίασμα,ἀπό+σκιά,,,Greek,New Testament
G645,ἀποσπάω,ἀπό+σπάω,,,Greek,New Testament
G646,ἀποστασία,ἀπό+ἵστημι,,,Greek,New Testament
G647,ἀποστάσιον,ἀπό+ἵστημι,,,Greek,New Testament
G648,ἀποστεγάζω,ἀπό+στέγη,,,Greek,New Testament
G649,ἀποστέλλω,ἀπό+ἵστημι,అపొస్టెల్లొ,పంపు,Greek,New Testament
G650,ἀποστερέω,ἀπό,,,Greek,New Testament
G651,ἀποστολή,ἀπό+ἵστημι,,,Greek,New Testament
G652,ἀπόστολος,ἀπό+ἵστημι,అపొస్టొలొస్,అపొస్తలుడు,Greek,New Testament
G653,ἀποστοματίζω,ἀπό+κόπτω,,,Greek,New Testament
G654,ἀποστρέφω,ἀπό+τροπή,,,Greek,New Testament
G655,ἀποστυγέω,ἀπό+στυγνητός,,,Greek,New Testament
G656,ἀποσυνάγωγος,ἀπό+σύν+ἄγω,,,Greek,New Testament
G657,ἀποτάσσομαι,ἀπό+τάσσω,,,Greek,New Testament
G658,ἀποτελέω,ἀπό+τέλος,,,Greek,New Testament
G659,ἀποτίθημι,ἀπό+τίθημι,,,Greek,New Testament
G660,ἀποτινάσσω,ἀπό,,,Greek,New Testament
G661,ἀποτίνω,ἀπό+τίνω,,,Greek,New Testament
G662,ἀποτολμάω,ἀπό+τέλος,,,Greek,New Testament
G663,ἀποτομία,ἀπό,,,Greek,New Testament
G664,ἀποτόμως,ἀπό,,,Greek,New Testament
G665,ἀποτρέπω,ἀπό+τροπή,,,Greek,New Testament
G666,ἀπουσία,ἀπό+εἰμί,,,Greek,New Testament
G667,ἀποφέρω,ἀπό+φέρω,,,Greek,New Testament
G668,ἀποφεύγω,ἀπό+φεύγω,,,Greek,New Testament
G669,ἀποφθέγγομαι,ἀπό+φημί+φημί,,,Greek,New Testament
G670,ἀποφορτίζομαι,ἀπό+φέρω,,,Greek,New Testament
G671,ἀπόχρησις,ἀπό+χειμών+χάσμα,,,Greek,New Testament
G672,ἀποχωρέω,ἀπό+χάσμα,,,Greek,New Testament
G673,ἀποχωρίζω,ἀπό+χάσμα,,,Greek,New Testament
G674,ἀποψύχω,ἀπό+ψύχω,,,Greek,New Testament
G675,Ἄππιος,Ἄππιος,,,Greek,New Testament
G676,ἀπρόσιτος,ἄν+πρό,,,Greek,New Testament
G677,ἀπρόσκοπος,ἄν+πρό+κόπτω,,,Greek,New Testament
G678,ἀπροσωπολήπτως,ἄν+πρό+ὁράω+δέχομαι+πρό+ὁράω+δέχομαι,,,Greek,New Testament
G679,ἄπταιστος,ἄν+πτάομαι,,,Greek,New Testament
G680,ἅπτομαι,ἅπτω,హాప్టొమై,ముట్టు,Greek,New Testament
G681,ἅπτω,ἅπτω,,,Greek,New Testament
G682,Ἀπφία,Ἀπφία,,,Greek,New Testament
G683,ἀπώθομαι,ἀπό,,,Greek,New Testament
G684,ἀπώλεια,ἀπό+ὄλεθρος,,,Greek,New Testament
G685,ἀρά,αἴρω,,,Greek,New Testament
G686,ἄρα,αἴρω,,,Greek,New Testament
G687,ἆρα,αἴρω,,,Greek,New Testament
G688,Ἀραβία,Ἀραβία,,,Greek,New Testament
G689,Ἀράμ,Ἀράμ,,,Greek,New Testament
G690,Ἄραψ,Ἀραβία,,,Greek,New Testament
G691,ἀργέω,ἄν+ἔργον,,,Greek,New Testament
G692,ἀργός,ἄν+ἔργον,,,Greek,New Testament
G693,ἀργύρεος,ἄργυρος,,,Greek,New Testament
G694,ἀργύριον,ἄργυρος,,,Greek,New Testament
G695,ἀργυροκόπος,ἄργυρος+κόπτω,,,Greek,New Testament
G696,ἄργυρος,ἄργυρος,,,Greek,New Testament
G697,Ἄρειος Πάγος,πήγνυμι,,,Greek,New Testament
G698,Ἀρεοπαγίτης,πήγνυμι,,,Greek,New Testament
G699,ἀρεσκεία,αἴρω,,,Greek,New Testament
G700,ἀρέσκω,αἴρω,,,Greek,New Testament
G701,ἀρεστός,αἴρω,,,Greek,New Testament
G702,Ἀρέτας,Ἀρέτας,,,Greek,New Testament
G703,ἀρέτη,αἴρω,,,Greek,New Testament
G704,ἀρήν,αἴρω,,,Greek,New Testament
G705,ἀριθμέω,αἴρω,,,Greek,New Testament
G706,ἀριθμός,αἴρω,అరిథ్మొస్,సంఖ్య,Greek,New Testament
G707,Ἀριμαθαία,Ἀριμαθαία,,,Greek,New Testament
G708,Ἀρίσταρχος,αἴρω+ἄρχω,,,Greek,New Testament
G709,ἀριστάω,αἴρω,,,Greek,New Testament
G710,ἀριστερός,αἴρω,,,Greek,New Testament
G711,Ἀριστόβουλος,αἴρω+βούλομαι,,,Greek,New Testament
G712,ἄριστον,αἴρω,,,Greek,New Testament
G713,ἀρκετός,αἴρω,,,Greek,New Testament
G714,ἀρκέω,αἴρω,,,Greek,New Testament
G715,ἄρκτος,αἴρω,,,Greek,New Testament
G716,ἅρμα,αἴρω+ἄν,,,Greek,New Testament
G717,Ἀρμαγεδδών,Ἀρμαγεδδών,,,Greek,New Testament
G718,ἁρμόζω,αἴρω+ἄν,,,Greek,New Testament
G719,ἁρμός,αἴρω+ἄν,,,Greek,New Testament
G720,ἀρνέομαι,ἄν+ῥέω,,,Greek,New Testament
G721,ἀρνίον,αἴρω,,,Greek,New Testament
G722,ἀροτριόω,ἄροτρον,,,Greek,New Testament
G723,ἄροτρον,ἄροτρον,,,Greek,New Testament
G724,ἁρπαγή,αἴρω,,,Greek,New Testament
G725,ἁρπαγμός,αἴρω,,,Greek,New Testament
G726,ἁρπάζω,αἴρω,,,Greek,New Testament
G727,ἅρπαξ,αἴρω,,,Greek,New Testament
G728,ἀῤῥαβών,ἀῤῥαβών,,,Greek,New Testament
G729,ἄῤῥαφος,ἄν+ῥαπίζω,,,Greek,New Testament
G730,ἄρσην,αἴρω,,,Greek,New Testament
G731,ἄῤῥητος,ἄν+ῥέω,,,Greek,New Testament
G732,ἄῤῥωστος,ἄν+ῥώννυμι,,,Greek,New Testament
G733,ἀρσενοκοίτης,αἴρω+κεῖμαι,,,Greek,New Testament
G734,Ἀρτεμάς,αἴρω+αἴρω+δῶρον,,,Greek,New Testament
G735,Ἄρτεμις,αἴρω+αἴρω,,,Greek,New Testament
G736,ἀρτέμων,αἴρω+αἴρω,,,Greek,New Testament
G737,ἄρτι,αἴρω+αἴρω,,,Greek,New Testament
G738,ἀρτιγέννητος,αἴρω+αἴρω+γίνομαι,,,Greek,New Testament
G739,ἄρτιος,αἴρω+αἴρω,,,Greek,New Testament
G740,ἄρτος,αἴρω,,,Greek,New Testament
G741,ἀρτύω,αἴρω,,,Greek,New Testament
G742,Ἀρφαξάδ,Ἀρφαξάδ,,,Greek,New Testament
G743,ἀρχάγγελος,ἄρχω+ἄγω,,,Greek,New Testament
G744,ἀρχαῖος,ἄρχω,,,Greek,New Testament
G745,Ἀρχέλαος,ἄρχω+λαός+δεικνύω,,,Greek,New Testament
G746,ἀρχή,ἄρχω,అర్కే,ఆరంభం,Greek,New Testament
G747,ἀρχηγός,ἄρχω+ἄγω,,,Greek,New Testament
G748,ἀρχιερατικός,ἄρχω+ἱερός,,,Greek,New Testament
G749,ἀρχιερεύς,ἄρχω+ἱερός,,,Greek,New Testament
G750,ἀρχιποίμην,ἄρχω+ποιμήν,,,Greek,New Testament
G751,Ἄρχιππος,ἄρχω+ἵππος,,,Greek,New Testament
G752,ἀρχισυνάγωγος,ἄρχω+σύν+ἄγω,,,Greek,New Testament
G753,ἀρχιτέκτων,ἄρχω+τίνω,,,Greek,New Testament
G754,ἀρχιτελώνης,ἄρχω+τέλος+ὠνέομαι,,,Greek,New Testament
G755,ἀρχιτρίκλινος,ἄρχω+τρία+κλίνω,,,Greek,New Testament
G756,ἄρχομαι,ἄρχω,,,Greek,New Testament
G757,ἄρχω,ἄρχω,,,Greek,New Testament
G758,ἄρχων,ἄρχω,అర్కోన్,అధికారి,Greek,New Testament
G759,ἄρωμα,αἴρω,,,Greek,New Testament
G760,Ἀσά,Ἀσά,,,Greek,New Testament
G761,ἀσάλευτος,ἄν+σείω,,,Greek,New Testament
G762,ἄσβεστος,ἄν+σβέννυμι,,,Greek,New Testament
G763,ἀσέβεια,ἄν+σέβομαι,,,Greek,New Testament
G764,ἀσεβέω,ἄν+σέβομαι,,,Greek,New Testament
G765,ἀσεβής,ἄν+σέβομαι,,,Greek,New Testament
G766,ἀσέλγεια,ἄν,,,Greek,New Testament
G767,ἄσημος,ἄν+σημαίνω,,,Greek,New Testament
G768,Ἀσήρ,Ἀσήρ,,,Greek,New Testament
G769,ἀσθένεια,ἄν+ἵστημι,,,Greek,New Testament
G770,ἀσθενέω,ἄν+ἵστημι,,,Greek,New Testament
G771,ἀσθένημα,ἄν+ἵστημι,,,Greek,New Testament
G772,ἀσθενής,ἄν+ἵστημι,,,Greek,New Testament
G773,Ἀσία,Ἀσία,,,Greek,New Testament
G774,Ἀσιανός,Ἀσία,,,Greek,New Testament
G775,Ἀσιάρχης,Ἀσία+ἄρχω,,,Greek,New Testament
G776,ἀσιτία,ἄν+σῖτα,,,Greek,New Testament
G777,ἄσιτος,ἄν+σῖτα,,,Greek,New Testament
G778,ἀσκέω,σκεῦος,,,Greek,New Testament
G779,ἀσκός,σκεῦος,,,Greek,New Testament
G780,ἀσμένως,ἡδονή,,,Greek,New Testament
G781,ἄσοφος,ἄν+σοφός,,,Greek,New Testament
G782,ἀσπάζομαι,ἄν+σπάω,,,Greek,New Testament
G783,ἀσπασμός,ἄν+σπάω,,,Greek,New Testament
G784,ἄσπιλος,ἄν+σπίλος,,,Greek,New Testament
G785,ἀσπίς,ἀσπίς,,,Greek,New Testament
G786,ἄσπονδος,ἄν+σπένδω,,,Greek,New Testament
G787,ἀσσάριον,ἀσσάριον,,,Greek,New Testament
G788,ἆσσον,ἀγκάλη,,,Greek,New Testament
G789,Ἄσσος,Ἄσσος,,,Greek,New Testament
G790,ἀστατέω,ἄν+ἵστημι,,,Greek,New Testament
G791,ἀστεῖος,ἀστεῖος,,,Greek,New Testament
G792,ἀστήρ,ἵστημι,,,Greek,New Testament
G793,ἀστήρικτος,ἄν+ἵστημι+ἵστημι,,,Greek,New Testament
G794,ἄστοργος,ἄν,,,Greek,New Testament
G795,ἀστοχέω,ἄν,,,Greek,New Testament
G796,ἀστραπή,ἵστημι,,,Greek,New Testament
G797,ἀστράπτω,ἵστημι,,,Greek,New Testament
G798,ἄστρον,ἵστημι,,,Greek,New Testament
G799,Ἀσύγκριτος,ἄν+σύν+κρίνω,,,Greek,New Testament
G800,ἀσύμφωνος,ἄν+σύν+φημί,,,Greek,New Testament
G801,ἀσύνετος,ἄν+σύν,,,Greek,New Testament
G802,ἀσύνθετος,ἄν+σύν+τίθημι,,,Greek,New Testament
G803,ἀσφάλεια,ἄν,,,Greek,New Testament
G804,ἀσφαλής,ἄν,,,Greek,New Testament
G805,ἀσφαλίζω,ἄν,,,Greek,New Testament
G806,ἀσφαλῶς,ἄν,,,Greek,New Testament
G807,ἀσχημονέω,ἄν+σχέω+σχέω,,,Greek,New Testament
G808,ἀσχημοσύνη,ἄν+σχέω+σχέω,,,Greek,New Testament
G809,ἀσχήμων,ἄν+σχέω+σχέω,,,Greek,New Testament
G810,ἀσωτία,ἄν+σώζω,,,Greek,New Testament
G811,ἀσώτως,ἄν+σώζω,,,Greek,New Testament
G812,ἀτακτέω,ἄν+τάσσω,,,Greek,New Testament
G813,ἄτακτος,ἄν+τάσσω,,,Greek,New Testament
G814,ἀτάκτως,ἄν+τάσσω,,,Greek,New Testament
G815,ἄτεκνος,ἄν+τίκτω,,,Greek,New Testament
G816,ἀτενίζω,ἄν,,,Greek,New Testament
G817,ἄτερ,ἄνευ,,,Greek,New Testament
G818,ἀτιμάζω,ἄν+τίνω,,,Greek,New Testament
G819,ἀτιμία,ἄν+τίνω,,,Greek,New Testament
G820,ἄτιμος,ἄν+τίνω,,,Greek,New Testament
G821,ἀτιμόω,ἄν+τίνω,,,Greek,New Testament
G822,ἀτμίς,ἀήρ,,,Greek,New Testament
G823,ἄτομος,ἄν+κόπτω,,,Greek,New Testament
G824,ἄτοπος,ἄν+τόπος,,,Greek,New Testament
G825,Ἀττάλεια,Ἀττάλεια,,,Greek,New Testament
G826,αὐγάζω,αὐγή,,,Greek,New Testament
G827,αὐγή,αὐγή,,,Greek,New Testament
G828,Αὐγοῦστος,Αὐγοῦστος,,,Greek,New Testament
G829,αὐθάδης,ἀήρ+ἡδονή,,,Greek,New Testament
G830,αὐθαίρετος,ἀήρ+αἴρω,,,Greek,New Testament
G831,αὐθεντέω,ἀήρ,,,Greek,New Testament
G832,αὐλέω,ἀήρ,,,Greek,New Testament
G833,αὐλή,ἀήρ,,,Greek,New Testament
G834,αὐλητής,ἀήρ,,,Greek,New Testament
G835,αὐλίζομαι,ἀήρ,,,Greek,New Testament
G836,αὐλός,ἀήρ,,,Greek,New Testament
G837,αὐξάνω,αὐξάνω,,,Greek,New Testament
G838,αὔξησις,αὐξάνω,,,Greek,New Testament
G839,αὔριον,ἀήρ,,,Greek,New Testament
G840,αὐστηρός,ἀήρ,,,Greek,New Testament
G841,αὐτάρκεια,ἀήρ+αἴρω,,,Greek,New Testament
G842,αὐτάρκης,ἀήρ+αἴρω,,,Greek,New Testament
G843,αὐτοκατάκριτος,ἀήρ+κατά+κρίνω,,,Greek,New Testament
G844,αὐτόματος,ἀήρ+μασσάομαι,,,Greek,New Testament
G845,αὐτόπτης,ἀήρ+ὁράω,,,Greek,New Testament
G846,αὐτός,ἀήρ,ఆటొస్,అతడు,Greek,New Testament
G847,αὐτοῦ,ἀήρ,,,Greek,New Testament
G848,αὑτοῦ,ἀήρ,,,Greek,New Testament
G849,αὐτόχειρ,ἀήρ+χειμών+χάσμα,,,Greek,New Testament
G850,αὐχμηρός,ἀήρ,,,Greek,New Testament
G851,ἀφαιρέω,ἀπό+αἴρω,,,Greek,New Testament
G852,ἀφανής,ἄν+φημί,,,Greek,New Testament
G853,ἀφανίζω,ἄν+φημί,,,Greek,New Testament
G854,ἀφανισμός,ἄν+φημί,,,Greek,New Testament
G855,ἄφαντος,ἄν+φημί,,,Greek,New Testament
G856,ἀφεδρών,ἀπό+ἑδραῖος,,,Greek,New Testament
G857,ἀφειδία,ἄν+φείδομαι,,,Greek,New Testament
G858,ἀφελότης,ἄν,,,Greek,New Testament
G859,ἄφεσις,ἀπό,,,Greek,New Testament
G860,ἁφή,ἅπτω,,,Greek,New Testament
G861,ἀφθαρσία,ἄν+φθείρω,,,Greek,New Testament
G862,ἄφθαρτος,ἄν+φθείρω,,,Greek,New Testament
G863,ἀφίημι,ἀπό,,,Greek,New Testament
G864,ἀφικνέομαι,ἀπό+ἥκω,,,Greek,New Testament
G865,ἀφιλάγαθος,ἄν+φίλος+ἀγαθός,,,Greek,New Testament
G866,ἀφιλάργυρος,ἄν+φίλος+ἄργυρος,,,Greek,New Testament
G867,ἄφιξις,ἀπό+ἥκω,,,Greek,New Testament
G868,ἀφίστημι,ἀπό+ἵστημι,,,Greek,New Testament
G869,ἄφνω,ἄν+φημί,,,Greek,New Testament
G870,ἀφόβως,ἄν+φόβος,,,Greek,New Testament
G871,ἀφομοιόω,ἀπό+ὁμοῦ,,,Greek,New Testament
G872,ἀφοράω,ἀπό+ὁράω,,,Greek,New Testament
G873,ἀφορίζω,ἀπό+ὅριον,,,Greek,New Testament
G874,ἀφορμή,ἀπό+ὁρμή,,,Greek,New Testament
G875,ἀφρίζω,ἀφρός,,,Greek,New Testament
G876,ἀφρός,ἀφρός,,,Greek,New Testament
G877,ἀφροσύνη,ἄν+φράσσω,,,Greek,New Testament
G878,ἄφρων,ἄν+φράσσω,,,Greek,New Testament
G879,ἀφυπνόω,ἀπό+ὑπό,,,Greek,New Testament
G880,ἄφωνος,ἄν+φημί,,,Greek,New Testament
G881,Ἀχάζ,Ἀχάζ,,,Greek,New Testament
G882,Ἀχαΐα,Ἀχαΐα,,,Greek,New Testament
G883,Ἀχαϊκός,Ἀχαΐα,,,Greek,New Testament
G884,ἀχάριστος,ἄν+χαίρω,,,Greek,New Testament
G885,Ἀχείμ,Ἀχείμ,,,Greek,New Testament
G886,ἀχειροποίητος,ἄν+χειμών+χάσμα+ποιέω,,,Greek,New Testament
G887,ἀχλύς,ἀχλύς,,,Greek,New Testament
G888,ἀχρεῖος,ἄν+χειμών+χάσμα+χειμών+χάσμα+χειμών+χάσμα+χειμών+χάσμα+χειμών+χάσμα,,,Greek,New Testament
G889,ἀχρειόω,ἄν+χειμών+χάσμα+χειμών+χάσμα+χειμών+χάσμα+χειμών+χάσμα+χειμών+χάσμα,,,Greek,New Testament
G890,ἄχρηστος,ἄν+χειμών+χάσμα,,,Greek,New Testament
G891,ἄχρις,ἀκμήν,,,Greek,New Testament
G892,ἄχυρον,ἄχυρον,,,Greek,New Testament
G893,ἀψευδής,ἄν+ψεύδομαι,,,Greek,New Testament
G894,ἄψινθος,ἄψινθος,,,Greek,New Testament
G895,ἄψυχος,ἄν+ψύχω,,,Greek,New Testament
G896,Βάαλ,Βάαλ,,,Greek,New Testament
G897,Βαβυλών,Βαβυλών,,,Greek,New Testament
G898,βαθμός,βάσις,,,Greek,New Testament
G899,βάθος,βάσις,,,Greek,New Testament
G900,βαθύνω,βάσις,,,Greek,New Testament
G901,βαθύς,βάσις,,,Greek,New Testament
G902,βαΐον,βάσις,,,Greek,New Testament
G903,Βαλαάμ,Βαλαάμ,,,Greek,New Testament
G904,Βαλάκ,Βαλάκ,,,Greek,New Testament
G905,βαλάντιον,βάλλω,,,Greek,New Testament
G906,βάλλω,βάλλω,,,Greek,New Testament
G907,βαπτίζω,βάπτω,బాప్టిజో,బాప్తిస్మ మిచ్చు,Greek,New Testament
G908,βάπτισμα,βάπτω,బాప్టిస్మా,బాప్తిస్మము,Greek,New Testament
G909,βαπτισμός,βάπτω,,,Greek,New Testament
G910,Βαπτιστής,βάπτω,,,Greek,New Testament
G911,βάπτω,βάπτω,,,Greek,New Testament
G912,Βαραββᾶς,Βαραββᾶς,,,Greek,New Testament
G913,Βαράκ,Βαράκ,,,Greek,New Testament
G914,Βαραχίας,Βαραχίας,,,Greek,New Testament
G915,βάρβαρος,βάρβαρος,,,Greek,New Testament
G916,βαρέω,βάσις+βάσις,,,Greek,New Testament
G917,βαρέως,βάσις+βάσις,,,Greek,New Testament
G918,Βαρθολομαῖος,Βαρθολομαῖος,,,Greek,New Testament
G919,Βαριησοῦς,Βαριησοῦς,,,Greek,New Testament
G920,Βαριωνᾶς,Βαριωνᾶς,,,Greek,New Testament
G921,Βαρνάβας,Βαρνάβας,,,Greek,New Testament
G922,βάρος,βάσις+βάσις,,,Greek,New Testament
G923,Βαρσαβᾶς,Βαρσαβᾶς,,,Greek,New Testament
G924,Βαρτιμαῖος,Βαρτιμαῖος,,,Greek,New Testament
G925,βαρύνω,βάσις+βάσις,,,Greek,New Testament
G926,βαρύς,βάσις+βάσις,,,Greek,New Testament
G927,βαρύτιμος,βάσις+βάσις+τίνω,,,Greek,New Testament
G928,βασανίζω,βάσις,,,Greek,New Testament
G929,βασανισμός,βάσις,,,Greek,New Testament
G930,βασανιστής,βάσις,,,Greek,New Testament
G931,βάσανος,βάσις,,,Greek,New Testament
G932,βασιλεία,βάσις,బసిలియా,రాజ్యం,Greek,New Testament
G933,βασίλειον,βάσις,,,Greek,New Testament
G934,βασίλειος,βάσις,,,Greek,New Testament
G935,βασιλεύς,βάσις,బసిలెఊస్,రాజు,Greek,New Testament
G936,βασιλεύω,βάσις,,,Greek,New Testament
G937,βασιλικός,βάσις,,,Greek,New Testament
G938,βασίλισσα,βάσις,,,Greek,New Testament
G939,βάσις,βάσις,,,Greek,New Testament
G940,βασκαίνω,φημί,,,Greek,New Testament
G941,βαστάζω,βάσις,,,Greek,New Testament
G942,βάτος,βάτος,,,Greek,New Testament
G943,βάτος,βάτος,,,Greek,New Testament
G944,βάτραχος,βάτραχος,,,Greek,New Testament
G945,βαττολογέω,λέγω,,,Greek,New Testament
G946,βδέλυγμα,βδελύσσω,,,Greek,New Testament
G947,βδελυκτός,βδελύσσω,,,Greek,New Testament
G948,βδελύσσω,βδελύσσω,,,Greek,New Testament
G949,βέβαιος,βάσις,,,Greek,New Testament
G950,βεβαιόω,βάσις,,,Greek,New Testament
G951,βεβαίωσις,βάσις,,,Greek,New Testament
G952,βέβηλος,βάσις,,,Greek,New Testament
G953,βεβηλόω,βάσις,,,Greek,New Testament
G954,Βεελζεβούλ,Βεελζεβούλ,,,Greek,New Testament
G955,Βελίαλ,Βελίαλ,,,Greek,New Testament
G956,βέλος,βάλλω,,,Greek,New Testament
G957,βελτίον,βάλλω+ἀγαθός,,,Greek,New Testament
G958,Βενιαμίν,Βενιαμίν,,,Greek,New Testament
G959,Βερνίκη,φέρω+νίκη,,,Greek,New Testament
G960,Βέροια,πέραν,,,Greek,New Testament
G961,Βεροιαῖος,πέραν,,,Greek,New Testament
G962,Βηθαβαρά,Βηθαβαρά,,,Greek,New Testament
G963,Βηθανία,Βηθανία,,,Greek,New Testament
G964,Βηθεσδά,Βηθεσδά,,,Greek,New Testament
G965,Βηθλεέμ,Βηθλεέμ,,,Greek,New Testament
G966,Βηθσαϊδά,Βηθσαϊδά,,,Greek,New Testament
G967,Βηθφαγή,Βηθφαγή,,,Greek,New Testament
G968,βῆμα,βάσις,,,Greek,New Testament
G969,βήρυλλος,βήρυλλος,,,Greek,New Testament
G970,βία,βίος,,,Greek,New Testament
G971,βιάζω,βίος,,,Greek,New Testament
G972,βίαιος,βίος,,,Greek,New Testament
G973,βιαστής,βίος,,,Greek,New Testament
G974,βιβλιαρίδιον,βίβλος,,,Greek,New Testament
G975,βιβλίον,βίβλος,,,Greek,New Testament
G976,βίβλος,βίβλος,బిబ్లొస్,గ్రంథం,Greek,New Testament
G977,βιβρώσκω,βοῦς,,,Greek,New Testament
G978,Βιθυνία,Βιθυνία,,,Greek,New Testament
G979,βίος,βίος,బియొస్,జీవితం,Greek,New Testament
G980,βιόω,βίος,,,Greek,New Testament
G981,βίωσις,βίος,,,Greek,New Testament
G982,βιωτικός,βίος,,,Greek,New Testament
G983,βλαβερός,βλάπτω,,,Greek,New Testament
G984,βλάπτω,βλάπτω,,,Greek,New Testament
G985,βλαστάνω,βλαστάνω,,,Greek,New Testament
G986,Βλάστος,βλαστάνω,,,Greek,New Testament
G987,βλασφημέω,βλάπτω+φημί,,,Greek,New Testament
G988,βλασφημία,βλάπτω+φημί,,,Greek,New Testament
G989,βλάσφημος,βλάπτω+φημί,,,Greek,New Testament
G990,βλέμμα,βλέπω,,,Greek,New Testament
G991,βλέπω,βλέπω,బ్లెపొ,చూచు,Greek,New Testament
G992,βλητέος,βάλλω,,,Greek,New Testament
G993,Βοανεργές,Βοανεργές,,,Greek,New Testament
G994,βοάω,βοάω,,,Greek,New Testament
G995,βοή,βοάω,,,Greek,New Testament
G996,βοήθεια,βοάω,,,Greek,New Testament
G997,βοηθέω,βοάω,,,Greek,New Testament
G998,βοηθός,βοάω,,,Greek,New Testament
G999,βόθυνος,βάσις,,,Greek,New Testament
G1000,βολή,βάλλω,,,Greek,New Testament
G1001,βολίζω,βάλλω,,,Greek,New Testament
G1002,βολίς,βάλλω,,,Greek,New Testament
G1003,Βοόζ,Βοόζ,,,Greek,New Testament
G1004,βόρβορος,βόρβορος,,,Greek,New Testament
G1005,βοῤῥᾶς,βοῤῥᾶς,,,Greek,New Testament
G1006,βόσκω,βοῦς,,,Greek,New Testament
G1007,Βοσόρ,Βοσόρ,,,Greek,New Testament
G1008,βοτάνη,βοῦς,,,Greek,New Testament
G1009,βότρυς,βότρυς,,,Greek,New Testament
G1010,βουλευτής,βούλομαι,,,Greek,New Testament
G1011,βουλεύω,βούλομαι,,,Greek,New Testament
G1012,βουλή,βούλομαι,,,Greek,New Testament
G1013,βούλημα,βούλομαι,,,Greek,New Testament
G1014,βούλομαι,βούλομαι,,,Greek,New Testament
G1015,βουνός,βουνός,,,Greek,New Testament
G1016,βοῦς,βοῦς,,,Greek,New Testament
G1017,βραβεῖον,βραβεῖον,,,Greek,New Testament
G1018,βραβεύω,βραβεῖον,,,Greek,New Testament
G1019,βραδύνω,βραδύς,,,Greek,New Testament
G1020,βραδυπλοέω,βραδύς+πλύνω,,,Greek,New Testament
G1021,βραδύς,βραδύς,,,Greek,New Testament
G1022,βραδύτης,βραδύς,,,Greek,New Testament
G1023,βραχίων,βραχύς,,,Greek,New Testament
G1024,βραχύς,βραχύς,,,Greek,New Testament
G1025,βρέφος,βρέφος,,,Greek,New Testament
G1026,βρέχω,βρέχω,,,Greek,New Testament
G1027,βροντή,βροντή,,,Greek,New Testament
G1028,βροχή,βρέχω,,,Greek,New Testament
G1029,βρόχος,βρόχος,,,Greek,New Testament
G1030,βρυγμός,βρύχω,,,Greek,New Testament
G1031,βρύχω,βρύχω,,,Greek,New Testament
G1032,βρύω,βρύω,,,Greek,New Testament
G1033,βρῶμα,βοῦς,,,Greek,New Testament
G1034,βρώσιμος,βοῦς,,,Greek,New Testament
G1035,βρῶσις,βοῦς,,,Greek,New Testament
G1036,βυθίζω,βάσις,,,Greek,New Testament
G1037,βυθός,βάσις,,,Greek,New Testament
G1038,βυρσεύς,βυρσεύς,,,Greek,New Testament
G1039,βύσσινος,βύσσος,,,Greek,New Testament
G1040,βύσσος,βύσσος,,,Greek,New Testament
G1041,βωμός,βάσις,,,Greek,New Testament
G1042,γαββαθά,γαββαθά,,,Greek,New Testament
G1043,Γαβριήλ,Γαβριήλ,,,Greek,New Testament
G1044,γάγγραινα,γάγγραινα,,,Greek,New Testament
G1045,Γάδ,Γάδ,,,Greek,New Testament
G1046,Γαδαρηνός,Γαδαρηνός,,,Greek,New Testament
G1047,γάζα,γάζα,,,Greek,New Testament
G1048,Γάζα,Γάζα,,,Greek,New Testament
G1049,γαζοφυλάκιον,γάζα+φύω+φύω,,,Greek,New Testament
G1050,Γάϊος,Γάϊος,,,Greek,New Testament
G1051,γάλα,γάλα,,,Greek,New Testament
G1052,Γαλάτης,Γαλατία,,,Greek,New Testament
G1053,Γαλατία,Γαλατία,,,Greek,New Testament
G1054,Γαλατικός,Γαλατία,,,Greek,New Testament
G1055,γαλήνη,γαλήνη,,,Greek,New Testament
G1056,Γαλιλαία,Γαλιλαία,,,Greek,New Testament
G1057,Γαλιλαῖος,Γαλιλαία,,,Greek,New Testament
G1058,Γαλλίων,Γαλλίων,,,Greek,New Testament
G1059,Γαμαλιήλ,Γαμαλιήλ,,,Greek,New Testament
G1060,γαμέω,γάμος,,,Greek,New Testament
G1061,γαμίσκω,γάμος,,,Greek,New Testament
G1062,γάμος,γάμος,,,Greek,New Testament
G1063,γάρ,γάρ,గర్,ఎందుకంటే,Greek,New Testament
G1064,γαστήρ,γαστήρ,,,Greek,New Testament
G1065,γέ,γέ,,,Greek,New Testament
G1066,Γεδεών,Γεδεών,,,Greek,New Testament
G1067,γέεννα,γέεννα,,,Greek,New Testament
G1068,Γεθσημανῆ,Γεθσημανῆ,,,Greek,New Testament
G1069,γείτων,γῆ,,,Greek,New Testament
G1070,γελάω,γελάω,,,Greek,New Testament
G1071,γέλως,γελάω,,,Greek,New Testament
G1072,γεμίζω,γέμω,,,Greek,New Testament
G1073,γέμω,γέμω,,,Greek,New Testament
G1074,γενεά,γίνομαι,,,Greek,New Testament
G1075,γενεαλογέω,γίνομαι+λέγω,,,Greek,New Testament
G1076,γενεαλογία,γίνομαι+λέγω,,,Greek,New Testament
G1077,γενέσια,γίνομαι,,,Greek,New Testament
G1078,γένεσις,γίνομαι,,,Greek,New Testament
G1079,γενετή,γίνομαι,,,Greek,New Testament
G1080,γεννάω,γίνομαι,,,Greek,New Testament
G1081,γέννημα,γίνομαι,,,Greek,New Testament
G1082,Γεννησαρέτ,Γεννησαρέτ,,,Greek,New Testament
G1083,γέννησις,γίνομαι,,,Greek,New Testament
G1084,γεννητός,γίνομαι,,,Greek,New Testament
G1085,γένος,γίνομαι,,,Greek,New Testament
G1086,Γεργεσηνός,Γεργεσηνός,,,Greek,New Testament
G1087,γερουσία,γῆρας,,,Greek,New Testament
G1088,γέρων,γῆρας,,,Greek,New Testament
G1089,γεύομαι,γεύομαι,,,Greek,New Testament
G1090,γεωργέω,γῆ+ἔργον,,,Greek,New Testament
G1091,γεώργιον,γῆ+ἔργον,,,Greek,New Testament
G1092,γεωργός,γῆ+ἔργον,,,Greek,New Testament
G1093,γῆ,γῆ,,,Greek,New Testament
G1094,γῆρας,γῆρας,,,Greek,New Testament
G1095,γηράσκω,γῆρας,,,Greek,New Testament
G1096,γίνομαι,γίνομαι,గినొమై,అవ్వు,Greek,New Testament
G1097,γινώσκω,γινώσκω,గినొస్కొ,తెలుసుకొను,Greek,New Testament
G1098,γλεῦκος,γλυκύς,,,Greek,New Testament
G1099,γλυκύς,γλυκύς,,,Greek,New Testament
G1100,γλῶσσα,γλῶσσα,,,Greek,New Testament
G1101,γλωσσόκομον,γλῶσσα+κομίζω,,,Greek,New Testament
G1102,γναφεύς,γναφεύς,,,Greek,New Testament
G1103,γνήσιος,γίνομαι,,,Greek,New Testament
G1104,γνησίως,γίνομαι,,,Greek,New Testament
G1105,γνόφος,νέφος,,,Greek,New Testament
G1106,γνώμη,γινώσκω,,,Greek,New Testament
G1107,γνωρίζω,γινώσκω,,,Greek,New Testament
G1108,γνῶσις,γινώσκω,,,Greek,New Testament
G1109,γνώστης,γινώσκω,,,Greek,New Testament
G1110,γνωστός,γινώσκω,,,Greek,New Testament
G1111,γογγύζω,γογγύζω,,,Greek,New Testament
G1112,γογγυσμός,γογγύζω,,,Greek,New Testament
G1113,γογγυστής,γογγύζω,,,Greek,New Testament
G1114,γόης,γόης,,,Greek,New Testament
G1115,Γολγοθᾶ,Γολγοθᾶ,,,Greek,New Testament
G1116,Γόμοῤῥα,Γόμοῤῥα,,,Greek,New Testament
G1117,γόμος,γέμω,,,Greek,New Testament
G1118,γονεύς,γίνομαι,,,Greek,New Testament
G1119,γόνυ,γόνυ,,,Greek,New Testament
G1120,γονυπετέω,γόνυ+πτάομαι,,,Greek,New Testament
G1121,γράμμα,γράφω,,,Greek,New Testament
G1122,γραμματεύς,γράφω,,,Greek,New Testament
G1123,γραπτός,γράφω,,,Greek,New Testament
G1124,γραφή,γράφω,,,Greek,New Testament
G1125,γράφω,γράφω,గ్రాఫొ,వ్రాయు,Greek,New Testament
G1126,γραώδης,εἴδω,,,Greek,New Testament
G1127,γρηγορεύω,ἐγείρω,,,Greek,New Testament
G1128,γυμνάζω,γυμνός,,,Greek,New Testament
G1129,γυμνασία,γυμνός,,,Greek,New Testament
G1130,γυμνητεύω,γυμνός,,,Greek,New Testament
G1131,γυμνός,γυμνός,,,Greek,New Testament
G1132,γυμνότης,γυμνός,,,Greek,New Testament
G1133,γυναικάριον,γίνομαι,,,Greek,New Testament
G1134,γυναικεῖος,γίνομαι,,,Greek,New Testament
G1135,γυνή,γίνομαι,గూనే,స్త్రీ,Greek,New Testament
G1136,Γώγ,Γώγ,,,Greek,New Testament
G1137,γωνία,γόνυ,,,Greek,New Testament
G1138,Δαβίδ,Δαβίδ,,,Greek,New Testament
G1139,δαιμονίζομαι,δαίμων,,,Greek,New Testament
G1140,δαιμόνιον,δαίμων,,,Greek,New Testament
G1141,δαιμονιώδης,δαίμων+δαίμων,,,Greek,New Testament
G1142,δαίμων,δαίμων,,,Greek,New Testament
G1143,δάκνω,δάκνω,,,Greek,New Testament
G1144,δάκρυον,δάκρυον,,,Greek,New Testament
G1145,δακρύω,δάκρυον,,,Greek,New Testament
G1146,δακτύλιος,δέκα,,,Greek,New Testament
G1147,δάκτυλος,δέκα,,,Greek,New Testament
G1148,Δαλμανουθά,Δαλμανουθά,,,Greek,New Testament
G1149,Δαλματία,Δαλματία,,,Greek,New Testament
G1150,δαμάζω,δαμάζω,,,Greek,New Testament
G1151,δάμαλις,δαμάζω,,,Greek,New Testament
G1152,Δάμαρις,δαμάζω,,,Greek,New Testament
G1153,Δαμασκηνός,Δαμασκός,,,Greek,New Testament
G1154,Δαμασκός,Δαμασκός,,,Greek,New Testament
G1155,δανείζω,δάνειον,,,Greek,New Testament
G1156,δάνειον,δάνειον,,,Greek,New Testament
G1157,δανειστής,δάνειον,,,Greek,New Testament
G1158,Δανιήλ,Δανιήλ,,,Greek,New Testament
G1159,δαπανάω,δαπάνη,,,Greek,New Testament
G1160,δαπάνη,δαπάνη,,,Greek,New Testament
G1161,δέ,δέ,దె,మరియు,Greek,New Testament
G1162,δέησις,δέω,,,Greek,New Testament
G1163,δεῖ,δέω,,,Greek,New Testament
G1164,δεῖγμα,δεικνύω,,,Greek,New Testament
G1165,δειγματίζω,δεικνύω,,,Greek,New Testament
G1166,δεικνύω,δεικνύω,,,Greek,New Testament
G1167,δειλία,δειλός,,,Greek,New Testament
G1168,δειλιάω,δειλός,,,Greek,New Testament
G1169,δειλός,δειλός,,,Greek,New Testament
G1170,δεῖνα,δειλός,,,Greek,New Testament
G1171,δεινῶς,δειλός,,,Greek,New Testament
G1172,δειπνέω,δαπάνη,,,Greek,New Testament
G1173,δεῖπνον,δαπάνη,,,Greek,New Testament
G1174,δεισιδαιμονέστερος,δειλός+δαίμων,,,Greek,New Testament
G1175,δεισιδαιμονία,δειλός+δαίμων,,,Greek,New Testament
G1176,δέκα,δέκα,,,Greek,New Testament
G1177,δεκαδύο,δέκα+δύο,,,Greek,New Testament
G1178,δεκαπέντε,δέκα+πέντε,,,Greek,New Testament
G1179,Δεκάπολις,δέκα+πόλεμος+πολύς,,,Greek,New Testament
G1180,δεκατέσσαρες,δέκα+τέσσαρα,,,Greek,New Testament
G1181,δεκάτη,δέκα,,,Greek,New Testament
G1182,δέκατος,δέκα,,,Greek,New Testament
G1183,δεκατόω,δέκα,,,Greek,New Testament
G1184,δεκτός,δέχομαι,,,Greek,New Testament
G1185,δελεάζω,δόλος,,,Greek,New Testament
G1186,δένδρον,δένδρον,,,Greek,New Testament
G1187,δεξιολάβος,δέχομαι+δέχομαι,,,Greek,New Testament
G1188,δεξιός,δέχομαι,,,Greek,New Testament
G1189,δέομαι,δέω,,,Greek,New Testament
G1190,Δερβαῖος,Δέρβη,,,Greek,New Testament
G1191,Δέρβη,Δέρβη,,,Greek,New Testament
G1192,δέρμα,δέρω,,,Greek,New Testament
G1193,δερμάτινος,δέρω,,,Greek,New Testament
G1194,δέρω,δέρω,,,Greek,New Testament
G1195,δεσμεύω,δέω,,,Greek,New Testament
G1196,δεσμέω,δέω,,,Greek,New Testament
G1197,δέσμη,δέω,,,Greek,New Testament
G1198,δέσμιος,δέω,,,Greek,New Testament
G1199,δεσμός,δέω,,,Greek,New Testament
G1200,δεσμοφύλαξ,δέω+φύω+φύω,,,Greek,New Testament
G1201,δεσμωτήριον,δέω+δέω,,,Greek,New Testament
G1202,δεσμώτης,δέω+δέω,,,Greek,New Testament
G1203,δεσπότης,δέω,దెస్పొటేస్,యజమాని,Greek,New Testament
G1204,δεῦρο,δεῦρο,,,Greek,New Testament
G1205,δεῦτε,δεῦρο,,,Greek,New Testament
G1206,δευτεραῖος,δύο,,,Greek,New Testament
G1207,δευτερόπρωτος,δύο+πρό,,,Greek,New Testament
G1208,δεύτερος,δύο,,,Greek,New Testament
G1209,δέχομαι,δέχομαι,దెకొమై,స్వీకరించు,Greek,New Testament
G1210,δέω,δέω,,,Greek,New Testament
G1211,δή,δέ,,,Greek,New Testament
G1212,δῆλος,δῆλος,,,Greek,New Testament
G1213,δηλόω,δῆλος,,,Greek,New Testament
G1214,Δημᾶς,Δημήτριος,,,Greek,New Testament
G1215,δημηγορέω,δέω+ἐγείρω,,,Greek,New Testament
G1216,Δημήτριος,Δημήτριος,,,Greek,New Testament
G1217,δημιουργός,δέω+ἔργον,,,Greek,New Testament
G1218,δῆμος,δέω,,,Greek,New Testament
G1219,δημόσιος,δέω,,,Greek,New Testament
G1220,δηνάριον,δηνάριον,,,Greek,New Testament
G1221,δήποτε,δέ+τό+τέ,,,Greek,New Testament
G1222,δήπου,δέ+τό,,,Greek,New Testament
G1223,διά,διά,,,Greek,New Testament
G1224,διαβαίνω,διά+βάσις,,,Greek,New Testament
G1225,διαβάλλω,διά+βάλλω,,,Greek,New Testament
G1226,διαβεβαιόομαι,διά+βάσις,,,Greek,New Testament
G1227,διαβλέπω,διά+βλέπω,,,Greek,New Testament
G1228,διάβολος,διά+βάλλω,,,Greek,New Testament
G1229,διαγγέλλω,διά+ἄγω,,,Greek,New Testament
G1230,διαγίνομαι,διά+γίνομαι,,,Greek,New Testament
G1231,διαγινώσκω,διά+γινώσκω,,,Greek,New Testament
G1232,διαγνωρίζω,γράφω+γινώσκω,,,Greek,New Testament
G1233,διάγνωσις,διά+γινώσκω,,,Greek,New Testament
G1234,διαγογγύζω,διά+γογγύζω,,,Greek,New Testament
G1235,διαγρηγορέω,διά+ἐγείρω,,,Greek,New Testament
G1236,διάγω,διά+ἄγω,,,Greek,New Testament
G1237,διαδέχομαι,διά+δέχομαι,,,Greek,New Testament
G1238,διάδημα,διά+δέω,,,Greek,New Testament
G1239,διαδίδωμι,διά+δίδωμι,,,Greek,New Testament
G1240,διάδοχος,διά+δέχομαι,,,Greek,New Testament
G1241,διαζώννυμι,διά+ζυγός,,,Greek,New Testament
G1242,διαθήκη,διά+τίθημι,దియాథేకే,నిబంధన,Greek,New Testament
G1243,διαίρεσις,διά+αἴρω,,,Greek,New Testament
G1244,διαιρέω,διά+αἴρω,,,Greek,New Testament
G1245,διακαθαρίζω,διά+καθαρός,,,Greek,New Testament
G1246,διακατελέγχομαι,διά+κατά+ἐλέγχω,,,Greek,New Testament
G1247,διακονέω,διώκω,దియాకొనెఓ,సేవించు,Greek,New Testament
G1248,διακονία,διώκω,దియాకొనియా,సేవ,Greek,New Testament
G1249,διάκονος,διώκω,దియాకొనొస్,సేవకుడు,Greek,New Testament
G1250,διακόσιοι,δύο+ἑκατόν,,,Greek,New Testament
G1251,διακούομαι,διά+ἀκούω,,,Greek,New Testament
G1252,διακρίνω,διά+κρίνω,,,Greek,New Testament
G1253,διάκρισις,διά+κρίνω,,,Greek,New Testament
G1254,διακωλύω,διά+κολάζω,,,Greek,New Testament
G1255,διαλαλέω,διά+λαλέω,,,Greek,New Testament
G1256,διαλέγομαι,διά+λέγω,,,Greek,New Testament
G1257,διαλείπω,διά+λείπω,,,Greek,New Testament
G1258,διάλεκτος,διά+λέγω,,,Greek,New Testament
G1259,διαλλάσσω,διά+ἄλλος,,,Greek,New Testament
G1260,διαλογίζομαι,διά+λέγω,,,Greek,New Testament
G1261,διαλογισμός,διά+λέγω,,,Greek,New Testament
G1262,διαλύω,διά+λύω,,,Greek,New Testament
G1263,διαμαρτύρομαι,διά+μάρτυς,,,Greek,New Testament
G1264,διαμάχομαι,διά+μάχομαι,,,Greek,New Testament
G1265,διαμένω,διά+μένω,,,Greek,New Testament
G1266,διαμερίζω,διά+μέρος,,,Greek,New Testament
G1267,διαμερισμός,διά+μέρος,,,Greek,New Testament
G1268,διανέμω,διά+νόμος,,,Greek,New Testament
G1269,διανεύω,διά+νεύω,,,Greek,New Testament
G1270,διανόημα,διά+γινώσκω,,,Greek,New Testament
G1271,διάνοια,διά+γινώσκω,,,Greek,New Testament
G1272,διανοίγω,διά+ἀνά,,,Greek,New Testament
G1273,διανυκτερεύω,διά+νύξ,,,Greek,New Testament
G1274,διανύω,διά,,,Greek,New Testament
G1275,διαπαντός,διά+πᾶς,,,Greek,New Testament
G1276,διαπεράω,διά+πέραν,,,Greek,New Testament
G1277,διαπλέω,διά+πλύνω,,,Greek,New Testament
G1278,διαπονέω,διά+πένης,,,Greek,New Testament
G1279,διαπορεύομαι,διά+πέραν,,,Greek,New Testament
G1280,διαπορέω,διά+ἄν+πέραν,,,Greek,New Testament
G1281,διαπραγματεύομαι,διά+πράσσω,,,Greek,New Testament
G1282,διαπρίω,διά+πρίζω,,,Greek,New Testament
G1283,διαρπάζω,διά+αἴρω,,,Greek,New Testament
G1284,διαῤῥήσσω,διά+κατά,,,Greek,New Testament
G1285,διασαφέω,διά,,,Greek,New Testament
G1286,διασείω,διά+σείω,,,Greek,New Testament
G1287,διασκορπίζω,διά+σκοπός,,,Greek,New Testament
G1288,διασπάω,διά+σπάω,,,Greek,New Testament
G1289,διασπείρω,διά+σπάω,,,Greek,New Testament
G1290,διασπορά,διά+σπάω,,,Greek,New Testament
G1291,διαστέλλομαι,διά+ἵστημι,,,Greek,New Testament
G1292,διάστημα,διά+ἵστημι,,,Greek,New Testament
G1293,διαστολή,διά+ἵστημι,,,Greek,New Testament
G1294,διαστρέφω,διά+τροπή,,,Greek,New Testament
G1295,διασώζω,διά+σώζω,,,Greek,New Testament
G1296,διαταγή,διά+τάσσω,,,Greek,New Testament
G1297,διάταγμα,διά+τάσσω,,,Greek,New Testament
G1298,διαταράσσω,διά+ταράσσω,,,Greek,New Testament
G1299,διατάσσω,διά+τάσσω,,,Greek,New Testament
G1300,διατελέω,διά+τέλος,,,Greek,New Testament
G1301,διατηρέω,διά+θεάομαι+ὁράω,,,Greek,New Testament
G1302,διατί,διά+τὶς,,,Greek,New Testament
G1303,διατίθεμαι,διά+τίθημι,,,Greek,New Testament
G1304,διατρίβω,διά+θραύω+τρίζω+θραύω+τρίζω,,,Greek,New Testament
G1305,διατροφή,διά+τρέφω,,,Greek,New Testament
G1306,διαυγάζω,διά+αὐγή,,,Greek,New Testament
G1307,διαφανής,διά+φημί,,,Greek,New Testament
G1308,διαφέρω,διά+φέρω,,,Greek,New Testament
G1309,διαφεύγω,διά+φεύγω,,,Greek,New Testament
G1310,διαφημίζω,διά+φημί,,,Greek,New Testament
G1311,διαφθείρω,διά+βάλλω+φθείρω,,,Greek,New Testament
G1312,διαφθορά,διά+βάλλω+φθείρω,,,Greek,New Testament
G1313,διάφορος,διά+φέρω,,,Greek,New Testament
G1314,διαφυλάσσω,διά+φύω+φύω,,,Greek,New Testament
G1315,διαχειρίζομαι,διά+χειμών+χάσμα,,,Greek,New Testament
G1316,διαχωρίζομαι,διά+χάσμα,,,Greek,New Testament
G1317,διδακτικός,διδάσκω,,,Greek,New Testament
G1318,διδακτός,διδάσκω,,,Greek,New Testament
G1319,διδασκαλία,διδάσκω,,,Greek,New Testament
G1320,διδάσκαλος,διδάσκω,,,Greek,New Testament
G1321,διδάσκω,διδάσκω,దీడాస్కొ,బోధించు,Greek,New Testament
G1322,διδαχή,διδάσκω,,,Greek,New Testament
G1323,δίδραχμον,δύο+δράκων,,,Greek,New Testament
G1324,Δίδυμος,δύο,,,Greek,New Testament
G1325,δίδωμι,δίδωμι,,,Greek,New Testament
G1326,διεγείρω,διά+ἐγείρω,,,Greek,New Testament
G1327,διέξοδος,διά+ἐξ+ὁδός,,,Greek,New Testament
G1328,διερμηνευτής,διά+ῥέω,,,Greek,New Testament
G1329,διερμηνεύω,διά+ῥέω,,,Greek,New Testament
G1330,διέρχομαι,διά+ἔρχομαι,,,Greek,New Testament
G1331,διερωτάω,διά+ῥέω+ῥέω,,,Greek,New Testament
G1332,διετής,δύο+ἔτος,,,Greek,New Testament
G1333,διετία,δύο+ἔτος,,,Greek,New Testament
G1334,διηγέομαι,διά+ἄγω,,,Greek,New Testament
G1335,διήγεσις,διά+ἄγω,,,Greek,New Testament
G1336,διηνεκής,διά+φέρω,,,Greek,New Testament
G1337,διθάλασσος,δύο+ἅλς,,,Greek,New Testament
G1338,διϊκνέομαι,διά+ἥκω,,,Greek,New Testament
G1339,διΐστημι,διά+ἵστημι,,,Greek,New Testament
G1340,διϊσχυρίζομαι,διά+ἰσχύς,,,Greek,New Testament
G1341,δικαιοκρισία,δεικνύω+κρίσις,,,Greek,New Testament
G1342,δίκαιος,δεικνύω,,,Greek,New Testament
G1343,δικαιοσύνη,δεικνύω,దికాయొసూనే,నీతి,Greek,New Testament
G1344,δικαιόω,δεικνύω,దికాయొఓ,నీతిమంతుడుగా చేయు,Greek,New Testament
G1345,δικαίωμα,δεικνύω,దికాయొమా,న్యాయం,Greek,New Testament
G1346,δικαίως,δεικνύω,,,Greek,New Testament
G1347,δικαίωσις,δεικνύω,,,Greek,New Testament
G1348,δικαστής,δεικνύω,,,Greek,New Testament
G1349,δίκη,δεικνύω,,,Greek,New Testament
G1350,δίκτυον,δίκτυον,,,Greek,New Testament
G1351,δίλογος,δύο+λέγω,,,Greek,New Testament
G1352,διό,διά+τό,,,Greek,New Testament
G1353,διοδεύω,διά+ὁδός,,,Greek,New Testament
G1354,Διονύσιος,Διονύσιος,,,Greek,New Testament
G1355,διόπερ,διά+τό+πέραν,,,Greek,New Testament
G1356,διοπετής,Ζεύς+πτάομαι,,,Greek,New Testament
G1357,διόρθωσις,διά+αἴρω+αἴρω,,,Greek,New Testament
G1358,διορύσσω,διά+ὀρύσσω,,,Greek,New Testament
G1359,Διόσκουροι,Ζεύς+κοράσιον,,,Greek,New Testament
G1360,διότι,διά+τό+τὶς,,,Greek,New Testament
G1361,Διοτρεφής,Ζεύς+τρέφω,,,Greek,New Testament
G1362,διπλοῦς,δύο+πολύς,,,Greek,New Testament
G1363,διπλόω,δύο+πολύς,,,Greek,New Testament
G1364,δίς,δύο,,,Greek,New Testament
G1365,διστάζω,δύο,,,Greek,New Testament
G1366,δίστομος,δύο+κόπτω,,,Greek,New Testament
G1367,δισχίλιοι,δύο+χίλιοι,,,Greek,New Testament
G1368,διϋλίζω,διά,,,Greek,New Testament
G1369,διχάζω,δύο,,,Greek,New Testament
G1370,διχοστασία,δύο+ἵστημι,,,Greek,New Testament
G1371,διχοτομέω,δύο,,,Greek,New Testament
G1372,διψάω,δίψος,,,Greek,New Testament
G1373,δίψος,δίψος,,,Greek,New Testament
G1374,δίψυχος,δύο+ψύχω,,,Greek,New Testament
G1375,διωγμός,διώκω,,,Greek,New Testament
G1376,διώκτης,διώκω,,,Greek,New Testament
G1377,διώκω,διώκω,,,Greek,New Testament
G1378,δόγμα,δοκέω,,,Greek,New Testament
G1379,δογματίζω,δοκέω,,,Greek,New Testament
G1380,δοκέω,δοκέω,,,Greek,New Testament
G1381,δοκιμάζω,δοκέω,,,Greek,New Testament
G1382,δοκιμή,δοκέω,,,Greek,New Testament
G1383,δοκίμιον,δοκέω,,,Greek,New Testament
G1384,δόκιμος,δοκέω,,,Greek,New Testament
G1385,δοκός,δέχομαι,,,Greek,New Testament
G1386,δόλιος,δόλος,,,Greek,New Testament
G1387,δολιόω,δόλος,,,Greek,New Testament
G1388,δόλος,δόλος,,,Greek,New Testament
G1389,δολόω,δόλος,,,Greek,New Testament
G1390,δόμα,δίδωμι,,,Greek,New Testament
G1391,δόξα,δοκέω,దొక్సా,మహిమ,Greek,New Testament
G1392,δοξάζω,δοκέω,దొక్సాజొ,మహిమపరచు,Greek,New Testament
G1393,Δορκάς,Δορκάς,,,Greek,New Testament
G1394,δόσις,δίδωμι,,,Greek,New Testament
G1395,δότης,δίδωμι,,,Greek,New Testament
G1396,δουλαγωγέω,δέω+ἄγω,,,Greek,New Testament
G1397,δουλεία,δέω,,,Greek,New Testament
G1398,δουλεύω,δέω,,,Greek,New Testament
G1399,δούλη,δέω,,,Greek,New Testament
G1400,δοῦλον,δέω,,,Greek,New Testament
G1401,δοῦλος,δέω,దూలొస్,దాసుడు,Greek,New Testament
G1402,δουλόω,δέω,,,Greek,New Testament
G1403,δοχή,δέχομαι,,,Greek,New Testament
G1404,δράκων,δράκων,,,Greek,New Testament
G1405,δράσσομαι,δράκων,,,Greek,New Testament
G1406,δραχμή,δράκων,,,Greek,New Testament
G1407,δρέπανον,δρέπανον,,,Greek,New Testament
G1408,δρόμος,θρίξ,,,Greek,New Testament
G1409,Δρούσιλλα,Δρούσιλλα,,,Greek,New Testament
G1410,δύναμαι,δύναμαι,దూనామై,శక్తి కలిగియుండు,Greek,New Testament
G1411,δύναμις,δύναμαι,దూనామిస్,శక్తి,Greek,New Testament
G1412,δυναμόω,δύναμαι,,,Greek,New Testament
G1413,δυνάστης,δύναμαι,,,Greek,New Testament
G1414,δυνατέω,δύναμαι,,,Greek,New Testament
G1415,δυνατός,δύναμαι,,,Greek,New Testament
G1416,δῦμι,δῦμι,,,Greek,New Testament
G1417,δύο,δύο,,,Greek,New Testament
G1418,δυσ‐,δυσ‐,,,Greek,New Testament
G1419,δυσβάστακτος,δυσ‐+βάσις,,,Greek,New Testament
G1420,δυσεντερία,δυσ‐+εἰς+ἐξ,,,Greek,New Testament
G1421,δυσερμήνευτος,δυσ‐+ῥέω,,,Greek,New Testament
G1422,δύσκολος,δυσ‐,,,Greek,New Testament
G1423,δυσκόλως,δυσ‐,,,Greek,New Testament
G1424,δυσμή,δῦμι,,,Greek,New Testament
G1425,δυσνόητος,δυσ‐+γινώσκω,,,Greek,New Testament
G1426,δυσφημία,δυσ‐+φημί,,,Greek,New Testament
G1427,δώδεκα,δύο+δέκα,,,Greek,New Testament
G1428,δωδέκατος,δύο+δέκα,,,Greek,New Testament
G1429,δωδεκάφυλον,δύο+δέκα+φύω+φύω,,,Greek,New Testament
G1430,δῶμα,δῶμα,,,Greek,New Testament
G1431,δωρεά,δῶρον,,,Greek,New Testament
G1432,δωρεάν,δῶρον,,,Greek,New Testament
G1433,δωρέομαι,δῶρον,,,Greek,New Testament
G1434,δώρημα,δῶρον,,,Greek,New Testament
G1435,δῶρον,δῶρον,దొరొన్,బహుమానం,Greek,New Testament
G1436,ἔα,ἐάω,,,Greek,New Testament
G1437,ἐάν,εἰ+ἄν,,,Greek,New Testament
G1438,ἑαυτοῦ,ἀήρ,,,Greek,New Testament
G1439,ἐάω,ἐάω,,,Greek,New Testament
G1440,ἑβδομήκοντα,ἑπτά+δέκα,,,Greek,New Testament
G1441,ἑβδομηκοντάκις,ἑπτά+δέκα,,,Greek,New Testament
G1442,ἕβδομος,ἑπτά,,,Greek,New Testament
G1443,Ἐβέρ,Ἐβέρ,,,Greek,New Testament
G1444,Ἑβραϊκός,Ἐβέρ,,,Greek,New Testament
G1445,Ἑβραῖος,Ἐβέρ,,,Greek,New Testament
G1446,Ἑβραΐς,Ἐβέρ,,,Greek,New Testament
G1447,Ἑβραϊστί,Ἐβέρ,,,Greek,New Testament
G1448,ἐγγίζω,ἀγκάλη,,,Greek,New Testament
G1449,ἐγγράφω,εἰς+ἐξ+γράφω,,,Greek,New Testament
G1450,ἔγγυος,εἰς+ἐξ,,,Greek,New Testament
G1451,ἐγγύς,ἀγκάλη,,,Greek,New Testament
G1452,ἐγγύτερον,ἀγκάλη,,,Greek,New Testament
G1453,ἐγείρω,ἐγείρω,ఎగీరొ,లేపు,Greek,New Testament
G1454,ἔγερσις,ἐγείρω,,,Greek,New Testament
G1455,ἐγκάθετος,εἰς+ἐξ+κατά,,,Greek,New Testament
G1456,ἐγκαίνια,εἰς+ἐξ+καινός,,,Greek,New Testament
G1457,ἐγκαινίζω,εἰς+ἐξ+καινός,,,Greek,New Testament
G1458,ἐγκαλέω,εἰς+ἐξ+κελεύω,,,Greek,New Testament
G1459,ἐγκαταλείπω,εἰς+ἐξ+κατά+λείπω,,,Greek,New Testament
G1460,ἐγκατοικέω,εἰς+ἐξ+κατά+οἶκος,,,Greek,New Testament
G1461,ἐγκεντρίζω,εἰς+ἐξ+κέντρον,,,Greek,New Testament
G1462,ἔγκλημα,εἰς+ἐξ+κελεύω,,,Greek,New Testament
G1463,ἐγκομβόομαι,εἰς+ἐξ,,,Greek,New Testament
G1464,ἐγκοπή,εἰς+ἐξ+κόπτω,,,Greek,New Testament
G1465,ἐγκόπτω,εἰς+ἐξ+κόπτω,,,Greek,New Testament
G1466,ἐγκράτεια,εἰς+ἐξ+κράτος,,,Greek,New Testament
G1467,ἐγκρατεύομαι,εἰς+ἐξ+κράτος,,,Greek,New Testament
G1468,ἐγκρατής,εἰς+ἐξ+κράτος,,,Greek,New Testament
G1469,ἐγκρίνω,εἰς+ἐξ+κρίνω,,,Greek,New Testament
G1470,ἐγκρύπτω,εἰς+ἐξ+κρύπτω,,,Greek,New Testament
G1471,ἔγκυος,εἰς+ἐξ+κῦμα,,,Greek,New Testament
G1472,ἐγχρίω,εἰς+ἐξ+χειμών+χάσμα,,,Greek,New Testament
G1473,ἐγώ,ἐγώ,,,Greek,New Testament
G1474,ἐδαφίζω,ἑδραῖος,,,Greek,New Testament
G1475,ἔδαφος,ἑδραῖος,,,Greek,New Testament
G1476,ἑδραῖος,ἑδραῖος,,,Greek,New Testament
G1477,ἑδραίωμα,ἑδραῖος,,,Greek,New Testament
G1478,Ἐζεκίας,Ἐζεκίας,,,Greek,New Testament
G1479,ἐθελοθρησκεία,αἴρω+θροέω,,,Greek,New Testament
G1480,ἐθίζω,ἔθω,,,Greek,New Testament
G1481,ἐθνάρχης,ἔθω+ἄρχω,,,Greek,New Testament
G1482,ἐθνικός,ἔθω,,,Greek,New Testament
G1483,ἐθνικῶς,ἔθω,,,Greek,New Testament
G1484,ἔθνος,ἔθω,ఎథ్నొస్,జాతి,Greek,New Testament
G1485,ἔθος,ἔθω,,,Greek,New Testament
G1486,ἔθω,ἔθω,,,Greek,New Testament
G1487,εἰ,εἰ,,,Greek,New Testament
G1488,εἶ,εἰμί,,,Greek,New Testament
G1489,εἴγε,εἰ+γέ,,,Greek,New Testament
G1490,εἰ δὲ μή(γε),εἰ+δέ+οὐχ+γέ,,,Greek,New Testament
G1491,εἶδος,εἴδω,,,Greek,New Testament
G1492,εἴδω,εἴδω,,,Greek,New Testament
G1493,εἰδωλεῖον,εἴδω,,,Greek,New Testament
G1494,εἰδωλόθυτον,εἴδω+θύω,,,Greek,New Testament
G1495,εἰδωλολατρεία,εἴδω+λατρεύω,,,Greek,New Testament
G1496,εἰδωλολάτρης,εἴδω+λατρεύω,,,Greek,New Testament
G1497,εἴδωλον,εἴδω,,,Greek,New Testament
G1498,εἴην,εἰμί,,,Greek,New Testament
G1499,εἰ καί,εἰ+καί,,,Greek,New Testament
G1500,εἰκῆ,εἴκω,,,Greek,New Testament
G1501,εἴκοσι,εἴκοσι,,,Greek,New Testament
G1502,εἴκω,εἴκω,,,Greek,New Testament
G1503,εἴκω,εἴκω,,,Greek,New Testament
G1504,εἰκών,εἴκω,,,Greek,New Testament
G1505,εἰλικρίνεια,κρίνω,,,Greek,New Testament
G1506,εἰλικρινής,κρίνω,,,Greek,New Testament
G1507,εἱλίσσω,εἱλίσσω,,,Greek,New Testament
G1508,εἰ μή,εἰ+οὐχ,,,Greek,New Testament
G1509,εἰ μή τι,εἰ+οὐχ+τὶς,,,Greek,New Testament
G1510,εἰμί,εἰμί,,,Greek,New Testament
G1511,εἶναι,εἰμί,,,Greek,New Testament
G1512,εἴ περ,εἰ+πέραν,,,Greek,New Testament
G1513,εἴ πως,εἰ+τό,,,Greek,New Testament
G1514,εἰρηνεύω,εἰρήνη,,,Greek,New Testament
G1515,εἰρήνη,εἰρήνη,ఈరేనే,శాంతి,Greek,New Testament
G1516,εἰρηνικός,εἰρήνη,,,Greek,New Testament
G1517,εἰρηνοποιέω,εἰρήνη+ποιέω,,,Greek,New Testament
G1518,εἰρηνοποιός,εἰρήνη+ποιέω,,,Greek,New Testament
G1519,εἰς,εἰς,,,Greek,New Testament
G1520,ἕν,ἕν,,,Greek,New Testament
G1521,εἰσάγω,εἰς+ἄγω,,,Greek,New Testament
G1522,εἰσακούω,εἰς+ἀκούω,,,Greek,New Testament
G1523,εἰσδέχομαι,εἰς+δέχομαι,,,Greek,New Testament
G1524,εἴσειμι,εἰς,,,Greek,New Testament
G1525,εἰσέρχομαι,εἰς+ἔρχομαι,,,Greek,New Testament
G1526,εἰσί,εἰμί,,,Greek,New Testament
G1527,εἷς καθ’ εἷς,ἕν+κατά,,,Greek,New Testament
G1528,εἰσκαλέω,εἰς+κελεύω,,,Greek,New Testament
G1529,εἴσοδος,εἰς+ὁδός,,,Greek,New Testament
G1530,εἰσπηδάω,εἰς,,,Greek,New Testament
G1531,εἰσπορεύομαι,εἰς+πέραν,,,Greek,New Testament
G1532,εἰστρέχω,εἰς+θρίξ,,,Greek,New Testament
G1533,εἰσφέρω,εἰς+φέρω,,,Greek,New Testament
G1534,εἶτα,εἶτα,,,Greek,New Testament
G1535,εἴτε,εἰ+τέ,,,Greek,New Testament
G1536,εἴ τις,εἰ+τὶς,,,Greek,New Testament
G1537,ἐξ,ἐξ,ఎక్,నుండి,Greek,New Testament
G1538,ἕκαστος,ἕκαστος,,,Greek,New Testament
G1539,ἑκάστοτε,ἕκαστος+τό+τό+τέ,,,Greek,New Testament
G1540,ἑκατόν,ἑκατόν,,,Greek,New Testament
G1541,ἑκατονταέτης,ἑκατόν+ἔτος,,,Greek,New Testament
G1542,ἑκατονταπλασίων,ἑκατόν+πλάσσω,,,Greek,New Testament
G1543,ἑκατόνταρχος,ἑκατόν+ἄρχω,,,Greek,New Testament
G1544,ἐκβάλλω,ἐξ+βάλλω,,,Greek,New Testament
G1545,ἔκβασις,ἐξ+βάσις,,,Greek,New Testament
G1546,ἐκβολή,ἐξ+βάλλω,,,Greek,New Testament
G1547,ἐκγαμίζω,ἐξ+γάμος+ἐξ+γάμος,,,Greek,New Testament
G1548,ἐκγαμίσκω,ἐξ+γάμος,,,Greek,New Testament
G1549,ἔκγονον,ἐξ+γίνομαι,,,Greek,New Testament
G1550,ἐκδαπανάω,ἐξ+δαπάνη,,,Greek,New Testament
G1551,ἐκδέχομαι,ἐξ+δέχομαι,,,Greek,New Testament
G1552,ἔκδηλος,ἐξ+δῆλος,,,Greek,New Testament
G1553,ἐκδημέω,ἐξ+δέω,,,Greek,New Testament
G1554,ἐκδίδωμι,ἐξ+δίδωμι,,,Greek,New Testament
G1555,ἐκδιηγέομαι,ἐξ+διά+ἄγω,,,Greek,New Testament
G1556,ἐκδικέω,ἐξ+δεικνύω,,,Greek,New Testament
G1557,ἐκδίκησις,ἐξ+δεικνύω,,,Greek,New Testament
G1558,ἔκδικος,ἐξ+δεικνύω,,,Greek,New Testament
G1559,ἐκδιώκω,ἐξ+διώκω,,,Greek,New Testament
G1560,ἔκδοτος,ἐξ+δίδωμι,,,Greek,New Testament
G1561,ἐκδοχή,ἐξ+δέχομαι,ఎక్దొకే,నిరీక్షణ,Greek,New Testament
G1562,ἐκδύω,ἐξ+δῦμι,,,Greek,New Testament
G1563,ἐκεῖ,ἐκεῖ,,,Greek,New Testament
G1564,ἐκεῖθεν,ἐκεῖ,,,Greek,New Testament
G1565,ἐκεῖνος,ἐκεῖ,,,Greek,New Testament
G1566,ἐκεῖσε,ἐκεῖ,,,Greek,New Testament
G1567,ἐκζητέω,ἐξ+ζητέω,,,Greek,New Testament
G1568,ἐκθαμβέω,ἐξ+θάμβος,,,Greek,New Testament
G1569,ἔκθαμβος,ἐξ+θάμβος,,,Greek,New Testament
G1570,ἔκθετος,ἐξ+τίθημι,,,Greek,New Testament
G1571,ἐκκαθαίρω,ἐξ+καθαρός,,,Greek,New Testament
G1572,ἐκκαίω,ἐξ+καίω,,,Greek,New Testament
G1573,ἐκκακέω,ἐξ+κακός,,,Greek,New Testament
G1574,ἐκκεντέω,ἐξ+κέντρον,,,Greek,New Testament
G1575,ἐκκλάω,ἐξ+κλάω,,,Greek,New Testament
G1576,ἐκκλείω,ἐξ+κλείω,,,Greek,New Testament
G1577,ἐκκλησία,ἐξ+κελεύω,ఎక్క్లేసియా,సంఘం,Greek,New Testament
G1578,ἐκκλίνω,ἐξ+κλίνω,,,Greek,New Testament
G1579,ἐκκολυμβάω,ἐξ+κολυμβάω,,,Greek,New Testament
G1580,ἐκκομίζω,ἐξ+κομίζω,,,Greek,New Testament
G1581,ἐκκόπτω,ἐξ+κόπτω,,,Greek,New Testament
G1582,ἐκκρέμαμαι,ἐξ+κρεμάννυμι,,,Greek,New Testament
G1583,ἐκλαλέω,ἐξ+λαλέω,,,Greek,New Testament
G1584,ἐκλάμπω,ἐξ+λάμπω,,,Greek,New Testament
G1585,ἐκλανθάνομαι,ἐξ+λανθάνω,,,Greek,New Testament
G1586,ἐκλέγομαι,ἐξ+λέγω,,,Greek,New Testament
G1587,ἐκλείπω,ἐξ+λείπω,,,Greek,New Testament
G1588,ἐκλεκτός,ἐξ+λέγω,,,Greek,New Testament
G1589,ἐκλογή,ἐξ+λέγω,,,Greek,New Testament
G1590,ἐκλύω,ἐξ+λύω,,,Greek,New Testament
G1591,ἐκμάσσω,ἐξ+μασσάομαι,,,Greek,New Testament
G1592,ἐκμυκτηρίζω,ἐξ+μυκάομαι,,,Greek,New Testament
G1593,ἐκνεύω,ἐξ+νεύω,,,Greek,New Testament
G1594,ἐκνήφω,ἐξ+νήφω,,,Greek,New Testament
G1595,ἑκούσιον,ἑκών,,,Greek,New Testament
G1596,ἑκουσίως,ἑκών,,,Greek,New Testament
G1597,ἔκπαλαι,ἐξ+βάλλω,,,Greek,New Testament
G1598,ἐκπειράζω,ἐξ+πέραν,,,Greek,New Testament
G1599,ἐκπέμπω,ἐξ+πέμπω,,,Greek,New Testament
G1600,ἐκπετάννυμι,ἐξ+πτάομαι,,,Greek,New Testament
G1601,ἐκπίπτω,ἐξ+πτάομαι,,,Greek,New Testament
G1602,ἐκπλέω,ἐξ+πλύνω,,,Greek,New Testament
G1603,ἐκπληρόω,ἐξ+πλήθω,,,Greek,New Testament
G1604,ἐκπλήρωσις,ἐξ+πλήθω,,,Greek,New Testament
G1605,ἐκπλήσσω,ἐξ+πλάσσω,,,Greek,New Testament
G1606,ἐκπνέω,ἐξ+πνέω,,,Greek,New Testament
G1607,ἐκπορεύομαι,ἐξ+πέραν,,,Greek,New Testament
G1608,ἐκπορνεύω,ἐξ+πράω,,,Greek,New Testament
G1609,ἐκπτύω,ἐξ+πτύσσω,,,Greek,New Testament
G1610,ἐκριζόω,ἐξ+ῥίζα,,,Greek,New Testament
G1611,ἔκστασις,ἐξ+ἵστημι,,,Greek,New Testament
G1612,ἐκστρέφω,ἐξ+τροπή,,,Greek,New Testament
G1613,ἐκταράσσω,ἐξ+ταράσσω,,,Greek,New Testament
G1614,ἐκτείνω,ἐξ,,,Greek,New Testament
G1615,ἐκτελέω,ἐξ+τέλος,,,Greek,New Testament
G1616,ἐκτένεια,ἐξ,,,Greek,New Testament
G1617,ἐκτενέστερον,ἐξ,,,Greek,New Testament
G1618,ἐκτενής,ἐξ,,,Greek,New Testament
G1619,ἐκτενῶς,ἐξ,,,Greek,New Testament
G1620,ἐκτίθημι,ἐξ+τίθημι,,,Greek,New Testament
G1621,ἐκτινάσσω,ἐξ,,,Greek,New Testament
G1622,ἐκτός,ἐξ,,,Greek,New Testament
G1623,ἕκτος,ἕξ,,,Greek,New Testament
G1624,ἐκτρέπω,ἐξ+τροπή,,,Greek,New Testament
G1625,ἐκτρέφω,ἐξ+τρέφω,,,Greek,New Testament
G1626,ἔκτρωμα,ἐξ,,,Greek,New Testament
G1627,ἐκφέρω,ἐξ+φέρω,,,Greek,New Testament
G1628,ἐκφεύγω,ἐξ+φεύγω,,,Greek,New Testament
G1629,ἐκφοβέω,ἐξ+φόβος,,,Greek,New Testament
G1630,ἔκφοβος,ἐξ+φόβος,,,Greek,New Testament
G1631,ἐκφύω,ἐξ+φύω,,,Greek,New Testament
G1632,ἐκχύνω,ἐξ,,,Greek,New Testament
G1633,ἐκχωρέω,ἐξ+χάσμα,,,Greek,New Testament
G1634,ἐκψύχω,ἐξ+ψύχω,,,Greek,New Testament
G1635,ἑκών,ἑκών,,,Greek,New Testament
G1636,ἐλαία,ἐλαία,,,Greek,New Testament
G1637,ἔλαιον,ἐλαία,,,Greek,New Testament
G1638,ἐλαιών,ἐλαία,,,Greek,New Testament
G1639,Ἐλαμίτης,Ἐλαμίτης,,,Greek,New Testament
G1640,ἐλάττων,ἐλάχιστος,,,Greek,New Testament
G1641,ἐλαττονέω,ἐλάχιστος,,,Greek,New Testament
G1642,ἐλαττόω,ἐλάχιστος,,,Greek,New Testament
G1643,ἐλαύνω,ἐλαύνω,,,Greek,New Testament
G1644,ἐλαφρία,ἐλαύνω+ἐλάχιστος,,,Greek,New Testament
G1645,ἐλαφρός,ἐλαύνω+ἐλάχιστος,,,Greek,New Testament
G1646,ἐλάχιστος,ἐλάχιστος,,,Greek,New Testament
G1647,ἐλαχιστότερος,ἐλάχιστος,,,Greek,New Testament
G1648,Ἐλεάζαρ,Ἐλεάζαρ,,,Greek,New Testament
G1649,ἔλεγξις,ἐλέγχω,,,Greek,New Testament
G1650,ἔλεγχος,ἐλέγχω,ఎలెగ్కొస్,రుజువు,Greek,New Testament
G1651,ἐλέγχω,ἐλέγχω,,,Greek,New Testament
G1652,ἐλεεινός,ἔλεος,,,Greek,New Testament
G1653,ἐλεέω,ἔλεος,,,Greek,New Testament
G1654,ἐλεημοσύνη,ἔλεος,ఎలెమొసూనే,దానం,Greek,New Testament
G1655,ἐλεήμων,ἔλεος,,,Greek,New Testament
G1656,ἔλεος,ἔλεος,ఎలెఒస్,కనికరం,Greek,New Testament
G1657,ἐλευθερία,ἔρχομαι,,,Greek,New Testament
G1658,ἐλεύθερος,ἔρχομαι,,,Greek,New Testament
G1659,ἐλευθερόω,ἔρχομαι,,,Greek,New Testament
G1660,ἔλευσις,ἔρχομαι,,,Greek,New Testament
G1661,ἐλεφάντινος,ἐλεφάντινος,,,Greek,New Testament
G1662,Ἐλιακείμ,Ἐλιακείμ,,,Greek,New Testament
G1663,Ἐλιέζερ,Ἐλιέζερ,,,Greek,New Testament
G1664,Ἐλιούδ,Ἐλιούδ,,,Greek,New Testament
G1665,Ἐλισάβετ,Ἐλισάβετ,,,Greek,New Testament
G1666,Ἐλισσαῖος,Ἐλισσαῖος,,,Greek,New Testament
G1667,ἑλίσσω,εἱλίσσω,,,Greek,New Testament
G1668,ἕλκος,αἴρω,,,Greek,New Testament
G1669,ἑλκόω,αἴρω,,,Greek,New Testament
G1670,ἕλκω,αἴρω,,,Greek,New Testament
G1671,Ἑλλάς,Ἑλλάς,,,Greek,New Testament
G1672,Ἕλλην,Ἑλλάς,,,Greek,New Testament
G1673,Ἑλληνικός,Ἑλλάς,,,Greek,New Testament
G1674,Ἑλληνίς,Ἑλλάς,,,Greek,New Testament
G1675,Ἑλληνιστής,Ἑλλάς,,,Greek,New Testament
G1676,Ἑλληνιστί,Ἑλλάς,,,Greek,New Testament
G1677,ἐλλογέω,εἰς+ἐξ+λέγω,,,Greek,New Testament
G1678,Ἐλμωδάμ,Ἐλμωδάμ,,,Greek,New Testament
G1679,ἐλπίζω,ἐλπίς,,,Greek,New Testament
G1680,ἐλπίς,ἐλπίς,ఎల్పీస్,నిరీక్షణ,Greek,New Testament
G1681,Ἐλύμας,Ἐλύμας,,,Greek,New Testament
G1682,ἐλοΐ,ἐλοΐ,,,Greek,New Testament
G1683,ἐμαυτοῦ,μόγις+ἀήρ,,,Greek,New Testament
G1684,ἐμβαίνω,εἰς+ἐξ+βάσις,,,Greek,New Testament
G1685,ἐμβάλλω,εἰς+ἐξ+βάλλω,,,Greek,New Testament
G1686,ἐμβάπτω,εἰς+ἐξ+βάπτω,,,Greek,New Testament
G1687,ἐμβατεύω,εἰς+ἐξ+βάσις,,,Greek,New Testament
G1688,ἐμβιβάζω,εἰς+ἐξ+εἰς+ἐξ+βάσις,,,Greek,New Testament
G1689,ἐμβλέπω,εἰς+ἐξ+βλέπω,,,Greek,New Testament
G1690,ἐμβριμάομαι,εἰς+ἐξ,,,Greek,New Testament
G1691,ἐμέ,μέ,,,Greek,New Testament
G1692,ἐμέω,ἐμέω,,,Greek,New Testament
G1693,ἐμμαίνομαι,εἰς+ἐξ+μαίνομαι,,,Greek,New Testament
G1694,Ἐμμανουήλ,Ἐμμανουήλ,,,Greek,New Testament
G1695,Ἐμμαούς,Ἐμμαούς,,,Greek,New Testament
G1696,ἐμμένω,εἰς+ἐξ+μένω,,,Greek,New Testament
G1697,Ἐμμόρ,Ἐμμόρ,,,Greek,New Testament
G1698,ἐμοί,μοί,,,Greek,New Testament
G1699,ἐμός,ἐγώ+μοί+μόγις+μέ,,,Greek,New Testament
G1700,ἐμοῦ,μόγις,ఎమూ,నాయొక్క,Greek,New Testament
G1701,ἐμπαιγμός,εἰς+ἐξ+παίω,,,Greek,New Testament
G1702,ἐμπαίζω,εἰς+ἐξ+παίω,,,Greek,New Testament
G1703,ἐμπαίκτης,εἰς+ἐξ+παίω,,,Greek,New Testament
G1704,ἐμπεριπατέω,εἰς+ἐξ+πέραν+παίω,,,Greek,New Testament
G1705,ἐμπλήθω,εἰς+ἐξ+πολύς,,,Greek,New Testament
G1706,ἐμπίπτω,εἰς+ἐξ+πτάομαι,,,Greek,New Testament
G1707,ἐμπλέκω,εἰς+ἐξ+πλέκω,,,Greek,New Testament
G1708,ἐμπλοκή,εἰς+ἐξ+πλέκω,,,Greek,New Testament
G1709,ἐμπνέω,εἰς+ἐξ+πνέω,,,Greek,New Testament
G1710,ἐμπορεύομαι,εἰς+ἐξ+πέραν,,,Greek,New Testament
G1711,ἐμπορία,εἰς+ἐξ+πέραν,,,Greek,New Testament
G1712,ἐμπόριον,εἰς+ἐξ+πέραν,,,Greek,New Testament
G1713,ἔμπορος,εἰς+ἐξ+πέραν,,,Greek,New Testament
G1714,ἐμπρήθω,εἰς+ἐξ,,,Greek,New Testament
G1715,ἔμπροσθεν,εἰς+ἐξ+πρό,,,Greek,New Testament
G1716,ἐμπτύω,εἰς+ἐξ+πτύσσω,,,Greek,New Testament
G1717,ἐμφανής,εἰς+ἐξ+φημί,,,Greek,New Testament
G1718,ἐμφανίζω,εἰς+ἐξ+φημί,,,Greek,New Testament
G1719,ἔμφοβος,εἰς+ἐξ+φόβος,,,Greek,New Testament
G1720,ἐμφυσάω,εἰς+ἐξ+φύω,,,Greek,New Testament
G1721,ἔμφυτος,εἰς+ἐξ+φύω,,,Greek,New Testament
G1722,ἐν,εἰς+ἐξ,ఎన్,లో,Greek,New Testament
G1723,ἐναγκαλίζομαι,εἰς+ἐξ+ἀγκάλη,,,Greek,New Testament
G1724,ἐνάλιος,εἰς+ἐξ+ἅλς,,,Greek,New Testament
G1725,ἔναντι,εἰς+ἐξ+ἀντί,,,Greek,New Testament
G1726,ἐναντίον,εἰς+ἐξ+ἀντί,,,Greek,New Testament
G1727,ἐναντίος,εἰς+ἐξ+ἀντί,,,Greek,New Testament
G1728,ἐνάρχομαι,εἰς+ἐξ+ἄρχω,,,Greek,New Testament
G1729,ἐνδεής,εἰς+ἐξ+δέω,,,Greek,New Testament
G1730,ἔνδειγμα,εἰς+ἐξ+δεικνύω,,,Greek,New Testament
G1731,ἐνδείκνυμι,εἰς+ἐξ+δεικνύω,,,Greek,New Testament
G1732,ἔνδειξις,εἰς+ἐξ+δεικνύω,,,Greek,New Testament
G1733,ἕνδεκα,ἕν+δέκα,,,Greek,New Testament
G1734,ἑνδέκατος,ἕν+δέκα,,,Greek,New Testament
G1735,ἐνδέχεται,εἰς+ἐξ+δέχομαι,,,Greek,New Testament
G1736,ἐνδημέω,εἰς+ἐξ+δέω,,,Greek,New Testament
G1737,ἐνδιδύσκω,εἰς+ἐξ+δῦμι,,,Greek,New Testament
G1738,ἔνδικος,εἰς+ἐξ+δεικνύω,,,Greek,New Testament
G1739,ἐνδόμησις,εἰς+ἐξ+δέω,,,Greek,New Testament
G1740,ἐνδοξάζω,εἰς+ἐξ+δοκέω,,,Greek,New Testament
G1741,ἔνδοξος,εἰς+ἐξ+δοκέω,,,Greek,New Testament
G1742,ἔνδυμα,εἰς+ἐξ+δῦμι,,,Greek,New Testament
G1743,ἐνδυναμόω,εἰς+ἐξ+δύναμαι,,,Greek,New Testament
G1744,ἐνδύνω,εἰς+ἐξ+νόμος+δῦμι,,,Greek,New Testament
G1745,ἔνδυσις,εἰς+ἐξ+δῦμι,,,Greek,New Testament
G1746,ἐνδύω,εἰς+ἐξ+δῦμι,,,Greek,New Testament
G1747,ἐνέδρα,εἰς+ἐξ+ἑδραῖος,,,Greek,New Testament
G1748,ἐνεδρεύω,εἰς+ἐξ+ἑδραῖος,,,Greek,New Testament
G1749,ἔνεδρον,εἰς+ἐξ+ἑδραῖος,,,Greek,New Testament
G1750,ἐνειλέω,εἰς+ἐξ+νόμος+εἱλίσσω,,,Greek,New Testament
G1751,ἔνειμι,εἰς+ἐξ+νόμος+εἰμί,,,Greek,New Testament
G1752,εἵνεκεν,εἵνεκεν,,,Greek,New Testament
G1753,ἐνέργεια,εἰς+ἐξ+ἔργον,,,Greek,New Testament
G1754,ἐνεργέω,εἰς+ἐξ+ἔργον,ఎనెర్గెఓ,పనిచేయు,Greek,New Testament
G1755,ἐνέργημα,εἰς+ἐξ+ἔργον,,,Greek,New Testament
G1756,ἐνεργής,εἰς+ἐξ+ἔργον,,,Greek,New Testament
G1757,ἐνευλογέω,εἰς+ἐξ+εὖ+λέγω,,,Greek,New Testament
G1758,ἐνέχω,εἰς+ἐξ+σχέω,,,Greek,New Testament
G1759,ἐνθάδε,εἰς+ἐξ,,,Greek,New Testament
G1760,ἐνθυμέομαι,εἰς+ἐξ+θύω,,,Greek,New Testament
G1761,ἐνθύμησις,εἰς+ἐξ+θύω,,,Greek,New Testament
G1762,ἔνι,εἰς+ἐξ+νόμος+εἰμί,,,Greek,New Testament
G1763,ἐνιαυτός,ἐνιαυτός,,,Greek,New Testament
G1764,ἐνίστημι,εἰς+ἐξ+ἵστημι,,,Greek,New Testament
G1765,ἐνισχύω,εἰς+ἐξ+ἰσχύς,,,Greek,New Testament
G1766,ἔννατος,ἐννέα,,,Greek,New Testament
G1767,ἐννέα,ἐννέα,,,Greek,New Testament
G1768,ἐννενηκονταεννέα,ἐννέα+ἐννέα,,,Greek,New Testament
G1769,ἐννεός,εἰς+ἐξ+νεύω,,,Greek,New Testament
G1770,ἐννεύω,εἰς+ἐξ+νεύω,,,Greek,New Testament
G1771,ἔννοια,εἰς+ἐξ+γινώσκω,,,Greek,New Testament
G1772,ἔννομος,εἰς+ἐξ+νόμος,,,Greek,New Testament
G1773,ἔννυχον,εἰς+ἐξ+νύξ,,,Greek,New Testament
G1774,ἐνοικέω,εἰς+ἐξ+οἶκος,,,Greek,New Testament
G1775,ἑνότης,ἕν,,,Greek,New Testament
G1776,ἐνοχλέω,εἰς+ἐξ+σχέω,,,Greek,New Testament
G1777,ἔνοχος,εἰς+ἐξ+σχέω,,,Greek,New Testament
G1778,ἔνταλμα,εἰς+ἐξ+τέλος,,,Greek,New Testament
G1779,ἐνταφιάζω,εἰς+ἐξ+θάπτω,,,Greek,New Testament
G1780,ἐνταφιασμός,εἰς+ἐξ+θάπτω,,,Greek,New Testament
G1781,ἐντέλλομαι,εἰς+ἐξ+τέλος,,,Greek,New Testament
G1782,ἐντεῦθεν,εἰς+ἐξ,,,Greek,New Testament
G1783,ἔντευξις,εἰς+ἐξ+τυγχάνω,,,Greek,New Testament
G1784,ἔντιμος,εἰς+ἐξ+τίνω,,,Greek,New Testament
G1785,ἐντολή,εἰς+ἐξ+τέλος,ఎన్టొలే,ఆజ్ఞ,Greek,New Testament
G1786,ἐντόπιος,εἰς+ἐξ+τόπος,,,Greek,New Testament
G1787,ἐντός,εἰς+ἐξ,,,Greek,New Testament
G1788,ἐντρέπω,εἰς+ἐξ+τροπή,,,Greek,New Testament
G1789,ἐντρέφω,εἰς+ἐξ+τρέφω,,,Greek,New Testament
G1790,ἔντρομος,εἰς+ἐξ+τρέμω,,,Greek,New Testament
G1791,ἐντροπή,εἰς+ἐξ+τροπή,,,Greek,New Testament
G1792,ἐντρυφάω,εἰς+ἐξ+τρυφή,,,Greek,New Testament
G1793,ἐντυγχάνω,εἰς+ἐξ+τυγχάνω,,,Greek,New Testament
G1794,ἐντυλίσσω,εἰς+ἐξ+εἱλίσσω,,,Greek,New Testament
G1795,ἐντυπόω,εἰς+ἐξ+τύπτω,,,Greek,New Testament
G1796,ἐνυβρίζω,εἰς+ἐξ+ὑπέρ,,,Greek,New Testament
G1797,ἐνυπνιάζομαι,εἰς+ἐξ+ὑπό,,,Greek,New Testament
G1798,ἐνύπνιον,εἰς+ἐξ+ὑπό,,,Greek,New Testament
G1799,ἐνώπιον,εἰς+ἐξ+ὁράω,,,Greek,New Testament
G1800,Ἐνώς,Ἐνώς,,,Greek,New Testament
G1801,ἐνωτίζομαι,εἰς+ἐξ+οὖς,,,Greek,New Testament
G1802,Ἐνώχ,Ἐνώχ,,,Greek,New Testament
G1803,ἕξ,ἕξ,,,Greek,New Testament
G1804,ἐξαγγέλλω,ἐξ+ἄγω,,,Greek,New Testament
G1805,ἐξαγοράζω,ἐξ+ἐγείρω,,,Greek,New Testament
G1806,ἐξάγω,ἐξ+ἄγω,,,Greek,New Testament
G1807,ἐξαιρέω,ἐξ+αἴρω,,,Greek,New Testament
G1808,ἐξαίρω,ἐξ+αἴρω,,,Greek,New Testament
G1809,ἐξαιτέομαι,ἐξ+αἰτέω,,,Greek,New Testament
G1810,ἐξαίφνης,ἐξ+ἄν+φημί,,,Greek,New Testament
G1811,ἐξακολουθέω,ἐξ+ἄν,,,Greek,New Testament
G1812,ἑξακόσιοι,ἕξ+ἑκατόν,,,Greek,New Testament
G1813,ἐξαλείφω,ἐξ+ἄν+λιπαρός,,,Greek,New Testament
G1814,ἐξάλλομαι,ἐξ+ἅλλομαι,,,Greek,New Testament
G1815,ἐξανάστασις,ἐξ+ἀνά+ἵστημι,,,Greek,New Testament
G1816,ἐξανατέλλω,ἐξ+ἀνά+τέλος,,,Greek,New Testament
G1817,ἐξανίστημι,ἐξ+ἀνά+ἵστημι,,,Greek,New Testament
G1818,ἐξαπατάω,ἐξ+ἀπατάω,,,Greek,New Testament
G1819,ἐξάπινα,ἐξ+ἄν+φημί+ἐξ+ἄν+φημί,,,Greek,New Testament
G1820,ἐξαπορέομαι,ἐξ+ἄν+πέραν,,,Greek,New Testament
G1821,ἐξαποστέλλω,ἐξ+ἀπό+ἵστημι,,,Greek,New Testament
G1822,ἐξαρτίζω,ἐξ+αἴρω+αἴρω,,,Greek,New Testament
G1823,ἐξαστράπτω,ἐξ+ἵστημι,,,Greek,New Testament
G1824,ἐξαυτῆς,ἐξ+ἀήρ+ὥρα,,,Greek,New Testament
G1825,ἐξεγείρω,ἐξ+ἐγείρω,,,Greek,New Testament
G1826,ἔξειμι,ἐξ,,,Greek,New Testament
G1827,ἐξελέγχω,ἐξ+ἐλέγχω,,,Greek,New Testament
G1828,ἐξέλκω,ἐξ+αἴρω,,,Greek,New Testament
G1829,ἐξέραμα,ἐξ,,,Greek,New Testament
G1830,ἐξερευνάω,ἐξ+ῥέω,,,Greek,New Testament
G1831,ἐξέρχομαι,ἐξ+ἔρχομαι,,,Greek,New Testament
G1832,ἔξεστι,ἐξ+εἰμί,,,Greek,New Testament
G1833,ἐξετάζω,ἐξ,,,Greek,New Testament
G1834,ἐξηγέομαι,ἐξ+ἄγω,,,Greek,New Testament
G1835,ἑξήκοντα,ἕξ,,,Greek,New Testament
G1836,ἑξῆς,σχέω,,,Greek,New Testament
G1837,ἐξηχέομαι,ἐξ+ἦχος,,,Greek,New Testament
G1838,ἕξις,σχέω,,,Greek,New Testament
G1839,ἐξίστημι,ἐξ+ἵστημι,,,Greek,New Testament
G1840,ἐξισχύω,ἐξ+ἰσχύς,,,Greek,New Testament
G1841,ἔξοδος,ἐξ+ὁδός,,,Greek,New Testament
G1842,ἐξολοθρεύω,ἐξ+ὄλεθρος,,,Greek,New Testament
G1843,ἐξομολογέω,ἐξ+ὁμοῦ+λέγω,,,Greek,New Testament
G1844,ἐξορκίζω,ἐξ+ὅριον,,,Greek,New Testament
G1845,ἐξορκιστής,ἐξ+ὅριον,,,Greek,New Testament
G1846,ἐξορύσσω,ἐξ+ὀρύσσω,,,Greek,New Testament
G1847,ἐξουδενόω,ἐξ+οὐχ+δέ+ἕν,,,Greek,New Testament
G1848,ἐξουθενέω,ἐξ+οὐχ+δέ+ἕν,,,Greek,New Testament
G1849,ἐξουσία,ἐξ+εἰμί,ఎక్సూసియా,అధికారం,Greek,New Testament
G1850,ἐξουσιάζω,ἐξ+εἰμί,,,Greek,New Testament
G1851,ἐξοχή,ἐξ+σχέω,,,Greek,New Testament
G1852,ἐξυπνίζω,ἐξ+ὑπό,,,Greek,New Testament
G1853,ἔξυπνος,ἐξ+ὑπό,,,Greek,New Testament
G1854,ἔξω,ἐξ,,,Greek,New Testament
G1855,ἔξωθεν,ἐξ,,,Greek,New Testament
G1856,ἐξώθω,ἐξ,,,Greek,New Testament
G1857,ἐξώτερος,ἐξ,,,Greek,New Testament
G1858,ἑορτάζω,ἑορτή,,,Greek,New Testament
G1859,ἑορτή,ἑορτή,,,Greek,New Testament
G1860,ἐπαγγελία,ἐπί+ἄγω,,,Greek,New Testament
G1861,ἐπαγγέλλω,ἐπί+ἄγω,,,Greek,New Testament
G1862,ἐπάγγελμα,ἐπί+ἄγω,,,Greek,New Testament
G1863,ἐπάγω,ἐπί+ἄγω,,,Greek,New Testament
G1864,ἐπαγωνίζομαι,ἐπί+ἄγω,,,Greek,New Testament
G1865,ἐπαθροίζω,ἐπί,,,Greek,New Testament
G1866,Ἐπαίνετος,ἐπί+αἶνος,,,Greek,New Testament
G1867,ἐπαινέω,ἐπί+αἶνος,,,Greek,New Testament
G1868,ἔπαινος,ἐπί+αἶνος,,,Greek,New Testament
G1869,ἐπαίρω,ἐπί+αἴρω,,,Greek,New Testament
G1870,ἐπαισχύνομαι,ἐπί+αἰσχύνομαι,,,Greek,New Testament
G1871,ἐπαιτέω,ἐπί+αἰτέω,,,Greek,New Testament
G1872,ἐπακολουθέω,ἐπί+ἄν,,,Greek,New Testament
G1873,ἐπακούω,ἐπί+ἀκούω,,,Greek,New Testament
G1874,ἐπακροάομαι,ἐπί+ἀκούω,,,Greek,New Testament
G1875,ἐπάν,ἐπί+ἄν,,,Greek,New Testament
G1876,ἐπάναγκες,ἐπί+ἀνά+ἀγκάλη,,,Greek,New Testament
G1877,ἐπανάγω,ἐπί+ἀνά+ἄγω,,,Greek,New Testament
G1878,ἐπαναμιμνήσκω,ἐπί+ἀνά+μένω+μασσάομαι,,,Greek,New Testament
G1879,ἐπαναπαύομαι,ἐπί+ἀνά+παύω,,,Greek,New Testament
G1880,ἐπανέρχομαι,ἐπί+ἀνά+ἔρχομαι,,,Greek,New Testament
G1881,ἐπανίσταμαι,ἐπί+ἀνά+ἵστημι,,,Greek,New Testament
G1882,ἐπανόρθωσις,ἐπί+ἀνά+αἴρω+αἴρω,,,Greek,New Testament
G1883,ἐπάνω,ἐπί+ἀντί,,,Greek,New Testament
G1884,ἐπαρκέω,ἐπί+αἴρω,,,Greek,New Testament
G1885,ἐπαρχία,ἐπί+ἄρχω,,,Greek,New Testament
G1886,ἔπαυλις,ἐπί+ἀήρ,,,Greek,New Testament
G1887,ἐπαύριον,ἐπί+ἀήρ,,,Greek,New Testament
G1888,ἐπαυτοφώρῳ,ἐπί+ἀήρ,,,Greek,New Testament
G1889,Ἐπαφρᾶς,ἐπί,,,Greek,New Testament
G1890,ἐπαφρίζω,ἐπί+ἀφρός,,,Greek,New Testament
G1891,Ἐπαφρόδιτος,ἐπί,,,Greek,New Testament
G1892,ἐπεγείρω,ἐπί+ἐγείρω,,,Greek,New Testament
G1893,ἐπεί,ἐπί+εἰ,,,Greek,New Testament
G1894,ἐπειδή,ἐπί+εἰ+δέ,,,Greek,New Testament
G1895,ἐπειδήπερ,ἐπί+εἰ+δέ+πέραν,,,Greek,New Testament
G1896,ἐπεῖδον,ἐπί+εἴδω,,,Greek,New Testament
G1897,ἐπείπερ,ἐπί+εἰ+πέραν,,,Greek,New Testament
G1898,ἐπεισαγωγή,ἐπί+εἰς+ἄγω,,,Greek,New Testament
G1899,ἔπειτα,ἐπί+εἶτα,,,Greek,New Testament
G1900,ἐπέκεινα,ἐπί+ἐκεῖ,,,Greek,New Testament
G1901,ἐπεκτείνομαι,ἐπί+ἐξ,,,Greek,New Testament
G1902,ἐπενδύομαι,ἐπί+εἰς+ἐξ+δῦμι,,,Greek,New Testament
G1903,ἐπενδύτης,ἐπί+εἰς+ἐξ+δῦμι,,,Greek,New Testament
G1904,ἐπέρχομαι,ἐπί+ἔρχομαι,,,Greek,New Testament
G1905,ἐπερωτάω,ἐπί+ῥέω+ῥέω,,,Greek,New Testament
G1906,ἐπερώτημα,ἐπί+ῥέω+ῥέω,,,Greek,New Testament
G1907,ἐπέχω,ἐπί+σχέω,,,Greek,New Testament
G1908,ἐπηρεάζω,ἐπί,,,Greek,New Testament
G1909,ἐπί,ἐπί,,,Greek,New Testament
G1910,ἐπιβαίνω,ἐπί+βάσις,,,Greek,New Testament
G1911,ἐπιβάλλω,ἐπί+βάλλω,,,Greek,New Testament
G1912,ἐπιβαρέω,ἐπί+βάσις+βάσις,,,Greek,New Testament
G1913,ἐπιβιβάζω,ἐπί+βάσις+ἀνά+βάσις,,,Greek,New Testament
G1914,ἐπιβλέπω,ἐπί+βλέπω,,,Greek,New Testament
G1915,ἐπίβλημα,ἐπί+βάλλω,,,Greek,New Testament
G1916,ἐπιβοάω,ἐπί+βοάω,,,Greek,New Testament
G1917,ἐπιβουλή,ἐπί+βούλομαι,,,Greek,New Testament
G1918,ἐπιγαμβρεύω,ἐπί+γάμος,,,Greek,New Testament
G1919,ἐπίγειος,ἐπί+γῆ,,,Greek,New Testament
G1920,ἐπιγίνομαι,ἐπί+γίνομαι,,,Greek,New Testament
G1921,ἐπιγινώσκω,ἐπί+γινώσκω,,,Greek,New Testament
G1922,ἐπίγνωσις,ἐπί+γινώσκω,,,Greek,New Testament
G1923,ἐπιγραφή,ἐπί+γράφω,,,Greek,New Testament
G1924,ἐπιγράφω,ἐπί+γράφω,,,Greek,New Testament
G1925,ἐπιδείκνυμι,ἐπί+δεικνύω,,,Greek,New Testament
G1926,ἐπιδέχομαι,ἐπί+δέχομαι,,,Greek,New Testament
G1927,ἐπιδημέω,ἐπί+δέω,,,Greek,New Testament
G1928,ἐπιδιατάσσομαι,ἐπί+διά+τάσσω,,,Greek,New Testament
G1929,ἐπιδίδωμι,ἐπί+δίδωμι,,,Greek,New Testament
G1930,ἐπιδιορθόω,ἐπί+αἴρω+αἴρω,,,Greek,New Testament
G1931,ἐπιδύω,ἐπί+δῦμι,,,Greek,New Testament
G1932,ἐπιείκεια,ἐπί+εἴκω,,,Greek,New Testament
G1933,ἐπιεικής,ἐπί+εἴκω,,,Greek,New Testament
G1934,ἐπιζητέω,ἐπί+ζητέω,,,Greek,New Testament
G1935,ἐπιθανάτιος,ἐπί+θνήσκω,,,Greek,New Testament
G1936,ἐπίθεσις,ἐπί+τίθημι,,,Greek,New Testament
G1937,ἐπιθυμέω,ἐπί+θύω,,,Greek,New Testament
G1938,ἐπιθυμητής,ἐπί+θύω,,,Greek,New Testament
G1939,ἐπιθυμία,ἐπί+θύω,ఎపిథూమియా,ఆశ,Greek,New Testament
G1940,ἐπικαθίζω,ἐπί+κατά+ἑδραῖος,,,Greek,New Testament
G1941,ἐπικαλέομαι,ἐπί+κελεύω,,,Greek,New Testament
G1942,ἐπικάλυμα,ἐπί+κλέπτω+κρύπτω,,,Greek,New Testament
G1943,ἐπικαλύπτω,ἐπί+κλέπτω+κρύπτω,,,Greek,New Testament
G1944,ἐπικατάρατος,ἐπί+κατά+αἴρω,,,Greek,New Testament
G1945,ἐπίκειμαι,ἐπί+κεῖμαι,,,Greek,New Testament
G1946,Ἐπικούρειος,ἐπί+κοράσιον,,,Greek,New Testament
G1947,ἐπικουρία,ἐπί+κοράσιον,,,Greek,New Testament
G1948,ἐπικρίνω,ἐπί+κρίνω,,,Greek,New Testament
G1949,ἐπιλαμβάνομαι,ἐπί+δέχομαι,,,Greek,New Testament
G1950,ἐπιλανθάνομαι,ἐπί+λανθάνω,,,Greek,New Testament
G1951,ἐπιλέγομαι,ἐπί+λέγω,,,Greek,New Testament
G1952,ἐπιλείπω,ἐπί+λείπω,,,Greek,New Testament
G1953,ἐπιλησμονή,ἐπί+λανθάνω,,,Greek,New Testament
G1954,ἐπίλοιπος,ἐπί+λείπω,,,Greek,New Testament
G1955,ἐπίλυσις,ἐπί+λύω,,,Greek,New Testament
G1956,ἐπιλύω,ἐπί+λύω,,,Greek,New Testament
G1957,ἐπιμαρτυρέω,ἐπί+μάρτυς,,,Greek,New Testament
G1958,ἐπιμέλεια,ἐπί+μέλω,,,Greek,New Testament
G1959,ἐπιμελέομαι,ἐπί+μέλω,,,Greek,New Testament
G1960,ἐπιμελῶς,ἐπί+μέλω,,,Greek,New Testament
G1961,ἐπιμένω,ἐπί+μένω,,,Greek,New Testament
G1962,ἐπινεύω,ἐπί+νεύω,,,Greek,New Testament
G1963,ἐπίνοια,ἐπί+γινώσκω,,,Greek,New Testament
G1964,ἐπιορκέω,ἐπί+ὅριον,,,Greek,New Testament
G1965,ἐπίορκος,ἐπί+ὅριον,,,Greek,New Testament
G1966,ἐπιοῦσα,ἐπί,,,Greek,New Testament
G1967,ἐπιούσιος,ἐπί,,,Greek,New Testament
G1968,ἐπιπίπτω,ἐπί+πτάομαι,,,Greek,New Testament
G1969,ἐπιπλήσσω,ἐπί+πλάσσω,,,Greek,New Testament
G1970,ἐπιπνίγω,ἐπί+πνέω,,,Greek,New Testament
G1971,ἐπιποθέω,ἐπί,,,Greek,New Testament
G1972,ἐπιπόθησις,ἐπί,,,Greek,New Testament
G1973,ἐπιπόθητος,ἐπί+ἐπί,,,Greek,New Testament
G1974,ἐπιποθία,ἐπί,,,Greek,New Testament
G1975,ἐπιπορεύομαι,ἐπί+πέραν,,,Greek,New Testament
G1976,ἐπιῤῥάπτω,ἐπί+ῥαπίζω,,,Greek,New Testament
G1977,ἐπιῤῥίπτω,ἐπί+ῥαπίζω,,,Greek,New Testament
G1978,ἐπίσημος,ἐπί+σημαίνω,,,Greek,New Testament
G1979,ἐπισιτισμός,ἐπί+σῖτα,,,Greek,New Testament
G1980,ἐπισκέπτομαι,ἐπί+σκοπός,,,Greek,New Testament
G1981,ἐπισκηνόω,ἐπί+σκεῦος+σκιά,,,Greek,New Testament
G1982,ἐπισκιάζω,ἐπί+σκιά,,,Greek,New Testament
G1983,ἐπισκοπέω,ἐπί+σκοπός,,,Greek,New Testament
G1984,ἐπισκοπή,ἐπί+σκοπός,,,Greek,New Testament
G1985,ἐπίσκοπος,ἐπί+σκοπός+ἐπί+σκοπός,,,Greek,New Testament
G1986,ἐπισπάομαι,ἐπί+σπάω,,,Greek,New Testament
G1987,ἐπίσταμαι,ἐπί+ἵστημι+γινώσκω,,,Greek,New Testament
G1988,ἐπιστάτης,ἐπί+ἵστημι,,,Greek,New Testament
G1989,ἐπιστέλλω,ἐπί+ἵστημι,,,Greek,New Testament
G1990,ἐπιστήμων,ἐπί+ἵστημι+γινώσκω,,,Greek,New Testament
G1991,ἐπιστηρίζω,ἐπί+ἵστημι+ἵστημι,,,Greek,New Testament
G1992,ἐπιστολή,ἐπί+ἵστημι,,,Greek,New Testament
G1993,ἐπιστομίζω,ἐπί+κόπτω,,,Greek,New Testament
G1994,ἐπιστρέφω,ἐπί+τροπή,,,Greek,New Testament
G1995,ἐπιστροφή,ἐπί+τροπή,,,Greek,New Testament
G1996,ἐπισυνάγω,ἐπί+σύν+ἄγω,,,Greek,New Testament
G1997,ἐπισυναγωγή,ἐπί+σύν+ἄγω,,,Greek,New Testament
G1998,ἐπισυντρέχω,ἐπί+σύν+θρίξ,,,Greek,New Testament
G1999,ἐπισύστασις,ἐπί+σύν+ἵστημι,,,Greek,New Testament
G2000,ἐπισφαλής,ἐπί,,,Greek,New Testament
G2001,ἐπισχύω,ἐπί+ἰσχύς,,,Greek,New Testament
G2002,ἐπισωρεύω,ἐπί+σορός,,,Greek,New Testament
G2003,ἐπιταγή,ἐπί+τάσσω,,,Greek,New Testament
G2004,ἐπιτάσσω,ἐπί+τάσσω,,,Greek,New Testament
G2005,ἐπιτελέω,ἐπί+τέλος,,,Greek,New Testament
G2006,ἐπιτήδειος,ἐπιτήδειος,,,Greek,New Testament
G2007,ἐπιτίθημι,ἐπί+τίθημι,,,Greek,New Testament
G2008,ἐπιτιμάω,ἐπί+τίνω,,,Greek,New Testament
G2009,ἐπιτιμία,ἐπί+τίνω,,,Greek,New Testament
G2010,ἐπιτρέπω,ἐπί+τροπή,,,Greek,New Testament
G2011,ἐπιτροπή,ἐπί+τροπή,,,Greek,New Testament
G2012,ἐπίτροπος,ἐπί+τροπή+ἐπί+τροπή,,,Greek,New Testament
G2013,ἐπιτυγχάνω,ἐπί+τυγχάνω,,,Greek,New Testament
G2014,ἐπιφαίνω,ἐπί+φημί,,,Greek,New Testament
G2015,ἐπιφάνεια,ἐπί+φημί,,,Greek,New Testament
G2016,ἐπιφανής,ἐπί+φημί,,,Greek,New Testament
G2017,ἐπιφαύω,ἐπί+φημί,,,Greek,New Testament
G2018,ἐπιφέρω,ἐπί+φέρω,,,Greek,New Testament
G2019,ἐπιφωνέω,ἐπί+φημί,,,Greek,New Testament
G2020,ἐπιφώσκω,ἐπί+φημί,,,Greek,New Testament
G2021,ἐπιχειρέω,ἐπί+χειμών+χάσμα,,,Greek,New Testament
G2022,ἐπιχέω,ἐπί,,,Greek,New Testament
G2023,ἐπιχορηγέω,ἐπί+χορός+ἄγω,,,Greek,New Testament
G2024,ἐπιχορηγία,ἐπί+χορός+ἄγω,,,Greek,New Testament
G2025,ἐπιχρίω,ἐπί+χειμών+χάσμα,,,Greek,New Testament
G2026,ἐποικοδομέω,ἐπί+οἶκος+δῶμα,,,Greek,New Testament
G2027,ἐποκέλλω,ἐπί,,,Greek,New Testament
G2028,ἐπονομάζω,ἐπί+γινώσκω+ὀνίνημι,,,Greek,New Testament
G2029,ἐποπτεύω,ἐπί+ὁράω,,,Greek,New Testament
G2030,ἐπόπτης,ἐπί+ὁράω,,,Greek,New Testament
G2031,ἔπος,ῥέω+ῥέω+φημί,,,Greek,New Testament
G2032,ἐπουράνιος,ἐπί+αἴρω+αἴρω,,,Greek,New Testament
G2033,ἑπτά,ἑπτά,,,Greek,New Testament
G2034,ἑπτάκις,ἑπτά,,,Greek,New Testament
G2035,ἑπτακισχίλιοι,ἑπτά+χίλιοι,,,Greek,New Testament
G2036,ἔπω,ῥέω+ῥέω+φημί,,,Greek,New Testament
G2037,Ἔραστος,Ἔραστος,,,Greek,New Testament
G2038,ἐργάζομαι,ἔργον,,,Greek,New Testament
G2039,ἐργασία,ἔργον,,,Greek,New Testament
G2040,ἐργάτης,ἔργον,,,Greek,New Testament
G2041,ἔργον,ἔργον,ఎర్గొన్,పని,Greek,New Testament
G2042,ἐρεθίζω,ἔρις,,,Greek,New Testament
G2043,ἐρείδω,ἐρείδω,,,Greek,New Testament
G2044,ἐρεύγομαι,ἐρεύγομαι,,,Greek,New Testament
G2045,ἐρευνάω,ῥέω,,,Greek,New Testament
G2046,ἐρέω,ῥέω,ఎరెఓ,చెప్పు,Greek,New Testament
G2047,ἐρημία,ἔρημος,,,Greek,New Testament
G2048,ἔρημος,ἔρημος,,,Greek,New Testament
G2049,ἐρημόω,ἔρημος,,,Greek,New Testament
G2050,ἐρήμωσις,ἔρημος,,,Greek,New Testament
G2051,ἐρίζω,ἔρις,,,Greek,New Testament
G2052,ἐριθεία,ἔρις,,,Greek,New Testament
G2053,ἔριον,ἔριον,,,Greek,New Testament
G2054,ἔρις,ἔρις,,,Greek,New Testament
G2055,ἐρίφιον,ἔριον,,,Greek,New Testament
G2056,ἔριφος,ἔριον,,,Greek,New Testament
G2057,Ἑρμᾶς,ῥέω,,,Greek,New Testament
G2058,ἑρμηνεία,ῥέω,,,Greek,New Testament
G2059,ἑρμηνεύω,ῥέω,,,Greek,New Testament
G2060,Ἑρμῆς,ῥέω,,,Greek,New Testament
G2061,Ἑρμογένης,ῥέω+γίνομαι,,,Greek,New Testament
G2062,ἑρπετόν,ἑρπετόν,,,Greek,New Testament
G2063,ἐρυθρός,ἐρυθρός,,,Greek,New Testament
G2064,ἔρχομαι,ἔρχομαι,ఎర్కొమై,వచ్చు,Greek,New Testament
G2065,ἐρωτάω,ῥέω+ῥέω,,,Greek,New Testament
G2066,ἐσθής,ἐσθής,,,Greek,New Testament
G2067,ἔσθησις,ἐσθής,,,Greek,New Testament
G2068,ἐσθίω,ἐσθίω,,,Greek,New Testament
G2069,Ἐσλί,Ἐσλί,,,Greek,New Testament
G2070,ἐσμέν,εἰμί,,,Greek,New Testament
G2071,ἔσομαι,εἰμί,,,Greek,New Testament
G2072,ἔσοπτρον,εἰς+ὁράω,,,Greek,New Testament
G2073,ἑσπέρα,ὥρα,,,Greek,New Testament
G2074,Ἐσρώμ,Ἐσρώμ,,,Greek,New Testament
G2075,ἐστέ,εἰμί,,,Greek,New Testament
G2076,ἐστί,εἰμί,,,Greek,New Testament
G2077,ἔστω,εἰμί,,,Greek,New Testament
G2078,ἔσχατος,σχέω,,,Greek,New Testament
G2079,ἐσχάτως,σχέω,,,Greek,New Testament
G2080,ἔσω,εἰς,,,Greek,New Testament
G2081,ἔσωθεν,εἰς,,,Greek,New Testament
G2082,ἐσώτερος,εἰς,,,Greek,New Testament
G2083,ἑταῖρος,ἑταῖρος,,,Greek,New Testament
G2084,ἑτερόγλωσσος,ἕτερος+γλῶσσα,,,Greek,New Testament
G2085,ἑτεροδιδασκαλέω,ἕτερος+διδάσκω,,,Greek,New Testament
G2086,ἑτεροζυγέω,ἕτερος+ζυγός,,,Greek,New Testament
G2087,ἕτερος,ἕτερος,హెటెరొస్,వేరొక,Greek,New Testament
G2088,ἑτέρως,ἕτερος,,,Greek,New Testament
G2089,ἔτι,ἔτος,ఎటి,ఇంకా,Greek,New Testament
G2090,ἑτοιμάζω,ἕτοιμος,,,Greek,New Testament
G2091,ἑτοιμασία,ἕτοιμος,,,Greek,New Testament
G2092,ἕτοιμος,ἕτοιμος,,,Greek,New Testament
G2093,ἑτοίμως,ἕτοιμος,,,Greek,New Testament
G2094,ἔτος,ἔτος,,,Greek,New Testament
G2095,εὖ,εὖ,,,Greek,New Testament
G2096,Εὖα,Εὖα,,,Greek,New Testament
G2097,εὐαγγελίζω,εὖ+ἄγω,,,Greek,New Testament
G2098,εὐαγγέλιον,εὖ+ἄγω,యుఅగ్గెలియన్,సువార్త,Greek,New Testament
G2099,εὐαγγελιστής,εὖ+ἄγω,,,Greek,New Testament
G2100,εὐαρεστέω,εὖ+αἴρω,,,Greek,New Testament
G2101,εὐάρεστος,εὖ+αἴρω,,,Greek,New Testament
G2102,εὐαρέστως,εὖ+αἴρω,,,Greek,New Testament
G2103,Εὔβουλος,εὖ+βούλομαι,,,Greek,New Testament
G2104,εὐγενής,εὖ+γίνομαι,,,Greek,New Testament
G2105,εὐδία,εὖ+Ζεύς,,,Greek,New Testament
G2106,εὐδοκέω,εὖ+δοκέω,,,Greek,New Testament
G2107,εὐδοκία,εὖ+δοκέω,,,Greek,New Testament
G2108,εὐεργεσία,εὖ+ἔργον,,,Greek,New Testament
G2109,εὐεργετέω,εὖ+ἔργον,,,Greek,New Testament
G2110,εὐεργέτης,εὖ+ἔργον,,,Greek,New Testament
G2111,εὔθετος,εὖ+τίθημι,,,Greek,New Testament
G2112,εὐθέως,εὖ+τίθημι,,,Greek,New Testament
G2113,εὐθυδρομέω,εὖ+τίθημι+θρίξ,,,Greek,New Testament
G2114,εὐθυμέω,εὖ+θύω,,,Greek,New Testament
G2115,εὔθυμος,εὖ+θύω,,,Greek,New Testament
G2116,εὐθύνω,εὖ+τίθημι,,,Greek,New Testament
G2117,εὐθύς,εὖ+τίθημι,ఎఊథూస్,వెంటనే,Greek,New Testament
G2118,εὐθύτης,εὖ+τίθημι,,,Greek,New Testament
G2119,εὐκαιρέω,εὖ+καιρός,,,Greek,New Testament
G2120,εὐκαιρία,εὖ+καιρός,,,Greek,New Testament
G2121,εὔκαιρος,εὖ+καιρός,,,Greek,New Testament
G2122,εὐκαίρως,εὖ+καιρός,,,Greek,New Testament
G2123,εὐκοπώτερος,εὖ+κόπτω,,,Greek,New Testament
G2124,εὐλάβεια,εὖ+δέχομαι,,,Greek,New Testament
G2125,εὐλαβέομαι,εὖ+δέχομαι,,,Greek,New Testament
G2126,εὐλαβής,εὖ+δέχομαι,,,Greek,New Testament
G2127,εὐλογέω,εὖ+λέγω,,,Greek,New Testament
G2128,εὐλογητός,εὖ+λέγω,,,Greek,New Testament
G2129,εὐλογία,εὖ+λέγω,,,Greek,New Testament
G2130,εὐμετάδοτος,εὖ+μετά+δίδωμι,,,Greek,New Testament
G2131,Εὐνίκη,εὖ+νίκη,,,Greek,New Testament
G2132,εὐνοέω,εὖ+γινώσκω,,,Greek,New Testament
G2133,εὔνοια,εὖ+γινώσκω,,,Greek,New Testament
G2134,εὐνουχίζω,σχέω,,,Greek,New Testament
G2135,εὐνοῦχος,σχέω,,,Greek,New Testament
G2136,Εὐοδία,εὖ+ὁδός,,,Greek,New Testament
G2137,εὐοδόω,εὖ+ὁδός,,,Greek,New Testament
G2138,εὐπειθής,εὖ+πείθω,,,Greek,New Testament
G2139,εὐπερίστατος,εὖ+πέραν+ἵστημι,,,Greek,New Testament
G2140,εὐποιΐα,εὖ+ποιέω,,,Greek,New Testament
G2141,εὐπορέω,ἕτοιμος+πέραν,,,Greek,New Testament
G2142,εὐπορία,ἕτοιμος+πέραν,,,Greek,New Testament
G2143,εὐπρέπεια,εὖ+πρέπω,,,Greek,New Testament
G2144,εὐπρόσδεκτος,εὖ+πρό+δέχομαι,,,Greek,New Testament
G2145,εὐπρόσεδρος,εὖ+πρό+ἑδραῖος,,,Greek,New Testament
G2146,εὐπροσωπέω,εὖ+πρό+ὁράω,,,Greek,New Testament
G2147,εὑρίσκω,εὑρίσκω,హూరిస్కొ,కనుగొను,Greek,New Testament
G2148,Εὐροκλύδων,κλύδων,,,Greek,New Testament
G2149,εὐρύχωρος,χάσμα,,,Greek,New Testament
G2150,εὐσέβεια,εὖ+σέβομαι,,,Greek,New Testament
G2151,εὐσεβέω,εὖ+σέβομαι,,,Greek,New Testament
G2152,εὐσεβής,εὖ+σέβομαι,,,Greek,New Testament
G2153,εὐσεβῶς,εὖ+σέβομαι,,,Greek,New Testament
G2154,εὔσημος,εὖ+σημαίνω,,,Greek,New Testament
G2155,εὔσπλαγχνος,εὖ+σπλάγχνον,,,Greek,New Testament
G2156,εὐσχημόνως,εὖ+σχέω,,,Greek,New Testament
G2157,εὐσχημοσύνη,εὖ+σχέω,,,Greek,New Testament
G2158,εὐσχήμων,εὖ+σχέω,,,Greek,New Testament
G2159,εὐτόνως,εὖ,,,Greek,New Testament
G2160,εὐτραπελία,εὖ+τροπή,,,Greek,New Testament
G2161,Εὔτυχος,εὖ+τυγχάνω,,,Greek,New Testament
G2162,εὐφημία,εὖ+φημί,,,Greek,New Testament
G2163,εὔφημος,εὖ+φημί,,,Greek,New Testament
G2164,εὐφορέω,εὖ+φέρω,,,Greek,New Testament
G2165,εὐφραίνω,εὖ+φράσσω,,,Greek,New Testament
G2166,Εὐφράτης,Εὐφράτης,,,Greek,New Testament
G2167,εὐφροσύνη,εὖ+φράσσω,,,Greek,New Testament
G2168,εὐχαριστέω,εὖ+χαίρω,,,Greek,New Testament
G2169,εὐχαριστία,εὖ+χαίρω,,,Greek,New Testament
G2170,εὐχάριστος,εὖ+χαίρω,,,Greek,New Testament
G2171,εὐχή,εὔχομαι,,,Greek,New Testament
G2172,εὔχομαι,εὔχομαι,,,Greek,New Testament
G2173,εὔχρηστος,εὖ+χειμών+χάσμα,,,Greek,New Testament
G2174,εὐψυχέω,εὖ+ψύχω,,,Greek,New Testament
G2175,εὐωδία,εὖ+ὄζω,,,Greek,New Testament
G2176,εὐώνυμος,εὖ+γινώσκω+ὀνίνημι,,,Greek,New Testament
G2177,ἐφάλλομαι,ἐπί+ἅλλομαι,,,Greek,New Testament
G2178,ἐφάπαξ,ἐπί+ἄν+πᾶς,,,Greek,New Testament
G2179,Ἐφεσῖνος,Ἔφεσος,,,Greek,New Testament
G2180,Ἐφέσιος,Ἔφεσος,,,Greek,New Testament
G2181,Ἔφεσος,Ἔφεσος,,,Greek,New Testament
G2182,ἐφευρετής,ἐπί+εὑρίσκω,,,Greek,New Testament
G2183,ἐφημερία,ἐπί+ὥρα+ἑδραῖος,,,Greek,New Testament
G2184,ἐφήμερος,ἐπί+ὥρα+ἑδραῖος,,,Greek,New Testament
G2185,ἐφικνέομαι,ἐπί+ἥκω,,,Greek,New Testament
G2186,ἐφίστημι,ἐπί+ἵστημι,,,Greek,New Testament
G2187,Ἐφραίμ,Ἐφραίμ,,,Greek,New Testament
G2188,ἐφφαθά,ἐφφαθά,,,Greek,New Testament
G2189,ἔχθρα,ἐχθρός,,,Greek,New Testament
G2190,ἐχθρός,ἐχθρός,,,Greek,New Testament
G2191,ἔχιδνα,ἔχιδνα,,,Greek,New Testament
G2192,σχέω,σχέω,ఎకొ,కలిగియుండు,Greek,New Testament
G2193,ἕως,ἕως,,,Greek,New Testament
G2194,Ζαβουλών,Ζαβουλών,,,Greek,New Testament
G2195,Ζακχαῖος,Ζακχαῖος,,,Greek,New Testament
G2196,Ζαρά,Ζαρά,జరా,జొరబ్బాబెలు,Greek,New Testament
G2197,Ζαχαρίας,Ζαχαρίας,,,Greek,New Testament
G2198,ζάω,ζάω,జాఓ,జీవించు,Greek,New Testament
G2199,Ζεβεδαῖος,Ζεβεδαῖος,,,Greek,New Testament
G2200,ζεστός,ζέω,,,Greek,New Testament
G2201,ζεῦγος,ζυγός,,,Greek,New Testament
G2202,ζευκτηρία,ζυγός,,,Greek,New Testament
G2203,Ζεύς,Ζεύς,,,Greek,New Testament
G2204,ζέω,ζέω,,,Greek,New Testament
G2205,ζῆλος,ζέω,,,Greek,New Testament
G2206,ζηλόω,ζέω,,,Greek,New Testament
G2207,ζηλωτής,ζέω,,,Greek,New Testament
G2208,Ζηλωτής,ζέω,,,Greek,New Testament
G2209,ζημία,δαμάζω,,,Greek,New Testament
G2210,ζημιόω,δαμάζω,,,Greek,New Testament
G2211,Ζηνᾶς,Ζεύς+δῶρον,,,Greek,New Testament
G2212,ζητέω,ζητέω,జేటెఓ,వెదకు,Greek,New Testament
G2213,ζήτημα,ζητέω,,,Greek,New Testament
G2214,ζήτησις,ζητέω,,,Greek,New Testament
G2215,ζιζάνιον,ζιζάνιον,,,Greek,New Testament
G2216,Ζοροβάβελ,Ζοροβάβελ,,,Greek,New Testament
G2217,ζόφος,νέφος,,,Greek,New Testament
G2218,ζυγός,ζυγός,,,Greek,New Testament
G2219,ζύμη,ζέω,,,Greek,New Testament
G2220,ζυμόω,ζέω,,,Greek,New Testament
G2221,ζωγρέω,ζάω+ἄγω,,,Greek,New Testament
G2222,ζωή,ζάω,జొఎ,జీవం,Greek,New Testament
G2223,ζώνη,ζυγός,,,Greek,New Testament
G2224,ζώννυμι,ζυγός,,,Greek,New Testament
G2225,ζωογονέω,ζάω+γίνομαι,,,Greek,New Testament
G2226,ζῶον,ζάω,,,Greek,New Testament
G2227,ζωοποιέω,ζάω+ποιέω,,,Greek,New Testament
G2228,ἤ,ἤ,,,Greek,New Testament
G2229,ἦ,ἤ+μέν,,,Greek,New Testament
G2230,ἡγεμονεύω,ἄγω,,,Greek,New Testament
G2231,ἡγεμονία,ἄγω,,,Greek,New Testament
G2232,ἡγεμών,ἄγω,,,Greek,New Testament
G2233,ἡγέομαι,ἄγω,,,Greek,New Testament
G2234,ἡδέως,ἡδονή,,,Greek,New Testament
G2235,ἤδη,ἤ+ἤ+μέν+δέ,,,Greek,New Testament
G2236,ἥδιστα,ἡδονή,,,Greek,New Testament
G2237,ἡδονή,ἡδονή,,,Greek,New Testament
G2238,ἡδύοσμον,ἡδονή+ὄζω,,,Greek,New Testament
G2239,ἦθος,ἔθω,,,Greek,New Testament
G2240,ἥκω,ἥκω,,,Greek,New Testament
G2241,ἠλί,ἠλί,,,Greek,New Testament
G2242,Ἡλί,Ἡλί,,,Greek,New Testament
G2243,Ἡλίας,Ἡλίας,,,Greek,New Testament
G2244,ἡλικία,ἡλίκος,,,Greek,New Testament
G2245,ἡλίκος,ἡλίκος,,,Greek,New Testament
G2246,ἥλιος,αἴρω,,,Greek,New Testament
G2247,ἧλος,ἧλος,,,Greek,New Testament
G2248,ἡμᾶς,ἐγώ,,,Greek,New Testament
G2249,ἡμεῖς,ἐγώ,,,Greek,New Testament
G2250,ἡμέρα,ὥρα+ἑδραῖος,హేమెరా,దినం,Greek,New Testament
G2251,ἡμέτερος,θνήσκω,,,Greek,New Testament
G2252,ἤμην,εἰμί,,,Greek,New Testament
G2253,ἡμιθανής,ἅμα+θνήσκω,,,Greek,New Testament
G2254,ἡμῖν,ἐγώ,,,Greek,New Testament
G2255,ἥμισυ,ἅμα,,,Greek,New Testament
G2256,ἡμιώριον,ἅμα+ὥρα,,,Greek,New Testament
G2257,ἡμῶν,ἐγώ,,,Greek,New Testament
G2258,ἦν,εἰμί,,,Greek,New Testament
G2259,ἡνίκα,ἡνίκα,,,Greek,New Testament
G2260,ἤπερ,ἤ+πέραν,,,Greek,New Testament
G2261,ἤπιος,ῥέω+ῥέω+φημί,,,Greek,New Testament
G2262,Ἤρ,Ἤρ,,,Greek,New Testament
G2263,ἤρεμος,ἔρημος,,,Greek,New Testament
G2264,Ἡρώδης,εἴδω,,,Greek,New Testament
G2265,Ἡρωδιανοί,εἴδω,,,Greek,New Testament
G2266,Ἡρωδιάς,εἴδω,,,Greek,New Testament
G2267,Ἡρωδίων,εἴδω,,,Greek,New Testament
G2268,Ἡσαΐας,Ἡσαΐας,,,Greek,New Testament
G2269,Ἠσαῦ,Ἠσαῦ,,,Greek,New Testament
G2270,ἡσυχάζω,ἑδραῖος+σχέω,,,Greek,New Testament
G2271,ἡσυχία,ἑδραῖος+σχέω,,,Greek,New Testament
G2272,ἡσύχιος,ἑδραῖος+σχέω,,,Greek,New Testament
G2273,ἤτοι,ἤ+τό,,,Greek,New Testament
G2274,ἡττάω,κακός,,,Greek,New Testament
G2275,ἥττημα,κακός,,,Greek,New Testament
G2276,ἥττον,κακός,,,Greek,New Testament
G2277,ἤτω,εἰμί,,,Greek,New Testament
G2278,ἠχέω,ἦχος,,,Greek,New Testament
G2279,ἦχος,ἦχος,,,Greek,New Testament
G2280,Θαδδαῖος,Θαδδαῖος,,,Greek,New Testament
G2281,θάλασσα,ἅλς,,,Greek,New Testament
G2282,θάλπω,θάλπω,,,Greek,New Testament
G2283,Θάμαρ,Θάμαρ,,,Greek,New Testament
G2284,θαμβέω,θάμβος,,,Greek,New Testament
G2285,θάμβος,θάμβος,,,Greek,New Testament
G2286,θανάσιμος,θνήσκω,,,Greek,New Testament
G2287,θανατήφορος,θνήσκω+φέρω,,,Greek,New Testament
G2288,θάνατος,θνήσκω,థానాటొస్,మరణం,Greek,New Testament
G2289,θανατόω,θνήσκω,,,Greek,New Testament
G2290,θάπτω,θάπτω,,,Greek,New Testament
G2291,Θάρα,Θάρα,,,Greek,New Testament
G2292,θαῤῥέω,θάρσος,,,Greek,New Testament
G2293,θαρσέω,θάρσος,థార్సెఓ,ధైర్యం కలిగియుండు,Greek,New Testament
G2294,θάρσος,θάρσος,,,Greek,New Testament
G2295,θαῦμα,θεάομαι,,,Greek,New Testament
G2296,θαυμάζω,θεάομαι,థాఊమాజొ,ఆశ్చర్యపడు,Greek,New Testament
G2297,θαυμάσιος,θεάομαι,,,Greek,New Testament
G2298,θαυμαστός,θεάομαι,,,Greek,New Testament
G2299,θεά,θεός,,,Greek,New Testament
G2300,θεάομαι,θεάομαι,,,Greek,New Testament
G2301,θεατρίζω,θεάομαι,,,Greek,New Testament
G2302,θέατρον,θεάομαι,,,Greek,New Testament
G2303,θεῖον,θεός,,,Greek,New Testament
G2304,θεῖος,θεός,,,Greek,New Testament
G2305,θειότης,θεός,,,Greek,New Testament
G2306,θειώδης,θεός,,,Greek,New Testament
G2307,θέλημα,αἴρω,థెలెమా,చిత్తం,Greek,New Testament
G2308,θέλησις,αἴρω,,,Greek,New Testament
G2309,ἐθελέω,αἴρω,థెలొ,కోరు,Greek,New Testament
G2310,θεμέλιος,τίθημι,,,Greek,New Testament
G2311,θεμελιόω,τίθημι,,,Greek,New Testament
G2312,θεοδίδακτος,θεός+διδάσκω,,,Greek,New Testament
G2313,θεομαχέω,θεός+μάχομαι,,,Greek,New Testament
G2314,θεομάχος,θεός+μάχομαι,,,Greek,New Testament
G2315,θεόπνευστος,θεός+πνέω,,,Greek,New Testament
G2316,θεός,θεός,థెఒస్,దేవుడు,Greek,New Testament
G2317,θεοσέβεια,θεός+σέβομαι,,,Greek,New Testament
G2318,θεοσεβής,θεός+σέβομαι,,,Greek,New Testament
G2319,θεοστυγής,θεός+στυγνητός,,,Greek,New Testament
G2320,θεότης,θεός,,,Greek,New Testament
G2321,Θεόφιλος,θεός+φίλος,,,Greek,New Testament
G2322,θεραπεία,θέρος,,,Greek,New Testament
G2323,θεραπεύω,θέρος,థెరాపెఊఓ,స్వస్థపరచు,Greek,New Testament
G2324,θεράπων,θέρος,,,Greek,New Testament
G2325,θερίζω,θέρος,,,Greek,New Testament
G2326,θερισμός,θέρος,,,Greek,New Testament
G2327,θεριστής,θέρος,,,Greek,New Testament
G2328,θερμαίνω,θέρος,,,Greek,New Testament
G2329,θέρμη,θέρος,,,Greek,New Testament
G2330,θέρος,θέρος,,,Greek,New Testament
G2331,Θεσσαλονικεύς,νίκη,,,Greek,New Testament
G2332,Θεσσαλονίκη,νίκη,,,Greek,New Testament
G2333,Θευδᾶς,Θευδᾶς,,,Greek,New Testament
G2334,θεωρέω,θεάομαι+ὁράω,,,Greek,New Testament
G2335,θεωρία,θεάομαι+ὁράω,,,Greek,New Testament
G2336,θήκη,τίθημι,,,Greek,New Testament
G2337,θηλάζω,θηλάζω,,,Greek,New Testament
G2338,θῆλυς,θηλάζω,,,Greek,New Testament
G2339,θήρα,θήρα,,,Greek,New Testament
G2340,θηρεύω,θήρα,,,Greek,New Testament
G2341,θηριομαχέω,θήρα+μάχομαι,,,Greek,New Testament
G2342,θηρίον,θήρα,,,Greek,New Testament
G2343,θησαυρίζω,τίθημι,,,Greek,New Testament
G2344,θησαυρός,τίθημι,,,Greek,New Testament
G2345,θιγγάνω,θιγγάνω,,,Greek,New Testament
G2346,θλίβω,θραύω+τρίζω+θραύω+τρίζω,,,Greek,New Testament
G2347,θλῖψις,θραύω+τρίζω+θραύω+τρίζω,థ్లిప్సిస్,శ్రమ,Greek,New Testament
G2348,θνήσκω,θνήσκω,,,Greek,New Testament
G2349,θνητός,θνήσκω,,,Greek,New Testament
G2350,θορυβέω,θροέω,,,Greek,New Testament
G2351,θόρυβος,θροέω,,,Greek,New Testament
G2352,θραύω,θραύω,,,Greek,New Testament
G2353,θρέμμα,τρέφω,,,Greek,New Testament
G2354,θρηνέω,θροέω,,,Greek,New Testament
G2355,θρῆνος,θροέω,,,Greek,New Testament
G2356,θρησκεία,θροέω,,,Greek,New Testament
G2357,θρησκός,θροέω,,,Greek,New Testament
G2358,θριαμβεύω,θροέω,,,Greek,New Testament
G2359,θρίξ,θρίξ,,,Greek,New Testament
G2360,θροέω,θροέω,,,Greek,New Testament
G2361,θρόμβος,τρέφω,,,Greek,New Testament
G2362,θρόνος,θρόνος,,,Greek,New Testament
G2363,Θυάτειρα,Θυάτειρα,,,Greek,New Testament
G2364,θυγάτηρ,θυγάτηρ,,,Greek,New Testament
G2365,θυγάτριον,θυγάτηρ,,,Greek,New Testament
G2366,θύελλα,θύω,,,Greek,New Testament
G2367,θύϊνος,θύω,,,Greek,New Testament
G2368,θυμίαμα,θύω,,,Greek,New Testament
G2369,θυμιαστήριον,θύω,,,Greek,New Testament
G2370,θυμιάω,θύω,,,Greek,New Testament
G2371,θυμομαχέω,θύω+μάχομαι,,,Greek,New Testament
G2372,θυμός,θύω,థూమొస్,కోపం,Greek,New Testament
G2373,θυμόω,θύω,,,Greek,New Testament
G2374,θύρα,θύρα,థూరా,ద్వారం,Greek,New Testament
G2375,θυρεός,θύρα,,,Greek,New Testament
G2376,θυρίς,θύρα,,,Greek,New Testament
G2377,θυρωρός,θύρα,,,Greek,New Testament
G2378,θυσία,θύω,,,Greek,New Testament
G2379,θυσιαστήριον,θύω,,,Greek,New Testament
G2380,θύω,θύω,థూఓ,బలి అర్పించు,Greek,New Testament
G2381,Θωμᾶς,Θωμᾶς,,,Greek,New Testament
G2382,θώραξ,θώραξ,,,Greek,New Testament
G2383,Ἰάειρος,Ἰάειρος,,,Greek,New Testament
G2384,Ἰακώβ,Ἰακώβ,,,Greek,New Testament
G2385,Ἰάκωβος,Ἰακώβ,,,Greek,New Testament
G2386,ἴαμα,ἰάομαι,,,Greek,New Testament
G2387,Ἰαμβρῆς,Ἰαμβρῆς,,,Greek,New Testament
G2388,Ἰαννά,Ἰαννά,,,Greek,New Testament
G2389,Ἰαννῆς,Ἰαννῆς,,,Greek,New Testament
G2390,ἰάομαι,ἰάομαι,,,Greek,New Testament
G2391,Ἰάρεδ,Ἰάρεδ,,,Greek,New Testament
G2392,ἴασις,ἰάομαι,,,Greek,New Testament
G2393,ἴασπις,ἴασπις,,,Greek,New Testament
G2394,Ἰάσων,ἰάομαι,,,Greek,New Testament
G2395,ἰατρός,ἰάομαι,,,Greek,New Testament
G2396,ἴδε,εἴδω,,,Greek,New Testament
G2397,ἰδέα,εἴδω,,,Greek,New Testament
G2398,ἴδιος,ἴδιος,ఈదియొస్,సొంత,Greek,New Testament
G2399,ἰδιώτης,ἴδιος,,,Greek,New Testament
G2400,ἰδού,εἴδω,,,Greek,New Testament
G2401,Ἰδουμαία,Ἰδουμαία,,,Greek,New Testament
G2402,ἱδρώς,ἱδρώς,,,Greek,New Testament
G2403,Ἰεζαβήλ,Ἰεζαβήλ,,,Greek,New Testament
G2404,Ἱεράπολις,ἱερός+πόλεμος+πολύς,,,Greek,New Testament
G2405,ἱερατεία,ἱερός,,,Greek,New Testament
G2406,ἱεράτευμα,ἱερός,,,Greek,New Testament
G2407,ἱερατεύω,ἱερός,,,Greek,New Testament
G2408,Ἱερεμίας,Ἱερεμίας,,,Greek,New Testament
G2409,ἱερεύς,ἱερός,,,Greek,New Testament
G2410,Ἱεριχώ,Ἱεριχώ,,,Greek,New Testament
G2411,ἱερόν,ἱερός,,,Greek,New Testament
G2412,ἱεροπρεπής,ἱερός+πρέπω,,,Greek,New Testament
G2413,ἱερός,ἱερός,,,Greek,New Testament
G2414,Ἱεροσόλυμα,Ἱεροσόλυμα,,,Greek,New Testament
G2415,Ἱεροσολυμίτης,Ἱεροσόλυμα,,,Greek,New Testament
G2416,ἱεροσυλέω,ἱερός+αἴρω+σκύλλω,,,Greek,New Testament
G2417,ἱερόσυλος,ἱερός+αἴρω+σκύλλω,,,Greek,New Testament
G2418,ἱερουργέω,ἱερός+ἔργον,,,Greek,New Testament
G2419,Ἱερουσαλήμ,Ἱερουσαλήμ,,,Greek,New Testament
G2420,ἱερωσύνη,ἱερός,,,Greek,New Testament
G2421,Ἰεσσαί,Ἰεσσαί,,,Greek,New Testament
G2422,Ἰεφθάε,Ἰεφθάε,,,Greek,New Testament
G2423,Ἰεχονίας,Ἰεχονίας,,,Greek,New Testament
G2424,Ἰησοῦς,Ἰησοῦς,యేసూస్,యేసు,Greek,New Testament
G2425,ἱκανός,ἥκω,,,Greek,New Testament
G2426,ἱκανότης,ἥκω,,,Greek,New Testament
G2427,ἱκανόω,ἥκω,,,Greek,New Testament
G2428,ἱκετηρία,ἥκω,,,Greek,New Testament
G2429,ἱκμάς,ἱκμάς,,,Greek,New Testament
G2430,Ἰκόνιον,εἴκω,,,Greek,New Testament
G2431,ἱλαρός,αἴρω,,,Greek,New Testament
G2432,ἱλαρότης,αἴρω,,,Greek,New Testament
G2433,ἱλάσκομαι,αἴρω,,,Greek,New Testament
G2434,ἱλασμός,ἱλασμός,,,Greek,New Testament
G2435,ἱλαστήριον,αἴρω,హిలాస్టేరియొన్,ప్రాయశ్చిత్తం,Greek,New Testament
G2436,ἵλεως,αἴρω,,,Greek,New Testament
G2437,Ἰλλυρικόν,Ἰλλυρικόν,,,Greek,New Testament
G2438,ἱμάς,ἅμα,,,Greek,New Testament
G2439,ἱματίζω,ἱμάτιον,,,Greek,New Testament
G2440,ἱμάτιον,ἱμάτιον,,,Greek,New Testament
G2441,ἱματισμός,ἱμάτιον,,,Greek,New Testament
G2442,ἱμείρομαι,ἱμείρομαι,,,Greek,New Testament
G2443,ἵνα,ἀήρ+τό,,,Greek,New Testament
G2444,ἱνατί,ἀήρ+τό+τὶς,,,Greek,New Testament
G2445,Ἰόππη,Ἰόππη,,,Greek,New Testament
G2446,Ἰορδάνης,Ἰορδάνης,,,Greek,New Testament
G2447,ἰός,ἰός,,,Greek,New Testament
G2448,Ἰουδά,Ἰουδά,,,Greek,New Testament
G2449,Ἰουδαία,Ἰουδά+Ἰούδας+γῆ,,,Greek,New Testament
G2450,Ἰουδαΐζω,Ἰουδά+Ἰούδας,,,Greek,New Testament
G2451,Ἰουδαϊκός,Ἰουδά+Ἰούδας,,,Greek,New Testament
G2452,Ἰουδαϊκῶς,Ἰουδά+Ἰούδας,,,Greek,New Testament
G2453,Ἰουδαῖος,Ἰουδά+Ἰούδας,,,Greek,New Testament
G2454,Ἰουδαϊσμός,Ἰουδά+Ἰούδας,,,Greek,New Testament
G2455,Ἰούδας,Ἰούδας,,,Greek,New Testament
G2456,Ἰουλία,Ἰούλιος,,,Greek,New Testament
G2457,Ἰούλιος,Ἰούλιος,,,Greek,New Testament
G2458,Ἰουνιᾶς,Ἰουνιᾶς,,,Greek,New Testament
G2459,Ἰοῦστος,Ἰοῦστος,,,Greek,New Testament
G2460,ἱππεύς,ἵππος,,,Greek,New Testament
G2461,ἱππικόν,ἵππος,,,Greek,New Testament
G2462,ἵππος,ἵππος,,,Greek,New Testament
G2463,ἶρις,ῥέω,,,Greek,New Testament
G2464,Ἰσαάκ,Ἰσαάκ,,,Greek,New Testament
G2465,ἰσάγγελος,εἴδω+ἄγω,,,Greek,New Testament
G2466,Ἰσαχάρ,Ἰσαχάρ,,,Greek,New Testament
G2467,ἴσημι,εἴδω,,,Greek,New Testament
G2468,ἴσθι,εἰμί,,,Greek,New Testament
G2469,Ἰσκαριώτης,Ἰσκαριώτης,,,Greek,New Testament
G2470,ἴσος,εἴδω,,,Greek,New Testament
G2471,ἰσότης,ἰσότης,,,Greek,New Testament
G2472,ἰσότιμος,εἴδω+τίνω,,,Greek,New Testament
G2473,ἰσόψυχος,εἴδω+ψύχω,,,Greek,New Testament
G2474,Ἰσραήλ,Ἰσραήλ,ఇస్రాఎల్,ఇశ్రాయేలు,Greek,New Testament
G2475,Ἰσραηλίτης,Ἰσραήλ,,,Greek,New Testament
G2476,ἵστημι,ἵστημι,హిస్టేమి,నిలబెట్టు,Greek,New Testament
G2477,ἱστορέω,εἴδω,,,Greek,New Testament
G2478,ἰσχυρός,ἰσχύς,,,Greek,New Testament
G2479,ἰσχύς,ἰσχύς,ఇస్కూస్,బలం,Greek,New Testament
G2480,ἰσχύω,ἰσχύς,,,Greek,New Testament
G2481,ἴσως,εἴδω,,,Greek,New Testament
G2482,Ἰταλία,Ἰταλία,,,Greek,New Testament
G2483,Ἰταλικός,Ἰταλία,,,Greek,New Testament
G2484,Ἰτουραΐα,Ἰτουραΐα,,,Greek,New Testament
G2485,ἰχθύδιον,ἰχθύς,,,Greek,New Testament
G2486,ἰχθύς,ἰχθύς,,,Greek,New Testament
G2487,ἴχνος,ἥκω,,,Greek,New Testament
G2488,Ἰωάθαμ,Ἰωάθαμ,,,Greek,New Testament
G2489,Ἰωάννα,Ἰωάννης,,,Greek,New Testament
G2490,Ἰωαννᾶς,Ἰωάννης,,,Greek,New Testament
G2491,Ἰωάννης,Ἰωάννης,,,Greek,New Testament
G2492,Ἰώβ,Ἰώβ,,,Greek,New Testament
G2493,Ἰωήλ,Ἰωήλ,,,Greek,New Testament
G2494,Ἰωνάν,Ἰωάννης+Ἰωνᾶς,,,Greek,New Testament
G2495,Ἰωνᾶς,Ἰωνᾶς,,,Greek,New Testament
G2496,Ἰωράμ,Ἰωράμ,,,Greek,New Testament
G2497,Ἰωρείμ,Ἰωράμ,,,Greek,New Testament
G2498,Ἰωσαφάτ,Ἰωσαφάτ,,,Greek,New Testament
G2499,Ἰωσή,Ἰωσήφ,,,Greek,New Testament
G2500,Ἰωσῆς,Ἰωσήφ,,,Greek,New Testament
G2501,Ἰωσήφ,Ἰωσήφ,,,Greek,New Testament
G2502,Ἰωσίας,Ἰωσίας,,,Greek,New Testament
G2503,ἰῶτα,ἰῶτα,,,Greek,New Testament
G2504,κἀγώ,καί+ἐγώ,,,Greek,New Testament
G2505,καθά,κατά+τό,,,Greek,New Testament
G2506,καθαίρεσις,κατά+αἴρω,,,Greek,New Testament
G2507,καθαιρέω,κατά+αἴρω,,,Greek,New Testament
G2508,καθαίρω,καθαρός,,,Greek,New Testament
G2509,καθάπερ,κατά+τό+πέραν,,,Greek,New Testament
G2510,καθάπτω,κατά+ἅπτω,,,Greek,New Testament
G2511,καθαρίζω,καθαρός,,,Greek,New Testament
G2512,καθαρισμός,καθαρός,,,Greek,New Testament
G2513,καθαρός,καθαρός,,,Greek,New Testament
G2514,καθαρότης,καθαρός,,,Greek,New Testament
G2515,καθέδρα,κατά+ἑδραῖος,,,Greek,New Testament
G2516,καθέζομαι,κατά+ἑδραῖος,,,Greek,New Testament
G2517,καθεξῆς,κατά+σχέω,,,Greek,New Testament
G2518,καθεύδω,κατά,,,Greek,New Testament
G2519,καθηγητής,κατά+ἄγω,,,Greek,New Testament
G2520,καθήκω,κατά+ἥκω,,,Greek,New Testament
G2521,κάθημαι,κατά,,,Greek,New Testament
G2522,καθημερινός,κατά+ὥρα+ἑδραῖος,,,Greek,New Testament
G2523,καθίζω,κατά+ἑδραῖος,,,Greek,New Testament
G2524,καθίημι,κατά,,,Greek,New Testament
G2525,καθίστημι,κατά+ἵστημι,,,Greek,New Testament
G2526,καθό,κατά+τό,,,Greek,New Testament
G2527,καθόλου,κατά+ὅλος,,,Greek,New Testament
G2528,καθοπλίζω,κατά,,,Greek,New Testament
G2529,καθοράω,κατά+ὁράω,,,Greek,New Testament
G2530,καθότι,κατά,,,Greek,New Testament
G2531,καθώς,κατά+τό,,,Greek,New Testament
G2532,καί,καί,,,Greek,New Testament
G2533,Καϊάφας,Καϊάφας,,,Greek,New Testament
G2534,καίγε,καί+γέ,,,Greek,New Testament
G2535,Κάϊν,Κάϊν,,,Greek,New Testament
G2536,Καϊνάν,Καϊνάν,,,Greek,New Testament
G2537,καινός,καινός,,,Greek,New Testament
G2538,καινότης,καινός,,,Greek,New Testament
G2539,καίπερ,καί+πέραν,,,Greek,New Testament
G2540,καιρός,καιρός,కైరొస్,సమయం,Greek,New Testament
G2541,Καῖσαρ,Καῖσαρ,,,Greek,New Testament
G2542,Καισάρεια,Καῖσαρ,,,Greek,New Testament
G2543,καίτοι,καί+τό,,,Greek,New Testament
G2544,καίτοιγε,καί+τό+γέ,,,Greek,New Testament
G2545,καίω,καίω,,,Greek,New Testament
G2546,κἀκεῖ,καί+ἐκεῖ,,,Greek,New Testament
G2547,κἀκεῖθεν,καί+ἐκεῖ,,,Greek,New Testament
G2548,κἀκεῖνος,καί+ἐκεῖ,,,Greek,New Testament
G2549,κακία,κακός,,,Greek,New Testament
G2550,κακοήθεια,κακός+ἔθω,,,Greek,New Testament
G2551,κακολογέω,κακός+λέγω,,,Greek,New Testament
G2552,κακοπάθεια,κακός+πένθω,,,Greek,New Testament
G2553,κακοπαθέω,κακός+πένθω,,,Greek,New Testament
G2554,κακοποιέω,κακός+ποιέω,,,Greek,New Testament
G2555,κακοποιός,κακός+ποιέω,,,Greek,New Testament
G2556,κακός,κακός,కాకొస్,చెడ్డ,Greek,New Testament
G2557,κακοῦργος,κακός+ἔργον,,,Greek,New Testament
G2558,κακουχέω,κακός+σχέω,,,Greek,New Testament
G2559,κακόω,κακός,,,Greek,New Testament
G2560,κακῶς,κακός,,,Greek,New Testament
G2561,κάκωσις,κακός,,,Greek,New Testament
G2562,καλάμη,κάλαμος,,,Greek,New Testament
G2563,κάλαμος,κάλαμος,,,Greek,New Testament
G2564,καλέω,κελεύω,కాలెఓ,పిలుచు,Greek,New Testament
G2565,καλλιέλαιος,καλός+ἐλαία,,,Greek,New Testament
G2566,καλλίον,καλός,,,Greek,New Testament
G2567,καλοδιδάσκαλος,καλός+διδάσκω,,,Greek,New Testament
G2568,Καλοὶ Λιμένες,καλός+λιμήν,,,Greek,New Testament
G2569,καλοποιέω,καλός+ποιέω,,,Greek,New Testament
G2570,καλός,καλός,,,Greek,New Testament
G2571,κάλυμα,κλέπτω+κρύπτω,,,Greek,New Testament
G2572,καλύπτω,κλέπτω+κρύπτω,,,Greek,New Testament
G2573,καλῶς,καλός,,,Greek,New Testament
G2574,κάμηλος,κάμηλος,,,Greek,New Testament
G2575,κάμινος,καίω,,,Greek,New Testament
G2576,καμμύω,κατά+μυστήριον,,,Greek,New Testament
G2577,κάμνω,κάμνω,,,Greek,New Testament
G2578,κάμπτω,κάμπτω,,,Greek,New Testament
G2579,κἄν,καί+εἰ+ἄν,,,Greek,New Testament
G2580,Κανᾶ,Κανᾶ,,,Greek,New Testament
G2581,Κανανίτης,Κανανίτης,,,Greek,New Testament
G2582,Κανδάκη,Κανδάκη,,,Greek,New Testament
G2583,κανών,κανών,,,Greek,New Testament
G2584,Καπερναούμ,Καπερναούμ,,,Greek,New Testament
G2585,καπηλεύω,καπηλεύω,,,Greek,New Testament
G2586,καπνός,καπνός,,,Greek,New Testament
G2587,Καππαδοκία,Καππαδοκία,,,Greek,New Testament
G2588,καρδία,καρδία,కార్దియా,హృదయం,Greek,New Testament
G2589,καρδιογνώστης,καρδία+γινώσκω,,,Greek,New Testament
G2590,καρπός,αἴρω,,,Greek,New Testament
G2591,Κάρπος,αἴρω,,,Greek,New Testament
G2592,καρποφορέω,αἴρω+φέρω,,,Greek,New Testament
G2593,καρποφόρος,αἴρω+φέρω,,,Greek,New Testament
G2594,καρτερέω,κράτος,,,Greek,New Testament
G2595,κάρφος,κάρφος,,,Greek,New Testament
G2596,κατά,κατά,కాటా,ప్రకారం,Greek,New Testament
G2597,καταβαίνω,κατά+βάσις,,,Greek,New Testament
G2598,καταβάλλω,κατά+βάλλω,,,Greek,New Testament
G2599,καταβαρέω,κατά+βάσις+βάσις,,,Greek,New Testament
G2600,κατάβασις,κατά+βάσις,,,Greek,New Testament
G2601,καταβιβάζω,κατά+βάσις,,,Greek,New Testament
G2602,καταβολή,κατά+βάλλω,,,Greek,New Testament
G2603,καταβραβεύω,κατά+βραβεῖον,,,Greek,New Testament
G2604,καταγγελεύς,κατά+ἄγω,,,Greek,New Testament
G2605,καταγγέλλω,κατά+ἄγω,,,Greek,New Testament
G2606,καταγελάω,καταγελάω,,,Greek,New Testament
G2607,καταγινώσκω,κατά+γινώσκω,,,Greek,New Testament
G2608,κατάγνυμι,κατά,,,Greek,New Testament
G2609,κατάγω,κατά+ἄγω,,,Greek,New Testament
G2610,καταγωνίζομαι,κατά+ἄγω,,,Greek,New Testament
G2611,καταδέω,κατά+δέω,,,Greek,New Testament
G2612,κατάδηλος,κατά+δῆλος,,,Greek,New Testament
G2613,καταδικάζω,κατά+δεικνύω,,,Greek,New Testament
G2614,καταδιώκω,κατά+διώκω,,,Greek,New Testament
G2615,καταδουλόω,κατά+δέω,,,Greek,New Testament
G2616,καταδυναστεύω,κατά+δύναμαι,,,Greek,New Testament
G2617,καταισχύνω,κατά+αἰσχύνομαι,,,Greek,New Testament
G2618,κατακαίω,κατά+καίω,,,Greek,New Testament
G2619,κατακαλύπτω,κατά+κλέπτω+κρύπτω,,,Greek,New Testament
G2620,κατακαυχάομαι,κατά+εὔχομαι,,,Greek,New Testament
G2621,κατάκειμαι,κατά+κεῖμαι,,,Greek,New Testament
G2622,κατακλάω,κατά+κλάω,,,Greek,New Testament
G2623,κατακλείω,κατά+κλείω,,,Greek,New Testament
G2624,κατακληροδοτέω,κατά+κλάω+δίδωμι,,,Greek,New Testament
G2625,κατακλίνω,κατά+κλίνω,,,Greek,New Testament
G2626,κατακλύζω,κατά+κλύδων,,,Greek,New Testament
G2627,κατακλυσμός,κατά+κλύδων,,,Greek,New Testament
G2628,κατακολουθέω,κατά+ἄν,,,Greek,New Testament
G2629,κατακόπτω,κατά+κόπτω,,,Greek,New Testament
G2630,κατακρημνίζω,κατά+κρεμάννυμι,,,Greek,New Testament
G2631,κατάκριμα,κατά+κρίνω,,,Greek,New Testament
G2632,κατακρίνω,κατά+κρίνω,కాటాక్రినొ,ఖండించు,Greek,New Testament
G2633,κατάκρισις,κατά+κρίνω,,,Greek,New Testament
G2634,κατακυριεύω,κατά+κύριος,,,Greek,New Testament
G2635,καταλαλέω,κατά+λαλέω,,,Greek,New Testament
G2636,καταλαλία,κατά+λαλέω,,,Greek,New Testament
G2637,κατάλαλος,κατά+λαλέω,,,Greek,New Testament
G2638,καταλαμβάνω,κατά+δέχομαι,,,Greek,New Testament
G2639,καταλέγω,κατά+λέγω,,,Greek,New Testament
G2640,κατάλειμμα,κατά+λείπω,,,Greek,New Testament
G2641,καταλείπω,κατά+λείπω,,,Greek,New Testament
G2642,καταλιθάζω,κατά+λίθος,,,Greek,New Testament
G2643,καταλλαγή,κατά+ἄλλος,,,Greek,New Testament
G2644,καταλλάσσω,κατά+ἄλλος,,,Greek,New Testament
G2645,κατάλοιπος,κατά+λείπω,,,Greek,New Testament
G2646,κατάλυμα,κατά+λύω,,,Greek,New Testament
G2647,καταλύω,κατά+λύω,,,Greek,New Testament
G2648,καταμανθάνω,κατά+μανθάνω,,,Greek,New Testament
G2649,καταμαρτυρέω,κατά+μάρτυς,,,Greek,New Testament
G2650,καταμένω,κατά+μένω,,,Greek,New Testament
G2651,καταμόνας,κατά+μένω+χάσμα,,,Greek,New Testament
G2652,κατανάθεμα,κατά+ἀνά+τίθημι,,,Greek,New Testament
G2653,καταναθεματίζω,κατά+ἀνά+τίθημι,,,Greek,New Testament
G2654,καταναλίσκω,κατά+ἀνά+αἴρω,,,Greek,New Testament
G2655,καταναρκάω,κατά,,,Greek,New Testament
G2656,κατανεύω,κατά+νεύω,,,Greek,New Testament
G2657,κατανοέω,κατά+γινώσκω,,,Greek,New Testament
G2658,καταντάω,κατά+ἀντί,,,Greek,New Testament
G2659,κατάνυξις,κατά+νύσσω,,,Greek,New Testament
G2660,κατανύσσω,κατά+νύσσω,,,Greek,New Testament
G2661,καταξιόω,κατά+ἄγω,,,Greek,New Testament
G2662,καταπατέω,κατά+παίω,,,Greek,New Testament
G2663,κατάπαυσις,κατά+παύω,,,Greek,New Testament
G2664,καταπαύω,κατά+παύω,,,Greek,New Testament
G2665,καταπέτασμα,κατά+πτάομαι,,,Greek,New Testament
G2666,καταπίνω,κατά+πίνω,,,Greek,New Testament
G2667,καταπίπτω,κατά+πτάομαι,,,Greek,New Testament
G2668,καταπλέω,κατά+πλύνω,,,Greek,New Testament
G2669,καταπονέω,κατά+πένης,,,Greek,New Testament
G2670,καταποντίζω,κατά+Πόντος,,,Greek,New Testament
G2671,κατάρα,κατά+αἴρω,,,Greek,New Testament
G2672,καταράομαι,κατά+αἴρω,,,Greek,New Testament
G2673,καταργέω,κατά+ἄν+ἔργον,,,Greek,New Testament
G2674,καταριθμέω,κατά+αἴρω,,,Greek,New Testament
G2675,καταρτίζω,κατά+αἴρω+αἴρω,,,Greek,New Testament
G2676,κατάρτισις,κατά+αἴρω+αἴρω,,,Greek,New Testament
G2677,καταρτισμός,κατά+αἴρω+αἴρω,,,Greek,New Testament
G2678,κατασείω,κατά+σείω,,,Greek,New Testament
G2679,κατασκάπτω,κατά+σκάπτω,,,Greek,New Testament
G2680,κατασκευάζω,κατά+σκεῦος,,,Greek,New Testament
G2681,κατασκηνόω,κατά+σκεῦος+σκιά,,,Greek,New Testament
G2682,κατασκήνωσις,κατά+σκεῦος+σκιά,,,Greek,New Testament
G2683,κατασκιάζω,κατά+σκιά,,,Greek,New Testament
G2684,κατασκοπέω,κατά+σκοπός,,,Greek,New Testament
G2685,κατάσκοπος,κατά+σκοπός,,,Greek,New Testament
G2686,κατασοφίζομαι,κατά+σοφός,,,Greek,New Testament
G2687,καταστέλλω,κατά+ἵστημι,,,Greek,New Testament
G2688,κατάστημα,κατά+ἵστημι,,,Greek,New Testament
G2689,καταστολή,κατά+ἵστημι,,,Greek,New Testament
G2690,καταστρέφω,κατά+τροπή,,,Greek,New Testament
G2691,καταστρηνιάω,κατά+ἵστημι,,,Greek,New Testament
G2692,καταστροφή,κατά+τροπή,,,Greek,New Testament
G2693,καταστρώννυμι,κατά+ἵστημι,,,Greek,New Testament
G2694,κατασύρω,κατά+αἴρω,,,Greek,New Testament
G2695,κατασφάττω,κατά+σφάζω,,,Greek,New Testament
G2696,κατασφραγίζω,κατά+φράσσω,,,Greek,New Testament
G2697,κατάσχεσις,κατά+σχέω,,,Greek,New Testament
G2698,κατατίθημι,κατά+τίθημι,,,Greek,New Testament
G2699,κατατομή,κατά,,,Greek,New Testament
G2700,κατατοξεύω,κατά+τίκτω,,,Greek,New Testament
G2701,κατατρέχω,κατά+θρίξ,,,Greek,New Testament
G2702,καταφέρω,κατά+φέρω,,,Greek,New Testament
G2703,καταφεύγω,κατά+φεύγω,,,Greek,New Testament
G2704,καταφθείρω,κατά+φθείρω,,,Greek,New Testament
G2705,καταφιλέω,καταφιλέω,,,Greek,New Testament
G2706,καταφρονέω,κατά+φράσσω,,,Greek,New Testament
G2707,καταφροντής,κατά+φράσσω,,,Greek,New Testament
G2708,καταχέω,κατά,,,Greek,New Testament
G2709,καταχθόνιος,κατά,,,Greek,New Testament
G2710,καταχράομαι,κατά+χειμών+χάσμα,,,Greek,New Testament
G2711,καταψύχω,κατά+ψύχω,,,Greek,New Testament
G2712,κατείδωλος,κατά+εἴδω,,,Greek,New Testament
G2713,κατέναντι,κατά+εἰς+ἐξ+ἀντί,,,Greek,New Testament
G2714,κατενώπιον,κατά+εἰς+ἐξ+ὁράω,,,Greek,New Testament
G2715,κατεξουσιάζω,κατά+ἐξ+εἰμί,,,Greek,New Testament
G2716,κατεργάζομαι,κατά+ἔργον,,,Greek,New Testament
G2718,κατέρχομαι,κατά+ἔρχομαι,,,Greek,New Testament
G2719,κατεσθίω,κατά+ἐσθίω,,,Greek,New Testament
G2720,κατευθύνω,κατά+εὖ+τίθημι,,,Greek,New Testament
G2721,κατεφίστημι,κατά+ἐπί+ἵστημι,,,Greek,New Testament
G2722,κατέχω,κατά+σχέω,,,Greek,New Testament
G2723,κατηγορέω,κατά+ἐγείρω,,,Greek,New Testament
G2724,κατηγορία,κατά+ἐγείρω,,,Greek,New Testament
G2725,κατήγορος,κατά+ἐγείρω,,,Greek,New Testament
G2726,κατήφεια,κατά+φημί,,,Greek,New Testament
G2727,κατηχέω,κατά+ἦχος,,,Greek,New Testament
G2728,κατιόω,κατά+ἰός,,,Greek,New Testament
G2729,κατισχύω,κατά+ἰσχύς,,,Greek,New Testament
G2730,κατοικέω,κατά+οἶκος,,,Greek,New Testament
G2731,κατοίκησις,κατά+οἶκος,,,Greek,New Testament
G2732,κατοικητήριον,κατά+οἶκος,,,Greek,New Testament
G2733,κατοικία,κατοικία,,,Greek,New Testament
G2734,κατοπτρίζομαι,κατά+ὁράω+εἰς+ὁράω,,,Greek,New Testament
G2735,κατόρθωμα,κατά+αἴρω+αἴρω+διά+αἴρω+αἴρω,,,Greek,New Testament
G2736,κατωτέρω,κατώτερος+κατά,,,Greek,New Testament
G2737,κατώτερος,κατώτερος,,,Greek,New Testament
G2738,καῦμα,καίω,,,Greek,New Testament
G2739,καυματίζω,καίω,,,Greek,New Testament
G2740,καῦσις,καίω,,,Greek,New Testament
G2741,καυσόω,καίω,,,Greek,New Testament
G2742,καύσων,καίω,,,Greek,New Testament
G2743,καυτηριάζω,καίω,,,Greek,New Testament
G2744,καυχάομαι,εὔχομαι,,,Greek,New Testament
G2745,καύχημα,εὔχομαι,,,Greek,New Testament
G2746,καύχησις,εὔχομαι,కాఊకేసిస్,అతిశయం,Greek,New Testament
G2747,Κεγχρεαί,Κεγχρεαί,,,Greek,New Testament
G2748,Κεδρών,Κεδρών,,,Greek,New Testament
G2749,κεῖμαι,κεῖμαι,కీమై,ఉంచబడు,Greek,New Testament
G2750,κειρία,κειρία,,,Greek,New Testament
G2751,κείρω,κείρω,,,Greek,New Testament
G2752,κέλευμα,κελεύω,,,Greek,New Testament
G2753,κελεύω,κελεύω,,,Greek,New Testament
G2754,κενοδοξία,κενός+δοκέω,,,Greek,New Testament
G2755,κενόδοξος,κενός+δοκέω,,,Greek,New Testament
G2756,κενός,κενός,,,Greek,New Testament
G2757,κενοφωνία,κενός+φημί,,,Greek,New Testament
G2758,κενόω,κενός,,,Greek,New Testament
G2759,κέντρον,κέντρον,,,Greek,New Testament
G2760,κεντυρίων,κεντυρίων,,,Greek,New Testament
G2761,κενῶς,κενός,,,Greek,New Testament
G2762,κεραία,κέρας,,,Greek,New Testament
G2763,κεραμεύς,κεράννυμι,,,Greek,New Testament
G2764,κεραμικός,κεράννυμι,,,Greek,New Testament
G2765,κεράμιον,κεράννυμι,,,Greek,New Testament
G2766,κέραμος,κεράννυμι,,,Greek,New Testament
G2767,κεράννυμι,κεράννυμι,,,Greek,New Testament
G2768,κέρας,κέρας,,,Greek,New Testament
G2769,κεράτιον,κέρας,,,Greek,New Testament
G2770,κερδαίνω,κέρδος,,,Greek,New Testament
G2771,κέρδος,κέρδος,,,Greek,New Testament
G2772,κέρμα,κείρω,,,Greek,New Testament
G2773,κερματιστής,κείρω,,,Greek,New Testament
G2774,κεφάλαιον,κεφαλή,,,Greek,New Testament
G2775,κεφαλαιόω,κεφαλή,,,Greek,New Testament
G2776,κεφαλή,κεφαλή,,,Greek,New Testament
G2777,κεφαλίς,κεφαλή,,,Greek,New Testament
G2778,κῆνσος,κῆνσος,,,Greek,New Testament
G2779,κῆπος,κῆπος,,,Greek,New Testament
G2780,κηπουρός,κῆπος,కేపొస్,తోట,Greek,New Testament
G2781,κηρίον,κηρίον,,,Greek,New Testament
G2782,κήρυγμα,κηρύσσω,,,Greek,New Testament
G2783,κῆρυξ,κηρύσσω,,,Greek,New Testament
G2784,κηρύσσω,κηρύσσω,కేరూస్సొ,ప్రకటించు,Greek,New Testament
G2785,κῆτος,χάσμα,,,Greek,New Testament
G2786,Κηφᾶς,Κηφᾶς,,,Greek,New Testament
G2787,κιβωτός,κιβωτός,,,Greek,New Testament
G2788,κιθάρα,κιθάρα,,,Greek,New Testament
G2789,κιθαρίζω,κιθάρα,,,Greek,New Testament
G2790,κιθαρῳδός,κιθάρα+ᾄδω,,,Greek,New Testament
G2791,Κιλικία,Κιλικία,,,Greek,New Testament
G2792,κινάμωμον,κινάμωμον,,,Greek,New Testament
G2793,κινδυνεύω,κίνδυνος,,,Greek,New Testament
G2794,κίνδυνος,κίνδυνος,,,Greek,New Testament
G2795,κινέω,κινέω,,,Greek,New Testament
G2796,κίνησις,κινέω,,,Greek,New Testament
G2797,Κίς,Κίς,,,Greek,New Testament
G2798,κλάδος,κλάω,,,Greek,New Testament
G2799,κλαίω,κλαίω,,,Greek,New Testament
G2800,κλάσις,κλάω,,,Greek,New Testament
G2801,κλάσμα,κλάω,,,Greek,New Testament
G2802,Κλαύδη,Κλαύδη,,,Greek,New Testament
G2803,Κλαυδία,Κλαύδιος,,,Greek,New Testament
G2804,Κλαύδιος,Κλαύδιος,,,Greek,New Testament
G2805,κλαυθμός,κλαίω,,,Greek,New Testament
G2806,κλάω,κλάω,,,Greek,New Testament
G2807,κλείς,κλείω,,,Greek,New Testament
G2808,κλείω,κλείω,,,Greek,New Testament
G2809,κλέμμα,κλέπτω,,,Greek,New Testament
G2810,Κλεόπας,κελεύω+πατήρ,,,Greek,New Testament
G2811,κλέος,κελεύω,,,Greek,New Testament
G2812,κλέπτης,κλέπτω,,,Greek,New Testament
G2813,κλέπτω,κλέπτω,,,Greek,New Testament
G2814,κλῆμα,κλάω,,,Greek,New Testament
G2815,Κλήμης,Κλήμης,,,Greek,New Testament
G2816,κληρονομέω,κλάω+νόμος,,,Greek,New Testament
G2817,κληρονομία,κλάω+νόμος,,,Greek,New Testament
G2818,κληρονόμος,κλάω+νόμος,,,Greek,New Testament
G2819,κλῆρος,κλάω,క్లేరొస్,వారసత్వం,Greek,New Testament
G2820,κληρόω,κλάω,,,Greek,New Testament
G2821,κλῆσις,κελεύω,,,Greek,New Testament
G2822,κλητός,κελεύω,,,Greek,New Testament
G2823,κλίβανος,κλίβανος,,,Greek,New Testament
G2824,κλίμα,κλίνω,,,Greek,New Testament
G2825,κλίνη,κλίνω,,,Greek,New Testament
G2826,κλινίδιον,κλίνω,,,Greek,New Testament
G2827,κλίνω,κλίνω,,,Greek,New Testament
G2828,κλισία,κλίνω,,,Greek,New Testament
G2829,κλοπή,κλέπτω,,,Greek,New Testament
G2830,κλύδων,κλύδων,,,Greek,New Testament
G2831,κλυδωνίζομαι,κλύδων,,,Greek,New Testament
G2832,Κλωπᾶς,Κλωπᾶς,,,Greek,New Testament
G2833,κνήθω,κνήθω,,,Greek,New Testament
G2834,Κνίδος,Κνίδος,,,Greek,New Testament
G2835,κοδράντης,κοδράντης,,,Greek,New Testament
G2836,κοιλία,κοιλία,,,Greek,New Testament
G2837,κοιμάω,κεῖμαι,,,Greek,New Testament
G2838,κοίμησις,κεῖμαι,,,Greek,New Testament
G2839,κοινός,σύν,,,Greek,New Testament
G2840,κοινόω,σύν,,,Greek,New Testament
G2841,κοινωνέω,σύν,,,Greek,New Testament
G2842,κοινωνία,σύν,కొయినొనియా,సహవాసం,Greek,New Testament
G2843,κοινωνικός,σύν,,,Greek,New Testament
G2844,κοινωνός,σύν,,,Greek,New Testament
G2845,κοίτη,κεῖμαι,,,Greek,New Testament
G2846,κοιτών,κεῖμαι,,,Greek,New Testament
G2847,κόκκινος,κόκκος,,,Greek,New Testament
G2848,κόκκος,κόκκος,,,Greek,New Testament
G2849,κολάζω,κολάζω,,,Greek,New Testament
G2850,κολακεία,κολακεία,,,Greek,New Testament
G2851,κόλασις,κολάζω,,,Greek,New Testament
G2852,κολαφίζω,κολάζω,,,Greek,New Testament
G2853,κολλάω,κολλάω,,,Greek,New Testament
G2854,κολλούριον,κολλάω,,,Greek,New Testament
G2855,κολλυβιστής,κολλάω,,,Greek,New Testament
G2856,κολοβόω,κολάζω,,,Greek,New Testament
G2857,Κολοσσαί,Κολοσσαί,,,Greek,New Testament
G2858,Κολοσσαεύς,Κολοσσαί,,,Greek,New Testament
G2859,κόλπος,κόλπος,,,Greek,New Testament
G2860,κολυμβάω,κολυμβάω,,,Greek,New Testament
G2861,κολυμβήθρα,κολυμβάω,,,Greek,New Testament
G2862,κολωνία,κολωνία,,,Greek,New Testament
G2863,κομάω,κομίζω,,,Greek,New Testament
G2864,κόμη,κομίζω,,,Greek,New Testament
G2865,κομίζω,κομίζω,,,Greek,New Testament
G2866,κομψότερον,κομψότερον,,,Greek,New Testament
G2867,κονιάω,κονιάω,,,Greek,New Testament
G2868,κονιορτός,κονιάω,,,Greek,New Testament
G2869,κοπάζω,κόπτω,,,Greek,New Testament
G2870,κοπετός,κόπτω,,,Greek,New Testament
G2871,κοπή,κόπτω,,,Greek,New Testament
G2872,κοπιάω,κόπτω,,,Greek,New Testament
G2873,κόπος,κόπτω,,,Greek,New Testament
G2874,κοπρία,κόπτω,,,Greek,New Testament
G2875,κόπτω,κόπτω,,,Greek,New Testament
G2876,κόραξ,κορέννυμι,,,Greek,New Testament
G2877,κοράσιον,κοράσιον,,,Greek,New Testament
G2878,κορβανᾶς,κορβανᾶς,,,Greek,New Testament
G2879,Κορέ,Κορέ,,,Greek,New Testament
G2880,κορέννυμι,κορέννυμι,,,Greek,New Testament
G2881,Κορίνθιος,Κόρινθος,,,Greek,New Testament
G2882,Κόρινθος,Κόρινθος,,,Greek,New Testament
G2883,Κορνήλιος,Κορνήλιος,,,Greek,New Testament
G2884,κόρος,κόρος,,,Greek,New Testament
G2885,κοσμέω,κομίζω,,,Greek,New Testament
G2886,κοσμικός,κομίζω,,,Greek,New Testament
G2887,κόσμιος,κομίζω,,,Greek,New Testament
G2888,κοσμοκράτωρ,κομίζω+κράτος,,,Greek,New Testament
G2889,κόσμος,κομίζω,కొస్మొస్,లోకం,Greek,New Testament
G2890,Κούαρτος,Κούαρτος,,,Greek,New Testament
G2891,κοῦμι,κοῦμι,,,Greek,New Testament
G2892,κουστωδία,κουστωδία,,,Greek,New Testament
G2893,κουφίζω,κουφίζω,,,Greek,New Testament
G2894,κόφινος,κόφινος,,,Greek,New Testament
G2895,κράββατος,κράββατος,,,Greek,New Testament
G2896,κράζω,κράζω,,,Greek,New Testament
G2897,κραιπάλη,αἴρω,,,Greek,New Testament
G2898,κρανίον,κέρας,,,Greek,New Testament
G2899,κράσπεδον,κράσπεδον,,,Greek,New Testament
G2900,κραταιός,κράτος,,,Greek,New Testament
G2901,κραταιόω,κράτος,,,Greek,New Testament
G2902,κρατέω,κράτος,,,Greek,New Testament
G2903,κράτιστος,κράτος,,,Greek,New Testament
G2904,κράτος,κράτος,,,Greek,New Testament
G2905,κραυγάζω,κράζω,,,Greek,New Testament
G2906,κραυγή,κράζω,,,Greek,New Testament
G2907,κρέας,κρέας,,,Greek,New Testament
G2908,κρεῖσσον,κράτος,,,Greek,New Testament
G2909,κρείττων,κράτος,,,Greek,New Testament
G2910,κρεμάννυμι,κρεμάννυμι,,,Greek,New Testament
G2911,κρημνός,κρεμάννυμι,,,Greek,New Testament
G2912,Κρής,Κρήτη,,,Greek,New Testament
G2913,Κρήσκης,Κρήσκης,,,Greek,New Testament
G2914,Κρήτη,Κρήτη,,,Greek,New Testament
G2915,κριθή,κριθή,,,Greek,New Testament
G2916,κρίθινος,κριθή,,,Greek,New Testament
G2917,κρίμα,κρίνω,,,Greek,New Testament
G2918,κρίνον,κρίνον,,,Greek,New Testament
G2919,κρίνω,κρίνω,క్రినొ,తీర్పు తీర్చు,Greek,New Testament
G2920,κρίσις,κρίσις,,,Greek,New Testament
G2921,Κρίσπος,Κρίσπος,,,Greek,New Testament
G2922,κριτήριον,κρίνω,,,Greek,New Testament
G2923,κριτής,κρίνω,,,Greek,New Testament
G2924,κριτικός,κρίνω,,,Greek,New Testament
G2925,κρούω,κρούω,,,Greek,New Testament
G2926,κρύπτη,κρύπτω,,,Greek,New Testament
G2927,κρυπτός,κρύπτω,,,Greek,New Testament
G2928,κρύπτω,κρύπτω,,,Greek,New Testament
G2929,κρυσταλλίζω,κρύσταλλος,,,Greek,New Testament
G2930,κρύσταλλος,κρύσταλλος,,,Greek,New Testament
G2931,κρυφῆ,κρύπτω,,,Greek,New Testament
G2932,κτάομαι,κτάομαι,,,Greek,New Testament
G2933,κτῆμα,κτάομαι,,,Greek,New Testament
G2934,κτῆνος,κτάομαι,,,Greek,New Testament
G2935,κτήτωρ,κτάομαι,క్టీసిస్,సృష్టి,Greek,New Testament
G2936,κτίζω,κτάομαι,,,Greek,New Testament
G2937,κτίσις,κτάομαι,,,Greek,New Testament
G2938,κτίσμα,κτάομαι,,,Greek,New Testament
G2939,κτίστης,κτάομαι,,,Greek,New Testament
G2940,κυβεία,κυβεία,,,Greek,New Testament
G2941,κυβέρνησις,κυβέρνησις,,,Greek,New Testament
G2942,κυβερνήτης,κυβέρνησις,,,Greek,New Testament
G2943,κυκλόθεν,κῦμα,,,Greek,New Testament
G2944,κυκλόω,κῦμα,,,Greek,New Testament
G2945,κύκλῳ,κῦμα,,,Greek,New Testament
G2946,κύλισμα,κῦμα+κῦμα+εἱλίσσω,,,Greek,New Testament
G2947,κυλιόω,κῦμα+κῦμα+εἱλίσσω,,,Greek,New Testament
G2948,κυλλός,κῦμα+κῦμα+εἱλίσσω,,,Greek,New Testament
G2949,κῦμα,κῦμα,,,Greek,New Testament
G2950,κύμβαλον,κῦμα,,,Greek,New Testament
G2951,κύμινον,κύμινον,,,Greek,New Testament
G2952,κυνάριον,κύων,,,Greek,New Testament
G2953,Κύπριος,Κύπρος,,,Greek,New Testament
G2954,Κύπρος,Κύπρος,,,Greek,New Testament
G2955,κύπτω,κῦμα,,,Greek,New Testament
G2956,Κυρηναῖος,Κυρήνη,,,Greek,New Testament
G2957,Κυρήνη,Κυρήνη,,,Greek,New Testament
G2958,Κυρήνιος,Κυρήνιος,,,Greek,New Testament
G2959,Κυρία,κύριος,,,Greek,New Testament
G2960,κυριακός,κύριος,,,Greek,New Testament
G2961,κυριεύω,κύριος,,,Greek,New Testament
G2962,κύριος,κύριος,కూరియొస్,ప్రభువు,Greek,New Testament
G2963,κυριότης,κύριος,,,Greek,New Testament
G2964,κυρόω,κύριος,,,Greek,New Testament
G2965,κύων,κύων,,,Greek,New Testament
G2966,κῶλον,κολάζω,,,Greek,New Testament
G2967,κωλύω,κολάζω,,,Greek,New Testament
G2968,κώμη,κεῖμαι,,,Greek,New Testament
G2969,κωμόπολις,κεῖμαι+πόλεμος+πολύς,,,Greek,New Testament
G2970,κῶμος,κεῖμαι,,,Greek,New Testament
G2971,κώνωψ,κέντρον+ὁράω,,,Greek,New Testament
G2972,Κώς,Κώς,,,Greek,New Testament
G2973,Κωσάμ,Κωσάμ,,,Greek,New Testament
G2974,κωφός,κόπτω,,,Greek,New Testament
G2975,λαγχάνω,λαγχάνω,,,Greek,New Testament
G2976,Λάζαρος,Λάζαρος,,,Greek,New Testament
G2977,λάθρα,λανθάνω,,,Greek,New Testament
G2978,λαῖλαψ,λαῖλαψ,,,Greek,New Testament
G2979,λακτίζω,λακτίζω,,,Greek,New Testament
G2980,λαλέω,λαλέω,,,Greek,New Testament
G2981,λαλιά,λαλέω,,,Greek,New Testament
G2982,λαμμᾶ,λαμμᾶ,,,Greek,New Testament
G2983,λαμβάνω,δέχομαι,లామ్బానొ,తీసుకొను,Greek,New Testament
G2984,Λάμεχ,Λάμεχ,,,Greek,New Testament
G2985,λαμπάς,λάμπω,,,Greek,New Testament
G2986,λαμπρός,λάμπω,,,Greek,New Testament
G2987,λαμπρότης,λάμπω,,,Greek,New Testament
G2988,λαμπρῶς,λάμπω,,,Greek,New Testament
G2989,λάμπω,λάμπω,,,Greek,New Testament
G2990,λανθάνω,λανθάνω,,,Greek,New Testament
G2991,λαξευτός,ξέστης,,,Greek,New Testament
G2992,λαός,λαός,,,Greek,New Testament
G2993,Λαοδίκεια,λαός+δεικνύω,,,Greek,New Testament
G2994,Λαοδικεύς,λαός+δεικνύω,,,Greek,New Testament
G2995,λάρυγξ,λάρυγξ,,,Greek,New Testament
G2996,Λασαία,Λασαία,,,Greek,New Testament
G2997,λάσχω,λάσχω,,,Greek,New Testament
G2998,λατομέω,ξέστης+κόπτω,,,Greek,New Testament
G2999,λατρεία,λατρεύω,,,Greek,New Testament
G3000,λατρεύω,λατρεύω,,,Greek,New Testament
G3001,λάχανον,λάχανον,,,Greek,New Testament
G3002,Λεββαῖος,Λεββαῖος,,,Greek,New Testament
G3003,λεγεών,λεγεών,,,Greek,New Testament
G3004,λέγω,λέγω,లెగొ,చెప్పు,Greek,New Testament
G3005,λεῖμμα,λείπω,,,Greek,New Testament
G3006,λεῖος,λεῖος,,,Greek,New Testament
G3007,λείπω,λείπω,,,Greek,New Testament
G3008,λειτουργέω,λαός+ἔργον,,,Greek,New Testament
G3009,λειτουργία,λαός+ἔργον,,,Greek,New Testament
G3010,λειτουργικός,λαός+ἔργον,,,Greek,New Testament
G3011,λειτουργός,λαός+ἔργον,,,Greek,New Testament
G3012,λέντιον,λέντιον,,,Greek,New Testament
G3013,λεπίς,λεπίς,,,Greek,New Testament
G3014,λέπρα,λεπίς,,,Greek,New Testament
G3015,λεπρός,λεπίς,,,Greek,New Testament
G3016,λεπτόν,λεπίς,,,Greek,New Testament
G3017,Λευΐ,Λευΐ,,,Greek,New Testament
G3018,Λευΐς,Λευΐ,,,Greek,New Testament
G3019,Λευΐτης,Λευΐ,,,Greek,New Testament
G3020,Λευϊτικός,Λευΐ,,,Greek,New Testament
G3021,λευκαίνω,λευκός,,,Greek,New Testament
G3022,λευκός,λευκός,,,Greek,New Testament
G3023,λέων,λέων,,,Greek,New Testament
G3024,λήθη,λανθάνω,,,Greek,New Testament
G3025,ληνός,ληνός,,,Greek,New Testament
G3026,λῆρος,λῆρος,,,Greek,New Testament
G3027,λῃστής,λῃστής,,,Greek,New Testament
G3028,λῆμψις,δέχομαι,,,Greek,New Testament
G3029,λίαν,λίαν,,,Greek,New Testament
G3030,λίβανος,λίβανος,,,Greek,New Testament
G3031,λιβανωτός,λίβανος,,,Greek,New Testament
G3032,Λιβερτῖνος,Λιβερτῖνος,,,Greek,New Testament
G3033,Λιβύη,λίψ,,,Greek,New Testament
G3034,λιθάζω,λίθος,,,Greek,New Testament
G3035,λίθινος,λίθος,,,Greek,New Testament
G3036,λιθοβολέω,λίθος+βάλλω,,,Greek,New Testament
G3037,λίθος,λίθος,,,Greek,New Testament
G3038,λιθόστρωτος,λίθος+ἵστημι,,,Greek,New Testament
G3039,λικμάω,λικμάω,లూకొస్,తోడేలు,Greek,New Testament
G3040,λιμήν,λιμήν,,,Greek,New Testament
G3041,λίμνη,λιμήν,,,Greek,New Testament
G3042,λιμός,λείπω,,,Greek,New Testament
G3043,λίνον,λίνον,,,Greek,New Testament
G3044,Λίνος,λίνον,,,Greek,New Testament
G3045,λιπαρός,λιπαρός,,,Greek,New Testament
G3046,λίτρα,λίτρα,,,Greek,New Testament
G3047,λίψ,λίψ,,,Greek,New Testament
G3048,λογία,λέγω,,,Greek,New Testament
G3049,λογίζομαι,λέγω,,,Greek,New Testament
G3050,λογικός,λέγω,,,Greek,New Testament
G3051,λόγιον,λέγω,,,Greek,New Testament
G3052,λόγιος,λέγω,,,Greek,New Testament
G3053,λογισμός,λέγω,,,Greek,New Testament
G3054,λογομαχέω,λέγω+μάχομαι,,,Greek,New Testament
G3055,λογομαχία,λέγω+μάχομαι,,,Greek,New Testament
G3056,λόγος,λέγω,లొగొస్,వాక్కు,Greek,New Testament
G3057,λόγχη,λόγχη,,,Greek,New Testament
G3058,λοιδορέω,λοίδορος,,,Greek,New Testament
G3059,λοιδορία,λοίδορος,,,Greek,New Testament
G3060,λοίδορος,λοίδορος,,,Greek,New Testament
G3061,λοιμός,λοιμός,,,Greek,New Testament
G3062,λοιποί,λείπω,,,Greek,New Testament
G3063,λοιπόν,λείπω,,,Greek,New Testament
G3064,λοιποῦ,λείπω,,,Greek,New Testament
G3065,Λουκᾶς,Λουκᾶς,,,Greek,New Testament
G3066,Λούκιος,Λούκιος,,,Greek,New Testament
G3067,λουτρόν,λούω,,,Greek,New Testament
G3068,λούω,λούω,,,Greek,New Testament
G3069,Λύδδα,Λύδδα,,,Greek,New Testament
G3070,Λυδία,Λυδία,,,Greek,New Testament
G3071,Λυκαονία,λευκός,,,Greek,New Testament
G3072,Λυκαονιστί,λευκός,,,Greek,New Testament
G3073,Λυκία,λευκός,,,Greek,New Testament
G3074,λύκος,λευκός,,,Greek,New Testament
G3075,λυμαίνομαι,λύω,,,Greek,New Testament
G3076,λυπέω,λύπη,,,Greek,New Testament
G3077,λύπη,λύπη,,,Greek,New Testament
G3078,Λυσανίας,λύω,,,Greek,New Testament
G3079,Λυσίας,Λυσίας,,,Greek,New Testament
G3080,λύσις,λύω,,,Greek,New Testament
G3081,λυσιτελεῖ,λύω+τέλος,,,Greek,New Testament
G3082,Λύστρα,Λύστρα,,,Greek,New Testament
G3083,λύτρον,λύω,,,Greek,New Testament
G3084,λυτρόω,λύω,,,Greek,New Testament
G3085,λύτρωσις,λύω,,,Greek,New Testament
G3086,λυτρωτής,λύω,,,Greek,New Testament
G3087,λυχνία,λευκός,,,Greek,New Testament
G3088,λύχνος,λευκός,,,Greek,New Testament
G3089,λύω,λύω,లూఓ,విప్పు,Greek,New Testament
G3090,Λωΐς,Λωΐς,,,Greek,New Testament
G3091,Λώτ,Λώτ,,,Greek,New Testament
G3092,Μαάθ,Μαάθ,,,Greek,New Testament
G3093,Μαγδαλά,Μαγδαλά,,,Greek,New Testament
G3094,Μαγδαληνή,Μαγδαλά,,,Greek,New Testament
G3095,μαγεία,μάγος,,,Greek,New Testament
G3096,μαγεύω,μάγος,,,Greek,New Testament
G3097,μάγος,μάγος,,,Greek,New Testament
G3098,Μαγώγ,Μαγώγ,,,Greek,New Testament
G3099,Μαδιάν,Μαδιάν,,,Greek,New Testament
G3100,μαθητεύω,μανθάνω,,,Greek,New Testament
G3101,μαθητής,μανθάνω,,,Greek,New Testament
G3102,μαθήτρια,μανθάνω,,,Greek,New Testament
G3103,Μαθουσάλα,Μαθουσάλα,,,Greek,New Testament
G3104,Μαϊνάν,Μαϊνάν,,,Greek,New Testament
G3105,μαίνομαι,μαίνομαι,,,Greek,New Testament
G3106,μακαρίζω,μακάριος,,,Greek,New Testament
G3107,μακάριος,μακάριος,మాకారియొస్,ధన్యుడు,Greek,New Testament
G3108,μακαρισμός,μακάριος,,,Greek,New Testament
G3109,Μακεδονία,Μακεδών,,,Greek,New Testament
G3110,Μακεδών,Μακεδών,,,Greek,New Testament
G3111,μάκελλον,μάκελλον,,,Greek,New Testament
G3112,μακράν,μέγιστος+μέγιστος+ὁδός,,,Greek,New Testament
G3113,μακρόθεν,μέγιστος+μέγιστος,,,Greek,New Testament
G3114,μακροθυμέω,μέγιστος+μέγιστος+θύω,,,Greek,New Testament
G3115,μακροθυμία,μέγιστος+μέγιστος+θύω,,,Greek,New Testament
G3116,μακροθυμώς,μέγιστος+μέγιστος+θύω,,,Greek,New Testament
G3117,μακρός,μέγιστος+μέγιστος,,,Greek,New Testament
G3118,μακροχρόνιος,μέγιστος+μέγιστος+χρόνος,,,Greek,New Testament
G3119,μαλακία,μαλακός,,,Greek,New Testament
G3120,μαλακός,μαλακός,,,Greek,New Testament
G3121,Μαλελεήλ,Μαλελεήλ,,,Greek,New Testament
G3122,μάλιστα,μάλιστα,,,Greek,New Testament
G3123,μᾶλλον,μάλιστα,,,Greek,New Testament
G3124,Μάλχος,Μάλχος,,,Greek,New Testament
G3125,μάμμη,μάμμη,,,Greek,New Testament
G3126,μαμμωνᾶς,μαμμωνᾶς,,,Greek,New Testament
G3127,Μαναήν,Μαναήν,,,Greek,New Testament
G3128,Μανασσῆς,Μανασσῆς,,,Greek,New Testament
G3129,μανθάνω,μανθάνω,,,Greek,New Testament
G3130,μανία,μαίνομαι,,,Greek,New Testament
G3131,μάννα,μάννα,,,Greek,New Testament
G3132,μαντεύομαι,μαίνομαι,,,Greek,New Testament
G3133,μαραίνω,μαραίνω,,,Greek,New Testament
G3134,μαρὰν ἀθά,μαρὰν ἀθά,,,Greek,New Testament
G3135,μαργαρίτης,μαργαρίτης,,,Greek,New Testament
G3136,Μάρθα,Μάρθα,,,Greek,New Testament
G3137,Μαριάμ,Μαριάμ,,,Greek,New Testament
G3138,Μάρκος,Μάρκος,,,Greek,New Testament
G3139,μάρμαρος,μάρμαρος,,,Greek,New Testament
G3140,μαρτυρέω,μάρτυς,మార్టూరెఓ,సాక్ష్యమిచ్చు,Greek,New Testament
G3141,μαρτυρία,μάρτυς,,,Greek,New Testament
G3142,μαρτύριον,μάρτυς,,,Greek,New Testament
G3143,μαρτύρομαι,μάρτυς,,,Greek,New Testament
G3144,μάρτυς,μάρτυς,మార్టూస్,సాక్షి,Greek,New Testament
G3145,μασσάομαι,μασσάομαι,,,Greek,New Testament
G3146,μαστιγόω,μασσάομαι,,,Greek,New Testament
G3147,μαστίζω,μασσάομαι,,,Greek,New Testament
G3148,μάστιξ,μασσάομαι,,,Greek,New Testament
G3149,μαστός,μασσάομαι,,,Greek,New Testament
G3150,ματαιολογία,μασσάομαι+λέγω,,,Greek,New Testament
G3151,ματαιολόγος,μασσάομαι+λέγω,,,Greek,New Testament
G3152,μάταιος,μασσάομαι,,,Greek,New Testament
G3153,ματαιότης,μασσάομαι,,,Greek,New Testament
G3154,ματαιόω,μασσάομαι,,,Greek,New Testament
G3155,μάτην,μασσάομαι,,,Greek,New Testament
G3156,Ματθαῖος,Ματταθίας,,,Greek,New Testament
G3157,Ματθάν,Ματθάν,,,Greek,New Testament
G3158,Ματθάτ,Ματταθίας,,,Greek,New Testament
G3159,Ματθίας,Ματταθίας,,,Greek,New Testament
G3160,Ματταθά,Ματταθίας,,,Greek,New Testament
G3161,Ματταθίας,Ματταθίας,,,Greek,New Testament
G3162,μάχαιρα,μάχομαι,,,Greek,New Testament
G3163,μάχη,μάχομαι,,,Greek,New Testament
G3164,μάχομαι,μάχομαι,,,Greek,New Testament
G3165,μέ,μέ,,,Greek,New Testament
G3166,μεγαλαυχέω,μέγιστος+μέγιστος+αὐξάνω+εὔχομαι,,,Greek,New Testament
G3167,μεγαλεῖος,μέγιστος+μέγιστος,,,Greek,New Testament
G3168,μεγαλειότης,μέγιστος+μέγιστος,,,Greek,New Testament
G3169,μεγαλοπρεπής,μέγιστος+μέγιστος+πρέπω,,,Greek,New Testament
G3170,μεγαλύνω,μέγιστος+μέγιστος,,,Greek,New Testament
G3171,μεγάλως,μέγιστος+μέγιστος,,,Greek,New Testament
G3172,μεγαλωσύνη,μέγιστος+μέγιστος,,,Greek,New Testament
G3173,μέγας,μέγιστος+μέγιστος,మెగాస్,గొప్ప,Greek,New Testament
G3174,μέγεθος,μέγιστος+μέγιστος,,,Greek,New Testament
G3175,μεγιστᾶνες,μέγιστος,,,Greek,New Testament
G3176,μέγιστος,μέγιστος,,,Greek,New Testament
G3177,μεθερμηνεύω,μετά+ῥέω,,,Greek,New Testament
G3178,μέθη,μέθη,,,Greek,New Testament
G3179,μεθιστάνω,μετά+ἵστημι,,,Greek,New Testament
G3180,μεθοδεία,μετά+ὁδός,,,Greek,New Testament
G3181,μεθόριος,μετά+ὅριον,,,Greek,New Testament
G3182,μεθύσκω,μέθη,,,Greek,New Testament
G3183,μέθυσος,μέθη,,,Greek,New Testament
G3184,μεθύω,μέθη,,,Greek,New Testament
G3185,μεῖζον,μέγιστος,,,Greek,New Testament
G3186,μειζότερος,μέγιστος,,,Greek,New Testament
G3187,μείζων,μέγιστος,,,Greek,New Testament
G3188,μέλαν,μέλας,,,Greek,New Testament
G3189,μέλας,μέλας,,,Greek,New Testament
G3190,Μελεᾶς,Μελεᾶς,,,Greek,New Testament
G3191,μελετάω,μέλω,,,Greek,New Testament
G3192,μέλι,μέλι,,,Greek,New Testament
G3193,μελίσσιος,μέλι,,,Greek,New Testament
G3194,Μελίτη,Μελίτη,,,Greek,New Testament
G3195,μέλλω,μέλω,,,Greek,New Testament
G3196,μέλος,μέλος,,,Greek,New Testament
G3197,Μελχί,Μελχί,,,Greek,New Testament
G3198,Μελχισεδέκ,Μελχισεδέκ,,,Greek,New Testament
G3199,μέλω,μέλω,,,Greek,New Testament
G3200,μεμβράνα,μεμβράνα,,,Greek,New Testament
G3201,μέμφομαι,μέμφομαι,,,Greek,New Testament
G3202,μεμψίμοιρος,μέμφομαι+μέρος,,,Greek,New Testament
G3303,μέν,μέν,,,Greek,New Testament
G3304,μενοῦνγε,μέν+οὖν+γέ,,,Greek,New Testament
G3305,μέντοι,μέν+τό,,,Greek,New Testament
G3306,μένω,μένω,మెనొ,నిలిచియుండు,Greek,New Testament
G3307,μερίζω,μέρος,,,Greek,New Testament
G3308,μέριμνα,μέρος,,,Greek,New Testament
G3309,μεριμνάω,μέρος,,,Greek,New Testament
G3310,μερίς,μέρος,,,Greek,New Testament
G3311,μερισμός,μέρος,,,Greek,New Testament
G3312,μεριστής,μέρος,,,Greek,New Testament
G3313,μέρος,μέρος,,,Greek,New Testament
G3314,μεσημβρία,μετά+ὥρα+ἑδραῖος,,,Greek,New Testament
G3315,μεσιτεύω,μετά,,,Greek,New Testament
G3316,μεσίτης,μετά,,,Greek,New Testament
G3317,μεσονύκτιον,μετά+νύξ,,,Greek,New Testament
G3318,Μεσοποταμία,μετά+πίνω+πίνω,,,Greek,New Testament
G3319,μέσος,μετά,,,Greek,New Testament
G3320,μεσότοιχον,μετά+τίκτω,,,Greek,New Testament
G3321,μεσουράνημα,μετά+αἴρω+αἴρω,,,Greek,New Testament
G3322,μεσόω,μετά,,,Greek,New Testament
G3323,Μεσσίας,Μεσσίας,,,Greek,New Testament
G3324,μεστός,μεστός,,,Greek,New Testament
G3325,μεστόω,μεστός,,,Greek,New Testament
G3326,μετά,μετά,,,Greek,New Testament
G3327,μεταβαίνω,μετά+βάσις,,,Greek,New Testament
G3328,μεταβάλλω,μετά+βάλλω,,,Greek,New Testament
G3329,μετάγω,μετά+αἴρω+ἄν,,,Greek,New Testament
G3330,μεταδίδωμι,μετά+δίδωμι,,,Greek,New Testament
G3331,μετάθεσις,μετά+τίθημι,,,Greek,New Testament
G3332,μεταίρω,μετά+αἴρω,,,Greek,New Testament
G3333,μετακαλέω,μετά+κελεύω,,,Greek,New Testament
G3334,μετακινέω,μετά+κινέω,,,Greek,New Testament
G3335,μεταλαμβάνω,μετά+δέχομαι,,,Greek,New Testament
G3336,μετάλημψις,μετά+δέχομαι,,,Greek,New Testament
G3337,μεταλλάσσω,μετά+ἄλλος,,,Greek,New Testament
G3338,μεταμέλλομαι,μετά+μέλω,,,Greek,New Testament
G3339,μεταμορφόω,μετά+μέρος,,,Greek,New Testament
G3340,μετανοέω,μετά+γινώσκω,,,Greek,New Testament
G3341,μετάνοια,μετά+γινώσκω,మెటానొయియా,పశ్చాత్తాపం,Greek,New Testament
G3342,μεταξύ,μετά+σύν,,,Greek,New Testament
G3343,μεταπέμπω,μετά+πέμπω,,,Greek,New Testament
G3344,μεταστρέφω,μετά+τροπή,,,Greek,New Testament
G3345,μετασχηματίζω,μετά+σχέω,,,Greek,New Testament
G3346,μετατίθημι,μετά+τίθημι,,,Greek,New Testament
G3347,μετέπειτα,μετά+ἐπί+εἶτα,,,Greek,New Testament
G3348,μετέχω,μετά+σχέω,,,Greek,New Testament
G3349,μετεωρίζω,μετά+αἴρω+ἀήρ,,,Greek,New Testament
G3350,μετοικεσία,μετά+οἶκος,,,Greek,New Testament
G3351,μετοικίζω,μετά+οἶκος,,,Greek,New Testament
G3352,μετοχή,μετά+σχέω,,,Greek,New Testament
G3353,μέτοχος,μετά+σχέω,,,Greek,New Testament
G3354,μετρέω,μέτρον,,,Greek,New Testament
G3355,μετρητής,μέτρον,,,Greek,New Testament
G3356,μετριοπαθέω,μέτρον+πένθω,,,Greek,New Testament
G3357,μετρίως,μέτρον,,,Greek,New Testament
G3358,μέτρον,μέτρον,,,Greek,New Testament
G3359,μέτωπον,μετά,,,Greek,New Testament
G3360,μεχρίς,μέγιστος+μέγιστος,,,Greek,New Testament
G3361,μή,οὐχ,మే,లేదు,Greek,New Testament
G3362,ἐὰν μή,εἰ+ἄν+οὐχ,,,Greek,New Testament
G3363,ἵνα μή,ἀήρ+τό+οὐχ,,,Greek,New Testament
G3364,οὐ μή,οὐχ+οὐχ,,,Greek,New Testament
G3365,μηδαμῶς,οὐχ,,,Greek,New Testament
G3366,μηδέ,οὐχ+δέ,,,Greek,New Testament
G3367,μηδέν,οὐχ+ἕν,,,Greek,New Testament
G3368,μηδέποτε,οὐχ+δέ+τό+τέ,,,Greek,New Testament
G3369,μηδέπω,οὐχ+δέ+τό,,,Greek,New Testament
G3370,Μῆδος,Μῆδος,,,Greek,New Testament
G3371,μηκέτι,οὐχ+ἔτος,,,Greek,New Testament
G3372,μῆκος,μέγιστος+μέγιστος,,,Greek,New Testament
G3373,μηκύνω,μέγιστος+μέγιστος,,,Greek,New Testament
G3374,μηλωτή,μηλωτή,,,Greek,New Testament
G3375,μήν,μέν,,,Greek,New Testament
G3376,μήν,μήν,,,Greek,New Testament
G3377,μηνύω,μασσάομαι+μένω+μασσάομαι,,,Greek,New Testament
G3378,μὴ οὐκ,οὐχ+οὐχ,,,Greek,New Testament
G3379,μή ποτε,οὐχ+τό+τέ,,,Greek,New Testament
G3380,μήπω,οὐχ+τό,,,Greek,New Testament
G3381,μή πως,οὐχ+τό,,,Greek,New Testament
G3382,μηρός,μηρός,,,Greek,New Testament
G3383,μήτε,οὐχ+τέ,,,Greek,New Testament
G3384,μήτηρ,μήτηρ,మేటేర్,తల్లి,Greek,New Testament
G3385,μήτι,οὐχ+τὶς,,,Greek,New Testament
G3386,μήτιγε,οὐχ+τὶς+γέ,,,Greek,New Testament
G3387,μή τις,οὐχ+τὶς,,,Greek,New Testament
G3388,μήτρα,μήτηρ,,,Greek,New Testament
G3389,μητραλῴας,μήτηρ+εἱλίσσω,,,Greek,New Testament
G3390,μητρόπολις,μήτηρ+πόλεμος+πολύς,,,Greek,New Testament
G3391,μία,ἕν,,,Greek,New Testament
G3392,μιαίνω,μιαίνω,,,Greek,New Testament
G3393,μίασμα,μιαίνω,,,Greek,New Testament
G3394,μιασμός,μιαίνω,,,Greek,New Testament
G3395,μίγμα,μίγνυμι,,,Greek,New Testament
G3396,μίγνυμι,μίγνυμι,,,Greek,New Testament
G3397,μικρόν,μικρότερος,,,Greek,New Testament
G3398,μικρότερος,μικρότερος,,,Greek,New Testament
G3399,Μίλητος,Μίλητος,,,Greek,New Testament
G3400,μίλιον,μίλιον,,,Greek,New Testament
G3401,μιμέομαι,μιμέομαι,,,Greek,New Testament
G3402,μιμητής,μιμέομαι,,,Greek,New Testament
G3403,μιμνήσκω,μένω+μασσάομαι,,,Greek,New Testament
G3404,μισέω,μισέω,,,Greek,New Testament
G3405,μισθαποδοσία,μισθός+ἀπό+δίδωμι,,,Greek,New Testament
G3406,μισθαποδότης,μισθός+ἀπό+δίδωμι,,,Greek,New Testament
G3407,μίσθιος,μισθός,,,Greek,New Testament
G3408,μισθός,μισθός,,,Greek,New Testament
G3409,μισθόω,μισθός,,,Greek,New Testament
G3410,μίσθωμα,μισθός,,,Greek,New Testament
G3411,μισθωτός,μισθός,,,Greek,New Testament
G3412,Μιτυλήνη,Μιτυλήνη,,,Greek,New Testament
G3413,Μιχαήλ,Μιχαήλ,,,Greek,New Testament
G3414,μνᾶ,μνᾶ,,,Greek,New Testament
G3415,μνάομαι,μένω+μασσάομαι,,,Greek,New Testament
G3416,Μνάσων,Μνάσων,,,Greek,New Testament
G3417,μνεία,μένω+μασσάομαι+μένω+μασσάομαι,,,Greek,New Testament
G3418,μνῆμα,μένω+μασσάομαι,,,Greek,New Testament
G3419,μνημεῖον,μένω+μασσάομαι,,,Greek,New Testament
G3420,μνήμη,μένω+μασσάομαι,,,Greek,New Testament
G3421,μνημονεύω,μένω+μασσάομαι,,,Greek,New Testament
G3422,μνημόσυνον,μένω+μασσάομαι,,,Greek,New Testament
G3423,μνηστεύω,μένω+μασσάομαι,,,Greek,New Testament
G3424,μογιλάλος,μόγις+λαλέω,,,Greek,New Testament
G3425,μόγις,μόγις,,,Greek,New Testament
G3426,μόδιος,μόδιος,,,Greek,New Testament
G3427,μοί,μοί,,,Greek,New Testament
G3428,μοιχαλίς,μοιχός,,,Greek,New Testament
G3429,μοιχάω,μοιχός,,,Greek,New Testament
G3430,μοιχεία,μοιχός,,,Greek,New Testament
G3431,μοιχεύω,μοιχός,,,Greek,New Testament
G3432,μοιχός,μοιχός,,,Greek,New Testament
G3433,μόλις,μόγις,,,Greek,New Testament
G3434,Μολόχ,Μολόχ,,,Greek,New Testament
G3435,μολύνω,μέλας,,,Greek,New Testament
G3436,μολυσμός,μέλας,,,Greek,New Testament
G3437,μομφή,μέμφομαι,,,Greek,New Testament
G3438,μονή,μένω,,,Greek,New Testament
G3439,μονογενής,μένω+γίνομαι,,,Greek,New Testament
G3440,μόνον,μένω,,,Greek,New Testament
G3441,μόνος,μένω,మొనొస్,ఏకైకుడు,Greek,New Testament
G3442,μονόφθαλμος,μένω+ὁράω,,,Greek,New Testament
G3443,μονόω,μένω,,,Greek,New Testament
G3444,μορφή,μέρος,,,Greek,New Testament
G3445,μορφόω,μέρος,,,Greek,New Testament
G3446,μόρφωσις,μέρος,,,Greek,New Testament
G3447,μοσχοποιέω,μόσχος+ποιέω,,,Greek,New Testament
G3448,μόσχος,μόσχος,,,Greek,New Testament
G3449,μόχθος,μόγις,,,Greek,New Testament
G3450,μοῦ,μόγις,,,Greek,New Testament
G3451,μουσικός,μουσικός,,,Greek,New Testament
G3452,μυελός,μυελός,,,Greek,New Testament
G3453,μυέω,μυστήριον,,,Greek,New Testament
G3454,μῦθος,μυστήριον,,,Greek,New Testament
G3455,μυκάομαι,μυκάομαι,,,Greek,New Testament
G3456,μυκτηρίζω,μυκάομαι,,,Greek,New Testament
G3457,μυλικός,μόγις,,,Greek,New Testament
G3458,μύλος,μόγις,,,Greek,New Testament
G3459,μύλων,μόγις,,,Greek,New Testament
G3460,Μύρα,Μύρα,,,Greek,New Testament
G3461,μυριάς,μύριοι,,,Greek,New Testament
G3462,μυρίζω,σμύρνα,,,Greek,New Testament
G3463,μύριοι,μύριοι,,,Greek,New Testament
G3464,μύρον,σμύρνα,,,Greek,New Testament
G3465,Μυσία,Μυσία,,,Greek,New Testament
G3466,μυστήριον,μυστήριον,మూస్టేరియన్,మర్మం,Greek,New Testament
G3467,μυωπάζω,μυστήριον+ὁράω,,,Greek,New Testament
G3468,μώλωψ,μώλωψ,,,Greek,New Testament
G3469,μωμάομαι,μέμφομαι,,,Greek,New Testament
G3470,μῶμος,μέμφομαι,,,Greek,New Testament
G3471,μωραίνω,μυστήριον,,,Greek,New Testament
G3472,μωρία,μυστήριον,,,Greek,New Testament
G3473,μωρολογία,μυστήριον+λέγω,,,Greek,New Testament
G3474,μωρός,μυστήριον,,,Greek,New Testament
G3475,Μωϋσῆς,Μωϋσῆς,,,Greek,New Testament
G3476,Ναασσών,Ναασσών,,,Greek,New Testament
G3477,Ναγγαί,Ναγγαί,,,Greek,New Testament
G3478,Ναζαρέτ,Ναζαρέτ,,,Greek,New Testament
G3479,Ναζαρηνός,Ναζαρέτ,,,Greek,New Testament
G3480,Ναζωραῖος,Ναζαρέτ,,,Greek,New Testament
G3481,Ναθάν,Ναθάν,,,Greek,New Testament
G3482,Ναθαναήλ,Ναθαναήλ,,,Greek,New Testament
G3483,ναί,ναί,,,Greek,New Testament
G3484,Ναΐν,Ναΐν,,,Greek,New Testament
G3485,ναός,ναός,నాఒస్,ఆలయం,Greek,New Testament
G3486,Ναούμ,Ναούμ,,,Greek,New Testament
G3487,νάρδος,νάρδος,,,Greek,New Testament
G3488,Νάρκισσος,Νάρκισσος,,,Greek,New Testament
G3489,ναυαγέω,ναῦς+ἄγω,,,Greek,New Testament
G3490,ναύκληρος,ναῦς+κλάω,,,Greek,New Testament
G3491,ναῦς,ναῦς,,,Greek,New Testament
G3492,ναύτης,ναῦς,,,Greek,New Testament
G3493,Ναχώρ,Ναχώρ,,,Greek,New Testament
G3494,νεανίας,νέος,,,Greek,New Testament
G3495,νεανίσκος,νέος,,,Greek,New Testament
G3496,Νεάπολις,νέος+πόλεμος+πολύς,,,Greek,New Testament
G3497,Νεεμάν,Νεεμάν,,,Greek,New Testament
G3498,νεκρός,νεκρός,నెక్రొస్,చనిపోయిన,Greek,New Testament
G3499,νεκρόω,νεκρός,,,Greek,New Testament
G3500,νέκρωσις,νεκρός,,,Greek,New Testament
G3501,νέος,νέος,,,Greek,New Testament
G3502,νεοσσός,νέος,,,Greek,New Testament
G3503,νεότης,νέος,,,Greek,New Testament
G3504,νεόφυτος,νέος+φύω,,,Greek,New Testament
G3505,Νέρων,Νέρων,,,Greek,New Testament
G3506,νεύω,νεύω,,,Greek,New Testament
G3507,νεφέλη,νέφος,,,Greek,New Testament
G3508,Νεφθαλείμ,Νεφθαλείμ,,,Greek,New Testament
G3509,νέφος,νέφος,,,Greek,New Testament
G3510,νεφρός,νεφρός,,,Greek,New Testament
G3511,νεωκόρος,ναός,,,Greek,New Testament
G3512,νεωτερικός,νέος,,,Greek,New Testament
G3513,νή,ναί,,,Greek,New Testament
G3514,νήθω,νήθω,,,Greek,New Testament
G3515,νηπιάζω,ῥέω+ῥέω+φημί,,,Greek,New Testament
G3516,νήπιος,ῥέω+ῥέω+φημί,,,Greek,New Testament
G3517,Νηρεύς,ναῦς,,,Greek,New Testament
G3518,Νηρί,Νηρί,,,Greek,New Testament
G3519,νησίον,ναῦς,,,Greek,New Testament
G3520,νῆσος,ναῦς,,,Greek,New Testament
G3521,νηστεία,ἐσθίω,,,Greek,New Testament
G3522,νηστεύω,ἐσθίω,,,Greek,New Testament
G3523,νῆστις,ἐσθίω,,,Greek,New Testament
G3524,νηφάλιος,νήφω,,,Greek,New Testament
G3525,νήφω,νήφω,,,Greek,New Testament
G3526,Νίγερ,Νίγερ,,,Greek,New Testament
G3527,Νικάνωρ,νίκη,,,Greek,New Testament
G3528,νικάω,νίκη,,,Greek,New Testament
G3529,νίκη,νίκη,,,Greek,New Testament
G3530,Νικόδημος,νίκη+δέω,,,Greek,New Testament
G3531,Νικολαΐτης,νίκη+λαός,,,Greek,New Testament
G3532,Νικόλαος,νίκη+λαός,,,Greek,New Testament
G3533,Νικόπολις,νίκη+πόλεμος+πολύς,,,Greek,New Testament
G3534,νῖκος,νίκη,,,Greek,New Testament
G3535,Νινευΐ,Νινευΐ,,,Greek,New Testament
G3536,Νινευΐτης,Νινευΐ,,,Greek,New Testament
G3537,νιπτήρ,νίπτω,,,Greek,New Testament
G3538,νίπτω,νίπτω,,,Greek,New Testament
G3539,νοιέω,γινώσκω,,,Greek,New Testament
G3540,νόημα,γινώσκω,,,Greek,New Testament
G3541,νόθος,νόθος,,,Greek,New Testament
G3542,νομή,νόμος,,,Greek,New Testament
G3543,νομίζω,νόμος,,,Greek,New Testament
G3544,νομικός,νόμος,,,Greek,New Testament
G3545,νομίμως,νόμος,,,Greek,New Testament
G3546,νόμισμα,νόμος,,,Greek,New Testament
G3547,νομοδιδάσκαλος,νόμος+διδάσκω,,,Greek,New Testament
G3548,νομοθεσία,νόμος+τίθημι,,,Greek,New Testament
G3549,νομοθετέω,νόμος+τίθημι,,,Greek,New Testament
G3550,νομοθέτης,νόμος+τίθημι,,,Greek,New Testament
G3551,νόμος,νόμος,నొమొస్,ధర్మశాస్త్రం,Greek,New Testament
G3552,νοσέω,νόσος,,,Greek,New Testament
G3553,νόσημα,νόσος,,,Greek,New Testament
G3554,νόσος,νόσος,,,Greek,New Testament
G3555,νοσσιά,νέος,,,Greek,New Testament
G3556,νοσσίον,νέος,,,Greek,New Testament
G3557,νοσφίζομαι,νοσφίζομαι,,,Greek,New Testament
G3558,νότος,νότος,,,Greek,New Testament
G3559,νουθεσία,γινώσκω+τίθημι,,,Greek,New Testament
G3560,νουθετέω,γινώσκω+τίθημι,,,Greek,New Testament
G3561,νουμηνία,νέος+μήν+ὥρα+ἑδραῖος,,,Greek,New Testament
G3562,νουνεχῶς,γινώσκω+σχέω,,,Greek,New Testament
G3563,νοῦς,γινώσκω,,,Greek,New Testament
G3564,Νυμφᾶς,νύμφη+δῶρον,,,Greek,New Testament
G3565,νύμφη,νύμφη,,,Greek,New Testament
G3566,νυμφίος,νύμφη,,,Greek,New Testament
G3567,νυμφών,νύμφη,,,Greek,New Testament
G3568,νῦν,νῦν,నూన్,ఇప్పుడు,Greek,New Testament
G3569,τὰ νῦν,τό+νῦν,,,Greek,New Testament
G3570,νυνί,νῦν,,,Greek,New Testament
G3571,νύξ,νύξ,,,Greek,New Testament
G3572,νύσσω,νύσσω,,,Greek,New Testament
G3573,νυστάζω,νεύω,,,Greek,New Testament
G3574,νυχθήμερον,νύξ+ὥρα+ἑδραῖος,,,Greek,New Testament
G3575,Νῶε,Νῶε,,,Greek,New Testament
G3576,νωθρός,νόθος,,,Greek,New Testament
G3577,νῶτος,νῶτος,,,Greek,New Testament
G3578,ξενία,ξένος,,,Greek,New Testament
G3579,ξενίζω,ξένος,,,Greek,New Testament
G3580,ξενοδοχέω,ξένος+δέχομαι,,,Greek,New Testament
G3581,ξένος,ξένος,,,Greek,New Testament
G3582,ξέστης,ξέστης,,,Greek,New Testament
G3583,ξηραίνω,ξέστης,,,Greek,New Testament
G3584,ξηρός,ξέστης,,,Greek,New Testament
G3585,ξύλινος,ξέστης,,,Greek,New Testament
G3586,ξύλον,ξέστης,,,Greek,New Testament
G3587,ξυράω,ξέστης,,,Greek,New Testament
G3588,τό,τό,,,Greek,New Testament
G3589,ὀγδοήκοντα,ὀκτώ,,,Greek,New Testament
G3590,ὄγδοος,ὀκτώ,,,Greek,New Testament
G3591,ὄγκος,ἀγκάλη,,,Greek,New Testament
G3592,τόδε,τό+δέ,,,Greek,New Testament
G3593,ὁδεύω,ὁδός,,,Greek,New Testament
G3594,ὁδηγέω,ὁδός+ἄγω,,,Greek,New Testament
G3595,ὁδηγός,ὁδός+ἄγω,,,Greek,New Testament
G3596,ὁδοιπορέω,ὁδός+πέραν,,,Greek,New Testament
G3597,ὁδοιπορία,ὁδός+πέραν,,,Greek,New Testament
G3598,ὁδός,ὁδός,హొదొస్,మార్గం,Greek,New Testament
G3599,ὀδούς,ἐσθίω,,,Greek,New Testament
G3600,ὀδυνάω,δῦμι,,,Greek,New Testament
G3601,ὀδύνη,δῦμι,,,Greek,New Testament
G3602,ὀδυρμός,δῦμι,,,Greek,New Testament
G3603,ὅ ἐστι,τό+εἰμί,,,Greek,New Testament
G3604,Ὀζίας,Ὀζίας,,,Greek,New Testament
G3605,ὄζω,ὄζω,,,Greek,New Testament
G3606,ὅθεν,τό,,,Greek,New Testament
G3607,ὀθόνη,ὀθόνη,,,Greek,New Testament
G3608,ὀθόνιον,ὀθόνη,,,Greek,New Testament
G3609,οἰκεῖος,οἶκος,,,Greek,New Testament
G3610,οἰκέτης,οἶκος,,,Greek,New Testament
G3611,οἰκέω,οἶκος,,,Greek,New Testament
G3612,οἴκημα,οἶκος,,,Greek,New Testament
G3613,οἰκητήριον,οἶκος+οἶκος,,,Greek,New Testament
G3614,οἰκία,οἶκος,ఒఇకియా,ఇల్లు,Greek,New Testament
G3615,οἰκιακός,οἶκος,,,Greek,New Testament
G3616,οἰκοδεσποτέω,οἶκος+δέω,,,Greek,New Testament
G3617,οἰκοδεσπότης,οἶκος+δέω,,,Greek,New Testament
G3618,οἰκοδομέω,οἶκος+δῶμα,,,Greek,New Testament
G3619,οἰκοδομή,οἶκος+δῶμα,,,Greek,New Testament
G3620,οἰκοδομία,οἶκος+δῶμα,,,Greek,New Testament
G3621,οἰκονομέω,οἶκος+νόμος,,,Greek,New Testament
G3622,οἰκονομία,οἶκος+νόμος,,,Greek,New Testament
G3623,οἰκονόμος,οἶκος+νόμος,,,Greek,New Testament
G3624,οἶκος,οἶκος,ఒఇకొస్,ఇల్లు,Greek,New Testament
G3625,οἰκουμένη,οἶκος+γῆ,,,Greek,New Testament
G3626,οἰκουρός,οἶκος,,,Greek,New Testament
G3627,οἰκτερέω,οἰκτερέω,,,Greek,New Testament
G3628,οἰκτιρμός,οἰκτερέω,,,Greek,New Testament
G3629,οἰκτίρμων,οἰκτερέω,,,Greek,New Testament
G3630,οἰνοπότης,οἶνος+πίνω,,,Greek,New Testament
G3631,οἶνος,οἶνος,,,Greek,New Testament
G3632,οἰνοφλυγία,οἶνος+φλύαρος,,,Greek,New Testament
G3633,οἶμαι,τό+τό+τό,,,Greek,New Testament
G3634,οἷος,τό+τό+τό,,,Greek,New Testament
G3635,ὀκνέω,ὀκνέω,,,Greek,New Testament
G3636,ὀκνηρός,ὀκνέω,,,Greek,New Testament
G3637,ὀκταήμερος,ὀκτώ+ὥρα+ἑδραῖος,,,Greek,New Testament
G3638,ὀκτώ,ὀκτώ,,,Greek,New Testament
G3639,ὄλεθρος,ὄλεθρος,,,Greek,New Testament
G3640,ὀλιγόπιστος,ὀλίγος+πείθω,,,Greek,New Testament
G3641,ὀλίγος,ὀλίγος,,,Greek,New Testament
G3642,ὀλιγόψυχος,ὀλίγος+ψύχω,,,Greek,New Testament
G3643,ὀλιγωρέω,ὀλίγος,,,Greek,New Testament
G3644,ὀλοθρευτής,ὄλεθρος,,,Greek,New Testament
G3645,ὀλοθρεύω,ὄλεθρος,,,Greek,New Testament
G3646,ὁλοκαύτωμα,ὅλος+καίω,,,Greek,New Testament
G3647,ὁλοκληρία,ὅλος+κλάω,,,Greek,New Testament
G3648,ὁλόκληρος,ὅλος+κλάω,,,Greek,New Testament
G3649,ὀλολύζω,ὀλολύζω,,,Greek,New Testament
G3650,ὅλος,ὅλος,,,Greek,New Testament
G3651,ὁλοτελής,ὅλος+τέλος,,,Greek,New Testament
G3652,Ὀλυμπᾶς,Ὀλυμπᾶς,,,Greek,New Testament
G3653,ὄλυνθος,ὄλυνθος,,,Greek,New Testament
G3654,ὅλως,ὅλος,,,Greek,New Testament
G3655,ὄμβρος,ὄμβρος,,,Greek,New Testament
G3656,ὁμιλέω,ὁμοῦ+αἴρω,,,Greek,New Testament
G3657,ὁμιλία,ὁμοῦ+αἴρω,,,Greek,New Testament
G3658,ὅμιλος,ὁμοῦ+αἴρω,,,Greek,New Testament
G3659,ὄμμα,ὁράω,,,Greek,New Testament
G3660,ὀμνύω,ὀμνύω,,,Greek,New Testament
G3661,ὁμοθυμαδόν,ὁμοῦ+θύω,,,Greek,New Testament
G3662,ὁμοιάζω,ὁμοῦ,,,Greek,New Testament
G3663,ὁμοιοπαθής,ὁμοῦ+πένθω,,,Greek,New Testament
G3664,ὅμοιος,ὁμοῦ,,,Greek,New Testament
G3665,ὁμοιότης,ὁμοῦ,,,Greek,New Testament
G3666,ὁμοιόω,ὁμοῦ,,,Greek,New Testament
G3667,ὁμοίωμα,ὁμοῦ,,,Greek,New Testament
G3668,ὁμοίως,ὁμοῦ,,,Greek,New Testament
G3669,ὁμοίωσις,ὁμοῦ,,,Greek,New Testament
G3670,ὁμολογέω,ὁμοῦ+λέγω,,,Greek,New Testament
G3671,ὁμολογία,ὁμοῦ+λέγω,,,Greek,New Testament
G3672,ὁμολογουμένως,ὁμοῦ+λέγω,,,Greek,New Testament
G3673,ὁμότεχνος,ὁμοῦ+τίκτω,,,Greek,New Testament
G3674,ὁμοῦ,ὁμοῦ,,,Greek,New Testament
G3675,ὁμόφρων,ὁμοῦ+φράσσω,,,Greek,New Testament
G3676,ὅμως,ὁμοῦ,,,Greek,New Testament
G3677,ὄναρ,ὄναρ,,,Greek,New Testament
G3678,ὀνάριον,ὄνος,,,Greek,New Testament
G3679,ὀνειδίζω,γινώσκω+ὀνίνημι,,,Greek,New Testament
G3680,ὀνειδισμός,γινώσκω+ὀνίνημι,,,Greek,New Testament
G3681,ὄνειδος,γινώσκω+ὀνίνημι,,,Greek,New Testament
G3682,Ὀνήσιμος,ὀνίνημι,,,Greek,New Testament
G3683,Ὀνησίφορος,ὀνίνημι+φέρω,,,Greek,New Testament
G3684,ὀνικός,ὄνος,,,Greek,New Testament
G3685,ὀνίνημι,ὀνίνημι,,,Greek,New Testament
G3686,ὄνομα,γινώσκω+ὀνίνημι,ఓనొమా,పేరు,Greek,New Testament
G3687,ὀνομάζω,γινώσκω+ὀνίνημι,,,Greek,New Testament
G3688,ὄνος,ὄνος,,,Greek,New Testament
G3689,ὄντως,εἰμί,,,Greek,New Testament
G3690,ὄξος,ἀκμήν,,,Greek,New Testament
G3691,ὀξύς,ἀκμήν,,,Greek,New Testament
G3692,ὀπή,ὁράω,,,Greek,New Testament
G3693,ὄπισθεν,ὄπισθεν,,,Greek,New Testament
G3694,ὀπίσω,ὄπισθεν,,,Greek,New Testament
G3695,ὁπλίζω,ὅπλον,,,Greek,New Testament
G3696,ὅπλον,ὅπλον,,,Greek,New Testament
G3697,ὁποῖος,τό+τό+τό+τό+τό,,,Greek,New Testament
G3698,ὁπότε,τό+τό+τέ,,,Greek,New Testament
G3699,ὅπου,τό+τό,,,Greek,New Testament
G3700,ὀπτάνομαι,ὁράω,,,Greek,New Testament
G3701,ὀπτασία,ὁράω,,,Greek,New Testament
G3702,ὀπτός,ὀπτός,,,Greek,New Testament
G3703,ὀπώρα,ὄπισθεν+ὥρα,,,Greek,New Testament
G3704,ὅπως,τό+τό,,,Greek,New Testament
G3705,ὅραμα,ὁράω,,,Greek,New Testament
G3706,ὅρασις,ὁράω,,,Greek,New Testament
G3707,ὁρατός,ὁράω,,,Greek,New Testament
G3708,ὁράω,ὁράω,,,Greek,New Testament
G3709,ὀργή,αἴρω+αἴρω,,,Greek,New Testament
G3710,ὀργίζω,αἴρω+αἴρω,,,Greek,New Testament
G3711,ὀργίλος,αἴρω+αἴρω,,,Greek,New Testament
G3712,ὀργυιά,αἴρω+αἴρω,,,Greek,New Testament
G3713,ὀρέγομαι,αἴρω+αἴρω,,,Greek,New Testament
G3714,ὀρεινός,αἴρω+αἴρω,,,Greek,New Testament
G3715,ὄρεξις,αἴρω+αἴρω,,,Greek,New Testament
G3716,ὀρθοποδέω,αἴρω+αἴρω+πούς,,,Greek,New Testament
G3717,ὀρθός,αἴρω+αἴρω,,,Greek,New Testament
G3718,ὀρθοτομέω,αἴρω+αἴρω+κόπτω,,,Greek,New Testament
G3719,ὀρθρίζω,αἴρω+αἴρω,,,Greek,New Testament
G3720,ὀρθρινός,αἴρω+αἴρω,,,Greek,New Testament
G3721,ὄρθριος,αἴρω+αἴρω,,,Greek,New Testament
G3722,ὄρθρος,αἴρω+αἴρω,,,Greek,New Testament
G3723,ὀρθῶς,αἴρω+αἴρω,,,Greek,New Testament
G3724,ὁρίζω,ὅριον,,,Greek,New Testament
G3725,ὅριον,ὅριον,,,Greek,New Testament
G3726,ὁρκίζω,ὅριον,,,Greek,New Testament
G3727,ὅρκος,ὅριον,,,Greek,New Testament
G3728,ὁρκωμοσία,ὅριον+ὀμνύω,,,Greek,New Testament
G3729,ὁρμάω,ὁρμή,,,Greek,New Testament
G3730,ὁρμή,ὁρμή,,,Greek,New Testament
G3731,ὅρμημα,ὁρμή,,,Greek,New Testament
G3732,ὄρνεον,αἴρω,,,Greek,New Testament
G3733,ὄρνις,αἴρω,,,Greek,New Testament
G3734,ὁροθεσία,ὅριον+τίθημι,,,Greek,New Testament
G3735,ὄρος,αἴρω+αἴρω,,,Greek,New Testament
G3736,ὀρύσσω,ὀρύσσω,,,Greek,New Testament
G3737,ὀρφανός,ὀρφανός,,,Greek,New Testament
G3738,ὀρχέομαι,ὀρχέομαι,,,Greek,New Testament
G3739,ὅ,τό,,,Greek,New Testament
G3740,ὁσάκις,τό,,,Greek,New Testament
G3741,ὅσιος,ὅσιος,హొసియొస్,పరిశుద్ధుడు,Greek,New Testament
G3742,ὁσιότης,ὅσιος,,,Greek,New Testament
G3743,ὁσίως,ὅσιος,,,Greek,New Testament
G3744,ὀσμή,ὄζω,,,Greek,New Testament
G3745,ὅσος,τό,,,Greek,New Testament
G3746,ὅσπερ,τό+πέραν,,,Greek,New Testament
G3747,ὀστοῦν,ὀστοῦν,,,Greek,New Testament
G3748,ὅτι,τό+τὶς,,,Greek,New Testament
G3749,ὀστράκινος,ὀστράκινος,,,Greek,New Testament
G3750,ὄσφρησις,ὄζω,,,Greek,New Testament
G3751,ὀσφῦς,ὀσφῦς,,,Greek,New Testament
G3752,ὅταν,τό+τέ+ἄν,,,Greek,New Testament
G3753,ὅτε,τό+τέ,,,Greek,New Testament
G3754,ὅτι,τό+τὶς,హొటి,ఎందుకంటే,Greek,New Testament
G3755,ὅτου,τό+τὶς,,,Greek,New Testament
G3756,οὐχ,οὐχ,ఊ,లేదు,Greek,New Testament
G3757,οὗ,τό,,,Greek,New Testament
G3758,οὐά,οὐά,,,Greek,New Testament
G3759,οὐαί,οὐαί,,,Greek,New Testament
G3760,οὐδαμῶς,οὐχ+δέ+ἕν,,,Greek,New Testament
G3761,οὐδέ,οὐχ+δέ,ఊదె,కాదు,Greek,New Testament
G3762,οὐδέν,οὐχ+δέ+ἕν,,,Greek,New Testament
G3763,οὐδέποτε,οὐχ+δέ+τό+τέ,,,Greek,New Testament
G3764,οὐδέπω,οὐχ+δέ+τό,,,Greek,New Testament
G3765,οὐκ ἔτι,οὐχ+ἔτος,,,Greek,New Testament
G3766,οὐκοῦν,οὐχ+οὖν,,,Greek,New Testament
G3767,οὖν,οὖν,,,Greek,New Testament
G3768,οὔπω,οὐχ+τό,,,Greek,New Testament
G3769,οὐρά,οὐρά,,,Greek,New Testament
G3770,οὐράνιος,αἴρω+αἴρω,,,Greek,New Testament
G3771,οὐρανόθεν,αἴρω+αἴρω,,,Greek,New Testament
G3772,οὐρανός,αἴρω+αἴρω,ఊరానొస్,ఆకాశం,Greek,New Testament
G3773,Οὐρβανός,Οὐρβανός,,,Greek,New Testament
G3774,Οὐρίας,Οὐρίας,,,Greek,New Testament
G3775,οὖς,οὖς,,,Greek,New Testament
G3776,οὐσία,εἰμί,,,Greek,New Testament
G3777,οὔτε,οὐχ+τέ,,,Greek,New Testament
G3778,αὕται,τό+ἀήρ,,,Greek,New Testament
G3779,οὕτως,τό+ἀήρ,,,Greek,New Testament
G3780,οὐχί,οὐχ,,,Greek,New Testament
G3781,ὀφειλέτης,ὄφελος,,,Greek,New Testament
G3782,ὀφειλή,ὄφελος,,,Greek,New Testament
G3783,ὀφείλημα,ὄφελος,,,Greek,New Testament
G3784,ὀφειλέω,ὄφελος,,,Greek,New Testament
G3785,ὄφελον,ὄφελος,,,Greek,New Testament
G3786,ὄφελος,ὄφελος,,,Greek,New Testament
G3787,ὀφθαλμοδουλεία,ὁράω+δέω,,,Greek,New Testament
G3788,ὀφθαλμός,ὁράω,ఒఫ్థాల్మొస్,కన్ను,Greek,New Testament
G3789,ὄφις,ὁράω,,,Greek,New Testament
G3790,ὀφρῦς,ὁράω,,,Greek,New Testament
G3791,ὀχλέω,σχέω,,,Greek,New Testament
G3792,ὀχλοποιέω,σχέω+ποιέω,,,Greek,New Testament
G3793,ὄχλος,σχέω,,,Greek,New Testament
G3794,ὀχύρωμα,σχέω,,,Greek,New Testament
G3795,ὀψάριον,ὀπτός,,,Greek,New Testament
G3796,ὀψέ,ὄπισθεν,,,Greek,New Testament
G3797,ὄψιμος,ὄπισθεν,,,Greek,New Testament
G3798,ὄψιος,ὄπισθεν,,,Greek,New Testament
G3799,ὄψις,ὁράω,,,Greek,New Testament
G3800,ὀψώνιον,ὀπτός,,,Greek,New Testament
G3801,ὁ ὢν καί ὁ ἦν καί ὁ ἐρχόμενος,τό+εἰμί+ἔρχομαι+καί,,,Greek,New Testament
G3802,παγιδεύω,πήγνυμι,,,Greek,New Testament
G3803,παγίς,πήγνυμι,,,Greek,New Testament
G3804,πάθημα,πένθω,,,Greek,New Testament
G3805,παθητός,πένθω,,,Greek,New Testament
G3806,πάθος,πένθω,,,Greek,New Testament
G3807,παιδαγωγός,παίω+ἄγω,,,Greek,New Testament
G3808,παιδάριον,παίω,,,Greek,New Testament
G3809,παιδεία,παίω,,,Greek,New Testament
G3810,παιδευτής,παίω,,,Greek,New Testament
G3811,παιδεύω,παίω,,,Greek,New Testament
G3812,παιδιόθεν,παίω,,,Greek,New Testament
G3813,παιδίον,παίω,,,Greek,New Testament
G3814,παιδίσκη,παίω,,,Greek,New Testament
G3815,παίζω,παίω,,,Greek,New Testament
G3816,παῖς,παίω,పైస్,బాలుడు,Greek,New Testament
G3817,παίω,παίω,,,Greek,New Testament
G3818,Πακατιανή,Πακατιανή,,,Greek,New Testament
G3819,πάλαι,βάλλω,,,Greek,New Testament
G3820,παλαιός,βάλλω,,,Greek,New Testament
G3821,παλαιότης,βάλλω,,,Greek,New Testament
G3822,παλαιόω,βάλλω,,,Greek,New Testament
G3823,πάλη,βάλλω,,,Greek,New Testament
G3824,παλιγγενεσία,βάλλω+γίνομαι,,,Greek,New Testament
G3825,πάλιν,βάλλω,,,Greek,New Testament
G3826,παμπληθεί,πᾶς+πλήθω,,,Greek,New Testament
G3827,πάμπολυς,πᾶς+πολύς,,,Greek,New Testament
G3828,Παμφυλία,πᾶς+πῦρ,,,Greek,New Testament
G3829,πανδοχεῖον,πᾶς+δέχομαι,,,Greek,New Testament
G3830,πανδοχεύς,πᾶς+δέχομαι,,,Greek,New Testament
G3831,πανήγυρις,πᾶς+ἐγείρω,,,Greek,New Testament
G3832,πανοικί,πᾶς+οἶκος,,,Greek,New Testament
G3833,πανοπλία,πᾶς+ὅπλον,,,Greek,New Testament
G3834,πανουργία,πᾶς+ἔργον,,,Greek,New Testament
G3835,πανοῦργος,πᾶς+ἔργον,,,Greek,New Testament
G3836,πανταχόθεν,πᾶς,,,Greek,New Testament
G3837,πανταχοῦ,πᾶς,,,Greek,New Testament
G3838,παντελής,πᾶς+τέλος,,,Greek,New Testament
G3839,πάντη,πᾶς,,,Greek,New Testament
G3840,πάντοθεν,πᾶς,,,Greek,New Testament
G3841,παντοκράτωρ,πᾶς+κράτος,,,Greek,New Testament
G3842,πάντοτε,πᾶς+τό+τέ,,,Greek,New Testament
G3843,πάντως,πᾶς,,,Greek,New Testament
G3844,παρά,παρά,,,Greek,New Testament
G3845,παραβαίνω,παρά+βάσις,,,Greek,New Testament
G3846,παραβάλλω,παρά+βάλλω,,,Greek,New Testament
G3847,παράβασις,παρά+βάσις,,,Greek,New Testament
G3848,παραβάτης,παρά+βάσις,,,Greek,New Testament
G3849,παραβιάζομαι,παρά+βίος,,,Greek,New Testament
G3850,παραβολή,παρά+βάλλω,,,Greek,New Testament
G3851,παραβουλεύομαι,παρά+βούλομαι,,,Greek,New Testament
G3852,παραγγελία,παρά+ἄγω,,,Greek,New Testament
G3853,παραγγέλλω,παρά+ἄγω,,,Greek,New Testament
G3854,παραγίνομαι,παρά+γίνομαι,పారాగినొమై,వచ్చు,Greek,New Testament
G3855,παράγω,παρά+ἄγω,,,Greek,New Testament
G3856,παραδειγματίζω,παρά+δεικνύω,,,Greek,New Testament
G3857,παράδεισος,παράδεισος,,,Greek,New Testament
G3858,παραδέχομαι,παρά+δέχομαι,,,Greek,New Testament
G3859,παραδιατριβή,παρά+διά+θραύω+τρίζω+θραύω+τρίζω,,,Greek,New Testament
G3860,παραδίδωμι,παρά+δίδωμι,పారాదిదొమి,అప్పగించు,Greek,New Testament
G3861,παράδοξος,παρά+δοκέω,,,Greek,New Testament
G3862,παράδοσις,παρά+δίδωμι,పారాదొసిస్,సంప్రదాయం,Greek,New Testament
G3863,παραζηλόω,παρά+ζέω,,,Greek,New Testament
G3864,παραθαλάσσιος,παρά+ἅλς,,,Greek,New Testament
G3865,παραθεωρέω,παρά+θεάομαι+ὁράω,,,Greek,New Testament
G3866,παραθήκη,παρά+τίθημι,,,Greek,New Testament
G3867,παραινέω,παρά+αἶνος,,,Greek,New Testament
G3868,παραιτέομαι,παρά+αἰτέω,,,Greek,New Testament
G3869,παρακαθίζω,παρά+κατά+ἑδραῖος,,,Greek,New Testament
G3870,παρακαλέω,παρά+κελεύω,,,Greek,New Testament
G3871,παρακαλύπτω,παρά+κλέπτω+κρύπτω,,,Greek,New Testament
G3872,παρακαταθήκη,παρά+κατά+τίθημι,,,Greek,New Testament
G3873,παράκειμαι,παρά+κεῖμαι,,,Greek,New Testament
G3874,παράκλησις,παρά+κελεύω,,,Greek,New Testament
G3875,παράκλητος,παράκλητος,,,Greek,New Testament
G3876,παρακοή,παρά+ἀκούω,,,Greek,New Testament
G3877,παρακολουθέω,παρά+ἄν,,,Greek,New Testament
G3878,παρακούω,παρά+ἀκούω,,,Greek,New Testament
G3879,παρακύπτω,παρά+κῦμα,,,Greek,New Testament
G3880,παραλαμβάνω,παρά+δέχομαι,పారాలామ్బానొ,స్వీకరించు,Greek,New Testament
G3881,παραλέγομαι,παρά+λέγω,,,Greek,New Testament
G3882,παράλιος,παρά+ἅλς,,,Greek,New Testament
G3883,παραλλαγή,παρά+ἄλλος,,,Greek,New Testament
G3884,παραλογίζομαι,παρά+λέγω,,,Greek,New Testament
G3885,παραλυτικός,παρά+λύω,,,Greek,New Testament
G3886,παραλύω,παρά+λύω,,,Greek,New Testament
G3887,παραμένω,παρά+μένω,,,Greek,New Testament
G3888,παραμυθέομαι,παρά+μυστήριον,,,Greek,New Testament
G3889,παραμυθία,παρά+μυστήριον,,,Greek,New Testament
G3890,παραμύθιον,παρά+μυστήριον,,,Greek,New Testament
G3891,παρανομέω,παρά+νόμος,,,Greek,New Testament
G3892,παρανομία,παρά+νόμος,,,Greek,New Testament
G3893,παραπικραίνω,παρά+πήγνυμι,,,Greek,New Testament
G3894,παραπικρασμός,παρά+πήγνυμι,,,Greek,New Testament
G3895,παραπίπτω,παρά+πτάομαι,,,Greek,New Testament
G3896,παραπλέω,παρά+πλύνω,,,Greek,New Testament
G3897,παραπλήσιον,παρά+πλησίον,,,Greek,New Testament
G3898,παραπλησίως,παρά+πλησίον,,,Greek,New Testament
G3899,παραπορεύομαι,παρά+πέραν,,,Greek,New Testament
G3900,παράπτωμα,παρά+πτάομαι,,,Greek,New Testament
G3901,παραῤῥυέω,παρά+ῥέω,,,Greek,New Testament
G3902,παράσημος,παρά+σημαίνω,,,Greek,New Testament
G3903,παρασκευάζω,παρά+σκεῦος,,,Greek,New Testament
G3904,παρασκευή,παρά+σκεῦος,,,Greek,New Testament
G3905,παρατείνω,παρά,,,Greek,New Testament
G3906,παρατηρέω,παρά+θεάομαι+ὁράω,,,Greek,New Testament
G3907,παρατήρησις,παρά+θεάομαι+ὁράω,,,Greek,New Testament
G3908,παρατίθημι,παρά+τίθημι,,,Greek,New Testament
G3909,παρατυγχάνω,παρά+τυγχάνω,,,Greek,New Testament
G3910,παραυτίκα,παρά+ἀήρ,,,Greek,New Testament
G3911,παραφέρω,παρά+φέρω,,,Greek,New Testament
G3912,παραφρονέω,παρά+φράσσω,,,Greek,New Testament
G3913,παραφρονία,παρά+φράσσω,,,Greek,New Testament
G3914,παραχειμάζω,παρά+χειμών,,,Greek,New Testament
G3915,παραχειμασία,παρά+χειμών,,,Greek,New Testament
G3916,παραχρῆμα,παρά+χρῆμα,,,Greek,New Testament
G3917,πάρδαλις,πάρδαλις,,,Greek,New Testament
G3918,πάρειμι,παρά+εἰμί,,,Greek,New Testament
G3919,παρεισάγω,παρά+εἰς+ἄγω,,,Greek,New Testament
G3920,παρείσακτος,παρά+εἰς+ἄγω,,,Greek,New Testament
G3921,παρεισδύνω,παρά+εἰς+δῦμι,,,Greek,New Testament
G3922,παρεισέρχομαι,παρά+εἰς+ἔρχομαι,,,Greek,New Testament
G3923,παρεισφέρω,παρά+εἰς+φέρω,,,Greek,New Testament
G3924,παρεκτός,παρά+ἐξ,,,Greek,New Testament
G3925,παρεμβολή,παρά+εἰς+ἐξ+βάλλω,,,Greek,New Testament
G3926,παρενοχλέω,παρά+εἰς+ἐξ+σχέω,,,Greek,New Testament
G3927,παρεπίδημος,παρά+ἐπί+δέω,,,Greek,New Testament
G3928,παρέρχομαι,παρά+ἔρχομαι,,,Greek,New Testament
G3929,πάρεσις,κτάομαι,,,Greek,New Testament
G3930,παρέχω,παρά+σχέω,,,Greek,New Testament
G3931,παρηγορία,παρά+ἐγείρω,,,Greek,New Testament
G3932,παρθενία,παρθένος,,,Greek,New Testament
G3933,παρθένος,παρθένος,,,Greek,New Testament
G3934,Πάρθος,Πάρθος,,,Greek,New Testament
G3935,παρίημι,παρά,,,Greek,New Testament
G3936,παριστάνω,παρά+ἵστημι,,,Greek,New Testament
G3937,Παρμενᾶς,παρά+μένω,,,Greek,New Testament
G3938,πάροδος,παρά+ὁδός,,,Greek,New Testament
G3939,παροικέω,παρά+οἶκος,,,Greek,New Testament
G3940,παροικία,παρά+οἶκος,,,Greek,New Testament
G3941,πάροικος,παρά+οἶκος,,,Greek,New Testament
G3942,παροιμία,παρά+τό+τό+τό,,,Greek,New Testament
G3943,πάροινος,παρά+οἶνος,,,Greek,New Testament
G3944,παροίχομαι,παρά,,,Greek,New Testament
G3945,παρομοιάζω,παρά+ὁμοῦ,,,Greek,New Testament
G3946,παρόμοιος,παρά+ὁμοῦ,,,Greek,New Testament
G3947,παροξύνω,παρά+ἀκμήν,,,Greek,New Testament
G3948,παροξυσμός,παρά+ἀκμήν,,,Greek,New Testament
G3949,παροργίζω,παρά+αἴρω+αἴρω,,,Greek,New Testament
G3950,παροργισμός,παρά+αἴρω+αἴρω,,,Greek,New Testament
G3951,παροτρύνω,παρά,,,Greek,New Testament
G3952,παρουσία,παρά+εἰμί,పారూసియా,రాకడ,Greek,New Testament
G3953,παροψίς,παρά+ὀπτός,,,Greek,New Testament
G3954,παῤῥησία,πᾶς+ῥέω,,,Greek,New Testament
G3955,παῤῥησιάζομαι,πᾶς+ῥέω,,,Greek,New Testament
G3956,πᾶς,πᾶς,పాస్,అన్ని,Greek,New Testament
G3957,πάσχα,πάσχα,,,Greek,New Testament
G3958,πένθω,πένθω,,,Greek,New Testament
G3959,Πάταρα,Πάταρα,,,Greek,New Testament
G3960,πατάσσω,παίω,,,Greek,New Testament
G3961,πατέω,παίω,,,Greek,New Testament
G3962,πατήρ,πατήρ,పాటేర్,తండ్రి,Greek,New Testament
G3963,Πάτμος,Πάτμος,,,Greek,New Testament
G3964,πατραλῴας,πατήρ+μήτηρ+εἱλίσσω,,,Greek,New Testament
G3965,πατριά,πατήρ,,,Greek,New Testament
G3966,πατριάρχης,πατήρ+ἄρχω,,,Greek,New Testament
G3967,πατρικός,πατήρ,,,Greek,New Testament
G3968,πατρίς,παρά+σημαίνω,,,Greek,New Testament
G3969,Πατροβᾶς,πατήρ+βίος,,,Greek,New Testament
G3970,πατροπαράδοτος,πατήρ+παρά+δίδωμι,,,Greek,New Testament
G3971,πατρῷος,πατήρ,,,Greek,New Testament
G3972,Παῦλος,Παῦλος,,,Greek,New Testament
G3973,παύω,παύω,,,Greek,New Testament
G3974,Πάφος,Πάφος,,,Greek,New Testament
G3975,παχύνω,πήγνυμι,,,Greek,New Testament
G3976,πέδη,πούς,,,Greek,New Testament
G3977,πεδινός,πούς,,,Greek,New Testament
G3978,πεζεύω,πούς,,,Greek,New Testament
G3979,πεζῇ,πούς,,,Greek,New Testament
G3980,πειθαρχέω,πείθω+ἄρχω,,,Greek,New Testament
G3981,πειθός,πείθω,,,Greek,New Testament
G3982,πείθω,πείθω,పీథొ,ఒప్పించు,Greek,New Testament
G3983,πεινάω,πένης,,,Greek,New Testament
G3984,πεῖρα,πέραν,,,Greek,New Testament
G3985,πειράζω,πέραν,,,Greek,New Testament
G3986,πειρασμός,πέραν,,,Greek,New Testament
G3987,πειράω,πέραν,,,Greek,New Testament
G3988,πεισμονή,πείθω,,,Greek,New Testament
G3989,πέλαγος,πέλαγος,,,Greek,New Testament
G3990,πελεκίζω,πλάσσω,,,Greek,New Testament
G3991,πέμπτος,πέντε,,,Greek,New Testament
G3992,πέμπω,πέμπω,,,Greek,New Testament
G3993,πένης,πένης,,,Greek,New Testament
G3994,πενθερά,πενθερός,,,Greek,New Testament
G3995,πενθερός,πενθερός,,,Greek,New Testament
G3996,πενθέω,πένθω,,,Greek,New Testament
G3997,πένθος,πένθω,,,Greek,New Testament
G3998,πενιχρός,πένης,,,Greek,New Testament
G3999,πεντάκις,πέντε,,,Greek,New Testament
G4000,πεντακισχίλιοι,πέντε+χίλιοι,,,Greek,New Testament
G4001,πεντακόσιοι,πέντε+ἑκατόν,,,Greek,New Testament
G4002,πέντε,πέντε,,,Greek,New Testament
G4003,πεντεκαιδέκατος,πέντε+καί+δέκα,,,Greek,New Testament
G4004,πεντήκοντα,πέντε,,,Greek,New Testament
G4005,πεντηκοστή,πέντε,,,Greek,New Testament
G4006,πεποίθησις,πένθω,,,Greek,New Testament
G4007,περ,πέραν,,,Greek,New Testament
G4008,πέραν,πέραν,,,Greek,New Testament
G4009,πέρας,πέραν,,,Greek,New Testament
G4010,Πέργαμος,πύργος,,,Greek,New Testament
G4011,Πέργη,πύργος,,,Greek,New Testament
G4012,περί,πέραν,,,Greek,New Testament
G4013,περιάγω,πέραν+ἄγω,,,Greek,New Testament
G4014,περιαιρέω,πέραν+αἴρω,,,Greek,New Testament
G4015,περιαστράπτω,πέραν+ἵστημι,,,Greek,New Testament
G4016,περιβάλλω,πέραν+βάλλω,,,Greek,New Testament
G4017,περιβλέπω,πέραν+βλέπω,,,Greek,New Testament
G4018,περιβόλαιον,πέραν+βάλλω,,,Greek,New Testament
G4019,περιδέω,πέραν+δέω,,,Greek,New Testament
G4020,περιεργάζομαι,πέραν+ἔργον,,,Greek,New Testament
G4021,περίεργος,πέραν+ἔργον,,,Greek,New Testament
G4022,περιέρχομαι,πέραν+ἔρχομαι,,,Greek,New Testament
G4023,περιέχω,πέραν+σχέω,,,Greek,New Testament
G4024,περιζώννυμι,πέραν+ζυγός,,,Greek,New Testament
G4025,περίθεσις,πέραν+τίθημι,,,Greek,New Testament
G4026,περιΐστημι,πέραν+ἵστημι,,,Greek,New Testament
G4027,περικάθαρμα,πέραν+καθαρός,,,Greek,New Testament
G4028,περικαλύπτω,πέραν+κλέπτω+κρύπτω,,,Greek,New Testament
G4029,περίκειμαι,πέραν+κεῖμαι,,,Greek,New Testament
G4030,περικεφαλαία,πέραν+κεφαλή,,,Greek,New Testament
G4031,περικρατής,πέραν+κράτος,,,Greek,New Testament
G4032,περικρύπτω,πέραν+κρύπτω,,,Greek,New Testament
G4033,περικυκλόω,πέραν+κῦμα,,,Greek,New Testament
G4034,περιλάμπω,πέραν+λάμπω,,,Greek,New Testament
G4035,περιλείπω,πέραν+λείπω,,,Greek,New Testament
G4036,περίλυπος,πέραν+λύπη,,,Greek,New Testament
G4037,περιμένω,πέραν+μένω,,,Greek,New Testament
G4038,πέριξ,πέραν,,,Greek,New Testament
G4039,περιοικέω,πέραν+οἶκος,,,Greek,New Testament
G4040,περίοικος,πέραν+οἶκος,,,Greek,New Testament
G4041,περιούσιος,εἰμί,,,Greek,New Testament
G4042,περιοχή,πέραν+σχέω,,,Greek,New Testament
G4043,περιπατέω,πέραν+παίω,పెరిపాటెఓ,నడుచు,Greek,New Testament
G4044,περιπείρω,πέραν+πέραν,,,Greek,New Testament
G4045,περιπίπτω,πέραν+πτάομαι,,,Greek,New Testament
G4046,περιποιέομαι,πέραν+ποιέω,,,Greek,New Testament
G4047,περιποίησις,πέραν+ποιέω,,,Greek,New Testament
G4048,περιῤῥήγνυμι,πέραν+κατά,,,Greek,New Testament
G4049,περισπάω,πέραν+σπάω,,,Greek,New Testament
G4050,περισσεία,πέραν,,,Greek,New Testament
G4051,περίσσευμα,πέραν,,,Greek,New Testament
G4052,περισσεύω,πέραν,,,Greek,New Testament
G4053,περισσός,πέραν,,,Greek,New Testament
G4054,περισσότερον,πέραν,,,Greek,New Testament
G4055,περισσότερος,πέραν,,,Greek,New Testament
G4056,περισσοτέρως,πέραν,,,Greek,New Testament
G4057,περισσῶς,πέραν,,,Greek,New Testament
G4058,περιστερά,περιστερά,,,Greek,New Testament
G4059,περιτέμνω,πέραν+κόπτω,,,Greek,New Testament
G4060,περιτίθημι,πέραν+τίθημι,,,Greek,New Testament
G4061,περιτομή,πέραν+κόπτω,,,Greek,New Testament
G4062,περιτρέπω,πέραν+τροπή,,,Greek,New Testament
G4063,περιτρέχω,πέραν+θρίξ,,,Greek,New Testament
G4064,περιφέρω,πέραν+φέρω,,,Greek,New Testament
G4065,περιφρονέω,πέραν+φράσσω,,,Greek,New Testament
G4066,περίχωρος,πέραν+χάσμα,,,Greek,New Testament
G4067,περίψωμα,πέραν,,,Greek,New Testament
G4068,περπερεύομαι,περπερεύομαι,,,Greek,New Testament
G4069,Περσίς,Περσίς,,,Greek,New Testament
G4070,πέρυσι,πέραν,,,Greek,New Testament
G4071,πετεινόν,πτάομαι,,,Greek,New Testament
G4072,πτάομαι,πτάομαι,,,Greek,New Testament
G4073,πέτρα,Πέτρος,,,Greek,New Testament
G4074,Πέτρος,Πέτρος,,,Greek,New Testament
G4075,πετρώδης,Πέτρος+εἴδω,,,Greek,New Testament
G4076,πήγανον,πήγνυμι,,,Greek,New Testament
G4077,πηγή,πήγνυμι,,,Greek,New Testament
G4078,πήγνυμι,πήγνυμι,,,Greek,New Testament
G4079,πηδάλιον,πούς,,,Greek,New Testament
G4080,πηλίκος,τό,,,Greek,New Testament
G4081,πηλός,πηλός,,,Greek,New Testament
G4082,πήρα,πήρα,,,Greek,New Testament
G4083,πῆχυς,πῆχυς,,,Greek,New Testament
G4084,πιάζω,βίος,,,Greek,New Testament
G4085,πιέζω,βίος,,,Greek,New Testament
G4086,πιθανολογία,πείθω+λέγω,,,Greek,New Testament
G4087,πικραίνω,πήγνυμι,,,Greek,New Testament
G4088,πικρία,πήγνυμι,,,Greek,New Testament
G4089,πικρός,πήγνυμι,,,Greek,New Testament
G4090,πικρῶς,πήγνυμι,,,Greek,New Testament
G4091,Πιλᾶτος,Πιλᾶτος,,,Greek,New Testament
G4092,πίμπρημι,πίμπρημι,,,Greek,New Testament
G4093,πινακίδιον,πλάσσω,,,Greek,New Testament
G4094,πίναξ,πλάσσω,,,Greek,New Testament
G4095,πίνω,πίνω,,,Greek,New Testament
G4096,πιότης,πίνω,,,Greek,New Testament
G4097,πράω,πράω,,,Greek,New Testament
G4098,πέτω,πτάομαι,,,Greek,New Testament
G4099,Πισιδία,Πισιδία,,,Greek,New Testament
G4100,πιστεύω,πείθω,పిస్టెఊఓ,నమ్ము,Greek,New Testament
G4101,πιστικός,πείθω,,,Greek,New Testament
G4102,πίστις,πείθω,పిస్టిస్,విశ్వాసం,Greek,New Testament
G4103,πιστός,πείθω,పిస్టొస్,నమ్మకమైన,Greek,New Testament
G4104,πιστόω,πείθω,,,Greek,New Testament
G4105,πλανάω,πλάνος,,,Greek,New Testament
G4106,πλάνη,πλάνος,,,Greek,New Testament
G4107,πλανήτης,πλάνος,,,Greek,New Testament
G4108,πλάνος,πλάνος,,,Greek,New Testament
G4109,πλάξ,πλάσσω,,,Greek,New Testament
G4110,πλάσμα,πλάσσω,,,Greek,New Testament
G4111,πλάσσω,πλάσσω,,,Greek,New Testament
G4112,πλαστός,πλάσσω,,,Greek,New Testament
G4113,πλατεῖα,πλάσσω,,,Greek,New Testament
G4114,πλάτος,πλάσσω,,,Greek,New Testament
G4115,πλατύνω,πλάσσω,,,Greek,New Testament
G4116,πλατύς,πλάσσω,,,Greek,New Testament
G4117,πλέγμα,πλέκω,,,Greek,New Testament
G4118,πλεῖστος,πολύς,,,Greek,New Testament
G4119,πλέον,πολύς,,,Greek,New Testament
G4120,πλέκω,πλέκω,,,Greek,New Testament
G4121,πλεονάζω,πολύς,,,Greek,New Testament
G4122,πλεονεκτέω,πολύς+σχέω,,,Greek,New Testament
G4123,πλεονέκτης,πολύς+σχέω,,,Greek,New Testament
G4124,πλεονεξία,πολύς+σχέω,,,Greek,New Testament
G4125,πλευρά,πλευρά,,,Greek,New Testament
G4126,πλεύω,πλύνω,,,Greek,New Testament
G4127,πληγή,πλάσσω,,,Greek,New Testament
G4128,πλῆθος,πλήθω,,,Greek,New Testament
G4129,πληθύνω,πλήθω,,,Greek,New Testament
G4130,πλήθω,πλήθω,,,Greek,New Testament
G4131,πλήκτης,πλάσσω,,,Greek,New Testament
G4132,πλήμμυρα,πλήθω,,,Greek,New Testament
G4133,πλήν,πολύς,,,Greek,New Testament
G4134,πλήρης,πλήθω,,,Greek,New Testament
G4135,πληροφορέω,πλήθω+φέρω,,,Greek,New Testament
G4136,πληροφορία,πλήθω+φέρω,,,Greek,New Testament
G4137,πληρόω,πλήθω,ప్లేరొఓ,నింపు,Greek,New Testament
G4138,πλήρωμα,πλήθω,,,Greek,New Testament
G4139,πλησίον,πλησίον,,,Greek,New Testament
G4140,πλησμονή,πλήθω,,,Greek,New Testament
G4141,πλήσσω,πλάσσω,,,Greek,New Testament
G4142,πλοιάριον,πλύνω,,,Greek,New Testament
G4143,πλοῖον,πλύνω,,,Greek,New Testament
G4144,πλόος,πλύνω,,,Greek,New Testament
G4145,πλούσιος,πλήθω,,,Greek,New Testament
G4146,πλουσίως,πλήθω,,,Greek,New Testament
G4147,πλουτέω,πλήθω,,,Greek,New Testament
G4148,πλουτίζω,πλήθω,,,Greek,New Testament
G4149,πλοῦτος,πλήθω,,,Greek,New Testament
G4150,πλύνω,πλύνω,,,Greek,New Testament
G4151,πνεῦμα,πνέω,ప్నూమా,ఆత్మ,Greek,New Testament
G4152,πνευματικός,πνέω,,,Greek,New Testament
G4153,πνευματικῶς,πνέω,,,Greek,New Testament
G4154,πνέω,πνέω,,,Greek,New Testament
G4155,πνίγω,πνέω,,,Greek,New Testament
G4156,πνικτός,πνέω,,,Greek,New Testament
G4157,πνοή,πνέω,,,Greek,New Testament
G4158,ποδήρης,πούς,,,Greek,New Testament
G4159,πόθεν,πίνω,,,Greek,New Testament
G4160,ποιέω,ποιέω,పొయెఓ,చేయు,Greek,New Testament
G4161,ποίημα,ποιέω,,,Greek,New Testament
G4162,ποίησις,ποιέω,,,Greek,New Testament
G4163,ποιητής,ποιέω,,,Greek,New Testament
G4164,ποικίλος,ποικίλος,,,Greek,New Testament
G4165,ποιμαίνω,ποιμήν,,,Greek,New Testament
G4166,ποιμήν,ποιμήν,,,Greek,New Testament
G4167,ποίμνη,ποιμήν,,,Greek,New Testament
G4168,ποίμνιον,ποιμήν,,,Greek,New Testament
G4169,ποῖος,τό+τό+τό+τό,,,Greek,New Testament
G4170,πολεμέω,πόλεμος,,,Greek,New Testament
G4171,πόλεμος,πόλεμος,,,Greek,New Testament
G4172,πόλις,πόλεμος+πολύς,పొలిస్,నగరం,Greek,New Testament
G4173,πολιτάρχης,πόλεμος+πολύς+ἄρχω,,,Greek,New Testament
G4174,πολιτεία,πόλεμος+πολύς,,,Greek,New Testament
G4175,πολίτευμα,πόλεμος+πολύς,,,Greek,New Testament
G4176,πολιτεύομαι,πόλεμος+πολύς,,,Greek,New Testament
G4177,πολίτης,πόλεμος+πολύς,,,Greek,New Testament
G4178,πολλάκις,πολύς,,,Greek,New Testament
G4179,πολλαπλασίων,πολύς+πλέκω,,,Greek,New Testament
G4180,πολυλογία,πολύς+λέγω,,,Greek,New Testament
G4181,πολυμερῶς,πολύς+μέρος,,,Greek,New Testament
G4182,πολυποίκιλος,πολύς+ποικίλος,,,Greek,New Testament
G4183,πολύς,πολύς,పొలూస్,అనేకమైన,Greek,New Testament
G4184,πολύσπλαγχνος,πολύς+σπλάγχνον,,,Greek,New Testament
G4185,πολυτελής,πολύς+τέλος,,,Greek,New Testament
G4186,πολύτιμος,πολύς+τίνω,,,Greek,New Testament
G4187,πολυτρόπως,πολύς+τροπή,,,Greek,New Testament
G4188,πόμα,πίνω,,,Greek,New Testament
G4189,πονηρία,πένης,,,Greek,New Testament
G4190,πονηρός,πένης,పొనేరొస్,చెడ్డ,Greek,New Testament
G4191,πονηρότερος,πένης,,,Greek,New Testament
G4192,πόνος,πένης,,,Greek,New Testament
G4193,Ποντικός,Πόντος,,,Greek,New Testament
G4194,Πόντιος,Πόντιος,,,Greek,New Testament
G4195,Πόντος,Πόντος,,,Greek,New Testament
G4196,Πόπλιος,Πόπλιος,,,Greek,New Testament
G4197,πορεία,πέραν,,,Greek,New Testament
G4198,πορεύομαι,πέραν,,,Greek,New Testament
G4199,πορθέω,πορθέω,,,Greek,New Testament
G4200,πορισμός,πορισμός,,,Greek,New Testament
G4201,Πόρκιος,Πόρκιος,,,Greek,New Testament
G4202,πορνεία,πράω,,,Greek,New Testament
G4203,πορνεύω,πράω,,,Greek,New Testament
G4204,πόρνη,πράω,,,Greek,New Testament
G4205,πόρνος,πράω,,,Greek,New Testament
G4206,πόῤῥω,πρό,,,Greek,New Testament
G4207,πόῤῥωθεν,πρό,,,Greek,New Testament
G4208,ποῤῥωτέρω,πρό,,,Greek,New Testament
G4209,πορφύρα,πορφύρα,,,Greek,New Testament
G4210,πορφυροῦς,πορφύρα,,,Greek,New Testament
G4211,πορφυρόπωλις,πορφύρα+πωλέω,,,Greek,New Testament
G4212,ποσάκις,τό,,,Greek,New Testament
G4213,πόσις,πίνω,,,Greek,New Testament
G4214,πόσος,τό,,,Greek,New Testament
G4215,ποταμός,πίνω+πίνω,,,Greek,New Testament
G4216,ποταμοφόρητος,πίνω+πίνω+φέρω,,,Greek,New Testament
G4217,ποταπός,τό+τέ+τό,,,Greek,New Testament
G4218,ποτέ,τό+τέ,,,Greek,New Testament
G4219,πότε,τό+τέ,,,Greek,New Testament
G4220,πότερον,τό,,,Greek,New Testament
G4221,ποτήριον,πίνω,,,Greek,New Testament
G4222,ποτίζω,πίνω,,,Greek,New Testament
G4223,Ποτίολοι,Ποτίολοι,,,Greek,New Testament
G4224,πότος,πίνω,,,Greek,New Testament
G4225,πού,τό,,,Greek,New Testament
G4226,ποῦ,τό,,,Greek,New Testament
G4227,Πούδης,Πούδης,,,Greek,New Testament
G4228,πούς,πούς,పూస్,పాదం,Greek,New Testament
G4229,πρᾶγμα,πράσσω,,,Greek,New Testament
G4230,πραγματεία,πράσσω,,,Greek,New Testament
G4231,πραγματεύομαι,πράσσω,,,Greek,New Testament
G4232,πραιτώριον,πραιτώριον,,,Greek,New Testament
G4233,πράκτωρ,πράσσω,,,Greek,New Testament
G4234,πρᾶξις,πράσσω,,,Greek,New Testament
G4235,πρᾷος,πραΰς,,,Greek,New Testament
G4236,πρᾳότης,πραΰς,,,Greek,New Testament
G4237,πρασιά,πρασιά,,,Greek,New Testament
G4238,πράσσω,πράσσω,,,Greek,New Testament
G4239,πραΰς,πραΰς,,,Greek,New Testament
G4240,πραΰτης,πραΰς,,,Greek,New Testament
G4241,πρέπω,πρέπω,,,Greek,New Testament
G4242,πρεσβεία,πρεσβύτερος,,,Greek,New Testament
G4243,πρεσβεύω,πρεσβύτερος,,,Greek,New Testament
G4244,πρεσβυτέριον,πρεσβύτερος,,,Greek,New Testament
G4245,πρεσβύτερος,πρεσβύτερος,,,Greek,New Testament
G4246,πρεσβύτης,πρεσβύτερος,,,Greek,New Testament
G4247,πρεσβῦτις,πρεσβύτερος,,,Greek,New Testament
G4248,πρηνής,πρό,,,Greek,New Testament
G4249,πρίζω,πρίζω,,,Greek,New Testament
G4250,πρίν,πρό,,,Greek,New Testament
G4251,Πρίσκα,Πρίσκα,,,Greek,New Testament
G4252,Πρίσκιλλα,Πρίσκα,,,Greek,New Testament
G4253,πρό,πρό,,,Greek,New Testament
G4254,προάγω,πρό+ἄγω,,,Greek,New Testament
G4255,προαιρέομαι,πρό+αἴρω,,,Greek,New Testament
G4256,προαιτιάομαι,πρό+αἰτέω,,,Greek,New Testament
G4257,προακούω,πρό+ἀκούω,,,Greek,New Testament
G4258,προαμαρτάνω,πρό+ἄν+μέρος,,,Greek,New Testament
G4259,προαύλιον,πρό+ἀήρ,,,Greek,New Testament
G4260,προβαίνω,πρό+βάσις,,,Greek,New Testament
G4261,προβάλλω,πρό+βάλλω,,,Greek,New Testament
G4262,προβατικός,πρό+βάσις,,,Greek,New Testament
G4263,πρόβατον,πρό+βάσις,,,Greek,New Testament
G4264,προβιβάζω,πρό+βίος,,,Greek,New Testament
G4265,προβλέπω,πρό+βλέπω,,,Greek,New Testament
G4266,προγίνομαι,πρό+γίνομαι,,,Greek,New Testament
G4267,προγινώσκω,πρό+γινώσκω,,,Greek,New Testament
G4268,πρόγνωσις,πρό+γινώσκω,,,Greek,New Testament
G4269,πρόγονος,πρό+γίνομαι,,,Greek,New Testament
G4270,προγράφω,πρό+γράφω,,,Greek,New Testament
G4271,πρόδηλος,πρό+δῆλος,,,Greek,New Testament
G4272,προδίδωμι,πρό+δίδωμι,,,Greek,New Testament
G4273,προδότης,πρό+δίδωμι,,,Greek,New Testament
G4274,πρόδρομος,πρό+θρίξ,,,Greek,New Testament
G4275,προείδω,πρό+εἴδω,,,Greek,New Testament
G4276,προελπίζω,πρό+ἐλπίς,,,Greek,New Testament
G4277,προέπω,πρό+ῥέω+ῥέω+φημί,,,Greek,New Testament
G4278,προενάρχομαι,πρό+εἰς+ἐξ+ἄρχω,,,Greek,New Testament
G4279,προεπαγγέλλομαι,πρό+ἐπί+ἄγω,,,Greek,New Testament
G4280,προερέω,πρό+ῥέω,,,Greek,New Testament
G4281,προέρχομαι,πρό+ἔρχομαι,,,Greek,New Testament
G4282,προετοιμάζω,πρό+ἕτοιμος,,,Greek,New Testament
G4283,προευαγγελίζομαι,πρό+εὖ+ἄγω,,,Greek,New Testament
G4284,προέχομαι,πρό+σχέω,,,Greek,New Testament
G4285,προηγέομαι,πρό+ἄγω,,,Greek,New Testament
G4286,πρόθεσις,πρό+τίθημι,,,Greek,New Testament
G4287,προθέσμιος,πρό+τίθημι,,,Greek,New Testament
G4288,προθυμία,πρό+θύω,,,Greek,New Testament
G4289,πρόθυμος,πρό+θύω,,,Greek,New Testament
G4290,προθύμως,πρό+θύω,,,Greek,New Testament
G4291,προΐστημι,πρό+ἵστημι,,,Greek,New Testament
G4292,προκαλέομαι,πρό+κελεύω,,,Greek,New Testament
G4293,προκαταγγέλλω,πρό+κατά+ἄγω,,,Greek,New Testament
G4294,προκαταρτίζω,πρό+κατά+αἴρω+αἴρω,,,Greek,New Testament
G4295,πρόκειμαι,πρό+κεῖμαι,,,Greek,New Testament
G4296,προκηρύσσω,πρό+κηρύσσω,,,Greek,New Testament
G4297,προκοπή,πρό+κόπτω,,,Greek,New Testament
G4298,προκόπτω,πρό+κόπτω,,,Greek,New Testament
G4299,πρόκριμα,πρό+κρίνω,,,Greek,New Testament
G4300,προκυρόω,πρό+κύριος,,,Greek,New Testament
G4301,προλαμβάνω,πρό+δέχομαι,,,Greek,New Testament
G4302,προλέγω,πρό+λέγω,,,Greek,New Testament
G4303,προμαρτύρομαι,πρό+μάρτυς,,,Greek,New Testament
G4304,προμελετάω,πρό+μέλω,,,Greek,New Testament
G4305,προμεριμνάω,πρό+μέρος,,,Greek,New Testament
G4306,προνοέω,πρό+γινώσκω,,,Greek,New Testament
G4307,πρόνοια,πρό+γινώσκω,,,Greek,New Testament
G4308,προοράω,πρό+ὁράω,,,Greek,New Testament
G4309,προορίζω,πρό+ὅριον,,,Greek,New Testament
G4310,προπάσχω,πρό+πένθω,,,Greek,New Testament
G4311,προπέμπω,πρό+πέμπω,,,Greek,New Testament
G4312,προπετής,πρό+πτάομαι,,,Greek,New Testament
G4313,προπορεύομαι,πρό+πέραν,,,Greek,New Testament
G4314,πρός,πρό,,,Greek,New Testament
G4315,προσάββατον,πρό+σάββατον,,,Greek,New Testament
G4316,προσαγορεύω,πρό+ἐγείρω,,,Greek,New Testament
G4317,προσάγω,πρό+ἄγω,,,Greek,New Testament
G4318,προσαγωγή,πρό+ἄγω+ἄγω,,,Greek,New Testament
G4319,προσαιτέω,πρό+αἰτέω,,,Greek,New Testament
G4320,προσαναβαίνω,πρό+ἀνά+βάσις,,,Greek,New Testament
G4321,προσαναλίσκω,πρό+ἀνά+αἴρω,,,Greek,New Testament
G4322,προσαναπληρόω,πρό+ἀνά+πλήθω,,,Greek,New Testament
G4323,προσανατίθημι,πρό+ἀνά+τίθημι,,,Greek,New Testament
G4324,προσαπειλέω,πρό+ἀπειλέω,,,Greek,New Testament
G4325,προσδαπανάω,πρό+δαπάνη,,,Greek,New Testament
G4326,προσδέομαι,πρό+δέω,,,Greek,New Testament
G4327,προσδέχομαι,πρό+δέχομαι,,,Greek,New Testament
G4328,προσδοκάω,πρό,,,Greek,New Testament
G4329,προσδοκία,πρό,,,Greek,New Testament
G4330,προσεάω,πρό+ἐάω,,,Greek,New Testament
G4331,προσεγγίζω,πρό+ἀγκάλη,,,Greek,New Testament
G4332,προσεδρεύω,πρό+ἑδραῖος,,,Greek,New Testament
G4333,προσεργάζομαι,πρό+ἔργον,,,Greek,New Testament
G4334,προσέρχομαι,πρό+ἔρχομαι,,,Greek,New Testament
G4335,προσευχή,πρό+εὔχομαι,ప్రొసూకే,ప్రార్థన,Greek,New Testament
G4336,προσεύχομαι,πρό+εὔχομαι,ప్రొసూకొమై,ప్రార్థించు,Greek,New Testament
G4337,προσέχω,πρό+σχέω,,,Greek,New Testament
G4338,προσηλόω,πρό+ἧλος,,,Greek,New Testament
G4339,προσήλυτος,πρό+ἔρχομαι,,,Greek,New Testament
G4340,πρόσκαιρος,πρό+καιρός,,,Greek,New Testament
G4341,προσκαλέομαι,πρό+κελεύω,,,Greek,New Testament
G4342,προσκαρτερέω,πρό+κράτος,,,Greek,New Testament
G4343,προσκαρτέρησις,πρό+κράτος,,,Greek,New Testament
G4344,προσκεφάλαιον,πρό+κεφαλή,,,Greek,New Testament
G4345,προσκληρόω,πρό+κλάω,,,Greek,New Testament
G4346,πρόσκλισις,πρό+κλίνω,,,Greek,New Testament
G4347,προσκολλάω,πρό+κολλάω,,,Greek,New Testament
G4348,πρόσκομμα,πρό+κόπτω,,,Greek,New Testament
G4349,προσκοπή,πρό+κόπτω,,,Greek,New Testament
G4350,προσκόπτω,πρό+κόπτω,,,Greek,New Testament
G4351,προσκυλίω,πρό+κῦμα+κῦμα+εἱλίσσω,,,Greek,New Testament
G4352,προσκυνέω,πρό+κύων,,,Greek,New Testament
G4353,προσκυνητής,πρό+κύων,,,Greek,New Testament
G4354,προσλαλέω,πρό+λαλέω,,,Greek,New Testament
G4355,προσλαμβάνω,πρό+δέχομαι,,,Greek,New Testament
G4356,πρόσληψις,πρό+δέχομαι,,,Greek,New Testament
G4357,προσμένω,πρό+μένω,,,Greek,New Testament
G4358,προσορμίζω,πρό+ὁρμή,,,Greek,New Testament
G4359,προσοφείλω,πρό+ὄφελος,,,Greek,New Testament
G4360,προσοχθίζω,πρό,,,Greek,New Testament
G4361,πρόσπεινος,πρό+πένης,,,Greek,New Testament
G4362,προσπήγνυμι,πρό+πήγνυμι,,,Greek,New Testament
G4363,προσπίπτω,πρό+πτάομαι,,,Greek,New Testament
G4364,προσποιέομαι,πρό+ποιέω,,,Greek,New Testament
G4365,προσπορεύομαι,πρό+πέραν,,,Greek,New Testament
G4366,προσρήγνυμι,πρό+κατά,,,Greek,New Testament
G4367,προστάσσω,πρό+τάσσω,,,Greek,New Testament
G4368,προστάτις,πρό+ἵστημι,,,Greek,New Testament
G4369,προστίθημι,πρό+τίθημι,,,Greek,New Testament
G4370,προστρέχω,πρό+θρίξ,,,Greek,New Testament
G4371,προσφάγιον,πρό+ἐσθίω,,,Greek,New Testament
G4372,πρόσφατος,πρό+σφάζω,,,Greek,New Testament
G4373,προσφάτως,πρό+σφάζω,,,Greek,New Testament
G4374,προσφέρω,πρό+φέρω,,,Greek,New Testament
G4375,προσφιλής,πρό+φίλος,,,Greek,New Testament
G4376,προσφορά,πρό+φέρω,,,Greek,New Testament
G4377,προσφωνέω,πρό+φημί,,,Greek,New Testament
G4378,πρόσχυσις,πρό,,,Greek,New Testament
G4379,προσψαύω,πρό,,,Greek,New Testament
G4380,προσωποληπτέω,πρό+ὁράω+δέχομαι,,,Greek,New Testament
G4381,προσωπολήπτης,πρό+ὁράω+δέχομαι,,,Greek,New Testament
G4382,προσωποληψία,πρό+ὁράω+δέχομαι,,,Greek,New Testament
G4383,πρόσωπον,πρό+ὁράω,ప్రొసొపొన్,ముఖం,Greek,New Testament
G4384,προτάσσω,πρό+τάσσω,,,Greek,New Testament
G4385,προτείνω,πρό,,,Greek,New Testament
G4386,πρότερον,πρό,,,Greek,New Testament
G4387,πρότερος,πρό,,,Greek,New Testament
G4388,προτίθεμαι,πρό+τίθημι,,,Greek,New Testament
G4389,προτρέπομαι,πρό+τροπή,,,Greek,New Testament
G4390,προτρέχω,πρό+θρίξ,,,Greek,New Testament
G4391,προϋπάρχω,πρό+ὑπό+ἄρχω,,,Greek,New Testament
G4392,πρόφασις,πρό+φημί,,,Greek,New Testament
G4393,προφέρω,πρό+φέρω,,,Greek,New Testament
G4394,προφητεία,πρό+φημί,,,Greek,New Testament
G4395,προφητεύω,πρό+φημί,,,Greek,New Testament
G4396,προφήτης,πρό+φημί,ప్రొఫేటేస్,ప్రవక్త,Greek,New Testament
G4397,προφητικός,πρό+φημί,,,Greek,New Testament
G4398,προφῆτις,πρό+φημί,,,Greek,New Testament
G4399,προφθάνω,πρό+φθάνω,,,Greek,New Testament
G4400,προχειρίζομαι,πρό+χειμών+χάσμα,,,Greek,New Testament
G4401,προχειροτονέω,πρό+χειμών+χάσμα,,,Greek,New Testament
G4402,Πρόχορος,πρό+χορός,,,Greek,New Testament
G4403,πρύμνα,πρύμνα,,,Greek,New Testament
G4404,πρωΐ,πρό,ప్రొఇ,ఉదయం,Greek,New Testament
G4405,πρωΐα,πρό,,,Greek,New Testament
G4406,πρώϊμος,πρό,,,Greek,New Testament
G4407,πρωϊνός,πρό,,,Greek,New Testament
G4408,πρῶρα,πρό,,,Greek,New Testament
G4409,πρωτεύω,πρό,,,Greek,New Testament
G4410,πρωτοκαθεδρία,πρό+κατά+ἑδραῖος,,,Greek,New Testament
G4411,πρωτοκλισία,πρό+κλίνω,,,Greek,New Testament
G4412,πρῶτον,πρό+τό,,,Greek,New Testament
G4413,πρῶτος,πρό,,,Greek,New Testament
G4414,πρωτοστάτης,πρό+ἵστημι,,,Greek,New Testament
G4415,πρωτοτόκια,πρό+τίκτω,,,Greek,New Testament
G4416,πρωτότοκος,πρό+τίκτω,,,Greek,New Testament
G4417,πταίω,πτάομαι,,,Greek,New Testament
G4418,πτέρνα,πτέρνα,,,Greek,New Testament
G4419,πτερύγιον,πτάομαι,,,Greek,New Testament
G4420,πτέρυξ,πτάομαι,,,Greek,New Testament
G4421,πτηνόν,πτάομαι,,,Greek,New Testament
G4422,πτοέω,πτάομαι+πτάομαι,,,Greek,New Testament
G4423,πτόησις,πτάομαι+πτάομαι,,,Greek,New Testament
G4424,Πτολεμαΐς,Πτολεμαΐς,,,Greek,New Testament
G4425,πτύον,πτύσσω,,,Greek,New Testament
G4426,πτύρω,πτύσσω+πτάομαι+πτάομαι,,,Greek,New Testament
G4427,πτύσμα,πτύσσω,,,Greek,New Testament
G4428,πτύσσω,πτύσσω,,,Greek,New Testament
G4429,πτύω,πτύσσω,,,Greek,New Testament
G4430,πτῶμα,πτάομαι,,,Greek,New Testament
G4431,πτῶσις,πτάομαι,,,Greek,New Testament
G4432,πτωχεία,πτωχός,,,Greek,New Testament
G4433,πτωχεύω,πτωχός,,,Greek,New Testament
G4434,πτωχός,πτωχός,,,Greek,New Testament
G4435,πυγμή,πυγμή,,,Greek,New Testament
G4436,Πύθων,Πύθων,,,Greek,New Testament
G4437,πυκνός,σκεῦος+σκιά+ποιέω,,,Greek,New Testament
G4438,πυκτέω,πυγμή,,,Greek,New Testament
G4439,πύλη,πύλη,,,Greek,New Testament
G4440,πυλών,πύλη,,,Greek,New Testament
G4441,πυνθάνομαι,πυνθάνομαι,,,Greek,New Testament
G4442,πῦρ,πῦρ,పూర్,అగ్ని,Greek,New Testament
G4443,πυρά,πῦρ,,,Greek,New Testament
G4444,πύργος,πύργος,,,Greek,New Testament
G4445,πυρέσσω,πῦρ,,,Greek,New Testament
G4446,πυρετός,πῦρ,,,Greek,New Testament
G4447,πύρινος,πῦρ,,,Greek,New Testament
G4448,πυρόω,πῦρ,,,Greek,New Testament
G4449,πυῤῥάζω,πῦρ,,,Greek,New Testament
G4450,πυῤῥός,πῦρ,,,Greek,New Testament
G4451,πύρωσις,πῦρ,,,Greek,New Testament
G4452,‐πω,τό,,,Greek,New Testament
G4453,πωλέω,πωλέω,,,Greek,New Testament
G4454,πῶλος,πῶλος,,,Greek,New Testament
G4455,πώποτε,τό+τό+τέ,,,Greek,New Testament
G4456,πωρόω,πωρόω,,,Greek,New Testament
G4457,πώρωσις,πωρόω,,,Greek,New Testament
G4458,‐πώς,τό,,,Greek,New Testament
G4459,πῶς,τό,పొస్,ఎలా,Greek,New Testament
G4460,Ῥαάβ,Ῥαάβ,,,Greek,New Testament
G4461,ῥαββί,ῥαββί,,,Greek,New Testament
G4462,ῥαββουνί,ῥαββουνί,,,Greek,New Testament
G4463,ῥαβδίζω,ῥαπίζω,,,Greek,New Testament
G4464,ῥάβδος,ῥαπίζω,,,Greek,New Testament
G4465,ῥαβδοῦχος,ῥαπίζω+σχέω,,,Greek,New Testament
G4466,Ῥαγαῦ,Ῥαγαῦ,,,Greek,New Testament
G4467,ῥᾳδιούργημα,ἔργον,,,Greek,New Testament
G4468,ῥᾳδιουργία,ἔργον,,,Greek,New Testament
G4469,ῥακά,ῥακά,,,Greek,New Testament
G4470,ῥάκος,κατά,,,Greek,New Testament
G4471,Ῥαμᾶ,Ῥαμᾶ,,,Greek,New Testament
G4472,ῥαντίζω,ῥαντίζω,,,Greek,New Testament
G4473,ῥαντισμός,ῥαντίζω,,,Greek,New Testament
G4474,ῥαπίζω,ῥαπίζω,,,Greek,New Testament
G4475,ῥάπισμα,ῥαπίζω,,,Greek,New Testament
G4476,ῥαφίς,ῥαπίζω,,,Greek,New Testament
G4477,Ῥαχάβ,Ῥαάβ,,,Greek,New Testament
G4478,Ῥαχήλ,Ῥαχήλ,,,Greek,New Testament
G4479,Ῥεβέκκα,Ῥεβέκκα,,,Greek,New Testament
G4480,ῥέδα,ῥέδα,,,Greek,New Testament
G4481,Ῥεμφάν,Ῥεμφάν,,,Greek,New Testament
G4482,ῥέω,ῥέω,,,Greek,New Testament
G4483,ἐρέω,ῥέω,,,Greek,New Testament
G4484,Ῥήγιον,Ῥήγιον,,,Greek,New Testament
G4485,ῥῆγμα,κατά,,,Greek,New Testament
G4486,ῥήσσω,κατά,,,Greek,New Testament
G4487,ῥῆμα,ῥέω,రేమా,మాట,Greek,New Testament
G4488,Ῥησά,Ῥησά,,,Greek,New Testament
G4489,ῥήτωρ,ῥέω,,,Greek,New Testament
G4490,ῥητῶς,ῥέω,,,Greek,New Testament
G4491,ῥίζα,ῥίζα,,,Greek,New Testament
G4492,ῥιζόω,ῥίζα,,,Greek,New Testament
G4493,ῥιπή,ῥαπίζω,,,Greek,New Testament
G4494,ῥιπίζω,ῥαπίζω,,,Greek,New Testament
G4495,ῥιπτέω,ῥαπίζω,,,Greek,New Testament
G4496,ῥίπτω,ῥαπίζω,,,Greek,New Testament
G4497,Ῥοβοάμ,Ῥοβοάμ,,,Greek,New Testament
G4498,Ῥόδη,Ῥόδη,,,Greek,New Testament
G4499,Ῥόδος,Ῥόδος,,,Greek,New Testament
G4500,ῥοιζηδόν,ῥοιζηδόν,,,Greek,New Testament
G4501,ῥομφαία,ῥομφαία,,,Greek,New Testament
G4502,Ῥουβήν,Ῥουβήν,,,Greek,New Testament
G4503,Ῥούθ,Ῥούθ,,,Greek,New Testament
G4504,Ῥοῦφος,Ῥοῦφος,,,Greek,New Testament
G4505,ῥύμη,ῥέω,,,Greek,New Testament
G4506,ῥύομαι,ῥέω,,,Greek,New Testament
G4507,ῥυπαρία,ῥύπος,,,Greek,New Testament
G4508,ῥυπαρός,ῥύπος,,,Greek,New Testament
G4509,ῥύπος,ῥύπος,,,Greek,New Testament
G4510,ῥυπόω,ῥύπος,,,Greek,New Testament
G4511,ῥύσις,ῥέω+ῥέω,,,Greek,New Testament
G4512,ῥυτίς,ῥέω,,,Greek,New Testament
G4513,Ῥωμαϊκός,ῥώννυμι,,,Greek,New Testament
G4514,Ῥωμαῖος,ῥώννυμι,,,Greek,New Testament
G4515,Ῥωμαϊστί,ῥώννυμι,,,Greek,New Testament
G4516,Ῥώμη,ῥώννυμι,,,Greek,New Testament
G4517,ῥώννυμι,ῥώννυμι,,,Greek,New Testament
G4518,σαβαχθάνι,σαβαχθάνι,,,Greek,New Testament
G4519,σαβαώθ,σαβαώθ,,,Greek,New Testament
G4520,σαββατισμός,σάββατον,,,Greek,New Testament
G4521,σάββατον,σάββατον,,,Greek,New Testament
G4522,σαγήνη,σαγήνη,,,Greek,New Testament
G4523,Σαδδουκαῖος,Σαδώκ,,,Greek,New Testament
G4524,Σαδώκ,Σαδώκ,,,Greek,New Testament
G4525,σαίνω,σείω,,,Greek,New Testament
G4526,σάκκος,σάκκος,,,Greek,New Testament
G4527,Σαλά,Σαλά,,,Greek,New Testament
G4528,Σαλαθιήλ,Σαλαθιήλ,,,Greek,New Testament
G4529,Σαλαμίς,σείω,,,Greek,New Testament
G4530,Σαλείμ,σείω,,,Greek,New Testament
G4531,σαλεύω,σείω,,,Greek,New Testament
G4532,Σαλήμ,Σαλήμ,,,Greek,New Testament
G4533,Σαλμών,Σαλμών,,,Greek,New Testament
G4534,Σαλμώνη,σείω,,,Greek,New Testament
G4535,σάλος,σείω,,,Greek,New Testament
G4536,σάλπιγξ,σείω,,,Greek,New Testament
G4537,σαλπίζω,σείω,,,Greek,New Testament
G4538,σαλπιστής,σείω,,,Greek,New Testament
G4539,Σαλώμη,Σαλώμη,,,Greek,New Testament
G4540,Σαμάρεια,Σαμάρεια,,,Greek,New Testament
G4541,Σαμαρείτης,Σαμάρεια,,,Greek,New Testament
G4542,Σαμαρεῖτις,Σαμάρεια,,,Greek,New Testament
G4543,Σαμοθρᾴκη,Σάμος,,,Greek,New Testament
G4544,Σάμος,Σάμος,,,Greek,New Testament
G4545,Σαμουήλ,Σαμουήλ,,,Greek,New Testament
G4546,Σαμψών,Σαμψών,,,Greek,New Testament
G4547,σανδάλιον,σανδάλιον,,,Greek,New Testament
G4548,σανίς,σανίς,,,Greek,New Testament
G4549,Σαούλ,Σαούλ,,,Greek,New Testament
G4550,σαπρός,σήπω,,,Greek,New Testament
G4551,Σαπφείρη,σάπφειρος,,,Greek,New Testament
G4552,σάπφειρος,σάπφειρος,,,Greek,New Testament
G4553,σαργάνη,σαργάνη,,,Greek,New Testament
G4554,Σάρδεις,Σάρδεις,,,Greek,New Testament
G4555,σάρδινος,σάρδιος,,,Greek,New Testament
G4556,σάρδιος,σάρδιος,,,Greek,New Testament
G4557,σαρδόνυξ,σάρδιος,,,Greek,New Testament
G4558,Σάρεπτα,Σάρεπτα,,,Greek,New Testament
G4559,σαρκικός,αἴρω,,,Greek,New Testament
G4560,σάρκινος,αἴρω,,,Greek,New Testament
G4561,σάρξ,αἴρω,సార్క్స్,శరీరం,Greek,New Testament
G4562,Σαρούχ,Σαρούχ,,,Greek,New Testament
G4563,σαρόω,αἴρω,,,Greek,New Testament
G4564,Σάῤῥα,Σάῤῥα,,,Greek,New Testament
G4565,Σάρων,Σάρων,,,Greek,New Testament
G4566,Σατᾶν,Σατᾶν,,,Greek,New Testament
G4567,Σατανᾶς,Σατανᾶς,,,Greek,New Testament
G4568,σάτον,σάτον,,,Greek,New Testament
G4569,Σαῦλος,Σαούλ,,,Greek,New Testament
G4570,σβέννυμι,σβέννυμι,,,Greek,New Testament
G4571,σέ,σύ,,,Greek,New Testament
G4572,σεαυτοῦ,σύ+ἀήρ,,,Greek,New Testament
G4573,σεβάζομαι,σέβομαι,,,Greek,New Testament
G4574,σέβασμα,σέβομαι,,,Greek,New Testament
G4575,σεβαστός,σέβομαι,,,Greek,New Testament
G4576,σέβομαι,σέβομαι,,,Greek,New Testament
G4577,σειρά,αἴρω,,,Greek,New Testament
G4578,σεισμός,σείω,,,Greek,New Testament
G4579,σείω,σείω,,,Greek,New Testament
G4580,Σεκοῦνδος,Σεκοῦνδος,,,Greek,New Testament
G4581,Σελεύκεια,Σελεύκεια,,,Greek,New Testament
G4582,σελήνη,αἴρω,,,Greek,New Testament
G4583,σεληνιάζομαι,αἴρω,,,Greek,New Testament
G4584,Σεμεΐ,Σεμεΐ,,,Greek,New Testament
G4585,σεμίδαλις,σεμίδαλις,,,Greek,New Testament
G4586,σεμνός,σέβομαι,,,Greek,New Testament
G4587,σεμνότης,σέβομαι,,,Greek,New Testament
G4588,Σέργιος,Σέργιος,,,Greek,New Testament
G4589,Σήθ,Σήθ,,,Greek,New Testament
G4590,Σήμ,Σήμ,,,Greek,New Testament
G4591,σημαίνω,σημαίνω,,,Greek,New Testament
G4592,σημεῖον,σημαίνω,సేమీయొన్,సూచన,Greek,New Testament
G4593,σημειόω,σημαίνω,,,Greek,New Testament
G4594,σήμερον,τό+ὥρα+ἑδραῖος,,,Greek,New Testament
G4595,σήπω,σήπω,,,Greek,New Testament
G4596,σηρικός,σηρικός,,,Greek,New Testament
G4597,σής,σής,,,Greek,New Testament
G4598,σητόβρωτος,σής+βοῦς,,,Greek,New Testament
G4599,σθενόω,ἵστημι,,,Greek,New Testament
G4600,σιαγών,σιαγών,,,Greek,New Testament
G4601,σιγάω,σιγή,,,Greek,New Testament
G4602,σιγή,σιγή,,,Greek,New Testament
G4603,σιδήρεος,σίδηρος,,,Greek,New Testament
G4604,σίδηρος,σίδηρος,,,Greek,New Testament
G4605,Σιδών,Σιδών,,,Greek,New Testament
G4606,Σιδώνιος,Σιδών,,,Greek,New Testament
G4607,σικάριος,σικάριος,,,Greek,New Testament
G4608,σίκερα,σίκερα,,,Greek,New Testament
G4609,Σίλας,Σιλουανός,,,Greek,New Testament
G4610,Σιλουανός,Σιλουανός,,,Greek,New Testament
G4611,Σιλωάμ,Σιλωάμ,,,Greek,New Testament
G4612,σιμικίνθιον,σιμικίνθιον,,,Greek,New Testament
G4613,Σίμων,Σίμων,,,Greek,New Testament
G4614,Σινᾶ,Σινᾶ,,,Greek,New Testament
G4615,σίναπι,σίναπι,,,Greek,New Testament
G4616,σινδών,σινδών,,,Greek,New Testament
G4617,σινιάζω,σινιάζω,,,Greek,New Testament
G4618,σιτευτός,σῖτα,,,Greek,New Testament
G4619,σιτιστός,σῖτα,,,Greek,New Testament
G4620,σιτόμετρον,σῖτα+μέτρον,,,Greek,New Testament
G4621,σῖτα,σῖτα,,,Greek,New Testament
G4622,Σιών,Σιών,,,Greek,New Testament
G4623,σιωπάω,σιγή,,,Greek,New Testament
G4624,σκανδαλίζω,κάμπτω,,,Greek,New Testament
G4625,σκάνδαλον,κάμπτω,,,Greek,New Testament
G4626,σκάπτω,σκάπτω,,,Greek,New Testament
G4627,σκάφη,σκάφη,,,Greek,New Testament
G4628,σκέλος,σκέλος,,,Greek,New Testament
G4629,σκέπασμα,σκοπός,,,Greek,New Testament
G4630,Σκευᾶς,Σκευᾶς,,,Greek,New Testament
G4631,σκευή,σκεῦος,,,Greek,New Testament
G4632,σκεῦος,σκεῦος,,,Greek,New Testament
G4633,σκηνή,σκεῦος+σκιά,,,Greek,New Testament
G4634,σκηνοπηγία,σκεῦος+σκιά+πήγνυμι,,,Greek,New Testament
G4635,σκηνοποιός,σκεῦος+σκιά+ποιέω,,,Greek,New Testament
G4636,σκῆνος,σκεῦος+σκιά,,,Greek,New Testament
G4637,σκηνόω,σκεῦος+σκιά,స్కేనొఓ,నివాసమేర్పరుచు,Greek,New Testament
G4638,σκήνωμα,σκεῦος+σκιά,,,Greek,New Testament
G4639,σκιά,σκιά,,,Greek,New Testament
G4640,σκιρτάω,σκιρτάω,,,Greek,New Testament
G4641,σκληροκαρδία,σκέλος+καρδία,,,Greek,New Testament
G4642,σκληρός,σκέλος,,,Greek,New Testament
G4643,σκληρότης,σκέλος,,,Greek,New Testament
G4644,σκληροτράχηλος,σκέλος+θρίξ,,,Greek,New Testament
G4645,σκληρύνω,σκέλος,,,Greek,New Testament
G4646,σκολιός,σκέλος,,,Greek,New Testament
G4647,σκόλοψ,σκέλος+ὁράω,,,Greek,New Testament
G4648,σκοπέω,σκοπός,,,Greek,New Testament
G4649,σκοπός,σκοπός,,,Greek,New Testament
G4650,σκορπίζω,σκοπός,,,Greek,New Testament
G4651,σκορπίος,σκοπός,,,Greek,New Testament
G4652,σκοτεινός,σκιά,,,Greek,New Testament
G4653,σκοτία,σκιά,,,Greek,New Testament
G4654,σκοτίζω,σκιά,,,Greek,New Testament
G4655,σκότος,σκιά,,,Greek,New Testament
G4656,σκοτόω,σκιά,,,Greek,New Testament
G4657,σκύβαλον,εἰς+κύων+βάλλω,,,Greek,New Testament
G4658,Σκύθης,Σκύθης,,,Greek,New Testament
G4659,σκυθρωπός,ὁράω,,,Greek,New Testament
G4660,σκύλλω,σκύλλω,,,Greek,New Testament
G4661,σκῦλον,σκύλλω,,,Greek,New Testament
G4662,σκωληκόβρωτος,σκώληξ+βοῦς,,,Greek,New Testament
G4663,σκώληξ,σκώληξ,,,Greek,New Testament
G4664,σμαράγδινος,σμάραγδος,,,Greek,New Testament
G4665,σμάραγδος,σμάραγδος,,,Greek,New Testament
G4666,σμύρνα,σμύρνα,,,Greek,New Testament
G4667,Σμύρνα,σμύρνα,,,Greek,New Testament
G4668,Σμυρναῖος,σμύρνα,,,Greek,New Testament
G4669,σμυρνίζω,σμύρνα,,,Greek,New Testament
G4670,Σόδομα,Σόδομα,,,Greek,New Testament
G4671,σοί,σύ,,,Greek,New Testament
G4672,Σολομών,Σολομών,,,Greek,New Testament
G4673,σορός,σορός,,,Greek,New Testament
G4674,σός,σύ,,,Greek,New Testament
G4675,σοῦ,σύ,,,Greek,New Testament
G4676,σουδάριον,σουδάριον,,,Greek,New Testament
G4677,Σουσάννα,Σουσάννα,,,Greek,New Testament
G4678,σοφία,σοφός,సొఫియా,జ్ఞానం,Greek,New Testament
G4679,σοφίζω,σοφός,,,Greek,New Testament
G4680,σοφός,σοφός,,,Greek,New Testament
G4681,Σπανία,Σπανία,,,Greek,New Testament
G4682,σπαράσσω,σπαράσσω,,,Greek,New Testament
G4683,σπαργανόω,σπαράσσω,,,Greek,New Testament
G4684,σπαταλάω,σπαταλάω,,,Greek,New Testament
G4685,σπάω,σπάω,,,Greek,New Testament
G4686,σπεῖρα,αἴρω+εἱλίσσω,,,Greek,New Testament
G4687,σπείρω,σπάω,,,Greek,New Testament
G4688,σπεκουλάτωρ,σπεκουλάτωρ,,,Greek,New Testament
G4689,σπένδω,σπένδω,,,Greek,New Testament
G4690,σπέρμα,σπάω,స్పెర్మా,సంతానం,Greek,New Testament
G4691,σπερμολόγος,σπάω+λέγω,,,Greek,New Testament
G4692,σπεύδω,πούς,,,Greek,New Testament
G4693,σπήλαιον,σπήλαιον,,,Greek,New Testament
G4694,σπιλάς,σπιλάς,,,Greek,New Testament
G4695,σπιλόω,σπίλος,,,Greek,New Testament
G4696,σπίλος,σπίλος,,,Greek,New Testament
G4697,σπλαγχνίζομαι,σπλάγχνον,,,Greek,New Testament
G4698,σπλάγχνον,σπλάγχνον,,,Greek,New Testament
G4699,σπόγγος,σπόγγος,,,Greek,New Testament
G4700,σποδός,σποδός,,,Greek,New Testament
G4701,σπορά,σπάω,,,Greek,New Testament
G4702,σπόριμος,σπάω,,,Greek,New Testament
G4703,σπόρος,σπάω,,,Greek,New Testament
G4704,σπουδάζω,πούς,,,Greek,New Testament
G4705,σπουδαῖος,πούς,,,Greek,New Testament
G4706,σπουδαιότερον,πούς,,,Greek,New Testament
G4707,σπουδαιότερος,πούς,,,Greek,New Testament
G4708,σπουδαιοτέρως,πούς,,,Greek,New Testament
G4709,σπουδαίως,πούς,,,Greek,New Testament
G4710,σπουδή,πούς,,,Greek,New Testament
G4711,σπυρίς,σπάω,,,Greek,New Testament
G4712,στάδιος,ἵστημι,,,Greek,New Testament
G4713,στάμνος,ἵστημι,,,Greek,New Testament
G4714,στάσις,ἵστημι,,,Greek,New Testament
G4715,στατήρ,εὔχομαι,,,Greek,New Testament
G4716,σταυρός,ἵστημι,స్టాఊరొస్,సిలువ,Greek,New Testament
G4717,σταυρόω,ἵστημι,,,Greek,New Testament
G4718,σταφυλή,στέφανος,,,Greek,New Testament
G4719,στάχυς,ἵστημι,,,Greek,New Testament
G4720,Στάχυς,ἵστημι,,,Greek,New Testament
G4721,στέγη,στέγη,,,Greek,New Testament
G4722,στέγω,στέγη,,,Greek,New Testament
G4723,στείρος,ἵστημι,,,Greek,New Testament
G4724,στέλλω,ἵστημι,,,Greek,New Testament
G4725,στέμμα,στέφανος,,,Greek,New Testament
G4726,στεναγμός,ἵστημι,,,Greek,New Testament
G4727,στενάζω,ἵστημι,,,Greek,New Testament
G4728,στενός,ἵστημι,,,Greek,New Testament
G4729,στενοχωρέω,ἵστημι+χάσμα,,,Greek,New Testament
G4730,στενοχωρία,ἵστημι+χάσμα,,,Greek,New Testament
G4731,στερεός,ἵστημι,,,Greek,New Testament
G4732,στερεόω,ἵστημι,,,Greek,New Testament
G4733,στερέωμα,ἵστημι,,,Greek,New Testament
G4734,Στεφανᾶς,στέφανος,,,Greek,New Testament
G4735,στέφανος,στέφανος,స్టెఫానొస్,కిరీటం,Greek,New Testament
G4736,Στέφανος,στέφανος,,,Greek,New Testament
G4737,στεφανόω,στέφανος,,,Greek,New Testament
G4738,στῆθος,ἵστημι,,,Greek,New Testament
G4739,στήκω,ἵστημι,,,Greek,New Testament
G4740,στηριγμός,ἵστημι+ἵστημι,,,Greek,New Testament
G4741,στηρίζω,ἵστημι+ἵστημι,,,Greek,New Testament
G4742,στίγμα,στίγμα,,,Greek,New Testament
G4743,στιγμή,στίγμα,,,Greek,New Testament
G4744,στίλβω,στίλβω,,,Greek,New Testament
G4745,στοά,ἵστημι,,,Greek,New Testament
G4746,στοιβάς,στοιβάς,,,Greek,New Testament
G4747,στοιχεῖον,στοιχέω,,,Greek,New Testament
G4748,στοιχέω,στοιχέω,,,Greek,New Testament
G4749,στολή,ἵστημι,,,Greek,New Testament
G4750,στόμα,κόπτω,స్టొమా,నోరు,Greek,New Testament
G4751,στόμαχος,κόπτω,,,Greek,New Testament
G4752,στρατεία,στρατιά,,,Greek,New Testament
G4753,στράτευμα,στρατιά,,,Greek,New Testament
G4754,στρατεύομαι,στρατιά,,,Greek,New Testament
G4755,στρατηγός,στρατιά+ἄγω+ἄγω,,,Greek,New Testament
G4756,στρατιά,στρατιά,,,Greek,New Testament
G4757,στρατιώτης,στρατιά,,,Greek,New Testament
G4758,στρατολογέω,στρατιά+λέγω,,,Greek,New Testament
G4759,στρατοπεδάρχης,στρατιά+πούς+ἄρχω,,,Greek,New Testament
G4760,στρατόπεδον,στρατιά+πούς,,,Greek,New Testament
G4761,στρεβλόω,τροπή,,,Greek,New Testament
G4762,στρέφω,τροπή,,,Greek,New Testament
G4763,στρηνιάω,ἵστημι,,,Greek,New Testament
G4764,στρῆνος,ἵστημι,,,Greek,New Testament
G4765,στρουθίον,στρουθίον,,,Greek,New Testament
G4766,στρωννύω,ἵστημι,,,Greek,New Testament
G4767,στυγνητός,στυγνητός,,,Greek,New Testament
G4768,στυγνάζω,στυγνητός,,,Greek,New Testament
G4769,στῦλος,ἵστημι,,,Greek,New Testament
G4770,Στωϊκός,ἵστημι,,,Greek,New Testament
G4771,σύ,σύ,,,Greek,New Testament
G4772,συγγένεια,σύν+γίνομαι,,,Greek,New Testament
G4773,συγγενής,σύν+γίνομαι,,,Greek,New Testament
G4774,συγγνώμη,σύν+γινώσκω,,,Greek,New Testament
G4775,συγκάθημαι,σύν+κατά,,,Greek,New Testament
G4776,συγκαθίζω,σύν+κατά+ἑδραῖος,,,Greek,New Testament
G4777,συγκακοπαθέω,σύν+κακός+πένθω,,,Greek,New Testament
G4778,συγκακουχέω,σύν+κακός+σχέω,,,Greek,New Testament
G4779,συγκαλέω,σύν+κελεύω,,,Greek,New Testament
G4780,συγκαλύπτω,σύν+κλέπτω+κρύπτω,,,Greek,New Testament
G4781,συγκάμπτω,σύν+κάμπτω,,,Greek,New Testament
G4782,συγκαταβαίνω,σύν+κατά+βάσις,,,Greek,New Testament
G4783,συγκατάθεσις,σύν+κατά+τίθημι,,,Greek,New Testament
G4784,συγκατατίθεμαι,σύν+κατά+τίθημι,,,Greek,New Testament
G4785,συγκαταψηφίζω,σύν+κατά+ψώχω,,,Greek,New Testament
G4786,συγκεράννυμι,σύν+κεράννυμι,,,Greek,New Testament
G4787,συγκινέω,σπαράσσω+κινέω,,,Greek,New Testament
G4788,συγκλείω,σύν+κλείω,,,Greek,New Testament
G4789,συγκληρονόμος,σύν+κλάω+νόμος,,,Greek,New Testament
G4790,συγκοινωνέω,σύν+σύν,,,Greek,New Testament
G4791,συγκοινωνός,σύν+σύν,,,Greek,New Testament
G4792,συγκομίζω,σύν+κομίζω,,,Greek,New Testament
G4793,συγκρίνω,σύν+κρίνω,,,Greek,New Testament
G4794,συγκύπτω,σύν+κῦμα,,,Greek,New Testament
G4795,συγκυρία,σύν+κύριος,,,Greek,New Testament
G4796,συγχαίρω,σύν+χαίρω,,,Greek,New Testament
G4797,συγχύνω,σύν,,,Greek,New Testament
G4798,συγχράομαι,σύν+χειμών+χάσμα,,,Greek,New Testament
G4799,σύγχυσις,σύν,,,Greek,New Testament
G4800,συζάω,σύν+ζάω,,,Greek,New Testament
G4801,συζεύγνυμι,σύν+ζυγός,,,Greek,New Testament
G4802,συζητέω,σύν+ζητέω,,,Greek,New Testament
G4803,συζήτησις,σύν+ζητέω,,,Greek,New Testament
G4804,συζητητής,σύν+ζητέω,,,Greek,New Testament
G4805,σύζυγος,σύν+ζυγός,,,Greek,New Testament
G4806,συζωοποιέω,σύν+ζάω+ποιέω,,,Greek,New Testament
G4807,συκάμινος,σῦκον,,,Greek,New Testament
G4808,συκῆ,σῦκον,,,Greek,New Testament
G4809,συκομωραία,σῦκον,,,Greek,New Testament
G4810,σῦκον,σῦκον,,,Greek,New Testament
G4811,συκοφαντέω,σῦκον+φημί,,,Greek,New Testament
G4812,συλαγωγέω,αἴρω+σκύλλω+ἄγω,,,Greek,New Testament
G4813,συλάω,αἴρω+σκύλλω,,,Greek,New Testament
G4814,συλλαλέω,σύν+λαλέω,,,Greek,New Testament
G4815,συλλαμβάνω,σύν+δέχομαι,,,Greek,New Testament
G4816,συλλέγω,σύν+λέγω,,,Greek,New Testament
G4817,συλλογίζομαι,σύν+λέγω,,,Greek,New Testament
G4818,συλλυπέω,σύν+λύπη,,,Greek,New Testament
G4819,συμβαίνω,σύν+βάσις,,,Greek,New Testament
G4820,συμβάλλω,σύν+βάλλω,,,Greek,New Testament
G4821,συμβασιλεύω,σύν+βάσις,,,Greek,New Testament
G4822,συμβιβάζω,σύν,,,Greek,New Testament
G4823,συμβουλεύω,σύν+βούλομαι,,,Greek,New Testament
G4824,συμβούλιον,σύν+βούλομαι,,,Greek,New Testament
G4825,σύμβουλος,σύν+βούλομαι,,,Greek,New Testament
G4826,Συμεών,Σίμων,,,Greek,New Testament
G4827,συμμαθητής,σύν+μανθάνω,,,Greek,New Testament
G4828,συμμαρτυρέω,σύν+μάρτυς,,,Greek,New Testament
G4829,συμμερίζομαι,σύν+μέρος,,,Greek,New Testament
G4830,συμμέτοχος,σύν+μετά+σχέω,,,Greek,New Testament
G4831,συμμιμητής,σύν+μιμέομαι,,,Greek,New Testament
G4832,σύμμορφος,σύν+μέρος,,,Greek,New Testament
G4833,συμμορφόω,σύν+μέρος,,,Greek,New Testament
G4834,συμπαθέω,σύν+πένθω,,,Greek,New Testament
G4835,συμπαθής,σύν+πένθω,,,Greek,New Testament
G4836,συμπαραγίνομαι,σύν+παρά+γίνομαι,,,Greek,New Testament
G4837,συμπαρακαλέω,σύν+παρά+κελεύω,,,Greek,New Testament
G4838,συμπαραλαμβάνω,σύν+παρά+δέχομαι,,,Greek,New Testament
G4839,συμπαραμένω,σύν+παρά+μένω,,,Greek,New Testament
G4840,συμπάρειμι,σύν+παρά+εἰμί,,,Greek,New Testament
G4841,συμπάσχω,σύν+πένθω,,,Greek,New Testament
G4842,συμπέμπω,σύν+πέμπω,,,Greek,New Testament
G4843,συμπεριλαμβάνω,σύν+πέραν+δέχομαι,,,Greek,New Testament
G4844,συμπίνω,σύν+πίνω,,,Greek,New Testament
G4845,συμπληρόω,σύν+πλήθω,,,Greek,New Testament
G4846,συμπνίγω,σύν+πνέω,,,Greek,New Testament
G4847,συμπολίτης,σύν+πόλεμος+πολύς,,,Greek,New Testament
G4848,συμπορεύομαι,σύν+πέραν,,,Greek,New Testament
G4849,συμπόσιον,σύν+πίνω,,,Greek,New Testament
G4850,συμπρεσβύτερος,σύν+πρεσβύτερος,,,Greek,New Testament
G4851,συμφέρω,σύν+φέρω,,,Greek,New Testament
G4852,σύμφημι,σύν+φημί,,,Greek,New Testament
G4853,συμφυλέτης,σύν+φύω+φύω,,,Greek,New Testament
G4854,σύμφυτος,σύν+φύω,,,Greek,New Testament
G4855,συμφύω,σύν+φύω,,,Greek,New Testament
G4856,συμφωνέω,σύν+φημί,,,Greek,New Testament
G4857,συμφώνησις,σύν+φημί,,,Greek,New Testament
G4858,συμφωνία,σύν+φημί,,,Greek,New Testament
G4859,σύμφωνος,σύν+φημί,,,Greek,New Testament
G4860,συμψηφίζω,σύν+ψώχω,,,Greek,New Testament
G4861,σύμψυχος,σύν+ψύχω,,,Greek,New Testament
G4862,σύν,σύν,,,Greek,New Testament
G4863,συνάγω,σύν+ἄγω,,,Greek,New Testament
G4864,συναγωγή,σύν+ἄγω,,,Greek,New Testament
G4865,συναγωνίζομαι,σύν+ἄγω,,,Greek,New Testament
G4866,συναθλέω,σύν+ἀθλέω,,,Greek,New Testament
G4867,συναθροίζω,σύν,,,Greek,New Testament
G4868,συναίρω,σύν+αἴρω,,,Greek,New Testament
G4869,συναιχμάλωτος,σύν+αἴρω,,,Greek,New Testament
G4870,συνακολουθέω,σύν+ἄν,,,Greek,New Testament
G4871,συναλίζω,σύν,,,Greek,New Testament
G4872,συναναβαίνω,σύν+ἀνά+βάσις,,,Greek,New Testament
G4873,συνανάκειμαι,σύν+ἀνά+κεῖμαι,,,Greek,New Testament
G4874,συναναμίγνυμι,σύν+ἀνά+μίγνυμι,,,Greek,New Testament
G4875,συναναπαύομαι,σύν+ἀνά+παύω,,,Greek,New Testament
G4876,συναντάω,σύν+ἀντί,,,Greek,New Testament
G4877,συνάντησις,σύν+ἀντί,,,Greek,New Testament
G4878,συναντιλαμβάνομαι,σύν+ἀντί+δέχομαι,,,Greek,New Testament
G4879,συναπάγω,σύν+ἀπό+ἄγω,,,Greek,New Testament
G4880,συναποθνήσκω,σύν+ἀπό+θνήσκω,,,Greek,New Testament
G4881,συναπόλλυμι,σύν+ἀπό+ὄλεθρος,,,Greek,New Testament
G4882,συναποστέλλω,σύν+ἀπό+ἵστημι,,,Greek,New Testament
G4883,συναρμολογέω,σύν+αἴρω+ἄν+λέγω,,,Greek,New Testament
G4884,συναρπάζω,σύν+αἴρω,,,Greek,New Testament
G4885,συναυξάνω,σύν+αὐξάνω,,,Greek,New Testament
G4886,σύνδεσμος,σύν+δέω,,,Greek,New Testament
G4887,συνδέω,σύν+δέω,,,Greek,New Testament
G4888,συνδοξάζω,σύν+δοκέω,,,Greek,New Testament
G4889,σύνδουλος,σύν+δέω,,,Greek,New Testament
G4890,συνδρομή,σύν+θρίξ,,,Greek,New Testament
G4891,συνεγείρω,σύν+ἐγείρω,,,Greek,New Testament
G4892,συνέδριον,σύν+ἑδραῖος,,,Greek,New Testament
G4893,συνείδησις,σύν+εἴδω,,,Greek,New Testament
G4894,συνείδω,σύν+εἴδω,,,Greek,New Testament
G4895,σύνειμι,σύν+εἰμί,,,Greek,New Testament
G4896,σύνειμι,σύν,,,Greek,New Testament
G4897,συνεισέρχομαι,σύν+εἰς+ἔρχομαι,,,Greek,New Testament
G4898,συνέκδημος,σύν+ἐξ+δέω,,,Greek,New Testament
G4899,συνεκλεκτός,σύν+ἐξ+λέγω,,,Greek,New Testament
G4900,συνελαύνω,σύν+ἐλαύνω,,,Greek,New Testament
G4901,συνεπιμαρτυρέω,σύν+ἐπί+μάρτυς,,,Greek,New Testament
G4902,συνέπομαι,σύν,,,Greek,New Testament
G4903,συνεργέω,σύν+ἔργον,,,Greek,New Testament
G4904,συνεργός,σύν+ἔργον,,,Greek,New Testament
G4905,συνέρχομαι,σύν+ἔρχομαι,,,Greek,New Testament
G4906,συνεσθίω,σύν+ἐσθίω,,,Greek,New Testament
G4907,σύνεσις,σύν,,,Greek,New Testament
G4908,συνετός,σύν,,,Greek,New Testament
G4909,συνευδοκέω,σύν+εὖ+δοκέω,,,Greek,New Testament
G4910,συνευωχέω,σύν+εὖ+σχέω,,,Greek,New Testament
G4911,συνεφίστημι,σύν+ἐπί+ἵστημι,,,Greek,New Testament
G4912,συνέχω,σύν+σχέω,,,Greek,New Testament
G4913,συνήδομαι,σύν+ἡδονή,,,Greek,New Testament
G4914,συνήθεια,σύν+ἔθω,,,Greek,New Testament
G4915,συνηλικιώτης,σύν+ἡλίκος,,,Greek,New Testament
G4916,συνθάπτω,σύν+θάπτω,,,Greek,New Testament
G4917,συνθλάω,σύν,,,Greek,New Testament
G4918,συνθλίβω,σύν+θραύω+τρίζω+θραύω+τρίζω,,,Greek,New Testament
G4919,συνθρύπτω,σύν,,,Greek,New Testament
G4920,συνίημι,σύν,,,Greek,New Testament
G4921,συνίστημι,σύν+ἵστημι,,,Greek,New Testament
G4922,συνοδεύω,σύν+ὁδός,,,Greek,New Testament
G4923,συνοδία,σύν+ὁδός,,,Greek,New Testament
G4924,συνοικέω,σύν+οἶκος,,,Greek,New Testament
G4925,συνοικοδομέω,σύν+οἶκος+δῶμα,,,Greek,New Testament
G4926,συνομιλέω,σύν+ὁμοῦ+αἴρω,,,Greek,New Testament
G4927,συνομορέω,σύν+ὅριον,,,Greek,New Testament
G4928,συνοχή,σύν+σχέω,,,Greek,New Testament
G4929,συντάσσω,σύν+τάσσω,,,Greek,New Testament
G4930,συντέλεια,σύν+τέλος,,,Greek,New Testament
G4931,συντελέω,σύν+τέλος,,,Greek,New Testament
G4932,συντέμνω,σύν+κόπτω,,,Greek,New Testament
G4933,συντηρέω,σύν+θεάομαι+ὁράω,,,Greek,New Testament
G4934,συντίθεμαι,σύν+τίθημι,,,Greek,New Testament
G4935,συντόμως,σύν+κόπτω,,,Greek,New Testament
G4936,συντρέχω,σύν+θρίξ,,,Greek,New Testament
G4937,συντρίβω,σύν+θραύω+τρίζω+θραύω+τρίζω,,,Greek,New Testament
G4938,σύντριμμα,σύν+θραύω+τρίζω+θραύω+τρίζω,,,Greek,New Testament
G4939,σύντροφος,σύν+τρέφω,,,Greek,New Testament
G4940,συντυγχάνω,σύν+τυγχάνω,,,Greek,New Testament
G4941,Συντύχη,σύν+τυγχάνω,,,Greek,New Testament
G4942,συνυποκρίνομαι,σύν+ὑπό+κρίνω,,,Greek,New Testament
G4943,συνυπουργέω,σύν+ὑπό+ἔργον,,,Greek,New Testament
G4944,συνωδίνω,σύν+δῦμι,,,Greek,New Testament
G4945,συνωμοσία,σύν+ὀμνύω,,,Greek,New Testament
G4946,Συράκουσαι,Συράκουσαι,,,Greek,New Testament
G4947,Συρία,Συρία,,,Greek,New Testament
G4948,Σύρος,Συρία,,,Greek,New Testament
G4949,Συροφοίνισσα,Συρία+φοῖνιξ,,,Greek,New Testament
G4950,σύρτις,αἴρω,,,Greek,New Testament
G4951,σύρω,αἴρω,,,Greek,New Testament
G4952,συσπαράσσω,σύν+σπαράσσω,,,Greek,New Testament
G4953,σύσσημον,σύν+σημαίνω,,,Greek,New Testament
G4954,σύσσωμος,σύν+σώζω,,,Greek,New Testament
G4955,συστασιαστής,σύν+ἵστημι,,,Greek,New Testament
G4956,συστατικός,σύν+ἵστημι,,,Greek,New Testament
G4957,συσταυρόω,σύν+ἵστημι,,,Greek,New Testament
G4958,συστέλλω,σύν+ἵστημι,,,Greek,New Testament
G4959,συστενάζω,σύν+ἵστημι,,,Greek,New Testament
G4960,συστοιχέω,σύν+στοιχέω,,,Greek,New Testament
G4961,συστρατιώτης,σύν+στρατιά,,,Greek,New Testament
G4962,συστρέφω,σύν+τροπή,,,Greek,New Testament
G4963,συστροφή,σύν+τροπή,,,Greek,New Testament
G4964,συσχηματίζω,σύν+σχέω,,,Greek,New Testament
G4965,Συχάρ,Συχάρ,,,Greek,New Testament
G4966,Συχέμ,Συχέμ,,,Greek,New Testament
G4967,σφαγή,σφάζω,,,Greek,New Testament
G4968,σφάγιον,σφάζω,,,Greek,New Testament
G4969,σφάζω,σφάζω,,,Greek,New Testament
G4970,σφόδρα,σφόδρα,,,Greek,New Testament
G4971,σφοδρῶς,σφόδρα,,,Greek,New Testament
G4972,σφραγίζω,φράσσω,,,Greek,New Testament
G4973,σφραγίς,φράσσω,,,Greek,New Testament
G4974,σφυρόν,σφυρόν,,,Greek,New Testament
G4975,σχεδόν,σχέω,,,Greek,New Testament
G4976,σχῆμα,σχέω,,,Greek,New Testament
G4977,σχίζω,σχίζω,,,Greek,New Testament
G4978,σχίσμα,σχίζω,,,Greek,New Testament
G4979,σχοινίον,σχοινίον,,,Greek,New Testament
G4980,σχολάζω,σχέω,,,Greek,New Testament
G4981,σχολή,σχέω,,,Greek,New Testament
G4982,σώζω,σώζω,సొజొ,రక్షించు,Greek,New Testament
G4983,σῶμα,σώζω,సొమా,శరీరం,Greek,New Testament
G4984,σωματικός,σώζω,,,Greek,New Testament
G4985,σωματικῶς,σώζω,,,Greek,New Testament
G4986,Σώπατρος,σώζω+πατήρ,,,Greek,New Testament
G4987,σωρεύω,σορός,,,Greek,New Testament
G4988,Σωσθένης,σώζω+ἵστημι,,,Greek,New Testament
G4989,Σωσίπατρος,σώζω+πατήρ,,,Greek,New Testament
G4990,σωτήρ,σώζω,,,Greek,New Testament
G4991,σωτηρία,σώζω,సొటేరియా,రక్షణ,Greek,New Testament
G4992,σωτήριον,σώζω,,,Greek,New Testament
G4993,σωφρονέω,σώζω+φράσσω,,,Greek,New Testament
G4994,σωφρονίζω,σώζω+φράσσω,,,Greek,New Testament
G4995,σωφρονισμός,σώζω+φράσσω,,,Greek,New Testament
G4996,σωφρόνως,σώζω+φράσσω,,,Greek,New Testament
G4997,σωφροσύνη,σώζω+φράσσω,,,Greek,New Testament
G4998,σώφρων,σώζω+φράσσω,,,Greek,New Testament
G4999,Ταβέρναι,Ταβέρναι,,,Greek,New Testament
G5000,Ταβιθά,Ταβιθά,,,Greek,New Testament
G5001,τάγμα,τάσσω,,,Greek,New Testament
G5002,τακτός,τάσσω,,,Greek,New Testament
G5003,ταλαιπωρέω,φέρω+πέραν,,,Greek,New Testament
G5004,ταλαιπωρία,φέρω+πέραν,,,Greek,New Testament
G5005,ταλαίπωρος,φέρω+πέραν,,,Greek,New Testament
G5006,ταλαντιαῖος,φέρω,,,Greek,New Testament
G5007,τάλαντον,φέρω,,,Greek,New Testament
G5008,ταλιθά,ταλιθά,,,Greek,New Testament
G5009,ταμεῖον,ταμεῖον,,,Greek,New Testament
G5010,τάξις,τάσσω,,,Greek,New Testament
G5011,ταπεινός,ταπεινός,,,Greek,New Testament
G5012,ταπεινοφροσύνη,ταπεινός+φράσσω,,,Greek,New Testament
G5013,ταπεινόω,ταπεινός,,,Greek,New Testament
G5014,ταπείνωσις,ταπεινός,,,Greek,New Testament
G5015,ταράσσω,ταράσσω,,,Greek,New Testament
G5016,ταραχή,ταράσσω,,,Greek,New Testament
G5017,τάραχος,ταράσσω,,,Greek,New Testament
G5018,Ταρσεύς,Ταρσός,,,Greek,New Testament
G5019,Ταρσός,Ταρσός,,,Greek,New Testament
G5020,ταρταρόω,ταρταρόω,,,Greek,New Testament
G5021,τάσσω,τάσσω,,,Greek,New Testament
G5022,ταῦρος,ταῦρος,,,Greek,New Testament
G5023,ταῦτα,τό+ἀήρ,,,Greek,New Testament
G5024,ταὐτά,τό+ἀήρ,,,Greek,New Testament
G5025,ταύτας,τό+ἀήρ,,,Greek,New Testament
G5026,ταύτης,τό+ἀήρ,,,Greek,New Testament
G5027,ταφή,θάπτω,,,Greek,New Testament
G5028,τάφος,θάπτω,,,Greek,New Testament
G5029,τάχα,ταχύς,,,Greek,New Testament
G5030,ταχέως,ταχύς,,,Greek,New Testament
G5031,ταχινός,ταχύς,,,Greek,New Testament
G5032,τάχιον,ταχύς,,,Greek,New Testament
G5033,τάχιστα,ταχύς,,,Greek,New Testament
G5034,τάχος,ταχύς,,,Greek,New Testament
G5035,ταχύ,ταχύς,,,Greek,New Testament
G5036,ταχύς,ταχύς,,,Greek,New Testament
G5037,τέ,τέ,,,Greek,New Testament
G5038,τεῖχος,τίκτω,,,Greek,New Testament
G5039,τεκμήριον,τεκμήριον,,,Greek,New Testament
G5040,τεκνίον,τίκτω,,,Greek,New Testament
G5041,τεκνογονέω,τίκτω+γίνομαι,,,Greek,New Testament
G5042,τεκνογονία,τίκτω+γίνομαι,,,Greek,New Testament
G5043,τέκνον,τίκτω,టెక్నొన్,బిడ్డ,Greek,New Testament
G5044,τεκνοτροφέω,τίκτω+τρέφω,,,Greek,New Testament
G5045,τέκτων,τίνω,,,Greek,New Testament
G5046,τέλειος,τέλος,టెలీయొస్,పరిపూర్ణుడు,Greek,New Testament
G5047,τελειότης,τέλος,,,Greek,New Testament
G5048,τελειόω,τέλος,టెలీయొఓ,పరిపూర్ణం చేయు,Greek,New Testament
G5049,τελείως,τέλος,,,Greek,New Testament
G5050,τελείωσις,φύω,,,Greek,New Testament
G5051,τελειωτής,τέλος,,,Greek,New Testament
G5052,τελεσφορέω,τέλος+φέρω,,,Greek,New Testament
G5053,τελευτάω,τέλος,,,Greek,New Testament
G5054,τελευτή,τέλος,,,Greek,New Testament
G5055,τελέω,τέλος,,,Greek,New Testament
G5056,τέλος,τέλος,,,Greek,New Testament
G5057,τελώνης,τέλος+ὠνέομαι,,,Greek,New Testament
G5058,τελώνιον,τέλος+ὠνέομαι,,,Greek,New Testament
G5059,τέρας,τέρας,,,Greek,New Testament
G5060,Τέρτιος,Τέρτιος,,,Greek,New Testament
G5061,Τέρτυλλος,Τέρτυλλος,,,Greek,New Testament
G5062,τεσσαράκοντα,τέσσαρα,,,Greek,New Testament
G5063,τεσσαρακονταετής,τέσσαρα+ἔτος,,,Greek,New Testament
G5064,τέσσαρα,τέσσαρα,,,Greek,New Testament
G5065,τεσσαρεσκαιδέκατος,τέσσαρα+καί+δέκα,,,Greek,New Testament
G5066,τεταρταῖος,τέσσαρα,,,Greek,New Testament
G5067,τέταρτος,τέσσαρα,,,Greek,New Testament
G5068,τετράγωνος,τέσσαρα+γόνυ,,,Greek,New Testament
G5069,τετράδιον,τέσσαρα,,,Greek,New Testament
G5070,τετρακισχίλιοι,τέσσαρα+χίλιοι,,,Greek,New Testament
G5071,τετρακόσια,τέσσαρα+ἑκατόν,,,Greek,New Testament
G5072,τετράμηνον,τέσσαρα+μήν,,,Greek,New Testament
G5073,τετραπλόος,τέσσαρα+πολύς,,,Greek,New Testament
G5074,τετράπους,τέσσαρα+πούς,,,Greek,New Testament
G5075,τετραρχέω,τέσσαρα+ἄρχω,,,Greek,New Testament
G5076,τετράρχης,τέσσαρα+ἄρχω,,,Greek,New Testament
G5077,τεφρόω,τεφρόω,,,Greek,New Testament
G5078,τέχνη,τίκτω,,,Greek,New Testament
G5079,τεχνίτης,τίκτω,,,Greek,New Testament
G5080,τήκω,τήκω,,,Greek,New Testament
G5081,τηλαυγῶς,τέλος+αὐγή,,,Greek,New Testament
G5082,τηλικαύτη,τό+ἡλίκος+τό+ἀήρ,,,Greek,New Testament
G5083,τηρέω,θεάομαι+ὁράω,టేరెఓ,కాపాడు,Greek,New Testament
G5084,τήρησις,θεάομαι+ὁράω,,,Greek,New Testament
G5085,Τιβεριάς,Τιβέριος,,,Greek,New Testament
G5086,Τιβέριος,Τιβέριος,,,Greek,New Testament
G5087,τίθημι,τίθημι,టిథేమి,ఉంచు,Greek,New Testament
G5088,τίκτω,τίκτω,,,Greek,New Testament
G5089,τίλλω,αἴρω+αἴρω,,,Greek,New Testament
G5090,Τιμαῖος,Τιμαῖος,,,Greek,New Testament
G5091,τιμάω,τίνω,,,Greek,New Testament
G5092,τιμή,τίνω,,,Greek,New Testament
G5093,τιμιώτατος,τίνω,,,Greek,New Testament
G5094,τιμιότης,τίνω,,,Greek,New Testament
G5095,Τιμόθεος,τίνω+θεός,,,Greek,New Testament
G5096,Τίμων,τίνω,,,Greek,New Testament
G5097,τιμωρέω,τίνω,,,Greek,New Testament
G5098,τιμωρία,τίνω,,,Greek,New Testament
G5099,τίνω,τίνω,,,Greek,New Testament
G5100,τὶς,τὶς,,,Greek,New Testament
G5101,τίς,τὶς,,,Greek,New Testament
G5102,τίτλος,τίτλος,,,Greek,New Testament
G5103,Τίτος,Τίτος,,,Greek,New Testament
G5104,τοί,τό,,,Greek,New Testament
G5105,τοιγαροῦν,τό+γάρ+οὖν,,,Greek,New Testament
G5106,τοίνυν,τό+νῦν,,,Greek,New Testament
G5107,τοιόσδε,δέ,,,Greek,New Testament
G5108,τοιοῦτος,τό+τό+ἀήρ,,,Greek,New Testament
G5109,τοῖχος,τίκτω,,,Greek,New Testament
G5110,τόκος,τίκτω,,,Greek,New Testament
G5111,τολμάω,τέλος,,,Greek,New Testament
G5112,τολμηρότερον,τολμηρότερον,,,Greek,New Testament
G5113,τολμητής,τέλος,,,Greek,New Testament
G5114,τομώτερος,κόπτω,,,Greek,New Testament
G5115,τόξον,τίκτω,,,Greek,New Testament
G5116,τοπάζιον,τοπάζιον,,,Greek,New Testament
G5117,τόπος,τόπος,టొపొస్,స్థలం,Greek,New Testament
G5118,τοσοῦτος,τοσοῦτος,,,Greek,New Testament
G5119,τότε,τό+τό+τέ,,,Greek,New Testament
G5120,τοῦ,τό,,,Greek,New Testament
G5121,τοὐναντίον,τό+εἰς+ἐξ+ἀντί,,,Greek,New Testament
G5122,τοὔνομα,τό+γινώσκω+ὀνίνημι,,,Greek,New Testament
G5123,τουτέστι,τό+ἀήρ+εἰμί,,,Greek,New Testament
G5124,τοῦτο,τό+ἀήρ,,,Greek,New Testament
G5125,τούτοις,τό+ἀήρ,,,Greek,New Testament
G5126,τοῦτον,τό+ἀήρ,,,Greek,New Testament
G5127,τούτου,τό+ἀήρ,,,Greek,New Testament
G5128,τούτους,τό+ἀήρ,,,Greek,New Testament
G5129,τούτῳ,τό+ἀήρ,,,Greek,New Testament
G5130,τούτων,τό+ἀήρ,,,Greek,New Testament
G5131,τράγος,θραύω+τρίζω,,,Greek,New Testament
G5132,τράπεζα,τέσσαρα+πούς,,,Greek,New Testament
G5133,τραπεζίτης,τέσσαρα+πούς,,,Greek,New Testament
G5134,τραῦμα,θραύω+τρίζω,,,Greek,New Testament
G5135,τραυματίζω,θραύω+τρίζω,,,Greek,New Testament
G5136,τραχηλίζω,θρίξ,,,Greek,New Testament
G5137,τράχηλος,θρίξ,,,Greek,New Testament
G5138,τραχύς,κατά,,,Greek,New Testament
G5139,Τραχωνῖτις,κατά,,,Greek,New Testament
G5140,τρία,τρία,,,Greek,New Testament
G5141,τρέμω,τρέμω,,,Greek,New Testament
G5142,τρέφω,τρέφω,,,Greek,New Testament
G5143,τρέχω,θρίξ,,,Greek,New Testament
G5144,τριάκοντα,τρία,,,Greek,New Testament
G5145,τριακόσιοι,τρία+ἑκατόν,,,Greek,New Testament
G5146,τρίβολος,τρία+βάλλω,,,Greek,New Testament
G5147,τρίβος,θραύω+τρίζω+θραύω+τρίζω,,,Greek,New Testament
G5148,τριετία,τρία+ἔτος,,,Greek,New Testament
G5149,τρίζω,τρίζω,,,Greek,New Testament
G5150,τρίμηνον,τρία+μήν,,,Greek,New Testament
G5151,τρίς,τρία,,,Greek,New Testament
G5152,τρίστεγον,τρία+στέγη,,,Greek,New Testament
G5153,τρισχίλιοι,τρία+χίλιοι,,,Greek,New Testament
G5154,τρίτος,τρία,,,Greek,New Testament
G5155,τρίχινος,θρίξ,,,Greek,New Testament
G5156,τρόμος,τρέμω,,,Greek,New Testament
G5157,τροπή,τροπή,,,Greek,New Testament
G5158,τρόπος,τροπή,,,Greek,New Testament
G5159,τροποφορέω,τροπή+φέρω,,,Greek,New Testament
G5160,τροφή,τρέφω,,,Greek,New Testament
G5161,Τρόφιμος,τρέφω,,,Greek,New Testament
G5162,τροφός,τρέφω,,,Greek,New Testament
G5163,τροχιά,θρίξ,,,Greek,New Testament
G5164,τροχός,θρίξ,,,Greek,New Testament
G5165,τρύβλιον,τρύβλιον,,,Greek,New Testament
G5166,τρυγάω,τρυγάω,,,Greek,New Testament
G5167,τρυγών,τρίζω,,,Greek,New Testament
G5168,τρυμαλιά,θραύω+τρίζω+θραύω+τρίζω+θραύω+τρίζω+θραύω+τρίζω,,,Greek,New Testament
G5169,τρύπημα,θραύω+τρίζω+θραύω+τρίζω+θραύω+τρίζω+θραύω+τρίζω,,,Greek,New Testament
G5170,Τρύφαινα,τρυφή,,,Greek,New Testament
G5171,τρυφάω,τρυφή,,,Greek,New Testament
G5172,τρυφή,τρυφή,,,Greek,New Testament
G5173,Τρυφῶσα,τρυφή,,,Greek,New Testament
G5174,Τρωάς,Τρωάς,,,Greek,New Testament
G5175,Τρωγύλλιον,Τρωγύλλιον,,,Greek,New Testament
G5176,τρώγω,θραύω+τρίζω,,,Greek,New Testament
G5177,τυγχάνω,τυγχάνω,,,Greek,New Testament
G5178,τυμπανίζω,τύπτω,,,Greek,New Testament
G5179,τύπος,τύπτω,,,Greek,New Testament
G5180,τύπτω,τύπτω,,,Greek,New Testament
G5181,Τύραννος,κύριος,,,Greek,New Testament
G5182,τυρβάζω,θροέω,,,Greek,New Testament
G5183,Τύριος,Τύρος,,,Greek,New Testament
G5184,Τύρος,Τύρος,,,Greek,New Testament
G5185,τυφλός,τύφω,,,Greek,New Testament
G5186,τυφλόω,τύφω,,,Greek,New Testament
G5187,τυφόω,τύφω,,,Greek,New Testament
G5188,τύφω,τύφω,,,Greek,New Testament
G5189,τυφωνικός,τύφω,,,Greek,New Testament
G5190,Τυχικός,τυγχάνω,,,Greek,New Testament
G5191,ὑακίνθινος,ὑάκινθος,,,Greek,New Testament
G5192,ὑάκινθος,ὑάκινθος,,,Greek,New Testament
G5193,ὑάλινος,ὑετός,,,Greek,New Testament
G5194,ὕαλος,ὑετός,,,Greek,New Testament
G5195,ὑβρίζω,ὑπέρ,,,Greek,New Testament
G5196,ὕβρις,ὑπέρ,,,Greek,New Testament
G5197,ὑβριστής,ὑπέρ,,,Greek,New Testament
G5198,ὑγιαίνω,αὐξάνω,,,Greek,New Testament
G5199,ὑγιής,αὐξάνω,,,Greek,New Testament
G5200,ὑγρός,ὑετός,,,Greek,New Testament
G5201,ὑδρία,ὑετός,,,Greek,New Testament
G5202,ὑδροποτέω,ὑετός+πίνω,,,Greek,New Testament
G5203,ὑδρωπικός,ὑετός+ὁράω,,,Greek,New Testament
G5204,ὕδατος,ὑετός,,,Greek,New Testament
G5205,ὑετός,ὑετός,,,Greek,New Testament
G5206,υἱοθεσία,υἱός+τίθημι,,,Greek,New Testament
G5207,υἱός,υἱός,హూయొస్,కుమారుడు,Greek,New Testament
G5208,ὕλη,ξέστης,,,Greek,New Testament
G5209,ὑμᾶς,σύ,,,Greek,New Testament
G5210,ὑμεῖς,σύ,,,Greek,New Testament
G5211,Ὑμεναῖος,Ὑμεναῖος,,,Greek,New Testament
G5212,ὑμέτερος,σύ,,,Greek,New Testament
G5213,ὑμῖν,σύ,,,Greek,New Testament
G5214,ὑμνέω,ὕμνος,,,Greek,New Testament
G5215,ὕμνος,ὕμνος,,,Greek,New Testament
G5216,ὑμῶν,σύ,,,Greek,New Testament
G5217,ὑπάγω,ὑπό+ἄγω,,,Greek,New Testament
G5218,ὑπακοή,ὑπό+ἀκούω,,,Greek,New Testament
G5219,ὑπακούω,ὑπό+ἀκούω,,,Greek,New Testament
G5220,ὕπανδρος,ὑπό+ὁράω,,,Greek,New Testament
G5221,ὑπαντάω,ὑπό+ἀντί,,,Greek,New Testament
G5222,ὑπάντησις,ὑπό+ἀντί,,,Greek,New Testament
G5223,ὕπαρξις,ὑπό+ἄρχω,,,Greek,New Testament
G5224,ὑπάρχοντα,ὑπό+ἄρχω,,,Greek,New Testament
G5225,ὑπάρχω,ὑπό+ἄρχω,,,Greek,New Testament
G5226,ὑπείκω,ὑπό,,,Greek,New Testament
G5227,ὑπεναντίος,ὑπό+εἰς+ἐξ+ἀντί,,,Greek,New Testament
G5228,ὑπέρ,ὑπέρ,,,Greek,New Testament
G5229,ὑπεραίρομαι,ὑπέρ+αἴρω,,,Greek,New Testament
G5230,ὑπέρακμος,ὑπέρ+ἀκμήν,,,Greek,New Testament
G5231,ὑπεράνω,ὑπέρ+ἀντί,,,Greek,New Testament
G5232,ὑπεραυξάνω,ὑπέρ+αὐξάνω,,,Greek,New Testament
G5233,ὑπερβαίνω,ὑπέρ+βάσις,,,Greek,New Testament
G5234,ὑπερβαλλόντως,ὑπέρ+βάλλω,,,Greek,New Testament
G5235,ὑπερβάλλω,ὑπέρ+βάλλω,,,Greek,New Testament
G5236,ὑπερβολή,ὑπέρ+βάλλω,,,Greek,New Testament
G5237,ὑπερείδω,ὑπέρ+εἴδω,,,Greek,New Testament
G5238,ὑπερέκεινα,ὑπέρ+ἐκεῖ,,,Greek,New Testament
G5239,ὑπερεκτείνω,ὑπέρ+ἐξ,,,Greek,New Testament
G5240,ὑπερεκχύνω,ὑπέρ+ἐξ,,,Greek,New Testament
G5241,ὑπερεντυγχάνω,ὑπέρ+εἰς+ἐξ+τυγχάνω,,,Greek,New Testament
G5242,ὑπερέχω,ὑπέρ+σχέω,,,Greek,New Testament
G5243,ὑπερηφανία,ὑπέρ+φημί,,,Greek,New Testament
G5244,ὑπερήφανος,ὑπέρ+φημί,,,Greek,New Testament
G5245,ὑπερνικάω,ὑπέρ+νίκη,,,Greek,New Testament
G5246,ὑπέρογκος,ὑπέρ+ἀγκάλη,,,Greek,New Testament
G5247,ὑπεροχή,ὑπέρ+σχέω,,,Greek,New Testament
G5248,ὑπερπερισσεύω,ὑπέρ+πέραν,,,Greek,New Testament
G5249,ὑπερπερισσῶς,ὑπέρ+πέραν,,,Greek,New Testament
G5250,ὑπερπλεονάζω,ὑπέρ+πολύς,,,Greek,New Testament
G5251,ὑπερυψόω,ὑπέρ+ὑπέρ,,,Greek,New Testament
G5252,ὑπερφρονέω,ὑπέρ+φράσσω,,,Greek,New Testament
G5253,ὑπερῷον,ὑπέρ,,,Greek,New Testament
G5254,ὑπέχω,ὑπό+σχέω,,,Greek,New Testament
G5255,ὑπήκοος,ὑπό+ἀκούω,,,Greek,New Testament
G5256,ὑπηρετέω,ὑπό,,,Greek,New Testament
G5257,ὑπηρέτης,ὑπό,,,Greek,New Testament
G5258,ὕπνος,ὑπό,,,Greek,New Testament
G5259,ὑπό,ὑπό,,,Greek,New Testament
G5260,ὑποβάλλω,ὑπό+βάλλω,,,Greek,New Testament
G5261,ὑπογραμμός,ὑπό+γράφω,,,Greek,New Testament
G5262,ὑπόδειγμα,ὑπό+δεικνύω,,,Greek,New Testament
G5263,ὑποδείκνυμι,ὑπό+δεικνύω,,,Greek,New Testament
G5264,ὑποδέχομαι,ὑπό+δέχομαι,,,Greek,New Testament
G5265,ὑποδέω,ὑπό+δέω,,,Greek,New Testament
G5266,ὑπόδημα,ὑπό+δέω,,,Greek,New Testament
G5267,ὑπόδικος,ὑπό+δεικνύω,,,Greek,New Testament
G5268,ὑποζύγιον,ὑπό+ζυγός,,,Greek,New Testament
G5269,ὑποζώννυμι,ὑπό+ζυγός,,,Greek,New Testament
G5270,ὑποκάτω,ὑπό+κατώτερος+κατά,,,Greek,New Testament
G5271,ὑποκρίνομαι,ὑπό+κρίνω,,,Greek,New Testament
G5272,ὑπόκρισις,ὑπό+κρίνω,,,Greek,New Testament
G5273,ὑποκριτής,ὑπό+κρίνω,,,Greek,New Testament
G5274,ὑπολαμβάνω,ὑπό+δέχομαι,,,Greek,New Testament
G5275,ὑπολείπω,ὑπό+θρίξ+λείπω,,,Greek,New Testament
G5276,ὑπολήνιον,ὑπό+ληνός,,,Greek,New Testament
G5277,ὑπολιμπάνω,ὑπό+θρίξ+λείπω,,,Greek,New Testament
G5278,ὑπομένω,ὑπό+μένω,,,Greek,New Testament
G5279,ὑπομιμνήσκω,ὑπό+μένω+μασσάομαι,,,Greek,New Testament
G5280,ὑπόμνησις,ὑπό+μένω+μασσάομαι,,,Greek,New Testament
G5281,ὑπομονή,ὑπό+μένω,హూపొమొనే,సహనం,Greek,New Testament
G5282,ὑπονοέω,ὑπό+γινώσκω,,,Greek,New Testament
G5283,ὑπόνοια,ὑπό+γινώσκω,,,Greek,New Testament
G5284,ὑποπλέω,ὑπό+πλύνω,,,Greek,New Testament
G5285,ὑποπνέω,ὑπό+πνέω,,,Greek,New Testament
G5286,ὑποπόδιον,ὑπό+πούς,,,Greek,New Testament
G5287,ὑπόστασις,ὑπό+ἵστημι,,,Greek,New Testament
G5288,ὑποστέλλω,ὑπό+ἵστημι,,,Greek,New Testament
G5289,ὑποστολή,ὑπό+ἵστημι,,,Greek,New Testament
G5290,ὑποστρέφω,ὑπό+τροπή,,,Greek,New Testament
G5291,ὑποστρώννυμι,ὑπό+ἵστημι,,,Greek,New Testament
G5292,ὑποταγή,ὑπό+τάσσω,,,Greek,New Testament
G5293,ὑποτάσσω,ὑπό+τάσσω,,,Greek,New Testament
G5294,ὑποτίθημι,ὑπό+τίθημι,,,Greek,New Testament
G5295,ὑποτρέχω,ὑπό+θρίξ,,,Greek,New Testament
G5296,ὑποτύπωσις,ὑπό+τύπτω,,,Greek,New Testament
G5297,ὑποφέρω,ὑπό+φέρω,,,Greek,New Testament
G5298,ὑποχωρέω,ὑπό+χάσμα,,,Greek,New Testament
G5299,ὑπωπιάζω,ὑπό+ὁράω,,,Greek,New Testament
G5300,ὗς,ὗς,,,Greek,New Testament
G5301,ὕσσωπος,ὕσσωπος,,,Greek,New Testament
G5302,ὑστερέω,ὑπό,,,Greek,New Testament
G5303,ὑστέρημα,ὑπό,,,Greek,New Testament
G5304,ὑστέρησις,ὑπό,,,Greek,New Testament
G5305,ὕστερον,ὑπό,,,Greek,New Testament
G5306,ὕστερος,ὑπό,,,Greek,New Testament
G5307,ὑφαντός,ὑφαντός,,,Greek,New Testament
G5308,ὑψηλός,ὑπέρ,,,Greek,New Testament
G5309,ὑψηλοφρονέω,ὑπέρ+φράσσω,,,Greek,New Testament
G5310,ὕψιστος,ὑπέρ,,,Greek,New Testament
G5311,ὕψος,ὑπέρ,,,Greek,New Testament
G5312,ὑψόω,ὑπέρ,,,Greek,New Testament
G5313,ὕψωμα,ὑπέρ,,,Greek,New Testament
G5314,φάγος,ἐσθίω,,,Greek,New Testament
G5315,φάγω,ἐσθίω,,,Greek,New Testament
G5316,φαίνω,φημί,,,Greek,New Testament
G5317,Φάλεκ,Φάλεκ,,,Greek,New Testament
G5318,φανερός,φημί,,,Greek,New Testament
G5319,φανερόω,φημί,,,Greek,New Testament
G5320,φανερῶς,φημί,,,Greek,New Testament
G5321,φανέρωσις,φημί,,,Greek,New Testament
G5322,φανός,φημί,,,Greek,New Testament
G5323,Φανουήλ,Φανουήλ,,,Greek,New Testament
G5324,φαντάζω,φημί,,,Greek,New Testament
G5325,φαντασία,φημί,,,Greek,New Testament
G5326,φάντασμα,φημί,,,Greek,New Testament
G5327,φάραγξ,πέραν+κατά,,,Greek,New Testament
G5328,Φαραώ,Φαραώ,,,Greek,New Testament
G5329,Φάρες,Φάρες,,,Greek,New Testament
G5330,Φαρισαῖος,Φαρισαῖος,,,Greek,New Testament
G5331,φαρμακεία,φαρμακεύς,,,Greek,New Testament
G5332,φαρμακεύς,φαρμακεύς,,,Greek,New Testament
G5333,φάρμακος,φάρμακος,,,Greek,New Testament
G5334,φάσις,φημί+φημί,,,Greek,New Testament
G5335,φάσκω,φημί,,,Greek,New Testament
G5336,φάτνη,φάτνη,,,Greek,New Testament
G5337,φαῦλος,φαῦλος,,,Greek,New Testament
G5338,φέγγος,φημί,,,Greek,New Testament
G5339,φείδομαι,φείδομαι,,,Greek,New Testament
G5340,φειδομένως,φείδομαι,,,Greek,New Testament
G5341,φελόνης,φημί,,,Greek,New Testament
G5342,φέρω,φέρω,ఫెరొ,తీసుకొని రా,Greek,New Testament
G5343,φεύγω,φεύγω,,,Greek,New Testament
G5344,Φῆλιξ,Φῆλιξ,,,Greek,New Testament
G5345,φήμη,φημί,,,Greek,New Testament
G5346,φημί,φημί,,,Greek,New Testament
G5347,Φῆστος,Φῆστος,,,Greek,New Testament
G5348,φθάνω,φθάνω,,,Greek,New Testament
G5349,φθαρτός,φθείρω,,,Greek,New Testament
G5350,φθέγγομαι,φημί+φημί,,,Greek,New Testament
G5351,φθείρω,φθείρω,,,Greek,New Testament
G5352,φθινοπωρινός,φθινοπωρινός,,,Greek,New Testament
G5353,φθόγγος,φημί+φημί,,,Greek,New Testament
G5354,φθονέω,φθείρω,,,Greek,New Testament
G5355,φθόνος,φθείρω,,,Greek,New Testament
G5356,φθορά,φθείρω,,,Greek,New Testament
G5357,φιάλη,φιάλη,,,Greek,New Testament
G5358,φιλάγαθος,φίλος+ἀγαθός,,,Greek,New Testament
G5359,Φιλαδέλφεια,φίλος+ἄν,,,Greek,New Testament
G5360,φιλαδελφία,φίλος+ἄν,,,Greek,New Testament
G5361,φιλάδελφος,φίλος+ἄν,,,Greek,New Testament
G5362,φίλανδρος,φίλος+ὁράω,,,Greek,New Testament
G5363,φιλανθρωπία,φίλος+ὁράω,,,Greek,New Testament
G5364,φιλανθρώπως,φίλος+ὁράω,,,Greek,New Testament
G5365,φιλαργυρία,φίλος+ἄργυρος,,,Greek,New Testament
G5366,φιλάργυρος,φίλος+ἄργυρος,,,Greek,New Testament
G5367,φίλαυτος,φίλος+ἀήρ,,,Greek,New Testament
G5368,φιλέω,φίλος,,,Greek,New Testament
G5369,φιλήδονος,φίλος+ἡδονή,,,Greek,New Testament
G5370,φίλημα,φίλος,,,Greek,New Testament
G5371,Φιλήμων,φίλος,,,Greek,New Testament
G5372,Φίλητος,φίλος,,,Greek,New Testament
G5373,φιλία,φίλος,,,Greek,New Testament
G5374,Φιλιππήσιος,φίλος+ἵππος,,,Greek,New Testament
G5375,Φίλιπποι,φίλος+ἵππος,,,Greek,New Testament
G5376,Φίλιππος,φίλος+ἵππος,,,Greek,New Testament
G5377,φιλόθεος,φίλος+θεός,,,Greek,New Testament
G5378,Φιλόλογος,φίλος+λέγω,,,Greek,New Testament
G5379,φιλονεικία,φίλος+νίκη,,,Greek,New Testament
G5380,φιλόνεικος,φίλος+νίκη,,,Greek,New Testament
G5381,φιλονεξία,φίλος+ξένος,,,Greek,New Testament
G5382,φιλόξενος,φίλος+ξένος,,,Greek,New Testament
G5383,φιλοπρωτεύω,φίλος+πρό,,,Greek,New Testament
G5384,φίλος,φίλος,,,Greek,New Testament
G5385,φιλοσοφία,φίλος+σοφός,,,Greek,New Testament
G5386,φιλόσοφος,φίλος+σοφός,,,Greek,New Testament
G5387,φιλόστοργος,φίλος,,,Greek,New Testament
G5388,φιλότεκνος,φίλος+τίκτω,,,Greek,New Testament
G5389,φιλοτιμέομαι,φίλος+τίνω,,,Greek,New Testament
G5390,φιλοφρόνως,φίλος+φράσσω,,,Greek,New Testament
G5391,φιλόφρων,φίλος+φράσσω,,,Greek,New Testament
G5392,φιμόω,φιμόω,,,Greek,New Testament
G5393,Φλέγων,φλόξ,,,Greek,New Testament
G5394,φλογίζω,φλόξ,,,Greek,New Testament
G5395,φλόξ,φλόξ,,,Greek,New Testament
G5396,φλυαρέω,φλύαρος,,,Greek,New Testament
G5397,φλύαρος,φλύαρος,,,Greek,New Testament
G5398,φοβερός,φόβος,,,Greek,New Testament
G5399,φοβέω,φόβος,,,Greek,New Testament
G5400,φόβητρον,φόβος,,,Greek,New Testament
G5401,φόβος,φόβος,,,Greek,New Testament
G5402,Φοίβη,Φοίβη,,,Greek,New Testament
G5403,Φοινίκη,φοῖνιξ,,,Greek,New Testament
G5404,φοῖνιξ,φοῖνιξ,,,Greek,New Testament
G5405,Φοῖνιξ,φοῖνιξ,,,Greek,New Testament
G5406,φονεύς,φόνος,,,Greek,New Testament
G5407,φονεύω,φόνος,,,Greek,New Testament
G5408,φόνος,φόνος,,,Greek,New Testament
G5409,φορέω,φέρω,,,Greek,New Testament
G5410,Φόρον,Φόρον,,,Greek,New Testament
G5411,φόρος,φέρω,,,Greek,New Testament
G5412,φορτίζω,φέρω,,,Greek,New Testament
G5413,φορτίον,φέρω,,,Greek,New Testament
G5414,φόρτος,φέρω,,,Greek,New Testament
G5415,Φορτουνᾶτος,Φορτουνᾶτος,,,Greek,New Testament
G5416,φραγέλλιον,φραγελλόω,,,Greek,New Testament
G5417,φραγελλόω,φραγελλόω,,,Greek,New Testament
G5418,φραγμός,φράσσω,,,Greek,New Testament
G5419,φράζω,φράσσω,,,Greek,New Testament
G5420,φράσσω,φράσσω,,,Greek,New Testament
G5421,φρέαρ,φρέαρ,,,Greek,New Testament
G5422,φρεναπατάω,φράσσω+ἀπατάω,,,Greek,New Testament
G5423,φρεναπάτης,φράσσω+ἀπατάω,,,Greek,New Testament
G5424,φρήν,φράσσω,,,Greek,New Testament
G5425,φρίσσω,φρίσσω,,,Greek,New Testament
G5426,φρονέω,φράσσω,,,Greek,New Testament
G5427,φρόνημα,φράσσω,,,Greek,New Testament
G5428,φρόνησις,φράσσω,,,Greek,New Testament
G5429,φρόνιμος,φράσσω,,,Greek,New Testament
G5430,φρονίμως,φράσσω,,,Greek,New Testament
G5431,φροντίζω,φράσσω,,,Greek,New Testament
G5432,φρουρέω,πρό+ὁράω,,,Greek,New Testament
G5433,φρυάσσω,βρύω+βρύχω,,,Greek,New Testament
G5434,φρύγανον,φλόξ,,,Greek,New Testament
G5435,Φρυγία,Φρυγία,,,Greek,New Testament
G5436,Φύγελλος,φεύγω,,,Greek,New Testament
G5437,φυγή,φεύγω,,,Greek,New Testament
G5438,φυλακή,φύω+φύω,,,Greek,New Testament
G5439,φυλακίζω,φύω+φύω,,,Greek,New Testament
G5440,φυλακτήριον,φύω+φύω,,,Greek,New Testament
G5441,φύλαξ,φύω+φύω,,,Greek,New Testament
G5442,φυλάσσω,φύω+φύω,,,Greek,New Testament
G5443,φυλή,φύω+φύω,,,Greek,New Testament
G5444,φύλλον,φύω,,,Greek,New Testament
G5445,φύραμα,φύραμα,,,Greek,New Testament
G5446,φυσικός,φύω,,,Greek,New Testament
G5447,φυσικῶς,φύω,,,Greek,New Testament
G5448,φυσιόω,φύω,,,Greek,New Testament
G5449,φύσις,φύω,,,Greek,New Testament
G5450,φυσίωσις,φύω,,,Greek,New Testament
G5451,φυτεία,φύω,,,Greek,New Testament
G5452,φυτεύω,φύω,,,Greek,New Testament
G5453,φύω,φύω,,,Greek,New Testament
G5454,φωλεός,φωλεός,,,Greek,New Testament
G5455,φωνέω,φημί,,,Greek,New Testament
G5456,φωνή,φημί,ఫొనే,స్వరం,Greek,New Testament
G5457,φῶς,φημί,ఫొస్,వెలుగు,Greek,New Testament
G5458,φωστήρ,φημί,,,Greek,New Testament
G5459,φωσφόρος,φημί+φέρω,,,Greek,New Testament
G5460,φωτεινός,φημί,,,Greek,New Testament
G5461,φωτίζω,φημί,,,Greek,New Testament
G5462,φωτισμός,φημί,,,Greek,New Testament
G5463,χαίρω,χαίρω,కైరొ,సంతోషించు,Greek,New Testament
G5464,χάλαζα,χάσμα,,,Greek,New Testament
G5465,χαλάω,χάσμα,,,Greek,New Testament
G5466,Χαλδαῖος,Χαλδαῖος,,,Greek,New Testament
G5467,χαλεπός,χάσμα,,,Greek,New Testament
G5468,χαλιναγωγέω,χάσμα+ἄγω,,,Greek,New Testament
G5469,χαλινός,χάσμα,,,Greek,New Testament
G5470,χάλκεος,χάσμα,,,Greek,New Testament
G5471,χαλκεύς,χάσμα,,,Greek,New Testament
G5472,χαλκηδών,χάσμα+εἴδω,,,Greek,New Testament
G5473,χαλκίον,χάσμα,,,Greek,New Testament
G5474,χαλκολίβανον,χάσμα+λίβανος,,,Greek,New Testament
G5475,χαλκός,χάσμα,,,Greek,New Testament
G5476,χαμαί,χάσμα,,,Greek,New Testament
G5477,Χαναάν,Χαναάν,,,Greek,New Testament
G5478,Χανααναῖος,Χαναάν,,,Greek,New Testament
G5479,χαρά,χαίρω,కారా,సంతోషం,Greek,New Testament
G5480,χάραγμα,γράφω,,,Greek,New Testament
G5481,χαρακτήρ,γράφω,,,Greek,New Testament
G5482,χάραξ,γράφω,,,Greek,New Testament
G5483,χαρίζομαι,χαίρω,,,Greek,New Testament
G5484,χάριν,χαίρω,,,Greek,New Testament
G5485,χάρις,χαίρω,కారిస్,కృప,Greek,New Testament
G5486,χάρισμα,χαίρω,,,Greek,New Testament
G5487,χαριτόω,χαίρω,,,Greek,New Testament
G5488,Χαῤῥάν,Χαῤῥάν,,,Greek,New Testament
G5489,χάρτης,γράφω,,,Greek,New Testament
G5490,χάσμα,χάσμα,,,Greek,New Testament
G5491,χεῖλος,χάσμα,,,Greek,New Testament
G5492,χειμάζω,χειμών,,,Greek,New Testament
G5493,χείμαῤῥος,χειμών+ῥέω,,,Greek,New Testament
G5494,χειμών,χειμών,,,Greek,New Testament
G5495,χείρ,χειμών+χάσμα,కీర్,చేయి,Greek,New Testament
G5496,χειραγωγέω,χειμών+χάσμα+ἄγω,,,Greek,New Testament
G5497,χειραγωγός,χειμών+χάσμα+ἄγω,,,Greek,New Testament
G5498,χειρόγραφον,χειμών+χάσμα+γράφω,,,Greek,New Testament
G5499,χειροποίητος,χειμών+χάσμα+ποιέω,,,Greek,New Testament
G5500,χειροτονέω,χειμών+χάσμα,,,Greek,New Testament
G5501,χείρων,κακός,,,Greek,New Testament
G5502,χερουβίμ,χερουβίμ,,,Greek,New Testament
G5503,χήρα,χάσμα,,,Greek,New Testament
G5504,χθές,χθές,,,Greek,New Testament
G5505,χιλιάς,χίλιοι,,,Greek,New Testament
G5506,χιλίαρχος,χίλιοι+ἄρχω,,,Greek,New Testament
G5507,χίλιοι,χίλιοι,,,Greek,New Testament
G5508,Χίος,Χίος,,,Greek,New Testament
G5509,χιτών,χιτών,,,Greek,New Testament
G5510,χιών,χάσμα+χάσμα+χειμών,,,Greek,New Testament
G5511,χλαμύς,χλαμύς,,,Greek,New Testament
G5512,χλευάζω,χάσμα,,,Greek,New Testament
G5513,χλιαρός,χλιαρός,,,Greek,New Testament
G5514,Χλόη,Χλόη,,,Greek,New Testament
G5515,χλωρός,Χλόη,,,Greek,New Testament
G5516,χξϛ,στίγμα,,,Greek,New Testament
G5517,χοϊκός,χειμών,,,Greek,New Testament
G5518,χοῖνιξ,χοῖνιξ,,,Greek,New Testament
G5519,χοῖρος,χοῖρος,,,Greek,New Testament
G5520,χολάω,Χλόη,,,Greek,New Testament
G5521,χολή,Χλόη,,,Greek,New Testament
G5522,χόος,χειμών,,,Greek,New Testament
G5523,Χοραζίν,Χοραζίν,,,Greek,New Testament
G5524,χορηγέω,χορός+ἄγω,,,Greek,New Testament
G5525,χορός,χορός,,,Greek,New Testament
G5526,χορτάζω,χόρτος,,,Greek,New Testament
G5527,χόρτασμα,χόρτος,,,Greek,New Testament
G5528,χόρτος,χόρτος,,,Greek,New Testament
G5529,Χουζᾶς,Χουζᾶς,,,Greek,New Testament
G5530,χράομαι,χειμών+χάσμα,,,Greek,New Testament
G5531,χράω,χειμών+χάσμα,,,Greek,New Testament
G5532,χρεία,χειμών+χάσμα+χειμών+χάσμα+χειμών+χάσμα,,,Greek,New Testament
G5533,χρεωφειλέτης,χειμών+χάσμα+ὄφελος,,,Greek,New Testament
G5534,χρή,χειμών+χάσμα+χειμών+χάσμα,,,Greek,New Testament
G5535,χρῄζω,χειμών+χάσμα+χειμών+χάσμα+χειμών+χάσμα,,,Greek,New Testament
G5536,χρῆμα,χρῆμα,,,Greek,New Testament
G5537,χρηματίζω,χρῆμα,,,Greek,New Testament
G5538,χρηματισμός,χρῆμα,,,Greek,New Testament
G5539,χρήσιμος,χειμών+χάσμα,,,Greek,New Testament
G5540,χρῆσις,χειμών+χάσμα,,,Greek,New Testament
G5541,χρηστεύομαι,χειμών+χάσμα,,,Greek,New Testament
G5542,χρηστολογία,χειμών+χάσμα+λέγω,,,Greek,New Testament
G5543,χρηστός,χειμών+χάσμα,,,Greek,New Testament
G5544,χρηστότης,χειμών+χάσμα,,,Greek,New Testament
G5545,χρῖσμα,χειμών+χάσμα,,,Greek,New Testament
G5546,Χριστιανός,χειμών+χάσμα,,,Greek,New Testament
G5547,Χριστός,χειμών+χάσμα,క్రిస్టొస్,క్రీస్తు,Greek,New Testament
G5548,χρίω,χειμών+χάσμα,,,Greek,New Testament
G5549,χρονίζω,χρόνος,,,Greek,New Testament
G5550,χρόνος,χρόνος,క్రొనొస్,సమయం,Greek,New Testament
G5551,χρονοτριβέω,χρόνος+θραύω+τρίζω+θραύω+τρίζω,,,Greek,New Testament
G5552,χρύσεος,χειμών+χάσμα,,,Greek,New Testament
G5553,χρυσίον,χειμών+χάσμα,,,Greek,New Testament
G5554,χρυσοδακτύλιος,χειμών+χάσμα+δέκα,,,Greek,New Testament
G5555,χρυσόλιθος,χειμών+χάσμα+λίθος,,,Greek,New Testament
G5556,χρυσόπρασος,χειμών+χάσμα,,,Greek,New Testament
G5557,χρυσός,χειμών+χάσμα,,,Greek,New Testament
G5558,χρυσόω,χειμών+χάσμα,,,Greek,New Testament
G5559,χρώς,χειμών+χάσμα,,,Greek,New Testament
G5560,χωλός,χωλός,,,Greek,New Testament
G5561,χώρα,χάσμα,,,Greek,New Testament
G5562,χωρέω,χάσμα,,,Greek,New Testament
G5563,χωρίζω,χάσμα,,,Greek,New Testament
G5564,χωρίον,χάσμα,,,Greek,New Testament
G5565,χωρίς,χάσμα,,,Greek,New Testament
G5566,χῶρος,χῶρος,,,Greek,New Testament
G5567,ψάλλω,ψώχω,,,Greek,New Testament
G5568,ψαλμός,ψώχω,,,Greek,New Testament
G5569,ψευδάδελφος,ψεύδομαι+ἄν,,,Greek,New Testament
G5570,ψευδαπόστολος,ψεύδομαι+ἀπό+ἵστημι,,,Greek,New Testament
G5571,ψευδής,ψεύδομαι,,,Greek,New Testament
G5572,ψευδοδιδάσκαλος,ψεύδομαι+διδάσκω,,,Greek,New Testament
G5573,ψευδολόγος,ψεύδομαι+λέγω,,,Greek,New Testament
G5574,ψεύδομαι,ψεύδομαι,,,Greek,New Testament
G5575,ψευδομάρτυρ,ψεύδομαι+μάρτυς,,,Greek,New Testament
G5576,ψευδομαρτυρέω,ψεύδομαι+μάρτυς,,,Greek,New Testament
G5577,ψευδομαρτυρία,ψεύδομαι+μάρτυς,,,Greek,New Testament
G5578,ψευδοπροφήτης,ψεύδομαι+πρό+φημί,,,Greek,New Testament
G5579,ψεῦδος,ψεύδομαι,,,Greek,New Testament
G5580,ψευδόχριστος,ψεύδομαι+χειμών+χάσμα,,,Greek,New Testament
G5581,ψευδώνυμος,ψεύδομαι+γινώσκω+ὀνίνημι,,,Greek,New Testament
G5582,ψεῦσμα,ψεύδομαι,,,Greek,New Testament
G5583,ψεύστης,ψεύδομαι,,,Greek,New Testament
G5584,ψηλαφάω,ψώχω,,,Greek,New Testament
G5585,ψηφίζω,ψώχω,,,Greek,New Testament
G5586,ψῆφος,ψώχω,,,Greek,New Testament
G5587,ψιθυρισμός,ψεύδομαι,,,Greek,New Testament
G5588,ψιθυριστής,ψεύδομαι,,,Greek,New Testament
G5589,ψιχίον,ψώχω,,,Greek,New Testament
G5590,ψυχή,ψύχω,ప్సూకే,ప్రాణం,Greek,New Testament
G5591,ψυχικός,ψύχω,,,Greek,New Testament
G5592,ψύχος,ψύχω,,,Greek,New Testament
G5593,ψυχρός,ψύχω,,,Greek,New Testament
G5594,ψύχω,ψύχω,,,Greek,New Testament
G5595,ψωμίζω,ψώχω,,,Greek,New Testament
G5596,ψωμίον,ψώχω,,,Greek,New Testament
G5597,ψώχω,ψώχω,,,Greek,New Testament
G5598,Ω,Ω,,,Greek,New Testament
G5599,ὦ,ὦ,,,Greek,New Testament
G5600,ἦ,εἰμί,,,Greek,New Testament
G5601,Ὠβήδ,Ὠβήδ,,,Greek,New Testament
G5602,ὧδε,τό+δέ,,,Greek,New Testament
G5603,ᾠδή,ᾄδω,,,Greek,New Testament
G5604,ὠδίν,δῦμι,,,Greek,New Testament
G5605,ὠδίνω,δῦμι,,,Greek,New Testament
G5606,ὦμος,φέρω,,,Greek,New Testament
G5607,ὄν,εἰμί,ఓన్,ఉన్న,Greek,New Testament
G5608,ὠνέομαι,ὠνέομαι,,,Greek,New Testament
G5609,ὠόν,ὠόν,,,Greek,New Testament
G5610,ὥρα,ὥρα,,,Greek,New Testament
G5611,ὡραῖος,ὥρα,,,Greek,New Testament
G5612,ὠρύομαι,ὠρύομαι,,,Greek,New Testament
G5613,ὡς,τό,,,Greek,New Testament
G5614,ὡσαννά,ὡσαννά,,,Greek,New Testament
G5615,ὡσαύτως,τό+ἀήρ,,,Greek,New Testament
G5616,ὡσεί,τό+εἰ,,,Greek,New Testament
G5617,Ὡσηέ,Ὡσηέ,,,Greek,New Testament
G5618,ὥσπερ,τό+πέραν,,,Greek,New Testament
G5619,ὡσπερεί,τό+πέραν+εἰ,,,Greek,New Testament
G5620,ὥστε,τό+τέ,,,Greek,New Testament
G5621,ὠτίον,οὖς,,,Greek,New Testament
G5622,ὠφέλεια,ὄφελος,,,Greek,New Testament
G5623,ὠφελέω,ὄφελος,,,Greek,New Testament
G5624,ὠφέλιμος,ὄφελος,,,Greek,New Testament