Strong's Number,Original Word,English Meaning,Telugu Word,Telugu Meaning,Language,Testament
H0001,אָב,"father",అబ్,తండ్రి,Hebrew,Old Testament
H0002,אַב,"father",అబ్,తండ్రి (అరమాయిక్),Hebrew,Old Testament
H0003,אֵב,"a green plant",ఏబ్,పచ్చని మొక్క,Hebrew,Old Testament
H0004,אֵב,"fruit",,పండు,Hebrew,Old Testament
H0005,אֲבַגתָּא,"Abagtha' (ab-ag-thaw') n/p.",,అర్థం తెలియదు,Hebrew,Old Testament
H0006,אָבַד,"abad (aw-bad') v.",ఆబద్,నశించు,Hebrew,Old Testament
H0007,אֲבַד,"abad (ab-ad') v.",,అబద్,Hebrew,Old Testament
H0008,אוֹבֵד,"(concretely) wretched",,నిజంగా దురదృష్టకరం,Hebrew,Old Testament
H0009,אֲבֵדָה,"(concretely) something lost",,నిజంగా ఏదో కోల్పోయింది,Hebrew,Old Testament
H0010,אֲבַדּוֹה,"a perishing",,నశించుట,Hebrew,Old Testament
H0011,אֲבַדּוֹן,"abaddown (ab-ad-done') n/l.",,ఒకటి,Hebrew,Old Testament
H0012,אַבדָּן,"a perishing",,నశించుట,Hebrew,Old Testament
H0013,אָבדָּן,"a perishing",,నశించుట,Hebrew,Old Testament
H0014,אָבָה,"abah (aw-baw') v.",ఆబా,అంగీకరించు,Hebrew,Old Testament
H0015,אָבֶה,"longing",,వాంఛ,Hebrew,Old Testament
H0016,אֵבֶה,"the papyrus",,బొంగరము,Hebrew,Old Testament
H0017,אֲבוֹי,"abowy (ab-o'ee) inj.",,అబోయి,Hebrew,Old Testament
H0018,אֵבוּס,"a manger or stall",,మనిషి,Hebrew,Old Testament
H0019,אִבחָה,"brandishing of a sword",,మాట,Hebrew,Old Testament
H0020,אֲבַטִּיַח,"a melon (only plural)",,పుచ్చకాయలు మాత్రమే బహువచనం,Hebrew,Old Testament
H0021,אֲבִי,"Abiy (ab-ee') n/p.",,తండ్రి,Hebrew,Old Testament
H0022,אֲבִיאֵל,"Abiy'el (ab-ee-ale') n/p.",,అబీయేలు,Hebrew,Old Testament
H0023,אֲבִיאָסָף,"Abiy'acaph (ab-ee-aw-sawf') n/p.",,అబీయాసాఫ్,Hebrew,Old Testament
H0024,אָבִיבּ,"green",,ఆకుపచ్చ,Hebrew,Old Testament
H0025,אֲבִי גִּבעוֹן,"Abiy Gib`own (ab-ee' ghib-one') n/p.",,ఒకటి,Hebrew,Old Testament
H0026,אֲבִיגַּיִל אֲבִיגַּל,"Abiygayil (ab-ee-gah'-yil) (or shorter Abiygal ab-ee-gal') n/p.",,అబీగయిల్ లేదా అబీగల్,Hebrew,Old Testament
H0027,אֲבִידָּן,"Abiydan (ab-ee-dawn') n/p.",,అబీదాన్,Hebrew,Old Testament
H0028,אֲבִידָּע,"Abiyda` (ab-ee-daw') n/p.",,అబీదా,Hebrew,Old Testament
H0029,אֲבִיָה אֲבִיָהוּ,"Abiyah (ab-ee-yaw') (or prolonged Abiyahuw ab-ee-yaw'-hoo) n/p.",,అబీయా లేదా అబీయాహువ్,Hebrew,Old Testament
H0030,אֲבִיהוּא,"Abiyhuw' (ab-ee-hoo') n/p.",,అబీహువ్,Hebrew,Old Testament
H0031,אֲבִיהוּד,"Abiyhuwd (ab-ee-hood') n/p.",,అబీహూద్,Hebrew,Old Testament
H0032,אֲבִיהַיִל אֲבִיחַיִל,"Abiyhayil (ab-ee-hah'-yil) (or (more correctly) hAbiychayil ab-ee- khah'-yil) n/p.",,అబీహాయిల్ లేదా మరింత సరైన హబీచాయిల్,Hebrew,Old Testament
H0033,אֲבִי הָעֶזרִי,"Abiy ha-`Ezriy (ab-ee'-haw-ez-ree') n/p.",,అర్థం తెలియదు,Hebrew,Old Testament
H0034,אֶביוֹן,"ebyown (eb-yone') adj.",,ఒకటి,Hebrew,Old Testament
H0035,אֲבִיוֹנָה,"provocative of desire",,కోరికను రేకెత్తించేది,Hebrew,Old Testament
H0036,אֲבִיטּוּב,"Abiytuwb (ab-ee-toob') n/p.",,అబీతూబ్,Hebrew,Old Testament
H0037,אֲבִיטַּל,"Abiytal (ab-ee-tal') n/p.",,అబీతల్,Hebrew,Old Testament
H0038,אֲבִיָם,"Abiyam (ab-ee-yawm') n/p.",,అబీయామ్,Hebrew,Old Testament
H0039,אֲבִימָאֵל,"Abiyma'el (ab-ee-maw-ale') n/p.",,అబీమాయేలు,Hebrew,Old Testament
H0040,אֲבִימֶלֶך,"Abiymelek (ab-ee-mel'-ek) n/p.",,అబీమెలెకు,Hebrew,Old Testament
H0041,אֲבִינָדָב,"Abiynadab (ab-ee-naw-dawb') n/p.",,అబినదాబు,Hebrew,Old Testament
H0042,אֲבִינוֹעַם,"Abiyno`am (ab-ee-no'-am) n/p.",,అబినోయమ్,Hebrew,Old Testament
H0043,אֶביָסָף,"Ebyacaph (eb-yaw-sawf') n/p.",,ఎబ్యాసాఫ్,Hebrew,Old Testament
H0044,אֲבִיעֶזֶר,"Abiy`ezer (ab-ee-ay'-zer) n/p.",,అభియేజెర్,Hebrew,Old Testament
H0045,אֲבִי ־ עַלבּוֹן,"Abiy-`albown (ab-ee-al-bone') n/p.",,ఒకటి,Hebrew,Old Testament
H0046,אָבִיר,"abiyr (aw-beer') adj.",,బలవంతుడు,Hebrew,Old Testament
H0047,אַבִּיר,"abbiyr (ab-beer') adj.",,బలవంతుడు,Hebrew,Old Testament
H0048,אֲבִירָם,"Abiyram (ab-ee-rawm') n/p.",,అబీరామ్,Hebrew,Old Testament
H0049,אֲבִישַׁג,"Abiyshag (ab-ee-shag') n/p.",,అబీషగు,Hebrew,Old Testament
H0050,אֲבִישׁוַּע,"Abiyshuwae (ab-ee-shoo'-ah) n/p.",,అబీషువ,Hebrew,Old Testament
H0051,אֲבִישׁוּר,"Abiyshuwr (ab-ee-shoor') n/p.",,అబీషూర్,Hebrew,Old Testament
H0052,אֲבִישַׁי אַבשַׁי,"Abiyshay (ab-ee-shah'ee) (or (shorter) Abshay ab-shah'ee) n/p.",,అబీషై,Hebrew,Old Testament
H0053,אֲבִישָׁלוֹם אַבשָׁלוֹם,"Abiyshalowm (ab-ee-shaw-lome') (or (shortened) bAbshalowm ab-shaw- lome') n/p.",,పది,Hebrew,Old Testament
H0054,אֶביָתָר,"Ebyathar (ab-yaw-thawr') n/p.",,ఎబ్యాతార్,Hebrew,Old Testament
H0055,אָבַך,"abak (aw-bak') v.",,దుమ్ము దుమ్ము చేయు,Hebrew,Old Testament
H0056,אָבַל,"abal (aw-bal') v.",,దుఃఖించు,Hebrew,Old Testament
H0057,אָבֵל,"abel (aw-bale') adj.",,దుఃఖించు,Hebrew,Old Testament
H0058,אָבֵל,"a meadow",,పచ్చిక బయలు,Hebrew,Old Testament
H0059,אָבֵל,"Abel (aw-bale') n/l.",,హేబెలు,Hebrew,Old Testament
H0060,אֵבֶל,"lamentation",,విలాపము,Hebrew,Old Testament
H0061,אֲבָל,"abal (ab-awl') adv.",,అయితే,Hebrew,Old Testament
H0062,אָבֵל בֵּיתּ מֲעַכָה,"Abel Beyth-Ma`akah (aw-bale' bayth ma-a-kaw') n/l.",,ఆబేల్ బేత్-మయకా,Hebrew,Old Testament
H0063,אָבֵל הַשִּׁטִּים,"Abel hash-Shittiym (aw-bale' hash-shit-teem') n/l.",,ఆబేల్ హష్-షిట్టీమ్,Hebrew,Old Testament
H0064,אָבֵל כְּרָמִים,"Abel Kramiym (aw-bale' ker-aw-meem') n/l.",,ఆబేల్ కెరామీమ్,Hebrew,Old Testament
H0065,אָבֵל מְחוֹלָה,"Abel Mchowlah (aw-bale' mekh-o-law') n/l.",,ధర్మశాస్త్రం,Hebrew,Old Testament
H0066,אַבֵל מַיִם,"Abel Mayim (aw-bale' mah'-yim) n/l.",,ఆబేల్ మాయిమ్,Hebrew,Old Testament
H0067,אָבֵל מִצרַיִם,"Abel Mitsrayim (aw-bale' mits-rah'-yim) n/l.",,ఆబేల్ మిస్రాయిమ్,Hebrew,Old Testament
H0068,אֶבֶן,"a stone",ఎబెన్,రాయి,Hebrew,Old Testament
H0069,אֶבֶן,"stone",,రాయి,Hebrew,Old Testament
H0070,אוֹבֶן,"a pair of stones (only dual)",,రాయి,Hebrew,Old Testament
H0071,אֲבָנָה,"Abanah (ab-aw-naw') n/l.",,అబానా,Hebrew,Old Testament
H0072,אֶבֶן הָעֵזֶר,"Eben ha-`ezer (eh'-ben haw-e'-zer) n/l.",,ఎబెన్ హా-ఎజెర్,Hebrew,Old Testament
H0073,אַבנֵט,"a belt",,నడికట్టు,Hebrew,Old Testament
H0074,אַבנֵר אֲבִינֵר,"Abner (ab-nare') (or (fully) nAbiyner ab-ee-nare') n/p.",,అబ్నేరు,Hebrew,Old Testament
H0075,אָבַס,"abac (aw-bas') v.",,పోయు,Hebrew,Old Testament
H0076,אֲבַעבּוּעָה,"an inflammatory pustule (as eruption)",,అర్థం తెలియదు,Hebrew,Old Testament
H0077,אֶבֶץ,"Ebets (eh'-bets) n/l.",,ఎబేసు,Hebrew,Old Testament
H0078,אִבצָּן,"Ibtsan (ib-tsawn') n/p.",,ఇబ్సాను,Hebrew,Old Testament
H0079,אָבַק,"abaq (aw-bak') v.",,పొడిచేయు,Hebrew,Old Testament
H0080,אָבָק,"light particles (as volatile)",,వెలుగు,Hebrew,Old Testament
H0081,אֲבָקָה,"powder",,పొడి,Hebrew,Old Testament
H0082,אָבַר,"abar (aw-bar') v.",,అర్థం తెలియదు,Hebrew,Old Testament
H0083,אֵבֶר,"a pinion",,అర్థం తెలియదు,Hebrew,Old Testament
H0084,אֶברָה,"feather",,ఈక,Hebrew,Old Testament
H0085,אַברָהָם,"Abraham (ab-raw-hawm') n/p.",అబ్రాహాం,సమూహమునకు తండ్రి,Hebrew,Old Testament
H0086,אַברֵך,"abrek (ab-rake') inj.",,అర్థం తెలియదు,Hebrew,Old Testament
H0087,אַברָם,"Abram (ab-rawm') n/p.",,అబ్రాము,Hebrew,Old Testament
H0088,אוֹבוֹת,"oboth (o-both') n/l.",,ఓబోతు,Hebrew,Old Testament
H0089,אָגֵא,"Age' (aw-gay') n/p.",,ఆగే,Hebrew,Old Testament
H0090,אֲגַג,"Agag (ag-ag') (or uAgag Ag-awg') n/p.",,అగగు,Hebrew,Old Testament
H0091,אֲגָגִי,"Agagiy (ag-aw-ghee') adj.",,అగగీయుడు,Hebrew,Old Testament
H0092,אֲגֻדָּה,"a band",,గుంపు,Hebrew,Old Testament
H0093,אֱגוֹז,"a nut",,ఒక గింజ,Hebrew,Old Testament
H0094,אָגוּר,"Aguwr (aw-goor') n/p.",,ఆగూరు,Hebrew,Old Testament
H0095,אֲגוֹרָה,"(properly) something gathered",,అర్థం తెలియదు,Hebrew,Old Testament
H0096,אֶגֶל,"a reservoir",,ఒక జలాశయం,Hebrew,Old Testament
H0097,אֶגלַיִם,"Eglayim (eg-lah'-yim) n/l.",,ఎగ్లాయిము,Hebrew,Old Testament
H0098,אֲגַם,"a marsh",,బురదనేల,Hebrew,Old Testament
H0099,אָגֵם,"agem (aw-game') adj.",,అర్థం తెలియదు,Hebrew,Old Testament
H0100,אַגמוֹן,"a marshy pool (others from a different root",,అర్థం తెలియదు,Hebrew,Old Testament
H0101,אַגָּן,"a bowl (as pounded out hollow)",,ఒక గిన్నె,Hebrew,Old Testament
H0102,אַגָּף,"a cover or heap",,ఒక కవర్ లేదా కుప్ప,Hebrew,Old Testament
H0103,אָגַר,"agar (aw-gar') v.",,అర్థం తెలియదు,Hebrew,Old Testament
H0104,אִגְּרָא,"an epistle (as carried by a state courier or postman)",,మనిషి,Hebrew,Old Testament
H0105,אֲגַרטָּל,"a basin",,పాపం,Hebrew,Old Testament
H0106,אֶגרוֹף,"the clenched hand",,చేయి,Hebrew,Old Testament
H0107,אִגֶּרֶת,"an epistle",,ఒక లేఖ,Hebrew,Old Testament
H0108,אֵד,"a fog",,ఒక పొగమంచు,Hebrew,Old Testament
H0109,אָדַב,"adab (aw-dab') v.",,అర్థం తెలియదు,Hebrew,Old Testament
H0110,אַדבְּאֵל,"Adb'el (ad-beh-ale') n/p.",,అద్బెయేలు,Hebrew,Old Testament
H0111,אֲדַד,"Adad (ad-ad') n/p.",,అదదు,Hebrew,Old Testament
H0112,אִדּוֹ,"Iddow (id-do) n/p.",,ఇద్దో,Hebrew,Old Testament
H0113,אָדוֹן אָדוֹן,"sovereign",ఆదోన్,ప్రభువు,Hebrew,Old Testament
H0114,אַדּוֹן,"Addown (ad-done') adj.",,ఒకటి,Hebrew,Old Testament
H0115,אֲדוֹרַיִם,"Adowrayim (ad-o-rah'-yim) n/l.",,అదొరాయిము,Hebrew,Old Testament
H0116,אֱדַיִן,"edayin (ed-ah'-yin) adv.",,దినము,Hebrew,Old Testament
H0117,אַדִּיר,"addiyr (ad-deer') adj.",,అద్దీరు,Hebrew,Old Testament
H0118,אֲדַליָא,"Adalya' (ad-al-yaw') n/p.",,అర్థం తెలియదు,Hebrew,Old Testament
H0119,אָדַם,"adam (aw-dam') v.",ఆదమ్,ఎర్రగా చేయు,Hebrew,Old Testament
H0120,אָדָם,"ruddy i.e. a human being (an individual or the species",ఆదాం,మానవుడు,Hebrew,Old Testament
H0121,אָדָם,"Adam (aw-dawm') n/p.",ఆదాం,ఆదాము,Hebrew,Old Testament
H0122,אָדוֹם,"adom (aw-dome') adj.",,ఎరుపు,Hebrew,Old Testament
H0123,אֱדוֹם אֱדוֹם,"Edom (ed-ome') (or (fully) oEdowm ed-ome') n/p.",,ఎదోము,Hebrew,Old Testament
H0124,אוֹדֶם,"redness",,ఎరుపు రంగు,Hebrew,Old Testament
H0125,אֲדַמדָּם,"adamdam (ad-am-dawm') adj.",,అర్థం తెలియదు,Hebrew,Old Testament
H0126,אַדמָה,"Admah (ad-maw') n/l.",,అద్మా,Hebrew,Old Testament
H0127,אֲדָמָה,"soil (from its general redness)",,నూనె,Hebrew,Old Testament
H0128,אֲדָמָה,"Adamah (ad-aw-maw') n/l.",,నేల,Hebrew,Old Testament
H0129,אֲדָמִי,"Adamiy (ad-aw-mee') n/l.",,అర్థం తెలియదు,Hebrew,Old Testament
H0130,אֱדוֹמִי,"Edomiy (ed-o-mee') (or (fully) aEdowmiy ed-o-mee') adj.",,ఎదోమీయుడు,Hebrew,Old Testament
H0131,אֲדוּמִּים,"Adummiym (ad-oom-meem') n/l.",,అర్థం తెలియదు,Hebrew,Old Testament
H0132,אַדמוֹנִי אַדמוֹנִי,"admoniy (ad-mo-nee') (or (fully) admowniy ad-mo-nee') adj.",,అర్థం తెలియదు,Hebrew,Old Testament
H0133,אַדמָתָא,"Admatha' (ad-maw-thaw') n/p.",,అర్థం తెలియదు,Hebrew,Old Testament
H0134,אֶדֶן,"a basis (of a building",,అడుగు,Hebrew,Old Testament
H0135,אַדָּן,"Addan (ad-dawn') n/l.",,అద్దాను,Hebrew,Old Testament
H0136,אֲדוֹנָי,"the Lord (used as a proper name of God only)",అదొనాయ్,ప్రభువు,Hebrew,Old Testament
H0137,אֲדוֹנִי ־ בֶּזֶק,"Adoniy-Bezeq (ad-o''-nee-beh'-zek) n/p.",,అదోనీ-బెజెకు,Hebrew,Old Testament
H0138,אֲדוֹנִיָה אֲדוֹנִיָהוּ,"Adoniyah (ad-o-nee-yaw') (original (prolonged) dAdoniyahuw ad-o-nee- yaw'-hoo) n/p.",,అదోనియా,Hebrew,Old Testament
H0139,אֲדוֹנִי ־ צֶּדֶק,"Adoniy-Tsedeq (ad-o''-nee-tseh'-dek) n/p.",,అదోనీ-సెదెకు,Hebrew,Old Testament
H0140,אֲדוֹנִיקָם,"Adoniyqam (ad-o-nee-kawm') n/p.",,అదోనీకాము,Hebrew,Old Testament
H0141,אֲדוֹנִירָם,"Adoniyram (ad-o-nee-rawm') n/p.",,అదోనీరాము,Hebrew,Old Testament
H0142,אָדַר,"adar (aw-dar') v.",,అర్థం తెలియదు,Hebrew,Old Testament
H0143,אֲדָר,"Adar (ad-awr') n/t.",,ఆదారు,Hebrew,Old Testament
H0144,אֲדָר,"Adar (ad-awr') n/t.",,ఆదారు,Hebrew,Old Testament
H0145,אֶדֶר,"amplitude",,అర్థం తెలియదు,Hebrew,Old Testament
H0146,אַדָּר,"Addar (ad-dawr') n/p.",,అద్దరు,Hebrew,Old Testament
H0147,אִדַּר,"ample",,అర్థం తెలియదు,Hebrew,Old Testament
H0148,אֲדַרגָּזֵר,"a chief diviner",,అర్థం తెలియదు,Hebrew,Old Testament
H0149,אַדרַזדָּא,"adrazda' (ad-raz-daw') adv.",,అర్థం తెలియదు,Hebrew,Old Testament
H0150,אֲדַרכּוֹן,"a daric or Persian coin",,అర్థం తెలియదు,Hebrew,Old Testament
H0151,אֲדוֹרָם,"Adoram (ad-o-rawm') n/p.",,అదోరాము,Hebrew,Old Testament
H0152,אַדרַמֶּלֶך,"Adrammelek (ad-ram-meh'-lek) n/p.",,అద్రమ్మెలెకు,Hebrew,Old Testament
H0153,אֶדרָע,"an arm",,ఒక చేయి,Hebrew,Old Testament
H0154,אֶדרֶעִי,"edre`iy (ed-reh'-ee) n/l.",,ఎద్రెయి,Hebrew,Old Testament
H0155,אַדֶּרֶת,"something ample (as a large vine",,పెద్ద ద్రాక్షతీగవలె సమృద్ధిగా,Hebrew,Old Testament
H0156,אָדַשׁ,"adash (aw-dash') v.",,అర్థం తెలియదు,Hebrew,Old Testament
H0157,אָהַב אָהֵב,"ahab (aw-hab') (or raheb aw-habe') v.",ఆహబ్,ప్రేమించు,Hebrew,Old Testament
H0158,אַהַב,"affection (in a good or a bad sense)",,మంచి,Hebrew,Old Testament
H0159,אוֹהַב,"meaning the same as H0158",,H0158 వలె అదే అర్ధం,Hebrew,Old Testament
H0160,אַהֲבָה,"love",,ప్రేమ,Hebrew,Old Testament
H0161,אוֹהַד,"Ohad (o'-had) n/p.",,ఓహాద్,Hebrew,Old Testament
H0162,אֲהָהּ,"ahahh (a-haw') inj.",,అహాహా,Hebrew,Old Testament
H0163,אַהֲוָא,"Ahava' (a-hav-aw') n/l.",,అహవా,Hebrew,Old Testament
H0164,אֵהוּד,"Ehuwd (ay-hood') n/p.",,ఏహుద్,Hebrew,Old Testament
H0165,אֱהִי,"ehiy (e-hee') adv.",,ఏహీ,Hebrew,Old Testament
H0166,אָהַל,"ahal (aw-hal') v.",,ఓహల్,Hebrew,Old Testament
H0167,אָהַל,"ahal (aw-hal') v.",,ఓహల్,Hebrew,Old Testament
H0168,אוֹהֶל,"a tent (as clearly conspicuous from a distance)",,చెవి,Hebrew,Old Testament
H0169,אוֹהֶל,"Ohel (o'-hel) n/p.",,ఓహేల్,Hebrew,Old Testament
H0170,אָהֳלָה אָהֳלָהּ,"Oholah (o-hol-aw') (in form a feminine of H168",,తొమ్మిది,Hebrew,Old Testament
H0171,אָהֳלִיאָב,"Oholiy'ab (o''-hol-e-awb') n/p.",,ఒహోలీయాబు,Hebrew,Old Testament
H0172,אָהֳלִיבָּה אָהֳלִיבָּהּ,"Oholiybah (o''-hol-ee-baw') ((similarly with H170) for hOholiybahh o''-hol-e-baw') n/p.",,ఓహోలీబా,Hebrew,Old Testament
H0173,אָהֳלִיבָּמָה,"Oholiybamah (o''-hol-ee-baw-maw') n/p.",,ఓహోలీబామా,Hebrew,Old Testament
H0174,אֲהָלִים אֲהָלוֹת,"aloe wood (i.e. sticks)",,కలప,Hebrew,Old Testament
H0175,אַהֲרוֹן,"Aharown (a-har-one') n/p.",అహరోన్,అహరోను,Hebrew,Old Testament
H0176,אוֹ אַו,"ow (o) (presumed to be the constructive or genitival form of -av av) conj.",,ఉండు,Hebrew,Old Testament
H0177,אוּאֵל,"Uw'el (oo-ale') n/p.",,ఊవేల్,Hebrew,Old Testament
H0178,אוֹב,"(properly) a mumble",,సణుగుడు,Hebrew,Old Testament
H0179,אוֹבִיל,"owbiyl (o-beel') n/p.",,ఓబీల్,Hebrew,Old Testament
H0180,אוּבָל אוּבָל,"a stream",,ఒక ప్రవాహం,Hebrew,Old Testament
H0181,אוּד,"a poker (for turning or gathering embers)",,నిప్పులు తిప్పుటకు లేదా కూర్చుటకు ఉపయోగించే పోకర్,Hebrew,Old Testament
H0182,אוֹדוֹת אוֹדוֹת,"turnings (i.e. occasions)",,మలుపులు అనగా సందర్భాలు,Hebrew,Old Testament
H0183,אָוָה,"avah (aw-vaw') v.",,ఆవా,Hebrew,Old Testament
H0184,אָוָה,"avah (aw-vaw') v.",,ఆవా,Hebrew,Old Testament
H0185,אַוָּה,"longing",,ఆశ,Hebrew,Old Testament
H0186,אוּזַי,"Uwzay (oo-zah'-ee) n/p.",,ఊజాయి,Hebrew,Old Testament
H0187,אוּזָל,"Uwzal (oo-zawl') n/p.",,ఊజాలు,Hebrew,Old Testament
H0188,אוֹי,"owy (o'-ee) inj.",,ఓయ్,Hebrew,Old Testament
H0189,אֱוִי,"Eviy (ev-ee') n/p.",,ఏవీ,Hebrew,Old Testament
H0190,אוֹיָה,"owyah (o-yaw') inj.",,ఓయా,Hebrew,Old Testament
H0191,אֱוִיל,"eviyl (ev-eel') adj.",ఎవిల్,మూర్ఖుడు,Hebrew,Old Testament
H0192,אֱוִיל מְרוֹדַך,"Eviyl Mrodak (ev-eel' mer-o-dak') n/p.",,ఎవీల్ మెరోదాక్,Hebrew,Old Testament
H0193,אוּל,"the body (as being rolled together)",,కలిసి చుట్టబడినట్లుగా ఉన్న శరీరము,Hebrew,Old Testament
H0194,אוּלַי אוּלַי,"uwlay (oo-lah'ee) (or (shortened) rulay oo-lah'ee) adv.",,పది,Hebrew,Old Testament
H0195,אוּלַי,"Uwlay (oo-lah'ee) n/l.",,ఒకవేళ,Hebrew,Old Testament
H0196,אֱוִלִי,"eviliy (ev-ee-lee') adj.",,దుష్టత్వం,Hebrew,Old Testament
H0197,אוּלָם אוּלָם,"a vestibule (as bound to the building)",,భవనానికి కట్టబడిన వరండా,Hebrew,Old Testament
H0198,אוּלָם,"Uwlam (oo-lawm') n/p.",,ధర్మశాస్త్రం,Hebrew,Old Testament
H0199,אוּלָם,"uwlam (oo-lawm') adv.",ఊలామ్,అయితే,Hebrew,Old Testament
H0200,אִוֶּלֶת,"silliness",,వెర్రితనం,Hebrew,Old Testament
H0201,אוֹמָר,"Owmar (o-mawr') n/p.",,ఓమరు,Hebrew,Old Testament
H0202,אוֹן,"ability",,సామర్థ్యం,Hebrew,Old Testament
H0203,אוֹן,"Own (one) n/p.",,ఒకటి,Hebrew,Old Testament
H0204,אוֹן אוֹן,"Own (one) (or (shortened) On one",,ఒకటి,Hebrew,Old Testament
H0205,אָוֶן,"(strictly) nothingness",,ఖచ్చితంగా శూన్యం,Hebrew,Old Testament
H0206,אָוֶן,"Aven (aw'-ven) n/l.",,అర్థం తెలియదు,Hebrew,Old Testament
H0207,אוֹנוֹ אוֹנוֹ,"Ownow (o-no') (or (shortened) Onow o-no') n/l.",,పది,Hebrew,Old Testament
H0208,אוֹנָם,"Ownam (o-nawm') n/p.",,ఓనాము,Hebrew,Old Testament
H0209,אוֹנָן,"Ownan (o-nawn') n/p.",,ఓనాను,Hebrew,Old Testament
H0210,אוּפָז,"Uwphaz (oo-fawz') n/l.",,అర్థం తెలియదు,Hebrew,Old Testament
H0211,אוֹפִיר אוֹפִיר אוֹפִר,"Owphiyr (o-feer') (or (shortened) pOphiyr o-feer'and fOwphir o- feer') n/p.",,పది,Hebrew,Old Testament
H0212,אוֹפָן אוֹפָן,"a wheel",,చక్రం,Hebrew,Old Testament
H0213,אוּץ,"uwts (oots) v.",,అర్థం తెలియదు,Hebrew,Old Testament
H0214,אוֹצָר,"a depository",,ఒక డిపాజిటరీ,Hebrew,Old Testament
H0215,אוֹר,"owr (ore) v.",,వెలుగు,Hebrew,Old Testament
H0216,אוֹר,"illumination",,జాతి,Hebrew,Old Testament
H0217,אוּר,"flame",,ఊరు,Hebrew,Old Testament
H0218,אוּר,"Uwr (oor) n/l.",,ఊరు,Hebrew,Old Testament
H0219,אוֹרָה,"luminousness",,తేజస్సు,Hebrew,Old Testament
H0220,אֲוֵרָה,"a stall",,ఒక పాక,Hebrew,Old Testament
H0221,אוּרִי,"Uwriy (oo-ree') n/p.",,ఊరీ,Hebrew,Old Testament
H0222,אוּרִיאֵל,"Uwriy'el (oo-ree-ale') n/p.",,ఊరీయేలు,Hebrew,Old Testament
H0223,אוּרִיָה אוּרִיָהוּ,"Uwriyah (oo-ree-yaw') (or (prolonged) Uwriyahuw oo-ree-yaw'-hoo) n/p.",,ఊరియా,Hebrew,Old Testament
H0224,אוּרִים,"lights",,వెలుగు,Hebrew,Old Testament
H0225,אוּת,"uwth (ooth) v.",,అర్థం తెలియదు,Hebrew,Old Testament
H0226,אוֹת,"a signal (literally or figuratively)",ఓత్,సూచన,Hebrew,Old Testament
H0227,אָז,"az (awz) adv.",ఆజ్,అప్పుడు,Hebrew,Old Testament
H0228,אֲזָא אֲזָה,"aza' (az-zaw') ((Aramaic) or iazah (Aramaic) az-aw') v.",,అర్థం తెలియదు,Hebrew,Old Testament
H0229,אֶזבַּי,"Ezbay (ez-bah'ee) n/p.",,ఎజ్బాయి,Hebrew,Old Testament
H0230,אֲזָד,"azad (az-zawd') v.",,అర్థం తెలియదు,Hebrew,Old Testament
H0231,אֵזוֹב,"hyssop",,హిస్సోపు,Hebrew,Old Testament
H0232,אֵזוֹר,"something girt",,నడికట్టు,Hebrew,Old Testament
H0233,אֲזַי,"azay (az-ah'ee) adv.",,అజే,Hebrew,Old Testament
H0234,אַזכָּרָה,"a reminder",,ఒక గుర్తుచేయువాడు,Hebrew,Old Testament
H0235,אָזַל,"azal (aw-zal') v.",,అర్థం తెలియదు,Hebrew,Old Testament
H0236,אֲזַל,"azal (az-al') v.",,అర్థం తెలియదు,Hebrew,Old Testament
H0237,אֶזֶל,"ezel (eh'-zel) n/l.",,ఏజెల్,Hebrew,Old Testament
H0238,אָזַן,"azan (aw-zan') v.",,అర్థం తెలియదు,Hebrew,Old Testament
H0239,אָזַן,"azan (aw-zan') v.",,అర్థం తెలియదు,Hebrew,Old Testament
H0240,אָזֵן,"a spade or paddle (as having a broad end)",,అంతం,Hebrew,Old Testament
H0241,אוֹזֶן,"broadness",ఓజెన్,చెవి,Hebrew,Old Testament
H0242,אוּזֵּן שֶׁאֱרָה,"Uzzen She'erah (ooz-zane' sheh-er-aw') n/l.",,అర్థం తెలియదు,Hebrew,Old Testament
H0243,אַזנוֹת תָּבוֹר,"Aznowth Tabowr (az-noth' taw-bore') n/l.",,అజ్నోతు తాబోరు,Hebrew,Old Testament
H0244,אָזנִי,"Ozniy (oz-nee') n/p.",,ఒజ్నీ,Hebrew,Old Testament
H0245,אֲזַניָה,"Azanyah (az-an-yaw') n/p.",,అజన్యా,Hebrew,Old Testament
H0246,אֲזִקִּים,"manacles",,మనిషి,Hebrew,Old Testament
H0247,אָזַר,"azar (aw-zar') v.",,అర్థం తెలియదు,Hebrew,Old Testament
H0248,אֶזרוַֹע,"the arm",,భుజం,Hebrew,Old Testament
H0249,אֶזרָח,"a spontaneous growth",,అర్థం తెలియదు,Hebrew,Old Testament
H0250,אֶזרָחִי,"Ezrachiy (ez-raw-khee') adj.",,అర్థం తెలియదు,Hebrew,Old Testament
H0251,אָח,"a brother (used in the widest sense of literal relationship and metaphorical affinity or resemblance...",ఆచ్,సోదరుడు,Hebrew,Old Testament
H0252,אַח,"brother",,సోదరుడు,Hebrew,Old Testament
H0253,אָח,"ach (awkh) inj.",,సోదరుడు,Hebrew,Old Testament
H0254,אָח,"a fire-pot or chafing dish",,అగ్ని,Hebrew,Old Testament
H0255,אוַֹח,"a howler or lonesome wild animal",,ఒకటి,Hebrew,Old Testament
H0256,אַחאָב אֶחָב,"Ach'ab (akh-awb') (once (by contraction) oEchab (Jer. 29) n/p.",,అర్థం తెలియదు,Hebrew,Old Testament
H0257,אַחבָּן,"Achban (akh-bawn') n/p.",,అర్థం తెలియదు,Hebrew,Old Testament
H0258,אָחַד,"achad (aw-khad') v.",,అర్థం తెలియదు,Hebrew,Old Testament
H0259,אֶחָד,"echad (ekh-awd') adj.",ఎచాద్,ఒకటి,Hebrew,Old Testament
H0260,אָחוּ,"a bulrush or any marshy grass (particularly that along the Nile)",,అర్థం తెలియదు,Hebrew,Old Testament
H0261,אֵחוּד,"Echuwd (ay-khood') n/p.",,అర్థం తెలియదు,Hebrew,Old Testament
H0262,אַחוָה,"an utterance",,ఉచ్చారణ,Hebrew,Old Testament
H0263,אַחֲוָה,"solution (of riddles)",,పొడుపు కథల పరిష్కారం,Hebrew,Old Testament
H0264,אַחֲוָה,"fraternity",,సోదరభావం,Hebrew,Old Testament
H0265,אֲחוַֹח,"Achowach (akh-o'-akh) n/p.",,అర్థం తెలియదు,Hebrew,Old Testament
H0266,אֲחוֹחִי,"Achowchiy (akh-o-khee') adj.",,అర్థం తెలియదు,Hebrew,Old Testament
H0267,אֲחוּמַי,"Achuwmay (akh-oo-mah'-ee) n/p.",,అర్థం తెలియదు,Hebrew,Old Testament
H0268,אָחוֹר אָחוֹר,"achowr (aw-khore') (or (shortened) achor aw-khore') subv.",,పది,Hebrew,Old Testament
H0269,אָחוֹת,"a sister (used very widely (like H0250)",,సోదరి,Hebrew,Old Testament
H0270,אָחַז,"achaz (aw-khaz') v.",ఆఖజ్,పట్టుకొను,Hebrew,Old Testament
H0271,אָחָז,"Achaz (aw-khawz') n/p.",,అర్థం తెలియదు,Hebrew,Old Testament
H0272,אֲחוּזָּה,"something seized",,చేజిక్కించుకున్నది,Hebrew,Old Testament
H0273,אַחזַי,"Achzay (akh-zah'ee) n/p.",,అర్థం తెలియదు,Hebrew,Old Testament
H0274,אֲחַזיָה אֲחַזיָהוּ,"Achazyah (akh-az-yaw') (or (prolonged) rAchazyahuw akh-az-yaw'-hoo) n/p.",,అర్థం తెలియదు,Hebrew,Old Testament
H0275,אֲחוּזָּם,"Achuzzam (akh-ooz-zawm') n/p.",,అర్థం తెలియదు,Hebrew,Old Testament
H0276,אֲחוּזַּת,"Achuzzath (akh-ooz-zath') n/p.",,అర్థం తెలియదు,Hebrew,Old Testament
H0277,אֲחִי,"Achiy (akh-ee') n/p.",,అర్థం తెలియదు,Hebrew,Old Testament
H0278,אֵחִי,"Echiy (ay-khee') n/p.",,అర్థం తెలియదు,Hebrew,Old Testament
H0279,אֲחִיאָם,"Achiyam (akh-ee-awm') n/p.",,అర్థం తెలియదు,Hebrew,Old Testament
H0280,אֲחִידָּה,"hard sentence",,పది,Hebrew,Old Testament
H0281,אֲחִיָה אֲחִיָהוּ,"Achiyah (akh-ee-yaw) (or (prolonged) pAchiyahuw akh-ee-yaw'-hoo) n/p.",,అర్థం తెలియదు,Hebrew,Old Testament
H0282,אֲחִיהוּד,"Achiyhuwd (akh-ee-hood') n/p.",,అర్థం తెలియదు,Hebrew,Old Testament
H0283,אַחיוֹ,"Achyow (akh-yo') n/p.",,అర్థం తెలియదు,Hebrew,Old Testament
H0284,אֲחִיחוּד,"Achiychud (akh-ee-khood') n/p.",,అర్థం తెలియదు,Hebrew,Old Testament
H0285,אֲחִיטּוּב,"Achiytuwb (akh-ee-toob') n/p.",,అర్థం తెలియదు,Hebrew,Old Testament
H0286,אֲחִילוּד,"Achiyluwd (akh-ee-lood') n/p.",,అర్థం తెలియదు,Hebrew,Old Testament
H0287,אֲחִימוֹת,"Achiymowth (akh-ee-moth') n/p.",,అర్థం తెలియదు,Hebrew,Old Testament
H0288,אֲחִימֶלֶך,"Achiymelek (akh-ee-meh'-lek) n/p.",,అహీమెలెకు,Hebrew,Old Testament
H0289,אֲחִימַן אֲחִימָן,"Achiyman (akh-ee-man') (or mAchiyman akh-ee-mawn') n/p.",,మనిషి,Hebrew,Old Testament
H0290,אֲחִימַעַץ,"Achiyma`ats (akh-ee-mah'-ats) n/l.",,అహిమయస్సు,Hebrew,Old Testament
H0291,אַחיָן,"Achyan (akh-yawn') n/p.",,అహియాను,Hebrew,Old Testament
H0292,אֲחִינָדָב,"Achiynadab (akh-ee-naw-dawb') n/p.",,అహీనాదాబు,Hebrew,Old Testament
H0293,אֲחִינוֹעַם,"Achiyno`am (akh-ee-no'-am) n/p.",,అహీనోయము,Hebrew,Old Testament
H0294,אֲחִיסָמָך,"Achiycamak (akh-ee-saw-mawk') n/p.",,అహీశామాకు,Hebrew,Old Testament
H0295,אֲחִיעֶזֶר,"Achiy`ezer (akh-ee-eh'-zer) n/p.",,అహీయెజెరు,Hebrew,Old Testament
H0296,אֲחִיקָם,"Achiyqam (akh-ee-kawm') n/p.",,అహీకాము,Hebrew,Old Testament
H0297,אֲחִירָם,"Achiyram (akh-ee-rawm') n/p.",,అహీరాము,Hebrew,Old Testament
H0298,אֲחִירָמִי,"Achiyramiy (akh-ee-raw-mee') adj.",,అహీరామీయుడు,Hebrew,Old Testament
H0299,אֲחִירַע,"Achiyra` (akh-ee-rah') n/p.",,అహీరా,Hebrew,Old Testament
H0300,אֲחִישַׁחַר,"Achiyshachar (akh-ee-shakh'-ar) n/p.",,అహీషాహరు,Hebrew,Old Testament
H0301,אֲחִישָׁר,"Achiyshar (akh-ee-shawr') n/p.",,అహీషారు,Hebrew,Old Testament
H0302,אֲחִיתּוֹפֶל,"Achiythophel (akh-ee-tho'-fel) n/p.",,అహీతోపెలు,Hebrew,Old Testament
H0303,אַחלָב,"Achlab (akh-lawb') n/l.",,ధర్మశాస్త్రం,Hebrew,Old Testament
H0304,אַחלַי,"Achlay (akh-lah'ee) n/p.",,అహ్లయి,Hebrew,Old Testament
H0305,אַחֲלַי אַחֲלֵי,"achalay (akh-al-ah'ee) (or achaley akh-al-ay') inj.",,అర్థం తెలియదు,Hebrew,Old Testament
H0306,אַחלָמָה,"a gem",,రత్నము,Hebrew,Old Testament
H0307,אַחמְתָא,"Achmtha' (akh-me-thaw') n/l.",,అహ్మెతా,Hebrew,Old Testament
H0308,אֲחַסבַּי,"Achacbay (akh-as-bah'ee) n/p.",,అహస్బయి,Hebrew,Old Testament
H0309,אָחַר,"achar (aw-khar') v.",,ఆకురు,Hebrew,Old Testament
H0310,אַחַר,"achar (akh-ar') adv.",అఖర్,తరువాత,Hebrew,Old Testament
H0311,אַחַר,"achar (akh-ar') adv.",,తరువాత,Hebrew,Old Testament
H0312,אַחֵר,"acher (akh-air') adj.",అఖేర్,వేరే,Hebrew,Old Testament
H0313,אַחֵר,"Acher (akh-air') n/p.",,ఆకేరు,Hebrew,Old Testament
H0314,אַחֲריוֹן אַחֲרוֹן,"acharown (akh-ar-one') (or (shortened) prob from H253 and a variation of H3863",అఖరోన్,చివరి,Hebrew,Old Testament
H0315,אַחרַח,"Achrach (akh-rakh') n/p.",,అహ్రాకు,Hebrew,Old Testament
H0316,אֲחַרחֵל,"Acharchel (akh-ar-kale') n/p.",,అహర్కెలు,Hebrew,Old Testament
H0317,אָחֳרִי,"ochoriy (okh-or-ee') adj.",,అర్థం తెలియదు,Hebrew,Old Testament
H0318,אָחֳרֵין אָחֳרֵן,"ochoreyn (okh-or-ane') ((Aramaic) or (shortened)) adv.",,పది,Hebrew,Old Testament
H0319,אַחֲרִיתּ,"the last or end",,అంతం,Hebrew,Old Testament
H0320,אַחֲרִיתּ,"later",,తరువాత,Hebrew,Old Testament
H0321,אָחֳרָן,"ochoran (okh-or-awn') adj.",,అర్థం తెలియదు,Hebrew,Old Testament
H0322,אֲחוֹרַנִּיתּ,"achoranniyth (akh-o-ran-neeth') adv.",,అర్థం తెలియదు,Hebrew,Old Testament
H0323,אֲחַשׁדַּרפַּן,"a satrap or governor of a main province (of Persia)",,అర్థం తెలియదు,Hebrew,Old Testament
H0324,אֲחַשׁדַּרפַּן,"prince",,యువరాజు,Hebrew,Old Testament
H0325,אֲחַשׁוֵרוֹשׁ אַחַשׁרוֹשׁ,"Achashverowsh (akh-ash-vay-rosh') (or (shortened) pAchashrosh akh- ash-rosh' (Esth. 10) n/p.",,పది,Hebrew,Old Testament
H0326,אֲחַשׁתָּרִי,"achashtariy (akh-ash-taw-ree') n/p.",,అహష్తరి,Hebrew,Old Testament
H0327,אֲחַשׁתָּרָן,"achastaran (akh-ash-taw-rawn') adj.",,నక్షత్రం,Hebrew,Old Testament
H0328,אַט,"at (at) adv.",,వద్ద,Hebrew,Old Testament
H0329,אָטָד,"a thorn-tree (especially the buckthorn)",,చెట్టు,Hebrew,Old Testament
H0330,אֵטוּן,"(properly) twisted (yarn)",,సరిగ్గా మెలితిప్పిన నూలు,Hebrew,Old Testament
H0331,אָטַם,"atam (aw-tam') v.",,అర్థం తెలియదు,Hebrew,Old Testament
H0332,אָטַר,"atar (aw-tar') v.",,అర్థం తెలియదు,Hebrew,Old Testament
H0333,אָטֵר,"Ater (aw-tare') n/p.",,ఆటర్,Hebrew,Old Testament
H0334,אִטֵּר,"itter (it-tare') adj.",,అర్థం తెలియదు,Hebrew,Old Testament
H0335,אַי,"ay (ah'ee) adv.",,అయ్యి,Hebrew,Old Testament
H0336,אִי,"iy (ee) adv.",,ఈ,Hebrew,Old Testament
H0337,אִי,"iy (ee) inj.",,ఈ,Hebrew,Old Testament
H0338,אִי,"(properly) a howler",,సరిగ్గా ఒక భయానకమైన అరుపు,Hebrew,Old Testament
H0339,אִי,"(properly) a habitable spot (as desirable)",,నివాస యోగ్యమైన ప్రదేశం, కోరదగినది,Hebrew,Old Testament
H0340,אָיַב,"ayab (aw-yab') v.",ఆయబ్,శత్రువు,Hebrew,Old Testament
H0341,אוֹיֵב אוֹיֵב,"oyeb (o-yabe') (or (fully) owyeb o-yabe') subv.",ఓయేబ్,శత్రువు,Hebrew,Old Testament
H0342,אֵיבָּה,"hostility",,శత్రుత్వం,Hebrew,Old Testament
H0343,אֵידּ,"oppression",,అణచివేత,Hebrew,Old Testament
H0344,אַיָה,"the screamer",,బిగ్గరగా అరుచువాడు,Hebrew,Old Testament
H0345,אַיָה,"Ayah (ah-yaw') n/p.",,ఆయా,Hebrew,Old Testament
H0346,אַיֵה,"ayeh (ah-yay') adv.",,అయ్యే,Hebrew,Old Testament
H0347,אִיוֹב,"Iyowb (ee-yobe') n/p.",,యోబు,Hebrew,Old Testament
H0348,אִיזֶבֶל,"Iyzebel (ee-zeh'-bel) n/p.",,యెజెబెలు,Hebrew,Old Testament
H0349,אֵיכּ אֵיכָּה אֵיכָּכָה,"eyk (ake) (also eykah ay-kaw'and teykakah ay-kaw'-kah",,ఏక్,Hebrew,Old Testament
H0350,אִי ־ כָּבוֹד,"Iy-kabowd (ee-kaw-bode') n/p.",,ఈకాబోదు,Hebrew,Old Testament
H0351,אֵיכּוֹה,"eykoh (ay-ko) inj.",,ఏకో,Hebrew,Old Testament
H0352,אַיִל,"(properly) strength",,పొట్టేలు,Hebrew,Old Testament
H0353,אֱיָל,"strength",,బలం,Hebrew,Old Testament
H0354,אַיָל,"a stag or male deer",,మగ జింక,Hebrew,Old Testament
H0355,אַיָלָה,"a doe or female deer",,ఆడ జింక,Hebrew,Old Testament
H0356,אֵילוֹן אֵלוֹן אֵילוֹן,"Eylown (ay-lone') (or (shortened) Elown ay-lone'",,ఒకటి,Hebrew,Old Testament
H0357,אַיָלוֹן,"Ayalown (ah-yaw-lone') n/l.",,ఒకటి,Hebrew,Old Testament
H0358,אֵילוֹן בֵּיתּ חָנָן,"Eylown Beyth Chanan (ay-lone' bayth-chaw-nawn') n/l.",,ఒకటి,Hebrew,Old Testament
H0359,אֵילוֹת אֵילַת,"Eylowth (ay-loth') (or mEylath ay-lath') n/l.",,ఏలోతు,Hebrew,Old Testament
H0360,אֱיָלוּת,"power",,శక్తి,Hebrew,Old Testament
H0361,אֵילָם אֵלָם אֵלַמָּה,"a pillar-space (or colonnade)",,స్తంభాల స్థలం లేదా వరండా,Hebrew,Old Testament
H0362,אֵילִם,"Eylim (ay-leem') n/l.",,ఏలీము,Hebrew,Old Testament
H0363,אִילָן,"a tree",,చెట్టు,Hebrew,Old Testament
H0364,אֵיל פָּארָן,"Eyl Pa'ran (ale paw-rawn') n/l.",,ఏల్ పారాను,Hebrew,Old Testament
H0365,אַיֱלֱת,"a doe",,లేడి,Hebrew,Old Testament
H0366,אָיוֹם,"ayom (aw-yome') adj.",,ఆయోమ్,Hebrew,Old Testament
H0367,אֵימָה אֵמָה,"fright",,భయం,Hebrew,Old Testament
H0368,אֵימִים,"Eymiym (ay-meem') n/p.",,అర్థం తెలియదు,Hebrew,Old Testament
H0369,אַיִן,"ayin (ah'-yin) prt-n.",,అర్థం తెలియదు,Hebrew,Old Testament
H0370,אַיִן,"aiyn (ah-yin') adv.",,అర్థం తెలియదు,Hebrew,Old Testament
H0371,אִין,"iyn (een) adv.",,అర్థం తెలియదు,Hebrew,Old Testament
H0372,אִיעֶזֵר,"Iy`ezer (ee-eh'-zer) n/p.",,అర్థం తెలియదు,Hebrew,Old Testament
H0373,אִיעֶזרִי,"Iy`ezriy (ee-ez-ree') adj.",,అర్థం తెలియదు,Hebrew,Old Testament
H0374,אֵיפָה אֵפָה,"an ephah or measure for grain",,వర్షం,Hebrew,Old Testament
H0375,אֵיפוֹה,"eyphoh (ay-fo') adv.",,అర్థం తెలియదు,Hebrew,Old Testament
H0376,אִישׁ,"a man as an individual or a male person",ఈష్,మనిషి,Hebrew,Old Testament
H0377,אִישׁ,"iysh (eesh) v.",,పురుషుడు,Hebrew,Old Testament
H0378,אִישׁ ־ בּוֹשֶׁת,"Iysh-Bosheth (eesh-bo'-sheth) n/p.",,అర్థం తెలియదు,Hebrew,Old Testament
H0379,אִישׁהוֹד,"Iyshhowd (eesh-hode') n/p.",,అర్థం తెలియదు,Hebrew,Old Testament
H0380,אִישׁוֹן,"the little man of the eye",,మనిషి,Hebrew,Old Testament
H0381,אִישׁ ־ חַיִל אִישׁ ־ חַי,"man of might",,మనిషి,Hebrew,Old Testament
H0382,אִישׁ ־ טּוֹב,"Iysh-Towb (eesh-tobe') n/l.",,అర్థం తెలియదు,Hebrew,Old Testament
H0383,אִיתַּי,"iythay (ee-thah'ee) subv.",,అర్థం తెలియదు,Hebrew,Old Testament
H0384,אִיתִּיאֵל,"Iythiy'el (eeth-ee-ale') n/p.",,అర్థం తెలియదు,Hebrew,Old Testament
H0385,אִיתָּמָר,"Iythamar (eeth-aw-mawr') n/p.",,అర్థం తెలియదు,Hebrew,Old Testament
H0386,אֵיתָּן,"eythan (ay-thawn') (or (shortened) ethan ay-thawn') adj.",,పది,Hebrew,Old Testament
H0387,אֵיתָּן,"Eythan (ay-thawn') n/p.",,అర్థం తెలియదు,Hebrew,Old Testament
H0388,אֵיתָּנִים,"Eythaniym (ay-thaw-neem') n/p.",,అర్థం తెలియదు,Hebrew,Old Testament
H0389,אַך,"ak (ak) adv.",,నిజంగా,Hebrew,Old Testament
H0390,אַכַּד,"Akkad (ak-kad') n/l.",,అర్థం తెలియదు,Hebrew,Old Testament
H0391,אַכזָב,"akzab (ak-zawb') adj.",,అర్థం తెలియదు,Hebrew,Old Testament
H0392,אַכזִיבּ,"Akziyb (ak-zeeb') n/l.",,అర్థం తెలియదు,Hebrew,Old Testament
H0393,אַכזָר,"akzar (ak-zawr') adj.",,అర్థం తెలియదు,Hebrew,Old Testament
H0394,אַכזָרִי,"akzariy (ak-zawr-ree') adj.",,అర్థం తెలియదు,Hebrew,Old Testament
H0395,אַכזְרִיוּת,"fierceness",,తీవ్రత,Hebrew,Old Testament
H0396,אֲכִילָה,"something eatable",,తినదగినది,Hebrew,Old Testament
H0397,אָכִישׁ,"Akiysh (aw-keesh') n/p.",,అర్థం తెలియదు,Hebrew,Old Testament
H0398,אָכַל,"akal (aw-kal') v.",ఆకల్,తిను,Hebrew,Old Testament
H0399,אֲכַל,"akal (ak-al') v.",,అర్థం తెలియదు,Hebrew,Old Testament
H0400,אוֹכֶל,"food",,ఆహారం,Hebrew,Old Testament
H0401,אוּכָל אוּכָּל,"Ukal (oo-kawl') (or mUkkal ook-kawl') n/p.",,అర్థం తెలియదు,Hebrew,Old Testament
H0402,אוֹכלָה,"food",,ఆహారం,Hebrew,Old Testament
H0403,אָכֵן,"aken (aw-kane') adv.",,నిజంగా,Hebrew,Old Testament
H0404,אָכַף,"akaph (aw-kaf') v.",,అర్థం తెలియదు,Hebrew,Old Testament
H0405,אֶכֶף,"a load",,భారం,Hebrew,Old Testament
H0406,אִכָּר,"a farmer",,రైతు,Hebrew,Old Testament
H0407,אַכשָׁף,"Akshaph (ak-shawf') n/l.",,అక్షాఫ్,Hebrew,Old Testament
H0408,אַל,"al (al) adv.",,వద్దు,Hebrew,Old Testament
H0409,אַל,"al (al) adv.",,వద్దు,Hebrew,Old Testament
H0410,אֵל,"strength",ఏల్,దేవుడు,Hebrew,Old Testament
H0411,אֵל,"el (ale) prt-d.",ఏల్,ఈ,Hebrew,Old Testament
H0412,אֵל,"el (ale) prt-d.",,దేవుడు,Hebrew,Old Testament
H0413,אֵל אֶל,"el (ale) ((but only used in the shortened constructive form sel el)) prep.",ఎల్,వైపుకు,Hebrew,Old Testament
H0414,אֵלָא,"Ela' (ay-law') n/p.",,ధర్మశాస్త్రం,Hebrew,Old Testament
H0415,אֵל אֱלוֹהֵי יִשׂרָאֵל,"El 'elohey Yisra'el (ale el-o-hay' yis-raw-ale') n/l.",,ఇశ్రాయేలు దేవుడు,Hebrew,Old Testament
H0416,אֵל בֵּיתּ ־ אֵל,"El Beyth-'El (ale bayth-ale') n/l.",,బేతేలు దేవుడు,Hebrew,Old Testament
H0417,אֶלגָּבִישׁ,"hail (as if a great pearl)",,చెవి,Hebrew,Old Testament
H0418,אַלגּוּמִּים,"sticks of algum wood",,కలప,Hebrew,Old Testament
H0419,אֶלדָּד,"Eldad (el-dad') n/p.",,ఎల్దాదు,Hebrew,Old Testament
H0420,אֶלדָּעָה,"Elda`ah (el-daw-aw') n/p.",,ఎల్దాయా,Hebrew,Old Testament
H0421,אָלָה,"alah (aw-law') v.",,ధర్మశాస్త్రం,Hebrew,Old Testament
H0422,אָלָה,"alah (aw-law') v.",,ధర్మశాస్త్రం,Hebrew,Old Testament
H0423,אָלָה,"(properly) an oath",,సరిగా ఒక ప్రమాణం,Hebrew,Old Testament
H0424,אֵלָה,"an oak or other strong tree",,చెట్టు,Hebrew,Old Testament
H0425,אֵלָה,"Elah (ay-law') n/p.",,ధర్మశాస్త్రం,Hebrew,Old Testament
H0426,אֱלָהּ,"God",,దేవుడు,Hebrew,Old Testament
H0427,אַלָּה,"oak",,ఓక్,Hebrew,Old Testament
H0428,אֵלֶּה,"el-leh (ale'-leh) p/d.",,వీటిని,Hebrew,Old Testament
H0429,אֵלֶּה,"elleh (ale'-leh) p/d.",,వీటిని,Hebrew,Old Testament
H0430,אֱלוֹהִים,"gods in the ordinary sense",ఎలోహీం,దేవుడు,Hebrew,Old Testament
H0431,אֲלוּ,"aluw (al-oo') inj.",,అయ్యో,Hebrew,Old Testament
H0432,אִלּוּ,"illuw (il-loo') conj.",,అర్థం తెలియదు,Hebrew,Old Testament
H0433,אֱלוַֹהּ אֱלוַֹהּ,"a deity or the Deity",ఎలోహ,దేవుడు,Hebrew,Old Testament
H0434,אֱלוּל,"eluwl (el-ool') adj.",,అర్థం తెలియదు,Hebrew,Old Testament
H0435,אֱלוּל,"Eluwl (el-ool') n/t.",,ఎలుల్,Hebrew,Old Testament
H0436,אֵלוֹן,"an oak or other strong tree",,చెట్టు,Hebrew,Old Testament
H0437,אַלּוֹן,"oak",,ఓక్,Hebrew,Old Testament
H0438,אַלּוֹן,"Allown (al-lone') n/p.",,ఒకటి,Hebrew,Old Testament
H0439,אַלּוֹן בָּכוּת,"Allown Bakuwth (al-lone' baw-kooth') n/l.",,ఒకటి,Hebrew,Old Testament
H0440,אֵלוֹנִי אֵלוֹנִי,"Elowniy (ay-lo-nee') (or rather (shortened) oEloniy ay-lo-nee') adj.",,పది,Hebrew,Old Testament
H0441,אַלוּף אַלּוּף,"alluwph (al-loof') (or (shortened) talluph al-loof') adj.",అల్లూఫ్,నాయకుడు,Hebrew,Old Testament
H0442,אָלוּשׁ,"Aluwsh (aw-loosh') n/l.",,అలూష్,Hebrew,Old Testament
H0443,אֶלזָבָד,"Elzabad (el-zaw-bawd') n/p.",,ఎల్జాబాద్,Hebrew,Old Testament
H0444,אָלַח,"alach (aw-lakh') v.",,అర్థం తెలియదు,Hebrew,Old Testament
H0445,אֶלחָנָן,"Elchanan (el-khaw-nawn') n/p.",,ఎల్హానాన్,Hebrew,Old Testament
H0446,אֱלִיאָב,"Eliy'ab (el-ee-awb') n/p.",,ఎలీయాబు,Hebrew,Old Testament
H0447,אֱלִיאֵל,"Eliy'el (el-ee-ale') n/p.",,ఎలీయేలు,Hebrew,Old Testament
H0448,אֱלִיאָתָה אֱלִיָתָה,"Eliy'athah (el-ee-aw-thaw') (or (contraction) Eliyathah el-ee-yaw- thaw'",,ఎలీయాథా,Hebrew,Old Testament
H0449,אֱלִידָּד,"Eliydad (el-ee-dawd') n/p.",,ఎలీదాదు,Hebrew,Old Testament
H0450,אֶליָדָע,"Elyada` (el-yaw-daw') n/p.",,ఎల్యాదా,Hebrew,Old Testament
H0451,אַליָה,"the stout part",,బలమైన భాగం,Hebrew,Old Testament
H0452,אֵלִיָה אֵלִיָהוּ,"Eliyah (ay-lee-yaw') (or prolonged tEliyahuw ay-lee-yaw'-hoo) n/p.",,ఏలీయా,Hebrew,Old Testament
H0453,אֱלִיהוּ אֱלִיהוּא,"Eliyhuw (el-ee-hoo') (or (fully) dEliyhuwh el-ee-hoo') n/p.",,ఎలీహు,Hebrew,Old Testament
H0454,אֶליְהוֹעֵינַי אֶליוֹעֵינַי,"Elyhow`eynay (el-ye-ho-ay-nah'ee) (or (shortened) yElyoweynay el- yo-ay-nah'ee) n/p.",,పది,Hebrew,Old Testament
H0455,אֶליַחבָּא,"Elyachba' (el-yakh-baw') n/p.",,ఎల్యాక్బా,Hebrew,Old Testament
H0456,אֱלִיחוֹרֶף,"Eliychoreph (el-ee-kho'-ref) n/p.",,ఎలీఖోరెఫ్,Hebrew,Old Testament
H0457,אֱלִיל,"eliyl (el-eel') adj.",,వ్యర్థమైన,Hebrew,Old Testament
H0458,אֱלִימֶלֶך,"Eliymelek (el-ee-meh'-lek) n/p.",,ఎలీమెలెకు,Hebrew,Old Testament
H0459,אִלֵּין אִלֵּן,"illeyn (il-lane') ((Aramaic) or shorter oillen il-lane') p/d.",,నూనె,Hebrew,Old Testament
H0460,אֶליָסָף,"Elyacaph (el-yaw-sawf') n/p.",,ఎల్యాసాపు,Hebrew,Old Testament
H0461,אֱלִיעֶזֶר,"Eliy`ezer (el-ee-eh'-zer) n/p.",,ఎలీయెజెరు,Hebrew,Old Testament
H0462,אֱלִיעֵינַי,"Eliy`eynay (el-ee-ay-nah'ee) n/p.",,ఎలీయేనై,Hebrew,Old Testament
H0463,אֱלִיעָם,"Eliy`am (el-ee-awm') n/p.",,ఎలియాము,Hebrew,Old Testament
H0464,אֱלִיפַז,"Eliyphaz (el-ee-faz') n/p.",,ఎలీఫజు,Hebrew,Old Testament
H0465,אֱלִיפָל,"Eliyphal (el-ee-fawl') n/p.",,ఎలీఫాలు,Hebrew,Old Testament
H0466,אֱלִיפְלֵהוּ,"Eliyphlehuw (el-ee-fe-lay'-hoo) n/p.",,ఎలీఫెలేహు,Hebrew,Old Testament
H0467,אֱלִיפֶלֶט אֱלפֶּלֶט,"Eliyphelet (el-ee-feh'-let) (or (shortened) Elpelet el-peh'-let) n/p.",,పది,Hebrew,Old Testament
H0468,אֱלִיצּוּר,"Eleytsuwr (el-ee-tsoor') n/p.",,ఎలీసూరు,Hebrew,Old Testament
H0469,אֱלִיצָּפָן אֶלצָּפָן,"Eliytsaphan (el-ee-tsaw-fawn') (or (shortened) Eltsaphan el-tsaw- fawn') n/p.",,పది,Hebrew,Old Testament
H0470,אֱלִיקָא,"Eliyqa' (el-ee-kaw') n/p.",,ఎలీకా,Hebrew,Old Testament
H0471,אֶליָקִים,"Elyaqiym' (el-yaw-keem') n/p.",,ఎల్యాకీము,Hebrew,Old Testament
H0472,אֱלִישֶׁבַע,"Eliysheba` (el-ee-sheh'-bah) n/p.",,ఎలీషెబా,Hebrew,Old Testament
H0473,אֱלִישָׁה,"Eliyshah (el-ee-shaw') n/p.",,ఎలీషా,Hebrew,Old Testament
H0474,אֱלִישׁוַּע,"Eliyshuwa` (el-ee-shoo'-ah) n/p.",,ఎలీషువా,Hebrew,Old Testament
H0475,אֶליָשִׁיבּ,"Elyashiyb (el-yaw-sheeb') n/p.",,ఎల్యాషీబు,Hebrew,Old Testament
H0476,אֱלִישָׁמָע,"Eliyshama` (el-ee-shaw-maw') n/p.",,ఎలీషామా,Hebrew,Old Testament
H0477,אֱלִישָׁע,"Eliysha` (el-ee-shaw') n/p.",,ఎలీషా,Hebrew,Old Testament
H0478,אֱלִישָׁפָט,"Eliyshaphat (el-ee-shaw-fawt') n/p.",,ఎలీషాపాతు,Hebrew,Old Testament
H0479,אִלֵּך,"illek (il-lake') p/d.",,అర్థం తెలియదు,Hebrew,Old Testament
H0480,אַלְלַי,"allay (al-le-lah'ee) inj.",,అయ్యో,Hebrew,Old Testament
H0481,אָלַם,"alam (aw-lam') v.",,అర్థం తెలియదు,Hebrew,Old Testament
H0482,אֵלֶם,"elem (ay'-lem) adj.",,అర్థం తెలియదు,Hebrew,Old Testament
H0483,אִלֵּם,"illem (il-lame') adj.",,అర్థం తెలియదు,Hebrew,Old Testament
H0484,אַלמֻגִּים,"almug (i.e. probably sandle-wood) sticks",,కలప,Hebrew,Old Testament
H0485,אֲלוּמָּה אָלוּם,"something bound",,కట్టబడినది,Hebrew,Old Testament
H0486,אַלמוֹדָד,"Almowdad (al-mo-dawd') n/p.",,అల్మోదాదు,Hebrew,Old Testament
H0487,אַלַּמֶּלֶך,"Allammelek (al-lam-meh'-lek) n/l.",,అల్లమ్మెలెకు,Hebrew,Old Testament
H0488,אַלמָן,"alman (al-mawn') adj.",,మనిషి,Hebrew,Old Testament
H0489,אַלמוֹן,"bereavement",,వియోగం,Hebrew,Old Testament
H0490,אַלמָנָה,"a widow",,విధవరాలు,Hebrew,Old Testament
H0491,אַלמָנוּת,"(concretely) a widow",,ఖచ్చితంగా ఒక విధవరాలు,Hebrew,Old Testament
H0492,אַלמוֹנִי,"almoniy (al-mo-nee') adj.",,అర్థం తెలియదు,Hebrew,Old Testament
H0493,אֶלנַעַם,"Elna`am (el-nah'-am) n/p.",,ఎల్నామ్,Hebrew,Old Testament
H0494,אֶלנָתָן,"Elnathan (el-naw-thawn') n/p.",,ఎల్నాతాను,Hebrew,Old Testament
H0495,אֶלָּסָר,"Ellacar (el-law-sawr') n/l.",,ధర్మశాస్త్రం,Hebrew,Old Testament
H0496,אֶלעָד,"El`ad (el-awd') n/p.",,ఎలాద్,Hebrew,Old Testament
H0497,אֶלעָדָה,"El`adah (el-aw-daw') n/p.",,ఎలాదా,Hebrew,Old Testament
H0498,אֶלעוּזַי,"El`uwzay (el-oo-zah'ee) n/p.",,ఎలుజాయి,Hebrew,Old Testament
H0499,אֶלעָזָר,"El`azar (el-aw-zawr') n/p.",,ఎలియాజరు,Hebrew,Old Testament
H0500,אֶלעָלֵא אֶלעָלֵה,"El`ale' (el-aw-lay') (or (more properly) GEl aleh el-aw-lay') n/l.",,ఎలాలే,Hebrew,Old Testament
H0501,אֶלעָשָׂה,"El`asah (el-aw-saw') n/p.",,ఎలాశా,Hebrew,Old Testament
H0502,אָלַף,"alph (aw-lof') v.",,అర్థం తెలియదు,Hebrew,Old Testament
H0503,אָלַף,"causative",,కారణం,Hebrew,Old Testament
H0504,אֶלֶף,"a family",,కుటుంబం,Hebrew,Old Testament
H0505,אֶלֶף,"a thousand",,వెయ్యి,Hebrew,Old Testament
H0506,אֲלַף אֶלֶף,"a thousand",,వెయ్యి,Hebrew,Old Testament
H0507,אֶלֶף,"Eleph (eh'-lef) n/l.",,వేయి,Hebrew,Old Testament
H0508,אֶלפַּעַל,"Elpa`al (el-pah'-al) n/p.",,ఎల్పయల్,Hebrew,Old Testament
H0509,אָלַץ,"alats (aw-lats') v.",,అర్థం తెలియదు,Hebrew,Old Testament
H0510,אַלקוּם,"alquwm (al-koom') adv.",,అల్కుం,Hebrew,Old Testament
H0511,אֶלקָנָה,"Elqanah (el-kaw-naw') n/p.",,ఎల్కానా,Hebrew,Old Testament
H0512,אֶלקוֹשִׁי,"Elqoshiy (el-ko-shee') adj.",,ఎల్కోషియుడు,Hebrew,Old Testament
H0513,אֶלתּוֹלַד,"Eltowlad (el-to-lad') n/l.",,ఎల్తోలద్,Hebrew,Old Testament
H0514,אֶלתְּקֵא אֶלתְּקֵה,"Eltqe (el-te-kay') (or (more properly) nEltqeh el-te-kay') n/l.",,ఎల్తేకే,Hebrew,Old Testament
H0515,אֶלתְּקוֹן,"Eltqon (el-te-kone') n/l.",,ఒకటి,Hebrew,Old Testament
H0516,אַל תַּשׁחֵת,"Thou must not destroy",,నీవు నాశనము చేయకూడదు,Hebrew,Old Testament
H0517,אֵם,"a mother (as the bond of the family)",ఏం,తల్లి,Hebrew,Old Testament
H0518,אִם,"im (eem) prt.",ఇమ్,ఒకవేళ,Hebrew,Old Testament
H0519,אָמָה,"a maid-servant or female slave",,సేవకుడు,Hebrew,Old Testament
H0520,אַמָּה,"(properly) a mother",,తల్లి,Hebrew,Old Testament
H0521,אַמָּה,"cubit",,మూర,Hebrew,Old Testament
H0522,אַמָּה,"Ammah (am-maw') n/l.",,అమ్మ,Hebrew,Old Testament
H0523,אוּמַּה,"a collection",,సేకరణ,Hebrew,Old Testament
H0524,אוּמָּה,"nation",,జాతి,Hebrew,Old Testament
H0525,אָמוֹן,"skilled",,నైపుణ్యం కలిగిన,Hebrew,Old Testament
H0526,אָמוֹן,"Amown (aw-mone') n/p.",,ఒకటి,Hebrew,Old Testament
H0527,אָמוֹן,"a throng of people",,ప్రజలు,Hebrew,Old Testament
H0528,אָמוֹן,"Amown (aw-mone') n/p.",,ఒకటి,Hebrew,Old Testament
H0529,אֵמוּן,"established",,స్థాపించబడిన,Hebrew,Old Testament
H0530,אֱמוּנָה,"literally firmness",ఎమునా,నమ్మకత్వం,Hebrew,Old Testament
H0531,אָמוֹץ,"Amowts (aw-mohts') n/p.",,ఆమోజు,Hebrew,Old Testament
H0532,אָמִי,"Amiy (aw-mee') n/p.",,అమ్మి,Hebrew,Old Testament
H0533,אַמִּיצּ אַמִּץ,"ammiyts (am-meets') (or (shortened) ammits am-meets') adj.",,పది,Hebrew,Old Testament
H0534,אָמִיר,"a summit (of a tree or mountain",,పర్వతం,Hebrew,Old Testament
H0535,אָמַל,"amal (aw-mal') v.",,అర్థం తెలియదు,Hebrew,Old Testament
H0536,אוּמלַל,"umlal (oom-lal') adj.",,ఉమ్లాల్,Hebrew,Old Testament
H0537,אֲמֵלָל,"amelal (am-ay-lawl') adj.",,ధర్మశాస్త్రం,Hebrew,Old Testament
H0538,אֲמָם,"Amam (am-awm') n/l.",,అమామ్,Hebrew,Old Testament
H0539,אָמַן,"aman (aw-man') v.",ఆమన్,నమ్ము,Hebrew,Old Testament
H0540,אֲמַן,"aman (am-an') v.",,మనిషి,Hebrew,Old Testament
H0541,אָמַן,"aman (aw-man') v.",,మనిషి,Hebrew,Old Testament
H0542,אָמָן,"an expert",,నిపుణుడు,Hebrew,Old Testament
H0543,אָמֵן,"amen (aw-mane') adv.",,మనిషి,Hebrew,Old Testament
H0544,אוֹמֶן,"verity",,సత్యం,Hebrew,Old Testament
H0545,אָמנָה,"tutelage",,సంరక్షణ,Hebrew,Old Testament
H0546,אָמנָה,"omnah (om-naw') adv.",ఓమ్నా,నిశ్చయముగా,Hebrew,Old Testament
H0547,אוֹמְנָה,"a column",,స్తంభం,Hebrew,Old Testament
H0548,אֲמָנָה,"something fixed",,స్థిరమైనది,Hebrew,Old Testament
H0549,אֲמָנָה,"Amanah (am-aw-naw') n/l.",,మనిషి,Hebrew,Old Testament
H0550,אַמנוֹן אֲמִינוֹן,"faithful",,విశ్వాసం,Hebrew,Old Testament
H0551,אָמנָם,"omnam (om-nawm') adv.",,అర్థం తెలియదు,Hebrew,Old Testament
H0552,אוּמנָם,"umnam (oom-nawm') adv.",,అర్థం తెలియదు,Hebrew,Old Testament
H0553,אָמַץ,"amats (aw-mats') v.",,అర్థం తెలియదు,Hebrew,Old Testament
H0554,אָמוֹץ,"amots (aw-mohts') adj.",,అర్థం తెలియదు,Hebrew,Old Testament
H0555,אוֹמֶץ,"strength",,బలం,Hebrew,Old Testament
H0556,אַמצָּה,"force",,శక్తి,Hebrew,Old Testament
H0557,אַמצִּי,"Amtsiy (am-tsee') n/p.",,అర్థం తెలియదు,Hebrew,Old Testament
H0558,אֲמַציָה אֲמַציָהוּ,"Amatsyah (am-ats-yaw') (or mAmatsyahuw am-ats-yaw'-hoo) n/p.",,అమజ్యా,Hebrew,Old Testament
H0559,אָמַר,"amar (aw-mar') v.",ఆమర్,చెప్పు,Hebrew,Old Testament
H0560,אֲמַר,"amar (am-ar') v.",,చెప్పెను,Hebrew,Old Testament
H0561,אֵמֶר,"something said",,చెప్పబడినది,Hebrew,Old Testament
H0562,אוֹמֶר,"promise",,వాగ్దానం,Hebrew,Old Testament
H0563,אִמַּר,"a lamb",,గొర్రెపిల్ల,Hebrew,Old Testament
H0564,אִמֵּר,"Immer (im-mare') n/p.",,ఇమ్మేరు,Hebrew,Old Testament
H0565,אִמרָה אֶמרָה,"meaning the same as H0561",,H0561 వలెనే,Hebrew,Old Testament
H0566,אִמרִי,"Imriy (im-ree') n/p.",,ఇమ్రీ,Hebrew,Old Testament
H0567,אֱמוֹרִי,"thus",,కావున,Hebrew,Old Testament
H0568,אֲמַריָה אֲמַריָהוּ,"Amaryah (am-ar-yaw') (or prolonged tAmaryahuw am-ar-yaw'-hoo) n/p.",,అమర్యా,Hebrew,Old Testament
H0569,אַמרָפֶל,"Amraphel (am-raw-fel') n/p.",,అమ్రాపెలు,Hebrew,Old Testament
H0570,אֶמֶשׁ,"emesh (eh'-mesh) adv.",,అర్థం తెలియదు,Hebrew,Old Testament
H0571,אֶמֶת,"emeth (eh'-meth) adv.",ఎమెత్,సత్యం,Hebrew,Old Testament
H0572,אַמתַּחַת,"(properly) something expansive",,అర్థం తెలియదు,Hebrew,Old Testament
H0573,אֲמִתּתַּי,"Amittay (am-it-tah'ee) n/p.",,అమిత్తయి,Hebrew,Old Testament
H0574,אֵמתָּנִי,"emtaniy (em-taw-nee') adj.",,అర్థం తెలియదు,Hebrew,Old Testament
H0575,אָן אָנָה,"an (awn) (or manah aw-naw') adv.",,మనిషి,Hebrew,Old Testament
H0576,אֲנָא אֲנָה,"ana' (an-aw') ((Aramaic) or .anah (Aramaic) an-aw') p/p.",,అర్థం తెలియదు,Hebrew,Old Testament
H0577,אָנאָ אָנָּה,"anna' (awn-naw') (or mannah awn-naw') inj.",,మనిషి,Hebrew,Old Testament
H0578,אָנָה,"anah (aw-naw') v.",,ప్రతిస్పందించు,Hebrew,Old Testament
H0579,אָנָה,"anah (aw-naw') v.",,బాధించు,Hebrew,Old Testament
H0580,אֲנוּ,"anuw (an-oo') p/p.",,అర్థం తెలియదు,Hebrew,Old Testament
H0581,אִנּוּן אִנִּין,"innuwn (in-noon') ((Aramaic) or (feminine) inniyn (Aramaic) in- neen') p/d.",,తొమ్మిది,Hebrew,Old Testament
H0582,אֱנוֹשׁ,"(properly) a mortal (and thus differing from the more dignified H0120)",ఎనోష్,మానవుడు,Hebrew,Old Testament
H0583,אֱנוֹשׁ,"Enowsh (en-ohsh') n/p.",,ఎనోషు,Hebrew,Old Testament
H0584,אָנַח,"anach (aw-nakh') v.",,నిట్టూర్చు,Hebrew,Old Testament
H0585,אֲנָחָה,"sighing",,నిట్టూర్పు,Hebrew,Old Testament
H0586,אֲנַחנָא אֲנַחנָה,"anachna' (an-akh'-naw) ((Aramaic) or ganachnah (Aramaic) an-akh- naw') p/p.",,అర్థం తెలియదు,Hebrew,Old Testament
H0587,אֲנַחנוּ,"anachnuw (an-akh'-noo) p/p.",,మేము,Hebrew,Old Testament
H0588,אֲנָחֲרָת,"Anacharath (an-aw-kha-rawth') n/l.",,అనాకరాతు,Hebrew,Old Testament
H0589,אֲנִי,"aniy (an-ee') p/p.",,నేను,Hebrew,Old Testament
H0590,אָנִי,"a ship",,ఓడ,Hebrew,Old Testament
H0591,אָנִיָה,"a ship",,ఓడ,Hebrew,Old Testament
H0592,אֲנִיָה,"groaning",,మూల్గుతున్న,Hebrew,Old Testament
H0593,אֲנִיעָם,"Aniy`am (an-ee-awm') n/p.",,అనీయాము,Hebrew,Old Testament
H0594,אֲנָך,"according to most a plumb-line",,గుండు సూత్రం,Hebrew,Old Testament
H0595,אָנוֹכִי,"anokiy (aw-no-kee') (sometimes aw-no'-kee) p/p.",,నేను,Hebrew,Old Testament
H0596,אָנַן,"anan (aw-nan') v.",,మేఘం,Hebrew,Old Testament
H0597,אָנַס,"anac (aw-nas') v.",,బలవంతంగా,Hebrew,Old Testament
H0598,אֲנַס,"anac (an-as') v.",,బలవంతంగా,Hebrew,Old Testament
H0599,אָנַף,"anaph (aw-naf') v.",,కోపం,Hebrew,Old Testament
H0600,אֲנַף,"the face",,ముఖం,Hebrew,Old Testament
H0601,אֲנָפָה,"an unclean bird",,పక్షి,Hebrew,Old Testament
H0602,אָנַק,"anaq (aw-nak') v.",,మెడకు ఉరి వేయు,Hebrew,Old Testament
H0603,אֲנָקָה,"shrieking",,రాజు,Hebrew,Old Testament
H0604,אֲנָקָה,"some kind of lizard",,బొద్దింక జాతి,Hebrew,Old Testament
H0605,אָנַשׁ,"anash (aw-nash') v.",,బలహీనంగా ఉండు,Hebrew,Old Testament
H0606,אֱנָשׁ אֱנַשׁ,"a man",,మనిషి,Hebrew,Old Testament
H0607,אַנתָּה,"antah (an-taw') p/p.",,నువ్వు,Hebrew,Old Testament
H0608,אַנתּוּן,"antuwn (an-toon') p/p.",,మీరు,Hebrew,Old Testament
H0609,אָסָא,"Aca' (aw-saw') n/p.",,ఆసా,Hebrew,Old Testament
H0610,אָסוּך,"anointed",,అభిషేకించబడిన,Hebrew,Old Testament
H0611,אָסוֹן,"hurt",,నొప్పి,Hebrew,Old Testament
H0612,אֵסוּר,"a bond (especially manacles of a prisoner)",,కుమారుడు,Hebrew,Old Testament
H0613,אֱסוּר,"band",,బంధం,Hebrew,Old Testament
H0614,אָסִיף אָסִף,"gathered",,సంగ్రహించబడింది,Hebrew,Old Testament
H0615,אָסִיר,"bound",,కట్టివేయబడింది,Hebrew,Old Testament
H0616,אַסִּיר,"prisoner",,కుమారుడు,Hebrew,Old Testament
H0617,אַסִּיר,"Acciyr (as-sere') n/p.",,అస్సీరు,Hebrew,Old Testament
H0618,אָסָם,"a storehouse (only in the plural)",,ఇల్లు,Hebrew,Old Testament
H0619,אַסנָה,"Acnah (as-naw') n/p.",,అస్నా,Hebrew,Old Testament
H0620,אוֹסנַפַּר,"Ocnappar (os-nap-par') n/p.",,ఒస్నప్పర్,Hebrew,Old Testament
H0621,אָסנַת,"Acnath (aw-se-nath') n/p.",,అస్నాతు,Hebrew,Old Testament
H0622,אָסַף,"acaph (aw-saf') v.",ఆసఫ్,సమకూర్చు,Hebrew,Old Testament
H0623,אָסָף,"Acaph (aw-sawf') n/p.",,ఆసాపు,Hebrew,Old Testament
H0624,אָסוּף,"collected",,సంగ్రహించబడిన,Hebrew,Old Testament
H0625,אוֹסֶף,"a collection (of fruits)",,పండు,Hebrew,Old Testament
H0626,אֲסֵפָה,"a collection of people (only adverbial)",,ప్రజలు,Hebrew,Old Testament
H0627,אֲסוּפָּה,"a collection of (learned) men (only in the plural)",,చెవి,Hebrew,Old Testament
H0628,אַספְּסוּף,"gathered up together",,కలిపి సేకరించారు,Hebrew,Old Testament
H0629,אָספַּרנָא,"ocparna' (os-par-naw') adv.",,అర్థం తెలియదు,Hebrew,Old Testament
H0630,אַספָּתָא,"Acpatha' (as-paw-thaw') n/p.",,దారి,Hebrew,Old Testament
H0631,אָסַר,"acar (aw-sar') v.",,అకార్,Hebrew,Old Testament
H0632,אֱסָר אִסָּר,"an obligation or vow (of abstinence)",,విరమణ యొక్క బాధ్యత లేదా ప్రతిజ్ఞ,Hebrew,Old Testament
H0633,אֱסָר,"an interdict",,అర్థం తెలియదు,Hebrew,Old Testament
H0634,אֵסַר ־ חַדּוֹן,"Ecar-Chaddown (ay-sar' Chad-dohn') n/p.",,ఎకర్-చద్దోన్,Hebrew,Old Testament
H0635,אֶסתֵּר,"Ecter (es-tare') n/p.",,ఎస్తేర్,Hebrew,Old Testament
H0636,אָע,"a tree or wood",,చెట్టు,Hebrew,Old Testament
H0637,אַף,"aph (af) prt.",,అఫ్,Hebrew,Old Testament
H0638,אַף,"aph (af) conj.",,అఫ్,Hebrew,Old Testament
H0639,אַף,"(properly) the nose or nostril",ఆఫ్,ముక్కు,Hebrew,Old Testament
H0640,אָפַד,"aphad (aw-fad') v.",,అఫద్,Hebrew,Old Testament
H0641,אֵפוֹד,"Ephod (ay-fode') n/p.",,ఏఫోదు,Hebrew,Old Testament
H0642,אֵפוּדָּה,"a girding on (of the ephod)",,ఏఫోడును ధరించడం,Hebrew,Old Testament
H0643,אַפֶּדֶן,"a pavilion or palace-tent",,సింహం,Hebrew,Old Testament
H0644,אָפָה,"aphah (aw-faw') v.",,అఫా,Hebrew,Old Testament
H0645,אֵפוֹ אֵפוֹא,"ephow (ay-fo') (or hephowe ay-fo') prt-d.",,ఎఫో,Hebrew,Old Testament
H0646,אֵפוֹד אֵפוֹד,"a girdle",,నడికట్టు,Hebrew,Old Testament
H0647,אֲפִיַח,"Aphiyach (af-ee'-akh) n/p.",,అఫీయాక్,Hebrew,Old Testament
H0648,אָפִיל,"aphiyl (aw-feel') adj.",,అఫిల్,Hebrew,Old Testament
H0649,אַפַּיִם,"Appayim (ap-pah'-yim) n/p.",,అప్పాయిమ్,Hebrew,Old Testament
H0650,אָפִיק,"(properly) containing",,సరిగ్గా కలిగి ఉంది,Hebrew,Old Testament
H0651,אַפֵל,"aphel (aw-fale') adj.",,అఫెల్,Hebrew,Old Testament
H0652,אוֹפֶל,"dusk",,సంధ్య,Hebrew,Old Testament
H0653,אֲפֵלָה,"duskiness",,చీకటి,Hebrew,Old Testament
H0654,אֶפלָל,"Ephlal (ef-lawl') n/p.",,ధర్మశాస్త్రం,Hebrew,Old Testament
H0655,אוֹפֶן,"a turn",,మలుపు,Hebrew,Old Testament
H0656,אָפֵס,"aphec (aw-face') v.",,అఫేక్,Hebrew,Old Testament
H0657,אֶפֶס,"cessation",ఎఫెస్,అంతం,Hebrew,Old Testament
H0658,אֶפֶס דַּמִּים,"Ephec Dammiym (eh'-fes dam-meem') n/l.",,ఎఫెక్ దమ్మీమ్,Hebrew,Old Testament
H0659,אֵפַע,"epha` (eh'-fah) adj.",,ఏఫా,Hebrew,Old Testament
H0660,אֶפעֶה,"an asp or other venomous serpent",,సర్పం,Hebrew,Old Testament
H0661,אָפַף,"aphaph (aw-faf') v.",,అఫాఫ్,Hebrew,Old Testament
H0662,אָפַק,"aphaq (aw-fak') v.",,అఫాక్,Hebrew,Old Testament
H0663,אֲפֵק אֲפִיק,"Apheq (af-ake') (or rAphiyq af-eek') n/l.",,అఫెక్,Hebrew,Old Testament
H0664,אֲפֵקָה,"Apheqah (af-ay-kaw') n/l.",,అర్థం తెలియదు,Hebrew,Old Testament
H0665,אֵפֶר,"ashes",,బూడిద,Hebrew,Old Testament
H0666,אֲפֵר,"a turban",,పాగా,Hebrew,Old Testament
H0667,אֶפרוַֹח,"the brood of a bird",,పక్షి,Hebrew,Old Testament
H0668,אַפִּריוֹן,"a palanquin",,పల్లకి,Hebrew,Old Testament
H0669,אֶפרַיִם,"Ephrayim (ef-rah'-yim) n/p.",ఎఫ్రయిం,ఎఫ్రాయిము,Hebrew,Old Testament
H0670,אֲפָרְסַי,"Apharcay (af-aw-re-sah'ee) n/p.",,అర్థం తెలియదు,Hebrew,Old Testament
H0671,אֲפַרסְכַי אֲפַרסַתכַּי,"Apharckay (af-ar-sek-ah'ee) ((Aramaic) or fApharcathkay (Aramaic) af-ar-sath-kah'ee) n/p.",,అర్థం తెలియదు,Hebrew,Old Testament
H0672,אֶפרָת אֶפרָתָה,"Ephraath (ef-rawth') (or mEphrathah ef-raw'-thaw) n/p.",,ఎఫ్రాతు,Hebrew,Old Testament
H0673,אֶפרָתִי,"Ephrathiy (ef-rawth-ee') adj.",,ఎఫ్రాతీయుడు,Hebrew,Old Testament
H0674,אַפְּתוֹם,"revenue",,రాబడి,Hebrew,Old Testament
H0675,אֶצבּוֹן אֶצבּוֹן,"Etsbown (ets-bone') (or mEtsbon ets-bone') n/p.",,ఒకటి,Hebrew,Old Testament
H0676,אֶצבַּע,"something to sieze with",,పట్టుకోవడానికి ఏదో ఒకటి,Hebrew,Old Testament
H0677,אֶצבַּע,"finger",,వేలు,Hebrew,Old Testament
H0678,אָצִיל,"an extremity (Isa. 41",,ఒక అంత్యము,Hebrew,Old Testament
H0679,אַצִּיל,"a joint of the hand (i.e. knuckle)",,చేయి,Hebrew,Old Testament
H0680,אָצַל,"atsal (aw-tsal') v.",,అర్థం తెలియదు,Hebrew,Old Testament
H0681,אֵצֶל,"a side",,ఒక ప్రక్క,Hebrew,Old Testament
H0682,אַצֵל,"Atsel (aw-tsale') n/l.",,అర్థం తెలియదు,Hebrew,Old Testament
H0683,אֲצַליָהוּ,"Atsalyahhuw (ats-al-yaw'-hoo) n/p.",,అర్థం తెలియదు,Hebrew,Old Testament
H0684,אוֹצֶם,"Otsem (o'-tsem) n/p.",,ఓట్సెం,Hebrew,Old Testament
H0685,אֶצעָדָה,"(properly) a step- chain",,సరిగా ఒక మెట్టు-గొలుసు,Hebrew,Old Testament
H0686,אָצַר,"atsar (aw-tsar') v.",,అర్థం తెలియదు,Hebrew,Old Testament
H0687,אֶצֶר,"Etser (ay'-tser) n/p.",,ఎట్సెర్,Hebrew,Old Testament
H0688,אֶקדָּח,"burning",,దహనం,Hebrew,Old Testament
H0689,אַקּוֹ,"slender",,అంతం,Hebrew,Old Testament
H0690,אֲרָא,"ara' (ar-aw') n/p.",,అరా,Hebrew,Old Testament
H0691,אֶראֵל,"a hero (collectively)",,సమిష్టిగా ఒక వీరుడు,Hebrew,Old Testament
H0692,אַראֵלִי,"Ar'eliy (ar-ay-lee') n/p.",,అర్థం తెలియదు,Hebrew,Old Testament
H0693,אָרַב,"arab (aw-rab') v.",,అర్థం తెలియదు,Hebrew,Old Testament
H0694,אֲרָב,"Arab (ar-awb') n/l.",,అరబ్బు,Hebrew,Old Testament
H0695,אֶרֶב,"ambuscade",,నక్కి దాడి,Hebrew,Old Testament
H0696,אוֹרֶב,"wait",,వేచి ఉండు,Hebrew,Old Testament
H0697,אַרבֶּה,"a locust (from its rapid increase)",,దాని వేగవంతమైన పెరుగుదల నుండి ఒక మిడత,Hebrew,Old Testament
H0698,אָרֳבָה,"ambuscades",,నక్కి దాడులు,Hebrew,Old Testament
H0699,אֲרֻבָּה,"a lattice",,అల్లిక,Hebrew,Old Testament
H0700,אֲרֻבּוֹת,"Arubbowth (ar-oob-both) n/l.",,అర్థం తెలియదు,Hebrew,Old Testament
H0701,אַרבִּי,"Arbiy (ar-bee') adj.",,అర్థం తెలియదు,Hebrew,Old Testament
H0702,אַרבַּע אַרבָּעָה,"arba` (ar-bah') (masculine oarbaah ar-baw-aw') adj.",,నాలుగు,Hebrew,Old Testament
H0703,אַרבַּע,"arba` (ar-bah') adj.",,నాలుగు,Hebrew,Old Testament
H0704,אַרבַּע,"Arba` (ar-bah') n/p.",,అర్భ,Hebrew,Old Testament
H0705,אַרבָּעִים,"arba`iym (ar-baw-eem') adj.",,నలభై,Hebrew,Old Testament
H0706,אַרבַּעתַּיִם,"arba`tayim (ar-bah-tah'-yim) adv.",,రెండు రెట్లు,Hebrew,Old Testament
H0707,אָרַג,"arag (aw-rag') v.",,సేకరించు,Hebrew,Old Testament
H0708,אֶרֶג,"a weaving",,నేత,Hebrew,Old Testament
H0709,אַרגּוֹב,"Argob (ar-gobe') n/l.",,అర్గోబు,Hebrew,Old Testament
H0710,אַרגְּוָן,"purple",,ఊదా,Hebrew,Old Testament
H0711,אַרגְּוָן,"purple",,ఊదా,Hebrew,Old Testament
H0712,אַרגָּז,"coffer",,పెట్టె,Hebrew,Old Testament
H0713,אַרגָּמָן,"purple (the color or the dyed stuff)",,ఊదా రంగు లేదా రంగు వేసిన వస్తువు,Hebrew,Old Testament
H0714,אַרדּ,"`Ard (ard) n/p.",,అర్దు,Hebrew,Old Testament
H0715,אַרדּוֹן,"Ardown (ar-dohn') n/p.",,అర్దోను,Hebrew,Old Testament
H0716,אַרדִּי,"Ardiy (ar-dee) adj.",,అర్థం తెలియదు,Hebrew,Old Testament
H0717,אָרָה,"arah (aw-raw') v.",,సేకరించు,Hebrew,Old Testament
H0718,אֲרוּ,"aruw (ar-oo') inj.",,అర్థం తెలియదు,Hebrew,Old Testament
H0719,אַרוַד,"Arvad (ar-vad') n/l.",,అర్వదు,Hebrew,Old Testament
H0720,אֲרוֹד,"Arowd (ar-ode') n/p.",,అరౌదు,Hebrew,Old Testament
H0721,אַרוָדִי,"Arvadiy (ar-vaw-dee') adj.",,అర్థం తెలియదు,Hebrew,Old Testament
H0722,אֲרוֹדִי,"Arowdiy (ar-o-dee') adj.",,అర్థం తెలియదు,Hebrew,Old Testament
H0723,אוּרוָה אֲרָיָה,"a herding-place for an animal",,పశువుల కాపరి స్థలం,Hebrew,Old Testament
H0724,אֲרוּכָה אֲרוּכָה,"wholeness (literally or figuratively)",,సంపూర్ణత,Hebrew,Old Testament
H0725,אֲרוּמָה,"Aruwmah (ar-oo-maw') n/l.",,అరూమా,Hebrew,Old Testament
H0726,אֲרוֹמִי,"Arowmiy (ar-o-mee') adj.",,అర్థం తెలియదు,Hebrew,Old Testament
H0727,אָרוֹן אָרוֹן,"a box",,ఎద్దు,Hebrew,Old Testament
H0728,אֲרַונָה אוֹרנָה אַנִיָה,"Aravnah (ar-av-naw') (or (by transposition) rOwrnah ore-naw'or fArniyah ar-nee-yaw'",,అరవ్నా,Hebrew,Old Testament
H0729,אָרַז,"araz (aw-raz') adj.",,దేవదారు,Hebrew,Old Testament
H0730,אֶרֶז,"a cedar tree (from the tenacity of its roots)",,నగరం,Hebrew,Old Testament
H0731,אַרזָה,"cedar wainscoating",,దేవదారు వాడలు,Hebrew,Old Testament
H0732,אָרַח,"arach (aw-rakh') v.",,అర్థం తెలియదు,Hebrew,Old Testament
H0733,אָרַח,"Arach (aw-rakh') n/p.",,అర్థం తెలియదు,Hebrew,Old Testament
H0734,אוֹרַח,"(literally or figuratively) a well-trodden road",,బావి,Hebrew,Old Testament
H0735,אוֹרַח,"a road",,ఒక రహదారి,Hebrew,Old Testament
H0736,אוֹרחָה,"a caravan",,ఒక వర్తక శ్రేణి,Hebrew,Old Testament
H0737,אֲרוּחָה,"a ration of food",,ఆహార నిష్పత్తి,Hebrew,Old Testament
H0738,אֲרִי אַריֵה,"a lion",,సింహం,Hebrew,Old Testament
H0739,אֲרִיאֵל אֲרִאֵל,"lion of God",,దేవుడు,Hebrew,Old Testament
H0740,אֲרִיאֵל,"Ari'el (ar-ee-ale') n/l.",,అర్థం తెలియదు,Hebrew,Old Testament
H0741,אֲרִאֵיל,"the altar of the temple",,దేవాలయం,Hebrew,Old Testament
H0742,אֲרִידַּי,"Ariyday (ar-ee-dah'-ee) n/p.",,దినము,Hebrew,Old Testament
H0743,אֲרִידָּתָא,"Ariydatha' (ar-ee-daw-thaw') n/p.",,అర్థం తెలియదు,Hebrew,Old Testament
H0744,אַריֵה,"lion",,సింహం,Hebrew,Old Testament
H0745,אַריֵה,"Aryeh (ar-yay') n/p.",,అర్థం తెలియదు,Hebrew,Old Testament
H0746,אֲריוֹך,"Aryowk (ar-yoke') n/p.",,అర్థం తెలియదు,Hebrew,Old Testament
H0747,אֲרִיסַי,"Ariycay (ar-ee-sah'-ee) n/p.",,అర్థం తెలియదు,Hebrew,Old Testament
H0748,אָרַך,"arak (aw-rak') v.",,అర్థం తెలియదు,Hebrew,Old Testament
H0749,אֲרַך,"arak (ar-ak') v.",,అర్థం తెలియదు,Hebrew,Old Testament
H0750,אָרֵך,"arek (aw-rake') adj.",,అర్థం తెలియదు,Hebrew,Old Testament
H0751,אֶרֶך,"Erek (eh'-rek) n/l.",,అర్థం తెలియదు,Hebrew,Old Testament
H0752,אָרוֹך,"arok (aw-roke') adj.",,అర్థం తెలియదు,Hebrew,Old Testament
H0753,אוֹרֶך,"length",,పొడవు,Hebrew,Old Testament
H0754,אַרכָּא אַרכָּה,"length",,నిడివి,Hebrew,Old Testament
H0755,אַרכּוּבָה,"the knee",,మోకాలు,Hebrew,Old Testament
H0756,אַרכְּוַי,"Arkvay (ar-kev-ah'ee) n/g.",,మందసం,Hebrew,Old Testament
H0757,אַרכִּי,"Arkiy (ar-kee') adj.",,మందసం,Hebrew,Old Testament
H0758,אֲרָם,"Aram (arawm') n/g.",,అరాము,Hebrew,Old Testament
H0759,אַרמוֹן,"a citadel (from its height)",,ఎనిమిది,Hebrew,Old Testament
H0760,אֲרַם צּוֹבָה,"Aram Tsobah (ar-am' tso-baw') n/l.",,అర్థం తెలియదు,Hebrew,Old Testament
H0761,אֲרַמִּי,"Arammiy (ar-am-mee') adj.",,అర్థం తెలియదు,Hebrew,Old Testament
H0762,אֲרָמִיתּ,"Aramiyth (ar-aw-meeth') adv.",,అర్థం తెలియదు,Hebrew,Old Testament
H0763,אֲרַם נַהֲרַיִם,"Aram Naharayim (ar-am' nah-har-ah'-yim) n/l.",,అర్థం తెలియదు,Hebrew,Old Testament
H0764,אַרמוֹנִי,"Armoniy (ar-mo-nee') n/p.",,అర్థం తెలియదు,Hebrew,Old Testament
H0765,אֲרָן,"Aran (ar-awn') n/p.",,అర్థం తెలియదు,Hebrew,Old Testament
H0766,אוֹרֶן,"the ash tree (from its toughness)",,చెట్టు,Hebrew,Old Testament
H0767,אוֹרֶן,"Oren (o'-ren) n/p.",,అర్థం తెలియదు,Hebrew,Old Testament
H0768,אַרנֶבֶת,"the hare",,కుందేలు,Hebrew,Old Testament
H0769,אַרנוֹן אַרנוֹן,"Arnown (ar-nohn') (or uArnon ar-nohn') n/l.",,అర్థం తెలియదు,Hebrew,Old Testament
H0770,אַרנָן,"Arnan (ar-nawn') n/p.",,అర్థం తెలియదు,Hebrew,Old Testament
H0771,אָרנָן,"Ornan (or-nawn') n/p.",,ఓర్నాన్,Hebrew,Old Testament
H0772,אֲרַע,"the earth",,భూమి,Hebrew,Old Testament
H0773,אַרעִיתּ,"the bottom",,అడుగుభాగం,Hebrew,Old Testament
H0774,אַרפָּד,"Arpad (ar-pawd') n/l.",,అర్పాద్,Hebrew,Old Testament
H0775,אַרפַּכשַׁד,"Arpakshad (ar-pak-shad') n/p.",,అర్పక్షద్,Hebrew,Old Testament
H0776,אֶרֶץ,"the earth (at large",ఎరెత్స్,భూమి,Hebrew,Old Testament
H0777,אַרצָּא,"artsa' (ar-tsaw') n/p.",,అర్థం తెలియదు,Hebrew,Old Testament
H0778,אֲרַק,"the earth",,భూమి,Hebrew,Old Testament
H0779,אָרַר,"arar (aw-rar') v.",,శపించు,Hebrew,Old Testament
H0780,אֲרָרַט,"Ararat (ar-aw-rat') n/l.",,అరారాతు,Hebrew,Old Testament
H0781,אָרַשׂ,"aras (aw-ras') v.",,అర్థం తెలియదు,Hebrew,Old Testament
H0782,אֲרֶשֶׁת,"a longing for",,ఆరాటము,Hebrew,Old Testament
H0783,אַרתַּחשַׁשׁתָּא אַרתַּחשַׁשׁתּא,"Artachshashta' (ar-takh-shash-taw') (or mArtachshasht ar-takh- shasht' or by permutation gArtachshac...",,అర్థాశాస్తా,Hebrew,Old Testament
H0784,אֵשׁ,"fire (literally or figuratively)",ఏష్,అగ్ని,Hebrew,Old Testament
H0785,אֵשׁ,"flame",,జ్వాల,Hebrew,Old Testament
H0786,אִשׁ,"ish (eesh) adv.",,అర్థం తెలియదు,Hebrew,Old Testament
H0787,אוֹשׁ,"a foundation",,పునాది,Hebrew,Old Testament
H0788,אַשׁבֵּל,"Ashbel (ash-bale') n/p.",,అష్బేలు,Hebrew,Old Testament
H0789,אַשׁבֵּלִי,"Ashbeliy (ash-bay-lee') adj.",,అష్బేలీయుడు,Hebrew,Old Testament
H0790,אֶשׁבָּן,"Eshban (esh-bawn') n/p.",,ఎష్బాను,Hebrew,Old Testament
H0791,אַשׁבֵַּע,"Ashbea` (ash-bay'-ah) n/p.",,అష్బేయా,Hebrew,Old Testament
H0792,אֶשׁבַּעַל,"Eshba`al (esh-bah'-al) n/p.",,ఎష్బాల్,Hebrew,Old Testament
H0793,אֶשֶׁד,"an outpouring",,వెల్లువ,Hebrew,Old Testament
H0794,אֲשֵׁדָה,"a ravine",,లోయ,Hebrew,Old Testament
H0795,אַשׁדּוֹד,"Ashdowd (ash-dode') n/l.",,అష్డోదు,Hebrew,Old Testament
H0796,אַשׁדּוֹדִי,"Ashdowdiy (ash-do-dee') adj.",,అష్దోదీయుడు,Hebrew,Old Testament
H0797,אַשׁדּוֹדִיתּ,"Ashdowdiyth (ash-do-deeth') adv.",,అష్దోదీతు,Hebrew,Old Testament
H0798,אַשׁדּוֹת הַפִּסגָּה,"Ashdowth hap-Picgah (ash-doth' hap-pis-gaw') n/l.",,అష్దోత్పಿಸ್గా,Hebrew,Old Testament
H0799,אֶשׁדָּת,"a fire-law",,అగ్ని,Hebrew,Old Testament
H0800,אֶשָּׁה,"fire",,అగ్ని,Hebrew,Old Testament
H0801,אִשָּׁה,"(properly) a burnt-offering",,అర్పణ,Hebrew,Old Testament
H0802,אִשָּׁה נָשִׁים,"irregular plural",ఇష్షా,స్త్రీ,Hebrew,Old Testament
H0803,אֲשׁוּיָה,"foundation",,పునాది,Hebrew,Old Testament
H0804,אַשּׁוּר אַשּׁוּר,"Ashshuwr (ash-shoor') (or iAshshur ash-shoor') n/l.",,అష్షూరు,Hebrew,Old Testament
H0805,אֲשׁוּרִי אַשּׁוּרִי,"Ashuwriy (ash-oo-ree') (or iAshshuwriy ash-shoo-ree') adj.",,అష్షూరీయుడు,Hebrew,Old Testament
H0806,אַשׁחוּר,"Ashchuwr (ash-khoor') n/p.",,అష్ఖూరు,Hebrew,Old Testament
H0807,אֲשִׁימָא,"Ashiyma' (ash-ee-maw') n/p.",,అశీమా,Hebrew,Old Testament
H0808,אָשִׁישׁ,"a (ruined) foundation",,శిథిలమైన పునాది,Hebrew,Old Testament
H0809,אֲשִׁישָׁה,"something closely pressed together",,దగ్గరగా నొక్కినది,Hebrew,Old Testament
H0810,אֶשֶׁך,"a testicle (as a lump)",,ముష్కము,Hebrew,Old Testament
H0811,אֶשׁכּוֹל אֶשׁכּוֹל,"a bunch of grapes or other fruit",,పండు,Hebrew,Old Testament
H0812,אֶשׁכּוֹל,"Eshkol (esh-kole') n/p.",,ఎష్కోలు,Hebrew,Old Testament
H0813,אַשׁכְּנַז,"Ashknaz (ash-ken-az') n/p.",,అష్కెనాజ్,Hebrew,Old Testament
H0814,אֶשׁכָּר,"a gratuity",,బహుమతి,Hebrew,Old Testament
H0815,אֵשֶׁל,"a tamarisk tree",,చెట్టు,Hebrew,Old Testament
H0816,אָשַׁם אָשֵׁם,"asham (aw-sham') (or mashem aw-shame') v.",,అర్థం తెలియదు,Hebrew,Old Testament
H0817,אָשָׁם,"guilt",,అపరాధం,Hebrew,Old Testament
H0818,אָשֵׁם,"ashem (aw-shame') adj.",,అపరాధి,Hebrew,Old Testament
H0819,אַשׁמָה,"guiltiness",,అపరాధ భావం,Hebrew,Old Testament
H0820,אַשׁמָן,"a fat-field",,పొలం,Hebrew,Old Testament
H0821,אַשׁמוּרָה אַשׁמוּרָה אַשׁמוֹרֶת,"a night watch",,రాత్రి,Hebrew,Old Testament
H0822,אֶשׁנָב,"A latticed window",,గాలి,Hebrew,Old Testament
H0823,אַשׁנָה,"Ashnah (ash-naw') n/l.",,అష్నా,Hebrew,Old Testament
H0824,אֶשׁעָן,"Esh`an (esh-awn') n/l.",,ఎషాన్,Hebrew,Old Testament
H0825,אַשָּׁף,"a conjurer",,మంత్రగాడు,Hebrew,Old Testament
H0826,אַשָּׁף,"astrologer",,జ్యోతిష్కుడు,Hebrew,Old Testament
H0827,אַשׁפָּה,"a quiver or arrow-case",,అంబులపొది,Hebrew,Old Testament
H0828,אַשׁפְּנַז,"Ashpnaz (ash-pen-az') n/p.",,అష్పెనజ్,Hebrew,Old Testament
H0829,אֶשׁפָּר,"a measured portion",,కొలచిన భాగం,Hebrew,Old Testament
H0830,אַשׁפּוֹת אַשׁפּוֹת שְׁפוֹת,"a heap of rubbish or filth",,చెత్త కుప్ప,Hebrew,Old Testament
H0831,אַשׁקְלוֹן,"Ashqlown (ash-kel-one') n/l.",,ఒకటి,Hebrew,Old Testament
H0832,אֶשׁקְלוֹנִי,"Eshqlowniy (esh-kel-o-nee') adj.",,ఎష్కెలోనీ,Hebrew,Old Testament
H0833,אָשַׁר אָשֵׁר,"ashar (aw-shar') (or rasher aw-share') v.",,అర్థం తెలియదు,Hebrew,Old Testament
H0834,אֲשֶׁר,"aher (ash-er') p/r.",,అర్థం తెలియదు,Hebrew,Old Testament
H0835,אֶשֶׁר,"happiness",,సంతోషం,Hebrew,Old Testament
H0836,אָשֵׁר,"Asher (aw-share') n/p.",,ఆషేరు,Hebrew,Old Testament
H0837,אוֹשֶׁר,"happiness",,సంతోషం,Hebrew,Old Testament
H0838,אָשׁוּר אַשּׁוּר,"a step",,మెట్టు,Hebrew,Old Testament
H0839,אֲשׁוּר,"the cedar tree or some other light elastic wood",,వెలుగు,Hebrew,Old Testament
H0840,אֲשַׂראֵל,"Asar'el (as-ar-ale') n/p.",,అసరేలు,Hebrew,Old Testament
H0841,אֲשַׂראֵלָה,"Asar'elah (as-ar-ale'-aw) n/p.",,అసరేలా,Hebrew,Old Testament
H0842,אֲשֵׁרָה אֲשֵׁירָה,"asherah (ash-ay-raw') (or masheyrah ash-ay-raw') n/p.",,అషేరా,Hebrew,Old Testament
H0843,אָשֵׁרִי,"Asheriy (aw-shay-ree') adj.",,ఆషేరీ,Hebrew,Old Testament
H0844,אַשׂרִיאֵל,"Asriy'el (as-ree-ale') n/p.",,అశ్రియేలు,Hebrew,Old Testament
H0845,אַשׂרִאֵלִי,"Asri'eliy (as-ree-ale-ee') adj.",,అశ్రియేలీ,Hebrew,Old Testament
H0846,אוּשַּׁרנָא,"a wall (from its uprightness)",,గోడ,Hebrew,Old Testament
H0847,אֶשׁתָּאוֹל אֶשׁתָּאוֹל,"Eshta'ol (esh-taw-ole') (or Eshtafowl esh-taw-ole') n/l.",,ఎష్టావోలు,Hebrew,Old Testament
H0848,אֶשׁתָּאוּלִי,"Eshta'uliy (esh-taw-oo-lee') adj.",,ఎష్టావూలీ,Hebrew,Old Testament
H0849,אֶשׁתַּדּוּר,"rebellion",,సింహం,Hebrew,Old Testament
H0850,אֶשׁתּוֹן,"Eshtown (esh-tone') n/p.",,ఒకటి,Hebrew,Old Testament
H0851,אֶשׁתְּמוַֹע אֶשׁתְּמוַֹע אֶשׁתְּמוֹה,"Eshtmoa` (esh-tem-o'-ah) (or bEshtmowam esh-tem-o'-ah or sEshtmoh esh-tem-o'",,అర్థం తెలియదు,Hebrew,Old Testament
H0852,אָת,"a portent",,గుడారం,Hebrew,Old Testament
H0853,אֵת,"eth (ayth) prt-x.",ఏత్,యొక్క,Hebrew,Old Testament
H0854,אֵת,"eth (ayth) prep.",,-,Hebrew,Old Testament
H0855,אֵת,"a hoe or other digging implement",,-,Hebrew,Old Testament
H0856,אֶתבַּעַל,"Ethba`al (eth-bah'-al) n/p.",,ఎత్బాల్,Hebrew,Old Testament
H0857,אָתָה אָתָא,"athah (aw-thaw') (or matha aw-thaw') v.",,వచ్చు,Hebrew,Old Testament
H0858,אָתָה אָתָא,"athah (aw-thaw') ((Aramaic) or wathaw (Aramaic) aw-thaw') v.",,వచ్చు,Hebrew,Old Testament
H0859,אַתּתָּה אַתּתָּ אַת אַתּתִּי אַתּתֶּם אַתּתֶּן אַתּתֵּנָה אַתּתֵּנָּה,"attah (at-taw') (or (shortened) aatta at-taw'",అత్తా,నీవు,Hebrew,Old Testament
H0860,אָתוֹן,"a female donkey (from its docility)",,గాడిద,Hebrew,Old Testament
H0861,אַתּתּוּן,"probably a fire-place",,అగ్ని,Hebrew,Old Testament
H0862,אַתּתּוּק אַתּתִּיק,"a ledge or offset in a building",,భవనంలో ఒక అంచు లేదా ఆఫ్సెట్,Hebrew,Old Testament
H0863,אִתּתַּי אִיתַּי,"Ittay (it-tah'ee) (or tIythay ee-thah'ee) n/p.",,ఇత్తై,Hebrew,Old Testament
H0864,אֵתָם,"Etham (ay-thawm') n/l.",,ఎతాం,Hebrew,Old Testament
H0865,אֶתמוֹל אִתמוֹל אֶתמוּל,"ethmowl (eth-mole') (or tithmowl ith-mole'or methmuwl eth- mool'",,నిన్న,Hebrew,Old Testament
H0866,אֶתנָה,"a present (as the price of harlotry)",,వ్యభిచారం ధరగా ఒక బహుమతి,Hebrew,Old Testament
H0867,אֶתנִי,"Ethniy (eth-nee') n/p.",,ఎత్నీ,Hebrew,Old Testament
H0868,אֶתנַן,"a gift (as the price of harlotry or idolatry)",,వ్యభిచారం లేదా విగ్రహారాధన ధరగా ఒక బహుమతి,Hebrew,Old Testament
H0869,אֶתנַן,"Ethnan (eth-nan') n/p.",,ఎత్నాన్,Hebrew,Old Testament
H0870,אֲתַר,"a place",,ఒక స్థలం,Hebrew,Old Testament
H0871,אֲתָרִים,"Athariym (ath-aw-reem') n/l.",,అథారీమ్,Hebrew,Old Testament
H0872,בְּאָה,"an entrance to a building",,భవనానికి ఒక ప్రవేశం,Hebrew,Old Testament
H0873,בִּאוּשׁ,"wicked",,దుష్టమైన,Hebrew,Old Testament
H0874,בָּאַר,"ba'ar (baw-ar') v.",,అర్థం తెలియదు,Hebrew,Old Testament
H0875,בְּאֵר,"a pit",,ఒక గుంట,Hebrew,Old Testament
H0876,בְּאֵר,"B'er (be-ayr') n/l.",,బేర్,Hebrew,Old Testament
H0877,בּוֹאר,"a cistern",,ఒక తొట్టి,Hebrew,Old Testament
H0878,בְּאֵרָא,"B'era' (be-ay-raw') n/p.",,బేయెరా,Hebrew,Old Testament
H0879,בְּאֵר אֵלִים,"B'er 'Eliym (be-ayr' ay-leem') n/l.",,బేర్ ఏలీమ్,Hebrew,Old Testament
H0880,בְּאֵרָה,"B'erah (be-ay-raw') n/p.",,బేరా,Hebrew,Old Testament
H0881,בְּאֵרוֹת,"B'erowth (be-ay-rohth') n/l.",,బేరోత్,Hebrew,Old Testament
H0882,בְּאֵרִי,"B'eriy (be-ay-ree') n/p.",,బేరీ,Hebrew,Old Testament
H0883,בְּאֵר לַחַי רוֹאִי,"B'er la-Chay Ro'iy (be-ayr' lakh-ah'ee ro-ee') n/l.",,బేర్ లహై రోయి,Hebrew,Old Testament
H0884,בְּאֵר שֶׁבַע,"B'er Sheba` (be-ayr' sheh'-bah) n/l.",,బేర్షెబా,Hebrew,Old Testament
H0885,בְּאֵרוֹת בְּנֵי ־ יַעֲקַן,"Beroth Bney-Ya`aqan (be-ay-roth' be-nay' yah-a-can') n/l.",,బెరోత్ బెనే-యాకాన్,Hebrew,Old Testament
H0886,בְּאֵרוֹתִי,"B'erothiy (be-ay-ro-thee') adj.",,బెరోతీయుడు,Hebrew,Old Testament
H0887,בָּאַשׁ,"ba'ash (baw-ash') v.",,అర్థం తెలియదు,Hebrew,Old Testament
H0888,בְּאֵשׁ,"b'esh (be-aysh') v.",,అర్థం తెలియదు,Hebrew,Old Testament
H0889,בְּאוֹשׁ,"a stench",,పది,Hebrew,Old Testament
H0890,בָּאשָׁה,"stink-weed or any other noxious or useless plant",,ఎద్దు,Hebrew,Old Testament
H0891,בְּאוּשִׁים,"poison-berries",,కుమారుడు,Hebrew,Old Testament
H0892,בָּבָה,"something hollowed (as a gate)",,ద్వారం,Hebrew,Old Testament
H0893,בֵּבַי,"Bebay (bay-bah'ee) n/p.",,బేబై బే-బహీ,Hebrew,Old Testament
H0894,בָּבֶל,"Babel (baw-bel') n/l.",,బబులు,Hebrew,Old Testament
H0895,בָּבֶל,"Babel (baw-bel') n/l.",,బబులు,Hebrew,Old Testament
H0896,בַּבלִי,"Babliy (bab-lee') adj.",,బబులీయుడు,Hebrew,Old Testament
H0897,בַּג,"food",,ఆహారం,Hebrew,Old Testament
H0898,בָּגַד,"bagad (baw-gad') v.",,మోసగించు,Hebrew,Old Testament
H0899,בֶּגֶד,"a covering",,కప్పుట,Hebrew,Old Testament
H0900,בּוֹגְדוֹת,"treacheries",,నమ్మకద్రోహాలు,Hebrew,Old Testament
H0901,בָּגוֹד,"bagowd (baw-gode') adj.",,దేవుడు,Hebrew,Old Testament
H0902,בִּגוַי,"Bigvay (big-vah'ee) n/p.",,బిగ్వై,Hebrew,Old Testament
H0903,בִּגתָּא,"Bigtha' (big-thaw') n/p.",,బిగ్తా,Hebrew,Old Testament
H0904,בִּגתָּן בִּגתָּנָא,"Bigthan (big-thawn') (or Bigthanad big-thaw'naw) n/p.",,బిగ్తాను,Hebrew,Old Testament
H0905,בַּד,"(properly) separation",బద్,ఒంటరిగా,Hebrew,Old Testament
H0906,בַּד,"flaxen thread or yarn",,అవిసె నూలు దారం,Hebrew,Old Testament
H0907,בַּד,"a brag or lie",,గొప్ప లేదా అబద్ధం,Hebrew,Old Testament
H0908,בָּדָא,"bada' (baw-daw') v.",,అర్థం తెలియదు,Hebrew,Old Testament
H0909,בָּדַד,"badad (baw-dad') v.",,వేరుపడు,Hebrew,Old Testament
H0910,בָּדָד,"badad (baw-dawd') adv.",,ఒంటరిగా,Hebrew,Old Testament
H0911,בְּדַד,"Bdad (bed-ad') n/p.",,బెదదు,Hebrew,Old Testament
H0912,בֵּדְיָה,"Bedyeah (bay-de-yaw') n/p.",,బేద్యాయా,Hebrew,Old Testament
H0913,בְּדִיל,"alloy (because removed by smelting)",,కరిగించి తీసివేయబడిన మిశ్రమం,Hebrew,Old Testament
H0914,בָּדַל,"badal (baw-dal') v.",,వేరుచేయు,Hebrew,Old Testament
H0915,בָּדָל,"a part",,భాగం,Hebrew,Old Testament
H0916,בְּדוֹלַח,"something in pieces",,ముక్కలు ముక్కలుగా ఉన్నది,Hebrew,Old Testament
H0917,בְּדָן,"Bdan (bed-awn') n/p.",,బెదాను,Hebrew,Old Testament
H0918,בָּדַק,"badaq (baw-dak') v.",,పరిశీలించు,Hebrew,Old Testament
H0919,בֶּדֶק,"a gap or leak (in a building or a ship)",,భవనంలో లేదా ఓడలో ఖాళీ లేదా లీక్,Hebrew,Old Testament
H0920,בִּדקַר,"Bidqar (bid-car') n/p.",,బిద్కరు,Hebrew,Old Testament
H0921,בְּדַר,"bdar (bed-ar') v.",,అర్థం తెలియదు,Hebrew,Old Testament
H0922,בּוֹהוּ,"a vacuity",,శూన్యత,Hebrew,Old Testament
H0923,בַּהַט,"white marble or perhaps alabaster",,తెలుపు పాలరాయి లేదా బహుశా పాలరాయి,Hebrew,Old Testament
H0924,בְּהִילוּ,"bhiyluw (be-hee-loo') adv.",,అర్థం తెలియదు,Hebrew,Old Testament
H0925,בָּהִיר,"bahiyr (baw-here') adj.",,మెరిసే,Hebrew,Old Testament
H0926,בָּהַל,"bahal (baw-hal') v.",,బెదిరించు,Hebrew,Old Testament
H0927,בְּהַל,"bhal (be-hal') v.",,అర్థం తెలియదు,Hebrew,Old Testament
H0928,בֶּהָלָה,"panic",,భయాందోళన,Hebrew,Old Testament
H0929,בְּהֵמָה,"(properly) a dumb beast",,మూగ జంతువు,Hebrew,Old Testament
H0930,בְּהֵמוֹת,"a water-ox",,నీరు,Hebrew,Old Testament
H0931,בּוֹהֶן,"the thumb of the hand or great toe of the foot",,చేయి,Hebrew,Old Testament
H0932,בּוֹהַן,"Bohan (bo'han) n/p.",,బోహను,Hebrew,Old Testament
H0933,בּוֹהַק,"white scurf",,తెల్లటి చర్మం,Hebrew,Old Testament
H0934,בּוֹהֶרֶת,"a whitish spot on the skin",,చర్మంపై తెల్లటి మచ్చ,Hebrew,Old Testament
H0935,בּוֹא,"bow' (bo) v.",బో,రా,Hebrew,Old Testament
H0936,בּוּז,"buwz (booz) v.",,ధిక్కరించు,Hebrew,Old Testament
H0937,בּוּז,"disrespect",,అగౌరవం,Hebrew,Old Testament
H0938,בּוּז,"Buwz (booz) n/p.",,బూజు,Hebrew,Old Testament
H0939,בּוּזָה,"something scorned",,ధిక్కరించబడినది,Hebrew,Old Testament
H0940,בּוּזִי,"Buwziy (boo-zee') adj.",,బూజీకి చెందిన,Hebrew,Old Testament
H0941,בּוּזִי,"Buwziy (boo-zee') n/p.",,బూజీ,Hebrew,Old Testament
H0942,בַּוַּי,"Bavvay (bav-vah'ee) n/p.",,బవ్వాయి,Hebrew,Old Testament
H0943,בּוּך,"buwk (book) v.",,అర్థం తెలియదు,Hebrew,Old Testament
H0944,בּוּל,"produce (of the earth",,భూమి,Hebrew,Old Testament
H0945,בּוּל,"Bul",,బుల్,Hebrew,Old Testament
H0946,בּוּנָה,"Buwnah (boo-naw') n/p.",,బూనా,Hebrew,Old Testament
H0947,בּוּס,"buwc (boos) v.",,ధిక్కరించు,Hebrew,Old Testament
H0948,בּוּץ,"probably cotton (of some sort)",,బహుశా కొంత పత్తి రకం,Hebrew,Old Testament
H0949,בּוֹצֵץ,"Bowtsets (bo-tsates') n/l.",,బోత్సేట్స్,Hebrew,Old Testament
H0950,בּוּקָה,"emptiness (as adjective)",,శూన్యత,Hebrew,Old Testament
H0951,בּוֹקֵר,"a cattle-tender",,అంతం,Hebrew,Old Testament
H0952,בּוּר,"buwr (boor) v.",,వివరించు,Hebrew,Old Testament
H0953,בּוֹר,"a pit hole (especially one used as a cistern or a prison)",,కుమారుడు,Hebrew,Old Testament
H0954,בּוּשׁ,"buwsh (boosh) v.",,సిగ్గుపడు,Hebrew,Old Testament
H0955,בּוּשָׁה,"shame",,అవమానం,Hebrew,Old Testament
H0956,בּוּת,"buwth (booth) v.",,అర్థం తెలియదు,Hebrew,Old Testament
H0957,בַּז,"plunder",,దోపిడీ,Hebrew,Old Testament
H0958,בָּזָא,"baza' (baw-zaw') v.",,ఖండించు,Hebrew,Old Testament
H0959,בָּזָה,"bazah (baw-zaw') v.",,అవమానపరచు,Hebrew,Old Testament
H0960,בָּזוֹה,"bazoh (baw-zo') adj.",,అర్థం తెలియదు,Hebrew,Old Testament
H0961,בִּזָּה,"booty",,దోపిడీ సొత్తు,Hebrew,Old Testament
H0962,בָּזַז,"bazaz (baw-zaz') v.",,అర్థం తెలియదు,Hebrew,Old Testament
H0963,בִּזָּיוֹן,"disesteem",,తక్కువ అంచనా వేయుట,Hebrew,Old Testament
H0964,בִּזיוֹתיָה,"bizyowthyah (biz-yo-the-yaw') n/l.",,అర్థం తెలియదు,Hebrew,Old Testament
H0965,בָּזָק,"a flash of lightning",,వెలుగు,Hebrew,Old Testament
H0966,בֶּזֶק,"Bezeq (beh'-zak) n/l.",,బేజెకు,Hebrew,Old Testament
H0967,בָּזַר,"bazar (baw-zar') v.",,అర్థం తెలియదు,Hebrew,Old Testament
H0968,בִּזתָּא,"Biztha' (biz-thaw') n/p.",,బిజ్తా,Hebrew,Old Testament
H0969,בָּחוֹן,"an assayer or metals",,లోహాలను పరీక్షించేవాడు,Hebrew,Old Testament
H0970,בָּחוּר בָּחוּר,"(properly) selected",,సరిగ్గా ఎంపిక చేయబడిన,Hebrew,Old Testament
H0971,בַּחִין,"a watch-tower of besiegers",,బురుజు,Hebrew,Old Testament
H0972,בָּחִיר,"select",,ఎంచుకోండి,Hebrew,Old Testament
H0973,בָּחַל,"bachal (baw-khal') v.",,అర్థం తెలియదు,Hebrew,Old Testament
H0974,בָּחַן,"bachan (baw-khan') v.",,పరీక్షించు,Hebrew,Old Testament
H0975,בַּחַן,"a watch-tower",,బురుజు,Hebrew,Old Testament
H0976,בּוֹחַן,"trial",,విచారణ,Hebrew,Old Testament
H0977,בָּחַר,"bachar (baw-khar') v.",,ఎన్నుకొను,Hebrew,Old Testament
H0978,בַּחֲרוּמִי,"Bacharuwmiy (bakh-ar-oo-mee') adj.",,బఖరుమీయుడు,Hebrew,Old Testament
H0979,בְּחוּרוֹת בְּחוּרוֹת בְּחוּרִים,"youth (collectively and abstractly)",,యవ్వనం సమిష్టిగా మరియు సంగ్రహంగా,Hebrew,Old Testament
H0980,בַּחוּרִים בַּחוּרִים,"Bachuriym (bakh-oo-reem') (or Bachuwriym bakh-oo-reem') n/l.",,బఖూరీమ్,Hebrew,Old Testament
H0981,בָּטָא בָּטָה,"bata' (baw-taw') (or batah baw-taw') v.",,అర్థం తెలియదు,Hebrew,Old Testament
H0982,בָּטַח,"batach (baw-takh') v.",,నమ్ము,Hebrew,Old Testament
H0983,בֶּטַח,"(properly) a place of refuge",,సరిగ్గా ఆశ్రయం పొందే స్థలం,Hebrew,Old Testament
H0984,בֶּטַח,"Betach (beh'takh) n/l.",,బేతకు,Hebrew,Old Testament
H0985,בִּטחָה,"trust",,నమ్మకం,Hebrew,Old Testament
H0986,בִּטָּחוֹן,"trust",,నమ్మకం,Hebrew,Old Testament
H0987,בַּטּוּחוֹת,"security",,భద్రత,Hebrew,Old Testament
H0988,בָּטֵל,"batel (baw-tale') v.",,అర్థం తెలియదు,Hebrew,Old Testament
H0989,בְּטֵל,"btel (bet-ale') v.",,అర్థం తెలియదు,Hebrew,Old Testament
H0990,בֶּטֶן,"the belly",,పొట్ట,Hebrew,Old Testament
H0991,בֶּטֶן,"Beten (beh'-ten) n/l.",,పది,Hebrew,Old Testament
H0992,בּוֹטֶן,"(only in plural) a pistachio-nut (from its form)",,పిస్తా పండు,Hebrew,Old Testament
H0993,בְּטוֹנִים,"Btoniym (bet-o-neem') n/l.",,బెతోనీమ్,Hebrew,Old Testament
H0994,בִּי,"biy (bee) adv.",,అర్థం తెలియదు,Hebrew,Old Testament
H0995,בִּין,"biyn (bene) v.",,అర్థం తెలియదు,Hebrew,Old Testament
H0996,בֵּין,"beyn (bane) ((sometimes in the plural masculine or feminine)) prep.",బేన్,మధ్య,Hebrew,Old Testament
H0997,בֵּין,"beyn (bane) prep.",,అర్థం తెలియదు,Hebrew,Old Testament
H0998,בִּינָה,"understanding",,అవగాహన,Hebrew,Old Testament
H0999,בִּינָה,"knowledge",,జ్ఞానం,Hebrew,Old Testament
H1000,בֵּיצָּה,"an egg (from its whiteness)",,పది,Hebrew,Old Testament
H1001,בִּירָא,"a palace",,ఒక రాజభవనం,Hebrew,Old Testament
H1002,בִּירָה,"a castle or palace",,కోట,Hebrew,Old Testament
H1003,בִּירָנִיתּ,"a fortress",,ఒక దుర్గం,Hebrew,Old Testament
H1004,בַּיִת,"a house (in the greatest variation of applications",బయిత్,ఇల్లు,Hebrew,Old Testament
H1005,בַּיִת,"house",,ఇల్లు,Hebrew,Old Testament
H1006,בַּיִת,"Bayith (bah'-yith) n/l.",,బాయిత్,Hebrew,Old Testament
H1007,בֵּיתּ אָוֶן,"Beyth 'Aven (bayth aw'-ven) n/l.",,బేత్ ఏవెన్,Hebrew,Old Testament
H1008,בֵּיתּ ־ אֵל,"Beyth-'El (bayth-ale') n/l.",,బేతేలు,Hebrew,Old Testament
H1009,בֵּיתּ אַרבֵּאל,"Beyth 'Arbe'l (bayth ar-bale') n/l.",,బేత్ అర్బెల్,Hebrew,Old Testament
H1010,בֵּיתּ בַּעַל מְעוֹן בֵּיתּ מְעוֹן,"Beyth Ba`al M`own (bayth bah'-al me-own') n/l.",,బేత్ బయల్ మెయోన్,Hebrew,Old Testament
H1011,בֵּיתּ בִּראִי,"Beyth Bir`iy (bayth bir-ee') n/l.",,బేత్ బిరియీ,Hebrew,Old Testament
H1012,בֵּיתּ בָּרָה,"Beyth Barah (bayth baw-raw') n/l.",,బేత్ బారా,Hebrew,Old Testament
H1013,בֵּיתּ ־ גָּדֵר,"Beyth-Gader (bayth-gaw-dare') n/l.",,బేత్-గడెర్,Hebrew,Old Testament
H1014,בֵּיתּ גָּמוּל,"Beyth Gamuwl (bayth gaw-mool') n/l.",,బేత్ గముల్,Hebrew,Old Testament
H1015,בֵּיתּ דִּבלָתַיִם,"Beyth Diblathayim (bayth dib-law-thah'-yim) n/l.",,ధర్మశాస్త్రం,Hebrew,Old Testament
H1016,בֵּיתּ ־ דָּגוֹן,"Beyth-Dagown (bayth-daw-gohn') n/l.",,బేత్-దగోన్,Hebrew,Old Testament
H1017,בֵּיתּ הָאֱלִי,"Beyth ha-'Eliy (bayth haw-el-ee') adj.",,బేత్ హా-ఎలీ,Hebrew,Old Testament
H1018,בֵּיתּ הָאֵצֶל,"Beyth ha-'etsel (bayth haw-ay'-tsel) n/l.",,బేత్ హా-ఎట్సెల్,Hebrew,Old Testament
H1019,בֵּיתּ הַגִּלגָּל,"Beyth hag-Gllgal (bayth hag-gil gawl') n/l.",,బేత్ హగ్-గిల్గల్,Hebrew,Old Testament
H1020,בֵּיתּ הַיְשִׁימוֹת,"Beyth ha-Yshiy-mowth (bayth hah-yesh-ee-moth') n/l.",,బేత్ హా-యేషిమోత్,Hebrew,Old Testament
H1021,בֵּיתּ הַך ־ כֶּרֶם,"Beyth hak-Kerem (bayth hak-keh'-rem) n/l.",,బేత్ హాక్-కెరెమ్,Hebrew,Old Testament
H1022,בֵּיתּ הַלַּחמִי,"Beyth hal-Lachmiy (bayth hal-lakh-mee') adj.",,బేత్ హల్-లక్మి,Hebrew,Old Testament
H1023,בֵּיתּ הַמֶּרחָק,"Beyth ham-Merchaq (bayth ham-mer-khawk') n/l.",,బేత్ హామ్-మేర్ఖాక్,Hebrew,Old Testament
H1024,בֵּיתּ הַמַּרכָּבוֹת בֵּיתּ מַרכָּבוֹת,"Beyth ham-Marka-bowth (bayth ham-mar-kaw-both') (or (shortened) Beyth Mar-kabowth bayth mar-kaw-both...",,మందసం,Hebrew,Old Testament
H1025,בֵּיתּ הָעֵמֶק,"Beyth ha-`Emeq (bayth haw-Ay'-mek) n/l.",,బేత్ హా-एమెక్,Hebrew,Old Testament
H1026,בֵּיתּ הָעֲרָבָה,"Beyth ha-`Arabah (bayth haw-ar-aw-baw) n/l.",,బేత్ హా-అరబా,Hebrew,Old Testament
H1027,בֵּיתּ הָרָם,"Beyth ha-Ram (bayth haw-rawm') n/l.",,బేత్ హా-రామ్,Hebrew,Old Testament
H1028,בֵּיתּ הָרָן,"Beyth ha-Ran (bayth haw-rawn') n/l.",,బేత్ హా-రాన్,Hebrew,Old Testament
H1029,בֵּיתּ הַשִּׁטָּה,"Beyth hash-Shittah (bayth hash-shit-taw') n/l.",,బేత్ హాష్-షిట్టా,Hebrew,Old Testament
H1030,בֵּיתּ הַשִּׁמשִׁי,"Beyth hash-Shimshiy (bayth hash-shim-shee') adj.",,బేత్ హాష్-షింషి,Hebrew,Old Testament
H1031,בֵּיתּ חָגלָה,"Beyth Choglah (bayth chog-law') n/l.",,ధర్మశాస్త్రం,Hebrew,Old Testament
H1032,בֵּיתּ חוֹרוֹן,"Beyth Chowrown (bayth kho-rone') n/l.",,ఒకటి,Hebrew,Old Testament
H1033,בֵּיתּ כַּר,"Beyth Kar (bayth kar) n/l.",,బేత్ కర్,Hebrew,Old Testament
H1034,בֵּיתּ לְבָאוֹת,"Beyth Lba'owth (bayth leb-aw-oth') n/l.",,బేత్ లెబావోత్,Hebrew,Old Testament
H1035,בֵּיתּ לֶחֶם,"Beyth Lechem (bayth leh'-khem) n/l.",,బేత్‌లెహేము,Hebrew,Old Testament
H1036,בֵּיתּ לְעַפרָה,"Beyth l-`Aphrah (bayth le-af-raw') n/l.",,బేత్ ఎల్-అఫ్రా,Hebrew,Old Testament
H1037,בֵּיתּ מִלּוֹא בֵּיתּ מִלּוֹא,"Beyth Millow' (bayth mil-lo') (or Beyth Mil-loh bayth mil-lo') n/l.",,బేత్ మిల్లో,Hebrew,Old Testament
H1038,בֵּיתּ מַעֲכָה,"Beyth Ma`akah (bayth mah-ak-aw') n/l.",,బేత్ మకా,Hebrew,Old Testament
H1039,בֵּיתּ נִמרָה,"Beyth Nimrah (bayth nim-raw') n/l.",,బేత్ నిమ్రా,Hebrew,Old Testament
H1040,בֵּיתּ עֵדֶן,"Beyth `Eden (bayth ay'-den) n/l.",,బేత్ ఏదేను,Hebrew,Old Testament
H1041,בֵּיתּ עַזמָוֶת,"Beyth `Azmaveth (bayth az-maw'-veth) n/l.",,బేత్ అజ్మావెత్,Hebrew,Old Testament
H1042,בֵּיתּ עֲנוֹת,"Beyth `Anowth (bayth an-oth') n/l.",,బేత్ అనోత్,Hebrew,Old Testament
H1043,בֵּיתּ עֲנָת,"Beyth `Anath (bayth an-awth') n/l.",,బేత్ అనాత్,Hebrew,Old Testament
H1044,בֵּיתּ עֵקֶד,"Beyth `Eqed (bayth ay'-ked) n/l.",,బేత్ ఏకెడ్,Hebrew,Old Testament
H1045,בֵּיתּ עַשׁתָּרוֹת,"Beyth `Ashtarowth (bayth ash-taw-roth') n/l.",,బేత్ అష్తారోత్,Hebrew,Old Testament
H1046,בֵּיתּ פֶּלֶט,"Beyth Pelet (bayth peh'-let) n/l.",,బేత్ పెలెట్,Hebrew,Old Testament
H1047,בֵּיתּ פְּעוֹר,"Beyth P`owr (bayth pe-ore') n/l.",,బేత్ పెయోర్,Hebrew,Old Testament
H1048,בֵּיתּ פַּצֵּץ,"Beyth Patstsets (bayth pats-tsates') n/l.",,బేత్ పత్సెట్స్,Hebrew,Old Testament
H1049,בֵּיתּ צּוּר,"Beyth Tsuwr (bayth tsoor') n/l.",,బేత్ త్సుర్,Hebrew,Old Testament
H1050,בֵּיתּ רְחוֹב,"Beyth Rchowb (bayth re-khobe') n/l.",,బేత్ రెహోబ్,Hebrew,Old Testament
H1051,בֵּיתּ רָפָא,"Beyth Rapha' (bayth raw-faw') n/p.",,బేత్ రాఫా,Hebrew,Old Testament
H1052,בֵּיתּ שְׁאָן בֵּיתּ שָׁן,"Beyth Sh'an (bayth she-awn') (or Beyth Shan bayth shawn') n/l.",,బేత్ షెయాన్,Hebrew,Old Testament
H1053,בֵּיתּ שֶׁמֶשׁ,"Beyth Shemesh (bayth sheh'-mesh) n/l.",,బేత్ షెమెష్,Hebrew,Old Testament
H1054,בַּיתּ תַּפּוַּח,"Beth Tappuwach (bayth tap-poo'-akh) n/l.",,బేత్ తప్పువాక్,Hebrew,Old Testament
H1055,בִּיתָּן,"a palace (i.e. large house)",,ఇల్లు,Hebrew,Old Testament
H1056,בָּכָא,"Baka' (baw-kaw') n/l.",,బకా,Hebrew,Old Testament
H1057,בָּכָא,"the weeping tree (some gum- distilling tree",,చెట్టు,Hebrew,Old Testament
H1058,בָּכָה,"bakah (baw-kaw') v.",,ఏడ్చెను,Hebrew,Old Testament
H1059,בֶּכֶה,"a weeping",,ఏడుపు,Hebrew,Old Testament
H1060,בְּכוֹר,"firstborn",బెకోర్,మొదటి సంతానం,Hebrew,Old Testament
H1061,בִּכּוּר,"the first-fruits of the crop",బిక్కూర్,ప్రథమ ఫలం,Hebrew,Old Testament
H1062,בְּכוֹרָה בְּכוֹרָה,"the firstling of man or beast",,మనిషి,Hebrew,Old Testament
H1063,בִּכּוּרָה,"the early fig",,చెవి,Hebrew,Old Testament
H1064,בְּכוֹרַת,"Bkowrath (bek-o-rath') n/p.",,బెకోరత్,Hebrew,Old Testament
H1065,בְּכִי,"a weeping",,ఏడుపు,Hebrew,Old Testament
H1066,בּוֹכִּים,"Bokiym (bo-keem') n/l.",,బోకీమ్,Hebrew,Old Testament
H1067,בְּכִירָה,"the eldest daughter",,కుమార్తె,Hebrew,Old Testament
H1068,בְּכִיתּ,"a weeping",,ఏడుపు,Hebrew,Old Testament
H1069,בָּכַר,"bakar (baw-kar') v.",,బకర్,Hebrew,Old Testament
H1070,בֶּכֶר,"a young camel",,యువ,Hebrew,Old Testament
H1071,בֶּכֶר,"Beker (beh'-ker) n/p.",,బెకర్,Hebrew,Old Testament
H1072,בִּכרָה,"a young she-camel",,యువ,Hebrew,Old Testament
H1073,בַּכּוּרָה,"a first- ripe fig",,మొదటి,Hebrew,Old Testament
H1074,בּוֹכְרוּ,"Bokruw (bo-ker-oo') n/p.",,బోకెరూ,Hebrew,Old Testament
H1075,בִּכרִי,"Bikriy (bik-ree') n/p.",,బిక్రి,Hebrew,Old Testament
H1076,בַּכרִי,"Bakriy (bak-ree') adj.",,బక్రి,Hebrew,Old Testament
H1077,בַּל,"bal (bal) adv.",,బాల్,Hebrew,Old Testament
H1078,בֵּל,"Bel (bale) n/p.",,బేల్‌ బేలే,Hebrew,Old Testament
H1079,בָּל,"(properly) anxiety",,సరిగా ఆందోళన,Hebrew,Old Testament
H1080,בְּלָא,"bla' (bel-aw') v.",,బ్ల బెలావ్,Hebrew,Old Testament
H1081,בַּלאֲדָן,"Bal'adan (bal-ad-awn') n/p.",,బాలాదాన్ బలాడాన్,Hebrew,Old Testament
H1082,בָּלַג,"balag (baw-lag') v.",,బలాగ్ బవ్-లగ్,Hebrew,Old Testament
H1083,בִּלגָּה,"Bilgah (bil-gaw') n/p.",,బిల్గా బిల్-గా,Hebrew,Old Testament
H1084,בִּלגַּי,"Bilgay (bil-gah'ee) n/p.",,బిల్గే బిల్-గాహీ,Hebrew,Old Testament
H1085,בִּלדַּד,"Bildad (bil-dad') n/p.",,బిల్దద్ బిల్‌డ్యాడ్,Hebrew,Old Testament
H1086,בָּלָה,"balah (baw-law') v.",బాలా,శిథిలమవ్వు,Hebrew,Old Testament
H1087,בָּלֶה,"baleh (baw-leh') adj.",,బలే బవ్-లే,Hebrew,Old Testament
H1088,בָּלָה,"Balah (baw-law') n/l.",,ధర్మశాస్త్రం,Hebrew,Old Testament
H1089,בָּלַה,"balahh (baw-lah') v.",,బలహ్ బవ్-లా,Hebrew,Old Testament
H1090,בִּלהָה,"Bilhah (bil-haw') n/p.",,బిల్హా,Hebrew,Old Testament
H1091,בַּלָּהָה,"alarm",,హెచ్చరిక,Hebrew,Old Testament
H1092,בִּלהָן,"Bilhan (bil-hawn') n/p.",,బిల్హాన్ బిల్-హాన్,Hebrew,Old Testament
H1093,בְּלוֹ,"excise (on articles consumed)",,ఉపయోగించిన వస్తువులపై ఎక్సైజ్,Hebrew,Old Testament
H1094,בְּלוֹא בְּלוֹי,"(only in plural construction) rags",,బహువచన నిర్మాణంలో మాత్రమే గుడ్డలు,Hebrew,Old Testament
H1095,בֵּלטְּשַׁאצַּר,"Beltsha'tstsar (bale-tesh-ats-tsar') n/p.",,బేల్‌టెషాట్‌సర్‌ బలే-టెష్-అట్స్-త్సర్,Hebrew,Old Testament
H1096,בֵּלטְּשַׁאצַּר,"Beltsha'tstsar (bale-tesh-ats-tsar') n/p.",,బేల్‌టెషాట్‌సర్‌ బలే-టెష్-అట్స్-త్సర్,Hebrew,Old Testament
H1097,בְּלִי,"bliy (bel-ee') adv.",,లేకుండా,Hebrew,Old Testament
H1098,בְּלִיל,"mixed",,కలిపిన,Hebrew,Old Testament
H1099,בְּלִימָה,"(as indef.) nothing whatever",,నిరవధికంగా ఏమీ లేదు,Hebrew,Old Testament
H1100,בְּלִיַעַל,"without profit",బెలియాల్,పనికిరానివాడు,Hebrew,Old Testament
H1101,בָּלַל,"balal (baw-lal') v.",,కలగాపులగము చేయు,Hebrew,Old Testament
H1102,בָּלַם,"balam (baw-lam') v.",,బలామ్ బవ్-లామ్,Hebrew,Old Testament
H1103,בָּלַס,"balac (baw-las') v.",,బాలాక్ బవ్-లాస్,Hebrew,Old Testament
H1104,בָּלַע,"bala` (baw-lah') v.",బాలా,మింగు,Hebrew,Old Testament
H1105,בֶּלַע,"a gulp",,ఒక గుటక,Hebrew,Old Testament
H1106,בֶּלַע,"Bela` (beh'-lah) n/l.",,బెలా,Hebrew,Old Testament
H1107,בִּלעֲדֵי בַּלעֲדֵי,"bil`adey (bil-ad-ay') (or balmadey bal-ad-ay') prt.",,అర్థం తెలియదు,Hebrew,Old Testament
H1108,בַּלעִי,"Bal`iy (bel-ee') adj.",,బలీ బెల్-ఈ,Hebrew,Old Testament
H1109,בִּלעָם,"Bil`am (bil-awm') n/l.",,బిలామ్ బిలామ్,Hebrew,Old Testament
H1110,בָּלַק,"balaq (baw-lak') v.",,బలాక్ బవ్-లక్,Hebrew,Old Testament
H1111,בָּלָק,"Balaq (baw-lawk') n/p.",,ధర్మశాస్త్రం,Hebrew,Old Testament
H1112,בֵּלשַׁאצַּר בֵּלאשַׁצַר,"Belsha'tstsar (bale-shats-tsar') (or Belshatstsar bale-shats-tsar') n/p.",,బేల్‌షాట్‌సర్‌ బలే-షట్స్-త్సర్,Hebrew,Old Testament
H1113,בֵּלשַׁאצַּר,"Belsha'tstsar (bale-shats-tsar') n/p.",,బేల్‌షాట్‌సర్‌ బలే-షట్స్-త్సర్,Hebrew,Old Testament
H1114,בִּלשָׁן,"Bilshan (bil-shawn') n/p.",,బిల్షన్ బిల్-షావ్న్,Hebrew,Old Testament
H1115,בִּלתִּי,"biltiy (bil-tee') adj.",,బిల్టీ బిల్-టీ,Hebrew,Old Testament
H1116,בָּמָה,"an elevation",,ఒక ఎత్తు,Hebrew,Old Testament
H1117,בָּמָה,"Bamah (baw-maw') n/l.",,బమోహ్,Hebrew,Old Testament
H1118,בִּמהָל,"Bimhal (bim-hawl') n/p.",,బీమ్హాల్,Hebrew,Old Testament
H1119,בְּמוֹ,"bmow (bem-o') prep.",,బేమో,Hebrew,Old Testament
H1120,בָּמוֹת בָּמוֹת בַּעַל,"Bamowth (baw-moth') n/l.",,బమోత్,Hebrew,Old Testament
H1121,בֵּן,"a son (as a builder of the family name)",బేన్,కుమారుడు,Hebrew,Old Testament
H1122,בֵּן,"Ben (bane) n/p.",,బెన్,Hebrew,Old Testament
H1123,בֵּן,"child",,బిడ్డ,Hebrew,Old Testament
H1124,בְּנָא בְּנָה,"bna' (ben-aw') ((Aramaic) or bnah (Aramaic) ben-aw') v.",,అర్థం తెలియదు,Hebrew,Old Testament
H1125,בֶּן ־ אֲבִינָדָב,"Ben-'Abiynadab (ben-ab-ee''-naw-dawb') n/p.",,బెన్-అబీనాదాబు,Hebrew,Old Testament
H1126,בֶּן ־ אוֹנִי,"Ben-'Owniy (ben-o-nee') n/p.",,బెన్-ఓనీ,Hebrew,Old Testament
H1127,בֶּן ־ גֶּבֶר,"Ben-Geber (ben-gheh'-ber) n/p.",,బెన్-గెబెర్,Hebrew,Old Testament
H1128,בֶּן ־ דֶּקֶר,"Ben-Deqer (ben-deh'-ker) n/p.",,బెన్-దేకెర్,Hebrew,Old Testament
H1129,בָּנָה,"banah (baw-naw') v.",బానా,కట్టు,Hebrew,Old Testament
H1130,בֶּן ־ הֲדַד,"Ben-Hadad (ben-had-ad') n/p.",,బెన్-హదద్,Hebrew,Old Testament
H1131,בִּנּוּי,"Binnuwy (bin-noo'-ee) n/p.",,బిన్నుయి,Hebrew,Old Testament
H1132,בֶּן ־ זוֹחֵת,"Ben-Zowcheth (ben-zo-khayth') n/p.",,బెన్-జోకెత్,Hebrew,Old Testament
H1133,בֶּן ־ חוּר,"Ben-Chuwr (ben-khoor') n/p.",,బెన్-ఖూర్,Hebrew,Old Testament
H1134,בֶּן ־ חַיִל,"Ben-Chayil (ben-khah'-yil) n/p.",,బెన్-హాయిల్,Hebrew,Old Testament
H1135,בֶּן ־ חָנָן,"Ben-Chanan (ben-khaw-nawn') n/p.",,బెన్-హానాన్,Hebrew,Old Testament
H1136,בֶּן ־ חֶסֶד,"Ben-Checed (ben-kheh'-sed) n/p.",,బెన్-హెసెడ్,Hebrew,Old Testament
H1137,בָּנִי,"Baniy (baw-nee') n/p.",,బనీ,Hebrew,Old Testament
H1138,בּוּנִּי בּוּנִי,"Bunniy (boon-nee') (or (fuller) Buwniy boo-nee') n/p.",,బున్నీ,Hebrew,Old Testament
H1139,בְּנֵי ־ בְּרַק,"Bney-Braq (ben-ay'-ber-ak') n/l.",,బెనె-బెరాక్,Hebrew,Old Testament
H1140,בִּניָה,"a structure",,ఒక నిర్మాణం,Hebrew,Old Testament
H1141,בְּנָיָה בְּנָיָהוּ,"Bnayah (ben-aw-yaw') (or (prolonged) Bnayahuw ben-aw-yaw'-hoo) n/p.",,బెనాయా,Hebrew,Old Testament
H1142,בְּנֵי יַעֲקָן,"Bney Ya`aqan (ben-ay' yah-ak-awn') n/l.",,బెనె యాకాన్,Hebrew,Old Testament
H1143,בֵּנַיִם,"benayim (bay-nah'-yim) subv.",,బయనాయిం,Hebrew,Old Testament
H1144,בִּניָמִין,"Binyamiyn (bin-yaw-mene') n/p.",,బెన్యామీను,Hebrew,Old Testament
H1145,בֶּן ־ יְמִינִי בֶּן ־ הַ ־ יְמִנִי בֶּן ־ אִישׁ יְמִינִי,"Ben-ymiyniy (ben-yem-ee-nee') (sometimes (with the article inserted) Ben-ha-yminiy ben-hah-yem-ee-ne...",,బెన్-యెమినీ,Hebrew,Old Testament
H1146,בִּניָן,"an edifice",,ఒక భవనం,Hebrew,Old Testament
H1147,בִּניָן,"building",,భవనం,Hebrew,Old Testament
H1148,בְּנִינוּ,"Bniynuw (ben-ee-noo') n/p.",,బెనీను,Hebrew,Old Testament
H1149,בְּנַס,"bnac (ben-as') v.",,బ్నాస్,Hebrew,Old Testament
H1150,בִּנעָא בִּנעָה,"Bin`a' (bin-aw') (or Bincah bin-aw') n/p.",,బిన్యా,Hebrew,Old Testament
H1151,בֶּן ־ עַמִּי,"Ben-`Ammiy (ben-am-mee') n/p.",,బెం-అమ్మీ,Hebrew,Old Testament
H1152,בְּסוֹדְיָה,"Bcowdyah (bes-o-deh-yaw') n/p.",,బెసోద్యా,Hebrew,Old Testament
H1153,בְּסַי,"Bcay (bes-ah'-ee) n/p.",,బేసై,Hebrew,Old Testament
H1154,בֶּסֶר,"an immature grape",,పండని ద్రాక్ష,Hebrew,Old Testament
H1155,בּוֹסֶר,"sour grape",,పుల్లని ద్రాక్ష,Hebrew,Old Testament
H1156,בְּעָא בְּעָה,"b`a' (beh-aw') ((Aramaic) or b ah (Aramaic) beh-aw') v.",,అర్థం తెలియదు,Hebrew,Old Testament
H1157,בְּעַד,"b`ad (beh-ad') prep.",,బెయాద్,Hebrew,Old Testament
H1158,בָּעָה,"ba`ah (baw-aw') v.",,బౌవ్,Hebrew,Old Testament
H1159,בָּעוּ,"a request",,ఒక అభ్యర్థన,Hebrew,Old Testament
H1160,בְּעוֹר,"B`owr (beh-ore') n/p.",,బోర్,Hebrew,Old Testament
H1161,בִּעוּתִים,"alarms",,హెచ్చరికలు,Hebrew,Old Testament
H1162,בּוֹעַז,"Bo`az (bo'-az) n/p.",,బోయజు,Hebrew,Old Testament
H1163,בָּעַט,"ba`at (baw-at') v.",,బౌట్,Hebrew,Old Testament
H1164,בְּעִי,"a prayer",,ప్రార్థన,Hebrew,Old Testament
H1165,בְּעִיר,"beast",,మృగం,Hebrew,Old Testament
H1166,בָּעַל,"ba`al (baw-al') v.",బాల్,భర్త,Hebrew,Old Testament
H1167,בַּעַל,"a master",బాల్,యజమాని,Hebrew,Old Testament
H1168,בַּעַל,"Ba`al (bah'-al) n/l.",,బాల్,Hebrew,Old Testament
H1169,בְּעֵל,"+ chancellor",,+ ఛాన్సలర్,Hebrew,Old Testament
H1170,בַּעַל בְּרִיתּ,"Ba`al Briyth (bah'-al ber-eeth') n/p.",,బాల్ బెరీత్,Hebrew,Old Testament
H1171,בַּעַל גָּד,"Ba`al Gad (bah'-al gawd) n/l.",,బాల్ గాడ్,Hebrew,Old Testament
H1172,בַּעֲלָה,"a mistress",,ఒక ఉంపుడుగత్తె,Hebrew,Old Testament
H1173,בַּעֲלָה,"Ba`alah (bah-al-aw') n/l.",,బాల,Hebrew,Old Testament
H1174,בַּעַל הָמוֹן,"Ba`al Hamown (bah'-al haw-mone') n/l.",,ఒకటి,Hebrew,Old Testament
H1175,בְּעָלוֹת,"B`alowth (beh-aw-loth') n/l.",,బెయలోత్,Hebrew,Old Testament
H1176,בַּעַל זְבוּב,"Ba`al Zbuwb (bah'-al zeb-oob') n/p.",,బాల్ జెబూబ్,Hebrew,Old Testament
H1177,בַּעַל חָנָן,"Ba`al Chanan (bah'-al khaw-nawn') n/p.",,బాల్-హానాను,Hebrew,Old Testament
H1178,בַּעַל חָצוֹר,"Ba`al Chatsowr (bah'-al khaw-tsore') n/l.",,బాల్ హట్సోర్,Hebrew,Old Testament
H1179,בַּעַל חֶרמוֹן,"Ba`al Chermown (bah'-al kher-mone') n/l.",,ఒకటి,Hebrew,Old Testament
H1180,בַּעֲלִי,"my master",,యజమాని,Hebrew,Old Testament
H1181,בַּעֲלֵי בָּמוֹת,"Baals of (the) heights",,ఎనిమిది,Hebrew,Old Testament
H1182,בְּעֶליָדָע,"B`elyada` (beh-el-yaw-daw') n/p.",,బెఎల్యాదా,Hebrew,Old Testament
H1183,בְּעַליָה,"B`alyah (beh-al-yaw') n/p.",,బెఅల్యా,Hebrew,Old Testament
H1184,בַּעֲלֵי יְהוּדָה,"Ba`aley Yhuwdah (bah-al-ay' yeh-hoo-daw') n/l.",,బాలెయ్ యెహుదా,Hebrew,Old Testament
H1185,בַּעֲלִיס,"Ba`alic (bah-al-ece') n/p.",,బాలిక్,Hebrew,Old Testament
H1186,בַּעַל מְעוֹן,"Ba`al M`own (bah-al meh-one') n/l.",,ఒకటి,Hebrew,Old Testament
H1187,בַּעַל פְּעוֹר,"Ba`al P`owr (bah'-al peh-ore') n/p.",,బాల్ పెయోర్,Hebrew,Old Testament
H1188,בַּעַל פְּרָצִים,"Ba`al P`ratsiym (bah'-al per-aw-tseem') n/l.",,బాల్ పెరాట్సీమ్,Hebrew,Old Testament
H1189,בַּעַל צְּפוֹן,"Ba`al Tsphown (bah'-al tsef-one') n/l.",,ఒకటి,Hebrew,Old Testament
H1190,בַּעַל שָׁלִשָׁה,"Ba`al Shalishah (bah'-al shaw-lee-shaw') n/l.",,బాల్ షాలిషా,Hebrew,Old Testament
H1191,בַּעֲלָת,"Ba`alath (bah-al-awth') n/l.",,బాలత్,Hebrew,Old Testament
H1192,בַּעֲלַת בְּאֵר,"Ba`alath B`er (bah-al-ath' beh-ayr') n/l.",,బాలత్ బెయేరు,Hebrew,Old Testament
H1193,בַּעַל תָּמָר,"Ba`al Tamar (bah'-al taw-mawr') n/l.",,బయల్ తామారు,Hebrew,Old Testament
H1194,בְּעוֹן,"B`on (beh-ohn') n/l.",,బోను,Hebrew,Old Testament
H1195,בַּעֲנָא,"Ba`ana' (bah-an-aw') n/p.",,బయానా,Hebrew,Old Testament
H1196,בַּעֲנָה,"Ba`anah (bah-an-aw') n/p.",,బయానా,Hebrew,Old Testament
H1197,בָּעַר,"ba`ar (baw-ar') v.",,అర్థం తెలియదు,Hebrew,Old Testament
H1198,בַּעַר,"(properly) foot (as consumed)",,పాదం,Hebrew,Old Testament
H1199,בָּעֲרָא,"Ba`ara' (bah-ar-aw') n/p.",,బయరా,Hebrew,Old Testament
H1200,בְּעֵרָה,"a burning",,కాల్చడం,Hebrew,Old Testament
H1201,בַּעשָׁא,"Ba`sha' (bah-shaw') n/p.",,బయషా,Hebrew,Old Testament
H1202,בַּעֲשֵׂיָה,"Ba`aseyah (bah-as-ay-yaw') n/p.",,బయషెయా,Hebrew,Old Testament
H1203,בְּעֶשׁתְּרָה,"B`eshtrah (beh-esh-ter-aw') n/l.",,బేష్త్రా,Hebrew,Old Testament
H1204,בָּעַת,"ba`ath (baw-ath') v.",,అర్థం తెలియదు,Hebrew,Old Testament
H1205,בְּעָתָה,"fear",,చెవి,Hebrew,Old Testament
H1206,בּוֹץ,"mud (as whitish clay)",,బూడిదరంగు మన్ను,Hebrew,Old Testament
H1207,בִּצָּה,"a swamp",,బురద నేల,Hebrew,Old Testament
H1208,בָּצוֹר,"inaccessible",,అందుబాటులో లేని,Hebrew,Old Testament
H1209,בֵּצַי,"Betsay (bay-tsah'-ee) n/p.",,బెత్సయి,Hebrew,Old Testament
H1210,בָּצִיר,"clipped",,కత్తిరించబడిన,Hebrew,Old Testament
H1211,בֶּצֶל,"an onion",,ఉల్లిపాయ,Hebrew,Old Testament
H1212,בְּצַלאֵל,"Btsal'el (bets-al-ale') n/p.",,బెసలేలు,Hebrew,Old Testament
H1213,בַּצלוּת בַּצלִיתּ,"Batsluwth (bats-looth') (or Batsliyth bats-leeth') n/p.",,బత్లూతు,Hebrew,Old Testament
H1214,בָּצַע,"batsa` (baw-tsah') v.",,అర్థం తెలియదు,Hebrew,Old Testament
H1215,בֶּצַע,"plunder",,దోపిడీ సొమ్ము,Hebrew,Old Testament
H1216,בָּצֵק,"batseq (baw-tsake') v.",,అర్థం తెలియదు,Hebrew,Old Testament
H1217,בָּצֵק,"dough (as swelling by fermentation)",,బావి,Hebrew,Old Testament
H1218,בָּצקַת,"Botsqath (bots-cath') n/l.",,బోత్కాతు,Hebrew,Old Testament
H1219,בָּצַר,"batsar (baw-tsar') v.",,బట్సైరు,Hebrew,Old Testament
H1220,בֶּצֶר,"(strictly) a clipping",,ఖచ్చితంగా ఒక క్లిప్పింగ్,Hebrew,Old Testament
H1221,בֶּצֶר,"Betser (beh'-tser) n/l.",,బేసెరు,Hebrew,Old Testament
H1222,בְּצַר,"gold",,బంగారం,Hebrew,Old Testament
H1223,בָּצרָה,"an enclosure",,కంచె,Hebrew,Old Testament
H1224,בָּצרָה,"Botsrah (bots-raw') n/l.",,బోస్రా,Hebrew,Old Testament
H1225,בִּצָּרוֹן,"a fortress",,దుర్గం,Hebrew,Old Testament
H1226,בַּצּוֹרֶת,"restraint",,వర్షం,Hebrew,Old Testament
H1227,בַּקבּוּק,"Baqbuwq (bak-book') n/p.",,అర్థం తెలియదు,Hebrew,Old Testament
H1228,בַּקבּוּק,"a bottle (from the gurgling in emptying)",,గుటగుటమని ఖాళీ చేసే సీసా,Hebrew,Old Testament
H1229,בַּקבּוּקיָה,"Baqbukyah (bak-book-yaw') n/p.",,అర్థం తెలియదు,Hebrew,Old Testament
H1230,בַּקבַּקַּר,"Baqbaqqar (bak-bak-kar') n/p.",,అర్థం తెలియదు,Hebrew,Old Testament
H1231,בּוּקִּי,"Buqqiy (book-kee') n/p.",,అర్థం తెలియదు,Hebrew,Old Testament
H1232,בּוּקִּיָה,"Buqqiyah (book-kee-yaw') n/p.",,అర్థం తెలియదు,Hebrew,Old Testament
H1233,בְּקִיַע,"a fissure",,చీలిక,Hebrew,Old Testament
H1234,בָּקַע,"baqa` (baw-kah') v.",,అర్థం తెలియదు,Hebrew,Old Testament
H1235,בֶּקַע,"a section (half) of a shekel",,షెకెల్‌లో సగం భాగం,Hebrew,Old Testament
H1236,בִּקעָא,"plain",,మైదానం,Hebrew,Old Testament
H1237,בִּקעָה,"(properly) a split",,సరిగా చీలిక,Hebrew,Old Testament
H1238,בָּקַק,"baqaq (baw-kah') v.",,అర్థం తెలియదు,Hebrew,Old Testament
H1239,בָּקַר,"baqar (baw-kar) v.",,అర్థం తెలియదు,Hebrew,Old Testament
H1240,בְּקַר,"bqar (bek-ar') v.",,అర్థం తెలియదు,Hebrew,Old Testament
H1241,בָּקָר,"beef cattle or an animal of the ox family of either gender (as used for plowing)",,కుటుంబం,Hebrew,Old Testament
H1242,בּוֹקֶר,"(properly) dawn (as the break of day)",,దినము,Hebrew,Old Testament
H1243,בַּקָּרָה,"a looking after",,రాజు,Hebrew,Old Testament
H1244,בִּקּוֹרֶת,"(properly) examination",,జాతి,Hebrew,Old Testament
H1245,בָּקַשׁ,"baqash (baw-kash') v.",,వెదికెను,Hebrew,Old Testament
H1246,בַּקָּשָׁה,"a petition",,విన్నపం,Hebrew,Old Testament
H1247,בַּר,"a son",,కుమారుడు,Hebrew,Old Testament
H1248,בַּר,"the heir (apparent to the throne)",,సింహాసనం,Hebrew,Old Testament
H1249,בַּר,"bar (bar) adj.",,స్వచ్ఛమైన,Hebrew,Old Testament
H1250,בָּר בַּר,"grain of any kind (even while standing in the field)",,పొలం,Hebrew,Old Testament
H1251,בַּר,"a field",,పొలం,Hebrew,Old Testament
H1252,בּוֹר,"purify",,శుద్ధి చేయు,Hebrew,Old Testament
H1253,בּוֹר,"vegetable lye (from its cleansing)",,పాపం,Hebrew,Old Testament
H1254,בָּרָא,"bara' (baw-raw') v.",బారా,సృష్టించు,Hebrew,Old Testament
H1255,בְּרוֹאדַּך בַּלאֲדָן,"Bro'dak Bal'adan (ber-o-dak' bal-ad-awn') n/p.",,అర్థం తెలియదు,Hebrew,Old Testament
H1256,בְּרָאיָה,"Bra'yah (ber-aw-yaw') n/p.",,అర్థం తెలియదు,Hebrew,Old Testament
H1257,בַּרבּוּר,"a fowl (as fattened on grain)",,వర్షం,Hebrew,Old Testament
H1258,בָּרַד,"barad (baw-rad') v.",,అర్థం తెలియదు,Hebrew,Old Testament
H1259,בָּרָד,"hail",,వడగళ్ళు,Hebrew,Old Testament
H1260,בֶּרֶד,"Bered (beh'red) n/l.",,అర్థం తెలియదు,Hebrew,Old Testament
H1261,בָּרוֹד,"barod (baw-rode') adj.",,అర్థం తెలియదు,Hebrew,Old Testament
H1262,בָּרָה,"barah (baw-raw') v.",,అర్థం తెలియదు,Hebrew,Old Testament
H1263,בָּרוּך,"Baruwk (baw-rook') n/p.",,బారూకు,Hebrew,Old Testament
H1264,בְּרוֹם,"damask (stuff of variegated thread)",,ద్వారం,Hebrew,Old Testament
H1265,בְּרוֹשׁ,"a cypress (?) tree",,చెట్టు,Hebrew,Old Testament
H1266,בְּרוֹת,"the cypress (or some elastic tree)",,చెట్టు,Hebrew,Old Testament
H1267,בָּרוּת,"food",,ఆహారం,Hebrew,Old Testament
H1268,בֵּרוֹתָה בֵּרוֹתַי,"Berowthah (bay-ro-thaw') (or Berothay bay-ro-that'-ee) n/l.",,అర్థం తెలియదు,Hebrew,Old Testament
H1269,בִּרזוֹת,"Birzowth (beer-zoth') n/p.",,అర్థం తెలియదు,Hebrew,Old Testament
H1270,בַּרזֶל,"iron (as cutting)",,ఇనుము,Hebrew,Old Testament
H1271,בַּרזִלַּי,"Barzillay (bar-zil-lah'-ee) n/p.",,బర్జిల్లై,Hebrew,Old Testament
H1272,בָּרַח,"barach (baw-rakh') v.",,పారిపోయెను,Hebrew,Old Testament
H1273,בַּרחוּמִי,"Barchumiy (bar-khoo-mee') adj.",,అర్థం తెలియదు,Hebrew,Old Testament
H1274,בְּרִי,"briy (ber-ee') adj.",,అర్థం తెలియదు,Hebrew,Old Testament
H1275,בֵּרִי,"Beriy (bay-ree') n/p.",,బేరీ,Hebrew,Old Testament
H1276,בֵּרִי,"Beriy (bay-ree') adj.",,అర్థం తెలియదు,Hebrew,Old Testament
H1277,בָּרִיא,"bariy' (baw-ree') adj.",,అర్థం తెలియదు,Hebrew,Old Testament
H1278,בְּרִיאָה,"a creation",,ఒక సృష్టి,Hebrew,Old Testament
H1279,בִּריָה,"food",,ఆహారం,Hebrew,Old Testament
H1280,בְּרִיַח,"a bolt",,ఒక గడియ,Hebrew,Old Testament
H1281,בָּרִיַח בָּרִַח,"bariyach (baw-ree'-akh) (or (shortened) bariach baw-ree'-akh) adj.",,పది,Hebrew,Old Testament
H1282,בָּרִיַח,"Bariyach (baw-ree'-akh) n/p.",,అర్థం తెలియదు,Hebrew,Old Testament
H1283,בְּרִיעָה,"Briy`ah (ber-ee'-aw) n/p.",,అర్థం తెలియదు,Hebrew,Old Testament
H1284,בְּרִיעִי,"Briy`iy (ber-ee-ee') adj.",,అర్థం తెలియదు,Hebrew,Old Testament
H1285,בְּרִיתּ,"a compact (because made by passing between pieces of flesh)",బెరీత్,నిబంధన,Hebrew,Old Testament
H1286,בְּרִיתּ,"Briyth (ber-eeth') n/p.",,అర్థం తెలియదు,Hebrew,Old Testament
H1287,בּוֹרִיתּ,"vegetable alkali",,కూరగాయల క్షారము,Hebrew,Old Testament
H1288,בָּרַך,"barak (baw-rak') v.",బారక్,ఆశీర్వదించు,Hebrew,Old Testament
H1289,בְּרַך,"brak (ber-ak') v.",,మెరుపు,Hebrew,Old Testament
H1290,בֶּרֶך,"a knee",,మోకాలు,Hebrew,Old Testament
H1291,בֶּרֶך,"knee",,మోకాలు,Hebrew,Old Testament
H1292,בָּרַכאֵל,"Barak'el (baw-rak-ale') n/p.",,బరకేల్,Hebrew,Old Testament
H1293,בְּרָכָה,"benediction",బెరాఖా,ఆశీర్వాదం,Hebrew,Old Testament
H1294,בְּרָכָה,"Brakah (ber-aw-kaw') n/l.",,బెరాకా,Hebrew,Old Testament
H1295,בְּרֵכָה,"a reservoir (at which camels kneel as a resting-place)",,ఒక రిజర్వాయర్, దీని వద్ద ఒంటెలు విశ్రాంతి కోసం మోకరిల్లుతాయి,Hebrew,Old Testament
H1296,בֶּרֶכיָה בֶּרֶכיָהוּ,"Berekyah (beh-rek-yaw') (or Berekyahuw beh-rek-yaw'-hoo) n/p.",,బెరెక్యా,Hebrew,Old Testament
H1297,בְּרַם,"bram (ber-am') adv.",,బ్రామ్,Hebrew,Old Testament
H1298,בֶּרַע,"Bera` (beh'-rah) n/p.",,బెరా,Hebrew,Old Testament
H1299,בָּרַק,"baraq (baw-rak') v.",,మెరుపు,Hebrew,Old Testament
H1300,בָּרָק,"lightning",,వెలుగు,Hebrew,Old Testament
H1301,בָּרָק,"Baraq (baw-rawk') n/p.",,బారాక్,Hebrew,Old Testament
H1302,בַּרקוֹס,"Barqowc (bar-kose') n/p.",,బార్కోస్,Hebrew,Old Testament
H1303,בַּרקָן,"a thorn (perhaps as burning brightly)",,ప్రకాశవంతంగా మండుతున్న ముల్లు కావచ్చు,Hebrew,Old Testament
H1304,בָּרְקַת בָּרְקַת,"a gem (as flashing)",,మరకతము,Hebrew,Old Testament
H1305,בָּרַר,"barar (baw-rar') v.",బారర్,పరిశుద్ధం చేయు,Hebrew,Old Testament
H1306,בִּרשַׁע,"Birsha` (beer-shah') n/p.",,బిర్షా,Hebrew,Old Testament
H1307,בֵּרוֹתִי,"Berothiy (bay-ro-thee') adj.",,బేరోతీ,Hebrew,Old Testament
H1308,בְּשׂוֹר,"Bsowr (bes-ore') n/l.",,బెసోర్,Hebrew,Old Testament
H1309,בְּשׂוֹרָה בְּשׂוֹרָה,"glad tidings",,శుభవార్త,Hebrew,Old Testament
H1310,בָּשַׁל,"bashal (baw-shal') v.",,ఉడకబెట్టు,Hebrew,Old Testament
H1311,בָּשֵׁל,"bashel (baw-shale') adj.",,అర్థం తెలియదు,Hebrew,Old Testament
H1312,בִּשׁלָם,"Bishlam (bish-lawm') n/p.",,ధర్మశాస్త్రం,Hebrew,Old Testament
H1313,בָּשָׂם,"the balsam plant",,బలసం మొక్క,Hebrew,Old Testament
H1314,בֶּשֶׂם בּוֹשֶׂם,"fragrance",,సువాసన,Hebrew,Old Testament
H1315,בָּשׂמַת,"Bosmath (bos-math') n/p.",,బాసెమతు,Hebrew,Old Testament
H1316,בָּשָׁן,"Bashan (baw-shawn') n/l.",,బాషాను,Hebrew,Old Testament
H1317,בָּשׁנָה,"shamefulness",,అవమానకరమైన,Hebrew,Old Testament
H1318,בָּשַׁס,"bashac (baw-shas') v.",,అర్థం తెలియదు,Hebrew,Old Testament
H1319,בָּשַׂר,"basar (baw-sar') v.",బాసర్,శుభవార్త చెప్పు,Hebrew,Old Testament
H1320,בָּשָׂר,"flesh (from its freshness)",బాసార్,మాంసం,Hebrew,Old Testament
H1321,בְּשַׂר,"flesh",,శరీరము,Hebrew,Old Testament
H1322,בּוֹשֶׁת,"shame (the feeling and the condition",,సిగ్గు, అవమానం,Hebrew,Old Testament
H1323,בַּת,"a daughter (used in the same wide sense as other terms of relationship",,కుమార్తె,Hebrew,Old Testament
H1324,בַּת,"a bath or Hebrew measure (as a means of division) of liquids",,బత్ (ద్రవాలను కొలిచే హీబ్రూ కొలమానం),Hebrew,Old Testament
H1325,בַּת,"bath",,బత్,Hebrew,Old Testament
H1326,בָּתָה,"desolation",,నిర్మానుష్యము,Hebrew,Old Testament
H1327,בַּתּתָּה,"desolation",,నిర్మానుష్యము,Hebrew,Old Testament
H1328,בְּתוּאֵל,"Bthuw'el (beth-oo-ale') n/l.",,బెతూయేలు,Hebrew,Old Testament
H1329,בְּתוּל,"Bthuwl (beth-ool') n/l.",,బెతూల్,Hebrew,Old Testament
H1330,בְּתוּלָה,"a virgin (from her privacy)",,కన్య,Hebrew,Old Testament
H1331,בְּתוּלִים,"(collectively and abstractly) virginity",,కన్యాత్వం,Hebrew,Old Testament
H1332,בִּתיָה,"Bithyah (bith-yaw') n/p.",,బిత్యా,Hebrew,Old Testament
H1333,בָּתַק,"bathaq (baw-thak') v.",,అర్థం తెలియదు,Hebrew,Old Testament
H1334,בָּתַר,"bathar (baw-thar') v.",,అర్థం తెలియదు,Hebrew,Old Testament
H1335,בֶּתֶר,"a section",,విభాగం,Hebrew,Old Testament
H1336,בֶּתֶר,"Bether (beh'-ther) n/p.",,బేతెరు,Hebrew,Old Testament
H1337,בַּת רַבִּים,"Bath Rabbiym (bath rab-beem') n/l.",,బాత్ రబ్బీమ్,Hebrew,Old Testament
H1338,בִּתרוֹן,"Bithrown (bith-rone') n/l.",,ఒకటి,Hebrew,Old Testament
H1339,בַּת ־ שֶׁבַע,"Bath-Sheba` (bath-sheh'-bah) n/p.",,బత్షెబ,Hebrew,Old Testament
H1340,בַּת ־ שׁוַּע,"Bath-Shuwa` (bath-shoo'-ah) n/p.",,బత్షూవ,Hebrew,Old Testament
H1341,גֵּא,"ge' (gay') adj.",,అర్థం తెలియదు,Hebrew,Old Testament
H1342,גָּאָה,"ga'ah (gaw-aw') v.",,అర్థం తెలియదు,Hebrew,Old Testament
H1343,גְּאֶה,"ge'eh (gay-eh') adj.",,అర్థం తెలియదు,Hebrew,Old Testament
H1344,גֵּאָה,"arrogance",,గర్వం,Hebrew,Old Testament
H1345,גְּאוּאֵל,"Guw'el (gheh-oo-ale') n/p.",,గూయేల్,Hebrew,Old Testament
H1346,גַּאֲוָה,"arrogance or majesty",,గర్వం లేదా వైభవం,Hebrew,Old Testament
H1347,גָּאוֹן,"the same as H1346",,అర్థం తెలియదు,Hebrew,Old Testament
H1348,גֵּאוּת,"the same as H1346",,అర్థం తెలియదు,Hebrew,Old Testament
H1349,גַּאֲיוֹן,"ga'ayown (gah-ah-yone') adj.",,ఒకటి,Hebrew,Old Testament
H1350,גָּאַל,"ga'al (gaw-al') v.",,విమోచించు,Hebrew,Old Testament
H1351,גָּאַל,"ga'al (gaw-al') v.",,విమోచించు,Hebrew,Old Testament
H1352,גּוֹאֶל,"profanation",,జాతి,Hebrew,Old Testament
H1353,גְּאוּלָּה,"redemption (including the right and the object)",,విమోచన,Hebrew,Old Testament
H1354,גַּב,"gab (gab) n-e.",,వీపు,Hebrew,Old Testament
H1355,גַּב,"back",,వెనుకకు,Hebrew,Old Testament
H1356,גֵּב,"a log (as cut out)",,నరికిన ఒక దిమ్మ,Hebrew,Old Testament
H1357,גֵּב,"a locust (from its cutting)",,నరికిన మిడత,Hebrew,Old Testament
H1358,גּוֹב,"a pit (for wild animals) (as cut out)",,నరికిన అడవి జంతువుల గుంట,Hebrew,Old Testament
H1359,גּוֹב גּוֹב,"Gob (gobe) (or (fully) Gowb gobe') n/l.",,గోబు,Hebrew,Old Testament
H1360,גֶּבֶא,"a reservoir",,నీటి తొట్టి,Hebrew,Old Testament
H1361,גָּבַהּ,"gabahh (gaw-bah') v.",,పైకి లేచు,Hebrew,Old Testament
H1362,גָּבָהּ,"gabahh (gaw-bawh') adj.",,ఎత్తుగా,Hebrew,Old Testament
H1363,גּוֹבַהּ,"elation",,ఉత్సాహం,Hebrew,Old Testament
H1364,גָּבוֹהַּ גָּבוֹהַּ,"gaboahh (gaw-bo'-ah) (or (fully) gabowahh gaw-bo'-ah) adj.",,ఎత్తు,Hebrew,Old Testament
H1365,גַּבהוּת,"pride",,గర్వం,Hebrew,Old Testament
H1366,גְּבוּל גֶּבוּל,"(properly) a cord (as twisted)",,సరిహద్దు,Hebrew,Old Testament
H1367,גְּבוּלָה גֶּבוּלָה,"a boundary",,సరిహద్దు,Hebrew,Old Testament
H1368,גִּבּוֹר גִּבּוֹר,"gibbowr (ghib-bore') (or (shortened) gibbor ghib-bore') adj.",,పది,Hebrew,Old Testament
H1369,גְּבוּרָה,"force (literally or figuratively)",,పరకరమమ,Hebrew,Old Testament
H1370,גְּבוּרָה,"power",,శక్తి,Hebrew,Old Testament
H1371,גִּבֵַּח,"gibbeach (ghib-bay'-akh) adj.",,అర్థం తెలియదు,Hebrew,Old Testament
H1372,גַּבַּחַת,"baldness in the forehead",,తల,Hebrew,Old Testament
H1373,גַּבַּי,"Gabbay (gab-bah'ee) n/p.",,గబ్బయి,Hebrew,Old Testament
H1374,גֵּבִים,"Gebiym (gay-beem') n/l.",,గెబీమ్,Hebrew,Old Testament
H1375,גְּבִיַע,"a goblet",,గిన్నె,Hebrew,Old Testament
H1376,גְּבִיר,"a master",,యజమాని,Hebrew,Old Testament
H1377,גְּבִירָה,"a mistress",,సొంతరాలు,Hebrew,Old Testament
H1378,גָּבִישׁ,"crystal (from its resemblance to ice)",,పటిక,Hebrew,Old Testament
H1379,גָּבַל,"gabal (gaw-bal') v.",,కలపడం,Hebrew,Old Testament
H1380,גְּבַל,"Gbal (gheb-al') n/l.",,గెబల్,Hebrew,Old Testament
H1381,גְּבָל,"Gbal (gheb-awl') n/l.",,గెబల్,Hebrew,Old Testament
H1382,גִּבלִי,"Gibliy (ghib-lee') adj.",,గిబ్లీ,Hebrew,Old Testament
H1383,גַּבלוּת,"a twisted chain or lace",,మెలితిప్పిన గొలుసు,Hebrew,Old Testament
H1384,גִּבֵּן,"gibben (gib-bane') adj.",,కుంగిన,Hebrew,Old Testament
H1385,גְּבִנָה,"curdled milk",,పాలు,Hebrew,Old Testament
H1386,גַּבנוֹן,"a hump or peak of hills",,కొండ శిఖరం,Hebrew,Old Testament
H1387,גֶּבַע,"Geba` (gheh'-bah) n/l.",,గెబా,Hebrew,Old Testament
H1388,גִּבעָא,"Gib`a' (ghib-aw') n/p.",,గిబా,Hebrew,Old Testament
H1389,גִּבעָה,"a hillock",,కొండ,Hebrew,Old Testament
H1390,גִּבעָה,"Gib`ah (ghib-aw') n/l.",,గిబా,Hebrew,Old Testament
H1391,גִּבעוֹן,"Gib`own (ghib-ohn') n/l.",,గిబ్బోను,Hebrew,Old Testament
H1392,גִּבעוֹל,"the calyx of a flower",,అర్థం తెలియదు,Hebrew,Old Testament
H1393,גִּבעוֹנִי,"Gib`oniy (ghib-o-nee') adj.",,గిబోనీయుడు,Hebrew,Old Testament
H1394,גִּבעַת,"Gib`ath (ghib-ath') n/l.",,గిబాతు,Hebrew,Old Testament
H1395,גִּבעָתִי,"Gib`athiy (ghib-aw-thee') adj.",,గిబాతియుడు,Hebrew,Old Testament
H1396,גָּבַר,"gabar (gaw-bar') v.",,అర్థం తెలియదు,Hebrew,Old Testament
H1397,גֶּבֶר,"(properly) a valiant man or warrior",,మనిషి,Hebrew,Old Testament
H1398,גֶּבֶר,"Geber (gheh'-ber) n/p.",,గేబెరు,Hebrew,Old Testament
H1399,גְּבַר,"a person",,కుమారుడు,Hebrew,Old Testament
H1400,גְּבַר,"certain",,ఖచ్చితంగా,Hebrew,Old Testament
H1401,גִּבָּר,"valiant",,పరాక్రమవంతుడు,Hebrew,Old Testament
H1402,גִּבָּר,"Gibbar (ghib-bawr') n/p.",,గిబ్బార్,Hebrew,Old Testament
H1403,גַּברִיאֵל,"Gabriy'el (gab-ree-ale') n/p.",,గబ్రియేలు,Hebrew,Old Testament
H1404,גְּבֶרֶת,"mistress",,యజమానురాలు,Hebrew,Old Testament
H1405,גִּבְּתוֹן,"Gibbthown (ghib-beth-one') n/l.",,ఒకటి,Hebrew,Old Testament
H1406,גָּג,"a roof",,పైకప్పు,Hebrew,Old Testament
H1407,גַּד,"coriander seed (from its furrows)",,విత్తనం,Hebrew,Old Testament
H1408,גַּד,"Gad (gad) n/p.",,గాదు,Hebrew,Old Testament
H1409,גָּד,"fortune",,అదృష్టం,Hebrew,Old Testament
H1410,גָּד,"Gad (gawd) n/p.",,గాదు,Hebrew,Old Testament
H1411,גְּדָבָר,"a treasurer",,ఖజానాదారుడు,Hebrew,Old Testament
H1412,גּוּדגּוֹדָה,"Gudgodah (gud-go'-daw) n/l.",,దేవుడు,Hebrew,Old Testament
H1413,גָּדַד,"gadad (gaw-dad') v.",,అర్థం తెలియదు,Hebrew,Old Testament
H1414,גְּדַד,"gdad (ghed-ad') v.",,అర్థం తెలియదు,Hebrew,Old Testament
H1415,גָּדָה,"a border of a river (as cut into by the stream)",,నది,Hebrew,Old Testament
H1416,גְּדוּד,"a crowd (especially of soldiers)",,పాత,Hebrew,Old Testament
H1417,גְּדוּד גֶּדוּדָה,"gduwd (ghed-ood') (or (feminine) gdudah ghed-oo-daw') n-e.",,తొమ్మిది,Hebrew,Old Testament
H1418,גְּדוּדָה,"gduwdah (ghed-oo-daw') n-e.",,అర్థం తెలియదు,Hebrew,Old Testament
H1419,גָּדוֹל גָּדוֹל,"gadowl (gaw-dole') (or (shortened) gadol gaw-dole') adj.",,పది,Hebrew,Old Testament
H1420,גְּדוּלָה גְּדוּלָּה גְּדוּלָּה,"greatness",,గొప్ప,Hebrew,Old Testament
H1421,גִּדּוּף גִּדּוּף גִּדּוּפָה גִּדּוּפָה,"vilification",,అవమానము,Hebrew,Old Testament
H1422,גְּדוּפָה,"a revilement",,దుష్టత్వం,Hebrew,Old Testament
H1423,גְּדִי,"a young goat (from browsing)",,పాపం,Hebrew,Old Testament
H1424,גָּדִי,"Gadiy (gaw-dee') n/p.",,గాదీ,Hebrew,Old Testament
H1425,גָּדִי,"Gadiy (gaw-dee') adj.",,గాదీయుడు,Hebrew,Old Testament
H1426,גַּדִּי,"Gaddiy (gad-dee') n/p.",,గద్దీ,Hebrew,Old Testament
H1427,גַּדִּיאֵל,"Gaddiy'el (gad-dee-ale') n/p.",,గద్దీయేలు,Hebrew,Old Testament
H1428,גִּדיָה גַּדיָה,"a river brink",,నది,Hebrew,Old Testament
H1429,גְּדִיָה,"a young female goat",,మేక,Hebrew,Old Testament
H1430,גָּדִישׁ,"a stack of sheaves",,కుప్ప,Hebrew,Old Testament
H1431,גָּדַל,"gadal (gaw-dal') v.",,పెరిగెను,Hebrew,Old Testament
H1432,גָּדֵל,"gadel (gaw-dale') adj.",,గొప్ప,Hebrew,Old Testament
H1433,גּוֹדֶל,"magnitude (literally or figuratively)",,పరిమాణం అక్షరాలా లేదా అలంకారంగా,Hebrew,Old Testament
H1434,גְּדִל,"a thread",,దారం,Hebrew,Old Testament
H1435,גִּדֵּל,"Giddel (ghid-dale') n/p.",,గిద్దేలు,Hebrew,Old Testament
H1436,גְּדַליָה גֶּדַליָהוּ,"Gdalyah (ghed-al-yaw') (or (prolonged) Gdalyahuw ghed-al-yaw'- hoo) n/p.",,గెదల్యా,Hebrew,Old Testament
H1437,גִּדַּלתִּי,"Giddaltiy (ghid-dal'-tee) n/p.",,గిద్దల్తీ,Hebrew,Old Testament
H1438,גָּדַע,"gada` (gaw-dah') v.",,అర్థం తెలియదు,Hebrew,Old Testament
H1439,גִּדעוֹן,"Gid`own (ghid-ohn') n/p.",,గిద్యోను,Hebrew,Old Testament
H1440,גִּדעוֹם,"Gid`om (ghid-ohm') n/l.",,గిదోము,Hebrew,Old Testament
H1441,גִּדעוֹנִי,"Gid`oniy (ghid-o-nee') n/p.",,గిదోనీ,Hebrew,Old Testament
H1442,גָּדַף,"gadaph (gaw-daf') v.",,అర్థం తెలియదు,Hebrew,Old Testament
H1443,גָּדַר,"gadar (gaw-dar') v.",,అర్థం తెలియదు,Hebrew,Old Testament
H1444,גֶּדֶר,"a circumvallation",,ముట్టడి దిబ్బ,Hebrew,Old Testament
H1445,גֶּדֶר,"Geder (gheh'-der) n/l.",,గెదేరు,Hebrew,Old Testament
H1446,גְּדוֹר גְּדוֹר,"Gdor (ghed-ore') (or (fully) Gdowr ghed-ore') n/l.",,గెదోరు,Hebrew,Old Testament
H1447,גָּדֵר,"surrounded with a wall or rampart",,గోడ,Hebrew,Old Testament
H1448,גְּדֵרָה,"enclosure (especially for flocks)",,మంద,Hebrew,Old Testament
H1449,גְּדֵרָה,"Gderah (ghed-ay-raw') n/l.",,గెదేరా,Hebrew,Old Testament
H1450,גְּדֵרוֹת,"Gderowth (ghed-ay-rohth') n/l.",,గెదేరోతు,Hebrew,Old Testament
H1451,גְּדֵרִי,"Gderiy (ghed-ay-ree') adj.",,గెదేరీయుడు,Hebrew,Old Testament
H1452,גְּדֵרָתִי,"Gderathiy (ghed-ay-raw-thee') adj.",,గెదేరాతియుడు,Hebrew,Old Testament
H1453,גְּדֵרוֹתַיִם,"Gderothayim (ghed-ay-ro-thah'-yim) n/l.",,గెదేరోతయిము,Hebrew,Old Testament
H1454,גֵּה,"geh (gay) p/d.",,లోయ,Hebrew,Old Testament
H1455,גָּהָה,"gahah (gaw-haw') v.",,అర్థం తెలియదు,Hebrew,Old Testament
H1456,גֵּהָה,"a cure",,స్వస్థత,Hebrew,Old Testament
H1457,גָּהַר,"gahar (gaw-har') v.",,వంగియుండు,Hebrew,Old Testament
H1458,גַּו,"the back",,వెనుక,Hebrew,Old Testament
H1459,גַּו,"the middle",,మధ్య,Hebrew,Old Testament
H1460,גֵּו,"the back",,వెనుక,Hebrew,Old Testament
H1461,גּוּב,"guwb (goob) v.",,అర్థం తెలియదు,Hebrew,Old Testament
H1462,גּוֹב,"the locust (from its grubbing as a larvae)",,మిడతల పురుగు యొక్క లార్వా,Hebrew,Old Testament
H1463,גּוֹג,"Gowg (gohg) n/p.",,గోగు,Hebrew,Old Testament
H1464,גּוּד,"guwd (goode) v.",,మంచి,Hebrew,Old Testament
H1465,גֵּוָה,"gevah (gay-vaw') adv.",,అర్థం తెలియదు,Hebrew,Old Testament
H1466,גֵּוָה,"exaltation",,హెచ్చించుట,Hebrew,Old Testament
H1467,גֵּוָה,"pride",,గర్వం,Hebrew,Old Testament
H1468,גּוּז,"guwz (gooz) v.",,అర్థం తెలియదు,Hebrew,Old Testament
H1469,גּוֹזָל גּוֹזָל,"a nestling (as being comparatively nude of feathers)",,ఈకలు లేని పక్షిపిల్ల,Hebrew,Old Testament
H1470,גּוֹזָן,"Gowzan (go-zawn') n/l.",,గోజాను,Hebrew,Old Testament
H1471,גּוֹי גּוֹי,"a foreign nation",గోయ్,జాతి,Hebrew,Old Testament
H1472,גְּוִיָה,"a body",,శరీరం,Hebrew,Old Testament
H1473,גּוֹלָה גּוֹלָה,"exile",,దేశ బహిష్కరణ,Hebrew,Old Testament
H1474,גּוֹלָן,"Gowlan (go-lawn') n/l.",,ధర్మశాస్త్రం,Hebrew,Old Testament
H1475,גּוּמָּץ,"a pit",,గుంట,Hebrew,Old Testament
H1476,גּוּנִי,"Guwniy (goo-nee') n/p.",,అర్థం తెలియదు,Hebrew,Old Testament
H1477,גּוּנִי,"Guwniy (goo-nee') adj.",,అర్థం తెలియదు,Hebrew,Old Testament
H1478,גָּוַע,"gava` (gaw-vah') v.",,అర్థం తెలియదు,Hebrew,Old Testament
H1479,גּוּף,"guwph (goof) v.",,అర్థం తెలియదు,Hebrew,Old Testament
H1480,גּוּפָה,"a corpse (as closed to sense)",,శవం,Hebrew,Old Testament
H1481,גּוּר,"guwr (goor) v.",,అర్థం తెలియదు,Hebrew,Old Testament
H1482,גּוּר גּוּר,"a cub (as still abiding in the lair)",,గుహలో నివసించే పిల్ల,Hebrew,Old Testament
H1483,גּוּר,"Guwr (goor) n/l.",,అర్థం తెలియదు,Hebrew,Old Testament
H1484,גּוֹר גּוֹרָה,"meaning the same as H1482",,H1482 మాదిరిగానే,Hebrew,Old Testament
H1485,גּוּר ־ בַּעַל,"Guwr-Ba`al (goor-bah'-al) n/l.",,అర్థం తెలియదు,Hebrew,Old Testament
H1486,גּוֹרָל גּוֹרָל,"(properly) a pebble",,గులకరాయి,Hebrew,Old Testament
H1487,גּוּשׁ גִּישׁ,"a mass of earth",,భూమి,Hebrew,Old Testament
H1488,גֵּז,"a fleece (as shorn)",,బొచ్చు కత్తిరించినట్లు,Hebrew,Old Testament
H1489,גִּזבָּר,"treasurer",,ఖజానా అధికారి,Hebrew,Old Testament
H1490,גִּזבָּר,"treasurer",,కోశాధికారి,Hebrew,Old Testament
H1491,גָּזָה,"gazah (gaw-zaw') v.",,అర్థం తెలియదు,Hebrew,Old Testament
H1492,גָּזַּה,"a fleece",,బొచ్చు,Hebrew,Old Testament
H1493,גִּזוֹנִי,"Gizowniy (ghee-zo-nee') adj.",,అర్థం తెలియదు,Hebrew,Old Testament
H1494,גָּזַז,"gazaz (gaw-zaz') v.",,అర్థం తెలియదు,Hebrew,Old Testament
H1495,גָּזֵז,"Gazez (gaw-zaze') n/p.",,అర్థం తెలియదు,Hebrew,Old Testament
H1496,גָּזִיתּ,"something cut",,కత్తిరించినది,Hebrew,Old Testament
H1497,גָּזַל,"gazal (gaw-zal') v.",,అర్థం తెలియదు,Hebrew,Old Testament
H1498,גָּזֵל,"robbery",,దోపిడీ,Hebrew,Old Testament
H1499,גֵּזֶל,"plunder",,దోపిడీ,Hebrew,Old Testament
H1500,גְּזֵלָה,"robbery",,దోపిడీ,Hebrew,Old Testament
H1501,גָּזָם,"a kind of locust",,మిడతల రకం,Hebrew,Old Testament
H1502,גַּזָּם,"Gazzam (gaz-zawm') n/p.",,అర్థం తెలియదు,Hebrew,Old Testament
H1503,גֶּזַע,"the trunk or stump of a tree (as felled or as planted)",,చెట్టు,Hebrew,Old Testament
H1504,גָּזַר,"gazar (gaw-zar') v.",,అర్థం తెలియదు,Hebrew,Old Testament
H1505,גְּזַר,"gzar (ghez-ar') v.",,అర్థం తెలియదు,Hebrew,Old Testament
H1506,גֶּזֶר,"something cut off",,ఖండించినది,Hebrew,Old Testament
H1507,גֶּזֶר,"Gezer (gheh'-zer) n/l.",,గెజెర్,Hebrew,Old Testament
H1508,גִּזרָה,"the figure or person (as if cut out)",,కుమారుడు,Hebrew,Old Testament
H1509,גְּזֵרָה,"a desert (as separated)",,ఎడారి,Hebrew,Old Testament
H1510,גְּזֵרָה,"a decree",,శాసనము,Hebrew,Old Testament
H1511,גִּזרִי גִּרזִי,"Gizriy (ghiz-ree') ((in the margin) patrial from H1507",,అర్థం తెలియదు,Hebrew,Old Testament
H1512,גָּחוֹן,"the external abdomen",,బాహ్య ఉదరం,Hebrew,Old Testament
H1513,גֶּחֶל גַּחֶלֶת,"an ember",,నిప్పురవ్వ,Hebrew,Old Testament
H1514,גַּחַם,"Gacham (gah'-kham) n/p.",,గాఖం,Hebrew,Old Testament
H1515,גַּחַר,"Gachar (gah'-khar) n/p.",,గాఖార్,Hebrew,Old Testament
H1516,גַּיא גַּי,"gay' (gah'-ee) (or (shortened) gay gah'-ee) n-e.",,పది,Hebrew,Old Testament
H1517,גִּידּ,"a thong (as compressing)",,పాపం,Hebrew,Old Testament
H1518,גִּיַח גּוַֹח,"giyach (ghee'-akh) (or (shortened) goach go'-akh) v.",,పది,Hebrew,Old Testament
H1519,גִּיַח גּוַּח,"giyach (ghee'-akh) ((Aramaic) or (shortened) guwach (Aramaic) goo'- akh) v.",,పది,Hebrew,Old Testament
H1520,גִּיַח,"Giyach (ghee'-akh) n/l.",,గియాక్,Hebrew,Old Testament
H1521,גִּיחוֹן גִּחוֹן,"Giychown (ghee-khone') (or (shortened) Gichown ghee-khone') n/p.",,ఒకటి,Hebrew,Old Testament
H1522,גֵּיחֲזִי גֵּחֲזִי,"Geychaziy (gay-khah-zee') (or Gechaziy gay-khah-zee') n/p.",,గేహజీ,Hebrew,Old Testament
H1523,גִּיל גּוּל,"giyl (gheel) (or (by permutation) guwl gool) v.",,గిల్,Hebrew,Old Testament
H1524,גִּיל,"a revolution (of time",,కాలచక్రం,Hebrew,Old Testament
H1525,גִּילָה גִּילַת,"joy",,ఆనందం,Hebrew,Old Testament
H1526,גִּילוֹנִי,"Giyloniy (ghee-lo-nee') adj.",,గిల్లోనీయుడు,Hebrew,Old Testament
H1527,גִּינַת,"Giynath (ghee-nath') n/p.",,గినాత్,Hebrew,Old Testament
H1528,גִּיר,"lime",,సున్నం,Hebrew,Old Testament
H1529,גֵּישָׁן,"Geyshan (gay-shawn') n/p.",,గెషాన్,Hebrew,Old Testament
H1530,גַּל,"something rolled",,చుట్టబడినది,Hebrew,Old Testament
H1531,גּוֹל,"a cup for oil (as round)",,నూనె,Hebrew,Old Testament
H1532,גַּלָּב,"a barber",,క్షరకుడు,Hebrew,Old Testament
H1533,גִּלבּוַֹע,"Gilboa` (ghil-bo'-ah) n/l.",,గిల్బోవా,Hebrew,Old Testament
H1534,גַּלגַּל,"a wheel",,చక్రం,Hebrew,Old Testament
H1535,גַּלגַּל,"a wheel",,చక్రం,Hebrew,Old Testament
H1536,גִּלגָּל,"wheel",,చక్రం,Hebrew,Old Testament
H1537,גִּלגָּל,"Gilgal (ghil-gawl') n/l.",,గిల్గాలు,Hebrew,Old Testament
H1538,גּוּלגּוֹלֶת,"a skull (as round)",,గుండ్రని పుర్రె,Hebrew,Old Testament
H1539,גֶּלֶר,"the (human) skin (as smooth)",,మనిషి,Hebrew,Old Testament
H1540,גָּלָה,"galah (gaw-law') v.",,ధర్మశాస్త్రం,Hebrew,Old Testament
H1541,גְּלָה גְּלָא,"glah (ghel-aw') ((Aramaic) or glat (Aramaic) ghel-aw') v.",,అర్థం తెలియదు,Hebrew,Old Testament
H1542,גִּלוֹה גִּילוֹה,"Giloh (ghee-lo') (or (fully) Giyloh ghee-lo') n/l.",,గీలో,Hebrew,Old Testament
H1543,גּוּלָּה,"a fountain",,జలధార,Hebrew,Old Testament
H1544,גִּלּוּל גִּלּוּל,"(properly) a log (as round)",,గుండ్రని దిమ్మ,Hebrew,Old Testament
H1545,גְּלוֹם,"clothing (as wrapped)",,వస్త్రం,Hebrew,Old Testament
H1546,גָּלוּת,"captivity",,చెర,Hebrew,Old Testament
H1547,גָּלוּת,"captivity",,చెర,Hebrew,Old Testament
H1548,גָּלַח,"galach (gaw-lakh') v.",,అర్థం తెలియదు,Hebrew,Old Testament
H1549,גִּלָּיוֹן גִּליוֹן,"a tablet for writing (as bare)",,రాయడానికి ఒక పలక బారె వలె,Hebrew,Old Testament
H1550,גָּלִיל,"galiyl (gaw-leel') adj.",,గలిల్,Hebrew,Old Testament
H1551,גָּלִיל גָּלִילָה,"Galiyl (gaw-leel') (or (prolonged) Galiylah gaw-lee-law') n/l.",,ధర్మశాస్త్రం,Hebrew,Old Testament
H1552,גְּלִילָה,"a circuit or region",,ఒక వలయం లేదా ప్రాంతం,Hebrew,Old Testament
H1553,גְּלִילוֹת,"Gliylowth (ghel-ee-lowth') n/l.",,గెలీలోత్,Hebrew,Old Testament
H1554,גַּלִּים,"Galliym (gal-leem') n/l.",,గల్లీం,Hebrew,Old Testament
H1555,גָּליַת,"Golyath (gol-yath') n/p.",,గొల్యాతు,Hebrew,Old Testament
H1556,גָּלַל,"galal (gaw-lal') v.",,గలల్,Hebrew,Old Testament
H1557,גָּלָל,"dung (as in balls)",,ఉండలలో పేడ,Hebrew,Old Testament
H1558,גָּלָל,"a circumstance (as rolled around)",,వల్ల,Hebrew,Old Testament
H1559,גָּלָל,"Galal (gaw-lawl') n/p.",,ధర్మశాస్త్రం,Hebrew,Old Testament
H1560,גְּלָל,"glal (ghel-awl') adj.",,గెలావ్ల్,Hebrew,Old Testament
H1561,גֵּלֶל,"dung (plural balls of dung)",,పేడ బంతులు పేడ యొక్క బహువచన బంతులు,Hebrew,Old Testament
H1562,גִּלֲלַי,"Gilalay (ghe-lal-ah'-ee) n/p.",,గిలలాయి,Hebrew,Old Testament
H1563,גָּלַם,"galam (gaw-lam') v.",,గలాం,Hebrew,Old Testament
H1564,גּוֹלֶם,"a wrapped (and unformed mass",,చుట్టబడిన మరియు రూపుదిద్దుకోని ద్రవ్యరాశి,Hebrew,Old Testament
H1565,גַּלמוּד,"galmuwd (gal-mood') adj.",,గల్మూద్,Hebrew,Old Testament
H1566,גָּלַע,"gala` (gaw-lah') v.",,గల,Hebrew,Old Testament
H1567,גַּליֵד,"Gal`ed (gal-ade') n/l.",,గలెదు,Hebrew,Old Testament
H1568,גִּלעָד,"Gil`ad (ghil-awd') n/l.",,గిలాదు,Hebrew,Old Testament
H1569,גִּלעָדִי,"Gil`adiy (ghil-aw-dee') adj.",,గిలాదీ,Hebrew,Old Testament
H1570,גָּלַשׁ,"galash (gaw-lash') v.",,గలాష్,Hebrew,Old Testament
H1571,גַּם,"gam (gam) adv.",,కూడా,Hebrew,Old Testament
H1572,גָּמָא,"gama' (gaw-maw') v.",,గమ,Hebrew,Old Testament
H1573,גּוֹמֶא,"(properly) an absorbent",,సరిగా ఒక శోషకము,Hebrew,Old Testament
H1574,גּוֹמֶד,"(properly) a span",,సరిగా ఒక జాన,Hebrew,Old Testament
H1575,גַּמָּד,"a warrior (as grasping weapons)",,యుద్ధం,Hebrew,Old Testament
H1576,גְּמוּל,"treatment",,చికిత్స,Hebrew,Old Testament
H1577,גָּמוּל,"gamuwl (gaw-mool') n/p.",,గమూల్,Hebrew,Old Testament
H1578,גְּמוּלָה,"meaning the same",,అదే అర్ధం,Hebrew,Old Testament
H1579,גִּמזוֹ,"Gimzow (ghim-zo') n/l.",,గిమ్జో,Hebrew,Old Testament
H1580,גָּמַל,"gamal (gaw-mal') v.",,గమల్లు,Hebrew,Old Testament
H1581,גָּמָל,"gamal (gaw-mawl') n-e.",,ఒంటెలు,Hebrew,Old Testament
H1582,גְּמַלִּי,"Gmalliy (ghem-al-lee') n/p.",,గెమల్లీ,Hebrew,Old Testament
H1583,גַּמלִיאֵל,"Gamliy'el (gam-lee-ale') n/p.",,గమ్లియేల్,Hebrew,Old Testament
H1584,גָּמַר,"gamar (gaw-mar') v.",,గమార్,Hebrew,Old Testament
H1585,גְּמַר,"gmar (ghem-ar') v.",,అర్థం తెలియదు,Hebrew,Old Testament
H1586,גּוֹמֶר,"Gomer (go'-mer) n/p.",,గోమెరు,Hebrew,Old Testament
H1587,גְּמַריָה גְּמַריָהוּ,"Gmaryah (ghem-ar-yaw') (or Gmaryahuw ghem-ar-yaw'-hoo) n/p.",,అర్థం తెలియదు,Hebrew,Old Testament
H1588,גַּן,"gan (gan) n-e.",,తోట,Hebrew,Old Testament
H1589,גָּנַב,"ganab (gaw-nab') v.",,దొంగిలించు,Hebrew,Old Testament
H1590,גַּנָּב,"a stealer",,దొంగ,Hebrew,Old Testament
H1591,גְּנֵבָה,"stealing",,దొంగతనం,Hebrew,Old Testament
H1592,גְּנוּבַת,"Gnubath (ghen-oo-bath') n/p.",,అర్థం తెలియదు,Hebrew,Old Testament
H1593,גַּנָּה,"a garden",,తోట,Hebrew,Old Testament
H1594,גִּנָּה,"garden",,తోట,Hebrew,Old Testament
H1595,גֶּנֶז,"treasure",,ధనం,Hebrew,Old Testament
H1596,גְּנַז,"treasure",,నిధి,Hebrew,Old Testament
H1597,גִּנזַך,"a treasury",,ఖజానా,Hebrew,Old Testament
H1598,גָּנַן,"ganan (gaw-nan') v.",,అర్థం తెలియదు,Hebrew,Old Testament
H1599,גִּנְּתוֹן גִּנְּתוֹ,"Ginnthown (ghin-neth-one) (or Ginnthow ghin-neth-o') n/p.",,ఒకటి,Hebrew,Old Testament
H1600,גָּעָה,"ga`ah (gaw-aw') v.",,అర్థం తెలియదు,Hebrew,Old Testament
H1601,גּוֹעָה,"Go`ah (go-aw') n/l.",,అర్థం తెలియదు,Hebrew,Old Testament
H1602,גָּעַל,"ga`al (gaw-al') v.",,విమోచించు,Hebrew,Old Testament
H1603,גַּעַל,"Ga`al (gah'-al) n/p.",,అర్థం తెలియదు,Hebrew,Old Testament
H1604,גּוֹעַל,"abhorrence",,అసహ్యం,Hebrew,Old Testament
H1605,גָּעַר,"ga`ar (gaw-ar') v.",,గద్దించు,Hebrew,Old Testament
H1606,גְּעָרָה,"a chiding",,గద్దింపు,Hebrew,Old Testament
H1607,גָּעַשׁ,"ga`ash (gaw-ash') v.",,వణకు,Hebrew,Old Testament
H1608,גַּעַשׁ,"Ga`ash (ga'-ash) n/l.",,అర్థం తెలియదు,Hebrew,Old Testament
H1609,גַּעתָּם,"Ga`tam (gah-tawm') n/p.",,గాతాము,Hebrew,Old Testament
H1610,גַּף,"the back",,వెనుక,Hebrew,Old Testament
H1611,גַּף,"a wing",,రెక్క,Hebrew,Old Testament
H1612,גֶּפֶן,"a vine (as twining)",,ద్రాక్షలత,Hebrew,Old Testament
H1613,גּוֹפֶר,"a kind of tree or wood (as used for building)",,చెట్టు,Hebrew,Old Testament
H1614,גָּפרִיתּ,"(properly) cypress- resin",,పాపం,Hebrew,Old Testament
H1615,גִּר,"lime (from being burned in a kiln)",,బొగ్గుల బూడిద,Hebrew,Old Testament
H1616,גֵּר גֵּיר,"(properly) a guest",,అతిథి,Hebrew,Old Testament
H1617,גֵּרָא,"Gera' (gay-raw') n/p.",,అర్థం తెలియదు,Hebrew,Old Testament
H1618,גָּרָב,"scurf (from itching)",,దురద చర్మం,Hebrew,Old Testament
H1619,גָּרֵב,"Gareb (gaw-rabe') n/l.",,అర్థం తెలియదు,Hebrew,Old Testament
H1620,גַּרגַּר,"a berry (as if a pellet of rumination)",,జాతి,Hebrew,Old Testament
H1621,גַּרגְּרוֹת,"the throat (as used in rumination)",,జాతి,Hebrew,Old Testament
H1622,גִּרגָּשִׁי,"Girgashiy (ghir-gaw-shee') adj.",,గిర్గాషీ,Hebrew,Old Testament
H1623,גָּרַד,"garad (gaw-rad') v.",,గొరుగు,Hebrew,Old Testament
H1624,גָּרָה,"garah (gaw-raw') v.",,కలహించు,Hebrew,Old Testament
H1625,גֵּרָה,"the cud (as scraping the throat)",,మెక్కుడు,Hebrew,Old Testament
H1626,גֵּרָה,"(properly) (like H1620) a kernel (round as if scraped)",,గర,Hebrew,Old Testament
H1627,גָּרוֹן גָּרוֹן,"the throat (as roughened by swallowing)",,గోడ,Hebrew,Old Testament
H1628,גֵּרוּת,"a (temporary) residence",,తాత్కాలిక నివాసం,Hebrew,Old Testament
H1629,גָּרַז,"garaz (gaw-raz') v.",,త్రుంచు,Hebrew,Old Testament
H1630,גְּרִזִים,"Griziym (gher-ee-zeem') n/l.",,అర్థం తెలియదు,Hebrew,Old Testament
H1631,גַּרזֶן,"an axe",,ఒక గొడ్డలి,Hebrew,Old Testament
H1632,גָּרוֹל,"garol (gaw-role') adj.",,అర్థం తెలియదు,Hebrew,Old Testament
H1633,גָּרַם,"garam (gaw-ram') v.",,అర్థం తెలియదు,Hebrew,Old Testament
H1634,גֶּרֶם,"a bone (as the skeleton of the body)",,ఒకటి,Hebrew,Old Testament
H1635,גֶּרֶם,"a bone",,ఒకటి,Hebrew,Old Testament
H1636,גַּרמִי,"Garmiy (gar-mee') adj.",,అర్థం తెలియదు,Hebrew,Old Testament
H1637,גּוֹרֶן,"a threshing- floor (as made even)",,కళ్ళము,Hebrew,Old Testament
H1638,גָּרַס,"garac (gaw-ras') v.",,అర్థం తెలియదు,Hebrew,Old Testament
H1639,גָּרַע,"gara` (gaw-rah') v.",,అర్థం తెలియదు,Hebrew,Old Testament
H1640,גָּרַף,"garaph (gaw-raf') v.",,అర్థం తెలియదు,Hebrew,Old Testament
H1641,גָּרַר,"garar (gaw-rar') v.",,అర్థం తెలియదు,Hebrew,Old Testament
H1642,גְּרָר,"Grar (gher-awr') n/l.",,అర్థం తెలియదు,Hebrew,Old Testament
H1643,גֶּרֶשׂ,"a kernel (collectively)",,సమిష్టిగా గింజ,Hebrew,Old Testament
H1644,גָּרַשׁ,"garash (gaw-rash') v.",,అర్థం తెలియదు,Hebrew,Old Testament
H1645,גֶּרֶשׁ,"produce (as if expelled)",,బహిష్కరణంగా ఉత్పత్తి చేయు,Hebrew,Old Testament
H1646,גְּרוּשָׁה,"(abstractly) dispossession",,నిస్సత్తువ,Hebrew,Old Testament
H1647,גֵּרְשׁוֹם,"Gershom (gay-resh-ome') n/p.",,గేర్షోమ్,Hebrew,Old Testament
H1648,גֵּרְשׁוֹן גֵּרְשׁוֹם,"Gershown (gay-resh-one') (or Gershowm gay-resh-ome') n/p.",,ఒకటి,Hebrew,Old Testament
H1649,גֵּרְשׁוּנִּי,"Gershunniy (gay-resh-oon-nee') adj.",,గేర్షున్నీ,Hebrew,Old Testament
H1650,גְּשׁוּר,"Gshuwr (ghesh-oor') n/p.",,గెషూర్,Hebrew,Old Testament
H1651,גְּשׁוּרִי,"Gshuwriy (ghe-shoo-ree') adj.",,గెషూరీ,Hebrew,Old Testament
H1652,גָּשַׁם,"gasham (gaw-sham') v.",,అర్థం తెలియదు,Hebrew,Old Testament
H1653,גֶּשֶׁם,"a shower",,వరషమ,Hebrew,Old Testament
H1654,גֶּשֶׁם גַּשׁמוּ,"Geshem (gheh'-shem) (or (prolonged) Gashmuw gash-moo') n/p.",,గెషెమ్,Hebrew,Old Testament
H1655,גֶּשֶׁם,"the body",,శరీరం,Hebrew,Old Testament
H1656,גּוֹשֶׁם,"equivalent to H1653",,అర్థం తెలియదు,Hebrew,Old Testament
H1657,גּוֹשֶׁן,"Goshen (go'-shen) n/l.",,గోషెను,Hebrew,Old Testament
H1658,גִּשׁפָּא,"Gishpa' (ghish-paw') n/p.",,గిష్పా,Hebrew,Old Testament
H1659,גָּשַׁשׁ,"gashash (gaw-shash') v.",,అర్థం తెలియదు,Hebrew,Old Testament
H1660,גַּת,"a wine-press (or vat for holding the grapes in pressing them)",,ద్రాక్షారసం,Hebrew,Old Testament
H1661,גַּת,"Gath (gath) n/l.",,గత్,Hebrew,Old Testament
H1662,גַּת ־ הַחֵפֶר גִּתּתָּה ־ חֵפֶר,"Gath-ha-Chepher (gath-hah-khay'-fer) (or (abridged) Gittah-Chepher ghit-taw-khay'-fer) n/l.",,గత్-హ-హెఫెర్,Hebrew,Old Testament
H1663,גִּתּתִּי,"Gittiy (ghit-tee') adj.",,గిత్తీ,Hebrew,Old Testament
H1664,גִּתּתַּיִם,"Gittayim (ghit-tah'-yim) n/l.",,గిత్తాయిమ్,Hebrew,Old Testament
H1665,גִּתּתִּיתּ,"a Gittite harp",,గిత్తీయుల వీణ,Hebrew,Old Testament
H1666,גֶּתֶר,"Gether (gheh'-ther) n/p.",,గేతెర్,Hebrew,Old Testament
H1667,גַּת ־ רִמּוֹן,"Gath-Rimmown (gath-rim-mone') n/l.",,ఒకటి,Hebrew,Old Testament
H1668,דָּא,"da' (daw) p/d.",,అర్థం తెలియదు,Hebrew,Old Testament
H1669,דָּאַב,"da'ab (daw-ab') v.",,అర్థం తెలియదు,Hebrew,Old Testament
H1670,דְּאָבָה,"(properly) pining",,క్షీణించడం,Hebrew,Old Testament
H1671,דְּאָבוֹן,"pining",,క్షీణించడం,Hebrew,Old Testament
H1672,דָּאַג,"da'ag (daw-ag') v.",,అర్థం తెలియదు,Hebrew,Old Testament
H1673,דּוֹאֵג דּוֹאֵג,"Do'eg (do-ayg') (or (fully) Dowoeg do-ayg') n/p.",,దోయేగు,Hebrew,Old Testament
H1674,דְּאָגָה,"anxiety",,ఆందోళన,Hebrew,Old Testament
H1675,דָּאָה,"da'ah (daw-aw') v.",,అర్థం తెలియదు,Hebrew,Old Testament
H1676,דָּאָה,"the kite (from its rapid flight)",,వెలుగు,Hebrew,Old Testament
H1677,דּוֹב דּוֹב,"dob (dobe) (or (fully) dowb dobe) n-e.",,ఎలుగుబంటి,Hebrew,Old Testament
H1678,דּוֹב,"bear",,చెవి,Hebrew,Old Testament
H1679,דּוֹבֶא,"quiet",,నిశ్శబ్దంగా,Hebrew,Old Testament
H1680,דָּבַב,"dabab (daw-bab') v.",,అర్థం తెలియదు,Hebrew,Old Testament
H1681,דִּבָּה,"slander",,భూమి,Hebrew,Old Testament
H1682,דְּבוֹרָה דֶּבוֹרָה,"the bee (from its systematic instincts)",,తేనెటీగ,Hebrew,Old Testament
H1683,דְּבוֹרָה דֶּבוֹרָה,"Dbowrah (deb-o-raw') (or (shortened) Dborah deb-o-raw') n/p.",,పది,Hebrew,Old Testament
H1684,דְּבַח,"dbach (deb-akh') v.",,అర్థం తెలియదు,Hebrew,Old Testament
H1685,דְּבַח,"a sacrifice",,బలి,Hebrew,Old Testament
H1686,דִּביוֹן חֶריוֹן,"probably some cheap vegetable",,చౌకైన కూరగాయలు కావచ్చు,Hebrew,Old Testament
H1687,דְּבִיר דֶּבִר,"the shrine or innermost part of the sanctuary",,గర్భగుడి లేదా మందిరము లోపలి భాగం,Hebrew,Old Testament
H1688,דְּבִיר דְּבִר,"Dbiyr (deb-eer') (or (shortened) Dbir (Josh. 13) n/l.",,పది,Hebrew,Old Testament
H1689,דִּבלָה,"Diblah (dib-law') n/l.",,ధర్మశాస్త్రం,Hebrew,Old Testament
H1690,דְּבֵלָה,"a cake of pressed figs",,అంజీరపు కేక్,Hebrew,Old Testament
H1691,דִּבלַיִם,"Diblayim (dib-lah'-yim) n/p.",,దిబ్లాయిం,Hebrew,Old Testament
H1692,דָּבַק,"dabaq (daw-bak') v.",,అంటిపెట్టుకొను,Hebrew,Old Testament
H1693,דְּבַק,"dbaq (deb-ak') v.",,అర్థం తెలియదు,Hebrew,Old Testament
H1694,דֶּבֶק,"a joint",,కీలు,Hebrew,Old Testament
H1695,דָּבֵק,"dabeq (daw-bake') adj.",,అర్థం తెలియదు,Hebrew,Old Testament
H1696,דָּבַר,"dabar (daw-bar') v.",దాబర్,మాట్లాడు,Hebrew,Old Testament
H1697,דָּבָר,"a word",దాబార్,మాట,Hebrew,Old Testament
H1698,דֶּבֶר,"a pestilence",,తెగులు,Hebrew,Old Testament
H1699,דּוֹבֶר דִּבֵּר,"a pasture (from its arrangement of the flock)",,మంద,Hebrew,Old Testament
H1700,דִּברָה,"a reason",,కుమారుడు,Hebrew,Old Testament
H1701,דִּברָה,"intent",,గుడారం,Hebrew,Old Testament
H1702,דּוֹבְרָה,"a raft",,తెప్ప,Hebrew,Old Testament
H1703,דַּבָּרָה,"a word",,మాట,Hebrew,Old Testament
H1704,דִּברִי,"Dibriy (dib-ree') n/p.",,దిబ్రీ,Hebrew,Old Testament
H1705,דָּבְרַת,"Dabrath (daw-ber-ath') n/l.",,దాబేరతు,Hebrew,Old Testament
H1706,דְּבַשׁ,"honey (from its stickiness)",,తేనె,Hebrew,Old Testament
H1707,דַּבֶּשֶׁת,"a sticky mass",,జిగట పదార్ధం,Hebrew,Old Testament
H1708,דַּבֶּשֶׁת,"Dabbesheth (dab-beh'-sheth) n/l.",,దబ్బెషెతు,Hebrew,Old Testament
H1709,דָּג דָּאגּ,"a fish (as prolific)",,చేప,Hebrew,Old Testament
H1710,דָּגָה,"fish",,చేప,Hebrew,Old Testament
H1711,דָּגָה,"dagah (daw-gaw') v.",,అర్థం తెలియదు,Hebrew,Old Testament
H1712,דָּגוֹן,"Dagown (daw-gohn') n/p.",,దాగోను,Hebrew,Old Testament
H1713,דָּגַל,"dagal (daw-gal') v.",,అర్థం తెలియదు,Hebrew,Old Testament
H1714,דֶּגֶל,"a flag",,జెండా,Hebrew,Old Testament
H1715,דָּגָן,"(properly) increase",,ధాన్యము,Hebrew,Old Testament
H1716,דָּגַר,"dagar (daw-gar') v.",,అర్థం తెలియదు,Hebrew,Old Testament
H1717,דַּד,"the breast (as the seat of love",,సముద్రం,Hebrew,Old Testament
H1718,דָּדָה,"dadah (daw-daw') v.",,అర్థం తెలియదు,Hebrew,Old Testament
H1719,דְּדָן דֶּדָנֶה,"Ddan (ded-awn') (or (prolonged) Ddaneh (Ezek. 25) n/l.",,దెదాను,Hebrew,Old Testament
H1720,דְּדָנִים,"Ddaniym (ded-aw-neem') adj.",,అర్థం తెలియదు,Hebrew,Old Testament
H1721,דּוֹדָנִים רוֹדָנִים,"Dodaniym (do-daw-neem') (or (by orthographical error) Rodaniym (1 Chron. 1) n/p.",,దొదానీము,Hebrew,Old Testament
H1722,דְּהַב,"gold",,బంగారం,Hebrew,Old Testament
H1723,דַּהֲוָא,"Dahava` (dah-hav-aw') n/g.",,బంగారు,Hebrew,Old Testament
H1724,דָּהַם,"daham (daw-ham') v.",,దహించు,Hebrew,Old Testament
H1725,דָּהַר,"dahar (daw-har') v.",,త్వరపడు,Hebrew,Old Testament
H1726,דַּהֲהַר,"a gallop",,గుర్రపు పరుగు,Hebrew,Old Testament
H1727,דּוּב,"duwb (doob) v.",,బాధపడు,Hebrew,Old Testament
H1728,דַּוָּג,"a fisherman",,మనిషి,Hebrew,Old Testament
H1729,דּוּגָה,"(properly) fishery",,చేప,Hebrew,Old Testament
H1730,דּוֹד דּוֹד,"(figuratively) to love",,ప్రేమ,Hebrew,Old Testament
H1731,דּוּד,"a pot (for boiling)",,నూనె,Hebrew,Old Testament
H1732,דָּוִד דָּוִידּ,"David (daw-veed') (rarely (fully) Daviyd daw-veed'",,దావీదు,Hebrew,Old Testament
H1733,דּוֹדָה,"an aunt",,అత్త,Hebrew,Old Testament
H1734,דּוֹדוֹ,"Dowdow (do-do') n/p.",,డోడో,Hebrew,Old Testament
H1735,דּוֹדָוָהוּ,"Dowdavahuw (do-daw-vaw'-hoo) n/p.",,డోదవహువు,Hebrew,Old Testament
H1736,דּוּדַי,"a boiler or basket",,నూనె,Hebrew,Old Testament
H1737,דּוֹדַי,"Dowday (do-dah'ee) n/p.",,దినము,Hebrew,Old Testament
H1738,דָּוָה,"davah (daw-vaw') v.",,బాధపడు,Hebrew,Old Testament
H1739,דָּוֶה,"daveh (daw-veh') adj.",,నీరసించిన,Hebrew,Old Testament
H1740,דּוַּח,"duwach (doo'-akh) v.",,నలుగగొట్టు,Hebrew,Old Testament
H1741,דְּוַי,"sickness",,అనారోగ్యం,Hebrew,Old Testament
H1742,דַּוָּי,"davvay (dav-voy') adj.",,బాధపడుచున్న,Hebrew,Old Testament
H1743,דּוּך,"duwk (dook) v.",,త్రొక్కు,Hebrew,Old Testament
H1744,דּוּכִיפַת,"the hoopoe or else the grouse",,ఉపప్ప లేక గ్రౌస్,Hebrew,Old Testament
H1745,דּוּמָה,"silence",,మౌనం,Hebrew,Old Testament
H1746,דּוּמָה,"Duwmah (doo-maw') n/l.",,దూమా,Hebrew,Old Testament
H1747,דּוּמִיָה,"stillness",,నిశ్శబ్దత,Hebrew,Old Testament
H1748,דּוּמָם,"duwmam (doo-mawm') adv.",,నిశ్శబ్దంగా,Hebrew,Old Testament
H1749,דּוֹנַג,"wax",,మైనం,Hebrew,Old Testament
H1750,דּוּץ,"duwts (doots) v.",,నలుగగొట్టు,Hebrew,Old Testament
H1751,דּוּק,"duwq (dook) v.",,నలుగగొట్టు,Hebrew,Old Testament
H1752,דּוּר,"duwr (dure) v.",,నివసించు,Hebrew,Old Testament
H1753,דּוּר,"duwr (dure) v.",,నివసించు,Hebrew,Old Testament
H1754,דּוּר,"a circle",,వృత్తము,Hebrew,Old Testament
H1755,דּוֹר דּוֹר,"(properly) a revolution of time",దోర్,తరం,Hebrew,Old Testament
H1756,דּוֹר דּוֹאר,"Dowr (dore) (or (by permutation) Dorr (Josh. 17) n/l.",,దోరు,Hebrew,Old Testament
H1757,דּוּרָא,"Duwra' (doo-raw') n/l.",,దూరా,Hebrew,Old Testament
H1758,דּוּשׁ דּוֹשׁ דִּישׁ,"duwsh (doosh) (or dowsh dosh or diysh deesh",,నూర్పిడి చేయు,Hebrew,Old Testament
H1759,דּוּשׁ,"duwsh (doosh) v.",,అర్థం తెలియదు,Hebrew,Old Testament
H1760,דָּחָה דָּחַח,"dachah (daw-khaw') (or dachach Jer. 23) v.",,అర్థం తెలియదు,Hebrew,Old Testament
H1761,דַּחֲוָה,"probably a musical instrument (as being struck)",,అర్థం తెలియదు,Hebrew,Old Testament
H1762,דְּחִי,"a push",,అర్థం తెలియదు,Hebrew,Old Testament
H1763,דְּחַל,"dchal (deh-khal') v.",,అర్థం తెలియదు,Hebrew,Old Testament
H1764,דּוֹחַן,"millet",,సజ్జ,Hebrew,Old Testament
H1765,דָּחַף,"dachaph (daw-khaf') v.",,అర్థం తెలియదు,Hebrew,Old Testament
H1766,דָּחַק,"dachaq (daw-khak') v.",,అర్థం తెలియదు,Hebrew,Old Testament
H1767,דַּי,"day (dahee) prep.",,దినము,Hebrew,Old Testament
H1768,דִּי,"diy (dee) conj.",,అర్థం తెలియదు,Hebrew,Old Testament
H1769,דִּיבּוֹן דִּיבּוֹן,"Diybown (dee-bome') (or (shortened) Diybon dee-bone') n/l.",,ఒకటి,Hebrew,Old Testament
H1770,דִּיגּ,"diyg (deeg) v.",,అర్థం తెలియదు,Hebrew,Old Testament
H1771,דַּיָג,"a fisherman",,మనిషి,Hebrew,Old Testament
H1772,דַּיָה,"a falcon (from its rapid flight)",,వెలుగు,Hebrew,Old Testament
H1773,דְּיוֹ,"ink",,సిరా,Hebrew,Old Testament
H1774,דִּי זָהָב,"Diy zahab (dee zaw-hawb') n/l.",,అర్థం తెలియదు,Hebrew,Old Testament
H1775,דִּימוֹן,"Diymown (dee-mone') n/l.",,ఒకటి,Hebrew,Old Testament
H1776,דִּימוֹנָה,"Diymownah (dee-mo-naw') n/l.",,దీమోనా,Hebrew,Old Testament
H1777,דִּין דּוּן,"diyn (deen) (or (Gen. 6) v.",,తీర్పుతీర్చు,Hebrew,Old Testament
H1778,דִּין,"diyn (deen) v.",,విమర్శించు,Hebrew,Old Testament
H1779,דִּין דּוּן,"judgement (the suit",,తీర్పు దావా,Hebrew,Old Testament
H1780,דִּין,"judgement",,తీర్పు,Hebrew,Old Testament
H1781,דַּיָן,"a judge or advocate",,న్యాయాధిపతి లేదా న్యాయవాది,Hebrew,Old Testament
H1782,דַּיָן,"judge",,న్యాయమూర్తి,Hebrew,Old Testament
H1783,דִּינָה,"Diynah (dee-naw') n/p.",,దీనా,Hebrew,Old Testament
H1784,דִּינַי,"Diynay (dee-nah'-ee) n/p.",,దీనై,Hebrew,Old Testament
H1785,דָּיֵק,"a battering-tower",,బురుజు,Hebrew,Old Testament
H1786,דַּיִשׁ,"threshing-time",,నూర్పిడి సమయం,Hebrew,Old Testament
H1787,דִּישׁוֹן דִּישׁוֹן דִּשׁוֹן דִּשׁוֹן,"Diyshown (dee-shone') (or Diyshon) n/p.",,ఒకటి,Hebrew,Old Testament
H1788,דִּישׁוֹן,"the leaper",,అర్థం తెలియదు,Hebrew,Old Testament
H1789,דִּישָׁן,"Diyshan (dee-shawn') n/p.",,దీషాను,Hebrew,Old Testament
H1790,דַּך,"dak (dak) adj.",,సన్నని,Hebrew,Old Testament
H1791,דֵּך דָּך,"dek (dake) ((Aramaic) or dak (Aramaic) dawk) p/d.",,అర్థం తెలియదు,Hebrew,Old Testament
H1792,דָּכָא,"daka' (daw-kaw') v.",,అర్థం తెలియదు,Hebrew,Old Testament
H1793,דַּכָּא,"dakka' (dak-kaw') adj.",,అర్థం తెలియదు,Hebrew,Old Testament
H1794,דָּכָה,"dakah (daw-kaw') v.",,అర్థం తెలియదు,Hebrew,Old Testament
H1795,דַּכָּה,"mutilated",,ఖండింపబడిన,Hebrew,Old Testament
H1796,דֳּכִי,"a dashing of surf",,అర్థం తెలియదు,Hebrew,Old Testament
H1797,דִּכֵּן,"dikken (dik-kane') p/d.",,అర్థం తెలియదు,Hebrew,Old Testament
H1798,דְּכַר,"(properly) a male",,సరిగా మగవాడు,Hebrew,Old Testament
H1799,דִּכרוֹן דָּכרָן,"a register",,ఒక రిజిస్టర్,Hebrew,Old Testament
H1800,דַּל,"dal (dal) adj.",,అర్థం తెలియదు,Hebrew,Old Testament
H1801,דָּלַג,"dalag (daw-lag') v.",,అర్థం తెలియదు,Hebrew,Old Testament
H1802,דָּלָה,"dalah (daw-law') v.",,ధర్మశాస్త్రం,Hebrew,Old Testament
H1803,דַּלָּה,"(properly) something dangling",,సక్రమంగా ఏదో వేలాడుతూ,Hebrew,Old Testament
H1804,דָּלַח,"dalach (daw-lakh') v.",,అర్థం తెలియదు,Hebrew,Old Testament
H1805,דְּלִי דֳּלִי,"a pail or jar (for drawing water)",,నీరు,Hebrew,Old Testament
H1806,דְּלָיָה דְּלָיָהוּ,"Dlayah (del-aw-yaw') (or (prolonged) Dlayahhuw del-aw-yaw'-hoo) n/p.",,దెలయా లేదా దెலயाहు,Hebrew,Old Testament
H1807,דְּלִילָה,"Dliylah (del-ee-law') n/p.",,ధర్మశాస్త్రం,Hebrew,Old Testament
H1808,דָּלִיָה,"something dangling",,ఏదో వేలాడుతూ,Hebrew,Old Testament
H1809,דָּלַל,"dalal (daw-lal') v.",,అర్థం తెలియదు,Hebrew,Old Testament
H1810,דִּלעָן,"Dil`an (dil-awn') n/l.",,దిల్లాన్,Hebrew,Old Testament
H1811,דָּלַף,"dalaph (daw-laf') v.",,అర్థం తెలియదు,Hebrew,Old Testament
H1812,דֶּלֶף,"a dripping",,ఒక కారడం,Hebrew,Old Testament
H1813,דַּלפוֹן,"Dalphown (dal-fone') n/p.",,ఒకటి,Hebrew,Old Testament
H1814,דָּלַק,"dalaq (daw-lak') v.",,అర్థం తెలియదు,Hebrew,Old Testament
H1815,דְּלַק,"dlaq (del-ak') v.",,అర్థం తెలియదు,Hebrew,Old Testament
H1816,דַּלֶּקֶת,"a burning fever",,మండుతున్న జ్వరం,Hebrew,Old Testament
H1817,דֶּלֶת,"something swinging",,తలుపు,Hebrew,Old Testament
H1818,דָּם,"blood (as that which when shed causes death) of man or an animal",దామ్,రక్తం,Hebrew,Old Testament
H1819,דָּמָה,"damah (daw-maw') v.",,అర్థం తెలియదు,Hebrew,Old Testament
H1820,דָּמָה,"damah (daw-mam') v.",,అర్థం తెలియదు,Hebrew,Old Testament
H1821,דְּמָה,"dmah (dem-aw') v.",,అర్థం తెలియదు,Hebrew,Old Testament
H1822,דּוּמָּה,"desolation",,నిర్జనము,Hebrew,Old Testament
H1823,דְּמוּת,"resemblance",,మన పోలికలో,Hebrew,Old Testament
H1824,דְּמִי דֳּמִי,"quiet",,నిశ్శబ్దంగా,Hebrew,Old Testament
H1825,דִּמיוֹן,"resemblance",,పోలిక,Hebrew,Old Testament
H1826,דָּמַם,"damam (daw-man') v.",,మనిషి,Hebrew,Old Testament
H1827,דְּמָמָה,"quiet",,నిశ్శబ్దంగా,Hebrew,Old Testament
H1828,דּוֹמֶן,"manure",,మనిషి,Hebrew,Old Testament
H1829,דִּמנָה,"Dimnah (dim-naw') n/l.",,దిమ్నా,Hebrew,Old Testament
H1830,דָּמַע,"dama` (daw-mah') v.",,అర్థం తెలియదు,Hebrew,Old Testament
H1831,דֶּמַע,"a tear",,చెవి,Hebrew,Old Testament
H1832,דִּמעָה,"weeping",,ఏడుపు,Hebrew,Old Testament
H1833,דְּמֶשֶׁק,"damask (as a fabric of Damascus)",,డమాస్కస్ బట్టవలె,Hebrew,Old Testament
H1834,דַּמֶּשֶׂק דּוּמֶשֶׂק דַּרמֶשֶׂק,"Dammeseq (dam-meh'-sek) (or Duwmeseq doo-meh'-sek or Darmeseq dar-meh'-sek",,దమ్మేసెక్ లేదా దూమెసెక్ లేదా దార్మేసెక్,Hebrew,Old Testament
H1835,דָּן,"Dan (dawn) n/p.",,దాను,Hebrew,Old Testament
H1836,דֵּן,"den (dane) adv.",,అర్థం తెలియదు,Hebrew,Old Testament
H1837,דַּנָּה,"Dannah (dan-naw') n/l.",,దన్నా,Hebrew,Old Testament
H1838,דִּנהָבָה,"Dinhabah (din-haw-baw') n/l.",,దిన్హాబా,Hebrew,Old Testament
H1839,דָּנִי,"Daniy (daw-nee') adj.",,దానీ,Hebrew,Old Testament
H1840,דָּנִיֵאל דָּנִאֵל,"Daniye'l (daw-nee-yale') (in Ezekiel it is) n/p.",,అర్థం తెలియదు,Hebrew,Old Testament
H1841,דָּנִיֵאל,"Daniye'l (daw-nee-yale') n/p.",,దానియేలు,Hebrew,Old Testament
H1842,דָּן יַעַן,"Dan Ya`an (dawn yah'-an) n/l.",,అర్థం తెలియదు,Hebrew,Old Testament
H1843,דֵַּע,"knowledge",,జ్ఞానం,Hebrew,Old Testament
H1844,דֵּעָה,"knowledge",,జ్ఞానం,Hebrew,Old Testament
H1845,דְּעוּאֵל,"D`uw'el (deh-oo-ale') n/p.",,దూయేలు,Hebrew,Old Testament
H1846,דָּעַך,"da`ak (daw-ak') v.",,అర్థం తెలియదు,Hebrew,Old Testament
H1847,דַּעַת,"da`ath (dah'-ath) n-e.",,జ్ఞానము,Hebrew,Old Testament
H1848,דָּפִי,"a stumbling-block",,అడ్డురాయి,Hebrew,Old Testament
H1849,דָּפַק,"daphaq (daw-fak') v.",,దఫక్,Hebrew,Old Testament
H1850,דָּפקָה,"Dophqah (dof-kaw') n/l.",,దోఫ్కా,Hebrew,Old Testament
H1851,דַּק,"daq (dak) adj.",,చిన్నది,Hebrew,Old Testament
H1852,דּוֹק,"something crumbling",,అర్థం తెలియదు,Hebrew,Old Testament
H1853,דִּקלָה,"Diqlah (dik-law') n/l.",,ధర్మశాస్త్రం,Hebrew,Old Testament
H1854,דָּקַק,"daqaq (daw-kak') v.",,దకక్,Hebrew,Old Testament
H1855,דְּקַק,"dqaq (dek-ak') v.",,అర్థం తెలియదు,Hebrew,Old Testament
H1856,דָּקַר,"daqar (daw-kar') v.",,దాకర్,Hebrew,Old Testament
H1857,דֶּקֶר,"Deqer (deh'-ker) n/p.",,దేకెర్,Hebrew,Old Testament
H1858,דַּר,"(properly) a pearl (from its sheen as rapidly turned)",,చెవి,Hebrew,Old Testament
H1859,דָּר,"an age",,యుగము,Hebrew,Old Testament
H1860,דְּרָאוֹן דֵּרָאוֹן,"an object of aversion",,అసహ్యకరమైనది,Hebrew,Old Testament
H1861,דָּרבּוֹן,"dorbown (dor-bone') (also dor-bawn') n-e.",,ఒకటి,Hebrew,Old Testament
H1862,דַּרדַּע,"Darda` (dar-dah') n/p.",,దర్దా,Hebrew,Old Testament
H1863,דַּרדַּר,"a thorn",,ముల్లు,Hebrew,Old Testament
H1864,דָּרוֹם,"the south",,దక్షిణము,Hebrew,Old Testament
H1865,דְּרוֹר,"freedom",,స్వేచ్ఛ,Hebrew,Old Testament
H1866,דְּרוֹר,"the swift",,శీఘ్రముగా,Hebrew,Old Testament
H1867,דָּרְיָוֵשׁ,"Dar`yavesh (daw-reh-yaw-vaysh') n/p.",,దర్యావేషు,Hebrew,Old Testament
H1868,דָּרְיָוֵשׁ,"Daryavesh (daw-reh-yaw-vaysh') n/p.",,దర్యావేషు,Hebrew,Old Testament
H1869,דָּרַך,"darak (daw-rak') v.",,దరక్,Hebrew,Old Testament
H1870,דֶּרֶך,"a road (as trodden)",దెరెక్,మార్గం,Hebrew,Old Testament
H1871,דַּרכְּמוֹן,"a drachma",,ద్రхమా? (డ్రాక్మా),Hebrew,Old Testament
H1872,דְּרַע,"an arm",,భుజం,Hebrew,Old Testament
H1873,דָּרַע,"Dara` (daw-rah') n/p.",,దారా,Hebrew,Old Testament
H1874,דַּרקוֹן,"Darqown (dar-kone') n/p.",,ఒకటి,Hebrew,Old Testament
H1875,דָּרַשׁ,"darash (daw-rash') v.",,దారాష్,Hebrew,Old Testament
H1876,דָּשָׁא,"dasha (daw-shaw') v.",,మొలకెత్తుగాక,Hebrew,Old Testament
H1877,דֶּשֶׁא,"a sprout",,గడ్డి,Hebrew,Old Testament
H1878,דָּשֵׁן,"dashen (daw-shane') v.",,దాషేన్,Hebrew,Old Testament
H1879,דָּשֵׁן,"dashen (daw-shane') adj.",,పుష్టికరమైన,Hebrew,Old Testament
H1880,דֶּשֶׁן,"the fat",,కొవ్వు,Hebrew,Old Testament
H1881,דָּת,"commandment",,మనిషి,Hebrew,Old Testament
H1882,דָּת,"commandment",,మనిషి,Hebrew,Old Testament
H1883,דֶּתֶא,"tender grass",,అంతం,Hebrew,Old Testament
H1884,דְּתָבָר,"meaning one skilled in law",,ధర్మశాస్త్రం,Hebrew,Old Testament
H1885,דָּתָן,"Dathan (daw-thawn') n/p.",,దాథన్,Hebrew,Old Testament
H1886,דּוֹתָן דּוֹתַיִן,"Dothan (do'-thawn) (or (Aramaic dual) Dothayin (Gen. 37) n/l.",,దతన,Hebrew,Old Testament
H1887,הֵא,"he' (hay) inj.",,వాయ్,Hebrew,Old Testament
H1888,הֵא הָא,"he' (hay) ((Aramaic) or har (Aramaic) haw) prt-d.",,అతను అరమిక్ లేదా హర్ అరమిక్ అతను వక్త-డి,Hebrew,Old Testament
H1889,הֶאָח,"heach (heh-awkh') inj.",,హియెచ్,Hebrew,Old Testament
H1890,הַבהָב,"gift (in sacrifice)",,బలి,Hebrew,Old Testament
H1891,הָבַל,"habal (haw-bal') v.",,హబల్,Hebrew,Old Testament
H1892,הֶבֶל הֲבֵל,"emptiness or vanity",,శూన్యత లేదా వ్యర్థం,Hebrew,Old Testament
H1893,הֶבֶל,"Hebel (heh'-bel) n/p.",,హేబెలు,Hebrew,Old Testament
H1894,הוֹבֶן,"ebony",,నల్లచెక్క,Hebrew,Old Testament
H1895,הָבַר,"habar (haw-bar') v.",,హబర్,Hebrew,Old Testament
H1896,הֵגֵא הֵגַי,"Hege' (hay-gay') (or (by permutation) Hegay hay-gah'-ee) n/p.",,హెగే,Hebrew,Old Testament
H1897,הָגָה,"hagah (daw-gaw') v.",,హాగహ్ దా-గావ్,Hebrew,Old Testament
H1898,הָגָה,"hagah (haw-gaw') v.",,హాగహ్ హావ-గావ్,Hebrew,Old Testament
H1899,הֶגֶה,"a muttering (in sighing",,నిట్టూర్పులో సణుగుడు,Hebrew,Old Testament
H1900,הָגוּת,"musing",,పాపం,Hebrew,Old Testament
H1901,הָגִיגּ,"(properly) a murmur",,సరిగా ఒక గుసగుస,Hebrew,Old Testament
H1902,הִגָּיוֹן,"a murmuring sound",,ఒక గుసగుస శబ్దం,Hebrew,Old Testament
H1903,הָגִין,"hagiyn (haw-gheen') adj.",,హాగీన్,Hebrew,Old Testament
H1904,הָגָר,"Hagar (haw-gawr') n/p.",,హాగరు,Hebrew,Old Testament
H1905,הַגרִי הַגרִיא,"Hagriy (hag-ree') (or (prolonged) Hagris hag-ree') adj.",,హగ్రి,Hebrew,Old Testament
H1906,הֵד,"a shout",,ఒక కేక,Hebrew,Old Testament
H1907,הַדָּבָר,"a vizier",,వజీరు,Hebrew,Old Testament
H1908,הֲדַד,"Hadad (had-ad') n/p.",,హదదు,Hebrew,Old Testament
H1909,הֲדַדעֶזֶר,"Hadad`ezer (had-ad-eh'-zer) n/p.",,హదదేజెర్,Hebrew,Old Testament
H1910,הֲדַדרִמּוֹן,"Hadadrimmown (had-ad-rim-mone') n/l.",,ఒకటి,Hebrew,Old Testament
H1911,הָדָה,"hadah (haw-daw') v.",,హదహ్,Hebrew,Old Testament
H1912,הוֹדוּ,"Hoduw (ho'-doo) n/l.",,హోడు,Hebrew,Old Testament
H1913,הֲדוֹרָם הֲדוֹרָם,"Hadowram (had-o-rawm') (or Hadoram had-o-rawm') n/p.",,హదొరాము,Hebrew,Old Testament
H1914,הִדַּי,"Hidday (hid-dah'ee) n/p.",,దినము,Hebrew,Old Testament
H1915,הָדַך,"hadak (haw-dak') v.",,హదక్,Hebrew,Old Testament
H1916,הֲדוֹם,"a foot stool",,పాదం,Hebrew,Old Testament
H1917,הַדָּם,"something stamped to pieces",,ముక్కలుగా ముద్రించబడినది,Hebrew,Old Testament
H1918,הֲדַס,"the myrtle",,మైర్టిల్,Hebrew,Old Testament
H1919,הֲדַסָּה,"Hadaccah (had-as-saw') n/p.",,హదస్సా,Hebrew,Old Testament
H1920,הָדַף,"Hadaph (haw-daf') v.",,హడఫ్,Hebrew,Old Testament
H1921,הָדַר,"hadar (haw-dar') v.",,హదర్,Hebrew,Old Testament
H1922,הֲדַר,"hadar (had-ar') v.",,హదరు,Hebrew,Old Testament
H1923,הֲדַר,"magnificence",,హదరు,Hebrew,Old Testament
H1924,הֲדַר,"Hadar (had-ar') n/p.",,హదరు,Hebrew,Old Testament
H1925,הֶדֶר,"honour",,గౌరవం,Hebrew,Old Testament
H1926,הָדָר,"magnificence",,వైభవం,Hebrew,Old Testament
H1927,הֲדָרָה,"decoration",,అలంకరణ,Hebrew,Old Testament
H1928,הֲדַרעֶזֶר,"Hadar`ezer (had-ar-eh'-zer) n/p.",,అర్థం తెలియదు,Hebrew,Old Testament
H1929,הָהּ,"hahh (haw) inj.",,అర్థం తెలియదు,Hebrew,Old Testament
H1930,הוֹ,"how (ho) inj.",,అర్థం తెలియదు,Hebrew,Old Testament
H1931,הוּא הִיא,"huw' (hoo) (of which the feminine (beyond the Pentateuch) is hiyw he) p/d.",,తొమ్మిది,Hebrew,Old Testament
H1932,הוּא הִיא,"huw (hoo) ((Aramaic) or (feminine) hiyo (Aramaic) he) p/p.",,తొమ్మిది,Hebrew,Old Testament
H1933,הָוָא הָוָה,"hava' (haw-vaw') (or havah haw-vaw') v.",,అర్థం తెలియదు,Hebrew,Old Testament
H1934,הָוָא הָוָה,"hava' (hav-aw') ((Aramaic) orhavah (Aramaic) hav-aw') v.",,అర్థం తెలియదు,Hebrew,Old Testament
H1935,הוֹד,"grandeur (i.e. an imposing form and appearance)",,చెవి,Hebrew,Old Testament
H1936,הוֹד,"Howd (hode) n/p.",,అర్థం తెలియదు,Hebrew,Old Testament
H1937,הוֹדְוָה,"Howdvah (ho-dev-aw') n/p.",,అర్థం తెలియదు,Hebrew,Old Testament
H1938,הוֹדַויָה,"Howdavyah (ho-dav-yaw') n/p.",,అర్థం తెలియదు,Hebrew,Old Testament
H1939,הוֹדַיְוָהוּ,"Howdayvahuw (ho-dah-yeh-vaw'-hoo) n/p.",,దినము,Hebrew,Old Testament
H1940,הוֹדִיָה,"Howdiyah (ho-dee-yaw') n/p.",,అర్థం తెలియదు,Hebrew,Old Testament
H1941,הוֹדִיָה,"Howdiyah (ho-dee-yaw') n/p.",,అర్థం తెలియదు,Hebrew,Old Testament
H1942,הַוָּה,"desire",,కోరిక,Hebrew,Old Testament
H1943,הוֹוָה,"ruin",,నాశనం,Hebrew,Old Testament
H1944,הוֹהָם,"Howham (ho-hawm') n/p.",,అర్థం తెలియదు,Hebrew,Old Testament
H1945,הוֹי,"howy (hoh'ee) inj.",,అర్థం తెలియదు,Hebrew,Old Testament
H1946,הוּך,"huwk (hook) v.",,అర్థం తెలియదు,Hebrew,Old Testament
H1947,הוֹלֵלָה,"folly",,వెర్రితనం,Hebrew,Old Testament
H1948,הוֹלֵלוּת,"folly",,అవివేకం,Hebrew,Old Testament
H1949,הוּם,"huwm (hoom) v.",,అర్థం తెలియదు,Hebrew,Old Testament
H1950,הוֹמָם,"Howmam (ho-mawm') n/p.",,అర్థం తెలియదు,Hebrew,Old Testament
H1951,הוּן,"huwn (hoon) v.",,అర్థం తెలియదు,Hebrew,Old Testament
H1952,הוֹן,"hown (hone) inj.",,ఒకటి,Hebrew,Old Testament
H1953,הוֹשָׁמָע,"Howshama` (ho-shaw-maw') n/p.",,అర్థం తెలియదు,Hebrew,Old Testament
H1954,הוֹשֵַׁע,"Howshea` (ho-shay'-ah) n/p.",,హోషేయ,Hebrew,Old Testament
H1955,הוֹשַׁעיָה,"Howsha`yah (ho-shah-yaw') n/p.",,అర్థం తెలియదు,Hebrew,Old Testament
H1956,הוֹתִיר,"Howthiyr (ho-theer') n/p.",,అర్థం తెలియదు,Hebrew,Old Testament
H1957,הָזָה,"hazah (haw-zaw') v.",,అర్థం తెలియదు,Hebrew,Old Testament
H1958,הִי,"lamentation",,విలాపం,Hebrew,Old Testament
H1959,הֵידָּד,"acclamation",,జయధ్వని,Hebrew,Old Testament
H1960,הוּיְדָה,"(properly) an acclaim",,అర్థం తెలియదు,Hebrew,Old Testament
H1961,הָיָה,"hayah (haw-yaw) v.",,మరియు అగును,Hebrew,Old Testament
H1962,הַיָה,"ruin",,నాశనం,Hebrew,Old Testament
H1963,הֵיכּ,"heyk (hake) adv.",,దూరం,Hebrew,Old Testament
H1964,הֵיכָּל,"a large public building",,మందిరము,Hebrew,Old Testament
H1965,הֵיכַּל,"palace",,రాజభవనం,Hebrew,Old Testament
H1966,הֵילֵל,"the morning-star",,ఉదయం,Hebrew,Old Testament
H1967,הֵימָם,"Heymam (hay-mawm') n/p.",,హేమాము,Hebrew,Old Testament
H1968,הֵימָן,"Heyman (hay-mawn') n/p.",,మనిషి,Hebrew,Old Testament
H1969,הִין,"a hin or liquid measure",,ఒక హిన్ లేదా ద్రవ కొలత,Hebrew,Old Testament
H1970,הָכַר,"hakar (haw-kar') v.",,అర్థం తెలియదు,Hebrew,Old Testament
H1971,הַכָּרָה,"respect",,గౌరవం,Hebrew,Old Testament
H1972,הָלָא,"hala' (haw-law') v.",,ధర్మశాస్త్రం,Hebrew,Old Testament
H1973,הָלְאָה,"halah (haw-leh-aw') adv.",,దూరం,Hebrew,Old Testament
H1974,הִלּוּל,"a celebration of thanksgiving for harvest",,కోత,Hebrew,Old Testament
H1975,הַלָּז,"hallaz (hal-lawz') p/d.",,ధర్మశాస్త్రం,Hebrew,Old Testament
H1976,הַלָּזֶה,"hallazeh (hal-law-zeh') p/d.",,ధర్మశాస్త్రం,Hebrew,Old Testament
H1977,הַלֵּזוּ,"hallezuw (hal-lay-zoo') p/d.",,వీరు,Hebrew,Old Testament
H1978,הָלִיכּ,"a walk",,నడక,Hebrew,Old Testament
H1979,הֲלִיכָּה,"a walking",,రాజు,Hebrew,Old Testament
H1980,הָלַך,"halak (haw-lak') v.",హాలక్,నడుచు,Hebrew,Old Testament
H1981,הֲלַך,"halak (hal-ak') v.",,నడువు,Hebrew,Old Testament
H1982,הֵלֶך,"(properly) a journey",,ప్రయాణం,Hebrew,Old Testament
H1983,הֲלָך,"(properly) a journey",,ప్రయాణం,Hebrew,Old Testament
H1984,הָלַל,"halal (haw-lal') v.",హాలల్,స్తుతించు,Hebrew,Old Testament
H1985,הִלֵּל,"Hillel (hil-layl') n/p.",,హిల్లేల్,Hebrew,Old Testament
H1986,הָלַם,"halam (haw-lam') v.",,అర్థం తెలియదు,Hebrew,Old Testament
H1987,הֶלֶם,"Helem (hay'-lem) n/p.",,హేలెం,Hebrew,Old Testament
H1988,הֲלוֹם,"halom (hal-ome') adv.",,ఇక్కడ,Hebrew,Old Testament
H1989,הַלמוּת,"a hammer (or mallet)",,సుత్తి,Hebrew,Old Testament
H1990,הָם,"Ham (hawm) n/l.",,హాము,Hebrew,Old Testament
H1991,הֵם,"abundance",,సమృద్ధి,Hebrew,Old Testament
H1992,הֵם הֵמָּה,"hem (haym) (or (prolonged) hemmah haym'-maw) p/p.",,వర,Hebrew,Old Testament
H1993,הָמָה,"hamah (haw-maw') v.",,ఘోషించు,Hebrew,Old Testament
H1994,הִמּוֹ הִמּוֹן,"himmow (him-mo') ((Aramaic) or (prolonged) himmown (Aramaic) him- mone') p/p.",,ఒకటి,Hebrew,Old Testament
H1995,הָמוֹן הָמוֹן,"a noise",,ధ్వని,Hebrew,Old Testament
H1996,הֲמוֹן גּוֹג,"Hamown Gowg (ham-one' gohg) n/l.",,ఒకటి,Hebrew,Old Testament
H1997,הֲמוֹנָה,"Hamownah (ham-o-naw') n/l.",,హమోనా,Hebrew,Old Testament
H1998,הֶמיָה,"sound",,ధ్వని,Hebrew,Old Testament
H1999,הֲמוּלָה הֲמוּלָּה,"a sound",,శబ్దం,Hebrew,Old Testament
H2000,הָמַם,"hamam (haw-mam') v.",,వేడెక్కు,Hebrew,Old Testament
H2001,הָמָן,"Haman (haw-mawn') n/p.",,మనిషి,Hebrew,Old Testament
H2002,הַמנִיכּ הֲמוּנֵך,"a necklace",,మెడలోని హారం,Hebrew,Old Testament
H2003,הָמָס,"a dry twig or brushwood",,కలప,Hebrew,Old Testament
H2004,הֵן,"hen (hane) p/p.",,వారు,Hebrew,Old Testament
H2005,הֵן,"hen (hane) prt.",,ప్రోత్సహించు,Hebrew,Old Testament
H2006,הֵן,"hen (hane) inj.",,చూడు,Hebrew,Old Testament
H2007,הֵנָּה,"hennah (hane'-naw) p/p.",,ఇదిగో,Hebrew,Old Testament
H2008,הֵנָּה,"hennah (hane'-naw) adv.",,ఇక్కడ,Hebrew,Old Testament
H2009,הִנֵּה,"hinneh (hin-nay') prt-d.",,ఇదిగో,Hebrew,Old Testament
H2010,הֲנָחָה,"permission of rest",,విశ్రాంతి అనుమతి,Hebrew,Old Testament
H2011,הִנּוֹם,"Hinnom (hin-nome') n/l.",,అర్థం తెలియదు,Hebrew,Old Testament
H2012,הֵנַע,"Hena",,హేనా,Hebrew,Old Testament
H2013,הָסָה,"hacah (haw-saw') inj.",,అర్థం తెలియదు,Hebrew,Old Testament
H2014,הֲפוּגָה,"relaxation",,సడలింపు,Hebrew,Old Testament
H2015,הָפַך,"haphak (haw-fak') v.",హాఫక్,తిరుగు,Hebrew,Old Testament
H2016,הֶפֶך הֵפֶך,"a turn",,మలుపు,Hebrew,Old Testament
H2017,הוֹפֶך,"an upset",,అశాంతి,Hebrew,Old Testament
H2018,הֲפֵכָה,"destruction",,నాశనం,Hebrew,Old Testament
H2019,הֲפַכפַּך,"haphakpak (haf-ak-pak') adj.",,అర్థం తెలియదు,Hebrew,Old Testament
H2020,הַצָּלָה,"rescue",,రక్షణ,Hebrew,Old Testament
H2021,הוֹצֶן,"a weapon of war",,యుద్ధం,Hebrew,Old Testament
H2022,הַר,"a mountain or range of hills (sometimes used figuratively)",హర్,పర్వతం,Hebrew,Old Testament
H2023,הוֹר,"Hor (hore) n/l.",,హోరు,Hebrew,Old Testament
H2024,הָרָא,"Hara' (haw-raw') n/l.",,హారా,Hebrew,Old Testament
H2025,הַראֵל,"mount of God",,దేవుడు,Hebrew,Old Testament
H2026,הָרַג,"harag (haw-rag') v.",,చప,Hebrew,Old Testament
H2027,הֶרֶג,"slaughter",,వధ,Hebrew,Old Testament
H2028,הֲרֵגָה,"slaughter",,వధ,Hebrew,Old Testament
H2029,הָרָה,"harah (haw-raw') v.",,గర్భవతి అయెను,Hebrew,Old Testament
H2030,הָרֶה הָרִי,"pregnant",,గర్భవతి,Hebrew,Old Testament
H2031,הַרהוֹר,"a mental conception",,మానసిక భావన,Hebrew,Old Testament
H2032,הֵרוֹן הֵרָיוֹן,"pregnancy",,గర్భం,Hebrew,Old Testament
H2033,הֲרוֹרִי,"Harowriy (har-o-ree') n/l.",,అర్థం తెలియదు,Hebrew,Old Testament
H2034,הֲרִיסָה,"something demolished",,కూల్చివేయబడినది,Hebrew,Old Testament
H2035,הֲרִיסוּת,"demolition",,కూల్చివేత,Hebrew,Old Testament
H2036,הוֹרָם,"Horam (ho-rawm') n/p.",,హోరామ్,Hebrew,Old Testament
H2037,הָרוּם,"Harum (haw-room') n/p.",,హారూమ్,Hebrew,Old Testament
H2038,הַרמוֹן,"harmown (har-mone') n/l.",,ఒకటి,Hebrew,Old Testament
H2039,הָרָן,"Haran (haw-rawn') n/l.",,హారాను,Hebrew,Old Testament
H2040,הָרַס,"harac (haw-ras') v.",,అర్థం తెలియదు,Hebrew,Old Testament
H2041,הֶרֶס,"demolition",,కూల్చివేత,Hebrew,Old Testament
H2042,הָרָר,"a mountain",,పర్వతం,Hebrew,Old Testament
H2043,הֲרָרִי הָרָרִי הָארָרִי,"Harariy (hah-raw-ree') (or Harariy (2 Sam. 23) adj.",,అర్థం తెలియదు,Hebrew,Old Testament
H2044,הָשֵׁם,"Hashem (haw-shame') n/p.",,హషెమ్,Hebrew,Old Testament
H2045,הַשׁמָעוּת,"announcement",,ప్రకటన,Hebrew,Old Testament
H2046,הִתּתּוּך,"a melting",,కరుగుట,Hebrew,Old Testament
H2047,הֲתָך,"Hathak (hath-awk') n/p.",,హతక్,Hebrew,Old Testament
H2048,הָתַל,"hathal (haw-thal') v.",,అర్థం తెలియదు,Hebrew,Old Testament
H2049,הָתוֹל,"a derision",,హేళన,Hebrew,Old Testament
H2050,הָתַת,"hathath' (haw-thath') v.",,అర్థం తెలియదు,Hebrew,Old Testament
H2051,וְדָן,"Vdan (ved-awn') n/l.",,అర్థం తెలియదు,Hebrew,Old Testament
H2052,וָהֵב,"Vaheb (vaw-habe') n/l.",,అర్థం తెలియదు,Hebrew,Old Testament
H2053,וָו,"hook",,కొక్కెం,Hebrew,Old Testament
H2054,וָזָר,"vazar (vaw-zawr') adj.",,అర్థం తెలియదు,Hebrew,Old Testament
H2055,וַיְזָתָא,"Vayzatha' (vah-yez-aw'-thaw) n/p.",,అర్థం తెలియదు,Hebrew,Old Testament
H2056,וָלָד,"a boy",,ఒక బాలుడు,Hebrew,Old Testament
H2057,וַניָה,"Vanyah (van-yaw') n/p.",,అర్థం తెలియదు,Hebrew,Old Testament
H2058,וָפסִי,"Vophciy (vof-see') n/p.",,అర్థం తెలియదు,Hebrew,Old Testament
H2059,וַשׁנִי,"Vashniy (vash-nee') n/p.",,అర్థం తెలియదు,Hebrew,Old Testament
H2060,וַשׁתִּי,"Vashtiy (vash-tee') n/p.",,వష్తి,Hebrew,Old Testament
H2061,זְאֵב,"a wolf",,తోడేలు,Hebrew,Old Testament
H2062,זְאֵב,"Ze'eb (zeh-abe') n/p.",,తోడేలు,Hebrew,Old Testament
H2063,זוֹאתּ,"zo'th (zothe') p/d.",,ఇది,Hebrew,Old Testament
H2064,זָבַד,"zabad (zaw-bad') v.",,జబద్,Hebrew,Old Testament
H2065,זֶבֶד,"a gift",,ఒక బహుమతి,Hebrew,Old Testament
H2066,זָבָד,"Zabad (zaw-bawd') n/p.",,జబాద్,Hebrew,Old Testament
H2067,זַבדִּי,"Zabdiy (zab-dee') n/p.",,జబ్దీ,Hebrew,Old Testament
H2068,זַבדִּיאֵל,"Zabdiy'el (zab-dee-ale') n/p.",,జబ్దీయేల్,Hebrew,Old Testament
H2069,זְבַדיָה זֶבַדיָהוּ,"Zbadyah (zeb-ad-yaw') (or Zbadyahuw zeb-ad-yaw'-hoo) n/p.",,జబద్యా,Hebrew,Old Testament
H2070,זְבוּב,"a fly (especially one of a stinging nature)",,ఒకటి,Hebrew,Old Testament
H2071,זָבוּד,"Zabuwd (zaw-bood') n/p.",,జబూద్,Hebrew,Old Testament
H2072,זַבּוּד,"Zabbuwd (zab-bood') n/p.",,జబ్బూద్,Hebrew,Old Testament
H2073,זְבוּל זֶבוּל,"a residence",,ఒక నివాసం,Hebrew,Old Testament
H2074,זְבוּלוּן זֶבוּלוּן זֶבוּלוּן,"Zbuwluwn (zeb-oo-loon') (or Zbuluwn zeb-oo-loon'or Zbuwlun zeb-oo-loon'",,జెబూలూను,Hebrew,Old Testament
H2075,זְבוּלוֹנִי,"Zbuwloniy (zeb-oo-lo-nee') adj.",,జబూలోని,Hebrew,Old Testament
H2076,זָבַח,"zabach (zaw-bakh') v.",,బలియర్పించెను,Hebrew,Old Testament
H2077,זֶבַח,"(properly) a slaughter",,బలి,Hebrew,Old Testament
H2078,זֶבַח,"Zebach (zeh'-bakh) n/p.",,బలి,Hebrew,Old Testament
H2079,זַבַּי,"Zabbay (zab-bah'-ee) n/p.",,జబ్బయి,Hebrew,Old Testament
H2080,זְבִידָּה,"Zbiydah (zeb-ee-daw') n/p.",,జెబీదా,Hebrew,Old Testament
H2081,זְבִינָא,"Zbiyna' (zeb-ee-naw') n/p.",,జెబీనా,Hebrew,Old Testament
H2082,זָבַל,"zabal (zaw-bal') v.",,అర్థం తెలియదు,Hebrew,Old Testament
H2083,זְבוּל,"Zbul (zeb-ool') n/p.",,జెబుల్,Hebrew,Old Testament
H2084,זְבַן,"zban (zeb-an') v.",,అర్థం తెలియదు,Hebrew,Old Testament
H2085,זָג,"the skin of a grape",,ద్రాక్ష చర్మం,Hebrew,Old Testament
H2086,זֵד,"arrogant",,గర్విష్ఠి,Hebrew,Old Testament
H2087,זָדוֹן,"arrogance",,అహంకారం,Hebrew,Old Testament
H2088,זֶה,"zeh (zeh) p/d.",జె,ఇది,Hebrew,Old Testament
H2089,זֶה,"a sheep",,గొర్రె,Hebrew,Old Testament
H2090,זוֹה,"zoh (zo) p/d.",,అర్థం తెలియదు,Hebrew,Old Testament
H2091,זָהָב,"gold",జాహబ్,బంగారం,Hebrew,Old Testament
H2092,זָהַם,"zaham (zaw-ham') v.",,అర్థం తెలియదు,Hebrew,Old Testament
H2093,זַהַם,"Zaham (zah'-ham) n/p.",,అర్థం తెలియదు,Hebrew,Old Testament
H2094,זָהַר,"zahar (zaw-har') v.",,అర్థం తెలియదు,Hebrew,Old Testament
H2095,זְהַר,"zhar (zeh-har') v.",,అర్థం తెలియదు,Hebrew,Old Testament
H2096,זוֹהַר,"brilliancy",,తేజస్సు,Hebrew,Old Testament
H2097,זוֹ,"zow (zo) p/d.",,అర్థం తెలియదు,Hebrew,Old Testament
H2098,זוּ,"zuw (zoo) p/d.",,అర్థం తెలియదు,Hebrew,Old Testament
H2099,זִו,"Ziv (zeev') n/p.",,జీవ్,Hebrew,Old Testament
H2100,זוּב,"zuwb (zoob) v.",,అర్థం తెలియదు,Hebrew,Old Testament
H2101,זוֹב,"a seminal or menstrual flux",,వీర్యం లేదా బహిష్టు స్రావం,Hebrew,Old Testament
H2102,זוּד זִידּ,"zuwd (zood) (or (by permutation) ziyd zeed) v.",,అర్థం తెలియదు,Hebrew,Old Testament
H2103,זוּד,"zuwd (zood) v.",,అర్థం తెలియదు,Hebrew,Old Testament
H2104,זוּזִים,"prominent",,ప్రముఖమైన,Hebrew,Old Testament
H2105,זוֹחֵת,"Zowcheth (zo-khayth') n/p.",,అర్థం తెలియదు,Hebrew,Old Testament
H2106,זָוִיתּ,"an angle (as projecting)",,ఒక మూల,Hebrew,Old Testament
H2107,זוּל,"zuwl (zool) v.",,అర్థం తెలియదు,Hebrew,Old Testament
H2108,זוּלָה,"zuwlah (zoo-law') adj.",,ధర్మశాస్త్రం,Hebrew,Old Testament
H2109,זוּן,"zuwn (zoon) v.",,అర్థం తెలియదు,Hebrew,Old Testament
H2110,זוּן,"zuwn (zoon) v.",,అర్థం తెలియదు,Hebrew,Old Testament
H2111,זוַּע,"zuwa` (zoo'-ah) v.",,అర్థం తెలియదు,Hebrew,Old Testament
H2112,זוַּע,"zuwa` (zoo'-ah) v.",,అర్థం తెలియదు,Hebrew,Old Testament
H2113,זְוָעָה,"agitation",,ఆందోళన,Hebrew,Old Testament
H2114,זוּר,"zuwr (zoor) v.",,అర్థం తెలియదు,Hebrew,Old Testament
H2115,זוּר,"zuwr (zoor) v.",,అర్థం తెలియదు,Hebrew,Old Testament
H2116,זוּרֶה,"trodden on",,త్రొక్కబడిన,Hebrew,Old Testament
H2117,זָזָא,"zaza' (zaw-zaw') n/p.",,అర్థం తెలియదు,Hebrew,Old Testament
H2118,זָחַח,"zachach (zaw-khakh') v.",,అర్థం తెలియదు,Hebrew,Old Testament
H2119,זָחַל,"zachal (zaw-khal') v.",,అర్థం తెలియదు,Hebrew,Old Testament
H2120,זוֹחֶלֶת,"Zocheleth (zo-kheh'-leth) n/p.",,జోహేలెత్,Hebrew,Old Testament
H2121,זֵידּוֹן,"zeydown (zay-dohn') adj.",,అర్థం తెలియదు,Hebrew,Old Testament
H2122,זִיו,"(figuratively) cheerfulness",,రూపకంగా సంతోషం,Hebrew,Old Testament
H2123,זִיז,"fulness of the breast",,రొమ్ము నిండుదనం,Hebrew,Old Testament
H2124,זִיזָא,"Ziyza' (zee-zaw') n/p.",,జీజా,Hebrew,Old Testament
H2125,זִיזָה,"Ziyzah (zee-zaw') n/p.",,జీజా,Hebrew,Old Testament
H2126,זִינָא,"Ziyna' (zee-naw') n/p.",,జీనా,Hebrew,Old Testament
H2127,זִיַע,"Ziya` (zee'-ah) n/p.",,జీయా,Hebrew,Old Testament
H2128,זִיף,"Ziyph (zeef) n/l.",,జీఫ్,Hebrew,Old Testament
H2129,זִיפָה,"Ziyphah (zee-faw') n/p.",,జీఫా,Hebrew,Old Testament
H2130,זִיפִי,"a Ziphite or inhabitant of Ziph",,జీఫ్ నివాసి,Hebrew,Old Testament
H2131,זִיקָה זִק זֵק,"(properly) what leaps forth",,సరిగ్గా ఏమి దూకుతుందో అది,Hebrew,Old Testament
H2132,זַיִת,"an olive (as yielding illuminating oil)",,నూనె,Hebrew,Old Testament
H2133,זֵיתָּן,"Zeythan (zay-thawn') n/p.",,జేతాన్,Hebrew,Old Testament
H2134,זַך,"zak (zak) adj.",,జాక్,Hebrew,Old Testament
H2135,זָכָה,"zakah (zaw-kaw') v.",,జకా,Hebrew,Old Testament
H2136,זָכוּ,"purity",,పరిశుద్ధత,Hebrew,Old Testament
H2137,זְכוּכִיתּ,"(properly) transparency",,సరిగ్గా పారదర్శకత,Hebrew,Old Testament
H2138,זָכוּר,"a male (of man or animals)",,మనిషి,Hebrew,Old Testament
H2139,זַכּוּר,"Zakkuwr (zaw-koor') n/p.",,జక్కూర్,Hebrew,Old Testament
H2140,זַכַּי,"Zakkay (zak-kah'-ee) n/p.",,జక్కై,Hebrew,Old Testament
H2141,זָכַך,"zakak (zaw-kak') v.",,జకక్,Hebrew,Old Testament
H2142,זָכַר,"zakar (zaw-kar') v.",జాఖర్,జ్ఞాపకం చేసికొను,Hebrew,Old Testament
H2143,זֵכֶר זֶכֶר,"a memento",,ఒక జ్ఞాపకం,Hebrew,Old Testament
H2144,זֶכֶר,"Zeker (zeh'-ker) n/p.",,జేకెర్,Hebrew,Old Testament
H2145,זָכָר,"zakar (zaw-kawr') adj.",,పురుషుడు,Hebrew,Old Testament
H2146,זִכרוֹן,"a memento (or memorable thing",,ఒక జ్ఞాపకం లేదా గుర్తుంచుకోదగిన విషయం,Hebrew,Old Testament
H2147,זִכרִי,"Zikriy (zik-ree') n/p.",,జిక్ర్యి,Hebrew,Old Testament
H2148,זְכַריָה זְכַריָהוּ,"Zkaryah (zek-ar-yaw') (or Zkaryahuw zek-ar-yaw'-hoo) n/p.",,జెకర్యా లేదా జెకర్యాహు,Hebrew,Old Testament
H2149,זוּלּוּת,"(properly) a shaking",,రాజు,Hebrew,Old Testament
H2150,זַלזַל,"tremulous",,వణుకుతున్న,Hebrew,Old Testament
H2151,זָלַל,"zalal (zaw-lal') v.",,జలల్,Hebrew,Old Testament
H2152,זַלעָפָה זִלעָפָה,"a glow (of wind or anger)",,గాలి,Hebrew,Old Testament
H2153,זִלפָּה,"Zilpah (zil-paw) n/p.",,జిల్పా,Hebrew,Old Testament
H2154,זִמָּה זַמָּה,"zimmah (zim-maw') (or zammah zam-maw') v.",,జిమ్మ లేదా జమ్మ,Hebrew,Old Testament
H2155,זִמָּה,"Zimmah (zim-maw') n/p.",,జిమ్మ,Hebrew,Old Testament
H2156,זְמוֹרָה זְמוֹרָה זְמוֹר,"zmowrah (zem-o-raw') (or zmorah zem-o-raw' (feminine) and zmor zem-ore' (masculine)",,తొమ్మిది,Hebrew,Old Testament
H2157,זַמזוֹם,"Zamzom (zam-zome') n/p.",,జంజ్‌ోమ్,Hebrew,Old Testament
H2158,זָמִיר זָמִר זְמִרָה,"a song to be accompanied with instrumental music",,కుమారుడు,Hebrew,Old Testament
H2159,זָמִיר,"a twig (as pruned)",,కత్తిరించిన కొమ్మ,Hebrew,Old Testament
H2160,זְמִירָה,"Zmiyrah (zem-ee-raw') n/p.",,అర్థం తెలియదు,Hebrew,Old Testament
H2161,זָמַם,"zamam (zaw-mam') v.",,అర్థం తెలియదు,Hebrew,Old Testament
H2162,זָמָם,"a plot",,కుట్ర,Hebrew,Old Testament
H2163,זָמַן,"zaman (zaw-man') v.",,మనిషి,Hebrew,Old Testament
H2164,זְמַן,"zman (zem-an') v.",,మనిషి,Hebrew,Old Testament
H2165,זְמָן,"an appointed occasion",,నిర్ణీత సందర్భం,Hebrew,Old Testament
H2166,זְמָן,"the same as H2165",,అర్థం తెలియదు,Hebrew,Old Testament
H2167,זָמַר,"zamar (zaw-mar') v.",జామర్,పాడు,Hebrew,Old Testament
H2168,זָמַר,"zamar (zaw-mar') v.",,కీర్తించు,Hebrew,Old Testament
H2169,זֶמֶר,"a gazelle (from its lightly touching the ground)",,వెలుగు,Hebrew,Old Testament
H2170,זְמָר,"instrumental music",,వాయిద్య సంగీతం,Hebrew,Old Testament
H2171,זַמָּר,"an instrumental musician",,వాయిద్యకారుడు,Hebrew,Old Testament
H2172,זִמרָה,"a musical piece or song to be accompanied by an instrument",,కుమారుడు,Hebrew,Old Testament
H2173,זִמרָה,"pruned (i.e. choice) fruit",,పండు,Hebrew,Old Testament
H2174,זִמרִי,"Zimriy (zim-ree') n/p.",,జిమ్రీ,Hebrew,Old Testament
H2175,זִמרָן,"Zimran (zim-rawn') n/p.",,జిమ్రాన్,Hebrew,Old Testament
H2176,זִמרָת,"instrumental music",,వాయిద్య సంగీతం,Hebrew,Old Testament
H2177,זַן,"(properly) nourished (or fully developed)",,సరిగా పోషించబడిన లేదా పూర్తిగా అభివృద్ధి చెందిన,Hebrew,Old Testament
H2178,זַן,"sort",,విధము,Hebrew,Old Testament
H2179,זָנַב,"zanab (zaw-nab') v.",,తోక,Hebrew,Old Testament
H2180,זָנָב,"the tail (literally or figuratively)",,తోక అక్షరాలా లేదా అలంకారంగా,Hebrew,Old Testament
H2181,זָנָה,"zanah (zaw-naw') v.",,వ్యభిచరించు,Hebrew,Old Testament
H2182,זָנוַֹח,"Zanowach (zaw-no'-akh) n/l.",,జనోవాక్,Hebrew,Old Testament
H2183,זָנוּן,"adultery",,వ్యభిచారం,Hebrew,Old Testament
H2184,זְנוּת,"adultery",,వ్యభిచారం,Hebrew,Old Testament
H2185,זוֹנוֹת,"harlots",,వేశ్యలు,Hebrew,Old Testament
H2186,זָנַח,"zanach (zaw-nakh') v.",,విసర్జించు,Hebrew,Old Testament
H2187,זָנַק,"zanaq (zaw-nak') v.",,అర్థం తెలియదు,Hebrew,Old Testament
H2188,זֵעָה,"perspiration",,చెమట,Hebrew,Old Testament
H2189,זַעֲוָה,"agitation",,ఆందోళన,Hebrew,Old Testament
H2190,זַעֲוָן,"Za`avan (zah-av-awn') n/p.",,జవాన్,Hebrew,Old Testament
H2191,זְעֵיר,"small",,చిన్న,Hebrew,Old Testament
H2192,זְעֵיר,"z`eyr (zeh-ayr') adj.",,చిన్న,Hebrew,Old Testament
H2193,זָעַך,"za`ak (zaw-ak') v.",,కేకలు వేయు,Hebrew,Old Testament
H2194,זָעַם,"za`am (zaw-am') v.",,కోపగించు,Hebrew,Old Testament
H2195,זַעַם,"strictly froth at the mouth",,నోరు,Hebrew,Old Testament
H2196,זָעַף,"za`aph (zaw-af') v.",,కోపంగా ఉండు,Hebrew,Old Testament
H2197,זַעַף,"anger",,కోపం,Hebrew,Old Testament
H2198,זָעֵף,"za`eph (zaw-afe') adj.",,అర్థం తెలియదు,Hebrew,Old Testament
H2199,זָעַק,"za`aq (zaw-ak') v.",జాక్,మొరపెట్టు,Hebrew,Old Testament
H2200,זְעִק,"z`iq (zek'-eek) v.",,అర్థం తెలియదు,Hebrew,Old Testament
H2201,זַעַק זְעָקָה,"a shriek or outcry",,అర్థం తెలియదు,Hebrew,Old Testament
H2202,זִפרוֹן,"Ziphron (zi-frone') n/l.",,ఒకటి,Hebrew,Old Testament
H2203,זֶפֶת,"asphalt (from its tendency to soften in the sun)",,సూర్యుడు,Hebrew,Old Testament
H2204,זָקֵן,"zaqen (zaw-kane') v.",,పెద్ద,Hebrew,Old Testament
H2205,זָקֵן,"zaqen (zaw-kane') adj.",,పెద్ద,Hebrew,Old Testament
H2206,זָקָן,"the beard (as indicating age)",,చెవి,Hebrew,Old Testament
H2207,זוֹקֶן,"old age",,పాత,Hebrew,Old Testament
H2208,זָקוּן,"old age",,పాత,Hebrew,Old Testament
H2209,זִקנָה,"old age",,పాత,Hebrew,Old Testament
H2210,זָקַף,"zaqaph (zaw-kaf') v.",,అర్థం తెలియదు,Hebrew,Old Testament
H2211,זְקַף,"zqaph (zek-af') v.",,అర్థం తెలియదు,Hebrew,Old Testament
H2212,זָקַק,"zaqaq (zaw-kak') v.",,అర్థం తెలియదు,Hebrew,Old Testament
H2213,זֵר,"a chaplet (as spread around the top)",,అర్థం తెలియదు,Hebrew,Old Testament
H2214,זָרָא,"disgust",,అసహ్యం,Hebrew,Old Testament
H2215,זָרַב,"zarab (zaw-rab') v.",,అర్థం తెలియదు,Hebrew,Old Testament
H2216,זְרוּבָּבֶל,"Zrubbabel (zer-oob-baw-bel') n/p.",,జెరుబ్బాబెలు,Hebrew,Old Testament
H2217,זְרוּבָּבֶל,"Zrubbabel (zer-oob-baw-bel') n/p.",,జెరుబ్బాబెలు,Hebrew,Old Testament
H2218,זֶרֶד,"Zered (zeh'-red) n/l.",,జేరెదు,Hebrew,Old Testament
H2219,זָרָה,"zarah (zaw-raw') v.",,అర్థం తెలియదు,Hebrew,Old Testament
H2220,זְרוַֹע זְרוַֹע זְרוֹעָה זְרוֹעָה,"the arm (as stretched out)",,చేయి,Hebrew,Old Testament
H2221,זֵרוַּע,"something sown",,విత్తనం,Hebrew,Old Testament
H2222,זַרזִיף,"zarziyph (zar-zeef') v.",,అర్థం తెలియదు,Hebrew,Old Testament
H2223,זַרזִיר,"(properly) tightly girt",,అర్థం తెలియదు,Hebrew,Old Testament
H2224,זָרַח,"zarach (zaw-rakh') v.",,అర్థం తెలియదు,Hebrew,Old Testament
H2225,זֶרַח,"a rising of light",,వెలుగు,Hebrew,Old Testament
H2226,זֶרַח,"Zerach (zeh'-rakh) n/p.",,జెరహు,Hebrew,Old Testament
H2227,זַרחִי,"a Zarchite or descendant of Zerach",,అంతం,Hebrew,Old Testament
H2228,זְרַחיָה,"Zrachyah (zer-akh-yaw') n/p.",,జెరాఖ్యా,Hebrew,Old Testament
H2229,זָרַם,"zaram (zaw-ram') v.",,అర్థం తెలియదు,Hebrew,Old Testament
H2230,זֶרֶם,"a gush of water",,నీరు,Hebrew,Old Testament
H2231,זִרמָה,"a gushing of fluid (semen)",,ద్రవ వీర్యం ఊట,Hebrew,Old Testament
H2232,זָרַע,"zara` (zaw-rah') v.",,విత్తెను,Hebrew,Old Testament
H2233,זֶרַע,"seed",జెరా,సంతానం,Hebrew,Old Testament
H2234,זְרַע,"posterity",,సంతానం,Hebrew,Old Testament
H2235,זֵרוַֹע זֵרָעוֹן,"something sown (only in the plural)",,అర్థం తెలియదు,Hebrew,Old Testament
H2236,זָרַק,"zaraq (zaw-rak') v.",,అర్థం తెలియదు,Hebrew,Old Testament
H2237,זָרַר,"zarar (zaw-rar') v.",,అర్థం తెలియదు,Hebrew,Old Testament
H2238,זֶרֶשׁ,"Zeresh (zeh'-resh) n/p.",,జెరెష్,Hebrew,Old Testament
H2239,זֶרֶת,"the spread of the fingers",,వేళ్ళ వ్యాప్తి,Hebrew,Old Testament
H2240,זַתּתּוּא,"Zattuw' (zat-too') n/p.",,జత్తూవు,Hebrew,Old Testament
H2241,זֵתָם,"Zetham (zay-thawm') n/p.",,జేతాము,Hebrew,Old Testament
H2242,זֵתַר,"Zethar (zay-thar') n/p.",,జేతరు,Hebrew,Old Testament
H2243,חוֹב,"(properly) a cherisher",,సరిగా ఒక పోషకుడు,Hebrew,Old Testament
H2244,חָבָא,"chaba' (khaw-baw') v.",,అర్థం తెలియదు,Hebrew,Old Testament
H2245,חָבַב,"chabab (khaw-bab') v.",,అర్థం తెలియదు,Hebrew,Old Testament
H2246,חוֹבָב,"Chobab (kho-bawb') n/p.",,హోబాబు,Hebrew,Old Testament
H2247,חָבָה,"chabah (khaw-bah') v.",,అర్థం తెలియదు,Hebrew,Old Testament
H2248,חֲבוּלָה,"(properly) overthrown",,సరిగా పడగొట్టబడింది,Hebrew,Old Testament
H2249,חָבוֹר,"Chabowr (khaw-bore') n/l.",,హబోరు,Hebrew,Old Testament
H2250,חַבּוּרָה חַבּוּרָה חֲבוּרָה,"(properly) bound (with stripes)",,సరిగా చారలతో బంధించబడింది,Hebrew,Old Testament
H2251,חָבַט,"chabat (khaw-bat') v.",,అర్థం తెలియదు,Hebrew,Old Testament
H2252,חֲבַיָּה חֲבָיָה,"Chabayah (khab-ah-yaw') (or Chabayah khab-aw-yaw') n/p.",,హబయా,Hebrew,Old Testament
H2253,חֶביוֹן,"a concealment",,ఒక దాగుదల,Hebrew,Old Testament
H2254,חָבַל,"chabal (khaw-bal') v.",,అర్థం తెలియదు,Hebrew,Old Testament
H2255,חֲבַל,"chabal (khab-al') v.",,అర్థం తెలియదు,Hebrew,Old Testament
H2256,חֶבֶל חֵבֶל,"a rope (as twisted)",,మెలితిప్పిన తాడువలె,Hebrew,Old Testament
H2257,חֲבַל,"harm (personal or pecuniary)",,కుమారుడు,Hebrew,Old Testament
H2258,חֲבוֹל חֲבוֹלָה,"a pawn (as security for debt)",,రుణం కోసం పూచీకత్తుగా పెట్టిన వస్తువు,Hebrew,Old Testament
H2259,חוֹבֵל,"a sailor",,నావికుడు,Hebrew,Old Testament
H2260,חִבֵּל,"a mast",,ఓడ స్తంభం,Hebrew,Old Testament
H2261,חֲבַצֶּלֶת,"probably meadow-saffron",,బహుశా పచ్చిక బయళ్ళ కుంకుమపువ్వు,Hebrew,Old Testament
H2262,חֲבַצַּניָה,"Chabatstsanyah (khab-ats-tsan-yaw') n/p.",,హబత్సన్యా,Hebrew,Old Testament
H2263,חָבַק,"chabaq (khaw-bak') v.",,కగలచన,Hebrew,Old Testament
H2264,חִבּוּק,"a clasping of the hands (in idleness)",,చేయి,Hebrew,Old Testament
H2265,חֲבַקּוּק,"Chabaqquwq (khab-ak-kook') n/p.",,హబక్కూకు,Hebrew,Old Testament
H2266,חָבַר,"chabar (khaw-bar') v.",,అర్థం తెలియదు,Hebrew,Old Testament
H2267,חֶבֶר,"a society",,ఒక సంఘం,Hebrew,Old Testament
H2268,חֶבֶר,"Cheber (kheh'-ber) n/p.",,హెబెరు,Hebrew,Old Testament
H2269,חֲבַר,"an associate",,ఒక సహచరుడు,Hebrew,Old Testament
H2270,חָבֵר,"chaber (khaw-bare') adj.",,హేబెరు,Hebrew,Old Testament
H2271,חַבָּר,"a partner",,ఒక భాగస్వామి,Hebrew,Old Testament
H2272,חֲבַרבּוּרָה,"a streak (like a line)",,గీత వలె ఒక చార,Hebrew,Old Testament
H2273,חַברָה,"an associate",,ఒక సహచరుడు,Hebrew,Old Testament
H2274,חֶברָה,"association",,సంఘం,Hebrew,Old Testament
H2275,חֶברוֹן,"Chebrown (kheb-rone') n/l.",,ఒకటి,Hebrew,Old Testament
H2276,חֶברוֹנִי חֶברוֹנִי,"Chebronite (collectively)",,హెబ్రోనీయుడు సమిష్టిగా,Hebrew,Old Testament
H2277,חֶברִי,"a Chebrite (collectively) or descendants of Cheber",,అంతం,Hebrew,Old Testament
H2278,חֲבֶרֶת,"a consort",,సహచరి,Hebrew,Old Testament
H2279,חוֹבֶרֶת,"a joint",,కీలు,Hebrew,Old Testament
H2280,חָבַשׁ,"chabash (khaw-bash') v.",,అర్థం తెలియదు,Hebrew,Old Testament
H2281,חָבֵת,"something fried",,వేయించినది,Hebrew,Old Testament
H2282,חַג חָג,"a festival",,పండుగ,Hebrew,Old Testament
H2283,חָגָא,"(properly) vertigo",,అర్థం తెలియదు,Hebrew,Old Testament
H2284,חָגָב,"a locust",,మిడత,Hebrew,Old Testament
H2285,חָגָב,"Chagab (khaw-gawb') n/p.",,అర్థం తెలియదు,Hebrew,Old Testament
H2286,חֲגָבָא חֲגָבָה,"Chagaba' (khag-aw-baw') (or Chagabah khag-aw-baw') n/p.",,అర్థం తెలియదు,Hebrew,Old Testament
H2287,חָגַג,"chagag (khaw-gag') v.",,అర్థం తెలియదు,Hebrew,Old Testament
H2288,חֲגָו,"a rift in rocks",,బండ,Hebrew,Old Testament
H2289,חֲגוֹר,"belted",,నడికట్టు ధరించిన,Hebrew,Old Testament
H2290,חֲגוֹר חֲגוֹר חֲגוֹרָה חֲגוֹרָה,"chagowr (khag-ore') (or chagor khag-ore' and (feminine) chagowrah khag-o-raw'",,తొమ్మిది,Hebrew,Old Testament
H2291,חַגִּי,"Chaggiy (khag-ghee') adj.",,అర్థం తెలియదు,Hebrew,Old Testament
H2292,חַגַּי,"Chaggay (khag-gah'-ee) n/p.",,అర్థం తెలియదు,Hebrew,Old Testament
H2293,חַגִּיָה,"Chaggiyah (khag-ghee-yaw') n/p.",,అర్థం తెలియదు,Hebrew,Old Testament
H2294,חַגִּיתּ,"Chaggiyith (khag-gheeth') n/p.",,అర్థం తెలియదు,Hebrew,Old Testament
H2295,חָגלָה,"Choglah (khog-law') n/p.",,ధర్మశాస్త్రం,Hebrew,Old Testament
H2296,חָגַר,"chagar (khaw-gar') v.",,అర్థం తెలియదు,Hebrew,Old Testament
H2297,חַד,"chad (khad) adj.",,అర్థం తెలియదు,Hebrew,Old Testament
H2298,חַד,"chad (khad) adj.",,అర్థం తెలియదు,Hebrew,Old Testament
H2299,חַד,"chad (khad) adj.",,అర్థం తెలియదు,Hebrew,Old Testament
H2300,חָדַד,"chadad (khaw-dad') v.",,అర్థం తెలియదు,Hebrew,Old Testament
H2301,חֲדַד,"Chadad (khad-ad') n/p.",,అర్థం తెలియదు,Hebrew,Old Testament
H2302,חָדָה,"chadah (khaw-daw') v.",,నెమ్మదించు,Hebrew,Old Testament
H2303,חַדּוּד,"chadduwd (khad-dood') adj.",,అర్థం తెలియదు,Hebrew,Old Testament
H2304,חֶדוָה,"rejoicing",,సంతోషించు,Hebrew,Old Testament
H2305,חֶדוָה,"joy",,ఆనందం,Hebrew,Old Testament
H2306,חֲדִי,"a breast",,రొమ్ము,Hebrew,Old Testament
H2307,חָדִידּ,"Chadiyd (khaw-deed') n/p.",,అర్థం తెలియదు,Hebrew,Old Testament
H2308,חָדַל,"chadal (khaw-dal') v.",,ఆపివేసిరి,Hebrew,Old Testament
H2309,חֶדֶל,"rest",,విశ్రాంతి,Hebrew,Old Testament
H2310,חָדֵל,"chadel (khaw-dale') adj.",,అర్థం తెలియదు,Hebrew,Old Testament
H2311,חַדלַי,"Chadlay (khad-lah'-ee) n/p.",,అర్థం తెలియదు,Hebrew,Old Testament
H2312,חֵדֶק,"a prickly plant",,ముళ్ళ మొక్క,Hebrew,Old Testament
H2313,חִדֶּקֶל,"Chiddeqel (khid-deh'-kel) n/p.",,హదదకల,Hebrew,Old Testament
H2314,חָדַר,"chadar (khaw-dar') v.",,అర్థం తెలియదు,Hebrew,Old Testament
H2315,חֶדֶר,"an apartment (usually literal)",,ఒక గది సాధారణంగా అక్షరాలా,Hebrew,Old Testament
H2316,חֲדַר,"Chadar (khad-ar') n/p.",,అర్థం తెలియదు,Hebrew,Old Testament
H2317,חַדרָך,"Chadrak (khad-rawk') n/l.",,అర్థం తెలియదు,Hebrew,Old Testament
H2318,חָדַשׁ,"chadash (khaw-dash') v.",,అర్థం తెలియదు,Hebrew,Old Testament
H2319,חָדָשׁ,"chadash (khaw-dawsh') adj.",,క్రొత్త,Hebrew,Old Testament
H2320,חוֹדֶשׁ,"the new moon",,చంద్రుడు,Hebrew,Old Testament
H2321,חוֹדֶשׁ,"Chodesh (kho'-desh) n/p.",,అర్థం తెలియదు,Hebrew,Old Testament
H2322,חֲדָשָׁה,"Chadashah (khad-aw-shaw') n/l.",,అర్థం తెలియదు,Hebrew,Old Testament
H2323,חֲדָת,"chadath (khad-ath') adj.",,అర్థం తెలియదు,Hebrew,Old Testament
H2324,חֲוָא,"chava' (khav-aw') v.",,అర్థం తెలియదు,Hebrew,Old Testament
H2325,חוּב חָיַב,"chuwb (khoob) (also chayab khaw-yab') v.",,అర్థం తెలియదు,Hebrew,Old Testament
H2326,חוֹב,"debt",,అప్పు,Hebrew,Old Testament
H2327,חוֹבָה,"chowbah (kho-baw') n/l.",,అర్థం తెలియదు,Hebrew,Old Testament
H2328,חוּג,"chuwg (khoog) v.",,అర్థం తెలియదు,Hebrew,Old Testament
H2329,חוּג,"a circle",,ఒక వృత్తం,Hebrew,Old Testament
H2330,חוּד,"chuwd (khood) v.",,అర్థం తెలియదు,Hebrew,Old Testament
H2331,חָוָה,"chavah (khaw-vah') v.",,అర్థం తెలియదు,Hebrew,Old Testament
H2332,חַוָּה,"Chavvah (khav-vaw') n/p.",,హవ్వ,Hebrew,Old Testament
H2333,חַוָּה,"(by implication) an encampment or village",,పరోక్షంగా ఒక శిబిరం లేదా గ్రామం,Hebrew,Old Testament
H2334,חַוּוֹת יָעִיר,"Chavvowth Ya`iyr (khav-vothe' yaw-eer') n/l.",,హవ్వోత్ యాయీర్,Hebrew,Old Testament
H2335,חוֹזַי,"visionary",,దర్శనముగల,Hebrew,Old Testament
H2336,חוַֹח,"a thorn",,ఒక ముల్లు,Hebrew,Old Testament
H2337,חָוָח,"a dell or crevice (as if pierced in the earth)",,భూమి,Hebrew,Old Testament
H2338,חוּט,"chuwt (khoot) v.",,అర్థం తెలియదు,Hebrew,Old Testament
H2339,חוּט,"a string",,ఒక దారం,Hebrew,Old Testament
H2340,חִוִּי,"a villager",,హివ్వీ,Hebrew,Old Testament
H2341,חֲוִילָה,"Chaviylah (khav-ee-law') n/l.",,ధర్మశాస్త్రం,Hebrew,Old Testament
H2342,חוּל חִיל,"chuwl (khool) (or chiyl kheel) v.",,అర్థం తెలియదు,Hebrew,Old Testament
H2343,חוּל,"Chuwl (khool) n/p.",,అర్థం తెలియదు,Hebrew,Old Testament
H2344,חוֹל,"sand (as round or whirling particles)",,గుండ్రని లేదా తిరుగుతున్న కణాలుగా ఇసుక,Hebrew,Old Testament
H2345,חוּם,"chuwm (khoom) adj.",,అర్థం తెలియదు,Hebrew,Old Testament
H2346,חוֹמָה,"a wall of protection",,గోడ,Hebrew,Old Testament
H2347,חוּס,"chuwc (khoos) v.",,అర్థం తెలియదు,Hebrew,Old Testament
H2348,חוֹף,"a cove (as a sheltered bay)",,ఒక చిన్న అఖాతం, ఆశ్రయం కలిగిన బే వలె,Hebrew,Old Testament
H2349,חוּפָם,"Chuwpham (khoo-fawm') n/p.",,అర్థం తెలియదు,Hebrew,Old Testament
H2350,חוּפָמִי,"a Chuphamite or descendant of Chupham",,అంతం,Hebrew,Old Testament
H2351,חוּץ חוּץ,"(properly) separate by a wall",,గోడ,Hebrew,Old Testament
H2352,חוּר חוּר,"the crevice of a serpent",,సర్పం,Hebrew,Old Testament
H2353,חוּר,"white linen",,తెల్లటి నార బట్ట,Hebrew,Old Testament
H2354,חוּר,"Chuwr (khoor) n/p.",,అర్థం తెలియదు,Hebrew,Old Testament
H2355,חוֹר,"white linen",,తెల్లటి నార బట్ట,Hebrew,Old Testament
H2356,חוֹר חוֹר,"a cavity",,ఒక బోలు,Hebrew,Old Testament
H2357,חָרַר,"chavar (khaw-var') v.",,అర్థం తెలియదు,Hebrew,Old Testament
H2358,חִוָּר,"chivvar (khiv-vawr') adj.",,అర్థం తెలియదు,Hebrew,Old Testament
H2359,חוּרִי,"Chuwriy (khoo-ree') n/p.",,అర్థం తెలియదు,Hebrew,Old Testament
H2360,חוּרַי,"Chuwray (khoo-rah'ee) n/p.",,అర్థం తెలియదు,Hebrew,Old Testament
H2361,חוּרָם,"Chuwram (khoo-rawm') n/p.",,అర్థం తెలియదు,Hebrew,Old Testament
H2362,חַורָן,"Chavran (khav-rawn') n/l.",,అర్థం తెలియదు,Hebrew,Old Testament
H2363,חוּשׁ,"chuwsh (koosh) v.",,అర్థం తెలియదు,Hebrew,Old Testament
H2364,חוּשָׁה,"Chuwshah (khoo-shaw') n/p.",,అర్థం తెలియదు,Hebrew,Old Testament
H2365,חוּשַׁי,"Chuwshay (khoo-shah'-ee) n/p.",,అర్థం తెలియదు,Hebrew,Old Testament
H2366,חוּשִׁים חוּשִׁים חוּשִׁם,"Chuwshiym (khoo-sheem') (or Chushiym khoo-shem' or Chushim khoo- sheem'",,అర్థం తెలియదు,Hebrew,Old Testament
H2367,חוּשָׁם חוּשָׁם,"Chuwsham (khoo-shawm') (or Chusham khoo-shawm') n/p.",,హుషాము,Hebrew,Old Testament
H2368,חוֹתָם חוֹתָם,"a signature-ring",,ముద్ర ఉంగరం,Hebrew,Old Testament
H2369,חוֹתָם,"Chowtham (kho-thawm') n/p.",,అర్థం తెలియదు,Hebrew,Old Testament
H2370,חֲזָא חֲזָה,"chaza' (khaz-aw') ((Aramaic) or chazah (Aramaic) khaz-aw') v.",,అర్థం తెలియదు,Hebrew,Old Testament
H2371,חֲזָאֵל חֲזָהאֵל,"Chaza'el (khaz-aw-ale') (or Chazahoel khaz-aw-ale') n/p.",,హజాయేలు,Hebrew,Old Testament
H2372,חָזָה,"chazah (khaw-zaw') v.",,చూచు,Hebrew,Old Testament
H2373,חָזֶה,"the breast (as most seen in front)",,రొమ్ము,Hebrew,Old Testament
H2374,חוֹזֶה,"a beholder in vision",,పాత,Hebrew,Old Testament
H2375,חֲזוֹ,"Chazow (khaz-o') n/p.",,హజోవు,Hebrew,Old Testament
H2376,חֵזֶו,"a sight",,చూపు,Hebrew,Old Testament
H2377,חָזוֹן,"a sight (mentally)",,మానసికంగా ఒక చూపు,Hebrew,Old Testament
H2378,חָזוֹת,"a revelation",,ఒక ప్రత్యక్షత,Hebrew,Old Testament
H2379,חֲזוֹת,"a view",,ఒక అభిప్రాయం,Hebrew,Old Testament
H2380,חָזוּת,"a look",,ఒక చూపు,Hebrew,Old Testament
H2381,חֲזִיאֵל,"Chaziy'el (khaz-ee-ale') n/p.",,హజీయేలు,Hebrew,Old Testament
H2382,חֲזָיָה,"Chazayah (khaz-aw-yaw') n/p.",,హజాయా,Hebrew,Old Testament
H2383,חֶזיוֹן,"Chezyown (khez-yone') n/p.",,ఒకటి,Hebrew,Old Testament
H2384,חִזָּיוֹן,"a revelation",,ఒక ప్రత్యక్షత,Hebrew,Old Testament
H2385,חֲזִיז,"a flash of lightning",,వెలుగు,Hebrew,Old Testament
H2386,חֲזִיר,"a hog (perhaps as penned)",,పంది,Hebrew,Old Testament
H2387,חֵזִיר,"Cheziyr (khay-zeer') n/p.",,హేజీరు,Hebrew,Old Testament
H2388,חָזַק,"chazaq (khaw-zak') v.",ఖాజక్,బలపరచు,Hebrew,Old Testament
H2389,חָזָק,"chazaq (khaw-zawk') adj.",,బలమైన,Hebrew,Old Testament
H2390,חָזֵק,"chazeq (khaw-zake') adj.",,బలమైన,Hebrew,Old Testament
H2391,חֵזֶק,"help",,సహాయం,Hebrew,Old Testament
H2392,חוֹזֶק,"power",,శక్తి,Hebrew,Old Testament
H2393,חֶזקָה,"prevailing power",,ప్రబలమైన శక్తి,Hebrew,Old Testament
H2394,חָזקָה,"vehemence (usually in a bad sense)",,దుర్మార్గపు ఉధృతి,Hebrew,Old Testament
H2395,חִזקִי,"Chizqiy (khiz-kee') n/p.",,హిజ్కియా,Hebrew,Old Testament
H2396,חִזקִיָה חִזקִיָהוּ יְחִזקִיָה יְחִזקִיָהוּ,"Chizqiyah (khiz-kee-yaw') (or Chizqiyahuw khiz-kee-yaw'-hoo also Ychizqiyah yekh-iz-kee-yaw'",,హిజ్కియా,Hebrew,Old Testament
H2397,חָח חָחִי,"a ring for the nose (or lips)",,ముక్కుకు లేదా పెదవులకు ఉంగరం,Hebrew,Old Testament
H2398,חָטָא,"chata' (khaw-taw') v.",ఖాటా,పాపం చేయు,Hebrew,Old Testament
H2399,חֵטא,"a crime or its penalty",,నేరం లేదా దాని శిక్ష,Hebrew,Old Testament
H2400,חַטָּא,"chatta' (khat-taw') adj.",,పాపముగల,Hebrew,Old Testament
H2401,חֲטָאָה,"an offence",,నేరం,Hebrew,Old Testament
H2402,חַטָּאָה,"an offence",,నేరం,Hebrew,Old Testament
H2403,חַטָּאָה חַטָּאתּ,"an offence (sometimes habitual sinfulness)",ఖట్టాత్,పాపం,Hebrew,Old Testament
H2404,חָטַב,"chatab (khaw-tab') v.",,నరుకు,Hebrew,Old Testament
H2405,חֲטוּבָה,"(properly) a carving",,సరిగా చెక్కుట,Hebrew,Old Testament
H2406,חִטָּה,"wheat",,గోధుమలు,Hebrew,Old Testament
H2407,חַטּוּשׁ,"Chattuwsh (khat-toosh') n/p.",,హత్తుష్,Hebrew,Old Testament
H2408,חֲטִי,"an offence",,నేరం,Hebrew,Old Testament
H2409,חַטָּיָא,"an expiation",,ప్రాయశ్చిత్తం,Hebrew,Old Testament
H2410,חֲטִיטָּא,"Chatiyta' (khat-ee-taw') n/p.",,హతీతా,Hebrew,Old Testament
H2411,חַטִּיל,"Chattiyl (khat-teel') n/p.",,హట్టీల్,Hebrew,Old Testament
H2412,חֲטִיפָא,"Chatiypha' (khat-ee-faw') n/p.",,హతీఫా,Hebrew,Old Testament
H2413,חָטַם,"chatam (khaw-tam') v.",,ముద్రించు,Hebrew,Old Testament
H2414,חָטַף,"chataph (khaw-taf') v.",,లాగు,Hebrew,Old Testament
H2415,חוֹטֵר,"a twig",,చిన్న కొమ్మ,Hebrew,Old Testament
H2416,חַי,"chay (khah'-ee) adj.",ఖయ్,జీవం,Hebrew,Old Testament
H2417,חַי,"chay (khah'-ee) adj.",,సజీవమైన,Hebrew,Old Testament
H2418,חֲיָא חֲיָה,"chaya' (khah-yaw') ((Aramaic) or chayah (Aramaic) khah-yaw') v.",,జీవించు,Hebrew,Old Testament
H2419,חִיאֵל,"Chiy'el (khee-ale') n/p.",,హీయేల్,Hebrew,Old Testament
H2420,חִידָּה,"a puzzle",,ఒక చిక్కు ప్రశ్న,Hebrew,Old Testament
H2421,חָיָה,"chayah (khaw-yaw') v.",ఖాయా,జీవించు,Hebrew,Old Testament
H2422,חָיֶה,"chayeh (khaw-yeh') adj.",,సజీవమైన,Hebrew,Old Testament
H2423,חֵיוָא,"an animal",,జంతువు,Hebrew,Old Testament
H2424,חַיוּת,"life",,జీవితం,Hebrew,Old Testament
H2425,חָיַי,"chayay (khaw-yah'-ee) v.",,అర్థం తెలియదు,Hebrew,Old Testament
H2426,חֵיל חֵל,"an army",,సైన్యం,Hebrew,Old Testament
H2427,חִיל חִילָה,"a throe (expectant of childbirth)",,బిడ్డ,Hebrew,Old Testament
H2428,חַיִל,"probably a force",ఖయిల్,బలం,Hebrew,Old Testament
H2429,חַיִל,"an army",,సైన్యము,Hebrew,Old Testament
H2430,חֵילָה,"an intrenchment",,ఒక కందకం,Hebrew,Old Testament
H2431,חֵילָם חֵלאָם,"Cheylam (khay-lawm') (or Cheleam khay-lawm') n/p.",,ధర్మశాస్త్రం,Hebrew,Old Testament
H2432,חִילֵן,"Chiylen (khee-lane') n/l.",,అర్థం తెలియదు,Hebrew,Old Testament
H2433,חִין,"beauty",,అందం,Hebrew,Old Testament
H2434,חַיִץ,"a wall",,గోడ,Hebrew,Old Testament
H2435,חִיצּוֹן,"chiytsown (khee-tsone') adj.",,కుమారుడు,Hebrew,Old Testament
H2436,חֵיק חֵק חוֹק,"the bosom (literally or figuratively)",,రొమ్ము,Hebrew,Old Testament
H2437,חִירָה,"Chiyrah (khee-raw') n/p.",,అర్థం తెలియదు,Hebrew,Old Testament
H2438,חִירָם חִירוֹם,"Chiyram (khee-rawm') (or Chiyrowm khee-rome') n/p.",,అర్థం తెలియదు,Hebrew,Old Testament
H2439,חִישׁ,"chiysh (kheesh) v.",,అర్థం తెలియదు,Hebrew,Old Testament
H2440,חִישׁ,"chiysh (kheesh) adv.",,అర్థం తెలియదు,Hebrew,Old Testament
H2441,חֵך,"(properly) the palate or inside of the mouth",,నోరు,Hebrew,Old Testament
H2442,חָכָה,"chakah (khaw-kaw') v.",,అర్థం తెలియదు,Hebrew,Old Testament
H2443,חַכָּה,"a hook (as adhering)",,అతుక్కుని ఉండే ఒక కొక్కెం,Hebrew,Old Testament
H2444,חֲכִילָה,"Chakiylah (khak-ee-law') n/l.",,ధర్మశాస్త్రం,Hebrew,Old Testament
H2445,חַכִּים,"chakkiym (khak-keem') adj.",,అర్థం తెలియదు,Hebrew,Old Testament
H2446,חֲכַליָה,"Chakalyah (khak-al-yaw') n/p.",,హకల్యా,Hebrew,Old Testament
H2447,חַכלִיל,"chakliyl (khak-leel') adj.",,అర్థం తెలియదు,Hebrew,Old Testament
H2448,חַכלִלוּת,"chakliluwth (khak-lee-looth') adj.",,అర్థం తెలియదు,Hebrew,Old Testament
H2449,חָכַם,"chakam (khaw-kam') v.",,అర్థం తెలియదు,Hebrew,Old Testament
H2450,חָכָם,"chakam (khaw-kawm') adj.",,జ్ఞానవంతుడు,Hebrew,Old Testament
H2451,חָכמָה,"wisdom (in a good sense)",ఖొక్మా,జ్ఞానం,Hebrew,Old Testament
H2452,חָכמָה,"wisdom",,జ్ఞానం,Hebrew,Old Testament
H2453,חַכמוֹנִי,"skilful",,నైపుణ్యం గల,Hebrew,Old Testament
H2454,חָכמוֹת חַכמוֹת,"wisdom",,జ్ఞానం,Hebrew,Old Testament
H2455,חוֹל,"(properly) exposed",,సరిగా బహిర్గతం చేయబడింది,Hebrew,Old Testament
H2456,חָלָא,"chala' (khaw-law') v.",,ధర్మశాస్త్రం,Hebrew,Old Testament
H2457,חֶלאָה,"(properly) disease",,సముద్రం,Hebrew,Old Testament
H2458,חֶלאָה,"Chel'ah (khel-aw') n/p.",,షెలా,Hebrew,Old Testament
H2459,חֶלֶב חֵלֶב,"fat",,కొవ్వు,Hebrew,Old Testament
H2460,חֵלֶב,"Cheleb (khay'-leb) n/p.",,కొవ్వు,Hebrew,Old Testament
H2461,חָלָב,"milk (as the richness of kine)",,పాలు,Hebrew,Old Testament
H2462,חֶלבָּה,"Chelbah (khel-baw') n/l.",,అర్థం తెలియదు,Hebrew,Old Testament
H2463,חֶלבּוֹן,"Chelbown (khel-bone') n/l.",,ఒకటి,Hebrew,Old Testament
H2464,חֶלבְּנָה,"galbanam",,గల్బనమ్,Hebrew,Old Testament
H2465,חֶלֶד,"life (as a fleeting portion of time)",,జీవితం,Hebrew,Old Testament
H2466,חֵלֶד,"cheled (khay'-led) n/p.",,హేలెడ్,Hebrew,Old Testament
H2467,חוֹלֶד,"a weasel (from its gliding motion)",,దాని జారుడు కదలిక నుండి ఒక ముంగిస,Hebrew,Old Testament
H2468,חוּלדָּה,"Chuldah (khool-daw') n/p.",,హుల్దా,Hebrew,Old Testament
H2469,חֶלדַּי,"Chelday (khel-dah'-ee) n/p.",,దినము,Hebrew,Old Testament
H2470,חָלָה,"chalah (khaw-law') v.",,ధర్మశాస్త్రం,Hebrew,Old Testament
H2471,חַלָּה,"a cake (as usually punctured)",,సాధారణంగా కుట్టిన కేక్,Hebrew,Old Testament
H2472,חֲלוֹם חֲלוֹם,"a dream",,కల,Hebrew,Old Testament
H2473,חוֹלוֹן חוֹלוֹן,"Cholown (kho-lone') (or (shortened) Cholon kho-lone') n/l.",,ఒకటి,Hebrew,Old Testament
H2474,חַלּוֹן,"challown (khal-lone') n-e.",,ఒకటి,Hebrew,Old Testament
H2475,חֲלוֹף,"(properly) surviving",,సరిగా ప్రాణాలతో బయటపడిన,Hebrew,Old Testament
H2476,חֲלוּשָׁה,"defeat",,ఓటమి,Hebrew,Old Testament
H2477,חֲלַח,"Chalach (khal-akh') n/l.",,హలక్,Hebrew,Old Testament
H2478,חַלחוּל,"Chalchuwl (khal-khool') n/l.",,హల్కూల్,Hebrew,Old Testament
H2479,חַלחָלָה,"writhing (in childbirth)",,బిడ్డ,Hebrew,Old Testament
H2480,חָלַט,"chalat (khaw-lat') v.",,హలాట్,Hebrew,Old Testament
H2481,חֲלִי,"a trinket (as polished)",,మెరుగుపెట్టిన ఒక ఆభరణం,Hebrew,Old Testament
H2482,חֲלִי,"Chaliy (khal-ee') n/l.",,హలీ,Hebrew,Old Testament
H2483,חֳלִי,"malady",ఖొలీ,వ్యాధి,Hebrew,Old Testament
H2484,חֶליָה,"a trinket",,ఒక ఆభరణం,Hebrew,Old Testament
H2485,חָלִיל,"a flute (as perforated)",,రంధ్రాలుగల పిల్లనగ్రోవి,Hebrew,Old Testament
H2486,חָלִילָה חָלִלָה,"chaliylah (khaw-lee'-law) (or chalilah khaw-lee'-law) inj.",,ధర్మశాస్త్రం,Hebrew,Old Testament
H2487,חֲלִיפָה,"alternation",,జాతి,Hebrew,Old Testament
H2488,חֲלִיצָּה,"spoil",,నూనె,Hebrew,Old Testament
H2489,חֵלְכָא חֵלְכָה,"chelka' (khay-lek-aw') (or chelkah khay-lek-aw') adj.",,అర్థం తెలియదు,Hebrew,Old Testament
H2490,חָלַל,"chalal (khaw-lal') v.",,అర్థం తెలియదు,Hebrew,Old Testament
H2491,חָלָל,"chalal (khaw-lawl') adj.",,ధర్మశాస్త్రం,Hebrew,Old Testament
H2492,חָלַם,"חלם",ఖాలమ్,కలగను,Hebrew,Old Testament
H2493,חֵלֶם,"a dream",,కల,Hebrew,Old Testament
H2494,חֵלֶם,"Chelem (khay'lem) n/p.",,అర్థం తెలియదు,Hebrew,Old Testament
H2495,חַלָּמוּת,"probably purslain",,బహుశా పచ్చికూర,Hebrew,Old Testament
H2496,חַלָּמִישׁ,"flint",,చకుముకి రాయి,Hebrew,Old Testament
H2497,חֵלוֹן,"Chelon (khay-lone') n/p.",,ఒకటి,Hebrew,Old Testament
H2498,חָלַף,"chalaph (khaw-laf') v.",,అర్థం తెలియదు,Hebrew,Old Testament
H2499,חֲלַף,"chalaph (khal-af') v.",,అర్థం తెలియదు,Hebrew,Old Testament
H2500,חֵלֶף,"(properly) exchange",,సరిగా మార్పిడి,Hebrew,Old Testament
H2501,חֶלֶף,"Cheleph (kheh'lef) n/l.",,అర్థం తెలియదు,Hebrew,Old Testament
H2502,חָלַץ,"chalats (khaw-lats') v.",,అర్థం తెలియదు,Hebrew,Old Testament
H2503,חֶלֶץ חֵלֶץ,"Chelets (kheh'-lets) (or Chelets khay'-lets) n/p.",,అర్థం తెలియదు,Hebrew,Old Testament
H2504,חָלָץ,"only in the dual",,జంటగా మాత్రమే,Hebrew,Old Testament
H2505,חָלַק,"chalaq (khaw-lak') v.",,అర్థం తెలియదు,Hebrew,Old Testament
H2506,חֵלֶק,"(properly) smoothness (of the tongue)",,నాలుక,Hebrew,Old Testament
H2507,חֵלֶק,"Cheleq (khay'-lek) n/p.",,అర్థం తెలియదు,Hebrew,Old Testament
H2508,חֲלָק,"a part",,ఒక భాగం,Hebrew,Old Testament
H2509,חָלָק,"chalaq (khaw-lawk') adj.",,ధర్మశాస్త్రం,Hebrew,Old Testament
H2510,חָלָק,"Chalaq (khaw-lawk') n/l.",,ధర్మశాస్త్రం,Hebrew,Old Testament
H2511,חַלָּק,"smooth",,నునుపైన,Hebrew,Old Testament
H2512,חַלּוּק,"smooth",,మృదువైన,Hebrew,Old Testament
H2513,חֶלקָה,"(properly) smoothness",,సరిగా నునుపుదనం,Hebrew,Old Testament
H2514,חֲלַקָּה,"flattery",,ముఖస్తుతి,Hebrew,Old Testament
H2515,חֲלוּקָּה,"a distribution",,పంపిణీ,Hebrew,Old Testament
H2516,חֶלקִי,"a Chelkite or descendant of Chelek",,అంతం,Hebrew,Old Testament
H2517,חֶלקַי,"Chelqay (khel-kah'ee) n/p.",,అర్థం తెలియదు,Hebrew,Old Testament
H2518,חִלקִיָה חִלקִיָהוּ,"Chilqiyah (khil-kee-yaw') (or Chilqiyahuw khil-kee-yaw'-hoo') n/p.",,అర్థం తెలియదు,Hebrew,Old Testament
H2519,חֲלַקלַקָּה,"(properly) something very smooth",,సరిగా చాలా నునుపైనది,Hebrew,Old Testament
H2520,חֶלקַת,"Chelqath (khel-kath') n/l.",,అర్థం తెలియదు,Hebrew,Old Testament
H2521,חֶלקַת הַצּוּרִים,"Chelqath hats-Tsu-riym (khel-kath' hats-tsoo-reem') n/l.",,అర్థం తెలియదు,Hebrew,Old Testament
H2522,חָלַשׁ,"chalash (khaw-lash') v.",,అర్థం తెలియదు,Hebrew,Old Testament
H2523,חַלָּשׁ,"challash (khal-lawsh') adj.",,ధర్మశాస్త్రం,Hebrew,Old Testament
H2524,חָם,"a father-in-law (as in affinity)",,తండ్రి,Hebrew,Old Testament
H2525,חָם,"cham (khawm) adj.",,వేడి,Hebrew,Old Testament
H2526,חָם,"Cham (khawm) n/l.",,హాము,Hebrew,Old Testament
H2527,חוֹם,"heat",,వేడి,Hebrew,Old Testament
H2528,חֱמָא חֲמָה,"anger",,కోపం,Hebrew,Old Testament
H2529,חֶמאָה חֵמָה,"curdled milk or cheese",,పాలు,Hebrew,Old Testament
H2530,חָמַד,"to delight in",,వెలుగు,Hebrew,Old Testament
H2531,חֶמֶד,"delight",,వెలుగు,Hebrew,Old Testament
H2532,חֶמדָּה,"chemdah (khem-daw') adj.",,అర్థం తెలియదు,Hebrew,Old Testament
H2533,חֶמדָּן,"Chemdan (khem-dawn') n/p.",,అర్థం తెలియదు,Hebrew,Old Testament
H2534,חֵמָה חֵמָא,"heat",,వేడి,Hebrew,Old Testament
H2535,חַמָּה,"heat",,ఉష్ణం,Hebrew,Old Testament
H2536,חַמּוּאֵל,"Chammuw'el (kham-moo-ale') n/p.",,అర్థం తెలియదు,Hebrew,Old Testament
H2537,חֲמוּטַל חֲמִיטַּל,"Chamuwtal (kham-oo-tal') (or Chamiytal kham-ee-tal') n/p.",,అర్థం తెలియదు,Hebrew,Old Testament
H2538,חָמוּל,"Chamuwl (khaw-mool') n/p.",,అర్థం తెలియదు,Hebrew,Old Testament
H2539,חָמוּלִי,"Hamulites",,అర్థం తెలియదు,Hebrew,Old Testament
H2540,חַמּוֹן,"Chammown (kham-mone') n/l.",,ఒకటి,Hebrew,Old Testament
H2541,חָמוֹץ,"(properly) violent",,సరిగా హింసాత్మకమైన,Hebrew,Old Testament
H2542,חַמּוּק,"a wrapping",,చుట్టడం,Hebrew,Old Testament
H2543,חֲמוֹר חֲמוֹר,"a male donkey (from its dun red)",,గాడిద,Hebrew,Old Testament
H2544,חֲמוֹר,"Chamowr (kham-ore') n/p.",,గాడిద,Hebrew,Old Testament
H2545,חֲמוֹת חֲמוֹת,"a mother-in-law",,తల్లి,Hebrew,Old Testament
H2546,חוֹמֶט,"a lizard (as creeping)",,బల్లులు ప్రాకుతున్నట్లు,Hebrew,Old Testament
H2547,חוּמטָּה,"Chumtah (khoom-taw') n/l.",,అర్థం తెలియదు,Hebrew,Old Testament
H2548,חָמִיצּ,"chamiyts (khaw-meets') adj.",,అర్థం తెలియదు,Hebrew,Old Testament
H2549,חֲמִישִׁי חֲמִשִּׁי,"chamiyshiy (kham-ee-shee') (or chamishshiy kham-ish-shee') adj.",,ఐదవ,Hebrew,Old Testament
H2550,חָמַל,"chamal (khaw-mal') v.",,అర్థం తెలియదు,Hebrew,Old Testament
H2551,חֶמלָה,"commiseration",,జాలి,Hebrew,Old Testament
H2552,חָמַם,"chamam (khaw-mam') v.",,అర్థం తెలియదు,Hebrew,Old Testament
H2553,חַמָּן,"a sun-pillar",,సూర్యుడు,Hebrew,Old Testament
H2554,חָמַס,"chamac (khaw-mas') v.",,హింసించు,Hebrew,Old Testament
H2555,חָמָס,"violence",,హింస,Hebrew,Old Testament
H2556,חָמֵץ,"chamets (khaw-mates') v.",ఖామేత్స్,పులిసిన,Hebrew,Old Testament
H2557,חָמֵץ,"ferment",,పులియబెట్టు,Hebrew,Old Testament
H2558,חוֹמֶץ,"vinegar",,వెనిగర్,Hebrew,Old Testament
H2559,חָמַק,"chamaq (khaw-mak') v.",,అర్థం తెలియదు,Hebrew,Old Testament
H2560,חָמַר,"chamar (khaw-mar') v.",,అర్థం తెలియదు,Hebrew,Old Testament
H2561,חֶמֶר,"wine (as fermenting)",,ద్రాక్షారసం,Hebrew,Old Testament
H2562,חֲמַר,"wine",,ద్రాక్షారసం,Hebrew,Old Testament
H2563,חוֹמֶר,"(properly) a bubbling up",,బంకమట్టి,Hebrew,Old Testament
H2564,חֵמָר,"bitumen (as rising to the surface)",,పాపం,Hebrew,Old Testament
H2565,חֲמוֹרָה,"a heap",,కుప్ప,Hebrew,Old Testament
H2566,חַמרָן,"Chamran (kham-rawn') n/p.",,అర్థం తెలియదు,Hebrew,Old Testament
H2567,חָמַשׁ,"chamash (khaw-mash') v.",,అర్థం తెలియదు,Hebrew,Old Testament
H2568,חָמֵשׁ חֲמִשָּׁה,"chamesh (khaw-maysh') (masculine chamishshah kham-ish-shaw) n-e.",,అయిదు,Hebrew,Old Testament
H2569,חוֹמֶשׁ,"a fifth tax",,ఐదవ పన్ను,Hebrew,Old Testament
H2570,חוֹמֶשׁ,"the abdomen (as obese)",,బొడ్డు కింద ఊబకాయం,Hebrew,Old Testament
H2571,חָמוּשׁ,"chamush (khaw-moosh') adj.",,అర్థం తెలియదు,Hebrew,Old Testament
H2572,חֲמִשִּׁים,"chamishshiym (kham-ish-sheem') num.",,యాభై,Hebrew,Old Testament
H2573,חֵמֶת,"a skin bottle (as tied up)",,చర్మపు సీసా మూసి కట్టినట్లు,Hebrew,Old Testament
H2574,חֲמָת,"Chamath (kham-awth') n/l.",,అర్థం తెలియదు,Hebrew,Old Testament
H2575,חַמַּת,"Chammath (klam-math') n/l.",,అర్థం తెలియదు,Hebrew,Old Testament
H2576,חַמּוֹת דּוֹאר,"Chammoth Do'r (kham-moth' dore) n/l.",,అర్థం తెలియదు,Hebrew,Old Testament
H2577,חֲמָתִי,"a Chamathite or native of Chamath",,హమాతీ,Hebrew,Old Testament
H2578,חֲמַת צּוֹבָה,"Chamath Tsowbah (kham-ath' tso-baw') n/l.",,అర్థం తెలియదు,Hebrew,Old Testament
H2579,חֲמַת רַבָּה,"Chamath Rabbah (kham-ath' rab-baw') n/l.",,అర్థం తెలియదు,Hebrew,Old Testament
H2580,חֵן,"graciousness",ఖేన్,కృప,Hebrew,Old Testament
H2581,חֵן,"Chen (khane) n/p.",,కృప,Hebrew,Old Testament
H2582,חֵנָדָד,"Chenadad (khay-naw-dawd') n/p.",,అర్థం తెలియదు,Hebrew,Old Testament
H2583,חָנָה,"chanah (khaw-naw') v.",,అర్థం తెలియదు,Hebrew,Old Testament
H2584,חַנָּה,"Channah (khan-naw') n/p.",,హన్నా,Hebrew,Old Testament
H2585,חֲנוֹך,"Chanowk (khan-oke') n/l.",,హానోకు,Hebrew,Old Testament
H2586,חָנוּן,"Chanuwn (khaw-noon') n/p.",,అర్థం తెలియదు,Hebrew,Old Testament
H2587,חַנּוּן,"channuwn (khan-noon') adj.",,అర్థం తెలియదు,Hebrew,Old Testament
H2588,חָנוּת,"(properly) a vault or cell (with an arch)",,కమానుతో గది లేదా సెల్,Hebrew,Old Testament
H2589,חַנּוֹת,"supplication",,యాచన,Hebrew,Old Testament
H2590,חָנַט,"to spice",,సుగంధ ద్రవ్యాలు వేయడానికి,Hebrew,Old Testament
H2591,חִנטָּא,"wheat",,గోధుమ,Hebrew,Old Testament
H2592,חַנִּיאֵל,"Channiy'el (khan-nee-ale') n/p.",,హన్నీయేలు,Hebrew,Old Testament
H2593,חָנִיכּ,"chaniyk (kaw-neek') adj.",,అర్థం తెలియదు,Hebrew,Old Testament
H2594,חֲנִינָה,"graciousness",,దయ,Hebrew,Old Testament
H2595,חֲנִיתּ,"a lance (for thrusting",,నెట్టడానికి ఒక బల్లెం,Hebrew,Old Testament
H2596,חָנַך,"chanak (khaw-nak') v.",,అర్థం తెలియదు,Hebrew,Old Testament
H2597,חֲנוּכָּא,"consecration",,ప్రతిష్ఠ,Hebrew,Old Testament
H2598,חֲנוּכָּה,"initiation",,ప్రారంభం,Hebrew,Old Testament
H2599,חֲנוֹכִי,"a Chanokite (collectively) or descendants of Chanok",,అంతం,Hebrew,Old Testament
H2600,חִנָּם,"chinnam (khin-nawm') adv.",,అర్థం తెలియదు,Hebrew,Old Testament
H2601,חֲנַמאֵל,"Chanam'el (khan-am-ale') n/p.",,హనమెయేలు,Hebrew,Old Testament
H2602,חֲנָמָל,"perhaps the aphis or plantlouse",,బహుశా ఆఫిడ్ లేదా మొక్క పేను,Hebrew,Old Testament
H2603,חָנַן,"chanan (khaw-nan') v.",ఖానన్,కరుణించు,Hebrew,Old Testament
H2604,חֲנַן,"chanan (khan-an') v.",,అర్థం తెలియదు,Hebrew,Old Testament
H2605,חָנָן,"Chanan (khaw-nawn') n/p.",,హానాను,Hebrew,Old Testament
H2606,חֲנַנאֵל,"Chanan'el (khan-an-ale') n/p.",,ഹനనేలు,Hebrew,Old Testament
H2607,חֲנָנִי,"Chananiy (khan-aw-nee') n/p.",,హననీయు,Hebrew,Old Testament
H2608,חֲנַניָה חֲנַניָהוּ,"Chananyah (khan-an-yaw') (or Chananyahuw khan-an-yaw'-hoo) n/p.",,హనన్యా లేదా హనన్యాహు,Hebrew,Old Testament
H2609,חָנֵס,"Chanec (khaw-nace') n/l.",,అర్థం తెలియదు,Hebrew,Old Testament
H2610,חָנֵף,"chaneph (khaw-nafe') v.",,అర్థం తెలియదు,Hebrew,Old Testament
H2611,חָנֵף,"chaneph (khaw-nafe') adj.",,అర్థం తెలియదు,Hebrew,Old Testament
H2612,חוֹנֶף,"moral filth",,నీతిమాలిన మురికి,Hebrew,Old Testament
H2613,חֲנוּפָה,"impiety",,భక్తిహీనత,Hebrew,Old Testament
H2614,חָנַק,"chanaq (khaw-nak') v.",,అర్థం తెలియదు,Hebrew,Old Testament
H2615,חַנָּתוֹן,"Channathon (khan-naw-thone') n/l.",,ఒకటి,Hebrew,Old Testament
H2616,חָסַד,"chacad (khaw-sad') v.",,అర్థం తెలియదు,Hebrew,Old Testament
H2617,חֵסֵד,"kindness",ఖెసెద్,కృప,Hebrew,Old Testament
H2618,חֶסֶד,"Checed (kheh'-sed) n/p.",,కృప,Hebrew,Old Testament
H2619,חֲסַדיָה,"Chacadyah (khas-ad-yaw') n/p.",,అర్థం తెలియదు,Hebrew,Old Testament
H2620,חָסָה,"chacah (khaw-saw') v.",,అర్థం తెలియదు,Hebrew,Old Testament
H2621,חוֹסָה,"Chocah (kho-saw') n/l.",,అర్థం తెలియదు,Hebrew,Old Testament
H2622,חָסוּת,"confidence",,నమ్మకం,Hebrew,Old Testament
H2623,חָסִידּ,"chaciyd (khaw-seed') adj.",,విత్తనం,Hebrew,Old Testament
H2624,חֲסִידָּה,"the kind (maternal) bird",,పక్షి,Hebrew,Old Testament
H2625,חָסִיל,"the ravager",,విధ్వంసకుడు,Hebrew,Old Testament
H2626,חֲסִין,"chaciyn (khas-een') adj.",,అర్థం తెలియదు,Hebrew,Old Testament
H2627,חַסִּיר,"chacciyr (khas-seer') adj.",,అర్థం తెలియదు,Hebrew,Old Testament
H2628,חָסַל,"chacal (khaw-sal') v.",,అర్థం తెలియదు,Hebrew,Old Testament
H2629,חָסַם,"chacam (khaw-sam') v.",,అర్థం తెలియదు,Hebrew,Old Testament
H2630,חָסַן,"chacan (khaw-san') v.",,అర్థం తెలియదు,Hebrew,Old Testament
H2631,חֲסַן,"chacan (khas-an') v.",,అర్థం తెలియదు,Hebrew,Old Testament
H2632,חֵסֶן,"strength",,బలం,Hebrew,Old Testament
H2633,חוֹסֶן,"wealth",,సంపద,Hebrew,Old Testament
H2634,חָסוֹן,"chacon (khaw-sone') adj.",,కుమారుడు,Hebrew,Old Testament
H2635,חֲסַף,"a clod",,ఒక మట్టిపెడ్డ,Hebrew,Old Testament
H2636,חַספַּס,"chacpac (khas-pas') v.",,అర్థం తెలియదు,Hebrew,Old Testament
H2637,חָסֵר,"chacer (khaw-sare') v.",,అర్థం తెలియదు,Hebrew,Old Testament
H2638,חָסֵר,"chacer (khaw-sare') adj.",,అర్థం తెలియదు,Hebrew,Old Testament
H2639,חֶסֶר,"lack",,కొరత,Hebrew,Old Testament
H2640,חוֹסֶר,"poverty",,పేదరికం,Hebrew,Old Testament
H2641,חַסרָה,"Chacrah (khas-raw') n/p.",,అర్థం తెలియదు,Hebrew,Old Testament
H2642,חֶסרוֹן,"deficiency",,లోపం,Hebrew,Old Testament
H2643,חַף,"chaph (khaf) adj.",,అర్థం తెలియదు,Hebrew,Old Testament
H2644,חָפָא,"chapha' (khaw-faw') v.",,అర్థం తెలియదు,Hebrew,Old Testament
H2645,חָפָה,"chaphah (khaw-faw') v.",,అర్థం తెలియదు,Hebrew,Old Testament
H2646,חוּפָּה,"a canopy",,ఒక పందిరి,Hebrew,Old Testament
H2647,חוּפָּה,"Chuppah (khoop-paw') n/p.",,అర్థం తెలియదు,Hebrew,Old Testament
H2648,חָפַז,"chaphaz (khaw-faz') v.",,అర్థం తెలియదు,Hebrew,Old Testament
H2649,חִפָּזוֹן,"hasty flight",,వెలుగు,Hebrew,Old Testament
H2650,חוּפִּים,"Chuppiym (khoop-peem') n/p.",,అర్థం తెలియదు,Hebrew,Old Testament
H2651,חוֹפֶן,"a fist (only in the dual)",,పిడికిలి మాత్రమే ద్వంద్వంలో,Hebrew,Old Testament
H2652,חָפנִי,"Chophniy (khof-nee') n/p.",,అర్థం తెలియదు,Hebrew,Old Testament
H2653,חָפַף,"chophaph (khaw-faf') v.",,అర్థం తెలియదు,Hebrew,Old Testament
H2654,חָפֵץ,"chaphets (khaw-fates') v.",,అర్థం తెలియదు,Hebrew,Old Testament
H2655,חָפֵץ,"chaphets (khaw-fates') adj.",,అర్థం తెలియదు,Hebrew,Old Testament
H2656,חֵפֶץ,"pleasure",,సతషమ,Hebrew,Old Testament
H2657,חֶפצִּי בָּהּ,"Chephtsiy bahh (khef-tsee'baw) n/p.",,అర్థం తెలియదు,Hebrew,Old Testament
H2658,חָפַר,"chaphar (khaw-far') v.",,తవ్వు,Hebrew,Old Testament
H2659,חָפֵר,"chapher (khaw-fare') v.",,అర్థం తెలియదు,Hebrew,Old Testament
H2660,חֵפֶר,"Chepher (khay'-fer) n/l.",,అర్థం తెలియదు,Hebrew,Old Testament
H2661,חֲפוֹר חַפַרפֵּרָה,"a burrower",,అర్థం తెలియదు,Hebrew,Old Testament
H2662,חֶפרִי,"a Chephrite (collectively) or descendants of Chepher",,అంతం,Hebrew,Old Testament
H2663,חֲפָרַיִם,"Chapharayim (khaf-aw-rah'-yim) n/l.",,అర్థం తెలియదు,Hebrew,Old Testament
H2664,חָפַשׂ,"chaphas (khaw-fas') v.",,అర్థం తెలియదు,Hebrew,Old Testament
H2665,חֵפֶשׂ,"something covert",,అర్థం తెలియదు,Hebrew,Old Testament
H2666,חָפַשׁ,"chaphash (khaw-fash') v.",,అర్థం తెలియదు,Hebrew,Old Testament
H2667,חוֹפֶשׁ,"something spread loosely",,అర్థం తెలియదు,Hebrew,Old Testament
H2668,חוּפשָׁה,"liberty (from slavery)",,బానిస,Hebrew,Old Testament
H2669,חָפשׁוּת חָפשִׁיתּ,"prostration by sickness (with H1004",,అర్థం తెలియదు,Hebrew,Old Testament
H2670,חָפשִׁי,"chophshiy (khof-shee') adj.",,అర్థం తెలియదు,Hebrew,Old Testament
H2671,חֵץ,"(properly) a piercer",,బాణము,Hebrew,Old Testament
H2672,חָצַב חָצֵב,"chatsab (khaw-tsab') (or chatseb khaw-tsabe') v.",,అర్థం తెలియదు,Hebrew,Old Testament
H2673,חָצָה,"chatsah (khaw-tsaw') v.",,అర్థం తెలియదు,Hebrew,Old Testament
H2674,חָצוֹר,"Chatsowr (khaw-tsore') n/l.",,అర్థం తెలియదు,Hebrew,Old Testament
H2675,חָצוֹר חֲדַתּתָּה,"Chatsowr Chadattah (khaw-tsore' khad-at-taw') n/l.",,అర్థం తెలియదు,Hebrew,Old Testament
H2676,חָצוֹת,"the middle (of the night)",,రాత్రి,Hebrew,Old Testament
H2677,חֵצִי,"the half or middle",,సగం లేదా మధ్య,Hebrew,Old Testament
H2678,חִצִּי חֵצִי,"an arrow",,ఒక బాణం,Hebrew,Old Testament
H2679,חֲצִי הַמנוּחוֹת,"Chatsiy ham-Mnuchowth (chat-tsee' ham-men-oo-khoth') n/p.",,అర్థం తెలియదు,Hebrew,Old Testament
H2680,חֲצִי הַמְּנַחתִּי,"Chatsiy ham-Mnachti (khat-see' ham-men-akh-tee') n/p.",,అర్థం తెలియదు,Hebrew,Old Testament
H2681,חָצִיר,"a court or abode",,ఒక కోర్టు లేదా నివాసం,Hebrew,Old Testament
H2682,חָצִיר,"grass",,గడ్డి,Hebrew,Old Testament
H2683,חֵצֶן,"the bosom (as comprised between the arms)",,చేతుల మధ్య ఉన్న రొమ్ము,Hebrew,Old Testament
H2684,חוֹצֶן,"arm",,చేయి,Hebrew,Old Testament
H2685,חֲצַף,"chatsaph (khats-af') v.",,అర్థం తెలియదు,Hebrew,Old Testament
H2686,חָצַץ,"chatsats (khaw-tsats') v.",,అర్థం తెలియదు,Hebrew,Old Testament
H2687,חָצָץ,"(properly) something cutting",,అర్థం తెలియదు,Hebrew,Old Testament
H2688,חַצּוֹן תָּמָר חַצֲצוֹן תָּמָר,"Chatstsown Tamar (khats-ets-one' taw-mawr') (or Chatsatson Tamar khats-ats-one' taw-mawr') n/l.",,కుమారుడు,Hebrew,Old Testament
H2689,חֲצוֹצְרָה,"a trumpet (from its sundered or quavering note)",,సూర్యుడు,Hebrew,Old Testament
H2690,חָצַר חֲצוֹצֵר חֲצוֹרֵר,"chatsar (khaw-tsar') v.",,అర్థం తెలియదు,Hebrew,Old Testament
H2691,חָצֵר,"a yard (as inclosed by a fence)",,ఆవరణము,Hebrew,Old Testament
H2692,חֲצַר אַדָּר,"Chatsar Addar (khats-ar' addawr') n/l.",,అర్థం తెలియదు,Hebrew,Old Testament
H2693,חֲצַר גַּדָּה,"Chatsar Gaddah (khats-ar'gad-daw') n/l.",,అర్థం తెలియదు,Hebrew,Old Testament
H2694,חֲצַר הַתּתִּיכּוֹן,"Chatsar hat-Tiykown (khats-ar' hat-tee-kone') n/l.",,ఒకటి,Hebrew,Old Testament
H2695,חֶצרוֹ,"Chetsrow (khets-ro') n/p.",,అర్థం తెలియదు,Hebrew,Old Testament
H2696,חֶצרוֹן,"Chetsrown (khets-rone') n/l.",,ఒకటి,Hebrew,Old Testament
H2697,חֶצרוֹנִי,"a Chetsronite or (collectively) descendants of Chetsron",,అంతం,Hebrew,Old Testament
H2698,חֲצֵרוֹת,"Chatserowth (khats-ay-roth') n/l.",,హజేరోతు,Hebrew,Old Testament
H2699,חֲצֵרִים,"Chatseriym (khats-ay-reem') n/l.",,హజేరీయులు,Hebrew,Old Testament
H2700,חֲצַרמָוֶת,"Chatsarmaveth (khats-ar-maw'-veth) n/p.",,హసర్మావేతు,Hebrew,Old Testament
H2701,חֲצַר סוּסָה,"Chatsar Cuwcah (khats-ar'soo-saw') n/l.",,హజర్‌ సూసా,Hebrew,Old Testament
H2702,חֲצַר סוּסִים,"Chatsar Cuwciym (khats-ar' soo-seem') n/l.",,హజర్‌ సూసీము,Hebrew,Old Testament
H2703,חֲצַר עֵינוֹן,"Chatsar `Eynown (khats-ar' ay-none') n/l.",,ఒకటి,Hebrew,Old Testament
H2704,חֲצַר עֵינָן,"Chatsar `Eynan (khats-ar' ay-nawn') n/l.",,హజర్‌ ఏనోను,Hebrew,Old Testament
H2705,חֲצַר שׁוּעָל,"Chatsar Shuw`al (khats-ar' shoo-awl') n/l.",,హజర్‌ షూలు,Hebrew,Old Testament
H2706,חוֹק,"an enactment",,శాసనం,Hebrew,Old Testament
H2707,חָקָה,"chaqah (khaw-kaw') v.",,అర్థం తెలియదు,Hebrew,Old Testament
H2708,חוּקָּה,"appointed",,నియమించబడిన,Hebrew,Old Testament
H2709,חֲקוּפָא,"Chaquwpha' (khah-oo-faw') n/p.",,హకూఫా,Hebrew,Old Testament
H2710,חָקַק,"chaqaq (khaw-kak') v.",,అర్థం తెలియదు,Hebrew,Old Testament
H2711,חֵקֶק,"an enactment",,శాసనం,Hebrew,Old Testament
H2712,חוּקּוֹק חוּקוֹק,"Chuqqog (Khook-koke') (or (fully) Chuwqoq khoo-koke') n/l.",,హుక్కోకు,Hebrew,Old Testament
H2713,חָקַר,"chaqar (khaw-kar') v.",,అర్థం తెలియదు,Hebrew,Old Testament
H2714,חֵקֶר,"examination",,జాతి,Hebrew,Old Testament
H2715,חוֹר חוֹר,"(properly) white or pure (from the cleansing or shining power of fire",,అగ్ని,Hebrew,Old Testament
H2716,חֶרֶא חֲרִי,"excrement",,పెంట,Hebrew,Old Testament
H2717,חָרַב חָרֵב,"charab (khaw-rab') (or chareb khaw-rabe') v.",,అర్థం తెలియదు,Hebrew,Old Testament
H2718,חֲרַב,"charab (khar-ab') v.",,అర్థం తెలియదు,Hebrew,Old Testament
H2719,חֶרֶב,"drought",ఖెరెబ్,ఖడ్గం,Hebrew,Old Testament
H2720,חָרֵב,"chareb (khaw-rabe') adj.",,అర్థం తెలియదు,Hebrew,Old Testament
H2721,חוֹרֶב,"drought or desolation",,కరువు లేదా నిర్మానుష్యం,Hebrew,Old Testament
H2722,חוֹרֵב,"Choreb (kho-rabe') n/l.",,హోరేబు,Hebrew,Old Testament
H2723,חָרבָּה,"(properly) drought",,ముఖ్యంగా కరువు,Hebrew,Old Testament
H2724,חָרָבָה,"a desert",,ఎడారి,Hebrew,Old Testament
H2725,חֲרָבוֹן,"parching heat",,వడదెబ్బ,Hebrew,Old Testament
H2726,חַרבּוֹנָא חַרבּוֹנָה,"Charbowna' (khar-bo-naw') (or Charbownah khar-bo-naw') n/p.",,అర్థం తెలియదు,Hebrew,Old Testament
H2727,חָרַג,"charag (khaw-rag') v.",,అర్థం తెలియదు,Hebrew,Old Testament
H2728,חָרגּוֹל,"the leaping insect",,ఎగిరే కీటకం,Hebrew,Old Testament
H2729,חָרַד,"charad (khaw-rad') v.",,అర్థం తెలియదు,Hebrew,Old Testament
H2730,חָרֵד,"chared (khaw-rade') adj.",,అర్థం తెలియదు,Hebrew,Old Testament
H2731,חֲרָדָה,"fear",,చెవి,Hebrew,Old Testament
H2732,חֲרָדָה,"Charadah (khar-aw-daw') n/l.",,అర్థం తెలియదు,Hebrew,Old Testament
H2733,חֲרוֹדִי,"a Charodite",,ఒక చరోడీట్,Hebrew,Old Testament
H2734,חָרָה,"charah (khaw-raw') v.",,కోపము మండు,Hebrew,Old Testament
H2735,חוֹר הַגִּדגָּד,"Chor hag-Gidgad (khore hag-ghid-gawd') n/l.",,ఖోర్ హగ్-గిడ్గడ్,Hebrew,Old Testament
H2736,חַרהֲיָה,"Charhayah (khar-hah-yaw') n/p.",,అర్థం తెలియదు,Hebrew,Old Testament
H2737,חָרוּז,"(properly) pierced",,సరిగా కుట్టిన,Hebrew,Old Testament
H2738,חָרוּל חָרוּל,"(properly) pointed",,సరిగా సూచించిన,Hebrew,Old Testament
H2739,חֲרוּמַף,"charuwmaph (khar-oo-maf') n/p.",,అర్థం తెలియదు,Hebrew,Old Testament
H2740,חָרוֹן חָרוֹן,"a burning of anger",,కోపం యొక్క మంట,Hebrew,Old Testament
H2741,חֲרוּפִי,"a Charuphite or inhabitant of Charuph (or Chariph)",,ఒక చరుఫైట్ లేదా చరుఫ్ లేదా చారిఫ్ నివాసి,Hebrew,Old Testament
H2742,חָרוּץ חָרוּץ,"charuwts (khaw-roots') (or charuts khaw-roots') prt.",,అర్థం తెలియదు,Hebrew,Old Testament
H2743,חָרוּץ,"Charuwts (khaw-roots') n/p.",,ఖరూట్స్,Hebrew,Old Testament
H2744,חַרחוּר,"Charchuwr (khar-khoor') n/p.",,అర్థం తెలియదు,Hebrew,Old Testament
H2745,חַרחַס,"Charchac (khar-khas') n/p.",,అర్థం తెలియదు,Hebrew,Old Testament
H2746,חַרחוּר,"fever (as hot)",,వేడి జ్వరం,Hebrew,Old Testament
H2747,חֶרֶט,"a chisel or graver",,ఒక ఉలి లేదా చెక్కుడు పనిముట్టు,Hebrew,Old Testament
H2748,חַרטּוֹם,"a horoscopist (as drawing magical lines or circles)",,మాయ గీతలు గీసే జాతకాలను చూసేవాడు,Hebrew,Old Testament
H2749,חַרטּוֹם,"magician",,మాంత్రికుడు,Hebrew,Old Testament
H2750,חֳרִי,"a burning (i.e. intense) anger",,పది,Hebrew,Old Testament
H2751,חוֹרִי,"white bread",,రొట్టె,Hebrew,Old Testament
H2752,חוֹרִי,"cave-dweller or troglodyte",,బావి,Hebrew,Old Testament
H2753,חוֹרִי חוֹרִי,"Choriy (kho-ree') (or Chowriy kho-ree') n/p.",,హోరీ,Hebrew,Old Testament
H2754,חָרִיטּ חָרִט,"(properly) cut out (or hollow)",,సరిగా కత్తిరించిన లేదా బోలుగా ఉన్న,Hebrew,Old Testament
H2755,חֲרֵי ־ יוֹנִים חֲרָאיוֹן,"excrements of doves",,పావురాల విసర్జన,Hebrew,Old Testament
H2756,חָרִיף,"Chariyph (khaw-reef') n/p.",,చారియఫ్,Hebrew,Old Testament
H2757,חָרִיצּ חָרִץ,"(properly) incisure or (passively) incised",,సరిగా చేసిన కోత లేదా నిష్క్రియంగా కోయబడినది,Hebrew,Old Testament
H2758,חָרִישׁ,"ploughing or its season",,కుమారుడు,Hebrew,Old Testament
H2759,חֲרִישִׁי,"chariyshiy (khar-ee-shee') adj.",,అర్థం తెలియదు,Hebrew,Old Testament
H2760,חָרַך,"charak (khaw-rak') v.",,అర్థం తెలియదు,Hebrew,Old Testament
H2761,חֲרַך,"charak (khar-ak') v.",,అర్థం తెలియదు,Hebrew,Old Testament
H2762,חֶרֶך,"(properly) a net",,సరిగా ఒక వల,Hebrew,Old Testament
H2763,חָרַם,"charam (khaw-ram') v.",,అర్థం తెలియదు,Hebrew,Old Testament
H2764,חֵרֶם חֶרֶם,"physical (as shutting in) a net (either literally or figuratively)",,అర్థం తెలియదు,Hebrew,Old Testament
H2765,חֳרֵם,"Chorem (khor-ame') n/l.",,అర్థం తెలియదు,Hebrew,Old Testament
H2766,חָרִם,"Charim (khaw-reem') n/p.",ఖారర్,కాల్చు,Hebrew,Old Testament
H2767,חָרמָה,"Chormah (khor-maw') n/l.",,అర్థం తెలియదు,Hebrew,Old Testament
H2768,חֶרמוֹן,"Chermown (kher-mone') n/p.",,ఒకటి,Hebrew,Old Testament
H2769,חֶרמוֹנִים,"Chermowniym (kher-mo-neem') n/p.",,అర్థం తెలియదు,Hebrew,Old Testament
H2770,חֶרמֵשׁ,"a sickle (as cutting)",,కొడవలి,Hebrew,Old Testament
H2771,חָרָן,"Charan (kaw-rawn') n/l.",,హారాను,Hebrew,Old Testament
H2772,חוֹרוֹנִי,"a Choronite or inhabitant of Choronaim",,అర్థం తెలియదు,Hebrew,Old Testament
H2773,חוֹרוֹנַיִם,"Choronayim (kho-ro-nah'-yim) n/p.",,ఖొరొనాయిమ్,Hebrew,Old Testament
H2774,חַרנֶפֶר,"Charnepher (khar-neh'fer) n/p.",,అర్థం తెలియదు,Hebrew,Old Testament
H2775,חֶרֶס חַרסָה,"the itch",,దురద,Hebrew,Old Testament
H2776,חֶרֶס,"Cherec (kheh'-res) n/l.",,ఖెరెకు,Hebrew,Old Testament
H2777,חַרסוּת,"a potsherd",,పెంకు,Hebrew,Old Testament
H2778,חָרַף,"charaph. (khaw-raf') v.",,అర్థం తెలియదు,Hebrew,Old Testament
H2779,חוֹרֶף,"(properly) the crop gathered",,కోత,Hebrew,Old Testament
H2780,חָרֵף,"Chareph (khaw-rafe') n/p.",,ఖారెఫ్,Hebrew,Old Testament
H2781,חֶרפָּה,"contumely",,అసభ్యత,Hebrew,Old Testament
H2782,חָרַץ,"charats (khaw-rats') v.",,అర్థం తెలియదు,Hebrew,Old Testament
H2783,חֲרַץ,"the loin (as the seat of strength)",,సముద్రం,Hebrew,Old Testament
H2784,חַרצּוּבָּה,"a fetter",,సంకెళ్లు,Hebrew,Old Testament
H2785,חַרצַּן,"a sour grape (as sharp in taste)",,పుల్లని ద్రాక్ష,Hebrew,Old Testament
H2786,חָרַק,"charaq (khaw-rak') v.",,అర్థం తెలియదు,Hebrew,Old Testament
H2787,חָרַר,"charar (khaw-rar') v.",,అర్థం తెలియదు,Hebrew,Old Testament
H2788,חָרֵר,"arid",,శుష్కమైన,Hebrew,Old Testament
H2789,חֶרֶשׂ,"a piece of pottery",,కుండ పెంకు,Hebrew,Old Testament
H2790,חָרַשׁ,"charash (khaw-rash') v.",,అర్థం తెలియదు,Hebrew,Old Testament
H2791,חֶרֶשׁ,"cheresh (kheh'-resh) adv.",,అర్థం తెలియదు,Hebrew,Old Testament
H2792,חֶרֶשׁ,"Cheresh (kheh'-resh) n/p.",,ఖెరెషు,Hebrew,Old Testament
H2793,חוֹרֶשׁ,"a forest (perhaps as furnishing the material for fabric)",,అడవి,Hebrew,Old Testament
H2794,חוֹרֵשׁ,"a fabricator or mechanic",,వడ్రంగి,Hebrew,Old Testament
H2795,חֵרֵשׁ,"cheresh (khay-rashe') adj.",,అర్థం తెలియదు,Hebrew,Old Testament
H2796,חָרָשׁ,"a fabricator or any material",,వడ్రంగి,Hebrew,Old Testament
H2797,חַרשָׁא,"Charsha' (khar-shaw') n/p.",,అర్థం తెలియదు,Hebrew,Old Testament
H2798,חֲרָשִׁים,"Charashiym (khar-aw-sheem') n/p.",,అర్థం తెలియదు,Hebrew,Old Testament
H2799,חֲרוֹשֶׁת,"mechanical work",,యాంత్రిక పని,Hebrew,Old Testament
H2800,חֲרוֹשֶׁת,"Charosheth (khar-o'-sheth) n/l.",,ఖరోషేతు,Hebrew,Old Testament
H2801,חָרַת,"charath (khaw-rath') v.",,కొట్టు,Hebrew,Old Testament
H2802,חֶרֶת,"Chereth (kheh'-reth) n/l.",,కెరెతు,Hebrew,Old Testament
H2803,חָשַׁב,"chashab (khaw-shab') v.",,తలంచు,Hebrew,Old Testament
H2804,חֲשַׁב,"chashab (khash-ab') v.",,తలంచు,Hebrew,Old Testament
H2805,חֵשֶׁב,"a belt or strap (as being interlaced)",,ఒక బెల్టు లేదా పట్టీ అల్లుకున్నట్లు,Hebrew,Old Testament
H2806,חַשׁבַּדָּנָה,"Chashbaddanah (khash-bad-daw'-naw) n/p.",,హష్‌బద్ధానా,Hebrew,Old Testament
H2807,חֲשׁוּבָה,"Chashubah (khash-oo-baw') n/p.",,హషూబా,Hebrew,Old Testament
H2808,חֶשׁבּוֹן,"(properly) contrivance",,సరిగా యుక్తి,Hebrew,Old Testament
H2809,חֶשׁבּוֹן,"Cheshbown (khesh-bone') n/l.",,ఒకటి,Hebrew,Old Testament
H2810,חִשָּׁבוֹן,"a contrivance",,ఒక యుక్తి,Hebrew,Old Testament
H2811,חֲשַׁביָה חֲשַׁביָהוּ,"Chashabyah (khash-ab-yaw') (or Chashabyahuw khash-ab-yaw'-hoo) n/p.",,హషబ్యా,Hebrew,Old Testament
H2812,חֲשַׁבנָה,"Chashabnah (khash-ab-naw') n/p.",,హషబ్నా,Hebrew,Old Testament
H2813,חֲשַׁבנְיָה,"Chashabnyah (khash-ab-neh-yaw') n/p.",,హషబ్న్యా,Hebrew,Old Testament
H2814,חָשָׁה,"chashah (khaw-shaw') v.",,త్వరపడు,Hebrew,Old Testament
H2815,חַשּׁוּב,"Chashshuwb (khash-shoob') n/p.",,హష్షుబ్,Hebrew,Old Testament
H2816,חֲשׁוֹך,"the dark",,మందసం,Hebrew,Old Testament
H2817,חֲשׂוּפָא חֲשׂוּפָא,"Chasuwpha' (khas-oo-faw') (or Chasuphao khas-oo-faw') n/p.",,హసూఫా,Hebrew,Old Testament
H2818,חֲשַׁח,"chashach (khash-akh') v.",,చీకటిగా ఉండు,Hebrew,Old Testament
H2819,חַשׁחוּת,"necessity",,అవసరం,Hebrew,Old Testament
H2820,חָשַׂך,"chasak (khaw-sak') v.",,నిరాకరించు,Hebrew,Old Testament
H2821,חָשַׁך,"chashak (khaw-shak') v.",,అనురాగము చూపు,Hebrew,Old Testament
H2822,חוֹשֶׁך,"the dark",ఖొషెక్,చీకటి,Hebrew,Old Testament
H2823,חָשׁוֹך,"chashok (khaw-shoke') adj.",,అర్థం తెలియదు,Hebrew,Old Testament
H2824,חֶשׁכָּה,"darkness",,చీకటి,Hebrew,Old Testament
H2825,חֲשֵׁכָה חֲשֵׁיכָּה,"darkness",,చీకటి,Hebrew,Old Testament
H2826,חָשַׁל,"chashal (khaw-shal') v.",,బలహీనమగు,Hebrew,Old Testament
H2827,חֲשַׁל,"chashal (khash-al') v.",,అర్థం తెలియదు,Hebrew,Old Testament
H2828,חָשׁוּם,"Chashum (khaw-shoom') n/p.",,హాషుం,Hebrew,Old Testament
H2829,חֶשׁמוֹן,"Cheshmown (klesh-mone') n/l.",,ఒకటి,Hebrew,Old Testament
H2830,חַשׁמַל,"probably bronze or polished spectrum metal",,ఇత్తడి,Hebrew,Old Testament
H2831,חַשׁמַן,"apparently wealthy",,ధనవంతులుగా కనిపించే,Hebrew,Old Testament
H2832,חַשׁמוֹנָה,"Chashmonah (khash-mo-naw') n/l.",,హష్మోనా,Hebrew,Old Testament
H2833,חוֹשֶׁן,"perhaps a pocket (as holding the Urim and Thummim)",,పాత,Hebrew,Old Testament
H2834,חָשַׂף,"chasaph (khaw-saf') v.",,బట్టబయలు చేయు,Hebrew,Old Testament
H2835,חָשִׂף,"(properly) drawn off",,సరిగా తీసివేయబడింది,Hebrew,Old Testament
H2836,חָשַׁק,"chashaq (khaw-shak') v.",,అర్థం తెలియదు,Hebrew,Old Testament
H2837,חֵשֶׁק,"delight",,వెలుగు,Hebrew,Old Testament
H2838,חָשׁוּק חָשׁוּק,"attached",,జోడించబడింది,Hebrew,Old Testament
H2839,חִשּׁוּק,"conjoined",,కలిపివేయబడిన,Hebrew,Old Testament
H2840,חִשּׁוּר,"combined",,కలిపిన,Hebrew,Old Testament
H2841,חַשׁרָה,"(properly) a combination or gathering",,జాతి,Hebrew,Old Testament
H2842,חָשַׁשׁ,"dry grass",,పొడి గడ్డి,Hebrew,Old Testament
H2843,חוּשָׁתִי,"a Chushathite or descendant of Chushah",,అంతం,Hebrew,Old Testament
H2844,חַת,"(concretely) crushed",,ఖచ్చితంగా నలిగిపోయింది,Hebrew,Old Testament
H2845,חֵת,"Cheth (khayth) n/p.",,హేతు,Hebrew,Old Testament
H2846,חָתָה,"chathah (khaw-thaw') v.",,అర్థం తెలియదు,Hebrew,Old Testament
H2847,חִתּתָּה,"fear",,చెవి,Hebrew,Old Testament
H2848,חִתּתּוּל,"swathed",,చుట్టబడిన,Hebrew,Old Testament
H2849,חַתחַת,"terror",,భీభత్సం,Hebrew,Old Testament
H2850,חִתּתִּי,"a Chittite",,హిత్తీయుడు,Hebrew,Old Testament
H2851,חִתּתִּיתּ,"fear",,చెవి,Hebrew,Old Testament
H2852,חָתַך,"chathak (khaw-thak') v.",,అర్థం తెలియదు,Hebrew,Old Testament
H2853,חָתַל,"chathal (khaw-thal') v.",,అర్థం తెలియదు,Hebrew,Old Testament
H2854,חֲתוּלָּה,"a swathing cloth (figuratively)",,చుట్టడానికి ఉపకరించే వస్త్రం,Hebrew,Old Testament
H2855,חֶתלוֹן,"Chethlon (kheth-lone') n/l.",,ఒకటి,Hebrew,Old Testament
H2856,חָתַם,"chatham (khaw-tham') v.",,అర్థం తెలియదు,Hebrew,Old Testament
H2857,חֲתַם,"chatham (khath-am') v.",,అర్థం తెలియదు,Hebrew,Old Testament
H2858,חוֹתֶמֶת,"a seal",,సముద్రం,Hebrew,Old Testament
H2859,חָתַן,"chathan (khaw-than') v.",,అర్థం తెలియదు,Hebrew,Old Testament
H2860,חָתָן,"a relative by marriage (especially through the bride)",,వియ్యంకుడు,Hebrew,Old Testament
H2861,חֲתוּנָּה,"a wedding",,వివాహం,Hebrew,Old Testament
H2862,חָתַף,"chathaph (khaw-thaf') v.",,అర్థం తెలియదు,Hebrew,Old Testament
H2863,חֶתֶף,"(properly) rapine",,సరిగ్గా దోపిడీ,Hebrew,Old Testament
H2864,חָתַר,"chathar (khaw-thar') v.",,అర్థం తెలియదు,Hebrew,Old Testament
H2865,חָתַת,"chathath (khaw-thath') v.",,అర్థం తెలియదు,Hebrew,Old Testament
H2866,חֲתַת,"dismay",,దిగులు,Hebrew,Old Testament
H2867,חֲתַת,"Chathath (khath-ath') n/p.",,అర్థం తెలియదు,Hebrew,Old Testament
H2868,טְּאֵב,"t'eb (teh-abe') v.",,అర్థం తెలియదు,Hebrew,Old Testament
H2869,טָּב,"good",,మంచి,Hebrew,Old Testament
H2870,טָּבאֵל,"tab'el (taw-beh-ale') n/p.",,అద్దం తెలియదు,Hebrew,Old Testament
H2871,טָּבוּל,"(properly) dyed",,సరిగ్గా రంగు వేయబడింది,Hebrew,Old Testament
H2872,טַּבּוּר,"(properly) accumulated",,సరిగ్గా పోగుచేయబడింది,Hebrew,Old Testament
H2873,טָּבַח,"tabach (taw-bakh') v.",,అర్థం తెలియదు,Hebrew,Old Testament
H2874,טֶּבַח,"(properly) something slaughtered",,సరిగ్గా వధించబడినది,Hebrew,Old Testament
H2875,טֶּבַח,"Tebach (teh'-bakh) n/p.",,అర్థం తెలియదు,Hebrew,Old Testament
H2876,טַּבָּח,"(properly) a butcher",,మాంసం కోసేవాడు,Hebrew,Old Testament
H2877,טַּבָּח,"a lifeguardsman",,మనిషి,Hebrew,Old Testament
H2878,טִּבחָה,"flesh",,మాంసము,Hebrew,Old Testament
H2879,טַּבָּחָה,"a female cook",,స్త్రీ వంటమనిషి,Hebrew,Old Testament
H2880,טִּבחַת,"Tibchath (tib-khath') n/l.",,అర్థం తెలియదు,Hebrew,Old Testament
H2881,טָּבַל,"tabal (taw-bal') v.",,ముంచు,Hebrew,Old Testament
H2882,טְּבַליָהוּ,"Tbalyahuw (teb-al-yaw'-hoo) n/p.",,అర్థం తెలియదు,Hebrew,Old Testament
H2883,טָּבַע,"taba` (taw-bah') v.",,మునుగు,Hebrew,Old Testament
H2884,טַּבָּעוֹת,"Tabba`owth (tab-baw-othe') n/p.",,అర్థం తెలియదు,Hebrew,Old Testament
H2885,טַּבַּעַת,"(properly) a seal (as sunk into the wax)",,సూర్యుడు,Hebrew,Old Testament
H2886,טַּברִמּוֹן,"Tabrimmown (tab-rim-mone') n/p.",,ఒకటి,Hebrew,Old Testament
H2887,טֵּבֶת,"Tebeth (tay'-beth) n/t.",,తేబెతు,Hebrew,Old Testament
H2888,טַּבַּת,"Tabbath (tab-bath') n/l.",,తబ్బాతు,Hebrew,Old Testament
H2889,טָּהוֹר טָּהוֹר,"tahowr (taw-hore') (or tahor taw-hore') adj.",,పవిత్రమైన,Hebrew,Old Testament
H2890,טְּהוֹר,"purity",,పరిశుద్ధత,Hebrew,Old Testament
H2891,טָּהֵר,"taher (taw-hare') v.",,శుద్ధి చేయి,Hebrew,Old Testament
H2892,טּוֹהַר,"literally brightness",,శుద్ధి,Hebrew,Old Testament
H2893,טָּהֳרָה,"ceremonial purification",,ఆచారపరమైన శుద్దీకరణ,Hebrew,Old Testament
H2894,טּוּא,"tuw' (too) v.",,తిరుగు,Hebrew,Old Testament
H2895,טּוֹב,"towb (tobe) v.",,మంచి,Hebrew,Old Testament
H2896,טּוֹב,"towb (tobe) adj.",టోబ్,మంచి,Hebrew,Old Testament
H2897,טּוֹב,"Towb (tobe) n/l.",,తోబు,Hebrew,Old Testament
H2898,טּוּב,"(as a noun) good",,మంచి,Hebrew,Old Testament
H2899,טּוֹב אֲדוֹנִיָהוּ,"Towb Adoniyahuw (tobe ado-nee-yah'-hoo) n/p.",,తోబు అదోనీయాహు,Hebrew,Old Testament
H2900,טּוֹבִיָה טּוֹבִיָהוּ,"Towbiyah (to-bee-yaw') (or Towbiyahuw to-bee-yaw'-hoo) n/p.",,తోబీయా,Hebrew,Old Testament
H2901,טָּוָה,"tavah (taw-vaw') v.",,గుర్తు పెట్టుకొను,Hebrew,Old Testament
H2902,טּוַּח,"tuwach (too'-akh) v.",,చల్లు,Hebrew,Old Testament
H2903,טּוֹפָפָה,"a fillet for the forehead",,తల,Hebrew,Old Testament
H2904,טּוּל,"tuwl (tool) v.",,విసురు,Hebrew,Old Testament
H2905,טּוּר,"a row",,వరుస,Hebrew,Old Testament
H2906,טּוּר,"a rock or hill",,బండ,Hebrew,Old Testament
H2907,טּוּשׂ,"tuws (toos) v.",,త్రొక్కు,Hebrew,Old Testament
H2908,טְּוָת,"tvath (tev-awth') adv.",,అర్థం తెలియదు,Hebrew,Old Testament
H2909,טָּחָה,"tachah (taw-khaw') v.",,పూయు,Hebrew,Old Testament
H2910,טּוּחָה,"(in the plural only) the kidneys (as being covered)",,మూత్రపిండాలు,Hebrew,Old Testament
H2911,טְּחוֹן,"a hand mill",,చేయి,Hebrew,Old Testament
H2912,טָּחַן,"tachan (taw-khan') v.",,విసిరి వేయు,Hebrew,Old Testament
H2913,טַּחֲנָה,"a hand mill",,చేయి,Hebrew,Old Testament
H2914,טְּחוֹר,"a boil or ulcer (from the inflammation)",,నూనె,Hebrew,Old Testament
H2915,טִּיַח,"mortar or plaster",,చివరి,Hebrew,Old Testament
H2916,טִּיטּ,"mud or clay",,బురద,Hebrew,Old Testament
H2917,טִּין,"clay",,మట్టి,Hebrew,Old Testament
H2918,טִּירָה,"a wall",,గోడ,Hebrew,Old Testament
H2919,טַּל,"dew (as covering vegetation)",,మొక్కలు కప్పడానికి మంచు,Hebrew,Old Testament
H2920,טַּל,"dew",,మంచు,Hebrew,Old Testament
H2921,טָּלָא,"tala' (taw-law') v.",,ధర్మశాస్త్రం,Hebrew,Old Testament
H2922,טְּלָא,"a lamb",,గొర్రెపిల్ల,Hebrew,Old Testament
H2923,טְּלָאִים,"Tla'iym (tel-aw-eem') n/l.",,అర్థం తెలియదు,Hebrew,Old Testament
H2924,טָּלֶה,"a lamb",,గొర్రెపిల్ల,Hebrew,Old Testament
H2925,טַּלטֵּלָה,"overthrow or rejection",,పడగొట్టు లేదా తిరస్కరణ,Hebrew,Old Testament
H2926,טָּלַל,"talal (taw-lal') v.",,అర్థం తెలియదు,Hebrew,Old Testament
H2927,טְּלַל,"tlal (tel-al') v.",,అర్థం తెలియదు,Hebrew,Old Testament
H2928,טֶּלֶם,"Telem (teh'-lem) n/p.",,అర్థం తెలియదు,Hebrew,Old Testament
H2929,טַּלמוֹן,"Talmown (tal-mone') n/p.",,ఒకటి,Hebrew,Old Testament
H2930,טָּמֵא,"tame' (taw-may') v.",,అర్థం తెలియదు,Hebrew,Old Testament
H2931,טָּמֵא,"tame' (taw-may') adj.",,అపవిత్రమైన,Hebrew,Old Testament
H2932,טּוּמאָה,"religious impurity",టుమా,అపవిత్రత,Hebrew,Old Testament
H2933,טָּמָה,"tamah (taw-maw') v.",,అర్థం తెలియదు,Hebrew,Old Testament
H2934,טָּמַן,"taman (taw-man') v.",,మనిషి,Hebrew,Old Testament
H2935,טֶּנֶא,"a basket (of interlaced osiers)",,ఒకదానితో ఒకటి పెనవేసుకొన్న బుట్ట,Hebrew,Old Testament
H2936,טָּנַף,"tanaph (taw-naf') v.",,అర్థం తెలియదు,Hebrew,Old Testament
H2937,טָּעָה,"ta`ah (taw-aw') v.",,అర్థం తెలియదు,Hebrew,Old Testament
H2938,טָּעַם,"ta`am (taw-am') v.",,రుచి చూడు,Hebrew,Old Testament
H2939,טְּעַם,"t`am (teh-am') v.",,అర్థం తెలియదు,Hebrew,Old Testament
H2940,טַּעַם,"(properly) a taste",,సరిగా ఒక రుచి,Hebrew,Old Testament
H2941,טַּעַם,"(properly) a taste",,సరిగా ఒక రుచి,Hebrew,Old Testament
H2942,טְּעֵם,"(properly) flavor",,సరిగా రుచి,Hebrew,Old Testament
H2943,טָּעַן,"ta`an (taw-an') v.",,అర్థం తెలియదు,Hebrew,Old Testament
H2944,טָּעַן,"ta`an (taw-an') v.",,అర్థం తెలియదు,Hebrew,Old Testament
H2945,טַּף,"a family (mostly used collectively in the singular)",,పాపం,Hebrew,Old Testament
H2946,טָּפַח,"taphach (taw-fakh') v.",,అర్థం తెలియదు,Hebrew,Old Testament
H2947,טֵּפַח,"a spread of the hand",,చేయి,Hebrew,Old Testament
H2948,טּוֹפַח,"hand-breadth (broad)",,రొట్టె,Hebrew,Old Testament
H2949,טִּפּוּח,"nursing",,పాపం,Hebrew,Old Testament
H2950,טָּפַל,"taphal (taw-fal') v.",,అర్థం తెలియదు,Hebrew,Old Testament
H2951,טִּפסַר,"a military governor",,ఒక సైనిక గవర్నర్,Hebrew,Old Testament
H2952,טָּפַף,"taphaph (taw-faf') v.",,అర్థం తెలియదు,Hebrew,Old Testament
H2953,טְּפַר,"a finger-nail",,ఒక వేలు గోరు,Hebrew,Old Testament
H2954,טָּפַשׁ,"taphash (taw-fash') v.",,అర్థం తెలియదు,Hebrew,Old Testament
H2955,טָּפַת,"Taphath (taw-fath') n/p.",,తపతు,Hebrew,Old Testament
H2956,טָּרַד,"tarad (taw-rad') v.",,అర్థం తెలియదు,Hebrew,Old Testament
H2957,טְּרַד,"trad (ter-ad') v.",,అర్థం తెలియదు,Hebrew,Old Testament
H2958,טְּרוֹם,"trowm (ter-ome') conj.",,అర్థం తెలియదు,Hebrew,Old Testament
H2959,טָּרַח,"tarach (taw-rakh') v.",,అర్థం తెలియదు,Hebrew,Old Testament
H2960,טּוֹרַח,"a burden",,భారం,Hebrew,Old Testament
H2961,טָּרִי,"tariy (taw-ree') adj.",,అర్థం తెలియదు,Hebrew,Old Testament
H2962,טֶּרֶם,"terem (teh'-rem) prep.",,ముందు,Hebrew,Old Testament
H2963,טָּרַף,"taraph (taw-raf') v.",,అర్థం తెలియదు,Hebrew,Old Testament
H2964,טֶּרֶף,"something torn",,చిరిగిపోయినది,Hebrew,Old Testament
H2965,טָּרָף,"taraph (taw-rawf') adj.",,అర్థం తెలియదు,Hebrew,Old Testament
H2966,טְּרֵפָה,"prey",,వేటాడిన జంతువు,Hebrew,Old Testament
H2967,טַּרפְּלַי,"a Tarpelite (collectively) or inhabitants of Tarpel",,టార్పెల్ నివాసులు,Hebrew,Old Testament
H2968,יָאַב,"ya'ab (yaw-ab') v.",,అర్థం తెలియదు,Hebrew,Old Testament
H2969,יָאָה,"ya'ah (yaw-aw') v.",,అర్థం తెలియదు,Hebrew,Old Testament
H2970,יַאֲזַניָה יַאֲזַניָהוּ,"Ya'azanyah (yah-az-an-yaw') (or Ya.azanyahuw yah-az-an-yaw'-hoo) n/p.",,యహజన్యా,Hebrew,Old Testament
H2971,יָאִיר,"Ya'iyr (yaw-ere') n/p.",,యాయీరు,Hebrew,Old Testament
H2972,יָאִרִי,"a Jairite or descendant of Jair",,అంతం,Hebrew,Old Testament
H2973,יָאַל,"ya'al (yaw-al') v.",,అర్థం తెలియదు,Hebrew,Old Testament
H2974,יָאַל,"ya'al (yaw-al') v.",,అర్థం తెలియదు,Hebrew,Old Testament
H2975,יְאוֹר,"a channel",,కాలువ,Hebrew,Old Testament
H2976,יָאַשׁ,"ya'ash (yaw-ash') v.",,అర్థం తెలియదు,Hebrew,Old Testament
H2977,יוֹאשִׁיָה יוֹאשִׁיָהוּ,"Yo'shiyah (yo-shee-yaw') (or yo-she-yaw'-hoo) n/p.",,యోషీయా,Hebrew,Old Testament
H2978,יְאִתוֹן,"an entry",,ప్రవేశం,Hebrew,Old Testament
H2979,יְאָתְרַי,"y'athray (yeh-aw-ther-ah'ee) n/p.",,యెతెరాయి,Hebrew,Old Testament
H2980,יָבַב,"yabab (yaw-bab) v.",,అర్థం తెలియదు,Hebrew,Old Testament
H2981,יְבוּל,"produce",,ఉత్పత్తి,Hebrew,Old Testament
H2982,יְבוּס,"Ybuwc (yeb-oos') n/l.",,యెబూసు,Hebrew,Old Testament
H2983,יְבוּסִי,"a Jebusite or inhabitant of Jebus",,యబసయడ,Hebrew,Old Testament
H2984,יִבחַר,"Yibchar (yib-khar') n/p.",,యిబ్కారు,Hebrew,Old Testament
H2985,יָבִין,"Yabiyn (yaw-bene') n/p.",,యాబీను,Hebrew,Old Testament
H2986,יָבַל,"yabal (yaw-bal') v.",,అర్థం తెలియదు,Hebrew,Old Testament
H2987,יְבַל,"ybal (yeb-al') v.",,అర్థం తెలియదు,Hebrew,Old Testament
H2988,יָבָל,"a stream",,ప్రవాహం,Hebrew,Old Testament
H2989,יָבָל,"Yabal (yaw-bawl') n/p.",,యాబాలు,Hebrew,Old Testament
H2990,יַבֵּל,"having running sores",,పుండ్లతో బాధపడుతున్న,Hebrew,Old Testament
H2991,יִבלְעָם,"Yibl`am (yib-leh-awm') n/l.",,యిబ్లెయాము,Hebrew,Old Testament
H2992,יָבַם,"yabam (yaw-bam') v.",,అర్థం తెలియదు,Hebrew,Old Testament
H2993,יָבָם,"a brother-in-law",,సోదరుడు,Hebrew,Old Testament
H2994,יְבֵמֶת,"a sister-in-law",,సోదరి,Hebrew,Old Testament
H2995,יַבנְאֵל,"Yabn'el (yab-neh-ale') n/l.",,యబ్నెఎల్,Hebrew,Old Testament
H2996,יַבנֶה,"Yabneh (yab-neh') n/l.",,యబ్నె,Hebrew,Old Testament
H2997,יִבנְיָה,"Yibnyah (yib-neh-yaw') n/p.",,యిబ్న్యా,Hebrew,Old Testament
H2998,יִבנִיָה,"Yibniyah (yib-nee-yaw') n/p.",,యిబ్నియా,Hebrew,Old Testament
H2999,יַבּוֹק,"Yabboq (yab-boke') n/l.",,యబబక,Hebrew,Old Testament
H3000,יְבֶרֶכיָהוּ,"Yberekyahuw (yeb-eh-rek-yaw'-hoo) n/p.",,యెబెరెక్యాహువు,Hebrew,Old Testament
H3001,יָבֵשׁ,"yabesh (yaw-bashe') v.",,ఎండిన,Hebrew,Old Testament
H3002,יָבֵשׁ,"yabesh (yaw-bashe') adj.",,ఎండిన,Hebrew,Old Testament
H3003,יָבֵשׁ יָבֵישׁ,"Yabesh (yaw-bashe') (also Yabeysh yaw-bashe') n/l.",,యాబేష్,Hebrew,Old Testament
H3004,יַבָּשָׂה,"dry ground",,పొడినేల,Hebrew,Old Testament
H3005,יִבשָׂם,"Yibsam (yib-sawm') n/p.",,యిబ్సామ్,Hebrew,Old Testament
H3006,יַבֶּשֶׁת,"dry ground",,పొడి నేల,Hebrew,Old Testament
H3007,יַבֶּשֶׁת,"dry land",,భూమి,Hebrew,Old Testament
H3008,יִגאָל,"Yig'al (yig-awl') n/p.",,యిగాల్,Hebrew,Old Testament
H3009,יָגַב,"yagab (yaw-gab') v.",,యాగాబ్,Hebrew,Old Testament
H3010,יָגֵב,"a plowed field",,పొలం,Hebrew,Old Testament
H3011,יָגבְּהָה,"hillock",,గుట్ట,Hebrew,Old Testament
H3012,יִגדַּליָהוּ,"Yigdalyahuw (yig-dal-yaw'-hoo) n/p.",,యిగ్దాల్యాహువు,Hebrew,Old Testament
H3013,יָגָה,"yagah (yaw-gaw') v.",,యాగా,Hebrew,Old Testament
H3014,יָגָה,"yagah (yaw-gaw') v.",,యాగా,Hebrew,Old Testament
H3015,יָגוֹן,"affliction",,శ్రమ,Hebrew,Old Testament
H3016,יָגוֹר,"yagowr (yaw-gore') adj.",,యాగోర్,Hebrew,Old Testament
H3017,יָגוּר,"Yaguwr (yaw-goor') n/l.",,యాగూర్,Hebrew,Old Testament
H3018,יְגִיַע,"toil",,నూనె,Hebrew,Old Testament
H3019,יָגִיַע,"yagiya` (yaw-ghee'-ah) adj.",,యాగియా,Hebrew,Old Testament
H3020,יָגלִי,"Yogliy (yog-lee') n/p.",,యోగ్లీ,Hebrew,Old Testament
H3021,יָגַע,"yaga` (yaw-gah') v.",,యాగా,Hebrew,Old Testament
H3022,יָגָע,"earnings (as the product of toil)",,చెవి,Hebrew,Old Testament
H3023,יָגֵַע,"yagea` (yaw-gay'-ah) adj.",,యాగేయా,Hebrew,Old Testament
H3024,יְגִעָה,"fatigue",,అలసట,Hebrew,Old Testament
H3025,יָגוֹר,"yagor (yaw-gore') v.",,యాగోర్,Hebrew,Old Testament
H3026,יְגַר שַׂהֲדוּתָא,"Ygar Sahaduwtha' (yegar' sah-had-oo-thaw') n/l.",,యెగార్ సహదుతా,Hebrew,Old Testament
H3027,יָד,"a hand (the open one (indicating power",,చేయి,Hebrew,Old Testament
H3028,יַד,"hand",,చేయి,Hebrew,Old Testament
H3029,יְדָא,"yda' (yed-aw') v.",,యెదా,Hebrew,Old Testament
H3030,יִדאֲלָה,"Yidalah (yid-al-aw') n/l.",,యిదలా,Hebrew,Old Testament
H3031,יִדבָּשׁ,"Yidbash (yid-bawsh') n/p.",,యిద్బాష్,Hebrew,Old Testament
H3032,יָדַד,"yadad (yaw-dad') v.",,యాదాద్,Hebrew,Old Testament
H3033,יְדִדוּת,"(properly) affection",,అభిమానము,Hebrew,Old Testament
H3034,יָדָה,"yadah (yaw-daw') v.",,యాదా,Hebrew,Old Testament
H3035,יִדּוֹ,"Yiddow (yid-do') n/p.",,యిద్దో,Hebrew,Old Testament
H3036,יָדוֹן,"Yadown (yaw-done') n/p.",,ఒకటి,Hebrew,Old Testament
H3037,יַדּוַּע,"Yadduwa` (yad-doo'-ah) n/p.",,యద్దూవ,Hebrew,Old Testament
H3038,יְדוּתוּן יֶדוּתוּן יֶדִיתּוּן,"Yduwthuwn (yed-oo-thoon') (or Yduthuwn yed-oo-thoon'or Ydiythuwn yed-ee-thoon'",,యెదూతూను,Hebrew,Old Testament
H3039,יְדִידּ,"ydiyd (yed-eed') adj.",,యెదీద్,Hebrew,Old Testament
H3040,יְדִידָּה,"Ydiydah (yed-ee-daw') n/p.",,యెదీదా,Hebrew,Old Testament
H3041,יְדִידְּיָה,"Ydiydyah (yed-ee-deh-yaw') n/p.",,యెదీద్యా,Hebrew,Old Testament
H3042,יְדָיָה,"Ydayah (yed-aw-yaw') n/p.",,దినము,Hebrew,Old Testament
H3043,יְדִיעֲאֵל,"Ydiy`a'el (yed-ee-ah-ale') n/p.",,యెదీయేలు,Hebrew,Old Testament
H3044,יִדלָף,"Yidlaph (yid-lawf') n/p.",,ధర్మశాస్త్రం,Hebrew,Old Testament
H3045,יָדַע,"yada` (yaw-dah') v.",యాదా,తెలుసుకొను,Hebrew,Old Testament
H3046,יְדַע,"yda` (yed-ah') v.",,యెదా,Hebrew,Old Testament
H3047,יָדָע,"Yada` (yaw-daw') n/p.",,యాదా,Hebrew,Old Testament
H3048,יְדַעיָה,"Ykda`yah (yed-ah-yaw') n/p.",,యెదయా,Hebrew,Old Testament
H3049,יִדְּעוֹנִי,"(properly) a knowing one",,ఒకటి,Hebrew,Old Testament
H3050,יָהּ,"Yahh (yaw) n/p.",,జా,పవిత్రమైన పేరు,Hebrew
H3051,יָהַב,"yahab (yaw-hab') v.",,యాహాబ్,Hebrew,Old Testament
H3052,יְהַב,"yhab (yeh-hab') v.",,యెహాబ్,Hebrew,Old Testament
H3053,יְהָב,"(properly) what is given (by Providence)",,దైవముచే ఇవ్వబడినది,Hebrew,Old Testament
H3054,יָהַד,"yahad (yaw-had') v.",,యాహాద్,Hebrew,Old Testament
H3055,יְהוּד,"Yhud (yeh-hood') n/l.",,యెహూద్,Hebrew,Old Testament
H3056,יֶהדַּי,"Yehday (yeh-dah'-ee) n/p.",,దినము,Hebrew,Old Testament
H3057,יְהוּדִיָה,"Yhudiyah (yeh-hoo-dee-yaw') adj.",,యెహూదీయా,Hebrew,Old Testament
H3058,יֵהוּא,"Yehuw' (yay-hoo') n/p.",,యేహు,Hebrew,Old Testament
H3059,יְהוֹאָחָז,"Yhow'achaz (yeh-ho-aw-khawz') n/p.",,యెహోయాహాజు,Hebrew,Old Testament
H3060,יְהוֹאָשׁ,"Yhow'ash (yeh-ho-awsh') n/p.",,యెహోయాషు,Hebrew,Old Testament
H3061,יְהוּד,"Yhuwd (yeh-hood') n/l.",,యెహూద్,Hebrew,Old Testament
H3062,יְהוּדָאִי,"Yhuwda'iy (yeh-hoo-daw-ee') n/g.",,యెహూదాయీ,Hebrew,Old Testament
H3063,יְהוּדָה,"Yhuwdah (yeh-hoo-daw') n/p.",,యూదా,Hebrew,Old Testament
H3064,יְהוּדִי,"a Jehudite (i.e. Judaite or Jew)",,యూదుడు,Hebrew,Old Testament
H3065,יְהוּדִי,"Yhuwdiy (yeh-hoo-dee') n/p.",,యెహూదీ,Hebrew,Old Testament
H3066,יְהוּדִיתּ,"Yhuwdiyth (yeh-hoo-deeth') adj.",,యెహూదీత్,Hebrew,Old Testament
H3067,יְהוּדִיתּ,"Yhuwdiyth (yeh-ho-deeth') n/p.",,యెహూదీత్,Hebrew,Old Testament
H3068,יְהוֹוָה,"Yhovah (yeh-ho-vaw') n/p.",యహ్వే,యెహోవా,Hebrew,Old Testament
H3069,יְהוֹוִה,"Yhovih (yeh-ho-vee') n/p.",యెహోవిహ్,యెహోవా,Hebrew,Old Testament
H3070,יְהוֹוָה יִראֶה,"Yhovah yireh (yeh-ho-vaw' yir-eh') n/l.",,యెహోవా యిర్రే,Hebrew,Old Testament
H3071,יְהוֹוָה נִסִּי,"Yhovah nicciy (yeh-ho-vaw' nis-see') n/l.",,యెహోవా నిస్సీ,Hebrew,Old Testament
H3072,יְהוֹוָה צִּדקֵנוּ,"Yhovah tsidqenuw (ye-ho-vaw' tsid-kay'-noo) n/p.",యహ్వే త్సిద్కేనూ,యెహోవా మన నీతి,Hebrew,Old Testament
H3073,יְהוֹוָה שָׁלוֹם,"Yhavah shalowm (yeh-ho-vaw' shaw-lome') n/l.",,యెహోవా షాలోమ్,Hebrew,Old Testament
H3074,יְהוֹוָה שָׁמָּה,"Yhovah shammah (yeh-ho-vaw' shawm'-maw) n/l.",,యెహోవా షమ్మా,Hebrew,Old Testament
H3075,יְהוֹזָבָד,"Yhowzabad (yeh-ho-zaw-bawd') n/p.",,యెహోజాబాద్,Hebrew,Old Testament
H3076,יְהוֹחָנָן,"Yhowchanan (yeh-ho-khaw-nawn') n/p.",,యెహోహానాను,Hebrew,Old Testament
H3077,יְהוֹיָדָע,"Yhowyada` (yeh-ho-yaw-daw') n/p.",,యెహోయాదా,Hebrew,Old Testament
H3078,יְהוֹיָכִין,"Yhowyakiyn (yeh-ho-yaw-keen') n/p.",,యెహోయాకీను,Hebrew,Old Testament
H3079,יְהוֹיָקִים,"Yhowyaqiym (yeh-ho-yaw-keem') n/p.",,యెహోయాకీము,Hebrew,Old Testament
H3080,יְהוֹיָרִיבּ,"Yhowyariyb (yeh-ho-yaw-reeb') n/p.",,యెహోయారీబు,Hebrew,Old Testament
H3081,יְהוּכַל,"Yhuwkal (yeh-hoo-kal') n/p.",,యెహూకల్,Hebrew,Old Testament
H3082,יְהוֹנָדָב,"Yhownadab (yeh-ho-naw-dawb') n/p.",,యెహోనాదాబు,Hebrew,Old Testament
H3083,יְהוֹנָתָן,"Yhownathan (yeh-ho-naw-thawn') n/p.",,యెహోనాతాను,Hebrew,Old Testament
H3084,יְהוֹסֵף,"Yhowceph (yeh-ho-safe') n/p.",,యెహోసేపు,Hebrew,Old Testament
H3085,יְהוֹעַדָּה,"Yhow`addah (yeh-ho-ad-daw') n/p.",,యెహో అద్ద,Hebrew,Old Testament
H3086,יְהוֹעַדִּין יְהוֹעַדָּן,"Yhow`addiyn (yeh-ho-ad-deen') (or Yhowaddan yeh-ho-ad-dawn') n/p.",,యెహో అద్దీన్/యెహో అద్దాన్,Hebrew,Old Testament
H3087,יְהוֹצָדָק,"Yhowtsadaq (yeh-ho-tsaw-dawk') n/p.",,యెహోజాదాకు,Hebrew,Old Testament
H3088,יְהוֹרָם,"Yhowram (yeh-ho-rawm') n/p.",,యెహోరాము,Hebrew,Old Testament
H3089,יְהוֹשֶׁבַע,"Yhowsheba` (yeh-ho-sheh'-bah) n/p.",,యెహోషేబ,Hebrew,Old Testament
H3090,יְהוֹשַׁבעַת,"Yhowshab`ath (yeh-ho-shab-ath') n/p.",,యెహోషబత్,Hebrew,Old Testament
H3091,יְהוֹשׁוַּע יְהוֹשׁוַּע,"Yhowshuwa` (yeh-ho-shoo'-ah) (or Yhowshua yeh-ho-shoo'-ah) n/p.",,యెహోషువ,Hebrew,Old Testament
H3092,יְהוֹשָׁפָט,"Yhowshaphat (yeh-ho-shaw-fawt') n/l.",,యెహోషాపాతు,Hebrew,Old Testament
H3093,יָהִיר,"yahiyr (yaw-here') adj.",,యాహీరు,Hebrew,Old Testament
H3094,יְהַלֶּלאֵל,"Yhallel'el (yeh-hal-lel-ale') n/p.",,యెహల్లెలెలు,Hebrew,Old Testament
H3095,יַהֲלוֹם,"a precious stone",,రాయి,Hebrew,Old Testament
H3096,יַהַץ יַהצָּה יַהצָּה,"Yahats (yah'-hats) (or Yahtsah yah'-tsaw or (feminine) Yahtsah yah-tsaw'",,తొమ్మిది,Hebrew,Old Testament
H3097,יוֹאָב,"Yow'ab (yo-awb') n/p.",,యోవాబు,Hebrew,Old Testament
H3098,יוֹאָח,"Yow'ach (yo-awkh') n/p.",,యోవాషు,Hebrew,Old Testament
H3099,יוֹאָחָז,"Yow'achaz (yo-aw-khawz') n/p.",,యోవాహాజు,Hebrew,Old Testament
H3100,יוֹאֵל,"Yow'el (yo-ale') n/p.",,యోవేలు,Hebrew,Old Testament
H3101,יוֹאָשׁ יוֹאָשׁ,"Yow'ash (yo-awsh') (or Yoash (2 Chron. 24) n/p.",,యోవాషు,Hebrew,Old Testament
H3102,יוֹב,"Yowb (yobe) n/p.",,యోబు,Hebrew,Old Testament
H3103,יוֹבָב,"Yowbab (yo-bawb') n/p.",,యోబాబు,Hebrew,Old Testament
H3104,יוֹבֵל יוֹבֵל,"the blast of a horn (from its continuous sound)",,చివరి,Hebrew,Old Testament
H3105,יוּבַל,"a stream",,అర్థం తెలియదు,Hebrew,Old Testament
H3106,יוּבָל,"Yuwbal (yoo-bawl') n/p.",,యూబాలు,Hebrew,Old Testament
H3107,יוֹזָבָד,"Yowzabad (yo-zaw-bawd') n/p.",,యోజాబాదు,Hebrew,Old Testament
H3108,יוֹזָכָר,"Yowzakar (yo-zaw-kawr') n/p.",,యోజాకారు,Hebrew,Old Testament
H3109,יוֹחָא,"Yowcha' (yo-khaw') n/p.",,యోఖా,Hebrew,Old Testament
H3110,יוֹחָנָן,"Yowchanan (yo-khaw-nawn') n/p.",,యోహానాను,Hebrew,Old Testament
H3111,יוֹיָדָע,"Yowyada` (yo-yaw-daw') n/p.",,యోయాదా,Hebrew,Old Testament
H3112,יוֹיָכִין,"Yowyakiyn (yo-yaw-keen') n/p.",,యోయాకీను,Hebrew,Old Testament
H3113,יוֹיָקִים,"Yowyaqiym (yo-yaw-keem') n/p.",,యోయాకీము,Hebrew,Old Testament
H3114,יוֹיָרִיבּ,"Yowyariyb (yo-yaw-reeb') n/p.",,యోయారీబు,Hebrew,Old Testament
H3115,יוֹכֶבֶד,"Yowkebed (yo-keh'-bed) n/p.",,యోకెబెదు,Hebrew,Old Testament
H3116,יוּכַל,"Yuwkal (yoo-kal') n/p.",,యూకలు,Hebrew,Old Testament
H3117,יוֹם,"a day (as the warm hours)",యోమ్,దినం,Hebrew,Old Testament
H3118,יוֹם,"a day",,దినము,Hebrew,Old Testament
H3119,יוֹמָם,"yowmam (yo-mawm') adv.",,అర్థం తెలియదు,Hebrew,Old Testament
H3120,יָוָן,"Yavan (yaw-vawn') n/l.",,యావాను,Hebrew,Old Testament
H3121,יָוֵן,"(properly) dregs (as effervescing)",,అర్థం తెలియదు,Hebrew,Old Testament
H3122,יוֹנָדָב,"Yawnadab (yo-naw-dawb') n/p.",,యోనాదాబు,Hebrew,Old Testament
H3123,יוֹנָה,"a dove (apparently from the warmth of their mating)",,యుద్ధం,Hebrew,Old Testament
H3124,יוֹנָה,"Yonah (yo-naw') n/p.",,పావురము,Hebrew,Old Testament
H3125,יְוָנִי,"Yvaniy (yev-aw-nee') adj.",,యెవనీయుడు,Hebrew,Old Testament
H3126,יוֹנֵק,"a sucker",,అర్థం తెలియదు,Hebrew,Old Testament
H3127,יוֹנֶקֶת,"a sprout",,అర్థం తెలియదు,Hebrew,Old Testament
H3128,יוֹנַת אֵלֶם רְחוֹקִים,"yownath 'elem rchoqiym (yo-nath' ay'-lem rekh-o-keem') n/t.",,అర్థం తెలియదు,Hebrew,Old Testament
H3129,יוֹנָתָן,"Yownathan (yo-naw-thawn') n/p.",,యోనాతాను,Hebrew,Old Testament
H3130,יוֹסֵף,"Yowceph (yo-safe') n/p.",,యోసేపు,Hebrew,Old Testament
H3131,יוֹסִפיָה,"Yowciphyah (yo-sif-yaw') n/p.",,యోసిఫ్యా,Hebrew,Old Testament
H3132,יוֹעֵאלָה,"Yow`e'lah (yo-ay-law') n/p.",,ధర్మశాస్త్రం,Hebrew,Old Testament
H3133,יוֹעֵד,"Yow`ed (yo-ade') n/p.",,యోయేదు,Hebrew,Old Testament
H3134,יוֹעֶזֶר,"Yow`ezer (yo-eh'-zer) n/p.",,యోయేజెరు,Hebrew,Old Testament
H3135,יוֹעָשׁ,"Yow`ash (yo-awsh') n/p.",,యోవాషు,Hebrew,Old Testament
H3136,יוֹצָדָק,"Yowtsadaq (yo-tsaw-dawk') n/p.",,యోజాదాకు,Hebrew,Old Testament
H3137,יוֹקִים,"Yowqiym (yo-keem') n/p.",,యోకీము,Hebrew,Old Testament
H3138,יוֹרֶה,"sprinkling",,అర్థం తెలియదు,Hebrew,Old Testament
H3139,יוֹרָה,"Yowrah (yo-raw') n/p.",,యోరా,Hebrew,Old Testament
H3140,יוֹרַי,"Yowray (yo-rah'-ee) n/p.",,యోరాయి,Hebrew,Old Testament
H3141,יוֹרָם,"Yowram (yo-rawm') n/p.",,యోరాము,Hebrew,Old Testament
H3142,יוּשַׁב חֶסֶד,"Yuwshab Checed (yoo-shab' kheh'-sed) n/p.",,యూషాబు హెసెదు,Hebrew,Old Testament
H3143,יוֹשִׁביָה,"Yowshibyah (yo-shi-yaw') n/p.",,యోషిబియా,Hebrew,Old Testament
H3144,יוֹשָׁה,"Yowshah (yo-shaw') n/p.",,యోషా,Hebrew,Old Testament
H3145,יוֹשַׁויָה,"Yowshavyah (yo-shav-yaw') n/p.",,యోషవ్యా,Hebrew,Old Testament
H3146,יוֹשָׁפָט,"Yowshaphat (yo-shaw-fawt') n/p.",,యెహోషాపాతు,Hebrew,Old Testament
H3147,יוֹתָם,"Yowtham (yo-thawm') n/p.",,యోతాము,Hebrew,Old Testament
H3148,יוֹתֵר,"yowther (yo-thare') adv.",,అర్థం తెలియదు,Hebrew,Old Testament
H3149,יְזַואֵל,"Yzav'el (yez-av-ale') n/p.",,యెజెబెలు,Hebrew,Old Testament
H3150,יִזִּיָה,"Yizziyah (yiz-zee-yaw') n/p.",,ఇజ్జియా,Hebrew,Old Testament
H3151,יָזִיז,"Yaziyz (yaw-zeez') n/p.",,యాజీజు,Hebrew,Old Testament
H3152,יִזלִיאָה,"Yizliy'ah (yiz-lee-aw') n/p.",,ఇజ్లియా,Hebrew,Old Testament
H3153,יְזַניָה יְזַניָהוּ,"Yzanyah (yez-an-yaw') (or Yzanyahuw yez-an-yaw'-hoo) n/p.",,యెజన్యా,Hebrew,Old Testament
H3154,יֶזַע,"sweat",,చెమట,Hebrew,Old Testament
H3155,יִזרָח,"Yizrach (yiz-rawkh') adj.",,ఇజ్రాహు,Hebrew,Old Testament
H3156,יִזרַחיָה,"Yizrachyah (yiz-rakh-yaw') n/p.",,ఇజ్రాఖ్యాహు,Hebrew,Old Testament
H3157,יִזרְעֵאל,"Yizr`e'l (yiz-reh-ale') n/l.",,యెజ్రెల్,Hebrew,Old Testament
H3158,יִזרְעֵאלִי,"Yizr`e'liy (yiz-reh-ay-lee') adj.",,యెజ్రెలీయుడు,Hebrew,Old Testament
H3159,יִזרְעֵאלִיתּ,"Yizr`e'liyth (yiz-reh-ay-leeth') adj.",,యెజ్రెలీయురాలు,Hebrew,Old Testament
H3160,יְחוּבָּה,"Ychubbah (yekh-oob-baw') n/p.",,యెహుబ్బా,Hebrew,Old Testament
H3161,יָחַד,"yachad (yaw-khad') v.",,యాహాద్,Hebrew,Old Testament
H3162,יַחַד,"yachad (yakh'-ad) adv.",,కలిసి,Hebrew,Old Testament
H3163,יַחדּוֹ,"Yachdow (yakh-doe') n/p.",,యాహ్దోవు,Hebrew,Old Testament
H3164,יַחדִּיאֵל,"Yachdiy'el (yakh-dee-ale') n/p.",,యహ్దీయేలు,Hebrew,Old Testament
H3165,יֶחדִּיָהוּ,"Yechdiyahuw (yekh-dee-yaw'-hoo) n/p.",,యెహ్దీయాహు,Hebrew,Old Testament
H3166,יַחֲזִיאֵל,"Yachaziy'el (yakh-az-ee-ale') n/p.",,యాహజీయేలు,Hebrew,Old Testament
H3167,יַחזְיָה,"Yachzyah (yakh-zeh-yaw') n/p.",,యహ్జ్యా,Hebrew,Old Testament
H3168,יְחֶזקֵאל,"Ychezqe'l (yekh-ez-kale') n/p.",,యెహెజ్కేలు,Hebrew,Old Testament
H3169,יְחִזקִיָה יְחִזקִיָהוּ,"Ychizqiyah (yekh-iz-kee-yaw') (or Ychizqiyahuw yekh-iz-kee-yaw'- hoo) n/p.",,యెహిజ్కియా,Hebrew,Old Testament
H3170,יַחזֵרָה,"Yachzerah (yakh-zay-raw') n/p.",,యాహ్జేరా,Hebrew,Old Testament
H3171,יְחִיאֵל יְחַואֵל,"Ychiy'el (yekh-ee-ale') (or (2 Chron. 29) n/p.",,యెహీయేలు,Hebrew,Old Testament
H3172,יְחִיאֵלִי,"Ychiy'eliy (yekh-ee-ay-lee') n/p.",,యెహీయేలీ,Hebrew,Old Testament
H3173,יָחִידּ,"yachiyd (yaw-kheed') adj.",,యాహీద్,Hebrew,Old Testament
H3174,יְחִיָה,"Ychiyah (yekh-ee-yaw') n/p.",,యెహియా,Hebrew,Old Testament
H3175,יָחִיל,"yachiyl (yaw-kheel') adj.",,యాహిల్,Hebrew,Old Testament
H3176,יָחַל,"yachal (yaw-chal') v.",,యాహల్,Hebrew,Old Testament
H3177,יַחלְאֵל,"Yachl'el (yakh-leh-ale') n/p.",,యాహ్లెయేలు,Hebrew,Old Testament
H3178,יַחלְאֵלִי,"Yachl'eliy (yakh-leh-ay-lee') adj.",,అర్థం తెలియదు,Hebrew,Old Testament
H3179,יָחַם,"yacham (yaw-kham') v.",,దయ చూపించు,Hebrew,Old Testament
H3180,יַחמוּר,"a kind of deer (from the color",,రంగు నుండి ఒక రకమైన జింక,Hebrew,Old Testament
H3181,יַחמַי,"Yachmay (yakh-mah'-ee) n/p.",,అర్థం తెలియదు,Hebrew,Old Testament
H3182,יָחֵף,"yacheph (yaw-khafe') adj.",,విప్పబడిన,Hebrew,Old Testament
H3183,יַחצְּאֵל,"Yachts'el (yakh-tseh-ale') n/p.",,యహ్త్సేల్,Hebrew,Old Testament
H3184,יַחצְּאֵלִי,"Yachts'eliy (yakh-tseh-ay-lee') adj.",,యహ్త్సేలీ,Hebrew,Old Testament
H3185,יַחצִּיאֵל,"Yachtsiy'el (yakh-tsee-ale') n/p.",,యాహ్త్సియెల్,Hebrew,Old Testament
H3186,יָחַר,"yachar (yaw-khar') v.",,కోపం తెచ్చుకొను,Hebrew,Old Testament
H3187,יָחַשׂ,"yachas (yaw-khas') v.",,వంశావళిని నమోదు చేయు,Hebrew,Old Testament
H3188,יַחַשׂ,"a pedigree or family list (as growing spontaneously)",,కుటుంబం,Hebrew,Old Testament
H3189,יַחַת,"Yachath (yakh'-ath) n/p.",,యాహత్,Hebrew,Old Testament
H3190,יָטַב,"yatab (yaw-tab') v.",యాటబ్,మంచి చేయు,Hebrew,Old Testament
H3191,יְטַב,"ytab (yet-ab') v.",,అర్థం తెలియదు,Hebrew,Old Testament
H3192,יָטבָּה,"Yotbah (yot-baw') n/l.",,యోత్బా,Hebrew,Old Testament
H3193,יָטבָּתָה,"Yotbathah (yot-baw'-thaw) n/l.",,యోత్బతా,Hebrew,Old Testament
H3194,יוּטָּה יוּטָה,"Yuttah (yoo-taw') (or Yuwtah yoo-taw') n/l.",,యుట్టా,Hebrew,Old Testament
H3195,יְטוּר,"Ytuwr (yet-oor') n/p.",,యేతుర్,Hebrew,Old Testament
H3196,יַיִן,"wine (as fermented)",,ద్రాక్షారసం,Hebrew,Old Testament
H3197,יַך,"a hand or side",,చేయి,Hebrew,Old Testament
H3198,יָכַח,"yakach (yaw-kahh') v.",,తీసుకొను,Hebrew,Old Testament
H3199,יָכִין,"Yakiyn (yaw-keen') n/p.",,యాకీన్,Hebrew,Old Testament
H3200,יָכִינִי,"Yakiyniy (yaw-kee-nee') adj.",,యాకీనీ,Hebrew,Old Testament
H3201,יָכוֹל יָכוֹל,"yakol (yaw-kole') (or (fuller) yakowl yaw-kole') v.",,సాధ్యమగు,Hebrew,Old Testament
H3202,יְכֵל יְכִיל,"ykel (yek-ale') ((Aramaic) or ykiyl (Aramaic) yek-eel') v.",,అర్థం తెలియదు,Hebrew,Old Testament
H3203,יְכָליָה יְכָליָהוּ יְכִילְיָה,"Ykolyah (yek-ol-yaw') (and Ykolyahuw yek-ol-yaw'-hoo or (2 Chronicles 26) n/p.",,యెకొల్యా మరియు యెకొల్యాహువ్,Hebrew,Old Testament
H3204,יְכָניָה יְכָניָהוּ יְכוֹנְיָה,"Ykonyah (yek-on-yaw') (and Ykonyahuw yek-on-yaw'-hoo or (Jereremiah 27) n/p.",,యెకొన్యా మరియు యెకొన్యాహువ్,Hebrew,Old Testament
H3205,יָלַד,"yalad (yaw-lad') v.",,పుట్టెను,Hebrew,Old Testament
H3206,יֶלֶד,"something born",,బిడ్డ,Hebrew,Old Testament
H3207,יַלדָּה,"a lass",,ఒక చిన్నది,Hebrew,Old Testament
H3208,יַלדּוּת,"boyhood (or girlhood)",,బాల్యం లేదా బాలికాత్వం,Hebrew,Old Testament
H3209,יִלּוֹד,"yillowd (yil-lode') adj.",,కాన్పు చేసిన,Hebrew,Old Testament
H3210,יָלוֹן,"Yalown (yaw-lone') n/p.",,ఒకటి,Hebrew,Old Testament
H3211,יָלִידּ,"yaliyd (yaw-leed') adj.",,పుట్టిన,Hebrew,Old Testament
H3212,יָלַך,"yalak (yaw-lak') v.",యాలక్,వెళ్ళు,Hebrew,Old Testament
H3213,יָלַל,"yalal (yaw-lal') v.",,అఱచు,Hebrew,Old Testament
H3214,יְלֵל,"a howl",,ఒక కేక,Hebrew,Old Testament
H3215,יְלָלָה,"a howl",,ఒక కేక,Hebrew,Old Testament
H3216,יָלַע,"yala` (yaw-lah') v.",,అర్థం తెలియదు,Hebrew,Old Testament
H3217,יַלֶּפֶת,"scurf or tetter",,గజ్జి,Hebrew,Old Testament
H3218,יֶלֶק,"a devourer",,భక్షకుడు,Hebrew,Old Testament
H3219,יַלקוּט,"a travelling pouch (as if for gleanings)",,ఏరుకోవడానికి సంచి,Hebrew,Old Testament
H3220,יָם,"a sea (as breaking in noisy surf) or large body of water",,రాజు,Hebrew,Old Testament
H3221,יָם,"sea",,సముద్రం,Hebrew,Old Testament
H3222,יֵם,"a warm spring",,యుద్ధం,Hebrew,Old Testament
H3223,יְמוּאֵל,"Ymuw'el (yem-oo-ale') n/p.",,యెమూయేలు,Hebrew,Old Testament
H3224,יְמִימָה,"Ymiymah (yem-ee-maw') n/p.",,యెమీమా,Hebrew,Old Testament
H3225,יָמִין,"the right hand or side (leg",యామీన్,కుడి,Hebrew,Old Testament
H3226,יָמִין,"Yamiyn (yaw-meen') n/p.",,కుడిచేయి,Hebrew,Old Testament
H3227,יְמִינִי,"ymiyniy (yem-ee-nee') adj.",,యెమీనీయుడు,Hebrew,Old Testament
H3228,יְמִינִי,"Ymiyniy (yem-ee-nee') adj.",,యెమీనీయుడు,Hebrew,Old Testament
H3229,יִמלָא יִמלָה,"Yimla' (yeem-law') (or Yimlah yim-law') n/p.",,ధర్మశాస్త్రం,Hebrew,Old Testament
H3230,יַמלֵך,"Yamlek (yam-lake') n/p.",,యమ్లేకు,Hebrew,Old Testament
H3231,יָמַן,"yaman (yaw-man') v.",,మనిషి,Hebrew,Old Testament
H3232,יִמנָה,"Yimnah (yim-naw') n/p.",,యిమ్నా,Hebrew,Old Testament
H3233,יְמָנִי,"ymaniy (yem-aw-nee') adj.",,మనిషి,Hebrew,Old Testament
H3234,יִמנָע,"Yimna` (yim-naw') n/p.",,యిమ్నా,Hebrew,Old Testament
H3235,יָמַר,"yamar (yaw-mar') v.",,మాట్లాడు,Hebrew,Old Testament
H3236,יִמרָה,"Yimrah (yim-raw') n/p.",,యిమ్రా,Hebrew,Old Testament
H3237,יָמַשׁ,"yamash (yaw-mash') v.",,తాకు,Hebrew,Old Testament
H3238,יָנָה,"yanah (yaw-naw') v.",,బాధించు,Hebrew,Old Testament
H3239,יָנוַֹח יָנוֹחָה,"Yanowach (yaw-no'-akh",,యనోయహు,Hebrew,Old Testament
H3240,יָנַח,"yanach (yaw-nakh') v.",,విశ్రమించు,Hebrew,Old Testament
H3241,יָנִים,"Yaniym (yaw-neem') n/l.",,యనీము,Hebrew,Old Testament
H3242,יְנִיקָה,"a sucker or sapling",,మొక్క,Hebrew,Old Testament
H3243,יָנַק,"yanaq (yaw-nak') v.",,పాలుత్రాగు,Hebrew,Old Testament
H3244,יַנשׁוּף יַנשׁוֹף,"an unclean (acquatic) bird",,పక్షి,Hebrew,Old Testament
H3245,יָסַד,"yacad (yaw-sad') v.",,స్థాపించు,Hebrew,Old Testament
H3246,יְסוּד,"a foundation",,పునాది,Hebrew,Old Testament
H3247,יְסוֹד,"a foundation (literally or figuratively)",,పునాది,Hebrew,Old Testament
H3248,יְסוּדָה,"a foundation",,పునాది,Hebrew,Old Testament
H3249,יָסוּר,"yacuwr (yaw-soor') adj.",,తొలగువాడు,Hebrew,Old Testament
H3250,יִסּוֹר,"a reprover",,గద్దించువాడు,Hebrew,Old Testament
H3251,יָסַך,"yacak (yaw-sak') v.",,పోయు,Hebrew,Old Testament
H3252,יִסכָּה,"Yickah (yis-kaw') n/p.",,ఇష్కా,Hebrew,Old Testament
H3253,יִסמַכיָהוּ,"Yicmakyahuw",,అర్థం తెలియదు,Hebrew,Old Testament
H3254,יָסַף,"yacaph (yaw-saf') v.",యాసఫ్,చేర్చు,Hebrew,Old Testament
H3255,יְסַף,"ycaph (yes-af') v.",,కూర్చు,Hebrew,Old Testament
H3256,יָסַר,"yacar (yaw-sar') v.",,శిక్షించు,Hebrew,Old Testament
H3257,יָע,"a shovel",,పార,Hebrew,Old Testament
H3258,יַעבֵּץ,"Ya`bets (yah-bates') n/l.",,అర్థం తెలియదు,Hebrew,Old Testament
H3259,יָעַד,"ya`ad (yaw-ad') v.",,అర్థం తెలియదు,Hebrew,Old Testament
H3260,יֶעדִּי,"Y`diy (yed-ee') n/p.",,అర్థం తెలియదు,Hebrew,Old Testament
H3261,יָעָה,"ya`ah (yaw-aw') v.",,అర్థం తెలియదు,Hebrew,Old Testament
H3262,יְעוּאֵל,"Y`uw'el (yeh-oo-ale') n/p.",,అర్థం తెలియదు,Hebrew,Old Testament
H3263,יְעוּץ,"Y`uwts (yeh-oots') n/p.",,అర్థం తెలియదు,Hebrew,Old Testament
H3264,יָעוֹר,"a forest",,అడవి,Hebrew,Old Testament
H3265,יָעוּר,"Ya`uwr (yaw-oor') n/p.",,అర్థం తెలియదు,Hebrew,Old Testament
H3266,יְעוּשׁ,"Y`uwsh (yeh-oosh') n/p.",,యెయూషు,Hebrew,Old Testament
H3267,יָעַז,"ya`az (yaw-az') v.",,అర్థం తెలియదు,Hebrew,Old Testament
H3268,יַעֲזִיאֵל,"Ya`aziy'el (yah-az-ee-ale') n/p.",,అర్థం తెలియదు,Hebrew,Old Testament
H3269,יַעֲזִיָהוּ,"Ya`aziyahuw (yah-az-ee-yaw'-hoo) n/p.",,అర్థం తెలియదు,Hebrew,Old Testament
H3270,יַעֲזֵיר יַעזֵר,"Ya`azeyr (yah-az-ayr') (or Yazer yah-zare') n/l.",,యాజేరు,Hebrew,Old Testament
H3271,יָעַט,"ya`at (yaw-at') v.",,అర్థం తెలియదు,Hebrew,Old Testament
H3272,יְעַט,"y`at",,అర్థం తెలియదు,Hebrew,Old Testament
H3273,יְעִיאֵל,"Y`iy'el (yeh-ee-ale') n/p.",,అర్థం తెలియదు,Hebrew,Old Testament
H3274,יְעִישׁ,"Y`iysh (yeh-eesh') n/p.",,యెయూషు,Hebrew,Old Testament
H3275,יַעכָּן,"Ya`kan (yah-kawn') n/p.",,అర్థం తెలియదు,Hebrew,Old Testament
H3276,יַעַל,"ya`al (yaw-al') v.",,అర్థం తెలియదు,Hebrew,Old Testament
H3277,יָעֵל,"an ibex (as climbing)",,కొండ మేక,Hebrew,Old Testament
H3278,יָעֵל,"Ya`el (yaw-ale') n/p.",,యాయేలు,Hebrew,Old Testament
H3279,יַעֲלָא יַעֲלָה,"Ya`ala' (yah-al-aw') (or Yaaalah yah-al-aw') n/p.",,అర్థం తెలియదు,Hebrew,Old Testament
H3280,יַעֲלָה,"roe",,లేడి,Hebrew,Old Testament
H3281,יַעלָם,"Ya`lam (yah-lawm') n/p.",,ధర్మశాస్త్రం,Hebrew,Old Testament
H3282,יַעַן,"ya`an (yah'-an) prep.",,ఎందుకంటే,Hebrew,Old Testament
H3283,יָעֵן,"the ostrich",,నిప్పుకోడి,Hebrew,Old Testament
H3284,יַעֲנָה,"an unclean bird",,పక్షి,Hebrew,Old Testament
H3285,יַעֲנַי,"Ya`anay (yah-an-ah'ee) n/p.",,అర్థం తెలియదు,Hebrew,Old Testament
H3286,יָעַף,"ya`aph (yaw-af') v.",,అర్థం తెలియదు,Hebrew,Old Testament
H3287,יָעֵף,"ya`ph (yaw-afe'",,అర్థం తెలియదు,Hebrew,Old Testament
H3288,יְעָף,"fatigue",,అలసట,Hebrew,Old Testament
H3289,יָעַץ,"ya`ats (yaw-ats') v.",,అర్థం తెలియదు,Hebrew,Old Testament
H3290,יַעֲקוֹב,"Ya`aqob (yah-ak-obe') n/p.",,యాకోబు,Hebrew,Old Testament
H3291,יַעֲקוֹבָה,"Ya`aqobah (yah-ak-o'-baw) n/p.",,అర్థం తెలియదు,Hebrew,Old Testament
H3292,יַעֲקָן,"Ya`aqan (yah-ak-awn') n/p.",,అర్థం తెలియదు,Hebrew,Old Testament
H3293,יַעַר,"a copse of bushes",,పొదలు గుబురు,Hebrew,Old Testament
H3294,יַערָה,"Ya`rah (yah-raw') n/p.",,అర్థం తెలియదు,Hebrew,Old Testament
H3295,יַעֲרָה,"(honey-) comb",,తేనె,Hebrew,Old Testament
H3296,יַעֲרֵי אוֹרְגִים,"Ya`arey 'Orgiym (yah-ar-ay' o-reg-eem') n/p.",,అర్థం తెలియదు,Hebrew,Old Testament
H3297,יְעָרִים,"Y`ariym (yeh-aw-reem') n/l.",,అర్థం తెలియదు,Hebrew,Old Testament
H3298,יַעֲרֶשׁיָה,"Ya`areshyah (yah-ar-esh-yaw') n/p.",,అర్థం తెలియదు,Hebrew,Old Testament
H3299,יַעֲשׂוּ,"Ya`asuw (yah-as-oo') n/p.",,అర్థం తెలియదు,Hebrew,Old Testament
H3300,יַעֲשִׂיאֵל,"Ya`asiy'el (yah-as-ee-ale') n/p.",,అర్థం తెలియదు,Hebrew,Old Testament
H3301,יִפדְּיָה,"Yiphdyah (yif-deh-yaw') n/p.",,అర్థం తెలియదు,Hebrew,Old Testament
H3302,יָפָה,"yaphah (yaw-faw') v.",,అందముగా ఉండు,Hebrew,Old Testament
H3303,יָפֶה,"yapheh (yaw-feh') adj.",,అందమైన,Hebrew,Old Testament
H3304,יְפֵה ־ פִיָה,"ypheh-phiyah (yef-eh' fee-yaw') adj.",,అర్థం తెలియదు,Hebrew,Old Testament
H3305,יָפוֹ יָפוֹא,"Yapho (yaw-fo') (or Yaphow (Ezra 3) n/l.",,యాఫో,Hebrew,Old Testament
H3306,יָפַח,"yaphach (yaw-fakh') v.",,ఊదు,Hebrew,Old Testament
H3307,יָפֵַח,"yapheach (yaw-fay'-akh) adj.",,అర్థం తెలియదు,Hebrew,Old Testament
H3308,יֳפִי,"beauty",,అందం,Hebrew,Old Testament
H3309,יָפִיַע,"Yaphiya` (yaw-fee'-ah) n/l.",,అర్థం తెలియదు,Hebrew,Old Testament
H3310,יַפלֵט,"Yaphlet (yaf-late') n/p.",,యఫ్లేటు,Hebrew,Old Testament
H3311,יַפלֵטִי,"Yaphletiy (yaf-lay-tee') adj.",,యఫ్లేటీయుడు,Hebrew,Old Testament
H3312,יְפוּנֶּה,"Yphunneh (yef-oon-neh') n/p.",,యెపున్నే,Hebrew,Old Testament
H3313,יָפַע,"yapha` (yaw-fah') v.",,వెలుగున ప్రకాశించు,Hebrew,Old Testament
H3314,יִפעָה,"splendor",,అంతం,Hebrew,Old Testament
H3315,יֶפֶת,"Yepheth (yeh'-feth) n/p.",,యాపెతు,Hebrew,Old Testament
H3316,יִפתָּח,"Yiphtach (yif-tawkh') n/l.",,యిఫ్తాహు,Hebrew,Old Testament
H3317,יִפתַּח ־ אֵל,"Yiphtach-'el (yif-tach-ale') n/l.",,యిఫ్తాహేలు,Hebrew,Old Testament
H3318,יָצָא,"yatsa' (yaw-tsaw') v.",యాత్సా,బయటకు వెళ్ళు,Hebrew,Old Testament
H3319,יְצָא,"ytsa' (yets-aw') v.",,వెళ్లు,Hebrew,Old Testament
H3320,יָצַב,"yatsab (yaw-tsab') v.",,నిలుచు,Hebrew,Old Testament
H3321,יְצֵב,"ytseb (yets-abe') v.",,అర్థం తెలియదు,Hebrew,Old Testament
H3322,יָצַג,"yatsag (yaw-tsag') v.",,నటించు,Hebrew,Old Testament
H3323,יִצהָר,"oil (as producing light)",,వెలుగు,Hebrew,Old Testament
H3324,יִצהָר,"Yitshar (yits-hawr') n/p.",,యితర్‌,Hebrew,Old Testament
H3325,יִצהָרִי,"Yitshariy (yits-haw-ree') adj.",,యితారీయుడు,Hebrew,Old Testament
H3326,יָצוַּע,"spread",,విస్తరించు,Hebrew,Old Testament
H3327,יִצחָק,"Yitschaq (yits-khawk') n/p.",,ఇస్సాకు,Hebrew,Old Testament
H3328,יִצחַר,"Yitschar (yits-khar') n/p.",,ఇస్హారు,Hebrew,Old Testament
H3329,יָצִיא,"yatsiy' (yaw-tsee') adj.",,అర్థం తెలియదు,Hebrew,Old Testament
H3330,יַצִּיבּ,"yatstsiyb (yats-tseeb') adj.",,అర్థం తెలియదు,Hebrew,Old Testament
H3331,יַצַע,"yatsa` (yaw-tsah') v.",,బయటకు వచ్చు,Hebrew,Old Testament
H3332,יָצַק,"yatsaq (yaw-tsak') v.",,పోయి,Hebrew,Old Testament
H3333,יְצוּקָה,"poured out",,కుమ్మరించారు,Hebrew,Old Testament
H3334,יָצַר,"yatsar (yaw-tsar') v.",,రూపించు,Hebrew,Old Testament
H3335,יָצַר,"yatsar (yaw-tsar') v.",,రూపించు,Hebrew,Old Testament
H3336,יֵצֶר,"a form",,ఒక రూపం,Hebrew,Old Testament
H3337,יֵצֶר,"Yetser (yay-tser) n/p.",,అర్థం తెలియదు,Hebrew,Old Testament
H3338,יָצוּר,"structure",,నిర్మాణం,Hebrew,Old Testament
H3339,יִצרִי,"Yitsriy (yits-ree') n/p.",,అర్థం తెలియదు,Hebrew,Old Testament
H3340,יִצרִי,"Yitsriy (yits-ree') adj.",,అర్థం తెలియదు,Hebrew,Old Testament
H3341,יָצַת,"yatsath (yaw-tsath') v.",,అర్థం తెలియదు,Hebrew,Old Testament
H3342,יֶקֶב,"a trough (as dug out)",,ద్రాక్షగానుగ,Hebrew,Old Testament
H3343,יְקַבצְּאֵל,"Yqabts'el (yek-ab-tseh-ale') n/l.",,యికబ్జెఎల్,Hebrew,Old Testament
H3344,יָקַד,"yaqad (yaw-kad') v.",,రాజుకొను,Hebrew,Old Testament
H3345,יְקַד,"yqad (yek-ad') v.",,అర్థం తెలియదు,Hebrew,Old Testament
H3346,יְקֵדָא,"a conflagration",,ఒక అగ్నిప్రమాదం,Hebrew,Old Testament
H3347,יָקדְּעָם,"Yoqd`am (yok-deh-awm') n/l.",,యోక్దాం,Hebrew,Old Testament
H3348,יָקֶה,"Yaqeh (yaw-keh') n/p.",,యాకే,Hebrew,Old Testament
H3349,יִקָּהָה,"obedience",,విధేయత,Hebrew,Old Testament
H3350,יְקוֹד,"a burning",,ఒక దహనం,Hebrew,Old Testament
H3351,יְקוּם,"(properly) standing (extant)",,సరిగా నిలబడి ఉన్నది,Hebrew,Old Testament
H3352,יָקוֹשׁ,"(properly) entangling",,సరిగా చిక్కుకోవడం,Hebrew,Old Testament
H3353,יָקוּשׁ,"(properly) entangled",,సరిగా చిక్కుకుంది,Hebrew,Old Testament
H3354,יְקוּתִיאֵל,"Yquwthiy'el (yek-ooth-ee'-ale) n/p.",,యెకూతీయేలు,Hebrew,Old Testament
H3355,יָקטָּן,"Yoqtan (yok-tawn') n/p.",,యొక్తాను,Hebrew,Old Testament
H3356,יָקִים,"Yaqiym (yaw-keem') n/p.",,యాకీము,Hebrew,Old Testament
H3357,יַקִּיר,"yaqqiyr (yak-keer') adj.",,విలువైన,Hebrew,Old Testament
H3358,יַקִּיר,"yaqqiyr (yak-keer') adj.",,విలువైన,Hebrew,Old Testament
H3359,יְקַמיָה,"Yqamyah (yek-am-yaw') n/p.",,యెకమ్యా,Hebrew,Old Testament
H3360,יְקַמעָם,"Yqam`am (yek-am'-awm) n/p.",,యెకమామ్,Hebrew,Old Testament
H3361,יָקמְעָם,"Yoqm`am (yok-meh-awm') n/l.",,యోక్మెయాం,Hebrew,Old Testament
H3362,יָקנְעָם,"Yoqn`am (yok-neh-awm') n/l.",,యోక్నెయామ్,Hebrew,Old Testament
H3363,יָקַע,"yaqa` (yaw-kah') v.",,ఎగయు,Hebrew,Old Testament
H3364,יָקַץ,"yaqats (yaw-kats') v.",,లేవనెత్తు,Hebrew,Old Testament
H3365,יָקַר,"yaqar (yaw-kar') v.",,విలువైనదిగా ఉండు,Hebrew,Old Testament
H3366,יְקָר,"value",,విలువ,Hebrew,Old Testament
H3367,יְקָר,"glory",,మహిమ,Hebrew,Old Testament
H3368,יָקָר,"yaqar (yaw-kawr') adj.",,విలువైన,Hebrew,Old Testament
H3369,יָקוֹשׁ,"yaqosh (yaw-koshe') v.",,చిక్కుకొను,Hebrew,Old Testament
H3370,יָקשָׁן,"Yoqshan (yok-shawn') n/p.",,యోక్షాను,Hebrew,Old Testament
H3371,יָקתְּאֵל,"Yoqth'el (yok-theh-ale') n/l.",,యోక్తీయేలు,Hebrew,Old Testament
H3372,יָרֵא,"yare' (yaw-ray') v.",యారా,భయపడు,Hebrew,Old Testament
H3373,יָרֵא,"yare' (yaw-ray') adj.",,భయపడు,Hebrew,Old Testament
H3374,יִראָה,"fear (also used as infinitive)",,చెవి,Hebrew,Old Testament
H3375,יִראוֹן,"Yirown (yir-ohn') n/l.",,యిరోను,Hebrew,Old Testament
H3376,יִראִיָיה,"Yir'iyayh (yir-ee-yaw') n/p.",,యిరియాయు,Hebrew,Old Testament
H3377,יָרֵב,"he will contend",,అంతం,Hebrew,Old Testament
H3378,יְרוּבַּעַל,"Yrubba`al (yer-oob-bah'-al) n/p.",,యెరుబ్బయలు,Hebrew,Old Testament
H3379,יָרָבעָם,"Yarob`am (yaw-rob-awm') n/p.",,యరొబాము,Hebrew,Old Testament
H3380,יְרוּבֶּשֶׁת,"Yrubbesheth (yer-oob-beh'-sheth) n/p.",,యెరుబ్బోషెతు,Hebrew,Old Testament
H3381,יָרַד,"yarad (yaw-rad') v.",యారద్,దిగు,Hebrew,Old Testament
H3382,יֶרֶד,"Yered (yeh'-red) n/p.",,యెరెదు,Hebrew,Old Testament
H3383,יַרדֵּן,"Yarden (yar-dane') n/l.",,యొర్దాను,Hebrew,Old Testament
H3384,יָרָה יָרָא,"yarah (yaw-raw') (or (2 Chr. 26) v.",యారా,బోధించు,Hebrew,Old Testament
H3385,יְרוּאֵל,"Yruw'el (yer-oo-ale') n/l.",,యెరూవేలు,Hebrew,Old Testament
H3386,יָרוַֹח,"Yarowach (yaw-ro'-akh) n/p.",,యారోవహు,Hebrew,Old Testament
H3387,יָרוֹק,"green",,పచ్చని,Hebrew,Old Testament
H3388,יְרוּשָׁא יְרוּשָׁה,"Yruwsha' (yer-oo-shaw') (or Yaruwshah yer-oo-shaw') n/p.",,యెరూషా,Hebrew,Old Testament
H3389,יְרוּשָׁלִַם יְרוּשָׁלַיִם,"Yruwshalaim (yer-oo-shaw-lah'-im) (rarely Yruwshalayim yer-oo- shaw-lah'-yim) n/l.",,యెరూషలేము,Hebrew,Old Testament
H3390,יְרוּשָׁלֵם,"Yruwshalem (yer-oo-shaw-lame') n/l.",,యెరూషలేము,Hebrew,Old Testament
H3391,יֶרַח,"a lunation",,జాతి,Hebrew,Old Testament
H3392,יֶרַח,"Yerach (yeh'-rakh) n/p.",,యెరహు,Hebrew,Old Testament
H3393,יְרַח,"a month",,నెల,Hebrew,Old Testament
H3394,יָרֵַח,"the moon",,చంద్రుడు,Hebrew,Old Testament
H3395,יְרוֹחָם,"Yrocham (yer-o-khawm') n/p.",,యెరోహాము,Hebrew,Old Testament
H3396,יְרַחמְאֵל,"Yrachm'el (yer-akh-meh-ale') n/p.",,యెరహ్మెయేలు,Hebrew,Old Testament
H3397,יְרַחמְאֵלִי,"Yrachm'eliy (yer-akh-meh-ay-lee') adj.",,యెరహ్మెయేలీయులకు,Hebrew,Old Testament
H3398,יַרחָע,"Yarcha` (yar-khaw') n/p.",,యర్కా,Hebrew,Old Testament
H3399,יָרַט,"yarat (yaw-rat') v.",,భయపడు,Hebrew,Old Testament
H3400,יְרִיאֵל,"Yriy'el (yer-ee-ale') n/p.",,యెరియేలు,Hebrew,Old Testament
H3401,יָרִיבּ,"(literally) he will contend",,అంతం,Hebrew,Old Testament
H3402,יָרִיבּ,"Yariyb (yaw-rebe') n/p.",,యారీబు,Hebrew,Old Testament
H3403,יְרִיבַּי,"Yriybay (yer-eeb-ah'ee) n/p.",,యెరీబై,Hebrew,Old Testament
H3404,יְרִיָה יְרִיָהוּ,"Yriyah (yer-ee-yaw') (or Yriyahuw yer-ee-yaw'-hoo) n/p.",,యిరియా,Hebrew,Old Testament
H3405,יְרִיחוֹ יְרֵחוֹ יְרִיחוֹה,"Yriychow (yer-ee-kho') (or Yrechow yer-ay-kho' or variation (1 Kings 16) n/l.",,రాజు,Hebrew,Old Testament
H3406,יְרִימוֹת יְרֵימוֹת יְרֵמוֹת,"Yriymowth (yer-ee-mohth') (or Yreymowth yer-ay-mohth' or Yremowth yer-ay-mohth'",,యిరీమోతు,Hebrew,Old Testament
H3407,יְרִיעָה,"a hanging (as tremulous)",,వణుకుతూ వేలాడుతూ,Hebrew,Old Testament
H3408,יְרִיעוֹת,"Yriy`owth (yer-ee-ohth') n/p.",,అర్థం తెలియదు,Hebrew,Old Testament
H3409,יָרֵך,"the thigh (from its fleshy softness)",,తొడ,Hebrew,Old Testament
H3410,יַרכָּא,"a thigh",,ఒక తొడ,Hebrew,Old Testament
H3411,יְרֵכָה,"(properly) the flank",,సరిగ్గా పార్శ్వం,Hebrew,Old Testament
H3412,יַרמוּת,"Yarmuwth (yar-mooth') n/l.",,అర్థం తెలియదు,Hebrew,Old Testament
H3413,יְרֵמַי,"Yremay (yer-ay-mah'-ee) n/p.",,అర్థం తెలియదు,Hebrew,Old Testament
H3414,יִרמְיָה יִרמְיָהוּ,"Yirmyah (yir-meh-yaw') (or Yirmyahuw yir-meh-yaw'-hoo) n/p.",,యిర్మీయా,Hebrew,Old Testament
H3415,יָרַע,"yara` (yaw-rah') v.",,యారా,Hebrew,Old Testament
H3416,יִרפְּאֵל,"Yirp'el (yir-peh-ale') n/l.",,అర్థం తెలియదు,Hebrew,Old Testament
H3417,יָרַק,"yaraq (yaw-rak') v.",,యారాక్,Hebrew,Old Testament
H3418,יֶרֶק,"(properly) pallor",,పచ్చదనము,Hebrew,Old Testament
H3419,יָרָק,"(properly) green",,సరిగ్గా ఆకుపచ్చ,Hebrew,Old Testament
H3420,יֵרָקוֹן,"paleness",,పాలిపోవడం,Hebrew,Old Testament
H3421,יָרקְעָם,"Yorq`am (yor-keh-awm') n/p.",,అర్థం తెలియదు,Hebrew,Old Testament
H3422,יְרַקרַק,"yraqraq (yer-ak-rak') adj.",,యర్క్ రాక్,Hebrew,Old Testament
H3423,יָרַשׁ יָרֵשׁ,"yarash (yaw-rash') (or yaresh yaw-raysh') v.",,యారాష్,Hebrew,Old Testament
H3424,יְרֵשָׁה,"occupancy",,స్వాధీనం,Hebrew,Old Testament
H3425,יְרוּשָּׁה,"something occupied",,ఆస్తి,Hebrew,Old Testament
H3426,יֵשׁ,"yesh (yaysh) subv.",యేష్,ఉన్నది,Hebrew,Old Testament
H3427,יָשַׁב,"yashab (yaw-shab') v.",యాషబ్,కూర్చుండు,Hebrew,Old Testament
H3428,יֶשֶׁבאָב,"Yesheb'ab (yeh-sheb-awb') n/p.",,అర్థం తెలియదు,Hebrew,Old Testament
H3429,יוֹשֵׁב בַּשֶּׁבֶת,"Yosheb bash-Shebeth (yo-shabe' bash-sheh'-beth) n/p.",,యోషేబ్ బష్-షెబెత్,Hebrew,Old Testament
H3430,יִשׁבּוֹ בְּנוֹב,"Yishbow b-Nob (yish-bo'beh-nobe) n/p.",,అర్థం తెలియదు,Hebrew,Old Testament
H3431,יִשׁבַּח,"Yishbach (yish-bakh') n/p.",,యిష్బాక్,Hebrew,Old Testament
H3432,יָשׁוּבִי,"Yashubiy (yaw-shoo-bee') adj.",,యషూబీ,Hebrew,Old Testament
H3433,יָשׁוּבִי לֶחֶם יוֹשֶׁבֵי לֶחֶם,"Yashubiy Lechem (yaw-shoo-bee' leh'-khem) n/p.",,యషూబి లెహెమ్,Hebrew,Old Testament
H3434,יָשָׁבעָם,"Yashob`am (yaw-shob-awm') n/p.",,యషోబామ్,Hebrew,Old Testament
H3435,יִשׁבָּק,"Yishbaq (yish-bawk') n/p.",,యిష్బాక్,Hebrew,Old Testament
H3436,יָשׁבְּקָשָׁה,"Yoshbqashah (yosh-bek-aw-shaw') n/p.",,యోష్ బ్కషహ్,Hebrew,Old Testament
H3437,יָשׁוּב יָשִׁיבּ,"Yashuwb (yaw-shoob') (or Yashiyb yaw-sheeb') n/p.",,యషూబ్,Hebrew,Old Testament
H3438,יִשׁוָה,"Yishvah (yish-vaw') n/p.",,యిష్వా,Hebrew,Old Testament
H3439,יְשׁוֹחָיָה,"Yshowchayah (yesh-o-khaw-yaw') n/p.",,యెషోఖాయా,Hebrew,Old Testament
H3440,יִשׁוִי,"Yishviy (yish-vee') n/p.",,యిష్వి,Hebrew,Old Testament
H3441,יִשׁוִי,"Yishviy (yish-vee') adj.",,యిష్వి,Hebrew,Old Testament
H3442,יֵשׁוַּע,"Yeshuwa` (yay-shoo'-ah) n/l.",,యేషువా,Hebrew,Old Testament
H3443,יֵשׁוַּע,"Yeshuwa` (yay-shoo'-ah) n/p.",,యేషువా,Hebrew,Old Testament
H3444,יְשׁוּעָה,"something saved",యెషూఆ,రక్షణ,Hebrew,Old Testament
H3445,יֶשַׁח,"hunger",,ఆకలి,Hebrew,Old Testament
H3446,יִשׂחָק,"Yischaq (yis-khawk') n/p.",,యిస్సాకు,Hebrew,Old Testament
H3447,יָשַׁט,"yashat (yaw-shat') v.",,అర్థం తెలియదు,Hebrew,Old Testament
H3448,יִשַׁי אִישַׁי,"Yishay (yee-shah'-ee) (by Aramaic Iyshay ee-shah'-ee) n/p.",,యిషై,Hebrew,Old Testament
H3449,יִשִּׁיָה יִשִּׁיָהוּ,"Yishshiyah (yish-shee-yaw') (or Yishshiyahuw yish-shee-yaw'-hoo) n/p.",,అర్థం తెలియదు,Hebrew,Old Testament
H3450,יְשִׂימִאֵל,"Ysiyma'el (yes-eem-aw-ale') n/p.",,యిష్మాయేలు,Hebrew,Old Testament
H3451,יְשִׁימָה,"desolation",,నిర్జనము,Hebrew,Old Testament
H3452,יְשִׁימוֹן,"a desolation",,ఒక నిర్మానుష్యస్థితి,Hebrew,Old Testament
H3453,יָשִׁישׁ,"yashiysh (yaw-sheesh') adj.",,ముసలివాడు,Hebrew,Old Testament
H3454,יְשִׁישָׁי,"Yshiyshay (yesh-ee-shah'-ee) n/p.",,అర్థం తెలియదు,Hebrew,Old Testament
H3455,יָשַׂם,"yasam (yaw-sam') v.",,అర్థం తెలియదు,Hebrew,Old Testament
H3456,יָשַׁם,"yasham (yaw-sham') v.",,అర్థం తెలియదు,Hebrew,Old Testament
H3457,יִשׁמָא,"Yishma' (yish-maw') n/p.",,యిష్మా,Hebrew,Old Testament
H3458,יִשׁמָעֵאל,"Yishma`e'l (yish-maw-ale') n/p.",,ఇష్మాయేలు,Hebrew,Old Testament
H3459,יִשׁמָעֵאלִי,"Yishma`e'liy (yish-maw-ay-lee') adj.",,యిష్మాయేలీయుడు,Hebrew,Old Testament
H3460,יִשׁמַעיָה יִשׁמַעיָהוּ,"Yishma`yah (yish-mah-yaw') (or Yishmacyahuw yish-mah-yaw'-hoo) n/p.",,అర్థం తెలియదు,Hebrew,Old Testament
H3461,יִשׁמְרַי,"Yishmray (yish-mer-ah'-ee) n/p.",,యిష్మ్రాయి,Hebrew,Old Testament
H3462,יָשֵׁן,"yashen (yaw-shane') v.",,నిద్రించు,Hebrew,Old Testament
H3463,יָשֵׁן,"yashen (yaw-shane') adj.",,నిద్రపోవు,Hebrew,Old Testament
H3464,יָשֵׁן,"Yashen (yaw-shane') n/p.",,యాషెన్,Hebrew,Old Testament
H3465,יָשָׁן,"yashan (yaw-shawn') adj.",,పాత,Hebrew,Old Testament
H3466,יְשָׁנָה,"Yshanah (yesh-aw-naw') n/p.",,దేశము,Hebrew,Old Testament
H3467,יָשַׁע,"yasha` (yaw-shah') v.",యాషా,రక్షించు,Hebrew,Old Testament
H3468,יֶשַׁע יֵשַׁע,"liberty",,విడుదల,Hebrew,Old Testament
H3469,יִשׁעִי,"Yish`iy (yish-ee') n/p.",,యిషీ,Hebrew,Old Testament
H3470,יְשַׁעיָה יְשַׁעיָהוּ,"Ysha`yah (yesh-ah-yaw') (or Yshayahuw yesh-ah-yaw'-hoo) n/p.",,యెషయా,Hebrew,Old Testament
H3471,יָשׁפֵה,"a gem supposed to be jasper (from the resemblance in name)",,పేరు,Hebrew,Old Testament
H3472,יִשׁפָּה,"Yishpah (yish-paw') n/p.",,యిష్పా,Hebrew,Old Testament
H3473,יִשׁפָּן,"Yishpan (yish-pawn') n/p.",,యిష్పాన్,Hebrew,Old Testament
H3474,יָשַׁר,"yashar (yaw-shar') v.",,సరిచేయు,Hebrew,Old Testament
H3475,יֵשֶׁר,"Yesher (yay'-sher) n/p.",,యెషేరు,Hebrew,Old Testament
H3476,יוֹשֶׁר,"the right",,కుడివైపు,Hebrew,Old Testament
H3477,יָשָׁר,"yashar (yaw-shawr') adj.",,న్యాయము,Hebrew,Old Testament
H3478,יִשׂרָאֵל,"Yisra'el (yis-raw-ale') n/p.",యిస్రాయేల్,ఇశ్రాయేలు,Hebrew,Old Testament
H3479,יִשׂרָאֵל,"Yisra'el (yis-raw-ale') n/p.",,ఇశ్రాయేలు,Hebrew,Old Testament
H3480,יְשַׂראֵלָה,"Ysar'elah (yes-ar-ale'-aw) n/p.",,అర్థం తెలియదు,Hebrew,Old Testament
H3481,יִשׂרְאֵלִי,"Yisr'eliy (yis-reh-ay-lee') adj.",,అర్థం తెలియదు,Hebrew,Old Testament
H3482,יִשׂרְאֵלִיתּ,"Yisr'eliyth (yis-reh-ay-leeth') adj.",,అర్థం తెలియదు,Hebrew,Old Testament
H3483,יִשׁרָה,"rectitude",,న్యాయము,Hebrew,Old Testament
H3484,יְשׁוּרוּן,"Yshuruwn (yesh-oo-roon') n/p.",,అర్థం తెలియదు,Hebrew,Old Testament
H3485,יִשָּׂשׂכָּר,"Yissaskar (yis-saw-kawr') ((strictly yis-saws-kawr')) n/p.",,ఇస్సాఖారు,Hebrew,Old Testament
H3486,יָשֵׁשׁ,"yashesh (yaw-shaysh') adj.",,ముసలివాడు,Hebrew,Old Testament
H3487,יַת,"yath (yath) prt.",,అర్థం తెలియదు,Hebrew,Old Testament
H3488,יְתִב,"ythiyb (yeth-eeb') v.",,అర్థం తెలియదు,Hebrew,Old Testament
H3489,יָתֵד,"a peg",,మేకు,Hebrew,Old Testament
H3490,יָתוֹם,"a bereaved person",,కుమారుడు,Hebrew,Old Testament
H3491,יָתוּר,"yathuwr (yaw-thoor') v.",,అర్థం తెలియదు,Hebrew,Old Testament
H3492,יַתּתִּיר,"Yattiyr (yat-teer') n/l.",,అర్థం తెలియదు,Hebrew,Old Testament
H3493,יַתּתִּיר,"yattiyr (yat-teer') adj.",,అర్థం తెలియదు,Hebrew,Old Testament
H3494,יִתלָה,"Yithlah (yith-law') n/l.",,ధర్మశాస్త్రం,Hebrew,Old Testament
H3495,יִתמָה,"Yithmah (yith-maw') n/p.",,అర్థం తెలియదు,Hebrew,Old Testament
H3496,יַתנִיאֵל,"Yathniy'el (yath-nee-ale') n/p.",,అర్థం తెలియదు,Hebrew,Old Testament
H3497,יִתנָן,"Yithnan (yith-nawn') n/l.",,అర్థం తెలియదు,Hebrew,Old Testament
H3498,יָתַר,"yathar (yaw-thar') v.",,మిగులు,Hebrew,Old Testament
H3499,יֶתֶר,"(properly) an overhanging",,అర్థం తెలియదు,Hebrew,Old Testament
H3500,יֶתֶר,"Yether (yeh'-ther) n/p.",,యేతెరు,Hebrew,Old Testament
H3501,יִתרָא,"Yithra' (yith-raw') n/p.",,యిత్రా,Hebrew,Old Testament
H3502,יִתרָה,"(properly) excellence",,అర్థం తెలియదు,Hebrew,Old Testament
H3503,יִתרוֹ,"Yithrow (yith-ro') n/p.",,యిత్రో,Hebrew,Old Testament
H3504,יִתרוֹן,"preeminence",,అర్థం తెలియదు,Hebrew,Old Testament
H3505,יִתרִי,"Yithriy (yith-ree') adj.",,అర్థం తెలియదు,Hebrew,Old Testament
H3506,יִתרָן,"Yithran (yith-rawn') n/p.",,యిథ్రాను,Hebrew,Old Testament
H3507,יִתרְעָם,"Yithr`am (yith-reh-awm') n/p.",,యిత్రాయాం,Hebrew,Old Testament
H3508,יוֹתֶרֶת,"the lobe or flap of the liver (as if redundant or outhanging)",,అర్థం తెలియదు,Hebrew,Old Testament
H3509,יְתֵת,"Ytheyh (yeh-thayth') n/p.",,అర్థం తెలియదు,Hebrew,Old Testament
H3510,כָּאַב,"ka'ab (kaw-ab') v.",,బాధపడు,Hebrew,Old Testament
H3511,כְּאֵב,"suffering (physical or mental)",,శారీరక లేదా మానసిక బాధ,Hebrew,Old Testament
H3512,כָּאָה,"ka'ah (kaw-aw') v.",,అర్థం తెలియదు,Hebrew,Old Testament
H3513,כָּבַד כָּבֵד,"kabad (kaw-bad') (or kabed kaw-bade') v.",కాబద్,గొప్పచేయు,Hebrew,Old Testament
H3514,כּוֹבֶד,"weight",,ఎనిమిది,Hebrew,Old Testament
H3515,כָּבֵד,"kabed (kaw-bade') adj.",,బరువైన,Hebrew,Old Testament
H3516,כָּבֵד,"the liver (as the heaviest of the viscera)",,కాలేయము,Hebrew,Old Testament
H3517,כְּבֵדוּת,"difficulty",,కష్టం,Hebrew,Old Testament
H3518,כָּבָה,"kabah (kaw-baw') v.",,అసహ్యించుకొను,Hebrew,Old Testament
H3519,כָּבוֹד כָּבוֹד,"(properly) weight",కాబోద్,మహిమ,Hebrew,Old Testament
H3520,כְּבוּדָּה,"weightiness",,ఎనిమిది,Hebrew,Old Testament
H3521,כָּבוּל,"Kabuwl (kaw-bool') n/l.",,కాబూల్,Hebrew,Old Testament
H3522,כַּבּוֹן,"Kabbown (kab-bone') n/l.",,ఒకటి,Hebrew,Old Testament
H3523,כְּבִיר,"a matrass (of intertwined materials)",,ద్రాక్షారసం,Hebrew,Old Testament
H3524,כַּבִּיר,"kabbiyr (kab-beer') adj.",,గొప్ప,Hebrew,Old Testament
H3525,כֶּבֶל,"a fetter",,సంకెళ్లు,Hebrew,Old Testament
H3526,כָּבַס,"kabac (kaw-bas') v.",,అణచుకొను,Hebrew,Old Testament
H3527,כָּבַר,"kabar (kaw-bar') v.",,పాతిపెట్టు,Hebrew,Old Testament
H3528,כְּבָר,"kbar (keb-awr') adv.",,ఇదివరకే,Hebrew,Old Testament
H3529,כְּבָר,"Kbar (keb-awr') n/l.",,కెబార్,Hebrew,Old Testament
H3530,כִּברָה,"(properly) length",,సరియైన పొడవు,Hebrew,Old Testament
H3531,כְּבָרָה,"a sieve (as netted)",,జల్లెడ,Hebrew,Old Testament
H3532,כֶּבֶשׂ,"a ram (just old enough to butt)",,పాత,Hebrew,Old Testament
H3533,כָּבַשׁ,"kabash (kaw-bash') v.",,దానిని లోపరచుకొనుడి,Hebrew,Old Testament
H3534,כֶּבֶשׁ,"a footstool (as trodden upon)",,పాదం,Hebrew,Old Testament
H3535,כִּבשָׂה כַּבשָׂה,"a ewe",,గొర్రె,Hebrew,Old Testament
H3536,כִּבשָׁן,"a smelting furnace (as reducing metals)",,కొలిమి,Hebrew,Old Testament
H3537,כַּד,"(properly) a pail",,బకెట్,Hebrew,Old Testament
H3538,כְּדַב,"kdab (ked-ab') adj.",,అసత్యమైన,Hebrew,Old Testament
H3539,כַּדכּוֹד,"a sparkling gem",,మందసం,Hebrew,Old Testament
H3540,כְּדָרלָעוֹמֶר,"Kdorla`omer (ked-or-law-o'-mer) n/p.",,ధర్మశాస్త్రం,Hebrew,Old Testament
H3541,כּוֹה,"koh (ko) adv.",,ఇక్కడ,Hebrew,Old Testament
H3542,כָּה,"kah (kaw) p/d.",,ఎలా,Hebrew,Old Testament
H3543,כָּהָה,"kahah (kaw-haw') v.",,మందగిస్తుంది,Hebrew,Old Testament
H3544,כֵּהֶה,"keheh (kay-heh') adj.",,బలహీనమైన,Hebrew,Old Testament
H3545,כֵּהָה,"(properly) a weakening",,బలహీనపడటం,Hebrew,Old Testament
H3546,כְּהַל,"khal (keh-hal') v.",,జబ్బుపడు,Hebrew,Old Testament
H3547,כָּהַן,"kahan (kaw-han') v.",,యాజకుడుగా ఉండు,Hebrew,Old Testament
H3548,כּוֹהֵן,"(literally) one officiating",కోహేన్,యాజకుడు,Hebrew,Old Testament
H3549,כָּהֵן,"priest",,యాజకుడు,Hebrew,Old Testament
H3550,כְּהוּנָּה,"priesthood",,యాజకుడు,Hebrew,Old Testament
H3551,כַּו,"a window (as a perforation)",,గాలి,Hebrew,Old Testament
H3552,כּוּב,"Kuwb (koob) n/l.",,కూబ్,Hebrew,Old Testament
H3553,כּוֹבַע,"a helmet (as arched)",,శిరస్త్రాణం,Hebrew,Old Testament
H3554,כָּוָה,"kavah (kaw-vaw') v.",,ఆశించు,Hebrew,Old Testament
H3555,כְּוִיָה,"a branding",,ముద్రణ,Hebrew,Old Testament
H3556,כּוֹכָב,"a star (as round or as shining)",,నక్షత్రం,Hebrew,Old Testament
H3557,כּוּל,"kuwl (kool) v.",,కలిగిఉండు,Hebrew,Old Testament
H3558,כּוּמָז,"a jewel (probably gold beads)",,బంగారం,Hebrew,Old Testament
H3559,כּוּן,"kuwn (koon) v.",,స్థిరపరచు,Hebrew,Old Testament
H3560,כּוּן,"Kuwn (koon) n/l.",,కూన్,Hebrew,Old Testament
H3561,כַּוָּן,"something prepared",,సిద్ధం చేసినది,Hebrew,Old Testament
H3562,כּוֹנַניָהוּ,"Kownanyahuw (ko-nan-yaw'-hoo) n/p.",,కోనన్యాహు,Hebrew,Old Testament
H3563,כּוֹס,"kowc (koce) n-e.",,అర్థం తెలియదు,Hebrew,Old Testament
H3564,כּוּר,"a pot or furnace (as if excavated)",,తవ్వినట్లుగా ఒక కుండ లేదా కొలిమి,Hebrew,Old Testament
H3565,כּוֹר עָשָׁן,"Kowr`Ashan (kore aw-shawn') n/l.",,కోర్‌అషాన్,Hebrew,Old Testament
H3566,כּוֹרֶשׁ כּוֹרֶשׁ,"Kowresh (ko'-resh) (or (Ezra 1) n/p.",,కోరెష్,Hebrew,Old Testament
H3567,כּוֹרֶשׁ,"Kowresh (ko'-resh) n/p.",,కోరెష్,Hebrew,Old Testament
H3568,כּוּשׁ,"Kuwsh (koosh) n/l.",,కూషు,Hebrew,Old Testament
H3569,כּוּשִׁי,"Kuwshiy (koo-shee') adj.",,కూషీయుడు,Hebrew,Old Testament
H3570,כּוּשִׁי,"Kuwshiy (koo-shee') n/p.",,కూషీయుడు,Hebrew,Old Testament
H3571,כּוּשִׁיתּ,"Kuwshiyth (koo-sheeth') adj.",,కూషీయుడు,Hebrew,Old Testament
H3572,כּוּשָׁן,"Kuwshan (koo-shawn') n/l.",,కూషన్,Hebrew,Old Testament
H3573,כּוּשַׁן רִשׁעָתַיִם,"Kuwshan Rish`athayim (koo-shan' rish-aw-thah'-yim) n/p.",,కూషన్ రిషతాయిమ్,Hebrew,Old Testament
H3574,כּוֹשָׁרָה,"prosperity",,శ్రేయస్సు,Hebrew,Old Testament
H3575,כּוּת כּוּתָה,"Kuwth (kooth) (or (feminine) Kuwthah koo-thaw') n/l.",,తొమ్మిది,Hebrew,Old Testament
H3576,כָּזַב,"kazab (kaw-zab') v.",,అబద్ధం ఆడు,Hebrew,Old Testament
H3577,כָּזָב,"falsehood",,అసత్యం,Hebrew,Old Testament
H3578,כּוֹזְבָא,"Kozba' (ko-zeb-aw') n/l.",,కోజ్బా,Hebrew,Old Testament
H3579,כָּזבִּי,"Kozbiy (koz-bee') n/p.",,కోజ్బీ,Hebrew,Old Testament
H3580,כְּזִיבּ,"Kziyb (kez-eeb') n/l.",,కజీబ్,Hebrew,Old Testament
H3581,כּוַֹח כּוַֹח,"vigor",,బలము,Hebrew,Old Testament
H3582,כָּחַד,"kachad (kaw-khad') v.",,దాచు,Hebrew,Old Testament
H3583,כָּחַל,"kachal (kaw-khal') v.",,నలుపు రంగు వేయు,Hebrew,Old Testament
H3584,כָּחַשׁ,"kachash (kaw-khash') v.",,అబద్ధమాడు,Hebrew,Old Testament
H3585,כַּחַשׁ,"(literally) a failure of flesh",,అక్షరాలా శరీర వైఫల్యం,Hebrew,Old Testament
H3586,כֶּחָשׁ,"kechash (kekh-awsh') adj.",,అసత్యమైన,Hebrew,Old Testament
H3587,כִּי,"a brand or scar",,ఒక మచ్చ,Hebrew,Old Testament
H3588,כִּי,"kiy (kee) conj.",కీ,ఎందుకంటే,Hebrew,Old Testament
H3589,כִּידּ,"(figuratively) calamity",,అలంకారికంగా విపత్తు,Hebrew,Old Testament
H3590,כִּידּוֹד,"(properly) something struck off",,సరిగా కొట్టబడినది,Hebrew,Old Testament
H3591,כִּידּוֹן,"(properly) something to strike with",,సరిగా కొట్టడానికి ఏదో ఒకటి,Hebrew,Old Testament
H3592,כִּידּוֹן,"Kiydown (kee-dohn') n/l.",,కీదోన్,Hebrew,Old Testament
H3593,כִּידּוֹר,"perhaps tumult",,బహుశా గందరగోళం,Hebrew,Old Testament
H3594,כִּיוּן,"Kiyuwn (kee-yoon') n/t.",,కియ్యూన్,Hebrew,Old Testament
H3595,כִּיוֹר כִּיוֹר,"(properly) something round (as excavated or bored)",,సరిగా తవ్విన లేదా రంధ్రం చేసిన ఏదో గుండ్రంగా ఉంటుంది,Hebrew,Old Testament
H3596,כִּילַי כֵּלַי,"niggardly",,పిసినారి,Hebrew,Old Testament
H3597,כֵּילַף,"a club or sledge-hammer",,గొడ్డలి లేదా సుత్తి,Hebrew,Old Testament
H3598,כִּימָה,"a cluster of stars",,నక్షత్రం,Hebrew,Old Testament
H3599,כִּיס,"a cup",,కప్పు,Hebrew,Old Testament
H3600,כִּיר,"a cooking range (consisting of two parallel stones",,రాజు,Hebrew,Old Testament
H3601,כִּישׁוֹר,"(literally) a director",,అక్షరాలా ఒక దర్శకుడు,Hebrew,Old Testament
H3602,כָּכָה,"kakah (kaw'-kaw) adv.",,అర్థం తెలియదు,Hebrew,Old Testament
H3603,כִּכָר,"a circle",,తలత,Hebrew,Old Testament
H3604,כִּכֵר,"a talent",,తలాంతు,Hebrew,Old Testament
H3605,כּוֹל כּוֹל,"(properly) the whole",కూల్,అంతా,Hebrew,Old Testament
H3606,כּוֹל,"all",,మొత్తం,Hebrew,Old Testament
H3607,כָּלָא,"kala' (kaw-law') v.",,ధర్మశాస్త్రం,Hebrew,Old Testament
H3608,כֶּלֶא,"a prison",,కుమారుడు,Hebrew,Old Testament
H3609,כִּלאָב,"Kil'ab (kil-awb') n/p.",,కిల్లాబ్,Hebrew,Old Testament
H3610,כִּלאַיִם,"two heterogeneities",,రెండు,Hebrew,Old Testament
H3611,כֶּלֶב,"a dog",,కుక్క,Hebrew,Old Testament
H3612,כָּלֵב,"Kaleb (kaw-labe') n/p.",,కాలేబు,Hebrew,Old Testament
H3613,כָּלֵב אֶפרָתָה,"Kaleb 'Ephrathah (kaw-labe' ef-raw'-thaw) n/l.",,కాలేబు ఎఫ్రాతా,Hebrew,Old Testament
H3614,כָּלִבּוֹ כָּלֵבִי,"Kalibbow (kaw-lib-bo') (probably by erroneous transcription for Kalebiy kaw-lay-bee') adj.",,ఒకటి,Hebrew,Old Testament
H3615,כָּלָה,"kalah (kaw-law') v.",కాలా,ముగించు,Hebrew,Old Testament
H3616,כָּלֶה,"kaleh (kaw-leh') adj.",,అర్థం తెలియదు,Hebrew,Old Testament
H3617,כָּלָה,"a completion",,ఒక పూర్తి,Hebrew,Old Testament
H3618,כַּלָּה,"a bride (as if perfect)",,ఒక పరిపూర్ణమైన వధువు,Hebrew,Old Testament
H3619,כְּלוּב,"a bird-trap (as furnished with a clap-stick or treadle to spring it)",,పక్షి,Hebrew,Old Testament
H3620,כְּלוּב,"Kluwb (kel-oob') n/p.",,క్లూబ్,Hebrew,Old Testament
H3621,כְּלוּבַי,"Kluwbay (kel-oo-bay'-ee) n/p.",,క్లూబయి,Hebrew,Old Testament
H3622,כְּלוּהַי,"Kluwhay (kel-oo-hah'-ee) n/p.",,క్లూహాయి,Hebrew,Old Testament
H3623,כְּלוּלָה,"bridehood (only in the plural)",,వధువుత్వం బహువచనంలో మాత్రమే,Hebrew,Old Testament
H3624,כֶּלַח,"maturity",,పరిణితి,Hebrew,Old Testament
H3625,כֶּלַח,"Kelach (keh'-lakh) n/l.",,కెలాక్,Hebrew,Old Testament
H3626,כָּל ־ חוֹזֶה,"Kol-Chozeh (kol-kho-zeh') n/p.",,కొల్-హోజె,Hebrew,Old Testament
H3627,כְּלִי,"something prepared",,ఏదో సిద్ధం చేయబడింది,Hebrew,Old Testament
H3628,כְּלִיא כְּלוּא,"a prison",,కుమారుడు,Hebrew,Old Testament
H3629,כִּליָה,"a kidney (as an essential organ)",,మూత్రపిండములు,Hebrew,Old Testament
H3630,כִּליוֹן,"Kilyown (kil-yone') n/p.",,ఒకటి,Hebrew,Old Testament
H3631,כִּלָּיוֹן,"pining",,క్షీణించడం,Hebrew,Old Testament
H3632,כָּלִיל,"kaliyl (kaw-leel') adj.",,కలిల్,Hebrew,Old Testament
H3633,כַּלכּוֹל,"Kalkol (kal-kole') n/p.",,కల్కోల్,Hebrew,Old Testament
H3634,כָּלַל,"kalal (kaw-lal') v.",,కలల్,Hebrew,Old Testament
H3635,כְּלַל,"klal (kel-al') v.",,క్లాల్,Hebrew,Old Testament
H3636,כְּלָל,"Klal (kel-awl') n/p.",,క్లాల్,Hebrew,Old Testament
H3637,כָּלַם,"kalam (kaw-lawm') v.",,ధర్మశాస్త్రం,Hebrew,Old Testament
H3638,כִּלמָד,"Kilmad (kil-mawd') n/l.",,కిల్మద్,Hebrew,Old Testament
H3639,כְּלִמָּה,"disgrace",,కృప,Hebrew,Old Testament
H3640,כְּלִמּוּת,"disgrace",,కృప,Hebrew,Old Testament
H3641,כַּלנֶה כַּלנֵה כַּלנוֹ,"Kalneh (kal-neh') (or Kalneh kal-nay' also Kalnow kal-no'",,కల్నే,Hebrew,Old Testament
H3642,כָּמַהּ,"kamahh (kaw-mah) v.",,అర్థం తెలియదు,Hebrew,Old Testament
H3643,כִּמהָם,"Kimham (kim-hawm') n/l.",,అర్థం తెలియదు,Hebrew,Old Testament
H3644,כְּמוֹ כָּמוֹ,"kmow (kem-o') (or kamow kaw-mo') adv.",,వలె,Hebrew,Old Testament
H3645,כְּמוֹשׁ כְּמִישׁ,"Kmowsh (kem-oshe') (or (Jer. 48) n/t.",,అర్థం తెలియదు,Hebrew,Old Testament
H3646,כַּמּוֹן,"cummin (from its use as a condiment)",,జీలకర్ర,Hebrew,Old Testament
H3647,כָּמַס,"kamac (kaw-mas') v.",,అర్థం తెలియదు,Hebrew,Old Testament
H3648,כָּמַר,"kamar (kaw-mar') v.",,అర్థం తెలియదు,Hebrew,Old Testament
H3649,כָּמָר,"(properly) an ascetic (as if shrunk with self-maceration)",,అర్థం తెలియదు,Hebrew,Old Testament
H3650,כִּמרִיר,"obscuration (as if from shrinkage of light",,వెలుగు,Hebrew,Old Testament
H3651,כֵּן,"ken (kane) adj.",కేన్,అలాగే,Hebrew,Old Testament
H3652,כֵּן,"ken (kane) adv.",,అవును,Hebrew,Old Testament
H3653,כֵּן,"a stand",,ఒక స్టాండ్,Hebrew,Old Testament
H3654,כֵּן,"a gnat (from infixing its sting",,పేను,Hebrew,Old Testament
H3655,כָּנָה,"kanah (kaw-naw') v.",,సంపాదించడానికి,Hebrew,Old Testament
H3656,כַּנֶּה,"Kanneh (kan-neh') n/l.",,అర్థం తెలియదు,Hebrew,Old Testament
H3657,כַּנָּה,"a plant (as set)",,ఒక మొక్క,Hebrew,Old Testament
H3658,כִּנּוֹר,"a harp",,సితార,Hebrew,Old Testament
H3659,כָּניָהוּ,"Konyahuw (kon-yaw'-hoo) n/p.",,అర్థం తెలియదు,Hebrew,Old Testament
H3660,כְּנֵמָא,"knema' (ken-ay-maw') adv.",,అర్థం తెలియదు,Hebrew,Old Testament
H3661,כָּנַן,"to set out",,బయలుదేరుటకు,Hebrew,Old Testament
H3662,כְּנָנִי,"Knaniy (ken-aw-nee') n/p.",,అర్థం తెలియదు,Hebrew,Old Testament
H3663,כְּנַניָה כְּנַניָהוּ,"Knanyah (ken-an-yaw') (or Knanyahuw ken-an-yaw'-hoo) n/p.",,అర్థం తెలియదు,Hebrew,Old Testament
H3664,כָּנַס,"kanac (kaw-nas') v.",,అర్థం తెలియదు,Hebrew,Old Testament
H3665,כָּנַע,"kana` (kaw-nah') v.",,వినయంగా ఉండటానికి,Hebrew,Old Testament
H3666,כִּנעָה,"a package",,ఒక ప్యాకేజీ,Hebrew,Old Testament
H3667,כְּנַעַן,"humiliated",,కనాను,Hebrew,Old Testament
H3668,כְּנַעֲנָה,"Kna`anah (ken-ah-an-aw') n/p.",,అర్థం తెలియదు,Hebrew,Old Testament
H3669,כְּנַעַנִי,"Kna`aniy (ken-ah-an-ee') adj.",,కనానీయుడు,Hebrew,Old Testament
H3670,כָּנַף,"kanaph (kaw-naf') v.",,రెక్కలు,Hebrew,Old Testament
H3671,כָּנָף,"an edge or extremity",,రెక్క,Hebrew,Old Testament
H3672,כִּנְּרוֹת כִּנֶּרֶת,"Kinnrowth (kin-ner-oth') (or Kinnereth kin-neh'-reth) n/l.",,అర్థం తెలియదు,Hebrew,Old Testament
H3673,כָּנַשׁ,"kanash (kaw-nash') v.",,అర్థం తెలియదు,Hebrew,Old Testament
H3674,כְּנָת,"a colleague (as having the same title)",,సహోద్యోగి,Hebrew,Old Testament
H3675,כְּנָת,"companion",,సహచరుడు,Hebrew,Old Testament
H3676,כֵּס,"sworn",,ప్రమాణం చేసిన,Hebrew,Old Testament
H3677,כֶּסֶא כֶּסֶה,"(properly) fulness or the full moon",,చంద్రుడు,Hebrew,Old Testament
H3678,כִּסֵּא כִּסֵּה,"(properly) covered",,సరిగా కప్పబడివుంది,Hebrew,Old Testament
H3679,כַּסדַּי,"Kacday (kas-dah'-ee) adj.",,దినము,Hebrew,Old Testament
H3680,כָּסָה,"kacah (kaw-saw') v.",,కప్పు,Hebrew,Old Testament
H3681,כָּסוּי,"(properly) covered",,సరిగా కప్పబడివుంది,Hebrew,Old Testament
H3682,כְּסוּת,"a cover (garment)",,కప్పు వస్త్రం,Hebrew,Old Testament
H3683,כָּסַח,"kacach (kaw-sakh') v.",,అర్థం తెలియదు,Hebrew,Old Testament
H3684,כְּסִיל,"(properly) fat",,సరిగ్గా కొవ్వు,Hebrew,Old Testament
H3685,כְּסִיל,"any notable constellation",,ఏదైనా గుర్తించదగిన నక్షత్రరాశి,Hebrew,Old Testament
H3686,כְּסִיל,"Kciyl (kes-eel') n/l.",,అర్థం తెలియదు,Hebrew,Old Testament
H3687,כְּסִילוּת,"silliness",,వెర్రితనం,Hebrew,Old Testament
H3688,כָּסַל,"kacal (kaw-sal') v.",,అర్థం తెలియదు,Hebrew,Old Testament
H3689,כֶּסֶל,"(properly) fatness",,సరిగ్గా కొవ్వు,Hebrew,Old Testament
H3690,כִּסלָה,"in a good sense",,మంచి,Hebrew,Old Testament
H3691,כִּסלֵו,"Kiclev (kis-lave') n/p.",,అర్థం తెలియదు,Hebrew,Old Testament
H3692,כִּסלוֹן,"Kiclown (kis-lone') n/p.",,ఒకటి,Hebrew,Old Testament
H3693,כְּסָלוֹן,"Kcalown (kes-aw-lone') n/l.",,ఒకటి,Hebrew,Old Testament
H3694,כְּסוּלּוֹת,"Kcullowth (kes-ool-loth') n/l.",,అర్థం తెలియదు,Hebrew,Old Testament
H3695,כַּסלוּחִים,"Kacluchiym (kas-loo'-kheem) n/g.",,కస్లూహీము,Hebrew,Old Testament
H3696,כִּסוֹלתּ תָּבוֹר,"Kicloth Tabor (kis-loth' taw-bore') n/l.",,కిస్లోత్ టాబోర్,Hebrew,Old Testament
H3697,כָּסַם,"kacam (kaw-sam') v.",,అర్థం తెలియదు,Hebrew,Old Testament
H3698,כּוּסֶּמֶת,"spelt (from its bristliness as if just shorn)",,అర్థం తెలియదు,Hebrew,Old Testament
H3699,כָּסַס,"kacac (kaw-sas') v.",,అర్థం తెలియదు,Hebrew,Old Testament
H3700,כָּסַף,"kacaph (kaw-saf') v.",,అర్థం తెలియదు,Hebrew,Old Testament
H3701,כֶּסֶף,"silver (from its pale color)",కెసెఫ్,వెండి,Hebrew,Old Testament
H3702,כְּסַף,"money",,ఒకటి,Hebrew,Old Testament
H3703,כָּסִפיָא,"Kaciphya' (kaw-sif-yaw') n/l.",,కాసిఫ్యా,Hebrew,Old Testament
H3704,כֶּסֶת,"a cushion or pillow (as covering a seat or bed)",,సముద్రం,Hebrew,Old Testament
H3705,כְּעַן,"k`an (keh-an') adv.",,అర్థం తెలియదు,Hebrew,Old Testament
H3706,כְּעֶנֶת כְּעֶת,"k`eneth (keh-eh'-neth) adv.",,అర్థం తెలియదు,Hebrew,Old Testament
H3707,כַּעַס,"ka`ac (kaw-as') v.",,కోపించు,Hebrew,Old Testament
H3708,כַּעַס כַּעַשׂ,"vexation",,బాధ,Hebrew,Old Testament
H3709,כַּף,"the hollow hand or palm (so of the paw of an animal",,చేయి,Hebrew,Old Testament
H3710,כֵּף,"a hollow rock",,బండ,Hebrew,Old Testament
H3711,כָּפָה,"kaphah (kaw-faw') v.",,అర్థం తెలియదు,Hebrew,Old Testament
H3712,כִּפָּה,"a leaf of a palm-tree",,చెట్టు,Hebrew,Old Testament
H3713,כְּפוֹר,"(properly) a cover",,సరిగ్గా ఒక కవర్,Hebrew,Old Testament
H3714,כָּפִיס,"a girder",,దూలం,Hebrew,Old Testament
H3715,כְּפִיר,"a village (as covered in by walls)",,గోడ,Hebrew,Old Testament
H3716,כְּפִירָה,"Kphiyrah (kef-ee-raw') n/l.",,కెఫీరా,Hebrew,Old Testament
H3717,כָּפַל,"kaphal (kaw-fal') v.",,అర్థం తెలియదు,Hebrew,Old Testament
H3718,כֶּפֶל,"a duplicate",,నకలు,Hebrew,Old Testament
H3719,כָּפַן,"kaphan (kaw-fan') v.",,అర్థం తెలియదు,Hebrew,Old Testament
H3720,כָּפָן,"hunger (as making to stoop with emptiness and pain)",,రాజు,Hebrew,Old Testament
H3721,כָּפַף,"kaphaph (kaw-faf') v.",,అర్థం తెలియదు,Hebrew,Old Testament
H3722,כָּפַר,"kaphar (kaw-far') v.",,కవర్ చేయడానికి (ప్రత్యేకంగా తారుతో); (అలంకారికంగా) ప్రాయశ్చిత్తం చేయడం లేదా క్షమించడం,శాంతింపజేయడం లేదా రద్దు చేయడం,Hebrew
H3723,כָּפָר,"a village (as protected by walls)",,గోడ,Hebrew,Old Testament
H3724,כּוֹפֶר,"(properly) a cover",,సరిగ్గా ఒక కవర్,Hebrew,Old Testament
H3725,כִּפּוּר,"expiation (only in plural)",,పాపపరిహారం మాత్రమే బహువచనంలో,Hebrew,Old Testament
H3726,כְּפַר הָעַמּוֹנִי,"Kphar ha-`Ammowniy (kef-ar' haw-am-mo-nee') n/l.",,కఫర్ హ-అమ్మోనీ,Hebrew,Old Testament
H3727,כַּפּוֹרֶת,"a lid (used only of the cover of the sacred Ark)",,పవిత్రమైన,Hebrew,Old Testament
H3728,כָּפַשׁ,"kaphash (kaw-fash') v.",,అర్థం తెలియదు,Hebrew,Old Testament
H3729,כְּפַת,"kphath (kef-ath') v.",,అర్థం తెలియదు,Hebrew,Old Testament
H3730,כַּפתּוֹר כַּפתּוֹר,"a chaplet",,శిరోభూషణము,Hebrew,Old Testament
H3731,כַּפתּוֹר כַּפתּוֹר,"Kaphtor (kaf-tore') (or (Am. 9) n/l.",,కఫ్తోరు,Hebrew,Old Testament
H3732,כַּפתּוֹרִי,"Kaphtoriy (kaf-to-ree') adj.",,కఫ్తొరీము,Hebrew,Old Testament
H3733,כַּר,"a ram (as full-grown and fat)",,పెరిగిన మరియు కొవ్వు గొర్రెపొట్టేలు,Hebrew,Old Testament
H3734,כּוֹר,"(properly) a deep round vessel",,సరిగా లోతైన గుండ్రటి పాత్ర,Hebrew,Old Testament
H3735,כָּרָא,"Kara' (kaw-raw') v.",,కారా,Hebrew,Old Testament
H3736,כַּרבֵּל,"karbel (kar-bale') v.",,అర్థం తెలియదు,Hebrew,Old Testament
H3737,כַּרבְּלָא,"a mantle",,మనిషి,Hebrew,Old Testament
H3738,כָּרָה,"karah (kaw-raw') v.",,తవ్వు,Hebrew,Old Testament
H3739,כָּרָה,"karah (kaw-raw') v.",,కారా,Hebrew,Old Testament
H3740,כֵּרָה,"a purchase",,కొనుగోలు,Hebrew,Old Testament
H3741,כָּרָה,"a meadow",,పచ్చిక బయలు,Hebrew,Old Testament
H3742,כְּרוּב,"a cherub or imaginary figure",,కెరూబు,Hebrew,Old Testament
H3743,כְּרוּב,"Kruwb (ker-oob') n/l.",,కెరూబు,Hebrew,Old Testament
H3744,כָּרוֹז,"a herald",,ఒక దూత,Hebrew,Old Testament
H3745,כְּרַז,"kraz (ker-az') v.",,అర్థం తెలియదు,Hebrew,Old Testament
H3746,כָּרִי,"kariy (kaw-ree') adj.",,కరీ,Hebrew,Old Testament
H3747,כְּרִיתּ,"Kriyth (ker-eeth') n/l.",,క్రీతు,Hebrew,Old Testament
H3748,כְּרִיתּוּת,"a cutting (of the matrimonial bond)",,వైవాహిక బంధాన్ని తెంచడం,Hebrew,Old Testament
H3749,כַּרכּוֹב,"a rim or top margin",,అంచు లేదా పై మార్జిన్,Hebrew,Old Testament
H3750,כַּרכּוֹם,"the crocus",,కుంకుమ పువ్వు,Hebrew,Old Testament
H3751,כַּרכְּמִישׁ,"Karkmiysh (kar-kem-eesh') n/l.",,మందసం,Hebrew,Old Testament
H3752,כַּרכַּס,"Karkac (kar-kas') n/p.",,మందసం,Hebrew,Old Testament
H3753,כַּרכָּרָה,"a dromedary (from its rapid motion as if dancing)",,ఒక డ్రోమెడరీ, దాని వేగవంతమైన కదలిక వలన, అది నృత్యం చేస్తున్నట్లుగా ఉంటుంది,Hebrew,Old Testament
H3754,כֶּרֶם,"a garden or vineyard",,తోట,Hebrew,Old Testament
H3755,כּוֹרֵם,"korem (ko-rame') v.",,అర్థం తెలియదు,Hebrew,Old Testament
H3756,כַּרמִי,"Karmiy (kar-mee') n/p.",,కర్మీ,Hebrew,Old Testament
H3757,כַּרמִי,"Karmiy (kar-mee') adj.",,కర్మీ,Hebrew,Old Testament
H3758,כַּרמִיל,"carmine",,కార్మైన్,Hebrew,Old Testament
H3759,כַּרמֶל,"a planted field (garden",,తోట,Hebrew,Old Testament
H3760,כַּרמֶל,"Karmel (kar-mel') n/l.",,కర్మెలు,Hebrew,Old Testament
H3761,כַּרמְלִי,"Karmliy (kar-mel-ee') adj.",,కర్మెలీ,Hebrew,Old Testament
H3762,כַּרמְלִיתּ,"Karmliyth (kar-mel-eeth') adj.",,కర్మెలీతు,Hebrew,Old Testament
H3763,כְּרָן,"Kran (ker-awn') n/p.",,క్రేన్,Hebrew,Old Testament
H3764,כָּרסֵא,"a throne",,సింహాసనం,Hebrew,Old Testament
H3765,כִּרסֵם,"kircem (kir-same') v.",,అర్థం తెలియదు,Hebrew,Old Testament
H3766,כָּרַע,"kara` (kaw-rah') v.",,కారా,Hebrew,Old Testament
H3767,כָּרָע,"the leg (from the knee to the ankle) of men or locusts (only in the dual)",,కాలుమెట్టు,Hebrew,Old Testament
H3768,כַּרפַּס,"byssus (fine linen cloth of cotton or silk) or a fine vegetable wool",,సన్నని నార బట్ట,Hebrew,Old Testament
H3769,כָּרַר,"karar (kaw-rar') v.",,అర్థం తెలియదు,Hebrew,Old Testament
H3770,כְּרֵשׂ,"the paunch or belly (as swelling out)",,బావి,Hebrew,Old Testament
H3771,כַּרשְׁנָא,"Karshna' (kar-shen-aw') n/p.",,కర్షెనా,Hebrew,Old Testament
H3772,כָּרַת,"karath (kaw-rath') v.",కారత్,కోయు,Hebrew,Old Testament
H3773,כָּרוּתָה,"something cut",,ఏదో కత్తిరించబడినది,Hebrew,Old Testament
H3774,כְּרֵתִי,"Krethiy (ker-ay-thee') adj.",,క్రేతీ,Hebrew,Old Testament
H3775,כֶּשֶׂב,"a young sheep",,గొర్రె,Hebrew,Old Testament
H3776,כִּשׂבָּה,"a young ewe",,యువ,Hebrew,Old Testament
H3777,כֶּשֶׂד,"Kesed (keh'-sed) n/p.",,కెసెద్,Hebrew,Old Testament
H3778,כַּשׂדִּי כַּשׂדִּימָה,"Kasdiy (kas-dee') ((occasionally with enclitic) Kasdiymah kas-dee'- maw) n/l.",కశ్దీం,కల్దీయులు,Hebrew,Old Testament
H3779,כַּשׂדַּי,"a Chaldaean or inhabitant of Chaldaea",,కల్దీయుడు,Hebrew,Old Testament
H3780,כָּשָׂה,"kasah (kaw-saw') v.",,అర్థం తెలియదు,Hebrew,Old Testament
H3781,כַּשִּׁיל,"(properly) a feller (something that fells trees)",,చెట్టు,Hebrew,Old Testament
H3782,כָּשַׁל,"kashal (kaw-shal') v.",,అర్థం తెలియదు,Hebrew,Old Testament
H3783,כִּשָּׁלוֹן,"(properly) a tottering",,తొట్రుపాటు,Hebrew,Old Testament
H3784,כָּשַׁף,"kashaph (kaw-shaf') v.",,అర్థం తెలియదు,Hebrew,Old Testament
H3785,כֶּשֶׁף,"magic",,మాయాజాలం,Hebrew,Old Testament
H3786,כַּשָּׁף,"a magician",,మంత్రగాడు,Hebrew,Old Testament
H3787,כָּשֵׁר,"kasher (kaw-share') v.",,అర్థం తెలియదు,Hebrew,Old Testament
H3788,כִּשׁרוֹן,"success",,విజయం,Hebrew,Old Testament
H3789,כָּתַב,"kathab (kaw-thab') v.",కాతబ్,వ్రాయు,Hebrew,Old Testament
H3790,כְּתַב,"kthab (keth-ab') v.",,అర్థం తెలియదు,Hebrew,Old Testament
H3791,כָּתָב,"something written",,పది,Hebrew,Old Testament
H3792,כְּתָב,"prescribing",,నిర్దేశించడం,Hebrew,Old Testament
H3793,כְּתוֹבֶת,"a letter or other mark branded on the skin",,మందసం,Hebrew,Old Testament
H3794,כִּתּתִּי כִּתּתִּיִי,"Kittiy (kit-tee') (or Kittiyiy kit-tee-ee') adj.",,కిత్తీము,Hebrew,Old Testament
H3795,כָּתִיתּ,"kathiyth (kaw-theeth') adj.",,అర్థం తెలియదు,Hebrew,Old Testament
H3796,כּוֹתֶל,"a wall (as gathering inmates)",,గోడ,Hebrew,Old Testament
H3797,כְּתַל,"wall",,గోడ,Hebrew,Old Testament
H3798,כִּתלִישׁ,"Kithliysh (kith-leesh') n/l.",,కిత్లీష్,Hebrew,Old Testament
H3799,כָּתַם,"katham (kaw-tham') v.",,అర్థం తెలియదు,Hebrew,Old Testament
H3800,כֶּתֶם,"(properly) something carved out",,చెక్కబడినది,Hebrew,Old Testament
H3801,כְּתוֹנֶת כּוּתּתּוֹנֶת,"a shirt",,అంగీ,Hebrew,Old Testament
H3802,כָּתֵף,"the shoulder (proper",,భుజము,Hebrew,Old Testament
H3803,כָּתַר,"kathar (kaw-thar') v.",,అర్థం తెలియదు,Hebrew,Old Testament
H3804,כֶּתֶר,"(properly) a circlet",,వృత్తం,Hebrew,Old Testament
H3805,כּוֹתֶרֶת,"the capital of a column",,స్తంభం యొక్క శిఖరం,Hebrew,Old Testament
H3806,כָּתַשׁ,"kathash (kaw-thash') v.",,అర్థం తెలియదు,Hebrew,Old Testament
H3807,כָּתַת,"kathath (kaw-thath') v.",,అర్థం తెలియదు,Hebrew,Old Testament
H3808,לוֹא לוֹה,"lo' (lo) (or lowi lo or loh (Deut. 3) adv.",,కాదా?,Hebrew,Old Testament
H3809,לָא לָה,"la' (law) ((Aramaic) or lah (Aramaic) (Dan. 4) adv.",,ధర్మశాస్త్రం,Hebrew,Old Testament
H3810,לוֹא דְּבַר לוֹ דְּבַר לִדבִּר לוֹדְבַר,"Lo' Dbar (lo deb-ar') (or Low Dbar (2 Samuel 9) n/l.",,లో దేబారు,Hebrew,Old Testament
H3811,לָאָה,"la'ah (law-aw') v.",,ధర్మశాస్త్రం,Hebrew,Old Testament
H3812,לֵאָה,"Le'ah (lay-aw') n/p.",,లేయా,Hebrew,Old Testament
H3813,לָאַט,"la'at (law-at') v.",,ధర్మశాస్త్రం,Hebrew,Old Testament
H3814,לָאטּ,"(properly) muffled",,మూసివేయబడిన,Hebrew,Old Testament
H3815,לָאֵל,"La'el (law-ale') n/p.",,ధర్మశాస్త్రం,Hebrew,Old Testament
H3816,לְאוֹם לְאוֹם,"a community",,ప్రజలు,Hebrew,Old Testament
H3817,לְאוּמִּים,"communities",,సమాజాలు,Hebrew,Old Testament
H3818,לוֹא עַמִּי,"Lo' `Ammiy (lo am-mee') n/p.",,లో అమ్మి,Hebrew,Old Testament
H3819,לוֹא רוּחָמָה,"Lo' Ruchamah (lo roo-khaw-maw') n/p.",,లో రూహమా,Hebrew,Old Testament
H3820,לֵב,"the heart",లేబ్,హృదయం,Hebrew,Old Testament
H3821,לֵב,"heart",,హృదయం,Hebrew,Old Testament
H3822,לְבָאוֹת,"Lba'owth (leb-aw-oth') n/l.",,అర్థం తెలియదు,Hebrew,Old Testament
H3823,לָבַב,"labab (law-bab') v.",,ధర్మశాస్త్రం,Hebrew,Old Testament
H3824,לֵבָב,"the heart (as the most interior organ)",లేబాబ్,హృదయం,Hebrew,Old Testament
H3825,לְבַב,"heart",,హృదయం,Hebrew,Old Testament
H3826,לִבָּה,"the heart",,హృదయం,Hebrew,Old Testament
H3827,לַבָּה,"flame",,జ్వాల,Hebrew,Old Testament
H3828,לְבוֹנָה לֶבוֹנָה,"frankincense (from its whiteness or perhaps that of its smoke)",,పది,Hebrew,Old Testament
H3829,לְבוֹנָה,"Lbownah (leb-o-naw') n/l.",,లెబోనా,Hebrew,Old Testament
H3830,לְבוּשׁ לְבוּשׁ,"a garment (literally or figuratively)",,వస్త్రం,Hebrew,Old Testament
H3831,לְבוּשׁ,"garment",,దుస్తులు,Hebrew,Old Testament
H3832,לָבַט,"labat (law-bat') v.",,ధర్మశాస్త్రం,Hebrew,Old Testament
H3833,לָבִיא לְבִיָא לְבָאִים לְבָאוֹת,"a lion (properly",,సింహం,Hebrew,Old Testament
H3834,לָבִיבָּה לְבִבָה,"a cake (either as fried or turned)",,కేక్,Hebrew,Old Testament
H3835,לָבַן,"laban (law-ban') v.",,ధర్మశాస్త్రం,Hebrew,Old Testament
H3836,לָבָן לָבֵן,"laban (law-bawn') (or (Gen. 49) adj.",,ధర్మశాస్త్రం,Hebrew,Old Testament
H3837,לָבָן,"Laban (law-bawn') n/l.",,ధర్మశాస్త్రం,Hebrew,Old Testament
H3838,לְבָנָא לֶבָנָה,"Lbana' (leb-aw-naw') (or Lbanah leb-aw-naw') n/p.",,లెబానా,Hebrew,Old Testament
H3839,לִבנֶה,"some sort of whitish tree",,చెట్టు,Hebrew,Old Testament
H3840,לִבנָה,"(properly) whiteness",,పది,Hebrew,Old Testament
H3841,לִבנָה,"Libnah (lib-naw') n/l.",,లిబ్నా,Hebrew,Old Testament
H3842,לְבָנָה,"(properly) (the) white",,సరిగా తెలుపు,Hebrew,Old Testament
H3843,לְבֵנָה,"a brick (from the whiteness of the clay)",,పది,Hebrew,Old Testament
H3844,לְבָנוֹן,"Lbanown (leb-aw-nohn') n/l.",,లెబానోన్,Hebrew,Old Testament
H3845,לִבנִי,"Libniy (lib-nee') n/p.",,లిబ్నీ,Hebrew,Old Testament
H3846,לִבנִי,"Libniy (lib-nee') adj.",,లిబ్నీ,Hebrew,Old Testament
H3847,לָבַשׁ לָבֵשׁ,"labash (law-bash') (or labesh law-bashe') v.",,ధర్మశాస్త్రం,Hebrew,Old Testament
H3848,לְבַשׁ,"lbash (leb-ash') v.",,ధరించు,Hebrew,Old Testament
H3849,לוֹג,"a log or measure for liquids",,ద్రవాల కొరకు ఒక కొలత,Hebrew,Old Testament
H3850,לוֹד,"Lod (lode) n/l.",,లోడ్,Hebrew,Old Testament
H3851,לַהַב,"a flash",,మెరుపు,Hebrew,Old Testament
H3852,לֶהָבָה לַהֶבֶת,"meaning the same as H3851",,అర్థం తెలియదు,Hebrew,Old Testament
H3853,לְהָבִים,"flames",,లెహాబీము,Hebrew,Old Testament
H3854,לַהַג,"intense mental application",,పది,Hebrew,Old Testament
H3855,לַהַד,"Lahad (lah'-had) n/p.",,లహద్,Hebrew,Old Testament
H3856,לָהַהּ,"lahahh (law-hah') v.",,ధర్మశాస్త్రం,Hebrew,Old Testament
H3857,לָהַט,"lahat (law-hat') v.",,ధర్మశాస్త్రం,Hebrew,Old Testament
H3858,לַהַט,"a blaze",,మంట,Hebrew,Old Testament
H3859,לָהַם,"laham (law-ham') v.",,ధర్మశాస్త్రం,Hebrew,Old Testament
H3860,לָהֵן,"lahen (law-hane') conj.",,ధర్మశాస్త్రం,Hebrew,Old Testament
H3861,לָהֵן,"lawhen (law-hane') conj.",,ధర్మశాస్త్రం,Hebrew,Old Testament
H3862,לַהֲקָה,"an assembly",,సమావేశం,Hebrew,Old Testament
H3863,לוּא לוּא לוּ,"luw' (loo) (or lu loo or luw loo",,అర్థం తెలియదు,Hebrew,Old Testament
H3864,לוּבִי לוּבִּי,"Luwbiy (loo-bee') (or Lubbiy (Dan. 11) n/g.",,లూబీ,Hebrew,Old Testament
H3865,לוּד,"Luwd (lood) n/g.",,లూదు,Hebrew,Old Testament
H3866,לוּדִי לוּדִיִי,"Luwdiy (loo-dee') (or Luwdiyiy loo-dee-ee') adj.",,లూదీము,Hebrew,Old Testament
H3867,לָוָה,"lavah (law-vaw') v.",,ధర్మశాస్త్రం,Hebrew,Old Testament
H3868,לוּז,"luwz (looz) v.",,అర్థం తెలియదు,Hebrew,Old Testament
H3869,לוּז,"some kind of nut-tree",,చెట్టు,Hebrew,Old Testament
H3870,לוּז,"Luwz (looz) n/l.",,లూజ్,Hebrew,Old Testament
H3871,לוַּח לוַּח,"probably meaning to glisten",,పది,Hebrew,Old Testament
H3872,לוּחִיתּ לוּחוֹת,"Luwchiyth (loo-kheeth') (or Luchowth (Jer. 48) n/l.",,లూచితం,Hebrew,Old Testament
H3873,לוֹחֵשׁ,"Lowchesh (lo-khashe') n/p.",,లోకేష్,Hebrew,Old Testament
H3874,לוּט,"luwt (loot) v.",,లూట్,Hebrew,Old Testament
H3875,לוֹט,"a veil",,లోతు,Hebrew,Old Testament
H3876,לוֹט,"Lowt (lote) n/p.",,లోతు,Hebrew,Old Testament
H3877,לוֹטָן,"Lowtan (lo-tawn') n/p.",,లోతాను,Hebrew,Old Testament
H3878,לֵוִי,"Leviy (lay-vee') n/p.",,లేవి,Hebrew,Old Testament
H3879,לֵוִי,"Levite",,లేవి,Hebrew,Old Testament
H3880,לִויָה,"something attached",,జోడించబడినది,Hebrew,Old Testament
H3881,לֵוִיִי לֵוִי,"Leviyiy (lay-vee-ee') (or Leviy lay-vee') adj.",,లేవీయుడు,Hebrew,Old Testament
H3882,לִויָתָן,"a wreathed animal",,అల్లుకున్న జంతువు,Hebrew,Old Testament
H3883,לוּל,"a spiral step",,ఒక సర్పిల మెట్టు,Hebrew,Old Testament
H3884,לוּלֵא לוּלֵי,"luwle' (loo-lay') (or luwley loo lay') cond.",,అర్థం తెలియదు,Hebrew,Old Testament
H3885,לוּן לִין,"luwn (loon) (or liyn leen) v.",లూన్,రాత్రి గడుపు,Hebrew,Old Testament
H3886,לוַּע,"luwa` (loo'-ah) v.",,అర్థం తెలియదు,Hebrew,Old Testament
H3887,לוּץ,"luwts (loots) v.",,పరిహసించు,Hebrew,Old Testament
H3888,לוּשׁ,"luwsh (loosh) v.",,పిసికి కలుపు,Hebrew,Old Testament
H3889,לוּשׁ,"Luwsh (loosh) n/l.",,అర్థం తెలియదు,Hebrew,Old Testament
H3890,לְוָת,"lvath (lev-awth') prep.",,అర్థం తెలియదు,Hebrew,Old Testament
H3891,לְזוּת,"perverseness",,మూర్ఖత్వం,Hebrew,Old Testament
H3892,לַח,"lach (lakh) adj.",,తడి,Hebrew,Old Testament
H3893,לֵַח,"freshness",,తాజాదనం,Hebrew,Old Testament
H3894,לָחוּם לָחוּם,"(properly) eaten",,పది,Hebrew,Old Testament
H3895,לְחִי,"the cheek (from its fleshiness)",,బుగ్గ యొక్క మాంసపు భాగం,Hebrew,Old Testament
H3896,לֶחִי,"Lechiy (lekh'-ee) n/l.",,లెహి,Hebrew,Old Testament
H3897,לָחַך,"lachak (law-khak') v.",,ధర్మశాస్త్రం,Hebrew,Old Testament
H3898,לָחַם,"lacham (law-kham') v.",లాఖమ్,యుద్ధం చేయు,Hebrew,Old Testament
H3899,לֶחֶם,"food (for man or beast)",,మనిషి,Hebrew,Old Testament
H3900,לְחֶם,"feast",,పండుగ,Hebrew,Old Testament
H3901,לָחֶם,"war",,యుద్ధం,Hebrew,Old Testament
H3902,לַחמִי,"Lachmiy (lakh-mee') n/p.",,లహ్మీ,Hebrew,Old Testament
H3903,לַחמָס לַחמָם,"Lachmac (lakh-maws') (probably by erroneous transcription for Lachmam lakh-mawm') n/l.",,ఒకటి,Hebrew,Old Testament
H3904,לְחֵנָה,"a concubine",,ఉపపత్ని,Hebrew,Old Testament
H3905,לָחַץ,"lachats (law-khats') v.",,ధర్మశాస్త్రం,Hebrew,Old Testament
H3906,לַחַץ,"distress",,బాధ,Hebrew,Old Testament
H3907,לָחַשׁ,"lachash (law-khash') v.",,ధర్మశాస్త్రం,Hebrew,Old Testament
H3908,לַחַשׁ,"(properly) a whisper",,ఒక గుసగుస,Hebrew,Old Testament
H3909,לָט,"(properly) covered",,సరిగా కప్పబడిన,Hebrew,Old Testament
H3910,לוֹט,"a gum (from its sticky nature)",,లోతు,Hebrew,Old Testament
H3911,לְטָאָה,"a kind of lizard (from its covert habits)",,ఒక రకమైన బల్లి,Hebrew,Old Testament
H3912,לְטוּשִׁם,"Ltuwshim (let-oo-sheem') n/g.",,లెతూషిమ్,Hebrew,Old Testament
H3913,לָטַשׁ,"latash (law-tash') v.",,ధర్మశాస్త్రం,Hebrew,Old Testament
H3914,לוֹיָה,"a wreath",,పూలదండ,Hebrew,Old Testament
H3915,לַיִל לֵיל לַיְלָה,"(properly) a twist (away of the light)",,వెలుగు,Hebrew,Old Testament
H3916,לֵילְיָא,"night",,రాత్రి,Hebrew,Old Testament
H3917,לִילִיתּ,"a night spectre",,రాత్రి,Hebrew,Old Testament
H3918,לַיִשׁ,"a lion (from his destructive blows)",,సింహం,Hebrew,Old Testament
H3919,לַיִשׁ,"Layish (lah'-yish) n/l.",,లాయిష్,Hebrew,Old Testament
H3920,לָכַד,"lakad (law-kad') v.",,ధర్మశాస్త్రం,Hebrew,Old Testament
H3921,לֶכֶד,"something to capture with",,పట్టుకోవడానికి ఏదో ఒకటి,Hebrew,Old Testament
H3922,לֵכָה,"lekah (lay-kaw') n/l.",,లేకా,Hebrew,Old Testament
H3923,לָכִישׁ,"Lachiysh (law-keesh') n/l.",,ధర్మశాస్త్రం,Hebrew,Old Testament
H3924,לוּלָאָה,"a loop",,ఉచ్చు,Hebrew,Old Testament
H3925,לָמַד,"lamad (law-mad') v.",,ధర్మశాస్త్రం,Hebrew,Old Testament
H3926,לְמוֹ,"lmow (lem-o') prep.",,అర్థం తెలియదు,Hebrew,Old Testament
H3927,לְמוּאֵל לְמוֹאֵל,"Lmuw'el (lem-oo-ale') (or Lmow el lem-o-ale'",,లెమూయేలు,Hebrew,Old Testament
H3928,לִמּוּד לִמּוּד,"limmuwd (lim-mood') (or limmud lim-mood'",,లిమ్ముద్,Hebrew,Old Testament
H3929,לֶמֶך,"Lemek (leh'-mek) n/p.",,లెమెకు,Hebrew,Old Testament
H3930,לוַֹע,"the gullet",,గొంతు,Hebrew,Old Testament
H3931,לָעַב,"la`ab (law-ab') v.",,ధర్మశాస్త్రం,Hebrew,Old Testament
H3932,לָעַג,"la`ag (law-ag') v.",,ధర్మశాస్త్రం,Hebrew,Old Testament
H3933,לַעַג,"derision",,హేళన,Hebrew,Old Testament
H3934,לָעֵג,"la`eg (law-ayg') adj.",,ధర్మశాస్త్రం,Hebrew,Old Testament
H3935,לַעדָּה,"La`dah (lah-daw') n/p.",,లదా,Hebrew,Old Testament
H3936,לַעדָּן,"La`dan (lah-dawn') n/p.",,లాదాను,Hebrew,Old Testament
H3937,לָעַז,"la`az (law-az') v.",,ధర్మశాస్త్రం,Hebrew,Old Testament
H3938,לָעַט,"la`at (law-at') v.",,ధర్మశాస్త్రం,Hebrew,Old Testament
H3939,לַעֲנָה,"wormwood (regarded as poisonous",,కుమారుడు,Hebrew,Old Testament
H3940,לַפִּידּ לַפִּד,"a flambeau",,గొర్రెపిల్ల,Hebrew,Old Testament
H3941,לַפִּידּוֹת,"Lappiydowth (lap-pee-doth') n/p.",,లప్పిదోతు,Hebrew,Old Testament
H3942,לִפנַי,"liphnay (lif-nah'ee) prep.",,లిఫ్నాయ్,Hebrew,Old Testament
H3943,לָפַת,"laphath (law-fath') v.",,ధర్మశాస్త్రం,Hebrew,Old Testament
H3944,לָצוֹן,"derision",,అపహాస్యం,Hebrew,Old Testament
H3945,לָצַץ,"latsats (law-tsats') v.",,ధర్మశాస్త్రం,Hebrew,Old Testament
H3946,לַקוּם,"Laqquwm (lak-koom') n/l.",,లక్కుమ్,Hebrew,Old Testament
H3947,לָקַח,"laqach (law-kakh') v.",లాకఖ్,తీసుకొను,Hebrew,Old Testament
H3948,לֶקַח,"(properly) something received",,సరిగ్గా స్వీకరించబడినది,Hebrew,Old Testament
H3949,לִקחִי,"Liqchiy (lik-khee') n/p.",,లిక్కియా,Hebrew,Old Testament
H3950,לָקַט,"laqat (law-kat') v.",,ధర్మశాస్త్రం,Hebrew,Old Testament
H3951,לֶקֶט,"the gleaning",,ఏరుకోవడం,Hebrew,Old Testament
H3952,לָקַק,"laqaq (law-kak') v.",,ధర్మశాస్త్రం,Hebrew,Old Testament
H3953,לָקַשׁ,"laqash (law-kash') v.",,ధర్మశాస్త్రం,Hebrew,Old Testament
H3954,לֶקֶשׁ,"the after crop",,తరువాతి పంట,Hebrew,Old Testament
H3955,לְשַׁד,"apparently juice",,స్పష్టంగా రసం,Hebrew,Old Testament
H3956,לָשׁוֹן לָשׁוֹן לְשׁוֹנָה,"the tongue (of man or animals)",,మనిషి,Hebrew,Old Testament
H3957,לִשׁכָּה,"a room in a building (whether for storage",,నిల్వ కోసం భవనంలో ఒక గది,Hebrew,Old Testament
H3958,לֶשֶׁם,"a gem",,పద్మరాగము,Hebrew,Old Testament
H3959,לֶשֶׁם,"Leshem (leh'-shem) n/l.",,లేషెమ్,Hebrew,Old Testament
H3960,לָשַׁן,"lashan (law-shan') v.",,ధర్మశాస్త్రం,Hebrew,Old Testament
H3961,לִשָּׁן,"speech",,ప్రసంగం,Hebrew,Old Testament
H3962,לֶשַׁע,"Lesha` (leh'-shah) n/l.",,లేషా,Hebrew,Old Testament
H3963,לֶתֶך,"a measure for things dry",,పొడి వస్తువుల కొలత,Hebrew,Old Testament
H3964,מָא,"ma' (maw) p/i.",,మా,Hebrew,Old Testament
H3965,מַאֲבוּס,"a granary",,ధాన్యాగారం,Hebrew,Old Testament
H3966,מְאוֹד,"m`od (meh-ode') adj.",మెఓద్,చాలా,Hebrew,Old Testament
H3967,מֵאָה מֵאיָה,"a hundred",,నూరు,Hebrew,Old Testament
H3968,מֵאָה,"Meah",,వంద,Hebrew,Old Testament
H3969,מְאָה,"hundred",,నూరు,Hebrew,Old Testament
H3970,מַאֲוַי,"a desire",,కోరిక,Hebrew,Old Testament
H3971,מאוּם מוּם,"(physically or morally) a blemish",,శారీరకంగా లేదా నైతికంగా ఒక మచ్చ,Hebrew,Old Testament
H3972,מְאוּמָה,"(properly) a speck or point",,సరిగ్గా ఒక మచ్చ లేదా పాయింట్,Hebrew,Old Testament
H3973,מָאוֹס,"refuse",,వ్యర్థం,Hebrew,Old Testament
H3974,מָאוֹר מָאוֹר מְאוֹרָה מְאוֹרָה,"(properly) a luminous body or luminary",,జ్యోతులు,Hebrew,Old Testament
H3975,מְאוּרָה,"something lighted",,వెలుగు,Hebrew,Old Testament
H3976,מוֹאזֵן,"(only in the dual) a pair of scales",,కేవలం ద్వంద్వంలో ఒక జత ప్రమాణాలు,Hebrew,Old Testament
H3977,מוֹאזֵן,"balances",,బ్యాలెన్స్‌లు,Hebrew,Old Testament
H3978,מַאֲכָל,"an eatable (includ. provender",,అంతం,Hebrew,Old Testament
H3979,מַאֲכֶלֶת,"something to eat with",,తిను,Hebrew,Old Testament
H3980,מַאֲכוֹלֶת,"something eaten (by fire)",,అగ్ని,Hebrew,Old Testament
H3981,מַאֲמָץ,"strength",,బలం,Hebrew,Old Testament
H3982,מַאֲמַר,"something (authoritatively) said",,అధికారికంగా చెప్పబడినది,Hebrew,Old Testament
H3983,מֵאמַר,"appointment",,నియామకం,Hebrew,Old Testament
H3984,מָאן,"a utensil",,పది,Hebrew,Old Testament
H3985,מָאֵן,"ma'en (maw-ane') v.",,మానే,Hebrew,Old Testament
H3986,מָאֵן,"ma'en (maw-ane') adj.",,మానే,Hebrew,Old Testament
H3987,מֵאֵן,"me'en (may-ane') adj.",,మేనే,Hebrew,Old Testament
H3988,מָאַס,"ma'ac (maw-as') v.",,అసహ్యించుకొను,Hebrew,Old Testament
H3989,מַאֲפֶה,"something baked",,కాల్చినది,Hebrew,Old Testament
H3990,מַאֲפֵל,"something opaque",,అపారదర్శకమైనది,Hebrew,Old Testament
H3991,מַאֲפֵלְיָה,"opaqueness",,అపారదర్శకత,Hebrew,Old Testament
H3992,מָאַר,"ma'ar (maw-ar') v.",,అసహ్యించుకొను,Hebrew,Old Testament
H3993,מַאֲרָב,"an ambuscade",,మాటువేయుట,Hebrew,Old Testament
H3994,מְאֵרָה,"an execration",,శాపము,Hebrew,Old Testament
H3995,מִבדָּלָה,"a separation",,విభజన,Hebrew,Old Testament
H3996,מָבוֹא,"an entrance (the place or the act)",,ప్రవేశము,Hebrew,Old Testament
H3997,מְבוֹאָה,"a haven",,ఓడరేవు,Hebrew,Old Testament
H3998,מְבוּכָה,"perplexity",,అయోమయం,Hebrew,Old Testament
H3999,מַבּוּל,"a deluge",,జలప్రళయము,Hebrew,Old Testament
H4000,מָבוֹן,"mabown (maw-bone') subv.",,ఒకటి,Hebrew,Old Testament
H4001,מְבוּסָה,"a trampling",,త్రొక్కుట,Hebrew,Old Testament
H4002,מַבּוַּע,"a fountain",,జలధార,Hebrew,Old Testament
H4003,מְבוּקָה,"emptiness",,శూన్యత,Hebrew,Old Testament
H4004,מִבחוֹר,"select",,ఎంచుకొను,Hebrew,Old Testament
H4005,מִבחָר,"select",,ఎన్నిక చేయబడిన,Hebrew,Old Testament
H4006,מִבחָר,"Mibchar (mib-khawr') n/p.",,అర్థం తెలియదు,Hebrew,Old Testament
H4007,מַבָּט מֶבָּט,"something expected",,ఎదురుచూసేది,Hebrew,Old Testament
H4008,מִבטָּא,"a rash utterance (hasty vow)",,తొందరపాటు ప్రకటన,Hebrew,Old Testament
H4009,מִבטָּח,"(properly) a refuge",,శరణు,Hebrew,Old Testament
H4010,מַבלִיגִּיתּ,"desistance (or rather desolation)",,విరామం లేదా నిర్మానుష్యం,Hebrew,Old Testament
H4011,מִבנֶה,"a building",,భవనం,Hebrew,Old Testament
H4012,מְבוּנַּי,"Mbunnay (meb-oon-hah'-ee) n/p.",,అర్థం తెలియదు,Hebrew,Old Testament
H4013,מִבצָּר מִבצָּרָה,"a fortification",,కోట,Hebrew,Old Testament
H4014,מִבצָּר,"Mibtsar (mib-tsawr') n/p.",,అర్థం తెలియదు,Hebrew,Old Testament
H4015,מִברָח,"a refugee",,శరణార్థి,Hebrew,Old Testament
H4016,מָבוּשׁ,"(plural) the (male) pudenda",,అంతం,Hebrew,Old Testament
H4017,מִבשָׂם,"Mibsam (mib-sawm') n/p.",,అర్థం తెలియదు,Hebrew,Old Testament
H4018,מְבַשְׁלָה,"a cooking hearth",,రాజు,Hebrew,Old Testament
H4019,מַגבִּישׁ,"Magbiysh (mag-beesh') n/p.",,అర్థం తెలియదు,Hebrew,Old Testament
H4020,מִגבָּלָה,"a border",,సరిహద్దు,Hebrew,Old Testament
H4021,מִגבָּעָה,"a cap (as hemispherical)",,టోపీ,Hebrew,Old Testament
H4022,מֶגֶד,"(properly) a distinguished thing",,ప్రత్యేకమైనది,Hebrew,Old Testament
H4023,מְגִדּוֹן מֶגִדּוֹ,"Mgiddown (meg-id-done') ((Zech. 12 or Mgiddow meg-id-do') n/l.",,ఒకటి,Hebrew,Old Testament
H4024,מִגדּוֹל מִגדּוֹל,"Migdol",,మిగ్దోలు,Hebrew,Old Testament
H4025,מַגדִּיאֵל,"Magdiy'el (mag-dee-ale') n/p.",,అర్థం తెలియదు,Hebrew,Old Testament
H4026,מִגדָּל מִגדָּלָה,"a tower (from its size or height)",,బురుజు,Hebrew,Old Testament
H4027,מִגדַּל ־ אֵל,"Migdal-'El (mig-dal-ale') n/l.",,అర్థం తెలియదు,Hebrew,Old Testament
H4028,מִגדַּל ־ גָּד,"Migdal-Gad (migdal-gawd') n/l.",,అర్థం తెలియదు,Hebrew,Old Testament
H4029,מִגדַּל ־ עֵדֶר,"Migdal-`Eder (mig-dal'-ay'-der) n/l.",,మిగ్దల్-ఎదెర్,Hebrew,Old Testament
H4030,מִגדָּנָה,"preciousness",,విలువైనది,Hebrew,Old Testament
H4031,מָגוֹג,"Magowg (maw-gogue') n/l.",,మాగోగు,Hebrew,Old Testament
H4032,מָגוֹר מָגוּר,"a fright (objective or subjective)",,భయంకరమైన లక్ష్యం లేదా విషయ సంబంధిత,Hebrew,Old Testament
H4033,מָגוּר מָגוּר,"a temporary abode",,తాత్కాలిక నివాసం,Hebrew,Old Testament
H4034,מְגוֹרָה,"affright",,భయము,Hebrew,Old Testament
H4035,מְגוּרָה,"a fright",,భయం,Hebrew,Old Testament
H4036,מָגוֹר מִסָּבִיבּ,"Magowr mic-Cabiyb (maw-gore' mis-saw-beeb') n/p.",,మాగోర్ మిస్సాబీబ్,Hebrew,Old Testament
H4037,מַגזֵרָה,"a cutting implement",,కత్తిరించే పరికరం,Hebrew,Old Testament
H4038,מַגָּל,"a sickle",,కొడవలి,Hebrew,Old Testament
H4039,מְגִלָּה,"a roll",,ఒక రోల్,Hebrew,Old Testament
H4040,מְגִלָּה,"roll",,రోల్,Hebrew,Old Testament
H4041,מְגַמָּה,"(properly) accumulation",,సక్రమంగా సంచితం,Hebrew,Old Testament
H4042,מָגַן,"magan (maw-gan') v.",,మాగన్,Hebrew,Old Testament
H4043,מָגֵן מְגִנָּה,"a shield (i.e. the small one or buckler)",మాగేన్,డాలు,Hebrew,Old Testament
H4044,מְגִנָּה,"a covering (in a bad sense)",,ఒక చెడు కోణంలో కవరింగ్,Hebrew,Old Testament
H4045,מִגעֶרֶת,"reproof (i.e. curse)",,శాపం,Hebrew,Old Testament
H4046,מַגֵּפָה,"a pestilence",,తెగులు,Hebrew,Old Testament
H4047,מַגפִּיעָשׁ,"Magpiy`ash (mag-pee-awsh') n/p.",,మాగ్పియాష్,Hebrew,Old Testament
H4048,מָגַר,"magar (maw-gar') v.",,మగర్,Hebrew,Old Testament
H4049,מְגַר,"mgar (meg-ar') v.",,మెగర్,Hebrew,Old Testament
H4050,מְגֵרָה,"a saw",,రంపపు,Hebrew,Old Testament
H4051,מִגרוֹן,"Migrown (mig-rone') n/l.",,ఒకటి,Hebrew,Old Testament
H4052,מִגרָעָה,"a ledge or offset",,ఒక అంచు లేదా ఆఫ్సెట్,Hebrew,Old Testament
H4053,מִגרָפָה,"something thrown off (by the spade)",,పార ద్వారా విసిరివేయబడినది,Hebrew,Old Testament
H4054,מִגרָשׁ מִגרָשָׁה,"a suburb (i.e. open country whither flocks are driven from pasture)",,మంద,Hebrew,Old Testament
H4055,מַד מֵד,"(properly) extent",,గుడారం,Hebrew,Old Testament
H4056,מַדבַּח,"a sacrificial altar",,బలిపీఠం,Hebrew,Old Testament
H4057,מִדבָּר,"a pasture (i.e. open field",,పొలం,Hebrew,Old Testament
H4058,מָדַד,"madad (maw-dad') v.",,మదద్,Hebrew,Old Testament
H4059,מִדַּד,"middad (mid-dad') v.",,మిద్దద్,Hebrew,Old Testament
H4060,מִדָּה,"(properly) extension",,పది,Hebrew,Old Testament
H4061,מִדָּה מִנדָּה,"tribute in money",,ఒకటి,Hebrew,Old Testament
H4062,מַדהֵבָה,"goldmaking",,రాజు,Hebrew,Old Testament
H4063,מֶדֶו,"(properly) extent",,గుడారం,Hebrew,Old Testament
H4064,מַדוֶה,"sickness",,అనారోగ్యం,Hebrew,Old Testament
H4065,מַדּוַּח,"seduction",,ప్రలోభము,Hebrew,Old Testament
H4066,מָדוֹן,"a contest or quarrel",,ఒక పోటీ లేదా గొడవ,Hebrew,Old Testament
H4067,מָדוֹן,"extensiveness",,పది,Hebrew,Old Testament
H4068,מָדוֹן,"Madown (maw-dohn') n/l.",,మదోన్,Hebrew,Old Testament
H4069,מַדּוַּע מַדּוַּע,"madduwa` (mad-doo'-ah) (or madduaa mad-doo'-ah) adv.",,ఎందుకు?,Hebrew,Old Testament
H4070,מְדוֹר מְדוֹר מְדָר,"a dwelling",,బావి,Hebrew,Old Testament
H4071,מְדוּרָה מֶדוּרָה,"a pile of fuel",,ఇంధన రాశి,Hebrew,Old Testament
H4072,מִדחֶה,"overthrow",,పడగొట్టు,Hebrew,Old Testament
H4073,מְדַחפָה,"a push",,ఒక ప్రోత్సాహం,Hebrew,Old Testament
H4074,מָדַי,"Maday (maw-dah'-ee) n/l.",,దినము,Hebrew,Old Testament
H4075,מָדַי,"Maday (maw-dah'-ee) adj.",,దినము,Hebrew,Old Testament
H4076,מָדַי,"Maday (maw-dah'-ee) n/l.",,దినము,Hebrew,Old Testament
H4077,מָדַי,"Maday (maw-dah'-ee) n/p.",,దినము,Hebrew,Old Testament
H4078,מַדַּי,"madday (mad-dah'-ee) adv.",,దినము,Hebrew,Old Testament
H4079,מִדיָן,"brawling",,పోట్లాడుకోవడం,Hebrew,Old Testament
H4080,מִדיָן,"Midyan (mid-yawn') n/l.",,మిద్యాను,Hebrew,Old Testament
H4081,מִדִּין,"Middiyn (mid-deen') n/l.",,అర్థం తెలియదు,Hebrew,Old Testament
H4082,מְדִינָה,"(properly) a judgeship",,న్యాయాధిపత్యం,Hebrew,Old Testament
H4083,מְדִינָה,"province",,ప్రాంతం,Hebrew,Old Testament
H4084,מִדיָנִי,"Midyaniy (mid-yaw-nee') adj.",,అర్థం తెలియదు,Hebrew,Old Testament
H4085,מְדוֹכָה,"a mortar",,రోలు,Hebrew,Old Testament
H4086,מַדמֵן,"Madmen (mad-mane') n/l.",,మనిషి,Hebrew,Old Testament
H4087,מַדמֵנָה,"a dunghill",,పెంటకుప్ప,Hebrew,Old Testament
H4088,מַדמֵנָה,"Madmenah (mad-may-naw') n/l.",,అర్థం తెలియదు,Hebrew,Old Testament
H4089,מַדמַנָּה,"Madmannah (mad-man-naw') n/l.",,మనిషి,Hebrew,Old Testament
H4090,מְדָן,"discord",,విభేదము,Hebrew,Old Testament
H4091,מְדָן,"Mdan (med-awn') n/p.",,అర్థం తెలియదు,Hebrew,Old Testament
H4092,מְדָנִי,"Mdaniy (med-aw-nee') adj.",,అర్థం తెలియదు,Hebrew,Old Testament
H4093,מַדָּע מַדַּע,"intelligence or consciousness",,తెలివి లేదా స్పృహ,Hebrew,Old Testament
H4094,מַדקָרָה,"a wound",,గాయం,Hebrew,Old Testament
H4095,מַדרֵגָה,"(properly) a step",,సరిగా ఒక అడుగు,Hebrew,Old Testament
H4096,מִדרָך,"a treading",,తొక్కడం,Hebrew,Old Testament
H4097,מִדרָשׁ,"(properly) an investigation",,సరిగా ఒక విచారణ,Hebrew,Old Testament
H4098,מְדוּשָּׁה,"a threshing",,నూర్పిడి,Hebrew,Old Testament
H4099,מְדָתָא,"Mdatha (med-aw-thaw') n/p.",,అర్థం తెలియదు,Hebrew,Old Testament
H4100,מָה מַה מָ מַ מֶה,"mah (maw) (or mah mah or ma maw",మా,ఏమి,Hebrew,Old Testament
H4101,מָה,"mah (maw) p/i.",,ఏమి?,Hebrew,Old Testament
H4102,מָהַהּ,"mahahh (maw-hah') v.",,అర్థం తెలియదు,Hebrew,Old Testament
H4103,מְהוּמָה,"confusion or uproar",,గందరగోళం లేదా అల్లకల్లోలం,Hebrew,Old Testament
H4104,מְהוּמָן,"Mhuwman (meh-hoo-mawn') n/p.",,మనిషి,Hebrew,Old Testament
H4105,מְהֵיטַּבאֵל,"Mheytab'el (meh-hay-tab-ale') n/p.",,మెహేటబేలు,Hebrew,Old Testament
H4106,מָהִיר מָהִר,"mahiyr (maw-here') (or mahir maw-here') adj.",,అర్థం తెలియదు,Hebrew,Old Testament
H4107,מָהַל,"mahal (maw-hal') v.",,అర్థం తెలియదు,Hebrew,Old Testament
H4108,מַהלֵך,"a walking (plural collectively)",,రాజు,Hebrew,Old Testament
H4109,מַהֲלָך,"a walk",,ఒక నడక,Hebrew,Old Testament
H4110,מַהֲלָל,"fame",,కీర్తి,Hebrew,Old Testament
H4111,מַהֲלַלאֵל,"Mahalal'el (mah-hal-al-ale') n/p.",,మహలలేలు,Hebrew,Old Testament
H4112,מַהֲלוּמָּה,"a blow",,ఒక దెబ్బ,Hebrew,Old Testament
H4113,מַהֲמוֹרָה,"perhaps an abyss",,బహుశా ఒక అగాధం,Hebrew,Old Testament
H4114,מַהפֵּכָה,"a destruction",,ఒక వినాశనం,Hebrew,Old Testament
H4115,מַהפֶּכֶת,"a wrench",,రెంచ్,Hebrew,Old Testament
H4116,מָהַר,"mahar (maw-har') v.",,అర్థం తెలియదు,Hebrew,Old Testament
H4117,מָהַר,"mahar (maw-har') v.",,అర్థం తెలియదు,Hebrew,Old Testament
H4118,מַהֵר,"maher (mah-hare') adj.",,అర్థం తెలియదు,Hebrew,Old Testament
H4119,מוֹהַר,"a price (for a wife)",,కన్యాశుల్కము,Hebrew,Old Testament
H4120,מְהֵרָה,"(properly) a hurry",,తొందర,Hebrew,Old Testament
H4121,מַהֲרַי,"Maharay (mah-har-ah'-ee) n/p.",,అర్థం తెలియదు,Hebrew,Old Testament
H4122,מַהֵר שָׁלָל חָשׁ בַּז,"Maher Shalal Chash Baz (mah-hare' shaw-lawl' khawsh baz) n/p.",,ధర్మశాస్త్రం,Hebrew,Old Testament
H4123,מַהֲתַלָּה,"a delusion",,భ్రమ,Hebrew,Old Testament
H4124,מוֹאָב,"Mow'ab (mo-awb) (from a prolonged form of the prepositional prefix m- and H1) n/l.",,అర్థం తెలియదు,Hebrew,Old Testament
H4125,מוֹאָבִי מוֹאָבִיָה מוֹאָבִיתּ,"Mow'abiy (mo-aw-bee') (feminine Mownabiyah mo-aw-bee-yaw'or Mowabiyth mo-aw-beeth'",,తొమ్మిది,Hebrew,Old Testament
H4126,מוֹבָא,"an entrance",,ప్రవేశం,Hebrew,Old Testament
H4127,מוּג,"muwg (moog) v.",,అర్థం తెలియదు,Hebrew,Old Testament
H4128,מוּד,"muwd (mood) v.",,అర్థం తెలియదు,Hebrew,Old Testament
H4129,מוֹדַע מוֹדָע,"an acquaintance",,పరిచయం,Hebrew,Old Testament
H4130,מוֹדַעַת,"acquaintance",,పరిచయము,Hebrew,Old Testament
H4131,מוֹט,"mowt (mote) v.",,అర్థం తెలియదు,Hebrew,Old Testament
H4132,מוֹט,"a wavering",,తడబాటు,Hebrew,Old Testament
H4133,מוֹטָה,"a pole",,స్తంభం,Hebrew,Old Testament
H4134,מוּך,"muwk (mook) v.",,అర్థం తెలియదు,Hebrew,Old Testament
H4135,מוּל,"muwl (mool) v.",,సున్నతి,Hebrew,Old Testament
H4136,מוּל מוֹל מוֹאל מוּל,"(properly) abrupt",,హఠాత్తుగా,Hebrew,Old Testament
H4137,מוֹלָדָה,"Mowladah (mo-law-daw') n/l.",,ధర్మశాస్త్రం,Hebrew,Old Testament
H4138,מוֹלֶדֶת,"nativity",,జననం,Hebrew,Old Testament
H4139,מוּלָה,"circumcision",,సున్తీ,Hebrew,Old Testament
H4140,מוֹלִידּ,"Mowliyd (mo-leed') n/p.",,అర్థం తెలియదు,Hebrew,Old Testament
H4141,מוּסָב,"a turn",,మలుపు,Hebrew,Old Testament
H4142,מוּסַבָּה מוּסַבָּה,"muwcabbah (moo-sab-baw') (or mucabbah moo-sab-baw') v.",,అర్థం తెలియదు,Hebrew,Old Testament
H4143,מוּסָד,"a foundation",,పునాది,Hebrew,Old Testament
H4144,מוֹסָד,"a foundation",,పునాది,Hebrew,Old Testament
H4145,מוּסָדָה,"a foundation",,పునాది,Hebrew,Old Testament
H4146,מוֹסָדָה מוֹסָדָה,"a foundation",,పునాది,Hebrew,Old Testament
H4147,מוֹסֵר מוֹסֵרָה מוֹסְרָה,"(properly) chastisement",,శిక్ష,Hebrew,Old Testament
H4148,מוּסָר,"(properly) chastisement",,శిక్ష,Hebrew,Old Testament
H4149,מוֹסֵרָה מוֹסְרוֹת,"Mowcerah (mo-say-raw') (or (plural) Mocrowth mo-ser-othe') n/p.",,అర్థం తెలియదు,Hebrew,Old Testament
H4150,מוֹעֵד מוֹעֵד מוֹעָדָה,"(properly) an appointment",,నియామకం,Hebrew,Old Testament
H4151,מוֹעָד,"(properly) an assembly (as in H4150)",,సమావేశం,Hebrew,Old Testament
H4152,מוּעָדָה,"an appointed place",,నిర్ణీత స్థలం,Hebrew,Old Testament
H4153,מוֹעַדיָה,"Mow`adyah (mo-ad-yaw') n/p.",,మోవద్యా,Hebrew,Old Testament
H4154,מוּעֶדֶת,"muw`edeth (moo-ay'-deth) v-xxp.",,అర్థం తెలియదు,Hebrew,Old Testament
H4155,מוּעָף,"(properly) covered",,సరిగా కప్పబడియున్నది,Hebrew,Old Testament
H4156,מוֹעֵצָה,"a purpose",,ఒక ఉద్దేశం,Hebrew,Old Testament
H4157,מוּעָקָה,"pressure",,ఒత్తిడి,Hebrew,Old Testament
H4158,מוֹפַעַת מֵיפַעַת מֵפַעַת,"Mowpha`ath (mo-fah'-ath) ((Jer. 48) n/l.",,మోఫాత్,Hebrew,Old Testament
H4159,מוֹפֵת מוֹפֵת,"a miracle",,ఒక అద్భుతం,Hebrew,Old Testament
H4160,מוּץ,"muwts (moots) v.",,అర్థం తెలియదు,Hebrew,Old Testament
H4161,מוֹצָא מוֹצָא,"a going forth",,బయలుదేరుట,Hebrew,Old Testament
H4162,מוֹצָא,"mowtsa' (mo-tsaw') n/p.",,మోత్సా,Hebrew,Old Testament
H4163,מוֹצָאָה,"a family descent",,కుటుంబం,Hebrew,Old Testament
H4164,מוּצַק מוּצָק,"narrowness",,ఇరుకుతనము,Hebrew,Old Testament
H4165,מוּצָק,"(properly) fusion",,సరిగా కలయిక,Hebrew,Old Testament
H4166,מוּצָקָה מוּצָקָה,"(properly) something poured out",,సరిగా ఏదో పోసినది,Hebrew,Old Testament
H4167,מוּק,"muwq (mook) v.",,అర్థం తెలియదు,Hebrew,Old Testament
H4168,מוֹקֵד,"a fire or fuel",,అగ్ని,Hebrew,Old Testament
H4169,מוֹקְדָה,"fuel",,ఇంధనం,Hebrew,Old Testament
H4170,מוֹקֵשׁ מוֹקֵשׁ,"(literally or figuratively) a noose (for catching animals)",,అక్షరాలా లేదా అలంకారికంగా జంతువులను పట్టుకోవడానికి ఉచ్చు,Hebrew,Old Testament
H4171,מוּר,"muwr (moor) v.",,అర్థం తెలియదు,Hebrew,Old Testament
H4172,מוֹרָא מוֹרָא מוֹרָה,"fear",,చెవి,Hebrew,Old Testament
H4173,מוֹרַג מוֹרַג,"a threshing sledge",,నూర్పిడి బండి,Hebrew,Old Testament
H4174,מוֹרָד,"a descent",,దిగివచ్చుట,Hebrew,Old Testament
H4175,מוֹרֶה,"an archer",,విలుకాదు,Hebrew,Old Testament
H4176,מוֹרֶה מוֹרֶה,"Moreh",,మోరే,Hebrew,Old Testament
H4177,מוֹרָה,"a razor",,క్షౌరపు కత్తి,Hebrew,Old Testament
H4178,מוֹרָט,"mowrat (mo-rawt') prt.",,అర్థం తెలియదు,Hebrew,Old Testament
H4179,מוֹרִיָה מוֹרִיָה,"Mowriyah (mo-ree-yaw') (or Moriyah mo-ree-yaw') n/l.",,మోరియా,Hebrew,Old Testament
H4180,מוֹרָשׁ,"a possession",,ఒక స్వాధీనం,Hebrew,Old Testament
H4181,מוֹרָשָׁה,"a possession",,ఒక స్వాధీనం,Hebrew,Old Testament
H4182,מוֹרֶשֶׁת גַּת,"Mowresheth Gath (mo-reh'-sheth gath) n/l.",,మోరేషేత్ గత్,Hebrew,Old Testament
H4183,מוֹרַשׁתִּי,"Morashtiy (mo-rash-tee') adj.",,మోరాష్టీ,Hebrew,Old Testament
H4184,מוּשׁ,"muwsh (moosh) v.",,ముష్,Hebrew,Old Testament
H4185,מוּשׁ,"muwsh (moosh) v.",,ముష్,Hebrew,Old Testament
H4186,מוֹשָׁב מוֹשָׁב,"a seat",,సముద్రం,Hebrew,Old Testament
H4187,מוּשִׁי מוּשִּׁי,"Muwshiy (moo-shee') (or Mushshiy mush-shee') n/p.",,మూషియీ,Hebrew,Old Testament
H4188,מוּשִׁי,"Muwshiy (moo-shee') adj.",,మూషియీ,Hebrew,Old Testament
H4189,מוֹשְׁכָה,"something drawing",,ఆకర్షించేది,Hebrew,Old Testament
H4190,מוֹשָׁעָה,"deliverance",,విమోచన,Hebrew,Old Testament
H4191,מוּת,"muwth (mooth) v.",మూత్,చావు,Hebrew,Old Testament
H4192,מוּת מוּת לַבֵּן,"To die for the son",,కుమారుడు,Hebrew,Old Testament
H4193,מוֹת,"death",,మరణం,Hebrew,Old Testament
H4194,מָוֶת,"death (natural or violent)",మావెత్,మరణం,Hebrew,Old Testament
H4195,מוֹתָר,"(literally) gain",,లాభం,Hebrew,Old Testament
H4196,מִזבֵַּח,"an altar",,బలిపీఠం,Hebrew,Old Testament
H4197,מֶזֶג,"wine that is significatlly mixed with water diluting it to perhaps 2%-4% alcohol content (or less)",,నీరు,Hebrew,Old Testament
H4198,מָזֶה,"mazeh (maw-zeh') adj.",,మాజే,Hebrew,Old Testament
H4199,מִזָּה,"Mizzah (miz-zaw') n/p.",,మిజ్జా,Hebrew,Old Testament
H4200,מֶזֶו,"a granary",,ధాన్యాగారం,Hebrew,Old Testament
H4201,מְזוּזָה מְזוּזָה,"a door-post (as prominent)",,తలుపు,Hebrew,Old Testament
H4202,מָזוֹן,"food",,ఆహారం,Hebrew,Old Testament
H4203,מָזוֹן,"meat",,మాంసం,Hebrew,Old Testament
H4204,מָזוֹר,"treachery",,ద్రోహం,Hebrew,Old Testament
H4205,מָזוֹר מָזוֹר,"a bandage",,కట్టు,Hebrew,Old Testament
H4206,מָזִיַח מֵזַח,"a belt (as movable)",,కదిలే బెల్టు,Hebrew,Old Testament
H4207,מַזלֵג מִזלָגָה,"a fork",,ఫోర్క్,Hebrew,Old Testament
H4208,מַזָּלָה,"a constellation",,నక్షత్రరాశి,Hebrew,Old Testament
H4209,מְזִמָּה,"a plan",,ప్రణాళిక,Hebrew,Old Testament
H4210,מִזמוֹר,"(properly) instrumental music",,వాయిద్య సంగీతం,Hebrew,Old Testament
H4211,מַזמֵרָה,"a pruning-knife",,కత్తిరింపు కత్తి,Hebrew,Old Testament
H4212,מְזַמְּרָה,"a tweezer (only in the plural)",,అర్థం తెలియదు,Hebrew,Old Testament
H4213,מִזעָר,"fewness",,కొద్దిమంది,Hebrew,Old Testament
H4214,מִזרֶה,"a winnowing shovel (as scattering the chaff)",,చెత్తను వెదజల్లే జల్లెడ,Hebrew,Old Testament
H4215,מְזָרֶה,"mzareh (mez-aw-reh') prt.",,మెజారే,Hebrew,Old Testament
H4216,מַזָּרָה,"some noted constellation (only in the plural)",,అర్థం తెలియదు,Hebrew,Old Testament
H4217,מִזרָח,"sunrise",,సూర్యుడు,Hebrew,Old Testament
H4218,מִזרָע,"a planted field",,పొలం,Hebrew,Old Testament
H4219,מִזרָק,"a bowl (as if for sprinkling)",,చల్లుటకు ఉపయోగించే గిన్నె,Hebrew,Old Testament
H4220,מֵַח,"fat",,కొవ్వు,Hebrew,Old Testament
H4221,מוַֹח,"fat",,కొవ్వు,Hebrew,Old Testament
H4222,מָחָא,"macha' (maw-khaw') v.",,మాఖా,Hebrew,Old Testament
H4223,מְחָא,"mcha' (mekh-aw') v.",,మెఖా,Hebrew,Old Testament
H4224,מַחֲבֵא מַחֲבוֹא,"a refuge",,శరణు,Hebrew,Old Testament
H4225,מַחבֶּרֶת,"a junction",,కూడలి,Hebrew,Old Testament
H4226,מְחַבְּרָה,"a joiner",,వడ్రంగి,Hebrew,Old Testament
H4227,מַחֲבַת,"a pan for baking in",,రాజు,Hebrew,Old Testament
H4228,מַחֲגוֹרֶת,"a girdle",,నడికట్టు,Hebrew,Old Testament
H4229,מָחָה,"machah (maw-khaw') v.",,అర్థం తెలియదు,Hebrew,Old Testament
H4230,מְחוּגָה,"an instrument for marking a circle",,రాజు,Hebrew,Old Testament
H4231,מָחוֹז,"a harbor (as shut in by the shore)",,తీరం ద్వారా మూసివేయబడిన ఓడరేవు,Hebrew,Old Testament
H4232,מְחוּיָאֵל מְחִיָּאֵל,"Mchuwya'el (mekh-oo-yaw-ale') (or Mchiyyauel mekh-ee-yaw-ale') n/p.",,అర్థం తెలియదు,Hebrew,Old Testament
H4233,מַחֲוִים,"Machaviym (makh-av-eem') adj.",,అర్థం తెలియదు,Hebrew,Old Testament
H4234,מָחוֹל,"a (round) dance",,గుండ్రని నృత్యం,Hebrew,Old Testament
H4235,מָחוֹל,"Machowl (maw-khole') n/p.",,అర్థం తెలియదు,Hebrew,Old Testament
H4236,מַחֲזֶה,"a vision",,దర్శనం,Hebrew,Old Testament
H4237,מֶחֱזָה,"a window",,గాలి,Hebrew,Old Testament
H4238,מַחֲזִיאוֹת,"Machaziy'owth (makh-az-ee-oth') n/p.",,అర్థం తెలియదు,Hebrew,Old Testament
H4239,מְחִי,"a stroke",,దెబ్బ,Hebrew,Old Testament
H4240,מְחִידָּא,"Mchiyda' (mek-ee-daw') n/p.",,అర్థం తెలియదు,Hebrew,Old Testament
H4241,מִחיָה,"preservation of life",,జీవితం,Hebrew,Old Testament
H4242,מְחִיר,"price",,వెల,Hebrew,Old Testament
H4243,מְחִיר,"Mchiyr (mekh-eer') n/p.",,అర్థం తెలియదు,Hebrew,Old Testament
H4244,מַחלָה,"Machlah (makh-law') n/p.",,ధర్మశాస్త్రం,Hebrew,Old Testament
H4245,מַחֲלֶה מַחֲלָה,"sickness",,రోగం,Hebrew,Old Testament
H4246,מְחוֹלָה,"a dance",,నృత్యం,Hebrew,Old Testament
H4247,מְחִלָּה,"a cavern (as if excavated)",,తవ్వినట్లున్న గుహ,Hebrew,Old Testament
H4248,מַחלוֹן,"Machlown (makh-lone') n/p.",,ఒకటి,Hebrew,Old Testament
H4249,מַחלִי,"Machliy (makh-lee') n/p.",,అర్థం తెలియదు,Hebrew,Old Testament
H4250,מַחלִי,"Machliy (makh-lee') adj.",,అర్థం తెలియదు,Hebrew,Old Testament
H4251,מַחלוּי,"a disease",,సముద్రం,Hebrew,Old Testament
H4252,מַחֲלָף,"a (sacrificial) knife (as gliding through the flesh)",,మాంసం ద్వారా జారిపోయే బలి కత్తి,Hebrew,Old Testament
H4253,מַחלָפָה,"a ringlet of hair (as gliding over each other)",,ఒకదానిపై ఒకటి జారిపోయే జుట్టు ఉంగరం,Hebrew,Old Testament
H4254,מַחֲלָצָה,"a mantle (as easily drawn off)",,మనిషి,Hebrew,Old Testament
H4255,מַחלְקָה,"a section (of the Levites)",,లేవీయుల విభాగం,Hebrew,Old Testament
H4256,מַחֲלוֹקֶת,"a section (of Levites",,లేవీయుల విభాగం,Hebrew,Old Testament
H4257,מַחֲלַת,"sickness",,రోగం,Hebrew,Old Testament
H4258,מַחֲלַת,"Machalath (makh-al-ath') n/p.",,అర్థం తెలియదు,Hebrew,Old Testament
H4259,מְחוֹלָתִי,"Mcholathiy (mekh-o-law-thee') adj.",,ధర్మశాస్త్రం,Hebrew,Old Testament
H4260,מַחֲמָאָה,"something buttery (i.e. unctuous and pleasant)",,వెన్నలాంటిది, అనగా మృదువుగా మరియు ఆహ్లాదకరంగా ఉంటుంది,Hebrew,Old Testament
H4261,מַחמָד,"delightful",,వెలుగు,Hebrew,Old Testament
H4262,מַחמוּד מַחמוּד,"desired",,కోరికగల,Hebrew,Old Testament
H4263,מַחמָל,"(properly) sympathy",,దారి,Hebrew,Old Testament
H4264,מַחֲנֶה,"an encampment (of travellers or troops)",,శిబిరము,Hebrew,Old Testament
H4265,מַחֲנֵה ־ דָּן,"Machaneh-Dan (makh-an-ay'-dawn) n/l.",,అర్థం తెలియదు,Hebrew,Old Testament
H4266,מַחֲנַיִם,"Machanayim (makh-an-ah'-yim) n/l.",,మహనయిమ్,Hebrew,Old Testament
H4267,מַחֲנַק,"strangling",,ఉరితీయడం,Hebrew,Old Testament
H4268,מַחֲסֶה מַחסֶה,"a shelter (literally or figuratively)",,ఆశ్రయం,Hebrew,Old Testament
H4269,מַחסוֹם,"a muzzle",,మూతి కట్టు,Hebrew,Old Testament
H4270,מַחסוֹר מַחסוֹר,"deficiency",,లోపం,Hebrew,Old Testament
H4271,מַחסֵיָה,"Machceyah (makh-say-yaw') n/p.",,మహెసయ్య,Hebrew,Old Testament
H4272,מָחַץ,"machats (maw-khats') v.",,అర్థం తెలియదు,Hebrew,Old Testament
H4273,מַחַץ,"a contusion",,గాయం,Hebrew,Old Testament
H4274,מַחצֵּב,"(properly) a hewing",,నరికివేయడం,Hebrew,Old Testament
H4275,מֶחֱצָה,"a halving",,సగానికి కోయడం,Hebrew,Old Testament
H4276,מַחֲצִיתּ,"a halving or the middle",,సగం లేదా మధ్య,Hebrew,Old Testament
H4277,מָחַק,"machaq (maw-khak') v.",,తుడిచివేయు,Hebrew,Old Testament
H4278,מֶחקָר,"(properly) scrutinized",,సరిగ్గా పరిశీలించారు,Hebrew,Old Testament
H4279,מָחָר,"(properly) deferred",,సరిగ్గా వాయిదా వేయబడింది,Hebrew,Old Testament
H4280,מַחֲרָאָה,"a sink",,పాపం,Hebrew,Old Testament
H4281,מַחֲרֵשָׁה,"probably a pick-axe",,గునపం కావచ్చు,Hebrew,Old Testament
H4282,מַחֲרֶשֶׁת,"probably a hoe",,గునపం కావచ్చు,Hebrew,Old Testament
H4283,מָחֳרָת מָחֳרָתָם,"the morrow or (adverbially) tomorrow",,రేపు లేదా రేపు,Hebrew,Old Testament
H4284,מַחֲשָׁבָה מַחֲשֶׁבֶת,"a contrivance",,ఆలచన,Hebrew,Old Testament
H4285,מַחשָׁך,"darkness",,చీకటి,Hebrew,Old Testament
H4286,מַחשׂוֹף,"a peeling",,తోలు తీయుట,Hebrew,Old Testament
H4287,מַחַת,"Machath (makh'-ath) n/p.",,మహత్,Hebrew,Old Testament
H4288,מְחִתּתָּה,"(properly) a dissolution",,విచ్ఛిన్నం,Hebrew,Old Testament
H4289,מַחתָּה,"a pan for live coals",,నిప్పుల పెనం,Hebrew,Old Testament
H4290,מַחתֶּרֶת,"a burglary",,దొంగతనం,Hebrew,Old Testament
H4291,מְטָא מְטָה,"mta' (met-aw') ((Aramaic) or mtah (Aramaic) met-aw') v.",,అర్థం తెలియదు,Hebrew,Old Testament
H4292,מַטאֲטֵא,"a broom (as removing dirt (compare English to dust",,చీపురు,Hebrew,Old Testament
H4293,מַטבֵַּח,"slaughter",,వధ,Hebrew,Old Testament
H4294,מַטֶּה מַטָּה,"a branch (as extending)",,అంతం,Hebrew,Old Testament
H4295,מַטָּה,"mattah (mat'-taw) adv.",,అర్థం తెలియదు,Hebrew,Old Testament
H4296,מִטָּה,"a bed (as extended) for sleeping or eating",,అంతం,Hebrew,Old Testament
H4297,מוּטֶּה,"a stretching",,సాగదీయడం,Hebrew,Old Testament
H4298,מוּטָּה,"expansion",,విస్తరణ,Hebrew,Old Testament
H4299,מַטוֶה,"something spun",,నూలు వడకడం,Hebrew,Old Testament
H4300,מְטִיל,"an iron bar (as forged)",,ఇనుము,Hebrew,Old Testament
H4301,מַטמוֹן מַטמוֹן מַטמוּן,"a secret storehouse",,ఇల్లు,Hebrew,Old Testament
H4302,מַטָּע,"something planted",,నాటినది,Hebrew,Old Testament
H4303,מַטעַם מַטעַמָּה,"a delicacy",,విందుభోజనం,Hebrew,Old Testament
H4304,מִטפַּחַת,"a wide cloak (for a woman)",,మనిషి,Hebrew,Old Testament
H4305,מָטַר,"matar (maw-tar') v.",,అర్థం తెలియదు,Hebrew,Old Testament
H4306,מָטָר,"rain",,వర్షం,Hebrew,Old Testament
H4307,מַטָּרָא מַטָּרָה,"a jail (as a guard-house)",,ఇల్లు,Hebrew,Old Testament
H4308,מַטרֵד,"Matred (mat-rade') n/p.",,మాత్రేదు,Hebrew,Old Testament
H4309,מַטרִי,"Matriy (mat-ree') adj.",,మాత్రీయు,Hebrew,Old Testament
H4310,מִי,"miy (me) p/i.",మీ,ఎవరు,Hebrew,Old Testament
H4311,מֵידֶּבָא,"Meydba' (may-deb-aw') n/l.",,మేదేబా,Hebrew,Old Testament
H4312,מֵידָּד,"Meydad (may-dawd') n/p.",,మేదాదు,Hebrew,Old Testament
H4313,מֵי הַיַּרקוֹן,"Mey hay-Yarqown (may hah'-ee-yar-kone') n/l.",,ఒకటి,Hebrew,Old Testament
H4314,מֵי זָהָב,"Mey Zahab (may zaw-hawb') n/p.",,మెయ్ జాహాబ్,Hebrew,Old Testament
H4315,מֵיטָּב,"the best part",,ఉత్తమ భాగం,Hebrew,Old Testament
H4316,מִיכָּא,"Miyka' (mee-kaw') n/p.",,మీకా,Hebrew,Old Testament
H4317,מִיכָּאֵל,"Miyka'el (me-kaw-ale') n/p.",,మీకాఏలు,Hebrew,Old Testament
H4318,מִיכָּה,"Miykah (mee-kaw') n/p.",,మీకా,Hebrew,Old Testament
H4319,מִיכָּהוּ,"Miykahuw (me-kaw'-hoo) n/p.",,మీకాహు,Hebrew,Old Testament
H4320,מִיכָּיָה,"Miykayah (me-kaw-yaw') n/p.",,మీకాయా,Hebrew,Old Testament
H4321,מִיכָּיְהוּ מִכָיְהוּ,"Miykayhuw (me-kaw-yeh-hoo') (or Mikayhuw (Jeremiah 36) n/p.",,మీకాయహు,Hebrew,Old Testament
H4322,מִיכָּיָהוּ,"Miykayahuw (me-kaw-yaw'-hoo) n/p.",,మీకాయహు,Hebrew,Old Testament
H4323,מִיכָּל,"(properly) a container",,సరియైన కంటైనర్,Hebrew,Old Testament
H4324,מִיכָּל,"Miykal (me-kawl') n/p.",,మీకాల్,Hebrew,Old Testament
H4325,מַיִם,"water",మయిం,నీళ్లు,Hebrew,Old Testament
H4326,מִיָמִן,"Miyamin (me-yaw-meem') n/p.",,మీయామిన్,Hebrew,Old Testament
H4327,מִין,"a sort",,దాని జాతి చొప్పున,Hebrew,Old Testament
H4328,מְיוּסָּדָה,"myuccadah (meh-yoos-saw-daw') prt.",,అర్థం తెలియదు,Hebrew,Old Testament
H4329,מֵיסָך,"a portico (as covered)",,కప్పబడిన వాకిలి,Hebrew,Old Testament
H4330,מִיצּ,"pressure",,ఒత్తిడి,Hebrew,Old Testament
H4331,מֵישָׁא,"Meysha' (may-shaw') n/p.",,మేషా,Hebrew,Old Testament
H4332,מִישָׁאֵל,"Miysha'el (mee-shaw-ale') n/p.",,మీషాయేలు,Hebrew,Old Testament
H4333,מִישָׁאֵל,"Miysha'el (mee-shaw-ale') n/p.",,మీషాయేలు,Hebrew,Old Testament
H4334,מִישׁוֹר מִישׁוֹר,"a level",,సమాన స్థాయి,Hebrew,Old Testament
H4335,מֵישַׁך,"Meyshak (may-shak') n/p.",,మేషాకు,Hebrew,Old Testament
H4336,מֵישַׁך,"Meyshak (may-shak') n/p.",,మేషాకు,Hebrew,Old Testament
H4337,מֵישָׁע,"Meysha` (may-shah') n/p.",,మేషా,Hebrew,Old Testament
H4338,מֵישַׁע,"Meysha` (may-shaw') n/p.",,మేషా,Hebrew,Old Testament
H4339,מֵישָׁר,"evenness",,సమానత్వం,Hebrew,Old Testament
H4340,מֵיתָּר,"a cord (of a tent) or the string (of a bow)",,గుడారం,Hebrew,Old Testament
H4341,מַכאוֹב מַכאוֹב מַכאוֹבָה,"anguish or (figuratively) affliction",,వేదన లేదా సూచనార్థకంగా బాధ,Hebrew,Old Testament
H4342,מַכבִּיר,"makbiyr (mak-beer') v-xxp.",,అర్థం తెలియదు,Hebrew,Old Testament
H4343,מַכבֵּנָא,"Makbena' (mak-bay-naw') n/p.",,అర్థం తెలియదు,Hebrew,Old Testament
H4344,מַכבַּנַּי,"Makbannay (mak-ban-nah'-ee) n/p.",,అర్థం తెలియదు,Hebrew,Old Testament
H4345,מַכבֵּר,"a grate",,ఒక తురుము,Hebrew,Old Testament
H4346,מַכבָּר,"a cloth (as netted)",,వలలాంటి గుడ్డ,Hebrew,Old Testament
H4347,מַכָּה מַכֶּה,"a blow (in 2 Chronicles 2",,2 క్రానికల్స్ 2 లో ఒక దెబ్బ,Hebrew,Old Testament
H4348,מִכוָה,"a burn",,ఒక కాలిన గాయం,Hebrew,Old Testament
H4349,מָכוֹן,"(properly) a fixture",,సరిగ్గా ఒక అమరిక,Hebrew,Old Testament
H4350,מְכוֹנָה מְכוֹנָה,"a pedestal",,ఒక పీఠం,Hebrew,Old Testament
H4351,מְכוּרָה מְכוֹרָה,"origin (as if a mine)",,మూలం, ఒక గని వలె,Hebrew,Old Testament
H4352,מָכִי,"Makiy (maw-kee') n/p.",,అర్థం తెలియదు,Hebrew,Old Testament
H4353,מָכִיר,"Makiyr (maw-keer') n/p.",,అర్థం తెలియదు,Hebrew,Old Testament
H4354,מָכִירִי,"Makiyriy (maw-kee-ree') adj.",,అర్థం తెలియదు,Hebrew,Old Testament
H4355,מָכַך,"makak (maw-kak') v.",,అర్థం తెలియదు,Hebrew,Old Testament
H4356,מִכלָאָה מִכלָה,"a pen (for flocks)",,మంద,Hebrew,Old Testament
H4357,מִכלָה,"completion",,పూర్తి,Hebrew,Old Testament
H4358,מִכלוֹל,"miklowl (mik-lole') adv.",,అర్థం తెలియదు,Hebrew,Old Testament
H4359,מִכלָל,"perfection (of beauty)",,అందం యొక్క పరిపూర్ణత,Hebrew,Old Testament
H4360,מִכלוּל,"something perfect",,పరిపూర్ణమైనది,Hebrew,Old Testament
H4361,מַכּוֹלֶת,"nourishment",,పోషణ,Hebrew,Old Testament
H4362,מִכמַן,"treasure (as hidden)",,దాచిన నిధి,Hebrew,Old Testament
H4363,מִכמָס מִכמָשׁ מִכמַשׁ,"Mikmac (mik-maws') ((Ezra 2) n/l.",,అర్థం తెలియదు,Hebrew,Old Testament
H4364,מַכמָר מִכמוֹר,"a (hunter's) net (as dark from concealment)",,మందసం,Hebrew,Old Testament
H4365,מִכמֶרֶת מִכמוֹרֶת,"a (fisher's) net",,చేప,Hebrew,Old Testament
H4366,מִכמְתָת,"Mikmthath (mik-meth-awth') n/l.",,అర్థం తెలియదు,Hebrew,Old Testament
H4367,מַכנַדבַּי,"Maknadbay (mak-nad-bah'-ee) n/p.",,అర్థం తెలియదు,Hebrew,Old Testament
H4368,מְכוֹנָה,"Mkonah (mek-o-naw') n/l.",,అర్థం తెలియదు,Hebrew,Old Testament
H4369,מְכוּנָה,"a spot",,ఒక మచ్చ,Hebrew,Old Testament
H4370,מִכנָס,"(only in dual) drawers (from concealing the private parts)",,ప్రైవేట్ భాగాలను దాచడానికి ద్వంద్వ డ్రాయర్‌లలో మాత్రమే,Hebrew,Old Testament
H4371,מֶכֶס,"an assessment (as based upon a census)",,జనాభా లెక్కల ఆధారంగా అంచనా,Hebrew,Old Testament
H4372,מִכסֶה,"a covering",,ఒక కవరింగ్,Hebrew,Old Testament
H4373,מִכסָה,"an enumeration",,ఒక లెక్కింపు,Hebrew,Old Testament
H4374,מְכַסֶּה,"a covering",,ఒక కప్పుట,Hebrew,Old Testament
H4375,מַכפֵּלָה,"Makpelah (mak-pay-law') n/l.",,ధర్మశాస్త్రం,Hebrew,Old Testament
H4376,מָכַר,"makar (maw-kar') v.",,అమ్మెను,Hebrew,Old Testament
H4377,מֶכֶּר,"merchandise",,చేయి,Hebrew,Old Testament
H4378,מַכָּר,"an acquaintance",,ఒక పరిచయము,Hebrew,Old Testament
H4379,מִכרֶה,"a pit (for salt)",,ఉప్పు,Hebrew,Old Testament
H4380,מְכֵרָה,"a sword",,మాట,Hebrew,Old Testament
H4381,מִכרִי,"Mikriy (mik-ree') n/p.",,అర్థం తెలియదు,Hebrew,Old Testament
H4382,מְכֵרָתִי,"Mkerathiy (mek-ay-raw-thee') adj.",,అర్థం తెలియదు,Hebrew,Old Testament
H4383,מִכשׁוֹל מִכשׁוֹל,"a stumbling-block",,అడ్డురాయి,Hebrew,Old Testament
H4384,מַכשֵׁלָה,"a stumbling-block",,ఒక అడ్డురాయి,Hebrew,Old Testament
H4385,מִכתָּב,"a thing written",,పది,Hebrew,Old Testament
H4386,מְכִתּתָּה,"a fracture",,ఒక పగులు,Hebrew,Old Testament
H4387,מִכתָּם,"an engraving",,ఒక చెక్కుడు,Hebrew,Old Testament
H4388,מַכתֵּשׁ,"a mortar",,ఒక రోలు,Hebrew,Old Testament
H4389,מַכתֵּשׁ,"dell",,లోయ,Hebrew,Old Testament
H4390,מָלֵא מָלָא,"male' (maw-lay') (or malae (Esth. 7) v.",మాలా,నింపు,Hebrew,Old Testament
H4391,מְלָא,"mla' (mel-aw') v.",,అర్థం తెలియదు,Hebrew,Old Testament
H4392,מָלֵא,"male' (maw-lay') adj.",,నింపు,Hebrew,Old Testament
H4393,מְלוֹא מְלוֹא מְלוֹ,"fullness (literally or figuratively)",,సంపూర్ణత అక్షరాలా లేదా అలంకారంగా,Hebrew,Old Testament
H4394,מִלּוּא,"a fulfilling (only in plural)",,pl రద్దు చేయడం మాత్రమే నింపుతుంది.,Hebrew,Old Testament
H4395,מְלֵאָה,"something fulfilled",,నెరవేర్చిన ఏదో,Hebrew,Old Testament
H4396,מִלּוּאָה,"a filling",,ఒక నింపి,Hebrew,Old Testament
H4397,מַלאָך,"a messenger",మలాక్,దూత,Hebrew,Old Testament
H4398,מַלאַך,"an angel",,దేవదూత,Hebrew,Old Testament
H4399,מְלָאכָּה,"(properly) deputyship",,పని,Hebrew,Old Testament
H4400,מַלאֲכוּת,"a message",,ఒక సందేశం,Hebrew,Old Testament
H4401,מַלאָכִי,"Mal`akiy (mal-aw-kee') n/p.",,మలాకియా,Hebrew,Old Testament
H4402,מִלֵּאתּ,"fulness",,సంపూర్ణత,Hebrew,Old Testament
H4403,מַלבּוּשׁ מַלבּוּשׁ,"a garment",,ఒక వస్త్రం,Hebrew,Old Testament
H4404,מַלבֵּן,"a brick-kiln",,ఇటుక బట్టీ,Hebrew,Old Testament
H4405,מִלָּה מִלֶּה,"a word",,మాట,Hebrew,Old Testament
H4406,מִלָּה,"a word",,మాట,Hebrew,Old Testament
H4407,מִלּוֹא מִלּוֹא,"millow' (mil-lo') (or mil-loe (2 Kings 12) n/p.",,రాజు,Hebrew,Old Testament
H4408,מַלּוַּח,"sea-purslain (from its saltness)",,సముద్రం,Hebrew,Old Testament
H4409,מַלּוּך מַלוּכִי,"Malluwk (mal-luke') (or Malluwkiy (Neh. 12) n/p.",,అర్థం తెలియదు,Hebrew,Old Testament
H4410,מְלוּכָה,"something ruled",,పాలించబడేది,Hebrew,Old Testament
H4411,מָלוֹן,"a lodgment",,ఒక బస,Hebrew,Old Testament
H4412,מְלוּנָה,"a hut",,ఒక గుడిసె,Hebrew,Old Testament
H4413,מַלּוֹתִי,"Mallowthiy (mal-lo'-thee) n/p.",,అర్థం తెలియదు,Hebrew,Old Testament
H4414,מָלַח,"malach (maw-lakh') v.",,అర్థం తెలియదు,Hebrew,Old Testament
H4415,מְלַח,"mlach (mel-akh') v.",,అర్థం తెలియదు,Hebrew,Old Testament
H4416,מְלַח,"salt",,ఉప్పు,Hebrew,Old Testament
H4417,מֶלַח,"(properly) powder",,ఉప్పు,Hebrew,Old Testament
H4418,מָלָח,"a rag or old garment",,పాత,Hebrew,Old Testament
H4419,מַלָּח,"a sailor (as following the salt)",,ఉప్పు,Hebrew,Old Testament
H4420,מְלֵחָה,"(properly) salted (i.e. land (H0776 being understood))",,భూమి,Hebrew,Old Testament
H4421,מִלחָמָה,"a battle (i.e. the engagement)",,యుద్ధం,Hebrew,Old Testament
H4422,מָלַט,"malat (maw-lat') v.",,తప్పించుకొనెను,Hebrew,Old Testament
H4423,מֶלֶט,"clay",,మట్టి,Hebrew,Old Testament
H4424,מְלַטיָה,"Mlatyah (mel-at-yaw') n/p.",,అర్థం తెలియదు,Hebrew,Old Testament
H4425,מְלִילָה,"a head of grain (as cut off)",,తల,Hebrew,Old Testament
H4426,מְלִיצָּה,"an aphorism",,ఒక సూక్తి,Hebrew,Old Testament
H4427,מָלַך,"malak (maw-lak') v.",,అర్థం తెలియదు,Hebrew,Old Testament
H4428,מֶלֶך,"a king",మెలెక్,రాజు,Hebrew,Old Testament
H4429,מֶלֶך,"Melek (meh'-lek) n/p.",,రాజు,Hebrew,Old Testament
H4430,מֶלֶך,"a king",,రాజు,Hebrew,Old Testament
H4431,מְלַך,"counsel",,సలహా,Hebrew,Old Testament
H4432,מוֹלֶך,"Molek (mo'-lek) n/p.",,మోలెకు,Hebrew,Old Testament
H4433,מַלכָּא,"a queen",,రాణి,Hebrew,Old Testament
H4434,מַלכּוֹדֶת,"a snare",,ఒక ఉచ్చు,Hebrew,Old Testament
H4435,מִלכָּה,"Milkah (mil-kaw') n/p.",,పాలు,Hebrew,Old Testament
H4436,מַלכָּה,"a queen",,రాణి,Hebrew,Old Testament
H4437,מַלכּוּ,"dominion",,ఆధిపత్యం,Hebrew,Old Testament
H4438,מַלכּוּת מַלכּוּת מַלכּוּיָה,"a rule",మల్కూత్,రాజ్యం,Hebrew,Old Testament
H4439,מַלכִּיאֵל,"Malkiy'el (mal-kee-ale') n/p.",,మల్కీయేలు,Hebrew,Old Testament
H4440,מַלכִּיאֵלִי,"Malkiy'eliy (mal-kee-ay-lee') adj.",,మల్కీయేలీయుడు,Hebrew,Old Testament
H4441,מַלכִּיָה מַלכִּיָהוּ,"Malkiyah (mal-kee-yaw') (or Malkiyahuw (Jer. 38) n/p.",,మల్కియా,Hebrew,Old Testament
H4442,מַלכִּי ־ צֶּדֶק,"Malkiy-Tsedeq (mal-kee-tseh'-dek) n/p.",,మెల్కీసెదెకు,Hebrew,Old Testament
H4443,מַלכִּירָם,"Malkiyram (mal-kee-rawm') n/p.",,మల్కీరాము,Hebrew,Old Testament
H4444,מַלכִּישׁוַּע,"Malkiyshuwa` (mal-kee-shoo'-ah) n/p.",,మల్కీషూవ,Hebrew,Old Testament
H4445,מַלכָּם מִלכּוֹם,"Malkam (mal-kawm') (or Milkowm mil-kome') n/p.",,పాలు,Hebrew,Old Testament
H4446,מְלֶכֶת,"a queen",,రాణి,Hebrew,Old Testament
H4447,מוֹלֶכֶת,"Moleketh (mo-leh'-keth) n/p.",,మోలెకెతు,Hebrew,Old Testament
H4448,מָלַל,"malal (maw-lal') v.",,అర్థం తెలియదు,Hebrew,Old Testament
H4449,מְלַל,"mlal (mel-al') v.",,అర్థం తెలియదు,Hebrew,Old Testament
H4450,מִלֲלַי,"Milalay (mee-lal-ah'-ee) n/p.",,మీలలాయి,Hebrew,Old Testament
H4451,מַלמָד,"a goad for oxen",,ఎద్దు,Hebrew,Old Testament
H4452,מָלַץ,"malats (maw-lats') v.",,అర్థం తెలియదు,Hebrew,Old Testament
H4453,מֶלצָּר,"the butler or other officer in the Babylonian court",,బబులోను రాజ్యంలో పరిచారకుడు,Hebrew,Old Testament
H4454,מָלַק,"malaq (maw-lak') v.",,అర్థం తెలియదు,Hebrew,Old Testament
H4455,מַלקוַֹח,"transitively (in dual) the jaws (as taking food)",,రాజు,Hebrew,Old Testament
H4456,מַלקוֹשׁ,"the spring rain",,ఊట,Hebrew,Old Testament
H4457,מֶלקָח מַלקָח,"(only in dual) tweezers",,కేవలం కవల శ్రావణం లో మాత్రమే,Hebrew,Old Testament
H4458,מֶלתָּחָה,"a wardrobe (i.e. room where clothing is spread)",,యుద్ధం,Hebrew,Old Testament
H4459,מַלתָּעָה,"a grinder",,ఒక గ్రైండర్,Hebrew,Old Testament
H4460,מַמְּגוּרָה,"a granary",,ధాన్యాగారం,Hebrew,Old Testament
H4461,מֵמַד,"a measure",,కొలత,Hebrew,Old Testament
H4462,מְמוּכָן מוֹמוּכָן,"Mmuwkan (mem-oo-kawn') (or (transp.) Mowmukan (Esth. 1) n/p.",,మెమూకాను,Hebrew,Old Testament
H4463,מָמוֹת,"a mortal disease",,సముద్రం,Hebrew,Old Testament
H4464,מַמזֵר,"a mongrel",,సంకర జాతి,Hebrew,Old Testament
H4465,מִמכָּר,"merchandise",,చేయి,Hebrew,Old Testament
H4466,מִמכֶּרֶת,"a sale",,అమ్మకం,Hebrew,Old Testament
H4467,מַמלָכָה,"dominion",,ఆధిపత్యం,Hebrew,Old Testament
H4468,מַמלָכוּת,"kingdom",,రాజు,Hebrew,Old Testament
H4469,מַמסָך,"mixture",,మిశ్రమము,Hebrew,Old Testament
H4470,מֶמֶר,"sorrow",,దుఃఖం,Hebrew,Old Testament
H4471,מַמרֵא,"Mamre' (mam-ray') n/l.",,మమ్రే,Hebrew,Old Testament
H4472,מַמרוֹר,"a bitterness",,ఒక చేదు,Hebrew,Old Testament
H4473,מִמשַׁח,"outspread (i.e. with outstretched wings)",,విప్పారిన,Hebrew,Old Testament
H4474,מִמשָׁל,"a ruler or (abstractly) rule",,పాలకుడు లేదా పాలన,Hebrew,Old Testament
H4475,מֶמשָׁלָה,"rule",,ఆధిపత్యము,Hebrew,Old Testament
H4476,מִמשָׁק,"a possession",,స్వాధీనం,Hebrew,Old Testament
H4477,מַמתַּק,"something sweet (literally or figuratively)",,తీపి,Hebrew,Old Testament
H4478,מָן,"(literally) a whatness (so to speak)",,మాట్లాడు,Hebrew,Old Testament
H4479,מָן,"man (mawn) p/i.",,మనిషి,Hebrew,Old Testament
H4480,מִן מִנִּי מִנֵּי,"min (min) (or minniy min-nee' or minney (constructive plural) min-nay'",మిన్,నుండి,Hebrew,Old Testament
H4481,מִן,"min (min) prep.",,నుండి,Hebrew,Old Testament
H4482,מֵן,"a part",,భాగం,Hebrew,Old Testament
H4483,מְנָא מְנָה,"mna' (men-aw') ((Aramaic) or mnah (Aramaic) men-aw') v.",,అర్థం తెలియదు,Hebrew,Old Testament
H4484,מְנֵא,"numbered",,లెక్కించబడిన,Hebrew,Old Testament
H4485,מַנגִּינָה,"a satire",,హాస్యము,Hebrew,Old Testament
H4486,מַנדַּע,"wisdom or intelligence",,జ్ఞానం,Hebrew,Old Testament
H4487,מָנָה,"manah (maw-naw') v.",,మనిషి,Hebrew,Old Testament
H4488,מָנֶה,"(properly) a fixed weight or measured amount",,ఎనిమిది,Hebrew,Old Testament
H4489,מוֹנֶה,"(properly) something weighed out",,తూచినది,Hebrew,Old Testament
H4490,מָנָה,"(properly) something weighed out",,తూచినది,Hebrew,Old Testament
H4491,מִנהָג,"the driving (of a chariot)",,రథం నడపడం,Hebrew,Old Testament
H4492,מִנהָרָה,"(properly) a channel or fissure",,కాలువ,Hebrew,Old Testament
H4493,מָנוֹד,"shaking",,రాజు,Hebrew,Old Testament
H4494,מָנוַֹח,"quiet",,నిశ్శబ్దంగా,Hebrew,Old Testament
H4495,מָנוַֹח,"Manowach (maw-no'-akh) n/p.",,మనిషి,Hebrew,Old Testament
H4496,מְנוּחָה מְנוּחָה,"repose",,విశ్రాంతి,Hebrew,Old Testament
H4497,מָנוֹן,"a continuator",,కొనసాగించేవాడు,Hebrew,Old Testament
H4498,מָנוֹס,"a retreat (literally or figuratively)",,వెనుకకు తగ్గడం,Hebrew,Old Testament
H4499,מְנוּסָה מְנוּסָה,"retreat",,వెనుకకు తగ్గడం,Hebrew,Old Testament
H4500,מָנוֹר,"a yoke (properly",,కాడి,Hebrew,Old Testament
H4501,מְנוֹרָה מְנוֹרָה,"a chandelier",,చేయి,Hebrew,Old Testament
H4502,מִנְּזָר,"a prince",,రాజు,Hebrew,Old Testament
H4503,מִנחָה,"a donation",మింఖా,అర్పణ,Hebrew,Old Testament
H4504,מִנחָה,"a sacrificial offering",,అర్పణ,Hebrew,Old Testament
H4505,מְנַחֵם,"Mnachem (men-akh-ame') n/p.",,మెనాకెమ్,Hebrew,Old Testament
H4506,מָנַחַת,"Manachath (maw-nakh'-ath) n/l.",,మనిషి,Hebrew,Old Testament
H4507,מְנִי,"Mniy (men-ee') n/p.",,అర్థం తెలియదు,Hebrew,Old Testament
H4508,מִנִּי,"Minniy (min-nee') n/l.",,మిన్ని,Hebrew,Old Testament
H4509,מִניָמִין,"Minyamiyn (min-yaw-meen') n/p.",,బెన్యామీను,Hebrew,Old Testament
H4510,מִניָן,"enumeration",,లెక్కింపు,Hebrew,Old Testament
H4511,מִנִּיתּ,"Minniyth (min-neeth') n/l.",,మిన్నీతు,Hebrew,Old Testament
H4512,מִנלֶה,"completion",,పూర్తి,Hebrew,Old Testament
H4513,מָנַע,"mana` (maw-nah') v.",,మనిషి,Hebrew,Old Testament
H4514,מַנעוּל מַנעוּל,"a bolt",,బోల్టు,Hebrew,Old Testament
H4515,מַנעָל,"a bolt",,గడియ,Hebrew,Old Testament
H4516,מַנעַם,"a delicacy",,రుచికరమైనది,Hebrew,Old Testament
H4517,מְנַענַע,"a sistrum (so called from its rattling sound)",,సిస్ట్రమ్ (సంగీత వాయిద్యం),Hebrew,Old Testament
H4518,מְנַקִּיתּ,"a sacrificial basin (for holding blood)",,రక్తం,Hebrew,Old Testament
H4519,מְנַשֶּׁה,"Mnashsheh (men-ash-sheh') n/p.",,మనష్షే,Hebrew,Old Testament
H4520,מְנַשִּׁי,"Mnashshiy (men-ash-shee') adj.",,మనష్షీయుడు,Hebrew,Old Testament
H4521,מְנָת,"an allotment (by courtesy",,మర్యాదపూర్వకమైన కేటాయింపు,Hebrew,Old Testament
H4522,מַס מִס,"(properly) a burden (as causing to faint)",,పాపం,Hebrew,Old Testament
H4523,מָס,"mac (mawce) adj.",,అర్థం తెలియదు,Hebrew,Old Testament
H4524,מֵסַב מֶסִבִּים מֶסִבּוֹת,"a divan (as enclosing the room)",,పాపం,Hebrew,Old Testament
H4525,מַסגֵּר,"a fastener",,పది,Hebrew,Old Testament
H4526,מִסגֶּרֶת,"something enclosing",,పాపం,Hebrew,Old Testament
H4527,מַסַּד,"a foundation",,పునాది,Hebrew,Old Testament
H4528,מִסדְּרוֹן,"a colonnade or internal portico (from its rows of pillars)",,స్తంభాల వరుసతో కూడిన వరండా,Hebrew,Old Testament
H4529,מָסָה,"macah (maw-saw') v.",,అర్థం తెలియదు,Hebrew,Old Testament
H4530,מִסָּה,"abundance",,సమృద్ధి,Hebrew,Old Testament
H4531,מַסָּה,"a testing",,పరీక్ష,Hebrew,Old Testament
H4532,מַסָּה,"Maccah (mas-saw') n/l.",,మక్కా,Hebrew,Old Testament
H4533,מַסוֶה,"a veil",,ముసుగు,Hebrew,Old Testament
H4534,מְסוּכָה,"a hedge",,కంచె,Hebrew,Old Testament
H4535,מַסָּח,"maccach (mas-sawkh') adv.",,అర్థం తెలియదు,Hebrew,Old Testament
H4536,מִסחָר,"trade",,వ్యాపారం,Hebrew,Old Testament
H4537,מָסַך,"macak (maw-sak') v.",,అర్థం తెలియదు,Hebrew,Old Testament
H4538,מֶסֶך,"a mixture",,మిశ్రమం,Hebrew,Old Testament
H4539,מָסָך,"a cover",,కప్పు,Hebrew,Old Testament
H4540,מְסוּכָּה,"a covering",,కవరింగ్,Hebrew,Old Testament
H4541,מַסֵּכָה,"(properly) a pouring over",,పోయడం,Hebrew,Old Testament
H4542,מִסכֵּן,"micken (mis-kane') adj.",,అర్థం తెలియదు,Hebrew,Old Testament
H4543,מִסכְּנָה,"a storehouse",,ఇల్లు,Hebrew,Old Testament
H4544,מִסכֵּנוּת,"indigence",,దారిద్ర్యం,Hebrew,Old Testament
H4545,מַסֶּכֶת,"something expanded",,విస్తరించబడినది,Hebrew,Old Testament
H4546,מְסִלָּה,"a thoroughfare (as turnpiked)",,రహదారి,Hebrew,Old Testament
H4547,מַסלוּל,"a thoroughfare (as turnpiked)",,రహదారి,Hebrew,Old Testament
H4548,מַסמֵר מִסמֵר מַסמְרָה מִסמְרָה,"a peg (as bristling from the surface)",,మేకు,Hebrew,Old Testament
H4549,מָסַס,"macac (maw-sas') v.",,అర్థం తెలియదు,Hebrew,Old Testament
H4550,מַסַּע,"a departure (from striking the tents)",,రాజు,Hebrew,Old Testament
H4551,מַסָּע,"a missile (spear or arrow)",,చెవి,Hebrew,Old Testament
H4552,מִסעָד,"a balustrade (for stairs)",,మెట్ల బ్యాలస్ట్రేడ్,Hebrew,Old Testament
H4553,מִספֵּד,"a lamentation",,విలాపం,Hebrew,Old Testament
H4554,מִספּוֹא,"fodder",,పశుగ్రాసం,Hebrew,Old Testament
H4555,מִספָּחָה,"a veil (as spread out)",,వ్యాపించిన తెరవలె,Hebrew,Old Testament
H4556,מִספַּחַת,"scruf (as spreading over the surface)",,ఉపరితలంపై వ్యాపించిన పొట్టు,Hebrew,Old Testament
H4557,מִספָּר,"a number",,ఒక సంఖ్య,Hebrew,Old Testament
H4558,מִספָּר,"Micpar (mis-pawr') n/p.",,మిక్‌పార్,Hebrew,Old Testament
H4559,מִספֶּרֶת,"Micpereth (mis-peh'-reth) n/p.",,మిక్‌పెరెత్,Hebrew,Old Testament
H4560,מָסַר,"macar (maw-sar') v.",,అర్థం తెలియదు,Hebrew,Old Testament
H4561,מוֹסָר,"admonition",,హెచ్చరిక,Hebrew,Old Testament
H4562,מָסוֹרֶת,"a band",,ఒక బృందం,Hebrew,Old Testament
H4563,מִסתּוֹר,"a refuge",,ఒక ఆశ్రయం,Hebrew,Old Testament
H4564,מַסתֵּר,"(properly) a hider",,ఒక దాచువాడు,Hebrew,Old Testament
H4565,מִסתָּר,"(properly) a concealer",,ఒక మరుగుపరచువాడు,Hebrew,Old Testament
H4566,מַעבָּד,"an act",,ఒక చర్య,Hebrew,Old Testament
H4567,מַעבָּד,"an act",,ఒక చర్య,Hebrew,Old Testament
H4568,מַעֲבֶה,"(properly) compact (part of soil)",,నూనె,Hebrew,Old Testament
H4569,מַעֲבָר מַעֲבָרָה,"a crossing-place (of a river",,నది,Hebrew,Old Testament
H4570,מַעגָּל מַעגָּלָה,"a track (literally or figuratively)",,ఒక జాడ అక్షరాలా లేదా అలంకారంగా,Hebrew,Old Testament
H4571,מָעַד,"ma`ad (maw-ad') v.",,అర్థం తెలియదు,Hebrew,Old Testament
H4572,מַעֲדַי,"Ma`aday (mah-ad-ah'-ee) n/p.",,దినము,Hebrew,Old Testament
H4573,מַעַדיָה,"Ma`adyah (mah-ad-yaw') n/p.",,మాయాద్యా,Hebrew,Old Testament
H4574,מַעֲדָן מַעֲדַנָּה,"a delicacy or (abstractly) pleasure (adverbially",,ఒక రుచికరమైనది లేదా నైరూప్యంగా ఆనందం క్రియా విశేషణంగా,Hebrew,Old Testament
H4575,מַעֲדַנָּה,"a bond",,ఒక బంధం,Hebrew,Old Testament
H4576,מַעדֵּר,"a (weeding) hoe",,కలుపు తీయు గునపం,Hebrew,Old Testament
H4577,מְעָה מְעָא,"only in plural the bowels",,బహువచనంలో మాత్రమే ప్రేగులు,Hebrew,Old Testament
H4578,מֵעֶה,"used only in plural the intestines",,పేగులు,Hebrew,Old Testament
H4579,מֵעָה,"the belly",,కడుపు,Hebrew,Old Testament
H4580,מָעוֹג,"a cake of bread (with H3934 a table- buffoon",,రొట్టె,Hebrew,Old Testament
H4581,מָעוֹז מָעוּז מָעוֹז מָעוּז,"a fortified place",,ఒక దుర్గము,Hebrew,Old Testament
H4582,מָעוֹך,"Ma`owk (maw-oke') n/p.",,మావోక్,Hebrew,Old Testament
H4583,מָעוֹן מָעִין,"an abode",,ఒక నివాసం,Hebrew,Old Testament
H4584,מָעוֹן,"Ma`own (maw-ohn') n/l.",,మావోన్,Hebrew,Old Testament
H4585,מְעוֹנָה מְעוֹנָה,"meaning the same as H4583",,H4583 వలెనే అర్థం,Hebrew,Old Testament
H4586,מְעוּנִי מְעִינִי,"M`uwniy (meh-oo-nee') (or Msiyniy meh-ee-nee') n/p.",,మెయూనియ్ లేదా మెఈనియ్,Hebrew,Old Testament
H4587,מְעוֹנוֹתַי,"M`ownothay (meh-o-no-thah'-ee) n/p.",,మెఓనోతై,Hebrew,Old Testament
H4588,מָעוּף,"darkness",,చీకటి,Hebrew,Old Testament
H4589,מָעוֹר,"nakedness",,దిగంబరత్వం,Hebrew,Old Testament
H4590,מַעַזיָה מַעַזיָהוּ,"Ma`azyah (mah-az-yaw') (or Ma.azyahuw mah-az-yaw'-hoo) n/p.",,మయజ్య,Hebrew,Old Testament
H4591,מָעַט,"ma`at (maw-at') v.",,అసహ్యించుకొను,Hebrew,Old Testament
H4592,מְעַט מְעָט,"m`at (meh-at') (or miat meh-awt') subv.",,కొద్దిగా,Hebrew,Old Testament
H4593,מָעוֹט,"ma`ot (maw-ote') adj.",,కొద్దిగా,Hebrew,Old Testament
H4594,מַעֲטֶה,"a vestment",,వస్త్రం,Hebrew,Old Testament
H4595,מַעֲטָפָה,"a cloak",,పైవస్త్రం,Hebrew,Old Testament
H4596,מְעִי,"a pile of rubbish (as contorted)",,వంకరటింకరగా ఉన్న చెత్త కుప్ప,Hebrew,Old Testament
H4597,מָעַי,"Ma`ai (maw-ah'-ee) n/p.",,మాయి,Hebrew,Old Testament
H4598,מְעִיל,"a robe (i.e. upper and outer garment)",,అంగీ,Hebrew,Old Testament
H4599,מַעיָן מַעיְנוֹ מַעיָנָה,"a fountain (also collectively)",,జలధార,Hebrew,Old Testament
H4600,מָעַך,"ma`ak (maw-ak') v.",,బలవంతంగా లాగు,Hebrew,Old Testament
H4601,מַעֲכָה מַעֲכָת,"Ma`akah (mah-ak-aw') (or Mamakath (Josh. 13) n/p.",,మయకా,Hebrew,Old Testament
H4602,מַעֲכָתִי,"Ma`akathiy (mah-ak-aw-thee') adj.",,మయకాథీయుడు,Hebrew,Old Testament
H4603,מָעַל,"ma`al (maw-al') v.",,అపనమ్మకంగా ప్రవర్తించు,Hebrew,Old Testament
H4604,מַעַל,"treachery",,ద్రోహం,Hebrew,Old Testament
H4605,מַעַל,"ma`al (mah'al) adj.",,పై,Hebrew,Old Testament
H4606,מֵעָל,"(only in plural as singular) the setting (of the sun)",,సూర్యుడు,Hebrew,Old Testament
H4607,מוֹעַל,"a raising (of the hands)",,చేయి,Hebrew,Old Testament
H4608,מַעֲלֶה,"an elevation",,ఉన్నతి,Hebrew,Old Testament
H4609,מַעֲלָה,"elevation",,మెట్టు,Hebrew,Old Testament
H4610,מַעֲלֵה עַקרַבִּים,"Ma`aleh `Aqrabbiym (mah-al-ay' ak-rab-beem') n/l.",,మాలే అక్రబ్బీమ్,Hebrew,Old Testament
H4611,מַעֲלָל,"an act (good or bad)",,మంచి,Hebrew,Old Testament
H4612,מַעֲמָד,"(figuratively) a position",,స్థానం,Hebrew,Old Testament
H4613,מָעֳמָד,"(literally) a foothold",,పాదం,Hebrew,Old Testament
H4614,מַעֲמָסָה,"burdensomeness",,భారం,Hebrew,Old Testament
H4615,מַעֲמָק,"a deep",,లోతైన,Hebrew,Old Testament
H4616,מַעַן,"ma`an (mah'-an) prep.",,కొరకు,Hebrew,Old Testament
H4617,מַעֲנֶה,"a reply (favorable or contradictory)",,అనుకూలమైన లేక వ్యతిరేక సమాధానం,Hebrew,Old Testament
H4618,מַעֲנָה,"a furrow",,కాలువ,Hebrew,Old Testament
H4619,מַעַץ,"Ma`ats (mah'-ats) n/p.",,మయాత్స్,Hebrew,Old Testament
H4620,מַעֲצֵבָה,"anguish",,వేదన,Hebrew,Old Testament
H4621,מַעֲצָד,"an axe",,గొడ్డలి,Hebrew,Old Testament
H4622,מַעצּוֹר,"objectively",,వస్తుగతంగా,Hebrew,Old Testament
H4623,מַעצָּר,"subjectively",,ఆత్మాశ్రయంగా,Hebrew,Old Testament
H4624,מַעֲקֶה,"a parapet",,కంచె,Hebrew,Old Testament
H4625,מַעֲקָשׁ,"a crook (in a road)",,రహదారిలో వంపు,Hebrew,Old Testament
H4626,מַעַר,"a nude place",,నగ్నమైన స్థలం,Hebrew,Old Testament
H4627,מַעֲרָב,"traffic",,రవాణా,Hebrew,Old Testament
H4628,מַעֲרָב מַעֲרָבָה,"the west (as a region of the evening sun)",,సాయంత్రం,Hebrew,Old Testament
H4629,מַעֲרֶה,"a nude place",,నగ్నమైన స్థలం,Hebrew,Old Testament
H4630,מַעֲרָה,"an open spot",,బహిరంగ ప్రదేశం,Hebrew,Old Testament
H4631,מְעָרָה,"a cavern (as dark)",,మందసం,Hebrew,Old Testament
H4632,מְעָרָה,"M`arah (meh-aw-raw') n/l.",,అర్థం తెలియదు,Hebrew,Old Testament
H4633,מַעֲרָך,"an arrangement",,ఏర్పాటు,Hebrew,Old Testament
H4634,מַעֲרָכָה,"an arrangement",,ఏర్పాటు,Hebrew,Old Testament
H4635,מַעֲרֶכֶת,"an arrangement",,ఏర్పాటు,Hebrew,Old Testament
H4636,מַעֲרוֹם,"bare",,బట్టబయలు,Hebrew,Old Testament
H4637,מַעֲרָצָה,"violence",,హింస,Hebrew,Old Testament
H4638,מַעֲרָת,"Ma`arath (mah-ar-awth') n/l.",,అర్థం తెలియదు,Hebrew,Old Testament
H4639,מַעֲשֶׂה,"an action (good or bad)",,మంచి,Hebrew,Old Testament
H4640,מַעֲשַׂי,"Ma`say (mah-as-ah'ee) n/p.",,అర్థం తెలియదు,Hebrew,Old Testament
H4641,מַעֲשֵׂיָה מַעֲשֵׂיָהוּ,"Ma`aseyah (mah-as-ay-yaw') (or Maaseyahuw mah-as-ay-yaw'-hoo) n/p.",,అర్థం తెలియదు,Hebrew,Old Testament
H4642,מַעֲשַׁקָּה,"oppression",,అణచివేత,Hebrew,Old Testament
H4643,מַעֲשֵׂר מַעֲשַׂר מַעַשׂרָה,"a tenth",,గుడారం,Hebrew,Old Testament
H4644,מוֹף,"Moph (mofe) n/l.",,అర్థం తెలియదు,Hebrew,Old Testament
H4645,מִפגָּע,"an object of attack",,దాడికి గురి అయ్యేది,Hebrew,Old Testament
H4646,מַפָּח,"a breathing out (of life)",,జీవితం,Hebrew,Old Testament
H4647,מַפּוַּח,"the bellows (i.e. blower) of a forge",,కొలిమి ఊదు గొట్టం,Hebrew,Old Testament
H4648,מְפִיבּוֹשֶׁת מֶפִבוֹשֶׁת,"Mphiybosheth (mef-ee-bo'-sheth) (or Mphibosheth mef-ee-bo'-sheth) n/p.",,అర్థం తెలియదు,Hebrew,Old Testament
H4649,מוּפִּים,"Muppiym (moop-peem') n/p.",,అర్థం తెలియదు,Hebrew,Old Testament
H4650,מֵפִיצּ,"a breaker",,విచ్ఛిన్నం చేసేవాడు,Hebrew,Old Testament
H4651,מַפָּל,"a falling off",,పడిపోవడం,Hebrew,Old Testament
H4652,מִפלָאָה,"a miracle",,అద్భుతం,Hebrew,Old Testament
H4653,מִפלַגָּה,"a classification",,వర్గీకరణ,Hebrew,Old Testament
H4654,מַפָּלָה מַפֵּלָה,"something fallen",,పడిపోయినది,Hebrew,Old Testament
H4655,מִפלָט,"an escape",,తప్పించుకోవడం,Hebrew,Old Testament
H4656,מִפלֶצֶת,"a terror",,భయం,Hebrew,Old Testament
H4657,מִפלָשׂ,"a poising",,పాపం,Hebrew,Old Testament
H4658,מַפֶּלֶת,"fall",,పతనం,Hebrew,Old Testament
H4659,מִפעָל מִפעָלָה,"a performance",,మనిషి,Hebrew,Old Testament
H4660,מַפָּץ,"a smiting to pieces",,ముక్కలు చేయడం,Hebrew,Old Testament
H4661,מַפֵּץ,"a smiter",,కొట్టేవాడు,Hebrew,Old Testament
H4662,מִפקָד,"an appointment",,నియామకం,Hebrew,Old Testament
H4663,מִפקָד,"assignment",,కేటాయింపు,Hebrew,Old Testament
H4664,מִפרָץ,"a break (in the shore)",,తీరంలో చీలిక,Hebrew,Old Testament
H4665,מִפרֶקֶת,"(properly) a fracture",,పగులు,Hebrew,Old Testament
H4666,מִפרָשׂ,"an expansion",,విస్తరణ,Hebrew,Old Testament
H4667,מִפשָׂעָה,"a stride",,ఒక పెద్ద అడుగు,Hebrew,Old Testament
H4668,מַפתֵַּח,"an opener",,ప్రారంభకుడు,Hebrew,Old Testament
H4669,מִפתָּח,"an aperture",,రంధ్రం,Hebrew,Old Testament
H4670,מִפתָּן,"a stretcher",,సాగదీయువాడు,Hebrew,Old Testament
H4671,מוֹץ מוֹץ,"chaff (as pressed out",,నూర్పిడి చేసిన పొట్టు,Hebrew,Old Testament
H4672,מָצָא,"matsa' (maw-tsaw') v.",,కనుగొనబడెను,Hebrew,Old Testament
H4673,מַצָּב,"a fixed spot",,స్థిరమైన ప్రదేశం,Hebrew,Old Testament
H4674,מוּצָּב,"a station",,ఒక స్టేషన్,Hebrew,Old Testament
H4675,מַצָּבָה מִצָּבָה,"a military guard",,సైనిక కాపలా,Hebrew,Old Testament
H4676,מַצֵּבָה,"something stationed",,ఒకటి,Hebrew,Old Testament
H4677,מְצוֹבָיָה,"Mtsobayah (mets-o-baw-yaw') n/l.",,అర్థం తెలియదు,Hebrew,Old Testament
H4678,מַצֶּבֶת,"something stationary",,స్థిరంగా ఉండేది,Hebrew,Old Testament
H4679,מְצַד מֶצָד מֶצָדָה,"a fastness (as a covert of ambush)",,మాటువేయు స్థలం,Hebrew,Old Testament
H4680,מָצָה,"matsah (maw-tsaw') v.",,కనుగొను,Hebrew,Old Testament
H4681,מוֹצָה,"Motsah (mo-tsaw') n/p.",,అర్థం తెలియదు,Hebrew,Old Testament
H4682,מַצָּה,"(properly) sweetness",,తీపి,Hebrew,Old Testament
H4683,מַצָּה,"a quarrel",,ఒక కలహం,Hebrew,Old Testament
H4684,מַצהָלָה,"a whinnying (through impatience for battle or lust)",,యుద్ధం,Hebrew,Old Testament
H4685,מָצוֹד מְצוֹדָה מְצוֹדָה,"a net (for capturing animals or fishes)",,చేప,Hebrew,Old Testament
H4686,מָצוּד מְצוּדָה מְצוּדָה,"a net",,ఒక వల,Hebrew,Old Testament
H4687,מִצוָה,"a command",మిత్స్వా,ఆజ్ఞ,Hebrew,Old Testament
H4688,מְצוֹלָה מְצוֹלָה מְצוּלָה מְצוּלָה,"a deep place (of water or mud)",,నీరు,Hebrew,Old Testament
H4689,מָצוֹק,"a narrow place",,ఇరుకైన స్థలం,Hebrew,Old Testament
H4690,מָצוּק מָצוּק,"something narrow",,ఇరుకైనది,Hebrew,Old Testament
H4691,מְצוּקָה מְצוּקָה,"narrowness",,ఇరుకుతనం,Hebrew,Old Testament
H4692,מָצוֹר מָצוּר,"something hemming in",,చుట్టుముట్టేది,Hebrew,Old Testament
H4693,מָצוֹר,"matsowr (maw-tsore') n/l.",,అర్థం తెలియదు,Hebrew,Old Testament
H4694,מְצוּרָה מְצוּרָה,"a hemming in",,చుట్టుముట్టడం,Hebrew,Old Testament
H4695,מַצּוּת,"a quarrel",,ఒక కలహం,Hebrew,Old Testament
H4696,מֵצַח,"the forehead (as open and prominent)",,తల,Hebrew,Old Testament
H4697,מִצחָה,"a shin-piece of armor (as prominent)",,కవచం,Hebrew,Old Testament
H4698,מְצִלָּה,"a tinkler",,ధ్వని చేసేవాడు,Hebrew,Old Testament
H4699,מְצוּלָּה,"shade",,నీడ,Hebrew,Old Testament
H4700,מְצֵלֶת,"(only dual) double tinklers",,కేవలం జంట ధ్వనులు చేసేవి,Hebrew,Old Testament
H4701,מִצנֶפֶת,"a tiara",,పాగా,Hebrew,Old Testament
H4702,מַצָּע,"a couch",,మంచం,Hebrew,Old Testament
H4703,מִצעָד,"a step",,ఒక అడుగు,Hebrew,Old Testament
H4704,מִצְּעִירָה,"(properly) littleness",,చిన్నతనం,Hebrew,Old Testament
H4705,מִצעָר,"petty (in size or number)",,చిన్న పరిమాణం లేదా సంఖ్యలో,Hebrew,Old Testament
H4706,מִצעָר,"Mits`ar (mits-awr') n/l.",,అర్థం తెలియదు,Hebrew,Old Testament
H4707,מִצפֶּה,"an observatory",,అర్థం తెలియదు,Hebrew,Old Testament
H4708,מִצפֶּה,"Mitspeh (mits-peh') n/l.",,అర్థం తెలియదు,Hebrew,Old Testament
H4709,מִצפָּה,"Mitspah (mits-paw') n/p.",,అర్థం తెలియదు,Hebrew,Old Testament
H4710,מִצפּוּן,"a secret (place or thing",,ఒక రహస్య స్థలం లేదా విషయం,Hebrew,Old Testament
H4711,מָצַץ,"matsats (maw-tsats') v.",,అర్థం తెలియదు,Hebrew,Old Testament
H4712,מֵצַר,"something tight",,గట్టిగా ఉండేది,Hebrew,Old Testament
H4713,מִצרִי,"Mitsriy (mits-ree') adj.",,అర్థం తెలియదు,Hebrew,Old Testament
H4714,מִצרַיִם,"Mitsrayim (mits-rah'-yim) adj.",,ఐగుప్తు,Hebrew,Old Testament
H4715,מִצרֵף,"a crucible",,మూస,Hebrew,Old Testament
H4716,מַק,"(properly) a melting",,సరిగ్గా కరిగించడం,Hebrew,Old Testament
H4717,מַקָּבָה,"(properly) a perforatrix",,సరిగ్గా రంధ్రం చేసే యంత్రం,Hebrew,Old Testament
H4718,מַקֶּבֶת,"(properly) a perforator",,సరిగ్గా రంధ్రం చేసేవాడు,Hebrew,Old Testament
H4719,מַקֵּדָה,"Maqqedah (mak-kay-daw') n/l.",,అర్థం తెలియదు,Hebrew,Old Testament
H4720,מִקדָּשׁ מִקְּדָשׁ,"a consecrated thing or place",,అంకితం చేయబడిన వస్తువు లేదా స్థలం,Hebrew,Old Testament
H4721,מַקהֵל מַקהֵלָה,"an assembly",,సమావేశం,Hebrew,Old Testament
H4722,מַקהֵלוֹת,"Maqheloth (mak-hay-loth') n/p.",,అర్థం తెలియదు,Hebrew,Old Testament
H4723,מִקוֶה מִקוֵה מִקוֵא,"something waited for",,వేచి ఉంది,Hebrew,Old Testament
H4724,מִקוָה,"a collection",,సేకరణ,Hebrew,Old Testament
H4725,מָקוֹם מָקוֹם מְקוֹמָה מְקוֹמָה,"(properly) a standing",మాకోమ్,స్థలం,Hebrew,Old Testament
H4726,מָקוֹר מָקוֹר,"(properly) something dug",,సరిగ్గా తవ్వినది,Hebrew,Old Testament
H4727,מִקָּח,"reception",,స్వీకరణ,Hebrew,Old Testament
H4728,מַקָּחָה,"something received",,స్వీకరించినది,Hebrew,Old Testament
H4729,מִקטָּר,"something to fume (incense) on i.e. a hearth place",,భూమి,Hebrew,Old Testament
H4730,מִקטֶּרֶת,"something to fume (incense) in",,ధూపం వేయడానికి ఏదైనా,Hebrew,Old Testament
H4731,מַקֵּל מַקְּלָה,"a shoot",,ఒక మొలక,Hebrew,Old Testament
H4732,מִקלוֹת,"Miqlowth (mik-lohth') n/p.",,అర్థం తెలియదు,Hebrew,Old Testament
H4733,מִקלָט,"an asylum (as a receptacle)",,ఆశ్రయం,Hebrew,Old Testament
H4734,מִקלַעַת,"a sculpture (probably in bas-relief)",,బహుశా బేస్-రిలీఫ్లో శిల్పం,Hebrew,Old Testament
H4735,מִקנֶה,"something bought",,కొన్నది,Hebrew,Old Testament
H4736,מִקנָה,"(properly) a buying",,సరిగ్గా కొనడం,Hebrew,Old Testament
H4737,מִקנֵיָהוּ,"Miqneyahuw (mik-nay-yaw'-hoo) n/p.",,అర్థం తెలియదు,Hebrew,Old Testament
H4738,מִקסָם,"an augury",,శకునము,Hebrew,Old Testament
H4739,מָקַץ,"Maqats (maw-kats') n/l.",,అర్థం తెలియదు,Hebrew,Old Testament
H4740,מַקצּוַֹע מַקצּוַֹע מַקצּוֹעָה,"an angle or recess",,మూల లేదా సందు,Hebrew,Old Testament
H4741,מַקצּוּעָה,"a scraper",,గీకునది,Hebrew,Old Testament
H4742,מְקוּצעָה,"an angle",,కోణము,Hebrew,Old Testament
H4743,מָקַק,"maqaq (maw-kak') v.",,అర్థం తెలియదు,Hebrew,Old Testament
H4744,מִקרָא,"something called out",,పిలువబడినది,Hebrew,Old Testament
H4745,מִקרֶה,"something met with",,కలిసినది,Hebrew,Old Testament
H4746,מְקָרֶה,"(properly) something meeting",,కలియునది,Hebrew,Old Testament
H4747,מְקֵרָה,"a cooling off",,చల్లారడం,Hebrew,Old Testament
H4748,מִקשֶׁה,"something turned (rounded)",,గుండ్రముగా తిప్పబడినది,Hebrew,Old Testament
H4749,מִקשָׁה,"rounded work",,గుండ్రని పని,Hebrew,Old Testament
H4750,מִקשָׁה,"(literally) a cucumbered field",,పొలం,Hebrew,Old Testament
H4751,מַר מָרָה,"mar (mar) (or (feminine) marah maw-raw') adj.",,తొమ్మిది,Hebrew,Old Testament
H4752,מַר,"a drop",,బొట్టు,Hebrew,Old Testament
H4753,מוֹר מוֹר,"myrrh (as distilling in drops",,బొట్లుగా దిగుతున్న బోళము,Hebrew,Old Testament
H4754,מָרָא,"mara' (maw-raw') v.",,అర్థం తెలియదు,Hebrew,Old Testament
H4755,מָרָא,"Mara' (maw-raw') n/p.",,మారా,Hebrew,Old Testament
H4756,מָרֵא,"a master",,యజమాని,Hebrew,Old Testament
H4757,מְראוֹדַך בַּלאָדָן,"Mro'dak Bal'adan (mer-o-dak' bal-aw-dawn') n/p.",,మెరోడక్ బలదాన్,Hebrew,Old Testament
H4758,מַראֶה,"a view (the act of seeing)",,చూడడం యొక్క దృష్టి,Hebrew,Old Testament
H4759,מַראָה,"a vision",,దర్శనం,Hebrew,Old Testament
H4760,מוּראָה,"something conspicuous",,ప్రముఖమైనది,Hebrew,Old Testament
H4761,מַראָשָׁה,"mar'ashah (mar-aw-shaw') adv.",,మరాషా,Hebrew,Old Testament
H4762,מַראֵשָׁה מַרֵשָׁה,"Mar'eshah (mar-ay-shaw') (or Mareshah mar-ay-shaw') n/l.",,మరేషా,Hebrew,Old Testament
H4763,מְרַאֲשָׁה,"mra'ashah (mer-ah-ash-aw') adv.",,మ్రాషా,Hebrew,Old Testament
H4764,מֵרָב,"Merab (may-rawb') n/p.",,మెరాబ్,Hebrew,Old Testament
H4765,מַרבַּד,"a coverlet",,దుప్పటి,Hebrew,Old Testament
H4766,מַרבֶּה,"(properly) increasing",,పాపం,Hebrew,Old Testament
H4767,מִרבָּה,"abundance",,సమృద్ధి,Hebrew,Old Testament
H4768,מַרבִּיתּ,"a multitude",,సమూహము,Hebrew,Old Testament
H4769,מַרבֵּץ,"a reclining place",,పడుకునే స్థలము,Hebrew,Old Testament
H4770,מַרבֵּק,"a stall (for cattle)",,పశువుల కొట్టము,Hebrew,Old Testament
H4771,מַרגּוַֹע,"a resting place",,విశ్రాంతి స్థలము,Hebrew,Old Testament
H4772,מַרגְּלָה,"(plural for collective) a footpiece",,పాదం,Hebrew,Old Testament
H4773,מַרגֵּמָה,"a stone-heap",,రాయి,Hebrew,Old Testament
H4774,מַרגֵּעָה,"rest",,విశ్రాంతి,Hebrew,Old Testament
H4775,מָרַד,"marad (maw-rad') v.",,అర్థం తెలియదు,Hebrew,Old Testament
H4776,מְרַד,"rebellion",,సింహం,Hebrew,Old Testament
H4777,מֶרֶד,"rebellion",,సింహం,Hebrew,Old Testament
H4778,מֶרֶד,"Mered (meh'-red) n/p.",,అర్థం తెలియదు,Hebrew,Old Testament
H4779,מָרָד,"marad (maw-rawd') adj.",,అర్థం తెలియదు,Hebrew,Old Testament
H4780,מַרדּוּת,"rebelliousness",,తిరుగుబాటుతనం,Hebrew,Old Testament
H4781,מְרוֹדָך,"Mrodak (mer-o-dawk') n/p.",,అర్థం తెలియదు,Hebrew,Old Testament
H4782,מָרדְּכַי,"Mordkay (mor-dek-ah'-ee) n/p.",,మొర్దెకై,Hebrew,Old Testament
H4783,מוּרדָּף,"persecuted",,హింసించబడిన,Hebrew,Old Testament
H4784,מָרָה,"marah (maw-raw') v.",,అర్థం తెలియదు,Hebrew,Old Testament
H4785,מָרָה,"Marah (maw-raw') n/p.",,మారా,Hebrew,Old Testament
H4786,מוֹרָה,"bitterness",,చేదు,Hebrew,Old Testament
H4787,מָררָה,"trouble",,సమస్య,Hebrew,Old Testament
H4788,מָרוּד,"an outcast",,వెలివేయబడినవాడు,Hebrew,Old Testament
H4789,מֵרוֹז,"Merowz (may-roze') n/l.",,అర్థం తెలియదు,Hebrew,Old Testament
H4790,מְרוַֹח,"bruised",,గాయపడిన,Hebrew,Old Testament
H4791,מָרוֹם,"altitude",,ఎత్తు,Hebrew,Old Testament
H4792,מֵרוֹם,"Merowm (may-rome') n/l.",,అర్థం తెలియదు,Hebrew,Old Testament
H4793,מֵרוֹץ,"a run (the trial of speed)",,పరుగు వేగ పరీక్ష,Hebrew,Old Testament
H4794,מְרוּצָה מְרוּצָה,"a race (the act)",,పరుగు పందెం,Hebrew,Old Testament
H4795,מָרוּק,"(properly) rubbed",,సరిగ్గా రుద్దిన,Hebrew,Old Testament
H4796,מָרוֹת,"Marowth (maw-rohth') n/p.",,అర్థం తెలియదు,Hebrew,Old Testament
H4797,מִרזַח,"a cry",,ఒక కేక,Hebrew,Old Testament
H4798,מַרזֵַח,"a cry",,ఒక కేక,Hebrew,Old Testament
H4799,מָרַח,"marach (maw-rakh') v.",,అర్థం తెలియదు,Hebrew,Old Testament
H4800,מֶרחָב,"enlargement",,విస్తరణ,Hebrew,Old Testament
H4801,מֶרחָק,"remoteness",,పది,Hebrew,Old Testament
H4802,מַרחֶשֶׁת,"a stew-pan",,ఒక కూర పాత్ర,Hebrew,Old Testament
H4803,מָרַט,"marat (maw-rat') v.",,అర్థం తెలియదు,Hebrew,Old Testament
H4804,מְרַט,"mrat (mer-at') v.",,అర్థం తెలియదు,Hebrew,Old Testament
H4805,מְרִי,"bitterness",,చేదు,Hebrew,Old Testament
H4806,מְרִיא,"stall-fed",,శాలలో పెంచబడిన,Hebrew,Old Testament
H4807,מְרִיבּ בַּעַל,"Mriyb Ba`al (mer-eeb' bah'-al) n/p.",,అర్థం తెలియదు,Hebrew,Old Testament
H4808,מְרִיבָּה,"quarrel",,పోట్లాట,Hebrew,Old Testament
H4809,מְרִיבָּה,"Mriybah (mer-ee-baw') n/l.",,అర్థం తెలియదు,Hebrew,Old Testament
H4810,מְרִי בַּעַל,"Mriy Ba`al (mer-ee' bah'-al) n/p.",,అర్థం తెలియదు,Hebrew,Old Testament
H4811,מְרָיָה,"Mrayah (mer-aw-yaw') n/p.",,అర్థం తెలియదు,Hebrew,Old Testament
H4812,מְרָיוֹת,"Mrayowth (mer-aw-yohth') n/p.",,అర్థం తెలియదు,Hebrew,Old Testament
H4813,מִריָם,"Miryam (meer-yawm') n/p.",,మిర్యామ్,Hebrew,Old Testament
H4814,מְרִירוּת,"bitterness",,చేదు,Hebrew,Old Testament
H4815,מְרִירִי,"mriyriy (mer-ee-ree') adj.",,అర్థం తెలియదు,Hebrew,Old Testament
H4816,מוֹרֶך,"softness",,మెత్తదనము,Hebrew,Old Testament
H4817,מֶרכָּב,"a chariot",,రథము,Hebrew,Old Testament
H4818,מֶרכָּבָה,"a chariot",,రథము,Hebrew,Old Testament
H4819,מַרכּוֹלֶת,"a mart",,ఒక సంత,Hebrew,Old Testament
H4820,מִרמָה,"fraud",,మోసం,Hebrew,Old Testament
H4821,מִרמָה,"Mirmah (meer-maw') n/p.",,మిర్మా,Hebrew,Old Testament
H4822,מְרֵמוֹת,"Mremowth (mer-ay-mohth') n/p.",,మెరేమోత్,Hebrew,Old Testament
H4823,מִרמָס,"abasement (the act or the thing)",,అవమానము, తగ్గింపు చర్య,Hebrew,Old Testament
H4824,מֵרוֹנוֹתִי,"Meronothiy (may-ro-no-thee') adj.",,మెరోనోతీయుడు,Hebrew,Old Testament
H4825,מֶרֶס,"Merec (meh'-res) n/p.",,మెరేస్,Hebrew,Old Testament
H4826,מַרסְנָא,"Marcna' (mar-sen-aw') n/p.",,మార్సెనా,Hebrew,Old Testament
H4827,מֵרַע,"mera` (may-rah') prt.",,అర్థం తెలియదు,Hebrew,Old Testament
H4828,מֵרֵַע,"a friend",,అంతం,Hebrew,Old Testament
H4829,מִרעֶה,"pasture (the place or the act)",,పచ్చిక బయలు,Hebrew,Old Testament
H4830,מִרעִיתּ,"pasturage",,మేత భూమి,Hebrew,Old Testament
H4831,מַרעֲלָה,"Mar`alah (mar-al-aw') n/l.",,మరాలా,Hebrew,Old Testament
H4832,מַרפֵּא,"(properly) curative",,సరియైన వైద్యం,Hebrew,Old Testament
H4833,מִרפָּשׂ,"muddled water",,నీరు,Hebrew,Old Testament
H4834,מָרַץ,"marats (maw-rats') v.",,మరత్స్,Hebrew,Old Testament
H4835,מְרוּצָה,"oppression",,పీడన,Hebrew,Old Testament
H4836,מַרצֵַּע,"an awl",,సూది,Hebrew,Old Testament
H4837,מַרצֶּפֶת,"a pavement",,బాట,Hebrew,Old Testament
H4838,מָרַק,"maraq (maw-rak') v.",,మరక్,Hebrew,Old Testament
H4839,מָרָק,"soup (as if a rinsing)",,పాపం,Hebrew,Old Testament
H4840,מֶרקָח,"a spicy herb",,సుగంధ ద్రవ్యము మూలిక,Hebrew,Old Testament
H4841,מֶרקָחָה,"(abstractly) a seasoning (with spicery)",,కుమారుడు,Hebrew,Old Testament
H4842,מִרקַחַת,"an aromatic unguent",,సుగంధ తైలం,Hebrew,Old Testament
H4843,מָרַר,"marar (maw-rar') v.",,అర్థం తెలియదు,Hebrew,Old Testament
H4844,מְרוֹר מְרוֹר,"a bitter herb",,చేదు మొక్క,Hebrew,Old Testament
H4845,מְרֵרָה,"bile (from its bitterness)",,చేదు నుండి పిత్తము,Hebrew,Old Testament
H4846,מְרוֹרָה מְרוֹרָה,"(properly) bitterness",,సరిగ్గా చేదు,Hebrew,Old Testament
H4847,מְרָרִי,"Mrariy (mer-aw-ree') n/p.",,మెరారీ,Hebrew,Old Testament
H4848,מְרָרִי,"Mrariy (mer-aw-ree') adj.",,మెరారీ సంబంధిత,Hebrew,Old Testament
H4849,מִרשַׁעַת,"a female wicked doer",,దుర్మార్గురాలు,Hebrew,Old Testament
H4850,מְרָתַיִם,"Mrathayim (mer-aw-thah'-yim) n/p.",,మెరోతయిం,Hebrew,Old Testament
H4851,מַשׁ,"Mash (mash) n/p.",,మాష్,Hebrew,Old Testament
H4852,מֵשָׁא,"Mesha' (may-shaw') n/l.",,మెషా,Hebrew,Old Testament
H4853,מַשָּׂא,"a burden",,భారం,Hebrew,Old Testament
H4854,מַשָּׂא,"Massa' (mas-saw') n/p.",,మస్సా,Hebrew,Old Testament
H4855,מַשָּׁא,"a loan",,రుణం,Hebrew,Old Testament
H4856,מַשּׂוֹא,"partiality (as a lifting up)",,ఎత్తి చూపడంలో పక్షపాతం,Hebrew,Old Testament
H4857,מַשׁאָב,"a trough for cattle to drink from",,త్రాగు,Hebrew,Old Testament
H4858,מַשָּׂאָה,"a conflagration (from the rising of smoke)",,పాపం,Hebrew,Old Testament
H4859,מַשָּׁאָה,"a loan",,రుణం,Hebrew,Old Testament
H4860,מַשָּׁאוֹן,"dissimulation",,మాయ,Hebrew,Old Testament
H4861,מִשׁאָל,"Mish'al (mish-awl') n/l.",,మిషాల్,Hebrew,Old Testament
H4862,מִשׁאָלָה,"a request",,అభ్యర్థన,Hebrew,Old Testament
H4863,מִשׁאֶרֶת,"a kneading-trough (in which the dough rises)",,పిండి పెరుగుటకు వాడే తొట్టి,Hebrew,Old Testament
H4864,מַשׂאֵת,"(properly",,సరిగ్గా,Hebrew,Old Testament
H4865,מִשׁבְּצָה,"a brocade",,జరీ,Hebrew,Old Testament
H4866,מִשׁבֵּר,"the orifice of the womb (from which the fetus breaks forth)",,గర్భాశయ ముఖద్వారం,Hebrew,Old Testament
H4867,מִשׁבָּר,"a breaker (of the sea)",,సముద్రం,Hebrew,Old Testament
H4868,מִשׁבָּת,"cessation",,విరమణ,Hebrew,Old Testament
H4869,מִשׂגָּב,"(properly) a cliff (or other lofty or inaccessible place)",,నిటారుగా ఉండే కొండ,Hebrew,Old Testament
H4870,מִשׁגֶּה,"an error",,ఒక దోషం,Hebrew,Old Testament
H4871,מָשָׁה,"mashah (maw-shaw') v.",,అర్థం తెలియదు,Hebrew,Old Testament
H4872,מוֹשֶׁה,"Mosheh (mo-sheh') n/p.",,మోషే,Hebrew,Old Testament
H4873,מוֹשֶׁה,"Mosheh (mo-sheh') n/p.",,మోషే,Hebrew,Old Testament
H4874,מַשֶּׁה,"a debt",,రుణం,Hebrew,Old Testament
H4875,מְשׁוֹאָה מְשׁוֹאָה,"a ruin",,శిథిలం,Hebrew,Old Testament
H4876,מַשּׁוּאָה מַשּׁוּאָה,"ruin",,నాశనం,Hebrew,Old Testament
H4877,מְשׁוֹבָב,"Mshowbab (mesh-o-bawb') n/p.",,అర్థం తెలియదు,Hebrew,Old Testament
H4878,מְשׁוּבָה מֶשׁוּבָה,"apostasy",,మతభ్రష్టత్వం,Hebrew,Old Testament
H4879,מְשׁוּגָה,"mistake",,పొరపాటు,Hebrew,Old Testament
H4880,מָשׁוֹט מִשּׁוֹט,"an oar",,తెడ్డు,Hebrew,Old Testament
H4881,מְשׂוּכָה מְשׂוּכָה,"a hedge",,కంచె,Hebrew,Old Testament
H4882,מְשׁוּסָה,"spoilation",,నూనె,Hebrew,Old Testament
H4883,מַשּׂוֹר,"a saw",,రంపపు కోత,Hebrew,Old Testament
H4884,מְשׂוּרָה,"a measure (for liquids)",,ద్రవాల కొలత,Hebrew,Old Testament
H4885,מָשׂוֹשׂ,"delight",,వెలుగు,Hebrew,Old Testament
H4886,מָשַׁח,"mashach (maw-shakh') v.",,అర్థం తెలియదు,Hebrew,Old Testament
H4887,מְשַׁח,"oil",,నూనె,Hebrew,Old Testament
H4888,מִשׁחָה מָשׁחָה,"unction (the act)",,అభిషేకం,Hebrew,Old Testament
H4889,מַשׁחִיתּ,"destructive",,విధ్వంసకరమైన,Hebrew,Old Testament
H4890,מִשׂחָק,"a laughing-stock",,నవ్వులపాలు,Hebrew,Old Testament
H4891,מִשׁחָר,"dawn",,తెల్లవారుజాము,Hebrew,Old Testament
H4892,מַשׁחֵת,"destruction",,వినాశనం,Hebrew,Old Testament
H4893,מִשׁחָת מָשׁחָת,"disfigurement",,విరూపణ,Hebrew,Old Testament
H4894,מִשׁטּוַֹח מִשׁטַּח,"a spreading-place",,వ్యాప్తి చెందే ప్రదేశం,Hebrew,Old Testament
H4895,מַשׂטֵּמָה,"enmity",,వైరము,Hebrew,Old Testament
H4896,מִשׁטָּר,"jurisdiction",,అధికార పరిధి,Hebrew,Old Testament
H4897,מֶשִׁי,"silk (as drawn from the cocoon)",,పట్టుపురుగు నుండి తీసిన పట్టు,Hebrew,Old Testament
H4898,מְשֵׁיזַבאֵל,"Msheyzab'el (mesh-ay-zab-ale') n/p.",,అర్థం తెలియదు,Hebrew,Old Testament
H4899,מָשִׁיַח,"anointed",మషీఖ,అభిషిక్తుడు,Hebrew,Old Testament
H4900,מָשַׁך,"mashak (maw-shak') v.",,లాగెను,Hebrew,Old Testament
H4901,מֶשֶׁך,"a sowing",,విత్తనం వేయుట,Hebrew,Old Testament
H4902,מֶשֶׁך,"Meshek (meh'-shek) n/p.",,మెషెకు,Hebrew,Old Testament
H4903,מִשׁכַּב,"a bed",,పరుపు,Hebrew,Old Testament
H4904,מִשׁכָּב,"a bed (figuratively",,పరుపు (రూపకంగా),Hebrew,Old Testament
H4905,מַשׂכִּיל,"instructive",,బోధనాత్మకమైన,Hebrew,Old Testament
H4906,מַשׂכִּיתּ,"a figure (carved on stone",,రాయి,Hebrew,Old Testament
H4907,מִשׁכַּן,"residence",,నివాసం,Hebrew,Old Testament
H4908,מִשׁכָּן,"a residence (including a shepherd's hut",,గొర్రెల కాపరుల గుడిసతో కూడిన నివాసం,Hebrew,Old Testament
H4909,מַשׂכּוֹרֶת,"wages or a reward",,యుద్ధం,Hebrew,Old Testament
H4910,מָשַׁל,"mashal (maw-shal') v.",,ఏలుటకు,Hebrew,Old Testament
H4911,מָשַׁל,"mashal (maw-shal') v.",,అర్థం తెలియదు,Hebrew,Old Testament
H4912,מָשָׁל,"(properly) a pithy maxim",,సూక్తి,Hebrew,Old Testament
H4913,מָשָׁל,"Mashal (maw-shawl') n/l.",,అర్థం తెలియదు,Hebrew,Old Testament
H4914,מְשׁוֹל,"a satire",,వ్యంగ్యం,Hebrew,Old Testament
H4915,מוֹשֶׁל,"a parallel",,సమాంతర,Hebrew,Old Testament
H4916,מִשׁלוַֹח מִשׁלוַֹח מִשׁלָח,"a sending out",,అంతం,Hebrew,Old Testament
H4917,מִשׁלַחַת,"a mission",,ఒక మిషన్,Hebrew,Old Testament
H4918,מְשׁוּלָּם,"Mshullam (mesh-ool-lawm') n/p.",,ధర్మశాస్త్రం,Hebrew,Old Testament
H4919,מְשִׁלֵּמוֹת,"Mshillemowth (mesh-il-lay-mohth') n/p.",,అర్థం తెలియదు,Hebrew,Old Testament
H4920,מְשֶׁלֶמיָה מְשֶׁלֶמיָהוּ,"Mshelemyah (mesh-eh-lem-yaw') (or Mshelemyahuw mesh-eh-lem-yaw'-hoo) n/p.",,అర్థం తెలియదు,Hebrew,Old Testament
H4921,מְשִׁלֵּמִיתּ,"Mshillemiyth (mesh-il-lay-meeth') n/p.",,అర్థం తెలియదు,Hebrew,Old Testament
H4922,מְשׁוּלֶּמֶת,"Mshullemeth (mesh-ool-leh'-meth') n/p.",,అర్థం తెలియదు,Hebrew,Old Testament
H4923,מְשַׁמָּה,"a waste or amazement",,వృధా లేదా ఆశ్చర్యం,Hebrew,Old Testament
H4924,מַשׁמָן,"fat",,కొవ్వు,Hebrew,Old Testament
H4925,מִשׁמַנָּה,"Mishmannah (mish-man-naw') n/p.",,మనిషి,Hebrew,Old Testament
H4926,מִשׁמָע,"a report",,ఒక నివేదిక,Hebrew,Old Testament
H4927,מִשׁמָע,"Mishma` (mish-maw') n/p.",,అర్థం తెలియదు,Hebrew,Old Testament
H4928,מִשׁמַעַת,"(properly) an audience",,సరిగా ఒక ప్రేక్షకుల,Hebrew,Old Testament
H4929,מִשׁמָר,"a guard (the man",,మనిషి,Hebrew,Old Testament
H4930,מַשׂמְרָה,"a peg",,ఒక మేకు,Hebrew,Old Testament
H4931,מִשׁמֶרֶת,"a watch",,ఒక కావలి,Hebrew,Old Testament
H4932,מִשׁנֶה,"(properly) a repetition",,సరిగా ఒక పునరావృతం,Hebrew,Old Testament
H4933,מְשִׁסָּה,"plunder",,దోపిడీ,Hebrew,Old Testament
H4934,מִשׁעוֹל,"a hollow",,ఒక బోలు,Hebrew,Old Testament
H4935,מִשׁעִי,"inspection",,తనిఖీ,Hebrew,Old Testament
H4936,מִשׁעָם,"Mish`am (mish-awm') n/p.",,అర్థం తెలియదు,Hebrew,Old Testament
H4937,מִשׁעֵן מִשׁעָן,"a support (concretely)",,ఒక మద్దతు స్పష్టంగా,Hebrew,Old Testament
H4938,מִשׁעֵנָה מִשׁעֶנֶת,"support (abstractly)",,మద్దతు సంక్షిప్తంగా,Hebrew,Old Testament
H4939,מִשׂפָּח,"slaughter",,వధ,Hebrew,Old Testament
H4940,מִשׁפָּחָה,"a family",,కుటుంబం,Hebrew,Old Testament
H4941,מִשׁפָּט,"(properly) a verdict (favorable or unfavorable) pronounced judicially",మిష్పాట్,న్యాయం,Hebrew,Old Testament
H4942,מִשׁפָּת,"a stall for cattle (only dual)",,పశువుల కోసం కేవలం రెండు కొట్టాలు,Hebrew,Old Testament
H4943,מֶשֶׁק,"possession",,స్వాధీనం,Hebrew,Old Testament
H4944,מַשָּׁק,"a traversing",,పాపం,Hebrew,Old Testament
H4945,מַשׁקֶה,"(properly) causing to drink",,పాపం,Hebrew,Old Testament
H4946,מִשׁקוֹל,"weight",,ఎనిమిది,Hebrew,Old Testament
H4947,מַשׁקוֹף,"a lintel",,ఒక కమ్మి,Hebrew,Old Testament
H4948,מִשׁקָל,"weight (numerically estimated)",,ఎనిమిది,Hebrew,Old Testament
H4949,מִשׁקֶלֶת מִשׁקוֹלֶת,"a weight",,ఎనిమిది,Hebrew,Old Testament
H4950,מִשׁקָע,"a settling place (of water)",,నీరు,Hebrew,Old Testament
H4951,מִשׂרָה,"empire",,సామ్రాజ్యం,Hebrew,Old Testament
H4952,מִשׁרָה,"maceration",,నానబెట్టడం,Hebrew,Old Testament
H4953,מַשׁרוֹקִי,"a (musical) pipe (from its whistling sound)",,దాని విజిల్ ధ్వని నుండి సంగీత పైపు,Hebrew,Old Testament
H4954,מִשׁרָעִי,"Mishra`iy (mish-raw-ee') adj.",,అర్థం తెలియదు,Hebrew,Old Testament
H4955,מִשׂרָפָה,"combustion",,దహన,Hebrew,Old Testament
H4956,מִשׂרְפוֹת מַיִם,"Misrphowth mayim (mis-ref-ohth' mah'-yim) n/l.",,అర్థం తెలియదు,Hebrew,Old Testament
H4957,מַשׂרֵקָה,"Masreqah (mas-ray-kaw') n/l.",,అర్థం తెలియదు,Hebrew,Old Testament
H4958,מַשׂרֵת,"a pan",,మూకుడు,Hebrew,Old Testament
H4959,מָשַׁשׁ,"mashash (maw-shash') v.",,తాకు,Hebrew,Old Testament
H4960,מִשׁתֶּה,"a drink",,పానీయము,Hebrew,Old Testament
H4961,מִשׁתֶּה,"a banquet",,విందు,Hebrew,Old Testament
H4962,מַת,"(properly) an adult (as of full length)",,పెద్దవాడు,Hebrew,Old Testament
H4963,מַתבֵּן,"straw in the heap",,కుప్పలో గడ్డి,Hebrew,Old Testament
H4964,מֶתֶג,"a bit",,కొంచెం,Hebrew,Old Testament
H4965,מֶתֶג הָאַמָּה,"bit of the metropolis",,నగరంలో కొంచెం,Hebrew,Old Testament
H4966,מָתוֹק מָתוּק,"mathowq (maw-thoke') (or mathuwq maw-thook') adj.",,మధురమైన,Hebrew,Old Testament
H4967,מְתוּשָׁאֵל,"Mthuwsha'el (meth-oo-shaw-ale') n/p.",,మెతూషేలు,Hebrew,Old Testament
H4968,מְתוּשֶׁלַח,"Mthuwshelach (meth-oo-sheh'-lakh) n/p.",,మెతూషెలహు,Hebrew,Old Testament
H4969,מָתַח,"mathach (maw-thakh') v.",,లాగు,Hebrew,Old Testament
H4970,מָתַי,"mathay (maw-thah'ee) adv.",,ఎప్పటివరకు?,Hebrew,Old Testament
H4971,מַתכּוֹנֶת מַתכּוּנֶת,"proportion (in size",,పరిమాణంలో నిష్పత్తి,Hebrew,Old Testament
H4972,מַתּתְּלָאָה,"what a trouble!",,ఎంత కష్టం!,Hebrew,Old Testament
H4973,מְתַלְּעָה,"(properly) a biter",,సరిగ్గా కొరికేవాడు,Hebrew,Old Testament
H4974,מְתוֹם,"wholesomeness",,సంపూర్ణత,Hebrew,Old Testament
H4975,מוֹתֶן,"(properly) the waist or small of the back",,సరిగ్గా నడుము లేదా వెనుక చిన్న భాగం,Hebrew,Old Testament
H4976,מַתּתָּן,"a present",,బహుమతి,Hebrew,Old Testament
H4977,מַתּתָּן,"Mattan (mat-tawn') n/p.",,మత్తాను,Hebrew,Old Testament
H4978,מַתּתְּנָא,"gift",,బహుమతి,Hebrew,Old Testament
H4979,מַתּתָּנָה,"a present",,బహుమానము,Hebrew,Old Testament
H4980,מַתּתָּנָה,"Mattanah (mat-taw-naw') n/l.",,అర్థం తెలియదు,Hebrew,Old Testament
H4981,מִתנִי,"Mithniy (mith-nee') adj.",,అర్థం తెలియదు,Hebrew,Old Testament
H4982,מַתּתְּנַי,"Mattnay (mat-ten-ah'ee) n/p.",,పది,Hebrew,Old Testament
H4983,מַתּתַּניָה מַתּתַּניָהוּ,"Mattanyah (mat-tan-yaw') (or Mattanyahuw mat-tan-yaw'-hoo) n/p.",,మత్తన్యా,Hebrew,Old Testament
H4984,מִתנַשֵּׂא,"mithnasse' (mith-nas-say') prt.",,అర్థం తెలియదు,Hebrew,Old Testament
H4985,מָתַק,"mathaq (maw-thak') v.",,అర్థం తెలియదు,Hebrew,Old Testament
H4986,מֶתֶק,"figuratively",,రూపకంగా,Hebrew,Old Testament
H4987,מוֹתֶק,"sweetness",,తీపి,Hebrew,Old Testament
H4988,מָתָק,"mathaq (maw-thawk') v.",,అర్థం తెలియదు,Hebrew,Old Testament
H4989,מִתקָה,"Mithqah (mith-kaw') n/p.",,మిత్కా,Hebrew,Old Testament
H4990,מִתרְדָת,"Mithrdath (mith-red-awth') n/p.",,మిథ్రెదత్,Hebrew,Old Testament
H4991,מַתּתָּת,"a present",,ఒక బహుమతి,Hebrew,Old Testament
H4992,מַתּתַּתּתָּה,"Mattattah (mat-tat-taw') n/p.",,మత్తత్తా,Hebrew,Old Testament
H4993,מַתּתִּתיָה מַתּתִּתיָהוּ,"Mattithyah (mat-tith-yaw') (or Mattithyahuw mat-tith-yaw'-hoo) n/p.",,మత్తితియాహు,Hebrew,Old Testament
H4994,נָא,"na' (naw) prt.",,దయచస,Hebrew,Old Testament
H4995,נָא,"na' (naw) adj.",,క్షేమము,Hebrew,Old Testament
H4996,נוֹא,"No' (no) n/l.",,నో,Hebrew,Old Testament
H4997,נוֹאדּ נוֹאדּ נוֹאדָּה,"a (skin or leather) bag (for fluids)",,ద్రవాల కోసం తోలు సంచి,Hebrew,Old Testament
H4998,נָאָה,"na'ah (naw-aw') v.",,నయా,Hebrew,Old Testament
H4999,נָאָה,"a home",,ఒక ఇల్లు,Hebrew,Old Testament
H5000,נָאוֶה,"na'veh (naw-veh') adj.",,నవే,Hebrew,Old Testament
H5001,נָאַם,"na'am (naw-am') v.",,నామ్,Hebrew,Old Testament
H5002,נְאוּם,"an oracle",నెఉం,వాక్కు,Hebrew,Old Testament
H5003,נָאַף,"na'aph (naw-af') v.",,నాఅఫ్,Hebrew,Old Testament
H5004,נִאוּף,"adultery",,వ్యభిచారం,Hebrew,Old Testament
H5005,נַאֲפוּף,"adultery",,వ్యభిచారం,Hebrew,Old Testament
H5006,נָאַץ,"na'ats (naw-ats') v.",,నాఅట్స్,Hebrew,Old Testament
H5007,נְאָצָה נֶאָצָה,"scorn",,అవహేళన,Hebrew,Old Testament
H5008,נָאַק,"na'aq (naw-ak') v.",,నాఆక్,Hebrew,Old Testament
H5009,נְאָקָה,"a groan",,మూలుగు,Hebrew,Old Testament
H5010,נָאַר,"na'ar (naw-ar') v.",,నార్,Hebrew,Old Testament
H5011,נוֹב,"Nob (nobe) n/l.",,నోబు,Hebrew,Old Testament
H5012,נָבָא,"naba' (naw-baw') v.",,నబా,Hebrew,Old Testament
H5013,נְבָא,"nba' (neb-aw') v.",,నెబా,Hebrew,Old Testament
H5014,נָבַב,"nabab (naw-bab') v.",,నబబ్,Hebrew,Old Testament
H5015,נְבוֹ,"Nbow (neb-o') n/l.",,నెబో,Hebrew,Old Testament
H5016,נְבוּאָה,"a prediction (spoken or written)",,పది,Hebrew,Old Testament
H5017,נְבוּאָה,"inspired teaching",,ప్రేరేపిత బోధన,Hebrew,Old Testament
H5018,נְבוּזַראֲדָן,"Nbuwzaradan (neb-oo-zar-ad-awn') n/p.",,నెబుజర్‌దాన్,Hebrew,Old Testament
H5019,נְבוּכַדנֶאצַּר נֶבוּכַדרֶאצַּר נֶבוּכַדרֶאצּוֹר,"Nbuwkadne'tstsar (neb-oo-kad-nets-tsar') (or Nbukadneotstsar (2 Kings 24) n/p.",,రాజు,Hebrew,Old Testament
H5020,נְבוּכַּדנֶצַּר,"Nbuwkadnetstsar (neb-oo-kad-nets-tsar') n/p.",,నెబుకద్నెట్జర్,Hebrew,Old Testament
H5021,נְבוּשַׁזבָּן,"Nbuwshazban (neb-oo-shaz-bawn') n/p.",,నెబుషజ్బాన్,Hebrew,Old Testament
H5022,נָבוֹת,"Nabowth (naw-both') n/p.",,నాబోతు,Hebrew,Old Testament
H5023,נְבִזבָּה,"a largess",,విస్తారత,Hebrew,Old Testament
H5024,נָבַח,"nabach (naw-bakh') v.",,అర్థం తెలియదు,Hebrew,Old Testament
H5025,נוֹבַח,"Nobach (no'-bach) n/l.",,నోబాకు,Hebrew,Old Testament
H5026,נִבחַז,"Nibchaz (nib-khaz') n/p.",,నిబ్ఖాజు,Hebrew,Old Testament
H5027,נָבַט,"nabat (naw-bat') n/p.",,చడమ,Hebrew,Old Testament
H5028,נְבָט,"Nbat (neb-awt') n/p.",,నెబాతు,Hebrew,Old Testament
H5029,נְבִיא,"a prophet",,ప్రవక్త,Hebrew,Old Testament
H5030,נָבִיא,"a prophet",,ప్రవక్త,Hebrew,Old Testament
H5031,נְבִיאָה,"a prophetess",,ప్రవక్త,Hebrew,Old Testament
H5032,נְבָיוֹת נֶבָיוֹת,"Nbayowth (neb-aw-yoth') (or Nbayoth neb-aw-yoth') n/p.",,నెబాయోతు,Hebrew,Old Testament
H5033,נֵבֶך,"a fountain",,జలధార,Hebrew,Old Testament
H5034,נָבֵל,"nabel (naw-bale') v.",,నాబేలు,Hebrew,Old Testament
H5035,נֶבֶל נֵבֶל,"a skin-bag for liquids (from collapsing when empty)",,పాపం,Hebrew,Old Testament
H5036,נָבָל,"nabal (naw-bawl') adj.",,నాబాలు,Hebrew,Old Testament
H5037,נָבָל,"Nabal (naw-bawl') n/p.",,నాబాలు,Hebrew,Old Testament
H5038,נְבֵלָה,"a flabby thing",,మెత్తటి వస్తువు,Hebrew,Old Testament
H5039,נְבָלָה,"foolishness",,మూర్ఖత్వం,Hebrew,Old Testament
H5040,נַבלוּת,"(properly) disgrace",,కృప,Hebrew,Old Testament
H5041,נְבַלָּט,"Nballat (neb-al-lawt') n/l.",,ధర్మశాస్త్రం,Hebrew,Old Testament
H5042,נָבַע,"naba` (naw-bah') v.",,నాబా,Hebrew,Old Testament
H5043,נֶברְשָׁא,"a light",,వెలుగు,Hebrew,Old Testament
H5044,נִבשָׁן,"Nibshan (nib-shawn') n/l.",,నిబ్షాను,Hebrew,Old Testament
H5045,נֶגֶב,"the south (from its drought)",,దకషణమ,Hebrew,Old Testament
H5046,נָגַד,"nagad (naw-gad') v.",నాగద్,ప్రకటించు,Hebrew,Old Testament
H5047,נְגַד,"ngad (neg-ad') v.",,నెగాదు,Hebrew,Old Testament
H5048,נֶגֶד,"neged (neh'-ghed) adj.",నెగెద్,ఎదుట,Hebrew,Old Testament
H5049,נֶגֶד,"neged (neh'-ghed) prep.",,ఎదుట,Hebrew,Old Testament
H5050,נָגַהּ,"nagahh (naw-gah') v.",,నాగహ్,Hebrew,Old Testament
H5051,נוֹגַהּ,"brilliancy (literally or figuratively)",,ప్రకాశం,Hebrew,Old Testament
H5052,נוֹגַהּ,"Nogahh (no'-gah) n/p.",,నోగహ్,Hebrew,Old Testament
H5053,נוֹגַהּ,"dawn",,వేకువ,Hebrew,Old Testament
H5054,נְגוֹהָה,"splendor",,అంతం,Hebrew,Old Testament
H5055,נָגַח,"nagach (naw-gakh') v.",,నగాక్,Hebrew,Old Testament
H5056,נַגָּח,"naggach (nag-gawkh') adj.",,నగ్గాక్,Hebrew,Old Testament
H5057,נָגִידּ נָגִד,"a commander (as occupying the front)",,మనిషి,Hebrew,Old Testament
H5058,נְגִינָה נְגִינַת,"(properly) instrumental music",,వాయిద్య సంగీతం,Hebrew,Old Testament
H5059,נָגַן,"nagan (naw-gan') v.",,నాగాన్,Hebrew,Old Testament
H5060,נָגַע,"naga` (naw-gah') v.",,ముట్టెను,Hebrew,Old Testament
H5061,נֶגַע,"a blow",,ఒక దెబ్బ,Hebrew,Old Testament
H5062,נָגַף,"nagaph (naw-gaf') v.",,కొట్టెను,Hebrew,Old Testament
H5063,נֶגֶף,"a trip (of the foot)",,పాదం,Hebrew,Old Testament
H5064,נָגַר,"nagar (naw-gar') v.",,నగర్,Hebrew,Old Testament
H5065,נָגַשׂ,"nagas (naw-gas') v.",,నగాస్,Hebrew,Old Testament
H5066,נָגַשׁ,"nagash (naw-gash') v.",నాగష్,సమీపించు,Hebrew,Old Testament
H5067,נֵד,"a mound",,ఒక దిబ్బ,Hebrew,Old Testament
H5068,נָדַב,"nadab (naw-dab') v.",,నాదాబ్,Hebrew,Old Testament
H5069,נְדַב,"ndab (ned-ab') v.",,నెదాబ్,Hebrew,Old Testament
H5070,נָדָב,"Nadab (naw-dawb') n/p.",,నాదాబు,Hebrew,Old Testament
H5071,נְדָבָה,"(properly",,సరిగ్గా,Hebrew,Old Testament
H5072,נְדַביָה,"Ndabyah (ned-ab-yaw') n/p.",,నెదబ్యా,Hebrew,Old Testament
H5073,נִדבָּך,"a layer (of building materials)",,భవన నిర్మాణ పదార్ధాల పొర,Hebrew,Old Testament
H5074,נָדַד,"nadad (naw-dad') v.",,అర్థం తెలియదు,Hebrew,Old Testament
H5075,נְדַד,"ndad (ned-ad') v.",,అర్థం తెలియదు,Hebrew,Old Testament
H5076,נָדוּד,"(properly) tossed",,సరిగా విసిరివేయబడింది,Hebrew,Old Testament
H5077,נָדָה נָדָא,"nadah (naw-daw') (or nada (2 Kings 17) v.",,రాజు,Hebrew,Old Testament
H5078,נֵדֶה,"a bounty (for prostitution)",,వేశ్య వృత్తికి బహుమానం,Hebrew,Old Testament
H5079,נִדָּה,"(properly) rejection",,సరిగ్గా తిరస్కరించబడింది,Hebrew,Old Testament
H5080,נָדַח,"nadach (naw-dakh') v.",,అర్థం తెలియదు,Hebrew,Old Testament
H5081,נָדִיבּ,"nadiyb (naw-deeb') adj.",,అర్థం తెలియదు,Hebrew,Old Testament
H5082,נְדִיבָּה,"(properly) nobility",,సరిగ్గా గొప్పతనం,Hebrew,Old Testament
H5083,נָדָן,"a present (for prostitution)",,వేశ్య వృత్తికి బహుమానం,Hebrew,Old Testament
H5084,נָדָן,"a sheath (of a sword)",,మాట,Hebrew,Old Testament
H5085,נִדנֶה,"a sheath",,ఒక తొడుగు,Hebrew,Old Testament
H5086,נָדַף,"nadaph (naw-daf') v.",,అర్థం తెలియదు,Hebrew,Old Testament
H5087,נָדַר,"nadar (naw-dar') v.",,అర్థం తెలియదు,Hebrew,Old Testament
H5088,נֶדֶר נֵדֶר,"a promise (to God)",,దేవుడు,Hebrew,Old Testament
H5089,נוַֹהּ,"lamentation",,విలాపం,Hebrew,Old Testament
H5090,נָהַג,"nahag (naw-hag') v.",,అర్థం తెలియదు,Hebrew,Old Testament
H5091,נָהָה,"nahah (naw-haw') v.",,అర్థం తెలియదు,Hebrew,Old Testament
H5092,נְהִי,"an elegy",,ఒక శోకగీతం,Hebrew,Old Testament
H5093,נִהיָה,"lamentation",,విలాపం,Hebrew,Old Testament
H5094,נְהִיר נְהִירוּ,"illumination",,జాతి,Hebrew,Old Testament
H5095,נָהַל,"nahal (naw-hal') v.",,అర్థం తెలియదు,Hebrew,Old Testament
H5096,נַהֲלָל נַהֲלוֹל,"Nahalal (nah-hal-awl') (or Nahalol nah-hal-ole') n/l.",,నహలాల్,Hebrew,Old Testament
H5097,נַחֲלוֹל,"pasture",,పచ్చిక బయలు,Hebrew,Old Testament
H5098,נָהַם,"naham (naw-ham') v.",,అర్థం తెలియదు,Hebrew,Old Testament
H5099,נַהַם,"a snarl",,ఒక గర్జన,Hebrew,Old Testament
H5100,נְהָמָה,"snarling",,గర్జిస్తూ,Hebrew,Old Testament
H5101,נָהַק,"nahaq (naw-hak') v.",,అర్థం తెలియదు,Hebrew,Old Testament
H5102,נָהַר,"nahar (naw-har') v.",,అర్థం తెలియదు,Hebrew,Old Testament
H5103,נְהַר,"a river",,నది,Hebrew,Old Testament
H5104,נָהָר,"a stream (including the sea",,సముద్రం,Hebrew,Old Testament
H5105,נְהָרָה,"daylight",,వెలుగు,Hebrew,Old Testament
H5106,נוּא,"nuw' (noo) v.",,అర్థం తెలియదు,Hebrew,Old Testament
H5107,נוּב,"nuwb (noob) v.",,అర్థం తెలియదు,Hebrew,Old Testament
H5108,נוֹב נֵיבּ,"produce",,ఉత్పత్తి,Hebrew,Old Testament
H5109,נוֹבַי,"Nowbay (no-bah'ee) n/p.",,నోబాయి,Hebrew,Old Testament
H5110,נוּד,"nuwd (nood) v.",,అర్థం తెలియదు,Hebrew,Old Testament
H5111,נוּד,"nuwd (nood) v.",,అర్థం తెలియదు,Hebrew,Old Testament
H5112,נוֹד נוֹד,"exile",,బహిష్కరణ,Hebrew,Old Testament
H5113,נוֹד,"Nowd (node) n/l.",,అర్థం తెలియదు,Hebrew,Old Testament
H5114,נוֹדָב,"Nowdab (no-dawb') n/p.",,అర్థం తెలియదు,Hebrew,Old Testament
H5115,נָוָה,"navah (naw-vaw') v.",,అర్థం తెలియదు,Hebrew,Old Testament
H5116,נָוֶה נָוָה,"naveh (naw-veh') (or (feminine) navah naw-vaw') adj.",,తొమ్మిది,Hebrew,Old Testament
H5117,נוַּח,"nuwach (noo'-akh) v.",,విశ్రమించెను,Hebrew,Old Testament
H5118,נוַּח נוַֹח,"quiet",,నిశ్శబ్దంగా,Hebrew,Old Testament
H5119,נוֹחָה,"Nowchah (no-chaw') n/p.",,అర్థం తెలియదు,Hebrew,Old Testament
H5120,נוּט,"nuwt (noot) v.",,అర్థం తెలియదు,Hebrew,Old Testament
H5121,נָוִיתּ,"Naviyth (naw-veeth') n/l.",,అర్థం తెలియదు,Hebrew,Old Testament
H5122,נְוָלוּ נְוָלִי,"a sink",,పాపం,Hebrew,Old Testament
H5123,נוּם,"nuwm (noom) v.",,అర్థం తెలియదు,Hebrew,Old Testament
H5124,נוּמָה,"sleepiness",,నిద్రమత్తు,Hebrew,Old Testament
H5125,נוּן,"nuwn (noon) v.",,అర్థం తెలియదు,Hebrew,Old Testament
H5126,נוּן נוֹן,"Nuwn (noon) (or Nown (1 Chron. 7) n/p.",,నూన్,Hebrew,Old Testament
H5127,נוּס,"nuwc (noos) v.",,అర్థం తెలియదు,Hebrew,Old Testament
H5128,נוַּע,"nuwa` (noo'-ah) v.",,అర్థం తెలియదు,Hebrew,Old Testament
H5129,נוֹעַדיָה,"Now`adyah (no-ad-yaw') n/p.",,నోయద్యా,Hebrew,Old Testament
H5130,נוּף,"nuwph (noof) v.",,అర్థం తెలియదు,Hebrew,Old Testament
H5131,נוֹף,"elevation",,ఎత్తు,Hebrew,Old Testament
H5132,נוּץ,"nuwts (noots) v.",,అర్థం తెలియదు,Hebrew,Old Testament
H5133,נוֹצָה נוֹצָה,"a pinion (or wing feather)",,ఈక,Hebrew,Old Testament
H5134,נוּק,"nuwq (nook) v.",,అర్థం తెలియదు,Hebrew,Old Testament
H5135,נוּר,"nuwr (noor) n-e.",,అర్థం తెలియదు,Hebrew,Old Testament
H5136,נוּשׁ,"nuwsh (noosh) v.",,అర్థం తెలియదు,Hebrew,Old Testament
H5137,נָזָה,"nazah (naw-zaw') v.",,అర్థం తెలియదు,Hebrew,Old Testament
H5138,נָזִידּ,"something boiled",,నూనె,Hebrew,Old Testament
H5139,נָזִיר נָזִר,"separate",,వేరుచేయడానికి,Hebrew,Old Testament
H5140,נָזַל,"nazal (naw-zal') v.",,అర్థం తెలియదు,Hebrew,Old Testament
H5141,נֶזֶם,"a nose-ring",,ముక్కర,Hebrew,Old Testament
H5142,נְזַק,"nzaq (nez-ak') v.",,అర్థం తెలియదు,Hebrew,Old Testament
H5143,נֵזֶק,"loss",,నష్టం,Hebrew,Old Testament
H5144,נָזַר,"nazar (naw-zar') v.",,అర్థం తెలియదు,Hebrew,Old Testament
H5145,נֶזֶר נֵזֶר,"(properly) something set apart",,సరిగా ఏదో వేరుగా ఉంచబడింది,Hebrew,Old Testament
H5146,נוַֹח,"Noach (no'-akh) n/p.",,నోవహు,Hebrew,Old Testament
H5147,נַחבִּי,"Nachbiy (nakh-bee') n/p.",,అర్థం తెలియదు,Hebrew,Old Testament
H5148,נָחָה,"nachah (naw-khaw') v.",,నడిపించు,Hebrew,Old Testament
H5149,נְחוּם,"Nchuwm (neh-khoom') n/p.",,నహూమ్,Hebrew,Old Testament
H5150,נִחוּם נִחוּם,"(properly) consoled",,సరిగ్గా ఓదార్చబడింది,Hebrew,Old Testament
H5151,נַחוּם,"Nachuwm (nakh-oom') n/p.",,నహూమ్,Hebrew,Old Testament
H5152,נָחוֹר,"Nachowr (naw-khore') n/p.",,నాహోరు,Hebrew,Old Testament
H5153,נָחוּשׁ,"nachuwsh (naw-khoosh') adj.",,కాంస్యముతో చేసిన,Hebrew,Old Testament
H5154,נְחוּשָׁה נְחוּשָׁה,"copper",,రాగి,Hebrew,Old Testament
H5155,נְחִילָה,"a flute",,ఒక వేణువు,Hebrew,Old Testament
H5156,נְחִיר,"a nostril",నెఖీరీం,నాసికలు,Hebrew,Old Testament
H5157,נָחַל,"nachal (naw-khal') v.",,వారసత్వంగా పొందు,Hebrew,Old Testament
H5158,נַחַל נַחלָה נַחֲלָה,"a stream",,ఒక ప్రవాహం,Hebrew,Old Testament
H5159,נַחֲלָה,"(properly) something inherited",,స్వాస్థ్యము,Hebrew,Old Testament
H5160,נַחֲלִיאֵל,"Nachaliy'el (nakh-al-ee-ale') n/l.",,నహలీయేలు,Hebrew,Old Testament
H5161,נֶחֱלָמִי,"Nechelamiy (nekh-el-aw-mee') adj.",,నెహెలామీయుడు,Hebrew,Old Testament
H5162,נָחַם,"nacham (naw-kham') v.",నాఖమ్,ఓదార్చు,Hebrew,Old Testament
H5163,נַחַם,"Nacham (nakh'-am) n/p.",,నెహాం,Hebrew,Old Testament
H5164,נוֹחַם,"ruefulness",,దుఃఖం,Hebrew,Old Testament
H5165,נֶחָמָה,"consolation",,ఓదార్పు,Hebrew,Old Testament
H5166,נְחֶמיָה,"Nchemyah (nekh-em-yaw') n/p.",,నెహెమ్యా,Hebrew,Old Testament
H5167,נַחֲמָנִי,"Nachamaniy (nakh-am-aw-nee') n/p.",,మనిషి,Hebrew,Old Testament
H5168,נַחנוּ,"nachnuw (nakh-noo') p/p.",,మేము విలపిస్తున్నాము,Hebrew,Old Testament
H5169,נָחַץ,"nachats (naw-khats') v.",,దాడి చేయు,Hebrew,Old Testament
H5170,נַחַר נַחֲרָה,"nachar (nakh'-ar) (and (feminine) nacharah nakh-ar-aw') n-e.",,తొమ్మిది,Hebrew,Old Testament
H5171,נַחֲרַי נַחרַי,"Nacharay (nakh-ar-ah'-ee) (or Nachray nakh-rah'-ee) n/p.",,నహరాయి,Hebrew,Old Testament
H5172,נָחַשׁ,"nachash (naw-khash') v.",,సర్పమువలె బుసకొట్టు,Hebrew,Old Testament
H5173,נַחַשׁ,"an incantation or augury",,ఒక మంత్రము లేదా శకునము,Hebrew,Old Testament
H5174,נְחָשׁ,"copper",,రాగి,Hebrew,Old Testament
H5175,נָחָשׁ,"a snake (from its hiss)",,పాము,Hebrew,Old Testament
H5176,נָחָשׁ,"Nachash (naw-khawsh') n/p.",,సర్పము,Hebrew,Old Testament
H5177,נַחשׁוֹן,"Nachshown (nakh-shone') n/p.",,ఒకటి,Hebrew,Old Testament
H5178,נְחוֹשֶׁת,"copper",,ఇత్తడి,Hebrew,Old Testament
H5179,נְחוּשׁתָּא,"Nchushta' (nekh-oosh-taw') n/p.",,నెహుష్టా,Hebrew,Old Testament
H5180,נְחוּשׁתָּן,"Nchushtan (nekh-oosh-tawn') n/t.",,నెహుష్టాన్,Hebrew,Old Testament
H5181,נָחַת,"nachath (naw-khath') v.",,దిగు,Hebrew,Old Testament
H5182,נְחַת,"nchath (nekh-ath') v.",,అణచివేయు,Hebrew,Old Testament
H5183,נַחַת,"Nachath (nakh'-ath) n-e.",,నహతు,Hebrew,Old Testament
H5184,נַחַת,"Nachath (nakh'-ath) n/p.",,నహతు,Hebrew,Old Testament
H5185,נָחֵת,"nacheth (naw-khayth') adj.",,చురుకైన,Hebrew,Old Testament
H5186,נָטָה,"natah (naw-taw') v.",నాటా,చాపు,Hebrew,Old Testament
H5187,נְטִיל,"ntiyl (net-eel') adj.",,నాటబడిన,Hebrew,Old Testament
H5188,נְטִיפָה,"a pendant for the ears (especially of pearls)",,చెవి,Hebrew,Old Testament
H5189,נְטִישָׁה,"a tendril (as an offshoot)",,అంతం,Hebrew,Old Testament
H5190,נָטַל,"natal (naw-tal') v.",,తీసివేయి,Hebrew,Old Testament
H5191,נְטַל,"ntal (net-al') v.",,తీసివేయి,Hebrew,Old Testament
H5192,נֵטֶל,"a burden",,భారం,Hebrew,Old Testament
H5193,נָטַע,"nata` (naw-tah') v.",,నాటెను,Hebrew,Old Testament
H5194,נֶטַע,"a plant",,మొక్క,Hebrew,Old Testament
H5195,נָטִיַע,"a plant",,మొక్క,Hebrew,Old Testament
H5196,נְטָעִים,"Nta`iym (net-aw-eem') n/l.",,అర్థం తెలియదు,Hebrew,Old Testament
H5197,נָטַף,"nataph (naw-taf') v.",,అర్థం తెలియదు,Hebrew,Old Testament
H5198,נָטָף,"a drop",,చుక్క,Hebrew,Old Testament
H5199,נְטוֹפָה,"Ntophah (net-o-faw') n/l.",,అర్థం తెలియదు,Hebrew,Old Testament
H5200,נְטוֹפָתִי,"Ntophathiy (net-o-faw-thee') adj.",,అర్థం తెలియదు,Hebrew,Old Testament
H5201,נָטַר,"natar (naw-tar') v.",,అర్థం తెలియదు,Hebrew,Old Testament
H5202,נְטַר,"ntar (net-ar') v.",,అర్థం తెలియదు,Hebrew,Old Testament
H5203,נָטַשׁ,"natash (naw-tash') v.",,అర్థం తెలియదు,Hebrew,Old Testament
H5204,נִי,"lamentation",,విలాపం,Hebrew,Old Testament
H5205,נִידּ,"motion (of the lips in speech)",,పెదవుల కదలిక,Hebrew,Old Testament
H5206,נִידָּה,"removal",,తొలగింపు,Hebrew,Old Testament
H5207,נִיחוַֹח נִיחוַֹח,"(properly) restful",,విశ్రాంతిగా,Hebrew,Old Testament
H5208,נִיחוַֹח נִיחוַֹח,"pleasure",,ఆనందం,Hebrew,Old Testament
H5209,נִין,"progeny",,సంతానం,Hebrew,Old Testament
H5210,נִינְוֵה,"Niynveh (nee-nev-ay') n/l.",,నీనెవె,Hebrew,Old Testament
H5211,נִיס,"niyc (neece) prt.",,అర్థం తెలియదు,Hebrew,Old Testament
H5212,נִיסָן,"Niycan (nee-sawn') n/t.",,నీసాను,Hebrew,Old Testament
H5213,נִיצּוֹץ,"a spark",,మందసం,Hebrew,Old Testament
H5214,נִיר,"niyr (neer) v.",,అర్థం తెలియదు,Hebrew,Old Testament
H5215,נִיר נִר,"(properly) plowing",,దున్నుట,Hebrew,Old Testament
H5216,נִיר נִר נֵיר נֵר נֵרָה,"H5135) properly",,అర్థం తెలియదు,Hebrew,Old Testament
H5217,נָכָא,"naka' (naw-kaw') v.",,పల్లము,Hebrew,Old Testament
H5218,נָכֵא נָכָא,"nake' (naw-kay') (or nakat naw-kaw') adj.",,అర్థం తెలియదు,Hebrew,Old Testament
H5219,נְכאוֹת,"(properly) a smiting",,కొట్టడం,Hebrew,Old Testament
H5220,נֶכֶד,"offspring",,ఊట,Hebrew,Old Testament
H5221,נָכָה,"nakah (naw-kaw') v.",,కొట్టెను,Hebrew,Old Testament
H5222,נֵכֶה,"nekeh (nay-keh') adj.",,అర్థం తెలియదు,Hebrew,Old Testament
H5223,נָכֶה,"nakeh (naw-keh') adj.",,అర్థం తెలియదు,Hebrew,Old Testament
H5224,נְכוֹ,"Nkow (nek-o') n/p.",,అర్థం తెలియదు,Hebrew,Old Testament
H5225,נָכוֹן,"Nakown (naw-kone') n/p.",,ఒకటి,Hebrew,Old Testament
H5226,נֵכַח,"nekach (nay'-kakh) adj.",,అర్థం తెలియదు,Hebrew,Old Testament
H5227,נוֹכַח,"nokach (no'-kakh) adj.",,అర్థం తెలియదు,Hebrew,Old Testament
H5228,נָכוַֹח,"nakoach (naw-ko'-akh) adj.",,అర్థం తెలియదు,Hebrew,Old Testament
H5229,נְכוֹחָה,"nkochah (nek-o-khaw') adj.",,అర్థం తెలియదు,Hebrew,Old Testament
H5230,נָכַל,"nakal (naw-kal') v.",,మోసగించు,Hebrew,Old Testament
H5231,נֵכֶל,"deceit",,మోసం,Hebrew,Old Testament
H5232,נְכַס,"goods",,మంచి,Hebrew,Old Testament
H5233,נֶכֶס,"treasure",,నిధి,Hebrew,Old Testament
H5234,נָכַר,"nakar (naw-kar') v.",,మారువేషము వేసుకొనెను,Hebrew,Old Testament
H5235,נֶכֶר נוֹכֶר,"something strange",,వింతైన ఏదో,Hebrew,Old Testament
H5236,נֵכָר,"foreign",,విదేశీ,Hebrew,Old Testament
H5237,נָכרִי,"nokriy (nok-ree') adj.",,అర్థం తెలియదు,Hebrew,Old Testament
H5238,נְכוֹת,"spicery",,సుగంధ ద్రవ్యాలు,Hebrew,Old Testament
H5239,נָלָה,"nalah (naw-law') v.",,ధర్మశాస్త్రం,Hebrew,Old Testament
H5240,נְמִבזֶה,"nmibzeh (nem-ib-zeh') prt.",,అర్థం తెలియదు,Hebrew,Old Testament
H5241,נְמוּאֵל,"Nmuw'el (nem-oo-ale') n/p.",,నెమువేలు,Hebrew,Old Testament
H5242,נְמוּאֵלִי,"Nmuw'eliy (nem-oo-ay-lee') adj.",,నెమువేలీయుడు,Hebrew,Old Testament
H5243,נָמַל,"namal (naw-mal') v.",,క్షీణించు,Hebrew,Old Testament
H5244,נְמָלָה,"an ant (probably from its almost bisected form)",,చీమ,Hebrew,Old Testament
H5245,נְמַר,"leopard",,చిరుతపులి,Hebrew,Old Testament
H5246,נָמֵר,"and thus to spot or stain as if by dripping",,చిరుతపులి,Hebrew,Old Testament
H5247,נִמרָה,"Nimrah (nim-raw') n/l.",,నిమ్రా,Hebrew,Old Testament
H5248,נִמרוֹד נִמרוֹד,"Nimrowd (nim-rode') (or Nimrod nim-rode') n/p.",,నిమ్రోదు,Hebrew,Old Testament
H5249,נִמרִים,"Nimriym (nim-reem') n/l.",,నిమ్రీమ్,Hebrew,Old Testament
H5250,נִמשִׁי,"Nimshiy (nim-shee') n/p.",,నిమ్షి,Hebrew,Old Testament
H5251,נֵס,"a flag",,జెండా,Hebrew,Old Testament
H5252,נְסִבָּה,"(properly) an environment",,ఇనుము,Hebrew,Old Testament
H5253,נָסַג,"nacag (naw-sag') v.",,లాగు,Hebrew,Old Testament
H5254,נָסָה,"nacah (naw-saw') v.",నాసా,పరీక్షించు,Hebrew,Old Testament
H5255,נָסַח,"nacach (naw-sakh') v.",,పూయు,Hebrew,Old Testament
H5256,נְסַח,"ncach (nes-akh') v.",,కుమ్మరించు,Hebrew,Old Testament
H5257,נְסִיכּ,"(properly) something poured out",,బలి,Hebrew,Old Testament
H5258,נָסַך,"nacak (naw-sak') v.",,ఎత్తడానికి,Hebrew,Old Testament
H5259,נָסַך,"nacak (naw-sak') v.",,బలి,Hebrew,Old Testament
H5260,נְסַך,"ncak (nes-ak') v.",,నైవేద్యము,Hebrew,Old Testament
H5261,נְסַך,"a libation",,నైవేద్యము,Hebrew,Old Testament
H5262,נֶסֶך נֵסֶך,"a libation",,మిమ్మల్ని సంతోషపెట్టు,Hebrew,Old Testament
H5263,נָסַס,"nacac (naw-sas') v.",,మిమ్మల్ని సంతోషపెట్టు,Hebrew,Old Testament
H5264,נָסַס,"nacac (naw-sas') v.",,,Hebrew,Old Testament
H5265,נָסַע,"naca` (naw-sah') v.",,ప్రయాణమాయెను,Hebrew,Old Testament
H5266,נָסַק,"nacaq (naw-sak') v.",,అర్థం తెలియదు,Hebrew,Old Testament
H5267,נְסַק,"ncaq (nes-ak') v.",,అర్థం తెలియదు,Hebrew,Old Testament
H5268,נִסרוֹך,"Nicrok (nis-roke') n/p.",,అర్థం తెలియదు,Hebrew,Old Testament
H5269,נֵעָה,"Ne`ah (nay-aw') n/l.",,అర్థం తెలియదు,Hebrew,Old Testament
H5270,נוֹעָה,"No`ah (no-aw') n/p.",,నోయాహు,Hebrew,Old Testament
H5271,נָעוּר נָעוּר נְעוּרָה,"(only in plural collectively or emphatic form) youth",,యౌవనము,Hebrew,Old Testament
H5272,נְעִיאֵל,"N`iy'el (neh-ee-ale') n/l.",,అర్థం తెలియదు,Hebrew,Old Testament
H5273,נָעִים,"na`iym (naw-eem') adj.",,అర్థం తెలియదు,Hebrew,Old Testament
H5274,נָעַל,"na`al (naw-al') v.",,అర్థం తెలియదు,Hebrew,Old Testament
H5275,נַעַל נַעֲלָה,"(properly) a sandal tongue",,నాలుక,Hebrew,Old Testament
H5276,נָעֵם,"na`em (naw-ame') v.",,అర్థం తెలియదు,Hebrew,Old Testament
H5277,נַעַם,"Na`am (nah'-am) n/p.",,నాము,Hebrew,Old Testament
H5278,נוֹעַם,"agreeableness",,సమ్మతి,Hebrew,Old Testament
H5279,נַעֲמָה,"Na`amah (nah-am-aw') n/p.",,నయమా,Hebrew,Old Testament
H5280,נַעֲמִי,"Na`amiy (nah-am-ee') adj.",,నయమీయుడు,Hebrew,Old Testament
H5281,נָעֳמִי,"No`omiy (no-om-ee') n/p.",,నయోమి,Hebrew,Old Testament
H5282,נַעֲמָן,"pleasantness (plural as concrete)",,ఆహ్లాదకరమైనది బహువచనం కాంక్రీటు వంటిది,Hebrew,Old Testament
H5283,נַעֲמָן,"Na`aman (nah-am-awn') n/p.",,మనిషి,Hebrew,Old Testament
H5284,נַעֲמָתִי,"Na`amathiy (nah-am-aw-thee') adj.",,నయమాతీయుడు,Hebrew,Old Testament
H5285,נַעֲצוּץ,"probably a brier",,బహుశా ముళ్లచెట్టు,Hebrew,Old Testament
H5286,נָעַר,"na`ar (naw-ar') v.",,అర్థం తెలియదు,Hebrew,Old Testament
H5287,נָעַר,"na`ar (naw-ar') v.",,అర్థం తెలియదు,Hebrew,Old Testament
H5288,נַעַר,"(concretely) a boy (as active)",,అతన పనవర,Hebrew,Old Testament
H5289,נַעַר,"a wanderer",,బాలుడు,Hebrew,Old Testament
H5290,נוֹעַר,"(abstractly) boyhood",,బాల్యం,Hebrew,Old Testament
H5291,נַעֲרָה,"a girl (from infancy to adolescence)",,బాలిక,Hebrew,Old Testament
H5292,נַעֲרָה,"Na`arah (nah-ar-aw') n/p.",,బాలిక,Hebrew,Old Testament
H5293,נַעֲרַי,"Na`aray (nah-ar-ah'-ee) n/p.",,నారాయి,Hebrew,Old Testament
H5294,נְעַריָה,"Ne`aryah (neh-ar-yaw') n/p.",,నెయర్యా,Hebrew,Old Testament
H5295,נַעֲרָן,"Na`aran (nah-ar-awn') n/l.",,నయరాను,Hebrew,Old Testament
H5296,נְעוֹרֶת,"something shaken out",,కదిలించబడినది,Hebrew,Old Testament
H5297,נוֹף,"Noph (nofe) n/l.",,నోపు,Hebrew,Old Testament
H5298,נֶפֶג,"Nepheg (neh'-feg) n/p.",,నెపెగు,Hebrew,Old Testament
H5299,נָפָה,"a height",,ఎనిమిది,Hebrew,Old Testament
H5300,נְפוּשׁסִים,"Nphuwshciym (nef-oo-shes-eem') n/p.",,నెఫూషేషీమ్,Hebrew,Old Testament
H5301,נָפַח,"naphach (naw-fakh') v.",,అర్థం తెలియదు,Hebrew,Old Testament
H5302,נוֹפַח,"Nophach (no'-fakh) n/l.",,నోఫహు,Hebrew,Old Testament
H5303,נְפִיל נְפִל,"(properly) a feller",,నరికి వేయువాడు,Hebrew,Old Testament
H5304,נְפִיסִים,"Nphiyciym (nef-ee-seem') n/p.",,అర్థం తెలియదు,Hebrew,Old Testament
H5305,נָפִישׁ,"Naphiysh (naw-feesh') n/p.",,అర్థం తెలియదు,Hebrew,Old Testament
H5306,נוֹפֶך,"shining",,ప్రకాశవంతమైన,Hebrew,Old Testament
H5307,נָפַל,"naphal (naw-fal') v.",నాఫల్,పడు,Hebrew,Old Testament
H5308,נְפַל,"nphal (nef-al') v.",,అర్థం తెలియదు,Hebrew,Old Testament
H5309,נֶפֶל נֵפֶל,"something fallen",,పడిపోయినది,Hebrew,Old Testament
H5310,נָפַץ,"naphats (naw-fats') v.",,అర్థం తెలియదు,Hebrew,Old Testament
H5311,נֶפֶץ,"a storm (as dispersing)",,పాపం,Hebrew,Old Testament
H5312,נְפַק,"nphaq (nef-ak') v.",,అర్థం తెలియదు,Hebrew,Old Testament
H5313,נִפקָא,"an outgo",,నిష్క్రమణ,Hebrew,Old Testament
H5314,נָפַשׁ,"naphash (naw-fash') v.",,అర్థం తెలియదు,Hebrew,Old Testament
H5315,נֶפֶשׁ,"(properly) a breathing creature",నెఫెష్,ప్రాణం,Hebrew,Old Testament
H5316,נֶפֶת,"a height",,ఎనిమిది,Hebrew,Old Testament
H5317,נוֹפֶת,"a dripping i.e. of honey (from the comb)",,తేనె,Hebrew,Old Testament
H5318,נֶפתּוַֹח,"Nephtowach (nef-to'-akh) n/l.",,అర్థం తెలియదు,Hebrew,Old Testament
H5319,נַפתּוּל,"(properly) wrestled",,గుస్తీ పట్టినట్లు,Hebrew,Old Testament
H5320,נַפתּוּחִים,"Naphtuchiym (naf-too-kheem) n/g.",,నఫ్తుహీము,Hebrew,Old Testament
H5321,נַפתָּלִי,"Naphtaliy (naf-taw-lee') n/l.",,నఫ్తాలి,Hebrew,Old Testament
H5322,נֵץ,"a flower (from its brilliancy)",,దాని ప్రకాశం నుండి పువ్వు,Hebrew,Old Testament
H5323,נָצָא,"natsa' (naw-tsaw') v.",,అర్థం తెలియదు,Hebrew,Old Testament
H5324,נָצַב,"natsab (naw-tsab') v.",,అర్థం తెలియదు,Hebrew,Old Testament
H5325,נִצָּב,"fixed",,స్థిరమైన,Hebrew,Old Testament
H5326,נִצבָּה,"fixedness",,స్థిరత్వం,Hebrew,Old Testament
H5327,נָצָה,"natsah (naw-tsaw') v.",,అర్థం తెలియదు,Hebrew,Old Testament
H5328,נִצָּה,"a blossom",,వికసించిన పువ్వు,Hebrew,Old Testament
H5329,נָצַח,"natsach (naw-tsakh') v.",నాత్సఖ్,పర్యవేక్షించు,Hebrew,Old Testament
H5330,נְצַח,"ntsach (nets-akh') v.",,అర్థం తెలియదు,Hebrew,Old Testament
H5331,נֶצַח נֵצַח,"(properly) a goal",,లక్ష్యం,Hebrew,Old Testament
H5332,נֵצַח,"juice of the grape (as blood red)",,రక్తం,Hebrew,Old Testament
H5333,נְצִיבּ נְצִב,"something stationary",,కదలనిది,Hebrew,Old Testament
H5334,נְצִיבּ,"Ntsiyb (nets-eeb') n/l.",,అర్థం తెలియదు,Hebrew,Old Testament
H5335,נְצִיַח,"ntsiyach (nets-ee'-akh) n/p.",,అర్థం తెలియదు,Hebrew,Old Testament
H5336,נָצִיר,"natsiyr (naw-tsere') adj.",,అర్థం తెలియదు,Hebrew,Old Testament
H5337,נָצַל,"natsal (naw-tsal') v.",,విడిపించెను,Hebrew,Old Testament
H5338,נְצַל,"ntsal (nets-al') v.",,అర్థం తెలియదు,Hebrew,Old Testament
H5339,נִצָּן,"a blossom",,వికసించిన పువ్వు,Hebrew,Old Testament
H5340,נָצַץ,"natsats (naw-tsats') v.",,అర్థం తెలియదు,Hebrew,Old Testament
H5341,נָצַר,"natsar (naw-tsar') v.",నాత్సర్,కాపాడు,Hebrew,Old Testament
H5342,נֵצֶר,"a shoot",,మొలక,Hebrew,Old Testament
H5343,נְקֵא,"nqe' (nek-ay') adj.",,అర్థం తెలియదు,Hebrew,Old Testament
H5344,נָקַב,"naqab (naw-kab') v.",,అర్థం తెలియదు,Hebrew,Old Testament
H5345,נֶקֶב,"pipe",,గొట్టం,Hebrew,Old Testament
H5346,נֶקֶב,"Neqeb (neh'-keb) n/l.",,అర్థం తెలియదు,Hebrew,Old Testament
H5347,נְקֵבָה,"female (from the sexual form)",,స్త్రీ,Hebrew,Old Testament
H5348,נָקוֹד,"naqod (naw-kode') adj.",,అర్థం తెలియదు,Hebrew,Old Testament
H5349,נוֹקֵד,"a spotter (of sheep or cattle)",,గొర్రె,Hebrew,Old Testament
H5350,נִקּוּד,"a crumb (as broken to spots)",,మచ్చలుగా విరిగిన ఒక ముక్క,Hebrew,Old Testament
H5351,נְקוּדָּה,"a boss",,ఒక యజమాని,Hebrew,Old Testament
H5352,נָקָה,"naqah (naw-kaw') v.",,అర్థం తెలియదు,Hebrew,Old Testament
H5353,נְקוֹדָא,"Nqowda' (nek-o-daw') n/p.",,అర్థం తెలియదు,Hebrew,Old Testament
H5354,נָקַט,"naqat (naw-kat') v.",,అర్థం తెలియదు,Hebrew,Old Testament
H5355,נָקִי נָקִיא,"naqiy (naw-kee') (or naqiyi (Joel 4) adj.",,అర్థం తెలియదు,Hebrew,Old Testament
H5356,נִקָּיוֹן נִקָּיוֹן,"clearness (literally or figuratively)",,చెవి,Hebrew,Old Testament
H5357,נָקִיק,"a cleft",,చీలిక,Hebrew,Old Testament
H5358,נָקַם,"naqam (naw-kam') v.",,పగ తీర్చుకొను,Hebrew,Old Testament
H5359,נָקָם,"revenge",,పగ,Hebrew,Old Testament
H5360,נְקָמָה,"avengement",,పగ తీర్చుకొనుట,Hebrew,Old Testament
H5361,נָקַע,"naqa` (naw-kah') v.",,అర్థం తెలియదు,Hebrew,Old Testament
H5362,נָקַף,"naqaph (naw-kaf') v.",,అర్థం తెలియదు,Hebrew,Old Testament
H5363,נוֹקֶף,"a threshing (of olives)",,ఒలీవలను నూర్చుట,Hebrew,Old Testament
H5364,נִקפָּה,"probably a rope (as encircling)",,చుట్టుముట్టే తాడు కావచ్చు,Hebrew,Old Testament
H5365,נָקַר,"naqar (naw-kar') v.",,అర్థం తెలియదు,Hebrew,Old Testament
H5366,נְקָרָה,"cleft",,చీలిక,Hebrew,Old Testament
H5367,נָקַשׁ,"naqash (naw-kash') v.",,అర్థం తెలియదు,Hebrew,Old Testament
H5368,נְקַשׁ,"nqash (nek-ash') v.",,అర్థం తెలియదు,Hebrew,Old Testament
H5369,נֵר,"Ner (nare) n/p.",,నేరు,Hebrew,Old Testament
H5370,נֵרגַּל,"Nergal (nare-gal') n/p.",,నేర్గల్,Hebrew,Old Testament
H5371,נֵרגַּל שַׁראֶצֶר,"Nergal Shar'etser (nare-gal' shar-eh'-tser) n/p.",,నేర్గల్ షరేజర్,Hebrew,Old Testament
H5372,נִרגָּן,"nirgan (neer-gawn') v.",,అర్థం తెలియదు,Hebrew,Old Testament
H5373,נֵרדּ,"nard",,జటామాంసి,Hebrew,Old Testament
H5374,נֵרִיָה נֵרִיָהוּ,"Neriyah (nay-ree-yaw') (or Neriyahuw nay-ree-yaw'-hoo) n/p.",,నేరియా,Hebrew,Old Testament
H5375,נָשָׂא נָסָה,"nasa' (naw-saw') (or nacah (Psalm 4) v.",నాసా,ఎత్తు,Hebrew,Old Testament
H5376,נְשָׂא,"nsa' (nes-aw') v.",,అర్థం తెలియదు,Hebrew,Old Testament
H5377,נָשָׁא,"nasha' (naw-shaw') v.",,మరచు,Hebrew,Old Testament
H5378,נָשָׁא,"nasha' (naw-shaw') v.",,అర్థం తెలియదు,Hebrew,Old Testament
H5379,נִשֵּׂאתּ,"nisse'th (nis-sayth') v-xxp.",,అర్థం తెలియదు,Hebrew,Old Testament
H5380,נָשַׁב,"nashab (naw-shab') v.",,అర్థం తెలియదు,Hebrew,Old Testament
H5381,נָשַׂג,"nasag (naw-sag') v.",,అర్థం తెలియదు,Hebrew,Old Testament
H5382,נָשָׁה,"nashah (naw-shaw') v.",,మరిచిపోవు,Hebrew,Old Testament
H5383,נָשָׁה,"nashah (naw-shaw') v.",,మోసగించు,Hebrew,Old Testament
H5384,נָשֶׁה,"rheumatic or crippled (from the incident to Jacob)",,యాకోబుకు జరిగిన సంఘటన నుండి వచ్చిన రుమాటిక్ లేదా కుంటి,Hebrew,Old Testament
H5385,נְשׂוּאָה נְשׂוּאָה,"something borne",,మోయబడినది,Hebrew,Old Testament
H5386,נְשִׁי,"a debt",,ఒక అప్పు,Hebrew,Old Testament
H5387,נָשִׂיא נָשִׂא,"(properly) an exalted one",,ఒకటి,Hebrew,Old Testament
H5388,נְשִׁיָה,"oblivion",,మరుపు,Hebrew,Old Testament
H5389,נָשִׁין,"women",,స్త్రీలు,Hebrew,Old Testament
H5390,נְשִׁיקָה,"a kiss",,ఒక ముద్దు,Hebrew,Old Testament
H5391,נָשַׁך,"nashak (naw-shak') v.",,ముద్దుపెట్టుకొను,Hebrew,Old Testament
H5392,נֶשֶׁך,"interest on a debt",,అప్పుపై వడ్డీ,Hebrew,Old Testament
H5393,נִשׁכָּה,"a cell",,ఒక గది,Hebrew,Old Testament
H5394,נָשַׁל,"nashal (naw-shal') v.",,అర్థం తెలియదు,Hebrew,Old Testament
H5395,נָשַׁם,"nasham (naw-sham') v.",,ఊదూ,Hebrew,Old Testament
H5396,נִשׁמָא,"vital breath",,ప్రాణవాయువు,Hebrew,Old Testament
H5397,נְשָׁמָה,"a puff",,శ్వాస,Hebrew,Old Testament
H5398,נָשַׁף,"nashaph (naw-shaf') v.",,ఊదు,Hebrew,Old Testament
H5399,נֶשֶׁף,"(properly) a breeze",,గాలి,Hebrew,Old Testament
H5400,נָשַׂק,"nasaq (naw-sak') v.",,అర్థం తెలియదు,Hebrew,Old Testament
H5401,נָשַׁק,"nashaq (naw-shak') v.",,ముద్దుపెట్టు,Hebrew,Old Testament
H5402,נֶשֶׁק נֵשֶׁק,"military equipment",,సైనిక పరికరాలు,Hebrew,Old Testament
H5403,נְשַׁר,"an eagle",,ఒక డేగ,Hebrew,Old Testament
H5404,נֶשֶׁר,"the eagle (or other large bird of prey)",,పక్షి,Hebrew,Old Testament
H5405,נָשַׁת,"nashath (naw-shath') v.",,లాగు,Hebrew,Old Testament
H5406,נִשׁתְּוָן,"an epistle",,ఒక లేఖ,Hebrew,Old Testament
H5407,נִשׁתְּוָן,"letter",,లేఖ,Hebrew,Old Testament
H5408,נָתַח,"nathach (naw-thakh') v.",,విడదీయు,Hebrew,Old Testament
H5409,נֵתַח,"a fragment",,ఒక ముక్క,Hebrew,Old Testament
H5410,נָתִיבּ נְתִיבָּה נְתִבָה,"nathiyb (naw-theeb') (or (feminine) nthiybah neth-ee-baw' or nthibah (Jeremiah 6) n-e.",,తొమ్మిది,Hebrew,Old Testament
H5411,נָתִין נָתוּן,"one given",,ఒకటి,Hebrew,Old Testament
H5412,נְתִין,"Nethinims",,నెతీనీయులు,Hebrew,Old Testament
H5413,נָתַך,"nathak (naw-thak') v.",,పీకు,Hebrew,Old Testament
H5414,נָתַן,"nathan (naw-than') v.",నాతన్,ఇవ్వు,Hebrew,Old Testament
H5415,נְתַן,"nthan (neth-an') v.",,అర్థం తెలియదు,Hebrew,Old Testament
H5416,נָתָן,"Nathan (naw-thawn') n/p.",,నాతాను,Hebrew,Old Testament
H5417,נְתַנאֵל,"Nthane'l (neth-an-ale') n/p.",,నతనేలు,Hebrew,Old Testament
H5418,נְתַניָה נְתַניָהוּ,"Nthanyah (neth-an-yaw') (or Nthanyahuw neth-an-yaw'-hoo) n/p.",,నతన్యా,Hebrew,Old Testament
H5419,נְתַן ־ מֶלֶך,"Nthan-Melek (neth-an' meh'-lek) n/p.",,నతాన్-మెలెకు,Hebrew,Old Testament
H5420,נָתַס,"nathac (naw-thas') v.",,అర్థం తెలియదు,Hebrew,Old Testament
H5421,נָתַע,"natha` (naw-thah') v.",,అర్థం తెలియదు,Hebrew,Old Testament
H5422,נָתַץ,"nathats (naw-thats') v.",,అర్థం తెలియదు,Hebrew,Old Testament
H5423,נָתַק,"nathaq (naw-thak') v.",,అర్థం తెలియదు,Hebrew,Old Testament
H5424,נֶתֶק,"scurf",,చుండ్రు,Hebrew,Old Testament
H5425,נָתַר,"nathar (naw-thar') v.",,అర్థం తెలియదు,Hebrew,Old Testament
H5426,נְתַר,"nther (neth-ar') v.",,అర్థం తెలియదు,Hebrew,Old Testament
H5427,נֶתֶר,"mineral potash (so called from effervescing with acid)",,అర్థం తెలియదు,Hebrew,Old Testament
H5428,נָתַשׁ,"nathash (naw-thash') v.",,అర్థం తెలియదు,Hebrew,Old Testament
H5429,סְאָה,"a seah",,సముద్రం,Hebrew,Old Testament
H5430,סְאוֹן,"perhaps a military boot (as a protection from mud",,అర్థం తెలియదు,Hebrew,Old Testament
H5431,סָאַן,"ca'an (saw-an') v.",,అర్థం తెలియదు,Hebrew,Old Testament
H5432,סַאסְאָה,"ca'c'ah (sah-seh-aw') v.",,అర్థం తెలియదు,Hebrew,Old Testament
H5433,סָבָא,"caba' (saw-baw') v.",,అర్థం తెలియదు,Hebrew,Old Testament
H5434,סְבָא,"Cba' (seb-aw') n/l.",,సెబా,Hebrew,Old Testament
H5435,סוֹבֶא,"potation",,పానీయము,Hebrew,Old Testament
H5436,סְבָאִי,"Cba'iy (seb-aw-ee') n/g.",,సెబాయి,Hebrew,Old Testament
H5437,סָבַב,"cabab (saw-bab') v.",,అర్థం తెలియదు,Hebrew,Old Testament
H5438,סִבָּה,"a (providential) turn (of affairs)",,అర్థం తెలియదు,Hebrew,Old Testament
H5439,סָבִיבּ סֶבִיבָּה,"cabiyb (saw-beeb') (or (feminine) cbiybah seb-ee-baw') adj.",,తొమ్మిది,Hebrew,Old Testament
H5440,סָבַך,"cabak (saw-bak') v.",,అర్థం తెలియదు,Hebrew,Old Testament
H5441,סוֹבֶך,"a copse",,తోపు,Hebrew,Old Testament
H5442,סְבָך,"thick(-et)",,చిక్కటి పొద,Hebrew,Old Testament
H5443,סַבְּכָא שַׂבְּכָא,"a lyre",,కిన్నెర,Hebrew,Old Testament
H5444,סִבְּכַי,"Cibbkay (sib-bek-ah'-ee) n/p.",,సిబ్బెకయి,Hebrew,Old Testament
H5445,סָבַל,"cabal (saw-bal') v.",,అర్థం తెలియదు,Hebrew,Old Testament
H5446,סְבַל,"cbal (seb-al') v.",,అర్థం తెలియదు,Hebrew,Old Testament
H5447,סֵבֶל,"a load (literally or figuratively)",,భారం,Hebrew,Old Testament
H5448,סוֹבֶל סוּבָּל,"a load (figuratively)",,భారాన్ని సూచిస్తుంది,Hebrew,Old Testament
H5449,סַבָּל,"a porter",,గుమ్మం కాపరి,Hebrew,Old Testament
H5450,סְבָלָה,"porterage",,గుమ్మం కాపరుల పని,Hebrew,Old Testament
H5451,סִבּוֹלֶת,"an ear of grain",,చెవి,Hebrew,Old Testament
H5452,סְבַר,"cbar (seb-ar') v.",,అర్థం తెలియదు,Hebrew,Old Testament
H5453,סִברַיִם,"Cibrayim (sib-rah'-yim) n/l.",,అర్థం తెలియదు,Hebrew,Old Testament
H5454,סַבתָּא סַבתָּה,"Cabta' (sab-taw') (or Cabtah sab-taw') n/p.",,సబ్తా,Hebrew,Old Testament
H5455,סַבתְּכָא,"Cabtka' (sab-tek-aw') n/p.",,సబ్తెకా,Hebrew,Old Testament
H5456,סָגַד,"cagad (saw-gad') v.",,అర్థం తెలియదు,Hebrew,Old Testament
H5457,סְגִד,"cgid (seg-eed') v.",,అర్థం తెలియదు,Hebrew,Old Testament
H5458,סְגוֹר,"(properly) shut up",,సరిగ్గా మూసివేయబడింది,Hebrew,Old Testament
H5459,סְגוּלָּה,"wealth (as closely shut up)",,దగ్గరగా మూసివేయబడిన సంపద,Hebrew,Old Testament
H5460,סְגַן,"governor",,పరిపాలకుడు,Hebrew,Old Testament
H5461,סָגָן,"a prefect of a province",,ఒక ప్రాంతీయ అధికారి,Hebrew,Old Testament
H5462,סָגַר,"cagar (saw-gar') v.",,మసన,Hebrew,Old Testament
H5463,סְגַר,"cgar (seg-ar') v.",,అర్థం తెలియదు,Hebrew,Old Testament
H5464,סַגרִידּ,"a pouring rain",,వర్షం,Hebrew,Old Testament
H5465,סַד,"the stocks",,కఱ్ఱలు,Hebrew,Old Testament
H5466,סָדִין,"a wrapper",,చుట్టుకునే గుడ్డ,Hebrew,Old Testament
H5467,סְדוֹם,"Cdom (sed-ome') n/l.",,సొదొమ,Hebrew,Old Testament
H5468,סֶדֶר,"order",,క్రమం,Hebrew,Old Testament
H5469,סַהַר,"roundness",,గుండ్రంగా ఉండటం,Hebrew,Old Testament
H5470,סוֹהַר,"a dungeon (as surrounded by walls)",,గోడ,Hebrew,Old Testament
H5471,סוֹא,"Cow' (so) n/p.",,అర్థం తెలియదు,Hebrew,Old Testament
H5472,סוּג,"cuwg (soog) v.",,అర్థం తెలియదు,Hebrew,Old Testament
H5473,סוּג,"cuwg (soog) v.",,అర్థం తెలియదు,Hebrew,Old Testament
H5474,סוּגַר,"an inclosure",,ఒక కంచె,Hebrew,Old Testament
H5475,סוֹד,"a session",,ఒక సమావేశం,Hebrew,Old Testament
H5476,סוֹדִי,"Cowdiy (so-dee') n/p.",,అర్థం తెలియదు,Hebrew,Old Testament
H5477,סוַּח,"Cuwach (soo'-akh) n/p.",,అర్థం తెలియదు,Hebrew,Old Testament
H5478,סוּחָה,"something swept away",,మార్గం,Hebrew,Old Testament
H5479,סוֹטַי,"Cowtay (so-tah'-ee) n/p.",,అర్థం తెలియదు,Hebrew,Old Testament
H5480,סוּך,"cuwk (sook) v.",,అర్థం తెలియదు,Hebrew,Old Testament
H5481,סוּמפּוֹנְיָה סוּמפּוֹנְיָה סִיפוֹנְיָא,"a wind instrument (with a double pipe)",,గాలి,Hebrew,Old Testament
H5482,סְוֵנֵה סְוֵנָה סְוֵן,"Cveneh (sev-ay-nay') ((rather to be written Cvenah sev-ay'-naw for Cven sev-ane' i.e to Seven)) n/l.",,ఏడు,Hebrew,Old Testament
H5483,סוּס סוּס,"a horse (as leaping)",,గుర్రం,Hebrew,Old Testament
H5484,סוּסָה,"a mare",,ఒక ఆడ గుర్రం,Hebrew,Old Testament
H5485,סוּסִי,"Cuwciy (soo-see') n/p.",,అర్థం తెలియదు,Hebrew,Old Testament
H5486,סוּף,"cuwph (soof) v.",,అర్థం తెలియదు,Hebrew,Old Testament
H5487,סוּף,"cuwph (soof) v.",,అర్థం తెలియదు,Hebrew,Old Testament
H5488,סוּף,"a reed",,ఒక రెల్లు,Hebrew,Old Testament
H5489,סוּף,"Cuwph (soof) n/l.",,అర్థం తెలియదు,Hebrew,Old Testament
H5490,סוֹף,"a termination",,జాతి,Hebrew,Old Testament
H5491,סוֹף,"end",,అంతం,Hebrew,Old Testament
H5492,סוּפָה,"a hurricane",,తుఫాను,Hebrew,Old Testament
H5493,סוּר שׂוּר,"cuwr (soor) (or suwr (Hosea 9) v.",సూర్,తొలగించు,Hebrew,Old Testament
H5494,סוּר,"cuwr (soor) v-xxp.",,అర్థం తెలియదు,Hebrew,Old Testament
H5495,סוּר,"Cuwr (soor) n/l.",,అర్థం తెలియదు,Hebrew,Old Testament
H5496,סוּת,"cuwth (sooth) v.",,అర్థం తెలియదు,Hebrew,Old Testament
H5497,סוּת,"covering",,కప్పుట,Hebrew,Old Testament
H5498,סָחַב,"cachab (saw-khab') v.",,అర్థం తెలియదు,Hebrew,Old Testament
H5499,סְחָבָה,"a rag",,గుడ్డ పీలిక,Hebrew,Old Testament
H5500,סָחָה,"cachah (saw-khaw') v.",,అర్థం తెలియదు,Hebrew,Old Testament
H5501,סְחִי,"refuse (as swept off)",,తుడిచి వేసిన తిరస్కారం,Hebrew,Old Testament
H5502,סָחַף,"cachaph (saw-khaf') v.",,అర్థం తెలియదు,Hebrew,Old Testament
H5503,סָחַר,"cachar (saw-khar') v.",,అర్థం తెలియదు,Hebrew,Old Testament
H5504,סַחַר,"profit (from trade)",,వ్యాపారం నుండి లాభం,Hebrew,Old Testament
H5505,סָחַר,"an emporium",,ఒక వ్యాపార కేంద్రం,Hebrew,Old Testament
H5506,סְחוֹרָה,"merchandise",,చేయి,Hebrew,Old Testament
H5507,סוֹחֵרָה,"something surrounding the person",,కుమారుడు,Hebrew,Old Testament
H5508,סוֹחֶרֶת,"probably a (black) tile (or tessara) for laying borders with",,అంచులు వేయడానికి ఒక నల్ల పలక లేదా టెసరా కావచ్చు,Hebrew,Old Testament
H5509,סִיגּ סוּג,"scoria",,కొండరాళ్ళు,Hebrew,Old Testament
H5510,סִיוָן,"Ciyvan (see-vawn') n/t.",,అర్థం తెలియదు,Hebrew,Old Testament
H5511,סִיחוֹן סִיחוֹן,"Ciychown (see-khone') (or Ciychon see-khone') n/p.",,ఒకటి,Hebrew,Old Testament
H5512,סִין,"Ciyn (seen) n/l.",,అర్థం తెలియదు,Hebrew,Old Testament
H5513,סִינִי,"Ciynay (see-nee') adj.",,సీనీ,Hebrew,Old Testament
H5514,סִינַי,"Ciynay (see-nah'-ee) n/l.",,సనయ,Hebrew,Old Testament
H5515,סִינִים,"Ciyniym (see-neem') adj.",,అర్థం తెలియదు,Hebrew,Old Testament
H5516,סִיסְרָא,"Ciycra'",,సీక్రా,Hebrew,Old Testament
H5517,סִיעָא סִיעֲהָא,"Ciy`a' (see-ah') (or Ciyeahai see-ah-haw') n/p.",,సీయా,Hebrew,Old Testament
H5518,סִיר סִירָה סִרָה,"a pot",,కుండ,Hebrew,Old Testament
H5519,סָך,"(properly) a thicket of men",,సరిగా మనుష్యుల గుంపు,Hebrew,Old Testament
H5520,סוֹך,"a hut (as of entwined boughs)",,ద్రాక్షారసం,Hebrew,Old Testament
H5521,סוּכָּה,"a hut or lair",,ఒక గుడిసె లేదా స్థావరం,Hebrew,Old Testament
H5522,סִכּוּת,"cikkuwth (sik-kooth') n/p.",,సిక్కుత్,Hebrew,Old Testament
H5523,סוּכּוֹת סוּכּוֹת,"Cukkowth (sook-kohth') (or Cukkoth sook-kohth') n/l.",,సుక్కోత్,Hebrew,Old Testament
H5524,סוּכּוֹת בְּנוֹת,"Cukkowth bnowth (sook-kohth' ben-ohth') n/t.",,సుక్కోత్ బెనోత్,Hebrew,Old Testament
H5525,סוּכִּי,"Cukkiy (sook-kee') n/p.",,సుక్కీ,Hebrew,Old Testament
H5526,סָכַך שָׂכַך,"cakak (saw-kak') (or sakak (Exod. 33) v.",,అర్థం తెలియదు,Hebrew,Old Testament
H5527,סְכָכָה,"Ckakah (sek-aw-kaw') n/l.",,సెకాకా,Hebrew,Old Testament
H5528,סָכַל,"cakal (saw-kal') v.",,అర్థం తెలియదు,Hebrew,Old Testament
H5529,סֶכֶל,"silliness",,బుద్ధిలేనితనము,Hebrew,Old Testament
H5530,סָכָל,"silly",,బుద్ధిలేని,Hebrew,Old Testament
H5531,סִכלוּת שִׂכלוּת,"silliness",,బుద్ధిలేనితనము,Hebrew,Old Testament
H5532,סָכַן,"cakan (saw-kan') v.",,అర్థం తెలియదు,Hebrew,Old Testament
H5533,סָכַן,"cakan (saw-kan') v.",,అర్థం తెలియదు,Hebrew,Old Testament
H5534,סָכַר,"caker (saw-kar') v.",,అర్థం తెలియదు,Hebrew,Old Testament
H5535,סָכַת,"cakath (saw-kath') v.",,అర్థం తెలియదు,Hebrew,Old Testament
H5536,סַל,"(properly) a willow twig (as pendulous)",,అంతం,Hebrew,Old Testament
H5537,סָלָא,"cala' (saw-law') v.",,ధర్మశాస్త్రం,Hebrew,Old Testament
H5538,סִלָּא,"an embankment",,కట్ట,Hebrew,Old Testament
H5539,סָלַד,"calad (saw-lad') v.",,అర్థం తెలియదు,Hebrew,Old Testament
H5540,סֶלֶד,"Celed (seh'-led) n/p.",,అర్థం తెలియదు,Hebrew,Old Testament
H5541,סָלָה,"calah (saw-law') v.",,ధర్మశాస్త్రం,Hebrew,Old Testament
H5542,סֶלָה,"celah (seh'-law) v.",,ధర్మశాస్త్రం,Hebrew,Old Testament
H5543,סַלוּ סַלוּא סָלוּא סַלַּי,"Calluw (sal-loo') (or Calluw sal-loo'",,అర్థం తెలియదు,Hebrew,Old Testament
H5544,סִלּוֹן סַלּוֹן,"a prickle (as if pendulous)",,అంతం,Hebrew,Old Testament
H5545,סָלַח,"calach (saw-lakh') v.",సాలఖ్,క్షమించు,Hebrew,Old Testament
H5546,סַלָּח,"callach (saw-lawkh') adj.",,ధర్మశాస్త్రం,Hebrew,Old Testament
H5547,סְלִיחָה,"pardon",,క్షమించు,Hebrew,Old Testament
H5548,סַלכָּה,"Calkah (sal-kaw') n/l.",,అర్థం తెలియదు,Hebrew,Old Testament
H5549,סָלַל,"calal (saw-lal') v.",,అర్థం తెలియదు,Hebrew,Old Testament
H5550,סוֹלְלָה סוֹלְלָה,"a military mound",,సైనిక దిబ్బ,Hebrew,Old Testament
H5551,סוּלָּם,"a stair-case",,నిచ్చెన,Hebrew,Old Testament
H5552,סַלסִלָּה,"a twig (as pendulous)",,అంతం,Hebrew,Old Testament
H5553,סֶלַע,"a craggy rock",,బండ,Hebrew,Old Testament
H5554,סֶלַע,"Cela` (seh'-lah) n/l.",,అర్థం తెలియదు,Hebrew,Old Testament
H5555,סֶלַע הַמַּחלְקוֹת,"Cela` ham-machlqowth (seh'-lah ham-makh-lek-oth') n/l.",,అర్థం తెలియదు,Hebrew,Old Testament
H5556,סָלעָם,"a kind of locust (from its destructiveness)",,నాశనం నుండి ఒక విధమైన మిడత,Hebrew,Old Testament
H5557,סָלַף,"calaph (saw-laf') v.",,అర్థం తెలియదు,Hebrew,Old Testament
H5558,סֶלֶף,"distortion",,వంకరతనము,Hebrew,Old Testament
H5559,סְלִק,"cliq (sel-eek') v.",,అర్థం తెలియదు,Hebrew,Old Testament
H5560,סוֹלֶת,"flour (as chipped off)",,చిప్ చేసిన పిండి,Hebrew,Old Testament
H5561,סַם,"an aroma",,ఒక సువాసన,Hebrew,Old Testament
H5562,סַמגַּר נְבוֹ,"Camgar Nbow (sam-gar' neb-o') n/p.",,అర్థం తెలియదు,Hebrew,Old Testament
H5563,סְמָדַר,"a vine blossom",,ద్రాక్ష పుష్పం,Hebrew,Old Testament
H5564,סָמַך,"camak (saw-mak') v.",,అర్థం తెలియదు,Hebrew,Old Testament
H5565,סְמַכיָהוּ,"Cmakyahuw (sem-ak-yaw'-hoo) n/p.",,అర్థం తెలియదు,Hebrew,Old Testament
H5566,סֶמֶל סֵמֶל,"a likeness",,ఒక పోలిక,Hebrew,Old Testament
H5567,סָמַן,"caman (saw-man') v.",,మనిషి,Hebrew,Old Testament
H5568,סָמַר,"camar (saw-mar') v.",,అర్థం తెలియదు,Hebrew,Old Testament
H5569,סָמָר,"camar (saw-mar') adj.",,అర్థం తెలియదు,Hebrew,Old Testament
H5570,סְנָאָה,"Cna'ah (sen-aw-aw') n/p.",,కెనయా,Hebrew,Old Testament
H5571,סַנבַּלַּט,"Canballat (san-bal-lat') n/p.",,సన్బల్లట్,Hebrew,Old Testament
H5572,סְנֶה,"a bramble",,ముళ్ల పొద,Hebrew,Old Testament
H5573,סֶנֶה,"Ceneh (seh-neh') n/l.",,సేనే,Hebrew,Old Testament
H5574,סְנוּאָה סְנוּאָה,"Cnuw'ah (sen-oo-aw') (or Cnu.ah sen-oo-aw') n/p.",,సెనూవా,Hebrew,Old Testament
H5575,סַנוֵר,"(in plural) blindness",,బహువచనంలో అంధత్వం,Hebrew,Old Testament
H5576,סַנחֵרִיבּ,"Cancheriyb (san-khay-reeb') n/p.",,సన్హేరీబు,Hebrew,Old Testament
H5577,סַנסִן,"a twig (as tapering)",,ఒక సన్నని కొమ్మ,Hebrew,Old Testament
H5578,סַנסַנָּה,"Cancannah (san-san-naw') n/p.",,సన్సన్నా,Hebrew,Old Testament
H5579,סְנַפִּיר,"a fin (collectively)",,రెక్క,Hebrew,Old Testament
H5580,סָס,"a moth (from the agility of the fly)",,పురుగు యొక్క చురుకుదనం నుండి ఒక చిమ్మట,Hebrew,Old Testament
H5581,סִסמַי,"Cicmay (sis-mah'-ee) n/p.",,సిస్మయి,Hebrew,Old Testament
H5582,סָעַד,"ca`ad (saw-ad') v.",,సయ్యద్,Hebrew,Old Testament
H5583,סְעַד,"c`ad (seh-ad') v.",,సేఅద్,Hebrew,Old Testament
H5584,סָעָה,"ca`ah (saw-aw') v.",,సఆ,Hebrew,Old Testament
H5585,סָעִיף,"a fissure (of rocks)",,బండ,Hebrew,Old Testament
H5586,סָעַף,"ca`aph (saw-af') v.",,సఆఫ్,Hebrew,Old Testament
H5587,סָעִף שָׂעִף,"divided (in mind)",,మనస్సులో విభజించబడింది,Hebrew,Old Testament
H5588,סֵעֵף,"ce`eph (say-afe') adj.",,సేఏఫ్,Hebrew,Old Testament
H5589,סְעַפָּה,"a twig",,ఒక కొమ్మ,Hebrew,Old Testament
H5590,סָעַר,"ca`ar (saw-ar') v.",,సఅర్,Hebrew,Old Testament
H5591,סַעַר סְעָרָה,"ca`ar (sah'-ar) (or (feminine) ctarah seh-aw-raw') n-e.",,తొమ్మిది,Hebrew,Old Testament
H5592,סַף,"a vestibule (as a limit)",,ఒక పరిమితి వలె ఒక మండపం,Hebrew,Old Testament
H5593,סַף,"Caph (saf) n/p.",,సఫ్,Hebrew,Old Testament
H5594,סָפַד,"caphad (saw-fad') v.",,రోదించు,Hebrew,Old Testament
H5595,סָפָה,"caphah (saw-faw') v.",,సఫా,Hebrew,Old Testament
H5596,סָפַח שָׂפַח,"caphach (saw-fakh') (or saphach (Isaiah 3) v.",,సఫాఖ్,Hebrew,Old Testament
H5597,סַפַּחַת,"the mange (as making the hair fall off)",,మనిషి,Hebrew,Old Testament
H5598,סִפַּי,"Cippay (sip-pah'-ee) n/p.",,సిప్పయి,Hebrew,Old Testament
H5599,סָפִיַח,"something (spontaneously) falling off",,స్వచ్ఛందంగా పడిపోయే ఏదో,Hebrew,Old Testament
H5600,סְפִינָה,"a (sea-going) vessel (as ceiled with a deck)",,సముద్రం,Hebrew,Old Testament
H5601,סַפִּיר,"a gem (perhaps used for scratching other substances)",,నీలము,Hebrew,Old Testament
H5602,סֵפֶל,"a basin (as deepened out)",,పాపం,Hebrew,Old Testament
H5603,סָפַן,"caphan (saw-fan') v.",,సఫన్,Hebrew,Old Testament
H5604,סִפּוּן,"a wainscot",,వుడెన్ కోటు,Hebrew,Old Testament
H5605,סָפַף,"caphaph (saw-faf') v.",,సఫఫ్,Hebrew,Old Testament
H5606,סָפַק שָׂפַק,"caphaq (saw-fak') (or saphaq (1 Kings 20) v.",,రాజు,Hebrew,Old Testament
H5607,סֵפֶק שֶׂפֶק,"chastisement",,శిక్ష,Hebrew,Old Testament
H5608,סָפַר,"(properly) to score with a mark as a tally or record",,మందసం,Hebrew,Old Testament
H5609,סְפַר,"a book",,ఒక పుస్తకం,Hebrew,Old Testament
H5610,סְפָר,"a census",,జనాభా లెక్కలు,Hebrew,Old Testament
H5611,סְפָר,"Cphar (sef-awr') n/l.",,అర్థం తెలియదు,Hebrew,Old Testament
H5612,סֵפֶר סִפרָה,"cepher (say'-fer) (or (feminine) ciphrah (Psa. 56) n-e.",సేఫెర్,గ్రంథం,Hebrew,Old Testament
H5613,סָפֵר,"a scribe (secular or sacred)",,పవిత్రమైన,Hebrew,Old Testament
H5614,סְפָרָד,"Cpharad (sef-aw-rawd') n/l.",,అర్థం తెలియదు,Hebrew,Old Testament
H5615,סְפוֹרָה,"a numeration",,ఒక సంఖ్య,Hebrew,Old Testament
H5616,סְפַרוִי,"Cpharviy (sef-ar-vee') adj.",,అర్థం తెలియదు,Hebrew,Old Testament
H5617,סְפַרוַיִם סְפָרִים,"Cpharvayim (sef-ar-vah'-yim) (or Sepharim) n/l.",,అర్థం తెలియదు,Hebrew,Old Testament
H5618,סוֹפֶרֶת,"Cophereth (so-feh'-reth) n/p.",,అర్థం తెలియదు,Hebrew,Old Testament
H5619,סָקַל,"caqal (saw-kal') v.",,అర్థం తెలియదు,Hebrew,Old Testament
H5620,סַר,"car (sar) adj.",,అర్థం తెలియదు,Hebrew,Old Testament
H5621,סָרָב,"a thistle",,ఒక ముళ్ల చెట్టు,Hebrew,Old Testament
H5622,סַרבַּל,"a cloak",,ఒక వస్త్రం,Hebrew,Old Testament
H5623,סַרגּוֹן,"Cargown (sar-gone') n/p.",,ఒకటి,Hebrew,Old Testament
H5624,סֶרֶד,"Cered (seh'-red) n/p.",,అర్థం తెలియదు,Hebrew,Old Testament
H5625,סַרדִּי,"Cardiy (sar-dee') adj.",,అర్థం తెలియదు,Hebrew,Old Testament
H5626,סִרָה,"Cirah (see-raw') n/l.",,అర్థం తెలియదు,Hebrew,Old Testament
H5627,סָרָה,"apostasy",,విశ్వాస త్యాగం,Hebrew,Old Testament
H5628,סָרַח,"carach (saw-rakh') v.",,అర్థం తెలియదు,Hebrew,Old Testament
H5629,סֶרַח,"a redundancy",,అధికంగా ఉండటం,Hebrew,Old Testament
H5630,סִריוֹן,"a coat of mail",,ఒక కవచం,Hebrew,Old Testament
H5631,סָרִיס סָרִס,"a eunuch",,నపుంసకుడు,Hebrew,Old Testament
H5632,סָרֵך,"an emir",,ఒక ఎమిర్,Hebrew,Old Testament
H5633,סֶרֶן,"an axle",,ఒక ఇరుసు,Hebrew,Old Testament
H5634,סַרעַפָּה,"a twig",,ఒక కొమ్మ,Hebrew,Old Testament
H5635,סָרַף,"caraph (saw-raf') v.",,అర్థం తెలియదు,Hebrew,Old Testament
H5636,סַרפָּד,"a nettle (as stinging like a burn)",,ఒక దురదగొండి,Hebrew,Old Testament
H5637,סָרַר,"carar (saw-rar') v.",,అర్థం తెలియదు,Hebrew,Old Testament
H5638,סְתָו,"winter (as the dark season)",,కుమారుడు,Hebrew,Old Testament
H5639,סְתוּר,"Cthuwr (seth-oor') n/p.",,అర్థం తెలియదు,Hebrew,Old Testament
H5640,סָתַם שָׂתַם,"catham (saw-tham') (or satham (Numbers 24) v.",,మూసివేయు,Hebrew,Old Testament
H5641,סָתַר,"cathar (saw-thar') v.",,అర్థం తెలియదు,Hebrew,Old Testament
H5642,סְתַר,"cthar (seth-ar') v.",,అర్థం తెలియదు,Hebrew,Old Testament
H5643,סֵתֶר סִתרָה,"a cover (in a good or a bad",,మంచి,Hebrew,Old Testament
H5644,סִתרִי,"Cithriy (sith-ree') n/p.",,అర్థం తెలియదు,Hebrew,Old Testament
H5645,עָב,"(properly) an envelope",,అర్థం తెలియదు,Hebrew,Old Testament
H5646,עָב עוֹב,"but used only as an architectural term",,నిర్మాణ పదంగా మాత్రమే వాడబడుతుంది,Hebrew,Old Testament
H5647,עָבַד,"`abad (aw-bad') v.",,సవచ,Hebrew,Old Testament
H5648,עֲבַד,"`abad (ab-bad') v.",,అర్థం తెలియదు,Hebrew,Old Testament
H5649,עֲבַד,"a servant",,సేవకుడు,Hebrew,Old Testament
H5650,עֶבֶד,"a servant",ఎబెద్,సేవకుడు,Hebrew,Old Testament
H5651,עֶבֶד,"`Ebed (eh'-bed) n/p.",,దాసుడు,Hebrew,Old Testament
H5652,עֲבָד,"a deed",,దస్తావేజు,Hebrew,Old Testament
H5653,עַבדָּא,"`Abda' (ab-daw') n/p.",,అర్థం తెలియదు,Hebrew,Old Testament
H5654,עוֹבֵד אֱדוֹם,"`Obed 'Edowm (o-bade' ed-ome') n/p.",,ఓబేదెదోము,Hebrew,Old Testament
H5655,עַבדֶּאֵל,"`Abd'el (ab-deh-ale') n/p.",,అర్థం తెలియదు,Hebrew,Old Testament
H5656,עֲבוֹדָה עֲבוֹדָה,"work of any kind",,సేవ,Hebrew,Old Testament
H5657,עֲבוּדָּה,"something wrought",,ఏదో చేయబడినది,Hebrew,Old Testament
H5658,עַבדּוֹן,"`Abdown (ab-dohn') n/l.",,అర్థం తెలియదు,Hebrew,Old Testament
H5659,עַבדּוּת,"servitude",,దాస్యం,Hebrew,Old Testament
H5660,עַבדִּי,"`Abdiy (ab-dee') n/p.",,అర్థం తెలియదు,Hebrew,Old Testament
H5661,עַבדִּיאֵל,"`Abdiy'el (ab-dee-ale') n/p.",,అర్థం తెలియదు,Hebrew,Old Testament
H5662,עוֹבַדיָה עוֹבַדיָהוּ,"`Obadyah (o-bad-yaw') (or mObadyahuw o-bad-yaw'-hoo) n/p.",,ఓబద్యా,Hebrew,Old Testament
H5663,עֶבֶד מֶלֶך,"`Ebed Melek (eh'-bed meh'-lek) n/p.",,ఎబెద్మెలెకు,Hebrew,Old Testament
H5664,עֲבֵד נֶגוֹ,"`Abed Ngow (ab-ade' neg-o') n/p.",,అబేద్నెగో,Hebrew,Old Testament
H5665,עֲבֵד נֶגוֹא,"`Abed Ngow' (ab-ade' neg-o') n/p.",,అబేద్నెగో,Hebrew,Old Testament
H5666,עָבָה,"`abah (aw-baw') v.",,అర్థం తెలియదు,Hebrew,Old Testament
H5667,עֲבוֹט עֲבוֹט,"a pawn",,తాకట్టు,Hebrew,Old Testament
H5668,עָבוּר עָבוּר,"`abuwr (aw-boor') (or rabur aw-boor') prep.",,కొరకు,Hebrew,Old Testament
H5669,עָבוּר,"passed",,ఉత్తీర్ణులయ్యారు,Hebrew,Old Testament
H5670,עָבַט,"`abat (aw-bat') v.",,అర్థం తెలియదు,Hebrew,Old Testament
H5671,עַבטִּיטּ,"something pledged",,ప్రతిజ్ఞ చేయబడినది,Hebrew,Old Testament
H5672,עֲבִי עֳבִי,"density",,సాంద్రత,Hebrew,Old Testament
H5673,עֲבִידָּה,"labor or business",,పాపం,Hebrew,Old Testament
H5674,עָבַר,"`abar (aw-bar') v.",ఆబర్,దాటు,Hebrew,Old Testament
H5675,עֲבַר,"beyond",,దాటి,Hebrew,Old Testament
H5676,עֵבֶר,"(properly) a region across",,ఏబెరు,Hebrew,Old Testament
H5677,עֵבֶר,"`Eber (ay'-ber) n/p.",,ఏబెరు,Hebrew,Old Testament
H5678,עֶברָה,"an outburst of passion",,భావోద్వేగం,Hebrew,Old Testament
H5679,עֲבָרָה,"a crossing-place",,పాపం,Hebrew,Old Testament
H5680,עִברִי,"`Ibriy (ib-ree') adj.",,ఇబ్రీయుడు,Hebrew,Old Testament
H5681,עִברִי,"`Ibriy (ib-ree') n/p.",,ఇబ్రీయుడు,Hebrew,Old Testament
H5682,עֲבָרִים,"`Abarim (ab-aw-reem') n/l.",,అబారీము,Hebrew,Old Testament
H5683,עֶברוֹן,"`Ebron (eb-rone') n/l.",,ఒకటి,Hebrew,Old Testament
H5684,עֶברוֹנָה,"`Ebronah (eb-raw-naw') n/p.",,ఎబ్రోనా,Hebrew,Old Testament
H5685,עָבַשׁ,"`abash (aw-bash') v.",,అర్థం తెలియదు,Hebrew,Old Testament
H5686,עָבַת,"`abath (aw-bath') v.",,అర్థం తెలియదు,Hebrew,Old Testament
H5687,עָבוֹת עָבוֹת,"`aboth (aw-both') (or rabowth aw-both') adj.",,అర్థం తెలియదు,Hebrew,Old Testament
H5688,עֲבוֹת עֲבוֹת עֲבוֹתָה,"`aboth (ab-oth') (or rabowth ab-oth' or (feminine) tabothah ab- oth-aw'",,తొమ్మిది,Hebrew,Old Testament
H5689,עָגַב,"`agab (aw-gab') v.",,ప్రేమించు,Hebrew,Old Testament
H5690,עֶגֶב,"love (concretely)",,ప్రేమ,Hebrew,Old Testament
H5691,עֲגָבָה,"love (abstractly)",,ప్రేమ,Hebrew,Old Testament
H5692,עוּגָּה,"an ash-cake (as round)",,గుండ్రని బూడిద కేకు,Hebrew,Old Testament
H5693,עָגוּר,"swallow",,గోడ,Hebrew,Old Testament
H5694,עָגִיל,"something round",,గుండ్రంగా ఉండే ఏదో వస్తువు,Hebrew,Old Testament
H5695,עֵגֶל,"a (male) calf (as frisking round)",,రాజు,Hebrew,Old Testament
H5696,עָגוֹל עָגוֹל,"`agol (aw-gole') (or magowl aw-gole') adj.",,గుండ్రని,Hebrew,Old Testament
H5697,עֶגלָה,"a (female) calf",,ఆడ దూడ,Hebrew,Old Testament
H5698,עֶגלָה,"`Eglah (eg-law') n/p.",,ధర్మశాస్త్రం,Hebrew,Old Testament
H5699,עֲגָלָה,"something revolving",,తిరిగే ఏదో వస్తువు,Hebrew,Old Testament
H5700,עֶגלוֹן,"`Eglown (eg-lawn') n/l.",,ధర్మశాస్త్రం,Hebrew,Old Testament
H5701,עָגַם,"`agam (aw-gam') v.",,అర్థం తెలియదు,Hebrew,Old Testament
H5702,עָגַן,"`agan (aw-gan') v.",,అర్థం తెలియదు,Hebrew,Old Testament
H5703,עַד,"(properly) a (peremptory) terminus",అద్,శాశ్వతం,Hebrew,Old Testament
H5704,עַד,"`ad (ad) prep.",,వరకు,Hebrew,Old Testament
H5705,עַד,"`ad (ad) prep.",,వరకు,Hebrew,Old Testament
H5706,עַד,"booty",,వరకు,Hebrew,Old Testament
H5707,עֵד,"concretely",,కాంక్రీటుగా,Hebrew,Old Testament
H5708,עֵד,"the menstrual flux (as periodical)",,ఋతుస్రావం క్రమానుగతంగా,Hebrew,Old Testament
H5709,עֲדָא עֲדָה,"`ada' (ad-aw') ((Aramaic) or adah (Aramaic) ad-aw') v.",,అర్థం తెలియదు,Hebrew,Old Testament
H5710,עָדָה,"`adah (aw-daw') v.",,అలంకరించు,Hebrew,Old Testament
H5711,עָדָה,"`Adah (aw-daw') n/p.",,అదా,Hebrew,Old Testament
H5712,עֵדָה,"a stated assemblage",,పేర్కొనబడిన సమావేశం,Hebrew,Old Testament
H5713,עֵדָה,"testimony",,సాక్ష్యం,Hebrew,Old Testament
H5714,עִדּוֹ עִדּוֹא עִדִּיא,"`Iddow (id-do') (or iIddowo id-do' or tIddiy id-dee'",,ఇద్దో,Hebrew,Old Testament
H5715,עֵדוּת,"testimony",,సాక్ష్యం,Hebrew,Old Testament
H5716,עֲדִי,"finery",,అలంకరణ,Hebrew,Old Testament
H5717,עֲדִיאֵל,"`Adiy'el (ad-ee-ale') n/p.",,అదీయేలు,Hebrew,Old Testament
H5718,עֲדָיָה עֲדָיָהוּ,"`Adayah (ad-aw-yaw') (or mAdayahuw ad-aw-yaw'-hoo) n/p.",,దినము,Hebrew,Old Testament
H5719,עָדִין,"`adiyn (aw-deen') adj.",,మెత్తనైన,Hebrew,Old Testament
H5720,עָדִין,"`Adiyn (aw-deen') n/p.",,అదీను,Hebrew,Old Testament
H5721,עֲדִינָא,"`Adiyna' (ad-ee-naw') n/p.",,అదీనా,Hebrew,Old Testament
H5722,עֲדִינוֹ,"`adiynow (ad-ee-no') n/p.",,అదీనో,Hebrew,Old Testament
H5723,עֲדִיתַּיִם,"`Adiythayim (ad-ee-thah'-yim) n/l.",,అదీతయిమ్,Hebrew,Old Testament
H5724,עַדלַי,"`Adlay (ad-lah'-ee) n/p.",,అద్లయి,Hebrew,Old Testament
H5725,עֲדוּלָּם,"`Adullam (ad-ool-lawm') n/l.",,ధర్మశాస్త్రం,Hebrew,Old Testament
H5726,עֲדוּלָּמִי,"`Adullamiy (ad-ool-law-mee') adj.",,ధర్మశాస్త్రం,Hebrew,Old Testament
H5727,עָדַן,"`adan (aw-dan') v.",,అర్థం తెలియదు,Hebrew,Old Testament
H5728,עֲדֶן עֲדֶנָּה,"`aden (ad-en') (or radennah ad-en'-naw) adv.",,అప్పటివరకు,Hebrew,Old Testament
H5729,עֶדֶן,"`Eden (eh'-den) n/l.",,ఏదెను,Hebrew,Old Testament
H5730,עֵדֶן עֶדנָה,"`eden (ay'-den) (or (feminine) aednah ed-naw') n-e.",,తొమ్మిది,Hebrew,Old Testament
H5731,עֵדֶן,"`Eden (ay'-den) n/p.",,ఏదెను,Hebrew,Old Testament
H5732,עִדָּן,"a set time",,నిర్ణీత సమయం,Hebrew,Old Testament
H5733,עַדנָא,"`Adna' (ad-naw') n/p.",,అద్నా,Hebrew,Old Testament
H5734,עַדנָה,"`Adnah (ad-naw') n/p.",,అద్నా,Hebrew,Old Testament
H5735,עֲדעָדָה,"`Ad`adah (ad-aw-daw') n/l.",,అద్‌అదా,Hebrew,Old Testament
H5736,עָדַף,"`adaph (aw-daf') v.",,అర్థం తెలియదు,Hebrew,Old Testament
H5737,עָדַר,"`adar (aw-dar') v.",,అర్థం తెలియదు,Hebrew,Old Testament
H5738,עֶדֶר,"`Eder (eh'-der) n/p.",,ఏదెరు,Hebrew,Old Testament
H5739,עֵדֶר,"an arrangement",,మద,Hebrew,Old Testament
H5740,עֵדֶר,"`Eder (ay'-der) n/l.",,మంద,Hebrew,Old Testament
H5741,עַדרִיאֵל,"`Adriy'el (ad-ree-ale') n/p.",,అద్రియేలు,Hebrew,Old Testament
H5742,עָדָשׁ,"a lentil",,కందిపప్పు,Hebrew,Old Testament
H5743,עוּב,"`uwb (oob) v.",,అర్థం తెలియదు,Hebrew,Old Testament
H5744,עוֹבֵד,"`Owbed (o-bade') n/p.",,ఓబేదు,Hebrew,Old Testament
H5745,עוֹבָל,"`Owbal (o-bawl') n/p.",,ఓబాలు,Hebrew,Old Testament
H5746,עוּג,"`uwg (oog) v.",,అర్థం తెలియదు,Hebrew,Old Testament
H5747,עוֹג,"`Owg (ogue) n/p.",,ఓగు,Hebrew,Old Testament
H5748,עוּגָב עוּגָּב,"a reed-instrument of music",,అర్థం తెలియదు,Hebrew,Old Testament
H5749,עוּד,"`uwd (ood) v.",,అర్థం తెలియదు,Hebrew,Old Testament
H5750,עוֹד עוֹד,"`owd (ode) (or rod ode) adv.",ఓద్,ఇంకా,Hebrew,Old Testament
H5751,עוֹד,"`owd (ode) adv.",,ఇంకా,Hebrew,Old Testament
H5752,עוֹדֵד עוֹדֵד,"`Owded (o-dade') (or mOded o-dade') n/p.",,ఓదేదు,Hebrew,Old Testament
H5753,עָוָה,"`avah (aw-vaw') v.",,అర్థం తెలియదు,Hebrew,Old Testament
H5754,עַוָּה,"overthrow",,పడద్రోయు,Hebrew,Old Testament
H5755,עִוָּה עַוָּא,"`Ivvah (iv-vaw') (or eAvvae (2 Kings 17) n/l.",,రాజు,Hebrew,Old Testament
H5756,עוּז,"`uwz (ooz) v.",,అర్థం తెలియదు,Hebrew,Old Testament
H5757,עַוִּי,"`Avviy (av-vee') adj.",,అవ్వి,Hebrew,Old Testament
H5758,עִויָא,"perverseness",,మూర్ఖత్వం,Hebrew,Old Testament
H5759,עֲוִיל,"a babe",,పసిపిల్ల,Hebrew,Old Testament
H5760,עֲוִיל,"perverse (morally)",,దుర్మార్గుడు,Hebrew,Old Testament
H5761,עַוִּים,"`Avviym (av-veem') n/p.",,అవ్వియులు,Hebrew,Old Testament
H5762,עֲוִיתּ עַיּוֹת עַיוּת,"`Aviyth (av-veeth') (or (perhaps Ayowth ah-yoth'",,అవిత్తు,Hebrew,Old Testament
H5763,עוּל,"`uwl (ool) v.",,అర్థం తెలియదు,Hebrew,Old Testament
H5764,עוּל,"a babe",,పసిపిల్ల,Hebrew,Old Testament
H5765,עָוַל,"`aval (aw-val') v.",,అర్థం తెలియదు,Hebrew,Old Testament
H5766,עֶוֶל עָוֶל עַולָה עוֹלָה עוֹלָה,"`evel (eh'-vel) (or lavel aw'-veland (feminine) lavlah av-law'",,భూమి,Hebrew,Old Testament
H5767,עַוָּל,"evil (morally)",,దుష్టత్వం,Hebrew,Old Testament
H5768,עוֹלֵל עוֹלָל,"a suckling",,పాలుతాగే పిల్ల,Hebrew,Old Testament
H5769,עוֹלָם עוֹלָם,"(properly) concealed",ఓలామ్,శాశ్వతం,Hebrew,Old Testament
H5770,עָוַן,"`avan (aw-van') v.",,అర్థం తెలియదు,Hebrew,Old Testament
H5771,עָווֹן עָווֹן,"perversity",ఆవోన్,దోషం,Hebrew,Old Testament
H5772,עוֹנָה,"sexual (cohabitation)",,లైంగిక కలయిక,Hebrew,Old Testament
H5773,עַועֶה,"perversity",,వక్రత్వం,Hebrew,Old Testament
H5774,עוּף,"עוף",,ఎగురు,Hebrew,Old Testament
H5775,עוֹף,"a bird (as covered with feathers",,పక్షి,Hebrew,Old Testament
H5776,עוֹף,"fowl",,పక్షి,Hebrew,Old Testament
H5777,עוֹפֶרֶת עוֹפֶרֶת,"lead (from its dusty color)",,సీసము,Hebrew,Old Testament
H5778,עוֹפַי,"`Owphay (o-fah'-ee) n/p.",,ఓపై,Hebrew,Old Testament
H5779,עוּץ,"`uwts (oots) v.",,అర్థం తెలియదు,Hebrew,Old Testament
H5780,עוּץ,"`Uwts (oots) n/l.",,అర్థం తెలియదు,Hebrew,Old Testament
H5781,עוּק,"`uwq (ook) v.",,అర్థం తెలియదు,Hebrew,Old Testament
H5782,עוּר,"`uwr (oor) v.",,మేల్కొను,Hebrew,Old Testament
H5783,עוּר,"`uwr (oor) v.",,మేల్కొను,Hebrew,Old Testament
H5784,עוּר,"chaff",,మేల్కొను,Hebrew,Old Testament
H5785,עוֹר,"skin (as naked)",,చర్మము,Hebrew,Old Testament
H5786,עָוַר,"`avar (aw-var') v.",,దాటు,Hebrew,Old Testament
H5787,עִוֵּר,"`ivver (iv-vare') adj.",,వక్రమైన,Hebrew,Old Testament
H5788,עִוָּרוֹן עַוֶּרֶת,"blindness",,గుడ్డితనం,Hebrew,Old Testament
H5789,עוּשׁ,"`uwsh (oosh) v.",,త్వరపడు,Hebrew,Old Testament
H5790,עוּת,"`uwth (ooth) v.",,వంగడం,Hebrew,Old Testament
H5791,עָוַת,"`avath (aw-vath') v.",,అర్థం తెలియదు,Hebrew,Old Testament
H5792,עַוָּתָה,"oppression",,పీడన,Hebrew,Old Testament
H5793,עוּתַי,"`Uwthay (oo-thah'-ee) n/p.",,ఉతయి,Hebrew,Old Testament
H5794,עַז,"`az (az) adj.",,అప్పుడు,Hebrew,Old Testament
H5795,עֵז,"a she-goat (as strong)",,బలమైన,Hebrew,Old Testament
H5796,עֵז,"goat",,మేక,Hebrew,Old Testament
H5797,עוֹז עוֹז,"strength in various applications (force",,బలమ,Hebrew,Old Testament
H5798,עוּזָּא עוּזָּה,"`Uzza' (ooz-zaw') (or (Uzzah ooz-zaw') n/l.",,ఉజ్జా,Hebrew,Old Testament
H5799,עֲזָאזֵל,"goat of departure",,మేక,Hebrew,Old Testament
H5800,עָזַב,"`azab (aw-zab') v.",ఆజబ్,విడిచిపెట్టు,Hebrew,Old Testament
H5801,עִזָּבוֹן,"trade",,వర్తకం,Hebrew,Old Testament
H5802,עַזבּוּק,"`Azbuwq (az-book') n/p.",,అజ్బూక్,Hebrew,Old Testament
H5803,עַזגָּד,"`Azgad (az-gawd') n/p.",,అజ్గాద్,Hebrew,Old Testament
H5804,עַזָּה,"strong",,బలమైన,Hebrew,Old Testament
H5805,עֲזוּבָה,"desertion (of inhabitants)",,ఎడారి,Hebrew,Old Testament
H5806,עֲזוּבָה,"`Azuwbah (az-oo-baw') n/p.",,అజుబా,Hebrew,Old Testament
H5807,עֱזוּז,"forcibleness",,బలవంతము,Hebrew,Old Testament
H5808,עִזּוּז,"`izzuwz (iz-zooz') adj.",,బలమైన,Hebrew,Old Testament
H5809,עַזּוּר עַזּוּר,"`Azzuwr (az-zoor') (or mAzzur az-zoor') n/p.",,అజ్జూర్,Hebrew,Old Testament
H5810,עָזַז,"`azaz (aw-zaz') v.",,అర్థం తెలియదు,Hebrew,Old Testament
H5811,עָזָז,"`Azaz (aw-zawz') n/p.",,అజాజ్,Hebrew,Old Testament
H5812,עֲזַזיָהוּ,"`Azazyahuw (az-az-yaw'-hoo) n/p.",,అజజ్యాహు,Hebrew,Old Testament
H5813,עוּזִּי,"`Uzziy (ooz-zee') n/p.",,ఉజ్జీ,Hebrew,Old Testament
H5814,עוּזִּיָא,"`Uzziya' (ooz-zee-yaw') n/p.",,ఉజ్జియా,Hebrew,Old Testament
H5815,עֲזִיאֵל,"`Aziy'el (az-ee-ale') n/p.",,అజీయేల్,Hebrew,Old Testament
H5816,עוּזִּיאֵל,"`Uzziy'el (ooz-zee-ale') n/p.",,ఉజ్జీయేల్,Hebrew,Old Testament
H5817,עָזִּיאֵלִי,"`Ozziy'eliy (oz-zee-ay-lee') adj.",,ఉజ్జీయేలీయు,Hebrew,Old Testament
H5818,עוּזִּיָה עוּזִּיָהוּ,"`Uzziyah (ooz-zee-yaw') (or Uzziyahuw ooz-zee-yaw'-hoo) n/p.",,ఉజ్జియాహు,Hebrew,Old Testament
H5819,עֲזִיזָא,"`Aziyza' (az-ee-zaw') n/p.",,అజీజా,Hebrew,Old Testament
H5820,עַזמָוֶת,"`Azmaveth (az-maw'-veth) n/l.",,అజ్మావెత్,Hebrew,Old Testament
H5821,עַזָּן,"`Azzan (az-zawn') n/p.",,అర్థం తెలియదు,Hebrew,Old Testament
H5822,עָזנִיָה,"probably the sea-eagle (from its strength)",,సముద్రం,Hebrew,Old Testament
H5823,עָזַק,"`azaq (aw-zak') v.",,అర్థం తెలియదు,Hebrew,Old Testament
H5824,עִזקָא,"a signet-ring (as engraved)",,చెక్కబడిన ముద్ర ఉంగరం,Hebrew,Old Testament
H5825,עֲזֵקָה,"`Azeqah (az-ay-kaw') n/l.",,అజేకా,Hebrew,Old Testament
H5826,עָזַר,"`azar (aw-zar') v.",,అర్థం తెలియదు,Hebrew,Old Testament
H5827,עֶזֶר,"`Ezer (eh'-zer) n/p.",,ఎజెర్,Hebrew,Old Testament
H5828,עֵזֶר,"aid",,సహాయం,Hebrew,Old Testament
H5829,עֵזֶר,"`Ezer (ay'-zer) n/p.",,ఎజెర్,Hebrew,Old Testament
H5830,עֶזרָא,"`Ezra' (ez-raw') n/p.",,ఎజ్రా,Hebrew,Old Testament
H5831,עֶזרָא,"`Ezra' (ez-raw') n/p.",,ఎజ్రా,Hebrew,Old Testament
H5832,עֲזַראֵל,"`Azar'el (az-ar-ale') n/p.",,అజారెల్,Hebrew,Old Testament
H5833,עֶזרָה עֶזרָת,"aid",,సహాయం,Hebrew,Old Testament
H5834,עֶזרָה,"`Ezrah (ez-raw') n/p.",,ఎజ్రా,Hebrew,Old Testament
H5835,עֲזָרָה,"an inclosure",,ఒక కంచె,Hebrew,Old Testament
H5836,עֶזרִי,"`Ezriy (ez-ree') n/p.",,ఎజ్రీ,Hebrew,Old Testament
H5837,עַזרִיאֵל,"`Azriy'el (az-ree-ale') n/p.",,అజ్రియేల్,Hebrew,Old Testament
H5838,עֲזַריָה עֲזַריָהוּ,"`Azaryah (az-ar-yaw') (or mAzaryahuw az-ar-yaw'-hoo) n/p.",,అజర్యా,Hebrew,Old Testament
H5839,עֲזַריָה,"`Azaryah (az-ar-yaw') n/p.",,అజర్యా,Hebrew,Old Testament
H5840,עַזרִיקָם,"`Azriyqam (az-ree-kawm') n/p.",,అజ్రీకామ్,Hebrew,Old Testament
H5841,עַזָּתִי,"`Azzathiy (az-zaw-thee') adj.",,అజ్జతియ్,Hebrew,Old Testament
H5842,עֵט,"a stylus or marking stick",,రాజు,Hebrew,Old Testament
H5843,עֵטָא,"prudence",,వివేకం,Hebrew,Old Testament
H5844,עָטָה,"`atah (aw-taw') v.",ఆతా,కప్పు,Hebrew,Old Testament
H5845,עֲטִין,"a receptacle (for milk",,పాలు,Hebrew,Old Testament
H5846,עֲטִישָׁה,"sneezing",,తుమ్ములు,Hebrew,Old Testament
H5847,עֲטַלֵּף,"a bat",,గబ్బిలం,Hebrew,Old Testament
H5848,עָטַף,"`ataph (aw-taf') v.",,అర్థం తెలియదు,Hebrew,Old Testament
H5849,עָטַר,"`atar (aw-tar') v.",,అలంకరించు,Hebrew,Old Testament
H5850,עֲטָרָה,"a crown",,కిరీటం,Hebrew,Old Testament
H5851,עֲטָרָה,"`Atarah (at-aw-raw') n/p.",,కిరీటము,Hebrew,Old Testament
H5852,עֲטָרוֹת עֲטָרוֹת,"`Atarowth (at-aw-roth') (or Ataroth at-aw-roth') n/l.",,అటారోత్,Hebrew,Old Testament
H5853,עַטרוֹת אַדָּר,"`Atrowth 'Addar (at-roth' ad-dawr') n/l.",,అత్రోత్ అద్దార్,Hebrew,Old Testament
H5854,עַטרוֹת בֵּיתּ יוֹאָב,"`Atrowth beyth Yow'ab (at-roth' bayth yo-awb') n/l.",,అత్రోత్ బేత్ యోవాబ్,Hebrew,Old Testament
H5855,עַטרוֹת שׁוֹפָן,"`Atrowth Showphan (at-roth' sho-fawn') n/l.",,అత్రోత్ షోఫాన్,Hebrew,Old Testament
H5856,עִי,"a ruin (as if overturned)",,తిరగబడిన ఒక వినాశనం,Hebrew,Old Testament
H5857,עַי עַיָא עַיָת,"`Ay (ah'ee) (or (feminine) uAya( (Neh. 11) n/l.",,తొమ్మిది,Hebrew,Old Testament
H5858,עֵיבָּל,"`Eybal (ay-bawl') n/l.",,ఏబాలు,Hebrew,Old Testament
H5859,עִיוֹן,"`Iyown (ee-yone') n/l.",,ఒకటి,Hebrew,Old Testament
H5860,עִיטּ,"`iyt (eet) v.",,అర్థం తెలియదు,Hebrew,Old Testament
H5861,עַיִט,"a hawk or other bird of prey",,పక్షి,Hebrew,Old Testament
H5862,עֵיטָּם,"`Eytam (ay-tawm') n/l.",,అర్థం తెలియదు,Hebrew,Old Testament
H5863,עִיֵי הָעֲבָרִים,"`Iyey ha-`Abariym (ee-yay' haw-ab-aw-reem') n/l.",,అర్థం తెలియదు,Hebrew,Old Testament
H5864,עִיִים,"`Iyiym (ee-yeem') n/l.",,అర్థం తెలియదు,Hebrew,Old Testament
H5865,עֵילוֹם,"ever",,ఎవర్,Hebrew,Old Testament
H5866,עִילַי,"`Iylay (ee-lah'-ee) n/p.",,అర్థం తెలియదు,Hebrew,Old Testament
H5867,עֵילָם עוֹלָם,"`Eylam (ay-lawm') (or mOwlam (Ezra 10) n/l.",,ధర్మశాస్త్రం,Hebrew,Old Testament
H5868,עֲיָם,"probably meaning strength",,బహుశా బలం అని అర్థం,Hebrew,Old Testament
H5869,עַיִן,"`ayin (ah'-yin) n-e.",ఆయిన్,కన్ను,Hebrew,Old Testament
H5870,עַיִן,"an eye",,కన్ను,Hebrew,Old Testament
H5871,עַיִן,"`Ayin (ah'-yin) n/l.",,కన్ను,Hebrew,Old Testament
H5872,עֵין גֶּדִי,"`Eyn Gediy (ane geh'-dee) n/l.",,ఏన్ గెదీ,Hebrew,Old Testament
H5873,עֵין גַּנִּים,"`Eyn Ganniym (ane gan-neem') n/l.",,ఏన్ గన్నీమ్,Hebrew,Old Testament
H5874,עֵין ־ דּאוֹר עֵין דּוֹר עֵין ־ דּוֹר,"`Eyn-Do'r",,ఏన్-దోర్,Hebrew,Old Testament
H5875,עֵין הַקּוֹרֵא,"`Eyn haq-Qowre' (ane-hak-ko-ray') n/l.",,ఏన్ హాక్-కోరే,Hebrew,Old Testament
H5876,עֵין חַדָּה,"`Eyn Chaddah (ane khad-daw') n/l.",,ఏన్ చద్దా,Hebrew,Old Testament
H5877,עֵין חָצוֹר,"`Eyn Chatsowr (ane khaw-tsore') n/l.",,ఏన్ హట్సోర్,Hebrew,Old Testament
H5878,עֵין חֲרוֹד,"`Eyn Charod (ane khar-ode') n/l.",,ఏన్ చరోడ్,Hebrew,Old Testament
H5879,עֵינַיִם עֵינָם,"`Eynayim (ay-nah'-yim) (or mEynam ay-nawm') n/l.",,ఏనాయిమ్,Hebrew,Old Testament
H5880,עֵין מִשׁפָּט,"`Eyn Mishpat (ane mish-pawt') n/l.",,ఏన్ మిష్పాట్,Hebrew,Old Testament
H5881,עֵינָן,"`Eynan (ay-nawn') n/p.",,ఏనాన్,Hebrew,Old Testament
H5882,עֵין עֶגלַיִם,"`Eyn `Eglayim (ane eg-lah'-yim) n/l.",,ఏన్ ఎగ్లాయిమ్,Hebrew,Old Testament
H5883,עֵין רוֹגֵל,"`Eyn Rogel (ane ro-gale') n/l.",,ఏన్ రోగెల్,Hebrew,Old Testament
H5884,עֵין רִמּוֹן,"`Eyn Rimmown (ane rim-mone') n/l.",,ఒకటి,Hebrew,Old Testament
H5885,עֵין שֶׁמֶשׁ,"`Eyn Shemesh (ane sheh'-mesh) n/l.",,ఏన్ షెమెష్,Hebrew,Old Testament
H5886,עֵין תַּנִּים,"`Eyn Tanniym (ane tan-neem') n/l.",,ఏన్ టన్నీమ్,Hebrew,Old Testament
H5887,עֵין תַּפּוַּח,"`Eyn Tappuwach (ane tap-poo'-akh) n/l.",,ఏన్ టప్పువాచ్,Hebrew,Old Testament
H5888,עָיֵף,"`ayeph (aw-yafe') v.",,అలసిపోవు,Hebrew,Old Testament
H5889,עָיֵף,"`ayeph (aw-yafe') adj.",,అలసిపోవు,Hebrew,Old Testament
H5890,עֵיפָה,"obscurity (as if from covering)",,కప్పి ఉంచడం వలన అస్పష్టత,Hebrew,Old Testament
H5891,עֵיפָה,"`Eyphah (ay-faw') n/p.",,ఏఫా,Hebrew,Old Testament
H5892,עִיר עָר עָיַר,"a city (a place guarded by waking or a watch) in the widest sense (even of a mere encampment or post...",,రాజు,Hebrew,Old Testament
H5893,עִיר,"`Iyr (eer) n/p.",,పట్టణము,Hebrew,Old Testament
H5894,עִיר,"a watcher",,పట్టణము,Hebrew,Old Testament
H5895,עַיִר,"(properly) a young donkey (as just broken to a load)",,గాడిద,Hebrew,Old Testament
H5896,עִירָא,"`Iyra' (ee-raw') n/p.",,ఈరా,Hebrew,Old Testament
H5897,עִירָד,"`Iyrad (ee-rawd') n/p.",,ఈరాద్,Hebrew,Old Testament
H5898,עִיר הַמֶּלַח,"`Iyr ham-Melach (eer ham-meh'-lakh) n/l.",,ఇర్ హమ్-మెలాఖ్,Hebrew,Old Testament
H5899,עִיר הַתּתְּמָרִים,"`Iyr hat-Tmariym (eer hat-tem-aw-reem') n/l.",,ఇర్ హాట్-టమారీమ్,Hebrew,Old Testament
H5900,עִירוּ,"`Iyruw (ee-roo') n/p.",,ఈరూ,Hebrew,Old Testament
H5901,עִירִי,"`Iyriy (ee-ree') n/p.",,ఈరియ్,Hebrew,Old Testament
H5902,עִירָם,"Iyram (ee-rawm') n/p.",,అర్థం తెలియదు,Hebrew,Old Testament
H5903,עֵירוֹם עֵרוֹם,"`eyrom (ay-rome') (or merom ay-rome') adj.",,అర్థం తెలియదు,Hebrew,Old Testament
H5904,עִיר נָחָשׁ,"`Iyr Nachash (eer naw-khawsh') n/p.",,అర్థం తెలియదు,Hebrew,Old Testament
H5905,עִיר שֶׁמֶשׁ,"`Iyr Shemesh (eer sheh'-mesh) n/l.",,అర్థం తెలియదు,Hebrew,Old Testament
H5906,עַיִשׁ עָשׁ,"the constellation of the Great Bear (perhaps from its migration through the heavens)",,పరలోకం,Hebrew,Old Testament
H5907,עַכבּוֹר,"`Akbowr (ak-bore') n/p.",,అర్థం తెలియదు,Hebrew,Old Testament
H5908,עַכָּבִישׁ,"a spider (as weaving a network)",,రెండు,Hebrew,Old Testament
H5909,עַכבָּר,"a mouse (as nibbling)",,కొరుకుతున్న ఎలుక,Hebrew,Old Testament
H5910,עַכּוֹ,"`Akkow (ak-ko') n/l.",,అర్థం తెలియదు,Hebrew,Old Testament
H5911,עָכוֹר,"troubled",,బాధపడ్డాడు,Hebrew,Old Testament
H5912,עָכָן,"`Akan (aw-kawn') n/p.",,అర్థం తెలియదు,Hebrew,Old Testament
H5913,עָכַס,"`akac (aw-kas') v.",,అర్థం తెలియదు,Hebrew,Old Testament
H5914,עֶכֶס,"a fetter",,సంకెళ్ళు,Hebrew,Old Testament
H5915,עַכסָה,"`Akcah (ak-saw') n/p.",,అర్థం తెలియదు,Hebrew,Old Testament
H5916,עָכַר,"`akar (aw-kar') v.",,అర్థం తెలియదు,Hebrew,Old Testament
H5917,עָכָר,"`Akar (aw-kawr') n/p.",,అర్థం తెలియదు,Hebrew,Old Testament
H5918,עָכרָן,"`Okran (ok-rawn') n/p.",,అర్థం తెలియదు,Hebrew,Old Testament
H5919,עַכשׁוּב,"an asp (from lurking coiled up)",,రాజు,Hebrew,Old Testament
H5920,עַל,"`al (al) adv.",,మీద,Hebrew,Old Testament
H5921,עַל,"`al (al) prep.",అల్,మీద,Hebrew,Old Testament
H5922,עַל,"`al (al) prep.",,మీద,Hebrew,Old Testament
H5923,עוֹל עוֹל,"a yoke (as imposed on the neck)",,మెడకు వేసే కాడి,Hebrew,Old Testament
H5924,עֵלָּא,"`ella' (ale-law') adv.",,ధర్మశాస్త్రం,Hebrew,Old Testament
H5925,עוּלָּא,"`Ulla' (ool-law') n/p.",,ధర్మశాస్త్రం,Hebrew,Old Testament
H5926,עִלֵּג,"`illeg (il-layg') adj.",,అర్థం తెలియదు,Hebrew,Old Testament
H5927,עָלָה,"`alah (aw-law') v.",ఆలా,ఎక్కు,Hebrew,Old Testament
H5928,עֲלָה,"a holocaust",,పూర్తిగా దహనమైన బలి,Hebrew,Old Testament
H5929,עָלֶה,"a leaf (as coming up on a tree)",,చెట్టు,Hebrew,Old Testament
H5930,עוֹלָה עוֹלָה,"a step or (collectively",ఓలా,దహనబలి,Hebrew,Old Testament
H5931,עִלָּה,"a pretext (as arising artificially)",,పాపం,Hebrew,Old Testament
H5932,עַלוָה,"moral perverseness",,నైతిక వైకల్యం,Hebrew,Old Testament
H5933,עַלוָה עַליָה,"`Alvah (al-vaw') (or Alyah al-yaw') n/p.",,అర్థం తెలియదు,Hebrew,Old Testament
H5934,עָלוּם,"(only in plural as abstract) adolescence",,బహువచనంలో మాత్రమే యుక్తవయస్సుగా సంగ్రహించండి,Hebrew,Old Testament
H5935,עַלוָן עַליָן,"`Alvan (al-vawn') (or sAlyan al-yawn') n/p.",,అల్వాను,Hebrew,Old Testament
H5936,עֲלוּקָה,"the leech",,జలగ,Hebrew,Old Testament
H5937,עָלַז,"`alaz (aw-laz') v.",,అర్థం తెలియదు,Hebrew,Old Testament
H5938,עָלֵז,"`alez (aw-laze') adj.",,అర్థం తెలియదు,Hebrew,Old Testament
H5939,עֲלָטָה,"dusk",,సంధ్యా సమయం,Hebrew,Old Testament
H5940,עֱלִי,"a pestle (as lifted)",,రోకలి,Hebrew,Old Testament
H5941,עֵלִי,"`Eliy (ay-lee') n/p.",,ఏలీ,Hebrew,Old Testament
H5942,עִלִּי,"`illiy (il-lee') adj.",,అర్థం తెలియదు,Hebrew,Old Testament
H5943,עִלַּי,"`illay (il-lah'-ee) adj.",,అర్థం తెలియదు,Hebrew,Old Testament
H5944,עֲלִיָה,"something lofty",,ఉన్నతమైనది,Hebrew,Old Testament
H5945,עֶליוֹן,"elyown (el-yone') adj.",ఎల్యోన్,సర్వోన్నతుడు,Hebrew,Old Testament
H5946,עֶליוֹן,"`elyown (el-yone') adj.",,ఒకటి,Hebrew,Old Testament
H5947,עַלִּיז,"`alliyz (al-leez') adj.",,అర్థం తెలియదు,Hebrew,Old Testament
H5948,עֲלִיל,"probably a crucible (as working over the metal)",,రాజు,Hebrew,Old Testament
H5949,עֲלִילָה עֲלִלָה,"an exploit (of God)",,దేవుడు,Hebrew,Old Testament
H5950,עֲלִילִיָה,"(miraculous) execution",,అద్భుతమైన ఉరి,Hebrew,Old Testament
H5951,עֲלִיצּוּת,"exultation",,ఆనందం,Hebrew,Old Testament
H5952,עַלִּיתּ,"a second-story room",,రెండో అంతస్తు గది,Hebrew,Old Testament
H5953,עָלַל,"`alal (aw-lal') v.",,అర్థం తెలియదు,Hebrew,Old Testament
H5954,עֲלַל,"`alal (al-al') v.",,అర్థం తెలియదు,Hebrew,Old Testament
H5955,עוֹלֵלָה,"only in plural gleanings",,ఏరుకోవడం మాత్రమే బహువచనంలో,Hebrew,Old Testament
H5956,עָלַם,"`alam (aw-lam') v.",,అర్థం తెలియదు,Hebrew,Old Testament
H5957,עָלַם,"remote time",,సుదూర కాలం,Hebrew,Old Testament
H5958,עֶלֶם,"(properly) something kept out of sight",,సరిగ్గా కంటికి కనిపించకుండా ఉంచబడినది,Hebrew,Old Testament
H5959,עַלמָה,"a lass (as veiled or private)",,ముసుగు వేసుకున్న లేదా వ్యక్తిగతమైన ఒక చిన్నది,Hebrew,Old Testament
H5960,עַלמוֹן,"`Almown (al-mone') n/l.",,ఒకటి,Hebrew,Old Testament
H5961,עֲלָמוֹת,"(properly) girls",,సరిగ్గా అమ్మాయిలు,Hebrew,Old Testament
H5962,עַלמִי,"`Almiy (al-mee') n/g.",,అర్థం తెలియదు,Hebrew,Old Testament
H5963,עַלמוֹן דִּבלָתָימָה,"`Almon Diblathaymah (al-mone' dib-law-thaw'-yem-aw) n/l.",,ధర్మశాస్త్రం,Hebrew,Old Testament
H5964,עָלֶמֶת,"`Alemeth (aw-leh'-meth) n/p.",,అర్థం తెలియదు,Hebrew,Old Testament
H5965,עָלַס,"`alac (aw-las') v.",,అర్థం తెలియదు,Hebrew,Old Testament
H5966,עָלַע,"`ala` (aw-lah') v.",,అర్థం తెలియదు,Hebrew,Old Testament
H5967,עֲלַע,"a rib",,ప్రక్కటెముక,Hebrew,Old Testament
H5968,עָלַף,"`alaph (aw-laf') v.",,అర్థం తెలియదు,Hebrew,Old Testament
H5969,עוּלפֶּה,"`ulpeh (ool-peh') subv.",,అర్థం తెలియదు,Hebrew,Old Testament
H5970,עָלַץ,"`alats (aw-lats') v.",,అర్థం తెలియదు,Hebrew,Old Testament
H5971,עַם,"a people (as a congregated unit)",ఆమ్,ప్రజలు,Hebrew,Old Testament
H5972,עַם,"people",,ప్రజలు,Hebrew,Old Testament
H5973,עִם,"`im (eem) prep.",ఇమ్,తో,Hebrew,Old Testament
H5974,עִם,"`im (eem) prep.",,తో,Hebrew,Old Testament
H5975,עָמַד,"`amad (aw-mad') v.",ఆమద్,నిలబడు,Hebrew,Old Testament
H5976,עָמַד,"`amad (aw-mad') v.",,నిలుచు,Hebrew,Old Testament
H5977,עוֹמֶד,"a spot (as being fixed)",,ఒక స్థిరమైన మచ్చ,Hebrew,Old Testament
H5978,עִמָּד,"`immad (im-mawd') prep.",,ఇమ్మాడు,Hebrew,Old Testament
H5979,עֶמדָּה,"a station",,ఒక స్టేషన్,Hebrew,Old Testament
H5980,עוּמָּה,"conjunction",,సమ్మేళనం,Hebrew,Old Testament
H5981,עוּמָּה,"`Ummah (oom-maw') n/l.",,అర్థం తెలియదు,Hebrew,Old Testament
H5982,עַמּוּד עַמּוּד,"a column (as standing)",,స్తంభము,Hebrew,Old Testament
H5983,עַמּוֹן,"`Ammown (am-mone') n/p.",,ఒకటి,Hebrew,Old Testament
H5984,עַמּוֹנִי,"`Ammowniy (am-mo-nee') adj.",,అమ్మోనీయుడు,Hebrew,Old Testament
H5985,עַמּוֹנִיתּ,"Ammowniyth (am-mo-neeth') adj.",,అమ్మోనీయురాలు,Hebrew,Old Testament
H5986,עָמוֹס,"`Amowc (aw-moce') n/p.",,అర్థం తెలియదు,Hebrew,Old Testament
H5987,עָמוֹק,"`Amowq (aw-moke') n/p.",,అర్థం తెలియదు,Hebrew,Old Testament
H5988,עַמִּיאֵל,"`Ammiy'el (am-mee-ale') n/p.",,అర్థం తెలియదు,Hebrew,Old Testament
H5989,עַמִּיהוּד,"`Ammiyhuwd (am-mee-hood') n/p.",,అర్థం తెలియదు,Hebrew,Old Testament
H5990,עַמִּיזָבָד,"`Ammiyzabad (am-mee-zaw-bawd') n/p.",,అర్థం తెలియదు,Hebrew,Old Testament
H5991,עַמִּיחוּר,"`Ammiychuwr (am-mee-khoor') n/p.",,అర్థం తెలియదు,Hebrew,Old Testament
H5992,עַמִּינָדָב,"`Ammiynadab (am-mee-naw-dawb') n/p.",,అర్థం తెలియదు,Hebrew,Old Testament
H5993,עַמִּי נָדִיבּ,"`Ammiy Nadiyb (am-mee' naw-deeb') n/p.",,అర్థం తెలియదు,Hebrew,Old Testament
H5994,עֲמִיק,"`amiyq (am-eek') adj.",,లోతైన,Hebrew,Old Testament
H5995,עָמִיר,"a bunch of grain",,వర్షం,Hebrew,Old Testament
H5996,עַמִּישַׁדַּי,"`Ammiyshadday (am-mee-shad-dah'ee) n/p.",,దినము,Hebrew,Old Testament
H5997,עָמִיתּ,"companionship",,సాంగత్యం,Hebrew,Old Testament
H5998,עָמַל,"`amal (aw-mal') v.",,శ్రమపడు,Hebrew,Old Testament
H5999,עָמָל,"`amal (aw-mawl') n-e.",,శ్రమ,Hebrew,Old Testament
H6000,עָמָל,"`Amal (aw-mawl') n/p.",,అర్థం తెలియదు,Hebrew,Old Testament
H6001,עָמֵל,"`amel (aw-male') adj.",,కష్టించి పనిచేసే,Hebrew,Old Testament
H6002,עֲמָלֵק,"`Amaleq (am-aw-lake') n/p.",,అమాలేకు,Hebrew,Old Testament
H6003,עֲמָלֵקִי,"`Amaleqiy (am-aw-lay-kee') adj.",,అమలకయడ,Hebrew,Old Testament
H6004,עָמַם,"`amam (aw-mam') v.",,సన్నిధిలో ఉండు,Hebrew,Old Testament
H6005,עִמָּנוּאֵל,"`Immanuw'el (im-maw-noo-ale') n/p.",,మనిషి,Hebrew,Old Testament
H6006,עָמַס עָמַשׂ,"`amac (aw-mas') (or mamas aw-mas') v.",,బలపరచు,Hebrew,Old Testament
H6007,עֲמַסיָה,"`Amacyah (am-as-yaw') n/p.",,అమజ్యా,Hebrew,Old Testament
H6008,עַמעָד,"`Am`ad (am-awd') n/l.",,అర్థం తెలియదు,Hebrew,Old Testament
H6009,עָמַק,"`amaq (aw-mak') v.",,లోతుగా తవ్వు,Hebrew,Old Testament
H6010,עֵמֶק,"a vale (i.e. broad depression)",,లోయ,Hebrew,Old Testament
H6011,עוֹמֶק,"depth",,లోతు,Hebrew,Old Testament
H6012,עָמֵק,"`ameq (aw-make') adj.",,లోతైన,Hebrew,Old Testament
H6013,עָמוֹק,"`amoq (aw-moke') adj.",,లోతు,Hebrew,Old Testament
H6014,עָמַר,"`amar (aw-mar') v.",,చెప్పు,Hebrew,Old Testament
H6015,עֲמַר,"wool",,గొర్రె ఊలు,Hebrew,Old Testament
H6016,עוֹמֶר,"(properly) a heap",,సరిగ్గా ఒక కుప్ప,Hebrew,Old Testament
H6017,עֲמוֹרָה,"`Amorah (am-o-raw') n/l.",,గొమొర్రా,Hebrew,Old Testament
H6018,עָמרִי,"`Omriy (om-ree') n/p.",,ఒమ్రీ,Hebrew,Old Testament
H6019,עַמרָם,"`Amram (am-rawm') n/p.",,అమ్రాము,Hebrew,Old Testament
H6020,עַמרָמִי,"`Amramiy (am-raw-mee') adj.",,అమ్రామీయుడు,Hebrew,Old Testament
H6021,עֲמָשָׂא,"`Amasa' (am-aw-saw') n/p.",,అమాశా,Hebrew,Old Testament
H6022,עֲמָשַׂי,"`Amasay (am-aw-sah'-ee) n/p.",,అమాసాయి,Hebrew,Old Testament
H6023,עֲמַשׁסַי,"`Amashcay (am-ash-sah'-ee) n/p.",,అమాష్షయి,Hebrew,Old Testament
H6024,עֲנָב,"`Anab (an-awb') n/l.",,అనాబు,Hebrew,Old Testament
H6025,עֵנָב,"a grape",,ద్రాక్ష,Hebrew,Old Testament
H6026,עָנַג,"`anag (aw-nag') v.",,బాధింపచేయు,Hebrew,Old Testament
H6027,עוֹנֶג,"luxury",,విలాసవంతమైన,Hebrew,Old Testament
H6028,עָנוֹג,"`anog (aw-nogue') adj.",,అర్థం తెలియదు,Hebrew,Old Testament
H6029,עָנַד,"`anad (aw-nad') v.",,అర్థం తెలియదు,Hebrew,Old Testament
H6030,עָנָה,"`anah (aw-naw') v.",ఆనా,జవాబిచ్చు,Hebrew,Old Testament
H6031,עָנָה,"`anah (aw-naw') v.",,జవాబిచ్చు,Hebrew,Old Testament
H6032,עֲנָה,"`anah (an-aw') v.",,అనా,Hebrew,Old Testament
H6033,עֲנָה,"`anah (an-aw') adj.",,అనా,Hebrew,Old Testament
H6034,עֲנָה,"`Anah (an-aw') n/p.",,అనా,Hebrew,Old Testament
H6035,עָנָו עָנָיו,"depressed (figuratively)",,నిరుత్సాహంగా,Hebrew,Old Testament
H6036,עָנוּב,"`Anuwb (aw-noob') n/p.",,అర్థం తెలియదు,Hebrew,Old Testament
H6037,עַנוָה,"mildness (royal)",,రాజరిక మృదుత్వం,Hebrew,Old Testament
H6038,עֲנָוָה,"condescension",,దయ,Hebrew,Old Testament
H6039,עֱנוּת,"affliction",,బాధ,Hebrew,Old Testament
H6040,עֳנִי,"depression",,నిరాశ,Hebrew,Old Testament
H6041,עָנִי,"`aniy (aw-nee') adj.",,పేదవాడు,Hebrew,Old Testament
H6042,עוּנִּי,"`Unniy (oon-nee') n/p.",,అర్థం తెలియదు,Hebrew,Old Testament
H6043,עֲנָיָה,"`Anayah (an-aw-yaw') n/p.",,అర్థం తెలియదు,Hebrew,Old Testament
H6044,עָנִים,"`Aniym (aw-neem') n/l.",,అర్థం తెలియదు,Hebrew,Old Testament
H6045,עִניָן,"bustle",,సందడి,Hebrew,Old Testament
H6046,עָנֵם,"`Anem (aw-name') n/l.",,పేరు,Hebrew,Old Testament
H6047,עֲנָמִים,"`Anamim (an-aw-meem') n/p.",,అనామీము,Hebrew,Old Testament
H6048,עֲנַמֶּלֶך,"`Anammelek (an-am-meh'-lek) n/t.",,అర్థం తెలియదు,Hebrew,Old Testament
H6049,עָנַן,"`anan (aw-nan') v.",,అర్థం తెలియదు,Hebrew,Old Testament
H6050,עֲנַן,"cloud",,మేఘం,Hebrew,Old Testament
H6051,עָנָן,"a cloud (as covering the sky)",,ఆకాశం,Hebrew,Old Testament
H6052,עָנָן,"`Anan (aw-nawn') n/p.",,మేఘము,Hebrew,Old Testament
H6053,עֲנָנָה,"cloudiness",,మేఘం,Hebrew,Old Testament
H6054,עֲנָנִי,"`Ananiy (an-aw-nee') n/p.",,అర్థం తెలియదు,Hebrew,Old Testament
H6055,עֲנַניָה,"`Ananyah (an-an-yaw') n/l.",,అర్థం తెలియదు,Hebrew,Old Testament
H6056,עֲנַף עֶנֶף,"a twig (as covering the limbs)",,అవయవాలను కప్పి ఉంచే కొమ్మ,Hebrew,Old Testament
H6057,עָנָף,"a twig (as covering the limbs)",,అవయవాలను కప్పి ఉంచే కొమ్మ,Hebrew,Old Testament
H6058,עָנֵף,"`aneph (aw-nafe') adj.",,అర్థం తెలియదు,Hebrew,Old Testament
H6059,עָנַק,"`anaq (aw-nak') v.",,అర్థం తెలియదు,Hebrew,Old Testament
H6060,עָנָק,"a necklace (as if strangling)",,ఉక్కిరిబిక్కిరి చేసేలా ఉండే నెక్లెస్,Hebrew,Old Testament
H6061,עָנָק,"`Anaq (aw-nawk') n/p.",,అర్థం తెలియదు,Hebrew,Old Testament
H6062,עֲנָקִי,"`Anaqiy (an-aw-kee') adj.",,అర్థం తెలియదు,Hebrew,Old Testament
H6063,עָנֵר,"`Aner (aw-nare') n/l.",,అర్థం తెలియదు,Hebrew,Old Testament
H6064,עָנַשׁ,"`anash (aw-nash') v.",,అర్థం తెలియదు,Hebrew,Old Testament
H6065,עֲנַשׁ,"`anash (an-ash') v.",,అర్థం తెలియదు,Hebrew,Old Testament
H6066,עוֹנֶשׁ,"a fine",,జరిమానా,Hebrew,Old Testament
H6067,עֲנָת,"`Anath (an-awth') n/p.",,ఓఫీరు,Hebrew,Old Testament
H6068,עֲנָתוֹת,"`Anathowth (an-aw-thoth') n/l.",,అర్థం తెలియదు,Hebrew,Old Testament
H6069,עַנתּוֹתִי עַנְּתוֹתִי,"`Anthothiy (an-tho-thee') (or rAnnthowthiy an-ne-tho-thee') adj.",,అర్థం తెలియదు,Hebrew,Old Testament
H6070,עַנתּוֹתִיָה,"`Anthothiyah (an-tho-thee-yaw') n/p.",,అర్థం తెలియదు,Hebrew,Old Testament
H6071,עָסִיס,"must or fresh grape-juice (as just trodden out)",,క్రొత్త ద్రాక్షారసం,Hebrew,Old Testament
H6072,עָסַס,"`acac (aw-sas') v.",,అర్థం తెలియదు,Hebrew,Old Testament
H6073,עֳפֶא,"a bough (as covering the tree)",,చెట్టు,Hebrew,Old Testament
H6074,עֳפִי,"a twig",,చిగురు కొమ్మ,Hebrew,Old Testament
H6075,עָפַל,"`aphal (aw-fal') v.",,అర్థం తెలియదు,Hebrew,Old Testament
H6076,עוֹפֶל,"a tumor",,గడ్డ,Hebrew,Old Testament
H6077,עוֹפֶל,"`Ophel (o'-fel) n/l.",,ఒఫెల్,Hebrew,Old Testament
H6078,עָפנִי,"`Ophniy (of-nee') n/l.",,ఒఫ్నీ,Hebrew,Old Testament
H6079,עַפעַף,"an eyelash (as fluttering)",,కన్ను,Hebrew,Old Testament
H6080,עָפַר,"`aphar (aw-far') v.",,అర్థం తెలియదు,Hebrew,Old Testament
H6081,עֵפֶר,"`Epher (ay'-fer) n/p.",,ఏఫెర్,Hebrew,Old Testament
H6082,עוֹפֶר,"a fawn (from the dusty color)",,దుమ్ము రంగు నుండి జింక పిల్ల,Hebrew,Old Testament
H6083,עָפָר,"dust (as powdered or gray)",,ధూళి,Hebrew,Old Testament
H6084,עָפרָה,"`Ophrah (of-raw') n/l.",,ఒఫ్రా,Hebrew,Old Testament
H6085,עֶפרוֹן,"`Ephrown (ef-rone') n/l.",,ఒకటి,Hebrew,Old Testament
H6086,עֵץ,"a tree (from its firmness)",ఏత్స్,చెట్టు,Hebrew,Old Testament
H6087,עָצַב,"`atsab (aw-tsab') v.",,దుఃఖించు,Hebrew,Old Testament
H6088,עֲצַב,"`atsab",,అర్థం తెలియదు,Hebrew,Old Testament
H6089,עֶצֶב,"an earthen vessel",,భూమి,Hebrew,Old Testament
H6090,עוֹצֶב,"an idol (as fashioned)",,ఒకటి,Hebrew,Old Testament
H6091,עָצָב,"an (idolatrous) image",,విగ్రహం,Hebrew,Old Testament
H6092,עָצֵב,"a (hired) workman",,మనిషి,Hebrew,Old Testament
H6093,עִצָּבוֹן,"worrisomeness",,చింత,Hebrew,Old Testament
H6094,עַצֶּבֶת,"a idol",,విగ్రహం,Hebrew,Old Testament
H6095,עָצָה,"`atsah (aw-tsaw') v.",,అర్థం తెలియదు,Hebrew,Old Testament
H6096,עָצֶה,"the spine (as giving firmness to the body)",,శరీరానికి దృఢత్వం ఇచ్చే వెన్నెముక,Hebrew,Old Testament
H6097,עֵצָה,"timber",,ఆలోచన,Hebrew,Old Testament
H6098,עֵצָה,"advice",,ఆలచన,Hebrew,Old Testament
H6099,עָצוּם עָצוּם,"`atsuwm (aw-tsoom') (or matsum aw-tsoom') adj.",,అర్థం తెలియదు,Hebrew,Old Testament
H6100,עֶציוֹן גֶּבֶר עֶציוֹן גֶּבֶר,"`Etsyown (ets-yone' gheh'ber) ((shorter) Etsyon Geber) n/l.",,ఒకటి,Hebrew,Old Testament
H6101,עָצַל,"`atsal (aw-tsal') v.",,అర్థం తెలియదు,Hebrew,Old Testament
H6102,עָצֵל,"`atsel (aw-tsale') adj.",,అర్థం తెలియదు,Hebrew,Old Testament
H6103,עַצלָה,"(as abstractly) indolence",,బద్ధకం,Hebrew,Old Testament
H6104,עַצלוּת,"indolence",,బద్ధకం,Hebrew,Old Testament
H6105,עָצַם,"`atsam (aw-tsam') v.",,అర్థం తెలియదు,Hebrew,Old Testament
H6106,עֶצֶם,"a bone (as strong)",,బలమైన,Hebrew,Old Testament
H6107,עֶצֶם,"`Etsem (eh'-tsem) n/l.",,ఎముక,Hebrew,Old Testament
H6108,עוֹצֶם,"power",,శక్తి,Hebrew,Old Testament
H6109,עָצמָה,"powerfulness",,శక్తివంతమైనది,Hebrew,Old Testament
H6110,עַצּוּמָה,"a bulwark",,యుద్ధం,Hebrew,Old Testament
H6111,עַצמוֹן עַצמוֹן,"`Atsmown (ats-mone') (or iAtsmon ats-mone') n/l.",,ఒకటి,Hebrew,Old Testament
H6112,עֵצֶן,"a spear",,చెవి,Hebrew,Old Testament
H6113,עָצַר,"`atsar (aw-tsar') v.",,ఆపెను,Hebrew,Old Testament
H6114,עֶצֶר,"restraint",,వర్షం,Hebrew,Old Testament
H6115,עוֹצֶר,"closure",,మూసివేత,Hebrew,Old Testament
H6116,עֲצָרָה עֲצֶרֶת,"an assembly",,సమావేశం,Hebrew,Old Testament
H6117,עָקַב,"`aqab (aw-kab') v.",,అర్థం తెలియదు,Hebrew,Old Testament
H6118,עֵקֶב,"`eqeb (ay'-keb) adv.",,ఎందుకంటే,Hebrew,Old Testament
H6119,עָקֵב עִקְּבָה,"a heel (as protuberant)",,మడమ,Hebrew,Old Testament
H6120,עָקֵב,"`aqeb (aw-kabe') adj.",,మడమ,Hebrew,Old Testament
H6121,עָקוֹב,"`aqob (aw-kobe') adj.",,అర్థం తెలియదు,Hebrew,Old Testament
H6122,עָקבָּה,"trickery",,మోసము,Hebrew,Old Testament
H6123,עָקַד,"`aqad (aw-kad') v.",,అర్థం తెలియదు,Hebrew,Old Testament
H6124,עָקוֹד,"`aqod (aw-kode') adj.",,అర్థం తెలియదు,Hebrew,Old Testament
H6125,עָקָה,"constraint",,వర్షం,Hebrew,Old Testament
H6126,עַקּוּב,"`Aqquwb (ak-koob') n/p.",,యాకూబు,Hebrew,Old Testament
H6127,עָקַל,"`aqal (aw-kal') v.",,అర్థం తెలియదు,Hebrew,Old Testament
H6128,עֲקַלקַל,"`aqalqal (ak-al-kal') adj.",,అర్థం తెలియదు,Hebrew,Old Testament
H6129,עֲקַלָּתוֹן,"`aqallathown (ak-al-law-thone') adj.",,ధర్మశాస్త్రం,Hebrew,Old Testament
H6130,עָקָן,"`Aqan (aw-kawn') n/p.",,ఆకాను,Hebrew,Old Testament
H6131,עָקַר,"`aqar (aw-kar') v.",,అర్థం తెలియదు,Hebrew,Old Testament
H6132,עֲקַר,"`aqar (ak-ar') v.",,అర్థం తెలియదు,Hebrew,Old Testament
H6133,עֵקֶר,"stock",,వంశం,Hebrew,Old Testament
H6134,עֵקֶר,"`Eqer (ay'-ker) n/p.",,ఏకెరు,Hebrew,Old Testament
H6135,עָקָר,"`aqar (aw-kawr') adj.",,గొడ్రాలు,Hebrew,Old Testament
H6136,עִקַּר,"a stock",,ఒక జాతి,Hebrew,Old Testament
H6137,עַקרָב,"a scorpion",,తేలు,Hebrew,Old Testament
H6138,עֶקרוֹן,"`Eqrown (ek-rone') n/l.",,ఒకటి,Hebrew,Old Testament
H6139,עֶקרוֹנִי עֶקרוֹנִי,"`Eqrowniy (ek-ro-nee') (or mEqroniy ek-ro-nee') adj.",,ఎక్రోనీయుడు,Hebrew,Old Testament
H6140,עָקַשׁ,"`aqash (aw-kash') v.",,అర్థం తెలియదు,Hebrew,Old Testament
H6141,עִקֵּשׁ,"`iqqesh (ik-kashe') adj.",,వంకరైన,Hebrew,Old Testament
H6142,עִקֵּשׁ,"`Iqqesh (ik-kashe') n/p.",,ఇక్కేష్,Hebrew,Old Testament
H6143,עִקְּשׁוּת,"perversity",,మూర్ఖత్వం,Hebrew,Old Testament
H6144,עָר,"`Ar (awr) n/l.",,ఆర్,Hebrew,Old Testament
H6145,עָר,"a foe (as watchful for mischief)",,అపాయం కోసం కనిపెట్టుకొని ఉండే శత్రువు,Hebrew,Old Testament
H6146,עָר,"enemy",,శత్రువు,Hebrew,Old Testament
H6147,עֵר,"`Er (ayr) n/p.",,ఏరు,Hebrew,Old Testament
H6148,עָרַב,"`arab (aw-rab') v.",,అర్థం తెలియదు,Hebrew,Old Testament
H6149,עָרֵב,"`areb (aw-rabe') v.",,అర్థం తెలియదు,Hebrew,Old Testament
H6150,עָרַב,"`arab (aw-rab') v.",,అర్థం తెలియదు,Hebrew,Old Testament
H6151,עֲרַב,"`arab (ar-ab') v.",,అర్థం తెలియదు,Hebrew,Old Testament
H6152,עֲרָב עֲרַב,"Arab (ar-awb') (or mArab ar-ab') n/l.",,అరబ్బులు,Hebrew,Old Testament
H6153,עֶרֶב,"dusk",,సాయంత్రము,Hebrew,Old Testament
H6154,עֵרֶב עֶרֶב,"the web (or transverse threads of cloth)",,గుడ్డ యొక్క అడ్డు దారాలు,Hebrew,Old Testament
H6155,עָרָב,"a willow (from the use of osiers as wattles)",,విల్లో చెట్టు,Hebrew,Old Testament
H6156,עָרֵב,"`areb (aw-rabe') adj.",,అర్థం తెలియదు,Hebrew,Old Testament
H6157,עָרוֹב,"a mosquito (from its swarming)",,యుద్ధం,Hebrew,Old Testament
H6158,עוֹרֵב עוֹרֵב,"a raven (from its dusky hue)",,ఆకాశం,Hebrew,Old Testament
H6159,עוֹרֵב עוֹרֵב,"`Oreb (o-rabe') (or mOwreb o-rabe') n/l.",,ఓరేబు,Hebrew,Old Testament
H6160,עֲרָבָה,"a desert",,ఎడారి,Hebrew,Old Testament
H6161,עֲרוּבָּה,"something given as security",,హామీగా ఇచ్చినది,Hebrew,Old Testament
H6162,עֲרָבוֹן,"a pawn (given as security)",,పూచీకత్తుగా ఇచ్చిన వస్తువు,Hebrew,Old Testament
H6163,עֲרָבִי עַרבִּי,"`Arabiy (ar-aw-bee') (or mArbiy ar-bee') adj.",,అర్థం తెలియదు,Hebrew,Old Testament
H6164,עַרבָּתִי,"`Arbathiy (ar-baw-thee') adj.",,అర్థం తెలియదు,Hebrew,Old Testament
H6165,עָרַג,"`arag (aw-rag') v.",,అర్థం తెలియదు,Hebrew,Old Testament
H6166,עֲרָד,"`Arad (ar-awd') n/l.",,అరాదు,Hebrew,Old Testament
H6167,עֲרָד,"an onager",,అరాదు,Hebrew,Old Testament
H6168,עָרָה,"`arah (aw-raw') v.",,అర్థం తెలియదు,Hebrew,Old Testament
H6169,עָרָה,"a naked (i.e. level) plot",,బట్టబయలు నేల,Hebrew,Old Testament
H6170,עֲרוּגָה עֲרוּגָה,"something piled up (as if (figuratively) raised by mental aspiration)",,మానసిక ఆకాంక్ష ద్వారా పెంచబడినట్లుగా పేరుకుపోయినది,Hebrew,Old Testament
H6171,עָרוֹד,"an onager (from his lonesome habits)",,ఒకటి,Hebrew,Old Testament
H6172,עֶרוָה,"nudity",,దిగంబరత్వం,Hebrew,Old Testament
H6173,עַרוָה,"nakedness",,దిగంబరత్వం,Hebrew,Old Testament
H6174,עָרוֹם עָרוֹם,"`arowm (aw-rome') (or marom aw-rome') adj.",,అర్థం తెలియదు,Hebrew,Old Testament
H6175,עָרוּם,"`aruwm (aw-room') adj.",,అర్థం తెలియదు,Hebrew,Old Testament
H6176,עֲרוֹעֵר עַרעָר,"a juniper (from its nudity of situation)",,తన స్థలము యొక్క నగ్నత్వం నుండి దేవదారు వృక్షం,Hebrew,Old Testament
H6177,עֲרוֹעֵר עֲרוֹעֵר עַרעוֹר,"`Arow`er (ar-o-ayr') (or `Aro`er ar-o-ayr' or `Ar`owr ar-ore'",,అర్థం తెలియదు,Hebrew,Old Testament
H6178,עָרוּץ,"`aruwts (aw-roots') adj.",,అర్థం తెలియదు,Hebrew,Old Testament
H6179,עֵרִי,"`Eriy (ay-ree') n/p.",,అర్థం తెలియదు,Hebrew,Old Testament
H6180,עֵרִי,"`Eriy (ay-ree') adj.",,అర్థం తెలియదు,Hebrew,Old Testament
H6181,עֶריָה,"nudity",,దిగంబరత్వం,Hebrew,Old Testament
H6182,עֲרִיסָה,"meal",,భోజనం,Hebrew,Old Testament
H6183,עָרִיף,"the sky (as dropping at the horizon)",,ఆకాశం,Hebrew,Old Testament
H6184,עָרִיצּ,"`ariyts (aw-reets') adj.",,అర్థం తెలియదు,Hebrew,Old Testament
H6185,עֲרִירִי,"`ariyriy (ar-e-ree') adj.",,పిల్లలు లేని,Hebrew,Old Testament
H6186,עָרַך,"`arak (aw-rak') v.",,అర్థం తెలియదు,Hebrew,Old Testament
H6187,עֵרֶך,"a pile",,కుప్ప,Hebrew,Old Testament
H6188,עָרֵל,"`arel (aw-rale') v.",,అర్థం తెలియదు,Hebrew,Old Testament
H6189,עָרֵל,"(properly) exposed",,సరిగా బహిర్గతం చేయబడినది,Hebrew,Old Testament
H6190,עָרלָה,"the prepuce",,ముందోలు,Hebrew,Old Testament
H6191,עָרַם,"`aram (aw-ram') v.",,అర్థం తెలియదు,Hebrew,Old Testament
H6192,עָרַם,"`aram (aw-ram') v.",,అర్థం తెలియదు,Hebrew,Old Testament
H6193,עוֹרֶם,"a stratagem",,వ్యూహం,Hebrew,Old Testament
H6194,עָרֵם עֲרֵמָה,"a heap",,కుప్ప,Hebrew,Old Testament
H6195,עָרמָה,"trickery",,మోసం,Hebrew,Old Testament
H6196,עַרמוֹן,"the plane tree (from its smooth and shed bark)",,చెట్టు,Hebrew,Old Testament
H6197,עֵרָן,"`Eran (ay-rawn') n/p.",,అర్థం తెలియదు,Hebrew,Old Testament
H6198,עֵרָנִי,"`Eraniy (ay-raw-nee') adj.",,అర్థం తెలియదు,Hebrew,Old Testament
H6199,עַרעָר,"`ar`ar (ar-awr') adj.",,అర్థం తెలియదు,Hebrew,Old Testament
H6200,עֲרוֹעֵרִי,"`Aro`eriy (ar-o-ay-ree') adj.",,అర్థం తెలియదు,Hebrew,Old Testament
H6201,עָרַף,"`araph (aw-raf') v.",,సంగ్రహించు,Hebrew,Old Testament
H6202,עָרַף,"`araph (aw-raf') v.",,ముంచు,Hebrew,Old Testament
H6203,עוֹרֶף,"the nape or back of the neck (as declining)",,మెడ వెనుక భాగం,Hebrew,Old Testament
H6204,עָרפָּה,"`Orpah (or-paw') n/p.",,ఒర్ప,Hebrew,Old Testament
H6205,עֲרָפֶל,"gloom (as of a lowering sky)",,ఆకాశం,Hebrew,Old Testament
H6206,עָרַץ,"`arats (aw-rats') v.",,భూమిని కలియదిరుగు,Hebrew,Old Testament
H6207,עָרַק,"araq (aw-rak') v.",,ఖాళీ చేయు,Hebrew,Old Testament
H6208,עַרקִי,"`Arqiy (ar-kee') adj.",,అర్కీ,Hebrew,Old Testament
H6209,עָרַר,"`arar (aw-rar') v.",,శాపము చేయు,Hebrew,Old Testament
H6210,עֶרֶשׂ,"a couch (properly",,అర్థం తెలియదు,Hebrew,Old Testament
H6211,עָשׁ עֲסַב,"`ash (awsh) n-e.",,బూడిద,Hebrew,Old Testament
H6212,עֶשֶׂב,"grass (or any tender shoot)",,అంతం,Hebrew,Old Testament
H6213,עָשָׂה,"`asah (aw-saw') v.",ఆసా,చేయు,Hebrew,Old Testament
H6214,עֲשָׂהאֵל,"`Asah'el (as-aw-ale') n/p.",,అసాహేలు,Hebrew,Old Testament
H6215,עֵשָׂו,"`Esav (ay-sawv') n/p.",,ఏశావు,Hebrew,Old Testament
H6216,עָשׁוֹק,"oppressive (as noun",,పీడన,Hebrew,Old Testament
H6217,עָשׁוּק עָשׁוּק,"used in plural masculine as abstractly",,అర్థం తెలియదు,Hebrew,Old Testament
H6218,עָשׂוֹר עָשׂוֹר,"ten",,పది,Hebrew,Old Testament
H6219,עָשׁוֹת,"`ashowth (aw-shoth') adj.",,అషోత్,Hebrew,Old Testament
H6220,עַשׁוָת,"`Ashvath (ash-vawth') n/p.",,అశ్వత్,Hebrew,Old Testament
H6221,עֲשִׂיאֵל,"`Asiy'el",,అర్థం తెలియదు,Hebrew,Old Testament
H6222,עֲשָׂיָה,"`Asayah (aw-saw-yaw') n/p.",,అసాయా,Hebrew,Old Testament
H6223,עָשִׁיר,"`ashiyr (aw-sheer') adj.",,ధనవంతుడు,Hebrew,Old Testament
H6224,עֲשִׂירִי,"`asiyriy (as-ee-ree') adj.",,అసీరియ,Hebrew,Old Testament
H6225,עָשַׁן,"`ashan (aw-shan') v.",,ధూమము,Hebrew,Old Testament
H6226,עָשֵׁן,"`ashen (aw-shane') adj.",,అర్థం తెలియదు,Hebrew,Old Testament
H6227,עָשָׁן,"smoke",,పొగ,Hebrew,Old Testament
H6228,עָשָׁן,"`Ashan (aw-shawn') n/l.",,ఆషాన్,Hebrew,Old Testament
H6229,עָשַׂק,"`asaq (aw-sak) v.",,వివాదించు,Hebrew,Old Testament
H6230,עֵשֶׂק,"`eseq (ay'sek) n/l.",,ఎసెక్,Hebrew,Old Testament
H6231,עָשַׁק,"`ashaq (aw-shak') v.",,హింసించు,Hebrew,Old Testament
H6232,עֵשֶׁק,"`Esheq (ay-shek') n/p.",,ఎషెక్,Hebrew,Old Testament
H6233,עוֹשֶׁק,"injury",,గాయం,Hebrew,Old Testament
H6234,עָשׁקָה,"anguish",,వేదన,Hebrew,Old Testament
H6235,עֶשֶׂר עֲשָׂרָה,"`eser (eh'ser) (masculine of term aasarah as-aw-raw') n-e.",,పది,Hebrew,Old Testament
H6236,עֲשַׂר עֲשׂרָה,"`asar",,అర్థం తెలియదు,Hebrew,Old Testament
H6237,עָשַׂר,"`asar (aw-sar') v.",,అర్థం తెలియదు,Hebrew,Old Testament
H6238,עָשַׁר,"`ashar (aw-shar') v.",,అర్థం తెలియదు,Hebrew,Old Testament
H6239,עוֹשֶׁר,"wealth",,సంపద,Hebrew,Old Testament
H6240,עָשָׂר,"`asar (aw-sawr') n-e.",,అర్థం తెలియదు,Hebrew,Old Testament
H6241,עִשָּׂרוֹן עִשָּׂרוֹן,"(fractional) a tenth part",,గుడారం,Hebrew,Old Testament
H6242,עֶשׂרִים,"`esriym (es-reem') n-e.",,ఇరవై,Hebrew,Old Testament
H6243,עֶשׂרִין,"`esriyn (es-reen') n-e.",,అర్థం తెలియదు,Hebrew,Old Testament
H6244,עָשֵׁשׁ,"`ashesh (aw-shaysh') v.",,అర్థం తెలియదు,Hebrew,Old Testament
H6245,עָשַׁת,"`ashath (aw-shath') v.",,అర్థం తెలియదు,Hebrew,Old Testament
H6246,עֲשִׁת,"`ashith (ash-eeth') v.",,అర్థం తెలియదు,Hebrew,Old Testament
H6247,עֶשֶׁת,"a fabric",,ఒక వస్త్రం,Hebrew,Old Testament
H6248,עַשׁתּוּת,"cogitation",,ఆలోచన,Hebrew,Old Testament
H6249,עַשׁתֵּי,"`ashtey (ash-tay') n-e.",,అర్థం తెలియదు,Hebrew,Old Testament
H6250,עֶשׁתּוֹנָה,"thinking",,రాజు,Hebrew,Old Testament
H6251,עַשׁתְּרָה,"increase",,పెరుగుదల,Hebrew,Old Testament
H6252,עַשׁתָּרוֹת עַשׁתָּרוֹת,"`Ashtarowth (ash-taw-roth') (or bAshtaroth ash-taw-roth') n/p.",,అష్టారోతు,Hebrew,Old Testament
H6253,עַשׁתּוֹרֶת,"`Ashtoreth (ash-to'reth) n/p.",,అష్టోరెత్,Hebrew,Old Testament
H6254,עַשׁתְּרָתִי,"`Ashtrathiy (ash-ter-aw-thee') adj.",,అర్థం తెలియదు,Hebrew,Old Testament
H6255,עַשׁתְּרוֹת קַרנַיִם,"`Ashtroth Qarnayim (ash-ter-oth' kar-nah'-yim) n/l.",,అష్తారోతు కర్నాయిమ్,Hebrew,Old Testament
H6256,עֵת,"time",,ఆ సమయమున,Hebrew,Old Testament
H6257,עָתַד,"`athad (aw-thad') v.",,అర్థం తెలియదు,Hebrew,Old Testament
H6258,עַתּתָּה,"`attah (at-taw') adv.",,ఇప్పుడు,Hebrew,Old Testament
H6259,עָתוּד,"`athuwd (aw-thood') adj.",,అర్థం తెలియదు,Hebrew,Old Testament
H6260,עַתּתּוּד עַתּתּוּד,"prepared",,మేకపోతు,Hebrew,Old Testament
H6261,עִתּתִּי,"`ittiy (it-tee') adj.",,హెత్తీయుడు,Hebrew,Old Testament
H6262,עַתּתַּי,"`Attay (at-tah'ee) n/p.",,అత్తయి,Hebrew,Old Testament
H6263,עֲתִידּ,"`athiyd (ath-eed') adj.",,అర్థం తెలియదు,Hebrew,Old Testament
H6264,עָתִידּ,"`athiyd (aw-theed') adj.",,అర్థం తెలియదు,Hebrew,Old Testament
H6265,עֲתָיָה,"`Athayah (ath-aw-yaw') n/p.",,అతాయా,Hebrew,Old Testament
H6266,עָתִיק,"`athiyq (aw-theek') adj.",,అర్థం తెలియదు,Hebrew,Old Testament
H6267,עַתּתִּיק,"attiyq (at-teek') adj.",,ప్రాచీన,Hebrew,Old Testament
H6268,עַתּתִּיק,"`attiyq (at-teek') adj.",,అర్థం తెలియదు,Hebrew,Old Testament
H6269,עֲתָך,"`Athak (ath-awk') n/l.",,అతాకు,Hebrew,Old Testament
H6270,עַתלַי,"`Athlay (ath-lah'ee) n/p.",,అత్లయి,Hebrew,Old Testament
H6271,עֲתַליָה עֲתַליָהוּ,"`Athalyah (ath-al-yaw') (or mAthalyahuw ath-al-yaw'-hoo) n/p.",,అతల్య,Hebrew,Old Testament
H6272,עָתַם,"`atham (aw-tham) v.",,అర్థం తెలియదు,Hebrew,Old Testament
H6273,עָתנִי,"`Otnniy (oth-nee') n/p.",,ఒత్నీ,Hebrew,Old Testament
H6274,עָתנִיאֵל,"`Othniy'el (oth-nee-ale') n/p.",,ఒత్నీయేలు,Hebrew,Old Testament
H6275,עָתַק,"`athaq (aw-thak') v.",,అథక్,Hebrew,Old Testament
H6276,עָתֵק,"`atheq (aw-thake') adj.",,అథేక్,Hebrew,Old Testament
H6277,עָתָק,"`athaq (aw-thawk') adj.",,అథాక్,Hebrew,Old Testament
H6278,עֵת קָצִין,"`Eth Qatsiyn (ayth kaw-tseen') n/l.",,ఏత్ కట్సీన్,Hebrew,Old Testament
H6279,עָתַר,"`athar (aw-thar') v.",,అథర్,Hebrew,Old Testament
H6280,עָתַר,"`athar (aw-thar') v.",,అథర్,Hebrew,Old Testament
H6281,עֶתֶר,"`Ether (eh'ther) n/l.",,ఏతెర్,Hebrew,Old Testament
H6282,עָתָר,"incense (as increasing to a volume of smoke)",,పాపం,Hebrew,Old Testament
H6283,עֲתֶרֶת,"copiousness",,అధికముగా,Hebrew,Old Testament
H6284,פָּאָה,"pa'ah (paw-aw') v.",,పాఆ,Hebrew,Old Testament
H6285,פֵּאָה,"(properly) mouth in a figurative sense",,నోరు,Hebrew,Old Testament
H6286,פָּאַר,"pa'ar (paw-ar') v.",,పాఅర్,Hebrew,Old Testament
H6287,פְּאֵר,"an embellishment",,అలంకరణ,Hebrew,Old Testament
H6288,פְּאוֹרָה פּוֹרָאה פּוּארָה,"(properly) ornamentation",,పేరు,Hebrew,Old Testament
H6289,פָּארוּר,"(properly) illuminated",,సరిగా ప్రకాశింపబడిన,Hebrew,Old Testament
H6290,פָּארָן,"Pa'ran (paw-rawn') n/l.",,పారాను,Hebrew,Old Testament
H6291,פַּג,"an unripe fig",,పండని అంజూరపు పండు,Hebrew,Old Testament
H6292,פִּגּוּל פִּגּוּל,"(properly) fetid",,సరిగా దుర్వాసన,Hebrew,Old Testament
H6293,פָּגַע,"paga` (paw-gah') v.",,పగా,Hebrew,Old Testament
H6294,פֶּגַע,"impact (casual)",,యాదృచ్ఛిక ప్రభావం,Hebrew,Old Testament
H6295,פַּגעִיאֵל,"Pag`iy'el (pag-ee-ale') n/p.",,పగీయేలు,Hebrew,Old Testament
H6296,פָּגַר,"pagar (paw-gar') v.",,పగర్,Hebrew,Old Testament
H6297,פֶּגֶר,"a carcass (as limp)",,మెత్తటి కళేబరం,Hebrew,Old Testament
H6298,פָּגַשׁ,"pagash (paw-gash') v.",,పగాష్,Hebrew,Old Testament
H6299,פָּדָה,"padah (paw-daw') v.",,విమోచించెను,Hebrew,Old Testament
H6300,פְּדַהאֵל,"Pdah'el (ped-ah-ale') n/p.",,పెదహేలు,Hebrew,Old Testament
H6301,פְּדָהצּוּר,"Pdahtsuwr (ped-aw-tsoor') n/p.",,పెదత్సూరు,Hebrew,Old Testament
H6302,פָּדוּי,"as abstractly (in plural masculine) a ransom",,వియుక్తంగా బహువచన పురుష రూపంలో విమోచన క్రయధనము,Hebrew,Old Testament
H6303,פָּדוֹן,"Padown (paw-done') n/p.",,ఒకటి,Hebrew,Old Testament
H6304,פְּדוּת פְּדוּת,"distinction",,విలక్షణత,Hebrew,Old Testament
H6305,פְּדָיָה פְּדָיָהוּ,"Pdayah (ped-aw-yaw') (or Pdayahuw ped-aw-yaw'-hoo) n/p.",,దినము,Hebrew,Old Testament
H6306,פִּדיוֹם פִּדיוֹם פִּדיוֹן פִּדיוֹן,"a ransom",,విమోచన క్రయధనము,Hebrew,Old Testament
H6307,פַּדָּן פַּדַּן אֲרָם,"Paddan (pad-dawn') n/l.",,పద్దన్ అరాము,Hebrew,Old Testament
H6308,פָּדַע,"pada` (paw-dah') v.",,పదా,Hebrew,Old Testament
H6309,פֶּדֶר,"suet",,క్రొవ్వు,Hebrew,Old Testament
H6310,פֶּה,"the mouth (as the means of blowing)",పె,నోరు,Hebrew,Old Testament
H6311,פּוֹה פּוֹא פּוֹ,"poh (po) (or po' (Job 38) adv.",,ఇక్కడ,Hebrew,Old Testament
H6312,פּוּאָה פּוּוָּה,"Puw'ah (poo-aw') (or Puvvah poov-vaw') n/p.",,పూవా,Hebrew,Old Testament
H6313,פּוּג,"puwg (poog) v.",,అర్థం తెలియదు,Hebrew,Old Testament
H6314,פּוּגָה,"intermission",,విరామం,Hebrew,Old Testament
H6315,פּוַּח,"puwach (poo'akh) v.",,అర్థం తెలియదు,Hebrew,Old Testament
H6316,פּוּט,"Puwt (poot) n/g.",,పూతు,Hebrew,Old Testament
H6317,פּוּטִיאֵל,"Puwtiy'el (poo-tee-ale') n/p.",,పోతీఫెరా,Hebrew,Old Testament
H6318,פּוֹטִיפַר,"Powtiyphar (po-tee-far') n/p.",,పోతీఫరు,Hebrew,Old Testament
H6319,פּוֹטִי פֶרַע,"Powtiy Phera` (po-tee feh'-rah) n/p.",,పోతీఫెరా,Hebrew,Old Testament
H6320,פּוּך,"dye (specifically",,రంగు వేయుట (ప్రత్యేకంగా),Hebrew,Old Testament
H6321,פּוֹל,"a bean (as plump)",,బొద్దుగా ఉండే బీన్,Hebrew,Old Testament
H6322,פּוּל,"Puwl (pool) n/p.",,పూలు,Hebrew,Old Testament
H6323,פּוּן,"puwn (poon) v.",,అర్థం తెలియదు,Hebrew,Old Testament
H6324,פּוּנִי,"Puwniy (poo-nee') adj.",,అర్థం తెలియదు,Hebrew,Old Testament
H6325,פּוּנוֹן,"Puwnon (poo-none') n/l.",,ఒకటి,Hebrew,Old Testament
H6326,פּוּעָה,"Puw`ah (poo-aw') n/p.",,పూవ,Hebrew,Old Testament
H6327,פּוּץ,"puwts (poots) v.",,చెదరగొట్టెను,Hebrew,Old Testament
H6328,פּוּק,"puwq (pook) v.",,అర్థం తెలియదు,Hebrew,Old Testament
H6329,פּוּק,"puwq (pook) v.",,అర్థం తెలియదు,Hebrew,Old Testament
H6330,פּוּקָה,"a stumbling-block",,అభ్యంతరకరమైనది,Hebrew,Old Testament
H6331,פּוּר,"puwr (poor) v.",,పేద,Hebrew,Old Testament
H6332,פּוּר פּוּרִים פּוּרִים,"a lot (as by means of a broken piece)",,ముక్కలు విరవడం ద్వారా ఒక భాగం,Hebrew,Old Testament
H6333,פּוּרָה,"a wine-press (as crushing the grapes)",,ద్రాక్షారసం,Hebrew,Old Testament
H6334,פּוֹרָתָא,"Powratha' (po-raw-thaw') n/p.",,పొరతా,Hebrew,Old Testament
H6335,פּוּשׁ,"puwsh (poosh) v.",,అర్థం తెలియదు,Hebrew,Old Testament
H6336,פּוּתִי,"Puwthiy (poo-thee') adj.",,అర్థం తెలియదు,Hebrew,Old Testament
H6337,פָּז,"pure (gold)",,బంగారం,Hebrew,Old Testament
H6338,פָּזַז,"pazaz (paw-zaz') v.",,పజాజ్,Hebrew,Old Testament
H6339,פָּזַז,"pazaz (paw-zaz') v.",,అర్థం తెలియదు,Hebrew,Old Testament
H6340,פָּזַר,"pazar (paw-zar') v.",,పజర్,Hebrew,Old Testament
H6341,פַּח,"a (metallic) sheet (as pounded thin)",,పలుచని లోహపు రేకు,Hebrew,Old Testament
H6342,פָּחַד,"pachad (paw-kkad') v.",,పచద్,Hebrew,Old Testament
H6343,פַּחַד,"a (sudden) alarm",,భయమ,Hebrew,Old Testament
H6344,פַּחַד,"a testicle (as a cause of shame akin to fear)",,చెవి,Hebrew,Old Testament
H6345,פַּחדָּה,"alarm (i.e. awe)",,భయం,Hebrew,Old Testament
H6346,פֶּחָה,"a prefect (of a city or small district)",,నగరం,Hebrew,Old Testament
H6347,פֶּחָה,"captain",,కెప్టెన్,Hebrew,Old Testament
H6348,פָּחַז,"pachaz (paw-khaz') v.",,పహజ్,Hebrew,Old Testament
H6349,פַּחַז,"ebullition",,ఉద్రేకపూరిత ఉప్పెన,Hebrew,Old Testament
H6350,פַּחֲזוּת,"frivolity",,వ్యాకులత,Hebrew,Old Testament
H6351,פָּחַח,"pachach (paw-khakh') v.",,పచఖ్,Hebrew,Old Testament
H6352,פֶּחָם,"a coal",,బొగ్గు,Hebrew,Old Testament
H6353,פֶּחָר,"a potter",,కుమ్మరి,Hebrew,Old Testament
H6354,פַּחַת,"a pit",,గుంట,Hebrew,Old Testament
H6355,פַּחַת מוֹאָב,"Pachath Mow'ab (pakh'-ath mo-awb') n/p.",,పకాత్ మోవాబ్,Hebrew,Old Testament
H6356,פְּחֶתֶת,"a hole (by mildew in a garment)",,దుస్తులలో బూజు వలన ఏర్పడిన రంధ్రం,Hebrew,Old Testament
H6357,פִּטדָּה,"a gem",,పుష్యరాగము,Hebrew,Old Testament
H6358,פָּטוּר,"patuwr (paw-toor') subv.",,అర్థం తెలియదు,Hebrew,Old Testament
H6359,פָּטִיר,"patiyr (paw-teer') adj.",,అర్థం తెలియదు,Hebrew,Old Testament
H6360,פַּטִּישׁ,"a hammer",,సుత్తి,Hebrew,Old Testament
H6361,פַּטִּישׁ,"a gown (as if hammered out wide)",,కొట్టినట్లుగా వెడల్పుగా ఉన్న గౌను,Hebrew,Old Testament
H6362,פָּטַר,"patar (paw-tar') v.",,అర్థం తెలియదు,Hebrew,Old Testament
H6363,פֶּטֶר פִּטרָה,"a fissure",,చీలిక,Hebrew,Old Testament
H6364,פִּי ־ בֶּסֶת,"Piy-Beceth (pee beh'-seth) n/l.",,పి-బెసెత్,Hebrew,Old Testament
H6365,פִּידּ,"(figuratively) misfortune",,అదృష్టం లేకపోవడం,Hebrew,Old Testament
H6366,פֵּיָה פִּיָה,"an edge",,అంచు,Hebrew,Old Testament
H6367,פִּי הַחִרוֹת,"Pi ha-Chiyroth (pee hah-khee-roth') n/l.",,పి హ-ఖిరోత్,Hebrew,Old Testament
H6368,פִּיַח,"a powder (as easily puffed away)",,మార్గం,Hebrew,Old Testament
H6369,פִּיכּוֹל,"Piykol (pee-kole') n/p.",,పికోల్,Hebrew,Old Testament
H6370,פִּילֶגֶשׁ פִּלֶגֶשׁ,"a concubine",,ఉపపత్ని,Hebrew,Old Testament
H6371,פִּימָה,"obesity",,స్థూలకాయం,Hebrew,Old Testament
H6372,פִּינְחָס,"Piynchac (pee-nekh-aws') n/p.",,పీంహకాస్,Hebrew,Old Testament
H6373,פִּינוֹן,"piynon (pee-none') n/p.",,ఒకటి,Hebrew,Old Testament
H6374,פִּיפִיָה,"an edge or tooth",,అంచు లేదా దంతం,Hebrew,Old Testament
H6375,פִּיק,"a tottering",,తడబడటం,Hebrew,Old Testament
H6376,פִּישׁוֹן,"Piyshown (pee-shone') n/l.",,ఒకటి,Hebrew,Old Testament
H6377,פִּיתּוֹן,"Piythown (pee-thone') n/p.",,ఒకటి,Hebrew,Old Testament
H6378,פַּך,"a flask (from which a liquid may flow)",,ద్రవం కారే సీసా,Hebrew,Old Testament
H6379,פָּכָה,"pakah (paw-kaw') v.",,అర్థం తెలియదు,Hebrew,Old Testament
H6380,פּוֹכֶרֶת צְּבָיִים,"Pokereth Tsbayiym (po-keh'-reth tseb-aw-yeem') n/p.",,పోకెరెత్ సబాయిమ్,Hebrew,Old Testament
H6381,פָּלָא,"pala' (paw-law') v.",,ధర్మశాస్త్రం,Hebrew,Old Testament
H6382,פֶּלֶא,"a miracle",,అద్భుతం,Hebrew,Old Testament
H6383,פִּלאִי פָּלִיא,"pil'iy (pil-ee') (or paliy' paw-lee') adj.",,వింతైన,Hebrew,Old Testament
H6384,פַּלּוּאִי,"Pallu'iy (pal-loo-ee') adj.",,పల్లూయి,Hebrew,Old Testament
H6385,פָּלַג,"palag (paw-lag') v.",,అర్థం తెలియదు,Hebrew,Old Testament
H6386,פְּלַג,"plag (pel-ag') v.",,చీల్చు,Hebrew,Old Testament
H6387,פְּלַג,"a half",,సగం,Hebrew,Old Testament
H6388,פֶּלֶג,"a rill (i.e. small channel of water",,నీరు,Hebrew,Old Testament
H6389,פֶּלֶג,"Peleg (peh'-leg) n/p.",,పెలెగు,Hebrew,Old Testament
H6390,פְּלַגָּה,"a runlet",,పాయ,Hebrew,Old Testament
H6391,פְּלוּגָּה,"a section",,విభాగం,Hebrew,Old Testament
H6392,פְּלוּגָּה,"division",,విభజన,Hebrew,Old Testament
H6393,פְּלָדָה,"a cleaver",,గొడ్డలి,Hebrew,Old Testament
H6394,פִּלדָּשׁ,"Pildash (pil-dawsh') n/p.",,అర్థం తెలియదు,Hebrew,Old Testament
H6395,פָּלָה,"palah (paw-law') v.",,ధర్మశాస్త్రం,Hebrew,Old Testament
H6396,פַּלּוּא,"Palluw' (pal-loo') n/p.",,అర్థం తెలియదు,Hebrew,Old Testament
H6397,פְּלוֹנִי,"Plowniy (pel-o-nee') adj.",,అర్థం తెలియదు,Hebrew,Old Testament
H6398,פָּלַח,"palach (paw-lakh') v.",,అర్థం తెలియదు,Hebrew,Old Testament
H6399,פְּלַח,"plach (pel-akh') v.",,అర్థం తెలియదు,Hebrew,Old Testament
H6400,פֶּלַח,"a slice",,ముక్క,Hebrew,Old Testament
H6401,פִּלחָא,"Pilcha' (pil-khaw') n/p.",,అర్థం తెలియదు,Hebrew,Old Testament
H6402,פָּלחָן,"worship",,ఆరాధన,Hebrew,Old Testament
H6403,פָּלַט,"palat (paw-lat') v.",,అర్థం తెలియదు,Hebrew,Old Testament
H6404,פֶּלֶט,"Pelet (peh'-let) n/p.",,అర్థం తెలియదు,Hebrew,Old Testament
H6405,פַּלֵּט,"escape",,తప్పించుకొనుట,Hebrew,Old Testament
H6406,פַּלטִּי,"Paltiy (pal-tee') n/p.",,అర్థం తెలియదు,Hebrew,Old Testament
H6407,פַּלטִּי,"Paltiy (pal-tee') adj.",,అర్థం తెలియదు,Hebrew,Old Testament
H6408,פִּלטַּי,"Piltay (pil-tah'-ee) n/p.",,అర్థం తెలియదు,Hebrew,Old Testament
H6409,פַּלטִּיאֵל,"Paltiy'el (pal-tee-ale') n/p.",,అర్థం తెలియదు,Hebrew,Old Testament
H6410,פְּלַטיָה פְּלַטיָהוּ,"Platyah (pel-at-yaw') (or Platyahuw pel-at-yaw'-hoo) n/p.",,అర్థం తెలియదు,Hebrew,Old Testament
H6411,פְּלָיָה פְּלָאיָה,"Playah (pel-aw-yaw') (or Pla.yah pel-aw-yaw') n/p.",,అర్థం తెలియదు,Hebrew,Old Testament
H6412,פָּלִיטּ פָּלֵיטּ פָּלֵט,"a refugee",,శరణార్థి,Hebrew,Old Testament
H6413,פְּלֵיטָּה פְּלֵטָה,"deliverance",,విడుదల,Hebrew,Old Testament
H6414,פָּלִיל,"a magistrate",,న్యాయాధికారి,Hebrew,Old Testament
H6415,פְּלִילָה,"justice",,న్యాయం,Hebrew,Old Testament
H6416,פְּלִילִי,"pliyliy (pel-ee-lee') adj.",,అర్థం తెలియదు,Hebrew,Old Testament
H6417,פְּלִילִיָה,"judicature",,న్యాయపరిపాలన,Hebrew,Old Testament
H6418,פֶּלֶך,"a circuit (i.e. district)",,ప్రాంతం,Hebrew,Old Testament
H6419,פָּלַל,"palal (paw-lal') v.",,ప్రార్థించు,Hebrew,Old Testament
H6420,פָּלָל,"Palal (paw-lawl') n/p.",,ధర్మశాస్త్రం,Hebrew,Old Testament
H6421,פְּלַליָה,"Plalyah (pel-al-yaw') n/p.",,అర్థం తెలియదు,Hebrew,Old Testament
H6422,פַּלמוֹנִי,"palmowniy (pal-mo-nee') p/x.",,అర్థం తెలియదు,Hebrew,Old Testament
H6423,פְּלוֹנִי,"ploniy (pel-o-nee') p/x.",,అర్థం తెలియదు,Hebrew,Old Testament
H6424,פָּלַס,"palac (paw-las') v.",,కొమ్మలను ఊడబెరుకు,Hebrew,Old Testament
H6425,פֶּלֶס,"a balance",,తూకం,Hebrew,Old Testament
H6426,פָּלַץ,"palats (paw-lats') v.",,కొమ్మలను ఊడబెరుకు,Hebrew,Old Testament
H6427,פַּלָּצוּת,"affright",,భయపెట్టు,Hebrew,Old Testament
H6428,פָּלַשׁ,"palash (paw-lash') v.",,కొమ్మలను ఊడబెరుకు,Hebrew,Old Testament
H6429,פְּלֶשֶׁת,"Plesheth (pel-eh'-sheth) n/l.",,ఫెలిష్తీయులు,Hebrew,Old Testament
H6430,פְּלִשׁתִּי,"Plishtiy (pel-ish-tee') adj.",,ఫిలిష్తీయులు,Hebrew,Old Testament
H6431,פֶּלֶת,"Peleth (peh'-leth) n/p.",,పెలెతు,Hebrew,Old Testament
H6432,פְּלֵתִי,"Plethiy (pel-ay-thee') adj.",,ప్లెతీ,Hebrew,Old Testament
H6433,פּוּם,"the mouth (literally or figuratively)",,నోరు,Hebrew,Old Testament
H6434,פֵּן,"an angle (of a street or wall)",,చెట్టు,Hebrew,Old Testament
H6435,פֵּן,"pen (pane) adv.",,గనక,Hebrew,Old Testament
H6436,פַּנַּג,"probably pastry",,బహుశా పేస్ట్రీ,Hebrew,Old Testament
H6437,פָּנָה,"panah (paw-naw') v.",,తిరిగెను,Hebrew,Old Testament
H6438,פִּנָּה,"an angle",,కోణం,Hebrew,Old Testament
H6439,פְּנוּאֵל פְּנִיאֵל,"Pnuw'el (pen-oo-ale') (or (more properly",,పనయల,Hebrew,Old Testament
H6440,פָּנִים,"the face (as the part that turns)",పానీమ్,ముఖం,Hebrew,Old Testament
H6441,פְּנִימָה,"pniymah (pen-ee'-maw) adv.",,అర్థం తెలియదు,Hebrew,Old Testament
H6442,פְּנִימִי,"pniymiy (pen-ee-mee') adj.",,అర్థం తెలియదు,Hebrew,Old Testament
H6443,פָּנִין פָּנִי,"probably a pearl (as round)",,చెవి,Hebrew,Old Testament
H6444,פְּנִנָּה,"Pninnah (pen-in-naw') n/p.",,పెనిన్నా,Hebrew,Old Testament
H6445,פָּנַק,"panaq (paw-nak') v.",,అర్థం తెలియదు,Hebrew,Old Testament
H6446,פַּס,"(properly) the palm (of the hand) or sole (of the foot)",,చేయి,Hebrew,Old Testament
H6447,פַּס,"the palm (of the hand",,చేయి,Hebrew,Old Testament
H6448,פָּסַג,"pacag (paw-sag') v.",,విసిగిస్తుంది,Hebrew,Old Testament
H6449,פִּסגָּה,"Picgah (pis-gaw') n/l.",,పిస్గా,Hebrew,Old Testament
H6450,פַּס דַּמִּים,"Pac Dammiym (pas dam-meem') n/l.",,పస్ దమ్మిమ్,Hebrew,Old Testament
H6451,פִּסָּה,"expansion",,విస్తరణ,Hebrew,Old Testament
H6452,פָּסַח,"pacach (paw-sakh') v.",,దాటు,Hebrew,Old Testament
H6453,פֶּסַח,"a pretermission",,క్షమాపణ,Hebrew,Old Testament
H6454,פָּסֵַח,"Paceach (paw-say'-akh) n/p.",,పస్కా,Hebrew,Old Testament
H6455,פִּסֵַּח,"picceach (pis-say'-akh) adj.",,కుంటి,Hebrew,Old Testament
H6456,פְּסִיל,"an idol",,విగ్రహం,Hebrew,Old Testament
H6457,פָּסַך,"Pacak (paw-sak') n/p.",,పాసాక్,Hebrew,Old Testament
H6458,פָּסַל,"pacal (paw-sal') v.",,విగ్రహాలను తీసివేయు,Hebrew,Old Testament
H6459,פֶּסֶל,"an idol",,విగ్రహం,Hebrew,Old Testament
H6460,פְּסַנטֵּרִין פְּסַנתֵּרִין,"a lyre",,కిన్నెర,Hebrew,Old Testament
H6461,פָּסַס,"pacac (paw-sas') v.",,తొలగించు,Hebrew,Old Testament
H6462,פִּספָּה,"Picpah (pis-paw') n/p.",,పిస్ప,Hebrew,Old Testament
H6463,פָּעָה,"pa`ah (paw-aw') v.",,మలుపు,Hebrew,Old Testament
H6464,פָּעוּ פָּעִי,"Pa`uw (paw-oo') (or Pamiy paw-ee') n/l.",,పౌవ్,Hebrew,Old Testament
H6465,פְּעוֹר,"P`owr (peh-ore') n/l.",,పేయోర్,Hebrew,Old Testament
H6466,פָּעַל,"pa`al (paw-al') v.",,బయలుదేరు,Hebrew,Old Testament
H6467,פּוֹעַל,"(concretely) an act or work",,ఒక క్రియ లేదా పని,Hebrew,Old Testament
H6468,פְּעוּלָּה,"(abstractly) work",,పని,Hebrew,Old Testament
H6469,פְּעוּלְּתַי,"Pull`thay (peh-ool-leh-thah'-ee) n/p.",,పుల్లతై,Hebrew,Old Testament
H6470,פָּעַם,"pa`am (paw-am') v.",,వ్యర్థమగు,Hebrew,Old Testament
H6471,פַּעַם פַּעֲמָה,"a stroke",,రెండుసార్లు,Hebrew,Old Testament
H6472,פַּעֲמוֹן,"a bell (as struck)",,కొట్టబడిన ఒక గంట,Hebrew,Old Testament
H6473,פָּעַר,"pa`ar (paw-ar') v.",,అందముగా ఉండు,Hebrew,Old Testament
H6474,פַּעֲרַי,"Pa`aray (pah-ar-ah'-ee) n/p.",,పారయి,Hebrew,Old Testament
H6475,פָּצָה,"patsah (paw-tsaw') v.",,చెదరగొట్టు,Hebrew,Old Testament
H6476,פָּצַח,"patsach (paw-tsakh') v.",,విచ్ఛిన్నము చేయు,Hebrew,Old Testament
H6477,פְּצִירָה,"bluntness",,మొద్దుతనము,Hebrew,Old Testament
H6478,פָּצַל,"patsal (paw-tsal') v.",,తొక్కతీయు,Hebrew,Old Testament
H6479,פְּצָלָה,"a peeling",,తొక్క,Hebrew,Old Testament
H6480,פָּצַם,"patsam (paw-tsam') v.",,పులుపుచేయు,Hebrew,Old Testament
H6481,פָּצַע,"patsa` (paw-tsah') v.",,సహకరించు,Hebrew,Old Testament
H6482,פֶּצַע,"a wound",,గాయము,Hebrew,Old Testament
H6483,פִּצֵּץ,"Pitstsets (pits-tsates') n/p.",,పిట్సెస్,Hebrew,Old Testament
H6484,פָּצַר,"patsar (paw-tsar') v.",,వేడుకొను,Hebrew,Old Testament
H6485,פָּקַד,"paqad (paw-kad') v.",పాకద్,లెక్కించు,Hebrew,Old Testament
H6486,פְּקוּדָּה,"visitation (in many senses",,మనిషి,Hebrew,Old Testament
H6487,פִּקָּדוֹן,"a deposit",,డిపాజిట్,Hebrew,Old Testament
H6488,פְּקִדוּת,"supervision",,అధిక్షేపణ,Hebrew,Old Testament
H6489,פְּקוֹד,"Pqowd (pek-ode') n/l.",,పెకోడ్,Hebrew,Old Testament
H6490,פִּקּוּד פִּקּוּד,"(properly) appointed",,సరిగా నియమించబడిన,Hebrew,Old Testament
H6491,פָּקַח,"paqach (paw-kakh') v.",,తెరువు,Hebrew,Old Testament
H6492,פֶּקַח,"Peqach (peh'-kakh) n/p.",,పెకహు,Hebrew,Old Testament
H6493,פִּקֵַּח,"piqqeach (pik-kay'-akh) adj.",,వివేకంగల,Hebrew,Old Testament
H6494,פְּקַחיָה,"Pqachyah (pek-akh-yaw') n/p.",,పెకహ్యా,Hebrew,Old Testament
H6495,פְּקַח ־ קוַֹח,"opening (of a dungeon)",,నేలమాళిగ వాకిలి,Hebrew,Old Testament
H6496,פָּקִידּ,"a superintendent (civil",,అంతం,Hebrew,Old Testament
H6497,פֶּקַע,"only used as an architectural term of an ornament similar to H6498",,పేరు,Hebrew,Old Testament
H6498,פַּקּוּעָה,"the wild cucumber (from splitting open to shed its seeds)",,విత్తనం,Hebrew,Old Testament
H6499,פַּר פָּר,"a bullock (apparently as breaking forth in wild strength",,రాజు,Hebrew,Old Testament
H6500,פָּרָא,"para' (paw-raw') v.",,ఫలించు,Hebrew,Old Testament
H6501,פֶּרֶא פֶּרֶה,"the onager",,అడవి గాడిద,Hebrew,Old Testament
H6502,פִּראָם,"Pir'am (pir-awm') n/p.",,పిరామ్,Hebrew,Old Testament
H6503,פַּרבָּר פַּרוָר,"Parbar (par-bawr') (or Parvar par-vawr') n/l.",,పార్బార్,Hebrew,Old Testament
H6504,פָּרַד,"parad (paw-rad') v.",,అర్థం తెలియదు,Hebrew,Old Testament
H6505,פֶּרֶד,"a mule (perhaps from his lonely habits)",,ఒకటి,Hebrew,Old Testament
H6506,פִּרדָּה,"a she-mule",,ఆడ కంచర గాడిద,Hebrew,Old Testament
H6507,פְּרוּדָה,"something separated",,వేరు చేయబడినది,Hebrew,Old Testament
H6508,פַּרדֵּס,"a park",,మందసం,Hebrew,Old Testament
H6509,פָּרָה,"parah (paw-raw') v.",,ఫలించుడి,Hebrew,Old Testament
H6510,פָּרָה,"a heifer",,ఆవు దూడ,Hebrew,Old Testament
H6511,פָּרָה,"Parah (paw-raw') n/l.",,పారా,Hebrew,Old Testament
H6512,פֵּרָה,"a hole (as broken",,పగిలిన రంధ్రం,Hebrew,Old Testament
H6513,פּוּרָה,"Purah (poo-raw') n/p.",,పూరా,Hebrew,Old Testament
H6514,פְּרוּדָא פְּרִידָּא,"Pruwda' (per-oo-daw') (or Priyda per-ee-daw') n/p.",,ఫ్రూడా,Hebrew,Old Testament
H6515,פָּרוַּח,"Paruwach (paw-roo'-akh) n/p.",,పరువాక్,Hebrew,Old Testament
H6516,פַּרוַיִם,"Parvayim (par-vah'-yim) n/l.",,పర్వాయిమ్,Hebrew,Old Testament
H6517,פָּרוּר,"a skillet (as flat or deep)",,పలక లేదా లోతైన బాణలి,Hebrew,Old Testament
H6518,פָּרָז,"a chieftain",,ముఖ్యుడు,Hebrew,Old Testament
H6519,פְּרָזָה,"an open country",,బహిరంగ ప్రదేశం,Hebrew,Old Testament
H6520,פְּרָזוֹן,"magistracy",,మెజిస్ట్రేట్ పదవి,Hebrew,Old Testament
H6521,פְּרָזִי פְּרוֹזִי,"a rustic",,గ్రామీణుడు,Hebrew,Old Testament
H6522,פְּרִזִּי,"Prizziy (per-iz-zee') adj.",,పరజజయడ,Hebrew,Old Testament
H6523,פַּרזֶל,"iron",,ఇనుము,Hebrew,Old Testament
H6524,פָּרַח,"parach (paw-rakh') v.",,పరాక్,Hebrew,Old Testament
H6525,פֶּרַח,"a calyx (natural or artificial)",,పుష్పకోశం సహజ లేదా కృత్రిమ,Hebrew,Old Testament
H6526,פִּרחַח,"progeny",,సంతానం,Hebrew,Old Testament
H6527,פָּרַט,"parat (paw-rat') v.",,పరాట్,Hebrew,Old Testament
H6528,פֶּרֶט,"a stray or single berry",,పాపం,Hebrew,Old Testament
H6529,פְּרִי,"fruit (literally or figuratively)",,పండు,Hebrew,Old Testament
H6530,פְּרִיצּ,"violent",,హింసాత్మకమైన,Hebrew,Old Testament
H6531,פֶּרֶך,"fracture",,పగులు,Hebrew,Old Testament
H6532,פּוֹרֶכֶת,"a separatrix",,వేరుచేసేది,Hebrew,Old Testament
H6533,פָּרַם,"param (paw-ram') v.",,పారం,Hebrew,Old Testament
H6534,פַּרמַשׁתָּא,"Parmashta' (par-mash-taw') n/p.",,పర్మష్ట,Hebrew,Old Testament
H6535,פַּרנַך,"Parnak (par-nak') n/p.",,పర్నక్,Hebrew,Old Testament
H6536,פָּרַס,"parac (paw-ras') v.",,పరస్,Hebrew,Old Testament
H6537,פְּרַס,"to split up",,చీల్చడానికి,Hebrew,Old Testament
H6538,פֶּרֶס,"a claw",,ధర్మశాస్త్రం,Hebrew,Old Testament
H6539,פָּרַס,"Parac (paw-ras') n/l.",,అర్థం తెలియదు,Hebrew,Old Testament
H6540,פָּרַס,"Parac (paw-ras') n/g.",,అర్థం తెలియదు,Hebrew,Old Testament
H6541,פַּרסָה,"a claw or split hoof",,ధర్మశాస్త్రం,Hebrew,Old Testament
H6542,פַּרסִי,"Parciy (par-see') adj.",,ఫార్సీయుడు,Hebrew,Old Testament
H6543,פַּרסִי,"Parciy (par-see') adj.",,అర్థం తెలియదు,Hebrew,Old Testament
H6544,פָּרַע,"para` (paw-rah') v.",,విడగొట్టు,Hebrew,Old Testament
H6545,פֶּרַע,"the hair (as dishevelled)",,చిందరవందరగా ఉన్న జుట్టు,Hebrew,Old Testament
H6546,פַּרעָה,"leadership",,నాయకత్వం,Hebrew,Old Testament
H6547,פַּרעוֹה,"Paroh",,ఫరో,Hebrew,Old Testament
H6548,פַּרעוֹה חָפרַע,"Par`oh Chophra` (par-o' khof-rah') n/p.",,ఫరో హోఫ్రా,Hebrew,Old Testament
H6549,פַּרעוֹה נְכוֹה פַּרעוֹה נְכוֹ,"Par`oh Nkoh (par-o' nek-o') (or Parpoh Nkow par-o' nek-o'",,ఫరో నెకో,Hebrew,Old Testament
H6550,פַּרעוֹשׁ,"a flea (as the isolated insect)",,ఒంటరి కీటకంగా ఒక ఈగ,Hebrew,Old Testament
H6551,פַּרעוֹשׁ,"Par`osh (par-oshe') n/p.",,పారోషు,Hebrew,Old Testament
H6552,פִּרעָתוֹן,"Pir`athown (pir-aw-thone') n/l.",,ఒకటి,Hebrew,Old Testament
H6553,פִּרעָתוֹנִי פִּרעָתוֹנִי,"Pir`athowniy (pir-aw-tho-nee') (or Pirathoniy pir-aw-tho-nee') adj.",,పిరాతోనీయుడు,Hebrew,Old Testament
H6554,פַּרפַּר,"Parpar (par-par') n/l.",,పార్పర్,Hebrew,Old Testament
H6555,פָּרַץ,"parats (paw-rats') v.",,విరుచుకుపడు,Hebrew,Old Testament
H6556,פֶּרֶץ,"a break (literally or figuratively)",,పెరెసు,Hebrew,Old Testament
H6557,פֶּרֶץ,"Perets (peh'-rets) n/p.",,పెరెట్జ్,Hebrew,Old Testament
H6558,פַּרצִּי,"Partsiy (par-tsee') adj.",,పార్సీయుడు,Hebrew,Old Testament
H6559,פְּרָצִים,"pratsiym (per-aw-tseem') n/l.",,పెరాట్సీమ్,Hebrew,Old Testament
H6560,פֶּרֶץ עוּזָּא,"Perets `Uzza' (peh'-rets ooz-zaw') n/l.",,పెరెట్జ్ ఉజ్జా,Hebrew,Old Testament
H6561,פָּרַק,"paraq (paw-rak') v.",,విడగొట్టు,Hebrew,Old Testament
H6562,פְּרַק,"praq (per-ak') v.",,విరగగొట్టు,Hebrew,Old Testament
H6563,פֶּרֶק,"rapine",,దోచుకోవడం,Hebrew,Old Testament
H6564,פָּרָק,"soup (as full of crumbed meat)",,పిండి మాంసంతో నిండిన సూప్,Hebrew,Old Testament
H6565,פָּרַר,"parar (paw-rar') v.",,చెదరగొట్టు,Hebrew,Old Testament
H6566,פָּרַשׂ,"paras (paw-ras') v.",,విడగొట్టు,Hebrew,Old Testament
H6567,פָּרָשׁ,"parash (paw-rash') v.",,గుర్రమెక్కు,Hebrew,Old Testament
H6568,פְּרַשׁ,"prash (per-ash') v.",,వివరించు,Hebrew,Old Testament
H6569,פֶּרֶשׁ,"excrement (as eliminated)",,విసర్జించిన మలం,Hebrew,Old Testament
H6570,פֶּרֶשׁ,"Peresh (peh'-resh) n/p.",,పెరెష్,Hebrew,Old Testament
H6571,פָּרָשׁ,"a steed (as stretched out to a vehicle",,వాహనానికి సాగదీసిన గుర్రం,Hebrew,Old Testament
H6572,פַּרשֶׁגֶן פַּתשֶׁגֶן,"a transcript",,ప్రతిలిపి,Hebrew,Old Testament
H6573,פַּרשֶׁגֶן,"copy",,నకలు,Hebrew,Old Testament
H6574,פַּרשְׁדוֹן,"the crotch (or anus)",,అర్థం తెలియదు,Hebrew,Old Testament
H6575,פָּרָשָׁה,"exposition",,వివరణ,Hebrew,Old Testament
H6576,פַּרשֵׁז,"parshez (par-shaze') subv.",,అర్థం తెలియదు,Hebrew,Old Testament
H6577,פַּרשַׁנדָּתָא,"Parshandatha' (par-shan-daw-thaw') n/p.",,చేయి,Hebrew,Old Testament
H6578,פְּרָת,"Prath (per-awth') n/p.",,ఫరాతు నది,Hebrew,Old Testament
H6579,פַּרתַּם,"a grandee",,గొప్ప వ్యక్తి,Hebrew,Old Testament
H6580,פַּשׁ,"stupidity (as a result of grossness or of degeneracy)",,స్థూలత్వం లేదా క్షీణత ఫలితంగా వచ్చే తెలివితక్కువతనం,Hebrew,Old Testament
H6581,פָּשָׂה,"pasah (paw-saw') v.",,అర్థం తెలియదు,Hebrew,Old Testament
H6582,פָּשַׁח,"pashach (paw-shakh') v.",,అర్థం తెలియదు,Hebrew,Old Testament
H6583,פַּשׁחוּר,"Pashchuwr (pash-khoor') n/p.",,పష్కూరు,Hebrew,Old Testament
H6584,פָּשַׁט,"pashat (paw-shat') v.",,అర్థం తెలియదు,Hebrew,Old Testament
H6585,פָּשַׂע,"pasa` (paw-sah') v.",,అర్థం తెలియదు,Hebrew,Old Testament
H6586,פָּשַׁע,"pasha` (paw-shah') v.",,తిరుగుబాటు చేయు,Hebrew,Old Testament
H6587,פֶּשַׂע,"a stride",,ఒక అడుగు,Hebrew,Old Testament
H6588,פֶּשַׁע,"a revolt (national",,జాతి,Hebrew,Old Testament
H6589,פָּשַׂק,"pasaq (paw-sak') v.",,అర్థం తెలియదు,Hebrew,Old Testament
H6590,פְּשַׁר,"pshar (pesh-ar') v.",,అర్థం తెలియదు,Hebrew,Old Testament
H6591,פְּשַׁר,"an interpretation",,ఒక వ్యాఖ్యానం,Hebrew,Old Testament
H6592,פֵּשֶׁר,"interpretation",,వ్యాఖ్యానం,Hebrew,Old Testament
H6593,פִּשׁתֶּה,"linen (i.e. the thread",,నార అనగా దారం,Hebrew,Old Testament
H6594,פִּשׁתָּה,"flax",,అవిసె గింజలు,Hebrew,Old Testament
H6595,פַּת,"a bit",,కొంచెం,Hebrew,Old Testament
H6596,פּוֹת פּוֹתָה,"a hole",,ఒక రంధ్రం,Hebrew,Old Testament
H6597,פִּתאוֹם פִּתאוֹם,"pith'owm (pith-ome') (or pith.om pith-ome') adv.",,పిథోమ్,Hebrew,Old Testament
H6598,פַּתבַּג,"a dainty",,రుచికరమైనది,Hebrew,Old Testament
H6599,פִּתגָּם,"a (judicial) sentence",,పది,Hebrew,Old Testament
H6600,פִּתגָּם,"a word",,మాట,Hebrew,Old Testament
H6601,פָּתָה,"pathah (paw-thaw') v.",,దారి,Hebrew,Old Testament
H6602,פְּתוּאֵל,"Pthuw'el (peth-oo-ale') n/p.",,పెతూయేలు,Hebrew,Old Testament
H6603,פִּתּתּוַּח פִּתּתּוַּח,"sculpture (in low or high relief or even intaglio)",,శిల్పం,Hebrew,Old Testament
H6604,פְּתוֹר,"Pthowr (peth-ore') n/l.",,పెతోరు,Hebrew,Old Testament
H6605,פָּתַח,"pathach (paw-thakh') v.",,దారి,Hebrew,Old Testament
H6606,פְּתַח,"pthach (peth-akh') v.",,అర్థం తెలియదు,Hebrew,Old Testament
H6607,פֶּתַח,"an opening (literally)",,అక్షరాలా ఒక ప్రారంభం,Hebrew,Old Testament
H6608,פֵּתַח,"opening (figuratively) i.e. disclosure",,ప్రారంభం అలంకారంగా బహిర్గతం,Hebrew,Old Testament
H6609,פְּתִחָה,"something opened",,తెరవబడినది,Hebrew,Old Testament
H6610,פִּתחוֹן,"opening (the act)",,చర్య ప్రారంభం,Hebrew,Old Testament
H6611,פְּתַחיָה,"Pthachyah (peth-akh-yaw') n/p.",,అర్థం తెలియదు,Hebrew,Old Testament
H6612,פְּתִי פֶּתִי פְּתָאִי,"pthiy (peth-ee') (or pethiy peh'-thee or pthaeiy peth-aw-ee'",,అర్థం తెలియదు,Hebrew,Old Testament
H6613,פְּתַי,"open",,తెరువు,Hebrew,Old Testament
H6614,פְּתִיגִּיל,"probably a figured mantle for holidays",,మనిషి,Hebrew,Old Testament
H6615,פְּתַיוּת,"silliness (i.e. seducibility)",,తెలివితక్కువతనం అనగా మోసపోవడం,Hebrew,Old Testament
H6616,פָּתִיל,"twine",,ద్రాక్షారసం,Hebrew,Old Testament
H6617,פָּתַל,"pathal (paw-thal') v.",,దారి,Hebrew,Old Testament
H6618,פְּתַלתּוֹל,"pthaltol (peth-al-tole') adj.",,అర్థం తెలియదు,Hebrew,Old Testament
H6619,פִּתוֹם,"Pithom (pee-thome') n/l.",,పిథోం,Hebrew,Old Testament
H6620,פֶּתֶן,"an asp (from its contortions)",,దాని మెలికల నుండి ఒక సర్పం,Hebrew,Old Testament
H6621,פֶּתַע,"petha` (peh'-thah) subv.",,అర్థం తెలియదు,Hebrew,Old Testament
H6622,פָּתַר,"pathar (paw-thar') v.",,దారి,Hebrew,Old Testament
H6623,פִּתרוֹן פִּתרוֹן,"interpretation (of a dream)",,కలలో అర్థం,Hebrew,Old Testament
H6624,פַּתרוֹס,"Pathrowc (path-roce') n/l.",,దారి,Hebrew,Old Testament
H6625,פַּתרוּסִי,"Pathruciy (path-roo-see') adj.",,దారి,Hebrew,Old Testament
H6626,פָּתַת,"pathath (paw-thath') v.",,దారి,Hebrew,Old Testament
H6627,צָּאָה,"issue",,సమస్య,Hebrew,Old Testament
H6628,צֶּאֶל,"the lotus tree",,చెట్టు,Hebrew,Old Testament
H6629,צּוֹאן צְּאוֹן,"a collective name for a flock (of sheep or goats)",,పేరు,Hebrew,Old Testament
H6630,צַּאֲנָן,"Tsa'anan (tsah-an-awn') n/l.",,త్సానాన్,Hebrew,Old Testament
H6631,צֶּאֱצָא,"issue",,సమస్య,Hebrew,Old Testament
H6632,צָּב,"a palanquin or canopy (as a fixture)",,ఒక పల్లకి లేదా పైకప్పు ఒక అమరిక వలె,Hebrew,Old Testament
H6633,צָּבָא,"tsaba' (tsaw-baw') v.",,అర్థం తెలియదు,Hebrew,Old Testament
H6634,צְּבָא,"tsba' (tseb-aw') v.",,అర్థం తెలియదు,Hebrew,Old Testament
H6635,צָּבָא צֶּבָאָה,"a mass of persons",త్సాబా,సైన్యం,Hebrew,Old Testament
H6636,צְּבוֹאִים צֶּבִיִים צֶּבִיִם,"Tsbo'iym (tseb-o-eem') (or (more correctly) Tsbiyiym tseb-ee-yeem' or Tsbiyim tseb-ee-yeem'",,త్స్బోయిమ్ లేదా త్స్బియిమ్,Hebrew,Old Testament
H6637,צּוֹבֵבָה,"Tsobebah (tso-bay-baw') n/p.",,త్సోబేబా,Hebrew,Old Testament
H6638,צָּבָה,"tsabah (tsaw-baw') v.",,అర్థం తెలియదు,Hebrew,Old Testament
H6639,צָּבֶה,"tsabeh (tsaw-beh') adj.",,అర్థం తెలియదు,Hebrew,Old Testament
H6640,צְּבוּ,"(properly) will",,సరిగా ఉంటుంది,Hebrew,Old Testament
H6641,צָּבוַּע,"tsabuwa` (tsaw-boo'-ah) adj.",,అర్థం తెలియదు,Hebrew,Old Testament
H6642,צָּבַט,"tsabat (tsaw-bat') v.",,అర్థం తెలియదు,Hebrew,Old Testament
H6643,צְּבִי,"splendor (as conspicuous)",,అంతం,Hebrew,Old Testament
H6644,צִּביָא,"Tsibya' (tsib-yaw') n/p.",,చిబ్యా,Hebrew,Old Testament
H6645,צִּביָה,"Tsibyah (tsib-yaw') n/p.",,చిబ్యా,Hebrew,Old Testament
H6646,צְּבִיָה,"a female gazelle",,ఆడ జింక,Hebrew,Old Testament
H6647,צְּבַע,"tsba` (tseb-ah') v.",,అర్థం తెలియదు,Hebrew,Old Testament
H6648,צֶּבַע,"a dye",,ఒక రంగు,Hebrew,Old Testament
H6649,צִּבעוֹן,"Tsib`own (tsib-one') n/p.",,ఒకటి,Hebrew,Old Testament
H6650,צְּבוֹעִים,"Tsbo`iym (tseb-o-eem') n/l.",,త్స్బోయిమ్,Hebrew,Old Testament
H6651,צָּבַר,"tsabar (tsaw-bar') v.",,అర్థం తెలియదు,Hebrew,Old Testament
H6652,צִּבּוּר,"a pile",,కుప్ప,Hebrew,Old Testament
H6653,צֶּבֶת,"a lock of stalks",,కాండం యొక్క తాళం,Hebrew,Old Testament
H6654,צַּד,"a side",,ఒక వైపు,Hebrew,Old Testament
H6655,צַּד,"used adverbially (with preposition) at or upon the side of",,ప్రక్కన ఉన్న లేదా ప్రక్కన ఉన్న పూర్వ పదంతో క్రియా విశేషణంగా ఉపయోగించబడుతుంది,Hebrew,Old Testament
H6656,צְּדָא,"tsda' (tsed-aw') adj.",,అర్థం తెలియదు,Hebrew,Old Testament
H6657,צְּדָד,"Tsdad (tsed-awd') n/l.",,అర్థం తెలియదు,Hebrew,Old Testament
H6658,צָּדָה,"tsadah (tsaw-daw') v.",,అర్థం తెలియదు,Hebrew,Old Testament
H6659,צָּדוֹק,"Tsadowq (tsaw-doke') n/p.",,అర్థం తెలియదు,Hebrew,Old Testament
H6660,צְּדִיָה,"design",,నమూనా,Hebrew,Old Testament
H6661,צִּדִּים,"Tsiddiym (tsid-deem') n/l.",,అర్థం తెలియదు,Hebrew,Old Testament
H6662,צַּדִּיק,"tsaddiyq (tsad-deek') adj.",త్సద్దీక్,నీతిమంతుడు,Hebrew,Old Testament
H6663,צָּדַק,"tsadaq (tsaw-dak') v.",త్సాదక్,నీతిమంతుడగు,Hebrew,Old Testament
H6664,צֶּדֶק,"the right (natural",త్సెదెక్,నీతి,Hebrew,Old Testament
H6665,צִּדקָה,"beneficence",,దాతృత్వం,Hebrew,Old Testament
H6666,צְּדָקָה,"rightness (abstractly)",,నీతి,Hebrew,Old Testament
H6667,צִּדקִיָה צִּדקִיָהוּ,"Tsidqiyah (tsid-kee-yaw') (or Tsidqiyahuw tsid-kee-yaw'-hoo) n/p.",,సిద్కియా,Hebrew,Old Testament
H6668,צָּהַב,"tsahab (tsaw-hab') v.",,అర్థం తెలియదు,Hebrew,Old Testament
H6669,צָּהוֹב,"tsahob (tsaw-obe') adj.",,అర్థం తెలియదు,Hebrew,Old Testament
H6670,צָּהַל,"tsahal (tsaw-hal') v.",,అర్థం తెలియదు,Hebrew,Old Testament
H6671,צָּהַר,"tsahar (tsaw-har') v.",,అర్థం తెలియదు,Hebrew,Old Testament
H6672,צּוֹהַר,"a light (i.e. window)",,వెలుగు,Hebrew,Old Testament
H6673,צַּו צָּו,"an injunction",,ఆంక్ష,Hebrew,Old Testament
H6674,צּוֹא צּוֹא,"tsow' (tso) (or tsov tso) adj.",,అర్థం తెలియదు,Hebrew,Old Testament
H6675,צּוֹאָה צּוֹאָה,"excrement",,మలం,Hebrew,Old Testament
H6676,צַּוַּאר,"neck",,మెడ,Hebrew,Old Testament
H6677,צַּוָּאר צַּוָּר צַּוָּרוֹן צַּוָּארָה,"the back of the neck (as that on which burdens are bound)",,మెడ,Hebrew,Old Testament
H6678,צּוֹבָא צּוֹבָה צּוֹבָה,"Tsowba' (tso-baw') (or Tsowbah tso-baw' or Tsobah tso-baw'",,అర్థం తెలియదు,Hebrew,Old Testament
H6679,צּוּד,"tsuwd (tsood) v.",,అర్థం తెలియదు,Hebrew,Old Testament
H6680,צָּוָה,"tsavah (tsaw-vaw') v.",త్సావా,ఆజ్ఞాపించు,Hebrew,Old Testament
H6681,צָּוַח,"tsavach (tsaw-vakh') v.",,అర్థం తెలియదు,Hebrew,Old Testament
H6682,צְּוָחָה,"a screech (of anguish)",,వేదన యొక్క కేక,Hebrew,Old Testament
H6683,צּוּלָה,"deep",,లోతైన,Hebrew,Old Testament
H6684,צּוּם,"tsuwm (tsoom) v.",,అర్థం తెలియదు,Hebrew,Old Testament
H6685,צּוֹם צּוֹם,"a fast",,ఉపవాసం,Hebrew,Old Testament
H6686,צּוּעָר,"Tsaw`ar (tsoo-awr') n/p.",,అర్థం తెలియదు,Hebrew,Old Testament
H6687,צּוּף,"tsuwph (tsoof) v.",,అర్థం తెలియదు,Hebrew,Old Testament
H6688,צּוּף,"comb of honey (from dripping)",,తేనె,Hebrew,Old Testament
H6689,צּוּף צּוֹפַי צִּיף,"Tsuwph (tsoof) (or Tsowphay tso-fah'-ee or Tsiyph tseef",,అర్థం తెలియదు,Hebrew,Old Testament
H6690,צּוֹפַח,"Tsowphach (tso-fakh') n/p.",,జోఫహు,Hebrew,Old Testament
H6691,צּוֹפַר,"Tsowphar (tso-far') n/p.",,జోఫరు,Hebrew,Old Testament
H6692,צּוּץ,"tsuwts (tsoots) v.",,అర్థం తెలియదు,Hebrew,Old Testament
H6693,צּוּק,"tsuwq (tsook) v.",,అర్థం తెలియదు,Hebrew,Old Testament
H6694,צּוּק,"tsuwq (tsook) v.",,బాధించు,Hebrew,Old Testament
H6695,צּוֹק צּוּקָה,"a strait",,ఇరుకు,Hebrew,Old Testament
H6696,צּוּר,"tsuwr (tsoor) v.",,బంధించు,Hebrew,Old Testament
H6697,צּוּר צּוּר,"(properly) a cliff (or sharp rock",,బండ,Hebrew,Old Testament
H6698,צּוּר,"Tsuwr (tsoor) n/p.",,సూరు,Hebrew,Old Testament
H6699,צּוּרָה,"a rock (Job 28",,బండ,Hebrew,Old Testament
H6700,צּוּרִיאֵל,"Tsuwriy'el (tsoo-ree-ale') n/p.",,సూరియేలు,Hebrew,Old Testament
H6701,צּוּרִישַׁדַּי,"Tsuwriyshadday (tsoo-ree-shad-dah'-ee) n/p.",,దినము,Hebrew,Old Testament
H6702,צּוּת,"tsuwth (tsooth) v.",,వెలుపలికి నెట్టు,Hebrew,Old Testament
H6703,צַּח,"tsach (tsakh) adj.",,తేటైన,Hebrew,Old Testament
H6704,צִּחֶה,"tsicheh (tsee-kheh') adj.",,ప్రకాశవంతమైన,Hebrew,Old Testament
H6705,צָּחַח,"tsachach (tsaw-khakh') v.",,కప్పు,Hebrew,Old Testament
H6706,צְּחִיַח,"glaring",,ప్రకాశవంతమైన,Hebrew,Old Testament
H6707,צְּחִיחָה,"a parched region",,ఎండిన ప్రదేశం,Hebrew,Old Testament
H6708,צְּחִיחִי,"bare spot",,బట్టబయలు ప్రదేశం,Hebrew,Old Testament
H6709,צַּחֲנָה,"stench",,పది,Hebrew,Old Testament
H6710,צַּחצָּחָה,"a dry place",,ఎండిన స్థలం,Hebrew,Old Testament
H6711,צָּחַק,"tsachaq (tsaw-khak') v.",,నవ్వు,Hebrew,Old Testament
H6712,צְּחוֹק,"laughter (in pleasure or derision)",,ఆనందం లేదా ఎగతాళిలో నవ్వు,Hebrew,Old Testament
H6713,צַּחַר,"sheen",,మెరుపు,Hebrew,Old Testament
H6714,צּוֹחַר,"Tsochar (tso'-khar) n/p.",,జోహరు,Hebrew,Old Testament
H6715,צָּחוֹר,"tsachor (tsaw-khore') adj.",,తెలుపు,Hebrew,Old Testament
H6716,צִּי,"a ship (as a fixture)",,ఒక ఓడ ఒక స్థిరమైనదిగా,Hebrew,Old Testament
H6717,צִּיבָּא,"Tsiyba' (tsee-baw') n/p.",,సీబా,Hebrew,Old Testament
H6718,צַּיִד,"the chase",,వేట,Hebrew,Old Testament
H6719,צַּיָד,"a huntsman",,మనిషి,Hebrew,Old Testament
H6720,צֵּידָּה צֵּדָה,"food",,ఆహారం,Hebrew,Old Testament
H6721,צִּידּוֹן צִּידּוֹן,"Tsiydown (tsee-done') (or Tsiydon tsee-done') n/l.",,ఒకటి,Hebrew,Old Testament
H6722,צִּידּוֹנִי צִּדוֹנִי,"Tsiydoniy (tsee-do-nee') adj.",,సీదోనీయుడు,Hebrew,Old Testament
H6723,צִּיָה,"aridity",,శుష్కత,Hebrew,Old Testament
H6724,צִּיוֹן,"a desert",,ఎడారి,Hebrew,Old Testament
H6725,צִּיוּן,"a monumental or guiding pillar",,స్మారక లేదా మార్గనిర్దేశం చేసే స్తంభం,Hebrew,Old Testament
H6726,צִּיוֹן,"Tsiyown (tsee-yone') n/l.",,ఒకటి,Hebrew,Old Testament
H6727,צִּיחָא צִּחָא,"Tsiycha' (tsee-khaw') (or Tsicha( tsee-khaw') n/p.",,సియకా,Hebrew,Old Testament
H6728,צִּיִי,"a desert-dweller",,ఎడారి,Hebrew,Old Testament
H6729,צִּינוֹק,"the pillory",,పీడన స్థంభం,Hebrew,Old Testament
H6730,צִּיעוֹר,"Tsiy`or (tsee-ore') n/l.",,సియోరు,Hebrew,Old Testament
H6731,צִּיצּ צִּץ,"(properly) glistening",,పది,Hebrew,Old Testament
H6732,צִּיצּ,"Tsiyts (tseets) n/l.",,అర్థం తెలియదు,Hebrew,Old Testament
H6733,צִּיצָּה,"a flower",,ఒక పువ్వు,Hebrew,Old Testament
H6734,צִּיצִּת,"a floral or wing-like projection",,అర్థం తెలియదు,Hebrew,Old Testament
H6735,צִּיר,"a hinge (as pressed in turning)",,అర్థం తెలియదు,Hebrew,Old Testament
H6736,צִּיר,"a form (of beauty",,అర్థం తెలియదు,Hebrew,Old Testament
H6737,צָּיַר,"tsayar (tsaw-yar') v.",,అర్థం తెలియదు,Hebrew,Old Testament
H6738,צֵּל,"shade",,నీడ,Hebrew,Old Testament
H6739,צְּלָא,"tsla' (tsel-aw') v.",,అర్థం తెలియదు,Hebrew,Old Testament
H6740,צָּלָה,"tsalah (tsaw-law') v.",,ధర్మశాస్త్రం,Hebrew,Old Testament
H6741,צִּלָּה,"Tsillah (tsil-law') n/p.",,ధర్మశాస్త్రం,Hebrew,Old Testament
H6742,צְּלוּל,"a (round or flattened) cake",,పది,Hebrew,Old Testament
H6743,צָּלַח צָּלֵַח,"tsalach (tsaw-lakh') (or tsaleach tsaw-lay'-akh) v.",,క్షమించు,Hebrew,Old Testament
H6744,צְּלַח,"tslach (tsel-akh') v.",,అర్థం తెలియదు,Hebrew,Old Testament
H6745,צֵּלָחָה,"something protracted or flattened out",,పది,Hebrew,Old Testament
H6746,צְּלוֹחִיתּ,"something prolonged or tall",,అర్థం తెలియదు,Hebrew,Old Testament
H6747,צַּלַּחַת,"something advanced or deep",,అర్థం తెలియదు,Hebrew,Old Testament
H6748,צָּלִי,"tsaliy (tsaw-lee') adj.",,అర్థం తెలియదు,Hebrew,Old Testament
H6749,צָּלַל,"tsalal (tsaw-lal') v.",,స్పష్టంగా ఉండు,Hebrew,Old Testament
H6750,צָּלַל,"tsalal (tsaw-lal') v.",,మ్రోగు,Hebrew,Old Testament
H6751,צָּלַל,"tsalal (tsaw-lal') v.",,అర్థం తెలియదు,Hebrew,Old Testament
H6752,צֵּלֶל,"shade",,నీడ,Hebrew,Old Testament
H6753,צְּלֶלפּוֹנִי,"Tslelpowniy (tsel-el-po-nee') n/p.",,అర్థం తెలియదు,Hebrew,Old Testament
H6754,צֶּלֶם,"a phantom",,రూపములో,Hebrew,Old Testament
H6755,צֶּלֶם צְּלֶם,"an idolatrous figure",,అర్థం తెలియదు,Hebrew,Old Testament
H6756,צַּלמוֹן,"Tsalmown (tsal-mone') n/l.",,ఒకటి,Hebrew,Old Testament
H6757,צַּלמָוֶת,"shade of death",,మరణం,Hebrew,Old Testament
H6758,צַּלמוֹנָה,"Tsalmonah (tsal-mo-naw') n/l.",,అర్థం తెలియదు,Hebrew,Old Testament
H6759,צַּלמוּנָּע,"Tsalmunna` (tsal-moon-naw') n/p.",,చంద్రుడు,Hebrew,Old Testament
H6760,צָּלַע,"tsala` (tsaw-lah') v.",,వంచడం,Hebrew,Old Testament
H6761,צֶּלַע,"a limping or full (figuratively)",,అర్థం తెలియదు,Hebrew,Old Testament
H6762,צֶּלַע,"Tsela` (tseh'-lah) n/l.",,అర్థం తెలియదు,Hebrew,Old Testament
H6763,צֵּלָע צַּלעָה,"a rib (as curved)",,ప్రక్క,Hebrew,Old Testament
H6764,צָּלָף,"Tsalaph (tsaw-lawf') n/p.",,ధర్మశాస్త్రం,Hebrew,Old Testament
H6765,צְּלָפחָד,"Tslophchad (tsel-of-chawd') n/p.",,అర్థం తెలియదు,Hebrew,Old Testament
H6766,צֶּלצַּח,"Tseltsach (tsel-tsakh') n/l.",,అర్థం తెలియదు,Hebrew,Old Testament
H6767,צְּלָצַל,"a clatter",,అర్థం తెలియదు,Hebrew,Old Testament
H6768,צֶּלֶק,"Tseleq (tseh'-lek) n/p.",,అర్థం తెలియదు,Hebrew,Old Testament
H6769,צִּלְּתַי,"Tsillthay (tsil-leth-ah'-ee) n/p.",,అర్థం తెలియదు,Hebrew,Old Testament
H6770,צָּמֵא,"tsame' (tsaw-may') v.",,దాహం,Hebrew,Old Testament
H6771,צָּמֵא,"tsame' (tsaw-may') adj.",,దాహపడు,Hebrew,Old Testament
H6772,צָּמָא,"thirst (literally or figuratively)",,అర్థం తెలియదు,Hebrew,Old Testament
H6773,צִּמאָה,"thirst (figuratively",,దాహం (రూపకంగా),Hebrew,Old Testament
H6774,צִּמָּאוֹן,"a thirsty place",,దాహంతో ఉన్న ప్రదేశం,Hebrew,Old Testament
H6775,צָּמַד,"tsamad (tsaw-mad') v.",,అర్థం తెలియదు,Hebrew,Old Testament
H6776,צֶּמֶד,"hence",,కాబట్టి,Hebrew,Old Testament
H6777,צַּמָּה,"a veil",,ముసుగు,Hebrew,Old Testament
H6778,צַּמּוּק,"a cake of dried grapes",,ఎండు ద్రాక్ష కేకు,Hebrew,Old Testament
H6779,צָּמַח,"tsamach (tsaw-makh') v.",,అర్థం తెలియదు,Hebrew,Old Testament
H6780,צֶּמַח,"(usually concrete) a sprout",,చిగురు (సాధారణంగా),Hebrew,Old Testament
H6781,צָּמִידּ צָּמִד,"a bracelet or arm-clasp",,కంకణము,Hebrew,Old Testament
H6782,צַּמִּים,"a noose (as fastening)",,పది,Hebrew,Old Testament
H6783,צְּמִיתּוּת צְּמִתוּת,"excision",,ఖండన,Hebrew,Old Testament
H6784,צָּמַק,"tsamaq (tsaw-mak') v.",,అర్థం తెలియదు,Hebrew,Old Testament
H6785,צֶּמֶר,"wool",,గొర్రె ఊలు,Hebrew,Old Testament
H6786,צְּמָרִי,"Tsmariy (tsem-aw-ree') adj.",,సెమారీ,Hebrew,Old Testament
H6787,צְּמָרַיִם,"Tsmarayim (tsem-aw-rah'-yim) n/l.",,అర్థం తెలియదు,Hebrew,Old Testament
H6788,צַּמֶּרֶת,"fleeciness",,ఉన్ని,Hebrew,Old Testament
H6789,צָּמַת,"tsamath (tsaw-math') v.",,అర్థం తెలియదు,Hebrew,Old Testament
H6790,צִּן,"Tsin (tseen) n/l.",,పాపం,Hebrew,Old Testament
H6791,צֵּן,"a thorn",,ముల్లు,Hebrew,Old Testament
H6792,צּוֹנֵא צּוֹנֶה,"a flock",,మంద,Hebrew,Old Testament
H6793,צִּנָּה,"a hook (as pointed)",,ముల్లు వంటి కొక్కెం,Hebrew,Old Testament
H6794,צִּנּוּר,"a culvert",,కల్వర్టు,Hebrew,Old Testament
H6795,צָּנַח,"tsanach (tsaw-nakh') v.",,అర్థం తెలియదు,Hebrew,Old Testament
H6796,צָּנִין צָּנִן,"a thorn",,ముల్లు,Hebrew,Old Testament
H6797,צָּנִיף צָּנוֹף צָּנִיפָה,"a head-dress (i.e. piece of cloth wrapped around)",,తల,Hebrew,Old Testament
H6798,צָּנַם,"tsanam (tsaw-nam') v.",,అర్థం తెలియదు,Hebrew,Old Testament
H6799,צְּנָן,"Tsnan (tsen-awn') n/l.",,అర్థం తెలియదు,Hebrew,Old Testament
H6800,צָּנַע,"tsana` (tsaw-nah') v.",,అర్థం తెలియదు,Hebrew,Old Testament
H6801,צָּנַף,"tsanaph (tsaw-naf') v.",,అర్థం తెలియదు,Hebrew,Old Testament
H6802,צְּנֵפָה,"a ball",,బంతి,Hebrew,Old Testament
H6803,צִּנצֶּנֶת,"a vase (probably a vial tapering at the top)",,కుండీ బహుశా పైన సన్నగా ఉండే సీసా,Hebrew,Old Testament
H6804,צַּנתָּרָה,"a tube",,గొట్టం,Hebrew,Old Testament
H6805,צָּעַד,"tsa`ad (tsaw-ad') v.",,అర్థం తెలియదు,Hebrew,Old Testament
H6806,צַּעַד,"a pace or regular step",,నడక లేదా సాధారణ అడుగు,Hebrew,Old Testament
H6807,צְּעָדָה,"a march",,మార్చి,Hebrew,Old Testament
H6808,צָּעָה,"tsa`ah (tsaw-aw') v.",,అర్థం తెలియదు,Hebrew,Old Testament
H6809,צָּעִיף,"a veil",,ముసుగు,Hebrew,Old Testament
H6810,צָּעִיר צָּעוֹר,"tsa`iyr (tsaw-eer') (or tsanowr tsaw-ore') adj.",,చిన్న,Hebrew,Old Testament
H6811,צָּעִיר,"Tsa`iyr (tsaw-eer') n/l.",,అర్థం తెలియదు,Hebrew,Old Testament
H6812,צְּעִירָה,"smallness (of age)",,వయస్సు తక్కువ,Hebrew,Old Testament
H6813,צָּעַן,"tsa`an (tsaw-an') v.",,ప్రయాణం చేయు,Hebrew,Old Testament
H6814,צּוֹעַן,"Tso`an (tso'-an) n/l.",,జోయాను,Hebrew,Old Testament
H6815,צַּעֲנַנִּים צַּעֲנַיִם,"Tsa`ananniym (tsah-an-an-neem') (or (dual) Tsaeanayim tsah-an-ah'-yim) n/l.",,అర్థం తెలియదు,Hebrew,Old Testament
H6816,צַּעצּוַּע,"sculpture",,శిల్పం,Hebrew,Old Testament
H6817,צָּעַק,"tsa`aq (tsaw-ak') v.",,కేకవేయు,Hebrew,Old Testament
H6818,צַּעֲקָה,"a shriek",,కేక,Hebrew,Old Testament
H6819,צָּעַר,"tsa`ar (tsaw-ar') v.",,బాధింపబడు,Hebrew,Old Testament
H6820,צּוֹעַר,"Tso`ar (tso'ar) n/l.",,సోయరు,Hebrew,Old Testament
H6821,צָּפַד,"tsaphad (tsaw-fad') v.",,పొక్కులుకట్టు,Hebrew,Old Testament
H6822,צָּפָה,"tsaphah (tsaw-faw') v.",,తేలుచుండు,Hebrew,Old Testament
H6823,צָּפָה,"tsaphah (tsaw-faw') v.",,కనిపెట్టు,Hebrew,Old Testament
H6824,צָּפָה,"an inundation (as covering)",,వరదవలె కప్పుట,Hebrew,Old Testament
H6825,צְּפוֹ צְּפִי,"Tsphow (tsef-o') (or Tsphiy tsef-ee') n/p.",,సెఫో,Hebrew,Old Testament
H6826,צִּפּוּי,"encasement (with metal)",,లోహపు తొడుగు,Hebrew,Old Testament
H6827,צְּפוֹן,"Tsphown (tsef-one') n/p.",,ఒకటి,Hebrew,Old Testament
H6828,צָּפוֹן צָּפוֹן,"(properly) hidden",,ఉతతరమ,Hebrew,Old Testament
H6829,צָּפוֹן,"Tsaphown (tsaw-fone') n/l.",,ఒకటి,Hebrew,Old Testament
H6830,צְּפוֹנִי,"tsphowniy (tsef-o-nee') adj.",,ఉత్తర సంబంధమైన,Hebrew,Old Testament
H6831,צְּפוֹנִי,"Tsphowniy (tsef-o-nee') adj.",,ఉత్తర సంబంధమైన,Hebrew,Old Testament
H6832,צְּפוַּע,"excrement (as protruded)",,బయటికి వచ్చిన మలము,Hebrew,Old Testament
H6833,צִּפּוֹר צִּפּוֹר,"a little bird (as hopping)",,పక్షి,Hebrew,Old Testament
H6834,צִּפּוֹר,"Tsippowr (tsip-pore') n/p.",,జిప్పోరు,Hebrew,Old Testament
H6835,צַּפַּחַת,"a saucer (as flat)",,పళ్ళెంవలె చదునుగా ఉండునది,Hebrew,Old Testament
H6836,צְּפִיָה,"watchfulness",,మెలకువ,Hebrew,Old Testament
H6837,צִּפיוֹן,"Tsiphyown (tsif-yone') n/p.",,ఒకటి,Hebrew,Old Testament
H6838,צַּפִּיחִת,"a flat thin cake",,పలచని పుల్లగారె,Hebrew,Old Testament
H6839,צּוֹפִים,"Tsophiym (tso-feem') n/l.",,జోఫీయులు,Hebrew,Old Testament
H6840,צָּפִין,"a treasure (as hidden)",,దాచబడిన ధనము,Hebrew,Old Testament
H6841,צְּפִיר,"a he-goat",,మేక,Hebrew,Old Testament
H6842,צָּפִיר,"a male goat (as prancing)",,మేక,Hebrew,Old Testament
H6843,צְּפִירָה,"a crown (as encircling the head)",,తల,Hebrew,Old Testament
H6844,צָּפִיתּ,"a sentry",,కావలివాడు,Hebrew,Old Testament
H6845,צָּפַן,"tsaphan (tsaw-fan') v.",,దాచు,Hebrew,Old Testament
H6846,צְּפַניָה צְּפַניָהוּ,"Tsphanyah (tsef-an-yaw') (or Tsphanyahuw tsef-an-yaw'-hoo) n/p.",,జెఫన్యా,Hebrew,Old Testament
H6847,צָּפנַת פַּענֵַח,"Tsophnath Pa`neach (tsof-nath' pah-nay'-akh) n/p.",,జోఫ్నత్పనేయహు,Hebrew,Old Testament
H6848,צֶּפַע צִּפעוֹנִי,"a viper (as thrusting out the tongue",,నాలుక,Hebrew,Old Testament
H6849,צְּפִעָה,"an outcast thing",,వెలివేయబడిన వస్తువు,Hebrew,Old Testament
H6850,צָּפַף,"tsaphaph (tsaw-faf') v.",,కమ్ముకొను,Hebrew,Old Testament
H6851,צַּפצָּפָה,"a willow (as growing in overflowed places)",,పొంగి పొర్లే ప్రదేశాలలో పెరిగే విల్లో చెట్టు,Hebrew,Old Testament
H6852,צָּפַר,"tsaphar (tsaw-far') v.",,అర్థం తెలియదు,Hebrew,Old Testament
H6853,צְּפַר,"a bird",,పక్షి,Hebrew,Old Testament
H6854,צְּפַרדֵַּע,"a marsh-leaper",,కప్ప,Hebrew,Old Testament
H6855,צִּפּוֹרָה,"Tsipporah (tsip-po-raw') n/p.",,సిప్పోరా,Hebrew,Old Testament
H6856,צִּפּוֹרֶן,"(properly) a claw",,ధర్మశాస్త్రం,Hebrew,Old Testament
H6857,צְּפַת,"Tsphath (tsef-ath') n/l.",,అర్థం తెలియదు,Hebrew,Old Testament
H6858,צֶּפֶת,"a capital of a column",,ఒక స్తంభం యొక్క శిఖరం,Hebrew,Old Testament
H6859,צְּפָתָה,"Tsphathah (tsef-aw'-thaw) n/l.",,అర్థం తెలియదు,Hebrew,Old Testament
H6860,צִּקלַג צִּיקְלַג,"Tsiqlag (tsik-lag') (or Tsiyqlag (1 Chronicles 12) n/l.",,జిక్లాగ్,Hebrew,Old Testament
H6861,צִּקלוֹן,"a sack (as tied at the mouth)",,నోరు,Hebrew,Old Testament
H6862,צַּר צָּר,"tsar (tsar) (or tsar tsawr) adj.",,ఇరుకు,Hebrew,Old Testament
H6863,צֵּר,"Tser (tsare) n/l.",,జేర్,Hebrew,Old Testament
H6864,צּוֹר,"a stone (as if pressed hard or to a point)",,రాయి,Hebrew,Old Testament
H6865,צּוֹר צּוֹר,"Tsor (tsore) (or Tsowr tsore) n/l.",,సోర్,Hebrew,Old Testament
H6866,צָּרַב,"tsarab (tsaw-rab') v.",,అర్థం తెలియదు,Hebrew,Old Testament
H6867,צָּרֶבֶת,"tsarebeth (tsaw-reh'-beth) adj.",,అర్థం తెలియదు,Hebrew,Old Testament
H6868,צְּרֵדָה צְּרֵדָתָה,"Tsredah (tser-ay-daw') (or Tsredathah tser-ay-daw'-thaw) n/l.",,అర్థం తెలియదు,Hebrew,Old Testament
H6869,צָּרָה,"tightness (i.e. figuratively",,బిగుతు అనగా అలంకారికంగా,Hebrew,Old Testament
H6870,צְּרוּיָה,"Tsruwyah (tser-oo-yaw') n/p.",,సెరూయా,Hebrew,Old Testament
H6871,צְּרוּעָה,"Tsruw`ah (tser-oo-aw') n/p.",,సెరూవా,Hebrew,Old Testament
H6872,צְּרוֹר צְּרוֹר,"a parcel (as packed up)",,కట్టబడిన ఒక పొట్లం,Hebrew,Old Testament
H6873,צָּרַח,"tsarach (tsaw-rakh') v.",,అర్థం తెలియదు,Hebrew,Old Testament
H6874,צְּרִי,"Tsriy (tser-ee') n/p.",,అర్థం తెలియదు,Hebrew,Old Testament
H6875,צְּרִי צֳּרִי,"distillation",,స్వేదనం,Hebrew,Old Testament
H6876,צּוֹרִי,"Tsoriy (tso-ree') adj.",,అర్థం తెలియదు,Hebrew,Old Testament
H6877,צְּרִיַח,"a citadel",,ఒక దుర్గం,Hebrew,Old Testament
H6878,צּוֹרֶך,"need",,అవసరం,Hebrew,Old Testament
H6879,צָּרַע,"tsara` (tsaw-rah') v.",,తాకుతున్న,Hebrew,Old Testament
H6880,צִּרעָה,"a wasp (as stinging)",,కుట్టే కందిరీగ,Hebrew,Old Testament
H6881,צָּרעָה,"Tsor`ah (tsor-aw') n/l.",,జోరా,Hebrew,Old Testament
H6882,צָּרעִי צָּרעָתִי,"Tsor`iy (tsor-ee') (or Tsortathiy tsor-aw-thee') adj.",,అర్థం తెలియదు,Hebrew,Old Testament
H6883,צָּרַעַת,"leprosy",,కుష్ఠురోగం,Hebrew,Old Testament
H6884,צָּרַף,"tsaraph (tsaw-raf') v.",,అర్థం తెలియదు,Hebrew,Old Testament
H6885,צּוֹרְפִי,"refiner",,శుద్ధిచేసేవాడు,Hebrew,Old Testament
H6886,צָּרְפַת,"Tsarphath (tsaq-ref-ath') n/l.",,సరెఫతు,Hebrew,Old Testament
H6887,צָּרַר,"tsarar (tsaw-rar') v.",,అర్థం తెలియదు,Hebrew,Old Testament
H6888,צְּרֵרָה,"Tsrerah (tser-ay-raw') n/l.",,అర్థం తెలియదు,Hebrew,Old Testament
H6889,צֶּרֶת,"Tsereth (tseh'-reth) n/p.",,అర్థం తెలియదు,Hebrew,Old Testament
H6890,צֶּרֶת הַשַּׁחַר,"Tsereth hash-Shachar (tseh'-reth hash-shakh'-ar) n/l.",,అర్థం తెలియదు,Hebrew,Old Testament
H6891,צָּרְתָן,"Tsarthan (tsaw-reth-awn') n/l.",,అర్థం తెలియదు,Hebrew,Old Testament
H6892,קֵא קִיא,"vomit",,వాంతి,Hebrew,Old Testament
H6893,קָאַת,"probably the pelican (from vomiting)",,అర్థం తెలియదు,Hebrew,Old Testament
H6894,קַב,"a hollow",,ఒక బోలు,Hebrew,Old Testament
H6895,קָבַב,"qabab (kaw-bab') v.",,అర్థం తెలియదు,Hebrew,Old Testament
H6896,קֵבָה,"the paunch (as a cavity) or first stomach of ruminants",,మొదటి,Hebrew,Old Testament
H6897,קוֹבָה,"the abdomen (as a cavity)",,ఒక కుహరం కడుపు,Hebrew,Old Testament
H6898,קוּבָּה,"a pavilion (as a domed cavity)",,సింహం,Hebrew,Old Testament
H6899,קִבּוּץ,"a throng",,గుంపు,Hebrew,Old Testament
H6900,קְבוּרָה קֶבוּרָה,"sepulture",,సమాధి,Hebrew,Old Testament
H6901,קָבַל,"qabal (kaw-bal') v.",,అందుకొను,Hebrew,Old Testament
H6902,קְבַל,"qbal (keb-al') v.",,అర్థం తెలియదు,Hebrew,Old Testament
H6903,קְבֵל קֳבֵל,"qbel (keb-ale') ((Aramaic) or qobel (Aramaic) kob-ale') prep.",,అర్థం తెలియదు,Hebrew,Old Testament
H6904,קוֹבֶל,"a battering-ram",,గుంజ,Hebrew,Old Testament
H6905,קָבָל,"qabal (kaw-bawl') adv.",,అర్థం తెలియదు,Hebrew,Old Testament
H6906,קָבַע,"qaba` (kaw-bah') v.",,శపించు,Hebrew,Old Testament
H6907,קוּבַּעַת,"a goblet (as deep like a cover)",,అర్థం తెలియదు,Hebrew,Old Testament
H6908,קָבַץ,"qabats (kaw-bats') v.",,కూడగట్టు,Hebrew,Old Testament
H6909,קַבצְּאֵל,"Qabts'el (kab-tseh-ale') n/l.",,కబ్జెల్,Hebrew,Old Testament
H6910,קְבוּצָה,"a hoard",,నిధి,Hebrew,Old Testament
H6911,קִבצַּיִם,"Qibtsayim (kib-tsah'-yim) n/l.",,కిబ్సాయిమ్,Hebrew,Old Testament
H6912,קָבַר,"qabar (kaw-bar') v.",,పాతిపెట్టెను,Hebrew,Old Testament
H6913,קֶבֶר קִברָה,"a sepulchre",,సమాధి,Hebrew,Old Testament
H6914,קִברוֹת הַתּתַּאֲוָה,"Qibrowth hat-Ta'a-vah (kib-roth' hat-tah-av-aw') n/l.",,కిబ్రోతు హత్తావా,Hebrew,Old Testament
H6915,קָדַד,"qadad (kaw-dad') v.",,వంగియుండు,Hebrew,Old Testament
H6916,קִדָּה,"cassia bark (as in shrivelled rolls)",,మందసం,Hebrew,Old Testament
H6917,קָדוּם,"a pristine hero",,అర్థం తెలియదు,Hebrew,Old Testament
H6918,קָדוֹשׁ קָדוֹשׁ,"qadowsh (kaw-doshe') (or qadosh kaw-doshe') adj.",కాదోష్,పరిశుద్ధుడు,Hebrew,Old Testament
H6919,קָדַח,"qadach (kaw-dakh') v.",,మండు,Hebrew,Old Testament
H6920,קַדַּחַת,"inflammation",,వాపు,Hebrew,Old Testament
H6921,קָדִים קָדִם,"the fore or front part",,ముందు భాగం,Hebrew,Old Testament
H6922,קַדִּישׁ,"qaddiysh (kad-deesh') adj.",,పరిశుద్ధమైన,Hebrew,Old Testament
H6923,קָדַם,"qadam (kaw-dam') v.",,ముందువెళ్ళు,Hebrew,Old Testament
H6924,קֶדֶם קֵדמָה,"qedem (keh'-dem) (or qedmah kayd'-maw) adv.",,పరవమ,Hebrew,Old Testament
H6925,קֳדָם קְדָם,"qodam (kod-awm') ((Aramaic) or qdam (Aramaic) (Daniel 7) prep.",,అర్థం తెలియదు,Hebrew,Old Testament
H6926,קִדמָה,"the forward part (or relatively) East (often adverbially",,యుద్ధం,Hebrew,Old Testament
H6927,קַדמָה,"priority (in time)",,కాలక్రమంలో ప్రాధాన్యత,Hebrew,Old Testament
H6928,קַדמָה,"former time",,పూర్వకాలం,Hebrew,Old Testament
H6929,קֵדְמָה,"Qedmah (kayd'-maw) n/p.",,కెద్మా,Hebrew,Old Testament
H6930,קַדמוֹן,"qadmown (kad-mone') adj.",,ఒకటి,Hebrew,Old Testament
H6931,קַדמוֹנִי קַדמוֹנִי,"qadmowniy (kad-mo-nee') (or qadmoniy kad-mo-nee') adj.",,ఖడ్మోని,Hebrew,Old Testament
H6932,קְדֵמוֹת,"Qdemowth (ked-ay-mothe') n/l.",,కెడెమోత్,Hebrew,Old Testament
H6933,קַדמַי,"qadmay (kad-mah'-ee) adj.",,ఖడ్మాయి,Hebrew,Old Testament
H6934,קַדמִיאֵל,"Qadmiy'el (kad-mee-ale') n/p.",,ఖద్మీయేల్,Hebrew,Old Testament
H6935,קַדמוֹנִי,"Qadmoniy (kad-mo-nee') adj.",,ఖద్మోని,Hebrew,Old Testament
H6936,קָדקוֹד,"the crown of the head (as the part most bowed)",,తల,Hebrew,Old Testament
H6937,קָדַר,"qadar (kaw-dar') v.",,కదర్,Hebrew,Old Testament
H6938,קֵדָר,"Qedar (kay-dawr') n/p.",,కేదార్,Hebrew,Old Testament
H6939,קִדרוֹן,"Qidrown (kid-rone') n/l.",,ఒకటి,Hebrew,Old Testament
H6940,קַדרוּת,"duskiness",,చీకటి,Hebrew,Old Testament
H6941,קְדוֹרַנִּיתּ,"qdoranniyth (ked-o-ran-neeth') adv.",,అర్థం తెలియదు,Hebrew,Old Testament
H6942,קָדַשׁ,"qadash (kaw-dash') v.",కాదష్,పరిశుద్ధం చేయు,Hebrew,Old Testament
H6943,קֶדֶשׁ,"Qedesh (keh'-desh) n/l.",,కేదేశ్,Hebrew,Old Testament
H6944,קוֹדֶשׁ,"a sacred place or thing",కొదెష్,పరిశుద్ధత,Hebrew,Old Testament
H6945,קָדֵשׁ,"a (quasi) sacred person",,కుమారుడు,Hebrew,Old Testament
H6946,קָדֵשׁ,"Qadesh (kaw-dashe') n/l.",,కాదేషు,Hebrew,Old Testament
H6947,קָדֵשׁ בַּרנֵַע,"Qadesh Barnea` (kaw-dashe' bar-nay'-ah) n/l.",,కాదేష్ బర్నేయా,Hebrew,Old Testament
H6948,קְדֵשָׁה,"a female devotee (i.e. prostitute)",,ఒక స్త్రీ భక్తురాలు అనగా వేశ్య,Hebrew,Old Testament
H6949,קָהָה,"qahah (kaw-haw') v.",,కహహ్,Hebrew,Old Testament
H6950,קָהַל,"qahal ('kaw-hal') v.",,కహల్,Hebrew,Old Testament
H6951,קָהָל,"(usually concretely) assemblage",,సాధారణంగా సమ్మేళనం,Hebrew,Old Testament
H6952,קְהִלָּה,"an assemblage",,ఒక సమ్మేళనం,Hebrew,Old Testament
H6953,קוֹהֶלֶת,"a (female) assembler (i.e. lecturer)",,ఒక స్త్రీ సమ్మేళనకర్త అనగా ఉపన్యాసకురాలు,Hebrew,Old Testament
H6954,קְהֵלָתָה,"Qhelathah (keh-hay-law'-thaw) n/l.",,ధర్మశాస్త్రం,Hebrew,Old Testament
H6955,קְהָת,"Qhath (keh-hawth') n/p.",,కెహాత్,Hebrew,Old Testament
H6956,קֳהָתִי,"Qohathiy (ko-haw-thee') adj.",,కోహతీ,Hebrew,Old Testament
H6957,קַו קָו,"a cord (as connecting)",,ఒక త్రాడు కలుపునదిగా,Hebrew,Old Testament
H6958,קוֹא קָיָה,"qow' (ko) (or qayah (Jer. 25) v.",,అర్థం తెలియదు,Hebrew,Old Testament
H6959,קוֹבַע,"a helmet",,ఒక శిరస్త్రాణం,Hebrew,Old Testament
H6960,קָוָה,"qavah (kaw-vaw') v.",,కూడుగాక,Hebrew,Old Testament
H6961,קָוֶה,"a (measuring) cord (as if for binding)",,బంధించడానికి కొలిచే త్రాడు,Hebrew,Old Testament
H6962,קוּט,"quwt (koot) v.",,కూట్,Hebrew,Old Testament
H6963,קוֹל,"a voice or sound",కోల్,స్వరం,Hebrew,Old Testament
H6964,קוֹלָיָה,"Qowlayah (ko-law-yaw') n/p.",,ధర్మశాస్త్రం,Hebrew,Old Testament
H6965,קוּם,"quwm (koom) v.",కూమ్,లేచు,Hebrew,Old Testament
H6966,קוּם,"quwm (koom) v.",,లేచు,Hebrew,Old Testament
H6967,קוֹמָה,"height",,ఎనిమిది,Hebrew,Old Testament
H6968,קוֹמְמִיוּת,"elevation",,ఎత్తు,Hebrew,Old Testament
H6969,קוּן,"quwn (koon) v.",,కూన్,Hebrew,Old Testament
H6970,קוַֹע,"Qowa` (ko'-ah) n/l.",,అర్థం తెలియదు,Hebrew,Old Testament
H6971,קוֹף קוֹף,"a monkey",,కోతి,Hebrew,Old Testament
H6972,קוּץ,"quwts (koots) v.",,అర్థం తెలియదు,Hebrew,Old Testament
H6973,קוּץ,"quwts (koots) v.",,అర్థం తెలియదు,Hebrew,Old Testament
H6974,קוּץ,"quwts (koots) v.",,అర్థం తెలియదు,Hebrew,Old Testament
H6975,קוֹץ קוֹץ,"a thorn",,ముల్లు,Hebrew,Old Testament
H6976,קוֹץ,"Qowts (kotse) n/p.",,అర్థం తెలియదు,Hebrew,Old Testament
H6977,קְווּצָּה,"a forelock (as shorn)",,క్షౌరము చేయబడిన జుట్టు ముందు భాగం,Hebrew,Old Testament
H6978,קַו ־ קַו,"stalwart",,యుద్ధం,Hebrew,Old Testament
H6979,קוּר,"quwr (koor) v.",,అర్థం తెలియదు,Hebrew,Old Testament
H6980,קוּר,"(only plural) trenches",,గుంటలు మాత్రమే,Hebrew,Old Testament
H6981,קוֹרֵא קוֹרֵא,"Qowre' (ko-ray') (or Qore' (1 Chronicles 26) n/p.",,కోరే,Hebrew,Old Testament
H6982,קוֹרָה קוֹרָה,"a rafter (forming trenches as it were)",,అర్థం తెలియదు,Hebrew,Old Testament
H6983,קוֹשׁ,"qowsh (koshe) v.",,అర్థం తెలియదు,Hebrew,Old Testament
H6984,קוּשָׁיָהוּ,"quwshayahuw (koo-shaw-yaw'-hoo) n/p.",,కూషయాహువు,Hebrew,Old Testament
H6985,קַט,"qat (kat) adj.",,చిన్నది,Hebrew,Old Testament
H6986,קֶטֶב,"ruin",,నాశనం,Hebrew,Old Testament
H6987,קוֹטֶב,"extermination",,జాతి,Hebrew,Old Testament
H6988,קְטוֹרָה,"perfume",,సుగంధ ద్రవ్యము,Hebrew,Old Testament
H6989,קְטוּרָה,"Qtuwrah (ket-oo-raw') n/p.",,కెతూరా,Hebrew,Old Testament
H6990,קָטַט,"qatat (kaw-tat') v.",,అర్థం తెలియదు,Hebrew,Old Testament
H6991,קָטַל,"qatal (kaw-tal') v.",,అర్థం తెలియదు,Hebrew,Old Testament
H6992,קְטַל,"qtal (ket-al') v.",,అర్థం తెలియదు,Hebrew,Old Testament
H6993,קֶטֶל,"a violent death",,మరణం,Hebrew,Old Testament
H6994,קָטוֹן,"qaton (kaw-tone') v.",,ఒకటి,Hebrew,Old Testament
H6995,קוֹטֶן,"a pettiness",,అల్పత్వం,Hebrew,Old Testament
H6996,קָטָן קָטוֹן,"qatan (kaw-tawn') (or qaton kaw-tone') adj.",,ఒకటి,Hebrew,Old Testament
H6997,קָטָן,"Qatan (kaw-tawn') n/p.",,కటాన్,Hebrew,Old Testament
H6998,קָטַף,"qataph (kaw-taf') v.",,అర్థం తెలియదు,Hebrew,Old Testament
H6999,קָטַר,"qatar (kaw-tar') adj.",,అర్థం తెలియదు,Hebrew,Old Testament
H7000,קָטַר,"qatar (kaw-tar') v.",,అర్థం తెలియదు,Hebrew,Old Testament
H7001,קְטַר,"a knot (as tied up)",,ముడి,Hebrew,Old Testament
H7002,קִטֵּר,"perfume",,సుగంధ ద్రవ్యము,Hebrew,Old Testament
H7003,קִטרוֹן,"Qitrown (kit-rone') n/l.",,ఒకటి,Hebrew,Old Testament
H7004,קְטוֹרֶת,"a fumigation",,ధూపం వేయడం,Hebrew,Old Testament
H7005,קַטָּת,"Qattath (kat-tawth') n/l.",,కత్తాత్,Hebrew,Old Testament
H7006,קָיָה,"qayah (kaw-yaw') v.",,విసుగు,Hebrew,Old Testament
H7007,קַיִט,"harvest",,కోత,Hebrew,Old Testament
H7008,קִיטּוֹר קִיטּוֹר,"a fume",,ఒక ఆవిరి,Hebrew,Old Testament
H7009,קִים,"an opponent (as rising against one)",,పాపం,Hebrew,Old Testament
H7010,קְיָם,"an edict (as arising in law)",,పాపం,Hebrew,Old Testament
H7011,קַיָם,"qayam (kah-yawm') adj.",,స్థిరమైన,Hebrew,Old Testament
H7012,קִימָה,"an arising",,పాపం,Hebrew,Old Testament
H7013,קַיִן,"a lance (as striking fast)",,రాజు,Hebrew,Old Testament
H7014,קַיִן,"Qayin (kah'-yin) n/p.",,కయీను,Hebrew,Old Testament
H7015,קִינָה,"a dirge (as accompanied by beating the breasts or on instruments)",,దుఃఖ గీతం,Hebrew,Old Testament
H7016,קִינָה,"Qiynah (kee-naw') n/l.",,విలాపం,Hebrew,Old Testament
H7017,קֵינִי קִינִי,"Qeyniy (kay-nee') (or Qiyniy (1 Chron. 2) adj.",,కీనీయుడు,Hebrew,Old Testament
H7018,קֵינָן,"Qeynan (kay-nawn') n/p.",,కేయినాను,Hebrew,Old Testament
H7019,קַיִץ,"harvest (as the crop)",,కోత,Hebrew,Old Testament
H7020,קִיצּוֹן,"qiytsown (kee-tsone') adj.",,కుమారుడు,Hebrew,Old Testament
H7021,קִיקָיוֹן,"the gourd (as nauseous)",,వికారం కలిగించే గుమ్మడికాయ,Hebrew,Old Testament
H7022,קִיקָלוֹן,"intense disgrace",,కృప,Hebrew,Old Testament
H7023,קִיר קִר קִירָה,"a wall (as built in a trench)",,గోడ,Hebrew,Old Testament
H7024,קִיר,"Qiyr (keer) n/l.",,గోడ,Hebrew,Old Testament
H7025,קִיר חֶרֶשׂ קִיר חֲרֶשֶׂת,"Qiyr Cheres (keer kheh'-res) (or (feminine of the latter word) Qiyr Chareseth keer khar-eh'-seth) n/...",,మాట,Hebrew,Old Testament
H7026,קֵירוֹס קֵרוֹס,"Qeyroc (kay-roce') (or Qeroc kay-roce') n/p.",,కేరోస్,Hebrew,Old Testament
H7027,קִישׁ,"Qiysh (keesh) n/p.",,కీషు,Hebrew,Old Testament
H7028,קִישׁוֹן,"Qiyshown (kee-shone') n/l.",,ఒకటి,Hebrew,Old Testament
H7029,קִישִׁי,"Qiyshiy (kee-shee') n/p.",,కీషి,Hebrew,Old Testament
H7030,קִיתָּרוֹס,"a lyre",,సితార,Hebrew,Old Testament
H7031,קַל,"qal (kal) adj.",,తేలిక,Hebrew,Old Testament
H7032,קָל,"sound",,ధ్వని,Hebrew,Old Testament
H7033,קָלָה,"qalah (kaw-law') v.",,ధర్మశాస్త్రం,Hebrew,Old Testament
H7034,קָלָה,"qalah (kaw-law') v.",,ధర్మశాస్త్రం,Hebrew,Old Testament
H7035,קָלַהּ,"qalahh (kaw-lah') v.",,ఖర్చుపెట్టు,Hebrew,Old Testament
H7036,קָלוֹן,"disgrace",,కృప,Hebrew,Old Testament
H7037,קַלַּחַת,"a kettle",,కేటిల్,Hebrew,Old Testament
H7038,קָלַט,"qalat (kaw-lat') v.",,సంపూర్ణం చేయు,Hebrew,Old Testament
H7039,קָלִי קָלִיא,"roasted ears of grain",,చెవి,Hebrew,Old Testament
H7040,קַלַּי,"Qallay (kal-lah'-ee) n/p.",,కల్లయి,Hebrew,Old Testament
H7041,קֵלָיָה,"Qelayah (kay-law-yaw') n/p.",,ధర్మశాస్త్రం,Hebrew,Old Testament
H7042,קְלִיטָּא,"Qliyta' (kel-ee-taw') n/p.",,కేలితా,Hebrew,Old Testament
H7043,קָלַל,"qalal (kaw-lal') v.",,శపించు,Hebrew,Old Testament
H7044,קָלָל,"qalal (kaw-lawl') adj.",,ధర్మశాస్త్రం,Hebrew,Old Testament
H7045,קְלָלָה,"vilification",,శాపము,Hebrew,Old Testament
H7046,קָלַס,"qalac (kaw-las') v.",,జోడించు,Hebrew,Old Testament
H7047,קֶלֶס,"a laughing-stock",,నవ్వులపాలు,Hebrew,Old Testament
H7048,קַלָּסָה,"ridicule",,హేళన,Hebrew,Old Testament
H7049,קָלַע,"qala` (kaw-lah') v.",,తిను,Hebrew,Old Testament
H7050,קֶלַע,"a sling",,వడిసెల,Hebrew,Old Testament
H7051,קַלָּע,"a slinger",,వడిసెలదారు,Hebrew,Old Testament
H7052,קְלוֹקֵל,"qloqel (kel-o-kale') adj.",,అర్థం తెలియదు,Hebrew,Old Testament
H7053,קִלְּשׁוֹן,"a prong",,ముల్లుగరిటె,Hebrew,Old Testament
H7054,קָמָה,"something that rises",,పైకి లేచేది,Hebrew,Old Testament
H7055,קְמוּאֵל,"Qmuw'el (kem-oo-ale') n/p.",,కెమూయేలు,Hebrew,Old Testament
H7056,קָמוֹן,"Qamown (kaw-mone') n/l.",,ఒకటి,Hebrew,Old Testament
H7057,קִמּוֹשׁ קִימוֹשׁ,"a prickly plant",,ముళ్ళ మొక్క,Hebrew,Old Testament
H7058,קֶמַח,"flour",,పిండి,Hebrew,Old Testament
H7059,קָמַט,"qamat (kaw-mat') v.",,లేచి నిలబడు,Hebrew,Old Testament
H7060,קָמַל,"qamal (kaw-mal') v.",,కుంగిపోవు,Hebrew,Old Testament
H7061,קָמַץ,"qamats (kaw-mats') v.",,అర్థం తెలియదు,Hebrew,Old Testament
H7062,קוֹמֶץ,"a grasp",,పట్టు,Hebrew,Old Testament
H7063,קִמָּשׁוֹן,"a prickly plant",,ముళ్ల మొక్క,Hebrew,Old Testament
H7064,קֵן,"a nest (as fixed)",,స్థిరంగా ఉన్న గూడు,Hebrew,Old Testament
H7065,קָנָא,"qana' (kaw-naw') v.",,రోషపడు,Hebrew,Old Testament
H7066,קְנָא,"qna' (ken-aw') v.",,అర్థం తెలియదు,Hebrew,Old Testament
H7067,קַנָּא,"qanna' (kan-naw') adj.",,అర్థం తెలియదు,Hebrew,Old Testament
H7068,קִנאָה,"jealousy or envy",,అసూయ లేదా ఈర్ష్య,Hebrew,Old Testament
H7069,קָנָה,"qanah (kaw-naw') v.",కానా,కొను,Hebrew,Old Testament
H7070,קָנֶה,"a reed (as erect)",,నిటారుగా ఉన్న రెల్లు,Hebrew,Old Testament
H7071,קָנָה,"Qanah (kaw-naw') n/l.",,కొను,Hebrew,Old Testament
H7072,קַנּוֹא,"qannow' (kan-no') adj.",,అర్థం తెలియదు,Hebrew,Old Testament
H7073,קְנַז,"Qnaz (ken-az') n/p.",,కెనజు,Hebrew,Old Testament
H7074,קְנִזִּי,"Qnizziy (ken-iz-zee') n/p.",,కెనిజ్జీయుడు,Hebrew,Old Testament
H7075,קִניָן,"creation",,సృష్టి,Hebrew,Old Testament
H7076,קִנָּמוֹן,"cinnamon bark (as in upright rolls)",,మందసం,Hebrew,Old Testament
H7077,קָנַן,"qanan (kaw-nan') v.",,అర్థం తెలియదు,Hebrew,Old Testament
H7078,קֶנֶץ,"perversion",,వక్రబుద్ధి,Hebrew,Old Testament
H7079,קְנָת,"Qnath (ken-awth') n/l.",,కెనాతు,Hebrew,Old Testament
H7080,קָסַם,"qacam (kaw-sam') v.",,అర్థం తెలియదు,Hebrew,Old Testament
H7081,קֶסֶם,"a lot",,చాలా,Hebrew,Old Testament
H7082,קָסַס,"qacac (kaw-sas') v.",,అర్థం తెలియదు,Hebrew,Old Testament
H7083,קֶסֶת,"(properly) a cup",,ఒక కప్పు సరిగ్గా,Hebrew,Old Testament
H7084,קְעִילָה,"Q`iylah (keh-ee-law') n/l.",,ధర్మశాస్త్రం,Hebrew,Old Testament
H7085,קַעֲקַע,"an incision or gash",,కోత లేదా గాటు,Hebrew,Old Testament
H7086,קְעָרָה,"a bowl (as cut out hollow)",,బోలుగా కత్తిరించిన గిన్నె,Hebrew,Old Testament
H7087,קָפָא,"to shrink",,కుంచించుకుపోవు,Hebrew,Old Testament
H7088,קָפַד,"qaphad (kaw-fad') v.",,అర్థం తెలియదు,Hebrew,Old Testament
H7089,קְפָדָה,"shrinking",,రాజు,Hebrew,Old Testament
H7090,קִפּוֹד קִפּוֹד,"a species of bird",,పక్షి,Hebrew,Old Testament
H7091,קִפּוֹז,"an arrow-snake (as darting on its prey)",,పాము,Hebrew,Old Testament
H7092,קָפַץ,"qaphats (kaw-fats') v.",,అర్థం తెలియదు,Hebrew,Old Testament
H7093,קֵץ,"an extremity",,ఒక అంత్యము,Hebrew,Old Testament
H7094,קָצַב,"qatsab (kaw-tsab') v.",,అర్థం తెలియదు,Hebrew,Old Testament
H7095,קֶצֶב,"shape (as if cut out)",,కత్తిరించినట్లు రూపం,Hebrew,Old Testament
H7096,קָצָה,"qatsah (kaw-tsaw') v.",,అర్థం తెలియదు,Hebrew,Old Testament
H7097,קָצֶה קֵצֶה,"an extremity (used in a great variety of applications and idioms)",,గొప్ప,Hebrew,Old Testament
H7098,קָצָה,"qatsah (kaw-tsaw') n-e.",,అర్థం తెలియదు,Hebrew,Old Testament
H7099,קֶצֶו קִצוָה,"a limit (used like H7097",,పరిమితి H7097 వలె ఉపయోగించబడుతుంది,Hebrew,Old Testament
H7100,קֶצַח,"fennelflower (from its pungency)",,సోపు, దాని ఘాటు నుండి,Hebrew,Old Testament
H7101,קָצִין,"a magistrate (as deciding) or other leader",,న్యాయాధిపతి లేదా ఇతర నాయకుడు,Hebrew,Old Testament
H7102,קְצִיעָה,"cassia (as peeled",,దాల్చిన చెక్క బెరడు తీసిన,Hebrew,Old Testament
H7103,קְצִיעָה,"Qtsiy`ah (kets-ee-aw') n/p.",,అర్థం తెలియదు,Hebrew,Old Testament
H7104,קְצִיצּ,"Qtsiyts (kets-eets') n/l.",,అర్థం తెలియదు,Hebrew,Old Testament
H7105,קָצִיר,"severed",,ఖండించిన,Hebrew,Old Testament
H7106,קָצַע,"qatsa` (kaw-tsah') v.",,అర్థం తెలియదు,Hebrew,Old Testament
H7107,קָצַף,"qatsaph (kaw-tsaf') v.",,అర్థం తెలియదు,Hebrew,Old Testament
H7108,קְצַף,"qtsaph (kets-af') v.",,అర్థం తెలియదు,Hebrew,Old Testament
H7109,קְצַף,"rage",,ఉగ్రత,Hebrew,Old Testament
H7110,קֶצֶף,"a splinter (as chipped off)",,చిన్న ముక్కగా చీల్చబడింది,Hebrew,Old Testament
H7111,קְצָפָה,"a fragment",,ఒక ముక్క,Hebrew,Old Testament
H7112,קָצַץ,"qatsats (kaw-tsats') v.",,అర్థం తెలియదు,Hebrew,Old Testament
H7113,קְצַץ,"qtsats (kets-ats') v.",,అర్థం తెలియదు,Hebrew,Old Testament
H7114,קָצַר,"קצר",,కోయు,Hebrew,Old Testament
H7115,קוֹצֶר,"shortness (of spirit)",,ఆత్మ,Hebrew,Old Testament
H7116,קָצֵר,"qatser (kaw-tsare') adj.",,చిన్నది,Hebrew,Old Testament
H7117,קְצָת,"(literally or figuratively) a termination",,జాతి,Hebrew,Old Testament
H7118,קְצָת,"end",,అంతం,Hebrew,Old Testament
H7119,קַר,"qar (kar) adj.",,చల్లని,Hebrew,Old Testament
H7120,קוֹר,"cold",,పాత,Hebrew,Old Testament
H7121,קָרָא,"qara' (kaw-raw') v.",కారా,పిలుచు,Hebrew,Old Testament
H7122,קָרָא,"qara' (kaw-raw') v.",,పిలుచు,Hebrew,Old Testament
H7123,קְרָא,"qra' (ker-aw') v.",,అర్థం తెలియదు,Hebrew,Old Testament
H7124,קוֹרֵא,"a caller",,పిలుపునిచ్చువాడు,Hebrew,Old Testament
H7125,קִראָה,"an encountering",,ఎదుర్కొనుట,Hebrew,Old Testament
H7126,קָרַב,"qarab (kaw-rab') v.",,సమీపింపజేయు,Hebrew,Old Testament
H7127,קְרֵב,"qreb (ker-abe') v.",,అర్థం తెలియదు,Hebrew,Old Testament
H7128,קְרָב,"hostile encounter",,శత్రువుల దాడి,Hebrew,Old Testament
H7129,קְרָב,"war",,యుద్ధం,Hebrew,Old Testament
H7130,קֶרֶב,"(properly) the nearest part",కెరెబ్,లోపల,Hebrew,Old Testament
H7131,קָרֵב,"qareb (kaw-rabe') adj.",,సమీపించు,Hebrew,Old Testament
H7132,קְרָבָה,"approach",,సమీపించు,Hebrew,Old Testament
H7133,קָרבָּן קוּרבָּן,"something brought near the altar",,చెవి,Hebrew,Old Testament
H7134,קַרדּוֹם,"an axe",,గొడ్డలి,Hebrew,Old Testament
H7135,קָרָה,"coolness",,చల్లదనం,Hebrew,Old Testament
H7136,קָרָה,"qarah (kaw-raw') v.",,అర్థం తెలియదు,Hebrew,Old Testament
H7137,קָרֶה,"an (unfortunate) occurrence",,దురదృష్టకర సంఘటన,Hebrew,Old Testament
H7138,קָרוֹב קָרוֹב,"qarowb (kaw-robe') (or qarob kaw-robe') adj.",,అంగీ,Hebrew,Old Testament
H7139,קָרַח,"qarach (kaw-rakh') v.",,అర్థం తెలియదు,Hebrew,Old Testament
H7140,קֶרַח קוֹרַח,"ice (as if bald",,మంచు బండ,Hebrew,Old Testament
H7141,קוֹרַח,"Qorach (ko'rakh) n/p.",,కోరహు,Hebrew,Old Testament
H7142,קֵרֵַח,"qereach (kay-ray'-akh) adj.",,అర్థం తెలియదు,Hebrew,Old Testament
H7143,קָרֵַח,"Qareach (kaw-ray'-akh) n/p.",,అర్థం తెలియదు,Hebrew,Old Testament
H7144,קָרחָה קָרחָא,"baldness",,బోడితనం,Hebrew,Old Testament
H7145,קָרחִי,"Qorchiy (kor-khee') n/p.",,అర్థం తెలియదు,Hebrew,Old Testament
H7146,קָרַחַת,"a bald spot (on the back of the head)",,తల,Hebrew,Old Testament
H7147,קְרִי,"hostile encounter",,శత్రుత్వపు ఎదుర్కోలు,Hebrew,Old Testament
H7148,קָרִיא,"qariy' (kaw-ree') adj.",,అర్థం తెలియదు,Hebrew,Old Testament
H7149,קִריָא קִריָה,"a city",,నగరం,Hebrew,Old Testament
H7150,קְרִיאָה,"a proclamation",,ప్రకటన,Hebrew,Old Testament
H7151,קִריָה,"a city",,నగరం,Hebrew,Old Testament
H7152,קְרִיוֹת,"Qriyowth (ker-ee-yoth') n/l.",,కిర్యెత్తు,Hebrew,Old Testament
H7153,קִריַת אַרבַּע קִריַת הָאַרבַּע,"Qiryath `Arba` (keer-yath' ar-bah') (or (with the article interposed) Qiryath ha- Arbaw (Neh. 11) n/...",,కిర్యత్ అర్బా,Hebrew,Old Testament
H7154,קִריַת בַּעַל,"Qiryath Ba`al (keer-yath' bah'-al) n/l.",,కిర్యత్ బయాల్,Hebrew,Old Testament
H7155,קִריַת חוּצוֹת,"Qiryath Chutsowth (keer-yath' khoo-tsoth') n/l.",,కిర్యత్ హుట్సోత్,Hebrew,Old Testament
H7156,קִריָתַיִם,"Qiryathayim (keer-yaw-thah'-yim) n/l.",,కిర్యాతయిమ్,Hebrew,Old Testament
H7157,קִריַת יְעָרִים קִריַת עָרִים,"Qiryath Y`ariym (keer-yath' yeh-aw-reem') (or (Jer. 26) n/l.",,కిర్యత్ యారీమ్,Hebrew,Old Testament
H7158,קִריַת סַנָּה קִריַת סֵפֶר,"Qiryath Cannah (keer-yath' san-naw') (or Qiryath Cepher keer-yath' say-fer) n/l.",,కిర్యత్ సన్నా,Hebrew,Old Testament
H7159,קָרַם,"qaram (kaw-ram') v.",,అర్థం తెలియదు,Hebrew,Old Testament
H7160,קָרַן,"qaran (kaw-ran') v.",,అర్థం తెలియదు,Hebrew,Old Testament
H7161,קֶרֶן,"a horn (as projecting)",,కొమ్ము,Hebrew,Old Testament
H7162,קֶרֶן,"a horn (literally or for sound)",,కొమ్ము,Hebrew,Old Testament
H7163,קֶרֶן הַפּוּך,"qeren hap-puwk (keh'-ren hap-pook') n/p.",,కేరెన్ హప్పుక్,Hebrew,Old Testament
H7164,קָרַס,"qarac (kaw-ras') v.",,అర్థం తెలియదు,Hebrew,Old Testament
H7165,קֶרֶס,"a knob or belaying-pin (from its swelling form)",,బావి,Hebrew,Old Testament
H7166,קַרסוֹל,"an ankle (as a protuberance or joint)",,చీలమండ,Hebrew,Old Testament
H7167,קָרַע,"qara` (kaw-rah') v.",కారా,చీల్చు,Hebrew,Old Testament
H7168,קֶרַע,"a rag",,గుడ్డ పీలిక,Hebrew,Old Testament
H7169,קָרַץ,"qarats (kaw-rats') v.",,అర్థం తెలియదు,Hebrew,Old Testament
H7170,קְרַץ,"+ accuse",,+ నేరారోపణ చేయు,Hebrew,Old Testament
H7171,קֶרֶץ,"extirpation (as if by constriction)",,తొలగింపు,Hebrew,Old Testament
H7172,קַרקַע,"floor (as if a pavement of pieces or tesseroe)",,నేల,Hebrew,Old Testament
H7173,קַרקַע,"Qarqa` (kar-kah') n/l.",,కర్కా,Hebrew,Old Testament
H7174,קַרקוֹר,"Qarqor (kar-kore') n/l.",,కర్కోర్,Hebrew,Old Testament
H7175,קֶרֶשׁ,"a slab or plank",,పలక,Hebrew,Old Testament
H7176,קֶרֶת,"a city",,నగరం,Hebrew,Old Testament
H7177,קַרתָּה,"Qartah (kar-taw') n/l.",,కర్తా,Hebrew,Old Testament
H7178,קַרתָּן,"Qartan (kar-tawn') n/l.",,కర్తాన్,Hebrew,Old Testament
H7179,קַשׁ,"straw (as dry)",,పొడి గడ్డి,Hebrew,Old Testament
H7180,קִשּׁוּא,"a cucumber (from the difficulty of digestion)",,దోసకాయ,Hebrew,Old Testament
H7181,קָשַׁב,"qashab (kaw-shab') v.",,అర్థం తెలియదు,Hebrew,Old Testament
H7182,קֶשֶׁב,"a hearkening",,చెవి,Hebrew,Old Testament
H7183,קַשָּׁב קַשּׁוּב,"qashshab (kash-shawb') (or qashshub kash-shoob') adj.",,అర్థం తెలియదు,Hebrew,Old Testament
H7184,קָשָׂה קַשׂוָה,"a jug (from its shape)",,జాడీ,Hebrew,Old Testament
H7185,קָשָׁה,"qashah (kaw-shaw') v.",,అర్థం తెలియదు,Hebrew,Old Testament
H7186,קָשֶׁה,"qasheh (kaw-sheh') adj.",,కఠినమైన,Hebrew,Old Testament
H7187,קְשׁוֹט קְשׁוֹט,"fidelity",,విశ్వాస్యత,Hebrew,Old Testament
H7188,קָשַׁח,"qashach (kaw-shakh') v.",,అర్థం తెలియదు,Hebrew,Old Testament
H7189,קָשֶׁט קָשׁטּ,"equity (as evenly weighed)",,సమానంగా తూగిన న్యాయం,Hebrew,Old Testament
H7190,קְשִׁי,"obstinacy",,మొండితనం,Hebrew,Old Testament
H7191,קִשׁיוֹן,"Qishyown (kish-yone') n/l.",,ఒకటి,Hebrew,Old Testament
H7192,קְשִׂיטָּה,"an ingot (as definitely estimated and stamped for a coin)",,నాణెంగా ఖచ్చితంగా అంచనా వేసి ముద్రించిన ఒక కడ్డీ,Hebrew,Old Testament
H7193,קַשׂקֶשֶׂת,"a scale (of a fish)",,చేప,Hebrew,Old Testament
H7194,קָשַׁר,"qashar (kaw-shar') v.",,బంధించు,Hebrew,Old Testament
H7195,קֶשֶׁר,"an (unlawful) alliance",,ధర్మశాస్త్రం,Hebrew,Old Testament
H7196,קִשּׁוּר,"an (ornamental) girdle (for women)",,పేరు,Hebrew,Old Testament
H7197,קָשַׁשׁ,"qashash (kaw-shash') v.",,సేకరించు,Hebrew,Old Testament
H7198,קֶשֶׁת,"X arch(-er)",,ఇంద్రధనుస్సు,Hebrew,Old Testament
H7199,קַשָּׁת,"a bowman",,మనిషి,Hebrew,Old Testament
H7200,רָאָה,"ra'ah (raw-aw') v.",రాఆ,చూచు,Hebrew,Old Testament
H7201,רָאָה,"a bird of prey (probably the vulture",,పక్షి,Hebrew,Old Testament
H7202,רָאֶה,"ra'eh (raw-eh') adj.",,చూచువాడు,Hebrew,Old Testament
H7203,רוֹאֶה,"a seer (as often rendered)",,అంతం,Hebrew,Old Testament
H7204,רוֹאֵה,"Ro'eh (ro-ay') n/p.",,రోయే,Hebrew,Old Testament
H7205,רְאוּבֵן,"R'uwben (reh-oo-bane') n/p.",,రూబేను,Hebrew,Old Testament
H7206,רְאוּבֵנִי,"R'uwbeniy (reh-oob-ay-nee') adj.",,రూబేనీయుల,Hebrew,Old Testament
H7207,רַאֲוָה,"ra'avah (rah-av-aw') v.",,దుష్టత్వం,Hebrew,Old Testament
H7208,רְאוּמָה,"R'uwmah (reh-oo-maw') n/p.",,రూమా,Hebrew,Old Testament
H7209,רְאִי,"a mirror (as seen)",,చూడబడిన అద్దం,Hebrew,Old Testament
H7210,רֳאִי,"sight",,దృష్టి,Hebrew,Old Testament
H7211,רְאָיָה,"R'ayah (reh-aw-yaw') n/p.",,రేయా,Hebrew,Old Testament
H7212,רְאִיתּ,"sight",,చూపు,Hebrew,Old Testament
H7213,רָאַם,"ra'am (raw-am') v.",,గర్జించు,Hebrew,Old Testament
H7214,רְאֵם רְאֵים רֵים רֵם,"a wild bull (from its conspicuousness)",,దాని యొక్క విశిష్టత నుండి ఒక అడవి ఎద్దు,Hebrew,Old Testament
H7215,רָאמָה,"something high in value",,అధిక విలువ గలది,Hebrew,Old Testament
H7216,רָאמוֹת רָאמוֹת,"Ra'mowth (raw-moth') (or Ramoth raw-moth') n/l.",,రామోతు,Hebrew,Old Testament
H7217,רֵאשׁ,"the head",,తల,Hebrew,Old Testament
H7218,רוֹאשׁ,"the head (as most easily shaken)",రోష్,తల,Hebrew,Old Testament
H7219,רוֹאשׁ רוֹשׁ,"a poisonous plant",,కుమారుడు,Hebrew,Old Testament
H7220,רוֹאשׁ,"Ro'sh (roshe) n/p.",,రోషు,Hebrew,Old Testament
H7221,רִאשָׁה,"a beginning",,ఆరంభం,Hebrew,Old Testament
H7222,רוֹאשָׁה,"the head",,తల,Hebrew,Old Testament
H7223,רִאשׁוֹן רִאשׁוֹן,"ri'shown (ree-shone') (or riishon ree-shone') adj.",రీషోన్,మొదటి,Hebrew,Old Testament
H7224,רִאשׁוֹנִי,"shoniy (ree-sho-nee') adj.",,మొదటి,Hebrew,Old Testament
H7225,רֵאשִׁיתּ,"the first",రేషీత్,ఆరంభం,Hebrew,Old Testament
H7226,רַאֲשׁוֹת,"a pillow (being for the head)",,తల,Hebrew,Old Testament
H7227,רַב,"rab (rab) adj.",రబ్,గొప్ప,Hebrew,Old Testament
H7228,רַב,"an archer (or perhaps the same as H7227)",,అనేకము,Hebrew,Old Testament
H7229,רַב,"rab (rab) adj.",,అనేకము,Hebrew,Old Testament
H7230,רוֹב,"abundance (in any respect)",,సమృద్ధి,Hebrew,Old Testament
H7231,רָבַב,"rabab (raw-bab') v.",,వృద్ధిచేయు,Hebrew,Old Testament
H7232,רָבַב,"rabab (raw-bab') v.",,విస్తరింపజేయు,Hebrew,Old Testament
H7233,רְבָבָה,"abundance (in number)",,సంఖ్యలో సమృద్ధి,Hebrew,Old Testament
H7234,רָבַד,"rabad (raw-bad') v.",,అర్థం తెలియదు,Hebrew,Old Testament
H7235,רָבָה,"rabah (raw-baw') v.",,మరియు విస్తరించుడి,Hebrew,Old Testament
H7236,רְבָה,"rbah (reb-aw') v.",,విస్తరించు,Hebrew,Old Testament
H7237,רַבָּה,"Rabbah (rab-baw') n/l.",,రబ్బా,Hebrew,Old Testament
H7238,רְבוּ,"increase (of dignity)",,గౌరవం పెరుగుదల,Hebrew,Old Testament
H7239,רִבּוֹ רִבּוֹא,"a myriad",,అసంఖ్యాకం,Hebrew,Old Testament
H7240,רִבּוֹ,"X ten thousand times ten thousand",,పది,Hebrew,Old Testament
H7241,רָבִיבּ,"a rain (as an accumulation of drops)",,వర్షం,Hebrew,Old Testament
H7242,רָבִידּ,"a collar (as spread around the neck)",,మెడ చుట్టూ వ్యాపించినట్లుగా ఒక కాలర్,Hebrew,Old Testament
H7243,רְבִיעִי רֶבִעִי,"rbiy`iy (reb-ee-ee') (or rbiiy reb-ee-ee') adj.",,అర్థం తెలియదు,Hebrew,Old Testament
H7244,רְבִיעַי,"rbiy`ay (reb-ee-ah'-ee) adj.",,అర్థం తెలియదు,Hebrew,Old Testament
H7245,רַבִּיתּ,"Rabbiyth (rab-beeth') n/l.",,రబ్బీత్,Hebrew,Old Testament
H7246,רָבַך,"rabak (raw-bak') v.",,రబాక్,Hebrew,Old Testament
H7247,רִבלָה,"Riblah (rib-law') n/l.",,ధర్మశాస్త్రం,Hebrew,Old Testament
H7248,רַב ־ מָג,"chief Magian",,ప్రధాన మాంత్రికుడు,Hebrew,Old Testament
H7249,רַב ־ סָרִיס,"Rab-Cariyc (rab-saw-reece') n/p.",,రబ్-సారీస్,Hebrew,Old Testament
H7250,רָבַע,"raba` (raw-bah') v.",,రబా,Hebrew,Old Testament
H7251,רָבַע,"raba` (raw-bah') v.",,రబా,Hebrew,Old Testament
H7252,רֶבַע,"reba` (reh'-bah) v.",,రెబా,Hebrew,Old Testament
H7253,רֶבַע,"a fourth (part or side)",,నాలుగు,Hebrew,Old Testament
H7254,רֶבַע,"Reba",,రెబా,Hebrew,Old Testament
H7255,רוֹבַע,"a quarter",,ఒక వంతు,Hebrew,Old Testament
H7256,רִבֵַּע,"ribbea` ' (rib-bay'-ah) adj.",,అర్థం తెలియదు,Hebrew,Old Testament
H7257,רָבַץ,"rabats (raw-bats') v.",,రబాట్స్,Hebrew,Old Testament
H7258,רֵבֶץ,"a couch or place of repose",,ఒక మంచం లేదా విశ్రాంతి ప్రదేశం,Hebrew,Old Testament
H7259,רִבקָה,"Ribqah (rib-kaw') n/p.",,రిబ్కా,Hebrew,Old Testament
H7260,רַברַב,"rabrab (rab-rab') adj.",,రబ్‌రాబ్,Hebrew,Old Testament
H7261,רַברְבָן,"a magnate",,ఒక ప్రముఖుడు,Hebrew,Old Testament
H7262,רַבשָׁקֵה,"chief butler",,ప్రధాన బట్లర్,Hebrew,Old Testament
H7263,רֶגֶב,"a lump of clay",,మట్టి ముద్ద,Hebrew,Old Testament
H7264,רָגַז,"ragaz (raw-gaz') v.",,రగాజ్,Hebrew,Old Testament
H7265,רְגַז,"rgaz (reg-az') v.",,ర్గాజ్,Hebrew,Old Testament
H7266,רְגַז,"violent anger",,తీవ్రమైన కోపం,Hebrew,Old Testament
H7267,רוֹגֶז,"commotion",,కలకలం,Hebrew,Old Testament
H7268,רַגָּז,"raggaz (rag-gawz') adj.",,రగ్గాజ్,Hebrew,Old Testament
H7269,רָגזָה,"trepidation",,దిగులు,Hebrew,Old Testament
H7270,רָגַל,"ragal (raw-gal') v.",,రగల్,Hebrew,Old Testament
H7271,רְגַל,"foot",,పాదం,Hebrew,Old Testament
H7272,רֶגֶל,"a foot (as used in walking)",,రాజు,Hebrew,Old Testament
H7273,רַגלִי,"ragliy (rag-lee') adj.",,రగ్లీ,Hebrew,Old Testament
H7274,רוֹגְלִים,"Rogliym (ro-gel-eem') n/l.",,అర్థం తెలియదు,Hebrew,Old Testament
H7275,רָגַם,"ragam (raw-gam') v.",,కోపగించు,Hebrew,Old Testament
H7276,רֶגֶם,"Regem (reh'-gem) n/p.",,అర్థం తెలియదు,Hebrew,Old Testament
H7277,רִגמָה,"a pile (of stones)",,రాయి,Hebrew,Old Testament
H7278,רֶגֶם מֶלֶך,"Regem Melek (reh'-gem meh'-lek) n/p.",,రెగెమ్ మెలెకు,Hebrew,Old Testament
H7279,רָגַן,"ragan (raw-gan') v.",,గుసగుసలాడు,Hebrew,Old Testament
H7280,רָגַע,"raga` (raw-gah') v.",,శాంతపడు,Hebrew,Old Testament
H7281,רֶגַע,"rega` (reh'-gah) adv.",,క్షణము,Hebrew,Old Testament
H7282,רָגֵַע,"ragea` (raw-gay'-ah) adj.",,శాంతమైన,Hebrew,Old Testament
H7283,רָגַשׁ,"ragash (raw-gash') v.",,కలవరపడు,Hebrew,Old Testament
H7284,רְגַשׁ,"rgash (reg-ash') v.",,కలవరపడు,Hebrew,Old Testament
H7285,רֶגֶשׁ רִגשָׁה,"a tumultuous crowd",,గొడవచేయు గుంపు,Hebrew,Old Testament
H7286,רָדַד,"radad (raw-dad') v.",,పరచు,Hebrew,Old Testament
H7287,רָדָה,"radah (raw-daw') v.",,మరియు ఏలుడి,Hebrew,Old Testament
H7288,רַדַּי,"Radday (rad-dah'-ee) n/p.",,దినము,Hebrew,Old Testament
H7289,רָדִידּ,"a veil (as expanded)",,విస్తరించబడిన ముసుగు,Hebrew,Old Testament
H7290,רָדַם,"radam (raw-dam') v.",,నిద్రించు,Hebrew,Old Testament
H7291,רָדַף,"radaph (raw-daf') v.",,తరుము,Hebrew,Old Testament
H7292,רָהַב,"rahab (raw-hab') v.",,గర్వించు,Hebrew,Old Testament
H7293,רַהַב,"proud",,గర్వంగా,Hebrew,Old Testament
H7294,רַהַב,"Rahab (i.e. boaster)",,దౌర్జన్యపరుడు,Hebrew,Old Testament
H7295,רָהָב,"rahab (raw-hawb') adj.",,గర్విష్టి,Hebrew,Old Testament
H7296,רוֹהָב,"pride",,గర్వం,Hebrew,Old Testament
H7297,רָהָה,"rahah (raw-haw') v.",,స్నేహముగా ఉండు,Hebrew,Old Testament
H7298,רַהַט,"a channel or watering-box",,నీరు,Hebrew,Old Testament
H7299,רֵו,"aspect",,రూపము,Hebrew,Old Testament
H7300,רוּד,"ruwd (rood) v.",,తిరుగు,Hebrew,Old Testament
H7301,רָוָה,"ravah (raw-vaw') v.",,సంతృప్తిపడు,Hebrew,Old Testament
H7302,רָוֶה,"raveh (raw-veh') adj.",,బాగా త్రాగిన,Hebrew,Old Testament
H7303,רוֹהֲגָה,"Rowhagah (ro-hag-aw') n/p.",,రోహగ,Hebrew,Old Testament
H7304,רָוַח,"ravach (raw-vakh') v.",,అతిశయించు,Hebrew,Old Testament
H7305,רֶוַח,"room",,స్థలము,Hebrew,Old Testament
H7306,רוַּח,"ruwach (roo'-akh) v.",,ఆత్మ - గాలి,Hebrew,Old Testament
H7307,רוַּח,"wind",రూఖ,ఆత్మ,Hebrew,Old Testament
H7308,רוַּח,"mind",,ఆత్మ - గాలి,Hebrew,Old Testament
H7309,רְוָחָה,"relief",,విమోచన,Hebrew,Old Testament
H7310,רְוָיָה,"satisfaction",,సంతృప్తి,Hebrew,Old Testament
H7311,רוּם,"ruwm (room) v.",రూమ్,ఎత్తు,Hebrew,Old Testament
H7312,רוּם רוּם,"(literally) elevation or (figuratively) elation",,ఉన్నతి,Hebrew,Old Testament
H7313,רוּם,"ruwm (room) v.",,అర్థం తెలియదు,Hebrew,Old Testament
H7314,רוּם,"(literally) altitude",,ఎత్తు,Hebrew,Old Testament
H7315,רוֹם,"rowm (rome) adv.",,రోమ్,Hebrew,Old Testament
H7316,רוּמָה,"Ruwmah (roo-maw') n/l.",,రూమా,Hebrew,Old Testament
H7317,רוֹמָה,"rowmah (ro-maw') adj.",,అర్థం తెలియదు,Hebrew,Old Testament
H7318,רוֹמָם,"exaltation",,హెచ్చించుట,Hebrew,Old Testament
H7319,רוֹמְמָה,"exaltation",,ఉన్నతస్థితి,Hebrew,Old Testament
H7320,רוֹמַמתִּי עֶזֶר רוֹמַמתִּי עֶזֶר,"Rowmamtiy `Ezer (ro-mam'-tee eh'-zer) n/p.",,రోమమ్తీ ఎజెర్,Hebrew,Old Testament
H7321,רוַּע,"ruwa` (roo-ah') v.",,అర్థం తెలియదు,Hebrew,Old Testament
H7322,רוּף,"ruwph (roof) v.",,అర్థం తెలియదు,Hebrew,Old Testament
H7323,רוּץ,"ruwts (roots) v.",,పరిగెత్తెను,Hebrew,Old Testament
H7324,רוּק,"ruwq (rook) v.",,అర్థం తెలియదు,Hebrew,Old Testament
H7325,רוּר,"ruwr (roor) v.",,అర్థం తెలియదు,Hebrew,Old Testament
H7326,רוּשׁ,"ruwsh (roosh) v.",,అర్థం తెలియదు,Hebrew,Old Testament
H7327,רוּת,"Ruwth (rooth) n/p.",,రూతు,Hebrew,Old Testament
H7328,רָז,"a mystery",,ఒక రహస్యము,Hebrew,Old Testament
H7329,רָזָה,"razah (raw-zaw') v.",,అర్థం తెలియదు,Hebrew,Old Testament
H7330,רָזֶה,"razeh (raw-zeh') adj.",,అర్థం తెలియదు,Hebrew,Old Testament
H7331,רְזוֹן,"Rzown (rez-one') n/p.",,ఒకటి,Hebrew,Old Testament
H7332,רָזוֹן,"thinness",,సన్ననితనము,Hebrew,Old Testament
H7333,רָזוֹן,"a dignitary",,ఒక ప్రముఖుడు,Hebrew,Old Testament
H7334,רָזִי,"thinness",,సన్ననితనము,Hebrew,Old Testament
H7335,רָזַם,"razam (raw-zam') v.",,అర్థం తెలియదు,Hebrew,Old Testament
H7336,רָזַן,"razan (raw-zan') v.",,అర్థం తెలియదు,Hebrew,Old Testament
H7337,רָחַב,"rachab (raw-khab') v.",,అర్థం తెలియదు,Hebrew,Old Testament
H7338,רַחַב,"a width",,వెడల్పు,Hebrew,Old Testament
H7339,רְחוֹב רְחוֹב,"a width",,వెడల్పు,Hebrew,Old Testament
H7340,רְחוֹב רְחוֹב,"Rchob (rekh-obe') (or Rchowb rekh-obe') n/l.",,రెహోబు,Hebrew,Old Testament
H7341,רוֹחַב,"width (literally or figuratively)",,వెడల్పు,Hebrew,Old Testament
H7342,רָחָב,"rachab (raw-khawb') adj.",,వెడల్పు,Hebrew,Old Testament
H7343,רָחָב,"Rachab (raw-khawb') n/p.",,వెడల్పు,Hebrew,Old Testament
H7344,רְחוֹבוֹת רֶחוֹבוֹת,"Rchobowth (rekh-o-both') (or Rchoboth rekh-o-both') n/l.",,రెహోబోతు,Hebrew,Old Testament
H7345,רְחַביָה רֶחַביָהוּ,"Rchabyah (rekh-ab-yaw') (or Rchabyahuw rek-ab-yaw'-hoo) n/p.",,రెహబ్యా,Hebrew,Old Testament
H7346,רְחַבעָם,"Rchab`am (rekh-ab-awm') n/p.",,రెహబాము,Hebrew,Old Testament
H7347,רֵחֶה,"a mill-stone",,రాయి,Hebrew,Old Testament
H7348,רְחוּם,"Rchuwm (rekh-oom') n/p.",,రెహూము,Hebrew,Old Testament
H7349,רַחוּם,"rachuwm (rakh-oom') adj.",,కరుణాళువు,Hebrew,Old Testament
H7350,רָחוֹק רָחוֹק,"rachowq (raw-khoke') (or rachoq raw-khoke') adj.",,దూరము,Hebrew,Old Testament
H7351,רְחִיטּ,"a panel (as resembling a trough)",,తొట్టిని పోలి ఉండే ఒక పలక,Hebrew,Old Testament
H7352,רַחִיק,"rachiyq (rakh-eek') adj.",,దూరముగా,Hebrew,Old Testament
H7353,רָחֵל,"a ewe (the females being the predominant element of a flock) (as a good traveller)",,మంచి,Hebrew,Old Testament
H7354,רָחֵל,"Rachel (raw-khale') n/p.",,రాహేలు,Hebrew,Old Testament
H7355,רָחַם,"racham (raw-kham') v.",రాఖమ్,కనికరించు,Hebrew,Old Testament
H7356,רַחַם,"compassion (in the plural)",రాఖమీమ్,కనికరం,Hebrew,Old Testament
H7357,רַחַם,"Racham (rakh'-am) n/p.",,రాహాము,Hebrew,Old Testament
H7358,רֶחֶם,"the womb",,గర్భం,Hebrew,Old Testament
H7359,רְחֵם,"(plural) pity",,అర్థం తెలియదు,Hebrew,Old Testament
H7360,רָחָם רָחָמָה,"a kind of vulture (supposed to be tender towards its young)",,యుద్ధం,Hebrew,Old Testament
H7361,רַחֲמָה,"a maiden",,కన్యక,Hebrew,Old Testament
H7362,רַחמָנִי,"rachmaniy (rakh-maw-nee') adj.",,మనిషి,Hebrew,Old Testament
H7363,רָחַף,"rachaph (raw-khaf') v.",,కదులు,Hebrew,Old Testament
H7364,רָחַץ,"rachats (raw-khats') v.",,కడుగు,Hebrew,Old Testament
H7365,רְחַץ,"rchats (rekh-ats') v.",,కడుగు,Hebrew,Old Testament
H7366,רַחַץ,"a bath",,స్నానం,Hebrew,Old Testament
H7367,רַחצָּה,"a bathing place",,స్నానపు స్థలం,Hebrew,Old Testament
H7368,רָחַק,"rachaq (raw-khak') v.",,దూరంగా ఉండు,Hebrew,Old Testament
H7369,רָחֵק,"racheq (raw-khake') adj.",,దూరంగా,Hebrew,Old Testament
H7370,רָחַשׁ,"rachash (raw-khash') v.",,కదులు,Hebrew,Old Testament
H7371,רַחַת,"a winnowing-fork (as blowing the chaff away)",,మార్గం,Hebrew,Old Testament
H7372,רָטַב,"ratab (raw-tab') v.",,చెమ్మగిల్లు,Hebrew,Old Testament
H7373,רָטוֹב,"ratob (raw-tobe') adj.",,చెమ్మగా,Hebrew,Old Testament
H7374,רֶטֶט,"terror",,భయం,Hebrew,Old Testament
H7375,רוּטֲפַשׁ,"ruwtaphash (roo-taf-ash') v.",,అర్థం తెలియదు,Hebrew,Old Testament
H7376,רָטַשׁ,"ratash (raw-tash') v.",,వణుకు,Hebrew,Old Testament
H7377,רִי,"irrigation",,నీటిపారుదల,Hebrew,Old Testament
H7378,רִיבּ רוּב,"riyb (reeb) (or ruwb roob) v.",,వాదించు,Hebrew,Old Testament
H7379,רִיבּ רִב,"a contest (personal or legal)",,కుమారుడు,Hebrew,Old Testament
H7380,רִיבַּי,"Riybay (ree-bah'-ee) n/p.",,రీబయి,Hebrew,Old Testament
H7381,רֵיַח,"odor (as if blown)",,అర్థం తెలియదు,Hebrew,Old Testament
H7382,רֵיַח,"smell",,వాసన,Hebrew,Old Testament
H7383,רִיפָה רִפָה,"(only plural)",,అర్థం తెలియదు,Hebrew,Old Testament
H7384,רִיפַת,"Riyphath (ree-fath') (or (probably by orthographical error) Diyphath dee-fath') n/p.",,రీపతు,Hebrew,Old Testament
H7385,רִיק,"emptiness",,శూన్యత,Hebrew,Old Testament
H7386,רֵיק רֵק,"reyq (rake) (or (shorter) req rake) adj.",,ఖాళీ,Hebrew,Old Testament
H7387,רֵיקָם,"reyqam (ray-kawm') adv.",,ఒట్టిగా,Hebrew,Old Testament
H7388,רִיר,"saliva",,ఉమ్మి,Hebrew,Old Testament
H7389,רֵישׁ רֵאשׁ רִישׁ,"poverty",,పేదరికం,Hebrew,Old Testament
H7390,רַך,"rak (rak) adj.",,అర్థం తెలియదు,Hebrew,Old Testament
H7391,רוֹך,"softness (figuratively)",,మెత్తదనము,Hebrew,Old Testament
H7392,רָכַב,"rakab (raw-kab') v.",,అర్థం తెలియదు,Hebrew,Old Testament
H7393,רֶכֶב,"a vehicle",,వాహనం,Hebrew,Old Testament
H7394,רֵכָב,"Rekab (ray-kawb') n/p.",,రేకాబు,Hebrew,Old Testament
H7395,רַכָּב,"a charioteer",,రథసారథి,Hebrew,Old Testament
H7396,רִכבָּה,"a chariot (collectively)",,రథం,Hebrew,Old Testament
H7397,רֵכָה,"Rekah (ray-kaw') n/l.",,రేకా,Hebrew,Old Testament
H7398,רְכוּב,"a vehicle (as ridden on)",,వాహనం,Hebrew,Old Testament
H7399,רְכוּשׁ רְכוּשׁ,"property (as gathered)",,ఆస్తి,Hebrew,Old Testament
H7400,רָכִיל,"slander",,భూమి,Hebrew,Old Testament
H7401,רָכַך,"rakak (raw-kak') v.",,అర్థం తెలియదు,Hebrew,Old Testament
H7402,רָכַל,"rakal (raw-kal') v.",,అర్థం తెలియదు,Hebrew,Old Testament
H7403,רָכָל,"Rakal (raw-kawl') n/l.",,రాకల్,Hebrew,Old Testament
H7404,רְכוּלָּה,"trade (as peddled)",,వ్యాపారం,Hebrew,Old Testament
H7405,רָכַס,"rakac (raw-kas') v.",,అర్థం తెలియదు,Hebrew,Old Testament
H7406,רֶכֶס,"a mountain ridge (as of tied summits)",,పర్వతం,Hebrew,Old Testament
H7407,רוֹכֶס,"a snare (as of tied meshes)",,ఉచ్చు,Hebrew,Old Testament
H7408,רָכַשׁ,"rakash (raw-kash') v.",,అర్థం తెలియదు,Hebrew,Old Testament
H7409,רֶכֶשׁ,"a relay of animals on a post-route (as stabled up for that purpose)",,గుర్రాలు,Hebrew,Old Testament
H7410,רָם,"Ram (rawm) n/p.",,రామ్,Hebrew,Old Testament
H7411,רָמָה,"ramah (raw-maw') v.",,రామా,Hebrew,Old Testament
H7412,רְמָה,"rmah (rem-aw') v.",,రెమహ్,Hebrew,Old Testament
H7413,רָמָה,"a height (as a seat of idolatry)",,సముద్రం,Hebrew,Old Testament
H7414,רָמָה,"Ramah (raw-maw') n/l.",,రామా,Hebrew,Old Testament
H7415,רִמָּה,"a maggot (as rapidly bred)",,పురుగు,Hebrew,Old Testament
H7416,רִמּוֹן רִמּוֹן,"a pomegranate",,దానిమ్మ,Hebrew,Old Testament
H7417,רִמּוֹן רִמּוֹן רִמּוֹנוֹ,"Rimmown (rim-mone') (or (shorter) Rimmon rim-mone' or Rimmownow (1 Chronicles 6) n/l.",,ఒకటి,Hebrew,Old Testament
H7418,רָמוֹת ־ נֶגֶב רָמַת נֶגֶב,"Ramowth-Negeb (raw-moth-neh'-gheb) (or Ramath Negeb raw'-math neh'-gheb) n/l.",,రామోత్-నెగెబ్,Hebrew,Old Testament
H7419,רָמוּת,"a heap (of carcasses)",,శవాల కుప్ప,Hebrew,Old Testament
H7420,רוֹמַח,"a lance (as thrown)",,ఈటె,Hebrew,Old Testament
H7421,רַמִּי,"rammiy (ram-mee') adj.",,అర్థం తెలియదు,Hebrew,Old Testament
H7422,רַמיָה,"Ramyah (ram-yaw') n/p.",,రామ్యా,Hebrew,Old Testament
H7423,רְמִיָה,"remissness",,నిర్లక్ష్యం,Hebrew,Old Testament
H7424,רַמָּך,"a brood mare",,గుర్రపు పెంపకం,Hebrew,Old Testament
H7425,רְמַליָהוּ,"Rmalyahuw (rem-al-yaw'-hoo) n/p.",,అర్థం తెలియదు,Hebrew,Old Testament
H7426,רָמַם,"ramam (raw-mam') v.",,అర్థం తెలియదు,Hebrew,Old Testament
H7427,רוֹמֵמוּת,"romemuth (ro-may-mooth') v.",,అర్థం తెలియదు,Hebrew,Old Testament
H7428,רִמּוֹן פֶּרֶץ,"Rimmon Perets (rim-mone' peh'-rets) n/l.",,ఒకటి,Hebrew,Old Testament
H7429,רָמַס,"ramac (raw-mas') v.",,అర్థం తెలియదు,Hebrew,Old Testament
H7430,רָמַשׂ,"ramas (raw-mas') v.",,ప్రాకునది,Hebrew,Old Testament
H7431,רֶמֶשׂ,"a reptile or any other rapidly moving animal",,ప్రాకుపురుగులు,Hebrew,Old Testament
H7432,רֶמֶת,"Remeth (reh'-meth) n/l.",,రెమెత్,Hebrew,Old Testament
H7433,רָמוֹת גִּלעָד רָמוֹת גִּלעָד,"Ramowth (raw-moth') (or Ramoth Giliad (2 Chronicles 22) n/p.",,రామోతు గిలాదు,Hebrew,Old Testament
H7434,רָמַת הַמִּצפֶּה,"Ramath ham-Mits-peh (raw-math' ham-mits-peh') n/l.",,రామత్ హమ్-మిట్జ్పె,Hebrew,Old Testament
H7435,רָמָתִי,"Ramathiy (raw-maw-thee') adj.",,రామతీయుడు,Hebrew,Old Testament
H7436,רָמָתַיִם צּוֹפִים,"Ramathayim Tsow-phiym (raw-maw-thah'-yim tso-feem') n/l.",,రామతాయిమ్ జోఫీమ్,Hebrew,Old Testament
H7437,רָמַת לֶחִי,"Ramath Lechiy (raw'-math lekh'-ee) n/l.",,రామత్ లెఖీ,Hebrew,Old Testament
H7438,רוֹן,"a shout (of deliverance)",,విమోచన కేక,Hebrew,Old Testament
H7439,רָנָה,"ranah (raw-naw') v.",,అర్థం తెలియదు,Hebrew,Old Testament
H7440,רִנָּה,"(properly) a creaking (or shrill sound)",,రాజు,Hebrew,Old Testament
H7441,רִנָּה,"Rinnah (rin-naw') n/p.",,రిన్నా,Hebrew,Old Testament
H7442,רָנַן,"ranan (raw-nan') v.",,పాడు,Hebrew,Old Testament
H7443,רֶנֶן,"an ostrich (from its wail)",,తన విలాపం నుండి ఒక నిప్పుకోడి,Hebrew,Old Testament
H7444,רַנֵּן,"rannen (ran-nane') v.",,అర్థం తెలియదు,Hebrew,Old Testament
H7445,רְנָנָה,"a shout (for joy)",,ఆనందం,Hebrew,Old Testament
H7446,רִסָּה,"Riccah (ris-saw') n/l.",,రిస్సా,Hebrew,Old Testament
H7447,רָסִיס,"(properly) dripping to pieces",,సరిగా ముక్కలు ముక్కలుగా కారడం,Hebrew,Old Testament
H7448,רֶסֶן,"a halter (as restraining)",,వర్షం,Hebrew,Old Testament
H7449,רֶסֶן,"Recen (reh'-sen) n/l.",,రేసెన్,Hebrew,Old Testament
H7450,רָסַס,"racac (raw-sas') v.",,అర్థం తెలియదు,Hebrew,Old Testament
H7451,רַע רָעָה,"ra` (rah) adj.",రా,చెడు,Hebrew,Old Testament
H7452,רֵַע,"a crash (of thunder)",,ఉరుము,Hebrew,Old Testament
H7453,רֵַע רֵיַע,"an associate (more or less close)",,ఎక్కువ లేదా తక్కువ సన్నిహిత సహచరుడు,Hebrew,Old Testament
H7454,רֵַע,"a thought (as association of ideas)",,భావనల కలయికగా ఒక ఆలోచన,Hebrew,Old Testament
H7455,רוַֹע,"badness (as marring)",,చెడుతనం పాడుచేస్తుంది,Hebrew,Old Testament
H7456,רָעֵב,"ra`eb (raw-abe') v.",,ఆకలిగొను,Hebrew,Old Testament
H7457,רָעֵב,"ra`eb (raw-abe') adj.",,ఆకలిగొను,Hebrew,Old Testament
H7458,רָעָב,"hunger (more or less extensive)",,పది,Hebrew,Old Testament
H7459,רְעָבוֹן,"famine",,క్షామం,Hebrew,Old Testament
H7460,רָעַד,"ra`ad (raw-ad') v.",,అర్థం తెలియదు,Hebrew,Old Testament
H7461,רַעַד רֶעָדָה,"ra`ad (rah'-ad) (or (feminine) radah reh-aw-daw') n-e.",,తొమ్మిది,Hebrew,Old Testament
H7462,רָעָה,"ra`ah (raw-aw') v.",,కాపరి,Hebrew,Old Testament
H7463,רֵעֶה,"a (male) companion",,పురుష సహచరుడు,Hebrew,Old Testament
H7464,רֵעָה,"a female associate",,స్త్రీ సహచరుడు,Hebrew,Old Testament
H7465,רוֹעָה,"ro`ah (ro-aw') v.",,అర్థం తెలియదు,Hebrew,Old Testament
H7466,רְעוּ,"R`uw (reh-oo') n/p.",,రెయూ,Hebrew,Old Testament
H7467,רְעוּאֵל,"R`uw'el (reh-oo-ale') n/p.",,రెయూయేలు,Hebrew,Old Testament
H7468,רְעוּת,"a female associate",,స్త్రీ సహచరుడు,Hebrew,Old Testament
H7469,רְעוּת,"a feeding upon",,మేపడం,Hebrew,Old Testament
H7470,רְעוּת,"desire",,కోరిక,Hebrew,Old Testament
H7471,רְעִי,"pasture",,పచ్చిక బయలు,Hebrew,Old Testament
H7472,רֵעִי,"Re`iy (ray-ee') n/p.",,అర్థం తెలియదు,Hebrew,Old Testament
H7473,רוֹעִי,"ro`iy (ro-ee') v.",,అర్థం తెలియదు,Hebrew,Old Testament
H7474,רַעיָה,"a female associate",,స్త్రీ సహచరుడు,Hebrew,Old Testament
H7475,רַעיוֹן,"desire",,కోరిక,Hebrew,Old Testament
H7476,רַעיוֹן,"a grasp. i.e. (figuratively) mental conception",,గ్రహణశక్తి,Hebrew,Old Testament
H7477,רָעַל,"ra`al (raw-al') v.",,అర్థం తెలియదు,Hebrew,Old Testament
H7478,רַעַל,"a reeling (from intoxication)",,ఎద్దు,Hebrew,Old Testament
H7479,רַעֲלָה,"a long veil (as fluttering)",,అర్థం తెలియదు,Hebrew,Old Testament
H7480,רְעֵלָיָה,"R`elayah (reh-ay-law-yaw') n/p.",,ధర్మశాస్త్రం,Hebrew,Old Testament
H7481,רָעַם,"ra`am (raw-am') v.",,అర్థం తెలియదు,Hebrew,Old Testament
H7482,רַעַם,"a peal of thunder",,ఉరుము,Hebrew,Old Testament
H7483,רַעמָה,"the mane of a horse (as quivering in the wind)",,మనిషి,Hebrew,Old Testament
H7484,רַעמָה,"Ra`mah (rah-maw') n/l.",,రామా,Hebrew,Old Testament
H7485,רַעַמיָה,"Ra`amyah` (rah-am-yaw') n/p.",,అర్థం తెలియదు,Hebrew,Old Testament
H7486,רַעמְסֵס רַעַמסֵס,"Ra`mcec (rah-mes-ace') (or Raamcec rah-am-sace') n/l.",,అర్థం తెలియదు,Hebrew,Old Testament
H7487,רַעמְסֵס רַעַמסֵס,"Ra`mcec (rah-mes-ace') (or Raamcec rah-am-sace') n/l.",,అర్థం తెలియదు,Hebrew,Old Testament
H7488,רַעֲנַן,"ra`anan (rah-aw-nan') adj.",,అర్థం తెలియదు,Hebrew,Old Testament
H7489,רָעַע,"ra`a` (raw-ah') v.",రాఆ,చెడు చేయు,Hebrew,Old Testament
H7490,רְעַע,"r`a` (reh-ah') v.",,అర్థం తెలియదు,Hebrew,Old Testament
H7491,רָעַף,"ra`aph (raw-af') v.",,అర్థం తెలియదు,Hebrew,Old Testament
H7492,רָעַץ,"ra`ats (raw-ats') v.",,అర్థం తెలియదు,Hebrew,Old Testament
H7493,רָעַשׁ,"ra`ash (raw-ash) v.",,అర్థం తెలియదు,Hebrew,Old Testament
H7494,רַעַשׁ,"vibration",,కంపనం,Hebrew,Old Testament
H7495,רָפָא רָפָה,"rapha' (raw-faw') (or raphah raw-faw') v.",,స్వస్థపరచెను,Hebrew,Old Testament
H7496,רָפָה,"(properly) lax",,సరిగా సడలించు,Hebrew,Old Testament
H7497,רָפָא רָפָה,"rapha' (raw-faw') (or raphah raw-faw') n/g.",,అర్థం తెలియదు,Hebrew,Old Testament
H7498,רָפָא רָפָה,"Rapha' (raw-faw') (or Raphah raw-faw') n/p.",,అర్థం తెలియదు,Hebrew,Old Testament
H7499,רְפוּאָה,"a medicament",,మందు,Hebrew,Old Testament
H7500,רִפאוּת,"a cure",,స్వస్థత,Hebrew,Old Testament
H7501,רְפָאֵל,"Rpha'el (ref-aw-ale') n/p.",,అర్థం తెలియదు,Hebrew,Old Testament
H7502,רָפַד,"raphad (raw-fad') v.",,అర్థం తెలియదు,Hebrew,Old Testament
H7503,רָפָה,"raphah (raw-faw') v.",,అర్థం తెలియదు,Hebrew,Old Testament
H7504,רָפֶה,"rapheh (raw-feh') adj.",,అర్థం తెలియదు,Hebrew,Old Testament
H7505,רָפוּא,"Raphuw' (raw-foo') n/p.",,అర్థం తెలియదు,Hebrew,Old Testament
H7506,רֶפַח,"Rephach (reh'-fakh) n/p.",,అర్థం తెలియదు,Hebrew,Old Testament
H7507,רְפִידָּה,"a railing (as spread along)",,చుట్టుగా విస్తరించిన కంచె,Hebrew,Old Testament
H7508,רְפִידִּים,"Rphiydiym (ref-ee-deem') n/p.",,అర్థం తెలియదు,Hebrew,Old Testament
H7509,רְפָיָה,"Rphayah (ref-aw-yaw') n/p.",,అర్థం తెలియదు,Hebrew,Old Testament
H7510,רִפיוֹן,"slackness",,సడలింపు,Hebrew,Old Testament
H7511,רָפַס,"raphac (raw-fas') v.",,అర్థం తెలియదు,Hebrew,Old Testament
H7512,רְפַס,"rphac (ref-as') v.",,అర్థం తెలియదు,Hebrew,Old Testament
H7513,רַפסוֹדָה,"a raft (as flat on the water)",,నీరు,Hebrew,Old Testament
H7514,רָפַק,"raphaq (raw-fak') v.",,అర్థం తెలియదు,Hebrew,Old Testament
H7515,רָפַשׂ,"raphas (raw-fas') v.",,అర్థం తెలియదు,Hebrew,Old Testament
H7516,רֶפֶשׁ,"mud (as roiled)",,నూనె,Hebrew,Old Testament
H7517,רֶפֶת,"a stall for cattle (from their resting there)",,వారు విశ్రాంతి తీసుకునే పశువుల కొట్టం,Hebrew,Old Testament
H7518,רַץ,"a fragment",,ఒక ముక్క,Hebrew,Old Testament
H7519,רָצָא,"ratsa' (raw-tsaw') v.",,అర్థం తెలియదు,Hebrew,Old Testament
H7520,רָצַד,"ratsad (raw-tsad') v.",,అర్థం తెలియదు,Hebrew,Old Testament
H7521,רָצָה,"ratsah (raw-tsaw') v.",రాత్సా,ప్రసన్నుడగు,Hebrew,Old Testament
H7522,רָצוֹן רָצוֹן,"delight (especially as shown)",రాత్సోన్,సంతోషం,Hebrew,Old Testament
H7523,רָצַח,"ratsach (raw-tsakh') v.",,అర్థం తెలియదు,Hebrew,Old Testament
H7524,רֶצַח,"a crushing",,నలిపివేయడం,Hebrew,Old Testament
H7525,רִציָא,"Ritsya' (rits-yaw') n/p.",,అర్థం తెలియదు,Hebrew,Old Testament
H7526,רְצִין,"Rtsiyn (rets-een') n/p.",,అర్థం తెలియదు,Hebrew,Old Testament
H7527,רָצַע,"ratsa` (raw-tsah') v.",,అర్థం తెలియదు,Hebrew,Old Testament
H7528,רָצַף,"ratsaph (raw-tsaf') v.",,అర్థం తెలియదు,Hebrew,Old Testament
H7529,רֶצֶף,"a red-hot stone (for baking)",,రాజు,Hebrew,Old Testament
H7530,רֶצֶף,"Retseph (reh'-tsef) n/l.",,అర్థం తెలియదు,Hebrew,Old Testament
H7531,רִצפָּה,"a hot stone",,రాయి,Hebrew,Old Testament
H7532,רִצפָּה,"Ritspah (rits-paw') n/p.",,అర్థం తెలియదు,Hebrew,Old Testament
H7533,רָצַץ,"ratsats (raw-tsats') v.",,అర్థం తెలియదు,Hebrew,Old Testament
H7534,רַק,"raq (rak) adj.",,మాత్రమే,Hebrew,Old Testament
H7535,רַק,"raq (rak) adv.",రక్,కేవలం,Hebrew,Old Testament
H7536,רוֹק,"spittle",,ఉమ్మి,Hebrew,Old Testament
H7537,רָקַב,"raqab (raw-kab') v.",,అర్థం తెలియదు,Hebrew,Old Testament
H7538,רָקָב,"decay (by caries)",,క్షయం,Hebrew,Old Testament
H7539,רִקָּבוֹן,"decay (by caries)",,క్షయం,Hebrew,Old Testament
H7540,רָקַד,"raqad (raw-kad') v.",,అర్థం తెలియదు,Hebrew,Old Testament
H7541,רַקָּה,"(properly) thinness",,సరిగ్గా పలుచదనం,Hebrew,Old Testament
H7542,רַקּוֹן,"Raqqown (rak-kone') n/l.",,ఒకటి,Hebrew,Old Testament
H7543,רָקַח,"raqach (raw-kakh') v.",,అర్థం తెలియదు,Hebrew,Old Testament
H7544,רֶקַח,"(properly) perfumery",,సరిగ్గా పరిమళ ద్రవ్యం,Hebrew,Old Testament
H7545,רוֹקַח,"an aromatic",,సుగంధ ద్రవ్యం,Hebrew,Old Testament
H7546,רַקָּח,"a male perfumer",,సుగంధ ద్రవ్యాలు తయారుచేసే పురుషుడు,Hebrew,Old Testament
H7547,רַקּוַּח,"a scented substance",,సువాసనగల పదార్ధం,Hebrew,Old Testament
H7548,רַקָּחָה,"a female perfumer",,సుగంధ ద్రవ్యాలు తయారుచేసే స్త్రీ,Hebrew,Old Testament
H7549,רָקִיַע,"(properly) an expanse",,ఆకాశవిశాలము,Hebrew,Old Testament
H7550,רָקִיק,"a thin cake",,పలుచని కేకు,Hebrew,Old Testament
H7551,רָקַם,"raqam (raw-kam') v.",,అర్థం తెలియదు,Hebrew,Old Testament
H7552,רֶקֶם,"Reqem (reh'-kem) n/l.",,అర్థం తెలియదు,Hebrew,Old Testament
H7553,רִקמָה,"variegation of color",,రంగు యొక్క వ్యత్యాసం,Hebrew,Old Testament
H7554,רָקַע,"raqa` (raw-kah') v.",,అర్థం తెలియదు,Hebrew,Old Testament
H7555,רִקּוַּע,"beaten out",,పది,Hebrew,Old Testament
H7556,רָקַק,"raqaq (raw-kak') v.",,అర్థం తెలియదు,Hebrew,Old Testament
H7557,רַקַּת,"Raqqath (rak-kath') n/l.",,అర్థం తెలియదు,Hebrew,Old Testament
H7558,רִשׁיוֹן,"a permit",,అనుమతి,Hebrew,Old Testament
H7559,רָשַׁם,"rasham (raw-sham') v.",,అర్థం తెలియదు,Hebrew,Old Testament
H7560,רְשַׁם,"rsham (resh-am') v.",,అర్థం తెలియదు,Hebrew,Old Testament
H7561,רָשַׁע,"rasha` (raw-shah') v.",,దుర్మార్గుడు,Hebrew,Old Testament
H7562,רֶשַׁע,"a wrong (especially moral)",,ఒక తప్పు ముఖ్యంగా నైతికమైనది,Hebrew,Old Testament
H7563,רָשָׁע,"rasha` (raw-shaw') adj.",రాషా,దుష్టుడు,Hebrew,Old Testament
H7564,רִשׁעָה,"wrong (especially moral)",రిష్ఆ,దుష్టత్వం,Hebrew,Old Testament
H7565,רֶשֶׁף,"a live coal",,సజీవ బొగ్గు,Hebrew,Old Testament
H7566,רֶשֶׁף,"Resheph (reh'-shef) n/p.",,అర్థం తెలియదు,Hebrew,Old Testament
H7567,רָשַׁשׁ,"rashash (raw-shash') v.",,అర్థం తెలియదు,Hebrew,Old Testament
H7568,רֶשֶׁת,"a net (as catching animals)",,జంతువులను పట్టుకునే వల,Hebrew,Old Testament
H7569,רַתּתּוֹק,"a chain",,గొలుసు,Hebrew,Old Testament
H7570,רָתַח,"rathach (raw-thakh') v.",,అర్థం తెలియదు,Hebrew,Old Testament
H7571,רֶתַח,"a boiling",,నూనె,Hebrew,Old Testament
H7572,רַתּתִּיקָה,"a chain",,గొలుసు,Hebrew,Old Testament
H7573,רָתַם,"ratham (raw-tham') v.",,అర్థం తెలియదు,Hebrew,Old Testament
H7574,רֶתֶם רוֹתֶם,"the Spanish broom (from its pole-like stems)",,స్పానిష్ చీపురు కర్ర,Hebrew,Old Testament
H7575,רִתמָה,"Rithmah (rith-maw') n/p.",,అర్థం తెలియదు,Hebrew,Old Testament
H7576,רָתַק,"rathaq (raw-thak') v.",,అర్థం తెలియదు,Hebrew,Old Testament
H7577,רְתוּקָה,"something fastened",,పది,Hebrew,Old Testament
H7578,רְתֵת,"terror",,భయం,Hebrew,Old Testament
H7579,שָׁאַב,"sha'ab (sahw-ab') v.",,అర్థం తెలియదు,Hebrew,Old Testament
H7580,שָׁאַג,"sha'ag (shaw-ag') v.",,అర్థం తెలియదు,Hebrew,Old Testament
H7581,שְׁאָגָה,"a rumbling or moan",,గొడవ లేదా మూలుగు,Hebrew,Old Testament
H7582,שָׁאָה,"sha'ah (shaw-aw') v.",,అర్థం తెలియదు,Hebrew,Old Testament
H7583,שָׁאָה,"sha'ah (shaw-aw') v.",,అర్థం తెలియదు,Hebrew,Old Testament
H7584,שַׁאֲוָה,"a tempest (as rushing)",,పెనుగాలుల వంటి తుఫాను,Hebrew,Old Testament
H7585,שְׁאוֹל שְׁאוֹל,"Hades or the world of the dead (as if a subterranean retreat)",,పాతాళలోకం లేదా మరణించిన వారి ప్రపంచం, ఒక భూగర్భ తిరోగమనం వలె,Hebrew,Old Testament
H7586,שָׁאוּל,"Sha'uwl (shaw-ool') n/p.",,షావూలు,Hebrew,Old Testament
H7587,שָׁאוּלִי,"Sha'uwliy (shaw-oo-lee') adj.",,షావులీ,Hebrew,Old Testament
H7588,שָׁאוֹן,"uproar (as of rushing)",,పెనుగుండె వంటి అలజడి,Hebrew,Old Testament
H7589,שְׁאָט,"contempt",,నిర్లక్ష్యం,Hebrew,Old Testament
H7590,שָׁאטּ,"sha't (shawt) v.",,అర్థం తెలియదు,Hebrew,Old Testament
H7591,שְׁאִיָה,"desolation",,నిర్మానుష్యం,Hebrew,Old Testament
H7592,שָׁאַל שָׁאֵל,"sha'al (shaw-al') (or shael shaw-ale') v.",షాల్,అడుగు,Hebrew,Old Testament
H7593,שְׁאֵל,"sh'el (sheh-ale') v.",,అర్థం తెలియదు,Hebrew,Old Testament
H7594,שְׁאָל,"Sh'al (sheh-awl') n/p.",,పాతాళం,Hebrew,Old Testament
H7595,שְׁאֵלָא,"(properly) a question (at law)",,ధర్మశాస్త్రం,Hebrew,Old Testament
H7596,שְׁאֵלָה שֵׁלָה,"a petition",,వినతిపత్రం,Hebrew,Old Testament
H7597,שְׁאַלתִּיאֵל שַׁלתִּיאֵל,"Sh'altiy'el (sheh-al-tee-ale') (or Shaltiy(el shal-tee-ale') n/p.",,షల్తీయేలు,Hebrew,Old Testament
H7598,שְׁאַלתִּיאֵל,"Sh'altiy'el (sheh-al-tee-ale') n/p.",,షల్తీయేలు,Hebrew,Old Testament
H7599,שָׁאַן,"sha'an (shaw-an') v.",,అర్థం తెలియదు,Hebrew,Old Testament
H7600,שַׁאֲנָן,"sha'anan (shah-an-awn') adj.",,అర్థం తెలియదు,Hebrew,Old Testament
H7601,שָׁאַס,"sha'ac (shaw-as') v.",,అర్థం తెలియదు,Hebrew,Old Testament
H7602,שָׁאַף,"sha'aph (shaw-af') v.",,అర్థం తెలియదు,Hebrew,Old Testament
H7603,שְׂאוֹר,"barm or yeast-cake (as swelling by fermentation)",,బావి,Hebrew,Old Testament
H7604,שָׁאַר,"sha'ar (shaw-ar') v.",షాఆర్,మిగులు,Hebrew,Old Testament
H7605,שְׁאָר,"a remainder",,మిగిలినది,Hebrew,Old Testament
H7606,שְׁאָר,"X whatsoever more",,ఏదైనా అదనపు,Hebrew,Old Testament
H7607,שְׁאֵר,"flesh (as swelling out)",,బావి,Hebrew,Old Testament
H7608,שַׁאֲרָה,"female kindred by blood",,రక్తం,Hebrew,Old Testament
H7609,שֶׁאֱרָה,"She'erah (sheh-er-aw') n/p.",,షెయేరా,Hebrew,Old Testament
H7610,שְׁאָר יָשׁוּב,"Sh'ar Yashuwb (sheh-awr'yaw-shoob') n/p.",,షార్ యాషూబ్,Hebrew,Old Testament
H7611,שְׁאֵרִיתּ,"a remainder or residual (surviving",,మిగిలిన లేదా అవశేష మనుగడ,Hebrew,Old Testament
H7612,שֵׁאתּ,"devastation",,విధ్వంసం,Hebrew,Old Testament
H7613,שְׂאֵת,"an elevation or leprous scab",,ఎత్తు లేదా కుష్టు పొలుసు,Hebrew,Old Testament
H7614,שְׁבָא,"Shba' (sheb-aw') n/l.",,షెబా,Hebrew,Old Testament
H7615,שְׁבָאִי,"Shba'iy (sheb-aw-ee') adj.",,షెబాయి,Hebrew,Old Testament
H7616,שָׁבָב,"a fragment",,ముక్క,Hebrew,Old Testament
H7617,שָׁבָה,"shabah (shaw-baw') v.",,అర్థం తెలియదు,Hebrew,Old Testament
H7618,שְׁבוּ,"a gem (from its sparkle)",,మందసం,Hebrew,Old Testament
H7619,שְׁבוּאֵל שׁוּבָאֵל,"Shbuw'el (sheb-oo-ale') (or Shuwbanel shoo-baw-ale') n/p.",,షెబూయేలు,Hebrew,Old Testament
H7620,שָׁבוַּע שָׁבוַּע שֶׁבוּעָה,"literal",,వారము,Hebrew,Old Testament
H7621,שְׁבוּעָה,"(properly) something sworn",,ప్రమాణము,Hebrew,Old Testament
H7622,שְׁבוּת שְׁבִיתּ,"exile",,ప్రవాసం,Hebrew,Old Testament
H7623,שָׁבַח,"shabach (shaw-bakh') v.",,స్తుతించు,Hebrew,Old Testament
H7624,שְׁבַח,"shbach (sheb-akh') v.",,వినయంగా కూర్చుండు,Hebrew,Old Testament
H7625,שְׁבַט,"a clan",,వంశం,Hebrew,Old Testament
H7626,שֵׁבֶט,"a scion",,వారసుడు,Hebrew,Old Testament
H7627,שְׁבָט,"Shbat (sheb-awt') n/t.",,షబాట్,Hebrew,Old Testament
H7628,שְׁבִי,"exiled",,ప్రవాసంలో,Hebrew,Old Testament
H7629,שׁוֹבִי,"Shobiy (sho-bee') n/p.",,షోబీ,Hebrew,Old Testament
H7630,שׁוֹבַי,"Shobay (sho-bah'-ee) n/p.",,షోబాయి,Hebrew,Old Testament
H7631,שְׂבִיבּ,"flame",,జ్వాల,Hebrew,Old Testament
H7632,שָׁבִיבּ,"flame (as split into tongues)",,నాలుక,Hebrew,Old Testament
H7633,שִׁביָה,"exile (abstractly or concretely and collectively)",,ప్రవాసం సంగ్రహంగా లేదా конкреట్గా మరియు సమిష్టిగా,Hebrew,Old Testament
H7634,שָׁביָה,"Shobyah (shob-yaw') n/p.",,షోబ్యా,Hebrew,Old Testament
H7635,שָׁבִיל,"a track or passage-way (as if flowing along)",,మార్గం,Hebrew,Old Testament
H7636,שָׁבִיס,"a netting for the hair",,జుట్టు కోసం ఒక వల,Hebrew,Old Testament
H7637,שְׁבִיעִי שֶׁבִעִי,"shbiy`iy (sheb-ee-ee') (or shbi iy sheb-ee-ee') adj.",,ఏడవ,Hebrew,Old Testament
H7638,שָׂבָך,"a netting (ornament to the capital of a column)",,పేరు,Hebrew,Old Testament
H7639,שְׂבָכָה,"a net-work",,ఒక నెట్-వర్క్,Hebrew,Old Testament
H7640,שׁוֹבֶל,"a lady's train (as trailing after her)",,వర్షం,Hebrew,Old Testament
H7641,שִׁבּוֹל שִׁבּוֹלֶת,"a stream (as flowing)",,ధాన్యపు కంకి,Hebrew,Old Testament
H7642,שַׁבלוּל,"a snail (as if floating in its own slime)",,నత్త తన సొంత బురదలో తేలుతున్నట్లుగా,Hebrew,Old Testament
H7643,שְׂבָם שִׂבמָה,"Sbam (seb-awm') (or (feminine) Sibmah sib-maw') n/l.",,తొమ్మిది,Hebrew,Old Testament
H7644,שֶׁבנָא שֶׁבנָה,"Shebna' (sheb-naw') (or Shebnah sheb-naw') n/p.",,షెబ్నా,Hebrew,Old Testament
H7645,שְׁבַניָה שֶׁבַניָהוּ,"Shbanyah (sheb-an-yaw') (or Shbanyahuw sheb-an-yaw'-hoo) n/p.",,షెబన్యా,Hebrew,Old Testament
H7646,שָׂבַע שָׂבֵַע,"saba` (saw-bah') (or sabeay saw-bay'-ah) v.",,తృప్తిపడు,Hebrew,Old Testament
H7647,שָׂבָע,"copiousness",,సమదధ,Hebrew,Old Testament
H7648,שׂוֹבַע,"satisfaction (of food or (figuratively) joy)",,ఆనందం,Hebrew,Old Testament
H7649,שָׂבֵַע,"sabea` (saw-bay'-ah) adj.",,అర్థం తెలియదు,Hebrew,Old Testament
H7650,שָׁבַע,"shaba` (shaw-bah') v.",షాబా,ప్రమాణం చేయు,Hebrew,Old Testament
H7651,שֶׁבַע שִׁבעָה,"sheba` (sheh'-bah) (or (masculine) shibrah shib-aw') n-e.",షెబా,ఏడు,Hebrew,Old Testament
H7652,שֶׁבַע,"sheba` (sheh'-bah) n/l.",,షెబా,Hebrew,Old Testament
H7653,שִׂבעָה,"satiety",,సంపూర్ణత,Hebrew,Old Testament
H7654,שָׂבעָה,"satiety",,సంపూర్ణత,Hebrew,Old Testament
H7655,שִׁבעָה,"seven (times)",,ఏడు,Hebrew,Old Testament
H7656,שִׁבעָה,"Shib`ah (shib-aw') n/l.",,షిబా,Hebrew,Old Testament
H7657,שִׁבעִים,"shib`iym. (shib-eem') num.",,డెబ్బై,Hebrew,Old Testament
H7658,שִׁבעָנָה,"shib`anah (shib-aw-naw') num.",,ఏడు,Hebrew,Old Testament
H7659,שִׁבעָתַיִם,"seven- times",,ఏడు,Hebrew,Old Testament
H7660,שָׁבַץ,"shabats (shaw-bats') v.",,పొదుగు,Hebrew,Old Testament
H7661,שָׁבָץ,"entanglement",,చిక్కు,Hebrew,Old Testament
H7662,שְׁבַק,"shbaq (sheb-ak') v.",,విడిచిపెట్టు,Hebrew,Old Testament
H7663,שָׂבַר שָׁבַר,"sabar (saw-bar') (erroneously shabar (Nehemiah 2) v.",,ఒకటి,Hebrew,Old Testament
H7664,שֵׂבֶר,"expectation",,అంచనా,Hebrew,Old Testament
H7665,שָׁבַר,"shabar (shaw-bar') v.",,విరుగగొట్టు,Hebrew,Old Testament
H7666,שָׁבַר,"shabar (shaw-bar') v.",,విచ్ఛిన్నం చేయు,Hebrew,Old Testament
H7667,שֶׁבֶר שֵׁבֶר,"a fracture",,విరుపు,Hebrew,Old Testament
H7668,שֶׁבֶר,"grain (as if broken into kernels)",,వర్షం,Hebrew,Old Testament
H7669,שֶׁבֶר,"Sheber (sheh'-ber) n/p.",,అర్థం తెలియదు,Hebrew,Old Testament
H7670,שִׁברוֹן,"rupture",,తెగులు,Hebrew,Old Testament
H7671,שְׁבָרִים,"Shbariym (sheb-aw-reem') n/l.",,అర్థం తెలియదు,Hebrew,Old Testament
H7672,שְׁבַשׁ,"shbash (sheb-ash') v.",,అర్థం తెలియదు,Hebrew,Old Testament
H7673,שָׁבַת,"shabath (shaw-bath') v.",,మరియు విశ్రమించెను,Hebrew,Old Testament
H7674,שֶׁבֶת,"rest",,విశ్రాంతి,Hebrew,Old Testament
H7675,שֶׁבֶת,"(properly) session",,సరిగా సమావేశం,Hebrew,Old Testament
H7676,שַׁבָּת,"shabbath (shab-bawth') n-e.",షబ్బాత్,విశ్రాంతి,Hebrew,Old Testament
H7677,שַׁבָּתוֹן,"a sabbatism or special holiday",,దినము,Hebrew,Old Testament
H7678,שַׁבְּתַי,"Shabbthay (shab-beth-ah'-ee) n/p.",,అర్థం తెలియదు,Hebrew,Old Testament
H7679,שָׂגָא,"saga' (saw-gaw') v.",,సాగ,Hebrew,Old Testament
H7680,שְׂגָא,"sga' (seg-aw') v.",,అర్థం తెలియదు,Hebrew,Old Testament
H7681,שָׁגֵא,"Shage' (shaw-gay') n/p.",,అర్థం తెలియదు,Hebrew,Old Testament
H7682,שָׂגַב,"sagab (saw-gab') v.",,అర్థం తెలియదు,Hebrew,Old Testament
H7683,שָׁגַג,"shagag (shaw-gag') v.",,అర్థం తెలియదు,Hebrew,Old Testament
H7684,שְׁגָגָה,"a mistake or inadvertent transgression",,గుడారం,Hebrew,Old Testament
H7685,שָׂגָה,"sagah (saw-gaw') v.",,అర్థం తెలియదు,Hebrew,Old Testament
H7686,שָׁגָה,"shagah (shaw-gaw') v.",,అర్థం తెలియదు,Hebrew,Old Testament
H7687,שְׂגוּב,"Sguwb (seg-oob') n/p.",,అర్థం తెలియదు,Hebrew,Old Testament
H7688,שָׁגַח,"shagach (shaw-gakh') v.",,అర్థం తెలియదు,Hebrew,Old Testament
H7689,שַׂגִּיא,"saggiy' (sag-ghee') adj.",,సరిపోవునంత,Hebrew,Old Testament
H7690,שַׂגִּיא,"saggiy' (sag-ghee') adj.",,చాలా గొప్పది,Hebrew,Old Testament
H7691,שְׁגִיאָה,"a moral mistake",,నైతిక తప్పిదం,Hebrew,Old Testament
H7692,שִׁגָּיוֹן שִׁגָּיוֹנָה,"shiggayown (shig-gaw-yone') (or shiggayonah shig-gaw-yo-naw') n/p.",,ఒకటి,Hebrew,Old Testament
H7693,שָׁגַל,"shagal (shaw-gal') v.",,అర్థం తెలియదు,Hebrew,Old Testament
H7694,שֵׁגָל,"a queen (from cohabitation)",,సహజీవనం నుండి ఒక రాణి,Hebrew,Old Testament
H7695,שֵׁגָל,"a (legitimate) queen",,చట్టబద్ధమైన రాణి,Hebrew,Old Testament
H7696,שָׁגַע,"shaga` (shaw-gah') v.",,అర్థం తెలియదు,Hebrew,Old Testament
H7697,שִׁגָּעוֹן,"craziness",,పిచ్చి,Hebrew,Old Testament
H7698,שֶׁגֶר,"the fetus (as finally expelled)",,చివరికి బహిష్కరించబడిన పిండం,Hebrew,Old Testament
H7699,שַׁד שׁוֹד,"the breast of a woman or animal (as bulging)",,మనిషి,Hebrew,Old Testament
H7700,שֵׁד,"a doemon (as malignant)",,దుష్ట రాక్షసుడు,Hebrew,Old Testament
H7701,שׁוֹד שׁוֹד,"violence",,దురాక్రమణ,Hebrew,Old Testament
H7702,שָׂדַד,"sadad (saw-dad') v.",,అర్థం తెలియదు,Hebrew,Old Testament
H7703,שָׁדַד,"shadad (shaw-dad') v.",,అర్థం తెలియదు,Hebrew,Old Testament
H7704,שָׂדֶה שָׂדַי,"a field (as flat)",,పొలం,Hebrew,Old Testament
H7705,שִׁדָּה,"a wife (as mistress of the house)",,ఇల్లు,Hebrew,Old Testament
H7706,שַׁדַּי,"the Almighty",,శక్తివంతమైన,Hebrew,Old Testament
H7707,שְׁדֵיאוּר,"Shdey'uwr (shed-ay-oor') n/p.",,అర్థం తెలియదు,Hebrew,Old Testament
H7708,שִׂדִּים,"Siddiym (sid-deem') n/l.",,సిద్దీయులు,Hebrew,Old Testament
H7709,שְׁדֵמָה,"a cultivated field",,పొలం,Hebrew,Old Testament
H7710,שָׁדַף,"shadaph (shaw-daf') v.",,అర్థం తెలియదు,Hebrew,Old Testament
H7711,שְׁדֵפָה שִׁדָּפוֹן,"shdephah (shed-ay-faw') (or shiddaphown shid-daw-fone') n-e.",,ఒకటి,Hebrew,Old Testament
H7712,שְׁדַר,"shdar (shed-ar') v.",,అర్థం తెలియదు,Hebrew,Old Testament
H7713,שְׂדֵרָה,"a row",,ఒక వరుస,Hebrew,Old Testament
H7714,שַׁדרַך,"Shadrak (shad-rak') n/p.",,షద్రకు,Hebrew,Old Testament
H7715,שַׁדרַך,"Shadrak (shad-rak') n/p.",,షద్రకు,Hebrew,Old Testament
H7716,שֶׂה שֵׂי,"a member of a flock",,మంద,Hebrew,Old Testament
H7717,שָׂהֵד,"a witness",,ఒక సాక్షి,Hebrew,Old Testament
H7718,שׁוֹהַם,"a gem",,గోమేధికము,Hebrew,Old Testament
H7719,שׁוֹהַם,"Shoham (sho'-ham) n/p.",,షోహాము,Hebrew,Old Testament
H7720,שַׂהֲרוֹן,"a round pendant for the neck",,అంతం,Hebrew,Old Testament
H7721,שׂוֹא,"sow' (so) v.",,విత్తడానికి,Hebrew,Old Testament
H7722,שׁוֹא שׁוֹאָה שׁוֹאָה,"a tempest",,ఒక తుఫాను,Hebrew,Old Testament
H7723,שָׁוא שַׁו,"evil (as destructive)",,దుష్టత్వం,Hebrew,Old Testament
H7724,שְׁוָא,"Shva' (shev-aw') n/p.",,షేవా,Hebrew,Old Testament
H7725,שׁוּב,"shuwb (shoob) v.",,అతడు తిరుగును,Hebrew,Old Testament
H7726,שׁוֹבָב,"showbab (sho-bawb') adj.",,అర్థం తెలియదు,Hebrew,Old Testament
H7727,שׁוֹבָב,"Showbab (sho-bawb') n/p.",,షోబాబు,Hebrew,Old Testament
H7728,שׁוֹבֵב,"showbeb (sho-babe') adj.",,అర్థం తెలియదు,Hebrew,Old Testament
H7729,שׁוּבָה,"a return",,ఒక తిరిగివచ్చుట,Hebrew,Old Testament
H7730,שׂוֹבֶך,"a thicket",,ఒక పొద,Hebrew,Old Testament
H7731,שׁוֹבָך,"Showbak (sho-bawk') n/p.",,షోబాకు,Hebrew,Old Testament
H7732,שׁוֹבָל,"Showbal (sho-bawl') n/p.",,షోబాలు,Hebrew,Old Testament
H7733,שׁוֹבֵק,"Showbeq (sho-bake') n/p.",,షోబేకు,Hebrew,Old Testament
H7734,שׂוּג,"suwg (soog) v.",,అర్థం తెలియదు,Hebrew,Old Testament
H7735,שׂוּג,"suwg (soog) v.",,అర్థం తెలియదు,Hebrew,Old Testament
H7736,שׁוּד,"shuwd (shood) v.",,అర్థం తెలియదు,Hebrew,Old Testament
H7737,שָׁוָה,"shavah (shaw-vaw') v.",,అర్థం తెలియదు,Hebrew,Old Testament
H7738,שָׁוָה,"to destroy",,నాశనము చేయు,Hebrew,Old Testament
H7739,שְׁוָה,"shvah (shev-aw') v.",,అర్థం తెలియదు,Hebrew,Old Testament
H7740,שָׁוֵה,"Shaveh (shaw-vay') n/l.",,షావేహు,Hebrew,Old Testament
H7741,שָׁוֵה קִריָתַיִם,"Shaveh Qiryathayim (shaw-vay' kir-yaw-thah'-yim) n/p.",,షావేహు కిర్యాతయిమ్,Hebrew,Old Testament
H7742,שׂוַּח,"suwach (soo'-akh) v.",,అర్థం తెలియదు,Hebrew,Old Testament
H7743,שׁוַּח,"shuwach (shoo'-akh) v.",,అర్థం తెలియదు,Hebrew,Old Testament
H7744,שׁוַּח,"Shuwach (shoo'-akh) n/p.",,షూవహు,Hebrew,Old Testament
H7745,שׁוּחָה,"a chasm",,ఒక అగాధం,Hebrew,Old Testament
H7746,שׁוּחָה,"Shuwchah (shoo-khaw') n/p.",,అర్థం తెలియదు,Hebrew,Old Testament
H7747,שׁוּחִי,"Shuchiy (shoo-khee') adj.",,అర్థం తెలియదు,Hebrew,Old Testament
H7748,שׁוּחָם,"Shuwcham (shoo-khawm') n/p.",,అర్థం తెలియదు,Hebrew,Old Testament
H7749,שׁוּחָמִי,"Shuwchamiy (shoo-khaw-mee') adj.",,అర్థం తెలియదు,Hebrew,Old Testament
H7750,שׂוּט סוּט,"suwt (soot) (or (by permutation) cuwt soot) v.",,అర్థం తెలియదు,Hebrew,Old Testament
H7751,שׁוּט,"shuwt (shoot) v.",,విసిరెయ్యి,Hebrew,Old Testament
H7752,שׁוֹט,"a lash (literally or figuratively)",,ఒక కొరడా అక్షరాలా లేదా అలంకారికంగా,Hebrew,Old Testament
H7753,שׂוּך,"suwk (sook) v.",,అర్థం తెలియదు,Hebrew,Old Testament
H7754,שׂוֹך שׂוֹכָה,"sowk (soke) (or (feminine) sowkah so-kaw') n-e.",,తొమ్మిది,Hebrew,Old Testament
H7755,שׂוֹכוֹה שׂוֹכוֹה שׂוֹכוֹ,"Sowkoh (so-ko') (or Sokoh so-ko' or Sowkow so-ko'",,సోకో,Hebrew,Old Testament
H7756,שׂוּכָתִי,"Suwkathiy (soo-kaw-thee') adj.",,అర్థం తెలియదు,Hebrew,Old Testament
H7757,שׁוּל,"a skirt",,లంగ,Hebrew,Old Testament
H7758,שׁוֹלָל שֵׁילָל,"showlal (sho-lawl') (or sheylal (Micah 1) adj.",,ధర్మశాస్త్రం,Hebrew,Old Testament
H7759,שׁוּלַמִּיתּ,"Shuwlammiyth (shoo-lam-meeth') adj.",,షులామ్మీత్,Hebrew,Old Testament
H7760,שׂוּם שִׂים,"suwm (soom) (or siym seem) v.",,పెట్టెను,Hebrew,Old Testament
H7761,שׂוּם,"suwm (soom) v.",,అర్థం తెలియదు,Hebrew,Old Testament
H7762,שׁוּם,"garlic (from its rank odor)",,నుండి దాని ర్యాంక్ వాసన వెల్లుల్లి,Hebrew,Old Testament
H7763,שׁוֹמֵר שׁוֹמֵר,"Showmer (sho-mare') (or Shomer sho-mare') n/p.",,షోమెర్,Hebrew,Old Testament
H7764,שׁוּנִי,"Shuwniy (shoo-nee') n/p.",,షుని,Hebrew,Old Testament
H7765,שׁוּנִי,"Shuwniy (shoo-nee') adj.",,షుని,Hebrew,Old Testament
H7766,שׁוּנֵם,"Shuwnem (shoo-name') n/l.",,పేరు,Hebrew,Old Testament
H7767,שׁוּנַמִּיתּ,"Shuwnammiyth (shoo-nam-meeth') adj.",,షునమ్మీత్,Hebrew,Old Testament
H7768,שָׁוַע,"shava` (shaw-vah') v.",,అర్థం తెలియదు,Hebrew,Old Testament
H7769,שׁוַּע,"a halloo",,ఒక హల్లో,Hebrew,Old Testament
H7770,שׁוַּע,"Shuwa` (shoo'-ah) n/p.",,షువా,Hebrew,Old Testament
H7771,שׁוַֹע,"showa` (sho'-ah) adj.",,అర్థం తెలియదు,Hebrew,Old Testament
H7772,שׁוַֹע,"Showa` (sho'-ah) n/p.",,షోవా,Hebrew,Old Testament
H7773,שֶׁוַע,"sheva` (sheh'-vah) v.",,అర్థం తెలియదు,Hebrew,Old Testament
H7774,שׁוּעָא,"Shuwa`a' (shoo-aw') n/p.",,షువా,Hebrew,Old Testament
H7775,שַׁועָה,"a hallooing",,ఒక హాల్లోయింగ్,Hebrew,Old Testament
H7776,שׁוּעָל שׁוּעָל,"a jackal (as a burrower)",,ఒక నక్క ఒక బుర్రోవర్ గా,Hebrew,Old Testament
H7777,שׁוּעָל,"Shuw`al (shoo-awl') n/l.",,షువాల్,Hebrew,Old Testament
H7778,שׁוֹעֵר שׁוֹעֵר,"a janitor",,జానిటర్,Hebrew,Old Testament
H7779,שׁוּף,"shuwph (shoof) v.",,రుబ్బు,Hebrew,Old Testament
H7780,שׁוֹפָך,"Showphak (sho-fawk') n/p.",,షోఫాక్,Hebrew,Old Testament
H7781,שׁוּפָמִי,"Shuwphamiy (shoo-faw-mee') adj.",,షూఫామీ,Hebrew,Old Testament
H7782,שׁוֹפָר שׁוֹפָר,"a cornet (as giving a clear sound) or curved horn",,చెవి,Hebrew,Old Testament
H7783,שׁוּק,"shuwq (shook) v.",,షూక్,Hebrew,Old Testament
H7784,שׁוּק,"a street (as run over)",,చెట్టు,Hebrew,Old Testament
H7785,שׁוֹק,"the (lower) leg (as a runner)",,పరిగెత్తే వ్యక్తి యొక్క కాలు కింది భాగం,Hebrew,Old Testament
H7786,שׂוּר,"suwr (soor) v.",,సూర్,Hebrew,Old Testament
H7787,שׂוּר,"suwr (soor) v.",,సూర్,Hebrew,Old Testament
H7788,שׁוּר,"shuwr (shoor) v.",,షూరు,Hebrew,Old Testament
H7789,שׁוּר,"shuwr (shoor) v.",,షూరు,Hebrew,Old Testament
H7790,שׁוּר,"a foe (as lying in wait)",,షూరు,Hebrew,Old Testament
H7791,שׁוּר,"a wall (as going about)",,గోడ,Hebrew,Old Testament
H7792,שׁוּר,"wall",,గోడ,Hebrew,Old Testament
H7793,שׁוּר,"Shuwr (shoor) n/l.",,షూరు,Hebrew,Old Testament
H7794,שׁוֹר,"a bullock (as a traveller)",,ఎద్దు,Hebrew,Old Testament
H7795,שׂוֹרָה,"(properly) a ring",,ఒక ఉంగరం,Hebrew,Old Testament
H7796,שׂוֹרֵק,"Sowreq (so-rake') n/l.",,సోరేక్,Hebrew,Old Testament
H7797,שׂוּשׂ שִׂישׂ,"suws (soos) (or siys sece) v.",,సూస్,Hebrew,Old Testament
H7798,שַׁושָׁא,"Shavsha' (shav-shaw') n/p.",,షవ్షా,Hebrew,Old Testament
H7799,שׁוּשַׁן שׁוֹשָׁן שׁוֹשָׁן שׁוֹשַׁנָּה,"a lily (from its whiteness)",,పది,Hebrew,Old Testament
H7800,שׁוּשַׁן,"Shuwshan (shoo-shan') n/l.",,షూషాన్,Hebrew,Old Testament
H7801,שׁוּשַׁנכִּי,"Shuwshankiy (shoo-shan-kee') n/l.",,షూషాన్కీ,Hebrew,Old Testament
H7802,שׁוּשַׁן עֵדוּת שׁוֹשַׁנִּים עֵדוּת,"lily (or trumpet) of assemblage",,సమావేశపు లిల్లీ లేదా బూరా,Hebrew,Old Testament
H7803,שׁוּתֶלַח,"Shuwthelach (shoo-theh'-lakh) n/p.",,షూథెలక్,Hebrew,Old Testament
H7804,שְׁזַב,"shzab (shez-ab') v.",,షెజాబ్,Hebrew,Old Testament
H7805,שָׁזַף,"shazaph (shaw-zaf') v.",,షజాఫ్,Hebrew,Old Testament
H7806,שָׁזַר,"shazar (shaw-zar') v.",,షజర్,Hebrew,Old Testament
H7807,שַׁח,"shach (shakh) adj.",,షాక్,Hebrew,Old Testament
H7808,שֵַׂח,"communion",,సహవాసం,Hebrew,Old Testament
H7809,שָׁחַד,"shachad (shaw-khad') v.",,షఖద్,Hebrew,Old Testament
H7810,שַׁחַד,"a donation (venal or redemptive)",,జాతి,Hebrew,Old Testament
H7811,שָׂחָה,"sachah (saw-khaw') v.",,సఖా,Hebrew,Old Testament
H7812,שָׁחָה,"shachah (shaw-khaw') v.",షాఖా,మొక్కు,Hebrew,Old Testament
H7813,שָׂחוּ,"a pond (for swimming)",,ఈత కొలను,Hebrew,Old Testament
H7814,שְׂחוֹק שְׂחוֹק,"laughter (in merriment or defiance)",,సంతోషంలో లేదా ధిక్కారంలో నవ్వు,Hebrew,Old Testament
H7815,שְׁחוֹר,"dinginess",,అర్థం తెలియదు,Hebrew,Old Testament
H7816,שְׁחוּת,"pit",,గుంట,Hebrew,Old Testament
H7817,שָׁחַח,"shachach (shaw-khakh') v.",,షాకాక్,Hebrew,Old Testament
H7818,שָׂחַט,"sachat (saw-khat') v.",,సఖత్,Hebrew,Old Testament
H7819,שָׁחַט,"to slaughter (in sacrifice or massacre)",,బలి,Hebrew,Old Testament
H7820,שָׁחַט,"shachat (shaw-khat') v.",,షాఖత్,Hebrew,Old Testament
H7821,שְׁחִיטָּה,"slaughter",,వధ,Hebrew,Old Testament
H7822,שְׁחִין,"inflammation",,వాపు,Hebrew,Old Testament
H7823,שָׁחִיס סָחִישׁ,"after-growth",,మొలక,Hebrew,Old Testament
H7824,שָׁחִיף,"shachiyph (shaw-kheef') adj.",,అర్థం తెలియదు,Hebrew,Old Testament
H7825,שְׁחִיתּ,"a pit-fall (literally or figuratively)",,గుంట,Hebrew,Old Testament
H7826,שַׁחַל,"a lion (from his characteristic roar)",,సింహం,Hebrew,Old Testament
H7827,שְׁחֵלֶת,"a scale or shell",,పొలుసు లేదా పెంకు,Hebrew,Old Testament
H7828,שַׁחַף,"the gull (as thin)",,సన్నని సీగల్ పక్షి,Hebrew,Old Testament
H7829,שַׁחֶפֶת,"emaciation",,కృశించుట,Hebrew,Old Testament
H7830,שַׁחַץ,"haughtiness (as evinced by the attitude)",,గర్వం,Hebrew,Old Testament
H7831,שַׁחֲצוֹם,"Shachatsowm (shakh-ats-ome') n/l.",,అర్థం తెలియదు,Hebrew,Old Testament
H7832,שָׂחַק,"sachaq (saw-khak') v.",సాఖక్,ఆడు,Hebrew,Old Testament
H7833,שָׁחַק,"shachaq (shaw-khak') v.",,అర్థం తెలియదు,Hebrew,Old Testament
H7834,שַׁחַק,"a powder (as beaten small)",,పది,Hebrew,Old Testament
H7835,שָׁחַר,"shachar (shaw-khar') v.",,అర్థం తెలియదు,Hebrew,Old Testament
H7836,שָׁחַר,"shachar (shaw-khar') v.",,అర్థం తెలియదు,Hebrew,Old Testament
H7837,שַׁחַר,"dawn (literal",,తెల్లవారుజాము,Hebrew,Old Testament
H7838,שָׁחוֹר שָׁחוֹר,"shachor (shaw-khore') (or shachowr shaw-khore') adj.",,నల్లని,Hebrew,Old Testament
H7839,שַׁחֲרוּת,"a dawning",,వేకువ,Hebrew,Old Testament
H7840,שְׁחַרחוֹרֶת,"shcharchoreth (shekh-ar-kho'-reth) adj.",,అర్థం తెలియదు,Hebrew,Old Testament
H7841,שְׁחַריָה,"Shcharyah (shekh-ar-yaw') n/p.",,అర్థం తెలియదు,Hebrew,Old Testament
H7842,שַׁחֲרַיִם,"Shacharayim (shakh-ar-ah'-yim) n/p.",,అర్థం తెలియదు,Hebrew,Old Testament
H7843,שָׁחַת,"shachath (shaw-khath') v.",,పాడుచేయు,Hebrew,Old Testament
H7844,שְׁחַת,"shchath (shekh-ath') v.",,పాడుచేయు,Hebrew,Old Testament
H7845,שַׁחַת,"a pit (especially as a trap)",,గుంట, ముఖ్యంగా ఉచ్చుగా,Hebrew,Old Testament
H7846,שֵׂט סֵט,"a departure from right",,సరైన మార్గం నుండి నిష్క్రమణ,Hebrew,Old Testament
H7847,שָׂטָה,"satah (saw-taw') v.",,అర్థం తెలియదు,Hebrew,Old Testament
H7848,שִׁטָּה שִׁטִּים,"the acacia (from its scourging thorns)",,తుమ్మ చెట్టు,Hebrew,Old Testament
H7849,שָׁטַח,"shatach (shaw-takh') v.",,చదును చేయు,Hebrew,Old Testament
H7850,שׁוֹטֵט,"but only as a denominative from H7752) to flog",,కొరడాతో కొట్టు,Hebrew,Old Testament
H7851,שִׁטִּים,"Shittiym (shit-teem') n/l.",,షిత్తిమ్,Hebrew,Old Testament
H7852,שָׂטַם,"satam (saw-tam') v.",,మూసివేయు,Hebrew,Old Testament
H7853,שָׂטַן,"satan (saw-tan') v.",,అపవాది,Hebrew,Old Testament
H7854,שָׂטָן,"an opponent",,ఒకటి,Hebrew,Old Testament
H7855,שִׂטנָה,"opposition (by letter)",,వ్యతిరేకత,Hebrew,Old Testament
H7856,שִׂטנָה,"Sitnan (sit-naw') n/p.",,సిట్నాన్,Hebrew,Old Testament
H7857,שָׁטַף,"shataph (shaw-taf') v.",,అర్థం తెలియదు,Hebrew,Old Testament
H7858,שֶׁטֶף שֵׁטֶף,"a deluge (literally or figuratively)",,జలప్రళయం,Hebrew,Old Testament
H7859,שְׁטַר,"a side",,ప్రక్క,Hebrew,Old Testament
H7860,שׁוֹטֵר,"(properly) a scribe",,శాస్త్రి,Hebrew,Old Testament
H7861,שִׁטרַי,"Shitray (shit-rah'-ee) n/p.",,షిత్రయి,Hebrew,Old Testament
H7862,שַׁי,"a gift (as available)",,అందుబాటులో ఉన్న బహుమతి,Hebrew,Old Testament
H7863,שִׂיא,"elevation",,ఉన్నతి,Hebrew,Old Testament
H7864,שְׁיָא,"Shya' (sheh-yaw') n/p.",,షెయా,Hebrew,Old Testament
H7865,שִׂיאוֹן,"Siy'on (see-ohn') n/l.",,సియోను,Hebrew,Old Testament
H7866,שִׁיאוֹן,"Shi'yown (shee-ohn') n/l.",,షియోను,Hebrew,Old Testament
H7867,שִׂיבּ,"siyb (seeb) v.",,అర్థం తెలియదు,Hebrew,Old Testament
H7868,שִׂיבּ,"siyb (seeb) v.",,అర్థం తెలియదు,Hebrew,Old Testament
H7869,שֵׂיבּ,"old age",,పాత,Hebrew,Old Testament
H7870,שִׁיבָּה,"a return (of property)",,ఆస్తి తిరిగి రావడం,Hebrew,Old Testament
H7871,שִׁיבָּה,"residence",,నివాసం,Hebrew,Old Testament
H7872,שֵׂיבָּה,"old age",,పాత,Hebrew,Old Testament
H7873,שִׂיגּ,"a withdrawal (into a private place)",,ఒక ప్రైవేట్ స్థలంలోకి ఉపసంహరణ,Hebrew,Old Testament
H7874,שִׂידּ,"siyd (seed) v.",,విత్తనం,Hebrew,Old Testament
H7875,שִׂידּ,"lime (as boiling when slacked)",,నూనె,Hebrew,Old Testament
H7876,שָׁיָה,"shayah (shaw-yaw') v.",,అర్థం తెలియదు,Hebrew,Old Testament
H7877,שִׁיזָא,"Shiyza' (shee-zaw') n/p.",,షీజా,Hebrew,Old Testament
H7878,שִׂיַח,"siyach (see'-akh) v.",,అర్థం తెలియదు,Hebrew,Old Testament
H7879,שִׂיַח,"a contemplation",,ధ్యానం,Hebrew,Old Testament
H7880,שִׂיַח,"a shoot (as if uttered or put forth)",,మొలక,Hebrew,Old Testament
H7881,שִׂיחָה,"reflection",,ప్రతిబింబం,Hebrew,Old Testament
H7882,שִׁיחָה,"a pit-fall",,కందకం,Hebrew,Old Testament
H7883,שִׁיחוֹר שִׁחוֹר שִׁחוֹר,"Shiychowr (shee-khore') (or Shichowr shee-khore' or Shichor shee-khore'",,షికోర్,Hebrew,Old Testament
H7884,שִׁיחוֹר לִבֶנָת,"Shiychowr Libnath (shee-khore' lib-nawth') n/p.",,షికోర్ లిబ్నాత్,Hebrew,Old Testament
H7885,שַׁיִט,"an oar",,తెడ్డు,Hebrew,Old Testament
H7886,שִׁילוֹה,"Shiyloh (shee-lo') n/p.",,షిలో,Hebrew,Old Testament
H7887,שִׁילוֹה שִׁלוֹה שִׁילוֹ שִׁלוֹ,"Shiyloh (shee-lo') (or Shiloh shee-lo' or Shiylow shee-lo'",,షిలో,Hebrew,Old Testament
H7888,שִׁילוֹנִי שִׁילוֹנִי שִׁלוֹנִי,"Shiylowniy (shee-lo-nee') (or Shiyloniy shee-lo-nee' or Shiloniy shee-lo-nee'",,షిలోని,Hebrew,Old Testament
H7889,שִׁימוֹן,"Shiymown (shee-mone') n/p.",,ఒకటి,Hebrew,Old Testament
H7890,שַׁיִן,"urine",,మూత్రం,Hebrew,Old Testament
H7891,שִׁיר שׁוּר,"shiyr (sheer) (or (the original form) shuwr (1 Sam. 18) v.",,పాడటానికి,Hebrew,Old Testament
H7892,שִׁיר שִׁירָה,"a song",,కుమారుడు,Hebrew,Old Testament
H7893,שַׁיִשׁ,"white",,పాలరాయి,Hebrew,Old Testament
H7894,שִׁישָׁא,"Shiysah' (shee-shaw') n/p.",,షీషా,Hebrew,Old Testament
H7895,שִׁישַׁק שׁוּשַׁק,"Shiyshaq (shee-shak') (or Shuwshaq shoo-shak') n/p.",,షీషక్,Hebrew,Old Testament
H7896,שִׁיתּ,"shiyth (sheeth) v.",,షీత్,Hebrew,Old Testament
H7897,שִׁיתּ,"a dress (as put on)",,ధరించిన దుస్తులు,Hebrew,Old Testament
H7898,שַׁיִת,"scrub or trash",,చెత్త,Hebrew,Old Testament
H7899,שֵׂך,"a brier (as of a hedge)",,ముళ్ల కంచె,Hebrew,Old Testament
H7900,שׂוֹך,"a booth (as interlaced)",,గుడిసె,Hebrew,Old Testament
H7901,שָׁכַב,"shakab (shaw-kab') v.",,పడుకొనెను,Hebrew,Old Testament
H7902,שְׁכָבָה,"a lying down (of dew",,మంచు పడుట,Hebrew,Old Testament
H7903,שֶׁכוֹבֶת,"a (sexual) lying with",,శారీరక సంబంధం,Hebrew,Old Testament
H7904,שָׁכָה,"shakah (shaw-kaw') v.",,షకా,Hebrew,Old Testament
H7905,שׂוּכָּה,"a dart (as pointed like a thorn)",,ముల్లు వంటి బాణం,Hebrew,Old Testament
H7906,שֵׂכוּ,"Sekuw (say'-koo) n/l.",,సేకూ,Hebrew,Old Testament
H7907,שֶׂכוִי,"observant",,సేవకుడు,Hebrew,Old Testament
H7908,שְׁכוֹל,"bereavement",,వియోగం,Hebrew,Old Testament
H7909,שַׁכּוּל שַׁכּוּל,"shakkuwl (shak-kool') (or shakkul shak-kool') adj.",,షక్కుల్,Hebrew,Old Testament
H7910,שִׁכּוֹר שִׁכּוֹר,"shikkowr (shik-kore') (or shikkor shik-kore') adj.",,షిక్కోర్,Hebrew,Old Testament
H7911,שָׁכַח שָׁכֵַח,"shakach (shaw-kakh') (or shakeach shaw-kay'-akh) v.",,మరచు,Hebrew,Old Testament
H7912,שְׁכַח,"shkach (shek-akh') v.",,ష్కాచ్,Hebrew,Old Testament
H7913,שָׁכֵַח,"shakeach (shaw-kay'-akh) adj.",,షకేయాక్,Hebrew,Old Testament
H7914,שְׂכִיָה,"a conspicuous object",,గుర్తించదగిన వస్తువు,Hebrew,Old Testament
H7915,שַׂכִּין,"a knife (as pointed or edged)",,కత్తి,Hebrew,Old Testament
H7916,שָׂכִיר,"sakiyr (saw-keer') adj.",,సకీర్,Hebrew,Old Testament
H7917,שְׂכִירָה,"skiyrah (sek-ee-raw') adj.",,సకీరా,Hebrew,Old Testament
H7918,שָׁכַך,"shakak (shaw-kak') v.",,షకాక్,Hebrew,Old Testament
H7919,שָׂכַל,"sakal (saw-kal') v.",,సకల్,Hebrew,Old Testament
H7920,שְׂכַל,"skal (sek-al') v.",,స్కాల్,Hebrew,Old Testament
H7921,שָׁכוֹל,"shakol (shaw-kole') v.",,షకోల్,Hebrew,Old Testament
H7922,שֶׂכֶל שֵׂכֶל,"intelligence",,తెలివి,Hebrew,Old Testament
H7923,שִׁכּוּלִים,"childlessness (by continued bereavements)",,బిడ్డ,Hebrew,Old Testament
H7924,שָׂכלְתָנוּ,"intelligence",,తెలివి,Hebrew,Old Testament
H7925,שָׁכַם,"shakam (shaw-kam') v.",,షకామ్,Hebrew,Old Testament
H7926,שְׁכֶם,"the neck (between the shoulders) as the place of burdens",,మెడ,Hebrew,Old Testament
H7927,שְׁכֶם,"Shkem (shek-em') n/l.",,షెకెము,Hebrew,Old Testament
H7928,שֶׁכֶם,"Shekem (sheh'-kem) n/p.",,షెకెమ్,Hebrew,Old Testament
H7929,שִׁכמָה,"the shoulder-bone",,ఒకటి,Hebrew,Old Testament
H7930,שִׁכמִי,"Shikmiy (shik-mee') adj.",,షిక్మీ,Hebrew,Old Testament
H7931,שָׁכַן,"shakan (shaw-kan') v.",,అర్థం తెలియదు,Hebrew,Old Testament
H7932,שְׁכַן,"shkan (shek-an') v.",,అర్థం తెలియదు,Hebrew,Old Testament
H7933,שֶׁכֶן,"a residence",,ఒక నివాసం,Hebrew,Old Testament
H7934,שָׁכֵן,"shaken (shaw-kane') adj.",,అర్థం తెలియదు,Hebrew,Old Testament
H7935,שְׁכַניָה שְׁכַניָהוּ,"Shkanyah (shek-an-yaw') (or (prol.) Shkanyahuw shek-an-yaw'-hoo) n/p.",,అర్థం తెలియదు,Hebrew,Old Testament
H7936,שָׂכַר סָכַר,"sakar (saw-kar') (or (by permutation) cakar (Ezra 4) v.",,అర్థం తెలియదు,Hebrew,Old Testament
H7937,שָׁכַר,"shakar (shaw-kar') v.",,అర్థం తెలియదు,Hebrew,Old Testament
H7938,שֶׂכֶר,"wages",,జీతం,Hebrew,Old Testament
H7939,שָׂכָר,"payment of contract",,ఒప్పందం చెల్లింపు,Hebrew,Old Testament
H7940,שָׂכָר,"Sakar (saw-kar') n/p.",,అర్థం తెలియదు,Hebrew,Old Testament
H7941,שֵׁכָר,"an intoxicant",,ఎద్దు,Hebrew,Old Testament
H7942,שִׁכְּרוֹן,"Shikkrown (shik-ker-one') n/l.",,ఒకటి,Hebrew,Old Testament
H7943,שִׁכָּרוֹן,"intoxication",,ఎద్దు,Hebrew,Old Testament
H7944,שַׁל,"a fault",,ఒక లోపం,Hebrew,Old Testament
H7945,שֶׁל,"shel (shel) prt.",,యొక్క,Hebrew,Old Testament
H7946,שַׁלאֲנָן,"shal'anan (shal-an-awn') adj.",,సులభమైన,Hebrew,Old Testament
H7947,שָׁלַב,"shalab (shaw-lab') v.",,అర్థం తెలియదు,Hebrew,Old Testament
H7948,שָׁלָב,"a spacer or raised interval",,అంతరం,Hebrew,Old Testament
H7949,שָׁלַג,"shalag (shaw-lag') v.",,అర్థం తెలియదు,Hebrew,Old Testament
H7950,שֶׁלֶג,"snow (probably from its whiteness)",,పది,Hebrew,Old Testament
H7951,שָׁלָה שָׁלַו,"shalah (shaw-law') (or shalav (Job 3) v.",,ధర్మశాస్త్రం,Hebrew,Old Testament
H7952,שָׁלָה,"shalah (shaw-law') v.",,ధర్మశాస్త్రం,Hebrew,Old Testament
H7953,שָׁלָה,"shalah (shaw-law') v.",,ధర్మశాస్త్రం,Hebrew,Old Testament
H7954,שְׁלָה,"shlah (shel-aw') v.",,అర్థం తెలియదు,Hebrew,Old Testament
H7955,שָׁלָה,"a wrong",,ఒక తప్పు,Hebrew,Old Testament
H7956,שֵׁלָה,"Shelah (shay-law') n/p.",,ధర్మశాస్త్రం,Hebrew,Old Testament
H7957,שַׁלהֶבֶת,"a flare of fire",,అగ్ని,Hebrew,Old Testament
H7958,שְׂלָו שְׂלָיו,"the quail collectively (as slow in flight from its weight)",,వెలుగు,Hebrew,Old Testament
H7959,שֶׁלֶו,"security",,భద్రత,Hebrew,Old Testament
H7960,שָׁלוּ שָׁלוּת,"a fault",,ఒక లోపం,Hebrew,Old Testament
H7961,שָׁלֵו שָׁלֵיו שְׁלֵוָה,"shalev (shaw-lave') (or shaleyv shaw-lave' feminine shlevah shel-ay-vaw'",,తొమ్మిది,Hebrew,Old Testament
H7962,שַׁלוָה,"security (genuine or false)",,ఖచ్చితమైన లేదా తప్పుడు భద్రత,Hebrew,Old Testament
H7963,שְׁלֵוָה,"safety",,సురక్షితత్వం,Hebrew,Old Testament
H7964,שִׁלּוַּח שִׁלּוַּח,"(only in plural) a dismissal",,బహువచనంలో మాత్రమే ఒక తొలగింపు,Hebrew,Old Testament
H7965,שָׁלוֹם שָׁלוֹם,"safe",షాలోమ్,శాంతి,Hebrew,Old Testament
H7966,שִׁלּוּם שִׁלּוּם,"a requital",,ఒక ప్రతిఫలం,Hebrew,Old Testament
H7967,שַׁלּוּם שַׁלּוּם,"Shalluwm (shal-loom') (or (shorter) Shallum shal-loom') n/p.",,షల్లూమ్,Hebrew,Old Testament
H7968,שַׁלוּן,"Shalluwn (shal-loon') n/p.",,షల్లూన్,Hebrew,Old Testament
H7969,שָׁלוֹשׁ שָׁלוֹשׁ שְׁלוֹשָׁה שְׁלוֹשָׁה,"shalowsh (shaw-loshe') (or shalosh shaw-loshe' masculine shlowshah shel-o-shaw'",,మూడు,Hebrew,Old Testament
H7970,שְׁלוֹשִׁים שְׁלוֹשִׁים,"thirty",,ముప్ఫై,Hebrew,Old Testament
H7971,שָׁלַח,"shalach (shaw-lakh') v.",షాలఖ్,పంపు,Hebrew,Old Testament
H7972,שְׁלַח,"shlach (shel-akh') v.",,అర్థం తెలియదు,Hebrew,Old Testament
H7973,שֶׁלַח,"a missile of attack",,దాడి యొక్క క్షిపణి,Hebrew,Old Testament
H7974,שֶׁלַח,"Shelach (sheh'-lakh) n/p.",,షెలాక్,Hebrew,Old Testament
H7975,שִׁלּוַֹח שֶׁלַח,"Shiloach (shee-lo'-akh) (or (in imitation of H7974) Shelach (Neh. 3) n/l.",,షీలోహ్,Hebrew,Old Testament
H7976,שִׁלּוּחָה,"a shoot",,చిగురు,Hebrew,Old Testament
H7977,שִׁלחִי,"Shilchiy (shil-khee') n/p.",,అర్థం తెలియదు,Hebrew,Old Testament
H7978,שִׁלחִים,"Shilchiym (shil-kheem') n/l.",,అర్థం తెలియదు,Hebrew,Old Testament
H7979,שׁוּלחָן,"a table (as spread out)",,పరిచిన బల్ల,Hebrew,Old Testament
H7980,שָׁלַט,"shalat (shaw-lat') v.",,అర్థం తెలియదు,Hebrew,Old Testament
H7981,שְׁלֵט,"shlet (shel-ate') v.",,అర్థం తెలియదు,Hebrew,Old Testament
H7982,שֶׁלֶט,"probably a shield (as controlling",,డాలు,Hebrew,Old Testament
H7983,שִׁלטּוֹן,"a potentate",,గుడారం,Hebrew,Old Testament
H7984,שִׁלטּוֹן שִׁלטּוֹן,"a potentate",,గుడారం,Hebrew,Old Testament
H7985,שָׁלטָּן,"empire",,సామ్రాజ్యము,Hebrew,Old Testament
H7986,שַׁלֶּטֶת,"shalleteth (shal-leh'-teth) adj.",,అర్థం తెలియదు,Hebrew,Old Testament
H7987,שְׁלִי,"privacy",,గోప్యత,Hebrew,Old Testament
H7988,שִׁליָה,"a fetus or babe (as extruded in birth)",,పిండము లేదా శిశువు (పుట్టుకలో బయటకు వచ్చినది),Hebrew,Old Testament
H7989,שַׁלִּיטּ,"shalliyt (shal-leet') adj.",,అర్థం తెలియదు,Hebrew,Old Testament
H7990,שַׁלִּיטּ,"shalliyt (shal-leet') adj.",,అర్థం తెలియదు,Hebrew,Old Testament
H7991,שָׁלִישׁ שָׁלוֹשׁ שָׁלוֹשׁ,"a triple",,త్రిగుణము,Hebrew,Old Testament
H7992,שְׁלִישִׁי,"shliyshiy (shel-ee-shee') adj.",,మూడవ,Hebrew,Old Testament
H7993,שָׁלַך,"shalak (shaw-lak) v.",,అర్థం తెలియదు,Hebrew,Old Testament
H7994,שָׁלָך,"bird of prey",,పక్షి,Hebrew,Old Testament
H7995,שַׁלֶּכֶת,"a felling (of trees)",,చెట్టు,Hebrew,Old Testament
H7996,שַׁלֶּכֶת,"Shalleketh (shal-leh'-keth) n/p.",,అర్థం తెలియదు,Hebrew,Old Testament
H7997,שָׁלַל,"shalal (shaw-lal') v.",,అర్థం తెలియదు,Hebrew,Old Testament
H7998,שָׁלָל,"booty",,కొల్లసొత్తు,Hebrew,Old Testament
H7999,שָׁלַם,"shalam (shaw-lam') v.",షాలమ్,సంపూర్ణం చేయు,Hebrew,Old Testament
H8000,שְׁלַם,"shlam (shel-am') v.",,అర్థం తెలియదు,Hebrew,Old Testament
H8001,שְׁלָם,"prosperity",,శ్రేయస్సు,Hebrew,Old Testament
H8002,שֶׁלֶם,"(properly) requital",,సరియైన ప్రతిఫలం,Hebrew,Old Testament
H8003,שָׁלֵם,"shalem (shaw-lame') adj.",షాలేమ్,సంపూర్ణం,Hebrew,Old Testament
H8004,שָׁלֵם,"Shalem (shaw-lame') n/l.",,షాలేమ్,Hebrew,Old Testament
H8005,שִׁלֵּם,"requital",,ప్రతిఫలం,Hebrew,Old Testament
H8006,שִׁלֵּם,"Shillem (shil-lame') n/p.",,షిల్లేమ్,Hebrew,Old Testament
H8007,שַׂלמָא,"Salma' (sal-maw') n/p.",,సల్మా,Hebrew,Old Testament
H8008,שַׂלמָה,"a dress",,దుస్తులు,Hebrew,Old Testament
H8009,שַׂלמָה,"Salmah (sal-maw') n/p.",,సల్మా,Hebrew,Old Testament
H8010,שְׁלוֹמוֹה,"Shlomoh (shel-o-mo') n/p.",,షలోమో,Hebrew,Old Testament
H8011,שִׁלּוּמָה,"retribution",,ప్రతికారము,Hebrew,Old Testament
H8012,שַׂלמוֹן,"Salmown (sal-mone') n/p.",,ఒకటి,Hebrew,Old Testament
H8013,שְׁלוֹמוֹת,"Shlomowth (shel-o-moth') n/p.",,షలోమోత్,Hebrew,Old Testament
H8014,שַׂלמַי,"Salmay (sal-mah'-ee) n/p.",,సల్మయి,Hebrew,Old Testament
H8015,שְׁלוֹמִי,"Shlomiy (shel-o-mee') n/p.",,అర్థం తెలియదు,Hebrew,Old Testament
H8016,שִׁלֵּמִי,"Shillemiy (shil-lay-mee') n/p.",,అర్థం తెలియదు,Hebrew,Old Testament
H8017,שְׁלוּמִיאֵל,"Shlumiy'el (shel-oo-mee-ale') n/p.",,అర్థం తెలియదు,Hebrew,Old Testament
H8018,שֶׁלֶמיָה שֶׁלֶמיָהוּ,"Shelemyah (shel-em-yaw') (or Shelemyahuw shel-em-yaw'-hoo) n/p.",,షెలెమ్యా,Hebrew,Old Testament
H8019,שְׁלוֹמִיתּ שְׁלוֹמִיתּ,"Shlomiyth (shel-o-meeth') (or Shlowmiyth (Ezra 8) n/p.",,షెలోమీత్,Hebrew,Old Testament
H8020,שַׁלמַן,"Shalman (shal-man') n/p.",,మనిషి,Hebrew,Old Testament
H8021,שַׁלמוֹן,"a bribe",,లంచం,Hebrew,Old Testament
H8022,שַׁלמַנאֶסֶר,"Shalman'ecer (shal-man-eh'-ser) n/p.",,మనిషి,Hebrew,Old Testament
H8023,שִׁלוֹנִי,"Shiloniy (shee-lo-nee') n/p.",,షిలోని,Hebrew,Old Testament
H8024,שֵׁלָנִי,"Shelaniy (shay-law-nee') n/p.",,ధర్మశాస్త్రం,Hebrew,Old Testament
H8025,שָׁלַף,"shalaph (saw-laf') v.",,అర్థం తెలియదు,Hebrew,Old Testament
H8026,שֶׁלֶף,"shelaph (sheh'-lef) n/p.",,షెలెపు,Hebrew,Old Testament
H8027,שָׁלַשׁ,"shalash (shaw-lash') v.",,అర్థం తెలియదు,Hebrew,Old Testament
H8028,שֶׁלֶשׁ,"Shelesh (sheh'-lesh) n/p.",,షెలేష్,Hebrew,Old Testament
H8029,שִׁלֵּשׁ,"shillesh (shil-laysh') adj.",,అర్థం తెలియదు,Hebrew,Old Testament
H8030,שִׁלשָׁה,"Shilshah (shil-shaw') n/p.",,శిల్షా,Hebrew,Old Testament
H8031,שָׁלִשָׁה,"Shalishah (shaw-lee-shaw') n/p.",,శలీషా,Hebrew,Old Testament
H8032,שִׁלשׁוֹם שִׁלשׁוֹם,"shilshowm (shil-shome') (or shilshom shil-shome') adv.",,నిన్నటికి ముందు రోజు,Hebrew,Old Testament
H8033,שָׁם,"sham (shawm) adv.",,అక్కడ,Hebrew,Old Testament
H8034,שֵׁם,"an appellation",షేమ్,పేరు,Hebrew,Old Testament
H8035,שֵׁם,"Shem (shame) n/p.",,షేమ్,Hebrew,Old Testament
H8036,שׁוּם,"name",,పేరు,Hebrew,Old Testament
H8037,שַׁמָּא,"Shamma' (sham-maw') n/p.",,షమ్మా,Hebrew,Old Testament
H8038,שֶׁמאֵבֶר,"Shem'eber (shem-ay'-ber) n/p.",,షెమెబెర్,Hebrew,Old Testament
H8039,שִׁמאָה,"Shim'ah (shim-aw') n/p.",,షిమా,Hebrew,Old Testament
H8040,שְׂמוֹאל שְׂמאוֹל,"(properly) dark (as enveloped)",,మందసం,Hebrew,Old Testament
H8041,שָׂמַאל,"sama'l (saw-mal') v.",,అర్థం తెలియదు,Hebrew,Old Testament
H8042,שְׂמָאלִי,"sma'liy (sem-aw-lee') adj.",,అర్థం తెలియదు,Hebrew,Old Testament
H8043,שִׁמאָם,"Shim'am (shim-awm') n/p.",,షిమామ్,Hebrew,Old Testament
H8044,שַׁמגַּר,"Shamgar (sham-gar') n/p.",,షమ్గర్,Hebrew,Old Testament
H8045,שָׁמַד,"shamad (shaw-mad') v.",,అర్థం తెలియదు,Hebrew,Old Testament
H8046,שְׁמַד,"shmad (shem-ad') v.",,అర్థం తెలియదు,Hebrew,Old Testament
H8047,שַׁמָּה,"ruin",,నాశనం,Hebrew,Old Testament
H8048,שַׁמָּה,"Shammah (sham-maw') n/p.",,షమ్మా,Hebrew,Old Testament
H8049,שַׁמהוּת,"Shamhuwth (sham-hooth') n/p.",,షమ్హూత్,Hebrew,Old Testament
H8050,שְׁמוּאֵל,"Shmuw'el (sehm-oo-ale') n/p.",,సమూయేలు,Hebrew,Old Testament
H8051,שַׁמּוַּע,"Shammuwa` (sham-moo'-ah) n/p.",,షమ్మువా,Hebrew,Old Testament
H8052,שְׁמוּעָה,"something heard",,చెవి,Hebrew,Old Testament
H8053,שָׁמוּר,"Shamuwr (shaw-moor') n/p.",,షామూర్,Hebrew,Old Testament
H8054,שַׁמּוֹת,"Shammowth (sham-moth') n/p.",,షమ్మోత్,Hebrew,Old Testament
H8055,שָׂמַח,"samach (saw-makh') v.",సామఖ్,సంతోషించు,Hebrew,Old Testament
H8056,שָׂמֵַח,"sameach (saw-may'-akh) adj.",,సంతోషంగా,Hebrew,Old Testament
H8057,שִׂמחָה,"blithesomeness or glee",సిమ్ఖా,సంతోషం,Hebrew,Old Testament
H8058,שָׁמַט,"shamat (shaw-mat') v.",,అర్థం తెలియదు,Hebrew,Old Testament
H8059,שְׁמִטָּה,"remission (of debt) or suspension of labor)",,రుణ విమోచన లేదా శ్రమ తాత్కాలిక నిలుపుదల,Hebrew,Old Testament
H8060,שַׁמַּי,"Shammay (sham-mah'-ee) n/p.",,షమ్మాయి,Hebrew,Old Testament
H8061,שְׁמִידָּע,"Shmiyda` (shem-ee-daw') n/p.",,షెమిదా,Hebrew,Old Testament
H8062,שְׁמִידָּעִי,"Shmiyda`iy (shem-ee-daw-ee') n/p.",,షెమిదాయి,Hebrew,Old Testament
H8063,שְׂמִיכָּה,"a run (as sustaining the Oriental sitter)",,అర్థం తెలియదు,Hebrew,Old Testament
H8064,שָׁמַיִם שָׁמֶה,"the sky (as aloft",షామయిం,ఆకాశం,Hebrew,Old Testament
H8065,שָׁמַיִן,"heaven",,పరలోకం,Hebrew,Old Testament
H8066,שְׁמִינִי,"shmiyniy (shem-ee-nee') adj.",,షమీని,Hebrew,Old Testament
H8067,שְׁמִינִיתּ,"probably an eight-stringed lyre",,ఎనిమిది,Hebrew,Old Testament
H8068,שָׁמִיר,"a thorn",,ముల్లు,Hebrew,Old Testament
H8069,שָׁמִיר,"Shamiyr (shaw-meer') n/l.",,షమీర్,Hebrew,Old Testament
H8070,שְׁמִירָמוֹת שְׁמָרִימוֹת,"Shmiyramowth (shem-ee-raw-moth') (or Shmariymowth shem-aw-ree- moth') n/p.",,షెమిరామోత్ లేదా షమారైమోత్,Hebrew,Old Testament
H8071,שִׂמלָה,"a dress",,వస్త్రము,Hebrew,Old Testament
H8072,שַׂמלָה,"Samlah (sam-law') n/p.",,ధర్మశాస్త్రం,Hebrew,Old Testament
H8073,שַׁמלַי,"Shamlay (sham-lah'-ee) n/p.",,షమ్లాయి,Hebrew,Old Testament
H8074,שָׁמֵם,"shamem (shaw-mame') v.",,ఎడారిగా చేయు,Hebrew,Old Testament
H8075,שְׁמַם,"shmam (shem-am') v.",,విస్మయపరచు,Hebrew,Old Testament
H8076,שָׁמֵם,"shamem (shaw-mame') adj.",,ఎడారిగా ఉన్న,Hebrew,Old Testament
H8077,שְׁמָמָה שִׁמָמָה,"devastation",,విధ్వంసము,Hebrew,Old Testament
H8078,שִׁמָּמוֹן,"stupefaction",,అబ్బురపాటు,Hebrew,Old Testament
H8079,שְׂמָמִיתּ,"a lizard (from the superstition of its noxiousness)",,ఎద్దు,Hebrew,Old Testament
H8080,שָׁמַן,"shaman (shaw-man') v.",,మనిషి,Hebrew,Old Testament
H8081,שֶׁמֶן,"grease",,నూనె,Hebrew,Old Testament
H8082,שָׁמֵן,"shamen (shaw-mane') adj.",,మనిషి,Hebrew,Old Testament
H8083,שְׁמוֹנֶה שְׁמוֹנֶה שְׁמוֹנָה שְׁמוֹנָה,"shmoneh (shem-o-neh') (or shmowneh shem-o-neh' feminine shmonah shem-o-naw'",,ఒకటి,Hebrew,Old Testament
H8084,שְׁמוֹנִים שְׁמוֹנִים,"shmoniym (shem-o-neem') (or shmowniym shem-o-neem') adj.",,ఎనభై,Hebrew,Old Testament
H8085,שָׁמַע,"shama` (shaw-mah') v.",షామ,వినु,Hebrew,Old Testament
H8086,שְׁמַע,"shma` (shem-ah') v.",,వినండి,Hebrew,Old Testament
H8087,שֶׁמַע,"Shema` (sheh'-mah) n/p.",,షెమ,Hebrew,Old Testament
H8088,שֵׁמַע,"something heard",,చెవి,Hebrew,Old Testament
H8089,שׁוֹמַע,"a report",,ఒక నివేదిక,Hebrew,Old Testament
H8090,שְׁמָע,"Shma` (shem-aw') n/l.",,షేమా,Hebrew,Old Testament
H8091,שָׁמָע,"Shama` (shaw-maw') n/p.",,షామ,Hebrew,Old Testament
H8092,שִׁמעָא,"Shim`a' (shim-aw') n/p.",,షిమ్మా,Hebrew,Old Testament
H8093,שִׁמעָה,"Shim`ah (shim-aw') n/p.",,షిమ్మా,Hebrew,Old Testament
H8094,שְׁמָעָה,"Shma`ah (shem-aw-aw') n/p.",,షెమా,Hebrew,Old Testament
H8095,שִׁמעוֹן,"Shim`own (shim-one') n/p.",,ఒకటి,Hebrew,Old Testament
H8096,שִׁמעִי,"Shim`iy (shim-ee') n/p.",,షిమీ,Hebrew,Old Testament
H8097,שִׁמעִי,"Shim`iy (shim-ee') n/p.",,షిమీ,Hebrew,Old Testament
H8098,שְׁמַעיָה שְׁמַעיָהוּ,"Shma`yah (shem-aw-yaw') (or Shmamyahuw shem-aw-yaw'-hoo) n/p.",,షెమయా లేదా షెమమ్యాహు,Hebrew,Old Testament
H8099,שִׁמעוֹנִי,"Shim`oniy (shim-o-nee') n/p.",,షిమోనీ,Hebrew,Old Testament
H8100,שִׁמעָת,"Shim`ath (shim-awth') n/p.",,షిమ్యాతు,Hebrew,Old Testament
H8101,שִׁמעָתִי,"Shim`athiy (shim-aw-thee') n/p.",,షిమ్యాతీయుడు,Hebrew,Old Testament
H8102,שֶׁמֶץ,"an inkling",,ఒక సూచన,Hebrew,Old Testament
H8103,שִׁמצָּה,"scornful whispering (of hostile spectators)",,శత్రు ప్రేక్షకుల నుండి ధిక్కారంతో కూడిన గుసగుసలు,Hebrew,Old Testament
H8104,שָׁמַר,"shamar (shaw-mar') v.",షామర్,కాపాడు,Hebrew,Old Testament
H8105,שֶׁמֶר,"something preserved",,సంరక్షించబడినది,Hebrew,Old Testament
H8106,שֶׁמֶר,"Shemer (sheh'-mer) n/p.",,షేమెరు,Hebrew,Old Testament
H8107,שִׁמּוּר,"an observance",,ఒక ఆచరణ,Hebrew,Old Testament
H8108,שָׁמרָה,"watchfulness",,జాగ్రత్త,Hebrew,Old Testament
H8109,שְׁמוּרָה,"something guarded",,రక్షించబడినది,Hebrew,Old Testament
H8110,שִׁמרוֹן,"Shimrown (shim-rone') n/l.",,ఒకటి,Hebrew,Old Testament
H8111,שׁוֹמְרוֹן,"Shomrown (sho-mer-one') n/l.",,ఒకటి,Hebrew,Old Testament
H8112,שִׁמרוֹן מְראוֹן,"Shimrown Mro'wn (shim-rone' mer-one') n/l.",,ఒకటి,Hebrew,Old Testament
H8113,שִׁמרִי,"Shimriy (shim-ree') n/p.",,షిమ్రీ,Hebrew,Old Testament
H8114,שְׁמַריָה שְׁמַריָהוּ,"Shmaryah (shem-ar-yaw') (or Shmaryahuw shem-ar-yaw'-hoo) n/p.",,షెమర్యా,Hebrew,Old Testament
H8115,שָׁמרַיִן,"Shomrayin (shom-rah'-yin) n/l.",,షోమ్రాయిన్,Hebrew,Old Testament
H8116,שִׁמרִיתּ,"Shimriyth (shim-reeth') n/p.",,షిమ్రీతు,Hebrew,Old Testament
H8117,שִׁמרוֹנִי,"Shimroniy (shim-ro-nee') n/p.",,షిమ్రోనీయుడు,Hebrew,Old Testament
H8118,שׁוֹמְרוֹנִי,"Shomroniy (sho-mer-o-nee') n/p.",,షోమ్రోనీయుడు,Hebrew,Old Testament
H8119,שִׁמרָת,"Shimrath (shim-rawth') n/p.",,షిమ్రాతు,Hebrew,Old Testament
H8120,שְׁמַשׁ,"shmash (shem-ash') v.",,అర్థం తెలియదు,Hebrew,Old Testament
H8121,שֶׁמֶשׁ,"shemesh (sheh'-mesh) n-e.",,సూర్యుడు,Hebrew,Old Testament
H8122,שֶׁמֶשׁ,"the sun",,సూర్యుడు,Hebrew,Old Testament
H8123,שִׁמשׁוֹן,"Shimshown (shim-shone') n/p.",,ఒకటి,Hebrew,Old Testament
H8124,שִׁמשַׁי,"Shimshay (shim-shah'-ee) n/p.",,షిమ్షై,Hebrew,Old Testament
H8125,שַׁמשְׁרַי,"Shamshray (sham-sher-ah'-ee) n/p.",,షంష్రాయి,Hebrew,Old Testament
H8126,שׁוּמָתִי,"Shumathiy (shoo-maw-thee') n/g.",,షూమాతీయుడు,Hebrew,Old Testament
H8127,שֵׁן,"a tooth (as sharp)",,పళ్ళు,Hebrew,Old Testament
H8128,שֵׁן,"shen (shane) n-e.",,షేన్,Hebrew,Old Testament
H8129,שֵׁן,"Shen (shane) n/l.",,షేన్,Hebrew,Old Testament
H8130,שָׂנֵא,"sane' (saw-nay') v.",సానే,ద్వేషించు,Hebrew,Old Testament
H8131,שְׂנֵא,"sne' (sen-ay') v.",,అర్థం తెలియదు,Hebrew,Old Testament
H8132,שָׁנָא,"shana (shaw-naw') v.",,అర్థం తెలియదు,Hebrew,Old Testament
H8133,שְׁנָא,"shna' (shen-aw') v.",,అర్థం తెలియదు,Hebrew,Old Testament
H8134,שִׁנאָב,"Shin'ab (shin-awb') n/p.",,షిన్నాబు,Hebrew,Old Testament
H8135,שִׂנאָה,"hate",,దవషమ,Hebrew,Old Testament
H8136,שִׁנאָן,"change",,మార్పు,Hebrew,Old Testament
H8137,שֶׁנאַצַּר,"Shenatstsar (shen-ats-tsar') n/p.",,షెనత్సరు,Hebrew,Old Testament
H8138,שָׁנָה,"shanah (shaw-naw') v.",,అర్థం తెలియదు,Hebrew,Old Testament
H8139,שְׁנָה,"sleep",,నిద్ర,Hebrew,Old Testament
H8140,שְׁנָה,"year",,చెవి,Hebrew,Old Testament
H8141,שָׁנֶה שָׁנָה,"a year (as a revolution of time)",,చెవి,Hebrew,Old Testament
H8142,שֵׁנָה שֵׁנָא,"sleep",,నిద్ర,Hebrew,Old Testament
H8143,שֶׁנהַבִּים,"probably",,బహుశా,Hebrew,Old Testament
H8144,שָׁנִי,"crimson",,కుమారుడు,Hebrew,Old Testament
H8145,שֵׁנִי,"sheniy (shay-nee') num.",షేనీ,రెండవ,Hebrew,Old Testament
H8146,שָׂנִיא,"saniy' (saw-nee') adj.",,అర్థం తెలియదు,Hebrew,Old Testament
H8147,שְׁנַיִם שְׁתּתַּיִם,"shnayim (shen-ah'-yim) num.",షెనయిం,రెండు,Hebrew,Old Testament
H8148,שְׁנִינָה,"something pointed",,గుచ్చుకునేది,Hebrew,Old Testament
H8149,שְׁנִיר שְׂנִיר,"Shniyr (shen-eer') (or Sniyr sen-eer') n/l.",,అర్థం తెలియదు,Hebrew,Old Testament
H8150,שָׁנַן,"shanan (shaw-nan') v.",,అర్థం తెలియదు,Hebrew,Old Testament
H8151,שָׁנַס,"shanac (shaw-nas') v.",,అర్థం తెలియదు,Hebrew,Old Testament
H8152,שִׁנעָר,"Shin`ar (shin-awr') n/l.",,షిన్యారు,Hebrew,Old Testament
H8153,שְׁנָת,"sleep",,నిద్ర,Hebrew,Old Testament
H8154,שָׁסָה שָׁשָׂה,"shacah (shaw-saw') (or shasah (Isa. 10) v.",,అర్థం తెలియదు,Hebrew,Old Testament
H8155,שָׁסַס,"shacac (shaw-sas') v.",,అర్థం తెలియదు,Hebrew,Old Testament
H8156,שָׁסַע,"shaca` (shaw-sah') v.",,అర్థం తెలియదు,Hebrew,Old Testament
H8157,שֶׁסַע,"a fissure",,చీలిక,Hebrew,Old Testament
H8158,שָׁסַף,"shacaph (shaw-saf') v.",,అర్థం తెలియదు,Hebrew,Old Testament
H8159,שָׁעָה,"sha`ah (shaw-aw') v.",,అర్థం తెలియదు,Hebrew,Old Testament
H8160,שָׁעָה,"(properly) a look",షాఆ,గంట,Hebrew,Old Testament
H8161,שַׁעֲטָה,"a clatter (of hoofs)",,గిట్టల చప్పుడు,Hebrew,Old Testament
H8162,שַׁעַטנֵז,"linsey- woolsey",,ఉన్ని నార గుడ్డ,Hebrew,Old Testament
H8163,שָׂעִיר שָׂעִר,"sa`iyr (saw-eer') (or sabir saw-eer') adj.",,అర్థం తెలియదు,Hebrew,Old Testament
H8164,שָׂעִיר,"a shower (as tempestuous)",,తుఫాను వాన,Hebrew,Old Testament
H8165,שֵׂעִיר,"Se`iyr (say-eer') n/p.",,అర్థం తెలియదు,Hebrew,Old Testament
H8166,שְׂעִירָה,"a she-goat",,మేక,Hebrew,Old Testament
H8167,שְׂעִירָה,"S`iyrah (seh-ee-raw') n/l.",,అర్థం తెలియదు,Hebrew,Old Testament
H8168,שׁוֹעַל,"the palm",,ఖర్జూరం,Hebrew,Old Testament
H8169,שַׁעַלבִּים שַׁעֲלַבִּין,"Sha`albiym (shah-al-beem') (or Sha.alabbiyn shah-al-ab-been') n/l.",,అర్థం తెలియదు,Hebrew,Old Testament
H8170,שַׁעַלבּוֹנִי,"Sha`alboniy (shah-al-bo-nee') n/p.",,అర్థం తెలియదు,Hebrew,Old Testament
H8171,שַׁעֲלִים,"Sha`aliym (shah-al-eem') n/l.",,అర్థం తెలియదు,Hebrew,Old Testament
H8172,שָׁעַן,"sha`an (shaw-an') v.",,అర్థం తెలియదు,Hebrew,Old Testament
H8173,שָׁעַע,"sha`a` (shaw-ah') v.",,అర్థం తెలియదు,Hebrew,Old Testament
H8174,שַׁעַף,"Sha`aph (shah'-af) n/p.",,అర్థం తెలియదు,Hebrew,Old Testament
H8175,שָׂעַר,"sa`ar (saw-ar') v.",,అర్థం తెలియదు,Hebrew,Old Testament
H8176,שָׁעַר,"sha`ar (shaw-ar') v.",,అర్థం తెలియదు,Hebrew,Old Testament
H8177,שְׂעַר,"hair",,వెంట్రుకలు,Hebrew,Old Testament
H8178,שַׂעַר,"a tempest",,తుఫాను,Hebrew,Old Testament
H8179,שַׁעַר,"an opening",,ఆ దవరమ,Hebrew,Old Testament
H8180,שַׁעַר,"a measure (as a section)",,అర్థం తెలియదు,Hebrew,Old Testament
H8181,שֵׂעָר שַׂעַר,"hair (as if tossed or bristling)",,వెంట్రుకలు,Hebrew,Old Testament
H8182,שׁוֹעָר,"sho`ar (sho-awr') adj.",,అర్థం తెలియదు,Hebrew,Old Testament
H8183,שְׂעָרָה,"a hurricane",,హరికేన్,Hebrew,Old Testament
H8184,שְׂעוֹרָה שְׂעוֹרָה שְׂעוֹר שְׂעוֹר,"barley (as villose)",,బార్లీ,Hebrew,Old Testament
H8185,שַׂעֲרָה,"hairiness",,వెంట్రుకలు కలిగి ఉండటం,Hebrew,Old Testament
H8186,שַׁעֲרוּרָה שַׁעֲרִירִיָה שַׁעֲרוּרִת,"something fearful",,చెవి,Hebrew,Old Testament
H8187,שְׁעַריָה,"Sh`aryah (sheh-ar-yaw') n/p.",,అర్థం తెలియదు,Hebrew,Old Testament
H8188,שְׂעוֹרִים,"S`oriym (seh-o-reem') n/p.",,అర్థం తెలియదు,Hebrew,Old Testament
H8189,שַׁעֲרַיִם,"Sha`arayim (shah-ar-ah'-yim) n/l.",,షారాయిమ్,Hebrew,Old Testament
H8190,שַׁעַשׁגַּז,"Sha`ashgaz (shah-ash-gaz') n/p.",,అర్థం తెలియదు,Hebrew,Old Testament
H8191,שַׁעשׁוַּע,"enjoyment",,ఆనందం,Hebrew,Old Testament
H8192,שָׁפָה,"shaphah (shaw-faw') v.",,అర్థం తెలియదు,Hebrew,Old Testament
H8193,שָׂפָה שֶׂפֶת,"the lip (as a natural boundary)",,పెదవులు,Hebrew,Old Testament
H8194,שָׁפָה,"a cheese (as strained from the whey)",,వర్షం,Hebrew,Old Testament
H8195,שְׁפוֹ שְׁפִי,"Shphow (shef-o') (or Shphiy shef-ee') n/p.",,షెఫో,Hebrew,Old Testament
H8196,שְׁפוֹט שְׁפוּט,"a judicial sentence",,పది,Hebrew,Old Testament
H8197,שְׁפוּפָם שְׁפוּפָן,"Shphuwpham (shef-oo-fawm') (or Shphuwphan shef-oo-fawn') n/p.",,అర్థం తెలియదు,Hebrew,Old Testament
H8198,שִׁפחָה,"see H4940)",,న దస,Hebrew,Old Testament
H8199,שָׁפַט,"shaphat (shaw-fat') v.",షాఫట్,తీర్పు తీర్చు,Hebrew,Old Testament
H8200,שְׁפַט,"shphat (shef-at') v.",,అర్థం తెలియదు,Hebrew,Old Testament
H8201,שֶׁפֶט,"a sentence",,పది,Hebrew,Old Testament
H8202,שָׁפָט,"Shaphat (shaw-fawt') n/p.",,షాఫాట్,Hebrew,Old Testament
H8203,שְׁפַטיָה שְׁפַטיָהוּ,"Shphatyah (shef-at-yaw') (or Shphatyahuw shef-at-yaw'-hoo) n/p.",,షెఫట్యా,Hebrew,Old Testament
H8204,שִׁפטָּן,"Shiphtan (shif-tawn') n/p.",,షిఫ్టాన్,Hebrew,Old Testament
H8205,שְׁפִי,"bareness",,దిగంబరత్వం,Hebrew,Old Testament
H8206,שׁוּפִּים,"Shuppiym (shoop-peem') n/p.",,షుప్పిమ్,Hebrew,Old Testament
H8207,שְׁפִיפוֹן,"a kind of serpent (as snapping)",,సర్పం,Hebrew,Old Testament
H8208,שָׁפִיר,"Shaphiyr (shaf-eer') n/l.",,షాఫిర్,Hebrew,Old Testament
H8209,שַׁפִּיר,"sappiyr (shap-peer') adj.",,నీలమణి,Hebrew,Old Testament
H8210,שָׁפַך,"shaphak (shaw-fak') v.",,చిందించు,Hebrew,Old Testament
H8211,שֶׁפֶך,"an emptying place",,ఖాళీ చేసే స్థలం,Hebrew,Old Testament
H8212,שָׁפכָּה,"a pipe (for pouring forth",,ధార పోసే గొట్టం,Hebrew,Old Testament
H8213,שָׁפֵל,"shaphel (shaw-fale') v.",,వంచటం,Hebrew,Old Testament
H8214,שְׁפַל,"shphal (shef-al') v.",,అర్థం తెలియదు,Hebrew,Old Testament
H8215,שְׁפַל,"shphal (shef-al') adj.",,అర్థం తెలియదు,Hebrew,Old Testament
H8216,שֵׁפֶל,"an humble rank",,వినయపూర్వకమైన హోదా,Hebrew,Old Testament
H8217,שָׁפָל,"shaphal (shaw-fawl') adj.",,వినయంగా,Hebrew,Old Testament
H8218,שִׁפלָה,"depression",,మాంద్యం,Hebrew,Old Testament
H8219,שְׁפֵלָה,"Lowland",,భూమి,Hebrew,Old Testament
H8220,שִׁפלוּת,"remissness",,నిర్లక్ష్యం,Hebrew,Old Testament
H8221,שְׁפָם,"Shpham (shef-awm') n/l.",,అర్థం తెలియదు,Hebrew,Old Testament
H8222,שָׂפָם,"the beard (as a lip-piece)",,చెవి,Hebrew,Old Testament
H8223,שָׁפָם,"Shapham (shaw-fawm') n/p.",,అర్థం తెలియదు,Hebrew,Old Testament
H8224,שִׂפמוֹת,"Siphmowth (sif-moth') n/l.",,అర్థం తెలియదు,Hebrew,Old Testament
H8225,שִׁפמִי,"Shiphmiy (shif-mee') adj.",,షిఫ్మీ,Hebrew,Old Testament
H8226,שָׂפַן,"saphan (saw-fan') v.",,అర్థం తెలియదు,Hebrew,Old Testament
H8227,שָׁפָן,"a species of rock-rabbit (from its hiding)",,బండ,Hebrew,Old Testament
H8228,שֶׁפַע,"resources",,వనరులు,Hebrew,Old Testament
H8229,שִׁפעָה,"copiousness",,సమృద్ధి,Hebrew,Old Testament
H8230,שִׁפעִי,"Shiph`iy (shif-ee') n/p.",,షిఫీ,Hebrew,Old Testament
H8231,שָׁפַר,"shaphar (shaw-far') v.",,అర్థం తెలియదు,Hebrew,Old Testament
H8232,שְׁפַר,"shphar (shef-ar') v.",,అర్థం తెలియదు,Hebrew,Old Testament
H8233,שֶׁפֶר,"beauty",,సౌందర్యం,Hebrew,Old Testament
H8234,שֶׁפֶר,"Shepher (sheh'-fer) n/l.",,షేఫెర్,Hebrew,Old Testament
H8235,שִׁפרָה,"brightness",,ప్రకాశం,Hebrew,Old Testament
H8236,שִׁפרָה,"Shiphrah (shif-raw') n/p.",,షిఫ్రా,Hebrew,Old Testament
H8237,שַׁפרוּר,"splendid",,అంతం,Hebrew,Old Testament
H8238,שְׁפַרפַר,"the dawn (as brilliant with aurora)",,ఉషోదయ కాంతివలె ప్రకాశవంతమైన తెల్లవారుఝాము,Hebrew,Old Testament
H8239,שָׁפַת,"shaphath (shaw-fath') v.",,అర్థం తెలియదు,Hebrew,Old Testament
H8240,שָׁפָת,"a (double) stall (for cattle)",,పశువుల కొరకు రెండంతస్తుల కొట్టము,Hebrew,Old Testament
H8241,שֶׁצֶף,"an outburst (of anger)",,కోపం యొక్క పేలుడు,Hebrew,Old Testament
H8242,שַׂק,"(properly) a mesh (as allowing a liquid to run through)",,పరుగెత్తు,Hebrew,Old Testament
H8243,שָׁק,"the leg",,కాలు,Hebrew,Old Testament
H8244,שָׂקַד,"saqad (saw-kad') v.",,అర్థం తెలియదు,Hebrew,Old Testament
H8245,שָׁקַד,"shaqad (shaw-kad') v.",,అర్థం తెలియదు,Hebrew,Old Testament
H8246,שָׁקַד,"shaqad (shaw-kad') v.",,అర్థం తెలియదు,Hebrew,Old Testament
H8247,שָׁקֵד,"the almond (tree or nut",,చెట్టు,Hebrew,Old Testament
H8248,שָׁקָה,"shaqah (shaw-kaw') v.",,త్రాగించు,Hebrew,Old Testament
H8249,שִׁקּוּו,"(plural collective) a draught",,సమూహపు చిత్తు వ్రాత,Hebrew,Old Testament
H8250,שִׁקּוּי,"a beverage",,పానీయం,Hebrew,Old Testament
H8251,שִׁקּוּץ שִׁקּוּץ,"disgusting",,హేయమైన,Hebrew,Old Testament
H8252,שָׁקַט,"shaqat (shaw-kat') v.",,అర్థం తెలియదు,Hebrew,Old Testament
H8253,שֶׁקֶט,"tranquillity",,ప్రశాంతత,Hebrew,Old Testament
H8254,שָׁקַל,"shaqal (shaw-kal') v.",,తూచు,Hebrew,Old Testament
H8255,שֶׁקֶל,"probably a weight",,ఎనిమిది,Hebrew,Old Testament
H8256,שָׁקָם שִׁקמָה,"a sycamore (usually the tree)",,చెట్టు,Hebrew,Old Testament
H8257,שָׁקַע,"shaqa` (shaw-kah') ((abbreviated Amos 8) v.",,అర్థం తెలియదు,Hebrew,Old Testament
H8258,שְׁקַערוּרָה,"a depression",,ఒక మాంద్యం,Hebrew,Old Testament
H8259,שָׁקַף,"shaqaph (shaw-kaf') v.",,అర్థం తెలియదు,Hebrew,Old Testament
H8260,שֶׁקֶף,"a loophole (for looking out)",,రాజు,Hebrew,Old Testament
H8261,שָׁקוּף,"an embrasure or opening with bevelled jam",,వాలు జామ్‌తో ఒక ప్రారంభం లేదా ఓపెనింగ్,Hebrew,Old Testament
H8262,שָׁקַץ,"shaqats (shaw-kats') v.",,అసహ్యించుకొను,Hebrew,Old Testament
H8263,שֶׁקֶץ,"filth",,మురికి,Hebrew,Old Testament
H8264,שָׁקַק,"shaqaq (shaw-kak') v.",,కేకలువేయు,Hebrew,Old Testament
H8265,שָׂקַר,"saqar (saw-kar') v.",,అర్థం తెలియదు,Hebrew,Old Testament
H8266,שָׁקַר,"shaqar (shaw-kar') v.",,అబద్ధమాడు,Hebrew,Old Testament
H8267,שֶׁקֶר,"an untruth",షెకెర్,అబద్ధం,Hebrew,Old Testament
H8268,שׁוֹקֶת,"a trough (for watering)",,నీరు,Hebrew,Old Testament
H8269,שַׂר,"a head person (of any rank or class)",,కుమారుడు,Hebrew,Old Testament
H8270,שׁוֹר,"a string (as twisted)",,ఎద్దు,Hebrew,Old Testament
H8271,שְׁרֵא,"shre' (sher-ay') v.",,అర్థం తెలియదు,Hebrew,Old Testament
H8272,שַׁראֶצֶר,"Shar'etser (shar-eh'-tser) n/p.",,షరేసెర్,Hebrew,Old Testament
H8273,שָׁרָב,"quivering glow (of the air)",,గాలి యొక్క వణుకుతున్న కాంతి,Hebrew,Old Testament
H8274,שֵׁרֵביָה,"Sherebyah (shay-rayb-yaw') n/p.",,షేరేబ్యా,Hebrew,Old Testament
H8275,שַׁרבִּיטּ,"a rod of empire",,సామ్రాజ్యపు దండం,Hebrew,Old Testament
H8276,שָׂרַג,"sarag (saw-rag') v.",,అల్లు,Hebrew,Old Testament
H8277,שָׂרַד,"sarad (saw-rad') v.",,తప్పించుకొను,Hebrew,Old Testament
H8278,שְׂרָד,"stitching (as pierced with a needle)",,సూదితో కుట్టినట్లు కుట్టడం,Hebrew,Old Testament
H8279,שֶׂרֶד,"a (carpenter's) scribing-awl (for pricking or scratching measurements)",,రాజు,Hebrew,Old Testament
H8280,שָׂרָה,"sarah (saw-raw') v.",,పోరాడెను,Hebrew,Old Testament
H8281,שָׁרָה,"sharah (shaw-raw') v.",,విప్పు,Hebrew,Old Testament
H8282,שָׂרָה,"a mistress",,ఒక ఉంపుడుగత్తె,Hebrew,Old Testament
H8283,שָׂרָה,"Sarah (saw-raw') n/p.",,శారా,Hebrew,Old Testament
H8284,שָׁרָה,"a fortification (literally or figuratively)",,ఒక కోట అక్షరాలా లేదా అలంకారంగా,Hebrew,Old Testament
H8285,שֵׁרָה,"a wrist-band (as compact or clasping)",,మణికట్టు పట్టీ,Hebrew,Old Testament
H8286,שְׂרוּג,"Sruwg (ser-oog') n/p.",,శెరూగు,Hebrew,Old Testament
H8287,שָׁרוּחֶן,"Sharuwchen (shaw-roo-khen') n/l.",,షరూకెన్,Hebrew,Old Testament
H8288,שְׂרוֹך,"a thong (as laced or tied)",,ఒక తోలుపట్టా,Hebrew,Old Testament
H8289,שָׁרוֹן,"plain",,మైదానం,Hebrew,Old Testament
H8290,שָׁרוֹנִי,"Sharowniy (shaw-ro-nee') adj.",,షారోని,Hebrew,Old Testament
H8291,שָׂרוּק,"a grapevine",,ద్రాక్షతీగ,Hebrew,Old Testament
H8292,שְׁרוּקָה שְׁרִיקָה,"a whistling (in scorn)",,హేళనలో విజిల్,Hebrew,Old Testament
H8293,שֵׁרוּת,"freedom",,స్వేచ్ఛ,Hebrew,Old Testament
H8294,שֶׂרַח,"Serach (seh'-rakh) n/p.",,సేరక్,Hebrew,Old Testament
H8295,שָׂרַט,"sarat (saw-rat') v.",,గీయు,Hebrew,Old Testament
H8296,שֶׂרֶט שָׂרֶטֶת,"seret (seh'-ret) (and sareteth saw-reh'-teth) n-e.",,అర్థం తెలియదు,Hebrew,Old Testament
H8297,שָׂרַי,"Saray (saw-rah'-ee) n/p.",,శారయి,Hebrew,Old Testament
H8298,שָׁרַי,"Sharay (shaw-rah'-ee) n/p.",,షారాయి,Hebrew,Old Testament
H8299,שָׂרִיגּ,"a tendril (as entwining)",,అంతం,Hebrew,Old Testament
H8300,שָׂרִידּ,"a survivor",,బతికివున్నవాడు,Hebrew,Old Testament
H8301,שָׂרִידּ,"Sariyd (suw-reed') n/l.",,సరియద్,Hebrew,Old Testament
H8302,שִׁריוֹן שִׁריָן שִׁריָה שִׁריוֹנָה,"shiryown (shir-yone') (or shiryon shir-yone' and shiryan shir- yawn'",,ఒకటి,Hebrew,Old Testament
H8303,שִׁריוֹן שִׂריוֹן,"Shiryown (shir-yone') (and Siryon sir-yone') n/l.",,ఒకటి,Hebrew,Old Testament
H8304,שְׂרָיָה שְׂרָיָהוּ,"Srayah (ser-aw-yaw') (or Srayahuw ser-aw-yaw'-hoo) n/p.",,సెరాయా,Hebrew,Old Testament
H8305,שְׂרִיקָה,"sriyqah (ser-ee-kaw') adj.",,అర్థం తెలియదు,Hebrew,Old Testament
H8306,שָׁרִיר,"a cord",,తాడు,Hebrew,Old Testament
H8307,שְׁרִירוּת,"obstinacy",,మూర్ఖత్వం,Hebrew,Old Testament
H8308,שָׂרַך,"sarak (saw-rak') v.",,సారక్,Hebrew,Old Testament
H8309,שְׁרֵמָה,"a common",,సాధారణమైనది,Hebrew,Old Testament
H8310,שַׂרסְכִים,"Sarckiym (sar-seh-keem') n/p.",,సార్కీమ్,Hebrew,Old Testament
H8311,שָׂרַע,"sara` (saw-rah') v.",,సారా,Hebrew,Old Testament
H8312,שַׂרעַף,"cogitation",,ఆలోచన,Hebrew,Old Testament
H8313,שָׂרַף,"saraph (saw-raf') v.",,సరాఫ్,Hebrew,Old Testament
H8314,שָׂרָף,"burning",,దహనం,Hebrew,Old Testament
H8315,שָׂרָף,"Saraph (saw-raf') n/p.",,సరాఫ్,Hebrew,Old Testament
H8316,שְׂרֵפָה,"cremation",,శవం కాల్చడం,Hebrew,Old Testament
H8317,שָׁרַץ,"sharats (shaw-rats') v.",,విస్తరించుగాక,Hebrew,Old Testament
H8318,שֶׁרֶץ,"a swarm",,యుద్ధం,Hebrew,Old Testament
H8319,שָׁרַק,"sharaq (shaw-rak') v.",,షరక్,Hebrew,Old Testament
H8320,שָׂרוּק,"bright red (as piercing to the sight)",,ప్రకాశవంతమైన ఎరుపు రంగు కంటికి గుచ్చుకున్నట్లు,Hebrew,Old Testament
H8321,שׂוֹרֵק שׂוֹרֵק שׂוֹרֵקָה,"a vine stock (properly",,ద్రాక్ష తీగ సక్రమంగా,Hebrew,Old Testament
H8322,שְׁרֵקָה,"a derision",,అవహేళన,Hebrew,Old Testament
H8323,שָׂרַר,"sarar (saw-rar') v.",,సరార్,Hebrew,Old Testament
H8324,שָׁרַר,"sharar (shaw-rar') v.",,షరార్,Hebrew,Old Testament
H8325,שָׁרָר,"Sharar (shaw-rawr') n/p.",,షారార్,Hebrew,Old Testament
H8326,שׁוֹרֶר,"the umbilical cord",,బొడ్డు తాడు,Hebrew,Old Testament
H8327,שָׁרַשׁ,"sharash (shaw-rash') v.",,షరాష్,Hebrew,Old Testament
H8328,שֶׁרֶשׁ,"a root (literally or figuratively)",,ఒక మూలం అక్షరాలా లేదా అలంకారికంగా,Hebrew,Old Testament
H8329,שֶׁרֶשׁ,"Sheresh (sheh'-resh) n/p.",,షెరేష్,Hebrew,Old Testament
H8330,שׁוֹרֶשׁ,"root",,వేరు,Hebrew,Old Testament
H8331,שַׁרשָׁה,"a chain (as rooted",,పాతుకుపోయిన గొలుసు,Hebrew,Old Testament
H8332,שְׁרוֹשׁוּ,"eradication",,సమూలంగా నిర్మూలన,Hebrew,Old Testament
H8333,שַׁרשְׁרָה,"a chain",,గొలుసు,Hebrew,Old Testament
H8334,שָׁרַת,"sharath (shaw-rath') v.",,అర్థం తెలియదు,Hebrew,Old Testament
H8335,שָׁרֵת,"service (in the Temple)",,దేవాలయం,Hebrew,Old Testament
H8336,שֵׁשׁ שְׁשִׁי,"bleached stuff",,బ్లీచ్ చేసిన వస్తువు,Hebrew,Old Testament
H8337,שֵׁשׁ שִׁשָּׁה,"shesh (shaysh) (masculine shishshah shish-shaw') num.",,ఆరు,Hebrew,Old Testament
H8338,שָׁשָׁא,"shawshaw (shaw-shaw') v.",,అర్థం తెలియదు,Hebrew,Old Testament
H8339,שֵׁשׁבַּצַּר,"Sheshbatstsar (shaysh-bats-tsar') n/p.",,షేష్‌బత్సర్,Hebrew,Old Testament
H8340,שֵׁשׁבַּצַּר,"Sheshbatstsar (shaysh-bats-tsar') n/p.",,షేష్‌బత్సర్,Hebrew,Old Testament
H8341,שָׁשָׁה,"shashah (shaw-shaw') v.",,అర్థం తెలియదు,Hebrew,Old Testament
H8342,שָׂשׂוֹן שָׂשׂוֹן,"cheerfulness",,సంతోషం,Hebrew,Old Testament
H8343,שָׁשַׁי,"Shashay (shaw-shah'-ee) n/p.",,షాషై,Hebrew,Old Testament
H8344,שֵׁשַׁי,"Sheshay (shay-shah'-ee) n/p.",,షేషై,Hebrew,Old Testament
H8345,שִׁשִּׁי,"shishshiy (shish-shee') num.",,ఆరవ,Hebrew,Old Testament
H8346,שִׁשִּׁים,"shishshiym (shish-sheem') num.",,శిష్షిమ్,Hebrew,Old Testament
H8347,שֵׁשַׁך,"Sheshak (shay-shak') n/l.",,షేషక్,Hebrew,Old Testament
H8348,שֵׁשָׁן,"Sheshan (shay-shawn') n/p.",,షేషాన్,Hebrew,Old Testament
H8349,שָׁשַׁק,"Shashaq (shaw-shak') n/p.",,శాషాక్,Hebrew,Old Testament
H8350,שָׁשַׁר,"red ochre (from its piercing color)",,ఎరుపు రంగు మట్టి (దాని పదునైన రంగు నుండి),Hebrew,Old Testament
H8351,שֵׁת,"tumult",,గందరగోళం,Hebrew,Old Testament
H8352,שֵׁת,"Sheth (shayth) n/p.",,షేతు,Hebrew,Old Testament
H8353,שֵׁת שִׁת,"sheth (shayth) ((Aramaic) or shith (Aramaic) sheeth) adj.",,అర్థం తెలియదు,Hebrew,Old Testament
H8354,שָׁתָה,"shathah (shaw-thaw') v.",,త్రాగెను,Hebrew,Old Testament
H8355,שְׁתָה,"shthah (sheth-aw') v.",,అర్థం తెలియదు,Hebrew,Old Testament
H8356,שָׁתָה,"a basis",,ఆధారం,Hebrew,Old Testament
H8357,שֵׁתָה,"the seat (of the person)",,కుమారుడు,Hebrew,Old Testament
H8358,שְׁתִי,"intoxicaion",,ఎద్దు,Hebrew,Old Testament
H8359,שְׁתִי,"a fixture",,అమరిక,Hebrew,Old Testament
H8360,שְׁתִיָה,"potation",,పానం,Hebrew,Old Testament
H8361,שִׁתּתִּין,"shittiyn (shit-teen') num.",,షిట్టీన్,Hebrew,Old Testament
H8362,שָׁתַל,"shathal (shaw-thal') v.",,అర్థం తెలియదు,Hebrew,Old Testament
H8363,שְׁתִיל,"a sprig (as if transplanted)",,నాటినట్లు కొమ్మ,Hebrew,Old Testament
H8364,שׁוּתַלחִי,"Shuthalchiy (shoo-thal-kee') adj.",,షూతల్కీ,Hebrew,Old Testament
H8365,שָׁתַם,"shatham (shaw-tham') v.",,అర్థం తెలియదు,Hebrew,Old Testament
H8366,שָׁתַן,"shathan (shaw-than') v.",,అర్థం తెలియదు,Hebrew,Old Testament
H8367,שָׁתַק,"shathaq (shaw-thak') v.",,అర్థం తెలియదు,Hebrew,Old Testament
H8368,שָׂתַר,"sathar (saw-thar') v.",,అర్థం తెలియదు,Hebrew,Old Testament
H8369,שֵׁתָר,"Shethar (shay-thawr') n/p.",,షేతార్,Hebrew,Old Testament
H8370,שְׁתַר בּוֹזְנַי,"Shthar Bowznay (sheth-ar' bo-zen-ah'-ee) n/p.",,అర్థం తెలియదు,Hebrew,Old Testament
H8371,שָׁתַת,"shathath (shaw-thath') v.",,కూల్చివేయు,Hebrew,Old Testament
H8372,תָּא תָּאָה,"a room (as circumscribed)",,చుట్టుకొలత గల గది,Hebrew,Old Testament
H8373,תָּאַב,"ta'ab (taw-ab') v.",,అసహ్యించుకొను,Hebrew,Old Testament
H8374,תָּאַב,"ta'ab (taw-ab') v.",,వాంఛించు,Hebrew,Old Testament
H8375,תַּאֲבָה,"desire",,కోరిక,Hebrew,Old Testament
H8376,תָּאָה,"ta'ah (taw-aw') v.",,తప్పుదారి పట్టు,Hebrew,Old Testament
H8377,תְּאוֹ תּוֹא,"a species of antelope (probably from the white stripe on the cheek)",,అర్థం తెలియదు,Hebrew,Old Testament
H8378,תַּאֲוָה,"a longing",,ఆశపడు,Hebrew,Old Testament
H8379,תַּאֲוָה,"a limit",,పరిమితి,Hebrew,Old Testament
H8380,תָּאוֹם תָּאוֹם,"a twin (in plural only)",,కవలలు,Hebrew,Old Testament
H8381,תַּאֲלָה,"an imprecation",,శాపము,Hebrew,Old Testament
H8382,תָּאַם,"ta'am (taw-am') v.",,రుచి చూడు,Hebrew,Old Testament
H8383,תְּאוּן,"naughtiness",,దుష్టత్వము,Hebrew,Old Testament
H8384,תְּאֵן תְּאֵנָה,"the fig (tree or fruit)",,చెట్టు,Hebrew,Old Testament
H8385,תַּאֲנָה תּוֹאֲנָה,"an opportunity or (subjectively) purpose",,అవకాశం,Hebrew,Old Testament
H8386,תַּאֲנִיָה,"lamentation",,విలాపము,Hebrew,Old Testament
H8387,תַּאֲנַת שִׁלוֹה,"Ta'anath Shiloh (tah-an-ath' shee-lo') n/l.",,తాళాతు షిలోను,Hebrew,Old Testament
H8388,תָּאַר,"ta'ar (taw-ar') v.",,గడ్డ కట్టు,Hebrew,Old Testament
H8389,תּוֹאַר,"outline",,రూపురేఖలు,Hebrew,Old Testament
H8390,תַּאֲרֵַע,"Ta'area` (tah-ar-ay'-ah) n/p.",,తహరేయ,Hebrew,Old Testament
H8391,תְּאַשּׁוּר,"a species of cedar (from its erectness)",,అర్థం తెలియదు,Hebrew,Old Testament
H8392,תֵּבָה,"a box",,ఎద్దు,Hebrew,Old Testament
H8393,תְּבוּאָה,"income",,పంట,Hebrew,Old Testament
H8394,תָּבוּן תֶּבוּנָה תּוֹבוּנָה,"intelligence",,తెలివి,Hebrew,Old Testament
H8395,תְּבוּסָה,"a treading down",,త్రొక్కుట,Hebrew,Old Testament
H8396,תָּבוֹר,"Tabowr (taw-bore') n/l.",,తాబోరు,Hebrew,Old Testament
H8397,תֶּבֶל,"mixture",,మిశ్రమము,Hebrew,Old Testament
H8398,תֵּבֵל,"the earth (as moist and therefore inhabited)",తేబెల్,భూమి,Hebrew,Old Testament
H8399,תַּבלִיתּ,"consumption",,క్షయ,Hebrew,Old Testament
H8400,תְּבַלּוּל,"blemish",,మచ్చ,Hebrew,Old Testament
H8401,תֶּבֶן,"(properly) material",,సరైన పదార్థం,Hebrew,Old Testament
H8402,תִּבנִי,"Tibni (tib-nee') n/p.",,తిబ్నీ,Hebrew,Old Testament
H8403,תַּבנִיתּ,"structure",,నిర్మాణం,Hebrew,Old Testament
H8404,תַּבעֵרָה,"Tab`erah (tab-ay-raw') n/l.",,తబేరా,Hebrew,Old Testament
H8405,תֵּבֵץ,"Tebets (tay-bates') n/l.",,అర్థం తెలియదు,Hebrew,Old Testament
H8406,תְּבַר,"tbar (teb-ar') v.",,అర్థం తెలియదు,Hebrew,Old Testament
H8407,תִּגלַת פִּלאֶסֶר תִּלגַּת פִּלנֶאֶסֶר,"Tiglath Pil'ecer (tig-lath' pil-eh'-ser) (or Tiglath Plecer tig- lath pel-eh-ser or Tilgath Pilnlece...",,తిగ్లత్పిలేసెరు,Hebrew,Old Testament
H8408,תַּגמוּל,"a bestowment",,బహుమానం,Hebrew,Old Testament
H8409,תִּגרָה,"strife",,కలహం,Hebrew,Old Testament
H8410,תִּדהָר,"enduring",,అంతం,Hebrew,Old Testament
H8411,תְּדִירָא,"permanence",,మనిషి,Hebrew,Old Testament
H8412,תַּדמוֹר תַּמּוֹר,"Tadmor (tad-more') (or Tammor (1 Kings 9) n/l.",,రాజు,Hebrew,Old Testament
H8413,תִּדעָל,"Tid`al (tid-awl') n/p.",,తిదాలు,Hebrew,Old Testament
H8414,תּוֹהוּ,"a desolation (of surface)",,నిరాకారము,Hebrew,Old Testament
H8415,תְּהוֹם תְּהוֹם,"thowm (teh-home') (or thom teh-home') n-e.",తెహోమ్,అగాధం,Hebrew,Old Testament
H8416,תְּהִלָּה,"laudation",,ప్రశంస,Hebrew,Old Testament
H8417,תָּהֳלָה,"braggadocio",,గొప్పలు చెప్పుకోవడం,Hebrew,Old Testament
H8418,תַּהֲלוּכָה,"a procession",,ఊరేగింపు,Hebrew,Old Testament
H8419,תַּהפּוּכָה,"a perversity or fraud",,వక్రబుద్ధి లేదా మోసం,Hebrew,Old Testament
H8420,תָּו,"a mark",,మందసం,Hebrew,Old Testament
H8421,תּוּב,"tuwb (toob) v.",,అర్థం తెలియదు,Hebrew,Old Testament
H8422,תּוּבַל תּוּבַל,"Tuwbal (too-bal') (or Tubal too-bal') n/p.",,తూబాలు,Hebrew,Old Testament
H8423,תּוּבַל קַיִן,"Tuwbal Qayin (too-bal' kah'-yin) n/p.",,తూబల్కయిను,Hebrew,Old Testament
H8424,תּוּגָה,"depression (of spirits)",,ఆత్మ,Hebrew,Old Testament
H8425,תּוֹגַרמָה תּוֹגַרמָה,"Towgarmah (to-gar-maw') (or Togarmah to-gar-maw') n/p.",,తోగర్మా,Hebrew,Old Testament
H8426,תּוֹדָה,"(properly) an extension of the hand",తొదా,స్తుతి,Hebrew,Old Testament
H8427,תָּוָה,"tavah (taw-vaw') v.",,అర్థం తెలియదు,Hebrew,Old Testament
H8428,תָּוָה,"tavah (taw-vaw') v.",,అర్థం తెలియదు,Hebrew,Old Testament
H8429,תְּוַהּ,"tvahh (tev-ah') v.",,అర్థం తెలియదు,Hebrew,Old Testament
H8430,תּוַֹח,"Towach (to'-akh) n/p.",,తోవహు,Hebrew,Old Testament
H8431,תּוֹחֶלֶת,"expectation",,ఆశ,Hebrew,Old Testament
H8432,תָּוֶך,"a bisection",తావెక్,మధ్య,Hebrew,Old Testament
H8433,תּוֹכֵחָה תּוֹכַחַת,"chastisement",,శిక్ష,Hebrew,Old Testament
H8434,תּוֹלָד,"Towlad (to-lawd') n/l.",,ధర్మశాస్త్రం,Hebrew,Old Testament
H8435,תּוֹלְדָה תּוֹלְדָה,"(plural only) descent",,వంశావళి,Hebrew,Old Testament
H8436,תּוּלוֹן,"Tuwlon (too-lone') n/p.",,ఒకటి,Hebrew,Old Testament
H8437,תּוֹלָל,"causing to howl",,పాపం,Hebrew,Old Testament
H8438,תּוֹלָע תּוֹלֵעָה תּוֹלַעַת תּוֹלַעַת,"a maggot (as voracious)",,పురుగు,Hebrew,Old Testament
H8439,תּוֹלָע,"Towla` (to-law') n/p.",,ధర్మశాస్త్రం,Hebrew,Old Testament
H8440,תּוֹלָעִי,"Towla`iy (to-law-ee') n/p.",,ధర్మశాస్త్రం,Hebrew,Old Testament
H8441,תּוֹעֵבַה תּוֹעֵבַה,"(properly) something disgusting",,అసహ్యకరమైనది,Hebrew,Old Testament
H8442,תּוֹעָה,"mistake",,పొరపాటు,Hebrew,Old Testament
H8443,תּוֹעָפָה,"(only in plural collective) weariness",,చెవి,Hebrew,Old Testament
H8444,תּוֹצָאָה תּוֹצָאָה,"(only in plural collective) exit",,నిష్క్రమణ,Hebrew,Old Testament
H8445,תּוֹקַהַת,"Towqahath (to-kah'-ath) n/p.",,తోకహతు,Hebrew,Old Testament
H8446,תּוּר,"tuwr (toor) v.",,అర్థం తెలియదు,Hebrew,Old Testament
H8447,תּוֹר תּוֹר,"a succession",,ఒక వరుస,Hebrew,Old Testament
H8448,תּוֹר,"a manner (as a sort of turn)",,మనిషి,Hebrew,Old Testament
H8449,תּוֹר תּוֹר,"a ring-dove",,తెల్లగువ్వ,Hebrew,Old Testament
H8450,תּוֹר,"a bull",,తెల్లగువ్వ,Hebrew,Old Testament
H8451,תּוֹרָה תּוֹרָה,"a precept or statute",తోరా,ధర్మశాస్త్రం,Hebrew,Old Testament
H8452,תּוֹרָה,"a custom",,ఆచారం,Hebrew,Old Testament
H8453,תּוֹשָׁב תּוֹשָׁב,"a dweller (but not outlandish (H5237))",,భూమి,Hebrew,Old Testament
H8454,תּוּשִׁיָה תּוּשִׁיָה,"support",,మద్దతు,Hebrew,Old Testament
H8455,תּוֹתָח,"a club",,గొడ్డలి,Hebrew,Old Testament
H8456,תָּזַז,"tazaz (taw-zaz') v.",,అర్థం తెలియదు,Hebrew,Old Testament
H8457,תַּזנוּת תַּזנוּת,"harlotry",,వ్యభిచారం,Hebrew,Old Testament
H8458,תַּחבּוּלָה תַּחבּוּלָה,"(properly",,సరిగ్గా,Hebrew,Old Testament
H8459,תּוֹחוּ,"Tochuw (to'-khoo) n/p.",,అర్థం తెలియదు,Hebrew,Old Testament
H8460,תְּחוֹת תְּחוֹת,"tchowth (tekh-oth') ((Aramaic) or tchoth (Aramaic) tekh-oth') prep.",,అర్థం తెలియదు,Hebrew,Old Testament
H8461,תַּחכְּמוֹנִי,"Tachkmoniy (takh-kem-o-nee') n/p.",,అర్థం తెలియదు,Hebrew,Old Testament
H8462,תְּחִלָּה,"a commencement",,ప్రారంభం,Hebrew,Old Testament
H8463,תַּחֲלוּא תַּחֲלוּא,"a malady",,ఒక రోగము,Hebrew,Old Testament
H8464,תַּחמָס,"a species of unclean bird (from its violence)",,పక్షి,Hebrew,Old Testament
H8465,תַּחַן,"Tachan (takh'-an) n/p.",,అర్థం తెలియదు,Hebrew,Old Testament
H8466,תַּחֲנָה,"(only plural collectively) an encampment",,శిబిరం,Hebrew,Old Testament
H8467,תְּחִנָּה,"graciousness",,కరుణ,Hebrew,Old Testament
H8468,תְּחִנָּה,"Tchinnah (tekh-in-naw') n/p.",,అర్థం తెలియదు,Hebrew,Old Testament
H8469,תַּחֲנוּן תַּחֲנוּנָה,"earnest prayer",,చెవి,Hebrew,Old Testament
H8470,תַּחֲנִי,"Tachaniy (takh-an-ee') adj.",,అర్థం తెలియదు,Hebrew,Old Testament
H8471,תַּחפַּנחֵס תְּחַפנְחֵס תַּחפְּנֵס,"Tachpanchec (takh-pan-khace') (or Tchaphnchec (Ezek. 30) n/l.",,అర్థం తెలియదు,Hebrew,Old Testament
H8472,תַּחפְּנֵיס,"Tachpneyc (takh-pen-ace') n/p.",,అర్థం తెలియదు,Hebrew,Old Testament
H8473,תַּחֲרָא,"a linen corslet (as white or hollow)",,తెల్లని నార రొమ్ము కవచం,Hebrew,Old Testament
H8474,תַּחָרָה,"tacharah (takh-aw-raw') v.",,అర్థం తెలియదు,Hebrew,Old Testament
H8475,תַּחרֵַע,"Tachrea` (takh-ray'-ah) n/p.",,అర్థం తెలియదు,Hebrew,Old Testament
H8476,תַּחַשׁ,"a (clean) animal with fur",,అర్థం తెలియదు,Hebrew,Old Testament
H8477,תַּחַשׁ,"Tachash (takh'-ash) n/p.",,అర్థం తెలియదు,Hebrew,Old Testament
H8478,תַּחַת,"the bottom (as depressed)",తఖత్,క్రింద,Hebrew,Old Testament
H8479,תַּחַת,"tachath (takh'-ath) prep.",,అర్థం తెలియదు,Hebrew,Old Testament
H8480,תַּחַת,"Tachath (takh'-ath) n/l.",,అర్థం తెలియదు,Hebrew,Old Testament
H8481,תַּחתּוֹן תַּחתּוֹן,"tachtown (takh-tone') (or tachton takh-tone') adj.",,ఒకటి,Hebrew,Old Testament
H8482,תַּחתִּי,"tachtiy (takh-tee') adj.",,అర్థం తెలియదు,Hebrew,Old Testament
H8483,תַּחתִּים חָדשִׁי,"Tachtiym Chodshiy (takh-teem' khod-shee') n/l.",,అర్థం తెలియదు,Hebrew,Old Testament
H8484,תִּיכּוֹן תִּיכּוֹן,"tiykown (tee-kone') (or tiykon tee-kone') adj.",,ఒకటి,Hebrew,Old Testament
H8485,תֵּימָא תֵּמָא,"Teyma' (tay-maw') (or Temao tay-maw') n/l.",,తేమా,Hebrew,Old Testament
H8486,תֵּימָן תֵּמָן,"the south (as being on the right hand of a person facing the east)",,కుమారుడు,Hebrew,Old Testament
H8487,תֵּימָן תֵּמָן,"Teyman (tay-mawn') (or Teman tay-mawn') n/l.",,మనిషి,Hebrew,Old Testament
H8488,תֵּימְנִי,"Teymniy (tay-men-ee') n/p.",,అర్థం తెలియదు,Hebrew,Old Testament
H8489,תֵּימָנִי,"Teymaniy (tay-maw-nee') n/p.",,మనిషి,Hebrew,Old Testament
H8490,תִּימָרָה תִּמָרָה,"a column",,స్తంభం,Hebrew,Old Testament
H8491,תִּיצִּי,"Tiytsiy (tee-tsee') n/p.",,అర్థం తెలియదు,Hebrew,Old Testament
H8492,תִּירוֹשׁ תִּירוֹשׁ,"must or fresh grape-juice (as just squeezed out)",,ద్రాక్షారసము,Hebrew,Old Testament
H8493,תִּירְיָא,"Tiyrya' (tee-reh-yaw') n/p.",,అర్థం తెలియదు,Hebrew,Old Testament
H8494,תִּירָס,"Tiyrac (tee-rawce') n/p.",,తీరాసు,Hebrew,Old Testament
H8495,תַּיִשׁ,"a buck or he-goat (as given to butting)",,మేక,Hebrew,Old Testament
H8496,תּוֹך תּוֹך,"oppression",,పీడన,Hebrew,Old Testament
H8497,תָּכָה,"takah (taw-kaw') v.",,అర్థం తెలియదు,Hebrew,Old Testament
H8498,תְּכוּנָה,"a structure",,ఒక నిర్మాణం,Hebrew,Old Testament
H8499,תְּכוּנָה,"something arranged or fixed",,ఏదో ఒక ఏర్పాటు లేదా స్థిరమైనది,Hebrew,Old Testament
H8500,תּוּכִּי תּוּכִּי,"some imported creature",,దిగుమతి చేసుకున్న కొన్ని జీవులు,Hebrew,Old Testament
H8501,תָּכָך,"deceitful",,మోసపూరితమైన,Hebrew,Old Testament
H8502,תִּכלָה,"completeness",,పది,Hebrew,Old Testament
H8503,תַּכלִיתּ,"completion",,పూర్తి,Hebrew,Old Testament
H8504,תְּכֵלֶת,"the cerulean mussel",,అర్థం తెలియదు,Hebrew,Old Testament
H8505,תָּכַן,"takan (taw-kan') v.",,అర్థం తెలియదు,Hebrew,Old Testament
H8506,תּוֹכֶן,"a fixed quantity",,స్థిర పరిమాణం,Hebrew,Old Testament
H8507,תּוֹכֶן,"Token (to'-ken) n/l.",,అర్థం తెలియదు,Hebrew,Old Testament
H8508,תָּכנִיתּ,"admeasurement",,కొలత,Hebrew,Old Testament
H8509,תַּכרִיכּ,"a wrapper or robe",,అంగీ,Hebrew,Old Testament
H8510,תֵּל,"a mound",,దిబ్బ,Hebrew,Old Testament
H8511,תָּלָא,"tala' (taw-law') v.",,ధర్మశాస్త్రం,Hebrew,Old Testament
H8512,תֵּל אָבִיבּ,"Tel 'Abiyb (tale aw-beeb') n/l.",,అర్థం తెలియదు,Hebrew,Old Testament
H8513,תְּלָאָה,"distress",,బాధ,Hebrew,Old Testament
H8514,תַּלאוּבָה,"desiccation",,ఎండబెట్టడం,Hebrew,Old Testament
H8515,תְּלַאשַּׂר תְּלַשַּׂר,"Tla'ssar (tel-as-sar') (or Tlassar tel-as-sar') n/l.",,అర్థం తెలియదు,Hebrew,Old Testament
H8516,תַּלבּוֹשֶׁת,"a garment",,వస్త్రం,Hebrew,Old Testament
H8517,תְּלַג,"snow",,మంచు,Hebrew,Old Testament
H8518,תָּלָה,"talah (taw-law') v.",,ధర్మశాస్త్రం,Hebrew,Old Testament
H8519,תְּלוּנָה תְּלוּנָּה,"a grumbling",,సణుగుడు,Hebrew,Old Testament
H8520,תֶּלַח,"Telach (teh'-lakh) n/p.",,అర్థం తెలియదు,Hebrew,Old Testament
H8521,תֵּל חַרשָׁא,"Tel Charsha' (tale khar-shaw') n/l.",,అర్థం తెలియదు,Hebrew,Old Testament
H8522,תְּלִי,"a quiver (as slung)",,విల్లు అమ్ములపొది,Hebrew,Old Testament
H8523,תְּלִיתַּי תַּלתִּי,"tliythay (tel-ee-thah'-ee) ((Aramaic) or taltiy (Aramaic) tal-tee') adj.",,అర్థం తెలియదు,Hebrew,Old Testament
H8524,תָּלַל,"talal (taw-lal') adj.",,అర్థం తెలియదు,Hebrew,Old Testament
H8525,תֶּלֶם,"a bank or terrace",,గట్టు లేదా చదును భూమి,Hebrew,Old Testament
H8526,תַּלמַי,"Talmay (tal-mah'-ee) n/p.",,తల్మయి,Hebrew,Old Testament
H8527,תַּלמִידּ,"a pupil",,విద్యార్థి,Hebrew,Old Testament
H8528,תֵּל מֶלַח,"Tel Melach (tale meh'-lakh) n/l.",,అర్థం తెలియదు,Hebrew,Old Testament
H8529,תָּלַע,"tala` (taw-law') v.",,ధర్మశాస్త్రం,Hebrew,Old Testament
H8530,תַּלפִּיָה,"something tall",,పొడవైనది ఏదో ఒకటి,Hebrew,Old Testament
H8531,תְּלַת,"a tertiary rank",,తృతీయ స్థాయి,Hebrew,Old Testament
H8532,תְּלָת תְּלָתָה תְּלָתָא,"tlath (tel-awth') ((Aramaic) masculine tlathah (Aramaic) tel-aw-thaw' or tlatha (Aramaic) tel-aw-tha...",,అర్థం తెలియదు,Hebrew,Old Testament
H8533,תְּלָתִין,"tlathiyn (tel-aw-theen') num.",,అర్థం తెలియదు,Hebrew,Old Testament
H8534,תַּלתַּל,"a trailing bough (as pendulous)",,అంతం,Hebrew,Old Testament
H8535,תָּם,"tam (tawm) adj.",,పరిపూర్ణ,Hebrew,Old Testament
H8536,תָּם,"tam (tawm) adv.",,అర్థం తెలియదు,Hebrew,Old Testament
H8537,תּוֹם,"completeness",,పది,Hebrew,Old Testament
H8538,תּוּמָּה,"innocence",,నిరపరాధిత్వం,Hebrew,Old Testament
H8539,תָּמַהּ,"tamahh (taw-mah') v.",,అర్థం తెలియదు,Hebrew,Old Testament
H8540,תְּמַהּ,"a miracle",,ఒక అద్భుతం,Hebrew,Old Testament
H8541,תִּמָּהוֹן,"consternation",,జాతి,Hebrew,Old Testament
H8542,תַּמּוּז,"Tammuwz (tam-mooz') n/t.",,తమ్ముజు,Hebrew,Old Testament
H8543,תְּמוֹל תְּמוֹל,"tmowl (tem-ole') (or tmol tem-ole') adv.",,అర్థం తెలియదు,Hebrew,Old Testament
H8544,תְּמוּנָה תְּמוּנָה,"something portioned (i.e. fashioned) out",,ఒకటి,Hebrew,Old Testament
H8545,תְּמוּרָה,"barter",,వస్తుమార్పిడి,Hebrew,Old Testament
H8546,תְּמוּתָה,"execution (as a doom)",,విధిగా ఉరితీయడం,Hebrew,Old Testament
H8547,תֶּמַח,"Temach (teh'-makh) n/p.",,తెమాకు,Hebrew,Old Testament
H8548,תָּמִידּ,"(properly) continuance (as indefinite extension)",,పది,Hebrew,Old Testament
H8549,תָּמִים,"tamiym (taw-meem') adj.",తామీమ్,పరిపూర్ణం,Hebrew,Old Testament
H8550,תּוּמִּים,"Tummiym (toom-meem') n/p.",,తుమ్మీమ్,Hebrew,Old Testament
H8551,תָּמַך,"tamak (taw-mak') v.",,అర్థం తెలియదు,Hebrew,Old Testament
H8552,תָּמַם,"tamam (taw-mam') v.",,అర్థం తెలియదు,Hebrew,Old Testament
H8553,תִּמנָה,"Timnah (tim-naw') n/l.",,తిమ్నా,Hebrew,Old Testament
H8554,תִּמנִי,"Timniy (tim-nee') adj.",,తిమ్నీయుడు,Hebrew,Old Testament
H8555,תִּמנָע,"Timna` (tim-naw') n/p.",,తిమ్నా,Hebrew,Old Testament
H8556,תִּמנַת חֶרֶס תִּמנַת סֶרַח,"Timnath Cherec (tim-nath kheh'-res) (or Timnath Cerach tim-nath seh'-rakh) n/l.",,తిమ్నాతు ఖెరెస్ / తిమ్నాతు సెరాహు,Hebrew,Old Testament
H8557,תֶּמֶס,"liquefaction",,ద్రవీభవనం,Hebrew,Old Testament
H8558,תָּמָר,"a palm tree",,చెట్టు,Hebrew,Old Testament
H8559,תָּמָר,"Tamar (taw-mawr') n/p.",,తామారు,Hebrew,Old Testament
H8560,תּוֹמֶר,"a palm trunk",,ఒక తాటిచెట్టు మొద్దు,Hebrew,Old Testament
H8561,תִּמּוֹר תִּמּוֹרָה,"(arch.) a palm-like pilaster (i.e. umbellate)",,చివరి,Hebrew,Old Testament
H8562,תַּמרוּק תַּמרוּק תַּמרִיק,"(properly) a scouring",,సరిగా శుభ్రపరచడం,Hebrew,Old Testament
H8563,תַּמרוּר,"bitterness (plural as collective)",,చేదు బహువచనం సమిష్టిగా,Hebrew,Old Testament
H8564,תַּמרוּר,"an erection",,నిటారుగా నిలబెట్టడం,Hebrew,Old Testament
H8565,תַּן,"a monster (as preternaturally formed)",,అసాధారణంగా ఏర్పడిన ఒక రాక్షసుడు,Hebrew,Old Testament
H8566,תָּנָה,"tanah (taw-naw') v.",,అర్థం తెలియదు,Hebrew,Old Testament
H8567,תָּנָה,"tanah (taw-naw') v.",,అర్థం తెలియదు,Hebrew,Old Testament
H8568,תַּנָּה,"a female jackal",,ఆడ నక్క,Hebrew,Old Testament
H8569,תְּנוּאָה,"alienation",,జాతి,Hebrew,Old Testament
H8570,תְּנוּבָה,"produce",,ఉత్పత్తి,Hebrew,Old Testament
H8571,תְּנוּך,"a pinnacle",,శిఖరం,Hebrew,Old Testament
H8572,תְּנוּמָה,"drowsiness",,పాపం,Hebrew,Old Testament
H8573,תְּנוּפָה,"a brandishing (in threat)",,బెదిరిస్తూ దూకుడుగా తిప్పడం,Hebrew,Old Testament
H8574,תַּנּוּר,"a fire-pot",,అగ్ని,Hebrew,Old Testament
H8575,תַּנחוּם תַּנחוּם תַּנחוּמָה,"tanchuwm (tan-khoom') (or tanchum tan-khoom' and (feminine) tanchuwmah tan-khoo-maw'",,తొమ్మిది,Hebrew,Old Testament
H8576,תַּנחוּמֶת,"Tanchumeth (tan-khoo'-meth) n/p.",,తంకుమెతు,Hebrew,Old Testament
H8577,תַּנִּין תַּנִּים,"a marine or land monster",,భూమి,Hebrew,Old Testament
H8578,תִּניָן,"tinyan (tin-yawn') adj.",,అర్థం తెలియదు,Hebrew,Old Testament
H8579,תִּניָנוּת,"tinyanuwth (tin-yaw-nooth') adv.",,అర్థం తెలియదు,Hebrew,Old Testament
H8580,תַּנשֶׁמֶת,"(properly) a hard breather",,అర్థం తెలియదు,Hebrew,Old Testament
H8581,תָּעַב,"ta`ab (taw-ab') v.",,అర్థం తెలియదు,Hebrew,Old Testament
H8582,תָּעָה,"ta`ah (taw-aw') v.",,అర్థం తెలియదు,Hebrew,Old Testament
H8583,תּוֹעוּ תּוֹעִי,"To`uw (to'-oo) (or Tomiy to'-ee) n/p.",,అర్థం తెలియదు,Hebrew,Old Testament
H8584,תְּעוּדָה,"attestation",,ధృవీకరణ,Hebrew,Old Testament
H8585,תְּעָלָה,"a channel (into which water is raised for irrigation)",,నీరు,Hebrew,Old Testament
H8586,תַּעֲלוּל,"caprice (as a fit coming on)",,వచ్చినట్లుగా ఒక మూడ్ (caprice as a fit coming on),Hebrew,Old Testament
H8587,תַּעֲלוּמָּה,"a secret",,రహస్యం,Hebrew,Old Testament
H8588,תַּעֲנוּג תַּעֲנוּג תַּעֲנוּגָה,"luxury",,విలాసం,Hebrew,Old Testament
H8589,תַּעֲנִיתּ,"affliction (of self)",,ఆత్మ యొక్క బాధ,Hebrew,Old Testament
H8590,תַּעֲנָך תַּענָך,"Ta`anak (tah-an-awk') (or Tanak tah-nawk') n/l.",,అర్థం తెలియదు,Hebrew,Old Testament
H8591,תָּעַע,"ta`a` (taw-ah') v.",,అర్థం తెలియదు,Hebrew,Old Testament
H8592,תַּעֲצוּמָה,"might (plural collective)",,బలం బహువచనం సమిష్టి,Hebrew,Old Testament
H8593,תַּעַר,"ta`ar (tah'-ar) n-e.",,అర్థం తెలియదు,Hebrew,Old Testament
H8594,תַּעֲרוּבָה,"suretyship",,పూచీకత్తు,Hebrew,Old Testament
H8595,תַּעתּוַּע,"a fraud",,మోసం,Hebrew,Old Testament
H8596,תּוֹף,"a tambourine",,డప్పు,Hebrew,Old Testament
H8597,תִּפאָרָה תִּפאֶרֶת,"ornament",,పేరు,Hebrew,Old Testament
H8598,תַּפּוַּח,"an apple (from its fragrance)",,దాని సువాసన నుండి ఒక ఆపిల్,Hebrew,Old Testament
H8599,תַּפּוַּח,"Tappuwach (tap-poo'-akh) n/p.",,అర్థం తెలియదు,Hebrew,Old Testament
H8600,תְּפוֹצָה,"a dispersal",,వెదజల్లడం,Hebrew,Old Testament
H8601,תּוּפִין,"cookery",,వంట,Hebrew,Old Testament
H8602,תָּפֵל,"taphel (taw-fale') adj.",,అర్థం తెలియదు,Hebrew,Old Testament
H8603,תּוֹפֶל,"Tophel (to'-fel) n/l.",,అర్థం తెలియదు,Hebrew,Old Testament
H8604,תִּפלָה,"frivolity",,తేలికతనం,Hebrew,Old Testament
H8605,תְּפִלָּה,"intercession",,మధ్యవర్తిత్వం,Hebrew,Old Testament
H8606,תִּפלֶצֶת,"fearfulness",,చెవి,Hebrew,Old Testament
H8607,תִּפסַח,"Tiphcach (tif-sakh') n/l.",,అర్థం తెలియదు,Hebrew,Old Testament
H8608,תָּפַף,"taphaph (taw-faf') v.",,అర్థం తెలియదు,Hebrew,Old Testament
H8609,תָּפַר,"taphar (taw-far') v.",,అర్థం తెలియదు,Hebrew,Old Testament
H8610,תָּפַשׂ,"taphas (taw-fas') v.",,అర్థం తెలియదు,Hebrew,Old Testament
H8611,תּוֹפֶת,"a smiting",,కొట్టడం,Hebrew,Old Testament
H8612,תּוֹפֶת,"Topheth (to'-feth) n/l.",,అర్థం తెలియదు,Hebrew,Old Testament
H8613,תָּפתֶּה,"Tophteh (tof-teh') n/l.",,తోపెతె,Hebrew,Old Testament
H8614,תִּפתַּי,"judicial",,న్యాయపరమైన,Hebrew,Old Testament
H8615,תִּקוָה,"(literally) a cord (as an attachment)",తిక్వా,నిరీక్షణ,Hebrew,Old Testament
H8616,תִּקוָה,"Tiqvah (tik-vaw') n/p.",,తిక్వా,Hebrew,Old Testament
H8617,תְּקוּמָה,"resistfulness",,ప్రతిఘటన,Hebrew,Old Testament
H8618,תְּקוֹמֵם,"tqowmem (tek-o-mame') v.",,తెకోమేమ్,Hebrew,Old Testament
H8619,תָּקוַֹע,"a trumpet",,బూర,Hebrew,Old Testament
H8620,תְּקוַֹע,"Tqowa` (tek-o'-ah) n/p.",,తెకోవ,Hebrew,Old Testament
H8621,תְּקוֹעִי תְּקוֹעִי,"Tqow`iy (tek-o-ee') (or Tqo iy tek-o-ee') adj.",,తెకోయి,Hebrew,Old Testament
H8622,תְּקוּפָה תְּקוּפָה,"a revolution",,ఒక విప్లవం,Hebrew,Old Testament
H8623,תַּקִּיף,"taqqiyph (tak-keef') adj.",,తక్కిఫ్,Hebrew,Old Testament
H8624,תַּקִּיף,"taqqiyph (tak-keef') adj.",,తక్కిఫ్,Hebrew,Old Testament
H8625,תְּקַל,"to balance",,సమతుల్యం చేయడానికి,Hebrew,Old Testament
H8626,תָּקַן,"taqan (taw-kan') v.",,టాకన్,Hebrew,Old Testament
H8627,תְּקַן,"tqan (tek-an') v.",,టెకాన్,Hebrew,Old Testament
H8628,תָּקַע,"taqa` (taw-kah') v.",,టాకా,Hebrew,Old Testament
H8629,תֵּקַע,"a blast of a trumpet",,చివరి,Hebrew,Old Testament
H8630,תָּקַף,"taqaph (taw-kaf') v.",,టాకాఫ్,Hebrew,Old Testament
H8631,תְּקֵף,"tqeph (tek-afe') v.",,టెకేఫ్,Hebrew,Old Testament
H8632,תְּקוֹף,"power",,శక్తి,Hebrew,Old Testament
H8633,תּוֹקֶף,"might or (figuratively) positiveness",,శక్తి లేదా అలంకారికంగా నిశ్చయత్వం,Hebrew,Old Testament
H8634,תַּראֲלָה,"Tar'alah (tar-al-aw') n/l.",,తరాలా,Hebrew,Old Testament
H8635,תַּרבּוּת,"multiplication",,గుణకారం,Hebrew,Old Testament
H8636,תַּרבִּיתּ,"multiplication",,గుణకారం,Hebrew,Old Testament
H8637,תִּרגַּל,"tirgal (teer-gal') v.",,టీర్‌గల్,Hebrew,Old Testament
H8638,תִּרגַּם,"tirgam (teer-gam') v.",,టీర్‌గామ్,Hebrew,Old Testament
H8639,תַּרדֵּמָה,"a lethargy",,ఒక మత్తు,Hebrew,Old Testament
H8640,תִּרהָקָה,"Tirhaqah (teer-haw'-kaw) n/p.",,తిర్హాకా,Hebrew,Old Testament
H8641,תְּרוּמָה תְּרוּמָה,"a present (as offered up)",,సమర్పించినట్లుగా ప్రస్తుతించు,Hebrew,Old Testament
H8642,תְּרוּמִיָה,"a sacrificial offering",,అర్పణ,Hebrew,Old Testament
H8643,תְּרוּעָה,"clamor",,కేక,Hebrew,Old Testament
H8644,תְּרוּפָה,"a remedy",,ఒక నివారణ,Hebrew,Old Testament
H8645,תִּרזָה,"a species of tree (apparently from its slenderness)",,చెట్టు,Hebrew,Old Testament
H8646,תֶּרַח,"Terach (teh'-rakh) n/l.",,తెరహు,Hebrew,Old Testament
H8647,תִּרחֲנָה,"Tirchanah (teer-khan-aw') n/p.",,తిర్‌ఖానా,Hebrew,Old Testament
H8648,תְּרֵין תַּרתֵּין,"treyn (ter-ane') ((Aramaic) feminine tarteyn tar-tane') n-e.",,తొమ్మిది,Hebrew,Old Testament
H8649,תָּרמָה תַּרמוּת תַּרמִיתּ,"fraud",,మోసము,Hebrew,Old Testament
H8650,תּוֹרֶן,"a pole (as a mast or flag-staff)",,స్తంభం,Hebrew,Old Testament
H8651,תְּרַע,"a door",,తలుపు,Hebrew,Old Testament
H8652,תָּרָע,"a doorkeeper",,తలుపు,Hebrew,Old Testament
H8653,תַּרעֵלָה,"reeling",,తూలుట,Hebrew,Old Testament
H8654,תִּרעָתִי,"Tir`athiy (teer-aw-thee') n/p.",,అర్థం తెలియదు,Hebrew,Old Testament
H8655,תְּרָפִים,"a healer",,స్వస్థపరచువాడు,Hebrew,Old Testament
H8656,תִּרצָּה,"Tirtsah (teer-tsaw') n/p.",,అర్థం తెలియదు,Hebrew,Old Testament
H8657,תֶּרֶשׁ,"Teresh (teh'-resh) n/p.",,అర్థం తెలియదు,Hebrew,Old Testament
H8658,תַּרשִׁישׁ,"a gem",,రత్నం,Hebrew,Old Testament
H8659,תַּרשִׁישׁ,"Tarshiysh (tar-sheesh') n/l.",,తర్షీషు,Hebrew,Old Testament
H8660,תִּרשָׁתָא,"the title of a Persian deputy or governor",,అధికారి,Hebrew,Old Testament
H8661,תַּרתָּן,"Tartan",,అర్థం తెలియదు,Hebrew,Old Testament
H8662,תַּרתָּק,"Tartaq (tar-tawk') n/t.",,అర్థం తెలియదు,Hebrew,Old Testament
H8663,תְּשׁוּאָה,"a crashing or loud clamor",,గొప్ప ధ్వని,Hebrew,Old Testament
H8664,תִּשׁבִּי,"Tishbiy (tish-bee') adj.",,అర్థం తెలియదు,Hebrew,Old Testament
H8665,תַּשׁבֵּץ,"checkered stuff (as reticulated)",,గళ్ల వస్త్రం,Hebrew,Old Testament
H8666,תְּשׁוּבָה תֶּשׁוּבָה,"a recurrence (of time or place)",,పునరావృతం,Hebrew,Old Testament
H8667,תְּשׂוּמֶת,"a deposit",,డిపాజిట్,Hebrew,Old Testament
H8668,תְּשׁוּעָה תְּשׁוּעָה,"rescue (literal or figurative",,రక్షణ,Hebrew,Old Testament
H8669,תְּשׁוּקָה,"a longing",,ఆరాటము,Hebrew,Old Testament
H8670,תְּשׁוּרָה,"a gift",,బహుమతి,Hebrew,Old Testament
H8671,תְּשִׁיעִי,"tshiy`iy (tesh-ee-ee') adj.",,అర్థం తెలియదు,Hebrew,Old Testament
H8672,תֵּשַׁע תִּשׁעָה,"tesha` (tay'-shah) (or (masculine) tishtah tish-aw') n-e.",,తొమ్మిది,Hebrew,Old Testament
H8673,תִּשׁעִים,"tish`iym (tish-eem') num.",,అర్థం తెలియదు,Hebrew,Old Testament
H8674,תַּתּתְּנַי,"Tattnay (tat-ten-ah'-ee) n/p.",,పది,Hebrew,Old Testament
G1,ἄν,"ἄν",ఆల్ఫా,ఆల్ఫా,Greek,New Testament
G2,Ἀαρών,"Ἀαρών",అరోన్,అహరోను,Greek,New Testament
G3,Ἀβαδδών,"Ἀβαδδών",అబద్దొన్,నాశనం,Greek,New Testament
G4,ἀβαρής,"ἄν+βάσις+βάσις",అబరేస్,భారం లేని,Greek,New Testament
G5,Ἀββᾶ,"Ἀββᾶ",అబ్బా,తండ్రి,Greek,New Testament
G6,Ἄβελ,"Ἄβελ",,హేబెలు,Greek,New Testament
G7,Ἀβιά,"Ἀβιά",,అబీయా,Greek,New Testament
G8,Ἀβιαθάρ,"Ἀβιαθάρ",,అబ్యాతారు,Greek,New Testament
G9,Ἀβιληνή,"Ἀβιληνή",,అబిలేనే,Greek,New Testament
G10,Ἀβιούδ,"Ἀβιούδ",,అబూదు,Greek,New Testament
G11,Ἀβραάμ,"Ἀβραάμ",,అబ్రాహాము,Greek,New Testament
G12,ἄβυσσος,"ἄν+βάσις",,ఆరోహణ (పైకి ఎక్కడం),Greek,New Testament
G13,Ἄγαβος,"Ἄγαβος",,అగబు,Greek,New Testament
G14,ἀγαθοεργέω,"ἀγαθός+ἔργον",,సత్కార్యము,Greek,New Testament
G15,ἀγαθοποιέω,"ἀγαθός+ποιέω",,మంచి చేయు,Greek,New Testament
G16,ἀγαθοποιΐα,"ἀγαθός+ποιέω",,మంచి చేయు,Greek,New Testament
G17,ἀγαθοποιός,"ἀγαθός+ποιέω",,మంచి చేయు,Greek,New Testament
G18,ἀγαθός,"ἀγαθός",అగథొస్,మంచి,Greek,New Testament
G19,ἀγαθωσύνη,"ἀγαθός",,మంచి,Greek,New Testament
G20,ἀγαλλίασις,"ἅλλομαι",,దుముకు,Greek,New Testament
G21,ἀγαλλιάω,"ἅλλομαι",,దుముకు,Greek,New Testament
G22,ἄγαμος,"ἄν+γάμος",,వివాహం లేని,Greek,New Testament
G23,ἀγανακτέω,"ἀγκάλη",,కౌగిలి,Greek,New Testament
G24,ἀγανάκτησις,"ἀγκάλη",,కౌగిలి,Greek,New Testament
G25,ἀγαπάω,"ἀγαπάω",అగపాఓ,ప్రేమించు,Greek,New Testament
G26,ἀγάπη,"ἀγαπάω",అగాపే,ప్రేమ,Greek,New Testament
G27,ἀγαπητός,"ἀγαπάω",,ప్రేమించు,Greek,New Testament
G28,Ἄγαρ,"Ἄγαρ",,హాగరు,Greek,New Testament
G29,ἀγγαρεύω,"ἀγγαρεύω",,వెట్టి చేయు,Greek,New Testament
G30,ἀγγεῖον,"ἀγκάλη",,కౌగిలి,Greek,New Testament
G31,ἀγγελία,"ἄγω",,నడుపు,Greek,New Testament
G32,ἄγγελος,"ἄγω",అగ్గెలొస్,దూత,Greek,New Testament
G33,ἄγε,"ἄγω",,నడుపు,Greek,New Testament
G34,ἀγέλη,"ἄγω+ἄγω",,నడిపించు,Greek,New Testament
G35,ἀγενεαλόγητος,"ἄν+γίνομαι+λέγω",,మాట ఇచ్చు,Greek,New Testament
G36,ἀγενής,"ἄν+γίνομαι",,జరుగు,Greek,New Testament
G37,ἁγιάζω,"ἁγνός+θάλπω",హగియాజో,పరిశుద్ధం చేయు,Greek,New Testament
G38,ἁγιασμός,"ἁγνός+θάλπω",,పరిశుద్ధముగా వెచ్చచేయు,Greek,New Testament
G39,ἅγιον,"ἁγνός+θάλπω",,పరిశుద్ధముగా వెచ్చచేయు,Greek,New Testament
G40,ἅγιος,"ἁγνός+θάλπω",హగియొస్,పరిశుద్ధుడు,Greek,New Testament
G41,ἁγιότης,"ἁγνός+θάλπω",,పరిశుద్ధముగా వెచ్చచేయు,Greek,New Testament
G42,ἁγιωσύνη,"ἁγνός+θάλπω",,పరిశుద్ధముగా వెచ్చచేయు,Greek,New Testament
G43,ἀγκάλη,"ἀγκάλη",,కౌగిలి,Greek,New Testament
G44,ἄγκιστρον,"ἀγκάλη",,కౌగిలి,Greek,New Testament
G45,ἄγκυρα,"ἀγκάλη",,కౌగిలి,Greek,New Testament
G46,ἄγναφος,"ἄν+γναφεύς",,కుమ్మరి,Greek,New Testament
G47,ἁγνεία,"ἁγνός",,పరిశుద్ధమైన,Greek,New Testament
G48,ἁγνίζω,"ἁγνός",,పరిశుద్ధమైన,Greek,New Testament
G49,ἁγνισμός,"ἁγνός",,పరిశుద్ధమైన,Greek,New Testament
G50,ἀγνοέω,"ἄν+γινώσκω",,తెలుసుకొను,Greek,New Testament
G51,ἀγνόημα,"ἄν+γινώσκω",,తెలుసుకొను,Greek,New Testament
G52,ἄγνοια,"ἄν+γινώσκω",,తెలుసుకొను,Greek,New Testament
G53,ἁγνός,"ἁγνός",హగ్నొస్,పవిత్రుడు,Greek,New Testament
G54,ἁγνότης,"ἁγνός",,పరిశుద్ధమైన,Greek,New Testament
G55,ἁγνῶς,"ἁγνός",,పరిశుద్ధమైన,Greek,New Testament
G56,ἀγνωσία,"ἄν+γινώσκω",,తెలుసుకొను,Greek,New Testament
G57,ἄγνωστος,"ἄν+γινώσκω",అగ్నొస్తొస్,తెలియని,Greek,New Testament
G58,ἀγορά,"ἐγείρω",,లేపు,Greek,New Testament
G59,ἀγοράζω,"ἐγείρω",,లేపు,Greek,New Testament
G60,ἀγοραῖος,"ἐγείρω",,లేపు,Greek,New Testament
G61,ἄγρα,"ἄγω",,నడుపు,Greek,New Testament
G62,ἀγράμματος,"ἄν+γράφω",,వ్రాయు,Greek,New Testament
G63,ἀγραυλέω,"ἄγω+ἀήρ+ἀήρ",,గాలిలో తీసుకువెళ్ళు,Greek,New Testament
G64,ἀγρεύω,"ἄγω",,నడుపు,Greek,New Testament
G65,ἀγριέλαιος,"ἄγω+ἐλαία",,నూనెను తీసుకొనిరా,Greek,New Testament
G66,ἄγριος,"ἄγω",,నడుపు,Greek,New Testament
G67,Ἀγρίππας,"ἄγω+ἵππος",,గుర్రపు స్వారి,Greek,New Testament
G68,ἀγρός,"ἄγω",,నడుపు,Greek,New Testament
G69,ἀγρυπνέω,"ἄν+ὑπό",,లొంగదీయు,Greek,New Testament
G70,ἀγρυπνία,"ἄν+ὑπό",,లొంగదీయు,Greek,New Testament
G71,ἄγω,"ἄγω",,నడుపు,Greek,New Testament
G72,ἀγωγή,"ἄγω",,నడుపు,Greek,New Testament
G73,ἀγών,"ἄγω",,నడుపు,Greek,New Testament
G74,ἀγωνία,"ἄγω",,నడుపు,Greek,New Testament
G75,ἀγωνίζομαι,"ἄγω",,నడుపు,Greek,New Testament
G76,Ἀδάμ,"Ἀδάμ",,ఆదాము,Greek,New Testament
G77,ἀδάπανος,"ἄν",,ఒకవేళ,Greek,New Testament
G78,Ἀδδί,"Ἀδδί",,అద్దీ,Greek,New Testament
G79,ἀδελφή,"ἄν",,ఒకవేళ,Greek,New Testament
G80,ἀδελφός,"ἄν",అదెల్ఫొస్,సోదరుడు,Greek,New Testament
G81,ἀδελφότης,"ἄν",,ఒకవేళ,Greek,New Testament
G82,ἄδηλος,"ἄν+δῆλος",,స్పష్టము,Greek,New Testament
G83,ἀδηλότης,"ἄν+δῆλος",,స్పష్టము,Greek,New Testament
G84,ἀδήλως,"ἄν+δῆλος",,అర్థం తెలియదు,Greek,New Testament
G85,ἀδημονέω,"ἀδημονέω",,బాధపడు,Greek,New Testament
G86,ᾅδης,"ἄν+εἴδω",,అర్థం తెలియదు,Greek,New Testament
G87,ἀδιάκριτος,"ἄν+διά+κρίνω",,అర్థం తెలియదు,Greek,New Testament
G88,ἀδιάλειπτος,"ἄν+διά+λείπω",,అర్థం తెలియదు,Greek,New Testament
G89,ἀδιαλείπτως,"ἄν+διά+λείπω",,అర్థం తెలియదు,Greek,New Testament
G90,ἀδιαφθορία,"ἄν+διά+βάλλω+φθείρω",,అర్థం తెలియదు,Greek,New Testament
G91,ἀδικέω,"ἄν+δεικνύω",అదికెఓ,అన్యాయం చేయు,Greek,New Testament
G92,ἀδίκημα,"ἄν+δεικνύω",,అర్థం తెలియదు,Greek,New Testament
G93,ἀδικία,"ἄν+δεικνύω",అదికియా,అన్యాయం,Greek,New Testament
G94,ἄδικος,"ἄν+δεικνύω",అదికొస్,అన్యాయమైన,Greek,New Testament
G95,ἀδίκως,"ἄν+δεικνύω",,అర్థం తెలియదు,Greek,New Testament
G96,ἀδόκιμος,"ἄν+δοκέω",,అర్థం తెలియదు,Greek,New Testament
G97,ἄδολος,"ἄν",,అర్థం తెలియదు,Greek,New Testament
G98,Ἀδραμυττηνός,"Ἀδραμυττηνός",,అద్రముత్తునకు చెందినవాడు,Greek,New Testament
G99,Ἀδρίας,"Ἀδρίας",,అడ్రియా,Greek,New Testament
G100,ἁδρότης,"ἁδρότης",,పుష్టి,Greek,New Testament
G101,ἀδυνατέω,"ἄν+δύναμαι",,అర్థం తెలియదు,Greek,New Testament
G102,ἀδύνατος,"ἄν+δύναμαι",,అర్థం తెలియదు,Greek,New Testament
G103,ᾄδω,"ᾄδω",,பாடு,Greek,New Testament
G104,ἀεί,"ἀεί",,ఎల్లప్పుడూ,Greek,New Testament
G105,ἀετός,"ἀήρ",,గాలి,Greek,New Testament
G106,ἄζυμος,"ἄν+ζέω",,అర్థం తెలియదు,Greek,New Testament
G107,Ἀζώρ,"Ἀζώρ",,ఆజోరు,Greek,New Testament
G108,Ἄζωτος,"Ἄζωτος",,అష్డోదు,Greek,New Testament
G109,ἀήρ,"ἀήρ",,గాలి,Greek,New Testament
G110,ἀθανασία,"ἄν+θνήσκω",,అర్థం తెలియదు,Greek,New Testament
G111,ἀθέμιτος,"ἄν+τίθημι",,అర్థం తెలియదు,Greek,New Testament
G112,ἄθεος,"ἄν+θεός",,అర్థం తెలియదు,Greek,New Testament
G113,ἄθεσμος,"ἄν+τίθημι",,అర్థం తెలియదు,Greek,New Testament
G114,ἀθετέω,"ἄν+τίθημι",,అర్థం తెలియదు,Greek,New Testament
G115,ἀθέτησις,"ἄν+τίθημι",,అర్థం తెలియదు,Greek,New Testament
G116,Ἀθῆναι,"Ἀθῆναι",,ఏథెన్స్,Greek,New Testament
G117,Ἀθηναῖος,"Ἀθῆναι",,ఏథెన్స్,Greek,New Testament
G118,ἀθλέω,"ἀθλέω",,పోరాడు,Greek,New Testament
G119,ἄθλησις,"ἀθλέω",,పోరాడు,Greek,New Testament
G120,ἀθυμέω,"ἄν+θύω",,అర్థం తెలియదు,Greek,New Testament
G121,ἄθωος,"ἄν+τίθημι",,అర్థం తెలియదు,Greek,New Testament
G122,αἴγειος,"αἴγειος",,మేక,Greek,New Testament
G123,αἰγιαλός,"ἅλς",,ఉప్పు,Greek,New Testament
G124,Αἰγύπτιος,"Αἴγυπτος",,ఐగుప్తు,Greek,New Testament
G125,Αἴγυπτος,"Αἴγυπτος",,ఐగుప్తు,Greek,New Testament
G126,ἀΐδιος,"ἀεί",,ఎల్లప్పుడూ,Greek,New Testament
G127,αἰδώς,"ἄν+εἴδω",,అర్థం తెలియదు,Greek,New Testament
G128,Αἰθίοψ,"ὁράω",,చూడడానికి,Greek,New Testament
G129,αἷμα,"αἷμα",హైమా,రక్తం,Greek,New Testament
G130,αἱματεκχυσία,"αἷμα+ἐξ",,రక్తం నుండి,Greek,New Testament
G131,αἱμοῤῥέω,"αἷμα+ῥέω",,రక్తం కారుట,Greek,New Testament
G132,Αἰνέας,"Αἰνέας",,ఐనెయాస్,Greek,New Testament
G133,αἴνεσις,"αἶνος",,స్తుతి,Greek,New Testament
G134,αἰνέω,"αἶνος",,స్తుతి,Greek,New Testament
G135,αἴνιγμα,"αἶνος",,స్తుతి,Greek,New Testament
G136,αἶνος,"αἶνος",,స్తుతి,Greek,New Testament
G137,Αἰνών,"Αἰνών",,ఏనోను,Greek,New Testament
G138,ἕλλομαι,"αἴρω",,ఎత్తు,Greek,New Testament
G139,αἵρεσις,"αἴρω",,ఎత్తు,Greek,New Testament
G140,αἱρετίζω,"αἴρω",,ఎత్తు,Greek,New Testament
G141,αἱρετικός,"αἴρω",,ఎత్తు,Greek,New Testament
G142,αἴρω,"αἴρω",,ఎత్తు,Greek,New Testament
G143,αἰσθάνομαι,"αἰσθάνομαι",,గ్రహించు,Greek,New Testament
G144,αἴσθησις,"αἰσθάνομαι",,గ్రహించు,Greek,New Testament
G145,αἰσθητήριον,"αἰσθάνομαι",,గ్రహించు,Greek,New Testament
G146,αἰσχροκερδής,"αἰσχύνομαι",,సిగ్గుపడు,Greek,New Testament
G147,αἰσχροκερδῶς,"αἰσχύνομαι",,సిగ్గుపడు,Greek,New Testament
G148,αἰσχρολογία,"αἰσχύνομαι+λέγω",,సిగ్గుపడుచున్నాను+చెప్పు,Greek,New Testament
G149,αἰσχρόν,"αἰσχύνομαι",,సిగ్గుపడుచున్నాను,Greek,New Testament
G150,αἰσχρός,"αἰσχύνομαι",,సిగ్గుపడుచున్నాను,Greek,New Testament
G151,αἰσχρότης,"αἰσχύνομαι",,సిగ్గుపడుచున్నాను,Greek,New Testament
G152,αἰσχύνη,"αἰσχύνομαι",,సిగ్గుపడుచున్నాను,Greek,New Testament
G153,αἰσχύνομαι,"αἰσχύνομαι",,సిగ్గుపడుచున్నాను,Greek,New Testament
G154,αἰτέω,"αἰτέω",,అడుగుచున్నాను,Greek,New Testament
G155,αἴτημα,"αἰτέω",,అడుగుచున్నాను,Greek,New Testament
G156,αἰτία,"αἰτέω",,అడుగుచున్నాను,Greek,New Testament
G157,αἰτίαμα,"αἰτέω",,అడుగుచున్నాను,Greek,New Testament
G158,αἴτιον,"αἰτέω",,అడుగుచున్నాను,Greek,New Testament
G159,αἴτιος,"αἰτέω",,అడుగుచున్నాను,Greek,New Testament
G160,αἰφνίδιος,"ἄν+φημί+ἐξ+ἄν+φημί",,అర్థం తెలియదు,Greek,New Testament
G161,αἰχμαλωσία,"αἴρω",,ఎత్తుట,Greek,New Testament
G162,αἰχμαλωτεύω,"αἴρω",,ఎత్తుట,Greek,New Testament
G163,αἰχμαλωτίζω,"αἴρω",,ఎత్తుట,Greek,New Testament
G164,αἰχμάλωτος,"αἴρω",,ఎత్తుట,Greek,New Testament
G165,αἰών,"ἀεί",ఐఓన్,యుగం,Greek,New Testament
G166,αἰώνιος,"ἀεί",ఐఓనియొస్,నిత్యమైన,Greek,New Testament
G167,ἀκαθαρσία,"ἄν+καθαρός",,పరిశుద్ధుడు,Greek,New Testament
G168,ἀκαθάρτης,"ἄν+καθαρός",,పరిశుద్ధుడు,Greek,New Testament
G169,ἀκάθαρτος,"ἄν+καθαρός",,పరిశుద్ధుడు,Greek,New Testament
G170,ἀκαιρέομαι,"ἄν+καιρός",,సమయం,Greek,New Testament
G171,ἀκαίρως,"ἄν+καιρός",,సమయం,Greek,New Testament
G172,ἄκακος,"ἄν+κακός",,చెడ్డ,Greek,New Testament
G173,ἄκανθα,"ἀκμήν",,ఇంతవరకు,Greek,New Testament
G174,ἀκάνθινος,"ἀκμήν",,ఇంతవరకు,Greek,New Testament
G175,ἄκαρπος,"ἄν+αἴρω",,ఎత్తుట,Greek,New Testament
G176,ἀκατάγνωστος,"ἄν+κατά+γινώσκω",,ఖండించు,Greek,New Testament
G177,ἀκατακάλυπτος,"ἄν+κατά+κλέπτω+κρύπτω",,దొంగిలించు+దాచు,Greek,New Testament
G178,ἀκατάκριτος,"ἄν+κατά+κρίνω",,తీర్పు తీర్చు,Greek,New Testament
G179,ἀκατάλυτος,"ἄν+κατά+λύω",,విడదీయు,Greek,New Testament
G180,ἀκατάπαυστος,"ἄν+κατά+παύω",,విశ్రమింపచేయు,Greek,New Testament
G181,ἀκαταστασία,"ἄν+κατά+ἵστημι",,స్థాపించు,Greek,New Testament
G182,ἀκατάστατος,"ἄν+κατά+ἵστημι",,స్థాపించు,Greek,New Testament
G183,ἀκατάσχετος,"ἄν+κατά+σχέω",,నిలుపుకొను,Greek,New Testament
G184,Ἀκελδαμά,"Ἀκελδαμά",,అకెల్దమా,Greek,New Testament
G185,ἀκέραιος,"ἄν+κεράννυμι",,కలిపివేయు,Greek,New Testament
G186,ἀκλινής,"ἄν+κλίνω",,వంచు,Greek,New Testament
G187,ἀκμάζω,"ἀκμήν",,ఇప్పుడే,Greek,New Testament
G188,ἀκμήν,"ἀκμήν",,ఇప్పుడే,Greek,New Testament
G189,ἀκοή,"ἀκούω",,విను,Greek,New Testament
G190,ἀκολουθέω,"ἄν",,ఒకవేళ,Greek,New Testament
G191,ἀκούω,"ἀκούω",,విను,Greek,New Testament
G192,ἀκρασία,"ἄν+κράτος",,బలం,Greek,New Testament
G193,ἀκρατής,"ἄν+κράτος",,బలం,Greek,New Testament
G194,ἄκρατος,"ἄν+κεράννυμι",,కలిపివేయు,Greek,New Testament
G195,ἀκρίβεια,"ἀκμήν",,ఇప్పుడే,Greek,New Testament
G196,ἀκριβέστατος,"ἀκμήν",,ఇప్పుడే,Greek,New Testament
G197,ἀκριβέστερον,"ἀκμήν",,ఇప్పుడే,Greek,New Testament
G198,ἀκριβόω,"ἀκμήν",,ఇప్పుడే,Greek,New Testament
G199,ἀκριβῶς,"ἀκμήν",,ఇప్పుడే,Greek,New Testament
G200,ἀκρίς,"ἀκμήν",,ఇప్పుడే,Greek,New Testament
G201,ἀκροατήριον,"ἀκούω",,విను,Greek,New Testament
G202,ἀκροατής,"ἀκούω",,విను,Greek,New Testament
G203,ἀκροβυστία,"ἀκμήν",,ఇప్పుడే,Greek,New Testament
G204,ἀκρογωνιαῖος,"ἀκμήν+γόνυ",,మోకాలు,Greek,New Testament
G205,ἀκροθίνιον,"ἀκμήν",,ఇప్పుడే,Greek,New Testament
G206,ἄκρον,"ἀκμήν",,ఇప్పుడే,Greek,New Testament
G207,Ἀκύλας,"Ἀκύλας",,అకులా,Greek,New Testament
G208,ἀκυρόω,"ἄν+κύριος",,ప్రభువు,Greek,New Testament
G209,ἀκωλύτως,"ἄν+κολάζω",,శిక్షించు,Greek,New Testament
G210,ἄκων,"ἄν+ἑκών",,స్వచ్ఛందంగా ఉంటే,Greek,New Testament
G211,ἀλάβαστρον,"ἀλάβαστρον",,పాలరాయి సీసా,Greek,New Testament
G212,ἀλαζονεία,"ἀλαζών",,దొంగ,Greek,New Testament
G213,ἀλαζών,"ἀλαζών",,దొంగ,Greek,New Testament
G214,ἀλαλάζω,"ἀλαλάζω",,బిగ్గరగా అరవండి,Greek,New Testament
G215,ἀλάλητος,"ἄν+λαλέω",,మాట్లాడితే,Greek,New Testament
G216,ἄλαλος,"ἄν+λαλέω",,మాట్లాడితే,Greek,New Testament
G217,ἅλας,"ἅλς",,ఉప్పు,Greek,New Testament
G218,ἀλείφω,"ἄν+λιπαρός",,సున్నితంగా ఉంటే,Greek,New Testament
G219,ἀλεκτοροφωνία,"ἀλέκτωρ+φημί",,పుంజు చెప్పాడు,Greek,New Testament
G220,ἀλέκτωρ,"ἀλέκτωρ",,పుంజు,Greek,New Testament
G221,Ἀλεξανδρεύς,"Ἀλεξανδρεύς",,అలెగ్జాండ్రియా వ్యక్తి,Greek,New Testament
G222,Ἀλεξανδρῖνος,"Ἀλεξανδρεύς",,అలెగ్జాండ్రియా వ్యక్తి,Greek,New Testament
G223,Ἀλέξανδρος,"ἀλέκτωρ+ὁράω",,పుంజు చూసింది,Greek,New Testament
G224,ἄλευρον,"ἄλευρον",,పిండి,Greek,New Testament
G225,ἀλήθεια,"ἄν+λανθάνω",అలేథియా,సత్యం,Greek,New Testament
G226,ἀληθεύω,"ἄν+λανθάνω",,గుర్తించకుండా ఉంటే,Greek,New Testament
G227,ἀληθής,"ἄν+λανθάνω",అలేథేస్,సత్యమైన,Greek,New Testament
G228,ἀληθινός,"ἄν+λανθάνω",,గుర్తించకుండా ఉంటే,Greek,New Testament
G229,ἀλήθω,"ἄλευρον",,పిండి,Greek,New Testament
G230,ἀληθῶς,"ἄν+λανθάνω",,గుర్తించకుండా ఉంటే,Greek,New Testament
G231,ἁλιεύς,"ἅλς",,ఉప్పు,Greek,New Testament
G232,ἁλιεύω,"ἅλς",,ఉప్పు,Greek,New Testament
G233,ἁλίζω,"ἅλς",,ఉప్పు,Greek,New Testament
G234,ἀλίσγεμα,"ἀλίσγεμα",,మలినము,Greek,New Testament
G235,ἀλλά,"ἄλλος",,ఇతర,Greek,New Testament
G236,ἀλλάσσω,"ἄλλος",,ఇతర,Greek,New Testament
G237,ἀλλαχόθεν,"ἄλλος",,ఇతర,Greek,New Testament
G238,ἀλληγορέω,"ἄλλος+ἐγείρω",,ఇతర+లేపు,Greek,New Testament
G239,ἀλληλουϊα,"ἀλληλουϊα",,హల్లెలూయా,Greek,New Testament
G240,ἀλλήλων,"ἄλλος",,ఇతర,Greek,New Testament
G241,ἀλλογενής,"ἄλλος+γίνομαι",,ఇతర+అవుతుంది,Greek,New Testament
G242,ἅλλομαι,"ἅλλομαι",,దుముకు,Greek,New Testament
G243,ἄλλος,"ἄλλος",అల్లొస్,వేరొక,Greek,New Testament
G244,ἀλλοτριεπίσκοπος,"ἄλλος+ἐπί+σκοπός+ἐπί+σκοπός",,అధికారి,Greek,New Testament
G245,ἀλλότριος,"ἄλλος",,ఇతర,Greek,New Testament
G246,ἀλλόφυλος,"ἄλλος+φύω+φύω",,అంకురించు,Greek,New Testament
G247,ἄλλως,"ἄλλος",,వేరొక,Greek,New Testament
G248,ἀλοάω,"εἱλίσσω",,చుట్టు,Greek,New Testament
G249,ἄλογος,"ἄν+λέγω",,బహుశా చెప్పండి,Greek,New Testament
G250,ἀλόη,"ἀκμήν",,ఖచ్చితంగా,Greek,New Testament
G251,ἅλς,"ἅλς",,ఉప్పు,Greek,New Testament
G252,ἁλυκός,"ἅλς",,ఉప్పు,Greek,New Testament
G253,ἀλυπότερος,"ἄν+λύπη",,బహుశా బాధ,Greek,New Testament
G254,ἅλυσις,"ἅλυσις",,గొలుసు,Greek,New Testament
G255,ἀλυσιτελής,"ἄν+λύω+τέλος",,బహుశా విడిచిపెట్టుట,Greek,New Testament
G256,Ἀλφαῖος,"Ἀλφαῖος",,అల్ఫేయు,Greek,New Testament
G257,ἅλων,"εἱλίσσω",,చుట్టు,Greek,New Testament
G258,ἀλώπηξ,"ἀλώπηξ",,నక్క,Greek,New Testament
G259,ἅλωσις,"αἴρω",,ఎత్తు,Greek,New Testament
G260,ἅμα,"ἅμα",,కలిసి,Greek,New Testament
G261,ἀμαθής,"ἄν+μανθάνω",,బహుశా తెలుసుకోండి,Greek,New Testament
G262,ἀμαράντινος,"ἄν+μαραίνω",,బహుశా క్షీణించుట,Greek,New Testament
G263,ἀμάραντος,"ἄν+μαραίνω",,బహుశా క్షీణించుట,Greek,New Testament
G264,ἁμαρτάνω,"ἄν+μέρος",హమర్తానో,పాపం చేయు,Greek,New Testament
G265,ἁμάρτημα,"ἄν+μέρος",,బహుశా భాగం,Greek,New Testament
G266,ἁμαρτία,"ἄν+μέρος",హమర్తియా,పాపం,Greek,New Testament
G267,ἀμάρτυρος,"ἄν+μάρτυς",,బహుశా సాక్షి,Greek,New Testament
G268,ἁμαρτωλός,"ἄν+μέρος",హమర్తొలొస్,పాపి,Greek,New Testament
G269,ἄμαχος,"ἄν+μάχομαι",,బహుశా పోరాడు,Greek,New Testament
G270,ἀμάω,"ἅμα",,కలిసి,Greek,New Testament
G271,ἀμέθυστος,"ἄν+μέθη",,బహుశా మత్తు,Greek,New Testament
G272,ἀμελέω,"ἄν+μέλω",,బహుశా శ్రద్ధ,Greek,New Testament
G273,ἄμεμπτος,"ἄν+μέμφομαι",,బహుశా నిందించు,Greek,New Testament
G274,ἀμέμπτως,"ἄν+μέμφομαι",,బహుశా నిందించు,Greek,New Testament
G275,ἀμέριμνος,"ἄν+μέρος",,బహుశా భాగం,Greek,New Testament
G276,ἀμετάθετος,"ἄν+μετά+τίθημι",,మార్పు చేయు,Greek,New Testament
G277,ἀμετακίνητος,"ἄν+μετά+κινέω",,కదలుట,Greek,New Testament
G278,ἀμεταμέλητος,"ἄν+μετά+μέλω",,చింతించు,Greek,New Testament
G279,ἀμετανόητος,"ἄν+μετά+γινώσκω",,తిరిగి తెలుసుకొను,Greek,New Testament
G280,ἄμετρος,"ἄν+μέτρον",,కొలత,Greek,New Testament
G281,ἀμήν,"ἀμήν",అమేన్,ఆమేన్,Greek,New Testament
G282,ἀμήτωρ,"ἄν+μήτηρ",,తల్లి,Greek,New Testament
G283,ἀμίαντος,"ἄν+μιαίνω",,అపవిత్రం చేయు,Greek,New Testament
G284,Ἀμιναδάβ,"Ἀμιναδάβ",,అమీనాదాబు,Greek,New Testament
G285,ἄμμος,"ἅμα",,ఒకసారి,Greek,New Testament
G286,ἀμνός,"ἀμνός",,గొర్రెపిల్ల,Greek,New Testament
G287,ἀμοιβή,"ἀμοιβή",,ప్రతిఫలం,Greek,New Testament
G288,ἄμπελος,"ἀμφότερος+εἱλίσσω",,చుట్టు,Greek,New Testament
G289,ἀμπελουργός,"ἀμφότερος+εἱλίσσω+ἔργον",,గుండ్రంగా ఉపయోగించు,Greek,New Testament
G290,ἀμπελών,"ἀμφότερος+εἱλίσσω",,చుట్టు,Greek,New Testament
G291,Ἀμπλίας,"Ἀμπλίας",,అంప్లియసు,Greek,New Testament
G292,ἀμύνομαι,"ἀμύνομαι",,రక్షించు,Greek,New Testament
G293,ἀμφίβληστρον,"ἀμφότερος+βάλλω",,రెండు వెళ్ళేటట్లుగా వేయు,Greek,New Testament
G294,ἀμφιέννυμι,"ἀμφότερος",,ఇద్దరూ,Greek,New Testament
G295,Ἀμφίπολις,"ἀμφότερος+πόλεμος+πολύς",,రెండువైపులా యుద్ధం,Greek,New Testament
G296,ἄμφοδον,"ἀμφότερος+ὁδός",,రెండు రహదారులు,Greek,New Testament
G297,ἀμφότερος,"ἀμφότερος",,ఇద్దరూ,Greek,New Testament
G298,ἀμώμητος,"ἄν+μέμφομαι",,తిట్టు,Greek,New Testament
G299,ἄμωμος,"ἄν+μέμφομαι",,దోషం కనుగొను,Greek,New Testament
G300,Ἀμών,"Ἀμών",,ఆమోను,Greek,New Testament
G301,Ἀμώς,"Ἀμώς",,ఆమోసు,Greek,New Testament
G302,ἄν,"ἄν",అన్,ఒకవేళ,Greek,New Testament
G303,ἀνά,"ἀνά",,మీద,Greek,New Testament
G304,ἀναβαθμός,"ἀνά+βάσις+βάσις",,ఎక్కు దిగు,Greek,New Testament
G305,ἀναβαίνω,"ἀνά+βάσις",,ఎక్కుట,Greek,New Testament
G306,ἀναβάλλομαι,"ἀνά+βάλλω",,పైకి విసరడం,Greek,New Testament
G307,ἀναβιβάζω,"ἀνά+βάσις",,ఎక్కుట,Greek,New Testament
G308,ἀναβλέπω,"ἀνά+βλέπω",,పైకి చూడండి,Greek,New Testament
G309,ἀνάβλεψις,"ἀνά+βλέπω",,పైకి చూడుట,Greek,New Testament
G310,ἀναβοάω,"ἀνά+βοάω",,ఎలుగెత్తి కేకవేయు,Greek,New Testament
G311,ἀναβολή,"ἀνά+βάλλω",,వాయిదా వేయు,Greek,New Testament
G312,ἀναγγέλλω,"ἀνά+ἄγω",,పైకి తీసుకువెళ్ళు,Greek,New Testament
G313,ἀναγεννάω,"ἀνά+γίνομαι",,పునరుత్పత్తి చేయు,Greek,New Testament
G314,ἀναγινώσκω,"ἀνά+γινώσκω",,చదువు,Greek,New Testament
G315,ἀναγκάζω,"ἀνά+ἀγκάλη",,చేతులు,Greek,New Testament
G316,ἀναγκαῖος,"ἀνά+ἀγκάλη",అనగ్కాయొస్,అవసరమైన,Greek,New Testament
G317,ἀναγκαστῶς,"ἀνά+ἀγκάλη",,చేతులు,Greek,New Testament
G318,ἀνάγκη,"ἀνά+ἀγκάλη",,చేతులు,Greek,New Testament
G319,ἀναγνωρίζομαι,"ἀνά+γινώσκω",అనగ్నొరిజొమై,గుర్తించబడు,Greek,New Testament
G320,ἀνάγνωσις,"ἀνά+γινώσκω",,చదువు,Greek,New Testament
G321,ἀνάγω,"ἀνά+ἄγω",,పైకి తీసుకువెళ్ళు,Greek,New Testament
G322,ἀναδείκνυμι,"ἀνά+δεικνύω",,చూపించు,Greek,New Testament
G323,ἀνάδειξις,"ἀνά+δεικνύω",,వెల్లడి చేయు,Greek,New Testament
G324,ἀναδέχομαι,"ἀνά+δέχομαι",,స్వీకరించు,Greek,New Testament
G325,ἀναδίδωμι,"ἀνά+δίδωμι",,తిరిగి ఇవ్వు,Greek,New Testament
G326,ἀναζάω,"ἀνά+ζάω",,లేచు,Greek,New Testament
G327,ἀναζητέω,"ἀνά+ζητέω",,విచారించు,Greek,New Testament
G328,ἀναζώννυμι,"ἀνά+ζυγός",,కాడి,Greek,New Testament
G329,ἀναζωπυρέω,"ἀνά+ζάω+πῦρ",,అగ్నిని రేపడం,Greek,New Testament
G330,ἀναθάλλω,"ἀνά",,మీద,Greek,New Testament
G331,ἀνάθεμα,"ἀνά+τίθημι",,పెట్టు,Greek,New Testament
G332,ἀναθεματίζω,"ἀνά+τίθημι",,నివేదించు,Greek,New Testament
G333,ἀναθεωρέω,"ἀνά+θεάομαι+ὁράω",,పైకి చూడు,Greek,New Testament
G334,ἀνάθημα,"ἀνά+τίθημι+ἀνά+τίθημι",అనథెమా,ఆనతేమము,Greek,New Testament
G335,ἀναίδεια,"ἄν+ἄνευ+ἄν+εἴδω",,అర్థం తెలియదు,Greek,New Testament
G336,ἀναίρεσις,"ἀνά+αἴρω",,పైకి ఎత్తు,Greek,New Testament
G337,ἀναιρέω,"ἀνά+αἴρω",,ఎత్తు,Greek,New Testament
G338,ἀναίτιος,"ἄν+αἰτέω+αἰτέω",,అడుగుతూ ఉండు,Greek,New Testament
G339,ἀνακαθίζω,"ἀνά+κατά+ἑδραῖος",,సుస్థిరపరచు,Greek,New Testament
G340,ἀνακαινίζω,"ἀνά+καινός",,క్రొత్తది,Greek,New Testament
G341,ἀνακαινόω,"ἀνά+καινός",,నూతనమైన,Greek,New Testament
G342,ἀνακαίνωσις,"ἀνά+καινός",,నూతనమైన,Greek,New Testament
G343,ἀνακαλύπτω,"ἀνά+κλέπτω+κρύπτω",,దొంగిలించుకొనివెళ్లు,Greek,New Testament
G344,ἀνακάμπτω,"ἀνά+κάμπτω",,తిరిగివచ్చు,Greek,New Testament
G345,ἀνακεῖμαι,"ἀνά+κεῖμαι",,పండుకొనుట,Greek,New Testament
G346,ἀνακεφαλαίομαι,"ἀνά+κεφαλή",,తల,Greek,New Testament
G347,ἀνακλίνω,"ἀνά+κλίνω",,భోజనమునకు కూర్చుండబెట్టు,Greek,New Testament
G348,ἀνακόπτω,"ἀνά+κόπτω",,ఆటంకపరచు,Greek,New Testament
G349,ἀνακράζω,"ἀνά+κράζω",,ఎలుగెత్తి కేకవేయు,Greek,New Testament
G350,ἀνακρίνω,"ἀνά+κρίνω",,విచారించు,Greek,New Testament
G351,ἀνάκρισις,"ἀνά+κρίνω",,పరీక్షించు,Greek,New Testament
G352,ἀνακύπτω,"ἀνά+κῦμα",,పెద్ద తరంగము,Greek,New Testament
G353,ἀναλαμβάνω,"ἀνά+δέχομαι",,స్వీకరించు,Greek,New Testament
G354,ἀνάληψις,"ἀνά+δέχομαι",,పుచ్చుకొను,Greek,New Testament
G355,ἀναλίσκω,"ἀνά+αἴρω",,ఎత్తు,Greek,New Testament
G356,ἀναλογία,"ἀνά+λέγω",,గుంపుకూడు,Greek,New Testament
G357,ἀναλογίζομαι,"ἀνά+λέγω",,ఏరుకొను,Greek,New Testament
G358,ἄναλος,"ἄν+ἅλς",,ఉప్పు,Greek,New Testament
G359,ἀνάλυσις,"ἀνά+λύω",,విడిచివెళ్లు,Greek,New Testament
G360,ἀναλύω,"ἀνά+λύω",,తిరిగివెళ్లు,Greek,New Testament
G361,ἀναμάρτητος,"ἄν+ἄν+μέρος",,పైభాగము,Greek,New Testament
G362,ἀναμένω,"ἀνά+μένω",,వేచియుండు,Greek,New Testament
G363,ἀναμιμνήσκω,"ἀνά+μένω+μασσάομαι",,తిరిగి తడుములాడు,Greek,New Testament
G364,ἀνάμνησις,"ἀνά+μένω+μασσάομαι",,తిరిగి వెదకు,Greek,New Testament
G365,ἀνανεόω,"ἀνά+νέος",,క్రొత్త,Greek,New Testament
G366,ἀνανήφω,"ἀνά+νήφω",,మత్తు వదులు,Greek,New Testament
G367,Ἀνανίας,"Ἀνανίας",,అననీయ,Greek,New Testament
G368,ἀναντίῤῥητος,"ἄν+ἀντί+ῥέω",,నది ఎదురుగా,Greek,New Testament
G369,ἀναντιῤῥήτως,"ἄν+ἀντί+ῥέω",,నది ఎదురుగా,Greek,New Testament
G370,ἀνάξιος,"ἄν+ἄγω",,పైకి నడిపించు,Greek,New Testament
G371,ἀναξίως,"ἄν+ἄγω",,అర్థం తెలియదు,Greek,New Testament
G372,ἀνάπαυσις,"ἀνά+παύω",,విశ్రమించు,Greek,New Testament
G373,ἀναπαύω,"ἀνά+παύω",,విశ్రమించు,Greek,New Testament
G374,ἀναπείθω,"ἀνά+πείθω",,నమ్మించు,Greek,New Testament
G375,ἀναπέμπω,"ἀνά+πέμπω",,పంపు,Greek,New Testament
G376,ἀνάπηρος,"ἀνά",,మీద,Greek,New Testament
G377,ἀναπίπτω,"ἀνά+πτάομαι",,ఎగురు,Greek,New Testament
G378,ἀναπληρόω,"ἀνά+πλήθω",,నింపు,Greek,New Testament
G379,ἀναπολόγητος,"ἄν+ἀπό+λέγω",,అర్థం తెలియదు,Greek,New Testament
G380,ἀναπτύσσω,"ἀνά+πτύσσω",,విప్పారు,Greek,New Testament
G381,ἀνάπτω,"ἀνά+ἅπτω",,వెలిగించు,Greek,New Testament
G382,ἀναρίθμητος,"ἄν+αἴρω",,ఎత్తు,Greek,New Testament
G383,ἀνασείω,"ἀνά+σείω",,కదిలించు,Greek,New Testament
G384,ἀνασκευάζω,"ἀνά+σκεῦος",,అర్థం తెలియదు,Greek,New Testament
G385,ἀνασπάω,"ἀνά+σπάω",,పైకి లాగు,Greek,New Testament
G386,ἀνάστασις,"ἀνά+ἵστημι",అనాస్తసిస్,పునరుత్థానం,Greek,New Testament
G387,ἀναστατόω,"ἀνά+ἵστημι",,లేపు,Greek,New Testament
G388,ἀνασταυρόω,"ἀνά+ἵστημι",,లేపు,Greek,New Testament
G389,ἀναστενάζω,"ἀνά+ἵστημι",,లేపు,Greek,New Testament
G390,ἀναστρέφω,"ἀνά+τροπή",,నాశనము,Greek,New Testament
G391,ἀναστροφή,"ἀνά+τροπή",,నాశనము,Greek,New Testament
G392,ἀνατάσσομαι,"ἀνά+τάσσω",,క్రమపరచు,Greek,New Testament
G393,ἀνατέλλω,"ἀνά+τέλος",,అర్థం తెలియదు,Greek,New Testament
G394,ἀνατίθεμαι,"ἀνά+τίθημι",,నిర్ణయించు,Greek,New Testament
G395,ἀνατολή,"ἀνά+τέλος",,అర్థం తెలియదు,Greek,New Testament
G396,ἀνατρέπω,"ἀνά+τροπή",,నాశనము,Greek,New Testament
G397,ἀνατρέφω,"ἀνά+τρέφω",,పెంచు,Greek,New Testament
G398,ἀναφαίνω,"ἀνά+φημί",,ప్రకటించు,Greek,New Testament
G399,ἀναφέρω,"ἀνά+φέρω",,తెచ్చు,Greek,New Testament
G400,ἀναφωνέω,"ἀνά+φημί",,ప్రకటించు,Greek,New Testament
G401,ἀνάχυσις,"ἀνά",,మీద,Greek,New Testament
G402,ἀναχωρέω,"ἀνά+χάσμα",,అగాధం,Greek,New Testament
G403,ἀνάψυξις,"ἀνά+ψύχω",,సేదదీర్చు,Greek,New Testament
G404,ἀναψύχω,"ἀνά+ψύχω",,సేదదీర్చు,Greek,New Testament
G405,ἀνδραποδιστής,"ὁράω+πούς",,పాదములు చూచుట,Greek,New Testament
G406,Ἀνδρέας,"ὁράω",,చూచు,Greek,New Testament
G407,ἀνδρίζομαι,"ὁράω",,చూచు,Greek,New Testament
G408,Ἀνδρόνικος,"ὁράω+νίκη",,విజయము చూచుట,Greek,New Testament
G409,ἀνδροφόνος,"ὁράω+φόνος",,హత్య చూచుట,Greek,New Testament
G410,ἀνέγκλητος,"ἄν+εἰς+ἐξ+κελεύω",,ఆజ్ఞాపించినట్లయితే,Greek,New Testament
G411,ἀνεκδιήγητος,"ἄν+ἐξ+διά+ἄγω",,నడిపించినట్లయితే,Greek,New Testament
G412,ἀνεκλάλητος,"ἄν+ἐξ+λαλέω",,మాట్లాడినట్లయితే,Greek,New Testament
G413,ἀνέκλειπτος,"ἄν+ἐξ+λείπω",,విడిచిపెట్టినట్లయితే,Greek,New Testament
G414,ἀνεκτότερος,"ἀνά+σχέω",,సహించుకొను,Greek,New Testament
G415,ἀνελεήμων,"ἄν+ἔλεος",,కనికరము,Greek,New Testament
G416,ἀνεμίζω,"ἀήρ",,గాలి,Greek,New Testament
G417,ἄνεμος,"ἀήρ",,గాలి,Greek,New Testament
G418,ἀνένδεκτος,"ἄν+εἰς+ἐξ+δέχομαι",,అంగీకరించినట్లయితే,Greek,New Testament
G419,ἀνεξερεύνητος,"ἄν+ἐξ+ῥέω",,ప్రవహించినట్లయితే,Greek,New Testament
G420,ἀνεξίκακος,"ἀνά+σχέω+κακός",,చెడును సహించుకొను,Greek,New Testament
G421,ἀνεξιχνίαστος,"ἄν+ἐξ+ἥκω",,వచ్చినట్లయితే,Greek,New Testament
G422,ἀνεπαίσχυντος,"ἄν+ἐπί+αἰσχύνομαι",,సిగ్గుపడినట్లయితే,Greek,New Testament
G423,ἀνεπίληπτος,"ἄν+ἐπί+δέχομαι",,అంగీకరించినట్లయితే,Greek,New Testament
G424,ἀνέρχομαι,"ἀνά+ἔρχομαι",,వచ్చు,Greek,New Testament
G425,ἄνεσις,"ἀνά",,పైకి,Greek,New Testament
G426,ἀνετάζω,"ἀνά",,పైకి,Greek,New Testament
G427,ἄνευ,"ἄνευ",,లేకుండా,Greek,New Testament
G428,ἀνεύθετος,"ἄν+εὖ+τίθημι",,చేసినట్లయితే,Greek,New Testament
G429,ἀνευρίσκω,"ἀνά+εὑρίσκω",,తిరిగి కనుగొను,Greek,New Testament
G430,ἀνέχομαι,"ἀνά+σχέω",,సహించుకొను,Greek,New Testament
G431,ἀνεψιός,"ἄν",,ఉన్నట్లయితే,Greek,New Testament
G432,ἄνηθον,"ἄνηθον",,సోపు,Greek,New Testament
G433,ἀνήκω,"ἀνά+ἥκω",,తిరిగివచ్చు,Greek,New Testament
G434,ἀνήμερος,"ἄν",,ఒకవేళ,Greek,New Testament
G435,ἀνήρ,"ὁράω",,చూచు,Greek,New Testament
G436,ἀνθίστημι,"ἀντί+ἵστημι",,ఎదుర్కొను,Greek,New Testament
G437,ἀνθομολογέομαι,"ἀντί+ὁμοῦ+λέγω",,వ్యతిరేకించు,Greek,New Testament
G438,ἄνθος,"ἄνθος",,పుష్పము,Greek,New Testament
G439,ἀνθρακιά,"ἄνθραξ",,నిప్పురవ్వ,Greek,New Testament
G440,ἄνθραξ,"ἄνθραξ",,బొగ్గు,Greek,New Testament
G441,ἀνθρωπάρεσκος,"ὁράω+αἴρω",,పైకెత్తు,Greek,New Testament
G442,ἀνθρώπινος,"ὁράω",,చూచు,Greek,New Testament
G443,ἀνθρωποκτόνος,"ὁράω",,కనుగొను,Greek,New Testament
G444,ἄνθρωπος,"ὁράω",అను_థ్రోపొస్,మానవుడు,Greek,New Testament
G445,ἀνθυπατεύω,"ἀντί+ὑπέρ",,బదులుగా,Greek,New Testament
G446,ἀνθύπατος,"ἀντί+ὑπέρ",,మారగా,Greek,New Testament
G447,ἀνίημι,"ἀνά",,మీద,Greek,New Testament
G448,ἀνίλεως,"ἄν+αἴρω",,పైకెత్తు,Greek,New Testament
G449,ἄνιπτος,"ἄν+νίπτω",,కడుగు,Greek,New Testament
G450,ἀνίστημι,"ἀνά+ἵστημι",అనిస్తేమీ,లేచు,Greek,New Testament
G451,Ἄννα,"Ἄννα",,అన్న,Greek,New Testament
G452,Ἄννας,"Ἄννας",,అన్నాసు,Greek,New Testament
G453,ἀνόητος,"ἄν+γινώσκω",,గుర్తించు,Greek,New Testament
G454,ἄνοια,"ἄν+γινώσκω",,తెలుసుకొను,Greek,New Testament
G455,ἀνοίγω,"ἀνά",అనొయ్గో,తెరువు,Greek,New Testament
G456,ἀνοικοδομέω,"ἀνά+οἶκος+δῶμα",,మేడగది,Greek,New Testament
G457,ἄνοιξις,"ἀνά",,పైన,Greek,New Testament
G458,ἀνομία,"ἄν+νόμος",,అక్రమమైన,Greek,New Testament
G459,ἄνομος,"ἄν+νόμος",,అధర్మమైన,Greek,New Testament
G460,ἀνόμως,"ἄν+νόμος",,అవిధి,Greek,New Testament
G461,ἀνορθόω,"ἀνά+αἴρω+αἴρω",,పైకెత్తు,Greek,New Testament
G462,ἀνόσιος,"ἄν+ὅσιος",,అపవిత్రమైన,Greek,New Testament
G463,ἀνοχή,"ἀνά+σχέω",,స్వీకరించు,Greek,New Testament
G464,ἀνταγωνίζομαι,"ἀντί+ἄγω",,వ్యతిరేకించు,Greek,New Testament
G465,ἀντάλλαγμα,"ἀντί+ἄλλος",,ఒకదానికి బదులుగా మరొకటి,Greek,New Testament
G466,ἀνταναπληρόω,"ἀντί+ἀνά+πλήθω",,సరిచేయు,Greek,New Testament
G467,ἀνταποδίδωμι,"ἀντί+ἀπό+δίδωμι",,ప్రతిఫలము చెల్లించు,Greek,New Testament
G468,ἀνταπόδομα,"ἀντί+ἀπό+δίδωμι",,ప్రతిఫలము చెల్లించు,Greek,New Testament
G469,ἀνταπόδοσις,"ἀντί+ἀπό+δίδωμι",,ప్రతిఫలము చెల్లించు,Greek,New Testament
G470,ἀνταποκρίνομαι,"ἀντί+ἀπό",,బదులుగా,Greek,New Testament
G471,ἀντέπω,"ἀντί+ῥέω+ῥέω+φημί",,ఖండించు,Greek,New Testament
G472,ἀντέχομαι,"ἀντί+σχέω",,ఎదురుగా ఉండు,Greek,New Testament
G473,ἀντί,"ἀντί",,వ్యతిరేకము,Greek,New Testament
G474,ἀντιβάλλω,"ἀντί+βάλλω",,ఎదురుగా విసిరు,Greek,New Testament
G475,ἀντιδιατίθεμαι,"ἀντί+διά+τίθημι",,ఒడంబడిక చేసుకొను,Greek,New Testament
G476,ἀντίδικος,"ἀντί+δεικνύω",,వ్యతిరేకించు,Greek,New Testament
G477,ἀντίθεσις,"ἀντί+τίθημι",,ఎదురుగా ఉంచు,Greek,New Testament
G478,ἀντικαθίστημι,"ἀντί+κατά+ἵστημι",,ఎదిరించు,Greek,New Testament
G479,ἀντικαλέω,"ἀντί+κελεύω",,ఆజ్ఞాపించు,Greek,New Testament
G480,ἀντίκειμαι,"ἀντί+κεῖμαι",,ఎదురుగా ఉండు,Greek,New Testament
G481,ἀντικρύ,"ἀντί",,ఎదురుగా,Greek,New Testament
G482,ἀντιλαμβάνομαι,"ἀντί+δέχομαι",,స్వీకరించు,Greek,New Testament
G483,ἀντιλέγω,"ἀντί+λέγω",,వాదించు,Greek,New Testament
G484,ἀντίληψις,"ἀντί+δέχομαι",,స్వీకరించు,Greek,New Testament
G485,ἀντιλογία,"ἀντί+λέγω",,వాదించు,Greek,New Testament
G486,ἀντιλοιδορέω,"ἀντί+λοίδορος",,దూషించువాడు,Greek,New Testament
G487,ἀντίλυτρον,"ἀντί+λύω",,విడుదలచేయు,Greek,New Testament
G488,ἀντιμετρέω,"ἀντί+μέτρον",,సమాన కొలత,Greek,New Testament
G489,ἀντιμισθία,"ἀντί+μισθός",,బహుమానము,Greek,New Testament
G490,Ἀντιόχεια,"Ἀντιόχεια",,అంతోకియ,Greek,New Testament
G491,Ἀντιοχεύς,"Ἀντιόχεια",,అంతోకియ,Greek,New Testament
G492,ἀντιπαρέρχομαι,"ἀντί+παρά+ἔρχομαι",,దూరముగా వెళ్ళు,Greek,New Testament
G493,Ἀντίπας,"ἀντί+πατήρ",,ప్రతి తండ్రి,Greek,New Testament
G494,Ἀντιπατρίς,"ἀντί+πατήρ",,అధికారి,Greek,New Testament
G495,ἀντιπέραν,"ἀντί+πέραν",,యెదురుగా,Greek,New Testament
G496,ἀντιπίπτω,"ἀντί+πτάομαι",,బదులుతీర్చుకొను,Greek,New Testament
G497,ἀντιστρατεύομαι,"ἀντί+στρατιά",,ప్రతి సైన్యం,Greek,New Testament
G498,ἀντιτάσσομαι,"ἀντί+τάσσω",,వ్యతిరేకించు,Greek,New Testament
G499,ἀντίτυπον,"ἀντί+τύπτω",,ఎదిరించు,Greek,New Testament
G500,ἀντίχριστος,"ἀντί+χειμών+χάσμα",,ప్రతికూల గండి,Greek,New Testament
G501,ἀντλέω,"ἀντλέω",,నీరుతోనింపు,Greek,New Testament
G502,ἄντλημα,"ἀντλέω",,తోడు,Greek,New Testament
G503,ἀντοφθαλμέω,"ἀντί+ὁράω",,చూచుటకు ప్రతిగా,Greek,New Testament
G504,ἄνυδρος,"ἄν+ὑετός",,వాన,Greek,New Testament
G505,ἀνυπόκριτος,"ἄν+ὑπό+κρίνω",,నటించు,Greek,New Testament
G506,ἀνυπότακτος,"ἄν+ὑπό+τάσσω",,లోబరచుకొను,Greek,New Testament
G507,ἄνω,"ἀντί",,వ్యతిరేకము,Greek,New Testament
G508,ἀνώγεον,"ἀντί+γῆ",,భూమికి ప్రతిగా,Greek,New Testament
G509,ἄνωθεν,"ἀντί",,ప్రతిగా,Greek,New Testament
G510,ἀνωτερικός,"ἀντί",,బదులుగా,Greek,New Testament
G511,ἀνώτερος,"ἀντί",అనొతెరొస్,ఉన్నతమైన,Greek,New Testament
G512,ἀνωφελής,"ἄν+ὄφελος",,లాభం,Greek,New Testament
G513,ἀξίνη,"ἀξίνη",,గొడ్డలి,Greek,New Testament
G514,ἄξιος,"ἄγω",,నడుపు,Greek,New Testament
G515,ἀξιόω,"ἄγω",అక్సియొఓ,యోగ్యంగా భావించు,Greek,New Testament
G516,ἀξίως,"ἄγω",అక్సియొస్,యోగ్యంగా,Greek,New Testament
G517,ἀόρατος,"ἄν+ὁράω",,చూడుము,Greek,New Testament
G518,ἀπαγγέλλω,"ἀπό+ἄγω",అపాగ్గెల్లొ,తెలియజేయు,Greek,New Testament
G519,ἀπάγχομαι,"ἀπό+ἀγκάλη",,కౌగిలినుండి,Greek,New Testament
G520,ἀπάγω,"ἀπό+ἄγω",,దూరముగా నడుపు,Greek,New Testament
G521,ἀπαίδευτος,"ἄν+παίω",,కొట్టు,Greek,New Testament
G522,ἀπαίρω,"ἀπό+αἴρω",,ఎత్తు,Greek,New Testament
G523,ἀπαιτέω,"ἀπό+αἰτέω",,అడుగు,Greek,New Testament
G524,ἀπαλγέω,"ἀπό",,నుండి,Greek,New Testament
G525,ἀπαλλάσσω,"ἀπό+ἄλλος",,మరొకరి నుండి,Greek,New Testament
G526,ἀπαλλοτριόω,"ἀπό+ἄλλος",,వేరుగా,Greek,New Testament
G527,ἀπαλός,"ἀπαλός",,మెత్తని,Greek,New Testament
G528,ἀπαντάω,"ἀπό+ἀντί",,వ్యతిరేకమునుండి,Greek,New Testament
G529,ἀπάντησις,"ἀπό+ἀντί",,ప్రతిగా,Greek,New Testament
G530,ἅπαξ,"ἄν+πᾶς",,అందరూ,Greek,New Testament
G531,ἀπαράβατος,"ἄν+παρά+βάσις",,అతిక్రమణ,Greek,New Testament
G532,ἀπαρασκεύαστος,"ἄν+παρά+σκεῦος",,సన్నాహాలు,Greek,New Testament
G533,ἀπαρνέομαι,"ἀπό+ἄν+ῥέω",,దూరంగా ప్రవహించు,Greek,New Testament
G534,ἀπάρτι,"ἀπό+αἴρω+αἴρω",,తీసివేయు,Greek,New Testament
G535,ἀπαρτισμός,"ἀπό+αἴρω+αἴρω",,తీసివేయు,Greek,New Testament
G536,ἀπαρχή,"ἀπό+ἄρχω",,ప్రారంభించు,Greek,New Testament
G537,ἅπας,"ἄν+πᾶς",,అందరూ,Greek,New Testament
G538,ἀπατάω,"ἀπατάω",,మోసగించు,Greek,New Testament
G539,ἀπάτη,"ἀπατάω",,మోసగించు,Greek,New Testament
G540,ἀπάτωρ,"ἄν+πατήρ",,తండ్రిలేని,Greek,New Testament
G541,ἀπαύγασμα,"ἀπό+αὐγή",,ప్రకాశము,Greek,New Testament
G542,ἀπείδω,"ἀπό+εἴδω",,చూడు,Greek,New Testament
G543,ἀπείθεια,"ἄν+πείθω",,నమ్మకంలేని,Greek,New Testament
G544,ἀπειθέω,"ἄν+πείθω",,నమ్మకంలేని,Greek,New Testament
G545,ἀπειθής,"ἄν+πείθω",,నమ్మకంలేని,Greek,New Testament
G546,ἀπειλέω,"ἀπειλέω",,బెదిరించు,Greek,New Testament
G547,ἀπειλή,"ἀπειλέω",,బెదిరించు,Greek,New Testament
G548,ἄπειμι,"ἀπό+εἰμί",,నుండి,Greek,New Testament
G549,ἄπειμι,"ἀπό",,నుండి,Greek,New Testament
G550,ἀπειπόμην,"ἀπό+ῥέω+ῥέω+φημί",,ఖండించు,Greek,New Testament
G551,ἀπείραστος,"ἄν+πέραν",,ఆవలి,Greek,New Testament
G552,ἄπειρος,"ἄν+πέραν",,ఆవలి,Greek,New Testament
G553,ἀπεκδέχομαι,"ἀπό+ἐξ+δέχομαι",,స్వీకరించు,Greek,New Testament
G554,ἀπεκδύομαι,"ἀπό+ἐξ+δῦμι",,విప్పండి,Greek,New Testament
G555,ἀπέκδυσις,"ἀπό+ἐξ+δῦμι",,విప్పండి,Greek,New Testament
G556,ἀπελαύνω,"ἀπό+ἐλαύνω",,తొలగించు,Greek,New Testament
G557,ἀπελεγμός,"ἀπό+ἐλέγχω",,ఖండించు,Greek,New Testament
G558,ἀπελεύθερος,"ἀπό+ἔρχομαι",,వెళ్ళండి,Greek,New Testament
G559,Ἀπελλῆς,"Ἀπελλῆς",,అపెల్లెస్,Greek,New Testament
G560,ἀπελπίζω,"ἀπό+ἐλπίς",,నిరాశ,Greek,New Testament
G561,ἀπέναντι,"ἀπό+εἰς+ἐξ+ἀντί",,భిన్నమైన,Greek,New Testament
G562,ἀπέραντος,"ἄν+πέραν",,ఆవల,Greek,New Testament
G563,ἀπερισπάστως,"ἄν+πέραν+σπάω",,అతికాయుట,Greek,New Testament
G564,ἀπερίτμητος,"ἄν+πέραν+κόπτω",,శాశ్వతముగా నరుకుట,Greek,New Testament
G565,ἀπέρχομαι,"ἀπό+ἔρχομαι",,వెళ్ళు,Greek,New Testament
G566,ἀπέχει,"ἀπό+σχέω",,నిలిపివేయు,Greek,New Testament
G567,ἀπέχομαι,"ἀπό+σχέω",,నిలిపివేయు,Greek,New Testament
G568,ἀπέχω,"ἀπό+σχέω",,నిలిపివేయు,Greek,New Testament
G569,ἀπιστέω,"ἄν+πείθω",,నమ్మించు,Greek,New Testament
G570,ἀπιστία,"ἄν+πείθω",,నమ్మించు,Greek,New Testament
G571,ἄπιστος,"ἄν+πείθω",,నమ్మించు,Greek,New Testament
G572,ἁπλότης,"ἄν+πλέκω",,ముడివేయు,Greek,New Testament
G573,ἁπλοῦς,"ἄν+πλέκω",,ముడివేయు,Greek,New Testament
G574,ἁπλῶς,"ἄν+πλέκω+ἄν+πλέκω",,ఒకదానితో ఒకటి ముడివేయు,Greek,New Testament
G575,ἀπό,"ἀπό",,నుండి,Greek,New Testament
G576,ἀποβαίνω,"ἀπό+βάσις",,ఉపసర్గ,Greek,New Testament
G577,ἀποβάλλω,"ἀπό+βάλλω",,విసర్జించు,Greek,New Testament
G578,ἀποβλέπω,"ἀπό+βλέπω",,దృష్టి మరల్చు,Greek,New Testament
G579,ἀπόβλητος,"ἀπό+βάλλω",,విసర్జించు,Greek,New Testament
G580,ἀποβολή,"ἀπό+βάλλω",,విసర్జించు,Greek,New Testament
G581,ἀπογενόμενος,"ἀπό+γίνομαι",,విడిపోవు,Greek,New Testament
G582,ἀπογραφή,"ἀπό+γράφω",,వ్రాయు,Greek,New Testament
G583,ἀπογράφω,"ἀπό+γράφω",,వ్రాయు,Greek,New Testament
G584,ἀποδείκνυμι,"ἀπό+δεικνύω",,ఋజువు చేయు,Greek,New Testament
G585,ἀπόδειξις,"ἀπό+δεικνύω",,ఋజువు చేయు,Greek,New Testament
G586,ἀποδεκατόω,"ἀπό+δέκα",,దశాంశము,Greek,New Testament
G587,ἀπόδεκτος,"ἀπό+δέχομαι",,స్వీకరించు,Greek,New Testament
G588,ἀποδέχομαι,"ἀπό+δέχομαι",,స్వీకరించు,Greek,New Testament
G589,ἀποδημέω,"ἀπό+δέω",,అర్థం తెలియదు,Greek,New Testament
G590,ἀπόδημος,"ἀπό+δέω",,అర్థం తెలియదు,Greek,New Testament
G591,ἀποδίδωμι,"ἀπό+δίδωμι",అపొదీదొమి,తిరిగి ఇచ్చు,Greek,New Testament
G592,ἀποδιορίζω,"ἀπό+διά+ὅριον",,సరిహద్దునకావల,Greek,New Testament
G593,ἀποδοκιμάζω,"ἀπό+δοκέω",,అసమ్మతి,Greek,New Testament
G594,ἀποδοχή,"ἀπό+δέχομαι",,అందుకొను,Greek,New Testament
G595,ἀπόθεσις,"ἀπό+τίθημι",,తొలగించు,Greek,New Testament
G596,ἀποθήκη,"ἀπό+τίθημι",,విసర్జించు,Greek,New Testament
G597,ἀποθησαυρίζω,"ἀπό+τίθημι",,ఉంచు,Greek,New Testament
G598,ἀποθλίβω,"ἀπό+θραύω+τρίζω+θραύω+τρίζω",,ముక్కలుచేయు,Greek,New Testament
G599,ἀποθνήσκω,"ἀπό+θνήσκω",,మరణించు,Greek,New Testament
G600,ἀποκαθίστημι,"ἀπό+κατά+ἵστημι",,పునరుద్దరించు,Greek,New Testament
G601,ἀποκαλύπτω,"ἀπό+κλέπτω+κρύπτω",,దొంగిలించు,Greek,New Testament
G602,ἀποκάλυψις,"ἀπό+κλέπτω+κρύπτω",,దొంగిలించు,Greek,New Testament
G603,ἀποκαραδοκία,"ἀπό+δοκέω",,అసమ్మతి,Greek,New Testament
G604,ἀποκαταλλάσσω,"ἀπό+κατά+ἄλλος",,మార్చు,Greek,New Testament
G605,ἀποκατάστασις,"ἀπό+κατά+ἵστημι",,పునరుద్దరించు,Greek,New Testament
G606,ἀπόκειμαι,"ἀπό+κεῖμαι",,పెట్టు,Greek,New Testament
G607,ἀποκεφαλίζω,"ἀπό+κεφαλή",,శిరచ్ఛేదనము,Greek,New Testament
G608,ἀποκλείω,"ἀπό+κλείω",,మూసివేయు,Greek,New Testament
G609,ἀποκόπτω,"ἀπό+κόπτω",,నరికివేయు,Greek,New Testament
G610,ἀπόκριμα,"ἀπό",,నుండి,Greek,New Testament
G611,ἀποκρίνομαι,"ἀπό",,నుండి,Greek,New Testament
G612,ἀπόκρισις,"ἀπό",,వలన,Greek,New Testament
G613,ἀποκρύπτω,"ἀπό+κρύπτω",,దాచు,Greek,New Testament
G614,ἀπόκρυφος,"ἀπό+κρύπτω",,దాచు,Greek,New Testament
G615,ἀποκτείνω,"ἀπό",,నుండి,Greek,New Testament
G616,ἀποκυέω,"ἀπό+κῦμα",,తరంగము,Greek,New Testament
G617,ἀποκυλίω,"ἀπό+κῦμα+κῦμα+εἱλίσσω",,చుట్టుకొను,Greek,New Testament
G618,ἀπολαμβάνω,"ἀπό+δέχομαι",,అందుకొను,Greek,New Testament
G619,ἀπόλαυσις,"ἀπό",,నుండి,Greek,New Testament
G620,ἀπολείπω,"ἀπό+λείπω",,విడుచు,Greek,New Testament
G621,ἀπολείχω,"ἀπό",,నుండి,Greek,New Testament
G622,ἀπόλλυμι,"ἀπό+ὄλεθρος",అపొల్లూమి,నశింపజేయు,Greek,New Testament
G623,Ἀπολλύων,"ἀπό+ὄλεθρος",,నాశనము,Greek,New Testament
G624,Ἀπολλωνία,"ἀπό+ὄλεθρος",,నాశనము,Greek,New Testament
G625,Ἀπολλῶς,"ἀπό+ὄλεθρος",,నాశనము,Greek,New Testament
G626,ἀπολογέομαι,"ἀπό+λέγω",,విడుదల చేయు,Greek,New Testament
G627,ἀπολογία,"ἀπό+λέγω",,విడుదల చేయు,Greek,New Testament
G628,ἀπολούω,"ἀπό+λούω",,కడుగు,Greek,New Testament
G629,ἀπολύτρωσις,"ἀπό+λύω",,విడిచిపెట్టు,Greek,New Testament
G630,ἀπολύω,"ἀπό+λύω",అపొలూఓ,విడిచిపెట్టు,Greek,New Testament
G631,ἀπομάσσομαι,"ἀπό",,నుండి,Greek,New Testament
G632,ἀπονέμω,"ἀπό+νόμος",,ధర్మశాస్త్ర విరుద్ధము,Greek,New Testament
G633,ἀπονίπτω,"ἀπό+νίπτω",,కడుగుకొను,Greek,New Testament
G634,ἀποπίπτω,"ἀπό+πτάομαι",,ఉమ్మివేయు,Greek,New Testament
G635,ἀποπλανάω,"ἀπό+πλάνος",,మోసగాడు,Greek,New Testament
G636,ἀποπλέω,"ἀπό+πλύνω",,కడుగు,Greek,New Testament
G637,ἀποπλύνω,"ἀπό+πλύνω",,కడుగు,Greek,New Testament
G638,ἀποπνίγω,"ἀπό+πνέω",,ఊపిరి విడుచు,Greek,New Testament
G639,ἀπορέω,"ἄν+πέραν",,అవతలివైపున,Greek,New Testament
G640,ἀπορία,"ἄν+πέραν",,అవతలివైపున,Greek,New Testament
G641,ἀποῤῥίπτω,"ἀπό+ῥαπίζω",,చంపు,Greek,New Testament
G642,ἀπορφανίζω,"ἀπό+ὀρφανός",,అనాథ,Greek,New Testament
G643,ἀποσκευάζω,"ἀπό+σκεῦος",,సామాను,Greek,New Testament
G644,ἀποσκίασμα,"ἀπό+σκιά",,నీడ,Greek,New Testament
G645,ἀποσπάω,"ἀπό+σπάω",,లాగు,Greek,New Testament
G646,ἀποστασία,"ἀπό+ἵστημι",,తొలగు,Greek,New Testament
G647,ἀποστάσιον,"ἀπό+ἵστημι",,తొలగు,Greek,New Testament
G648,ἀποστεγάζω,"ἀπό+στέγη",,కప్పులేని,Greek,New Testament
G649,ἀποστέλλω,"ἀπό+ἵστημι",అపొస్టెల్లొ,పంపు,Greek,New Testament
G650,ἀποστερέω,"ἀπό",,నుండి,Greek,New Testament
G651,ἀποστολή,"ἀπό+ἵστημι",,తొలగు,Greek,New Testament
G652,ἀπόστολος,"ἀπό+ἵστημι",అపొస్టొలొస్,అపొస్తలుడు,Greek,New Testament
G653,ἀποστοματίζω,"ἀπό+κόπτω",,ఖండించు,Greek,New Testament
G654,ἀποστρέφω,"ἀπό+τροπή",,విముఖత,Greek,New Testament
G655,ἀποστυγέω,"ἀπό+στυγνητός",,అసహ్యించుకోదగిన,Greek,New Testament
G656,ἀποσυνάγωγος,"ἀπό+σύν+ἄγω",,బహిష్కరించు,Greek,New Testament
G657,ἀποτάσσομαι,"ἀπό+τάσσω",,విడిచిపెట్టు,Greek,New Testament
G658,ἀποτελέω,"ἀπό+τέλος",,అంతం,Greek,New Testament
G659,ἀποτίθημι,"ἀπό+τίθημι",,దూరంగా ఉంచు,Greek,New Testament
G660,ἀποτινάσσω,"ἀπό",,నుండి,Greek,New Testament
G661,ἀποτίνω,"ἀπό+τίνω",,చెల్లించు,Greek,New Testament
G662,ἀποτολμάω,"ἀπό+τέλος",,అంతం,Greek,New Testament
G663,ἀποτομία,"ἀπό",,నుండి,Greek,New Testament
G664,ἀποτόμως,"ἀπό",,నుండి,Greek,New Testament
G665,ἀποτρέπω,"ἀπό+τροπή",,విముఖత,Greek,New Testament
G666,ἀπουσία,"ἀπό+εἰμί",,దూరంగా ఉండు,Greek,New Testament
G667,ἀποφέρω,"ἀπό+φέρω",,తీసుకువెళ్ళు,Greek,New Testament
G668,ἀποφεύγω,"ἀπό+φεύγω",,తప్పించుకొను,Greek,New Testament
G669,ἀποφθέγγομαι,"ἀπό+φημί+φημί",,ఖండించు,Greek,New Testament
G670,ἀποφορτίζομαι,"ἀπό+φέρω",,తీసుకువెళ్ళు,Greek,New Testament
G671,ἀπόχρησις,"ἀπό+χειμών+χάσμα",,అర్థం తెలియదు,Greek,New Testament
G672,ἀποχωρέω,"ἀπό+χάσμα",,అర్థం తెలియదు,Greek,New Testament
G673,ἀποχωρίζω,"ἀπό+χάσμα",,విరామం,Greek,New Testament
G674,ἀποψύχω,"ἀπό+ψύχω",,చల్లబరుచు,Greek,New Testament
G675,Ἄππιος,"Ἄππιος",,అప్పియసు,Greek,New Testament
G676,ἀπρόσιτος,"ἄν+πρό",,అర్థం తెలియదు,Greek,New Testament
G677,ἀπρόσκοπος,"ἄν+πρό+κόπτω",,ఆటంకపరచు,Greek,New Testament
G678,ἀπροσωπολήπτως,"ἄν+πρό+ὁράω+δέχομαι+πρό+ὁράω+δέχομαι",,అర్థం తెలియదు,Greek,New Testament
G679,ἄπταιστος,"ἄν+πτάομαι",,అర్థం తెలియదు,Greek,New Testament
G680,ἅπτομαι,"ἅπτω",హాప్టొమై,ముట్టు,Greek,New Testament
G681,ἅπτω,"ἅπτω",,తాకు,Greek,New Testament
G682,Ἀπφία,"Ἀπφία",,అప్పియ,Greek,New Testament
G683,ἀπώθομαι,"ἀπό",,నుండి,Greek,New Testament
G684,ἀπώλεια,"ἀπό+ὄλεθρος",,నాశనం నుండి,Greek,New Testament
G685,ἀρά,"αἴρω",,ఎత్తు,Greek,New Testament
G686,ἄρα,"αἴρω",,ఎత్తు,Greek,New Testament
G687,ἆρα,"αἴρω",,ఎత్తు,Greek,New Testament
G688,Ἀραβία,"Ἀραβία",,అరేబియా,Greek,New Testament
G689,Ἀράμ,"Ἀράμ",,అరామ్,Greek,New Testament
G690,Ἄραψ,"Ἀραβία",,అరేబియా,Greek,New Testament
G691,ἀργέω,"ἄν+ἔργον",,పనిలేకపోవడం,Greek,New Testament
G692,ἀργός,"ἄν+ἔργον",,పనిలేకపోవడం,Greek,New Testament
G693,ἀργύρεος,"ἄργυρος",,వెండి,Greek,New Testament
G694,ἀργύριον,"ἄργυρος",,వెండి,Greek,New Testament
G695,ἀργυροκόπος,"ἄργυρος+κόπτω",,వెండి ముక్కలు చేయడం,Greek,New Testament
G696,ἄργυρος,"ἄργυρος",,వెండి,Greek,New Testament
G697,Ἄρειος Πάγος,"πήγνυμι",,స్థాపించు,Greek,New Testament
G698,Ἀρεοπαγίτης,"πήγνυμι",,స్థాపించు,Greek,New Testament
G699,ἀρεσκεία,"αἴρω",,ఎత్తు,Greek,New Testament
G700,ἀρέσκω,"αἴρω",,ఎత్తు,Greek,New Testament
G701,ἀρεστός,"αἴρω",,ఎత్తు,Greek,New Testament
G702,Ἀρέτας,"Ἀρέτας",,అరేత,Greek,New Testament
G703,ἀρέτη,"αἴρω",,ఎత్తు,Greek,New Testament
G704,ἀρήν,"αἴρω",,ఎత్తు,Greek,New Testament
G705,ἀριθμέω,"αἴρω",,ఎత్తు,Greek,New Testament
G706,ἀριθμός,"αἴρω",అరిథ్మొస్,సంఖ్య,Greek,New Testament
G707,Ἀριμαθαία,"Ἀριμαθαία",,అరిమతయియ,Greek,New Testament
G708,Ἀρίσταρχος,"αἴρω+ἄρχω",,తీసుకొని వెళ్ళి పరిపాలించు,Greek,New Testament
G709,ἀριστάω,"αἴρω",,ఎత్తు,Greek,New Testament
G710,ἀριστερός,"αἴρω",,ఎత్తు,Greek,New Testament
G711,Ἀριστόβουλος,"αἴρω+βούλομαι",,తీసుకోవాలని కోరుకుంటున్నాను,Greek,New Testament
G712,ἄριστον,"αἴρω",,ఎత్తు,Greek,New Testament
G713,ἀρκετός,"αἴρω",,ఎత్తు,Greek,New Testament
G714,ἀρκέω,"αἴρω",,ఎత్తు,Greek,New Testament
G715,ἄρκτος,"αἴρω",,ఎత్తు,Greek,New Testament
G716,ἅρμα,"αἴρω+ἄν",,అర్థం తెలియదు,Greek,New Testament
G717,Ἀρμαγεδδών,"Ἀρμαγεδδών",,అర్మెగెద్దోను,Greek,New Testament
G718,ἁρμόζω,"αἴρω+ἄν",,అర్థం తెలియదు,Greek,New Testament
G719,ἁρμός,"αἴρω+ἄν",,అర్థం తెలియదు,Greek,New Testament
G720,ἀρνέομαι,"ἄν+ῥέω",,అర్థం తెలియదు,Greek,New Testament
G721,ἀρνίον,"αἴρω",,ఎత్తు,Greek,New Testament
G722,ἀροτριόω,"ἄροτρον",,నాగలి,Greek,New Testament
G723,ἄροτρον,"ἄροτρον",,నాగలి,Greek,New Testament
G724,ἁρπαγή,"αἴρω",,ఎత్తు,Greek,New Testament
G725,ἁρπαγμός,"αἴρω",,ఎత్తు,Greek,New Testament
G726,ἁρπάζω,"αἴρω",,ఎత్తు,Greek,New Testament
G727,ἅρπαξ,"αἴρω",,ఎత్తు,Greek,New Testament
G728,ἀῤῥαβών,"ἀῤῥαβών",,సంచకరువు,Greek,New Testament
G729,ἄῤῥαφος,"ἄν+ῥαπίζω",,అర్థం తెలియదు,Greek,New Testament
G730,ἄρσην,"αἴρω",,ఎత్తు,Greek,New Testament
G731,ἄῤῥητος,"ἄν+ῥέω",,అర్థం తెలియదు,Greek,New Testament
G732,ἄῤῥωστος,"ἄν+ῥώννυμι",,అర్థం తెలియదు,Greek,New Testament
G733,ἀρσενοκοίτης,"αἴρω+κεῖμαι",,అర్థం తెలియదు,Greek,New Testament
G734,Ἀρτεμάς,"αἴρω+αἴρω+δῶρον",,అర్థం తెలియదు,Greek,New Testament
G735,Ἄρτεμις,"αἴρω+αἴρω",,ఎత్తు+ఎత్తు,Greek,New Testament
G736,ἀρτέμων,"αἴρω+αἴρω",,ఎత్తు+ఎత్తు,Greek,New Testament
G737,ἄρτι,"αἴρω+αἴρω",,ఎత్తు+ఎత్తు,Greek,New Testament
G738,ἀρτιγέννητος,"αἴρω+αἴρω+γίνομαι",,అర్థం తెలియదు,Greek,New Testament
G739,ἄρτιος,"αἴρω+αἴρω",,ఎత్తు+ఎత్తు,Greek,New Testament
G740,ἄρτος,"αἴρω",,ఎత్తు,Greek,New Testament
G741,ἀρτύω,"αἴρω",,ఎత్తు,Greek,New Testament
G742,Ἀρφαξάδ,"Ἀρφαξάδ",,అర్పక్షదు,Greek,New Testament
G743,ἀρχάγγελος,"ἄρχω+ἄγω",,అర్థం తెలియదు,Greek,New Testament
G744,ἀρχαῖος,"ἄρχω",,ప్రారంభించు,Greek,New Testament
G745,Ἀρχέλαος,"ἄρχω+λαός+δεικνύω",,అర్థం తెలియదు,Greek,New Testament
G746,ἀρχή,"ἄρχω",అర్కే,ఆరంభం,Greek,New Testament
G747,ἀρχηγός,"ἄρχω+ἄγω",,అర్థం తెలియదు,Greek,New Testament
G748,ἀρχιερατικός,"ἄρχω+ἱερός",,అర్థం తెలియదు,Greek,New Testament
G749,ἀρχιερεύς,"ἄρχω+ἱερός",,అర్థం తెలియదు,Greek,New Testament
G750,ἀρχιποίμην,"ἄρχω+ποιμήν",,అర్థం తెలియదు,Greek,New Testament
G751,Ἄρχιππος,"ἄρχω+ἵππος",,అర్థం తెలియదు,Greek,New Testament
G752,ἀρχισυνάγωγος,"ἄρχω+σύν+ἄγω",,అర్థం తెలియదు,Greek,New Testament
G753,ἀρχιτέκτων,"ἄρχω+τίνω",,అర్థం తెలియదు,Greek,New Testament
G754,ἀρχιτελώνης,"ἄρχω+τέλος+ὠνέομαι",,అర్థం తెలియదు,Greek,New Testament
G755,ἀρχιτρίκλινος,"ἄρχω+τρία+κλίνω",,అర్థం తెలియదు,Greek,New Testament
G756,ἄρχομαι,"ἄρχω",,అర్థం తెలియదు,Greek,New Testament
G757,ἄρχω,"ἄρχω",,అధికారం,Greek,New Testament
G758,ἄρχων,"ἄρχω",అర్కోన్,అధికారి,Greek,New Testament
G759,ἄρωμα,"αἴρω",,ఎత్తు,Greek,New Testament
G760,Ἀσά,"Ἀσά",,ఆసా,Greek,New Testament
G761,ἀσάλευτος,"ἄν+σείω",,అర్థం తెలియదు,Greek,New Testament
G762,ἄσβεστος,"ἄν+σβέννυμι",,అర్థం తెలియదు,Greek,New Testament
G763,ἀσέβεια,"ἄν+σέβομαι",,అర్థం తెలియదు,Greek,New Testament
G764,ἀσεβέω,"ἄν+σέβομαι",,అర్థం తెలియదు,Greek,New Testament
G765,ἀσεβής,"ἄν+σέβομαι",,అర్థం తెలియదు,Greek,New Testament
G766,ἀσέλγεια,"ἄν",,అర్థం తెలియదు,Greek,New Testament
G767,ἄσημος,"ἄν+σημαίνω",,అర్థం తెలియదు,Greek,New Testament
G768,Ἀσήρ,"Ἀσήρ",,ఆషేరు,Greek,New Testament
G769,ἀσθένεια,"ἄν+ἵστημι",,అర్థం తెలియదు,Greek,New Testament
G770,ἀσθενέω,"ἄν+ἵστημι",,పునరుత్థానం,Greek,New Testament
G771,ἀσθένημα,"ἄν+ἵστημι",,లేచు,Greek,New Testament
G772,ἀσθενής,"ἄν+ἵστημι",,స్థాపించు,Greek,New Testament
G773,Ἀσία,"Ἀσία",,ఆసియా,Greek,New Testament
G774,Ἀσιανός,"Ἀσία",,ఆసియ,Greek,New Testament
G775,Ἀσιάρχης,"Ἀσία+ἄρχω",,అర్థం తెలియదు,Greek,New Testament
G776,ἀσιτία,"ἄν+σῖτα",,అర్థం తెలియదు,Greek,New Testament
G777,ἄσιτος,"ἄν+σῖτα",,అర్థం తెలియదు,Greek,New Testament
G778,ἀσκέω,"σκεῦος",,పాత్ర,Greek,New Testament
G779,ἀσκός,"σκεῦος",,పాత్ర,Greek,New Testament
G780,ἀσμένως,"ἡδονή",,సుఖము,Greek,New Testament
G781,ἄσοφος,"ἄν+σοφός",,అర్థం తెలియదు,Greek,New Testament
G782,ἀσπάζομαι,"ἄν+σπάω",,లాగు,Greek,New Testament
G783,ἀσπασμός,"ἄν+σπάω",,లాగు,Greek,New Testament
G784,ἄσπιλος,"ἄν+σπίλος",,మచ్చలేని,Greek,New Testament
G785,ἀσπίς,"ἀσπίς",,ఢాలు,Greek,New Testament
G786,ἄσπονδος,"ἄν+σπένδω",,వెచ్చించు,Greek,New Testament
G787,ἀσσάριον,"ἀσσάριον",,అస్సారియోను,Greek,New Testament
G788,ἆσσον,"ἀγκάλη",,చేతులు,Greek,New Testament
G789,Ἄσσος,"Ἄσσος",,అస్సోసు,Greek,New Testament
G790,ἀστατέω,"ἄν+ἵστημι",,లేపు,Greek,New Testament
G791,ἀστεῖος,"ἀστεῖος",,అందమైన,Greek,New Testament
G792,ἀστήρ,"ἵστημι",,నిలబడు,Greek,New Testament
G793,ἀστήρικτος,"ἄν+ἵστημι+ἵστημι",,అర్థం తెలియదు,Greek,New Testament
G794,ἄστοργος,"ἄν",,మీద,Greek,New Testament
G795,ἀστοχέω,"ἄν",,మీద,Greek,New Testament
G796,ἀστραπή,"ἵστημι",,నిలబడు,Greek,New Testament
G797,ἀστράπτω,"ἵστημι",,నిలబడు,Greek,New Testament
G798,ἄστρον,"ἵστημι",,నిలబడు,Greek,New Testament
G799,Ἀσύγκριτος,"ἄν+σύν+κρίνω",,పోల్చండి,Greek,New Testament
G800,ἀσύμφωνος,"ἄν+σύν+φημί",,అంగీకరించు,Greek,New Testament
G801,ἀσύνετος,"ἄν+σύν",,ఒకటిగా,Greek,New Testament
G802,ἀσύνθετος,"ἄν+σύν+τίθημι",,పెట్టు,Greek,New Testament
G803,ἀσφάλεια,"ἄν",,మీద,Greek,New Testament
G804,ἀσφαλής,"ἄν",,మీద,Greek,New Testament
G805,ἀσφαλίζω,"ἄν",,మీద,Greek,New Testament
G806,ἀσφαλῶς,"ἄν",,మీద,Greek,New Testament
G807,ἀσχημονέω,"ἄν+σχέω+σχέω",,నిలుపు నిలుపు,Greek,New Testament
G808,ἀσχημοσύνη,"ἄν+σχέω+σχέω",,అర్థం తెలియదు,Greek,New Testament
G809,ἀσχήμων,"ἄν+σχέω+σχέω",,అర్థం తెలియదు,Greek,New Testament
G810,ἀσωτία,"ἄν+σώζω",,అర్థం తెలియదు,Greek,New Testament
G811,ἀσώτως,"ἄν+σώζω",,అర్థం తెలియదు,Greek,New Testament
G812,ἀτακτέω,"ἄν+τάσσω",,అర్థం తెలియదు,Greek,New Testament
G813,ἄτακτος,"ἄν+τάσσω",,అర్థం తెలియదు,Greek,New Testament
G814,ἀτάκτως,"ἄν+τάσσω",,అర్థం తెలియదు,Greek,New Testament
G815,ἄτεκνος,"ἄν+τίκτω",,అర్థం తెలియదు,Greek,New Testament
G816,ἀτενίζω,"ἄν",,అర్థం తెలియదు,Greek,New Testament
G817,ἄτερ,"ἄνευ",,లేకుండా,Greek,New Testament
G818,ἀτιμάζω,"ἄν+τίνω",,అర్థం తెలియదు,Greek,New Testament
G819,ἀτιμία,"ἄν+τίνω",,అర్థం తెలియదు,Greek,New Testament
G820,ἄτιμος,"ἄν+τίνω",,అర్థం తెలియదు,Greek,New Testament
G821,ἀτιμόω,"ἄν+τίνω",,అర్థం తెలియదు,Greek,New Testament
G822,ἀτμίς,"ἀήρ",,గాలి,Greek,New Testament
G823,ἄτομος,"ἄν+κόπτω",,అర్థం తెలియదు,Greek,New Testament
G824,ἄτοπος,"ἄν+τόπος",,అర్థం తెలియదు,Greek,New Testament
G825,Ἀττάλεια,"Ἀττάλεια",,అత్తాలియ,Greek,New Testament
G826,αὐγάζω,"αὐγή",,కాంతి,Greek,New Testament
G827,αὐγή,"αὐγή",,వెలుగు,Greek,New Testament
G828,Αὐγοῦστος,"Αὐγοῦστος",,అగస్టస్,Greek,New Testament
G829,αὐθάδης,"ἀήρ+ἡδονή",,అర్థం తెలియదు,Greek,New Testament
G830,αὐθαίρετος,"ἀήρ+αἴρω",,అర్థం తెలియదు,Greek,New Testament
G831,αὐθεντέω,"ἀήρ",,గాలి,Greek,New Testament
G832,αὐλέω,"ἀήρ",,వాయువు,Greek,New Testament
G833,αὐλή,"ἀήρ",,గాలి,Greek,New Testament
G834,αὐλητής,"ἀήρ",,అర్థం తెలియదు,Greek,New Testament
G835,αὐλίζομαι,"ἀήρ",,గాలి,Greek,New Testament
G836,αὐλός,"ἀήρ",,అర్థం తెలియదు,Greek,New Testament
G837,αὐξάνω,"αὐξάνω",,పెరుగు,Greek,New Testament
G838,αὔξησις,"αὐξάνω",,పెరుగుట,Greek,New Testament
G839,αὔριον,"ἀήρ",,గాలి,Greek,New Testament
G840,αὐστηρός,"ἀήρ",,గాలి,Greek,New Testament
G841,αὐτάρκεια,"ἀήρ+αἴρω",,పైకి ఎత్తు,Greek,New Testament
G842,αὐτάρκης,"ἀήρ+αἴρω",,పైకి ఎత్తు,Greek,New Testament
G843,αὐτοκατάκριτος,"ἀήρ+κατά+κρίνω",,గాలిలో ఖండించు,Greek,New Testament
G844,αὐτόματος,"ἀήρ+μασσάομαι",,గాలి తట్టుకొను,Greek,New Testament
G845,αὐτόπτης,"ἀήρ+ὁράω",,గాలి చూడు,Greek,New Testament
G846,αὐτός,"ἀήρ",ఆటొస్,అతడు,Greek,New Testament
G847,αὐτοῦ,"ἀήρ",,గాలి,Greek,New Testament
G848,αὑτοῦ,"ἀήρ",,గాలి,Greek,New Testament
G849,αὐτόχειρ,"ἀήρ+χειμών+χάσμα",,తుఫాను గాలుల అగాధం,Greek,New Testament
G850,αὐχμηρός,"ἀήρ",,గాలి,Greek,New Testament
G851,ἀφαιρέω,"ἀπό+αἴρω",,తీసివేయు,Greek,New Testament
G852,ἀφανής,"ἄν+φημί",,సమ్మతింతును,Greek,New Testament
G853,ἀφανίζω,"ἄν+φημί",,సమ్మతింతును,Greek,New Testament
G854,ἀφανισμός,"ἄν+φημί",,సమ్మతింతును,Greek,New Testament
G855,ἄφαντος,"ἄν+φημί",,సమ్మతింతును,Greek,New Testament
G856,ἀφεδρών,"ἀπό+ἑδραῖος",,స్థిరముగా లేని,Greek,New Testament
G857,ἀφειδία,"ἄν+φείδομαι",,విడిచిపెట్టాను,Greek,New Testament
G858,ἀφελότης,"ἄν",,అర్థం తెలియదు,Greek,New Testament
G859,ἄφεσις,"ἀπό",,నుండి,Greek,New Testament
G860,ἁφή,"ἅπτω",,తాకు,Greek,New Testament
G861,ἀφθαρσία,"ἄν+φθείρω",,పాడుచేయు,Greek,New Testament
G862,ἄφθαρτος,"ἄν+φθείρω",,పాడుచేయు,Greek,New Testament
G863,ἀφίημι,"ἀπό",,నుండి,Greek,New Testament
G864,ἀφικνέομαι,"ἀπό+ἥκω",,వచ్చు,Greek,New Testament
G865,ἀφιλάγαθος,"ἄν+φίλος+ἀγαθός",,మేలు స్నేహితుడు,Greek,New Testament
G866,ἀφιλάργυρος,"ἄν+φίλος+ἄργυρος",,వెండి స్నేహితుడు,Greek,New Testament
G867,ἄφιξις,"ἀπό+ἥκω",,వచ్చు,Greek,New Testament
G868,ἀφίστημι,"ἀπό+ἵστημι",,దూరం చేయడం,Greek,New Testament
G869,ἄφνω,"ἄν+φημί",,అర్థం తెలియదు,Greek,New Testament
G870,ἀφόβως,"ἄν+φόβος",,అర్థం తెలియదు,Greek,New Testament
G871,ἀφομοιόω,"ἀπό+ὁμοῦ",,ఒక్కసారిగా,Greek,New Testament
G872,ἀφοράω,"ἀπό+ὁράω",,దూరంగా చూడటం,Greek,New Testament
G873,ἀφορίζω,"ἀπό+ὅριον",,సరిహద్దు నుండి,Greek,New Testament
G874,ἀφορμή,"ἀπό+ὁρμή",,ప్రేరణ నుండి,Greek,New Testament
G875,ἀφρίζω,"ἀφρός",,నురుగు,Greek,New Testament
G876,ἀφρός,"ἀφρός",,నురుగు,Greek,New Testament
G877,ἀφροσύνη,"ἄν+φράσσω",,అర్థం తెలియదు,Greek,New Testament
G878,ἄφρων,"ἄν+φράσσω",,అర్థం తెలియదు,Greek,New Testament
G879,ἀφυπνόω,"ἀπό+ὑπό",,నుండి,Greek,New Testament
G880,ἄφωνος,"ἄν+φημί",,అర్థం తెలియదు,Greek,New Testament
G881,Ἀχάζ,"Ἀχάζ",,ఆహాజు,Greek,New Testament
G882,Ἀχαΐα,"Ἀχαΐα",,అకయ,Greek,New Testament
G883,Ἀχαϊκός,"Ἀχαΐα",,అకయ,Greek,New Testament
G884,ἀχάριστος,"ἄν+χαίρω",,అర్థం తెలియదు,Greek,New Testament
G885,Ἀχείμ,"Ἀχείμ",,అకీము,Greek,New Testament
G886,ἀχειροποίητος,"ἄν+χειμών+χάσμα+ποιέω",,అర్థం తెలియదు,Greek,New Testament
G887,ἀχλύς,"ἀχλύς",,చీకటి,Greek,New Testament
G888,ἀχρεῖος,"ἄν+χειμών+χάσμα+χειμών+χάσμα+χειμών+χάσμα+χειμών+χάσμα+χειμών+χάσμα",,అర్థం తెలియదు,Greek,New Testament
G889,ἀχρειόω,"ἄν+χειμών+χάσμα+χειμών+χάσμα+χειμών+χάσμα+χειμών+χάσμα+χειμών+χάσμα",,అర్థం తెలియదు,Greek,New Testament
G890,ἄχρηστος,"ἄν+χειμών+χάσμα",,అర్థం తెలియదు,Greek,New Testament
G891,ἄχρις,"ἀκμήν",,ఇంకా,Greek,New Testament
G892,ἄχυρον,"ἄχυρον",,పొట్టు,Greek,New Testament
G893,ἀψευδής,"ἄν+ψεύδομαι",,అర్థం తెలియదు,Greek,New Testament
G894,ἄψινθος,"ἄψινθος",,మాచిపత్రి,Greek,New Testament
G895,ἄψυχος,"ἄν+ψύχω",,అర్థం తెలియదు,Greek,New Testament
G896,Βάαλ,"Βάαλ",,బయలు,Greek,New Testament
G897,Βαβυλών,"Βαβυλών",,బబులోను,Greek,New Testament
G898,βαθμός,"βάσις",,స్థావరము,Greek,New Testament
G899,βάθος,"βάσις",,పునాది,Greek,New Testament
G900,βαθύνω,"βάσις",,పునాది,Greek,New Testament
G901,βαθύς,"βάσις",,పునాది,Greek,New Testament
G902,βαΐον,"βάσις",,పునాది,Greek,New Testament
G903,Βαλαάμ,"Βαλαάμ",,బిలాము,Greek,New Testament
G904,Βαλάκ,"Βαλάκ",,బాలాకు,Greek,New Testament
G905,βαλάντιον,"βάλλω",,విసిరివేయు,Greek,New Testament
G906,βάλλω,"βάλλω",,విసిరివేయు,Greek,New Testament
G907,βαπτίζω,"βάπτω",బాప్టిజో,బాప్తిస్మ మిచ్చు,Greek,New Testament
G908,βάπτισμα,"βάπτω",బాప్టిస్మా,బాప్తిస్మము,Greek,New Testament
G909,βαπτισμός,"βάπτω",,బాప్తిస్మము ఇచ్చు,Greek,New Testament
G910,Βαπτιστής,"βάπτω",,బాప్తిస్మము ఇచ్చు,Greek,New Testament
G911,βάπτω,"βάπτω",,బాప్తిస్మము ఇచ్చు,Greek,New Testament
G912,Βαραββᾶς,"Βαραββᾶς",,బరబ్బ,Greek,New Testament
G913,Βαράκ,"Βαράκ",,బారాకు,Greek,New Testament
G914,Βαραχίας,"Βαραχίας",,బెరకియా,Greek,New Testament
G915,βάρβαρος,"βάρβαρος",,అనాగరిక,Greek,New Testament
G916,βαρέω,"βάσις+βάσις",,పునాది+పునాది,Greek,New Testament
G917,βαρέως,"βάσις+βάσις",,పునాది+పునాది,Greek,New Testament
G918,Βαρθολομαῖος,"Βαρθολομαῖος",,బర్తొలొమయి,Greek,New Testament
G919,Βαριησοῦς,"Βαριησοῦς",,వరియేసు,Greek,New Testament
G920,Βαριωνᾶς,"Βαριωνᾶς",,బర్యోనా,Greek,New Testament
G921,Βαρνάβας,"Βαρνάβας",,బర్నబా,Greek,New Testament
G922,βάρος,"βάσις+βάσις",,పునాది+పునాది,Greek,New Testament
G923,Βαρσαβᾶς,"Βαρσαβᾶς",,బర్సబా,Greek,New Testament
G924,Βαρτιμαῖος,"Βαρτιμαῖος",,బర్తిమయి,Greek,New Testament
G925,βαρύνω,"βάσις+βάσις",,పునాది+పునాది,Greek,New Testament
G926,βαρύς,"βάσις+βάσις",,పునాది+పునాది,Greek,New Testament
G927,βαρύτιμος,"βάσις+βάσις+τίνω",,అర్థం తెలియదు,Greek,New Testament
G928,βασανίζω,"βάσις",,పునాది,Greek,New Testament
G929,βασανισμός,"βάσις",,పునాది,Greek,New Testament
G930,βασανιστής,"βάσις",,పునాది,Greek,New Testament
G931,βάσανος,"βάσις",,పునాది,Greek,New Testament
G932,βασιλεία,"βάσις",బసిలియా,రాజ్యం,Greek,New Testament
G933,βασίλειον,"βάσις",,పునాది,Greek,New Testament
G934,βασίλειος,"βάσις",,పునాది,Greek,New Testament
G935,βασιλεύς,"βάσις",బసిలెఊస్,రాజు,Greek,New Testament
G936,βασιλεύω,"βάσις",,పునాది,Greek,New Testament
G937,βασιλικός,"βάσις",,పునాది,Greek,New Testament
G938,βασίλισσα,"βάσις",,పునాది,Greek,New Testament
G939,βάσις,"βάσις",,పునాది,Greek,New Testament
G940,βασκαίνω,"φημί",,అంటున్నాను,Greek,New Testament
G941,βαστάζω,"βάσις",,పునాది,Greek,New Testament
G942,βάτος,"βάτος",,ముండ్లపొద,Greek,New Testament
G943,βάτος,"βάτος",,ముండ్లపొద,Greek,New Testament
G944,βάτραχος,"βάτραχος",,కప్ప,Greek,New Testament
G945,βαττολογέω,"λέγω",,చెప్పు,Greek,New Testament
G946,βδέλυγμα,"βδελύσσω",,హేయించు,Greek,New Testament
G947,βδελυκτός,"βδελύσσω",,హేయించు,Greek,New Testament
G948,βδελύσσω,"βδελύσσω",,హేయించు,Greek,New Testament
G949,βέβαιος,"βάσις",,పునాది,Greek,New Testament
G950,βεβαιόω,"βάσις",,పునాది,Greek,New Testament
G951,βεβαίωσις,"βάσις",,పునాది,Greek,New Testament
G952,βέβηλος,"βάσις",,పునాది,Greek,New Testament
G953,βεβηλόω,"βάσις",,పునాది,Greek,New Testament
G954,Βεελζεβούλ,"Βεελζεβούλ",,బయెల్జెబూలు,Greek,New Testament
G955,Βελίαλ,"Βελίαλ",,బెలియాలు,Greek,New Testament
G956,βέλος,"βάλλω",,విసిరివేయు,Greek,New Testament
G957,βελτίον,"βάλλω+ἀγαθός",,అర్థం తెలియదు,Greek,New Testament
G958,Βενιαμίν,"Βενιαμίν",,బెన్యామీను,Greek,New Testament
G959,Βερνίκη,"φέρω+νίκη",,విజయాన్నితెచ్చు,Greek,New Testament
G960,Βέροια,"πέραν",,ఆవల,Greek,New Testament
G961,Βεροιαῖος,"πέραν",,ఆవల,Greek,New Testament
G962,Βηθαβαρά,"Βηθαβαρά",,బేతబరా,Greek,New Testament
G963,Βηθανία,"Βηθανία",,బేతనియ,Greek,New Testament
G964,Βηθεσδά,"Βηθεσδά",,బేతెస్తా,Greek,New Testament
G965,Βηθλεέμ,"Βηθλεέμ",,బేత్లెహేం,Greek,New Testament
G966,Βηθσαϊδά,"Βηθσαϊδά",,బేత్సయిదా,Greek,New Testament
G967,Βηθφαγή,"Βηθφαγή",,బేత్పగే,Greek,New Testament
G968,βῆμα,"βάσις",,స్థావరము,Greek,New Testament
G969,βήρυλλος,"βήρυλλος",,పచ్చ,Greek,New Testament
G970,βία,"βίος",,జీవితం,Greek,New Testament
G971,βιάζω,"βίος",,జీవితం,Greek,New Testament
G972,βίαιος,"βίος",,జీవితం,Greek,New Testament
G973,βιαστής,"βίος",,జీవితం,Greek,New Testament
G974,βιβλιαρίδιον,"βίβλος",,గ్రంథం,Greek,New Testament
G975,βιβλίον,"βίβλος",,పుస్తకం,Greek,New Testament
G976,βίβλος,"βίβλος",బిబ్లొస్,గ్రంథం,Greek,New Testament
G977,βιβρώσκω,"βοῦς",,ఎద్దు,Greek,New Testament
G978,Βιθυνία,"Βιθυνία",,బితునియ,Greek,New Testament
G979,βίος,"βίος",బియొస్,జీవితం,Greek,New Testament
G980,βιόω,"βίος",,జీవితం,Greek,New Testament
G981,βίωσις,"βίος",,జీవితం,Greek,New Testament
G982,βιωτικός,"βίος",,జీవితం,Greek,New Testament
G983,βλαβερός,"βλάπτω",,నష్టపరచు,Greek,New Testament
G984,βλάπτω,"βλάπτω",,నష్టపరచు,Greek,New Testament
G985,βλαστάνω,"βλαστάνω",,మొలకెత్తు,Greek,New Testament
G986,Βλάστος,"βλαστάνω",,మొలకెత్తు,Greek,New Testament
G987,βλασφημέω,"βλάπτω+φημί",,దుర్భాషలాడు,Greek,New Testament
G988,βλασφημία,"βλάπτω+φημί",,దుర్భాషలాడు,Greek,New Testament
G989,βλάσφημος,"βλάπτω+φημί",,దుర్భాషలాడు,Greek,New Testament
G990,βλέμμα,"βλέπω",,చూచు,Greek,New Testament
G991,βλέπω,"βλέπω",బ్లెపొ,చూచు,Greek,New Testament
G992,βλητέος,"βάλλω",,విసరు,Greek,New Testament
G993,Βοανεργές,"Βοανεργές",,బొవనేర్గేసు,Greek,New Testament
G994,βοάω,"βοάω",,కేకలు వేయు,Greek,New Testament
G995,βοή,"βοάω",,కేకలు వేయు,Greek,New Testament
G996,βοήθεια,"βοάω",,కేకలు వేయు,Greek,New Testament
G997,βοηθέω,"βοάω",,అరచు,Greek,New Testament
G998,βοηθός,"βοάω",,మొఱ్ఱపెట్టు,Greek,New Testament
G999,βόθυνος,"βάσις",,ఆధారం,Greek,New Testament
G1000,βολή,"βάλλω",,వేయు,Greek,New Testament
G1001,βολίζω,"βάλλω",,విసరు,Greek,New Testament
G1002,βολίς,"βάλλω",,పడద్రోయు,Greek,New Testament
G1003,Βοόζ,"Βοόζ",,బోయజు,Greek,New Testament
G1004,βόρβορος,"βόρβορος",,బురద,Greek,New Testament
G1005,βοῤῥᾶς,"βοῤῥᾶς",,ఉత్తరమునుండి వచ్చు గాలి,Greek,New Testament
G1006,βόσκω,"βοῦς",,ఎద్దు,Greek,New Testament
G1007,Βοσόρ,"Βοσόρ",,బెయోరు,Greek,New Testament
G1008,βοτάνη,"βοῦς",,ఆవు,Greek,New Testament
G1009,βότρυς,"βότρυς",,ద్రాక్షగుత్తి,Greek,New Testament
G1010,βουλευτής,"βούλομαι",,కోరుకుంటున్నాను,Greek,New Testament
G1011,βουλεύω,"βούλομαι",,ఇష్టపడుచున్నాను,Greek,New Testament
G1012,βουλή,"βούλομαι",,ఉద్దేశించు,Greek,New Testament
G1013,βούλημα,"βούλομαι",,అభిలషించు,Greek,New Testament
G1014,βούλομαι,"βούλομαι",,కోరుట,Greek,New Testament
G1015,βουνός,"βουνός",,కొండ,Greek,New Testament
G1016,βοῦς,"βοῦς",,ఎద్దు,Greek,New Testament
G1017,βραβεῖον,"βραβεῖον",,బహుమానం,Greek,New Testament
G1018,βραβεύω,"βραβεῖον",,బహుమతి,Greek,New Testament
G1019,βραδύνω,"βραδύς",,నెమ్మది,Greek,New Testament
G1020,βραδυπλοέω,"βραδύς+πλύνω",,అర్థం తెలియదు,Greek,New Testament
G1021,βραδύς,"βραδύς",,ఆలస్యము,Greek,New Testament
G1022,βραδύτης,"βραδύς",,మందకొడిగా,Greek,New Testament
G1023,βραχίων,"βραχύς",,చిన్న,Greek,New Testament
G1024,βραχύς,"βραχύς",,కొద్ది,Greek,New Testament
G1025,βρέφος,"βρέφος",,శిశువు,Greek,New Testament
G1026,βρέχω,"βρέχω",,కురియు,Greek,New Testament
G1027,βροντή,"βροντή",,ఉరుము,Greek,New Testament
G1028,βροχή,"βρέχω",,కురియు,Greek,New Testament
G1029,βρόχος,"βρόχος",,ఉచ్చు,Greek,New Testament
G1030,βρυγμός,"βρύχω",,కొరుకు,Greek,New Testament
G1031,βρύχω,"βρύχω",,కొరుకు,Greek,New Testament
G1032,βρύω,"βρύω",,నిండియుండు,Greek,New Testament
G1033,βρῶμα,"βοῦς",,ఎద్దు,Greek,New Testament
G1034,βρώσιμος,"βοῦς",,ఎద్దు,Greek,New Testament
G1035,βρῶσις,"βοῦς",,ఎద్దు,Greek,New Testament
G1036,βυθίζω,"βάσις",,పునాది,Greek,New Testament
G1037,βυθός,"βάσις",,పునాది,Greek,New Testament
G1038,βυρσεύς,"βυρσεύς",,తోలు పనిచేయువాడు,Greek,New Testament
G1039,βύσσινος,"βύσσος",,సన్నని నార,Greek,New Testament
G1040,βύσσος,"βύσσος",,సన్నని నార,Greek,New Testament
G1041,βωμός,"βάσις",,పునాది,Greek,New Testament
G1042,γαββαθά,"γαββαθά",,గబ్బతా,Greek,New Testament
G1043,Γαβριήλ,"Γαβριήλ",,గబ్రియేలు,Greek,New Testament
G1044,γάγγραινα,"γάγγραινα",,కురుపు,Greek,New Testament
G1045,Γάδ,"Γάδ",,గాదు,Greek,New Testament
G1046,Γαδαρηνός,"Γαδαρηνός",,గదరేయుడు,Greek,New Testament
G1047,γάζα,"γάζα",,గజ,Greek,New Testament
G1048,Γάζα,"Γάζα",,గాజా,Greek,New Testament
G1049,γαζοφυλάκιον,"γάζα+φύω+φύω",,చాలా వృద్ధిచెందుతుంది,Greek,New Testament
G1050,Γάϊος,"Γάϊος",,గాయియు,Greek,New Testament
G1051,γάλα,"γάλα",,పాలు,Greek,New Testament
G1052,Γαλάτης,"Γαλατία",,గలతీయ,Greek,New Testament
G1053,Γαλατία,"Γαλατία",,గలతీయ,Greek,New Testament
G1054,Γαλατικός,"Γαλατία",,గలతీయ,Greek,New Testament
G1055,γαλήνη,"γαλήνη",,నిమ్మళము,Greek,New Testament
G1056,Γαλιλαία,"Γαλιλαία",,గలిలయ,Greek,New Testament
G1057,Γαλιλαῖος,"Γαλιλαία",,గలిలయ,Greek,New Testament
G1058,Γαλλίων,"Γαλλίων",,గల్లియోను,Greek,New Testament
G1059,Γαμαλιήλ,"Γαμαλιήλ",,గమలీయేలు,Greek,New Testament
G1060,γαμέω,"γάμος",,వివాహము,Greek,New Testament
G1061,γαμίσκω,"γάμος",,వివాహము,Greek,New Testament
G1062,γάμος,"γάμος",,వివాహము,Greek,New Testament
G1063,γάρ,"γάρ",గర్,ఎందుకంటే,Greek,New Testament
G1064,γαστήρ,"γαστήρ",,కడుపు,Greek,New Testament
G1065,γέ,"γέ",,అందువలన,Greek,New Testament
G1066,Γεδεών,"Γεδεών",,గిద్యోను,Greek,New Testament
G1067,γέεννα,"γέεννα",,గెహెన్నా,Greek,New Testament
G1068,Γεθσημανῆ,"Γεθσημανῆ",,గెత్సెమనే,Greek,New Testament
G1069,γείτων,"γῆ",,భూమి,Greek,New Testament
G1070,γελάω,"γελάω",,నవ్వు,Greek,New Testament
G1071,γέλως,"γελάω",,నవ్వు,Greek,New Testament
G1072,γεμίζω,"γέμω",,నిండు,Greek,New Testament
G1073,γέμω,"γέμω",,నిండు,Greek,New Testament
G1074,γενεά,"γίνομαι",,అగు,Greek,New Testament
G1075,γενεαλογέω,"γίνομαι+λέγω",,అర్థం తెలియదు,Greek,New Testament
G1076,γενεαλογία,"γίνομαι+λέγω",,అర్థం తెలియదు,Greek,New Testament
G1077,γενέσια,"γίνομαι",,అగు,Greek,New Testament
G1078,γένεσις,"γίνομαι",,అగు,Greek,New Testament
G1079,γενετή,"γίνομαι",,అగు,Greek,New Testament
G1080,γεννάω,"γίνομαι",,అగు,Greek,New Testament
G1081,γέννημα,"γίνομαι",,అగు,Greek,New Testament
G1082,Γεννησαρέτ,"Γεννησαρέτ",,గెన్నెసరెతు,Greek,New Testament
G1083,γέννησις,"γίνομαι",,అగు,Greek,New Testament
G1084,γεννητός,"γίνομαι",,అగు,Greek,New Testament
G1085,γένος,"γίνομαι",,అగు,Greek,New Testament
G1086,Γεργεσηνός,"Γεργεσηνός",,గెర్గెసేనుల,Greek,New Testament
G1087,γερουσία,"γῆρας",,వృద్ధాప్యం,Greek,New Testament
G1088,γέρων,"γῆρας",,వృద్ధాప్యం,Greek,New Testament
G1089,γεύομαι,"γεύομαι",,రుచి చూడు,Greek,New Testament
G1090,γεωργέω,"γῆ+ἔργον",,వ్యవసాయం,Greek,New Testament
G1091,γεώργιον,"γῆ+ἔργον",,వ్యవసాయం,Greek,New Testament
G1092,γεωργός,"γῆ+ἔργον",,వ్యవసాయం,Greek,New Testament
G1093,γῆ,"γῆ",,భూమి,Greek,New Testament
G1094,γῆρας,"γῆρας",,వృద్ధాప్యం,Greek,New Testament
G1095,γηράσκω,"γῆρας",,వృద్ధాప్యం,Greek,New Testament
G1096,γίνομαι,"γίνομαι",గినొమై,అవ్వు,Greek,New Testament
G1097,γινώσκω,"γινώσκω",గినొస్కొ,తెలుసుకొను,Greek,New Testament
G1098,γλεῦκος,"γλυκύς",,తీపి,Greek,New Testament
G1099,γλυκύς,"γλυκύς",,తీపి,Greek,New Testament
G1100,γλῶσσα,"γλῶσσα",,నాలుక,Greek,New Testament
G1101,γλωσσόκομον,"γλῶσσα+κομίζω",,అర్థం తెలియదు,Greek,New Testament
G1102,γναφεύς,"γναφεύς",,ఉతికేవాడు,Greek,New Testament
G1103,γνήσιος,"γίνομαι",,అవుతున్నది,Greek,New Testament
G1104,γνησίως,"γίνομαι",,అవుతున్నది,Greek,New Testament
G1105,γνόφος,"νέφος",,మేఘం,Greek,New Testament
G1106,γνώμη,"γινώσκω",,తెలుసుకొనుట,Greek,New Testament
G1107,γνωρίζω,"γινώσκω",,తెలుసుకొనుట,Greek,New Testament
G1108,γνῶσις,"γινώσκω",,తెలుసుకొనుట,Greek,New Testament
G1109,γνώστης,"γινώσκω",,తెలుసుకొనుట,Greek,New Testament
G1110,γνωστός,"γινώσκω",,తెలుసుకొనుట,Greek,New Testament
G1111,γογγύζω,"γογγύζω",,సణుగుకొనుట,Greek,New Testament
G1112,γογγυσμός,"γογγύζω",,సణుగుకొనుట,Greek,New Testament
G1113,γογγυστής,"γογγύζω",,సణుగుకొనుట,Greek,New Testament
G1114,γόης,"γόης",,అబద్ధికుడు,Greek,New Testament
G1115,Γολγοθᾶ,"Γολγοθᾶ",,గొల్గొతా,Greek,New Testament
G1116,Γόμοῤῥα,"Γόμοῤῥα",,గొమొఱ్ఱా,Greek,New Testament
G1117,γόμος,"γέμω",,నిండియుండుట,Greek,New Testament
G1118,γονεύς,"γίνομαι",,అవుతున్నది,Greek,New Testament
G1119,γόνυ,"γόνυ",,మోకాలు,Greek,New Testament
G1120,γονυπετέω,"γόνυ+πτάομαι",,మోకరిల్లు,Greek,New Testament
G1121,γράμμα,"γράφω",,వ్రాయు,Greek,New Testament
G1122,γραμματεύς,"γράφω",,వ్రాయు,Greek,New Testament
G1123,γραπτός,"γράφω",,వ్రాయు,Greek,New Testament
G1124,γραφή,"γράφω",,వ్రాయు,Greek,New Testament
G1125,γράφω,"γράφω",గ్రాఫొ,వ్రాయు,Greek,New Testament
G1126,γραώδης,"εἴδω",,తెలుసుకొను,Greek,New Testament
G1127,γρηγορεύω,"ἐγείρω",,లేపు,Greek,New Testament
G1128,γυμνάζω,"γυμνός",,దిగంబరమైన,Greek,New Testament
G1129,γυμνασία,"γυμνός",,దిగంబరమైన,Greek,New Testament
G1130,γυμνητεύω,"γυμνός",,దిగంబరమైన,Greek,New Testament
G1131,γυμνός,"γυμνός",,దిగంబరమైన,Greek,New Testament
G1132,γυμνότης,"γυμνός",,దిగంబరమైన,Greek,New Testament
G1133,γυναικάριον,"γίνομαι",,అగు,Greek,New Testament
G1134,γυναικεῖος,"γίνομαι",,అగు,Greek,New Testament
G1135,γυνή,"γίνομαι",గూనే,స్త్రీ,Greek,New Testament
G1136,Γώγ,"Γώγ",,గోగు,Greek,New Testament
G1137,γωνία,"γόνυ",,మోకాలు,Greek,New Testament
G1138,Δαβίδ,"Δαβίδ",,దావీదు,Greek,New Testament
G1139,δαιμονίζομαι,"δαίμων",,దయ్యము,Greek,New Testament
G1140,δαιμόνιον,"δαίμων",,దయ్యము,Greek,New Testament
G1141,δαιμονιώδης,"δαίμων+δαίμων",,దయ్యము+దయ్యము,Greek,New Testament
G1142,δαίμων,"δαίμων",,దయ్యము,Greek,New Testament
G1143,δάκνω,"δάκνω",,కొరుకు,Greek,New Testament
G1144,δάκρυον,"δάκρυον",,కన్నీరు,Greek,New Testament
G1145,δακρύω,"δάκρυον",,కన్నీరు,Greek,New Testament
G1146,δακτύλιος,"δέκα",,పది,Greek,New Testament
G1147,δάκτυλος,"δέκα",,పది,Greek,New Testament
G1148,Δαλμανουθά,"Δαλμανουθά",,దల్మానుత,Greek,New Testament
G1149,Δαλματία,"Δαλματία",,దల్మాతియ,Greek,New Testament
G1150,δαμάζω,"δαμάζω",,అణచు,Greek,New Testament
G1151,δάμαλις,"δαμάζω",,మచ్చికచేయు,Greek,New Testament
G1152,Δάμαρις,"δαμάζω",,అణచు,Greek,New Testament
G1153,Δαμασκηνός,"Δαμασκός",,దమస్కు,Greek,New Testament
G1154,Δαμασκός,"Δαμασκός",,దమస్కు,Greek,New Testament
G1155,δανείζω,"δάνειον",,అప్పు,Greek,New Testament
G1156,δάνειον,"δάνειον",,ఋణము,Greek,New Testament
G1157,δανειστής,"δάνειον",,అప్పిచ్చు,Greek,New Testament
G1158,Δανιήλ,"Δανιήλ",,దానియేలు,Greek,New Testament
G1159,δαπανάω,"δαπάνη",,ఖర్చు,Greek,New Testament
G1160,δαπάνη,"δαπάνη",,వ్యయం,Greek,New Testament
G1161,δέ,"δέ",దె,మరియు,Greek,New Testament
G1162,δέησις,"δέω",,బంధించు,Greek,New Testament
G1163,δεῖ,"δέω",,అవసరము,Greek,New Testament
G1164,δεῖγμα,"δεικνύω",,చూపు,Greek,New Testament
G1165,δειγματίζω,"δεικνύω",,చూపించు,Greek,New Testament
G1166,δεικνύω,"δεικνύω",,బయలుపరచు,Greek,New Testament
G1167,δειλία,"δειλός",,పిరికివాడు,Greek,New Testament
G1168,δειλιάω,"δειλός",,భయస్తుడు,Greek,New Testament
G1169,δειλός,"δειλός",,పిరికి,Greek,New Testament
G1170,δεῖνα,"δειλός",,అధైర్యము,Greek,New Testament
G1171,δεινῶς,"δειλός",,డొల్లు,Greek,New Testament
G1172,δειπνέω,"δαπάνη",,వెచ్చము,Greek,New Testament
G1173,δεῖπνον,"δαπάνη",,ఖర్చు,Greek,New Testament
G1174,δεισιδαιμονέστερος,"δειλός+δαίμων",,అర్థం తెలియదు,Greek,New Testament
G1175,δεισιδαιμονία,"δειλός+δαίμων",,అర్థం తెలియదు,Greek,New Testament
G1176,δέκα,"δέκα",,పది,Greek,New Testament
G1177,δεκαδύο,"δέκα+δύο",,పన్నెండు,Greek,New Testament
G1178,δεκαπέντε,"δέκα+πέντε",,పదిహేను,Greek,New Testament
G1179,Δεκάπολις,"δέκα+πόλεμος+πολύς",,అర్థం తెలియదు,Greek,New Testament
G1180,δεκατέσσαρες,"δέκα+τέσσαρα",,పద్నాలుగు,Greek,New Testament
G1181,δεκάτη,"δέκα",,పది,Greek,New Testament
G1182,δέκατος,"δέκα",,పది,Greek,New Testament
G1183,δεκατόω,"δέκα",,పది,Greek,New Testament
G1184,δεκτός,"δέχομαι",,అంగీకరించు,Greek,New Testament
G1185,δελεάζω,"δόλος",,మోసం,Greek,New Testament
G1186,δένδρον,"δένδρον",,చెట్టు,Greek,New Testament
G1187,δεξιολάβος,"δέχομαι+δέχομαι",,అంగీకరించు+అంగీకరించు,Greek,New Testament
G1188,δεξιός,"δέχομαι",,అంగీకరించు,Greek,New Testament
G1189,δέομαι,"δέω",,కట్టు,Greek,New Testament
G1190,Δερβαῖος,"Δέρβη",,దేర్బే,Greek,New Testament
G1191,Δέρβη,"Δέρβη",,దేర్బే,Greek,New Testament
G1192,δέρμα,"δέρω",,కొట్టు,Greek,New Testament
G1193,δερμάτινος,"δέρω",,కొట్టు,Greek,New Testament
G1194,δέρω,"δέρω",,కొట్టు,Greek,New Testament
G1195,δεσμεύω,"δέω",,కట్టు,Greek,New Testament
G1196,δεσμέω,"δέω",,కట్టు,Greek,New Testament
G1197,δέσμη,"δέω",,కట్టు,Greek,New Testament
G1198,δέσμιος,"δέω",,కట్టు,Greek,New Testament
G1199,δεσμός,"δέω",,కట్టు,Greek,New Testament
G1200,δεσμοφύλαξ,"δέω+φύω+φύω",,అర్థం తెలియదు,Greek,New Testament
G1201,δεσμωτήριον,"δέω+δέω",,కట్టు+కట్టు,Greek,New Testament
G1202,δεσμώτης,"δέω+δέω",,కట్టు+కట్టు,Greek,New Testament
G1203,δεσπότης,"δέω",దెస్పొటేస్,యజమాని,Greek,New Testament
G1204,δεῦρο,"δεῦρο",,ఇక్కడకు,Greek,New Testament
G1205,δεῦτε,"δεῦρο",,ఇక్కడకు,Greek,New Testament
G1206,δευτεραῖος,"δύο",,రెండు,Greek,New Testament
G1207,δευτερόπρωτος,"δύο+πρό",,అర్థం తెలియదు,Greek,New Testament
G1208,δεύτερος,"δύο",,రెండు,Greek,New Testament
G1209,δέχομαι,"δέχομαι",దెకొమై,స్వీకరించు,Greek,New Testament
G1210,δέω,"δέω",,కట్టు,Greek,New Testament
G1211,δή,"δέ",,మరియు,Greek,New Testament
G1212,δῆλος,"δῆλος",,స్పష్టమైన,Greek,New Testament
G1213,δηλόω,"δῆλος",,స్పష్టమైన,Greek,New Testament
G1214,Δημᾶς,"Δημήτριος",,దేమేత్రియోసు,Greek,New Testament
G1215,δημηγορέω,"δέω+ἐγείρω",,లేపు,Greek,New Testament
G1216,Δημήτριος,"Δημήτριος",,దేమేత్రియోసు,Greek,New Testament
G1217,δημιουργός,"δέω+ἔργον",,పనిచేయు,Greek,New Testament
G1218,δῆμος,"δέω",,బంధించు,Greek,New Testament
G1219,δημόσιος,"δέω",,బంధించు,Greek,New Testament
G1220,δηνάριον,"δηνάριον",,దెనారము,Greek,New Testament
G1221,δήποτε,"δέ+τό+τέ",,అప్పుడు,Greek,New Testament
G1222,δήπου,"δέ+τό",,ఆ,Greek,New Testament
G1223,διά,"διά",,గుండా,Greek,New Testament
G1224,διαβαίνω,"διά+βάσις",,దాటుట,Greek,New Testament
G1225,διαβάλλω,"διά+βάλλω",,అపనింద వేయు,Greek,New Testament
G1226,διαβεβαιόομαι,"διά+βάσις",,దాటుట,Greek,New Testament
G1227,διαβλέπω,"διά+βλέπω",,చూచు,Greek,New Testament
G1228,διάβολος,"διά+βάλλω",,అపనింద వేయు,Greek,New Testament
G1229,διαγγέλλω,"διά+ἄγω",,నడుపు,Greek,New Testament
G1230,διαγίνομαι,"διά+γίνομαι",,జరుగు,Greek,New Testament
G1231,διαγινώσκω,"διά+γινώσκω",,గుర్తించు,Greek,New Testament
G1232,διαγνωρίζω,"γράφω+γινώσκω",,గుర్తించు,Greek,New Testament
G1233,διάγνωσις,"διά+γινώσκω",,గుర్తించు,Greek,New Testament
G1234,διαγογγύζω,"διά+γογγύζω",,గునుగు,Greek,New Testament
G1235,διαγρηγορέω,"διά+ἐγείρω",,రేపు,Greek,New Testament
G1236,διάγω,"διά+ἄγω",,నడుపు,Greek,New Testament
G1237,διαδέχομαι,"διά+δέχομαι",,స్వీకరించు,Greek,New Testament
G1238,διάδημα,"διά+δέω",,బంధించు,Greek,New Testament
G1239,διαδίδωμι,"διά+δίδωμι",,పంచిపెట్టు,Greek,New Testament
G1240,διάδοχος,"διά+δέχομαι",,స్వీకరించు,Greek,New Testament
G1241,διαζώννυμι,"διά+ζυγός",,కాడి,Greek,New Testament
G1242,διαθήκη,"διά+τίθημι",దియాథేకే,నిబంధన,Greek,New Testament
G1243,διαίρεσις,"διά+αἴρω",,తీయు,Greek,New Testament
G1244,διαιρέω,"διά+αἴρω",,తీయు,Greek,New Testament
G1245,διακαθαρίζω,"διά+καθαρός",,మిక్కిలి స్వచ్ఛమైన,Greek,New Testament
G1246,διακατελέγχομαι,"διά+κατά+ἐλέγχω",,నిరూపించు,Greek,New Testament
G1247,διακονέω,"διώκω",దియాకొనెఓ,సేవించు,Greek,New Testament
G1248,διακονία,"διώκω",దియాకొనియా,సేవ,Greek,New Testament
G1249,διάκονος,"διώκω",దియాకొనొస్,సేవకుడు,Greek,New Testament
G1250,διακόσιοι,"δύο+ἑκατόν",,రెండువందలు,Greek,New Testament
G1251,διακούομαι,"διά+ἀκούω",,విను,Greek,New Testament
G1252,διακρίνω,"διά+κρίνω",,విచారించు,Greek,New Testament
G1253,διάκρισις,"διά+κρίνω",,భేదముచేయు,Greek,New Testament
G1254,διακωλύω,"διά+κολάζω",,శిక్షించు,Greek,New Testament
G1255,διαλαλέω,"διά+λαλέω",,మాటలాడు,Greek,New Testament
G1256,διαλέγομαι,"διά+λέγω",,చెప్పు,Greek,New Testament
G1257,διαλείπω,"διά+λείπω",,నిలుపు,Greek,New Testament
G1258,διάλεκτος,"διά+λέγω",,చెప్పు,Greek,New Testament
G1259,διαλλάσσω,"διά+ἄλλος",,వేరువేరు,Greek,New Testament
G1260,διαλογίζομαι,"διά+λέγω",,చెప్పు,Greek,New Testament
G1261,διαλογισμός,"διά+λέγω",,చెప్పు,Greek,New Testament
G1262,διαλύω,"διά+λύω",,పాడుచేయు,Greek,New Testament
G1263,διαμαρτύρομαι,"διά+μάρτυς",,సాక్షి,Greek,New Testament
G1264,διαμάχομαι,"διά+μάχομαι",,పోరాడు,Greek,New Testament
G1265,διαμένω,"διά+μένω",,ఉండు,Greek,New Testament
G1266,διαμερίζω,"διά+μέρος",,పాలు,Greek,New Testament
G1267,διαμερισμός,"διά+μέρος",,పంచు,Greek,New Testament
G1268,διανέμω,"διά+νόμος",,ధర్మశాస్త్రము,Greek,New Testament
G1269,διανεύω,"διά+νεύω",,సూచనచేయు,Greek,New Testament
G1270,διανόημα,"διά+γινώσκω",,తెలిసికొను,Greek,New Testament
G1271,διάνοια,"διά+γινώσκω",,తెలిసికొను,Greek,New Testament
G1272,διανοίγω,"διά+ἀνά",,అర్థం తెలియదు,Greek,New Testament
G1273,διανυκτερεύω,"διά+νύξ",,రాత్రివేళ,Greek,New Testament
G1274,διανύω,"διά",,ద్వారా,Greek,New Testament
G1275,διαπαντός,"διά+πᾶς",,అంతటా,Greek,New Testament
G1276,διαπεράω,"διά+πέραν",,అవతలికి,Greek,New Testament
G1277,διαπλέω,"διά+πλύνω",,కడుగు,Greek,New Testament
G1278,διαπονέω,"διά+πένης",,పేద,Greek,New Testament
G1279,διαπορεύομαι,"διά+πέραν",,అవతలి వైపు,Greek,New Testament
G1280,διαπορέω,"διά+ἄν+πέραν",,అవతలి వైపు,Greek,New Testament
G1281,διαπραγματεύομαι,"διά+πράσσω",,చేయు,Greek,New Testament
G1282,διαπρίω,"διά+πρίζω",,కోయు,Greek,New Testament
G1283,διαρπάζω,"διά+αἴρω",,ఎత్తు,Greek,New Testament
G1284,διαῤῥήσσω,"διά+κατά",,గుండా,Greek,New Testament
G1285,διασαφέω,"διά",,గుండా,Greek,New Testament
G1286,διασείω,"διά+σείω",,కదలించు,Greek,New Testament
G1287,διασκορπίζω,"διά+σκοπός",,గురి,Greek,New Testament
G1288,διασπάω,"διά+σπάω",,లాగు,Greek,New Testament
G1289,διασπείρω,"διά+σπάω",,లాగు,Greek,New Testament
G1290,διασπορά,"διά+σπάω",,లాగు,Greek,New Testament
G1291,διαστέλλομαι,"διά+ἵστημι",,నిలుపు,Greek,New Testament
G1292,διάστημα,"διά+ἵστημι",,నిలుపు,Greek,New Testament
G1293,διαστολή,"διά+ἵστημι",,నిలుపు,Greek,New Testament
G1294,διαστρέφω,"διά+τροπή",,మార్పు,Greek,New Testament
G1295,διασώζω,"διά+σώζω",,రక్షించు,Greek,New Testament
G1296,διαταγή,"διά+τάσσω",,నియమించు,Greek,New Testament
G1297,διάταγμα,"διά+τάσσω",,నియమించు,Greek,New Testament
G1298,διαταράσσω,"διά+ταράσσω",,కలవరపరచు,Greek,New Testament
G1299,διατάσσω,"διά+τάσσω",,నియమించు,Greek,New Testament
G1300,διατελέω,"διά+τέλος",,తుద,Greek,New Testament
G1301,διατηρέω,"διά+θεάομαι+ὁράω",,చూడు,Greek,New Testament
G1302,διατί,"διά+τὶς",,ఏల?,Greek,New Testament
G1303,διατίθεμαι,"διά+τίθημι",,ఏర్పాటుచేయు,Greek,New Testament
G1304,διατρίβω,"διά+θραύω+τρίζω+θραύω+τρίζω",,అర్థం తెలియదు,Greek,New Testament
G1305,διατροφή,"διά+τρέφω",,పోషించు,Greek,New Testament
G1306,διαυγάζω,"διά+αὐγή",,ప్రకాశము,Greek,New Testament
G1307,διαφανής,"διά+φημί",,ప్రకటించు,Greek,New Testament
G1308,διαφέρω,"διά+φέρω",,తేడాగా ఉండు,Greek,New Testament
G1309,διαφεύγω,"διά+φεύγω",,తప్పించుకొను,Greek,New Testament
G1310,διαφημίζω,"διά+φημί",,ప్రకటించు,Greek,New Testament
G1311,διαφθείρω,"διά+βάλλω+φθείρω",,అపకీర్తిపాలుచేయు,Greek,New Testament
G1312,διαφθορά,"διά+βάλλω+φθείρω",,అపకీర్తిపాలుచేయు,Greek,New Testament
G1313,διάφορος,"διά+φέρω",,భిన్నంగా ఉండు,Greek,New Testament
G1314,διαφυλάσσω,"διά+φύω+φύω",,విస్తరించు,Greek,New Testament
G1315,διαχειρίζομαι,"διά+χειμών+χάσμα",,శీతాకాలపు అగాధం,Greek,New Testament
G1316,διαχωρίζομαι,"διά+χάσμα",,అగాధం,Greek,New Testament
G1317,διδακτικός,"διδάσκω",,బోధించు,Greek,New Testament
G1318,διδακτός,"διδάσκω",,బోధించు,Greek,New Testament
G1319,διδασκαλία,"διδάσκω",,బోధించు,Greek,New Testament
G1320,διδάσκαλος,"διδάσκω",,బోధించు,Greek,New Testament
G1321,διδάσκω,"διδάσκω",దీడాస్కొ,బోధించు,Greek,New Testament
G1322,διδαχή,"διδάσκω",,బోధించు,Greek,New Testament
G1323,δίδραχμον,"δύο+δράκων",,రెండు+డ్రాగన్,Greek,New Testament
G1324,Δίδυμος,"δύο",,రెండు,Greek,New Testament
G1325,δίδωμι,"δίδωμι",,ఇవ్వు,Greek,New Testament
G1326,διεγείρω,"διά+ἐγείρω",,మేల్కొను,Greek,New Testament
G1327,διέξοδος,"διά+ἐξ+ὁδός",,త్రోవగుండా,Greek,New Testament
G1328,διερμηνευτής,"διά+ῥέω",,కారు,Greek,New Testament
G1329,διερμηνεύω,"διά+ῥέω",,ఒలుకుట,Greek,New Testament
G1330,διέρχομαι,"διά+ἔρχομαι",,దాటి వెళ్ళు,Greek,New Testament
G1331,διερωτάω,"διά+ῥέω+ῥέω",,ప్రవహించు,Greek,New Testament
G1332,διετής,"δύο+ἔτος",,రెండు+సంవత్సరాలు,Greek,New Testament
G1333,διετία,"δύο+ἔτος",,రెండు సంవత్సరాలు,Greek,New Testament
G1334,διηγέομαι,"διά+ἄγω",,నడుపు,Greek,New Testament
G1335,διήγεσις,"διά+ἄγω",,నడుపు,Greek,New Testament
G1336,διηνεκής,"διά+φέρω",,శ్రేష్ఠమైనది,Greek,New Testament
G1337,διθάλασσος,"δύο+ἅλς",,రెండు+ఉప్పు,Greek,New Testament
G1338,διϊκνέομαι,"διά+ἥκω",,దాటి వెళ్ళు,Greek,New Testament
G1339,διΐστημι,"διά+ἵστημι",,మధ్యవర్తి,Greek,New Testament
G1340,διϊσχυρίζομαι,"διά+ἰσχύς",,బలం,Greek,New Testament
G1341,δικαιοκρισία,"δεικνύω+κρίσις",,తీర్పుచెప్పు,Greek,New Testament
G1342,δίκαιος,"δεικνύω",,సూచించు,Greek,New Testament
G1343,δικαιοσύνη,"δεικνύω",దికాయొసూనే,నీతి,Greek,New Testament
G1344,δικαιόω,"δεικνύω",దికాయొఓ,నీతిమంతుడుగా చేయు,Greek,New Testament
G1345,δικαίωμα,"δεικνύω",దికాయొమా,న్యాయం,Greek,New Testament
G1346,δικαίως,"δεικνύω",,కనుపరచు,Greek,New Testament
G1347,δικαίωσις,"δεικνύω",,వెల్లడిచేయు,Greek,New Testament
G1348,δικαστής,"δεικνύω",,చూపు,Greek,New Testament
G1349,δίκη,"δεικνύω",,గుర్తుచేయు,Greek,New Testament
G1350,δίκτυον,"δίκτυον",,వల,Greek,New Testament
G1351,δίλογος,"δύο+λέγω",,ద్వివచనము,Greek,New Testament
G1352,διό,"διά+τό",,కాబట్టి,Greek,New Testament
G1353,διοδεύω,"διά+ὁδός",,మార్గమున,Greek,New Testament
G1354,Διονύσιος,"Διονύσιος",,డియోనుష్యు,Greek,New Testament
G1355,διόπερ,"διά+τό+πέραν",,అందువలన,Greek,New Testament
G1356,διοπετής,"Ζεύς+πτάομαι",,జ్యూస్ప్రీస్ట్,Greek,New Testament
G1357,διόρθωσις,"διά+αἴρω+αἴρω",,ఎత్తివేయు,Greek,New Testament
G1358,διορύσσω,"διά+ὀρύσσω",,త్రవ్వు,Greek,New Testament
G1359,Διόσκουροι,"Ζεύς+κοράσιον",,జూస్ గర్ల్,Greek,New Testament
G1360,διότι,"διά+τό+τὶς",,దేనికొరకు,Greek,New Testament
G1361,Διοτρεφής,"Ζεύς+τρέφω",,జ్యూస్ నర్సు,Greek,New Testament
G1362,διπλοῦς,"δύο+πολύς",,రెండురెట్లు,Greek,New Testament
G1363,διπλόω,"δύο+πολύς",,చాలా,Greek,New Testament
G1364,δίς,"δύο",,రెండు,Greek,New Testament
G1365,διστάζω,"δύο",,ఇద్దరు,Greek,New Testament
G1366,δίστομος,"δύο+κόπτω",,ఖండించు,Greek,New Testament
G1367,δισχίλιοι,"δύο+χίλιοι",,రెండువేలు,Greek,New Testament
G1368,διϋλίζω,"διά",,ద్వారా,Greek,New Testament
G1369,διχάζω,"δύο",,రెండు,Greek,New Testament
G1370,διχοστασία,"δύο+ἵστημι",,సంశయించు,Greek,New Testament
G1371,διχοτομέω,"δύο",,రెండు,Greek,New Testament
G1372,διψάω,"δίψος",,దాహము,Greek,New Testament
G1373,δίψος,"δίψος",,దాహము,Greek,New Testament
G1374,δίψυχος,"δύο+ψύχω",,అర్థం తెలియదు,Greek,New Testament
G1375,διωγμός,"διώκω",,తరుము,Greek,New Testament
G1376,διώκτης,"διώκω",,వెంబడించు,Greek,New Testament
G1377,διώκω,"διώκω",,హింసించు,Greek,New Testament
G1378,δόγμα,"δοκέω",,అనుకొను,Greek,New Testament
G1379,δογματίζω,"δοκέω",,తలంచు,Greek,New Testament
G1380,δοκέω,"δοκέω",,తలంచబడు,Greek,New Testament
G1381,δοκιμάζω,"δοκέω",,కనుగొను,Greek,New Testament
G1382,δοκιμή,"δοκέω",,యుండు,Greek,New Testament
G1383,δοκίμιον,"δοκέω",,భావించు,Greek,New Testament
G1384,δόκιμος,"δοκέω",,కనబడు,Greek,New Testament
G1385,δοκός,"δέχομαι",,అంగీకరించు,Greek,New Testament
G1386,δόλιος,"δόλος",,మోసము,Greek,New Testament
G1387,δολιόω,"δόλος",,కపటము,Greek,New Testament
G1388,δόλος,"δόλος",,మాయ,Greek,New Testament
G1389,δολόω,"δόλος",,వంచన,Greek,New Testament
G1390,δόμα,"δίδωμι",,ఇచ్చు,Greek,New Testament
G1391,δόξα,"δοκέω",దొక్సా,మహిమ,Greek,New Testament
G1392,δοξάζω,"δοκέω",దొక్సాజొ,మహిమపరచు,Greek,New Testament
G1393,Δορκάς,"Δορκάς",,దొర్కా,Greek,New Testament
G1394,δόσις,"δίδωμι",,అనుగ్రహించు,Greek,New Testament
G1395,δότης,"δίδωμι",,ఒసగు,Greek,New Testament
G1396,δουλαγωγέω,"δέω+ἄγω",,బంధించు,Greek,New Testament
G1397,δουλεία,"δέω",,కావలసియుండు,Greek,New Testament
G1398,δουλεύω,"δέω",,అవసరము,Greek,New Testament
G1399,δούλη,"δέω",,కట్టు,Greek,New Testament
G1400,δοῦλον,"δέω",,ముడివేయు,Greek,New Testament
G1401,δοῦλος,"δέω",దూలొస్,దాసుడు,Greek,New Testament
G1402,δουλόω,"δέω",,లేమి,Greek,New Testament
G1403,δοχή,"δέχομαι",,తీసుకొను,Greek,New Testament
G1404,δράκων,"δράκων",,కొండచిలువ,Greek,New Testament
G1405,δράσσομαι,"δράκων",,కొండచిలువ,Greek,New Testament
G1406,δραχμή,"δράκων",,అర్థం తెలియదు,Greek,New Testament
G1407,δρέπανον,"δρέπανον",,కొడవలి,Greek,New Testament
G1408,δρόμος,"θρίξ",,వెండ్రుక,Greek,New Testament
G1409,Δρούσιλλα,"Δρούσιλλα",,ద్రుసిల్లా,Greek,New Testament
G1410,δύναμαι,"δύναμαι",దూనామై,శక్తి కలిగియుండు,Greek,New Testament
G1411,δύναμις,"δύναμαι",దూనామిస్,శక్తి,Greek,New Testament
G1412,δυναμόω,"δύναμαι",,చేయగలవు,Greek,New Testament
G1413,δυνάστης,"δύναμαι",,పొందగలరు,Greek,New Testament
G1414,δυνατέω,"δύναμαι",,చేయవచ్చు,Greek,New Testament
G1415,δυνατός,"δύναμαι",,అర్థం తెలియదు,Greek,New Testament
G1416,δῦμι,"δῦμι",,ప్రవేశించు,Greek,New Testament
G1417,δύο,"δύο",,రెండు,Greek,New Testament
G1418,δυσ‐,"δυσ‐",,కష్టం,Greek,New Testament
G1419,δυσβάστακτος,"δυσ‐+βάσις",,కష్టమైన మార్గం,Greek,New Testament
G1420,δυσεντερία,"δυσ‐+εἰς+ἐξ",,అర్థం తెలియదు,Greek,New Testament
G1421,δυσερμήνευτος,"δυσ‐+ῥέω",,కష్టంగా ప్రవహించు,Greek,New Testament
G1422,δύσκολος,"δυσ‐",,చెడ్డ,Greek,New Testament
G1423,δυσκόλως,"δυσ‐",,కష్టం,Greek,New Testament
G1424,δυσμή,"δῦμι",,మునుగు,Greek,New Testament
G1425,δυσνόητος,"δυσ‐+γινώσκω",,అర్థం తెలియదు,Greek,New Testament
G1426,δυσφημία,"δυσ‐+φημί",,అర్థం తెలియదు,Greek,New Testament
G1427,δώδεκα,"δύο+δέκα",,పన్నెండు,Greek,New Testament
G1428,δωδέκατος,"δύο+δέκα",,పన్నెండు,Greek,New Testament
G1429,δωδεκάφυλον,"δύο+δέκα+φύω+φύω",,అర్థం తెలియదు,Greek,New Testament
G1430,δῶμα,"δῶμα",,పైకప్పు,Greek,New Testament
G1431,δωρεά,"δῶρον",,బహుమతి,Greek,New Testament
G1432,δωρεάν,"δῶρον",,బహుమతి,Greek,New Testament
G1433,δωρέομαι,"δῶρον",,కానుక,Greek,New Testament
G1434,δώρημα,"δῶρον",,వరము,Greek,New Testament
G1435,δῶρον,"δῶρον",దొరొన్,బహుమానం,Greek,New Testament
G1436,ἔα,"ἐάω",,అనుమతించు,Greek,New Testament
G1437,ἐάν,"εἰ+ἄν",,ఒకవేళ,Greek,New Testament
G1438,ἑαυτοῦ,"ἀήρ",,గాలి,Greek,New Testament
G1439,ἐάω,"ἐάω",,అనుమతించు,Greek,New Testament
G1440,ἑβδομήκοντα,"ἑπτά+δέκα",,పదిహేడు,Greek,New Testament
G1441,ἑβδομηκοντάκις,"ἑπτά+δέκα",,పదిహేడు,Greek,New Testament
G1442,ἕβδομος,"ἑπτά",,ఏడు,Greek,New Testament
G1443,Ἐβέρ,"Ἐβέρ",,ఎబెరు,Greek,New Testament
G1444,Ἑβραϊκός,"Ἐβέρ",,ఎబెరు,Greek,New Testament
G1445,Ἑβραῖος,"Ἐβέρ",,ఎబెరు,Greek,New Testament
G1446,Ἑβραΐς,"Ἐβέρ",,ఎబెరు,Greek,New Testament
G1447,Ἑβραϊστί,"Ἐβέρ",,ఎబెరు,Greek,New Testament
G1448,ἐγγίζω,"ἀγκάλη",,చేతులు,Greek,New Testament
G1449,ἐγγράφω,"εἰς+ἐξ+γράφω",,వ్రాయు,Greek,New Testament
G1450,ἔγγυος,"εἰς+ἐξ",,వెలుపల,Greek,New Testament
G1451,ἐγγύς,"ἀγκάλη",,కౌగిలి,Greek,New Testament
G1452,ἐγγύτερον,"ἀγκάλη",,ఒడి,Greek,New Testament
G1453,ἐγείρω,"ἐγείρω",ఎగీరొ,లేపు,Greek,New Testament
G1454,ἔγερσις,"ἐγείρω",,లేపు,Greek,New Testament
G1455,ἐγκάθετος,"εἰς+ἐξ+κατά",,పంపు,Greek,New Testament
G1456,ἐγκαίνια,"εἰς+ἐξ+καινός",,నూతన,Greek,New Testament
G1457,ἐγκαινίζω,"εἰς+ἐξ+καινός",,నూతన,Greek,New Testament
G1458,ἐγκαλέω,"εἰς+ἐξ+κελεύω",,పంపు,Greek,New Testament
G1459,ἐγκαταλείπω,"εἰς+ἐξ+κατά+λείπω",,విడిచిపెట్టు,Greek,New Testament
G1460,ἐγκατοικέω,"εἰς+ἐξ+κατά+οἶκος",,ఇంటి బయట,Greek,New Testament
G1461,ἐγκεντρίζω,"εἰς+ἐξ+κέντρον",,మధ్యలో,Greek,New Testament
G1462,ἔγκλημα,"εἰς+ἐξ+κελεύω",,పంపు,Greek,New Testament
G1463,ἐγκομβόομαι,"εἰς+ἐξ",,వెలుపల,Greek,New Testament
G1464,ἐγκοπή,"εἰς+ἐξ+κόπτω",,నరుకు,Greek,New Testament
G1465,ἐγκόπτω,"εἰς+ἐξ+κόπτω",,నరుకు,Greek,New Testament
G1466,ἐγκράτεια,"εἰς+ἐξ+κράτος",,శక్తి,Greek,New Testament
G1467,ἐγκρατεύομαι,"εἰς+ἐξ+κράτος",,బలం,Greek,New Testament
G1468,ἐγκρατής,"εἰς+ἐξ+κράτος",,అధికారం,Greek,New Testament
G1469,ἐγκρίνω,"εἰς+ἐξ+κρίνω",,వేరుచేయు,Greek,New Testament
G1470,ἐγκρύπτω,"εἰς+ἐξ+κρύπτω",,బయటకు దాచు,Greek,New Testament
G1471,ἔγκυος,"εἰς+ἐξ+κῦμα",,బయటకు తరంగం,Greek,New Testament
G1472,ἐγχρίω,"εἰς+ἐξ+χειμών+χάσμα",,అర్థం తెలియదు,Greek,New Testament
G1473,ἐγώ,"ἐγώ",,నేను,Greek,New Testament
G1474,ἐδαφίζω,"ἑδραῖος",,స్థిరమైన,Greek,New Testament
G1475,ἔδαφος,"ἑδραῖος",,స్థిరమైన,Greek,New Testament
G1476,ἑδραῖος,"ἑδραῖος",,స్థిరమైన,Greek,New Testament
G1477,ἑδραίωμα,"ἑδραῖος",,స్థిరమైన,Greek,New Testament
G1478,Ἐζεκίας,"Ἐζεκίας",,హిజ్కియా,Greek,New Testament
G1479,ἐθελοθρησκεία,"αἴρω+θροέω",,అర్థం తెలియదు,Greek,New Testament
G1480,ἐθίζω,"ἔθω",,నేను వాడిని,Greek,New Testament
G1481,ἐθνάρχης,"ἔθω+ἄρχω",,నేను పరిపాలిస్తాను,Greek,New Testament
G1482,ἐθνικός,"ἔθω",,నేను వాడిని,Greek,New Testament
G1483,ἐθνικῶς,"ἔθω",,నేను వాడిని,Greek,New Testament
G1484,ἔθνος,"ἔθω",ఎథ్నొస్,జాతి,Greek,New Testament
G1485,ἔθος,"ἔθω",,నేను వాడిని,Greek,New Testament
G1486,ἔθω,"ἔθω",,నేను వాడిని,Greek,New Testament
G1487,εἰ,"εἰ",,ఒకవేళ,Greek,New Testament
G1488,εἶ,"εἰμί",,నేను ఉన్నాను,Greek,New Testament
G1489,εἴγε,"εἰ+γέ",,అర్థం తెలియదు,Greek,New Testament
G1490,εἰ δὲ μή(γε),"εἰ+δέ+οὐχ+γέ",,కాకపోతే,Greek,New Testament
G1491,εἶδος,"εἴδω",,తెలుసుకొను,Greek,New Testament
G1492,εἴδω,"εἴδω",,తెలుసు,Greek,New Testament
G1493,εἰδωλεῖον,"εἴδω",,తెలుసు,Greek,New Testament
G1494,εἰδωλόθυτον,"εἴδω+θύω",,తెలుసుకొను+బలి,Greek,New Testament
G1495,εἰδωλολατρεία,"εἴδω+λατρεύω",,విగ్రహారాధన,Greek,New Testament
G1496,εἰδωλολάτρης,"εἴδω+λατρεύω",,విగ్రహారాధన,Greek,New Testament
G1497,εἴδωλον,"εἴδω",,తెలుసు,Greek,New Testament
G1498,εἴην,"εἰμί",,నేను ఉన్నాను,Greek,New Testament
G1499,εἰ καί,"εἰ+καί",,అయినప్పటికీ,Greek,New Testament
G1500,εἰκῆ,"εἴκω",,అర్థం తెలియదు,Greek,New Testament
G1501,εἴκοσι,"εἴκοσι",,ఇరవై,Greek,New Testament
G1502,εἴκω,"εἴκω",,అర్థం తెలియదు,Greek,New Testament
G1503,εἴκω,"εἴκω",,అర్థం తెలియదు,Greek,New Testament
G1504,εἰκών,"εἴκω",,అర్థం తెలియదు,Greek,New Testament
G1505,εἰλικρίνεια,"κρίνω",,న్యాయము తీర్చు,Greek,New Testament
G1506,εἰλικρινής,"κρίνω",,న్యాయము తీర్చు,Greek,New Testament
G1507,εἱλίσσω,"εἱλίσσω",,చుట్టు,Greek,New Testament
G1508,εἰ μή,"εἰ+οὐχ",,కానియెడల,Greek,New Testament
G1509,εἰ μή τι,"εἰ+οὐχ+τὶς",,ఎవడైనను,Greek,New Testament
G1510,εἰμί,"εἰμί",,ఉండు,Greek,New Testament
G1511,εἶναι,"εἰμί",,ఉండు,Greek,New Testament
G1512,εἴ περ,"εἰ+πέραν",,అవతలకు,Greek,New Testament
G1513,εἴ πως,"εἰ+τό",,ఆ,Greek,New Testament
G1514,εἰρηνεύω,"εἰρήνη",,సమాధానము,Greek,New Testament
G1515,εἰρήνη,"εἰρήνη",ఈరేనే,శాంతి,Greek,New Testament
G1516,εἰρηνικός,"εἰρήνη",,సమాధానము,Greek,New Testament
G1517,εἰρηνοποιέω,"εἰρήνη+ποιέω",,సమాధానపరచు,Greek,New Testament
G1518,εἰρηνοποιός,"εἰρήνη+ποιέω",,సమాధానపరచు,Greek,New Testament
G1519,εἰς,"εἰς",,లోనికి,Greek,New Testament
G1520,ἕν,"ἕν",,ఒకటి,Greek,New Testament
G1521,εἰσάγω,"εἰς+ἄγω",,తోడుకొనివెళ్లు,Greek,New Testament
G1522,εἰσακούω,"εἰς+ἀκούω",,చెవియొగ్గి విను,Greek,New Testament
G1523,εἰσδέχομαι,"εἰς+δέχομαι",,అంగీకరించు,Greek,New Testament
G1524,εἴσειμι,"εἰς",,లోనికి,Greek,New Testament
G1525,εἰσέρχομαι,"εἰς+ἔρχομαι",,వచ్చు,Greek,New Testament
G1526,εἰσί,"εἰμί",,ఉండు,Greek,New Testament
G1527,εἷς καθ’ εἷς,"ἕν+κατά",,యొక్కొక్కటి,Greek,New Testament
G1528,εἰσκαλέω,"εἰς+κελεύω",,ఆజ్ఞాపించు,Greek,New Testament
G1529,εἴσοδος,"εἰς+ὁδός",,త్రోవ,Greek,New Testament
G1530,εἰσπηδάω,"εἰς",,లోనికి,Greek,New Testament
G1531,εἰσπορεύομαι,"εἰς+πέραν",,అవతల,Greek,New Testament
G1532,εἰστρέχω,"εἰς+θρίξ",,అర్థం తెలియదు,Greek,New Testament
G1533,εἰσφέρω,"εἰς+φέρω",,తీసుకునిరా,Greek,New Testament
G1534,εἶτα,"εἶτα",,తరువాత,Greek,New Testament
G1535,εἴτε,"εἰ+τέ",,ఒకవేళ,Greek,New Testament
G1536,εἴ τις,"εἰ+τὶς",,ఎవరైనా,Greek,New Testament
G1537,ἐξ,"ἐξ",ఎక్,నుండి,Greek,New Testament
G1538,ἕκαστος,"ἕκαστος",,ప్రతి ఒక్కరూ,Greek,New Testament
G1539,ἑκάστοτε,"ἕκαστος+τό+τό+τέ",,ప్రతి ఒక్కరూ,Greek,New Testament
G1540,ἑκατόν,"ἑκατόν",,నూరు,Greek,New Testament
G1541,ἑκατονταέτης,"ἑκατόν+ἔτος",,నూరేళ్లు,Greek,New Testament
G1542,ἑκατονταπλασίων,"ἑκατόν+πλάσσω",,అర్థం తెలియదు,Greek,New Testament
G1543,ἑκατόνταρχος,"ἑκατόν+ἄρχω",,అర్థం తెలియదు,Greek,New Testament
G1544,ἐκβάλλω,"ἐξ+βάλλω",,వెళ్ళగొట్టు,Greek,New Testament
G1545,ἔκβασις,"ἐξ+βάσις",,నిష్క్రమణ,Greek,New Testament
G1546,ἐκβολή,"ἐξ+βάλλω",,వెళ్ళగొట్టు,Greek,New Testament
G1547,ἐκγαμίζω,"ἐξ+γάμος+ἐξ+γάμος",,అర్థం తెలియదు,Greek,New Testament
G1548,ἐκγαμίσκω,"ἐξ+γάμος",,అర్థం తెలియదు,Greek,New Testament
G1549,ἔκγονον,"ἐξ+γίνομαι",,సంభవించు,Greek,New Testament
G1550,ἐκδαπανάω,"ἐξ+δαπάνη",,ఖర్చు,Greek,New Testament
G1551,ἐκδέχομαι,"ἐξ+δέχομαι",,అంగీకరించు,Greek,New Testament
G1552,ἔκδηλος,"ἐξ+δῆλος",,స్పష్టముగా,Greek,New Testament
G1553,ἐκδημέω,"ἐξ+δέω",,అవసరం,Greek,New Testament
G1554,ἐκδίδωμι,"ἐξ+δίδωμι",,విడుదలచేయు,Greek,New Testament
G1555,ἐκδιηγέομαι,"ἐξ+διά+ἄγω",,బయటకు నడుపు,Greek,New Testament
G1556,ἐκδικέω,"ἐξ+δεικνύω",,చూపించు,Greek,New Testament
G1557,ἐκδίκησις,"ἐξ+δεικνύω",,చూపించు,Greek,New Testament
G1558,ἔκδικος,"ἐξ+δεικνύω",,చూపించు,Greek,New Testament
G1559,ἐκδιώκω,"ἐξ+διώκω",,తరిమికొట్టు,Greek,New Testament
G1560,ἔκδοτος,"ἐξ+δίδωμι",,అప్పగించు,Greek,New Testament
G1561,ἐκδοχή,"ἐξ+δέχομαι",ఎక్దొకే,నిరీక్షణ,Greek,New Testament
G1562,ἐκδύω,"ἐξ+δῦμι",,వస్త్రాలు తీసివేయు,Greek,New Testament
G1563,ἐκεῖ,"ἐκεῖ",,అక్కడ,Greek,New Testament
G1564,ἐκεῖθεν,"ἐκεῖ",,అక్కడ,Greek,New Testament
G1565,ἐκεῖνος,"ἐκεῖ",,అక్కడ,Greek,New Testament
G1566,ἐκεῖσε,"ἐκεῖ",,అక్కడ,Greek,New Testament
G1567,ἐκζητέω,"ἐξ+ζητέω",,విచారించు,Greek,New Testament
G1568,ἐκθαμβέω,"ἐξ+θάμβος",,పరవశం,Greek,New Testament
G1569,ἔκθαμβος,"ἐξ+θάμβος",,పరవశం,Greek,New Testament
G1570,ἔκθετος,"ἐξ+τίθημι",,బయట పెట్టు,Greek,New Testament
G1571,ἐκκαθαίρω,"ἐξ+καθαρός",,పరిపూర్ణమైన శుద్ధుడు,Greek,New Testament
G1572,ἐκκαίω,"ἐξ+καίω",,తగలబెట్టు,Greek,New Testament
G1573,ἐκκακέω,"ἐξ+κακός",,చాలా చెడ్డ,Greek,New Testament
G1574,ἐκκεντέω,"ἐξ+κέντρον",,కేంద్రం వెలుపల,Greek,New Testament
G1575,ἐκκλάω,"ἐξ+κλάω",,విరుచు,Greek,New Testament
G1576,ἐκκλείω,"ἐξ+κλείω",,లేవనెత్తు,Greek,New Testament
G1577,ἐκκλησία,"ἐξ+κελεύω",ఎక్క్లేసియా,సంఘం,Greek,New Testament
G1578,ἐκκλίνω,"ἐξ+κλίνω",,వంగిఉండు,Greek,New Testament
G1579,ἐκκολυμβάω,"ἐξ+κολυμβάω",,ఈదు,Greek,New Testament
G1580,ἐκκομίζω,"ἐξ+κομίζω",,తీసుకొనివచ్చు,Greek,New Testament
G1581,ἐκκόπτω,"ἐξ+κόπτω",,నరుకు,Greek,New Testament
G1582,ἐκκρέμαμαι,"ἐξ+κρεμάννυμι",,ఉరివేయు,Greek,New Testament
G1583,ἐκλαλέω,"ἐξ+λαλέω",,మాట్లాడు,Greek,New Testament
G1584,ἐκλάμπω,"ἐξ+λάμπω",,ప్రకాశించు,Greek,New Testament
G1585,ἐκλανθάνομαι,"ἐξ+λανθάνω",,మరచిపోవు,Greek,New Testament
G1586,ἐκλέγομαι,"ἐξ+λέγω",,ఎన్నుకొను,Greek,New Testament
G1587,ἐκλείπω,"ἐξ+λείπω",,విడిచిపెట్టు,Greek,New Testament
G1588,ἐκλεκτός,"ἐξ+λέγω",,ఎన్నుకొను,Greek,New Testament
G1589,ἐκλογή,"ἐξ+λέγω",,ఎన్నుకొను,Greek,New Testament
G1590,ἐκλύω,"ἐξ+λύω",,విప్పు,Greek,New Testament
G1591,ἐκμάσσω,"ἐξ+μασσάομαι",,తుడువు,Greek,New Testament
G1592,ἐκμυκτηρίζω,"ἐξ+μυκάομαι",,అర్థం తెలియదు,Greek,New Testament
G1593,ἐκνεύω,"ἐξ+νεύω",,అర్థం తెలియదు,Greek,New Testament
G1594,ἐκνήφω,"ἐξ+νήφω",,మెలకువగా ఉండు,Greek,New Testament
G1595,ἑκούσιον,"ἑκών",,స్వేచ్ఛగా,Greek,New Testament
G1596,ἑκουσίως,"ἑκών",,స్వేచ్ఛగా,Greek,New Testament
G1597,ἔκπαλαι,"ἐξ+βάλλω",,వెళ్ళగొట్టు,Greek,New Testament
G1598,ἐκπειράζω,"ἐξ+πέραν",,అవతల,Greek,New Testament
G1599,ἐκπέμπω,"ἐξ+πέμπω",,పంపు,Greek,New Testament
G1600,ἐκπετάννυμι,"ἐξ+πτάομαι",,భయపడు,Greek,New Testament
G1601,ἐκπίπτω,"ἐξ+πτάομαι",,భయపడు,Greek,New Testament
G1602,ἐκπλέω,"ἐξ+πλύνω",,కడుగు,Greek,New Testament
G1603,ἐκπληρόω,"ἐξ+πλήθω",,నింపు,Greek,New Testament
G1604,ἐκπλήρωσις,"ἐξ+πλήθω",,నింపు,Greek,New Testament
G1605,ἐκπλήσσω,"ἐξ+πλάσσω",,రూపించు,Greek,New Testament
G1606,ἐκπνέω,"ἐξ+πνέω",,ఊపిరి విడువు,Greek,New Testament
G1607,ἐκπορεύομαι,"ἐξ+πέραν",,అవతల,Greek,New Testament
G1608,ἐκπορνεύω,"ἐξ+πράω",,వినయంగా ఉండు,Greek,New Testament
G1609,ἐκπτύω,"ἐξ+πτύσσω",,చుట్టు,Greek,New Testament
G1610,ἐκριζόω,"ἐξ+ῥίζα",,వేరు నుండి,Greek,New Testament
G1611,ἔκστασις,"ἐξ+ἵστημι",,తొలగించు,Greek,New Testament
G1612,ἐκστρέφω,"ἐξ+τροπή",,మార్పు,Greek,New Testament
G1613,ἐκταράσσω,"ἐξ+ταράσσω",,కలవరపరచు,Greek,New Testament
G1614,ἐκτείνω,"ἐξ",,నుండి,Greek,New Testament
G1615,ἐκτελέω,"ἐξ+τέλος",,పూర్తిగా,Greek,New Testament
G1616,ἐκτένεια,"ἐξ",,నుండి,Greek,New Testament
G1617,ἐκτενέστερον,"ἐξ",,నుండి,Greek,New Testament
G1618,ἐκτενής,"ἐξ",,నుండి,Greek,New Testament
G1619,ἐκτενῶς,"ἐξ",,నుండి,Greek,New Testament
G1620,ἐκτίθημι,"ἐξ+τίθημι",,బయట పెట్టు,Greek,New Testament
G1621,ἐκτινάσσω,"ἐξ",,నుండి,Greek,New Testament
G1622,ἐκτός,"ἐξ",,నుండి,Greek,New Testament
G1623,ἕκτος,"ἕξ",,ఆరు,Greek,New Testament
G1624,ἐκτρέπω,"ἐξ+τροπή",,మార్పు,Greek,New Testament
G1625,ἐκτρέφω,"ἐξ+τρέφω",,పోషించు,Greek,New Testament
G1626,ἔκτρωμα,"ἐξ",,నుండి,Greek,New Testament
G1627,ἐκφέρω,"ἐξ+φέρω",,బయటకు తీసుకుని వెళ్ళు,Greek,New Testament
G1628,ἐκφεύγω,"ἐξ+φεύγω",,తప్పించుకొను,Greek,New Testament
G1629,ἐκφοβέω,"ἐξ+φόβος",,భయం,Greek,New Testament
G1630,ἔκφοβος,"ἐξ+φόβος",,భయం,Greek,New Testament
G1631,ἐκφύω,"ἐξ+φύω",,పుట్టు,Greek,New Testament
G1632,ἐκχύνω,"ἐξ",,నుండి,Greek,New Testament
G1633,ἐκχωρέω,"ἐξ+χάσμα",,నున్నటి చీలిక,Greek,New Testament
G1634,ἐκψύχω,"ἐξ+ψύχω",,శ్వాస విడువు,Greek,New Testament
G1635,ἑκών,"ἑκών",,ఇష్టపూర్వకంగా,Greek,New Testament
G1636,ἐλαία,"ἐλαία",,నూనె చెట్టు,Greek,New Testament
G1637,ἔλαιον,"ἐλαία",,నూనె చెట్టు,Greek,New Testament
G1638,ἐλαιών,"ἐλαία",,నూనె చెట్టు,Greek,New Testament
G1639,Ἐλαμίτης,"Ἐλαμίτης",,ఏలామీయుడు,Greek,New Testament
G1640,ἐλάττων,"ἐλάχιστος",,అతి చిన్న,Greek,New Testament
G1641,ἐλαττονέω,"ἐλάχιστος",,అతి చిన్న,Greek,New Testament
G1642,ἐλαττόω,"ἐλάχιστος",,అతి చిన్న,Greek,New Testament
G1643,ἐλαύνω,"ἐλαύνω",,నడుపు,Greek,New Testament
G1644,ἐλαφρία,"ἐλαύνω+ἐλάχιστος",,అర్థం తెలియదు,Greek,New Testament
G1645,ἐλαφρός,"ἐλαύνω+ἐλάχιστος",,అర్థం తెలియదు,Greek,New Testament
G1646,ἐλάχιστος,"ἐλάχιστος",,అతి చిన్న,Greek,New Testament
G1647,ἐλαχιστότερος,"ἐλάχιστος",,అతి చిన్న,Greek,New Testament
G1648,Ἐλεάζαρ,"Ἐλεάζαρ",,ఎలియాజరు,Greek,New Testament
G1649,ἔλεγξις,"ἐλέγχω",,ఖండించు,Greek,New Testament
G1650,ἔλεγχος,"ἐλέγχω",ఎలెగ్కొస్,రుజువు,Greek,New Testament
G1651,ἐλέγχω,"ἐλέγχω",,ఖండించు,Greek,New Testament
G1652,ἐλεεινός,"ἔλεος",,కరుణ,Greek,New Testament
G1653,ἐλεέω,"ἔλεος",,కరుణ,Greek,New Testament
G1654,ἐλεημοσύνη,"ἔλεος",ఎలెమొసూనే,దానం,Greek,New Testament
G1655,ἐλεήμων,"ἔλεος",,కరుణ,Greek,New Testament
G1656,ἔλεος,"ἔλεος",ఎలెఒస్,కనికరం,Greek,New Testament
G1657,ἐλευθερία,"ἔρχομαι",,వచ్చుచున్నాను,Greek,New Testament
G1658,ἐλεύθερος,"ἔρχομαι",,వచ్చును,Greek,New Testament
G1659,ἐλευθερόω,"ἔρχομαι",,వచ్చుచున్నది,Greek,New Testament
G1660,ἔλευσις,"ἔρχομαι",,వచ్చును,Greek,New Testament
G1661,ἐλεφάντινος,"ἐλεφάντινος",,దంతపు,Greek,New Testament
G1662,Ἐλιακείμ,"Ἐλιακείμ",,ఎల్యాకీము,Greek,New Testament
G1663,Ἐλιέζερ,"Ἐλιέζερ",,ఎలీఎజెరు,Greek,New Testament
G1664,Ἐλιούδ,"Ἐλιούδ",,ఎల్యూదు,Greek,New Testament
G1665,Ἐλισάβετ,"Ἐλισάβετ",,ఎలిసబెతు,Greek,New Testament
G1666,Ἐλισσαῖος,"Ἐλισσαῖος",,ఎలీషా,Greek,New Testament
G1667,ἑλίσσω,"εἱλίσσω",,చుట్టు,Greek,New Testament
G1668,ἕλκος,"αἴρω",,ఎత్తు,Greek,New Testament
G1669,ἑλκόω,"αἴρω",,తీయు,Greek,New Testament
G1670,ἕλκω,"αἴρω",,ఎత్తుకొను,Greek,New Testament
G1671,Ἑλλάς,"Ἑλλάς",,గ్రీసు,Greek,New Testament
G1672,Ἕλλην,"Ἑλλάς",,గ్రీసు,Greek,New Testament
G1673,Ἑλληνικός,"Ἑλλάς",,గ్రీసు,Greek,New Testament
G1674,Ἑλληνίς,"Ἑλλάς",,గ్రీసు,Greek,New Testament
G1675,Ἑλληνιστής,"Ἑλλάς",,గ్రీసు,Greek,New Testament
G1676,Ἑλληνιστί,"Ἑλλάς",,గ్రీసు,Greek,New Testament
G1677,ἐλλογέω,"εἰς+ἐξ+λέγω",,చెప్పు,Greek,New Testament
G1678,Ἐλμωδάμ,"Ἐλμωδάμ",,ఎల్మోదాము,Greek,New Testament
G1679,ἐλπίζω,"ἐλπίς",,నిరీక్షణ,Greek,New Testament
G1680,ἐλπίς,"ἐλπίς",ఎల్పీస్,నిరీక్షణ,Greek,New Testament
G1681,Ἐλύμας,"Ἐλύμας",,ఎలుమా,Greek,New Testament
G1682,ἐλοΐ,"ἐλοΐ",,ఎలోయి,Greek,New Testament
G1683,ἐμαυτοῦ,"μόγις+ἀήρ",,అర్థం తెలియదు,Greek,New Testament
G1684,ἐμβαίνω,"εἰς+ἐξ+βάσις",,నిర్గమనము,Greek,New Testament
G1685,ἐμβάλλω,"εἰς+ἐξ+βάλλω",,త్రోసివేయు,Greek,New Testament
G1686,ἐμβάπτω,"εἰς+ἐξ+βάπτω",,ముంచు,Greek,New Testament
G1687,ἐμβατεύω,"εἰς+ἐξ+βάσις",,నిర్గమనము,Greek,New Testament
G1688,ἐμβιβάζω,"εἰς+ἐξ+εἰς+ἐξ+βάσις",,బయలుదేరుట,Greek,New Testament
G1689,ἐμβλέπω,"εἰς+ἐξ+βλέπω",,చూచు,Greek,New Testament
G1690,ἐμβριμάομαι,"εἰς+ἐξ",,లోపలికి, బయటికి,Greek,New Testament
G1691,ἐμέ,"μέ",,నన్ను,Greek,New Testament
G1692,ἐμέω,"ἐμέω",,వాంతి చేసుకొను,Greek,New Testament
G1693,ἐμμαίνομαι,"εἰς+ἐξ+μαίνομαι",,పిచ్చిగా ప్రవర్తించు,Greek,New Testament
G1694,Ἐμμανουήλ,"Ἐμμανουήλ",,ఇమ్మానుయేలు,Greek,New Testament
G1695,Ἐμμαούς,"Ἐμμαούς",,ఎమ్మాయు,Greek,New Testament
G1696,ἐμμένω,"εἰς+ἐξ+μένω",,నిలిచియుండు,Greek,New Testament
G1697,Ἐμμόρ,"Ἐμμόρ",,హమ్మోరు,Greek,New Testament
G1698,ἐμοί,"μοί",,నాకు,Greek,New Testament
G1699,ἐμός,"ἐγώ+μοί+μόγις+μέ",,నేను, నాకు, కష్టముగా, నన్ను,Greek,New Testament
G1700,ἐμοῦ,"μόγις",ఎమూ,నాయొక్క,Greek,New Testament
G1701,ἐμπαιγμός,"εἰς+ἐξ+παίω",,కొట్టు,Greek,New Testament
G1702,ἐμπαίζω,"εἰς+ἐξ+παίω",,కొట్టు,Greek,New Testament
G1703,ἐμπαίκτης,"εἰς+ἐξ+παίω",,కొట్టు,Greek,New Testament
G1704,ἐμπεριπατέω,"εἰς+ἐξ+πέραν+παίω",,దాటుకొని కొట్టు,Greek,New Testament
G1705,ἐμπλήθω,"εἰς+ἐξ+πολύς",,విస్తారమైన,Greek,New Testament
G1706,ἐμπίπτω,"εἰς+ἐξ+πτάομαι",,దిగ్భ్రాంతి,Greek,New Testament
G1707,ἐμπλέκω,"εἰς+ἐξ+πλέκω",,అల్లు,Greek,New Testament
G1708,ἐμπλοκή,"εἰς+ἐξ+πλέκω",,అల్లు,Greek,New Testament
G1709,ἐμπνέω,"εἰς+ἐξ+πνέω",,ఊపిరి విడుచు,Greek,New Testament
G1710,ἐμπορεύομαι,"εἰς+ἐξ+πέραν",,ఆవలికి,Greek,New Testament
G1711,ἐμπορία,"εἰς+ἐξ+πέραν",,ఆవలికి,Greek,New Testament
G1712,ἐμπόριον,"εἰς+ἐξ+πέραν",,ఆవలికి,Greek,New Testament
G1713,ἔμπορος,"εἰς+ἐξ+πέραν",,ఆవలికి,Greek,New Testament
G1714,ἐμπρήθω,"εἰς+ἐξ",,లోపలికి, బయటికి,Greek,New Testament
G1715,ἔμπροσθεν,"εἰς+ἐξ+πρό",,ముందు,Greek,New Testament
G1716,ἐμπτύω,"εἰς+ἐξ+πτύσσω",,చుట్టు,Greek,New Testament
G1717,ἐμφανής,"εἰς+ἐξ+φημί",,తెలుపు,Greek,New Testament
G1718,ἐμφανίζω,"εἰς+ἐξ+φημί",,తెలుపు,Greek,New Testament
G1719,ἔμφοβος,"εἰς+ἐξ+φόβος",,అర్థం తెలియదు,Greek,New Testament
G1720,ἐμφυσάω,"εἰς+ἐξ+φύω",,అర్థం తెలియదు,Greek,New Testament
G1721,ἔμφυτος,"εἰς+ἐξ+φύω",,అర్థం తెలియదు,Greek,New Testament
G1722,ἐν,"εἰς+ἐξ",ఎన్,లో,Greek,New Testament
G1723,ἐναγκαλίζομαι,"εἰς+ἐξ+ἀγκάλη",,అర్థం తెలియదు,Greek,New Testament
G1724,ἐνάλιος,"εἰς+ἐξ+ἅλς",,అర్థం తెలియదు,Greek,New Testament
G1725,ἔναντι,"εἰς+ἐξ+ἀντί",,అర్థం తెలియదు,Greek,New Testament
G1726,ἐναντίον,"εἰς+ἐξ+ἀντί",,అర్థం తెలియదు,Greek,New Testament
G1727,ἐναντίος,"εἰς+ἐξ+ἀντί",,అర్థం తెలియదు,Greek,New Testament
G1728,ἐνάρχομαι,"εἰς+ἐξ+ἄρχω",,అర్థం తెలియదు,Greek,New Testament
G1729,ἐνδεής,"εἰς+ἐξ+δέω",,అర్థం తెలియదు,Greek,New Testament
G1730,ἔνδειγμα,"εἰς+ἐξ+δεικνύω",,అర్థం తెలియదు,Greek,New Testament
G1731,ἐνδείκνυμι,"εἰς+ἐξ+δεικνύω",,అర్థం తెలియదు,Greek,New Testament
G1732,ἔνδειξις,"εἰς+ἐξ+δεικνύω",,అర్థం తెలియదు,Greek,New Testament
G1733,ἕνδεκα,"ἕν+δέκα",,పదకొండు,Greek,New Testament
G1734,ἑνδέκατος,"ἕν+δέκα",,పదకొండు,Greek,New Testament
G1735,ἐνδέχεται,"εἰς+ἐξ+δέχομαι",,అర్థం తెలియదు,Greek,New Testament
G1736,ἐνδημέω,"εἰς+ἐξ+δέω",,అర్థం తెలియదు,Greek,New Testament
G1737,ἐνδιδύσκω,"εἰς+ἐξ+δῦμι",,అర్థం తెలియదు,Greek,New Testament
G1738,ἔνδικος,"εἰς+ἐξ+δεικνύω",,అర్థం తెలియదు,Greek,New Testament
G1739,ἐνδόμησις,"εἰς+ἐξ+δέω",,అర్థం తెలియదు,Greek,New Testament
G1740,ἐνδοξάζω,"εἰς+ἐξ+δοκέω",,అర్థం తెలియదు,Greek,New Testament
G1741,ἔνδοξος,"εἰς+ἐξ+δοκέω",,అర్థం తెలియదు,Greek,New Testament
G1742,ἔνδυμα,"εἰς+ἐξ+δῦμι",,అర్థం తెలియదు,Greek,New Testament
G1743,ἐνδυναμόω,"εἰς+ἐξ+δύναμαι",,అర్థం తెలియదు,Greek,New Testament
G1744,ἐνδύνω,"εἰς+ἐξ+νόμος+δῦμι",,అర్థం తెలియదు,Greek,New Testament
G1745,ἔνδυσις,"εἰς+ἐξ+δῦμι",,అర్థం తెలియదు,Greek,New Testament
G1746,ἐνδύω,"εἰς+ἐξ+δῦμι",,అర్థం తెలియదు,Greek,New Testament
G1747,ἐνέδρα,"εἰς+ἐξ+ἑδραῖος",,అర్థం తెలియదు,Greek,New Testament
G1748,ἐνεδρεύω,"εἰς+ἐξ+ἑδραῖος",,అర్థం తెలియదు,Greek,New Testament
G1749,ἔνεδρον,"εἰς+ἐξ+ἑδραῖος",,అర్థం తెలియదు,Greek,New Testament
G1750,ἐνειλέω,"εἰς+ἐξ+νόμος+εἱλίσσω",,చుట్టుకొనుట,Greek,New Testament
G1751,ἔνειμι,"εἰς+ἐξ+νόμος+εἰμί",,ఉన్నది,Greek,New Testament
G1752,εἵνεκεν,"εἵνεκεν",,నిమిత్తము,Greek,New Testament
G1753,ἐνέργεια,"εἰς+ἐξ+ἔργον",,క్రియ,Greek,New Testament
G1754,ἐνεργέω,"εἰς+ἐξ+ἔργον",ఎనెర్గెఓ,పనిచేయు,Greek,New Testament
G1755,ἐνέργημα,"εἰς+ἐξ+ἔργον",,క్రియ,Greek,New Testament
G1756,ἐνεργής,"εἰς+ἐξ+ἔργον",,క్రియ,Greek,New Testament
G1757,ἐνευλογέω,"εἰς+ἐξ+εὖ+λέγω",,స్తుతించు,Greek,New Testament
G1758,ἐνέχω,"εἰς+ἐξ+σχέω",,నిలుపు,Greek,New Testament
G1759,ἐνθάδε,"εἰς+ἐξ",,బయటకు,Greek,New Testament
G1760,ἐνθυμέομαι,"εἰς+ἐξ+θύω",,బలి అర్పించుట,Greek,New Testament
G1761,ἐνθύμησις,"εἰς+ἐξ+θύω",,బలి అర్పించుట,Greek,New Testament
G1762,ἔνι,"εἰς+ἐξ+νόμος+εἰμί",,ఉన్నది,Greek,New Testament
G1763,ἐνιαυτός,"ἐνιαυτός",,సంవత్సరము,Greek,New Testament
G1764,ἐνίστημι,"εἰς+ἐξ+ἵστημι",,లేపుట,Greek,New Testament
G1765,ἐνισχύω,"εἰς+ἐξ+ἰσχύς",,శక్తి,Greek,New Testament
G1766,ἔννατος,"ἐννέα",,తొమ్మిది,Greek,New Testament
G1767,ἐννέα,"ἐννέα",,తొమ్మిది,Greek,New Testament
G1768,ἐννενηκονταεννέα,"ἐννέα+ἐννέα",,తొంభై తొమ్మిది,Greek,New Testament
G1769,ἐννεός,"εἰς+ἐξ+νεύω",,వంచు,Greek,New Testament
G1770,ἐννεύω,"εἰς+ἐξ+νεύω",,వంచు,Greek,New Testament
G1771,ἔννοια,"εἰς+ἐξ+γινώσκω",,తెలుసుకొను,Greek,New Testament
G1772,ἔννομος,"εἰς+ἐξ+νόμος",,ధర్మశాస్త్రము,Greek,New Testament
G1773,ἔννυχον,"εἰς+ἐξ+νύξ",,రాత్రి,Greek,New Testament
G1774,ἐνοικέω,"εἰς+ἐξ+οἶκος",,ఇల్లు,Greek,New Testament
G1775,ἑνότης,"ἕν",,ఒకటి,Greek,New Testament
G1776,ἐνοχλέω,"εἰς+ἐξ+σχέω",,నిలుపు,Greek,New Testament
G1777,ἔνοχος,"εἰς+ἐξ+σχέω",,నిలుపు,Greek,New Testament
G1778,ἔνταλμα,"εἰς+ἐξ+τέλος",,అంతము,Greek,New Testament
G1779,ἐνταφιάζω,"εἰς+ἐξ+θάπτω",,పాతిపెట్టు,Greek,New Testament
G1780,ἐνταφιασμός,"εἰς+ἐξ+θάπτω",,పాతిపెట్టు,Greek,New Testament
G1781,ἐντέλλομαι,"εἰς+ἐξ+τέλος",,చివరివరకు,Greek,New Testament
G1782,ἐντεῦθεν,"εἰς+ἐξ",,బయటకు,Greek,New Testament
G1783,ἔντευξις,"εἰς+ἐξ+τυγχάνω",,పొందుట,Greek,New Testament
G1784,ἔντιμος,"εἰς+ἐξ+τίνω",,విమోచించు,Greek,New Testament
G1785,ἐντολή,"εἰς+ἐξ+τέλος",ఎన్టొలే,ఆజ్ఞ,Greek,New Testament
G1786,ἐντόπιος,"εἰς+ἐξ+τόπος",,బయటి స్థలం,Greek,New Testament
G1787,ἐντός,"εἰς+ἐξ",,బయటకు,Greek,New Testament
G1788,ἐντρέπω,"εἰς+ἐξ+τροπή",,మార్పు,Greek,New Testament
G1789,ἐντρέφω,"εἰς+ἐξ+τρέφω",,పోషించు,Greek,New Testament
G1790,ἔντρομος,"εἰς+ἐξ+τρέμω",,వణకు,Greek,New Testament
G1791,ἐντροπή,"εἰς+ἐξ+τροπή",,మార్పు,Greek,New Testament
G1792,ἐντρυφάω,"εἰς+ἐξ+τρυφή",,విలాసము,Greek,New Testament
G1793,ἐντυγχάνω,"εἰς+ἐξ+τυγχάνω",,పొందుట,Greek,New Testament
G1794,ἐντυλίσσω,"εἰς+ἐξ+εἱλίσσω",,చుట్టు,Greek,New Testament
G1795,ἐντυπόω,"εἰς+ἐξ+τύπτω",,కొట్టు,Greek,New Testament
G1796,ἐνυβρίζω,"εἰς+ἐξ+ὑπέρ",,అత్యధికంగా,Greek,New Testament
G1797,ἐνυπνιάζομαι,"εἰς+ἐξ+ὑπό",,క్రిందనుండి,Greek,New Testament
G1798,ἐνύπνιον,"εἰς+ἐξ+ὑπό",,క్రిందనుండి,Greek,New Testament
G1799,ἐνώπιον,"εἰς+ἐξ+ὁράω",,చూచు,Greek,New Testament
G1800,Ἐνώς,"Ἐνώς",,ఎనోషు,Greek,New Testament
G1801,ἐνωτίζομαι,"εἰς+ἐξ+οὖς",,చెవినుండి,Greek,New Testament
G1802,Ἐνώχ,"Ἐνώχ",,హనోకు,Greek,New Testament
G1803,ἕξ,"ἕξ",,ఆరు,Greek,New Testament
G1804,ἐξαγγέλλω,"ἐξ+ἄγω",,నడిపించు,Greek,New Testament
G1805,ἐξαγοράζω,"ἐξ+ἐγείρω",,లేపు,Greek,New Testament
G1806,ἐξάγω,"ἐξ+ἄγω",,నడిపించు,Greek,New Testament
G1807,ἐξαιρέω,"ἐξ+αἴρω",,ఎత్తు,Greek,New Testament
G1808,ἐξαίρω,"ἐξ+αἴρω",,ఎత్తు,Greek,New Testament
G1809,ἐξαιτέομαι,"ἐξ+αἰτέω",,అడుగు,Greek,New Testament
G1810,ἐξαίφνης,"ἐξ+ἄν+φημί",,బహుశా,Greek,New Testament
G1811,ἐξακολουθέω,"ἐξ+ἄν",,అర్థం తెలియదు,Greek,New Testament
G1812,ἑξακόσιοι,"ἕξ+ἑκατόν",,ఆరువందల,Greek,New Testament
G1813,ἐξαλείφω,"ἐξ+ἄν+λιπαρός",,అర్థం తెలియదు,Greek,New Testament
G1814,ἐξάλλομαι,"ἐξ+ἅλλομαι",,పైకి దూకు,Greek,New Testament
G1815,ἐξανάστασις,"ἐξ+ἀνά+ἵστημι",,తిరిగి లేపు,Greek,New Testament
G1816,ἐξανατέλλω,"ἐξ+ἀνά+τέλος",,పూర్తిగా ముగించు,Greek,New Testament
G1817,ἐξανίστημι,"ἐξ+ἀνά+ἵστημι",,తిరిగి లేపు,Greek,New Testament
G1818,ἐξαπατάω,"ἐξ+ἀπατάω",,మోసగించు,Greek,New Testament
G1819,ἐξάπινα,"ἐξ+ἄν+φημί+ἐξ+ἄν+φημί",,అర్థం తెలియదు,Greek,New Testament
G1820,ἐξαπορέομαι,"ἐξ+ἄν+πέραν",,అవ్వలికి,Greek,New Testament
G1821,ἐξαποστέλλω,"ἐξ+ἀπό+ἵστημι",,తొలగించు,Greek,New Testament
G1822,ἐξαρτίζω,"ἐξ+αἴρω+αἴρω",,ఎత్తు,Greek,New Testament
G1823,ἐξαστράπτω,"ἐξ+ἵστημι",,స్థాపించు,Greek,New Testament
G1824,ἐξαυτῆς,"ἐξ+ἀήρ+ὥρα",,అర్థం తెలియదు,Greek,New Testament
G1825,ἐξεγείρω,"ἐξ+ἐγείρω",,మేలుకొలుపు,Greek,New Testament
G1826,ἔξειμι,"ἐξ",,నుండి,Greek,New Testament
G1827,ἐξελέγχω,"ἐξ+ἐλέγχω",,ఖండించు,Greek,New Testament
G1828,ἐξέλκω,"ἐξ+αἴρω",,ఎత్తు,Greek,New Testament
G1829,ἐξέραμα,"ἐξ",,నుండి,Greek,New Testament
G1830,ἐξερευνάω,"ἐξ+ῥέω",,బయటకు ప్రవహించు,Greek,New Testament
G1831,ἐξέρχομαι,"ἐξ+ἔρχομαι",,వెళ్ళు,Greek,New Testament
G1832,ἔξεστι,"ἐξ+εἰμί",,ఉండు,Greek,New Testament
G1833,ἐξετάζω,"ἐξ",,నుండి,Greek,New Testament
G1834,ἐξηγέομαι,"ἐξ+ἄγω",,నడిపించు,Greek,New Testament
G1835,ἑξήκοντα,"ἕξ",,ఆరు,Greek,New Testament
G1836,ἑξῆς,"σχέω",,ఉంచుకొను,Greek,New Testament
G1837,ἐξηχέομαι,"ἐξ+ἦχος",,ధ్వని,Greek,New Testament
G1838,ἕξις,"σχέω",,ఉంచుకొను,Greek,New Testament
G1839,ἐξίστημι,"ἐξ+ἵστημι",,స్థాపించు,Greek,New Testament
G1840,ἐξισχύω,"ἐξ+ἰσχύς",,బలం,Greek,New Testament
G1841,ἔξοδος,"ἐξ+ὁδός",,మార్గం నుండి,Greek,New Testament
G1842,ἐξολοθρεύω,"ἐξ+ὄλεθρος",,పూర్తి నాశనం,Greek,New Testament
G1843,ἐξομολογέω,"ἐξ+ὁμοῦ+λέγω",,బయటకు చెప్పు,Greek,New Testament
G1844,ἐξορκίζω,"ἐξ+ὅριον",,సరిహద్దు నుండి,Greek,New Testament
G1845,ἐξορκιστής,"ἐξ+ὅριον",,సరిహద్దు నుండి,Greek,New Testament
G1846,ἐξορύσσω,"ἐξ+ὀρύσσω",,త్రవ్వి తీయు,Greek,New Testament
G1847,ἐξουδενόω,"ἐξ+οὐχ+δέ+ἕν",,లేదు కాని ఒకటి,Greek,New Testament
G1848,ἐξουθενέω,"ἐξ+οὐχ+δέ+ἕν",,లేదు కాని ఒకటి,Greek,New Testament
G1849,ἐξουσία,"ἐξ+εἰμί",ఎక్సూసియా,అధికారం,Greek,New Testament
G1850,ἐξουσιάζω,"ἐξ+εἰμί",,నుండి ఉండు,Greek,New Testament
G1851,ἐξοχή,"ἐξ+σχέω",,బయటకు ఉంచు,Greek,New Testament
G1852,ἐξυπνίζω,"ἐξ+ὑπό",,క్రింద నుండి,Greek,New Testament
G1853,ἔξυπνος,"ἐξ+ὑπό",,క్రింద నుండి,Greek,New Testament
G1854,ἔξω,"ἐξ",,నుండి,Greek,New Testament
G1855,ἔξωθεν,"ἐξ",,నుండి,Greek,New Testament
G1856,ἐξώθω,"ἐξ",,నుండి,Greek,New Testament
G1857,ἐξώτερος,"ἐξ",,నుండి,Greek,New Testament
G1858,ἑορτάζω,"ἑορτή",,పండుగ,Greek,New Testament
G1859,ἑορτή,"ἑορτή",,పండుగ,Greek,New Testament
G1860,ἐπαγγελία,"ἐπί+ἄγω",,తీసుకురా,Greek,New Testament
G1861,ἐπαγγέλλω,"ἐπί+ἄγω",,తీసుకురా,Greek,New Testament
G1862,ἐπάγγελμα,"ἐπί+ἄγω",,తీసుకురా,Greek,New Testament
G1863,ἐπάγω,"ἐπί+ἄγω",,తీసుకురా,Greek,New Testament
G1864,ἐπαγωνίζομαι,"ἐπί+ἄγω",,తీసుకురా,Greek,New Testament
G1865,ἐπαθροίζω,"ἐπί",,పై,Greek,New Testament
G1866,Ἐπαίνετος,"ἐπί+αἶνος",,స్తుతించు,Greek,New Testament
G1867,ἐπαινέω,"ἐπί+αἶνος",,స్తుతించు,Greek,New Testament
G1868,ἔπαινος,"ἐπί+αἶνος",,స్తుతించు,Greek,New Testament
G1869,ἐπαίρω,"ἐπί+αἴρω",,ఎత్తు,Greek,New Testament
G1870,ἐπαισχύνομαι,"ἐπί+αἰσχύνομαι",,లజ్జపడు,Greek,New Testament
G1871,ἐπαιτέω,"ἐπί+αἰτέω",,అడుగు,Greek,New Testament
G1872,ἐπακολουθέω,"ἐπί+ἄν",,పై,Greek,New Testament
G1873,ἐπακούω,"ἐπί+ἀκούω",,వినండి,Greek,New Testament
G1874,ἐπακροάομαι,"ἐπί+ἀκούω",,వినండి,Greek,New Testament
G1875,ἐπάν,"ἐπί+ἄν",,అర్థం తెలియదు,Greek,New Testament
G1876,ἐπάναγκες,"ἐπί+ἀνά+ἀγκάλη",,అర్థం తెలియదు,Greek,New Testament
G1877,ἐπανάγω,"ἐπί+ἀνά+ἄγω",,అర్థం తెలియదు,Greek,New Testament
G1878,ἐπαναμιμνήσκω,"ἐπί+ἀνά+μένω+μασσάομαι",,అర్థం తెలియదు,Greek,New Testament
G1879,ἐπαναπαύομαι,"ἐπί+ἀνά+παύω",,అర్థం తెలియదు,Greek,New Testament
G1880,ἐπανέρχομαι,"ἐπί+ἀνά+ἔρχομαι",,పైకి రండి,Greek,New Testament
G1881,ἐπανίσταμαι,"ἐπί+ἀνά+ἵστημι",,లేపండి,Greek,New Testament
G1882,ἐπανόρθωσις,"ἐπί+ἀνά+αἴρω+αἴρω",,పైకి ఎత్తి,Greek,New Testament
G1883,ἐπάνω,"ἐπί+ἀντί",,వ్యతిరేకంగా,Greek,New Testament
G1884,ἐπαρκέω,"ἐπί+αἴρω",,ఎత్తు,Greek,New Testament
G1885,ἐπαρχία,"ἐπί+ἄρχω",,ప్రారంభించండి,Greek,New Testament
G1886,ἔπαυλις,"ἐπί+ἀήρ",,గాలిలో,Greek,New Testament
G1887,ἐπαύριον,"ἐπί+ἀήρ",,గాలిలో,Greek,New Testament
G1888,ἐπαυτοφώρῳ,"ἐπί+ἀήρ",,గాలిలో,Greek,New Testament
G1889,Ἐπαφρᾶς,"ἐπί",,పైన,Greek,New Testament
G1890,ἐπαφρίζω,"ἐπί+ἀφρός",,నురుగుపై,Greek,New Testament
G1891,Ἐπαφρόδιτος,"ἐπί",,పైన,Greek,New Testament
G1892,ἐπεγείρω,"ἐπί+ἐγείρω",,నిద్రలేపు,Greek,New Testament
G1893,ἐπεί,"ἐπί+εἰ",,ఉంటే,Greek,New Testament
G1894,ἐπειδή,"ἐπί+εἰ+δέ",,ఒకవేళ,Greek,New Testament
G1895,ἐπειδήπερ,"ἐπί+εἰ+δέ+πέραν",,అటువైపు,Greek,New Testament
G1896,ἐπεῖδον,"ἐπί+εἴδω",,నేను తెలుసు,Greek,New Testament
G1897,ἐπείπερ,"ἐπί+εἰ+πέραν",,ఆవల,Greek,New Testament
G1898,ἐπεισαγωγή,"ἐπί+εἰς+ἄγω",,నడిపించు,Greek,New Testament
G1899,ἔπειτα,"ἐπί+εἶτα",,తరువాత,Greek,New Testament
G1900,ἐπέκεινα,"ἐπί+ἐκεῖ",,అక్కడ,Greek,New Testament
G1901,ἐπεκτείνομαι,"ἐπί+ἐξ",,నుండి,Greek,New Testament
G1902,ἐπενδύομαι,"ἐπί+εἰς+ἐξ+δῦμι",,దూకు,Greek,New Testament
G1903,ἐπενδύτης,"ἐπί+εἰς+ἐξ+δῦμι",,నేను లోపలికి రావాలనేది,Greek,New Testament
G1904,ἐπέρχομαι,"ἐπί+ἔρχομαι",,వచ్చు,Greek,New Testament
G1905,ἐπερωτάω,"ἐπί+ῥέω+ῥέω",,ప్రవాహము,Greek,New Testament
G1906,ἐπερώτημα,"ἐπί+ῥέω+ῥέω",,ప్రవాహము,Greek,New Testament
G1907,ἐπέχω,"ἐπί+σχέω",,ఆపు,Greek,New Testament
G1908,ἐπηρεάζω,"ἐπί",,మీద,Greek,New Testament
G1909,ἐπί,"ἐπί",,పైన,Greek,New Testament
G1910,ἐπιβαίνω,"ἐπί+βάσις",,పునాదిపై,Greek,New Testament
G1911,ἐπιβάλλω,"ἐπί+βάλλω",,వేయు,Greek,New Testament
G1912,ἐπιβαρέω,"ἐπί+βάσις+βάσις",,పునాదిపై పునాది,Greek,New Testament
G1913,ἐπιβιβάζω,"ἐπί+βάσις+ἀνά+βάσις",,పునాదిపై పైకి ఎక్కడానికి,Greek,New Testament
G1914,ἐπιβλέπω,"ἐπί+βλέπω",,చూడు,Greek,New Testament
G1915,ἐπίβλημα,"ἐπί+βάλλω",,వేయు,Greek,New Testament
G1916,ἐπιβοάω,"ἐπί+βοάω",,ఘోషించు,Greek,New Testament
G1917,ἐπιβουλή,"ἐπί+βούλομαι",,కోరుకుంటున్నాను,Greek,New Testament
G1918,ἐπιγαμβρεύω,"ἐπί+γάμος",,పెండ్లి,Greek,New Testament
G1919,ἐπίγειος,"ἐπί+γῆ",,భూమిపై,Greek,New Testament
G1920,ἐπιγίνομαι,"ἐπί+γίνομαι",,సంభవించు,Greek,New Testament
G1921,ἐπιγινώσκω,"ἐπί+γινώσκω",,తెలుసుకోవటం,Greek,New Testament
G1922,ἐπίγνωσις,"ἐπί+γινώσκω",,తెలుసుకొనుట,Greek,New Testament
G1923,ἐπιγραφή,"ἐπί+γράφω",,వ్రాయు,Greek,New Testament
G1924,ἐπιγράφω,"ἐπί+γράφω",,రాస్తూవుండడం,Greek,New Testament
G1925,ἐπιδείκνυμι,"ἐπί+δεικνύω",,చూపు,Greek,New Testament
G1926,ἐπιδέχομαι,"ἐπί+δέχομαι",,స్వీకరించు,Greek,New Testament
G1927,ἐπιδημέω,"ἐπί+δέω",,అవసరం,Greek,New Testament
G1928,ἐπιδιατάσσομαι,"ἐπί+διά+τάσσω",,నియమించు,Greek,New Testament
G1929,ἐπιδίδωμι,"ἐπί+δίδωμι",,ఇవ్వు,Greek,New Testament
G1930,ἐπιδιορθόω,"ἐπί+αἴρω+αἴρω",,ఎత్తెత్తు,Greek,New Testament
G1931,ἐπιδύω,"ἐπί+δῦμι",,దుస్తులు ధరించు,Greek,New Testament
G1932,ἐπιείκεια,"ἐπί+εἴκω",,అనుమతించు,Greek,New Testament
G1933,ἐπιεικής,"ἐπί+εἴκω",,అర్థం తెలియదు,Greek,New Testament
G1934,ἐπιζητέω,"ἐπί+ζητέω",,అర్థం తెలియదు,Greek,New Testament
G1935,ἐπιθανάτιος,"ἐπί+θνήσκω",,అర్థం తెలియదు,Greek,New Testament
G1936,ἐπίθεσις,"ἐπί+τίθημι",,అర్థం తెలియదు,Greek,New Testament
G1937,ἐπιθυμέω,"ἐπί+θύω",,అర్థం తెలియదు,Greek,New Testament
G1938,ἐπιθυμητής,"ἐπί+θύω",,అర్థం తెలియదు,Greek,New Testament
G1939,ἐπιθυμία,"ἐπί+θύω",ఎపిథూమియా,ఆశ,Greek,New Testament
G1940,ἐπικαθίζω,"ἐπί+κατά+ἑδραῖος",,అర్థం తెలియదు,Greek,New Testament
G1941,ἐπικαλέομαι,"ἐπί+κελεύω",,అర్థం తెలియదు,Greek,New Testament
G1942,ἐπικάλυμα,"ἐπί+κλέπτω+κρύπτω",,అర్థం తెలియదు,Greek,New Testament
G1943,ἐπικαλύπτω,"ἐπί+κλέπτω+κρύπτω",,అర్థం తెలియదు,Greek,New Testament
G1944,ἐπικατάρατος,"ἐπί+κατά+αἴρω",,అర్థం తెలియదు,Greek,New Testament
G1945,ἐπίκειμαι,"ἐπί+κεῖμαι",,అర్థం తెలియదు,Greek,New Testament
G1946,Ἐπικούρειος,"ἐπί+κοράσιον",,అర్థం తెలియదు,Greek,New Testament
G1947,ἐπικουρία,"ἐπί+κοράσιον",,అర్థం తెలియదు,Greek,New Testament
G1948,ἐπικρίνω,"ἐπί+κρίνω",,అర్థం తెలియదు,Greek,New Testament
G1949,ἐπιλαμβάνομαι,"ἐπί+δέχομαι",,అర్థం తెలియదు,Greek,New Testament
G1950,ἐπιλανθάνομαι,"ἐπί+λανθάνω",,అర్థం తెలియదు,Greek,New Testament
G1951,ἐπιλέγομαι,"ἐπί+λέγω",,అర్థం తెలియదు,Greek,New Testament
G1952,ἐπιλείπω,"ἐπί+λείπω",,అర్థం తెలియదు,Greek,New Testament
G1953,ἐπιλησμονή,"ἐπί+λανθάνω",,అర్థం తెలియదు,Greek,New Testament
G1954,ἐπίλοιπος,"ἐπί+λείπω",,అర్థం తెలియదు,Greek,New Testament
G1955,ἐπίλυσις,"ἐπί+λύω",,అర్థం తెలియదు,Greek,New Testament
G1956,ἐπιλύω,"ἐπί+λύω",,అర్థం తెలియదు,Greek,New Testament
G1957,ἐπιμαρτυρέω,"ἐπί+μάρτυς",,సాక్షి,Greek,New Testament
G1958,ἐπιμέλεια,"ἐπί+μέλω",,అర్థం తెలియదు,Greek,New Testament
G1959,ἐπιμελέομαι,"ἐπί+μέλω",,అర్థం తెలియదు,Greek,New Testament
G1960,ἐπιμελῶς,"ἐπί+μέλω",,అర్థం తెలియదు,Greek,New Testament
G1961,ἐπιμένω,"ἐπί+μένω",,నిలిచియుండు,Greek,New Testament
G1962,ἐπινεύω,"ἐπί+νεύω",,అర్థం తెలియదు,Greek,New Testament
G1963,ἐπίνοια,"ἐπί+γινώσκω",,అర్థం తెలియదు,Greek,New Testament
G1964,ἐπιορκέω,"ἐπί+ὅριον",,సరిహద్దు,Greek,New Testament
G1965,ἐπίορκος,"ἐπί+ὅριον",,సరిహద్దు,Greek,New Testament
G1966,ἐπιοῦσα,"ἐπί",,మీద,Greek,New Testament
G1967,ἐπιούσιος,"ἐπί",,మీద,Greek,New Testament
G1968,ἐπιπίπτω,"ἐπί+πτάομαι",,అధిగమించు,Greek,New Testament
G1969,ἐπιπλήσσω,"ἐπί+πλάσσω",,మోసగించు,Greek,New Testament
G1970,ἐπιπνίγω,"ἐπί+πνέω",,ఊదు,Greek,New Testament
G1971,ἐπιποθέω,"ἐπί",,మీద,Greek,New Testament
G1972,ἐπιπόθησις,"ἐπί",,మీద,Greek,New Testament
G1973,ἐπιπόθητος,"ἐπί+ἐπί",,పైన,Greek,New Testament
G1974,ἐπιποθία,"ἐπί",,మీద,Greek,New Testament
G1975,ἐπιπορεύομαι,"ἐπί+πέραν",,ఆవల,Greek,New Testament
G1976,ἐπιῤῥάπτω,"ἐπί+ῥαπίζω",,కొట్టు,Greek,New Testament
G1977,ἐπιῤῥίπτω,"ἐπί+ῥαπίζω",,కొట్టు,Greek,New Testament
G1978,ἐπίσημος,"ἐπί+σημαίνω",,తెలియజేయు,Greek,New Testament
G1979,ἐπισιτισμός,"ἐπί+σῖτα",,ఆహారము,Greek,New Testament
G1980,ἐπισκέπτομαι,"ἐπί+σκοπός",,అధ్యక్షుడు,Greek,New Testament
G1981,ἐπισκηνόω,"ἐπί+σκεῦος+σκιά",,గుడారము+నీడ,Greek,New Testament
G1982,ἐπισκιάζω,"ἐπί+σκιά",,కప్పివేయు,Greek,New Testament
G1983,ἐπισκοπέω,"ἐπί+σκοπός",,అధ్యక్షుడు,Greek,New Testament
G1984,ἐπισκοπή,"ἐπί+σκοπός",,పరిశీలకుడు,Greek,New Testament
G1985,ἐπίσκοπος,"ἐπί+σκοπός+ἐπί+σκοπός",,అధ్యక్షుడు+అధ్యక్షుడు,Greek,New Testament
G1986,ἐπισπάομαι,"ἐπί+σπάω",,లాగు,Greek,New Testament
G1987,ἐπίσταμαι,"ἐπί+ἵστημι+γινώσκω",,తెలుసుకొనుట,Greek,New Testament
G1988,ἐπιστάτης,"ἐπί+ἵστημι",,నిలుచు,Greek,New Testament
G1989,ἐπιστέλλω,"ἐπί+ἵστημι",,నిలుచు,Greek,New Testament
G1990,ἐπιστήμων,"ἐπί+ἵστημι+γινώσκω",,తెలుసుకొనుట,Greek,New Testament
G1991,ἐπιστηρίζω,"ἐπί+ἵστημι+ἵστημι",,నిలుచుండు,Greek,New Testament
G1992,ἐπιστολή,"ἐπί+ἵστημι",,నిలుపు,Greek,New Testament
G1993,ἐπιστομίζω,"ἐπί+κόπτω",,నరుకు,Greek,New Testament
G1994,ἐπιστρέφω,"ἐπί+τροπή",,సంరక్షణ,Greek,New Testament
G1995,ἐπιστροφή,"ἐπί+τροπή",,ధర్మకర్తృత్వం,Greek,New Testament
G1996,ἐπισυνάγω,"ἐπί+σύν+ἄγω",,కూర్చు,Greek,New Testament
G1997,ἐπισυναγωγή,"ἐπί+σύν+ἄγω",,సమకూర్చు,Greek,New Testament
G1998,ἐπισυντρέχω,"ἐπί+σύν+θρίξ",,జుట్టు కొరకు,Greek,New Testament
G1999,ἐπισύστασις,"ἐπί+σύν+ἵστημι",,సమకూర్చు,Greek,New Testament
G2000,ἐπισφαλής,"ἐπί",,మీద,Greek,New Testament
G2001,ἐπισχύω,"ἐπί+ἰσχύς",,శక్తి,Greek,New Testament
G2002,ἐπισωρεύω,"ἐπί+σορός",,అర్థం తెలియదు,Greek,New Testament
G2003,ἐπιταγή,"ἐπί+τάσσω",,ఆజ్ఞాపించు,Greek,New Testament
G2004,ἐπιτάσσω,"ἐπί+τάσσω",,నియమించు,Greek,New Testament
G2005,ἐπιτελέω,"ἐπί+τέλος",,ముగింపు,Greek,New Testament
G2006,ἐπιτήδειος,"ἐπιτήδειος",,అనుకూలమైన,Greek,New Testament
G2007,ἐπιτίθημι,"ἐπί+τίθημι",,ఉంచు,Greek,New Testament
G2008,ἐπιτιμάω,"ἐπί+τίνω",,శిక్షించు,Greek,New Testament
G2009,ἐπιτιμία,"ἐπί+τίνω",,ప్రతికారము చేయు,Greek,New Testament
G2010,ἐπιτρέπω,"ἐπί+τροπή",,నిర్వాహకత్వము,Greek,New Testament
G2011,ἐπιτροπή,"ἐπί+τροπή",,అధికారం,Greek,New Testament
G2012,ἐπίτροπος,"ἐπί+τροπή+ἐπί+τροπή",,సంరక్షణ,Greek,New Testament
G2013,ἐπιτυγχάνω,"ἐπί+τυγχάνω",,సంభవించు,Greek,New Testament
G2014,ἐπιφαίνω,"ἐπί+φημί",,చెప్పు,Greek,New Testament
G2015,ἐπιφάνεια,"ἐπί+φημί",,పలుకు,Greek,New Testament
G2016,ἐπιφανής,"ἐπί+φημί",,చెప్పెను,Greek,New Testament
G2017,ἐπιφαύω,"ἐπί+φημί",,ఒప్పుకొను,Greek,New Testament
G2018,ἐπιφέρω,"ἐπί+φέρω",,తెచ్చు,Greek,New Testament
G2019,ἐπιφωνέω,"ἐπί+φημί",,ఒప్పుకొను,Greek,New Testament
G2020,ἐπιφώσκω,"ἐπί+φημί",,ధ్రువీకరించు,Greek,New Testament
G2021,ἐπιχειρέω,"ἐπί+χειμών+χάσμα",,అర్థం తెలియదు,Greek,New Testament
G2022,ἐπιχέω,"ἐπί",,మీద,Greek,New Testament
G2023,ἐπιχορηγέω,"ἐπί+χορός+ἄγω",,అర్థం తెలియదు,Greek,New Testament
G2024,ἐπιχορηγία,"ἐπί+χορός+ἄγω",,అర్థం తెలియదు,Greek,New Testament
G2025,ἐπιχρίω,"ἐπί+χειμών+χάσμα",,అర్థం తెలియదు,Greek,New Testament
G2026,ἐποικοδομέω,"ἐπί+οἶκος+δῶμα",,అర్థం తెలియదు,Greek,New Testament
G2027,ἐποκέλλω,"ἐπί",,మీద,Greek,New Testament
G2028,ἐπονομάζω,"ἐπί+γινώσκω+ὀνίνημι",,అర్థం తెలియదు,Greek,New Testament
G2029,ἐποπτεύω,"ἐπί+ὁράω",,చూచు,Greek,New Testament
G2030,ἐπόπτης,"ἐπί+ὁράω",,చూచు,Greek,New Testament
G2031,ἔπος,"ῥέω+ῥέω+φημί",,అర్థం తెలియదు,Greek,New Testament
G2032,ἐπουράνιος,"ἐπί+αἴρω+αἴρω",,అర్థం తెలియదు,Greek,New Testament
G2033,ἑπτά,"ἑπτά",,ఏడు,Greek,New Testament
G2034,ἑπτάκις,"ἑπτά",,ఏడు,Greek,New Testament
G2035,ἑπτακισχίλιοι,"ἑπτά+χίλιοι",,ఏడు వేలు,Greek,New Testament
G2036,ἔπω,"ῥέω+ῥέω+φημί",,అర్థం తెలియదు,Greek,New Testament
G2037,Ἔραστος,"Ἔραστος",,ఎరాస్తు,Greek,New Testament
G2038,ἐργάζομαι,"ἔργον",,పని,Greek,New Testament
G2039,ἐργασία,"ἔργον",,పని,Greek,New Testament
G2040,ἐργάτης,"ἔργον",,పని,Greek,New Testament
G2041,ἔργον,"ἔργον",ఎర్గొన్,పని,Greek,New Testament
G2042,ἐρεθίζω,"ἔρις",,కలహం,Greek,New Testament
G2043,ἐρείδω,"ἐρείδω",,ఆనుకొను,Greek,New Testament
G2044,ἐρεύγομαι,"ἐρεύγομαι",,త్రేనుట,Greek,New Testament
G2045,ἐρευνάω,"ῥέω",,ప్రవహించు,Greek,New Testament
G2046,ἐρέω,"ῥέω",ఎరెఓ,చెప్పు,Greek,New Testament
G2047,ἐρημία,"ἔρημος",,ఎడారి,Greek,New Testament
G2048,ἔρημος,"ἔρημος",,ఎడారి,Greek,New Testament
G2049,ἐρημόω,"ἔρημος",,ఎడారి,Greek,New Testament
G2050,ἐρήμωσις,"ἔρημος",,ఎడారి,Greek,New Testament
G2051,ἐρίζω,"ἔρις",,కలహం,Greek,New Testament
G2052,ἐριθεία,"ἔρις",,కలహం,Greek,New Testament
G2053,ἔριον,"ἔριον",,గొర్రెబొచ్చు,Greek,New Testament
G2054,ἔρις,"ἔρις",,కలహం,Greek,New Testament
G2055,ἐρίφιον,"ἔριον",,గొర్రెబొచ్చు,Greek,New Testament
G2056,ἔριφος,"ἔριον",,గొర్రె ఊలు,Greek,New Testament
G2057,Ἑρμᾶς,"ῥέω",,ప్రవహించు,Greek,New Testament
G2058,ἑρμηνεία,"ῥέω",,ప్రవహించు,Greek,New Testament
G2059,ἑρμηνεύω,"ῥέω",,ప్రవహించు,Greek,New Testament
G2060,Ἑρμῆς,"ῥέω",,ప్రవహించు,Greek,New Testament
G2061,Ἑρμογένης,"ῥέω+γίνομαι",,పుట్టు,Greek,New Testament
G2062,ἑρπετόν,"ἑρπετόν",,ప్రాకు పురుగు,Greek,New Testament
G2063,ἐρυθρός,"ἐρυθρός",,ఎరుపు,Greek,New Testament
G2064,ἔρχομαι,"ἔρχομαι",ఎర్కొమై,వచ్చు,Greek,New Testament
G2065,ἐρωτάω,"ῥέω+ῥέω",,నిరంతరాయంగా ప్రవహించు,Greek,New Testament
G2066,ἐσθής,"ἐσθής",,వస్త్రం,Greek,New Testament
G2067,ἔσθησις,"ἐσθής",,దుస్తులు,Greek,New Testament
G2068,ἐσθίω,"ἐσθίω",,తిను,Greek,New Testament
G2069,Ἐσλί,"Ἐσλί",,ఎస్లీ,Greek,New Testament
G2070,ἐσμέν,"εἰμί",,ఉండు,Greek,New Testament
G2071,ἔσομαι,"εἰμί",,ఉండు,Greek,New Testament
G2072,ἔσοπτρον,"εἰς+ὁράω",,చూచు,Greek,New Testament
G2073,ἑσπέρα,"ὥρα",,గంట,Greek,New Testament
G2074,Ἐσρώμ,"Ἐσρώμ",,ఎస్రోమ్,Greek,New Testament
G2075,ἐστέ,"εἰμί",,ఉండు,Greek,New Testament
G2076,ἐστί,"εἰμί",,ఉండు,Greek,New Testament
G2077,ἔστω,"εἰμί",,ఉండు,Greek,New Testament
G2078,ἔσχατος,"σχέω",,కలిగియుండు,Greek,New Testament
G2079,ἐσχάτως,"σχέω",,కలిగియుండు,Greek,New Testament
G2080,ἔσω,"εἰς",,లోపల,Greek,New Testament
G2081,ἔσωθεν,"εἰς",,లోపల,Greek,New Testament
G2082,ἐσώτερος,"εἰς",,లోపల,Greek,New Testament
G2083,ἑταῖρος,"ἑταῖρος",,స్నేహితుడు,Greek,New Testament
G2084,ἑτερόγλωσσος,"ἕτερος+γλῶσσα",,అన్య భాష,Greek,New Testament
G2085,ἑτεροδιδασκαλέω,"ἕτερος+διδάσκω",,భిన్నంగా బోధించు,Greek,New Testament
G2086,ἑτεροζυγέω,"ἕτερος+ζυγός",,వేరొక కాడి,Greek,New Testament
G2087,ἕτερος,"ἕτερος",హెటెరొస్,వేరొక,Greek,New Testament
G2088,ἑτέρως,"ἕτερος",,ఇతర,Greek,New Testament
G2089,ἔτι,"ἔτος",ఎటి,ఇంకా,Greek,New Testament
G2090,ἑτοιμάζω,"ἕτοιμος",,సిద్ధంగా,Greek,New Testament
G2091,ἑτοιμασία,"ἕτοιμος",,సిద్ధంగా,Greek,New Testament
G2092,ἕτοιμος,"ἕτοιμος",,సిద్ధంగా,Greek,New Testament
G2093,ἑτοίμως,"ἕτοιμος",,సిద్ధంగా,Greek,New Testament
G2094,ἔτος,"ἔτος",,సంవత్సరం,Greek,New Testament
G2095,εὖ,"εὖ",,బాగుగా,Greek,New Testament
G2096,Εὖα,"Εὖα",,ఏవ,Greek,New Testament
G2097,εὐαγγελίζω,"εὖ+ἄγω",,సువార్త ప్రకటన చేయు,Greek,New Testament
G2098,εὐαγγέλιον,"εὖ+ἄγω",యుఅగ్గెలియన్,సువార్త,Greek,New Testament
G2099,εὐαγγελιστής,"εὖ+ἄγω",,సువార్త ప్రకటన చేయు,Greek,New Testament
G2100,εὐαρεστέω,"εὖ+αἴρω",,అభివృద్ధి చేయు,Greek,New Testament
G2101,εὐάρεστος,"εὖ+αἴρω",,అభివృద్ధి చేయు,Greek,New Testament
G2102,εὐαρέστως,"εὖ+αἴρω",,అభివృద్ధి చేయు,Greek,New Testament
G2103,Εὔβουλος,"εὖ+βούλομαι",,సంతోషించు,Greek,New Testament
G2104,εὐγενής,"εὖ+γίνομαι",,క్షేమంగా ఉండు,Greek,New Testament
G2105,εὐδία,"εὖ+Ζεύς",,యుపితర్,Greek,New Testament
G2106,εὐδοκέω,"εὖ+δοκέω",,సంతోషించు,Greek,New Testament
G2107,εὐδοκία,"εὖ+δοκέω",,సంతోషించు,Greek,New Testament
G2108,εὐεργεσία,"εὖ+ἔργον",,మంచి పని,Greek,New Testament
G2109,εὐεργετέω,"εὖ+ἔργον",,మంచి పని,Greek,New Testament
G2110,εὐεργέτης,"εὖ+ἔργον",,మంచి పని,Greek,New Testament
G2111,εὔθετος,"εὖ+τίθημι",,స్థాపించు,Greek,New Testament
G2112,εὐθέως,"εὖ+τίθημι",,స్థాపించు,Greek,New Testament
G2113,εὐθυδρομέω,"εὖ+τίθημι+θρίξ",,బాగా వెంట్రుకలు కలది,Greek,New Testament
G2114,εὐθυμέω,"εὖ+θύω",,బాగా బలి అర్పించు,Greek,New Testament
G2115,εὔθυμος,"εὖ+θύω",,బాగా బలి అర్పించు,Greek,New Testament
G2116,εὐθύνω,"εὖ+τίθημι",,ఉంచు,Greek,New Testament
G2117,εὐθύς,"εὖ+τίθημι",ఎఊథూస్,వెంటనే,Greek,New Testament
G2118,εὐθύτης,"εὖ+τίθημι",,ఉంచు,Greek,New Testament
G2119,εὐκαιρέω,"εὖ+καιρός",,అనుకూల సమయం,Greek,New Testament
G2120,εὐκαιρία,"εὖ+καιρός",,అనుకూల సమయం,Greek,New Testament
G2121,εὔκαιρος,"εὖ+καιρός",,సమయం,Greek,New Testament
G2122,εὐκαίρως,"εὖ+καιρός",,సమయం,Greek,New Testament
G2123,εὐκοπώτερος,"εὖ+κόπτω",,అర్థం తెలియదు,Greek,New Testament
G2124,εὐλάβεια,"εὖ+δέχομαι",,బాగా స్వీకరించు,Greek,New Testament
G2125,εὐλαβέομαι,"εὖ+δέχομαι",,బాగా స్వీకరించు,Greek,New Testament
G2126,εὐλαβής,"εὖ+δέχομαι",,బాగా స్వీకరించు,Greek,New Testament
G2127,εὐλογέω,"εὖ+λέγω",,స్తుతించు,Greek,New Testament
G2128,εὐλογητός,"εὖ+λέγω",,స్తుతించు,Greek,New Testament
G2129,εὐλογία,"εὖ+λέγω",,స్తుతించు,Greek,New Testament
G2130,εὐμετάδοτος,"εὖ+μετά+δίδωμι",,అర్థం తెలియదు,Greek,New Testament
G2131,Εὐνίκη,"εὖ+νίκη",,అర్థం తెలియదు,Greek,New Testament
G2132,εὐνοέω,"εὖ+γινώσκω",,బాగా తెలుసు,Greek,New Testament
G2133,εὔνοια,"εὖ+γινώσκω",,బాగా తెలుసు,Greek,New Testament
G2134,εὐνουχίζω,"σχέω",,అర్థం తెలియదు,Greek,New Testament
G2135,εὐνοῦχος,"σχέω",,అర్థం తెలియదు,Greek,New Testament
G2136,Εὐοδία,"εὖ+ὁδός",,సరియైన మార్గము,Greek,New Testament
G2137,εὐοδόω,"εὖ+ὁδός",,సరియైన మార్గము,Greek,New Testament
G2138,εὐπειθής,"εὖ+πείθω",,నమ్మించు,Greek,New Testament
G2139,εὐπερίστατος,"εὖ+πέραν+ἵστημι",,అర్థం తెలియదు,Greek,New Testament
G2140,εὐποιΐα,"εὖ+ποιέω",,మేలు చేయు,Greek,New Testament
G2141,εὐπορέω,"ἕτοιμος+πέραν",,సిద్ధంగా దాటు,Greek,New Testament
G2142,εὐπορία,"ἕτοιμος+πέραν",,సిద్ధంగా దాటు,Greek,New Testament
G2143,εὐπρέπεια,"εὖ+πρέπω",,అర్థం తెలియదు,Greek,New Testament
G2144,εὐπρόσδεκτος,"εὖ+πρό+δέχομαι",,అర్థం తెలియదు,Greek,New Testament
G2145,εὐπρόσεδρος,"εὖ+πρό+ἑδραῖος",,అర్థం తెలియదు,Greek,New Testament
G2146,εὐπροσωπέω,"εὖ+πρό+ὁράω",,బాగా చూడు,Greek,New Testament
G2147,εὑρίσκω,"εὑρίσκω",హూరిస్కొ,కనుగొను,Greek,New Testament
G2148,Εὐροκλύδων,"κλύδων",,తుఫాను,Greek,New Testament
G2149,εὐρύχωρος,"χάσμα",,అగాధం,Greek,New Testament
G2150,εὐσέβεια,"εὖ+σέβομαι",,భక్తిగా ఉండండి,Greek,New Testament
G2151,εὐσεβέω,"εὖ+σέβομαι",,భక్తిగా ఉండండి,Greek,New Testament
G2152,εὐσεβής,"εὖ+σέβομαι",,భక్తిగల,Greek,New Testament
G2153,εὐσεβῶς,"εὖ+σέβομαι",,భక్తిగల,Greek,New Testament
G2154,εὔσημος,"εὖ+σημαίνω",,గుర్తుతెలుపు,Greek,New Testament
G2155,εὔσπλαγχνος,"εὖ+σπλάγχνον",,దయగల,Greek,New Testament
G2156,εὐσχημόνως,"εὖ+σχέω",,క్షేమంగా ఉండు,Greek,New Testament
G2157,εὐσχημοσύνη,"εὖ+σχέω",,క్షేమంగా ఉండు,Greek,New Testament
G2158,εὐσχήμων,"εὖ+σχέω",,క్షేమంగా ఉండు,Greek,New Testament
G2159,εὐτόνως,"εὖ",,మంచి,Greek,New Testament
G2160,εὐτραπελία,"εὖ+τροπή",,మంచితనం,Greek,New Testament
G2161,Εὔτυχος,"εὖ+τυγχάνω",,అనుకూలించు,Greek,New Testament
G2162,εὐφημία,"εὖ+φημί",,స్తుతించు,Greek,New Testament
G2163,εὔφημος,"εὖ+φημί",,స్తుతించు,Greek,New Testament
G2164,εὐφορέω,"εὖ+φέρω",,ఫలించు,Greek,New Testament
G2165,εὐφραίνω,"εὖ+φράσσω",,జాగ్రత్తగా వుండు,Greek,New Testament
G2166,Εὐφράτης,"Εὐφράτης",,యూఫ్రేట్స్,Greek,New Testament
G2167,εὐφροσύνη,"εὖ+φράσσω",,జాగ్రత్తగా వుండు,Greek,New Testament
G2168,εὐχαριστέω,"εὖ+χαίρω",,సంతోషించు,Greek,New Testament
G2169,εὐχαριστία,"εὖ+χαίρω",,సంతోషించు,Greek,New Testament
G2170,εὐχάριστος,"εὖ+χαίρω",,సంతోషించు,Greek,New Testament
G2171,εὐχή,"εὔχομαι",,ప్రార్థించు,Greek,New Testament
G2172,εὔχομαι,"εὔχομαι",,ప్రార్థించు,Greek,New Testament
G2173,εὔχρηστος,"εὖ+χειμών+χάσμα",,అనుకూల పరిస్థితులు,Greek,New Testament
G2174,εὐψυχέω,"εὖ+ψύχω",,చల్లబరుచు,Greek,New Testament
G2175,εὐωδία,"εὖ+ὄζω",,సువాసన వేయు,Greek,New Testament
G2176,εὐώνυμος,"εὖ+γινώσκω+ὀνίνημι",,అర్థం తెలియదు,Greek,New Testament
G2177,ἐφάλλομαι,"ἐπί+ἅλλομαι",,దుముకు,Greek,New Testament
G2178,ἐφάπαξ,"ἐπί+ἄν+πᾶς",,సర్వశక్తిమంతుడు,Greek,New Testament
G2179,Ἐφεσῖνος,"Ἔφεσος",,ఎఫెసుస్,Greek,New Testament
G2180,Ἐφέσιος,"Ἔφεσος",,ఎఫెసుస్,Greek,New Testament
G2181,Ἔφεσος,"Ἔφεσος",,ఎఫెసుస్,Greek,New Testament
G2182,ἐφευρετής,"ἐπί+εὑρίσκω",,కనుగొను,Greek,New Testament
G2183,ἐφημερία,"ἐπί+ὥρα+ἑδραῖος",,సమయానుకూలమైన,Greek,New Testament
G2184,ἐφήμερος,"ἐπί+ὥρα+ἑδραῖος",,సమయానుకూలమైన,Greek,New Testament
G2185,ἐφικνέομαι,"ἐπί+ἥκω",,సమీపించు,Greek,New Testament
G2186,ἐφίστημι,"ἐπί+ἵστημι",,నిలుచు,Greek,New Testament
G2187,Ἐφραίμ,"Ἐφραίμ",,ఎఫ్రాయిం,Greek,New Testament
G2188,ἐφφαθά,"ἐφφαθά",,ఎఫాతా,Greek,New Testament
G2189,ἔχθρα,"ἐχθρός",,శత్రువు,Greek,New Testament
G2190,ἐχθρός,"ἐχθρός",,శత్రువు,Greek,New Testament
G2191,ἔχιδνα,"ἔχιδνα",,సర్పము,Greek,New Testament
G2192,σχέω,"σχέω",ఎకొ,కలిగియుండు,Greek,New Testament
G2193,ἕως,"ἕως",,వరకు,Greek,New Testament
G2194,Ζαβουλών,"Ζαβουλών",,జెబులూను,Greek,New Testament
G2195,Ζακχαῖος,"Ζακχαῖος",,జక్కయ్య,Greek,New Testament
G2196,Ζαρά,"Ζαρά",జరా,జొరబ్బాబెలు,Greek,New Testament
G2197,Ζαχαρίας,"Ζαχαρίας",,జెకర్యా,Greek,New Testament
G2198,ζάω,"ζάω",జాఓ,జీవించు,Greek,New Testament
G2199,Ζεβεδαῖος,"Ζεβεδαῖος",,జెబెదయి,Greek,New Testament
G2200,ζεστός,"ζέω",,మరుగు,Greek,New Testament
G2201,ζεῦγος,"ζυγός",,కాడి,Greek,New Testament
G2202,ζευκτηρία,"ζυγός",,కాడి,Greek,New Testament
G2203,Ζεύς,"Ζεύς",,జెయుస్,Greek,New Testament
G2204,ζέω,"ζέω",,మరుగు,Greek,New Testament
G2205,ζῆλος,"ζέω",,మరుగు,Greek,New Testament
G2206,ζηλόω,"ζέω",,మరుగు,Greek,New Testament
G2207,ζηλωτής,"ζέω",,మరుగు,Greek,New Testament
G2208,Ζηλωτής,"ζέω",,మరుగు,Greek,New Testament
G2209,ζημία,"δαμάζω",,మెరుగుపరచు,Greek,New Testament
G2210,ζημιόω,"δαμάζω",,మెరుగుపరచు,Greek,New Testament
G2211,Ζηνᾶς,"Ζεύς+δῶρον",,అర్థం తెలియదు,Greek,New Testament
G2212,ζητέω,"ζητέω",జేటెఓ,వెదకు,Greek,New Testament
G2213,ζήτημα,"ζητέω",,వెదకు,Greek,New Testament
G2214,ζήτησις,"ζητέω",,వెదకు,Greek,New Testament
G2215,ζιζάνιον,"ζιζάνιον",,గురుగు,Greek,New Testament
G2216,Ζοροβάβελ,"Ζοροβάβελ",,జెరుబ్బాబెలు,Greek,New Testament
G2217,ζόφος,"νέφος",,మేఘం,Greek,New Testament
G2218,ζυγός,"ζυγός",,కాడి,Greek,New Testament
G2219,ζύμη,"ζέω",,మండు,Greek,New Testament
G2220,ζυμόω,"ζέω",,మండు,Greek,New Testament
G2221,ζωγρέω,"ζάω+ἄγω",,జీవించు+నడిపించు,Greek,New Testament
G2222,ζωή,"ζάω",జొఎ,జీవం,Greek,New Testament
G2223,ζώνη,"ζυγός",,కాడి,Greek,New Testament
G2224,ζώννυμι,"ζυγός",,కాడి,Greek,New Testament
G2225,ζωογονέω,"ζάω+γίνομαι",,జీవించు+అగు,Greek,New Testament
G2226,ζῶον,"ζάω",,జీవించు,Greek,New Testament
G2227,ζωοποιέω,"ζάω+ποιέω",,జీవించు+చేయు,Greek,New Testament
G2228,ἤ,"ἤ",,లేదా,Greek,New Testament
G2229,ἦ,"ἤ+μέν",,అర్థం తెలియదు,Greek,New Testament
G2230,ἡγεμονεύω,"ἄγω",,నడిపించు,Greek,New Testament
G2231,ἡγεμονία,"ἄγω",,నడిపించు,Greek,New Testament
G2232,ἡγεμών,"ἄγω",,నడిపించు,Greek,New Testament
G2233,ἡγέομαι,"ἄγω",,నడిపించు,Greek,New Testament
G2234,ἡδέως,"ἡδονή",,సంతోషం,Greek,New Testament
G2235,ἤδη,"ἤ+ἤ+μέν+δέ",,అర్థం తెలియదు,Greek,New Testament
G2236,ἥδιστα,"ἡδονή",,సంతోషం,Greek,New Testament
G2237,ἡδονή,"ἡδονή",,సంతోషం,Greek,New Testament
G2238,ἡδύοσμον,"ἡδονή+ὄζω",,అర్థం తెలియదు,Greek,New Testament
G2239,ἦθος,"ἔθω",,అలవాటు,Greek,New Testament
G2240,ἥκω,"ἥκω",,వచ్చు,Greek,New Testament
G2241,ἠλί,"ἠλί",,ఏలీ,Greek,New Testament
G2242,Ἡλί,"Ἡλί",,ఏలీ,Greek,New Testament
G2243,Ἡλίας,"Ἡλίας",,ఏలీయా,Greek,New Testament
G2244,ἡλικία,"ἡλίκος",,ఎంత,Greek,New Testament
G2245,ἡλίκος,"ἡλίκος",,ఎంత,Greek,New Testament
G2246,ἥλιος,"αἴρω",,ఎత్తు,Greek,New Testament
G2247,ἧλος,"ἧλος",,మేకు,Greek,New Testament
G2248,ἡμᾶς,"ἐγώ",,నేను,Greek,New Testament
G2249,ἡμεῖς,"ἐγώ",,నేను,Greek,New Testament
G2250,ἡμέρα,"ὥρα+ἑδραῖος",హేమెరా,దినం,Greek,New Testament
G2251,ἡμέτερος,"θνήσκω",,చనిపోవు,Greek,New Testament
G2252,ἤμην,"εἰμί",,ఉన్నాను,Greek,New Testament
G2253,ἡμιθανής,"ἅμα+θνήσκω",,కూడా+చనిపోవు,Greek,New Testament
G2254,ἡμῖν,"ἐγώ",,నేను,Greek,New Testament
G2255,ἥμισυ,"ἅμα",,కూడా,Greek,New Testament
G2256,ἡμιώριον,"ἅμα+ὥρα",,కూడా+గంట,Greek,New Testament
G2257,ἡμῶν,"ἐγώ",,నేను,Greek,New Testament
G2258,ἦν,"εἰμί",,ఉన్నాను,Greek,New Testament
G2259,ἡνίκα,"ἡνίκα",,ఎప్పుడు,Greek,New Testament
G2260,ἤπερ,"ἤ+πέραν",,లేదా+ఆవల,Greek,New Testament
G2261,ἤπιος,"ῥέω+ῥέω+φημί",,ప్రవహించు+ప్రవహించు+చెప్పు,Greek,New Testament
G2262,Ἤρ,"Ἤρ",,ఏరు,Greek,New Testament
G2263,ἤρεμος,"ἔρημος",,ఎడారి,Greek,New Testament
G2264,Ἡρώδης,"εἴδω",,తెలుసు,Greek,New Testament
G2265,Ἡρωδιανοί,"εἴδω",,తెలుసు,Greek,New Testament
G2266,Ἡρωδιάς,"εἴδω",,తెలుసు,Greek,New Testament
G2267,Ἡρωδίων,"εἴδω",,తెలుసు,Greek,New Testament
G2268,Ἡσαΐας,"Ἡσαΐας",,యెషయా,Greek,New Testament
G2269,Ἠσαῦ,"Ἠσαῦ",,ఏశావు,Greek,New Testament
G2270,ἡσυχάζω,"ἑδραῖος+σχέω",,స్థిరముగా+పట్టుకొను,Greek,New Testament
G2271,ἡσυχία,"ἑδραῖος+σχέω",,స్థిరముగా+పట్టుకొను,Greek,New Testament
G2272,ἡσύχιος,"ἑδραῖος+σχέω",,స్థిరముగా+పట్టుకొను,Greek,New Testament
G2273,ἤτοι,"ἤ+τό",,లేదా+దానిని,Greek,New Testament
G2274,ἡττάω,"κακός",,చెడ్డ,Greek,New Testament
G2275,ἥττημα,"κακός",,చెడ్డ,Greek,New Testament
G2276,ἥττον,"κακός",,చెడ్డ,Greek,New Testament
G2277,ἤτω,"εἰμί",,ఉన్నాను,Greek,New Testament
G2278,ἠχέω,"ἦχος",,అర్థం తెలియదు,Greek,New Testament
G2279,ἦχος,"ἦχος",,అర్థం తెలియదు,Greek,New Testament
G2280,Θαδδαῖος,"Θαδδαῖος",,తద్దయి,Greek,New Testament
G2281,θάλασσα,"ἅλς",,ఉప్పు,Greek,New Testament
G2282,θάλπω,"θάλπω",,వెచ్చచేయు,Greek,New Testament
G2283,Θάμαρ,"Θάμαρ",,తామారు,Greek,New Testament
G2284,θαμβέω,"θάμβος",,దిగులు,Greek,New Testament
G2285,θάμβος,"θάμβος",,దిగులు,Greek,New Testament
G2286,θανάσιμος,"θνήσκω",,చచ్చు,Greek,New Testament
G2287,θανατήφορος,"θνήσκω+φέρω",,అర్థం తెలియదు,Greek,New Testament
G2288,θάνατος,"θνήσκω",థానాటొస్,మరణం,Greek,New Testament
G2289,θανατόω,"θνήσκω",,చచ్చు,Greek,New Testament
G2290,θάπτω,"θάπτω",,పాతిపెట్టు,Greek,New Testament
G2291,Θάρα,"Θάρα",,తెరాహు,Greek,New Testament
G2292,θαῤῥέω,"θάρσος",,ధైర్యము,Greek,New Testament
G2293,θαρσέω,"θάρσος",థార్సెఓ,ధైర్యం కలిగియుండు,Greek,New Testament
G2294,θάρσος,"θάρσος",,ధైర్యము,Greek,New Testament
G2295,θαῦμα,"θεάομαι",,చూచు,Greek,New Testament
G2296,θαυμάζω,"θεάομαι",థాఊమాజొ,ఆశ్చర్యపడు,Greek,New Testament
G2297,θαυμάσιος,"θεάομαι",,చూచు,Greek,New Testament
G2298,θαυμαστός,"θεάομαι",,చూచు,Greek,New Testament
G2299,θεά,"θεός",,దేవుడు,Greek,New Testament
G2300,θεάομαι,"θεάομαι",,చూచు,Greek,New Testament
G2301,θεατρίζω,"θεάομαι",,చూచు,Greek,New Testament
G2302,θέατρον,"θεάομαι",,చూచు,Greek,New Testament
G2303,θεῖον,"θεός",,దేవుడు,Greek,New Testament
G2304,θεῖος,"θεός",,దేవుడు,Greek,New Testament
G2305,θειότης,"θεός",,దేవుడు,Greek,New Testament
G2306,θειώδης,"θεός",,దేవుడు,Greek,New Testament
G2307,θέλημα,"αἴρω",థెలెమా,చిత్తం,Greek,New Testament
G2308,θέλησις,"αἴρω",,ఎత్తు,Greek,New Testament
G2309,ἐθελέω,"αἴρω",థెలొ,కోరు,Greek,New Testament
G2310,θεμέλιος,"τίθημι",,ఉంచు,Greek,New Testament
G2311,θεμελιόω,"τίθημι",,ఉంచు,Greek,New Testament
G2312,θεοδίδακτος,"θεός+διδάσκω",,దేవుడు+నేర్పించు,Greek,New Testament
G2313,θεομαχέω,"θεός+μάχομαι",,దేవునితో పోరాడు,Greek,New Testament
G2314,θεομάχος,"θεός+μάχομαι",,దేవునితో పోరాడు,Greek,New Testament
G2315,θεόπνευστος,"θεός+πνέω",,దేవుని ఊపిరి,Greek,New Testament
G2316,θεός,"θεός",థెఒస్,దేవుడు,Greek,New Testament
G2317,θεοσέβεια,"θεός+σέβομαι",,దేవుణ్ణి ఆరాధించు,Greek,New Testament
G2318,θεοσεβής,"θεός+σέβομαι",,దేవుణ్ణి ఆరాధించు,Greek,New Testament
G2319,θεοστυγής,"θεός+στυγνητός",,దేవునికి అసహ్యమైన,Greek,New Testament
G2320,θεότης,"θεός",,దేవుడు,Greek,New Testament
G2321,Θεόφιλος,"θεός+φίλος",,దేవుని స్నేహితుడు,Greek,New Testament
G2322,θεραπεία,"θέρος",,వేసవి,Greek,New Testament
G2323,θεραπεύω,"θέρος",థెరాపెఊఓ,స్వస్థపరచు,Greek,New Testament
G2324,θεράπων,"θέρος",,వేసవి,Greek,New Testament
G2325,θερίζω,"θέρος",,వేసవి,Greek,New Testament
G2326,θερισμός,"θέρος",,వేసవి,Greek,New Testament
G2327,θεριστής,"θέρος",,వేసవి,Greek,New Testament
G2328,θερμαίνω,"θέρος",,వేసవి,Greek,New Testament
G2329,θέρμη,"θέρος",,వేసవి,Greek,New Testament
G2330,θέρος,"θέρος",,వేసవి,Greek,New Testament
G2331,Θεσσαλονικεύς,"νίκη",,విజయం,Greek,New Testament
G2332,Θεσσαλονίκη,"νίκη",,విజయం,Greek,New Testament
G2333,Θευδᾶς,"Θευδᾶς",,తెయుదా,Greek,New Testament
G2334,θεωρέω,"θεάομαι+ὁράω",,చూడు,Greek,New Testament
G2335,θεωρία,"θεάομαι+ὁράω",,చూడు,Greek,New Testament
G2336,θήκη,"τίθημι",,ఉంచు,Greek,New Testament
G2337,θηλάζω,"θηλάζω",,పాలు తాగు,Greek,New Testament
G2338,θῆλυς,"θηλάζω",,పాలు తాగు,Greek,New Testament
G2339,θήρα,"θήρα",,వేట,Greek,New Testament
G2340,θηρεύω,"θήρα",,వేట,Greek,New Testament
G2341,θηριομαχέω,"θήρα+μάχομαι",,వేట+పోరాడు (అర్థం తెలియదు),Greek,New Testament
G2342,θηρίον,"θήρα",,వేట,Greek,New Testament
G2343,θησαυρίζω,"τίθημι",,ఉంచు,Greek,New Testament
G2344,θησαυρός,"τίθημι",,ఉంచు,Greek,New Testament
G2345,θιγγάνω,"θιγγάνω",,తాకు,Greek,New Testament
G2346,θλίβω,"θραύω+τρίζω+θραύω+τρίζω",,పగులగొట్టు+కిచకిచలాడు+పగులగొట్టు+కిచకిచలాడు,Greek,New Testament
G2347,θλῖψις,"θραύω+τρίζω+θραύω+τρίζω",థ్లిప్సిస్,శ్రమ,Greek,New Testament
G2348,θνήσκω,"θνήσκω",,చనిపోవు,Greek,New Testament
G2349,θνητός,"θνήσκω",,చనిపోవు,Greek,New Testament
G2350,θορυβέω,"θροέω",,కలవరపడు,Greek,New Testament
G2351,θόρυβος,"θροέω",,కలవరపడు,Greek,New Testament
G2352,θραύω,"θραύω",,పగులగొట్టు,Greek,New Testament
G2353,θρέμμα,"τρέφω",,పోషించు,Greek,New Testament
G2354,θρηνέω,"θροέω",,కలవరపడు,Greek,New Testament
G2355,θρῆνος,"θροέω",,కలవరపడు,Greek,New Testament
G2356,θρησκεία,"θροέω",,కలవరపడు,Greek,New Testament
G2357,θρησκός,"θροέω",,కలవరపడు,Greek,New Testament
G2358,θριαμβεύω,"θροέω",,కలవరపడు,Greek,New Testament
G2359,θρίξ,"θρίξ",,వెంట్రుక,Greek,New Testament
G2360,θροέω,"θροέω",,కలవరపడు,Greek,New Testament
G2361,θρόμβος,"τρέφω",,పోషించు,Greek,New Testament
G2362,θρόνος,"θρόνος",,సింహాసనము,Greek,New Testament
G2363,Θυάτειρα,"Θυάτειρα",,తుయతైర,Greek,New Testament
G2364,θυγάτηρ,"θυγάτηρ",,కుమార్తె,Greek,New Testament
G2365,θυγάτριον,"θυγάτηρ",,కుమార్తె,Greek,New Testament
G2366,θύελλα,"θύω",,బలి అర్పించు,Greek,New Testament
G2367,θύϊνος,"θύω",,బలి అర్పించు,Greek,New Testament
G2368,θυμίαμα,"θύω",,బలి అర్పించు,Greek,New Testament
G2369,θυμιαστήριον,"θύω",,బలి అర్పించు,Greek,New Testament
G2370,θυμιάω,"θύω",,బలి అర్పించు,Greek,New Testament
G2371,θυμομαχέω,"θύω+μάχομαι",,బలి అర్పించు+పోరాడు,Greek,New Testament
G2372,θυμός,"θύω",థూమొస్,కోపం,Greek,New Testament
G2373,θυμόω,"θύω",,బలి అర్పించు,Greek,New Testament
G2374,θύρα,"θύρα",థూరా,ద్వారం,Greek,New Testament
G2375,θυρεός,"θύρα",,తలుపు,Greek,New Testament
G2376,θυρίς,"θύρα",,తలుపు,Greek,New Testament
G2377,θυρωρός,"θύρα",,తలుపు,Greek,New Testament
G2378,θυσία,"θύω",,బలి అర్పించు,Greek,New Testament
G2379,θυσιαστήριον,"θύω",,బలి అర్పించు,Greek,New Testament
G2380,θύω,"θύω",థూఓ,బలి అర్పించు,Greek,New Testament
G2381,Θωμᾶς,"Θωμᾶς",,థోమా,Greek,New Testament
G2382,θώραξ,"θώραξ",,రొమ్ము కవచము,Greek,New Testament
G2383,Ἰάειρος,"Ἰάειρος",,యాయీరు,Greek,New Testament
G2384,Ἰακώβ,"Ἰακώβ",,యాకోబు,Greek,New Testament
G2385,Ἰάκωβος,"Ἰακώβ",,యాకోబు,Greek,New Testament
G2386,ἴαμα,"ἰάομαι",,నయం చేయు,Greek,New Testament
G2387,Ἰαμβρῆς,"Ἰαμβρῆς",,యమ్రే,Greek,New Testament
G2388,Ἰαννά,"Ἰαννά",,యన్నా,Greek,New Testament
G2389,Ἰαννῆς,"Ἰαννῆς",,యన్నే,Greek,New Testament
G2390,ἰάομαι,"ἰάομαι",,నయం చేయు,Greek,New Testament
G2391,Ἰάρεδ,"Ἰάρεδ",,యారెదు,Greek,New Testament
G2392,ἴασις,"ἰάομαι",,నయం చేయు,Greek,New Testament
G2393,ἴασπις,"ἴασπις",,స్పటికము,Greek,New Testament
G2394,Ἰάσων,"ἰάομαι",,నయం చేయు,Greek,New Testament
G2395,ἰατρός,"ἰάομαι",,నయం చేయు,Greek,New Testament
G2396,ἴδε,"εἴδω",,చూచు,Greek,New Testament
G2397,ἰδέα,"εἴδω",,చూచు,Greek,New Testament
G2398,ἴδιος,"ἴδιος",ఈదియొస్,సొంత,Greek,New Testament
G2399,ἰδιώτης,"ἴδιος",,స్వంత,Greek,New Testament
G2400,ἰδού,"εἴδω",,చూచు,Greek,New Testament
G2401,Ἰδουμαία,"Ἰδουμαία",,ఎదోము,Greek,New Testament
G2402,ἱδρώς,"ἱδρώς",,చెమట,Greek,New Testament
G2403,Ἰεζαβήλ,"Ἰεζαβήλ",,యెజెబెలు,Greek,New Testament
G2404,Ἱεράπολις,"ἱερός+πόλεμος+πολύς",,అర్థం తెలియదు,Greek,New Testament
G2405,ἱερατεία,"ἱερός",,పరిశుద్ధమైన,Greek,New Testament
G2406,ἱεράτευμα,"ἱερός",,పరిశుద్ధమైన,Greek,New Testament
G2407,ἱερατεύω,"ἱερός",,పరిశుద్ధమైన,Greek,New Testament
G2408,Ἱερεμίας,"Ἱερεμίας",,యిర్మీయా,Greek,New Testament
G2409,ἱερεύς,"ἱερός",,పరిశుద్ధమైన,Greek,New Testament
G2410,Ἱεριχώ,"Ἱεριχώ",,యెరికో,Greek,New Testament
G2411,ἱερόν,"ἱερός",,పరిశుద్ధమైన,Greek,New Testament
G2412,ἱεροπρεπής,"ἱερός+πρέπω",,దేవభక్తిగల,Greek,New Testament
G2413,ἱερός,"ἱερός",,పరిశుద్ధమైన,Greek,New Testament
G2414,Ἱεροσόλυμα,"Ἱεροσόλυμα",,యెరూషలేము,Greek,New Testament
G2415,Ἱεροσολυμίτης,"Ἱεροσόλυμα",,యెరూషలేము,Greek,New Testament
G2416,ἱεροσυλέω,"ἱερός+αἴρω+σκύλλω",,అపవిత్రముచేయు,Greek,New Testament
G2417,ἱερόσυλος,"ἱερός+αἴρω+σκύλλω",,అపవిత్రముచేయు,Greek,New Testament
G2418,ἱερουργέω,"ἱερός+ἔργον",,పరిశుద్ధ కార్యము,Greek,New Testament
G2419,Ἱερουσαλήμ,"Ἱερουσαλήμ",,యెరూషలేము,Greek,New Testament
G2420,ἱερωσύνη,"ἱερός",,పరిశుద్ధమైన,Greek,New Testament
G2421,Ἰεσσαί,"Ἰεσσαί",,యెష్షయి,Greek,New Testament
G2422,Ἰεφθάε,"Ἰεφθάε",,యెఫ్తా,Greek,New Testament
G2423,Ἰεχονίας,"Ἰεχονίας",,యెకొన్యా,Greek,New Testament
G2424,Ἰησοῦς,"Ἰησοῦς",యేసూస్,యేసు,Greek,New Testament
G2425,ἱκανός,"ἥκω",,వచ్చు,Greek,New Testament
G2426,ἱκανότης,"ἥκω",,వచ్చు,Greek,New Testament
G2427,ἱκανόω,"ἥκω",,వచ్చు,Greek,New Testament
G2428,ἱκετηρία,"ἥκω",,వచ్చు,Greek,New Testament
G2429,ἱκμάς,"ἱκμάς",,తేమ,Greek,New Testament
G2430,Ἰκόνιον,"εἴκω",,అంగీకరించు,Greek,New Testament
G2431,ἱλαρός,"αἴρω",,ఎత్తు,Greek,New Testament
G2432,ἱλαρότης,"αἴρω",,ఎత్తు,Greek,New Testament
G2433,ἱλάσκομαι,"αἴρω",,ఎత్తు,Greek,New Testament
G2434,ἱλασμός,"ἱλασμός",,పరిహారము,Greek,New Testament
G2435,ἱλαστήριον,"αἴρω",హిలాస్టేరియొన్,ప్రాయశ్చిత్తం,Greek,New Testament
G2436,ἵλεως,"αἴρω",,ఎత్తు,Greek,New Testament
G2437,Ἰλλυρικόν,"Ἰλλυρικόν",,ఇల్లూరికుమ్,Greek,New Testament
G2438,ἱμάς,"ἅμα",,కూడ,Greek,New Testament
G2439,ἱματίζω,"ἱμάτιον",,వస్త్రము,Greek,New Testament
G2440,ἱμάτιον,"ἱμάτιον",,వస్త్రము,Greek,New Testament
G2441,ἱματισμός,"ἱμάτιον",,దుప్పటి,Greek,New Testament
G2442,ἱμείρομαι,"ἱμείρομαι",,వాంఛించు,Greek,New Testament
G2443,ἵνα,"ἀήρ+τό",,అర్థం తెలియదు,Greek,New Testament
G2444,ἱνατί,"ἀήρ+τό+τὶς",,అర్థం తెలియదు,Greek,New Testament
G2445,Ἰόππη,"Ἰόππη",,యొప్పే,Greek,New Testament
G2446,Ἰορδάνης,"Ἰορδάνης",,యొర్దాను,Greek,New Testament
G2447,ἰός,"ἰός",,తుప్పు,Greek,New Testament
G2448,Ἰουδά,"Ἰουδά",,యూదా,Greek,New Testament
G2449,Ἰουδαία,"Ἰουδά+Ἰούδας+γῆ",,యూదా దేశము,Greek,New Testament
G2450,Ἰουδαΐζω,"Ἰουδά+Ἰούδας",,యూదా,Greek,New Testament
G2451,Ἰουδαϊκός,"Ἰουδά+Ἰούδας",,యూదా,Greek,New Testament
G2452,Ἰουδαϊκῶς,"Ἰουδά+Ἰούδας",,యూదా,Greek,New Testament
G2453,Ἰουδαῖος,"Ἰουδά+Ἰούδας",,యూదా,Greek,New Testament
G2454,Ἰουδαϊσμός,"Ἰουδά+Ἰούδας",,యూదా,Greek,New Testament
G2455,Ἰούδας,"Ἰούδας",,యూదా,Greek,New Testament
G2456,Ἰουλία,"Ἰούλιος",,జూలియస్,Greek,New Testament
G2457,Ἰούλιος,"Ἰούλιος",,జూలియస్,Greek,New Testament
G2458,Ἰουνιᾶς,"Ἰουνιᾶς",,జూనియా,Greek,New Testament
G2459,Ἰοῦστος,"Ἰοῦστος",,యూస్తు,Greek,New Testament
G2460,ἱππεύς,"ἵππος",,గుఱ్ఱము,Greek,New Testament
G2461,ἱππικόν,"ἵππος",,గుఱ్ఱము,Greek,New Testament
G2462,ἵππος,"ἵππος",,గుఱ్ఱము,Greek,New Testament
G2463,ἶρις,"ῥέω",,ప్రవహించు,Greek,New Testament
G2464,Ἰσαάκ,"Ἰσαάκ",,ఇస్సాకు,Greek,New Testament
G2465,ἰσάγγελος,"εἴδω+ἄγω",,విగ్రహారాధన,Greek,New Testament
G2466,Ἰσαχάρ,"Ἰσαχάρ",,ఇశ్శాఖారు,Greek,New Testament
G2467,ἴσημι,"εἴδω",,చూచు,Greek,New Testament
G2468,ἴσθι,"εἰμί",,ఉండు,Greek,New Testament
G2469,Ἰσκαριώτης,"Ἰσκαριώτης",,ఇస్కరియోతు,Greek,New Testament
G2470,ἴσος,"εἴδω",,చూచు,Greek,New Testament
G2471,ἰσότης,"ἰσότης",,సమానత్వము,Greek,New Testament
G2472,ἰσότιμος,"εἴδω+τίνω",,బొమ్మనుపూజించు,Greek,New Testament
G2473,ἰσόψυχος,"εἴδω+ψύχω",,బొమ్మల నారాధించు,Greek,New Testament
G2474,Ἰσραήλ,"Ἰσραήλ",ఇస్రాఎల్,ఇశ్రాయేలు,Greek,New Testament
G2475,Ἰσραηλίτης,"Ἰσραήλ",,ఇశ్రాయేలు,Greek,New Testament
G2476,ἵστημι,"ἵστημι",హిస్టేమి,నిలబెట్టు,Greek,New Testament
G2477,ἱστορέω,"εἴδω",,విగ్రహం,Greek,New Testament
G2478,ἰσχυρός,"ἰσχύς",,బలం,Greek,New Testament
G2479,ἰσχύς,"ἰσχύς",ఇస్కూస్,బలం,Greek,New Testament
G2480,ἰσχύω,"ἰσχύς",,బలం,Greek,New Testament
G2481,ἴσως,"εἴδω",,బొమ్మ,Greek,New Testament
G2482,Ἰταλία,"Ἰταλία",,ఇటలీ,Greek,New Testament
G2483,Ἰταλικός,"Ἰταλία",,ఇటలీ,Greek,New Testament
G2484,Ἰτουραΐα,"Ἰτουραΐα",,ఇతూరయ,Greek,New Testament
G2485,ἰχθύδιον,"ἰχθύς",,చేప,Greek,New Testament
G2486,ἰχθύς,"ἰχθύς",,చేప,Greek,New Testament
G2487,ἴχνος,"ἥκω",,వచ్చాను,Greek,New Testament
G2488,Ἰωάθαμ,"Ἰωάθαμ",,యోతాము,Greek,New Testament
G2489,Ἰωάννα,"Ἰωάννης",,యోహాను,Greek,New Testament
G2490,Ἰωαννᾶς,"Ἰωάννης",,యోహాను,Greek,New Testament
G2491,Ἰωάννης,"Ἰωάννης",,యోహాను,Greek,New Testament
G2492,Ἰώβ,"Ἰώβ",,యోబు,Greek,New Testament
G2493,Ἰωήλ,"Ἰωήλ",,యోవేలు,Greek,New Testament
G2494,Ἰωνάν,"Ἰωάννης+Ἰωνᾶς",,యోహాను+యోనా,Greek,New Testament
G2495,Ἰωνᾶς,"Ἰωνᾶς",,యోనా,Greek,New Testament
G2496,Ἰωράμ,"Ἰωράμ",,యోరాము,Greek,New Testament
G2497,Ἰωρείμ,"Ἰωράμ",,యోరాము,Greek,New Testament
G2498,Ἰωσαφάτ,"Ἰωσαφάτ",,యోషాపాతు,Greek,New Testament
G2499,Ἰωσή,"Ἰωσήφ",,యోసేపు,Greek,New Testament
G2500,Ἰωσῆς,"Ἰωσήφ",,యోసేపు,Greek,New Testament
G2501,Ἰωσήφ,"Ἰωσήφ",,యోసేపు,Greek,New Testament
G2502,Ἰωσίας,"Ἰωσίας",,యోషీయా,Greek,New Testament
G2503,ἰῶτα,"ἰῶτα",,యోటా,Greek,New Testament
G2504,κἀγώ,"καί+ἐγώ",,నేనుకూడా,Greek,New Testament
G2505,καθά,"κατά+τό",,ప్రకారము,Greek,New Testament
G2506,καθαίρεσις,"κατά+αἴρω",,అర్థం తెలియదు,Greek,New Testament
G2507,καθαιρέω,"κατά+αἴρω",,అర్థం తెలియదు,Greek,New Testament
G2508,καθαίρω,"καθαρός",,పరిశుద్ధమైన,Greek,New Testament
G2509,καθάπερ,"κατά+τό+πέραν",,అర్థం తెలియదు,Greek,New Testament
G2510,καθάπτω,"κατά+ἅπτω",,అర్థం తెలియదు,Greek,New Testament
G2511,καθαρίζω,"καθαρός",,పరిశుభ్రమైన,Greek,New Testament
G2512,καθαρισμός,"καθαρός",,నిర్మలమైన,Greek,New Testament
G2513,καθαρός,"καθαρός",,పవిత్రమైన,Greek,New Testament
G2514,καθαρότης,"καθαρός",,శుద్ధమైన,Greek,New Testament
G2515,καθέδρα,"κατά+ἑδραῖος",,అర్థం తెలియదు,Greek,New Testament
G2516,καθέζομαι,"κατά+ἑδραῖος",,అర్థం తెలియదు,Greek,New Testament
G2517,καθεξῆς,"κατά+σχέω",,అర్థం తెలియదు,Greek,New Testament
G2518,καθεύδω,"κατά",,ప్రకారం,Greek,New Testament
G2519,καθηγητής,"κατά+ἄγω",,అర్థం తెలియదు,Greek,New Testament
G2520,καθήκω,"κατά+ἥκω",,అర్థం తెలియదు,Greek,New Testament
G2521,κάθημαι,"κατά",,గురించి,Greek,New Testament
G2522,καθημερινός,"κατά+ὥρα+ἑδραῖος",,అర్థం తెలియదు,Greek,New Testament
G2523,καθίζω,"κατά+ἑδραῖος",,అర్థం తెలియదు,Greek,New Testament
G2524,καθίημι,"κατά",,కింద,Greek,New Testament
G2525,καθίστημι,"κατά+ἵστημι",,అర్థం తెలియదు,Greek,New Testament
G2526,καθό,"κατά+τό",,ప్రకారం,Greek,New Testament
G2527,καθόλου,"κατά+ὅλος",,అర్థం తెలియదు,Greek,New Testament
G2528,καθοπλίζω,"κατά",,ప్రకారం,Greek,New Testament
G2529,καθοράω,"κατά+ὁράω",,అర్థం తెలియదు,Greek,New Testament
G2530,καθότι,"κατά",,ప్రకారం,Greek,New Testament
G2531,καθώς,"κατά+τό",,ప్రకారము,Greek,New Testament
G2532,καί,"καί",,మరియు,Greek,New Testament
G2533,Καϊάφας,"Καϊάφας",,కయప,Greek,New Testament
G2534,καίγε,"καί+γέ",,కూడా,Greek,New Testament
G2535,Κάϊν,"Κάϊν",,కయీను,Greek,New Testament
G2536,Καϊνάν,"Καϊνάν",,కైనను,Greek,New Testament
G2537,καινός,"καινός",,క్రొత్త,Greek,New Testament
G2538,καινότης,"καινός",,క్రొత్త,Greek,New Testament
G2539,καίπερ,"καί+πέραν",,మరియు అవతల,Greek,New Testament
G2540,καιρός,"καιρός",కైరొస్,సమయం,Greek,New Testament
G2541,Καῖσαρ,"Καῖσαρ",,కైసరు,Greek,New Testament
G2542,Καισάρεια,"Καῖσαρ",,కైసరు,Greek,New Testament
G2543,καίτοι,"καί+τό",,మరియు అది,Greek,New Testament
G2544,καίτοιγε,"καί+τό+γέ",,మరియు అది కూడా,Greek,New Testament
G2545,καίω,"καίω",,కాల్చు,Greek,New Testament
G2546,κἀκεῖ,"καί+ἐκεῖ",,మరియు అక్కడ,Greek,New Testament
G2547,κἀκεῖθεν,"καί+ἐκεῖ",,మరియు అక్కడ,Greek,New Testament
G2548,κἀκεῖνος,"καί+ἐκεῖ",,మరియు అక్కడ,Greek,New Testament
G2549,κακία,"κακός",,చెడ్డ,Greek,New Testament
G2550,κακοήθεια,"κακός+ἔθω",,చెడ్డ అలవాటు,Greek,New Testament
G2551,κακολογέω,"κακός+λέγω",,చెడుగా చెప్పు,Greek,New Testament
G2552,κακοπάθεια,"κακός+πένθω",,చెడుగా విలపించు,Greek,New Testament
G2553,κακοπαθέω,"κακός+πένθω",,చెడుగా విలపించు,Greek,New Testament
G2554,κακοποιέω,"κακός+ποιέω",,చెడు చేయు,Greek,New Testament
G2555,κακοποιός,"κακός+ποιέω",,చెడు చేయు,Greek,New Testament
G2556,κακός,"κακός",కాకొస్,చెడ్డ,Greek,New Testament
G2557,κακοῦργος,"κακός+ἔργον",,చెడ్డపని,Greek,New Testament
G2558,κακουχέω,"κακός+σχέω",,చెడుగా ఉండు,Greek,New Testament
G2559,κακόω,"κακός",,చెడ్డ,Greek,New Testament
G2560,κακῶς,"κακός",,చెడ్డ,Greek,New Testament
G2561,κάκωσις,"κακός",,చెడ్డ,Greek,New Testament
G2562,καλάμη,"κάλαμος",,రెల్లు,Greek,New Testament
G2563,κάλαμος,"κάλαμος",,రెల్లు,Greek,New Testament
G2564,καλέω,"κελεύω",కాలెఓ,పిలుచు,Greek,New Testament
G2565,καλλιέλαιος,"καλός+ἐλαία",,మంచి ఒలీవ,Greek,New Testament
G2566,καλλίον,"καλός",,మంచి,Greek,New Testament
G2567,καλοδιδάσκαλος,"καλός+διδάσκω",,మంచిగా బోధించు,Greek,New Testament
G2568,Καλοὶ Λιμένες,"καλός+λιμήν",,మంచి రేవు,Greek,New Testament
G2569,καλοποιέω,"καλός+ποιέω",,మంచి చేయు,Greek,New Testament
G2570,καλός,"καλός",,మంచి,Greek,New Testament
G2571,κάλυμα,"κλέπτω+κρύπτω",,దొంగిలించు+దాచు,Greek,New Testament
G2572,καλύπτω,"κλέπτω+κρύπτω",,దొంగిలించు+దాచు,Greek,New Testament
G2573,καλῶς,"καλός",,మంచి,Greek,New Testament
G2574,κάμηλος,"κάμηλος",,ఒంటె,Greek,New Testament
G2575,κάμινος,"καίω",,కాల్చు,Greek,New Testament
G2576,καμμύω,"κατά+μυστήριον",,రహస్యము చొప్పున,Greek,New Testament
G2577,κάμνω,"κάμνω",,అలసిపోవు,Greek,New Testament
G2578,κάμπτω,"κάμπτω",,వంగు,Greek,New Testament
G2579,κἄν,"καί+εἰ+ἄν",,ఒకవేళ,Greek,New Testament
G2580,Κανᾶ,"Κανᾶ",,కానా,Greek,New Testament
G2581,Κανανίτης,"Κανανίτης",,కానానీయుడు,Greek,New Testament
G2582,Κανδάκη,"Κανδάκη",,కందాకే,Greek,New Testament
G2583,κανών,"κανών",,కట్టడ,Greek,New Testament
G2584,Καπερναούμ,"Καπερναούμ",,కపెర్నహూమ్,Greek,New Testament
G2585,καπηλεύω,"καπηλεύω",,అమ్మకము చేయు,Greek,New Testament
G2586,καπνός,"καπνός",,పొగ,Greek,New Testament
G2587,Καππαδοκία,"Καππαδοκία",,కప్పదొకియ,Greek,New Testament
G2588,καρδία,"καρδία",కార్దియా,హృదయం,Greek,New Testament
G2589,καρδιογνώστης,"καρδία+γινώσκω",,హృదయము+తెలుసుకొను,Greek,New Testament
G2590,καρπός,"αἴρω",,ఎత్తు,Greek,New Testament
G2591,Κάρπος,"αἴρω",,ఎత్తు,Greek,New Testament
G2592,καρποφορέω,"αἴρω+φέρω",,ఎత్తు+మోయు,Greek,New Testament
G2593,καρποφόρος,"αἴρω+φέρω",,ఎత్తు+మోయు,Greek,New Testament
G2594,καρτερέω,"κράτος",,బలము,Greek,New Testament
G2595,κάρφος,"κάρφος",,నలుసు,Greek,New Testament
G2596,κατά,"κατά",కాటా,ప్రకారం,Greek,New Testament
G2597,καταβαίνω,"κατά+βάσις",,దిగివచ్చుట,Greek,New Testament
G2598,καταβάλλω,"κατά+βάλλω",,పడద్రోయు,Greek,New Testament
G2599,καταβαρέω,"κατά+βάσις+βάσις",,దిగివచ్చుట+స్థావరము,Greek,New Testament
G2600,κατάβασις,"κατά+βάσις",,దిగివచ్చుట,Greek,New Testament
G2601,καταβιβάζω,"κατά+βάσις",,దిగివచ్చుట,Greek,New Testament
G2602,καταβολή,"κατά+βάλλω",,వేయు,Greek,New Testament
G2603,καταβραβεύω,"κατά+βραβεῖον",,అర్థం తెలియదు,Greek,New Testament
G2604,καταγγελεύς,"κατά+ἄγω",,తీసుకొనివచ్చు,Greek,New Testament
G2605,καταγγέλλω,"κατά+ἄγω",,తీసుకొనివచ్చు,Greek,New Testament
G2606,καταγελάω,"καταγελάω",,అపహసించు,Greek,New Testament
G2607,καταγινώσκω,"κατά+γινώσκω",,అర్థం తెలియదు,Greek,New Testament
G2608,κατάγνυμι,"κατά",,గుండా,Greek,New Testament
G2609,κατάγω,"κατά+ἄγω",,తీసుకొనివచ్చు,Greek,New Testament
G2610,καταγωνίζομαι,"κατά+ἄγω",,తీసుకొనివచ్చు,Greek,New Testament
G2611,καταδέω,"κατά+δέω",,కట్టు,Greek,New Testament
G2612,κατάδηλος,"κατά+δῆλος",,బయలుపరచబడినది,Greek,New Testament
G2613,καταδικάζω,"κατά+δεικνύω",,చూపు,Greek,New Testament
G2614,καταδιώκω,"κατά+διώκω",,తరుము,Greek,New Testament
G2615,καταδουλόω,"κατά+δέω",,కట్టు,Greek,New Testament
G2616,καταδυναστεύω,"κατά+δύναμαι",,జయించు,Greek,New Testament
G2617,καταισχύνω,"κατά+αἰσχύνομαι",,సిగ్గుపరచు,Greek,New Testament
G2618,κατακαίω,"κατά+καίω",,కాల్చివేయు,Greek,New Testament
G2619,κατακαλύπτω,"κατά+κλέπτω+κρύπτω",,దొంగిలించుటకు దాచు,Greek,New Testament
G2620,κατακαυχάομαι,"κατά+εὔχομαι",,శాపముపెట్టు,Greek,New Testament
G2621,κατάκειμαι,"κατά+κεῖμαι",,పడుకొనియుండు,Greek,New Testament
G2622,κατακλάω,"κατά+κλάω",,విరుచు,Greek,New Testament
G2623,κατακλείω,"κατά+κλείω",,మూయు,Greek,New Testament
G2624,κατακληροδοτέω,"κατά+κλάω+δίδωμι",,పంచిపెట్టు,Greek,New Testament
G2625,κατακλίνω,"κατά+κλίνω",,వంచు,Greek,New Testament
G2626,κατακλύζω,"κατά+κλύδων",,ప్రళయము,Greek,New Testament
G2627,κατακλυσμός,"κατά+κλύδων",,ప్రళయము,Greek,New Testament
G2628,κατακολουθέω,"κατά+ἄν",,అర్థం తెలియదు,Greek,New Testament
G2629,κατακόπτω,"κατά+κόπτω",,నరుకు,Greek,New Testament
G2630,κατακρημνίζω,"κατά+κρεμάννυμι",,క్రిందకు వేలాడదీయు,Greek,New Testament
G2631,κατάκριμα,"κατά+κρίνω",,తీర్పు తీర్చు,Greek,New Testament
G2632,κατακρίνω,"κατά+κρίνω",కాటాక్రినొ,ఖండించు,Greek,New Testament
G2633,κατάκρισις,"κατά+κρίνω",,ఖండించు,Greek,New Testament
G2634,κατακυριεύω,"κατά+κύριος",,అణచివేయు,Greek,New Testament
G2635,καταλαλέω,"κατά+λαλέω",,దుర్భాషలాడు,Greek,New Testament
G2636,καταλαλία,"κατά+λαλέω",,నిందించు,Greek,New Testament
G2637,κατάλαλος,"κατά+λαλέω",,కొండెములు చెప్పు,Greek,New Testament
G2638,καταλαμβάνω,"κατά+δέχομαι",,అంగీకరించు,Greek,New Testament
G2639,καταλέγω,"κατά+λέγω",,చెప్పు,Greek,New Testament
G2640,κατάλειμμα,"κατά+λείπω",,విడిచిపెట్టు,Greek,New Testament
G2641,καταλείπω,"κατά+λείπω",,వదిలిపెట్టు,Greek,New Testament
G2642,καταλιθάζω,"κατά+λίθος",,రాళ్ళురువ్వడం,Greek,New Testament
G2643,καταλλαγή,"κατά+ἄλλος",,ప్రతి,Greek,New Testament
G2644,καταλλάσσω,"κατά+ἄλλος",,ఇతర,Greek,New Testament
G2645,κατάλοιπος,"κατά+λείπω",,మిగిల్చు,Greek,New Testament
G2646,κατάλυμα,"κατά+λύω",,నాశనము చేయు,Greek,New Testament
G2647,καταλύω,"κατά+λύω",,పడగొట్టు,Greek,New Testament
G2648,καταμανθάνω,"κατά+μανθάνω",,గ్రహించు,Greek,New Testament
G2649,καταμαρτυρέω,"κατά+μάρτυς",,అబద్ధ సాక్షి,Greek,New Testament
G2650,καταμένω,"κατά+μένω",,నివసించు,Greek,New Testament
G2651,καταμόνας,"κατά+μένω+χάσμα",,అర్థం తెలియదు,Greek,New Testament
G2652,κατανάθεμα,"κατά+ἀνά+τίθημι",,తిరిగి ఎక్కు,Greek,New Testament
G2653,καταναθεματίζω,"κατά+ἀνά+τίθημι",,అంకితం చేయు,Greek,New Testament
G2654,καταναλίσκω,"κατά+ἀνά+αἴρω",,పైకి ఎత్తు,Greek,New Testament
G2655,καταναρκάω,"κατά",,ప్రతి,Greek,New Testament
G2656,κατανεύω,"κατά+νεύω",,గుర్తు చేయు,Greek,New Testament
G2657,κατανοέω,"κατά+γινώσκω",,గ్రహించు,Greek,New Testament
G2658,καταντάω,"κατά+ἀντί",,వ్యతిరేకంగా,Greek,New Testament
G2659,κατάνυξις,"κατά+νύσσω",,వేదన చెందించు,Greek,New Testament
G2660,κατανύσσω,"κατά+νύσσω",,కుళ్ళబొడుచు,Greek,New Testament
G2661,καταξιόω,"κατά+ἄγω",,క్రిందికి నడిపించు,Greek,New Testament
G2662,καταπατέω,"κατά+παίω",,కొట్టు,Greek,New Testament
G2663,κατάπαυσις,"κατά+παύω",,మాన్పు,Greek,New Testament
G2664,καταπαύω,"κατά+παύω",,మాన్పు,Greek,New Testament
G2665,καταπέτασμα,"κατά+πτάομαι",,భయపడు,Greek,New Testament
G2666,καταπίνω,"κατά+πίνω",,మింగు,Greek,New Testament
G2667,καταπίπτω,"κατά+πτάομαι",,భయపడు,Greek,New Testament
G2668,καταπλέω,"κατά+πλύνω",,కడుగు,Greek,New Testament
G2669,καταπονέω,"κατά+πένης",,పేద,Greek,New Testament
G2670,καταποντίζω,"κατά+Πόντος",,అర్థం తెలియదు,Greek,New Testament
G2671,κατάρα,"κατά+αἴρω",,ఎత్తు,Greek,New Testament
G2672,καταράομαι,"κατά+αἴρω",,ఎత్తు,Greek,New Testament
G2673,καταργέω,"κατά+ἄν+ἔργον",,అర్థం తెలియదు,Greek,New Testament
G2674,καταριθμέω,"κατά+αἴρω",,ఎత్తు,Greek,New Testament
G2675,καταρτίζω,"κατά+αἴρω+αἴρω",,పైకి ఎత్తు,Greek,New Testament
G2676,κατάρτισις,"κατά+αἴρω+αἴρω",,పైకి ఎత్తు,Greek,New Testament
G2677,καταρτισμός,"κατά+αἴρω+αἴρω",,పైకి ఎత్తు,Greek,New Testament
G2678,κατασείω,"κατά+σείω",,ఊపు,Greek,New Testament
G2679,κατασκάπτω,"κατά+σκάπτω",,తవ్వు,Greek,New Testament
G2680,κατασκευάζω,"κατά+σκεῦος",,సాధనము,Greek,New Testament
G2681,κατασκηνόω,"κατά+σκεῦος+σκιά",,అర్థం తెలియదు,Greek,New Testament
G2682,κατασκήνωσις,"κατά+σκεῦος+σκιά",,అర్థం తెలియదు,Greek,New Testament
G2683,κατασκιάζω,"κατά+σκιά",,నీడ,Greek,New Testament
G2684,κατασκοπέω,"κατά+σκοπός",,గూఢచారి,Greek,New Testament
G2685,κατάσκοπος,"κατά+σκοπός",,గూఢచారి,Greek,New Testament
G2686,κατασοφίζομαι,"κατά+σοφός",,అర్థం తెలియదు,Greek,New Testament
G2687,καταστέλλω,"κατά+ἵστημι",,స్థాపించు,Greek,New Testament
G2688,κατάστημα,"κατά+ἵστημι",,స్థాపించు,Greek,New Testament
G2689,καταστολή,"κατά+ἵστημι",,స్థాపించు,Greek,New Testament
G2690,καταστρέφω,"κατά+τροπή",,మార్పు,Greek,New Testament
G2691,καταστρηνιάω,"κατά+ἵστημι",,స్థాపించు,Greek,New Testament
G2692,καταστροφή,"κατά+τροπή",,నాశనము,Greek,New Testament
G2693,καταστρώννυμι,"κατά+ἵστημι",,స్థాపించు,Greek,New Testament
G2694,κατασύρω,"κατά+αἴρω",,తీసివేయు,Greek,New Testament
G2695,κατασφάττω,"κατά+σφάζω",,వధించు,Greek,New Testament
G2696,κατασφραγίζω,"κατά+φράσσω",,మూసివేయు,Greek,New Testament
G2697,κατάσχεσις,"κατά+σχέω",,పట్టుకొను,Greek,New Testament
G2698,κατατίθημι,"κατά+τίθημι",,పెట్టు,Greek,New Testament
G2699,κατατομή,"κατά",,ప్రకారం,Greek,New Testament
G2700,κατατοξεύω,"κατά+τίκτω",,కను,Greek,New Testament
G2701,κατατρέχω,"κατά+θρίξ",,వెంట్రుక వెంబడి,Greek,New Testament
G2702,καταφέρω,"κατά+φέρω",,తీసుకురా,Greek,New Testament
G2703,καταφεύγω,"κατά+φεύγω",,పారిపోవు,Greek,New Testament
G2704,καταφθείρω,"κατά+φθείρω",,చెరుపు,Greek,New Testament
G2705,καταφιλέω,"καταφιλέω",,ప్రేమతో ముద్దుపెట్టుకొను,Greek,New Testament
G2706,καταφρονέω,"κατά+φράσσω",,మూసివేయు,Greek,New Testament
G2707,καταφροντής,"κατά+φράσσω",,మూసివేయు,Greek,New Testament
G2708,καταχέω,"κατά",,ప్రకారం,Greek,New Testament
G2709,καταχθόνιος,"κατά",,ప్రకారం,Greek,New Testament
G2710,καταχράομαι,"κατά+χειμών+χάσμα",,అర్థం తెలియదు,Greek,New Testament
G2711,καταψύχω,"κατά+ψύχω",,చల్లబరుచు,Greek,New Testament
G2712,κατείδωλος,"κατά+εἴδω",,గుర్తించు,Greek,New Testament
G2713,κατέναντι,"κατά+εἰς+ἐξ+ἀντί",,అర్థం తెలియదు,Greek,New Testament
G2714,κατενώπιον,"κατά+εἰς+ἐξ+ὁράω",,అర్థం తెలియదు,Greek,New Testament
G2715,κατεξουσιάζω,"κατά+ἐξ+εἰμί",,అర్థం తెలియదు,Greek,New Testament
G2716,κατεργάζομαι,"κατά+ἔργον",,క్రియచొప్పున,Greek,New Testament
G2718,κατέρχομαι,"κατά+ἔρχομαι",,దిగు,Greek,New Testament
G2719,κατεσθίω,"κατά+ἐσθίω",,భక్షించు,Greek,New Testament
G2720,κατευθύνω,"κατά+εὖ+τίθημι",,స్థిరపరచు,Greek,New Testament
G2721,κατεφίστημι,"κατά+ἐπί+ἵστημι",,అర్థం తెలియదు,Greek,New Testament
G2722,κατέχω,"κατά+σχέω",,స్వాధీనము చేసుకొను,Greek,New Testament
G2723,κατηγορέω,"κατά+ἐγείρω",,లేపు,Greek,New Testament
G2724,κατηγορία,"κατά+ἐγείρω",,లేపు,Greek,New Testament
G2725,κατήγορος,"κατά+ἐγείρω",,లేపు,Greek,New Testament
G2726,κατήφεια,"κατά+φημί",,సాక్ష్యము చెప్పు,Greek,New Testament
G2727,κατηχέω,"κατά+ἦχος",,ఘోష,Greek,New Testament
G2728,κατιόω,"κατά+ἰός",,తుప్పు,Greek,New Testament
G2729,κατισχύω,"κατά+ἰσχύς",,బలము,Greek,New Testament
G2730,κατοικέω,"κατά+οἶκος",,ఇల్లు,Greek,New Testament
G2731,κατοίκησις,"κατά+οἶκος",,ఇల్లు,Greek,New Testament
G2732,κατοικητήριον,"κατά+οἶκος",,ఇల్లు,Greek,New Testament
G2733,κατοικία,"κατοικία",,నివాస స్థలము,Greek,New Testament
G2734,κατοπτρίζομαι,"κατά+ὁράω+εἰς+ὁράω",,చూచుట,Greek,New Testament
G2735,κατόρθωμα,"κατά+αἴρω+αἴρω+διά+αἴρω+αἴρω",,తీసివేయు,Greek,New Testament
G2736,κατωτέρω,"κατώτερος+κατά",,అత్యల్పమైన,Greek,New Testament
G2737,κατώτερος,"κατώτερος",,తక్కువ,Greek,New Testament
G2738,καῦμα,"καίω",,కాల్చు,Greek,New Testament
G2739,καυματίζω,"καίω",,కాల్చు,Greek,New Testament
G2740,καῦσις,"καίω",,కాల్చు,Greek,New Testament
G2741,καυσόω,"καίω",,కాల్చు,Greek,New Testament
G2742,καύσων,"καίω",,కాల్చు,Greek,New Testament
G2743,καυτηριάζω,"καίω",,కాల్చు,Greek,New Testament
G2744,καυχάομαι,"εὔχομαι",,ప్రార్థించు,Greek,New Testament
G2745,καύχημα,"εὔχομαι",,ప్రార్థించు,Greek,New Testament
G2746,καύχησις,"εὔχομαι",కాఊకేసిస్,అతిశయం,Greek,New Testament
G2747,Κεγχρεαί,"Κεγχρεαί",,కెంక్రేయ,Greek,New Testament
G2748,Κεδρών,"Κεδρών",,కెద్రోను,Greek,New Testament
G2749,κεῖμαι,"κεῖμαι",కీమై,ఉంచబడు,Greek,New Testament
G2750,κειρία,"κειρία",,సన్నపు నారబట్టలు,Greek,New Testament
G2751,κείρω,"κείρω",,క్షౌరము చేయు,Greek,New Testament
G2752,κέλευμα,"κελεύω",,ఆజ్ఞాపించు,Greek,New Testament
G2753,κελεύω,"κελεύω",,ఆజ్ఞాపించు,Greek,New Testament
G2754,κενοδοξία,"κενός+δοκέω",,అర్థం తెలియదు,Greek,New Testament
G2755,κενόδοξος,"κενός+δοκέω",,అర్థం తెలియదు,Greek,New Testament
G2756,κενός,"κενός",,శూన్యమైన,Greek,New Testament
G2757,κενοφωνία,"κενός+φημί",,అర్థం తెలియదు,Greek,New Testament
G2758,κενόω,"κενός",,ఖాళీ,Greek,New Testament
G2759,κέντρον,"κέντρον",,కేంద్రం,Greek,New Testament
G2760,κεντυρίων,"κεντυρίων",,శతాధిపతి,Greek,New Testament
G2761,κενῶς,"κενός",,వృధా,Greek,New Testament
G2762,κεραία,"κέρας",,కొమ్ము,Greek,New Testament
G2763,κεραμεύς,"κεράννυμι",,కలుపు,Greek,New Testament
G2764,κεραμικός,"κεράννυμι",,కలుపు,Greek,New Testament
G2765,κεράμιον,"κεράννυμι",,కలుపు,Greek,New Testament
G2766,κέραμος,"κεράννυμι",,కలుపు,Greek,New Testament
G2767,κεράννυμι,"κεράννυμι",,కలుపు,Greek,New Testament
G2768,κέρας,"κέρας",,కొమ్ము,Greek,New Testament
G2769,κεράτιον,"κέρας",,కొమ్ము,Greek,New Testament
G2770,κερδαίνω,"κέρδος",,లాభం,Greek,New Testament
G2771,κέρδος,"κέρδος",,లాభం,Greek,New Testament
G2772,κέρμα,"κείρω",,క్షౌరం చేయు,Greek,New Testament
G2773,κερματιστής,"κείρω",,క్షౌరం చేయు,Greek,New Testament
G2774,κεφάλαιον,"κεφαλή",,తల,Greek,New Testament
G2775,κεφαλαιόω,"κεφαλή",,తల,Greek,New Testament
G2776,κεφαλή,"κεφαλή",,తల,Greek,New Testament
G2777,κεφαλίς,"κεφαλή",,తల,Greek,New Testament
G2778,κῆνσος,"κῆνσος",,జనాభా లెక్క,Greek,New Testament
G2779,κῆπος,"κῆπος",,తోట,Greek,New Testament
G2780,κηπουρός,"κῆπος",కేపొస్,తోట,Greek,New Testament
G2781,κηρίον,"κηρίον",,తేనెపట్టు,Greek,New Testament
G2782,κήρυγμα,"κηρύσσω",,ప్రకటించు,Greek,New Testament
G2783,κῆρυξ,"κηρύσσω",,ప్రకటించు,Greek,New Testament
G2784,κηρύσσω,"κηρύσσω",కేరూస్సొ,ప్రకటించు,Greek,New Testament
G2785,κῆτος,"χάσμα",,లోయ,Greek,New Testament
G2786,Κηφᾶς,"Κηφᾶς",,కేఫాస్,Greek,New Testament
G2787,κιβωτός,"κιβωτός",,ఓడపెట్టె,Greek,New Testament
G2788,κιθάρα,"κιθάρα",,సితారా,Greek,New Testament
G2789,κιθαρίζω,"κιθάρα",,సితారా,Greek,New Testament
G2790,κιθαρῳδός,"κιθάρα+ᾄδω",,సితారా+పాడెదను,Greek,New Testament
G2791,Κιλικία,"Κιλικία",,కిలికియ,Greek,New Testament
G2792,κινάμωμον,"κινάμωμον",,సిన్నమోను,Greek,New Testament
G2793,κινδυνεύω,"κίνδυνος",,ప్రమాదం,Greek,New Testament
G2794,κίνδυνος,"κίνδυνος",,ప్రమాదం,Greek,New Testament
G2795,κινέω,"κινέω",,కదులు,Greek,New Testament
G2796,κίνησις,"κινέω",,కదులు,Greek,New Testament
G2797,Κίς,"Κίς",,కీషు,Greek,New Testament
G2798,κλάδος,"κλάω",,విరచు,Greek,New Testament
G2799,κλαίω,"κλαίω",,ఏడ్చు,Greek,New Testament
G2800,κλάσις,"κλάω",,విరచు,Greek,New Testament
G2801,κλάσμα,"κλάω",,విరచు,Greek,New Testament
G2802,Κλαύδη,"Κλαύδη",,క్లౌదే,Greek,New Testament
G2803,Κλαυδία,"Κλαύδιος",,క్లాడియస్,Greek,New Testament
G2804,Κλαύδιος,"Κλαύδιος",,క్లాడియస్,Greek,New Testament
G2805,κλαυθμός,"κλαίω",,ఏడ్చు,Greek,New Testament
G2806,κλάω,"κλάω",,విరచు,Greek,New Testament
G2807,κλείς,"κλείω",,మూయు,Greek,New Testament
G2808,κλείω,"κλείω",,మూయు,Greek,New Testament
G2809,κλέμμα,"κλέπτω",,దొంగిలించు,Greek,New Testament
G2810,Κλεόπας,"κελεύω+πατήρ",,ఆజ్ఞాపించు+తండ్రి,Greek,New Testament
G2811,κλέος,"κελεύω",,ఆజ్ఞాపించు,Greek,New Testament
G2812,κλέπτης,"κλέπτω",,దొంగిలించు,Greek,New Testament
G2813,κλέπτω,"κλέπτω",,దొంగిలించు,Greek,New Testament
G2814,κλῆμα,"κλάω",,విరచు,Greek,New Testament
G2815,Κλήμης,"Κλήμης",,క్లెమెంటు,Greek,New Testament
G2816,κληρονομέω,"κλάω+νόμος",,అర్థం తెలియదు,Greek,New Testament
G2817,κληρονομία,"κλάω+νόμος",,అర్థం తెలియదు,Greek,New Testament
G2818,κληρονόμος,"κλάω+νόμος",,అర్థం తెలియదు,Greek,New Testament
G2819,κλῆρος,"κλάω",క్లేరొస్,వారసత్వం,Greek,New Testament
G2820,κληρόω,"κλάω",,విరుచు,Greek,New Testament
G2821,κλῆσις,"κελεύω",,ఆజ్ఞాపించు,Greek,New Testament
G2822,κλητός,"κελεύω",,ఆజ్ఞాపించు,Greek,New Testament
G2823,κλίβανος,"κλίβανος",,కొలిమి,Greek,New Testament
G2824,κλίμα,"κλίνω",,వంచు,Greek,New Testament
G2825,κλίνη,"κλίνω",,వంచు,Greek,New Testament
G2826,κλινίδιον,"κλίνω",,వంచు,Greek,New Testament
G2827,κλίνω,"κλίνω",,వంగియుండు,Greek,New Testament
G2828,κλισία,"κλίνω",,వాలియుండు,Greek,New Testament
G2829,κλοπή,"κλέπτω",,దొంగిలించు,Greek,New Testament
G2830,κλύδων,"κλύδων",,తుఫాను,Greek,New Testament
G2831,κλυδωνίζομαι,"κλύδων",,ఉప్పెన,Greek,New Testament
G2832,Κλωπᾶς,"Κλωπᾶς",,క్లోపా,Greek,New Testament
G2833,κνήθω,"κνήθω",,దురదపెట్టు,Greek,New Testament
G2834,Κνίδος,"Κνίδος",,క్నిడోస్,Greek,New Testament
G2835,κοδράντης,"κοδράντης",,కొద్రాంతు,Greek,New Testament
G2836,κοιλία,"κοιλία",,కడుపు,Greek,New Testament
G2837,κοιμάω,"κεῖμαι",,పడుకొని ఉండు,Greek,New Testament
G2838,κοίμησις,"κεῖμαι",,పడుకొని ఉండు,Greek,New Testament
G2839,κοινός,"σύν",,తోటి,Greek,New Testament
G2840,κοινόω,"σύν",,కూడ,Greek,New Testament
G2841,κοινωνέω,"σύν",,తోడ,Greek,New Testament
G2842,κοινωνία,"σύν",కొయినొనియా,సహవాసం,Greek,New Testament
G2843,κοινωνικός,"σύν",,సంగతి,Greek,New Testament
G2844,κοινωνός,"σύν",,జత,Greek,New Testament
G2845,κοίτη,"κεῖμαι",,పడుకొని ఉండు,Greek,New Testament
G2846,κοιτών,"κεῖμαι",,నిద్రించు,Greek,New Testament
G2847,κόκκινος,"κόκκος",,గింజ,Greek,New Testament
G2848,κόκκος,"κόκκος",,గింజ,Greek,New Testament
G2849,κολάζω,"κολάζω",,శిక్షించు,Greek,New Testament
G2850,κολακεία,"κολακεία",,ముఖస్తుతి,Greek,New Testament
G2851,κόλασις,"κολάζω",,శిక్షించు,Greek,New Testament
G2852,κολαφίζω,"κολάζω",,శిక్షించు,Greek,New Testament
G2853,κολλάω,"κολλάω",,అంటుకొను,Greek,New Testament
G2854,κολλούριον,"κολλάω",,అంటుకొను,Greek,New Testament
G2855,κολλυβιστής,"κολλάω",,అంటుకొను,Greek,New Testament
G2856,κολοβόω,"κολάζω",,శిక్షించు,Greek,New Testament
G2857,Κολοσσαί,"Κολοσσαί",,కొలొస్సయి,Greek,New Testament
G2858,Κολοσσαεύς,"Κολοσσαί",,కొలొస్సయి,Greek,New Testament
G2859,κόλπος,"κόλπος",,ఒడి,Greek,New Testament
G2860,κολυμβάω,"κολυμβάω",,ఈదు,Greek,New Testament
G2861,κολυμβήθρα,"κολυμβάω",,ఈదు,Greek,New Testament
G2862,κολωνία,"κολωνία",,నివాసస్థానం,Greek,New Testament
G2863,κομάω,"κομίζω",,పొందు,Greek,New Testament
G2864,κόμη,"κομίζω",,పొందు,Greek,New Testament
G2865,κομίζω,"κομίζω",,పొందు,Greek,New Testament
G2866,κομψότερον,"κομψότερον",,మరింత సొగసైనది,Greek,New Testament
G2867,κονιάω,"κονιάω",,సున్నము వేయు,Greek,New Testament
G2868,κονιορτός,"κονιάω",,సున్నము వేయు,Greek,New Testament
G2869,κοπάζω,"κόπτω",,నరుకు,Greek,New Testament
G2870,κοπετός,"κόπτω",,నరుకు,Greek,New Testament
G2871,κοπή,"κόπτω",,నరుకు,Greek,New Testament
G2872,κοπιάω,"κόπτω",,నరుకు,Greek,New Testament
G2873,κόπος,"κόπτω",,నరుకు,Greek,New Testament
G2874,κοπρία,"κόπτω",,నరుకు,Greek,New Testament
G2875,κόπτω,"κόπτω",,నరుకు,Greek,New Testament
G2876,κόραξ,"κορέννυμι",,తృప్తిపరచు,Greek,New Testament
G2877,κοράσιον,"κοράσιον",,చిన్న పిల్ల,Greek,New Testament
G2878,κορβανᾶς,"κορβανᾶς",,కొర్బనాస్,Greek,New Testament
G2879,Κορέ,"Κορέ",,కోరే,Greek,New Testament
G2880,κορέννυμι,"κορέννυμι",,అర్థం తెలియదు,Greek,New Testament
G2881,Κορίνθιος,"Κόρινθος",,కొరింథు,Greek,New Testament
G2882,Κόρινθος,"Κόρινθος",,కొరింథు,Greek,New Testament
G2883,Κορνήλιος,"Κορνήλιος",,కొర్నేలియస్,Greek,New Testament
G2884,κόρος,"κόρος",,కొలత,Greek,New Testament
G2885,κοσμέω,"κομίζω",,తెచ్చు,Greek,New Testament
G2886,κοσμικός,"κομίζω",,పొందు,Greek,New Testament
G2887,κόσμιος,"κομίζω",,బహుమానముగా ఇచ్చు,Greek,New Testament
G2888,κοσμοκράτωρ,"κομίζω+κράτος",,బలమును పొందు,Greek,New Testament
G2889,κόσμος,"κομίζω",కొస్మొస్,లోకం,Greek,New Testament
G2890,Κούαρτος,"Κούαρτος",,కువార్తుస్,Greek,New Testament
G2891,κοῦμι,"κοῦμι",,లే,Greek,New Testament
G2892,κουστωδία,"κουστωδία",,కావలి,Greek,New Testament
G2893,κουφίζω,"κουφίζω",,తేలికచేయు,Greek,New Testament
G2894,κόφινος,"κόφινος",,గంప,Greek,New Testament
G2895,κράββατος,"κράββατος",,పరుపు,Greek,New Testament
G2896,κράζω,"κράζω",,కేకలు వేయు,Greek,New Testament
G2897,κραιπάλη,"αἴρω",,ఎత్తు,Greek,New Testament
G2898,κρανίον,"κέρας",,కొమ్ము,Greek,New Testament
G2899,κράσπεδον,"κράσπεδον",,కుచ్చు,Greek,New Testament
G2900,κραταιός,"κράτος",,బలము,Greek,New Testament
G2901,κραταιόω,"κράτος",,రాజ్యము,Greek,New Testament
G2902,κρατέω,"κράτος",,శక్తి,Greek,New Testament
G2903,κράτιστος,"κράτος",,అధికారము,Greek,New Testament
G2904,κράτος,"κράτος",,ప్రభావము,Greek,New Testament
G2905,κραυγάζω,"κράζω",,అఱచు,Greek,New Testament
G2906,κραυγή,"κράζω",,మొఱ్ఱపెట్టు,Greek,New Testament
G2907,κρέας,"κρέας",,మాంసము,Greek,New Testament
G2908,κρεῖσσον,"κράτος",,ఆధిపత్యం,Greek,New Testament
G2909,κρείττων,"κράτος",,బలము,Greek,New Testament
G2910,κρεμάννυμι,"κρεμάννυμι",,వ్రేలాడదీయు,Greek,New Testament
G2911,κρημνός,"κρεμάννυμι",,వ్రేలాడదీయు,Greek,New Testament
G2912,Κρής,"Κρήτη",,క్రేతు,Greek,New Testament
G2913,Κρήσκης,"Κρήσκης",,క్రెస్కే,Greek,New Testament
G2914,Κρήτη,"Κρήτη",,క్రేతు,Greek,New Testament
G2915,κριθή,"κριθή",,యవలు,Greek,New Testament
G2916,κρίθινος,"κριθή",,యవలు,Greek,New Testament
G2917,κρίμα,"κρίνω",,తీర్పుతీర్చు,Greek,New Testament
G2918,κρίνον,"κρίνον",,లిల్లీపువ్వు,Greek,New Testament
G2919,κρίνω,"κρίνω",క్రినొ,తీర్పు తీర్చు,Greek,New Testament
G2920,κρίσις,"κρίσις",,తీర్పు,Greek,New Testament
G2921,Κρίσπος,"Κρίσπος",,క్రిస్పు,Greek,New Testament
G2922,κριτήριον,"κρίνω",,తీర్పుతీర్చు,Greek,New Testament
G2923,κριτής,"κρίνω",,తీర్పుతీర్చు,Greek,New Testament
G2924,κριτικός,"κρίνω",,తీర్పుతీర్చు,Greek,New Testament
G2925,κρούω,"κρούω",,తట్టు,Greek,New Testament
G2926,κρύπτη,"κρύπτω",,దాచు,Greek,New Testament
G2927,κρυπτός,"κρύπτω",,దాచు,Greek,New Testament
G2928,κρύπτω,"κρύπτω",,దాచు,Greek,New Testament
G2929,κρυσταλλίζω,"κρύσταλλος",,స్ఫటికము,Greek,New Testament
G2930,κρύσταλλος,"κρύσταλλος",,స్ఫటికము,Greek,New Testament
G2931,κρυφῆ,"κρύπτω",,దాచు,Greek,New Testament
G2932,κτάομαι,"κτάομαι",,సంపాదించుకొను,Greek,New Testament
G2933,κτῆμα,"κτάομαι",,సంపాదించుకొను,Greek,New Testament
G2934,κτῆνος,"κτάομαι",,సంపాదించుకొను,Greek,New Testament
G2935,κτήτωρ,"κτάομαι",క్టీసిస్,సృష్టి,Greek,New Testament
G2936,κτίζω,"κτάομαι",,సంపాదించుకొను,Greek,New Testament
G2937,κτίσις,"κτάομαι",,సంపాదించుకొను,Greek,New Testament
G2938,κτίσμα,"κτάομαι",,సంపాదించుకొను,Greek,New Testament
G2939,κτίστης,"κτάομαι",,సంపాదించుకొను,Greek,New Testament
G2940,κυβεία,"κυβεία",,జూదము,Greek,New Testament
G2941,κυβέρνησις,"κυβέρνησις",,పరిపాలన,Greek,New Testament
G2942,κυβερνήτης,"κυβέρνησις",,పరిపాలన,Greek,New Testament
G2943,κυκλόθεν,"κῦμα",,తరంగం,Greek,New Testament
G2944,κυκλόω,"κῦμα",,తరంగం,Greek,New Testament
G2945,κύκλῳ,"κῦμα",,తరంగం,Greek,New Testament
G2946,κύλισμα,"κῦμα+κῦμα+εἱλίσσω",,కెరటాలు చుట్టుముట్టడం,Greek,New Testament
G2947,κυλιόω,"κῦμα+κῦμα+εἱλίσσω",,కెరటాలు చుట్టుముట్టడం,Greek,New Testament
G2948,κυλλός,"κῦμα+κῦμα+εἱλίσσω",,కెరటాలు చుట్టుముట్టడం,Greek,New Testament
G2949,κῦμα,"κῦμα",,తరంగం,Greek,New Testament
G2950,κύμβαλον,"κῦμα",,తరంగం,Greek,New Testament
G2951,κύμινον,"κύμινον",,జీలకర్ర,Greek,New Testament
G2952,κυνάριον,"κύων",,కుక్క,Greek,New Testament
G2953,Κύπριος,"Κύπρος",,సైప్రస్,Greek,New Testament
G2954,Κύπρος,"Κύπρος",,సైప్రస్,Greek,New Testament
G2955,κύπτω,"κῦμα",,తరంగం,Greek,New Testament
G2956,Κυρηναῖος,"Κυρήνη",,కురేనే,Greek,New Testament
G2957,Κυρήνη,"Κυρήνη",,కురేనే,Greek,New Testament
G2958,Κυρήνιος,"Κυρήνιος",,కురేనియస్,Greek,New Testament
G2959,Κυρία,"κύριος",,ప్రభువు,Greek,New Testament
G2960,κυριακός,"κύριος",,ప్రభువు,Greek,New Testament
G2961,κυριεύω,"κύριος",,ప్రభువు,Greek,New Testament
G2962,κύριος,"κύριος",కూరియొస్,ప్రభువు,Greek,New Testament
G2963,κυριότης,"κύριος",,ప్రభువు,Greek,New Testament
G2964,κυρόω,"κύριος",,ప్రభువు,Greek,New Testament
G2965,κύων,"κύων",,కుక్క,Greek,New Testament
G2966,κῶλον,"κολάζω",,శిక్షించు,Greek,New Testament
G2967,κωλύω,"κολάζω",,శిక్షించు,Greek,New Testament
G2968,κώμη,"κεῖμαι",,ఉండు,Greek,New Testament
G2969,κωμόπολις,"κεῖμαι+πόλεμος+πολύς",,యుద్ధం జరుగుతోంది,Greek,New Testament
G2970,κῶμος,"κεῖμαι",,ఉండు,Greek,New Testament
G2971,κώνωψ,"κέντρον+ὁράω",,అర్థం తెలియదు,Greek,New Testament
G2972,Κώς,"Κώς",,కోస్,Greek,New Testament
G2973,Κωσάμ,"Κωσάμ",,కోశాం,Greek,New Testament
G2974,κωφός,"κόπτω",,నరుకు,Greek,New Testament
G2975,λαγχάνω,"λαγχάνω",,పొందు,Greek,New Testament
G2976,Λάζαρος,"Λάζαρος",,లాజరు,Greek,New Testament
G2977,λάθρα,"λανθάνω",,దాగి ఉండు,Greek,New Testament
G2978,λαῖλαψ,"λαῖλαψ",,తుఫాను,Greek,New Testament
G2979,λακτίζω,"λακτίζω",,కాలుతో తన్ను,Greek,New Testament
G2980,λαλέω,"λαλέω",,మాట్లాడు,Greek,New Testament
G2981,λαλιά,"λαλέω",,పలుకు,Greek,New Testament
G2982,λαμμᾶ,"λαμμᾶ",,లమ్మా,Greek,New Testament
G2983,λαμβάνω,"δέχομαι",లామ్బానొ,తీసుకొను,Greek,New Testament
G2984,Λάμεχ,"Λάμεχ",,లామెకు,Greek,New Testament
G2985,λαμπάς,"λάμπω",,ప్రకాశించు,Greek,New Testament
G2986,λαμπρός,"λάμπω",,ప్రకాశించు,Greek,New Testament
G2987,λαμπρότης,"λάμπω",,ప్రకాశించు,Greek,New Testament
G2988,λαμπρῶς,"λάμπω",,ప్రకాశించు,Greek,New Testament
G2989,λάμπω,"λάμπω",,ప్రకాశించు,Greek,New Testament
G2990,λανθάνω,"λανθάνω",,గుర్తించకుండా ఉండు,Greek,New Testament
G2991,λαξευτός,"ξέστης",,కొలజాడీ,Greek,New Testament
G2992,λαός,"λαός",,ప్రజలు,Greek,New Testament
G2993,Λαοδίκεια,"λαός+δεικνύω",,ప్రజలను చూపు,Greek,New Testament
G2994,Λαοδικεύς,"λαός+δεικνύω",,ప్రజలను చూపు,Greek,New Testament
G2995,λάρυγξ,"λάρυγξ",,కంఠనాళము,Greek,New Testament
G2996,Λασαία,"Λασαία",,లసయ్య,Greek,New Testament
G2997,λάσχω,"λάσχω",,పొందు,Greek,New Testament
G2998,λατομέω,"ξέστης+κόπτω",,కుండలను కొట్టు,Greek,New Testament
G2999,λατρεία,"λατρεύω",,సేవచేయు,Greek,New Testament
G3000,λατρεύω,"λατρεύω",,ఆరాధించు,Greek,New Testament
G3001,λάχανον,"λάχανον",,కూరగాయలు,Greek,New Testament
G3002,Λεββαῖος,"Λεββαῖος",,లెబ్బయి,Greek,New Testament
G3003,λεγεών,"λεγεών",,సైన్యం,Greek,New Testament
G3004,λέγω,"λέγω",లెగొ,చెప్పు,Greek,New Testament
G3005,λεῖμμα,"λείπω",,విడిచిపెట్టు,Greek,New Testament
G3006,λεῖος,"λεῖος",,నునుపైన,Greek,New Testament
G3007,λείπω,"λείπω",,విడిచిపెట్టు,Greek,New Testament
G3008,λειτουργέω,"λαός+ἔργον",,ప్రజల పని,Greek,New Testament
G3009,λειτουργία,"λαός+ἔργον",,ప్రజల పని,Greek,New Testament
G3010,λειτουργικός,"λαός+ἔργον",,ప్రజల పని,Greek,New Testament
G3011,λειτουργός,"λαός+ἔργον",,ప్రజల పని,Greek,New Testament
G3012,λέντιον,"λέντιον",,బొడ్డు గుడ్డ,Greek,New Testament
G3013,λεπίς,"λεπίς",,పొలుసు,Greek,New Testament
G3014,λέπρα,"λεπίς",,పొలుసు,Greek,New Testament
G3015,λεπρός,"λεπίς",,పొలుసు,Greek,New Testament
G3016,λεπτόν,"λεπίς",,పొలుసు,Greek,New Testament
G3017,Λευΐ,"Λευΐ",,లేవి,Greek,New Testament
G3018,Λευΐς,"Λευΐ",,లేవి,Greek,New Testament
G3019,Λευΐτης,"Λευΐ",,లేవి,Greek,New Testament
G3020,Λευϊτικός,"Λευΐ",,లేవి,Greek,New Testament
G3021,λευκαίνω,"λευκός",,తెలుపు,Greek,New Testament
G3022,λευκός,"λευκός",,తెలుపు,Greek,New Testament
G3023,λέων,"λέων",,సింహం,Greek,New Testament
G3024,λήθη,"λανθάνω",,దాచు,Greek,New Testament
G3025,ληνός,"ληνός",,తొట్టి,Greek,New Testament
G3026,λῆρος,"λῆρος",,వెఱ్ఱితనము,Greek,New Testament
G3027,λῃστής,"λῃστής",,దొంగ,Greek,New Testament
G3028,λῆμψις,"δέχομαι",,అందుకొను,Greek,New Testament
G3029,λίαν,"λίαν",,చాలా,Greek,New Testament
G3030,λίβανος,"λίβανος",,లెబానోను,Greek,New Testament
G3031,λιβανωτός,"λίβανος",,లెబానోను,Greek,New Testament
G3032,Λιβερτῖνος,"Λιβερτῖνος",,లిబెర్టీనుడు,Greek,New Testament
G3033,Λιβύη,"λίψ",,నైరుతి,Greek,New Testament
G3034,λιθάζω,"λίθος",,రాయి,Greek,New Testament
G3035,λίθινος,"λίθος",,రాయి,Greek,New Testament
G3036,λιθοβολέω,"λίθος+βάλλω",,రాళ్లతో కొట్టు,Greek,New Testament
G3037,λίθος,"λίθος",,రాయి,Greek,New Testament
G3038,λιθόστρωτος,"λίθος+ἵστημι",,రాయిని నిలబెట్టు,Greek,New Testament
G3039,λικμάω,"λικμάω",లూకొస్,తోడేలు,Greek,New Testament
G3040,λιμήν,"λιμήν",,రేవు,Greek,New Testament
G3041,λίμνη,"λιμήν",,ఓడరేవు,Greek,New Testament
G3042,λιμός,"λείπω",,వదిలిపెట్టు,Greek,New Testament
G3043,λίνον,"λίνον",,నారబట్ట,Greek,New Testament
G3044,Λίνος,"λίνον",,అవిసెనార,Greek,New Testament
G3045,λιπαρός,"λιπαρός",,కొవ్వుగల,Greek,New Testament
G3046,λίτρα,"λίτρα",,లిత్రా,Greek,New Testament
G3047,λίψ,"λίψ",,నైరుతిగాలి,Greek,New Testament
G3048,λογία,"λέγω",,చెప్పు,Greek,New Testament
G3049,λογίζομαι,"λέγω",,చెప్పు,Greek,New Testament
G3050,λογικός,"λέγω",,చెప్పు,Greek,New Testament
G3051,λόγιον,"λέγω",,చెప్పు,Greek,New Testament
G3052,λόγιος,"λέγω",,చెప్పు,Greek,New Testament
G3053,λογισμός,"λέγω",,చెప్పు,Greek,New Testament
G3054,λογομαχέω,"λέγω+μάχομαι",,వాదించు,Greek,New Testament
G3055,λογομαχία,"λέγω+μάχομαι",,పోరాడు,Greek,New Testament
G3056,λόγος,"λέγω",లొగొస్,వాక్కు,Greek,New Testament
G3057,λόγχη,"λόγχη",,ఈటె,Greek,New Testament
G3058,λοιδορέω,"λοίδορος",,దూషించేవాడు,Greek,New Testament
G3059,λοιδορία,"λοίδορος",,నిందించువాడు,Greek,New Testament
G3060,λοίδορος,"λοίδορος",,తిట్టువాడు,Greek,New Testament
G3061,λοιμός,"λοιμός",,తెగులు,Greek,New Testament
G3062,λοιποί,"λείπω",,వదిలిపెట్టు,Greek,New Testament
G3063,λοιπόν,"λείπω",,కొదువ,Greek,New Testament
G3064,λοιποῦ,"λείπω",,తగ్గించు,Greek,New Testament
G3065,Λουκᾶς,"Λουκᾶς",,లూకా,Greek,New Testament
G3066,Λούκιος,"Λούκιος",,లూకియొసు,Greek,New Testament
G3067,λουτρόν,"λούω",,కడుగు,Greek,New Testament
G3068,λούω,"λούω",,కడుగు,Greek,New Testament
G3069,Λύδδα,"Λύδδα",,లుద్దా,Greek,New Testament
G3070,Λυδία,"Λυδία",,లుదియ,Greek,New Testament
G3071,Λυκαονία,"λευκός",,తెలుపు,Greek,New Testament
G3072,Λυκαονιστί,"λευκός",,తెలుపు,Greek,New Testament
G3073,Λυκία,"λευκός",,తెలుపు,Greek,New Testament
G3074,λύκος,"λευκός",,తెలుపు,Greek,New Testament
G3075,λυμαίνομαι,"λύω",,విప్పు,Greek,New Testament
G3076,λυπέω,"λύπη",,దుఃఖం,Greek,New Testament
G3077,λύπη,"λύπη",,దుఃఖం,Greek,New Testament
G3078,Λυσανίας,"λύω",,విప్పు,Greek,New Testament
G3079,Λυσίας,"Λυσίας",,లుసియ,Greek,New Testament
G3080,λύσις,"λύω",,విప్పు,Greek,New Testament
G3081,λυσιτελεῖ,"λύω+τέλος",,ముగించు,Greek,New Testament
G3082,Λύστρα,"Λύστρα",,లుస్త్ర,Greek,New Testament
G3083,λύτρον,"λύω",,విప్పు,Greek,New Testament
G3084,λυτρόω,"λύω",,విప్పు,Greek,New Testament
G3085,λύτρωσις,"λύω",,విప్పు,Greek,New Testament
G3086,λυτρωτής,"λύω",,విప్పు,Greek,New Testament
G3087,λυχνία,"λευκός",,తెలుపు,Greek,New Testament
G3088,λύχνος,"λευκός",,తెలుపు,Greek,New Testament
G3089,λύω,"λύω",లూఓ,విప్పు,Greek,New Testament
G3090,Λωΐς,"Λωΐς",,లోయిసు,Greek,New Testament
G3091,Λώτ,"Λώτ",,లోతు,Greek,New Testament
G3092,Μαάθ,"Μαάθ",,మయాతు,Greek,New Testament
G3093,Μαγδαλά,"Μαγδαλά",,మగ్దలా,Greek,New Testament
G3094,Μαγδαληνή,"Μαγδαλά",,మగ్దలా,Greek,New Testament
G3095,μαγεία,"μάγος",,మాంత్రికుడు,Greek,New Testament
G3096,μαγεύω,"μάγος",,మాంత్రికుడు,Greek,New Testament
G3097,μάγος,"μάγος",,జ్ఞానులు,Greek,New Testament
G3098,Μαγώγ,"Μαγώγ",,మాగోగు,Greek,New Testament
G3099,Μαδιάν,"Μαδιάν",,మీద్యాను,Greek,New Testament
G3100,μαθητεύω,"μανθάνω",,నేర్చుకొనుట,Greek,New Testament
G3101,μαθητής,"μανθάνω",,నేర్చుకొనుట,Greek,New Testament
G3102,μαθήτρια,"μανθάνω",,నేర్చుకొనుట,Greek,New Testament
G3103,Μαθουσάλα,"Μαθουσάλα",,మెతూషెల,Greek,New Testament
G3104,Μαϊνάν,"Μαϊνάν",,మెయిను,Greek,New Testament
G3105,μαίνομαι,"μαίνομαι",,వెఱ్ఱివాడనగుట,Greek,New Testament
G3106,μακαρίζω,"μακάριος",,ధన్యుడు,Greek,New Testament
G3107,μακάριος,"μακάριος",మాకారియొస్,ధన్యుడు,Greek,New Testament
G3108,μακαρισμός,"μακάριος",,ధన్యుడు,Greek,New Testament
G3109,Μακεδονία,"Μακεδών",,మాసిదోనియ,Greek,New Testament
G3110,Μακεδών,"Μακεδών",,మాసిదోనియ,Greek,New Testament
G3111,μάκελλον,"μάκελλον",,అర్థం తెలియదు,Greek,New Testament
G3112,μακράν,"μέγιστος+μέγιστος+ὁδός",,అర్థం తెలియదు,Greek,New Testament
G3113,μακρόθεν,"μέγιστος+μέγιστος",,అర్థం తెలియదు,Greek,New Testament
G3114,μακροθυμέω,"μέγιστος+μέγιστος+θύω",,అర్థం తెలియదు,Greek,New Testament
G3115,μακροθυμία,"μέγιστος+μέγιστος+θύω",,అర్థం తెలియదు,Greek,New Testament
G3116,μακροθυμώς,"μέγιστος+μέγιστος+θύω",,అర్థం తెలియదు,Greek,New Testament
G3117,μακρός,"μέγιστος+μέγιστος",,అర్థం తెలియదు,Greek,New Testament
G3118,μακροχρόνιος,"μέγιστος+μέγιστος+χρόνος",,అర్థం తెలియదు,Greek,New Testament
G3119,μαλακία,"μαλακός",,మెత్తని,Greek,New Testament
G3120,μαλακός,"μαλακός",,మెత్తని,Greek,New Testament
G3121,Μαλελεήλ,"Μαλελεήλ",,మహలలేలు,Greek,New Testament
G3122,μάλιστα,"μάλιστα",,మిక్కిలిగా,Greek,New Testament
G3123,μᾶλλον,"μάλιστα",,మిక్కిలిగా,Greek,New Testament
G3124,Μάλχος,"Μάλχος",,మల్కు,Greek,New Testament
G3125,μάμμη,"μάμμη",,అవ్వ,Greek,New Testament
G3126,μαμμωνᾶς,"μαμμωνᾶς",,మామ్మోను,Greek,New Testament
G3127,Μαναήν,"Μαναήν",,మనయేను,Greek,New Testament
G3128,Μανασσῆς,"Μανασσῆς",,మనష్షే,Greek,New Testament
G3129,μανθάνω,"μανθάνω",,నేర్చుకొను,Greek,New Testament
G3130,μανία,"μαίνομαι",,పిచ్చివాడగు,Greek,New Testament
G3131,μάννα,"μάννα",,మన్నా,Greek,New Testament
G3132,μαντεύομαι,"μαίνομαι",,పిచ్చివాడగు,Greek,New Testament
G3133,μαραίνω,"μαραίνω",,వాడిపోవు,Greek,New Testament
G3134,μαρὰν ἀθά,"μαρὰν ἀθά",,మరాన్ అథా,Greek,New Testament
G3135,μαργαρίτης,"μαργαρίτης",,ముత్యము,Greek,New Testament
G3136,Μάρθα,"Μάρθα",,మార్తా,Greek,New Testament
G3137,Μαριάμ,"Μαριάμ",,మరియ,Greek,New Testament
G3138,Μάρκος,"Μάρκος",,మార్కు,Greek,New Testament
G3139,μάρμαρος,"μάρμαρος",,పాలరాయి,Greek,New Testament
G3140,μαρτυρέω,"μάρτυς",మార్టూరెఓ,సాక్ష్యమిచ్చు,Greek,New Testament
G3141,μαρτυρία,"μάρτυς",,సాక్షి,Greek,New Testament
G3142,μαρτύριον,"μάρτυς",,సాక్షి,Greek,New Testament
G3143,μαρτύρομαι,"μάρτυς",,సాక్షి,Greek,New Testament
G3144,μάρτυς,"μάρτυς",మార్టూస్,సాక్షి,Greek,New Testament
G3145,μασσάομαι,"μασσάομαι",,నములు,Greek,New Testament
G3146,μαστιγόω,"μασσάομαι",,నములు,Greek,New Testament
G3147,μαστίζω,"μασσάομαι",,నములు,Greek,New Testament
G3148,μάστιξ,"μασσάομαι",,నములు,Greek,New Testament
G3149,μαστός,"μασσάομαι",,నములు,Greek,New Testament
G3150,ματαιολογία,"μασσάομαι+λέγω",,నములు+చెప్పు,Greek,New Testament
G3151,ματαιολόγος,"μασσάομαι+λέγω",,నములు+చెప్పు,Greek,New Testament
G3152,μάταιος,"μασσάομαι",,నములు,Greek,New Testament
G3153,ματαιότης,"μασσάομαι",,నములు,Greek,New Testament
G3154,ματαιόω,"μασσάομαι",,నములు,Greek,New Testament
G3155,μάτην,"μασσάομαι",,నములు,Greek,New Testament
G3156,Ματθαῖος,"Ματταθίας",,మత్తతియాసు,Greek,New Testament
G3157,Ματθάν,"Ματθάν",,మత్తాను,Greek,New Testament
G3158,Ματθάτ,"Ματταθίας",,మత్తతియాసు,Greek,New Testament
G3159,Ματθίας,"Ματταθίας",,మత్తతియాసు,Greek,New Testament
G3160,Ματταθά,"Ματταθίας",,మత్తతియాసు,Greek,New Testament
G3161,Ματταθίας,"Ματταθίας",,మత్తతియాసు,Greek,New Testament
G3162,μάχαιρα,"μάχομαι",,పోరాడు,Greek,New Testament
G3163,μάχη,"μάχομαι",,పోరాడు,Greek,New Testament
G3164,μάχομαι,"μάχομαι",,పోరాడు,Greek,New Testament
G3165,μέ,"μέ",,అర్థం తెలియదు,Greek,New Testament
G3166,μεγαλαυχέω,"μέγιστος+μέγιστος+αὐξάνω+εὔχομαι",,అర్థం తెలియదు,Greek,New Testament
G3167,μεγαλεῖος,"μέγιστος+μέγιστος",,అర్థం తెలియదు,Greek,New Testament
G3168,μεγαλειότης,"μέγιστος+μέγιστος",,అర్థం తెలియదు,Greek,New Testament
G3169,μεγαλοπρεπής,"μέγιστος+μέγιστος+πρέπω",,అర్థం తెలియదు,Greek,New Testament
G3170,μεγαλύνω,"μέγιστος+μέγιστος",,అర్థం తెలియదు,Greek,New Testament
G3171,μεγάλως,"μέγιστος+μέγιστος",,అర్థం తెలియదు,Greek,New Testament
G3172,μεγαλωσύνη,"μέγιστος+μέγιστος",,అర్థం తెలియదు,Greek,New Testament
G3173,μέγας,"μέγιστος+μέγιστος",మెగాస్,గొప్ప,Greek,New Testament
G3174,μέγεθος,"μέγιστος+μέγιστος",,అర్థం తెలియదు,Greek,New Testament
G3175,μεγιστᾶνες,"μέγιστος",,గొప్ప,Greek,New Testament
G3176,μέγιστος,"μέγιστος",,గొప్ప,Greek,New Testament
G3177,μεθερμηνεύω,"μετά+ῥέω",,ప్రవహించు,Greek,New Testament
G3178,μέθη,"μέθη",,మత్తు,Greek,New Testament
G3179,μεθιστάνω,"μετά+ἵστημι",,మారు,Greek,New Testament
G3180,μεθοδεία,"μετά+ὁδός",,త్రోవ మార్చుకోవడం,Greek,New Testament
G3181,μεθόριος,"μετά+ὅριον",,సరిహద్దులు మార్చుకోవడం,Greek,New Testament
G3182,μεθύσκω,"μέθη",,మత్తు,Greek,New Testament
G3183,μέθυσος,"μέθη",,మత్తు,Greek,New Testament
G3184,μεθύω,"μέθη",,మత్తు,Greek,New Testament
G3185,μεῖζον,"μέγιστος",,గొప్ప,Greek,New Testament
G3186,μειζότερος,"μέγιστος",,గొప్ప,Greek,New Testament
G3187,μείζων,"μέγιστος",,గొప్ప,Greek,New Testament
G3188,μέλαν,"μέλας",,నలుపు,Greek,New Testament
G3189,μέλας,"μέλας",,నలుపు,Greek,New Testament
G3190,Μελεᾶς,"Μελεᾶς",,మెలేయాసు,Greek,New Testament
G3191,μελετάω,"μέλω",,శ్రద్ధ వహించు,Greek,New Testament
G3192,μέλι,"μέλι",,తేనె,Greek,New Testament
G3193,μελίσσιος,"μέλι",,తేనె,Greek,New Testament
G3194,Μελίτη,"Μελίτη",,మెలితే,Greek,New Testament
G3195,μέλλω,"μέλω",,శ్రద్ధ వహించు,Greek,New Testament
G3196,μέλος,"μέλος",,అవయవం,Greek,New Testament
G3197,Μελχί,"Μελχί",,మెల్ఖీ,Greek,New Testament
G3198,Μελχισεδέκ,"Μελχισεδέκ",,మెల్కీసెదెకు,Greek,New Testament
G3199,μέλω,"μέλω",,శ్రద్ధ వహించు,Greek,New Testament
G3200,μεμβράνα,"μεμβράνα",,చర్మము,Greek,New Testament
G3201,μέμφομαι,"μέμφομαι",,నిందించు,Greek,New Testament
G3202,μεμψίμοιρος,"μέμφομαι+μέρος",,అర్థం తెలియదు,Greek,New Testament
G3303,μέν,"μέν",,నిజంగా,Greek,New Testament
G3304,μενοῦνγε,"μέν+οὖν+γέ",,అర్థం తెలియదు,Greek,New Testament
G3305,μέντοι,"μέν+τό",,అర్థం తెలియదు,Greek,New Testament
G3306,μένω,"μένω",మెనొ,నిలిచియుండు,Greek,New Testament
G3307,μερίζω,"μέρος",,భాగం,Greek,New Testament
G3308,μέριμνα,"μέρος",,భాగం,Greek,New Testament
G3309,μεριμνάω,"μέρος",,భాగం,Greek,New Testament
G3310,μερίς,"μέρος",,భాగం,Greek,New Testament
G3311,μερισμός,"μέρος",,భాగం,Greek,New Testament
G3312,μεριστής,"μέρος",,భాగం,Greek,New Testament
G3313,μέρος,"μέρος",,భాగం,Greek,New Testament
G3314,μεσημβρία,"μετά+ὥρα+ἑδραῖος",,నిలకడగా ఉండడానికి సమయం తర్వాత,Greek,New Testament
G3315,μεσιτεύω,"μετά",,తరువాత,Greek,New Testament
G3316,μεσίτης,"μετά",,వెంట,Greek,New Testament
G3317,μεσονύκτιον,"μετά+νύξ",,అర్ధరాత్రి,Greek,New Testament
G3318,Μεσοποταμία,"μετά+πίνω+πίνω",,అర్థం తెలియదు,Greek,New Testament
G3319,μέσος,"μετά",,వెంట,Greek,New Testament
G3320,μεσότοιχον,"μετά+τίκτω",,కనడం తర్వాత,Greek,New Testament
G3321,μεσουράνημα,"μετά+αἴρω+αἴρω",,పైకి ఎత్తడం తర్వాత,Greek,New Testament
G3322,μεσόω,"μετά",,వెంట,Greek,New Testament
G3323,Μεσσίας,"Μεσσίας",,మెస్సీయా,Greek,New Testament
G3324,μεστός,"μεστός",,నిండిన,Greek,New Testament
G3325,μεστόω,"μεστός",,నిండిన,Greek,New Testament
G3326,μετά,"μετά",,వెంట,Greek,New Testament
G3327,μεταβαίνω,"μετά+βάσις",,మార్పు,Greek,New Testament
G3328,μεταβάλλω,"μετά+βάλλω",,మార్చు,Greek,New Testament
G3329,μετάγω,"μετά+αἴρω+ἄν",,ఎత్తివేయబడును,Greek,New Testament
G3330,μεταδίδωμι,"μετά+δίδωμι",,పంచు,Greek,New Testament
G3331,μετάθεσις,"μετά+τίθημι",,మార్చు,Greek,New Testament
G3332,μεταίρω,"μετά+αἴρω",,ఎత్తు,Greek,New Testament
G3333,μετακαλέω,"μετά+κελεύω",,పిలుచు,Greek,New Testament
G3334,μετακινέω,"μετά+κινέω",,కదుపు,Greek,New Testament
G3335,μεταλαμβάνω,"μετά+δέχομαι",,పొందు,Greek,New Testament
G3336,μετάλημψις,"μετά+δέχομαι",,పొందు,Greek,New Testament
G3337,μεταλλάσσω,"μετά+ἄλλος",,ఇతర,Greek,New Testament
G3338,μεταμέλλομαι,"μετά+μέλω",,పశ్చాత్తాపపడు,Greek,New Testament
G3339,μεταμορφόω,"μετά+μέρος",,భాగము,Greek,New Testament
G3340,μετανοέω,"μετά+γινώσκω",,గ్రహించు,Greek,New Testament
G3341,μετάνοια,"μετά+γινώσκω",మెటానొయియా,పశ్చాత్తాపం,Greek,New Testament
G3342,μεταξύ,"μετά+σύν",,పాటు,Greek,New Testament
G3343,μεταπέμπω,"μετά+πέμπω",,పంపి,Greek,New Testament
G3344,μεταστρέφω,"μετά+τροπή",,మార్పు,Greek,New Testament
G3345,μετασχηματίζω,"μετά+σχέω",,పంచుకొను,Greek,New Testament
G3346,μετατίθημι,"μετά+τίθημι",,మార్చు,Greek,New Testament
G3347,μετέπειτα,"μετά+ἐπί+εἶτα",,ఆ తరువాత,Greek,New Testament
G3348,μετέχω,"μετά+σχέω",,పంచుకొను,Greek,New Testament
G3349,μετεωρίζω,"μετά+αἴρω+ἀήρ",,పైకి ఎత్తు,Greek,New Testament
G3350,μετοικεσία,"μετά+οἶκος",,తరలించు,Greek,New Testament
G3351,μετοικίζω,"μετά+οἶκος",,తరలించు,Greek,New Testament
G3352,μετοχή,"μετά+σχέω",,పంచుకొను,Greek,New Testament
G3353,μέτοχος,"μετά+σχέω",,పంచుకొనుట,Greek,New Testament
G3354,μετρέω,"μέτρον",,కొలత,Greek,New Testament
G3355,μετρητής,"μέτρον",,కొలత,Greek,New Testament
G3356,μετριοπαθέω,"μέτρον+πένθω",,దుఃఖ కొలత,Greek,New Testament
G3357,μετρίως,"μέτρον",,కొలత,Greek,New Testament
G3358,μέτρον,"μέτρον",,కొలత,Greek,New Testament
G3359,μέτωπον,"μετά",,వెనుక,Greek,New Testament
G3360,μεχρίς,"μέγιστος+μέγιστος",,అత్యంత గొప్ప,Greek,New Testament
G3361,μή,"οὐχ",మే,లేదు,Greek,New Testament
G3362,ἐὰν μή,"εἰ+ἄν+οὐχ",,అర్థం తెలియదు,Greek,New Testament
G3363,ἵνα μή,"ἀήρ+τό+οὐχ",,అర్థం తెలియదు,Greek,New Testament
G3364,οὐ μή,"οὐχ+οὐχ",,కాదు కాదు,Greek,New Testament
G3365,μηδαμῶς,"οὐχ",,కాదు,Greek,New Testament
G3366,μηδέ,"οὐχ+δέ",,అర్థం తెలియదు,Greek,New Testament
G3367,μηδέν,"οὐχ+ἕν",,ఒకటి కాదు,Greek,New Testament
G3368,μηδέποτε,"οὐχ+δέ+τό+τέ",,అర్థం తెలియదు,Greek,New Testament
G3369,μηδέπω,"οὐχ+δέ+τό",,అర్థం తెలియదు,Greek,New Testament
G3370,Μῆδος,"Μῆδος",,మాదీయుడు,Greek,New Testament
G3371,μηκέτι,"οὐχ+ἔτος",,సంవత్సరం కాదు,Greek,New Testament
G3372,μῆκος,"μέγιστος+μέγιστος",,అత్యంత గొప్ప,Greek,New Testament
G3373,μηκύνω,"μέγιστος+μέγιστος",,అత్యంత గొప్ప,Greek,New Testament
G3374,μηλωτή,"μηλωτή",,మెల్లటి,Greek,New Testament
G3375,μήν,"μέν",,నిజానికి,Greek,New Testament
G3376,μήν,"μήν",,నెల,Greek,New Testament
G3377,μηνύω,"μασσάομαι+μένω+μασσάομαι",,అర్థం తెలియదు,Greek,New Testament
G3378,μὴ οὐκ,"οὐχ+οὐχ",,కాదు కాదు,Greek,New Testament
G3379,μή ποτε,"οὐχ+τό+τέ",,అర్థం తెలియదు,Greek,New Testament
G3380,μήπω,"οὐχ+τό",,అది కాదు,Greek,New Testament
G3381,μή πως,"οὐχ+τό",,అది కాదు,Greek,New Testament
G3382,μηρός,"μηρός",,తొడ,Greek,New Testament
G3383,μήτε,"οὐχ+τέ",,అర్థం తెలియదు,Greek,New Testament
G3384,μήτηρ,"μήτηρ",మేటేర్,తల్లి,Greek,New Testament
G3385,μήτι,"οὐχ+τὶς",,ఎవడూ కాదు,Greek,New Testament
G3386,μήτιγε,"οὐχ+τὶς+γέ",,ఎవరూ కాదు,Greek,New Testament
G3387,μή τις,"οὐχ+τὶς",,ఎవడూ కాదు,Greek,New Testament
G3388,μήτρα,"μήτηρ",,తల్లి,Greek,New Testament
G3389,μητραλῴας,"μήτηρ+εἱλίσσω",,కౌగిలించుకున్న తల్లి,Greek,New Testament
G3390,μητρόπολις,"μήτηρ+πόλεμος+πολύς",,తల్లి మరియు గొప్ప యుద్ధం,Greek,New Testament
G3391,μία,"ἕν",,ఒకటి,Greek,New Testament
G3392,μιαίνω,"μιαίνω",,అపవిత్రం చేయి,Greek,New Testament
G3393,μίασμα,"μιαίνω",,అపవిత్రం చేయు,Greek,New Testament
G3394,μιασμός,"μιαίνω",,అపవిత్రం చేయు,Greek,New Testament
G3395,μίγμα,"μίγνυμι",,కలిసిపోవు,Greek,New Testament
G3396,μίγνυμι,"μίγνυμι",,కలియు,Greek,New Testament
G3397,μικρόν,"μικρότερος",,చిన్నది,Greek,New Testament
G3398,μικρότερος,"μικρότερος",,చిన్నవాడు,Greek,New Testament
G3399,Μίλητος,"Μίλητος",,మిలేతు,Greek,New Testament
G3400,μίλιον,"μίλιον",,మైలు,Greek,New Testament
G3401,μιμέομαι,"μιμέομαι",,అనుకరించు,Greek,New Testament
G3402,μιμητής,"μιμέομαι",,అనుకరించండి,Greek,New Testament
G3403,μιμνήσκω,"μένω+μασσάομαι",,ఉండండి ఊపిరి పీల్చు,Greek,New Testament
G3404,μισέω,"μισέω",,ద్వేషించు,Greek,New Testament
G3405,μισθαποδοσία,"μισθός+ἀπό+δίδωμι",,జీతం తిరిగి ఇవ్వు,Greek,New Testament
G3406,μισθαποδότης,"μισθός+ἀπό+δίδωμι",,జీతం తిరిగి చెల్లించు,Greek,New Testament
G3407,μίσθιος,"μισθός",,జీతం,Greek,New Testament
G3408,μισθός,"μισθός",,బహుమానం,Greek,New Testament
G3409,μισθόω,"μισθός",,కూలి,Greek,New Testament
G3410,μίσθωμα,"μισθός",,జీతం,Greek,New Testament
G3411,μισθωτός,"μισθός",,సంపాదన,Greek,New Testament
G3412,Μιτυλήνη,"Μιτυλήνη",,మిటిలీన్,Greek,New Testament
G3413,Μιχαήλ,"Μιχαήλ",,మిఖాయేలు,Greek,New Testament
G3414,μνᾶ,"μνᾶ",,మినా,Greek,New Testament
G3415,μνάομαι,"μένω+μασσάομαι",,నిలుచుట+కొరుకుట,Greek,New Testament
G3416,Μνάσων,"Μνάσων",,మ్నాసోను,Greek,New Testament
G3417,μνεία,"μένω+μασσάομαι+μένω+μασσάομαι",,నిలుచుట+కొరుకుట+నిలుచుట+కొరుకుట,Greek,New Testament
G3418,μνῆμα,"μένω+μασσάομαι",,నిలుచుట+కొరుకుట,Greek,New Testament
G3419,μνημεῖον,"μένω+μασσάομαι",,నిలుచుట+కొరుకుట,Greek,New Testament
G3420,μνήμη,"μένω+μασσάομαι",,నిలుచుట+కొరుకుట,Greek,New Testament
G3421,μνημονεύω,"μένω+μασσάομαι",,నిలుచుట+కొరుకుట,Greek,New Testament
G3422,μνημόσυνον,"μένω+μασσάομαι",,నిలుచుట+కొరుకుట,Greek,New Testament
G3423,μνηστεύω,"μένω+μασσάομαι",,నిలుచుట+కొరుకుట,Greek,New Testament
G3424,μογιλάλος,"μόγις+λαλέω",,కష్టముమీద+మాట్లాడుట,Greek,New Testament
G3425,μόγις,"μόγις",,కష్టముమీద,Greek,New Testament
G3426,μόδιος,"μόδιος",,మోడియొస్,Greek,New Testament
G3427,μοί,"μοί",,నాకు,Greek,New Testament
G3428,μοιχαλίς,"μοιχός",,వ్యభిచారి,Greek,New Testament
G3429,μοιχάω,"μοιχός",,వ్యభిచారి,Greek,New Testament
G3430,μοιχεία,"μοιχός",,వ్యభిచారి,Greek,New Testament
G3431,μοιχεύω,"μοιχός",,వ్యభిచారి,Greek,New Testament
G3432,μοιχός,"μοιχός",,వ్యభిచారి,Greek,New Testament
G3433,μόλις,"μόγις",,కష్టముమీద,Greek,New Testament
G3434,Μολόχ,"Μολόχ",,మోలెకు,Greek,New Testament
G3435,μολύνω,"μέλας",,నల్లని,Greek,New Testament
G3436,μολυσμός,"μέλας",,నల్లని,Greek,New Testament
G3437,μομφή,"μέμφομαι",,నిందించు,Greek,New Testament
G3438,μονή,"μένω",,నిలుచు,Greek,New Testament
G3439,μονογενής,"μένω+γίνομαι",,నిలుచు+వచ్చు,Greek,New Testament
G3440,μόνον,"μένω",,నిలుచు,Greek,New Testament
G3441,μόνος,"μένω",మొనొస్,ఏకైకుడు,Greek,New Testament
G3442,μονόφθαλμος,"μένω+ὁράω",,నిలుచు+చూచు,Greek,New Testament
G3443,μονόω,"μένω",,నిలుచు,Greek,New Testament
G3444,μορφή,"μέρος",,భాగము,Greek,New Testament
G3445,μορφόω,"μέρος",,భాగము,Greek,New Testament
G3446,μόρφωσις,"μέρος",,భాగం,Greek,New Testament
G3447,μοσχοποιέω,"μόσχος+ποιέω",,తూడనుచేయు,Greek,New Testament
G3448,μόσχος,"μόσχος",,తూడ,Greek,New Testament
G3449,μόχθος,"μόγις",,కష్టముగా,Greek,New Testament
G3450,μοῦ,"μόγις",,కష్టముగా,Greek,New Testament
G3451,μουσικός,"μουσικός",,సంగీతకారుడు,Greek,New Testament
G3452,μυελός,"μυελός",,మూలుగు,Greek,New Testament
G3453,μυέω,"μυστήριον",,రహస్యము,Greek,New Testament
G3454,μῦθος,"μυστήριον",,రహస్యము,Greek,New Testament
G3455,μυκάομαι,"μυκάομαι",,అర్థం తెలియదు,Greek,New Testament
G3456,μυκτηρίζω,"μυκάομαι",,అర్థం తెలియదు,Greek,New Testament
G3457,μυλικός,"μόγις",,కష్టముగా,Greek,New Testament
G3458,μύλος,"μόγις",,కష్టముగా,Greek,New Testament
G3459,μύλων,"μόγις",,కష్టముగా,Greek,New Testament
G3460,Μύρα,"Μύρα",,మురా,Greek,New Testament
G3461,μυριάς,"μύριοι",,పదివేలు,Greek,New Testament
G3462,μυρίζω,"σμύρνα",,బోళము,Greek,New Testament
G3463,μύριοι,"μύριοι",,పదివేలు,Greek,New Testament
G3464,μύρον,"σμύρνα",,బోళము,Greek,New Testament
G3465,Μυσία,"Μυσία",,ముసియ,Greek,New Testament
G3466,μυστήριον,"μυστήριον",మూస్టేరియన్,మర్మం,Greek,New Testament
G3467,μυωπάζω,"μυστήριον+ὁράω",,రహస్యమును చూచు,Greek,New Testament
G3468,μώλωψ,"μώλωψ",,గాయము,Greek,New Testament
G3469,μωμάομαι,"μέμφομαι",,నిందించు,Greek,New Testament
G3470,μῶμος,"μέμφομαι",,నిందించు,Greek,New Testament
G3471,μωραίνω,"μυστήριον",,రహస్యము,Greek,New Testament
G3472,μωρία,"μυστήριον",,రహస్యము,Greek,New Testament
G3473,μωρολογία,"μυστήριον+λέγω",,రహస్యమును చెప్పు,Greek,New Testament
G3474,μωρός,"μυστήριον",,రహస్యము,Greek,New Testament
G3475,Μωϋσῆς,"Μωϋσῆς",,మోషే,Greek,New Testament
G3476,Ναασσών,"Ναασσών",,నయస్సోను,Greek,New Testament
G3477,Ναγγαί,"Ναγγαί",,హగ్గయి,Greek,New Testament
G3478,Ναζαρέτ,"Ναζαρέτ",,నజరేతు,Greek,New Testament
G3479,Ναζαρηνός,"Ναζαρέτ",,నజరేతు,Greek,New Testament
G3480,Ναζωραῖος,"Ναζαρέτ",,నజరేతు,Greek,New Testament
G3481,Ναθάν,"Ναθάν",,నాతాను,Greek,New Testament
G3482,Ναθαναήλ,"Ναθαναήλ",,నతనయేలు,Greek,New Testament
G3483,ναί,"ναί",,అవును,Greek,New Testament
G3484,Ναΐν,"Ναΐν",,నాయిను,Greek,New Testament
G3485,ναός,"ναός",నాఒస్,ఆలయం,Greek,New Testament
G3486,Ναούμ,"Ναούμ",,నహూము,Greek,New Testament
G3487,νάρδος,"νάρδος",,నారద,Greek,New Testament
G3488,Νάρκισσος,"Νάρκισσος",,నార్కిసస్,Greek,New Testament
G3489,ναυαγέω,"ναῦς+ἄγω",,ఓడ నడుపు,Greek,New Testament
G3490,ναύκληρος,"ναῦς+κλάω",,ఓడ బద్దలు,Greek,New Testament
G3491,ναῦς,"ναῦς",,ఓడ,Greek,New Testament
G3492,ναύτης,"ναῦς",,ఓడ,Greek,New Testament
G3493,Ναχώρ,"Ναχώρ",,నాహోరు,Greek,New Testament
G3494,νεανίας,"νέος",,క్రొత్త,Greek,New Testament
G3495,νεανίσκος,"νέος",,క్రొత్త,Greek,New Testament
G3496,Νεάπολις,"νέος+πόλεμος+πολύς",,నూతన యుద్ధం ఎక్కువగా,Greek,New Testament
G3497,Νεεμάν,"Νεεμάν",,నెయమాను,Greek,New Testament
G3498,νεκρός,"νεκρός",నెక్రొస్,చనిపోయిన,Greek,New Testament
G3499,νεκρόω,"νεκρός",,చనిపోయిన,Greek,New Testament
G3500,νέκρωσις,"νεκρός",,చనిపోయిన,Greek,New Testament
G3501,νέος,"νέος",,క్రొత్త,Greek,New Testament
G3502,νεοσσός,"νέος",,క్రొత్త,Greek,New Testament
G3503,νεότης,"νέος",,క్రొత్త,Greek,New Testament
G3504,νεόφυτος,"νέος+φύω",,నూతనంగా మొలకెత్తు,Greek,New Testament
G3505,Νέρων,"Νέρων",,నీరోను,Greek,New Testament
G3506,νεύω,"νεύω",,వంగి,Greek,New Testament
G3507,νεφέλη,"νέφος",,మేఘం,Greek,New Testament
G3508,Νεφθαλείμ,"Νεφθαλείμ",,నఫ్తాలి,Greek,New Testament
G3509,νέφος,"νέφος",,మేఘం,Greek,New Testament
G3510,νεφρός,"νεφρός",,మూత్రపిండము,Greek,New Testament
G3511,νεωκόρος,"ναός",,దేవాలయము,Greek,New Testament
G3512,νεωτερικός,"νέος",,క్రొత్త,Greek,New Testament
G3513,νή,"ναί",,అవును,Greek,New Testament
G3514,νήθω,"νήθω",,వడకు,Greek,New Testament
G3515,νηπιάζω,"ῥέω+ῥέω+φημί",,అర్థం తెలియదు,Greek,New Testament
G3516,νήπιος,"ῥέω+ῥέω+φημί",,అర్థం తెలియదు,Greek,New Testament
G3517,Νηρεύς,"ναῦς",,ఓడ,Greek,New Testament
G3518,Νηρί,"Νηρί",,నేరి,Greek,New Testament
G3519,νησίον,"ναῦς",,ఓడ,Greek,New Testament
G3520,νῆσος,"ναῦς",,ఓడ,Greek,New Testament
G3521,νηστεία,"ἐσθίω",,తిను,Greek,New Testament
G3522,νηστεύω,"ἐσθίω",,తిను,Greek,New Testament
G3523,νῆστις,"ἐσθίω",,తిను,Greek,New Testament
G3524,νηφάλιος,"νήφω",,మెలకువగా ఉండు,Greek,New Testament
G3525,νήφω,"νήφω",,నిగ్రహించుకొను,Greek,New Testament
G3526,Νίγερ,"Νίγερ",,నైగర్,Greek,New Testament
G3527,Νικάνωρ,"νίκη",,విజయం,Greek,New Testament
G3528,νικάω,"νίκη",,విజయం,Greek,New Testament
G3529,νίκη,"νίκη",,విజయం,Greek,New Testament
G3530,Νικόδημος,"νίκη+δέω",,నికోదేము,Greek,New Testament
G3531,Νικολαΐτης,"νίκη+λαός",,నికోలాయితులు,Greek,New Testament
G3532,Νικόλαος,"νίκη+λαός",,నికోలాయితులు,Greek,New Testament
G3533,Νικόπολις,"νίκη+πόλεμος+πολύς",,అర్థం తెలియదు,Greek,New Testament
G3534,νῖκος,"νίκη",,విజయం,Greek,New Testament
G3535,Νινευΐ,"Νινευΐ",,నినెవె,Greek,New Testament
G3536,Νινευΐτης,"Νινευΐ",,నినెవె,Greek,New Testament
G3537,νιπτήρ,"νίπτω",,కడుగు,Greek,New Testament
G3538,νίπτω,"νίπτω",,కడుగు,Greek,New Testament
G3539,νοιέω,"γινώσκω",,తెలుసుకొనుట,Greek,New Testament
G3540,νόημα,"γινώσκω",,తెలుసుకొనుట,Greek,New Testament
G3541,νόθος,"νόθος",,జారజుడు,Greek,New Testament
G3542,νομή,"νόμος",,ధర్మశాస్త్రం,Greek,New Testament
G3543,νομίζω,"νόμος",,ధర్మశాస్త్రం,Greek,New Testament
G3544,νομικός,"νόμος",,ధర్మశాస్త్రం,Greek,New Testament
G3545,νομίμως,"νόμος",,ధర్మశాస్త్రం,Greek,New Testament
G3546,νόμισμα,"νόμος",,ధర్మశాస్త్రం,Greek,New Testament
G3547,νομοδιδάσκαλος,"νόμος+διδάσκω",,ధర్మశాస్త్రాన్ని బోధించు,Greek,New Testament
G3548,νομοθεσία,"νόμος+τίθημι",,ధర్మశాస్త్రమును స్థాపించు,Greek,New Testament
G3549,νομοθετέω,"νόμος+τίθημι",,ధర్మశాస్త్రమును విధించు,Greek,New Testament
G3550,νομοθέτης,"νόμος+τίθημι",,ధర్మశాస్త్రమును స్థాపించు,Greek,New Testament
G3551,νόμος,"νόμος",నొమొస్,ధర్మశాస్త్రం,Greek,New Testament
G3552,νοσέω,"νόσος",,రోగము,Greek,New Testament
G3553,νόσημα,"νόσος",,రోగము,Greek,New Testament
G3554,νόσος,"νόσος",,రోగము,Greek,New Testament
G3555,νοσσιά,"νέος",,క్రొత్త,Greek,New Testament
G3556,νοσσίον,"νέος",,క్రొత్త,Greek,New Testament
G3557,νοσφίζομαι,"νοσφίζομαι",,దాచుకొను,Greek,New Testament
G3558,νότος,"νότος",,దక్షిణము,Greek,New Testament
G3559,νουθεσία,"γινώσκω+τίθημι",,తెలుపు,Greek,New Testament
G3560,νουθετέω,"γινώσκω+τίθημι",,తెలుపు,Greek,New Testament
G3561,νουμηνία,"νέος+μήν+ὥρα+ἑδραῖος",,నెలా మొదటి రోజు,Greek,New Testament
G3562,νουνεχῶς,"γινώσκω+σχέω",,తెలుసుకొను,Greek,New Testament
G3563,νοῦς,"γινώσκω",,తెలుసుకొనుట,Greek,New Testament
G3564,Νυμφᾶς,"νύμφη+δῶρον",,కట్నము,Greek,New Testament
G3565,νύμφη,"νύμφη",,పెండ్లికుమార్తె,Greek,New Testament
G3566,νυμφίος,"νύμφη",,పెండ్లికుమార్తె,Greek,New Testament
G3567,νυμφών,"νύμφη",,పెండ్లికుమార్తె,Greek,New Testament
G3568,νῦν,"νῦν",నూన్,ఇప్పుడు,Greek,New Testament
G3569,τὰ νῦν,"τό+νῦν",,ఇప్పుడు,Greek,New Testament
G3570,νυνί,"νῦν",,ఇప్పుడు,Greek,New Testament
G3571,νύξ,"νύξ",,రాత్రి,Greek,New Testament
G3572,νύσσω,"νύσσω",,పొడుచు,Greek,New Testament
G3573,νυστάζω,"νεύω",,వంగు,Greek,New Testament
G3574,νυχθήμερον,"νύξ+ὥρα+ἑδραῖος",,అర్థం తెలియదు,Greek,New Testament
G3575,Νῶε,"Νῶε",,నోవహు,Greek,New Testament
G3576,νωθρός,"νόθος",,వ్యభిచారి,Greek,New Testament
G3577,νῶτος,"νῶτος",,వెన్ను,Greek,New Testament
G3578,ξενία,"ξένος",,పరాయి,Greek,New Testament
G3579,ξενίζω,"ξένος",,కొత్త,Greek,New Testament
G3580,ξενοδοχέω,"ξένος+δέχομαι",,ఆతిథ్యమిచ్చు,Greek,New Testament
G3581,ξένος,"ξένος",,అతిథి,Greek,New Testament
G3582,ξέστης,"ξέστης",,అర్థం తెలియదు,Greek,New Testament
G3583,ξηραίνω,"ξέστης",,అర్థం తెలియదు,Greek,New Testament
G3584,ξηρός,"ξέστης",,అర్థం తెలియదు,Greek,New Testament
G3585,ξύλινος,"ξέστης",,అర్థం తెలియదు,Greek,New Testament
G3586,ξύλον,"ξέστης",,అర్థం తెలియదు,Greek,New Testament
G3587,ξυράω,"ξέστης",,అర్థం తెలియదు,Greek,New Testament
G3588,τό,"τό",,అది,Greek,New Testament
G3589,ὀγδοήκοντα,"ὀκτώ",,ఎనిమిది,Greek,New Testament
G3590,ὄγδοος,"ὀκτώ",,అష్ట,Greek,New Testament
G3591,ὄγκος,"ἀγκάλη",,కౌగిలి,Greek,New Testament
G3592,τόδε,"τό+δέ",,మరియు,Greek,New Testament
G3593,ὁδεύω,"ὁδός",,మార్గము,Greek,New Testament
G3594,ὁδηγέω,"ὁδός+ἄγω",,నడుపు,Greek,New Testament
G3595,ὁδηγός,"ὁδός+ἄγω",,నడిపించు,Greek,New Testament
G3596,ὁδοιπορέω,"ὁδός+πέραν",,అవతల,Greek,New Testament
G3597,ὁδοιπορία,"ὁδός+πέραν",,అవతలివైపు,Greek,New Testament
G3598,ὁδός,"ὁδός",హొదొస్,మార్గం,Greek,New Testament
G3599,ὀδούς,"ἐσθίω",,తిను,Greek,New Testament
G3600,ὀδυνάω,"δῦμι",,మునుగు,Greek,New Testament
G3601,ὀδύνη,"δῦμι",,దిగు,Greek,New Testament
G3602,ὀδυρμός,"δῦμι",,అర్థం తెలియదు,Greek,New Testament
G3603,ὅ ἐστι,"τό+εἰμί",,అర్థం తెలియదు,Greek,New Testament
G3604,Ὀζίας,"Ὀζίας",,ఉజ్జియా,Greek,New Testament
G3605,ὄζω,"ὄζω",,అర్థం తెలియదు,Greek,New Testament
G3606,ὅθεν,"τό",,అర్థం తెలియదు,Greek,New Testament
G3607,ὀθόνη,"ὀθόνη",,బట్ట,Greek,New Testament
G3608,ὀθόνιον,"ὀθόνη",,బట్ట,Greek,New Testament
G3609,οἰκεῖος,"οἶκος",,ఇల్లు,Greek,New Testament
G3610,οἰκέτης,"οἶκος",,ఇల్లు,Greek,New Testament
G3611,οἰκέω,"οἶκος",,ఇల్లు,Greek,New Testament
G3612,οἴκημα,"οἶκος",,ఇల్లు,Greek,New Testament
G3613,οἰκητήριον,"οἶκος+οἶκος",,ఇండ్లుఇండ్లు,Greek,New Testament
G3614,οἰκία,"οἶκος",ఒఇకియా,ఇల్లు,Greek,New Testament
G3615,οἰκιακός,"οἶκος",,ఇల్లు,Greek,New Testament
G3616,οἰκοδεσποτέω,"οἶκος+δέω",,అర్థం తెలియదు,Greek,New Testament
G3617,οἰκοδεσπότης,"οἶκος+δέω",,అర్థం తెలియదు,Greek,New Testament
G3618,οἰκοδομέω,"οἶκος+δῶμα",,ఇల్లు+భవనం,Greek,New Testament
G3619,οἰκοδομή,"οἶκος+δῶμα",,ఇల్లు+భవనం,Greek,New Testament
G3620,οἰκοδομία,"οἶκος+δῶμα",,ఇల్లు+భవనం,Greek,New Testament
G3621,οἰκονομέω,"οἶκος+νόμος",,ఇంటి నియమం,Greek,New Testament
G3622,οἰκονομία,"οἶκος+νόμος",,ఇంటి నియమం,Greek,New Testament
G3623,οἰκονόμος,"οἶκος+νόμος",,ఇంటి నియమం,Greek,New Testament
G3624,οἶκος,"οἶκος",ఒఇకొస్,ఇల్లు,Greek,New Testament
G3625,οἰκουμένη,"οἶκος+γῆ",,ఇంటి భూమి,Greek,New Testament
G3626,οἰκουρός,"οἶκος",,ఇల్లు,Greek,New Testament
G3627,οἰκτερέω,"οἰκτερέω",,దయతోచూచు,Greek,New Testament
G3628,οἰκτιρμός,"οἰκτερέω",,దయతోచూచు,Greek,New Testament
G3629,οἰκτίρμων,"οἰκτερέω",,దయతోచూచు,Greek,New Testament
G3630,οἰνοπότης,"οἶνος+πίνω",,ద్రాక్షారసము త్రాగు,Greek,New Testament
G3631,οἶνος,"οἶνος",,ద్రాక్షారసము,Greek,New Testament
G3632,οἰνοφλυγία,"οἶνος+φλύαρος",,ద్రాక్షారసము+అర్థం తెలియదు,Greek,New Testament
G3633,οἶμαι,"τό+τό+τό",,అర్థం తెలియదు,Greek,New Testament
G3634,οἷος,"τό+τό+τό",,అర్థం తెలియదు,Greek,New Testament
G3635,ὀκνέω,"ὀκνέω",,సందేహించు,Greek,New Testament
G3636,ὀκνηρός,"ὀκνέω",,సందేహించు,Greek,New Testament
G3637,ὀκταήμερος,"ὀκτώ+ὥρα+ἑδραῖος",,అర్థం తెలియదు,Greek,New Testament
G3638,ὀκτώ,"ὀκτώ",,ఎనిమిది,Greek,New Testament
G3639,ὄλεθρος,"ὄλεθρος",,నాశనము,Greek,New Testament
G3640,ὀλιγόπιστος,"ὀλίγος+πείθω",,కొంచెము ఒప్పించు,Greek,New Testament
G3641,ὀλίγος,"ὀλίγος",,కొద్ది,Greek,New Testament
G3642,ὀλιγόψυχος,"ὀλίγος+ψύχω",,అర్థం తెలియదు,Greek,New Testament
G3643,ὀλιγωρέω,"ὀλίγος",,కొద్ది,Greek,New Testament
G3644,ὀλοθρευτής,"ὄλεθρος",,నాశనము,Greek,New Testament
G3645,ὀλοθρεύω,"ὄλεθρος",,నాశనము,Greek,New Testament
G3646,ὁλοκαύτωμα,"ὅλος+καίω",,పూర్తిగా కాల్చు,Greek,New Testament
G3647,ὁλοκληρία,"ὅλος+κλάω",,అర్థం తెలియదు,Greek,New Testament
G3648,ὁλόκληρος,"ὅλος+κλάω",,అర్థం తెలియదు,Greek,New Testament
G3649,ὀλολύζω,"ὀλολύζω",,అర్థం తెలియదు,Greek,New Testament
G3650,ὅλος,"ὅλος",,అంతయు,Greek,New Testament
G3651,ὁλοτελής,"ὅλος+τέλος",,అర్థం తెలియదు,Greek,New Testament
G3652,Ὀλυμπᾶς,"Ὀλυμπᾶς",,ఒలుంపాస్,Greek,New Testament
G3653,ὄλυνθος,"ὄλυνθος",,అర్థం తెలియదు,Greek,New Testament
G3654,ὅλως,"ὅλος",,అంతయు,Greek,New Testament
G3655,ὄμβρος,"ὄμβρος",,వాన,Greek,New Testament
G3656,ὁμιλέω,"ὁμοῦ+αἴρω",,కలిసి ఎత్తు,Greek,New Testament
G3657,ὁμιλία,"ὁμοῦ+αἴρω",,కలిసి ఎత్తు,Greek,New Testament
G3658,ὅμιλος,"ὁμοῦ+αἴρω",,కలిసి ఎత్తు,Greek,New Testament
G3659,ὄμμα,"ὁράω",,చూచు,Greek,New Testament
G3660,ὀμνύω,"ὀμνύω",,ప్రమాణము చేయు,Greek,New Testament
G3661,ὁμοθυμαδόν,"ὁμοῦ+θύω",,కలిసి బలి అర్పించు,Greek,New Testament
G3662,ὁμοιάζω,"ὁμοῦ",,కలిసి,Greek,New Testament
G3663,ὁμοιοπαθής,"ὁμοῦ+πένθω",,కలిసి దుఃఖించు,Greek,New Testament
G3664,ὅμοιος,"ὁμοῦ",,ఒక్కటై,Greek,New Testament
G3665,ὁμοιότης,"ὁμοῦ",,ఒకేసారి,Greek,New Testament
G3666,ὁμοιόω,"ὁμοῦ",,కలిసి,Greek,New Testament
G3667,ὁμοίωμα,"ὁμοῦ",,కూడి,Greek,New Testament
G3668,ὁμοίως,"ὁμοῦ",,సంగిడిగా,Greek,New Testament
G3669,ὁμοίωσις,"ὁμοῦ",,ఒకటిగా,Greek,New Testament
G3670,ὁμολογέω,"ὁμοῦ+λέγω",,కూడిచెప్పు,Greek,New Testament
G3671,ὁμολογία,"ὁμοῦ+λέγω",,కలిసిచెప్పు,Greek,New Testament
G3672,ὁμολογουμένως,"ὁμοῦ+λέγω",,సంగిడిగాచెప్పు,Greek,New Testament
G3673,ὁμότεχνος,"ὁμοῦ+τίκτω",,ఒక్కప్రసూతి,Greek,New Testament
G3674,ὁμοῦ,"ὁμοῦ",,కలిసి,Greek,New Testament
G3675,ὁμόφρων,"ὁμοῦ+φράσσω",,కూడికట్టు,Greek,New Testament
G3676,ὅμως,"ὁμοῦ",,కలిసి,Greek,New Testament
G3677,ὄναρ,"ὄναρ",,కల,Greek,New Testament
G3678,ὀνάριον,"ὄνος",,గాడిద,Greek,New Testament
G3679,ὀνειδίζω,"γινώσκω+ὀνίνημι",,తెలుసుకొనిఉపయోగించు,Greek,New Testament
G3680,ὀνειδισμός,"γινώσκω+ὀνίνημι",,తెలుసుకొనిఉపయోగించు,Greek,New Testament
G3681,ὄνειδος,"γινώσκω+ὀνίνημι",,తెలుసుకొనిఉపయోగించు,Greek,New Testament
G3682,Ὀνήσιμος,"ὀνίνημι",,ఉపయోగించు,Greek,New Testament
G3683,Ὀνησίφορος,"ὀνίνημι+φέρω",,ఉపయోగించిమోయు,Greek,New Testament
G3684,ὀνικός,"ὄνος",,గాడిద,Greek,New Testament
G3685,ὀνίνημι,"ὀνίνημι",,ఉపయోగించు,Greek,New Testament
G3686,ὄνομα,"γινώσκω+ὀνίνημι",ఓనొమా,పేరు,Greek,New Testament
G3687,ὀνομάζω,"γινώσκω+ὀνίνημι",,తెలుసుకొనిఉపయోగించు,Greek,New Testament
G3688,ὄνος,"ὄνος",,గాడిద,Greek,New Testament
G3689,ὄντως,"εἰμί",,ఉండు,Greek,New Testament
G3690,ὄξος,"ἀκμήν",,ఇప్పటివరకు,Greek,New Testament
G3691,ὀξύς,"ἀκμήν",,ఇప్పటివరకు,Greek,New Testament
G3692,ὀπή,"ὁράω",,చూడు,Greek,New Testament
G3693,ὄπισθεν,"ὄπισθεν",,వెనుక,Greek,New Testament
G3694,ὀπίσω,"ὄπισθεν",,వెనుక,Greek,New Testament
G3695,ὁπλίζω,"ὅπλον",,ఆయుధం,Greek,New Testament
G3696,ὅπλον,"ὅπλον",,ఆయుధం,Greek,New Testament
G3697,ὁποῖος,"τό+τό+τό+τό+τό",,అది అది అది అది అది,Greek,New Testament
G3698,ὁπότε,"τό+τό+τέ",,అది అది మరియు,Greek,New Testament
G3699,ὅπου,"τό+τό",,అది అది,Greek,New Testament
G3700,ὀπτάνομαι,"ὁράω",,చూడండి,Greek,New Testament
G3701,ὀπτασία,"ὁράω",,చూడండి,Greek,New Testament
G3702,ὀπτός,"ὀπτός",,కాల్చిన,Greek,New Testament
G3703,ὀπώρα,"ὄπισθεν+ὥρα",,వెనుక + గంట,Greek,New Testament
G3704,ὅπως,"τό+τό",,అది అది,Greek,New Testament
G3705,ὅραμα,"ὁράω",,చూడండి,Greek,New Testament
G3706,ὅρασις,"ὁράω",,చూడండి,Greek,New Testament
G3707,ὁρατός,"ὁράω",,చూడండి,Greek,New Testament
G3708,ὁράω,"ὁράω",,చూడండి,Greek,New Testament
G3709,ὀργή,"αἴρω+αἴρω",,ఎత్తండి ఎత్తండి,Greek,New Testament
G3710,ὀργίζω,"αἴρω+αἴρω",,ఎత్తండి ఎత్తండి,Greek,New Testament
G3711,ὀργίλος,"αἴρω+αἴρω",,ఎత్తండి ఎత్తండి,Greek,New Testament
G3712,ὀργυιά,"αἴρω+αἴρω",,ఎత్తండి ఎత్తండి,Greek,New Testament
G3713,ὀρέγομαι,"αἴρω+αἴρω",,ఎత్తండి ఎత్తండి,Greek,New Testament
G3714,ὀρεινός,"αἴρω+αἴρω",,ఎత్తండి ఎత్తండి,Greek,New Testament
G3715,ὄρεξις,"αἴρω+αἴρω",,ఎత్తండి ఎత్తండి,Greek,New Testament
G3716,ὀρθοποδέω,"αἴρω+αἴρω+πούς",,ఎత్తండి ఎత్తండి + పాదం,Greek,New Testament
G3717,ὀρθός,"αἴρω+αἴρω",,ఎత్తండి ఎత్తండి,Greek,New Testament
G3718,ὀρθοτομέω,"αἴρω+αἴρω+κόπτω",,ఎత్తండి ఎత్తండి + కత్తిరించండి,Greek,New Testament
G3719,ὀρθρίζω,"αἴρω+αἴρω",,ఎత్తండి ఎత్తండి,Greek,New Testament
G3720,ὀρθρινός,"αἴρω+αἴρω",,ఎత్తండి ఎత్తండి,Greek,New Testament
G3721,ὄρθριος,"αἴρω+αἴρω",,ఎత్తండి ఎత్తండి,Greek,New Testament
G3722,ὄρθρος,"αἴρω+αἴρω",,ఎత్తండి ఎత్తండి,Greek,New Testament
G3723,ὀρθῶς,"αἴρω+αἴρω",,ఎత్తండి ఎత్తండి,Greek,New Testament
G3724,ὁρίζω,"ὅριον",,సరిహద్దు,Greek,New Testament
G3725,ὅριον,"ὅριον",,సరిహద్దు,Greek,New Testament
G3726,ὁρκίζω,"ὅριον",,మేర,Greek,New Testament
G3727,ὅρκος,"ὅριον",,హద్దు,Greek,New Testament
G3728,ὁρκωμοσία,"ὅριον+ὀμνύω",,హద్దుచేసి ప్రమాణము చేయు,Greek,New Testament
G3729,ὁρμάω,"ὁρμή",,వేగము,Greek,New Testament
G3730,ὁρμή,"ὁρμή",,ఉత్సాహము,Greek,New Testament
G3731,ὅρμημα,"ὁρμή",,దండెత్తు,Greek,New Testament
G3732,ὄρνεον,"αἴρω",,ఎత్తు,Greek,New Testament
G3733,ὄρνις,"αἴρω",,తీసివేయు,Greek,New Testament
G3734,ὁροθεσία,"ὅριον+τίθημι",,హద్దును ఏర్పరచు,Greek,New Testament
G3735,ὄρος,"αἴρω+αἴρω",,ఎత్తివేయు,Greek,New Testament
G3736,ὀρύσσω,"ὀρύσσω",,త్రవ్వు,Greek,New Testament
G3737,ὀρφανός,"ὀρφανός",,దిక్కులేని,Greek,New Testament
G3738,ὀρχέομαι,"ὀρχέομαι",,నాట్యమాడు,Greek,New Testament
G3739,ὅ,"τό",,ఆ,Greek,New Testament
G3740,ὁσάκις,"τό",,అది,Greek,New Testament
G3741,ὅσιος,"ὅσιος",హొసియొస్,పరిశుద్ధుడు,Greek,New Testament
G3742,ὁσιότης,"ὅσιος",,పరిశుద్ధమైన,Greek,New Testament
G3743,ὁσίως,"ὅσιος",,భక్తిగల,Greek,New Testament
G3744,ὀσμή,"ὄζω",,కంపుకొట్టు,Greek,New Testament
G3745,ὅσος,"τό",,అది,Greek,New Testament
G3746,ὅσπερ,"τό+πέραν",,ఆవల,Greek,New Testament
G3747,ὀστοῦν,"ὀστοῦν",,ఎముక,Greek,New Testament
G3748,ὅτι,"τό+τὶς",,ఒకటి,Greek,New Testament
G3749,ὀστράκινος,"ὀστράκινος",,మట్టి పాత్ర,Greek,New Testament
G3750,ὄσφρησις,"ὄζω",,కంపుకొట్టు,Greek,New Testament
G3751,ὀσφῦς,"ὀσφῦς",,నడుము,Greek,New Testament
G3752,ὅταν,"τό+τέ+ἄν",,అప్పుడు,Greek,New Testament
G3753,ὅτε,"τό+τέ",,అప్పుడు,Greek,New Testament
G3754,ὅτι,"τό+τὶς",హొటి,ఎందుకంటే,Greek,New Testament
G3755,ὅτου,"τό+τὶς",,ఒకడు,Greek,New Testament
G3756,οὐχ,"οὐχ",ఊ,లేదు,Greek,New Testament
G3757,οὗ,"τό",,అది,Greek,New Testament
G3758,οὐά,"οὐά",,అయ్యో,Greek,New Testament
G3759,οὐαί,"οὐαί",,అయ్యో,Greek,New Testament
G3760,οὐδαμῶς,"οὐχ+δέ+ἕν",,ఒకటి కాదు,Greek,New Testament
G3761,οὐδέ,"οὐχ+δέ",ఊదె,కాదు,Greek,New Testament
G3762,οὐδέν,"οὐχ+δέ+ἕν",,ఒకటి కాదు,Greek,New Testament
G3763,οὐδέποτε,"οὐχ+δέ+τό+τέ",,అసలు కాదు అప్పుడు,Greek,New Testament
G3764,οὐδέπω,"οὐχ+δέ+τό",,అది కాదు,Greek,New Testament
G3765,οὐκ ἔτι,"οὐχ+ἔτος",,సంవత్సరం కాదు,Greek,New Testament
G3766,οὐκοῦν,"οὐχ+οὖν",,కాదు కనుక,Greek,New Testament
G3767,οὖν,"οὖν",,కనుక,Greek,New Testament
G3768,οὔπω,"οὐχ+τό",,అది కాదు,Greek,New Testament
G3769,οὐρά,"οὐρά",,తోక,Greek,New Testament
G3770,οὐράνιος,"αἴρω+αἴρω",,ఎత్తుకుంటున్నాను,Greek,New Testament
G3771,οὐρανόθεν,"αἴρω+αἴρω",,ఎత్తుకుంటున్నాను,Greek,New Testament
G3772,οὐρανός,"αἴρω+αἴρω",ఊరానొస్,ఆకాశం,Greek,New Testament
G3773,Οὐρβανός,"Οὐρβανός",,ఊర్బను,Greek,New Testament
G3774,Οὐρίας,"Οὐρίας",,ఊరియా,Greek,New Testament
G3775,οὖς,"οὖς",,చెవి,Greek,New Testament
G3776,οὐσία,"εἰμί",,నేను ఉన్నాను,Greek,New Testament
G3777,οὔτε,"οὐχ+τέ",,కాదు మరియు,Greek,New Testament
G3778,αὕται,"τό+ἀήρ",,గాలి,Greek,New Testament
G3779,οὕτως,"τό+ἀήρ",,గాలి,Greek,New Testament
G3780,οὐχί,"οὐχ",,లేదు,Greek,New Testament
G3781,ὀφειλέτης,"ὄφελος",,లాభం,Greek,New Testament
G3782,ὀφειλή,"ὄφελος",,లాభం,Greek,New Testament
G3783,ὀφείλημα,"ὄφελος",,లాభం,Greek,New Testament
G3784,ὀφειλέω,"ὄφελος",,లాభం,Greek,New Testament
G3785,ὄφελον,"ὄφελος",,లాభం,Greek,New Testament
G3786,ὄφελος,"ὄφελος",,లాభం,Greek,New Testament
G3787,ὀφθαλμοδουλεία,"ὁράω+δέω",,చూడటానికి అవసరం,Greek,New Testament
G3788,ὀφθαλμός,"ὁράω",ఒఫ్థాల్మొస్,కన్ను,Greek,New Testament
G3789,ὄφις,"ὁράω",,చూడండి,Greek,New Testament
G3790,ὀφρῦς,"ὁράω",,చూడండి,Greek,New Testament
G3791,ὀχλέω,"σχέω",,ఉండు,Greek,New Testament
G3792,ὀχλοποιέω,"σχέω+ποιέω",,చేయడానికి కలిగివుండు,Greek,New Testament
G3793,ὄχλος,"σχέω",,ఉండు,Greek,New Testament
G3794,ὀχύρωμα,"σχέω",,ఉండు,Greek,New Testament
G3795,ὀψάριον,"ὀπτός",,కాల్చిన,Greek,New Testament
G3796,ὀψέ,"ὄπισθεν",,వెనుక,Greek,New Testament
G3797,ὄψιμος,"ὄπισθεν",,వెనుక,Greek,New Testament
G3798,ὄψιος,"ὄπισθεν",,వెనుక,Greek,New Testament
G3799,ὄψις,"ὁράω",,చూడండి,Greek,New Testament
G3800,ὀψώνιον,"ὀπτός",,కాల్చిన,Greek,New Testament
G3801,ὁ ὢν καί ὁ ἦν καί ὁ ἐρχόμενος,"τό+εἰμί+ἔρχομαι+καί",,అదిఉంది+వస్తున్నాను+మరియు,Greek,New Testament
G3802,παγιδεύω,"πήγνυμι",,స్థాపించు,Greek,New Testament
G3803,παγίς,"πήγνυμι",,స్థాపించు,Greek,New Testament
G3804,πάθημα,"πένθω",,దుఃఖించు,Greek,New Testament
G3805,παθητός,"πένθω",,దుఃఖించు,Greek,New Testament
G3806,πάθος,"πένθω",,దుఃఖించు,Greek,New Testament
G3807,παιδαγωγός,"παίω+ἄγω",,కొట్టు+నడుపు,Greek,New Testament
G3808,παιδάριον,"παίω",,కొట్టు,Greek,New Testament
G3809,παιδεία,"παίω",,కొట్టు,Greek,New Testament
G3810,παιδευτής,"παίω",,కొట్టు,Greek,New Testament
G3811,παιδεύω,"παίω",,కొట్టు,Greek,New Testament
G3812,παιδιόθεν,"παίω",,కొట్టు,Greek,New Testament
G3813,παιδίον,"παίω",,కొట్టు,Greek,New Testament
G3814,παιδίσκη,"παίω",,కొట్టు,Greek,New Testament
G3815,παίζω,"παίω",,కొట్టు,Greek,New Testament
G3816,παῖς,"παίω",పైస్,బాలుడు,Greek,New Testament
G3817,παίω,"παίω",,కొట్టు,Greek,New Testament
G3818,Πακατιανή,"Πακατιανή",,పాకటియనీ,Greek,New Testament
G3819,πάλαι,"βάλλω",,విసిరు,Greek,New Testament
G3820,παλαιός,"βάλλω",,విసిరు,Greek,New Testament
G3821,παλαιότης,"βάλλω",,విసిరు,Greek,New Testament
G3822,παλαιόω,"βάλλω",,వేయు,Greek,New Testament
G3823,πάλη,"βάλλω",,విసరు,Greek,New Testament
G3824,παλιγγενεσία,"βάλλω+γίνομαι",,సంభవించు,Greek,New Testament
G3825,πάλιν,"βάλλω",,వేయు,Greek,New Testament
G3826,παμπληθεί,"πᾶς+πλήθω",,సమస్త సమూహము,Greek,New Testament
G3827,πάμπολυς,"πᾶς+πολύς",,సమస్త విస్తారము,Greek,New Testament
G3828,Παμφυλία,"πᾶς+πῦρ",,సమస్త అగ్ని,Greek,New Testament
G3829,πανδοχεῖον,"πᾶς+δέχομαι",,సమస్తము అంగీకరించు,Greek,New Testament
G3830,πανδοχεύς,"πᾶς+δέχομαι",,సమస్తము అంగీకరించు,Greek,New Testament
G3831,πανήγυρις,"πᾶς+ἐγείρω",,సమస్తము లేపు,Greek,New Testament
G3832,πανοικί,"πᾶς+οἶκος",,సమస్త గృహము,Greek,New Testament
G3833,πανοπλία,"πᾶς+ὅπλον",,సమస్త ఆయుధము,Greek,New Testament
G3834,πανουργία,"πᾶς+ἔργον",,సమస్త కార్యము,Greek,New Testament
G3835,πανοῦργος,"πᾶς+ἔργον",,సమస్త పని,Greek,New Testament
G3836,πανταχόθεν,"πᾶς",,అంతయు,Greek,New Testament
G3837,πανταχοῦ,"πᾶς",,సమస్తము,Greek,New Testament
G3838,παντελής,"πᾶς+τέλος",,సమస్త అంతము,Greek,New Testament
G3839,πάντη,"πᾶς",,ప్రతి,Greek,New Testament
G3840,πάντοθεν,"πᾶς",,అందరు,Greek,New Testament
G3841,παντοκράτωρ,"πᾶς+κράτος",,సమస్త బలము,Greek,New Testament
G3842,πάντοτε,"πᾶς+τό+τέ",,అంతయు అప్పుడు,Greek,New Testament
G3843,πάντως,"πᾶς",,ప్రతి,Greek,New Testament
G3844,παρά,"παρά",,దగ్గర,Greek,New Testament
G3845,παραβαίνω,"παρά+βάσις",,అతిక్రమణము,Greek,New Testament
G3846,παραβάλλω,"παρά+βάλλω",,ఒక ప్రక్కకు వేయు,Greek,New Testament
G3847,παράβασις,"παρά+βάσις",,అతిక్రమణము,Greek,New Testament
G3848,παραβάτης,"παρά+βάσις",,అతిక్రమణము,Greek,New Testament
G3849,παραβιάζομαι,"παρά+βίος",,అర్థం తెలియదు,Greek,New Testament
G3850,παραβολή,"παρά+βάλλω",,దూరముగా ఉంచు,Greek,New Testament
G3851,παραβουλεύομαι,"παρά+βούλομαι",,ఇష్టపడకపోవు,Greek,New Testament
G3852,παραγγελία,"παρά+ἄγω",,దాటివెళ్ళు,Greek,New Testament
G3853,παραγγέλλω,"παρά+ἄγω",,దాటివెళ్ళు,Greek,New Testament
G3854,παραγίνομαι,"παρά+γίνομαι",పారాగినొమై,వచ్చు,Greek,New Testament
G3855,παράγω,"παρά+ἄγω",,దాటివెళ్ళు,Greek,New Testament
G3856,παραδειγματίζω,"παρά+δεικνύω",,సూచనగా చూపు,Greek,New Testament
G3857,παράδεισος,"παράδεισος",,పరదైసు,Greek,New Testament
G3858,παραδέχομαι,"παρά+δέχομαι",,స్వీకరించు,Greek,New Testament
G3859,παραδιατριβή,"παρά+διά+θραύω+τρίζω+θραύω+τρίζω",,అర్థం తెలియదు,Greek,New Testament
G3860,παραδίδωμι,"παρά+δίδωμι",పారాదిదొమి,అప్పగించు,Greek,New Testament
G3861,παράδοξος,"παρά+δοκέω",,అనుకొనుట,Greek,New Testament
G3862,παράδοσις,"παρά+δίδωμι",పారాదొసిస్,సంప్రదాయం,Greek,New Testament
G3863,παραζηλόω,"παρά+ζέω",,కోపగించు,Greek,New Testament
G3864,παραθαλάσσιος,"παρά+ἅλς",,ఉప్పొంగించు,Greek,New Testament
G3865,παραθεωρέω,"παρά+θεάομαι+ὁράω",,పక్కగా చూచు,Greek,New Testament
G3866,παραθήκη,"παρά+τίθημι",,ఉంచు,Greek,New Testament
G3867,παραινέω,"παρά+αἶνος",,వ్యతిరేకముగా పొగడు,Greek,New Testament
G3868,παραιτέομαι,"παρά+αἰτέω",,అడుగు,Greek,New Testament
G3869,παρακαθίζω,"παρά+κατά+ἑδραῖος",,తప్పించుకొని కూర్చుండుట,Greek,New Testament
G3870,παρακαλέω,"παρά+κελεύω",,ఆజ్ఞాపించు,Greek,New Testament
G3871,παρακαλύπτω,"παρά+κλέπτω+κρύπτω",,దొంగిలించు,Greek,New Testament
G3872,παρακαταθήκη,"παρά+κατά+τίθημι",,ఒప్పగించు,Greek,New Testament
G3873,παράκειμαι,"παρά+κεῖμαι",,ఉండు,Greek,New Testament
G3874,παράκλησις,"παρά+κελεύω",,బుద్ధి చెప్పు,Greek,New Testament
G3875,παράκλητος,"παράκλητος",,సహాయకుడు,Greek,New Testament
G3876,παρακοή,"παρά+ἀκούω",,విను,Greek,New Testament
G3877,παρακολουθέω,"παρά+ἄν",,అర్థం తెలియదు,Greek,New Testament
G3878,παρακούω,"παρά+ἀκούω",,విను,Greek,New Testament
G3879,παρακύπτω,"παρά+κῦμα",,సముద్రతీరము,Greek,New Testament
G3880,παραλαμβάνω,"παρά+δέχομαι",పారాలామ్బానొ,స్వీకరించు,Greek,New Testament
G3881,παραλέγομαι,"παρά+λέγω",,వ్యతిరేకించు,Greek,New Testament
G3882,παράλιος,"παρά+ἅλς",,ఉప్పొంగించు,Greek,New Testament
G3883,παραλλαγή,"παρά+ἄλλος",,ఇతరుడు,Greek,New Testament
G3884,παραλογίζομαι,"παρά+λέγω",,పక్కన చెప్పుట,Greek,New Testament
G3885,παραλυτικός,"παρά+λύω",,విడుదలచేయు,Greek,New Testament
G3886,παραλύω,"παρά+λύω",,పక్షవాతం,Greek,New Testament
G3887,παραμένω,"παρά+μένω",,నిలిచియుండు,Greek,New Testament
G3888,παραμυθέομαι,"παρά+μυστήριον",,మర్మము,Greek,New Testament
G3889,παραμυθία,"παρά+μυστήριον",,మర్మము,Greek,New Testament
G3890,παραμύθιον,"παρά+μυστήριον",,మర్మము,Greek,New Testament
G3891,παρανομέω,"παρά+νόμος",,అక్రమమైన,Greek,New Testament
G3892,παρανομία,"παρά+νόμος",,అక్రమమైన,Greek,New Testament
G3893,παραπικραίνω,"παρά+πήγνυμι",,రెచ్చగొట్టు,Greek,New Testament
G3894,παραπικρασμός,"παρά+πήγνυμι",,రెచ్చగొట్టు,Greek,New Testament
G3895,παραπίπτω,"παρά+πτάομαι",,తప్పు చేయు,Greek,New Testament
G3896,παραπλέω,"παρά+πλύνω",,ప్రక్కకు కడుగు,Greek,New Testament
G3897,παραπλήσιον,"παρά+πλησίον",,దగ్గరగా,Greek,New Testament
G3898,παραπλησίως,"παρά+πλησίον",,దగ్గరగా,Greek,New Testament
G3899,παραπορεύομαι,"παρά+πέραν",,ఆవల,Greek,New Testament
G3900,παράπτωμα,"παρά+πτάομαι",,తప్పు చేయు,Greek,New Testament
G3901,παραῤῥυέω,"παρά+ῥέω",,ప్రక్కకు ప్రవహించు,Greek,New Testament
G3902,παράσημος,"παρά+σημαίνω",,సూచించు,Greek,New Testament
G3903,παρασκευάζω,"παρά+σκεῦος",,సిద్ధపరచుకొను వస్తువు,Greek,New Testament
G3904,παρασκευή,"παρά+σκεῦος",,సిద్ధపరచుకొను వస్తువు,Greek,New Testament
G3905,παρατείνω,"παρά",,దగ్గర,Greek,New Testament
G3906,παρατηρέω,"παρά+θεάομαι+ὁράω",,పరిశీలించు,Greek,New Testament
G3907,παρατήρησις,"παρά+θεάομαι+ὁράω",,పరిశీలించు,Greek,New Testament
G3908,παρατίθημι,"παρά+τίθημι",,పెట్టు,Greek,New Testament
G3909,παρατυγχάνω,"παρά+τυγχάνω",,సంభవించు,Greek,New Testament
G3910,παραυτίκα,"παρά+ἀήρ",,గాలిదుమారం,Greek,New Testament
G3911,παραφέρω,"παρά+φέρω",,తీసుకొనివెళ్ళు,Greek,New Testament
G3912,παραφρονέω,"παρά+φράσσω",,చుట్టుకొను,Greek,New Testament
G3913,παραφρονία,"παρά+φράσσω",,చుట్టుకొను,Greek,New Testament
G3914,παραχειμάζω,"παρά+χειμών",,శీతాకాలం,Greek,New Testament
G3915,παραχειμασία,"παρά+χειμών",,శీతాకాలం,Greek,New Testament
G3916,παραχρῆμα,"παρά+χρῆμα",,వెంటనే,Greek,New Testament
G3917,πάρδαλις,"πάρδαλις",,చిరుతపులి,Greek,New Testament
G3918,πάρειμι,"παρά+εἰμί",,దగ్గరగా ఉండు,Greek,New Testament
G3919,παρεισάγω,"παρά+εἰς+ἄγω",,ప్రవేశపెట్టు,Greek,New Testament
G3920,παρείσακτος,"παρά+εἰς+ἄγω",,ప్రవేశపెట్టు,Greek,New Testament
G3921,παρεισδύνω,"παρά+εἰς+δῦμι",,దొంగతనంగా ప్రవేశించు,Greek,New Testament
G3922,παρεισέρχομαι,"παρά+εἰς+ἔρχομαι",,సమీపమునకు వచ్చు,Greek,New Testament
G3923,παρεισφέρω,"παρά+εἰς+φέρω",,దగ్గరకు తెచ్చు,Greek,New Testament
G3924,παρεκτός,"παρά+ἐξ",,దూరంగా,Greek,New Testament
G3925,παρεμβολή,"παρά+εἰς+ἐξ+βάλλω",,దూరంగా త్రోయు,Greek,New Testament
G3926,παρενοχλέω,"παρά+εἰς+ἐξ+σχέω",,చీల్చు,Greek,New Testament
G3927,παρεπίδημος,"παρά+ἐπί+δέω",,కట్టు,Greek,New Testament
G3928,παρέρχομαι,"παρά+ἔρχομαι",,దాటు,Greek,New Testament
G3929,πάρεσις,"κτάομαι",,సంపాదించుకొను,Greek,New Testament
G3930,παρέχω,"παρά+σχέω",,ఇచ్చు,Greek,New Testament
G3931,παρηγορία,"παρά+ἐγείρω",,లేపు,Greek,New Testament
G3932,παρθενία,"παρθένος",,కన్యక,Greek,New Testament
G3933,παρθένος,"παρθένος",,కన్యక,Greek,New Testament
G3934,Πάρθος,"Πάρθος",,పార్ధియా దేశస్థుడు,Greek,New Testament
G3935,παρίημι,"παρά",,ప్రక్కన,Greek,New Testament
G3936,παριστάνω,"παρά+ἵστημι",,నిలుచు,Greek,New Testament
G3937,Παρμενᾶς,"παρά+μένω",,ఉండు,Greek,New Testament
G3938,πάροδος,"παρά+ὁδός",,దారిప్రక్కన,Greek,New Testament
G3939,παροικέω,"παρά+οἶκος",,పక్క ఇల్లు,Greek,New Testament
G3940,παροικία,"παρά+οἶκος",,పక్క ఇల్లు,Greek,New Testament
G3941,πάροικος,"παρά+οἶκος",,పక్క ఇల్లు,Greek,New Testament
G3942,παροιμία,"παρά+τό+τό+τό",,అధికముగా,Greek,New Testament
G3943,πάροινος,"παρά+οἶνος",,కల్తీ సారాయి,Greek,New Testament
G3944,παροίχομαι,"παρά",,దగ్గర,Greek,New Testament
G3945,παρομοιάζω,"παρά+ὁμοῦ",,దగ్గరగా,Greek,New Testament
G3946,παρόμοιος,"παρά+ὁμοῦ",,పక్కన + కలిసి,Greek,New Testament
G3947,παροξύνω,"παρά+ἀκμήν",,గరిష్టస్థితికి మించి,Greek,New Testament
G3948,παροξυσμός,"παρά+ἀκμήν",,గరిష్టస్థితికి మించి,Greek,New Testament
G3949,παροργίζω,"παρά+αἴρω+αἴρω",,తీసివేయడానికి సిద్ధంగా ఉంది + ఎత్తు,Greek,New Testament
G3950,παροργισμός,"παρά+αἴρω+αἴρω",,తీసివేయడానికి సిద్ధంగా ఉంది + ఎత్తు,Greek,New Testament
G3951,παροτρύνω,"παρά",,ప్రక్కన,Greek,New Testament
G3952,παρουσία,"παρά+εἰμί",పారూసియా,రాకడ,Greek,New Testament
G3953,παροψίς,"παρά+ὀπτός",,చుట్టూ కాల్చినది,Greek,New Testament
G3954,παῤῥησία,"πᾶς+ῥέω",,అన్ని ప్రవహిస్తుంది,Greek,New Testament
G3955,παῤῥησιάζομαι,"πᾶς+ῥέω",,అన్ని ప్రవహిస్తుంది,Greek,New Testament
G3956,πᾶς,"πᾶς",పాస్,అన్ని,Greek,New Testament
G3957,πάσχα,"πάσχα",,పాస్కా,Greek,New Testament
G3958,πένθω,"πένθω",,విలపించు,Greek,New Testament
G3959,Πάταρα,"Πάταρα",,పతార,Greek,New Testament
G3960,πατάσσω,"παίω",,కొట్టు,Greek,New Testament
G3961,πατέω,"παίω",,కొట్టు,Greek,New Testament
G3962,πατήρ,"πατήρ",పాటేర్,తండ్రి,Greek,New Testament
G3963,Πάτμος,"Πάτμος",,పత్మొసు,Greek,New Testament
G3964,πατραλῴας,"πατήρ+μήτηρ+εἱλίσσω",,తల్లిదండ్రులు కదులుతూ ఉంటారు,Greek,New Testament
G3965,πατριά,"πατήρ",,తండ్రి,Greek,New Testament
G3966,πατριάρχης,"πατήρ+ἄρχω",,ముఖ్య పితరుడు,Greek,New Testament
G3967,πατρικός,"πατήρ",,తండ్రి,Greek,New Testament
G3968,πατρίς,"παρά+σημαίνω",,ప్రతిపాదించు,Greek,New Testament
G3969,Πατροβᾶς,"πατήρ+βίος",,తండ్రి జీవితం,Greek,New Testament
G3970,πατροπαράδοτος,"πατήρ+παρά+δίδωμι",,తండ్రి అందించాడు,Greek,New Testament
G3971,πατρῷος,"πατήρ",,తండ్రి,Greek,New Testament
G3972,Παῦλος,"Παῦλος",,పౌలు,Greek,New Testament
G3973,παύω,"παύω",,ఆపు,Greek,New Testament
G3974,Πάφος,"Πάφος",,పాఫోసు,Greek,New Testament
G3975,παχύνω,"πήγνυμι",,స్థిరంగా ఉండు,Greek,New Testament
G3976,πέδη,"πούς",,కాలు,Greek,New Testament
G3977,πεδινός,"πούς",,కాలు,Greek,New Testament
G3978,πεζεύω,"πούς",,కాలు,Greek,New Testament
G3979,πεζῇ,"πούς",,కాలు,Greek,New Testament
G3980,πειθαρχέω,"πείθω+ἄρχω",,ప్రేరేపించు,Greek,New Testament
G3981,πειθός,"πείθω",,నమ్మించు,Greek,New Testament
G3982,πείθω,"πείθω",పీథొ,ఒప్పించు,Greek,New Testament
G3983,πεινάω,"πένης",,పేద,Greek,New Testament
G3984,πεῖρα,"πέραν",,అవతల,Greek,New Testament
G3985,πειράζω,"πέραν",,అవతల,Greek,New Testament
G3986,πειρασμός,"πέραν",,అవతల,Greek,New Testament
G3987,πειράω,"πέραν",,అవతల,Greek,New Testament
G3988,πεισμονή,"πείθω",,నమ్మించు,Greek,New Testament
G3989,πέλαγος,"πέλαγος",,సముద్రం,Greek,New Testament
G3990,πελεκίζω,"πλάσσω",,రూపించు,Greek,New Testament
G3991,πέμπτος,"πέντε",,ఐదు,Greek,New Testament
G3992,πέμπω,"πέμπω",,పంపు,Greek,New Testament
G3993,πένης,"πένης",,పేద,Greek,New Testament
G3994,πενθερά,"πενθερός",,మామగారు,Greek,New Testament
G3995,πενθερός,"πενθερός",,మామగారు,Greek,New Testament
G3996,πενθέω,"πένθω",,దుఃఖించు,Greek,New Testament
G3997,πένθος,"πένθω",,దుఃఖించు,Greek,New Testament
G3998,πενιχρός,"πένης",,పేద,Greek,New Testament
G3999,πεντάκις,"πέντε",,ఐదు,Greek,New Testament
G4000,πεντακισχίλιοι,"πέντε+χίλιοι",,ఐదువేలు,Greek,New Testament
G4001,πεντακόσιοι,"πέντε+ἑκατόν",,ఐదువందలు,Greek,New Testament
G4002,πέντε,"πέντε",,ఐదు,Greek,New Testament
G4003,πεντεκαιδέκατος,"πέντε+καί+δέκα",,పదిహేను,Greek,New Testament
G4004,πεντήκοντα,"πέντε",,ఐదు,Greek,New Testament
G4005,πεντηκοστή,"πέντε",,ఐదు,Greek,New Testament
G4006,πεποίθησις,"πένθω",,దుఃఖించు,Greek,New Testament
G4007,περ,"πέραν",,అవతల,Greek,New Testament
G4008,πέραν,"πέραν",,అవతల,Greek,New Testament
G4009,πέρας,"πέραν",,అవతల,Greek,New Testament
G4010,Πέργαμος,"πύργος",,బురుజు,Greek,New Testament
G4011,Πέργη,"πύργος",,బురుజు,Greek,New Testament
G4012,περί,"πέραν",,ఆవల,Greek,New Testament
G4013,περιάγω,"πέραν+ἄγω",,దాటు,Greek,New Testament
G4014,περιαιρέω,"πέραν+αἴρω",,ఎత్తు,Greek,New Testament
G4015,περιαστράπτω,"πέραν+ἵστημι",,నిలబెట్టు,Greek,New Testament
G4016,περιβάλλω,"πέραν+βάλλω",,విసిరివేయు,Greek,New Testament
G4017,περιβλέπω,"πέραν+βλέπω",,చూడండి,Greek,New Testament
G4018,περιβόλαιον,"πέραν+βάλλω",,విసిరివేయు,Greek,New Testament
G4019,περιδέω,"πέραν+δέω",,మించి కట్టు,Greek,New Testament
G4020,περιεργάζομαι,"πέραν+ἔργον",,గొప్పపని,Greek,New Testament
G4021,περίεργος,"πέραν+ἔργον",,గొప్పపని,Greek,New Testament
G4022,περιέρχομαι,"πέραν+ἔρχομαι",,రా,Greek,New Testament
G4023,περιέχω,"πέραν+σχέω",,అధిగమించు,Greek,New Testament
G4024,περιζώννυμι,"πέραν+ζυγός",,కాడికి అవతల,Greek,New Testament
G4025,περίθεσις,"πέραν+τίθημι",,ఉంచు,Greek,New Testament
G4026,περιΐστημι,"πέραν+ἵστημι",,నిలబెట్టు,Greek,New Testament
G4027,περικάθαρμα,"πέραν+καθαρός",,పూర్తిగా శుభ్రంగా,Greek,New Testament
G4028,περικαλύπτω,"πέραν+κλέπτω+κρύπτω",,దాచి దొంగిలించు,Greek,New Testament
G4029,περίκειμαι,"πέραν+κεῖμαι",,పడుకుని ఉండు,Greek,New Testament
G4030,περικεφαλαία,"πέραν+κεφαλή",,తల మీదుగా,Greek,New Testament
G4031,περικρατής,"πέραν+κράτος",,అత్యంత శక్తి,Greek,New Testament
G4032,περικρύπτω,"πέραν+κρύπτω",,దాచు,Greek,New Testament
G4033,περικυκλόω,"πέραν+κῦμα",,ఆవల కెరటం,Greek,New Testament
G4034,περιλάμπω,"πέραν+λάμπω",,ప్రకాశించు,Greek,New Testament
G4035,περιλείπω,"πέραν+λείπω",,దాటివెళ్లు,Greek,New Testament
G4036,περίλυπος,"πέραν+λύπη",,విపరీతమైన బాధ,Greek,New Testament
G4037,περιμένω,"πέραν+μένω",,నిలువు,Greek,New Testament
G4038,πέριξ,"πέραν",,ఆవల,Greek,New Testament
G4039,περιοικέω,"πέραν+οἶκος",,ఆవల ఇల్లు,Greek,New Testament
G4040,περίοικος,"πέραν+οἶκος",,ఇంటి అవతల,Greek,New Testament
G4041,περιούσιος,"εἰμί",,నేను ఉన్నాను,Greek,New Testament
G4042,περιοχή,"πέραν+σχέω",,అవతలికి కలిగియుండు,Greek,New Testament
G4043,περιπατέω,"πέραν+παίω",పెరిపాటెఓ,నడుచు,Greek,New Testament
G4044,περιπείρω,"πέραν+πέραν",,ఒక వైపున,Greek,New Testament
G4045,περιπίπτω,"πέραν+πτάομαι",,అవతలికి జారు,Greek,New Testament
G4046,περιποιέομαι,"πέραν+ποιέω",,దాటించు,Greek,New Testament
G4047,περιποίησις,"πέραν+ποιέω",,దాటించు,Greek,New Testament
G4048,περιῤῥήγνυμι,"πέραν+κατά",,వెలుపల,Greek,New Testament
G4049,περισπάω,"πέραν+σπάω",,బయటకు లాగు,Greek,New Testament
G4050,περισσεία,"πέραν",,ఆవల,Greek,New Testament
G4051,περίσσευμα,"πέραν",,అవతల,Greek,New Testament
G4052,περισσεύω,"πέραν",,ఆవల,Greek,New Testament
G4053,περισσός,"πέραν",,అవతల,Greek,New Testament
G4054,περισσότερον,"πέραν",,ఆవల,Greek,New Testament
G4055,περισσότερος,"πέραν",,ఆవల,Greek,New Testament
G4056,περισσοτέρως,"πέραν",,ఆవల,Greek,New Testament
G4057,περισσῶς,"πέραν",,ఆవల,Greek,New Testament
G4058,περιστερά,"περιστερά",,పావురము,Greek,New Testament
G4059,περιτέμνω,"πέραν+κόπτω",,తుంచివేయు,Greek,New Testament
G4060,περιτίθημι,"πέραν+τίθημι",,వెలుపల ఉంచు,Greek,New Testament
G4061,περιτομή,"πέραν+κόπτω",,నరుకు,Greek,New Testament
G4062,περιτρέπω,"πέραν+τροπή",,తిరుగుబాటు,Greek,New Testament
G4063,περιτρέχω,"πέραν+θρίξ",,తలవెంట్రుకలు,Greek,New Testament
G4064,περιφέρω,"πέραν+φέρω",,మోయు,Greek,New Testament
G4065,περιφρονέω,"πέραν+φράσσω",,చుట్టుకొను,Greek,New Testament
G4066,περίχωρος,"πέραν+χάσμα",,లోయ,Greek,New Testament
G4067,περίψωμα,"πέραν",,ఆవల,Greek,New Testament
G4068,περπερεύομαι,"περπερεύομαι",,అహంకరించు,Greek,New Testament
G4069,Περσίς,"Περσίς",,పర్షియా,Greek,New Testament
G4070,πέρυσι,"πέραν",,ఆవల,Greek,New Testament
G4071,πετεινόν,"πτάομαι",,అర్థం తెలియదు,Greek,New Testament
G4072,πτάομαι,"πτάομαι",,అర్థం తెలియదు,Greek,New Testament
G4073,πέτρα,"Πέτρος",,పేతురు,Greek,New Testament
G4074,Πέτρος,"Πέτρος",,పేతురు,Greek,New Testament
G4075,πετρώδης,"Πέτρος+εἴδω",,అర్థం తెలియదు,Greek,New Testament
G4076,πήγανον,"πήγνυμι",,స్థాపించు,Greek,New Testament
G4077,πηγή,"πήγνυμι",,స్థాపించు,Greek,New Testament
G4078,πήγνυμι,"πήγνυμι",,స్థాపించు,Greek,New Testament
G4079,πηδάλιον,"πούς",,పాదము,Greek,New Testament
G4080,πηλίκος,"τό",,ఆ,Greek,New Testament
G4081,πηλός,"πηλός",,బురద,Greek,New Testament
G4082,πήρα,"πήρα",,సంచి,Greek,New Testament
G4083,πῆχυς,"πῆχυς",,మూర,Greek,New Testament
G4084,πιάζω,"βίος",,జీవితం,Greek,New Testament
G4085,πιέζω,"βίος",,జీవితం,Greek,New Testament
G4086,πιθανολογία,"πείθω+λέγω",,నమ్మకంగా చెప్పు,Greek,New Testament
G4087,πικραίνω,"πήγνυμι",,స్థాపించు,Greek,New Testament
G4088,πικρία,"πήγνυμι",,స్థాపించు,Greek,New Testament
G4089,πικρός,"πήγνυμι",,స్థాపించు,Greek,New Testament
G4090,πικρῶς,"πήγνυμι",,స్థాపించు,Greek,New Testament
G4091,Πιλᾶτος,"Πιλᾶτος",,పిలాతు,Greek,New Testament
G4092,πίμπρημι,"πίμπρημι",,నిప్పు పెట్టు,Greek,New Testament
G4093,πινακίδιον,"πλάσσω",,రూపుదిద్దు,Greek,New Testament
G4094,πίναξ,"πλάσσω",,రూపుదిద్దు,Greek,New Testament
G4095,πίνω,"πίνω",,త్రాగు,Greek,New Testament
G4096,πιότης,"πίνω",,త్రాగు,Greek,New Testament
G4097,πράω,"πράω",,అర్థం తెలియదు,Greek,New Testament
G4098,πέτω,"πτάομαι",,అర్థం తెలియదు,Greek,New Testament
G4099,Πισιδία,"Πισιδία",,పిసిదియ,Greek,New Testament
G4100,πιστεύω,"πείθω",పిస్టెఊఓ,నమ్ము,Greek,New Testament
G4101,πιστικός,"πείθω",,ఒప్పించు,Greek,New Testament
G4102,πίστις,"πείθω",పిస్టిస్,విశ్వాసం,Greek,New Testament
G4103,πιστός,"πείθω",పిస్టొస్,నమ్మకమైన,Greek,New Testament
G4104,πιστόω,"πείθω",,నమ్మించు,Greek,New Testament
G4105,πλανάω,"πλάνος",,మోసగాడు,Greek,New Testament
G4106,πλάνη,"πλάνος",,మోసము,Greek,New Testament
G4107,πλανήτης,"πλάνος",,తప్పుదారి,Greek,New Testament
G4108,πλάνος,"πλάνος",,తిరుగుబాటుదారుడు,Greek,New Testament
G4109,πλάξ,"πλάσσω",,రూపించు,Greek,New Testament
G4110,πλάσμα,"πλάσσω",,రూపించు,Greek,New Testament
G4111,πλάσσω,"πλάσσω",,సృష్టించు,Greek,New Testament
G4112,πλαστός,"πλάσσω",,ఏర్పరచు,Greek,New Testament
G4113,πλατεῖα,"πλάσσω",,నిర్మించు,Greek,New Testament
G4114,πλάτος,"πλάσσω",,మలచు,Greek,New Testament
G4115,πλατύνω,"πλάσσω",,చేయు,Greek,New Testament
G4116,πλατύς,"πλάσσω",,కల్పించు,Greek,New Testament
G4117,πλέγμα,"πλέκω",,అల్లు,Greek,New Testament
G4118,πλεῖστος,"πολύς",,అనేకం,Greek,New Testament
G4119,πλέον,"πολύς",,గొప్ప,Greek,New Testament
G4120,πλέκω,"πλέκω",,జడవేయు,Greek,New Testament
G4121,πλεονάζω,"πολύς",,చాలా,Greek,New Testament
G4122,πλεονεκτέω,"πολύς+σχέω",,దయగలిగియుండు,Greek,New Testament
G4123,πλεονέκτης,"πολύς+σχέω",,కరుణించు,Greek,New Testament
G4124,πλεονεξία,"πολύς+σχέω",,సహానుభూతి చూపు,Greek,New Testament
G4125,πλευρά,"πλευρά",,ప్రక్కటెముక,Greek,New Testament
G4126,πλεύω,"πλύνω",,కడుగు,Greek,New Testament
G4127,πληγή,"πλάσσω",,చేయు,Greek,New Testament
G4128,πλῆθος,"πλήθω",,నింపు,Greek,New Testament
G4129,πληθύνω,"πλήθω",,నిండు,Greek,New Testament
G4130,πλήθω,"πλήθω",,అధికమగు,Greek,New Testament
G4131,πλήκτης,"πλάσσω",,రూపించు,Greek,New Testament
G4132,πλήμμυρα,"πλήθω",,సమృద్ధిగా ఉండు,Greek,New Testament
G4133,πλήν,"πολύς",,చాలా,Greek,New Testament
G4134,πλήρης,"πλήθω",,నింపు,Greek,New Testament
G4135,πληροφορέω,"πλήθω+φέρω",,అర్థం తెలియదు,Greek,New Testament
G4136,πληροφορία,"πλήθω+φέρω",,అర్థం తెలియదు,Greek,New Testament
G4137,πληρόω,"πλήθω",ప్లేరొఓ,నింపు,Greek,New Testament
G4138,πλήρωμα,"πλήθω",,నింపు,Greek,New Testament
G4139,πλησίον,"πλησίον",,సమీపమున,Greek,New Testament
G4140,πλησμονή,"πλήθω",,నింపు,Greek,New Testament
G4141,πλήσσω,"πλάσσω",,రూపించు,Greek,New Testament
G4142,πλοιάριον,"πλύνω",,కడుగు,Greek,New Testament
G4143,πλοῖον,"πλύνω",,కడుగు,Greek,New Testament
G4144,πλόος,"πλύνω",,కడుగు,Greek,New Testament
G4145,πλούσιος,"πλήθω",,నింపు,Greek,New Testament
G4146,πλουσίως,"πλήθω",,నింపు,Greek,New Testament
G4147,πλουτέω,"πλήθω",,నింపు,Greek,New Testament
G4148,πλουτίζω,"πλήθω",,నింపు,Greek,New Testament
G4149,πλοῦτος,"πλήθω",,నింపు,Greek,New Testament
G4150,πλύνω,"πλύνω",,కడుగు,Greek,New Testament
G4151,πνεῦμα,"πνέω",ప్నూమా,ఆత్మ,Greek,New Testament
G4152,πνευματικός,"πνέω",,ఊదు,Greek,New Testament
G4153,πνευματικῶς,"πνέω",,ఊదు,Greek,New Testament
G4154,πνέω,"πνέω",,ఊదు,Greek,New Testament
G4155,πνίγω,"πνέω",,ఊదు,Greek,New Testament
G4156,πνικτός,"πνέω",,ఊదు,Greek,New Testament
G4157,πνοή,"πνέω",,ఊదు,Greek,New Testament
G4158,ποδήρης,"πούς",,కాలు,Greek,New Testament
G4159,πόθεν,"πίνω",,త్రాగు,Greek,New Testament
G4160,ποιέω,"ποιέω",పొయెఓ,చేయు,Greek,New Testament
G4161,ποίημα,"ποιέω",,చేయు,Greek,New Testament
G4162,ποίησις,"ποιέω",,చేయు,Greek,New Testament
G4163,ποιητής,"ποιέω",,చేయు,Greek,New Testament
G4164,ποικίλος,"ποικίλος",,నానావిధమైన,Greek,New Testament
G4165,ποιμαίνω,"ποιμήν",,గొఱ్ఱెల కాపరి,Greek,New Testament
G4166,ποιμήν,"ποιμήν",,గొఱ్ఱెల కాపరి,Greek,New Testament
G4167,ποίμνη,"ποιμήν",,గొర్రెల కాపరి,Greek,New Testament
G4168,ποίμνιον,"ποιμήν",,గొర్రెల కాపరి,Greek,New Testament
G4169,ποῖος,"τό+τό+τό+τό",,అర్థం తెలియదు,Greek,New Testament
G4170,πολεμέω,"πόλεμος",,యుద్ధం,Greek,New Testament
G4171,πόλεμος,"πόλεμος",,యుద్ధం,Greek,New Testament
G4172,πόλις,"πόλεμος+πολύς",పొలిస్,నగరం,Greek,New Testament
G4173,πολιτάρχης,"πόλεμος+πολύς+ἄρχω",,యుద్ధ నాయకుడు,Greek,New Testament
G4174,πολιτεία,"πόλεμος+πολύς",,అధిక యుద్ధం,Greek,New Testament
G4175,πολίτευμα,"πόλεμος+πολύς",,అధిక యుద్ధం,Greek,New Testament
G4176,πολιτεύομαι,"πόλεμος+πολύς",,అధిక యుద్ధం,Greek,New Testament
G4177,πολίτης,"πόλεμος+πολύς",,అధిక యుద్ధం,Greek,New Testament
G4178,πολλάκις,"πολύς",,అధికము,Greek,New Testament
G4179,πολλαπλασίων,"πολύς+πλέκω",,విస్తారముగా అల్లు,Greek,New Testament
G4180,πολυλογία,"πολύς+λέγω",,చాలా చెప్పు,Greek,New Testament
G4181,πολυμερῶς,"πολύς+μέρος",,చాలా భాగం,Greek,New Testament
G4182,πολυποίκιλος,"πολύς+ποικίλος",,అనేక విధాలు,Greek,New Testament
G4183,πολύς,"πολύς",పొలూస్,అనేకమైన,Greek,New Testament
G4184,πολύσπλαγχνος,"πολύς+σπλάγχνον",,అధికమైన దయ,Greek,New Testament
G4185,πολυτελής,"πολύς+τέλος",,సమాప్తం,Greek,New Testament
G4186,πολύτιμος,"πολύς+τίνω",,ప్రతీకారం తీర్చుకొను,Greek,New Testament
G4187,πολυτρόπως,"πολύς+τροπή",,చాలా మార్పు,Greek,New Testament
G4188,πόμα,"πίνω",,త్రాగు,Greek,New Testament
G4189,πονηρία,"πένης",,పేద,Greek,New Testament
G4190,πονηρός,"πένης",పొనేరొస్,చెడ్డ,Greek,New Testament
G4191,πονηρότερος,"πένης",,పేద,Greek,New Testament
G4192,πόνος,"πένης",,పేద,Greek,New Testament
G4193,Ποντικός,"Πόντος",,పొంతు,Greek,New Testament
G4194,Πόντιος,"Πόντιος",,పొంతియు,Greek,New Testament
G4195,Πόντος,"Πόντος",,పొంతు,Greek,New Testament
G4196,Πόπλιος,"Πόπλιος",,పొప్లియసు,Greek,New Testament
G4197,πορεία,"πέραν",,ఆవల,Greek,New Testament
G4198,πορεύομαι,"πέραν",,ఆవల,Greek,New Testament
G4199,πορθέω,"πορθέω",,నాశనం చేయు,Greek,New Testament
G4200,πορισμός,"πορισμός",,అర్థం తెలియదు,Greek,New Testament
G4201,Πόρκιος,"Πόρκιος",,పొర్కియొస్,Greek,New Testament
G4202,πορνεία,"πράω",,సాధువు,Greek,New Testament
G4203,πορνεύω,"πράω",,సాధువు,Greek,New Testament
G4204,πόρνη,"πράω",,సాధువు,Greek,New Testament
G4205,πόρνος,"πράω",,సాధువు,Greek,New Testament
G4206,πόῤῥω,"πρό",,గురించి,Greek,New Testament
G4207,πόῤῥωθεν,"πρό",,గురించి,Greek,New Testament
G4208,ποῤῥωτέρω,"πρό",,గురించి,Greek,New Testament
G4209,πορφύρα,"πορφύρα",,ఊదా రంగు,Greek,New Testament
G4210,πορφυροῦς,"πορφύρα",,ఊదా రంగు,Greek,New Testament
G4211,πορφυρόπωλις,"πορφύρα+πωλέω",,ధూమ్రవర్ణమును అమ్మేది,Greek,New Testament
G4212,ποσάκις,"τό",,అది,Greek,New Testament
G4213,πόσις,"πίνω",,త్రాగు,Greek,New Testament
G4214,πόσος,"τό",,అది,Greek,New Testament
G4215,ποταμός,"πίνω+πίνω",,త్రాగు త్రాగు,Greek,New Testament
G4216,ποταμοφόρητος,"πίνω+πίνω+φέρω",,త్రాగి తీసికొనివచ్చు,Greek,New Testament
G4217,ποταπός,"τό+τέ+τό",,అది మరియు అది,Greek,New Testament
G4218,ποτέ,"τό+τέ",,అదియును,Greek,New Testament
G4219,πότε,"τό+τέ",,అదియును,Greek,New Testament
G4220,πότερον,"τό",,అది,Greek,New Testament
G4221,ποτήριον,"πίνω",,త్రాగు,Greek,New Testament
G4222,ποτίζω,"πίνω",,త్రాగు,Greek,New Testament
G4223,Ποτίολοι,"Ποτίολοι",,పుతియోలి,Greek,New Testament
G4224,πότος,"πίνω",,త్రాగు,Greek,New Testament
G4225,πού,"τό",,అది,Greek,New Testament
G4226,ποῦ,"τό",,అది,Greek,New Testament
G4227,Πούδης,"Πούδης",,పూదు,Greek,New Testament
G4228,πούς,"πούς",పూస్,పాదం,Greek,New Testament
G4229,πρᾶγμα,"πράσσω",,చేయు,Greek,New Testament
G4230,πραγματεία,"πράσσω",,చేయు,Greek,New Testament
G4231,πραγματεύομαι,"πράσσω",,చేయు,Greek,New Testament
G4232,πραιτώριον,"πραιτώριον",,ప్రిటోరియం,Greek,New Testament
G4233,πράκτωρ,"πράσσω",,చేయు,Greek,New Testament
G4234,πρᾶξις,"πράσσω",,చేయు,Greek,New Testament
G4235,πρᾷος,"πραΰς",,వినయముగల,Greek,New Testament
G4236,πρᾳότης,"πραΰς",,వినయముగల,Greek,New Testament
G4237,πρασιά,"πρασιά",,కూరగాయల పాదు,Greek,New Testament
G4238,πράσσω,"πράσσω",,చేయు,Greek,New Testament
G4239,πραΰς,"πραΰς",,వినయముగల,Greek,New Testament
G4240,πραΰτης,"πραΰς",,వినయముగల,Greek,New Testament
G4241,πρέπω,"πρέπω",,తగును,Greek,New Testament
G4242,πρεσβεία,"πρεσβύτερος",,పెద్ద,Greek,New Testament
G4243,πρεσβεύω,"πρεσβύτερος",,పెద్ద,Greek,New Testament
G4244,πρεσβυτέριον,"πρεσβύτερος",,పెద్ద,Greek,New Testament
G4245,πρεσβύτερος,"πρεσβύτερος",,పెద్ద,Greek,New Testament
G4246,πρεσβύτης,"πρεσβύτερος",,పెద్ద,Greek,New Testament
G4247,πρεσβῦτις,"πρεσβύτερος",,పెద్ద,Greek,New Testament
G4248,πρηνής,"πρό",,కొరకు,Greek,New Testament
G4249,πρίζω,"πρίζω",,కోయు,Greek,New Testament
G4250,πρίν,"πρό",,కొరకు,Greek,New Testament
G4251,Πρίσκα,"Πρίσκα",,ప్రిస్కిల్లా,Greek,New Testament
G4252,Πρίσκιλλα,"Πρίσκα",,ప్రిస్కిల్లా,Greek,New Testament
G4253,πρό,"πρό",,కొరకు,Greek,New Testament
G4254,προάγω,"πρό+ἄγω",,నడిపించు,Greek,New Testament
G4255,προαιρέομαι,"πρό+αἴρω",,ఎత్తు,Greek,New Testament
G4256,προαιτιάομαι,"πρό+αἰτέω",,ముందు అడుగు,Greek,New Testament
G4257,προακούω,"πρό+ἀκούω",,వినండి,Greek,New Testament
G4258,προαμαρτάνω,"πρό+ἄν+μέρος",,అవకాశము,Greek,New Testament
G4259,προαύλιον,"πρό+ἀήρ",,గాలి,Greek,New Testament
G4260,προβαίνω,"πρό+βάσις",,ముందుకు సాగు,Greek,New Testament
G4261,προβάλλω,"πρό+βάλλω",,విసరు,Greek,New Testament
G4262,προβατικός,"πρό+βάσις",,సన్నిధానం,Greek,New Testament
G4263,πρόβατον,"πρό+βάσις",,సన్నిధానం,Greek,New Testament
G4264,προβιβάζω,"πρό+βίος",,అర్థం తెలియదు,Greek,New Testament
G4265,προβλέπω,"πρό+βλέπω",,ముందుచూచు,Greek,New Testament
G4266,προγίνομαι,"πρό+γίνομαι",,ముందుగానుండు,Greek,New Testament
G4267,προγινώσκω,"πρό+γινώσκω",,ముందుగాఎరుగు,Greek,New Testament
G4268,πρόγνωσις,"πρό+γινώσκω",,ముందుగాఎరుగు,Greek,New Testament
G4269,πρόγονος,"πρό+γίνομαι",,ముందుగానుండు,Greek,New Testament
G4270,προγράφω,"πρό+γράφω",,ముందుగావ్రాయు,Greek,New Testament
G4271,πρόδηλος,"πρό+δῆλος",,ముందుగాతెలిసిన,Greek,New Testament
G4272,προδίδωμι,"πρό+δίδωμι",,అప్పగించు,Greek,New Testament
G4273,προδότης,"πρό+δίδωμι",,అప్పగించు,Greek,New Testament
G4274,πρόδρομος,"πρό+θρίξ",,అర్థం తెలియదు,Greek,New Testament
G4275,προείδω,"πρό+εἴδω",,ముందుగాచూచు,Greek,New Testament
G4276,προελπίζω,"πρό+ἐλπίς",,పూర్వాపేక్ష,Greek,New Testament
G4277,προέπω,"πρό+ῥέω+ῥέω+φημί",,ముందుగాచెప్పు,Greek,New Testament
G4278,προενάρχομαι,"πρό+εἰς+ἐξ+ἄρχω",,ముందుగారోపించు,Greek,New Testament
G4279,προεπαγγέλλομαι,"πρό+ἐπί+ἄγω",,నడిపించు,Greek,New Testament
G4280,προερέω,"πρό+ῥέω",,ముందుగావచ్చు,Greek,New Testament
G4281,προέρχομαι,"πρό+ἔρχομαι",,ముందుగావచ్చు,Greek,New Testament
G4282,προετοιμάζω,"πρό+ἕτοιμος",,సిద్ధముగానుండు,Greek,New Testament
G4283,προευαγγελίζομαι,"πρό+εὖ+ἄγω",,ముందుగానడిపించు,Greek,New Testament
G4284,προέχομαι,"πρό+σχέω",,జాగ్రత్తపడు,Greek,New Testament
G4285,προηγέομαι,"πρό+ἄγω",,నడిపించు,Greek,New Testament
G4286,πρόθεσις,"πρό+τίθημι",,నిర్ణయించు,Greek,New Testament
G4287,προθέσμιος,"πρό+τίθημι",,నిలువబెట్టు,Greek,New Testament
G4288,προθυμία,"πρό+θύω",,బలిచేయు,Greek,New Testament
G4289,πρόθυμος,"πρό+θύω",,బలిచేయు,Greek,New Testament
G4290,προθύμως,"πρό+θύω",,బలిచేయు,Greek,New Testament
G4291,προΐστημι,"πρό+ἵστημι",,అధ్యక్షత వహించు,Greek,New Testament
G4292,προκαλέομαι,"πρό+κελεύω",,ఆజ్ఞాపించు,Greek,New Testament
G4293,προκαταγγέλλω,"πρό+κατά+ἄγω",,బలవంతముగా క్రిందికి లాగు,Greek,New Testament
G4294,προκαταρτίζω,"πρό+κατά+αἴρω+αἴρω",,అర్థం తెలియదు,Greek,New Testament
G4295,πρόκειμαι,"πρό+κεῖμαι",,ముందు ఉంచు,Greek,New Testament
G4296,προκηρύσσω,"πρό+κηρύσσω",,ముందుగా ప్రకటించు,Greek,New Testament
G4297,προκοπή,"πρό+κόπτω",,అభివృద్ధి పొందు,Greek,New Testament
G4298,προκόπτω,"πρό+κόπτω",,అభ్యంతరము కలిగించు,Greek,New Testament
G4299,πρόκριμα,"πρό+κρίνω",,ముందుగా నిర్ణయించు,Greek,New Testament
G4300,προκυρόω,"πρό+κύριος",,అర్థం తెలియదు,Greek,New Testament
G4301,προλαμβάνω,"πρό+δέχομαι",,అంగీకరించు,Greek,New Testament
G4302,προλέγω,"πρό+λέγω",,ముందుగా చెప్పు,Greek,New Testament
G4303,προμαρτύρομαι,"πρό+μάρτυς",,ముందుగా సాక్ష్యమిచ్చు,Greek,New Testament
G4304,προμελετάω,"πρό+μέλω",,శ్రద్ధ వహించు,Greek,New Testament
G4305,προμεριμνάω,"πρό+μέρος",,మొదటి భాగము,Greek,New Testament
G4306,προνοέω,"πρό+γινώσκω",,ముందుగా తెలుసుకొను,Greek,New Testament
G4307,πρόνοια,"πρό+γινώσκω",,ముందుగా ఎరుగు,Greek,New Testament
G4308,προοράω,"πρό+ὁράω",,ముందుగా చూచు,Greek,New Testament
G4309,προορίζω,"πρό+ὅριον",,సరిహద్దు,Greek,New Testament
G4310,προπάσχω,"πρό+πένθω",,ముందుగా దుఃఖించు,Greek,New Testament
G4311,προπέμπω,"πρό+πέμπω",,ముందుగా పంపు,Greek,New Testament
G4312,προπετής,"πρό+πτάομαι",,అవమానపరచు,Greek,New Testament
G4313,προπορεύομαι,"πρό+πέραν",,అర్థం తెలియదు,Greek,New Testament
G4314,πρός,"πρό",,ముందు,Greek,New Testament
G4315,προσάββατον,"πρό+σάββατον",,విశ్రాంతి దినమునకు ముందు రోజు,Greek,New Testament
G4316,προσαγορεύω,"πρό+ἐγείρω",,ముందుగా లేపు,Greek,New Testament
G4317,προσάγω,"πρό+ἄγω",,ముందు నడుపు,Greek,New Testament
G4318,προσαγωγή,"πρό+ἄγω+ἄγω",,అర్థం తెలియదు,Greek,New Testament
G4319,προσαιτέω,"πρό+αἰτέω",,మొదట అడుగు,Greek,New Testament
G4320,προσαναβαίνω,"πρό+ἀνά+βάσις",,ముందుగా ఎక్కు,Greek,New Testament
G4321,προσαναλίσκω,"πρό+ἀνά+αἴρω",,పూర్వమెత్తు,Greek,New Testament
G4322,προσαναπληρόω,"πρό+ἀνά+πλήθω",,పూర్తిచేయు,Greek,New Testament
G4323,προσανατίθημι,"πρό+ἀνά+τίθημι",,సమర్పించు,Greek,New Testament
G4324,προσαπειλέω,"πρό+ἀπειλέω",,ముందు బెదిరించు,Greek,New Testament
G4325,προσδαπανάω,"πρό+δαπάνη",,ముందు ఖర్చు,Greek,New Testament
G4326,προσδέομαι,"πρό+δέω",,అవసరం,Greek,New Testament
G4327,προσδέχομαι,"πρό+δέχομαι",,అంగీకరించు,Greek,New Testament
G4328,προσδοκάω,"πρό",,ముందు,Greek,New Testament
G4329,προσδοκία,"πρό",,ముందు,Greek,New Testament
G4330,προσεάω,"πρό+ἐάω",,మొదట అనుమతించు,Greek,New Testament
G4331,προσεγγίζω,"πρό+ἀγκάλη",,ముందరి చేయి,Greek,New Testament
G4332,προσεδρεύω,"πρό+ἑδραῖος",,స్థిరమైన,Greek,New Testament
G4333,προσεργάζομαι,"πρό+ἔργον",,మునుపటి పని,Greek,New Testament
G4334,προσέρχομαι,"πρό+ἔρχομαι",,ముందు వచ్చు,Greek,New Testament
G4335,προσευχή,"πρό+εὔχομαι",ప్రొసూకే,ప్రార్థన,Greek,New Testament
G4336,προσεύχομαι,"πρό+εὔχομαι",ప్రొసూకొమై,ప్రార్థించు,Greek,New Testament
G4337,προσέχω,"πρό+σχέω",,శ్రద్ధ వహించు,Greek,New Testament
G4338,προσηλόω,"πρό+ἧλος",,ముందు మేకు,Greek,New Testament
G4339,προσήλυτος,"πρό+ἔρχομαι",,ముందు వచ్చు,Greek,New Testament
G4340,πρόσκαιρος,"πρό+καιρός",,సమయం,Greek,New Testament
G4341,προσκαλέομαι,"πρό+κελεύω",,ముందు ఆజ్ఞాపించు,Greek,New Testament
G4342,προσκαρτερέω,"πρό+κράτος",,బలము,Greek,New Testament
G4343,προσκαρτέρησις,"πρό+κράτος",,అధికారము,Greek,New Testament
G4344,προσκεφάλαιον,"πρό+κεφαλή",,ముందు తల,Greek,New Testament
G4345,προσκληρόω,"πρό+κλάω",,ముందు విరగగొట్టు,Greek,New Testament
G4346,πρόσκλισις,"πρό+κλίνω",,వంగియుండు,Greek,New Testament
G4347,προσκολλάω,"πρό+κολλάω",,ముందు అంటుకొను,Greek,New Testament
G4348,πρόσκομμα,"πρό+κόπτω",,ముందుకు కొట్టు,Greek,New Testament
G4349,προσκοπή,"πρό+κόπτω",,ముందుకు నరుకు,Greek,New Testament
G4350,προσκόπτω,"πρό+κόπτω",,వృద్ధిపొందు,Greek,New Testament
G4351,προσκυλίω,"πρό+κῦμα+κῦμα+εἱλίσσω",,ముందు అలలు చుట్టుకొను,Greek,New Testament
G4352,προσκυνέω,"πρό+κύων",,ముందు కుక్క,Greek,New Testament
G4353,προσκυνητής,"πρό+κύων",,అర్థం తెలియదు,Greek,New Testament
G4354,προσλαλέω,"πρό+λαλέω",,ముందుగా మాట్లాడు,Greek,New Testament
G4355,προσλαμβάνω,"πρό+δέχομαι",,అంగీకరించు,Greek,New Testament
G4356,πρόσληψις,"πρό+δέχομαι",,అంగీకరించు,Greek,New Testament
G4357,προσμένω,"πρό+μένω",,ముందు ఉండు,Greek,New Testament
G4358,προσορμίζω,"πρό+ὁρμή",,ప్రేరణ,Greek,New Testament
G4359,προσοφείλω,"πρό+ὄφελος",,ఉపయోగం,Greek,New Testament
G4360,προσοχθίζω,"πρό",,ముందు,Greek,New Testament
G4361,πρόσπεινος,"πρό+πένης",,పేద,Greek,New Testament
G4362,προσπήγνυμι,"πρό+πήγνυμι",,స్థాపించు,Greek,New Testament
G4363,προσπίπτω,"πρό+πτάομαι",,అభ్యంతరకరమైన,Greek,New Testament
G4364,προσποιέομαι,"πρό+ποιέω",,కారణం చూపించు,Greek,New Testament
G4365,προσπορεύομαι,"πρό+πέραν",,ముందుగా,Greek,New Testament
G4366,προσρήγνυμι,"πρό+κατά",,వ్యతిరేకంగా,Greek,New Testament
G4367,προστάσσω,"πρό+τάσσω",,నియమించు,Greek,New Testament
G4368,προστάτις,"πρό+ἵστημι",,చేయడానికి,Greek,New Testament
G4369,προστίθημι,"πρό+τίθημι",,ముందు ఉంచు,Greek,New Testament
G4370,προστρέχω,"πρό+θρίξ",,జుట్టు,Greek,New Testament
G4371,προσφάγιον,"πρό+ἐσθίω",,పూర్వము తిను,Greek,New Testament
G4372,πρόσφατος,"πρό+σφάζω",,చంపు,Greek,New Testament
G4373,προσφάτως,"πρό+σφάζω",,చంపు,Greek,New Testament
G4374,προσφέρω,"πρό+φέρω",,తీసుకొనిరా,Greek,New Testament
G4375,προσφιλής,"πρό+φίλος",,ప్రియమైన,Greek,New Testament
G4376,προσφορά,"πρό+φέρω",,తీసుకొనిరా,Greek,New Testament
G4377,προσφωνέω,"πρό+φημί",,ప్రవచించు,Greek,New Testament
G4378,πρόσχυσις,"πρό",,ముందు,Greek,New Testament
G4379,προσψαύω,"πρό",,ముందు,Greek,New Testament
G4380,προσωποληπτέω,"πρό+ὁράω+δέχομαι",,ముందుగా చూడు మరియు అంగీకరించు,Greek,New Testament
G4381,προσωπολήπτης,"πρό+ὁράω+δέχομαι",,ముందుగా చూడు మరియు అంగీకరించు,Greek,New Testament
G4382,προσωποληψία,"πρό+ὁράω+δέχομαι",,ముందుగా చూడు మరియు అంగీకరించు,Greek,New Testament
G4383,πρόσωπον,"πρό+ὁράω",ప్రొసొపొన్,ముఖం,Greek,New Testament
G4384,προτάσσω,"πρό+τάσσω",,ముందు నియమించు,Greek,New Testament
G4385,προτείνω,"πρό",,ముందు,Greek,New Testament
G4386,πρότερον,"πρό",,ముందు,Greek,New Testament
G4387,πρότερος,"πρό",,ముందు,Greek,New Testament
G4388,προτίθεμαι,"πρό+τίθημι",,ముందు ఉంచు,Greek,New Testament
G4389,προτρέπομαι,"πρό+τροπή",,మార్పు,Greek,New Testament
G4390,προτρέχω,"πρό+θρίξ",,ముందు వెంట్రుక,Greek,New Testament
G4391,προϋπάρχω,"πρό+ὑπό+ἄρχω",,ముందస్తుగా లోబడివుండు,Greek,New Testament
G4392,πρόφασις,"πρό+φημί",,ప్రవచించు,Greek,New Testament
G4393,προφέρω,"πρό+φέρω",,తెచ్చు,Greek,New Testament
G4394,προφητεία,"πρό+φημί",,ప్రవచించు,Greek,New Testament
G4395,προφητεύω,"πρό+φημί",,ప్రవచించు,Greek,New Testament
G4396,προφήτης,"πρό+φημί",ప్రొఫేటేస్,ప్రవక్త,Greek,New Testament
G4397,προφητικός,"πρό+φημί",,ప్రవచించు,Greek,New Testament
G4398,προφῆτις,"πρό+φημί",,ప్రవచించు,Greek,New Testament
G4399,προφθάνω,"πρό+φθάνω",,ముందుగా చేరుట,Greek,New Testament
G4400,προχειρίζομαι,"πρό+χειμών+χάσμα",,చలికాలపు అగాధము,Greek,New Testament
G4401,προχειροτονέω,"πρό+χειμών+χάσμα",,చలికాలపు అగాధము,Greek,New Testament
G4402,Πρόχορος,"πρό+χορός",,నృత్య బృందము ముందు,Greek,New Testament
G4403,πρύμνα,"πρύμνα",,అర్థం తెలియదు,Greek,New Testament
G4404,πρωΐ,"πρό",ప్రొఇ,ఉదయం,Greek,New Testament
G4405,πρωΐα,"πρό",,ముందు,Greek,New Testament
G4406,πρώϊμος,"πρό",,ముందు,Greek,New Testament
G4407,πρωϊνός,"πρό",,ముందు,Greek,New Testament
G4408,πρῶρα,"πρό",,ముందు,Greek,New Testament
G4409,πρωτεύω,"πρό",,ముందు,Greek,New Testament
G4410,πρωτοκαθεδρία,"πρό+κατά+ἑδραῖος",,ముందు స్థాపించబడిన,Greek,New Testament
G4411,πρωτοκλισία,"πρό+κλίνω",,వంగియుండు,Greek,New Testament
G4412,πρῶτον,"πρό+τό",,మొదట,Greek,New Testament
G4413,πρῶτος,"πρό",,ముందు,Greek,New Testament
G4414,πρωτοστάτης,"πρό+ἵστημι",,అధ్యక్షత వహించు,Greek,New Testament
G4415,πρωτοτόκια,"πρό+τίκτω",,ముందు జన్మించిన,Greek,New Testament
G4416,πρωτότοκος,"πρό+τίκτω",,మొదట జన్మించినవాడు,Greek,New Testament
G4417,πταίω,"πτάομαι",,అర్థం తెలియదు,Greek,New Testament
G4418,πτέρνα,"πτέρνα",,మడమ,Greek,New Testament
G4419,πτερύγιον,"πτάομαι",,అర్థం తెలియదు,Greek,New Testament
G4420,πτέρυξ,"πτάομαι",,అర్థం తెలియదు,Greek,New Testament
G4421,πτηνόν,"πτάομαι",,అర్థం తెలియదు,Greek,New Testament
G4422,πτοέω,"πτάομαι+πτάομαι",,అర్థం తెలియదు,Greek,New Testament
G4423,πτόησις,"πτάομαι+πτάομαι",,అర్థం తెలియదు,Greek,New Testament
G4424,Πτολεμαΐς,"Πτολεμαΐς",,టొలెమాయిస్,Greek,New Testament
G4425,πτύον,"πτύσσω",,చుట్టు,Greek,New Testament
G4426,πτύρω,"πτύσσω+πτάομαι+πτάομαι",,అర్థం తెలియదు,Greek,New Testament
G4427,πτύσμα,"πτύσσω",,చుట్టు,Greek,New Testament
G4428,πτύσσω,"πτύσσω",,చుట్టు,Greek,New Testament
G4429,πτύω,"πτύσσω",,చుట్టు,Greek,New Testament
G4430,πτῶμα,"πτάομαι",,అర్థం తెలియదు,Greek,New Testament
G4431,πτῶσις,"πτάομαι",,అర్థం తెలియదు,Greek,New Testament
G4432,πτωχεία,"πτωχός",,పేద,Greek,New Testament
G4433,πτωχεύω,"πτωχός",,పేద,Greek,New Testament
G4434,πτωχός,"πτωχός",,పేద,Greek,New Testament
G4435,πυγμή,"πυγμή",,పిడికిలి,Greek,New Testament
G4436,Πύθων,"Πύθων",,పైథాన్,Greek,New Testament
G4437,πυκνός,"σκεῦος+σκιά+ποιέω",,అర్థం తెలియదు,Greek,New Testament
G4438,πυκτέω,"πυγμή",,పిడికిలి,Greek,New Testament
G4439,πύλη,"πύλη",,గుమ్మం,Greek,New Testament
G4440,πυλών,"πύλη",,గుమ్మం,Greek,New Testament
G4441,πυνθάνομαι,"πυνθάνομαι",,విచారించు,Greek,New Testament
G4442,πῦρ,"πῦρ",పూర్,అగ్ని,Greek,New Testament
G4443,πυρά,"πῦρ",,అగ్ని,Greek,New Testament
G4444,πύργος,"πύργος",,దుర్గం,Greek,New Testament
G4445,πυρέσσω,"πῦρ",,అగ్ని,Greek,New Testament
G4446,πυρετός,"πῦρ",,అగ్ని,Greek,New Testament
G4447,πύρινος,"πῦρ",,అగ్ని,Greek,New Testament
G4448,πυρόω,"πῦρ",,అగ్ని,Greek,New Testament
G4449,πυῤῥάζω,"πῦρ",,అగ్ని,Greek,New Testament
G4450,πυῤῥός,"πῦρ",,అగ్ని,Greek,New Testament
G4451,πύρωσις,"πῦρ",,అగ్ని,Greek,New Testament
G4452,‐πω,"τό",,అది,Greek,New Testament
G4453,πωλέω,"πωλέω",,అమ్ము,Greek,New Testament
G4454,πῶλος,"πῶλος",,గుర్రపు పిల్ల,Greek,New Testament
G4455,πώποτε,"τό+τό+τέ",,అర్థం తెలియదు,Greek,New Testament
G4456,πωρόω,"πωρόω",,కఠినపరచు,Greek,New Testament
G4457,πώρωσις,"πωρόω",,కఠినపరచు,Greek,New Testament
G4458,‐πώς,"τό",,అది,Greek,New Testament
G4459,πῶς,"τό",పొస్,ఎలా,Greek,New Testament
G4460,Ῥαάβ,"Ῥαάβ",,రాహాబు,Greek,New Testament
G4461,ῥαββί,"ῥαββί",,రబ్బీ,Greek,New Testament
G4462,ῥαββουνί,"ῥαββουνί",,రబ్బూని,Greek,New Testament
G4463,ῥαβδίζω,"ῥαπίζω",,చెంపమీద కొట్టు,Greek,New Testament
G4464,ῥάβδος,"ῥαπίζω",,చెంపమీద కొట్టు,Greek,New Testament
G4465,ῥαβδοῦχος,"ῥαπίζω+σχέω",,అర్థం తెలియదు,Greek,New Testament
G4466,Ῥαγαῦ,"Ῥαγαῦ",,రగౌ,Greek,New Testament
G4467,ῥᾳδιούργημα,"ἔργον",,పని,Greek,New Testament
G4468,ῥᾳδιουργία,"ἔργον",,పని,Greek,New Testament
G4469,ῥακά,"ῥακά",,రకా,Greek,New Testament
G4470,ῥάκος,"κατά",,క్రింద,Greek,New Testament
G4471,Ῥαμᾶ,"Ῥαμᾶ",,రామా,Greek,New Testament
G4472,ῥαντίζω,"ῥαντίζω",,చల్లు,Greek,New Testament
G4473,ῥαντισμός,"ῥαντίζω",,చల్లు,Greek,New Testament
G4474,ῥαπίζω,"ῥαπίζω",,చెంపమీద కొట్టు,Greek,New Testament
G4475,ῥάπισμα,"ῥαπίζω",,చెంపమీద కొట్టు,Greek,New Testament
G4476,ῥαφίς,"ῥαπίζω",,చెంపమీద కొట్టు,Greek,New Testament
G4477,Ῥαχάβ,"Ῥαάβ",,రాహాబు,Greek,New Testament
G4478,Ῥαχήλ,"Ῥαχήλ",,రహేలు,Greek,New Testament
G4479,Ῥεβέκκα,"Ῥεβέκκα",,రెబెక్కా,Greek,New Testament
G4480,ῥέδα,"ῥέδα",,అర్థం తెలియదు,Greek,New Testament
G4481,Ῥεμφάν,"Ῥεμφάν",,రెంఫాన్,Greek,New Testament
G4482,ῥέω,"ῥέω",,ప్రవహించు,Greek,New Testament
G4483,ἐρέω,"ῥέω",,ప్రవహించు,Greek,New Testament
G4484,Ῥήγιον,"Ῥήγιον",,రేగియోను,Greek,New Testament
G4485,ῥῆγμα,"κατά",,ప్రకారము,Greek,New Testament
G4486,ῥήσσω,"κατά",,ప్రకారము,Greek,New Testament
G4487,ῥῆμα,"ῥέω",రేమా,మాట,Greek,New Testament
G4488,Ῥησά,"Ῥησά",,రేసా,Greek,New Testament
G4489,ῥήτωρ,"ῥέω",,ప్రవహించు,Greek,New Testament
G4490,ῥητῶς,"ῥέω",,ప్రవహించు,Greek,New Testament
G4491,ῥίζα,"ῥίζα",,వేరు,Greek,New Testament
G4492,ῥιζόω,"ῥίζα",,వేరు,Greek,New Testament
G4493,ῥιπή,"ῥαπίζω",,కొట్టు,Greek,New Testament
G4494,ῥιπίζω,"ῥαπίζω",,కొట్టు,Greek,New Testament
G4495,ῥιπτέω,"ῥαπίζω",,కొట్టు,Greek,New Testament
G4496,ῥίπτω,"ῥαπίζω",,కొట్టు,Greek,New Testament
G4497,Ῥοβοάμ,"Ῥοβοάμ",,రెహబాము,Greek,New Testament
G4498,Ῥόδη,"Ῥόδη",,రోదా,Greek,New Testament
G4499,Ῥόδος,"Ῥόδος",,రోదు,Greek,New Testament
G4500,ῥοιζηδόν,"ῥοιζηδόν",,అర్థం తెలియదు,Greek,New Testament
G4501,ῥομφαία,"ῥομφαία",,ఖడ్గము,Greek,New Testament
G4502,Ῥουβήν,"Ῥουβήν",,రూబేను,Greek,New Testament
G4503,Ῥούθ,"Ῥούθ",,రూతు,Greek,New Testament
G4504,Ῥοῦφος,"Ῥοῦφος",,రూపు,Greek,New Testament
G4505,ῥύμη,"ῥέω",,ప్రవహించు,Greek,New Testament
G4506,ῥύομαι,"ῥέω",,ప్రవహించు,Greek,New Testament
G4507,ῥυπαρία,"ῥύπος",,మురికి,Greek,New Testament
G4508,ῥυπαρός,"ῥύπος",,మురికి,Greek,New Testament
G4509,ῥύπος,"ῥύπος",,మురికి,Greek,New Testament
G4510,ῥυπόω,"ῥύπος",,మాలిన్యం,Greek,New Testament
G4511,ῥύσις,"ῥέω+ῥέω",,ప్రవహించు,Greek,New Testament
G4512,ῥυτίς,"ῥέω",,ప్రవహించు,Greek,New Testament
G4513,Ῥωμαϊκός,"ῥώννυμι",,బలపరచు,Greek,New Testament
G4514,Ῥωμαῖος,"ῥώννυμι",,క్షేమముగా ఉండు,Greek,New Testament
G4515,Ῥωμαϊστί,"ῥώννυμι",,క్షేమముగా ఉండు,Greek,New Testament
G4516,Ῥώμη,"ῥώννυμι",,బలపరచు,Greek,New Testament
G4517,ῥώννυμι,"ῥώννυμι",,క్షేమముగా ఉండు,Greek,New Testament
G4518,σαβαχθάνι,"σαβαχθάνι",,సబక్తాని,Greek,New Testament
G4519,σαβαώθ,"σαβαώθ",,సైన్యముల ప్రభువు,Greek,New Testament
G4520,σαββατισμός,"σάββατον",,విశ్రాంతి దినము,Greek,New Testament
G4521,σάββατον,"σάββατον",,సబ్బాతు,Greek,New Testament
G4522,σαγήνη,"σαγήνη",,వల,Greek,New Testament
G4523,Σαδδουκαῖος,"Σαδώκ",,సాదోకు,Greek,New Testament
G4524,Σαδώκ,"Σαδώκ",,సాదోకు,Greek,New Testament
G4525,σαίνω,"σείω",,కుదుపు,Greek,New Testament
G4526,σάκκος,"σάκκος",,గోనెపట్ట,Greek,New Testament
G4527,Σαλά,"Σαλά",,షెలహు,Greek,New Testament
G4528,Σαλαθιήλ,"Σαλαθιήλ",,షెయల్తీయేలు,Greek,New Testament
G4529,Σαλαμίς,"σείω",,కదిలించు,Greek,New Testament
G4530,Σαλείμ,"σείω",,కదిలించు,Greek,New Testament
G4531,σαλεύω,"σείω",,కదిలించు,Greek,New Testament
G4532,Σαλήμ,"Σαλήμ",,షాలేము,Greek,New Testament
G4533,Σαλμών,"Σαλμών",,సల్మాను,Greek,New Testament
G4534,Σαλμώνη,"σείω",,కదిలించు,Greek,New Testament
G4535,σάλος,"σείω",,కదిలించు,Greek,New Testament
G4536,σάλπιγξ,"σείω",,కదిలించు,Greek,New Testament
G4537,σαλπίζω,"σείω",,కదిలించు,Greek,New Testament
G4538,σαλπιστής,"σείω",,కదిలించు,Greek,New Testament
G4539,Σαλώμη,"Σαλώμη",,సలోమె,Greek,New Testament
G4540,Σαμάρεια,"Σαμάρεια",,సమారియా,Greek,New Testament
G4541,Σαμαρείτης,"Σαμάρεια",,సమారియా,Greek,New Testament
G4542,Σαμαρεῖτις,"Σαμάρεια",,సమారియా,Greek,New Testament
G4543,Σαμοθρᾴκη,"Σάμος",,సమోసు,Greek,New Testament
G4544,Σάμος,"Σάμος",,సమోసు,Greek,New Testament
G4545,Σαμουήλ,"Σαμουήλ",,సమూయేలు,Greek,New Testament
G4546,Σαμψών,"Σαμψών",,షంషోను,Greek,New Testament
G4547,σανδάλιον,"σανδάλιον",,చెప్పులు,Greek,New Testament
G4548,σανίς,"σανίς",,పలక,Greek,New Testament
G4549,Σαούλ,"Σαούλ",,సౌలు,Greek,New Testament
G4550,σαπρός,"σήπω",,కుళ్లు,Greek,New Testament
G4551,Σαπφείρη,"σάπφειρος",,నీలమణి,Greek,New Testament
G4552,σάπφειρος,"σάπφειρος",,నీలమణి,Greek,New Testament
G4553,σαργάνη,"σαργάνη",,బుట్ట,Greek,New Testament
G4554,Σάρδεις,"Σάρδεις",,సార్దీస్,Greek,New Testament
G4555,σάρδινος,"σάρδιος",,రక్తవర్ణపురాయి,Greek,New Testament
G4556,σάρδιος,"σάρδιος",,రక్తవర్ణపురాయి,Greek,New Testament
G4557,σαρδόνυξ,"σάρδιος",,రక్తవర్ణపురాయి,Greek,New Testament
G4558,Σάρεπτα,"Σάρεπτα",,సరెప్తా,Greek,New Testament
G4559,σαρκικός,"αἴρω",,ఎత్తు,Greek,New Testament
G4560,σάρκινος,"αἴρω",,ఎత్తు,Greek,New Testament
G4561,σάρξ,"αἴρω",సార్క్స్,శరీరం,Greek,New Testament
G4562,Σαρούχ,"Σαρούχ",,సెరూగు,Greek,New Testament
G4563,σαρόω,"αἴρω",,ఎత్తు,Greek,New Testament
G4564,Σάῤῥα,"Σάῤῥα",,శారా,Greek,New Testament
G4565,Σάρων,"Σάρων",,షారోను,Greek,New Testament
G4566,Σατᾶν,"Σατᾶν",,సాతాను,Greek,New Testament
G4567,Σατανᾶς,"Σατανᾶς",,సాతాను,Greek,New Testament
G4568,σάτον,"σάτον",,తూమెడు,Greek,New Testament
G4569,Σαῦλος,"Σαούλ",,సౌలు,Greek,New Testament
G4570,σβέννυμι,"σβέννυμι",,ఆర్పివేయు,Greek,New Testament
G4571,σέ,"σύ",,నీవు,Greek,New Testament
G4572,σεαυτοῦ,"σύ+ἀήρ",,అర్థం తెలియదు,Greek,New Testament
G4573,σεβάζομαι,"σέβομαι",,పూజించు,Greek,New Testament
G4574,σέβασμα,"σέβομαι",,పూజించు,Greek,New Testament
G4575,σεβαστός,"σέβομαι",,పూజించు,Greek,New Testament
G4576,σέβομαι,"σέβομαι",,పూజించు,Greek,New Testament
G4577,σειρά,"αἴρω",,ఎత్తు,Greek,New Testament
G4578,σεισμός,"σείω",,ఊపు,Greek,New Testament
G4579,σείω,"σείω",,కదుపు,Greek,New Testament
G4580,Σεκοῦνδος,"Σεκοῦνδος",,సెకుందుస్,Greek,New Testament
G4581,Σελεύκεια,"Σελεύκεια",,సెల్యూకియ,Greek,New Testament
G4582,σελήνη,"αἴρω",,ఎత్తు,Greek,New Testament
G4583,σεληνιάζομαι,"αἴρω",,ఎత్తు,Greek,New Testament
G4584,Σεμεΐ,"Σεμεΐ",,షెమీ,Greek,New Testament
G4585,σεμίδαλις,"σεμίδαλις",,సన్నని గోధుమపిండి,Greek,New Testament
G4586,σεμνός,"σέβομαι",,పూజించు,Greek,New Testament
G4587,σεμνότης,"σέβομαι",,పూజించు,Greek,New Testament
G4588,Σέργιος,"Σέργιος",,సెర్గియస్,Greek,New Testament
G4589,Σήθ,"Σήθ",,షేతు,Greek,New Testament
G4590,Σήμ,"Σήμ",,షేము,Greek,New Testament
G4591,σημαίνω,"σημαίνω",,సూచించు,Greek,New Testament
G4592,σημεῖον,"σημαίνω",సేమీయొన్,సూచన,Greek,New Testament
G4593,σημειόω,"σημαίνω",,తెలుపు,Greek,New Testament
G4594,σήμερον,"τό+ὥρα+ἑδραῖος",,అనుకూల సమయం,Greek,New Testament
G4595,σήπω,"σήπω",,కుళ్లు,Greek,New Testament
G4596,σηρικός,"σηρικός",,పట్టు,Greek,New Testament
G4597,σής,"σής",,పురుగు,Greek,New Testament
G4598,σητόβρωτος,"σής+βοῦς",,గొడ్ల పురుగు,Greek,New Testament
G4599,σθενόω,"ἵστημι",,నిలుపు,Greek,New Testament
G4600,σιαγών,"σιαγών",,దవడ,Greek,New Testament
G4601,σιγάω,"σιγή",,నిశ్శబ్దము,Greek,New Testament
G4602,σιγή,"σιγή",,మౌనము,Greek,New Testament
G4603,σιδήρεος,"σίδηρος",,ఇనుము,Greek,New Testament
G4604,σίδηρος,"σίδηρος",,ఊకు,Greek,New Testament
G4605,Σιδών,"Σιδών",,సీదోను,Greek,New Testament
G4606,Σιδώνιος,"Σιδών",,సైదాను,Greek,New Testament
G4607,σικάριος,"σικάριος",,అర్థం తెలియదు,Greek,New Testament
G4608,σίκερα,"σίκερα",,మత్తు పానీయము,Greek,New Testament
G4609,Σίλας,"Σιλουανός",,సిల్వాను,Greek,New Testament
G4610,Σιλουανός,"Σιλουανός",,సిల్వాను,Greek,New Testament
G4611,Σιλωάμ,"Σιλωάμ",,సిలోయము,Greek,New Testament
G4612,σιμικίνθιον,"σιμικίνθιον",,అర్థం తెలియదు,Greek,New Testament
G4613,Σίμων,"Σίμων",,సీమోను,Greek,New Testament
G4614,Σινᾶ,"Σινᾶ",,సీనాయి,Greek,New Testament
G4615,σίναπι,"σίναπι",,ఆవాలు,Greek,New Testament
G4616,σινδών,"σινδών",,సన్నపు నారబట్ట,Greek,New Testament
G4617,σινιάζω,"σινιάζω",,జల్లెడించు,Greek,New Testament
G4618,σιτευτός,"σῖτα",,గోధుమలు,Greek,New Testament
G4619,σιτιστός,"σῖτα",,గోధుమలు,Greek,New Testament
G4620,σιτόμετρον,"σῖτα+μέτρον",,మానిక,Greek,New Testament
G4621,σῖτα,"σῖτα",,అర్థం తెలియదు,Greek,New Testament
G4622,Σιών,"Σιών",,సీయోను,Greek,New Testament
G4623,σιωπάω,"σιγή",,నిశ్శబ్దము,Greek,New Testament
G4624,σκανδαλίζω,"κάμπτω",,వంగు,Greek,New Testament
G4625,σκάνδαλον,"κάμπτω",,వంచు,Greek,New Testament
G4626,σκάπτω,"σκάπτω",,త్రవ్వు,Greek,New Testament
G4627,σκάφη,"σκάφη",,పడవ,Greek,New Testament
G4628,σκέλος,"σκέλος",,కాలు,Greek,New Testament
G4629,σκέπασμα,"σκοπός",,గురి,Greek,New Testament
G4630,Σκευᾶς,"Σκευᾶς",,స్కెవ,Greek,New Testament
G4631,σκευή,"σκεῦος",,పాత్ర,Greek,New Testament
G4632,σκεῦος,"σκεῦος",,ఉపకరణం,Greek,New Testament
G4633,σκηνή,"σκεῦος+σκιά",,అర్థం తెలియదు,Greek,New Testament
G4634,σκηνοπηγία,"σκεῦος+σκιά+πήγνυμι",,అర్థం తెలియదు,Greek,New Testament
G4635,σκηνοποιός,"σκεῦος+σκιά+ποιέω",,అర్థం తెలియదు,Greek,New Testament
G4636,σκῆνος,"σκεῦος+σκιά",,అర్థం తెలియదు,Greek,New Testament
G4637,σκηνόω,"σκεῦος+σκιά",స్కేనొఓ,నివాసమేర్పరుచు,Greek,New Testament
G4638,σκήνωμα,"σκεῦος+σκιά",,అర్థం తెలియదు,Greek,New Testament
G4639,σκιά,"σκιά",,నీడ,Greek,New Testament
G4640,σκιρτάω,"σκιρτάω",,గంతులు వేయు,Greek,New Testament
G4641,σκληροκαρδία,"σκέλος+καρδία",,అర్థం తెలియదు,Greek,New Testament
G4642,σκληρός,"σκέλος",,కాలు,Greek,New Testament
G4643,σκληρότης,"σκέλος",,కాలు,Greek,New Testament
G4644,σκληροτράχηλος,"σκέλος+θρίξ",,అర్థం తెలియదు,Greek,New Testament
G4645,σκληρύνω,"σκέλος",,కాలు,Greek,New Testament
G4646,σκολιός,"σκέλος",,కాలు,Greek,New Testament
G4647,σκόλοψ,"σκέλος+ὁράω",,అర్థం తెలియదు,Greek,New Testament
G4648,σκοπέω,"σκοπός",,గురి,Greek,New Testament
G4649,σκοπός,"σκοπός",,లక్ష్యం,Greek,New Testament
G4650,σκορπίζω,"σκοπός",,ఉద్దేశం,Greek,New Testament
G4651,σκορπίος,"σκοπός",,కాపలాదారు,Greek,New Testament
G4652,σκοτεινός,"σκιά",,నీడ,Greek,New Testament
G4653,σκοτία,"σκιά",,ఛాయ,Greek,New Testament
G4654,σκοτίζω,"σκιά",,అస్పష్టమైన ఆనవాళ్లు,Greek,New Testament
G4655,σκότος,"σκιά",,అర్థం తెలియదు,Greek,New Testament
G4656,σκοτόω,"σκιά",,ప్రతిబింబం,Greek,New Testament
G4657,σκύβαλον,"εἰς+κύων+βάλλω",,కుక్కలకి విసరడం,Greek,New Testament
G4658,Σκύθης,"Σκύθης",,సిధియన్,Greek,New Testament
G4659,σκυθρωπός,"ὁράω",,చూచు,Greek,New Testament
G4660,σκύλλω,"σκύλλω",,బాధింపబడు,Greek,New Testament
G4661,σκῦλον,"σκύλλω",,బాధించు,Greek,New Testament
G4662,σκωληκόβρωτος,"σκώληξ+βοῦς",,పురుగు+ఎద్దు,Greek,New Testament
G4663,σκώληξ,"σκώληξ",,పురుగు,Greek,New Testament
G4664,σμαράγδινος,"σμάραγδος",,పచ్చ,Greek,New Testament
G4665,σμάραγδος,"σμάραγδος",,పచ్చ,Greek,New Testament
G4666,σμύρνα,"σμύρνα",,బోళము,Greek,New Testament
G4667,Σμύρνα,"σμύρνα",,బోళము,Greek,New Testament
G4668,Σμυρναῖος,"σμύρνα",,బోళము,Greek,New Testament
G4669,σμυρνίζω,"σμύρνα",,బోళము,Greek,New Testament
G4670,Σόδομα,"Σόδομα",,సొదొమ,Greek,New Testament
G4671,σοί,"σύ",,నీవు,Greek,New Testament
G4672,Σολομών,"Σολομών",,సొలొమోను,Greek,New Testament
G4673,σορός,"σορός",,సొరోసు,Greek,New Testament
G4674,σός,"σύ",,నీవు,Greek,New Testament
G4675,σοῦ,"σύ",,నీవు,Greek,New Testament
G4676,σουδάριον,"σουδάριον",,రుమాలు,Greek,New Testament
G4677,Σουσάννα,"Σουσάννα",,సుసన్నా,Greek,New Testament
G4678,σοφία,"σοφός",సొఫియా,జ్ఞానం,Greek,New Testament
G4679,σοφίζω,"σοφός",,జ్ఞాని,Greek,New Testament
G4680,σοφός,"σοφός",,జ్ఞాని,Greek,New Testament
G4681,Σπανία,"Σπανία",,స్పెయిన్,Greek,New Testament
G4682,σπαράσσω,"σπαράσσω",,చీల్చు,Greek,New Testament
G4683,σπαργανόω,"σπαράσσω",,చీల్చు,Greek,New Testament
G4684,σπαταλάω,"σπαταλάω",,ఖర్చు చేయు,Greek,New Testament
G4685,σπάω,"σπάω",,లాగు,Greek,New Testament
G4686,σπεῖρα,"αἴρω+εἱλίσσω",,ఎత్తు+చుట్టు,Greek,New Testament
G4687,σπείρω,"σπάω",,లాగు,Greek,New Testament
G4688,σπεκουλάτωρ,"σπεκουλάτωρ",,సేవకుడు,Greek,New Testament
G4689,σπένδω,"σπένδω",,ధారపోయు,Greek,New Testament
G4690,σπέρμα,"σπάω",స్పెర్మా,సంతానం,Greek,New Testament
G4691,σπερμολόγος,"σπάω+λέγω",,బయటకులాగు+చెప్పు,Greek,New Testament
G4692,σπεύδω,"πούς",,కాలు,Greek,New Testament
G4693,σπήλαιον,"σπήλαιον",,గుహ,Greek,New Testament
G4694,σπιλάς,"σπιλάς",,మచ్చ,Greek,New Testament
G4695,σπιλόω,"σπίλος",,మచ్చ,Greek,New Testament
G4696,σπίλος,"σπίλος",,మచ్చ,Greek,New Testament
G4697,σπλαγχνίζομαι,"σπλάγχνον",,అంతరంగము,Greek,New Testament
G4698,σπλάγχνον,"σπλάγχνον",,అంతరంగము,Greek,New Testament
G4699,σπόγγος,"σπόγγος",,స్పాంజ్,Greek,New Testament
G4700,σποδός,"σποδός",,బూడిద,Greek,New Testament
G4701,σπορά,"σπάω",,లాగు,Greek,New Testament
G4702,σπόριμος,"σπάω",,లాగు,Greek,New Testament
G4703,σπόρος,"σπάω",,లాగు,Greek,New Testament
G4704,σπουδάζω,"πούς",,కాలు,Greek,New Testament
G4705,σπουδαῖος,"πούς",,కాలు,Greek,New Testament
G4706,σπουδαιότερον,"πούς",,కాలు,Greek,New Testament
G4707,σπουδαιότερος,"πούς",,కాలు,Greek,New Testament
G4708,σπουδαιοτέρως,"πούς",,కాలు,Greek,New Testament
G4709,σπουδαίως,"πούς",,కాలు,Greek,New Testament
G4710,σπουδή,"πούς",,కాలు,Greek,New Testament
G4711,σπυρίς,"σπάω",,లాగు,Greek,New Testament
G4712,στάδιος,"ἵστημι",,నిలుచు,Greek,New Testament
G4713,στάμνος,"ἵστημι",,నిలుచు,Greek,New Testament
G4714,στάσις,"ἵστημι",,నిలుచు,Greek,New Testament
G4715,στατήρ,"εὔχομαι",,ప్రార్థించు,Greek,New Testament
G4716,σταυρός,"ἵστημι",స్టాఊరొస్,సిలువ,Greek,New Testament
G4717,σταυρόω,"ἵστημι",,నిలుచు,Greek,New Testament
G4718,σταφυλή,"στέφανος",,కిరీటము,Greek,New Testament
G4719,στάχυς,"ἵστημι",,నిలుచు,Greek,New Testament
G4720,Στάχυς,"ἵστημι",,నిలుచు,Greek,New Testament
G4721,στέγη,"στέγη",,కప్పు,Greek,New Testament
G4722,στέγω,"στέγη",,కప్పు,Greek,New Testament
G4723,στείρος,"ἵστημι",,నిలుచు,Greek,New Testament
G4724,στέλλω,"ἵστημι",,నిలుచు,Greek,New Testament
G4725,στέμμα,"στέφανος",,కిరీటం,Greek,New Testament
G4726,στεναγμός,"ἵστημι",,నిలబడు,Greek,New Testament
G4727,στενάζω,"ἵστημι",,అర్థం తెలియదు,Greek,New Testament
G4728,στενός,"ἵστημι",,అర్థం తెలియదు,Greek,New Testament
G4729,στενοχωρέω,"ἵστημι+χάσμα",,అర్థం తెలియదు,Greek,New Testament
G4730,στενοχωρία,"ἵστημι+χάσμα",,చీలిక ఏర్పడుట,Greek,New Testament
G4731,στερεός,"ἵστημι",,అర్థం తెలియదు,Greek,New Testament
G4732,στερεόω,"ἵστημι",,అర్థం తెలియదు,Greek,New Testament
G4733,στερέωμα,"ἵστημι",,అర్థం తెలియదు,Greek,New Testament
G4734,Στεφανᾶς,"στέφανος",,కిరీటం,Greek,New Testament
G4735,στέφανος,"στέφανος",స్టెఫానొస్,కిరీటం,Greek,New Testament
G4736,Στέφανος,"στέφανος",,కిరీటం,Greek,New Testament
G4737,στεφανόω,"στέφανος",,కిరీటం,Greek,New Testament
G4738,στῆθος,"ἵστημι",,నిలబడు,Greek,New Testament
G4739,στήκω,"ἵστημι",,అర్థం తెలియదు,Greek,New Testament
G4740,στηριγμός,"ἵστημι+ἵστημι",,అర్థం తెలియదు,Greek,New Testament
G4741,στηρίζω,"ἵστημι+ἵστημι",,అర్థం తెలియదు,Greek,New Testament
G4742,στίγμα,"στίγμα",,ముద్ర,Greek,New Testament
G4743,στιγμή,"στίγμα",,అర్థం తెలియదు,Greek,New Testament
G4744,στίλβω,"στίλβω",,ప్రకాశించు,Greek,New Testament
G4745,στοά,"ἵστημι",,అర్థం తెలియదు,Greek,New Testament
G4746,στοιβάς,"στοιβάς",,పరుపు,Greek,New Testament
G4747,στοιχεῖον,"στοιχέω",,వరుసక్రమములో నడుచుకొను,Greek,New Testament
G4748,στοιχέω,"στοιχέω",,నడుచుకొను,Greek,New Testament
G4749,στολή,"ἵστημι",,నిలబడు,Greek,New Testament
G4750,στόμα,"κόπτω",స్టొమా,నోరు,Greek,New Testament
G4751,στόμαχος,"κόπτω",,కొట్టు,Greek,New Testament
G4752,στρατεία,"στρατιά",,సేన,Greek,New Testament
G4753,στράτευμα,"στρατιά",,సేన,Greek,New Testament
G4754,στρατεύομαι,"στρατιά",,సైన్యము,Greek,New Testament
G4755,στρατηγός,"στρατιά+ἄγω+ἄγω",,అర్థం తెలియదు,Greek,New Testament
G4756,στρατιά,"στρατιά",,సేన,Greek,New Testament
G4757,στρατιώτης,"στρατιά",,సైన్యము,Greek,New Testament
G4758,στρατολογέω,"στρατιά+λέγω",,అర్థం తెలియదు,Greek,New Testament
G4759,στρατοπεδάρχης,"στρατιά+πούς+ἄρχω",,అర్థం తెలియదు,Greek,New Testament
G4760,στρατόπεδον,"στρατιά+πούς",,సైన్యము,Greek,New Testament
G4761,στρεβλόω,"τροπή",,మార్పు,Greek,New Testament
G4762,στρέφω,"τροπή",,వంపు,Greek,New Testament
G4763,στρηνιάω,"ἵστημι",,నిలుచుట,Greek,New Testament
G4764,στρῆνος,"ἵστημι",,స్థాపించు,Greek,New Testament
G4765,στρουθίον,"στρουθίον",,పిచ్చుక,Greek,New Testament
G4766,στρωννύω,"ἵστημι",,నిలువబెట్టు,Greek,New Testament
G4767,στυγνητός,"στυγνητός",,అసహ్యించుకొనునది,Greek,New Testament
G4768,στυγνάζω,"στυγνητός",,అసహ్యమైన,Greek,New Testament
G4769,στῦλος,"ἵστημι",,నెలకొల్పు,Greek,New Testament
G4770,Στωϊκός,"ἵστημι",,స్థిరపరచు,Greek,New Testament
G4771,σύ,"σύ",,నీవు,Greek,New Testament
G4772,συγγένεια,"σύν+γίνομαι",,కలుగు,Greek,New Testament
G4773,συγγενής,"σύν+γίνομαι",,ఐక్యమగు,Greek,New Testament
G4774,συγγνώμη,"σύν+γινώσκω",,గుర్తించు,Greek,New Testament
G4775,συγκάθημαι,"σύν+κατά",,దిగజారు,Greek,New Testament
G4776,συγκαθίζω,"σύν+κατά+ἑδραῖος",,దృఢముగా వుండు,Greek,New Testament
G4777,συγκακοπαθέω,"σύν+κακός+πένθω",,దుఃఖించు,Greek,New Testament
G4778,συγκακουχέω,"σύν+κακός+σχέω",,బాధపడుట,Greek,New Testament
G4779,συγκαλέω,"σύν+κελεύω",,ఆజ్ఞాపించు,Greek,New Testament
G4780,συγκαλύπτω,"σύν+κλέπτω+κρύπτω",,దొంగతనము చేయు,Greek,New Testament
G4781,συγκάμπτω,"σύν+κάμπτω",,కూర్చుండు,Greek,New Testament
G4782,συγκαταβαίνω,"σύν+κατά+βάσις",,దిగివచ్చుట,Greek,New Testament
G4783,συγκατάθεσις,"σύν+κατά+τίθημι",,విడువకుండు,Greek,New Testament
G4784,συγκατατίθεμαι,"σύν+κατά+τίθημι",,పాటుచేయు,Greek,New Testament
G4785,συγκαταψηφίζω,"σύν+κατά+ψώχω",,రాపిడిచేయు,Greek,New Testament
G4786,συγκεράννυμι,"σύν+κεράννυμι",,కలుపు,Greek,New Testament
G4787,συγκινέω,"σπαράσσω+κινέω",,గుసగుసలాడు+కదులు,Greek,New Testament
G4788,συγκλείω,"σύν+κλείω",,కలిసి+మూసివేయి,Greek,New Testament
G4789,συγκληρονόμος,"σύν+κλάω+νόμος",,కలిసి+విచ్ఛిన్నము+ధర్మశాస్త్రం,Greek,New Testament
G4790,συγκοινωνέω,"σύν+σύν",,కలిసి+కలిసి,Greek,New Testament
G4791,συγκοινωνός,"σύν+σύν",,కలిసి+కలిసి,Greek,New Testament
G4792,συγκομίζω,"σύν+κομίζω",,కలిసి+సేకరించు,Greek,New Testament
G4793,συγκρίνω,"σύν+κρίνω",,కలిపి+తీర్పుతీర్చు,Greek,New Testament
G4794,συγκύπτω,"σύν+κῦμα",,కలిపి+తరంగం,Greek,New Testament
G4795,συγκυρία,"σύν+κύριος",,కలిపి+ప్రభువు,Greek,New Testament
G4796,συγχαίρω,"σύν+χαίρω",,కలిసి+సంతోషించు,Greek,New Testament
G4797,συγχύνω,"σύν",,కలిసి,Greek,New Testament
G4798,συγχράομαι,"σύν+χειμών+χάσμα",,కలిసి+శీతాకాలం+లోయ,Greek,New Testament
G4799,σύγχυσις,"σύν",,కలిపి,Greek,New Testament
G4800,συζάω,"σύν+ζάω",,కలిసి+జీవించు,Greek,New Testament
G4801,συζεύγνυμι,"σύν+ζυγός",,కలిసి+కాడి,Greek,New Testament
G4802,συζητέω,"σύν+ζητέω",,కలిసి+వెతకు,Greek,New Testament
G4803,συζήτησις,"σύν+ζητέω",,కలిసి+వెతకు,Greek,New Testament
G4804,συζητητής,"σύν+ζητέω",,కలిసి+వెతకు,Greek,New Testament
G4805,σύζυγος,"σύν+ζυγός",,కలిసి+కాడి,Greek,New Testament
G4806,συζωοποιέω,"σύν+ζάω+ποιέω",,కలిసి+జీవించు+చేయు,Greek,New Testament
G4807,συκάμινος,"σῦκον",,అంజూరపు పండు,Greek,New Testament
G4808,συκῆ,"σῦκον",,అంజూరపు పండు,Greek,New Testament
G4809,συκομωραία,"σῦκον",,అంజూరపు పండు,Greek,New Testament
G4810,σῦκον,"σῦκον",,అంజూరపు పండు,Greek,New Testament
G4811,συκοφαντέω,"σῦκον+φημί",,అంజూరపు పండు+అను,Greek,New Testament
G4812,συλαγωγέω,"αἴρω+σκύλλω+ἄγω",,తీసివేయు+శ్రమించు+నడుపు,Greek,New Testament
G4813,συλάω,"αἴρω+σκύλλω",,తీసివేయు+శ్రమించు,Greek,New Testament
G4814,συλλαλέω,"σύν+λαλέω",,కలిసి+మాట్లాడు,Greek,New Testament
G4815,συλλαμβάνω,"σύν+δέχομαι",,కలిసి+స్వీకరించు,Greek,New Testament
G4816,συλλέγω,"σύν+λέγω",,కలిసి+చెప్పు,Greek,New Testament
G4817,συλλογίζομαι,"σύν+λέγω",,కూర్చుకోవడం,Greek,New Testament
G4818,συλλυπέω,"σύν+λύπη",,సహదుఃఖం,Greek,New Testament
G4819,συμβαίνω,"σύν+βάσις",,కూడిక,Greek,New Testament
G4820,συμβάλλω,"σύν+βάλλω",,కలుపు,Greek,New Testament
G4821,συμβασιλεύω,"σύν+βάσις",,కూడిక,Greek,New Testament
G4822,συμβιβάζω,"σύν",,తోటి,Greek,New Testament
G4823,συμβουλεύω,"σύν+βούλομαι",,కూడుకొని ఉండు,Greek,New Testament
G4824,συμβούλιον,"σύν+βούλομαι",,కూడుకొని ఉండు,Greek,New Testament
G4825,σύμβουλος,"σύν+βούλομαι",,కూడుకొని ఉండు,Greek,New Testament
G4826,Συμεών,"Σίμων",,సైమన్,Greek,New Testament
G4827,συμμαθητής,"σύν+μανθάνω",,గ్రహించు,Greek,New Testament
G4828,συμμαρτυρέω,"σύν+μάρτυς",,సహాయకుడు,Greek,New Testament
G4829,συμμερίζομαι,"σύν+μέρος",,సహభాగం,Greek,New Testament
G4830,συμμέτοχος,"σύν+μετά+σχέω",,పంచుకోవడం,Greek,New Testament
G4831,συμμιμητής,"σύν+μιμέομαι",,అనుకరించు,Greek,New Testament
G4832,σύμμορφος,"σύν+μέρος",,పాలుపంచుకోవడం,Greek,New Testament
G4833,συμμορφόω,"σύν+μέρος",,సహభాగం,Greek,New Testament
G4834,συμπαθέω,"σύν+πένθω",,సహానుభూతి,Greek,New Testament
G4835,συμπαθής,"σύν+πένθω",,సహానుభూతి,Greek,New Testament
G4836,συμπαραγίνομαι,"σύν+παρά+γίνομαι",,కూడి ఉండు,Greek,New Testament
G4837,συμπαρακαλέω,"σύν+παρά+κελεύω",,ప్రేరేపించు,Greek,New Testament
G4838,συμπαραλαμβάνω,"σύν+παρά+δέχομαι",,ఒప్పుకొను,Greek,New Testament
G4839,συμπαραμένω,"σύν+παρά+μένω",,కలిసి ఉండు,Greek,New Testament
G4840,συμπάρειμι,"σύν+παρά+εἰμί",,కూడి ఉండు,Greek,New Testament
G4841,συμπάσχω,"σύν+πένθω",,సహానుభూతి,Greek,New Testament
G4842,συμπέμπω,"σύν+πέμπω",,కూడి పంపు,Greek,New Testament
G4843,συμπεριλαμβάνω,"σύν+πέραν+δέχομαι",,తీసుకొను,Greek,New Testament
G4844,συμπίνω,"σύν+πίνω",,కలిసి త్రాగు,Greek,New Testament
G4845,συμπληρόω,"σύν+πλήθω",,పూర్తి చేయు,Greek,New Testament
G4846,συμπνίγω,"σύν+πνέω",,కలిసి ఊపిరి పీల్చు,Greek,New Testament
G4847,συμπολίτης,"σύν+πόλεμος+πολύς",,సముదాయము,Greek,New Testament
G4848,συμπορεύομαι,"σύν+πέραν",,ఒకవైపున,Greek,New Testament
G4849,συμπόσιον,"σύν+πίνω",,కలిసి త్రాగుట,Greek,New Testament
G4850,συμπρεσβύτερος,"σύν+πρεσβύτερος",,కూడిన పెద్ద,Greek,New Testament
G4851,συμφέρω,"σύν+φέρω",,తెచ్చుటకు,Greek,New Testament
G4852,σύμφημι,"σύν+φημί",,చెప్పుటకు,Greek,New Testament
G4853,συμφυλέτης,"σύν+φύω+φύω",,వ్యవస్థాపకము,Greek,New Testament
G4854,σύμφυτος,"σύν+φύω",,కలిసి పెరగడం,Greek,New Testament
G4855,συμφύω,"σύν+φύω",,కలిసి ఉండుట,Greek,New Testament
G4856,συμφωνέω,"σύν+φημί",,గుర్తించుటకు,Greek,New Testament
G4857,συμφώνησις,"σύν+φημί",,చెప్పుటకు,Greek,New Testament
G4858,συμφωνία,"σύν+φημί",,అంగీకరించుటకు,Greek,New Testament
G4859,σύμφωνος,"σύν+φημί",,కలిసి చెప్పుట,Greek,New Testament
G4860,συμψηφίζω,"σύν+ψώχω",,కలిపి రుద్దుట,Greek,New Testament
G4861,σύμψυχος,"σύν+ψύχω",,కలిపి చల్లబరుచు,Greek,New Testament
G4862,σύν,"σύν",,కలిపి,Greek,New Testament
G4863,συνάγω,"σύν+ἄγω",,కూడుకొని నడిపించు,Greek,New Testament
G4864,συναγωγή,"σύν+ἄγω",,కలిసి నడిపించు,Greek,New Testament
G4865,συναγωνίζομαι,"σύν+ἄγω",,కూడుకొనిపోవు,Greek,New Testament
G4866,συναθλέω,"σύν+ἀθλέω",,కలిసి పోరాడు,Greek,New Testament
G4867,συναθροίζω,"σύν",,సంగము,Greek,New Testament
G4868,συναίρω,"σύν+αἴρω",,కూడి ఎత్తు,Greek,New Testament
G4869,συναιχμάλωτος,"σύν+αἴρω",,కలిపి ఎత్తు,Greek,New Testament
G4870,συνακολουθέω,"σύν+ἄν",,ఒకవేళ,Greek,New Testament
G4871,συναλίζω,"σύν",,కలిపి,Greek,New Testament
G4872,συναναβαίνω,"σύν+ἀνά+βάσις",,కలిసి ఎక్కుట,Greek,New Testament
G4873,συνανάκειμαι,"σύν+ἀνά+κεῖμαι",,కలిసి కూర్చుండుట,Greek,New Testament
G4874,συναναμίγνυμι,"σύν+ἀνά+μίγνυμι",,కలిపి కలుపు,Greek,New Testament
G4875,συναναπαύομαι,"σύν+ἀνά+παύω",,కలిపి విశ్రమించు,Greek,New Testament
G4876,συναντάω,"σύν+ἀντί",,ప్రతికూలము,Greek,New Testament
G4877,συνάντησις,"σύν+ἀντί",,సమానంగా, విరుద్ధంగా,Greek,New Testament
G4878,συναντιλαμβάνομαι,"σύν+ἀντί+δέχομαι",,సహకరించు,Greek,New Testament
G4879,συναπάγω,"σύν+ἀπό+ἄγω",,దూరం చేయు,Greek,New Testament
G4880,συναποθνήσκω,"σύν+ἀπό+θνήσκω",,కూడా చనిపోవు,Greek,New Testament
G4881,συναπόλλυμι,"σύν+ἀπό+ὄλεθρος",,నాశనమగుట, సామూహిక నాశనం,Greek,New Testament
G4882,συναποστέλλω,"σύν+ἀπό+ἵστημι",,విడిచిపెట్టు,Greek,New Testament
G4883,συναρμολογέω,"σύν+αἴρω+ἄν+λέγω",,ప్రతిపాదించు,Greek,New Testament
G4884,συναρπάζω,"σύν+αἴρω",,ఎత్తు,Greek,New Testament
G4885,συναυξάνω,"σύν+αὐξάνω",,పెరుగు,Greek,New Testament
G4886,σύνδεσμος,"σύν+δέω",,బంధించు,Greek,New Testament
G4887,συνδέω,"σύν+δέω",,కట్టు,Greek,New Testament
G4888,συνδοξάζω,"σύν+δοκέω",,సమ్మతించుట,Greek,New Testament
G4889,σύνδουλος,"σύν+δέω",,కట్టు,Greek,New Testament
G4890,συνδρομή,"σύν+θρίξ",,జుట్టు,Greek,New Testament
G4891,συνεγείρω,"σύν+ἐγείρω",,లేపు,Greek,New Testament
G4892,συνέδριον,"σύν+ἑδραῖος",,స్థిరమైన,Greek,New Testament
G4893,συνείδησις,"σύν+εἴδω",,తెలుసుకొను,Greek,New Testament
G4894,συνείδω,"σύν+εἴδω",,తెలుసుకొనుట,Greek,New Testament
G4895,σύνειμι,"σύν+εἰμί",,ఉండు,Greek,New Testament
G4896,σύνειμι,"σύν",,తోటి,Greek,New Testament
G4897,συνεισέρχομαι,"σύν+εἰς+ἔρχομαι",,కూడివచ్చు,Greek,New Testament
G4898,συνέκδημος,"σύν+ἐξ+δέω",,విడుదలచేయు,Greek,New Testament
G4899,συνεκλεκτός,"σύν+ἐξ+λέγω",,ఎన్నుకొను,Greek,New Testament
G4900,συνελαύνω,"σύν+ἐλαύνω",,నడుపు,Greek,New Testament
G4901,συνεπιμαρτυρέω,"σύν+ἐπί+μάρτυς",,సహోదరుడు,Greek,New Testament
G4902,συνέπομαι,"σύν",,తో,Greek,New Testament
G4903,συνεργέω,"σύν+ἔργον",,పని,Greek,New Testament
G4904,συνεργός,"σύν+ἔργον",,పనిచేయు,Greek,New Testament
G4905,συνέρχομαι,"σύν+ἔρχομαι",,వచ్చు,Greek,New Testament
G4906,συνεσθίω,"σύν+ἐσθίω",,కూడ భుజించు,Greek,New Testament
G4907,σύνεσις,"σύν",,అర్థం తెలియదు,Greek,New Testament
G4908,συνετός,"σύν",,అర్థం తెలియదు,Greek,New Testament
G4909,συνευδοκέω,"σύν+εὖ+δοκέω",,ఒప్పుకొను,Greek,New Testament
G4910,συνευωχέω,"σύν+εὖ+σχέω",,సహించు,Greek,New Testament
G4911,συνεφίστημι,"σύν+ἐπί+ἵστημι",,కూడుకొను,Greek,New Testament
G4912,συνέχω,"σύν+σχέω",,ఉండు,Greek,New Testament
G4913,συνήδομαι,"σύν+ἡδονή",,సంతోషం,Greek,New Testament
G4914,συνήθεια,"σύν+ἔθω",,అలవాటుపడు,Greek,New Testament
G4915,συνηλικιώτης,"σύν+ἡλίκος",,సమానుడు,Greek,New Testament
G4916,συνθάπτω,"σύν+θάπτω",,పాతిపెట్టు,Greek,New Testament
G4917,συνθλάω,"σύν",,అర్థం తెలియదు,Greek,New Testament
G4918,συνθλίβω,"σύν+θραύω+τρίζω+θραύω+τρίζω",,నులిమివేయు,Greek,New Testament
G4919,συνθρύπτω,"σύν",,అర్థం తెలియదు,Greek,New Testament
G4920,συνίημι,"σύν",,అర్థం తెలియదు,Greek,New Testament
G4921,συνίστημι,"σύν+ἵστημι",,స్థాపించు,Greek,New Testament
G4922,συνοδεύω,"σύν+ὁδός",,త్రోవ,Greek,New Testament
G4923,συνοδία,"σύν+ὁδός",,సందు,Greek,New Testament
G4924,συνοικέω,"σύν+οἶκος",,సమూహం,Greek,New Testament
G4925,συνοικοδομέω,"σύν+οἶκος+δῶμα",,ఇల్లు,Greek,New Testament
G4926,συνομιλέω,"σύν+ὁμοῦ+αἴρω",,ఎత్తు,Greek,New Testament
G4927,συνομορέω,"σύν+ὅριον",,సరిహద్దు,Greek,New Testament
G4928,συνοχή,"σύν+σχέω",,నిలుపుకొను,Greek,New Testament
G4929,συντάσσω,"σύν+τάσσω",,నియమించు,Greek,New Testament
G4930,συντέλεια,"σύν+τέλος",,నెరవేర్చు,Greek,New Testament
G4931,συντελέω,"σύν+τέλος",,సంపూర్ణము,Greek,New Testament
G4932,συντέμνω,"σύν+κόπτω",,నరుకు,Greek,New Testament
G4933,συντηρέω,"σύν+θεάομαι+ὁράω",,కనుగొను,Greek,New Testament
G4934,συντίθεμαι,"σύν+τίθημι",,ఏర్పాటుచేయు,Greek,New Testament
G4935,συντόμως,"σύν+κόπτω",,కొట్టు,Greek,New Testament
G4936,συντρέχω,"σύν+θρίξ",,జుట్టు,Greek,New Testament
G4937,συντρίβω,"σύν+θραύω+τρίζω+θραύω+τρίζω",,అర్థం తెలియదు,Greek,New Testament
G4938,σύντριμμα,"σύν+θραύω+τρίζω+θραύω+τρίζω",,అర్థం తెలియదు,Greek,New Testament
G4939,σύντροφος,"σύν+τρέφω",,కూడా పోషించు,Greek,New Testament
G4940,συντυγχάνω,"σύν+τυγχάνω",,కలియును,Greek,New Testament
G4941,Συντύχη,"σύν+τυγχάνω",,కలియును,Greek,New Testament
G4942,συνυποκρίνομαι,"σύν+ὑπό+κρίνω",,కూడ కపటము చేయు,Greek,New Testament
G4943,συνυπουργέω,"σύν+ὑπό+ἔργον",,కూడ పని చేయు,Greek,New Testament
G4944,συνωδίνω,"σύν+δῦμι",,కూడ దిగు,Greek,New Testament
G4945,συνωμοσία,"σύν+ὀμνύω",,కూడ ప్రమాణము చేయు,Greek,New Testament
G4946,Συράκουσαι,"Συράκουσαι",,సిరకూస,Greek,New Testament
G4947,Συρία,"Συρία",,సిరియ,Greek,New Testament
G4948,Σύρος,"Συρία",,సిరియ,Greek,New Testament
G4949,Συροφοίνισσα,"Συρία+φοῖνιξ",,సిరియ ఫినికే,Greek,New Testament
G4950,σύρτις,"αἴρω",,ఎత్తు,Greek,New Testament
G4951,σύρω,"αἴρω",,ఎత్తు,Greek,New Testament
G4952,συσπαράσσω,"σύν+σπαράσσω",,కూడ చీల్చు,Greek,New Testament
G4953,σύσσημον,"σύν+σημαίνω",,కూడ సూచించు,Greek,New Testament
G4954,σύσσωμος,"σύν+σώζω",,కూడ రక్షించు,Greek,New Testament
G4955,συστασιαστής,"σύν+ἵστημι",,కూడ పెట్టు,Greek,New Testament
G4956,συστατικός,"σύν+ἵστημι",,కూడ పెట్టు,Greek,New Testament
G4957,συσταυρόω,"σύν+ἵστημι",,కూడ పెట్టు,Greek,New Testament
G4958,συστέλλω,"σύν+ἵστημι",,కూడ పెట్టు,Greek,New Testament
G4959,συστενάζω,"σύν+ἵστημι",,కూడ పెట్టు,Greek,New Testament
G4960,συστοιχέω,"σύν+στοιχέω",,కూడ నడుచుకొను,Greek,New Testament
G4961,συστρατιώτης,"σύν+στρατιά",,కూడ దండు,Greek,New Testament
G4962,συστρέφω,"σύν+τροπή",,కూడ మార్చు,Greek,New Testament
G4963,συστροφή,"σύν+τροπή",,కూడ మార్చు,Greek,New Testament
G4964,συσχηματίζω,"σύν+σχέω",,కూడ పట్టుకొను,Greek,New Testament
G4965,Συχάρ,"Συχάρ",,సుఖారు,Greek,New Testament
G4966,Συχέμ,"Συχέμ",,షెకెము,Greek,New Testament
G4967,σφαγή,"σφάζω",,నరుకు, వధించు,Greek,New Testament
G4968,σφάγιον,"σφάζω",,నరుకు, వధించు,Greek,New Testament
G4969,σφάζω,"σφάζω",,నరుకు, వధించు,Greek,New Testament
G4970,σφόδρα,"σφόδρα",,మిక్కిలి,Greek,New Testament
G4971,σφοδρῶς,"σφόδρα",,మిక్కిలి,Greek,New Testament
G4972,σφραγίζω,"φράσσω",,మూయు,Greek,New Testament
G4973,σφραγίς,"φράσσω",,మూయు,Greek,New Testament
G4974,σφυρόν,"σφυρόν",,మడమ,Greek,New Testament
G4975,σχεδόν,"σχέω",,ఉండు,Greek,New Testament
G4976,σχῆμα,"σχέω",,ఉండు,Greek,New Testament
G4977,σχίζω,"σχίζω",,చీల్చు,Greek,New Testament
G4978,σχίσμα,"σχίζω",,చీల్చు,Greek,New Testament
G4979,σχοινίον,"σχοινίον",,త్రాడు,Greek,New Testament
G4980,σχολάζω,"σχέω",,ఉండు,Greek,New Testament
G4981,σχολή,"σχέω",,ఉండు,Greek,New Testament
G4982,σώζω,"σώζω",సొజొ,రక్షించు,Greek,New Testament
G4983,σῶμα,"σώζω",సొమా,శరీరం,Greek,New Testament
G4984,σωματικός,"σώζω",,రక్షించు,Greek,New Testament
G4985,σωματικῶς,"σώζω",,రక్షించు,Greek,New Testament
G4986,Σώπατρος,"σώζω+πατήρ",,రక్షించు+తండ్రి,Greek,New Testament
G4987,σωρεύω,"σορός",,సమాధి,Greek,New Testament
G4988,Σωσθένης,"σώζω+ἵστημι",,రక్షించు+నిలుపు,Greek,New Testament
G4989,Σωσίπατρος,"σώζω+πατήρ",,రక్షించు+తండ్రి,Greek,New Testament
G4990,σωτήρ,"σώζω",,రక్షించు,Greek,New Testament
G4991,σωτηρία,"σώζω",సొటేరియా,రక్షణ,Greek,New Testament
G4992,σωτήριον,"σώζω",,రక్షించు,Greek,New Testament
G4993,σωφρονέω,"σώζω+φράσσω",,రక్షించు+మూయు,Greek,New Testament
G4994,σωφρονίζω,"σώζω+φράσσω",,రక్షించు+మూయు,Greek,New Testament
G4995,σωφρονισμός,"σώζω+φράσσω",,రక్షించు+మూయు,Greek,New Testament
G4996,σωφρόνως,"σώζω+φράσσω",,రక్షించు+మూయు,Greek,New Testament
G4997,σωφροσύνη,"σώζω+φράσσω",,రక్షించు+మూయు,Greek,New Testament
G4998,σώφρων,"σώζω+φράσσω",,రక్షించు+మూయు,Greek,New Testament
G4999,Ταβέρναι,"Ταβέρναι",,తావేర్నై,Greek,New Testament
G5000,Ταβιθά,"Ταβιθά",,తబితా,Greek,New Testament
G5001,τάγμα,"τάσσω",,నియమించు,Greek,New Testament
G5002,τακτός,"τάσσω",,నియమించు,Greek,New Testament
G5003,ταλαιπωρέω,"φέρω+πέραν",,దాటుకొనిపోవు,Greek,New Testament
G5004,ταλαιπωρία,"φέρω+πέραν",,దాటుకొనిపోవు,Greek,New Testament
G5005,ταλαίπωρος,"φέρω+πέραν",,దాటుకొనిపోవు,Greek,New Testament
G5006,ταλαντιαῖος,"φέρω",,మోయు,Greek,New Testament
G5007,τάλαντον,"φέρω",,మోయు,Greek,New Testament
G5008,ταλιθά,"ταλιθά",,తలితా,Greek,New Testament
G5009,ταμεῖον,"ταμεῖον",,గది,Greek,New Testament
G5010,τάξις,"τάσσω",,నియమించు,Greek,New Testament
G5011,ταπεινός,"ταπεινός",,వినయముగల,Greek,New Testament
G5012,ταπεινοφροσύνη,"ταπεινός+φράσσω",,దీనమనస్సు,Greek,New Testament
G5013,ταπεινόω,"ταπεινός",,వినయముగల,Greek,New Testament
G5014,ταπείνωσις,"ταπεινός",,వినయముగల,Greek,New Testament
G5015,ταράσσω,"ταράσσω",,కలవరపరచు,Greek,New Testament
G5016,ταραχή,"ταράσσω",,కలవరపరచు,Greek,New Testament
G5017,τάραχος,"ταράσσω",,కలవరపరచు,Greek,New Testament
G5018,Ταρσεύς,"Ταρσός",,తార్సు,Greek,New Testament
G5019,Ταρσός,"Ταρσός",,తార్సు,Greek,New Testament
G5020,ταρταρόω,"ταρταρόω",,టార్టరసులోపడవేయు,Greek,New Testament
G5021,τάσσω,"τάσσω",,నియమించు,Greek,New Testament
G5022,ταῦρος,"ταῦρος",,ఎద్దు,Greek,New Testament
G5023,ταῦτα,"τό+ἀήρ",,గాలి,Greek,New Testament
G5024,ταὐτά,"τό+ἀήρ",,గాలి,Greek,New Testament
G5025,ταύτας,"τό+ἀήρ",,గాలి,Greek,New Testament
G5026,ταύτης,"τό+ἀήρ",,గాలి,Greek,New Testament
G5027,ταφή,"θάπτω",,పాతిపెట్టు,Greek,New Testament
G5028,τάφος,"θάπτω",,పాతిపెట్టు,Greek,New Testament
G5029,τάχα,"ταχύς",,త్వరగా,Greek,New Testament
G5030,ταχέως,"ταχύς",,త్వరగా,Greek,New Testament
G5031,ταχινός,"ταχύς",,శీఘ్రముగా,Greek,New Testament
G5032,τάχιον,"ταχύς",,వేగంగా,Greek,New Testament
G5033,τάχιστα,"ταχύς",,త్వరగా,Greek,New Testament
G5034,τάχος,"ταχύς",,త్వరగా,Greek,New Testament
G5035,ταχύ,"ταχύς",,శీఘ్రముగా,Greek,New Testament
G5036,ταχύς,"ταχύς",,త్వరగా,Greek,New Testament
G5037,τέ,"τέ",,మరియు,Greek,New Testament
G5038,τεῖχος,"τίκτω",,కను,Greek,New Testament
G5039,τεκμήριον,"τεκμήριον",,రుజువు,Greek,New Testament
G5040,τεκνίον,"τίκτω",,కను,Greek,New Testament
G5041,τεκνογονέω,"τίκτω+γίνομαι",,పుట్టు+అగు,Greek,New Testament
G5042,τεκνογονία,"τίκτω+γίνομαι",,పుట్టు+అగు,Greek,New Testament
G5043,τέκνον,"τίκτω",టెక్నొన్,బిడ్డ,Greek,New Testament
G5044,τεκνοτροφέω,"τίκτω+τρέφω",,కను+పోషించు,Greek,New Testament
G5045,τέκτων,"τίνω",,శిక్షించు,Greek,New Testament
G5046,τέλειος,"τέλος",టెలీయొస్,పరిపూర్ణుడు,Greek,New Testament
G5047,τελειότης,"τέλος",,చివరి,Greek,New Testament
G5048,τελειόω,"τέλος",టెలీయొఓ,పరిపూర్ణం చేయు,Greek,New Testament
G5049,τελείως,"τέλος",,ముగింపు,Greek,New Testament
G5050,τελείωσις,"φύω",,మొలకెత్తు,Greek,New Testament
G5051,τελειωτής,"τέλος",,ముగింపు,Greek,New Testament
G5052,τελεσφορέω,"τέλος+φέρω",,ఫలించు,Greek,New Testament
G5053,τελευτάω,"τέλος",,చివరి,Greek,New Testament
G5054,τελευτή,"τέλος",,కొన,Greek,New Testament
G5055,τελέω,"τέλος",,ముగింపు,Greek,New Testament
G5056,τέλος,"τέλος",,నెరవేర్పు,Greek,New Testament
G5057,τελώνης,"τέλος+ὠνέομαι",,సుంకము కొను,Greek,New Testament
G5058,τελώνιον,"τέλος+ὠνέομαι",,సుంకము కొను,Greek,New Testament
G5059,τέρας,"τέρας",,అద్భుతము,Greek,New Testament
G5060,Τέρτιος,"Τέρτιος",,టెర్టియస్,Greek,New Testament
G5061,Τέρτυλλος,"Τέρτυλλος",,టెర్టుల్లుస్,Greek,New Testament
G5062,τεσσαράκοντα,"τέσσαρα",,నాలుగు,Greek,New Testament
G5063,τεσσαρακονταετής,"τέσσαρα+ἔτος",,నాలుగు సంవత్సరాలు,Greek,New Testament
G5064,τέσσαρα,"τέσσαρα",,నాలుగు,Greek,New Testament
G5065,τεσσαρεσκαιδέκατος,"τέσσαρα+καί+δέκα",,పద్నాలుగు,Greek,New Testament
G5066,τεταρταῖος,"τέσσαρα",,నాలుగు,Greek,New Testament
G5067,τέταρτος,"τέσσαρα",,నాలుగు,Greek,New Testament
G5068,τετράγωνος,"τέσσαρα+γόνυ",,నాలుగు మోకాలు,Greek,New Testament
G5069,τετράδιον,"τέσσαρα",,నాలుగు,Greek,New Testament
G5070,τετρακισχίλιοι,"τέσσαρα+χίλιοι",,నాలుగు వేలు,Greek,New Testament
G5071,τετρακόσια,"τέσσαρα+ἑκατόν",,నాలుగు వందలు,Greek,New Testament
G5072,τετράμηνον,"τέσσαρα+μήν",,నాలుగు నెలలు,Greek,New Testament
G5073,τετραπλόος,"τέσσαρα+πολύς",,చాలా నాలుగు,Greek,New Testament
G5074,τετράπους,"τέσσαρα+πούς",,నాలుగు అడుగులు,Greek,New Testament
G5075,τετραρχέω,"τέσσαρα+ἄρχω",,నాలుగు ప్రారంభించు,Greek,New Testament
G5076,τετράρχης,"τέσσαρα+ἄρχω",,నాలుగు ప్రారంభించు,Greek,New Testament
G5077,τεφρόω,"τεφρόω",,బూడిద చేయు,Greek,New Testament
G5078,τέχνη,"τίκτω",,కను,Greek,New Testament
G5079,τεχνίτης,"τίκτω",,కను,Greek,New Testament
G5080,τήκω,"τήκω",,కరిగించు,Greek,New Testament
G5081,τηλαυγῶς,"τέλος+αὐγή",,అంతిమ ప్రకాశం,Greek,New Testament
G5082,τηλικαύτη,"τό+ἡλίκος+τό+ἀήρ",,గాలి పరిమాణం,Greek,New Testament
G5083,τηρέω,"θεάομαι+ὁράω",టేరెఓ,కాపాడు,Greek,New Testament
G5084,τήρησις,"θεάομαι+ὁράω",,చూడు+చూడు,Greek,New Testament
G5085,Τιβεριάς,"Τιβέριος",,టిబెరియస్,Greek,New Testament
G5086,Τιβέριος,"Τιβέριος",,టిబెరియస్,Greek,New Testament
G5087,τίθημι,"τίθημι",టిథేమి,ఉంచు,Greek,New Testament
G5088,τίκτω,"τίκτω",,కను,Greek,New Testament
G5089,τίλλω,"αἴρω+αἴρω",,ఎత్తు+ఎత్తు,Greek,New Testament
G5090,Τιμαῖος,"Τιμαῖος",,టిమెయస్,Greek,New Testament
G5091,τιμάω,"τίνω",,శిక్షించు,Greek,New Testament
G5092,τιμή,"τίνω",,శిక్షించు,Greek,New Testament
G5093,τιμιώτατος,"τίνω",,శిక్షించు,Greek,New Testament
G5094,τιμιότης,"τίνω",,శిక్షించు,Greek,New Testament
G5095,Τιμόθεος,"τίνω+θεός",,దేవుని శిక్షించు,Greek,New Testament
G5096,Τίμων,"τίνω",,శిక్షించు,Greek,New Testament
G5097,τιμωρέω,"τίνω",,చెల్లించు,Greek,New Testament
G5098,τιμωρία,"τίνω",,నష్టపరిహారం చెల్లించు,Greek,New Testament
G5099,τίνω,"τίνω",,విమోచించు,Greek,New Testament
G5100,τὶς,"τὶς",,ఎవరు,Greek,New Testament
G5101,τίς,"τὶς",,ఎవరో ఒకరు,Greek,New Testament
G5102,τίτλος,"τίτλος",,శీర్షిక,Greek,New Testament
G5103,Τίτος,"Τίτος",,తీతు,Greek,New Testament
G5104,τοί,"τό",,అది,Greek,New Testament
G5105,τοιγαροῦν,"τό+γάρ+οὖν",,కాబట్టి,Greek,New Testament
G5106,τοίνυν,"τό+νῦν",,ఇప్పుడు,Greek,New Testament
G5107,τοιόσδε,"δέ",,కానీ,Greek,New Testament
G5108,τοιοῦτος,"τό+τό+ἀήρ",,గాలి,Greek,New Testament
G5109,τοῖχος,"τίκτω",,కను,Greek,New Testament
G5110,τόκος,"τίκτω",,జన్మించు,Greek,New Testament
G5111,τολμάω,"τέλος",,అంతం,Greek,New Testament
G5112,τολμηρότερον,"τολμηρότερον",,ధైర్యంగా,Greek,New Testament
G5113,τολμητής,"τέλος",,ముగింపు,Greek,New Testament
G5114,τομώτερος,"κόπτω",,కొట్టు,Greek,New Testament
G5115,τόξον,"τίκτω",,కను,Greek,New Testament
G5116,τοπάζιον,"τοπάζιον",,పుష్యరాగం రాయి,Greek,New Testament
G5117,τόπος,"τόπος",టొపొస్,స్థలం,Greek,New Testament
G5118,τοσοῦτος,"τοσοῦτος",,అంతటి,Greek,New Testament
G5119,τότε,"τό+τό+τέ",,అప్పుడు,Greek,New Testament
G5120,τοῦ,"τό",,ఆ,Greek,New Testament
G5121,τοὐναντίον,"τό+εἰς+ἐξ+ἀντί",,దానికి వ్యతిరేకంగా,Greek,New Testament
G5122,τοὔνομα,"τό+γινώσκω+ὀνίνημι",,లాభదాయకంగా ఉండు,Greek,New Testament
G5123,τουτέστι,"τό+ἀήρ+εἰμί",,గాలి ఉండడం,Greek,New Testament
G5124,τοῦτο,"τό+ἀήρ",,గాలి,Greek,New Testament
G5125,τούτοις,"τό+ἀήρ",,గాలి,Greek,New Testament
G5126,τοῦτον,"τό+ἀήρ",,వాయువు,Greek,New Testament
G5127,τούτου,"τό+ἀήρ",,వాయువు,Greek,New Testament
G5128,τούτους,"τό+ἀήρ",,వాయువు,Greek,New Testament
G5129,τούτῳ,"τό+ἀήρ",,వాయువు,Greek,New Testament
G5130,τούτων,"τό+ἀήρ",,వాయువు,Greek,New Testament
G5131,τράγος,"θραύω+τρίζω",,పళ్ళుకొరుకు,Greek,New Testament
G5132,τράπεζα,"τέσσαρα+πούς",,నాలుగుకాళ్ళు,Greek,New Testament
G5133,τραπεζίτης,"τέσσαρα+πούς",,నాలుగుకాళ్ళు,Greek,New Testament
G5134,τραῦμα,"θραύω+τρίζω",,పళ్ళుకొరుకు,Greek,New Testament
G5135,τραυματίζω,"θραύω+τρίζω",,పళ్ళుకొరుకు,Greek,New Testament
G5136,τραχηλίζω,"θρίξ",,వెంట్రుక,Greek,New Testament
G5137,τράχηλος,"θρίξ",,వెంట్రుక,Greek,New Testament
G5138,τραχύς,"κατά",,ప్రకారం,Greek,New Testament
G5139,Τραχωνῖτις,"κατά",,ప్రకారం,Greek,New Testament
G5140,τρία,"τρία",,మూడు,Greek,New Testament
G5141,τρέμω,"τρέμω",,వణకు,Greek,New Testament
G5142,τρέφω,"τρέφω",,పోషించు,Greek,New Testament
G5143,τρέχω,"θρίξ",,వెంట్రుక,Greek,New Testament
G5144,τριάκοντα,"τρία",,మూడు,Greek,New Testament
G5145,τριακόσιοι,"τρία+ἑκατόν",,మూడువందలు,Greek,New Testament
G5146,τρίβολος,"τρία+βάλλω",,మూడువిసరు,Greek,New Testament
G5147,τρίβος,"θραύω+τρίζω+θραύω+τρίζω",,పళ్ళుకొరుకుపళ్ళుకొరుకు,Greek,New Testament
G5148,τριετία,"τρία+ἔτος",,మూడేండ్లు,Greek,New Testament
G5149,τρίζω,"τρίζω",,అర్థం తెలియదు,Greek,New Testament
G5150,τρίμηνον,"τρία+μήν",,మూడునెలలు,Greek,New Testament
G5151,τρίς,"τρία",,మూడు,Greek,New Testament
G5152,τρίστεγον,"τρία+στέγη",,మూడవఇల్లు,Greek,New Testament
G5153,τρισχίλιοι,"τρία+χίλιοι",,మూడువేలు,Greek,New Testament
G5154,τρίτος,"τρία",,మూడు,Greek,New Testament
G5155,τρίχινος,"θρίξ",,వెంట్రుక,Greek,New Testament
G5156,τρόμος,"τρέμω",,వణుకు,Greek,New Testament
G5157,τροπή,"τροπή",,మార్పు,Greek,New Testament
G5158,τρόπος,"τροπή",,మార్పు,Greek,New Testament
G5159,τροποφορέω,"τροπή+φέρω",,మార్పు తెచ్చు,Greek,New Testament
G5160,τροφή,"τρέφω",,పోషించు,Greek,New Testament
G5161,Τρόφιμος,"τρέφω",,మేపు,Greek,New Testament
G5162,τροφός,"τρέφω",,పెంచు,Greek,New Testament
G5163,τροχιά,"θρίξ",,వెంట్రుక,Greek,New Testament
G5164,τροχός,"θρίξ",,వెండ్రుక,Greek,New Testament
G5165,τρύβλιον,"τρύβλιον",,గిన్నె,Greek,New Testament
G5166,τρυγάω,"τρυγάω",,ద్రాక్షపండ్లు ఏరు,Greek,New Testament
G5167,τρυγών,"τρίζω",,కరుకుమని శబ్దముచేయు,Greek,New Testament
G5168,τρυμαλιά,"θραύω+τρίζω+θραύω+τρίζω+θραύω+τρίζω+θραύω+τρίζω",,పగులగొట్టు+కరుకుమని శబ్దముచేయు+పగులగొట్టు+కరుకుమని శబ్దముచేయు+పగులగొట్టు+కరుకుమని శబ్దముచేయు+పగులగొట్టు+కరుకుమని శబ్దముచేయు,Greek,New Testament
G5169,τρύπημα,"θραύω+τρίζω+θραύω+τρίζω+θραύω+τρίζω+θραύω+τρίζω",,పగులగొట్టు+కరుకుమని శబ్దముచేయు+పగులగొట్టు+కరుకుమని శబ్దముచేయు+పగులగొట్టు+కరుకుమని శబ్దముచేయు+పగులగొట్టు+కరుకుమని శబ్దముచేయు,Greek,New Testament
G5170,Τρύφαινα,"τρυφή",,విలాసము,Greek,New Testament
G5171,τρυφάω,"τρυφή",,భోగము,Greek,New Testament
G5172,τρυφή,"τρυφή",,సుఖము,Greek,New Testament
G5173,Τρυφῶσα,"τρυφή",,అమితానందము,Greek,New Testament
G5174,Τρωάς,"Τρωάς",,త్రోయ,Greek,New Testament
G5175,Τρωγύλλιον,"Τρωγύλλιον",,ట్రోగుల్లియన్,Greek,New Testament
G5176,τρώγω,"θραύω+τρίζω",,పగులగొట్టు+కరుకుమని శబ్దముచేయు,Greek,New Testament
G5177,τυγχάνω,"τυγχάνω",,పొందు,Greek,New Testament
G5178,τυμπανίζω,"τύπτω",,కొట్టు,Greek,New Testament
G5179,τύπος,"τύπτω",,మోయు,Greek,New Testament
G5180,τύπτω,"τύπτω",,బాదు,Greek,New Testament
G5181,Τύραννος,"κύριος",,ప్రభువు,Greek,New Testament
G5182,τυρβάζω,"θροέω",,గుంపుకూడు,Greek,New Testament
G5183,Τύριος,"Τύρος",,తూరు,Greek,New Testament
G5184,Τύρος,"Τύρος",,తూరు,Greek,New Testament
G5185,τυφλός,"τύφω",,ఉబ్బు,Greek,New Testament
G5186,τυφλόω,"τύφω",,గర్వించు,Greek,New Testament
G5187,τυφόω,"τύφω",,పొగబెట్టు,Greek,New Testament
G5188,τύφω,"τύφω",,పొగబెట్టు,Greek,New Testament
G5189,τυφωνικός,"τύφω",,గర్వించు,Greek,New Testament
G5190,Τυχικός,"τυγχάνω",,సంభవించు,Greek,New Testament
G5191,ὑακίνθινος,"ὑάκινθος",,ఇందునీలమణి,Greek,New Testament
G5192,ὑάκινθος,"ὑάκινθος",,గుభాళించు,Greek,New Testament
G5193,ὑάλινος,"ὑετός",,వాన,Greek,New Testament
G5194,ὕαλος,"ὑετός",,వాన,Greek,New Testament
G5195,ὑβρίζω,"ὑπέρ",,కొరకు,Greek,New Testament
G5196,ὕβρις,"ὑπέρ",,పైన,Greek,New Testament
G5197,ὑβριστής,"ὑπέρ",,కొరకు,Greek,New Testament
G5198,ὑγιαίνω,"αὐξάνω",,పెరుగు,Greek,New Testament
G5199,ὑγιής,"αὐξάνω",,పెంచు,Greek,New Testament
G5200,ὑγρός,"ὑετός",,వాన,Greek,New Testament
G5201,ὑδρία,"ὑετός",,వాన,Greek,New Testament
G5202,ὑδροποτέω,"ὑετός+πίνω",,వాన త్రాగు,Greek,New Testament
G5203,ὑδρωπικός,"ὑετός+ὁράω",,వాన చూడు,Greek,New Testament
G5204,ὕδατος,"ὑετός",,వాన,Greek,New Testament
G5205,ὑετός,"ὑετός",,వాన,Greek,New Testament
G5206,υἱοθεσία,"υἱός+τίθημι",,కుమారునిగా పెట్టుకొను,Greek,New Testament
G5207,υἱός,"υἱός",హూయొస్,కుమారుడు,Greek,New Testament
G5208,ὕλη,"ξέστης",,కుండ,Greek,New Testament
G5209,ὑμᾶς,"σύ",,నీవు,Greek,New Testament
G5210,ὑμεῖς,"σύ",,నీవు,Greek,New Testament
G5211,Ὑμεναῖος,"Ὑμεναῖος",,హుమెనైయుస్,Greek,New Testament
G5212,ὑμέτερος,"σύ",,నీవు,Greek,New Testament
G5213,ὑμῖν,"σύ",,నీవు,Greek,New Testament
G5214,ὑμνέω,"ὕμνος",,కీర్తన,Greek,New Testament
G5215,ὕμνος,"ὕμνος",,స్తుతి,Greek,New Testament
G5216,ὑμῶν,"σύ",,నీవు,Greek,New Testament
G5217,ὑπάγω,"ὑπό+ἄγω",,నడిపించు,Greek,New Testament
G5218,ὑπακοή,"ὑπό+ἀκούω",,విను,Greek,New Testament
G5219,ὑπακούω,"ὑπό+ἀκούω",,విను,Greek,New Testament
G5220,ὕπανδρος,"ὑπό+ὁράω",,చూడు,Greek,New Testament
G5221,ὑπαντάω,"ὑπό+ἀντί",,వ్యతిరేకం,Greek,New Testament
G5222,ὑπάντησις,"ὑπό+ἀντί",,వ్యతిరేకం,Greek,New Testament
G5223,ὕπαρξις,"ὑπό+ἄρχω",,ప్రారంభించు,Greek,New Testament
G5224,ὑπάρχοντα,"ὑπό+ἄρχω",,ప్రారంభించు,Greek,New Testament
G5225,ὑπάρχω,"ὑπό+ἄρχω",,ప్రారంభించు,Greek,New Testament
G5226,ὑπείκω,"ὑπό",,క్రింద,Greek,New Testament
G5227,ὑπεναντίος,"ὑπό+εἰς+ἐξ+ἀντί",,అర్థం తెలియదు,Greek,New Testament
G5228,ὑπέρ,"ὑπέρ",,పైన,Greek,New Testament
G5229,ὑπεραίρομαι,"ὑπέρ+αἴρω",,ఎత్తు,Greek,New Testament
G5230,ὑπέρακμος,"ὑπέρ+ἀκμήν",,అధికంగా,Greek,New Testament
G5231,ὑπεράνω,"ὑπέρ+ἀντί",,వ్యతిరేకంగా,Greek,New Testament
G5232,ὑπεραυξάνω,"ὑπέρ+αὐξάνω",,పెరుగుదల,Greek,New Testament
G5233,ὑπερβαίνω,"ὑπέρ+βάσις",,మూలం,Greek,New Testament
G5234,ὑπερβαλλόντως,"ὑπέρ+βάλλω",,మించు,Greek,New Testament
G5235,ὑπερβάλλω,"ὑπέρ+βάλλω",,మించు,Greek,New Testament
G5236,ὑπερβολή,"ὑπέρ+βάλλω",,మించు,Greek,New Testament
G5237,ὑπερείδω,"ὑπέρ+εἴδω",,తెలుసు,Greek,New Testament
G5238,ὑπερέκεινα,"ὑπέρ+ἐκεῖ",,అక్కడ,Greek,New Testament
G5239,ὑπερεκτείνω,"ὑπέρ+ἐξ",,బయట,Greek,New Testament
G5240,ὑπερεκχύνω,"ὑπέρ+ἐξ",,బయట,Greek,New Testament
G5241,ὑπερεντυγχάνω,"ὑπέρ+εἰς+ἐξ+τυγχάνω",,అర్థం తెలియదు,Greek,New Testament
G5242,ὑπερέχω,"ὑπέρ+σχέω",,రక్షించు,Greek,New Testament
G5243,ὑπερηφανία,"ὑπέρ+φημί",,చెప్పు,Greek,New Testament
G5244,ὑπερήφανος,"ὑπέρ+φημί",,చెప్పు,Greek,New Testament
G5245,ὑπερνικάω,"ὑπέρ+νίκη",,విజయం,Greek,New Testament
G5246,ὑπέρογκος,"ὑπέρ+ἀγκάλη",,కౌగిలి,Greek,New Testament
G5247,ὑπεροχή,"ὑπέρ+σχέω",,అధికముగా కలిగియుండు,Greek,New Testament
G5248,ὑπερπερισσεύω,"ὑπέρ+πέραν",,అవతలివైపున,Greek,New Testament
G5249,ὑπερπερισσῶς,"ὑπέρ+πέραν",,అవతలివైపున,Greek,New Testament
G5250,ὑπερπλεονάζω,"ὑπέρ+πολύς",,మిక్కిలి గొప్ప,Greek,New Testament
G5251,ὑπερυψόω,"ὑπέρ+ὑπέρ",,పైగా,Greek,New Testament
G5252,ὑπερφρονέω,"ὑπέρ+φράσσω",,దాచు,Greek,New Testament
G5253,ὑπερῷον,"ὑπέρ",,పైన,Greek,New Testament
G5254,ὑπέχω,"ὑπό+σχέω",,వాగ్దానము చేయు,Greek,New Testament
G5255,ὑπήκοος,"ὑπό+ἀκούω",,చెవియొగ్గి విను,Greek,New Testament
G5256,ὑπηρετέω,"ὑπό",,క్రింద,Greek,New Testament
G5257,ὑπηρέτης,"ὑπό",,వలన,Greek,New Testament
G5258,ὕπνος,"ὑπό",,ద్వారా,Greek,New Testament
G5259,ὑπό,"ὑπό",,కారణముచేత,Greek,New Testament
G5260,ὑποβάλλω,"ὑπό+βάλλω",,లోబరుచుకొను,Greek,New Testament
G5261,ὑπογραμμός,"ὑπό+γράφω",,వ్రాయు,Greek,New Testament
G5262,ὑπόδειγμα,"ὑπό+δεικνύω",,తెలియజేయు,Greek,New Testament
G5263,ὑποδείκνυμι,"ὑπό+δεικνύω",,తెలియజేయు,Greek,New Testament
G5264,ὑποδέχομαι,"ὑπό+δέχομαι",,అంగీకరించు,Greek,New Testament
G5265,ὑποδέω,"ὑπό+δέω",,అవసరమగు,Greek,New Testament
G5266,ὑπόδημα,"ὑπό+δέω",,అవసరమగు,Greek,New Testament
G5267,ὑπόδικος,"ὑπό+δεικνύω",,సూచించు,Greek,New Testament
G5268,ὑποζύγιον,"ὑπό+ζυγός",,కాడిక్రింద,Greek,New Testament
G5269,ὑποζώννυμι,"ὑπό+ζυγός",,కాడిక్రింద,Greek,New Testament
G5270,ὑποκάτω,"ὑπό+κατώτερος+κατά",,చాల తక్కువగా,Greek,New Testament
G5271,ὑποκρίνομαι,"ὑπό+κρίνω",,వేషధారణ చేయు,Greek,New Testament
G5272,ὑπόκρισις,"ὑπό+κρίνω",,నటించు,Greek,New Testament
G5273,ὑποκριτής,"ὑπό+κρίνω",,వేషధారి,Greek,New Testament
G5274,ὑπολαμβάνω,"ὑπό+δέχομαι",,చేర్చుకొను,Greek,New Testament
G5275,ὑπολείπω,"ὑπό+θρίξ+λείπω",,క్షౌరము చేయు,Greek,New Testament
G5276,ὑπολήνιον,"ὑπό+ληνός",,తొట్టి,Greek,New Testament
G5277,ὑπολιμπάνω,"ὑπό+θρίξ+λείπω",,అర్థం తెలియదు,Greek,New Testament
G5278,ὑπομένω,"ὑπό+μένω",,ఓర్చుకొను,Greek,New Testament
G5279,ὑπομιμνήσκω,"ὑπό+μένω+μασσάομαι",,అర్థం తెలియదు,Greek,New Testament
G5280,ὑπόμνησις,"ὑπό+μένω+μασσάομαι",,అర్థం తెలియదు,Greek,New Testament
G5281,ὑπομονή,"ὑπό+μένω",హూపొమొనే,సహనం,Greek,New Testament
G5282,ὑπονοέω,"ὑπό+γινώσκω",,గుర్తించు,Greek,New Testament
G5283,ὑπόνοια,"ὑπό+γινώσκω",,గుర్తించు,Greek,New Testament
G5284,ὑποπλέω,"ὑπό+πλύνω",,కడుగు,Greek,New Testament
G5285,ὑποπνέω,"ὑπό+πνέω",,మెల్లగా వీచు,Greek,New Testament
G5286,ὑποπόδιον,"ὑπό+πούς",,పాదపీఠము,Greek,New Testament
G5287,ὑπόστασις,"ὑπό+ἵστημι",,నిలుపు,Greek,New Testament
G5288,ὑποστέλλω,"ὑπό+ἵστημι",,నిలుపు,Greek,New Testament
G5289,ὑποστολή,"ὑπό+ἵστημι",,స్థాపించు,Greek,New Testament
G5290,ὑποστρέφω,"ὑπό+τροπή",,తిరుగుబాటు,Greek,New Testament
G5291,ὑποστρώννυμι,"ὑπό+ἵστημι",,నిలుపు,Greek,New Testament
G5292,ὑποταγή,"ὑπό+τάσσω",,లోబరచుకొను,Greek,New Testament
G5293,ὑποτάσσω,"ὑπό+τάσσω",,లోబరచుకొను,Greek,New Testament
G5294,ὑποτίθημι,"ὑπό+τίθημι",,పెట్టు,Greek,New Testament
G5295,ὑποτρέχω,"ὑπό+θρίξ",,వెండ్రుకలు,Greek,New Testament
G5296,ὑποτύπωσις,"ὑπό+τύπτω",,అర్థం తెలియదు,Greek,New Testament
G5297,ὑποφέρω,"ὑπό+φέρω",,సహించు,Greek,New Testament
G5298,ὑποχωρέω,"ὑπό+χάσμα",,అర్థం తెలియదు,Greek,New Testament
G5299,ὑπωπιάζω,"ὑπό+ὁράω",,చూచు,Greek,New Testament
G5300,ὗς,"ὗς",,పంది,Greek,New Testament
G5301,ὕσσωπος,"ὕσσωπος",,హిస్సోపు,Greek,New Testament
G5302,ὑστερέω,"ὑπό",,క్రింద,Greek,New Testament
G5303,ὑστέρημα,"ὑπό",,క్రింద,Greek,New Testament
G5304,ὑστέρησις,"ὑπό",,క్రింద,Greek,New Testament
G5305,ὕστερον,"ὑπό",,క్రింద,Greek,New Testament
G5306,ὕστερος,"ὑπό",,క్రింద,Greek,New Testament
G5307,ὑφαντός,"ὑφαντός",,నేసిన,Greek,New Testament
G5308,ὑψηλός,"ὑπέρ",,పైన,Greek,New Testament
G5309,ὑψηλοφρονέω,"ὑπέρ+φράσσω",,కంచెవేయు,Greek,New Testament
G5310,ὕψιστος,"ὑπέρ",,గురించి,Greek,New Testament
G5311,ὕψος,"ὑπέρ",,పైన,Greek,New Testament
G5312,ὑψόω,"ὑπέρ",,మీదుగా,Greek,New Testament
G5313,ὕψωμα,"ὑπέρ",,కొరకు,Greek,New Testament
G5314,φάγος,"ἐσθίω",,తిను,Greek,New Testament
G5315,φάγω,"ἐσθίω",,తిను,Greek,New Testament
G5316,φαίνω,"φημί",,చెప్పు,Greek,New Testament
G5317,Φάλεκ,"Φάλεκ",,పెలెగు,Greek,New Testament
G5318,φανερός,"φημί",,చెప్పుచున్నాను,Greek,New Testament
G5319,φανερόω,"φημί",,చెప్పుచున్నాను,Greek,New Testament
G5320,φανερῶς,"φημί",,చెప్పుచున్నాను,Greek,New Testament
G5321,φανέρωσις,"φημί",,చెప్పుచున్నాను,Greek,New Testament
G5322,φανός,"φημί",,చెప్పుచున్నాను,Greek,New Testament
G5323,Φανουήλ,"Φανουήλ",,ఫనూయేలు,Greek,New Testament
G5324,φαντάζω,"φημί",,చెప్పుచున్నాడు,Greek,New Testament
G5325,φαντασία,"φημί",,చెప్పుచున్నాడు,Greek,New Testament
G5326,φάντασμα,"φημί",,చెప్పెను,Greek,New Testament
G5327,φάραγξ,"πέραν+κατά",,ఎదురుగా,Greek,New Testament
G5328,Φαραώ,"Φαραώ",,ఫరో,Greek,New Testament
G5329,Φάρες,"Φάρες",,పెరెసు,Greek,New Testament
G5330,Φαρισαῖος,"Φαρισαῖος",,పరిసయ్యుడు,Greek,New Testament
G5331,φαρμακεία,"φαρμακεύς",,మంత్రకుడు,Greek,New Testament
G5332,φαρμακεύς,"φαρμακεύς",,మంత్రకుడు,Greek,New Testament
G5333,φάρμακος,"φάρμακος",,అర్థం తెలియదు,Greek,New Testament
G5334,φάσις,"φημί+φημί",,చెప్పుచున్నాను,Greek,New Testament
G5335,φάσκω,"φημί",,చెప్పుచున్నాడు,Greek,New Testament
G5336,φάτνη,"φάτνη",,தொట్టి,Greek,New Testament
G5337,φαῦλος,"φαῦλος",,చెడ్డ,Greek,New Testament
G5338,φέγγος,"φημί",,చెప్పుచున్నాను,Greek,New Testament
G5339,φείδομαι,"φείδομαι",,దయ చూపించు,Greek,New Testament
G5340,φειδομένως,"φείδομαι",,దయ చూపించు,Greek,New Testament
G5341,φελόνης,"φημί",,చెప్పుచున్నాను,Greek,New Testament
G5342,φέρω,"φέρω",ఫెరొ,తీసుకొని రా,Greek,New Testament
G5343,φεύγω,"φεύγω",,పారిపోవు,Greek,New Testament
G5344,Φῆλιξ,"Φῆλιξ",,ఫేలిక్సు,Greek,New Testament
G5345,φήμη,"φημί",,చెప్పుచున్నాను,Greek,New Testament
G5346,φημί,"φημί",,చెప్పుచున్నాను,Greek,New Testament
G5347,Φῆστος,"Φῆστος",,ఫేస్తు,Greek,New Testament
G5348,φθάνω,"φθάνω",,అందుకో,Greek,New Testament
G5349,φθαρτός,"φθείρω",,పాడుచేయు,Greek,New Testament
G5350,φθέγγομαι,"φημί+φημί",,అర్థం తెలియదు,Greek,New Testament
G5351,φθείρω,"φθείρω",,పాడుచేయు,Greek,New Testament
G5352,φθινοπωρινός,"φθινοπωρινός",,శరదృతువుకు సంబంధించిన,Greek,New Testament
G5353,φθόγγος,"φημί+φημί",,అర్థం తెలియదు,Greek,New Testament
G5354,φθονέω,"φθείρω",,పాడుచేయు,Greek,New Testament
G5355,φθόνος,"φθείρω",,పాడుచేయు,Greek,New Testament
G5356,φθορά,"φθείρω",,పాడుచేయు,Greek,New Testament
G5357,φιάλη,"φιάλη",,గిన్నె,Greek,New Testament
G5358,φιλάγαθος,"φίλος+ἀγαθός",,మంచి స్నేహితుడు,Greek,New Testament
G5359,Φιλαδέλφεια,"φίλος+ἄν",,స్నేహితుడు ఉంటే,Greek,New Testament
G5360,φιλαδελφία,"φίλος+ἄν",,స్నేహితుడు ఉంటే,Greek,New Testament
G5361,φιλάδελφος,"φίλος+ἄν",,స్నేహితుడు ఉంటే,Greek,New Testament
G5362,φίλανδρος,"φίλος+ὁράω",,స్నేహితుడిని చూడటం,Greek,New Testament
G5363,φιλανθρωπία,"φίλος+ὁράω",,స్నేహితుడిని చూడటం,Greek,New Testament
G5364,φιλανθρώπως,"φίλος+ὁράω",,స్నేహితుడిని చూడటం,Greek,New Testament
G5365,φιλαργυρία,"φίλος+ἄργυρος",,డబ్బు స్నేహితుడు,Greek,New Testament
G5366,φιλάργυρος,"φίλος+ἄργυρος",,డబ్బు స్నేహితుడు,Greek,New Testament
G5367,φίλαυτος,"φίλος+ἀήρ",,గాలి స్నేహితుడు,Greek,New Testament
G5368,φιλέω,"φίλος",,స్నేహితుడు,Greek,New Testament
G5369,φιλήδονος,"φίλος+ἡδονή",,స్నేహము+ఆనందం,Greek,New Testament
G5370,φίλημα,"φίλος",,స్నేహితుడు,Greek,New Testament
G5371,Φιλήμων,"φίλος",,స్నేహితుడు,Greek,New Testament
G5372,Φίλητος,"φίλος",,స్నేహితుడు,Greek,New Testament
G5373,φιλία,"φίλος",,స్నేహితుడు,Greek,New Testament
G5374,Φιλιππήσιος,"φίλος+ἵππος",,స్నేహితుడు+గుర్రం,Greek,New Testament
G5375,Φίλιπποι,"φίλος+ἵππος",,స్నేహితుడు+గుర్రం,Greek,New Testament
G5376,Φίλιππος,"φίλος+ἵππος",,స్నేహితుడు+గుర్రం,Greek,New Testament
G5377,φιλόθεος,"φίλος+θεός",,దేవుని స్నేహితుడు,Greek,New Testament
G5378,Φιλόλογος,"φίλος+λέγω",,స్నేహము+చెప్పు,Greek,New Testament
G5379,φιλονεικία,"φίλος+νίκη",,విజయాన్ని ప్రేమించువాడు,Greek,New Testament
G5380,φιλόνεικος,"φίλος+νίκη",,విజయాన్ని ప్రేమించువాడు,Greek,New Testament
G5381,φιλονεξία,"φίλος+ξένος",,పరదేశీయులను ప్రేమించువాడు,Greek,New Testament
G5382,φιλόξενος,"φίλος+ξένος",,పరదేశీయులను ప్రేమించువాడు,Greek,New Testament
G5383,φιλοπρωτεύω,"φίλος+πρό",,స్నేహము+ముందు,Greek,New Testament
G5384,φίλος,"φίλος",,స్నేహితుడు,Greek,New Testament
G5385,φιλοσοφία,"φίλος+σοφός",,జ్ఞానాన్ని ప్రేమించువాడు,Greek,New Testament
G5386,φιλόσοφος,"φίλος+σοφός",,జ్ఞానాన్ని ప్రేమించువాడు,Greek,New Testament
G5387,φιλόστοργος,"φίλος",,స్నేహితుడు,Greek,New Testament
G5388,φιλότεκνος,"φίλος+τίκτω",,స్నేహము+పుట్టించు,Greek,New Testament
G5389,φιλοτιμέομαι,"φίλος+τίνω",,స్నేహము+శిక్షించు,Greek,New Testament
G5390,φιλοφρόνως,"φίλος+φράσσω",,స్నేహము+కంచె వేయు,Greek,New Testament
G5391,φιλόφρων,"φίλος+φράσσω",,స్నేహము+కంచె వేయు,Greek,New Testament
G5392,φιμόω,"φιμόω",,మూగచేయు,Greek,New Testament
G5393,Φλέγων,"φλόξ",,జ్వాల,Greek,New Testament
G5394,φλογίζω,"φλόξ",,జ్వాల,Greek,New Testament
G5395,φλόξ,"φλόξ",,జ్వాల,Greek,New Testament
G5396,φλυαρέω,"φλύαρος",,వదరుబోతు,Greek,New Testament
G5397,φλύαρος,"φλύαρος",,వదరుబోతు,Greek,New Testament
G5398,φοβερός,"φόβος",,భయము,Greek,New Testament
G5399,φοβέω,"φόβος",,భయం,Greek,New Testament
G5400,φόβητρον,"φόβος",,గౌరవభయం,Greek,New Testament
G5401,φόβος,"φόβος",,భయం,Greek,New Testament
G5402,Φοίβη,"Φοίβη",,ఫోయిబీ,Greek,New Testament
G5403,Φοινίκη,"φοῖνιξ",,ఖర్జూరం చెట్టు,Greek,New Testament
G5404,φοῖνιξ,"φοῖνιξ",,ఖర్జూరం చెట్టు,Greek,New Testament
G5405,Φοῖνιξ,"φοῖνιξ",,ఫోనిక్స్,Greek,New Testament
G5406,φονεύς,"φόνος",,హత్య,Greek,New Testament
G5407,φονεύω,"φόνος",,హత్య,Greek,New Testament
G5408,φόνος,"φόνος",,హత్య,Greek,New Testament
G5409,φορέω,"φέρω",,మోయుట,Greek,New Testament
G5410,Φόρον,"Φόρον",,ఫోరోను,Greek,New Testament
G5411,φόρος,"φέρω",,మోయుట,Greek,New Testament
G5412,φορτίζω,"φέρω",,తీసుకొనివెళ్ళు,Greek,New Testament
G5413,φορτίον,"φέρω",,తెచ్చుట,Greek,New Testament
G5414,φόρτος,"φέρω",,ఫలించు,Greek,New Testament
G5415,Φορτουνᾶτος,"Φορτουνᾶτος",,ఫోర్టునాటస్,Greek,New Testament
G5416,φραγέλλιον,"φραγελλόω",,కొరడాతో కొట్టు,Greek,New Testament
G5417,φραγελλόω,"φραγελλόω",,కొరడాతో కొట్టు,Greek,New Testament
G5418,φραγμός,"φράσσω",,మూసివేయు,Greek,New Testament
G5419,φράζω,"φράσσω",,మూసివేయు,Greek,New Testament
G5420,φράσσω,"φράσσω",,మూసివేయు,Greek,New Testament
G5421,φρέαρ,"φρέαρ",,నూతి,Greek,New Testament
G5422,φρεναπατάω,"φράσσω+ἀπατάω",,మోసగించు+మూసివేయు,Greek,New Testament
G5423,φρεναπάτης,"φράσσω+ἀπατάω",,మోసగించు+మూసివేయు,Greek,New Testament
G5424,φρήν,"φράσσω",,మూసివేయు,Greek,New Testament
G5425,φρίσσω,"φρίσσω",,వణకు,Greek,New Testament
G5426,φρονέω,"φράσσω",,మూసివేయు,Greek,New Testament
G5427,φρόνημα,"φράσσω",,మూసివేయు,Greek,New Testament
G5428,φρόνησις,"φράσσω",,మూసివేయు,Greek,New Testament
G5429,φρόνιμος,"φράσσω",,అర్థం తెలియదు,Greek,New Testament
G5430,φρονίμως,"φράσσω",,అర్థం తెలియదు,Greek,New Testament
G5431,φροντίζω,"φράσσω",,అర్థం తెలియదు,Greek,New Testament
G5432,φρουρέω,"πρό+ὁράω",,ముందుగా చూడండి,Greek,New Testament
G5433,φρυάσσω,"βρύω+βρύχω",,అర్థం తెలియదు,Greek,New Testament
G5434,φρύγανον,"φλόξ",,జ్వాల(జ్వాల),Greek,New Testament
G5435,Φρυγία,"Φρυγία",,ఫ్రుగియ,Greek,New Testament
G5436,Φύγελλος,"φεύγω",,పారిపోవు,Greek,New Testament
G5437,φυγή,"φεύγω",,పారిపోవు,Greek,New Testament
G5438,φυλακή,"φύω+φύω",,అర్థం తెలియదు,Greek,New Testament
G5439,φυλακίζω,"φύω+φύω",,అర్థం తెలియదు,Greek,New Testament
G5440,φυλακτήριον,"φύω+φύω",,అర్థం తెలియదు,Greek,New Testament
G5441,φύλαξ,"φύω+φύω",,అర్థం తెలియదు,Greek,New Testament
G5442,φυλάσσω,"φύω+φύω",,అర్థం తెలియదు,Greek,New Testament
G5443,φυλή,"φύω+φύω",,అర్థం తెలియదు,Greek,New Testament
G5444,φύλλον,"φύω",,పెరుగుతాయి,Greek,New Testament
G5445,φύραμα,"φύραμα",,ముద్ద,Greek,New Testament
G5446,φυσικός,"φύω",,పెరుగుతాయి,Greek,New Testament
G5447,φυσικῶς,"φύω",,పెరుగుతాయి,Greek,New Testament
G5448,φυσιόω,"φύω",,పెరుగుతాయి,Greek,New Testament
G5449,φύσις,"φύω",,పెరుగుతాయి,Greek,New Testament
G5450,φυσίωσις,"φύω",,పెరుగుతాయి,Greek,New Testament
G5451,φυτεία,"φύω",,పెరుగుతాయి,Greek,New Testament
G5452,φυτεύω,"φύω",,పెరుగుతాయి,Greek,New Testament
G5453,φύω,"φύω",,పెరుగుతాయి,Greek,New Testament
G5454,φωλεός,"φωλεός",,గుహ,Greek,New Testament
G5455,φωνέω,"φημί",,చెప్పండి,Greek,New Testament
G5456,φωνή,"φημί",ఫొనే,స్వరం,Greek,New Testament
G5457,φῶς,"φημί",ఫొస్,వెలుగు,Greek,New Testament
G5458,φωστήρ,"φημί",,చెప్పండి,Greek,New Testament
G5459,φωσφόρος,"φημί+φέρω",,అర్థం తెలియదు,Greek,New Testament
G5460,φωτεινός,"φημί",,చెప్పండి,Greek,New Testament
G5461,φωτίζω,"φημί",,చెప్పును,Greek,New Testament
G5462,φωτισμός,"φημί",,చెప్పును,Greek,New Testament
G5463,χαίρω,"χαίρω",కైరొ,సంతోషించు,Greek,New Testament
G5464,χάλαζα,"χάσμα",,లోయ,Greek,New Testament
G5465,χαλάω,"χάσμα",,లోయ,Greek,New Testament
G5466,Χαλδαῖος,"Χαλδαῖος",,కల్దీయుడు,Greek,New Testament
G5467,χαλεπός,"χάσμα",,లోయ,Greek,New Testament
G5468,χαλιναγωγέω,"χάσμα+ἄγω",,లోయను తీసుకెళ్లు,Greek,New Testament
G5469,χαλινός,"χάσμα",,లోయ,Greek,New Testament
G5470,χάλκεος,"χάσμα",,లోయ,Greek,New Testament
G5471,χαλκεύς,"χάσμα",,లోయ,Greek,New Testament
G5472,χαλκηδών,"χάσμα+εἴδω",,లోయను చూడు,Greek,New Testament
G5473,χαλκίον,"χάσμα",,లోయ,Greek,New Testament
G5474,χαλκολίβανον,"χάσμα+λίβανος",,లోయ + లెబానోను,Greek,New Testament
G5475,χαλκός,"χάσμα",,లోయ,Greek,New Testament
G5476,χαμαί,"χάσμα",,లోయ,Greek,New Testament
G5477,Χαναάν,"Χαναάν",,కనాను,Greek,New Testament
G5478,Χανααναῖος,"Χαναάν",,కనాను,Greek,New Testament
G5479,χαρά,"χαίρω",కారా,సంతోషం,Greek,New Testament
G5480,χάραγμα,"γράφω",,వ్రాయు,Greek,New Testament
G5481,χαρακτήρ,"γράφω",,వ్రాయు,Greek,New Testament
G5482,χάραξ,"γράφω",,వ్రాయు,Greek,New Testament
G5483,χαρίζομαι,"χαίρω",,సంతోషించు,Greek,New Testament
G5484,χάριν,"χαίρω",,సంతోషించు,Greek,New Testament
G5485,χάρις,"χαίρω",కారిస్,కృప,Greek,New Testament
G5486,χάρισμα,"χαίρω",,సంతోషించు,Greek,New Testament
G5487,χαριτόω,"χαίρω",,సంతోషించు,Greek,New Testament
G5488,Χαῤῥάν,"Χαῤῥάν",,హారాను,Greek,New Testament
G5489,χάρτης,"γράφω",,వ్రాయు,Greek,New Testament
G5490,χάσμα,"χάσμα",,లోయ,Greek,New Testament
G5491,χεῖλος,"χάσμα",,లోయ,Greek,New Testament
G5492,χειμάζω,"χειμών",,శీతాకాలం,Greek,New Testament
G5493,χείμαῤῥος,"χειμών+ῥέω",,శీతాకాలం+ప్రవహించు,Greek,New Testament
G5494,χειμών,"χειμών",,శీతాకాలం,Greek,New Testament
G5495,χείρ,"χειμών+χάσμα",కీర్,చేయి,Greek,New Testament
G5496,χειραγωγέω,"χειμών+χάσμα+ἄγω",,అర్థం తెలియదు,Greek,New Testament
G5497,χειραγωγός,"χειμών+χάσμα+ἄγω",,అర్థం తెలియదు,Greek,New Testament
G5498,χειρόγραφον,"χειμών+χάσμα+γράφω",,అర్థం తెలియదు,Greek,New Testament
G5499,χειροποίητος,"χειμών+χάσμα+ποιέω",,అర్థం తెలియదు,Greek,New Testament
G5500,χειροτονέω,"χειμών+χάσμα",,అగాధం,Greek,New Testament
G5501,χείρων,"κακός",,చెడు,Greek,New Testament
G5502,χερουβίμ,"χερουβίμ",,కెరూబులు,Greek,New Testament
G5503,χήρα,"χάσμα",,అగాధం,Greek,New Testament
G5504,χθές,"χθές",,నిన్న,Greek,New Testament
G5505,χιλιάς,"χίλιοι",,వెయ్యి,Greek,New Testament
G5506,χιλίαρχος,"χίλιοι+ἄρχω",,సహస్రాధిపతి,Greek,New Testament
G5507,χίλιοι,"χίλιοι",,వెయ్యి,Greek,New Testament
G5508,Χίος,"Χίος",,ఖియోస్,Greek,New Testament
G5509,χιτών,"χιτών",,అంగీ,Greek,New Testament
G5510,χιών,"χάσμα+χάσμα+χειμών",,అర్థం తెలియదు,Greek,New Testament
G5511,χλαμύς,"χλαμύς",,పై వస్త్రం,Greek,New Testament
G5512,χλευάζω,"χάσμα",,అగాధం,Greek,New Testament
G5513,χλιαρός,"χλιαρός",,గోరువెచ్చని,Greek,New Testament
G5514,Χλόη,"Χλόη",,క్లోయె,Greek,New Testament
G5515,χλωρός,"Χλόη",,క్లోయె,Greek,New Testament
G5516,χξϛ,"στίγμα",,గుర్తు,Greek,New Testament
G5517,χοϊκός,"χειμών",,శీతాకాలం,Greek,New Testament
G5518,χοῖνιξ,"χοῖνιξ",,కొలత,Greek,New Testament
G5519,χοῖρος,"χοῖρος",,పంది,Greek,New Testament
G5520,χολάω,"Χλόη",,క్లోయె,Greek,New Testament
G5521,χολή,"Χλόη",,క్లోయె,Greek,New Testament
G5522,χόος,"χειμών",,శీతాకాలం,Greek,New Testament
G5523,Χοραζίν,"Χοραζίν",,కొరాజిన్,Greek,New Testament
G5524,χορηγέω,"χορός+ἄγω",,గుంపును నడిపించు,Greek,New Testament
G5525,χορός,"χορός",,సమూహం/నృత్య బృందం,Greek,New Testament
G5526,χορτάζω,"χόρτος",,గడ్డి,Greek,New Testament
G5527,χόρτασμα,"χόρτος",,గడ్డి,Greek,New Testament
G5528,χόρτος,"χόρτος",,గడ్డి,Greek,New Testament
G5529,Χουζᾶς,"Χουζᾶς",,కూజా,Greek,New Testament
G5530,χράομαι,"χειμών+χάσμα",,అర్ధం తెలియదు,Greek,New Testament
G5531,χράω,"χειμών+χάσμα",,అర్ధం తెలియదు,Greek,New Testament
G5532,χρεία,"χειμών+χάσμα+χειμών+χάσμα+χειμών+χάσμα",,అర్ధం తెలియదు,Greek,New Testament
G5533,χρεωφειλέτης,"χειμών+χάσμα+ὄφελος",,అర్ధం తెలియదు,Greek,New Testament
G5534,χρή,"χειμών+χάσμα+χειμών+χάσμα",,అర్ధం తెలియదు,Greek,New Testament
G5535,χρῄζω,"χειμών+χάσμα+χειμών+χάσμα+χειμών+χάσμα",,అర్ధం తెలియదు,Greek,New Testament
G5536,χρῆμα,"χρῆμα",,ఆస్తి,Greek,New Testament
G5537,χρηματίζω,"χρῆμα",,ఆస్తి,Greek,New Testament
G5538,χρηματισμός,"χρῆμα",,ఆస్తి,Greek,New Testament
G5539,χρήσιμος,"χειμών+χάσμα",,అర్ధం తెలియదు,Greek,New Testament
G5540,χρῆσις,"χειμών+χάσμα",,అర్ధం తెలియదు,Greek,New Testament
G5541,χρηστεύομαι,"χειμών+χάσμα",,అర్ధం తెలియదు,Greek,New Testament
G5542,χρηστολογία,"χειμών+χάσμα+λέγω",,అర్ధం తెలియదు,Greek,New Testament
G5543,χρηστός,"χειμών+χάσμα",,అర్ధం తెలియదు,Greek,New Testament
G5544,χρηστότης,"χειμών+χάσμα",,అర్ధం తెలియదు,Greek,New Testament
G5545,χρῖσμα,"χειμών+χάσμα",,అర్ధం తెలియదు,Greek,New Testament
G5546,Χριστιανός,"χειμών+χάσμα",,అర్ధం తెలియదు,Greek,New Testament
G5547,Χριστός,"χειμών+χάσμα",క్రిస్టొస్,క్రీస్తు,Greek,New Testament
G5548,χρίω,"χειμών+χάσμα",,అర్ధం తెలియదు,Greek,New Testament
G5549,χρονίζω,"χρόνος",,సమయం,Greek,New Testament
G5550,χρόνος,"χρόνος",క్రొనొస్,సమయం,Greek,New Testament
G5551,χρονοτριβέω,"χρόνος+θραύω+τρίζω+θραύω+τρίζω",,అర్ధం తెలియదు,Greek,New Testament
G5552,χρύσεος,"χειμών+χάσμα",,అర్ధం తెలియదు,Greek,New Testament
G5553,χρυσίον,"χειμών+χάσμα",,అర్ధం తెలియదు,Greek,New Testament
G5554,χρυσοδακτύλιος,"χειμών+χάσμα+δέκα",,అర్ధం తెలియదు,Greek,New Testament
G5555,χρυσόλιθος,"χειμών+χάσμα+λίθος",,అర్ధం తెలియదు,Greek,New Testament
G5556,χρυσόπρασος,"χειμών+χάσμα",,అర్ధం తెలియదు,Greek,New Testament
G5557,χρυσός,"χειμών+χάσμα",,అర్థం తెలియదు,Greek,New Testament
G5558,χρυσόω,"χειμών+χάσμα",,అర్థం తెలియదు,Greek,New Testament
G5559,χρώς,"χειμών+χάσμα",,అర్థం తెలియదు,Greek,New Testament
G5560,χωλός,"χωλός",,కుంటివాడు,Greek,New Testament
G5561,χώρα,"χάσμα",,అగాధం,Greek,New Testament
G5562,χωρέω,"χάσμα",,అగాధం,Greek,New Testament
G5563,χωρίζω,"χάσμα",,అగాధం,Greek,New Testament
G5564,χωρίον,"χάσμα",,అగాధం,Greek,New Testament
G5565,χωρίς,"χάσμα",,అగాధం,Greek,New Testament
G5566,χῶρος,"χῶρος",,స్థలము,Greek,New Testament
G5567,ψάλλω,"ψώχω",,రుద్దు,Greek,New Testament
G5568,ψαλμός,"ψώχω",,రుద్దు,Greek,New Testament
G5569,ψευδάδελφος,"ψεύδομαι+ἄν",,బహుశా అబద్ధం చెబుతున్నారు,Greek,New Testament
G5570,ψευδαπόστολος,"ψεύδομαι+ἀπό+ἵστημι",,అబద్ధం నుండి దూరంగా ఉండండి,Greek,New Testament
G5571,ψευδής,"ψεύδομαι",,అబద్ధమాడు,Greek,New Testament
G5572,ψευδοδιδάσκαλος,"ψεύδομαι+διδάσκω",,అబద్ధాన్ని బోధించు,Greek,New Testament
G5573,ψευδολόγος,"ψεύδομαι+λέγω",,అబద్ధం చెప్పు,Greek,New Testament
G5574,ψεύδομαι,"ψεύδομαι",,అబద్ధమాడు,Greek,New Testament
G5575,ψευδομάρτυρ,"ψεύδομαι+μάρτυς",,అబద్ధ సాక్షి,Greek,New Testament
G5576,ψευδομαρτυρέω,"ψεύδομαι+μάρτυς",,అబద్ధ సాక్షి,Greek,New Testament
G5577,ψευδομαρτυρία,"ψεύδομαι+μάρτυς",,అబద్ధ సాక్షి,Greek,New Testament
G5578,ψευδοπροφήτης,"ψεύδομαι+πρό+φημί",,అబద్ధ ప్రవచనం,Greek,New Testament
G5579,ψεῦδος,"ψεύδομαι",,అబద్ధమాడు,Greek,New Testament
G5580,ψευδόχριστος,"ψεύδομαι+χειμών+χάσμα",,అర్థం తెలియదు,Greek,New Testament
G5581,ψευδώνυμος,"ψεύδομαι+γινώσκω+ὀνίνημι",,అబద్ధంగా తెలుసుకోవడం లాభదాయకం,Greek,New Testament
G5582,ψεῦσμα,"ψεύδομαι",,అబద్ధమాడు,Greek,New Testament
G5583,ψεύστης,"ψεύδομαι",,అబద్ధమాడు,Greek,New Testament
G5584,ψηλαφάω,"ψώχω",,రుద్దు,Greek,New Testament
G5585,ψηφίζω,"ψώχω",,రుద్దు,Greek,New Testament
G5586,ψῆφος,"ψώχω",,రుద్దు,Greek,New Testament
G5587,ψιθυρισμός,"ψεύδομαι",,అబద్ధమాడు,Greek,New Testament
G5588,ψιθυριστής,"ψεύδομαι",,అబద్ధం చెప్పు,Greek,New Testament
G5589,ψιχίον,"ψώχω",,రుద్దు,Greek,New Testament
G5590,ψυχή,"ψύχω",ప్సూకే,ప్రాణం,Greek,New Testament
G5591,ψυχικός,"ψύχω",,చల్లబరుచు,Greek,New Testament
G5592,ψύχος,"ψύχω",,కృంగదీయు,Greek,New Testament
G5593,ψυχρός,"ψύχω",,చల్లగచేయు,Greek,New Testament
G5594,ψύχω,"ψύχω",,చల్లబారు,Greek,New Testament
G5595,ψωμίζω,"ψώχω",,రుద్దు,Greek,New Testament
G5596,ψωμίον,"ψώχω",,రుద్దు,Greek,New Testament
G5597,ψώχω,"ψώχω",,రుద్దు,Greek,New Testament
G5598,Ω,"Ω",,ఒమెగా,Greek,New Testament
G5599,ὦ,"ὦ",,ఓ,Greek,New Testament
G5600,ἦ,"εἰμί",,ఉన్నాను,Greek,New Testament
G5601,Ὠβήδ,"Ὠβήδ",,ఓబేదు,Greek,New Testament
G5602,ὧδε,"τό+δέ",,ఇది,Greek,New Testament
G5603,ᾠδή,"ᾄδω",,పాడు,Greek,New Testament
G5604,ὠδίν,"δῦμι",,ప్రవేశించు,Greek,New Testament
G5605,ὠδίνω,"δῦμι",,ధరించు,Greek,New Testament
G5606,ὦμος,"φέρω",,మోయు,Greek,New Testament
G5607,ὄν,"εἰμί",ఓన్,ఉన్న,Greek,New Testament
G5608,ὠνέομαι,"ὠνέομαι",,కొను,Greek,New Testament
G5609,ὠόν,"ὠόν",,గుడ్డు,Greek,New Testament
G5610,ὥρα,"ὥρα",,గంట,Greek,New Testament
G5611,ὡραῖος,"ὥρα",,సమయం,Greek,New Testament
G5612,ὠρύομαι,"ὠρύομαι",,అరచు,Greek,New Testament
G5613,ὡς,"τό",,అది,Greek,New Testament
G5614,ὡσαννά,"ὡσαννά",,హోసన్నా,Greek,New Testament
G5615,ὡσαύτως,"τό+ἀήρ",,గాలి,Greek,New Testament
G5616,ὡσεί,"τό+εἰ",,ఉంటే,Greek,New Testament
G5617,Ὡσηέ,"Ὡσηέ",,హోషేయ,Greek,New Testament
G5618,ὥσπερ,"τό+πέραν",,అవతలివైపు,Greek,New Testament
G5619,ὡσπερεί,"τό+πέραν+εἰ",,ఒడ్డున,Greek,New Testament
G5620,ὥστε,"τό+τέ",,అప్పుడు,Greek,New Testament
G5621,ὠτίον,"οὖς",,చెవి,Greek,New Testament
G5622,ὠφέλεια,"ὄφελος",,ప్రయోజనం,Greek,New Testament
G5623,ὠφελέω,"ὄφελος",,ప్రయోజనం,Greek,New Testament
G5624,ὠφέλιμος,"ὄφελος",,ప్రయోజనం,Greek,New Testament